Timestamp,Discharge_m3_s,Sediment_g_L,Sediment_tonne_day,Column1
08-06-1986 08:00,14,0.019,22.9824,FALSE
09-06-1986 08:00,8,0.0072,4.97664,FALSE
15-06-1986 08:00,152,0.02213,290.628864,FALSE
30-06-1986 08:00,151.5,0.0128,167.54688,FALSE
15-08-1986 08:00,118,0.0106,108.06912,FALSE
31-08-1986 08:00,11,0.0021,1.99584,FALSE
15-09-1986 08:00,4,0.0029,1.00224,FALSE
12-10-1986 08:00,32,0.0014,3.87072,FALSE
19-10-1986 08:00,52,0.0354,159.04512,FALSE
26-10-1986 08:00,49,0.034,143.9424,FALSE
01-11-1986 08:00,183,0.0263,415.83456,FALSE
02-11-1986 08:00,270,0.0365,851.472,FALSE
16-11-1986 08:00,60,0.0209,108.3456,FALSE
23-11-1986 08:00,18,0.0032,4.97664,FALSE
30-11-1986 08:00,6.5,0.0036,2.02176,FALSE
07-12-1986 08:00,5,0.0023,0.9936,FALSE
14-12-1986 08:00,4.6,0.0025,0.9936,FALSE
21-12-1986 08:00,2.9,0.004,1.00224,FALSE
25-12-1986 08:00,2.1,0.0055,0.99792,FALSE
28-12-1986 08:00,2,0.0058,1.00224,FALSE
04-01-1987 08:00,1.2,0.0022,0.228096,FALSE
11-01-1987 08:00,1.1,0,0,TRUE
18-01-1987 08:00,0.6,0.0034,0.176256,FALSE
25-01-1987 08:00,0.2,0,0,TRUE
26-01-1987 08:00,0.2,0,0,TRUE
03-05-1987 08:00,6.5,0.0214,12.01824,FALSE
10-05-1987 08:00,0.8,0.0145,1.00224,FALSE
13-05-1987 08:00,0.6,0.0193,1.000512,FALSE
17-05-1987 08:00,3,0.0154,3.99168,FALSE
24-05-1987 08:00,22.8,0.0315,62.05248,FALSE
29-05-1987 08:00,14.1,0.0106,12.913344,FALSE
30-05-1987 08:00,26,0.021,47.1744,FALSE
31-05-1987 08:00,39,0.035,117.936,FALSE
07-06-1987 08:00,61.5,0.0164,87.14304,FALSE
21-06-1987 08:00,58,0.009,45.1008,FALSE
05-07-1987 08:00,48,0.004,16.5888,FALSE
12-07-1987 08:00,61.5,0.007,37.1952,FALSE
19-07-1987 08:00,23.5,0.005,10.152,FALSE
26-07-1987 08:00,17,0.003,4.4064,FALSE
02-08-1987 08:00,8.5,0.005,3.672,FALSE
06-08-1987 08:00,21.2,0.005,9.1584,FALSE
09-08-1987 08:00,13.5,0.002,2.3328,FALSE
15-08-1987 08:00,17.3,0.004,5.97888,FALSE
16-08-1987 08:00,18.5,0.004,6.3936,FALSE
23-08-1987 08:00,99,0.016,136.8576,FALSE
30-08-1987 08:00,130,0.026,292.032,FALSE
05-09-1987 08:00,42.5,0.014,51.408,FALSE
06-09-1987 08:00,29.5,0.009,22.9392,FALSE
13-09-1987 08:00,10.5,0.002,1.8144,FALSE
20-09-1987 08:00,103,0.016,142.3872,FALSE
27-09-1987 08:00,98,0.0161,136.32192,FALSE
02-10-1987 08:00,37.5,0.008,25.92,FALSE
04-10-1987 08:00,32.5,0.007,19.656,FALSE
11-10-1987 08:00,73.5,0.018,114.3072,FALSE
18-10-1987 08:00,75,0.016,103.68,FALSE
22-10-1987 08:00,70,0.015,90.72,FALSE
25-10-1987 08:00,56.2,0.02,97.1136,FALSE
01-11-1987 08:00,268.5,0.1546,3586.47264,FALSE
05-11-1987 08:00,48.5,0.016,67.0464,FALSE
08-11-1987 08:00,120.5,0.118,1228.5216,FALSE
15-11-1987 08:00,29.5,0.008,20.3904,FALSE
29-11-1987 08:00,52,0.012,53.9136,FALSE
06-12-1987 08:00,36.75,0.021,66.6792,FALSE
13-12-1987 08:00,53,0.107,489.9744,FALSE
20-12-1987 08:00,43.5,0.022,82.6848,FALSE
26-12-1987 08:00,16.3,0.005,7.0416,FALSE
27-12-1987 08:00,14,0.003,3.6288,FALSE
03-01-1988 08:00,6.75,0.0013,0.75816,FALSE
10-01-1988 08:00,4.25,0.0042,1.54224,FALSE
17-01-1988 08:00,2.5,0.004,0.864,FALSE
22-01-1988 08:00,1.5,0.002,0.2592,FALSE
24-01-1988 08:00,1.25,0.004,0.432,FALSE
31-01-1988 08:00,0.75,0.006,0.3888,FALSE
21-02-1988 08:00,0.3,0.004,0.10368,FALSE
28-02-1988 08:00,1.15,0.005,0.4968,FALSE
06-03-1988 08:00,9.25,0.004,3.1968,FALSE
13-03-1988 08:00,1.2,0.004,0.41472,FALSE
20-03-1988 08:00,7.25,0.005,3.132,FALSE
27-03-1988 08:00,3.5,0.005,1.512,FALSE
31-03-1988 08:00,1.5,0.004,0.5184,FALSE
01-04-1988 08:00,1.25,0.003,0.324,FALSE
03-04-1988 08:00,0.8,0.002,0.13824,FALSE
10-04-1988 08:00,1.15,0.004,0.39744,FALSE
14-04-1988 08:00,4.75,0.008,3.2832,FALSE
17-04-1988 08:00,28.75,0.03,74.52,FALSE
24-04-1988 08:00,12.75,0.019,20.9304,FALSE
01-05-1988 08:00,14.75,0.007,8.9208,FALSE
08-05-1988 08:00,12.25,0.011,11.6424,FALSE
15-05-1988 08:00,4.5,0.006,2.3328,FALSE
18-05-1988 08:00,4,0.005,1.728,FALSE
22-05-1988 08:00,2.25,0.003,0.5832,FALSE
29-05-1988 08:00,11,0.007,6.6528,FALSE
05-06-1988 08:00,49.5,0.025,106.92,FALSE
12-06-1988 08:00,176.5,0.053,808.2288,FALSE
19-06-1988 08:00,33.2,0.008,22.94784,FALSE
26-06-1988 08:00,78.5,0.099,671.4576,FALSE
03-07-1988 08:00,224,0.026,503.1936,FALSE
10-07-1988 08:00,116,0.026,260.5824,FALSE
17-07-1988 08:00,90.5,0.014,109.4688,FALSE
22-07-1988 08:00,251.6,0.075,1630.368,FALSE
24-07-1988 08:00,201,0.02,347.328,FALSE
25-07-1988 08:00,138.5,0.016,191.4624,FALSE
31-07-1988 08:00,43.5,0.007,26.3088,FALSE
07-08-1988 08:00,174.5,0.0264,398.02752,FALSE
14-08-1988 08:00,52,0.005,22.464,FALSE
15-08-1988 08:00,64.5,0.013,72.4464,FALSE
21-08-1988 08:00,111,0.015,143.856,FALSE
24-08-1988 08:00,246,0.0484,1028.71296,FALSE
26-08-1988 08:00,137,0.017,201.2256,FALSE
28-08-1988 08:00,85,0.018,132.192,FALSE
04-09-1988 08:00,288,0.07747944,1927.936401,FALSE
11-09-1988 08:00,106.5,0.028,257.6448,FALSE
18-09-1988 08:00,156,0.0426,574.17984,FALSE
25-09-1988 08:00,109,0.015,141.264,FALSE
02-10-1988 08:00,37,0.0087,27.81216,FALSE
09-10-1988 08:00,20,0.005,8.64,FALSE
16-10-1988 08:00,13.5,0.002,2.3328,FALSE
20-10-1988 08:00,42,0.012,43.5456,FALSE
23-10-1988 08:00,18.6,0.005,8.0352,FALSE
30-10-1988 08:00,28.5,0.01,24.624,FALSE
06-11-1988 08:00,50.2,0.021,91.08288,FALSE
08-11-1988 08:00,47,0.022,89.3376,FALSE
13-11-1988 08:00,71,0.02,122.688,FALSE
14-11-1988 08:00,104,0.031,278.5536,FALSE
20-11-1988 08:00,38,0.008,26.2656,FALSE
27-11-1988 08:00,18.6,0.0033,5.303232,FALSE
04-12-1988 08:00,9.75,0.001,0.8424,FALSE
11-12-1988 08:00,7.25,0.002,1.2528,FALSE
18-12-1988 08:00,7.125,0.003,1.8468,FALSE
25-12-1988 08:00,3.5,0.0027,0.81648,FALSE
01-01-1989 08:00,2.125,0.005,0.918,FALSE
08-01-1989 08:00,1.35,0.003,0.34992,FALSE
15-01-1989 08:00,0.975,0.007,0.58968,FALSE
22-01-1989 08:00,0.42,0.005,0.18144,FALSE
26-01-1989 08:00,0.5,0.003,0.1296,FALSE
29-01-1989 08:00,1,0.005,0.432,FALSE
05-02-1989 08:00,0.125,0.001,0.0108,FALSE
19-03-1989 08:00,0.125,0.009,0.0972,FALSE
22-04-1989 08:00,29,0.0392,98.21952,FALSE
23-04-1989 08:00,15.5,0.0232,31.06944,FALSE
30-04-1989 08:00,20.75,0.0164,29.40192,FALSE
07-05-1989 08:00,14.25,0.008,9.8496,FALSE
08-05-1989 08:00,10.25,0.009,7.9704,FALSE
14-05-1989 08:00,6.75,0.007,4.0824,FALSE
20-05-1989 08:00,2.75,0.004,0.9504,FALSE
21-05-1989 08:00,8,0.007,4.8384,FALSE
28-05-1989 08:00,26.5,0.006,13.7376,FALSE
04-06-1989 08:00,124.5,0.02296,246.976128,FALSE
11-06-1989 08:00,116,0.02,200.448,FALSE
12-06-1989 08:00,160,0.025,345.6,FALSE
18-06-1989 08:00,156,0.019,256.0896,FALSE
25-06-1989 08:00,268,0.023,532.5696,FALSE
02-07-1989 08:00,70,0.011,66.528,FALSE
09-07-1989 08:00,60,0.014,72.576,FALSE
14-07-1989 08:00,99,0.017,145.4112,FALSE
16-07-1989 08:00,67,0.01,57.888,FALSE
30-07-1989 08:00,135,0.013,151.632,FALSE
31-07-1989 08:00,90,0.014,108.864,FALSE
06-08-1989 08:00,86,0.012,89.1648,FALSE
13-08-1989 08:00,126.5,0.022,240.4512,FALSE
15-08-1989 08:00,85,0.007,51.408,FALSE
20-08-1989 08:00,229,0.0255,504.5328,FALSE
27-08-1989 08:00,37,0.005,15.984,FALSE
03-09-1989 08:00,37,0.006,19.1808,FALSE
10-09-1989 08:00,20,0.001,1.728,FALSE
12-09-1989 08:00,20,0.008,13.824,FALSE
17-09-1989 08:00,55,0.015,71.28,FALSE
24-09-1989 08:00,177,0.031,474.0768,FALSE
01-10-1989 08:00,53,0.008,36.6336,FALSE
02-10-1989 08:00,42.5,0.006,22.032,FALSE
07-10-1989 08:00,30.5,0.008,21.0816,FALSE
08-10-1989 08:00,47,0.007,28.4256,FALSE
09-10-1989 08:00,129,0.015,167.184,FALSE
10-10-1989 08:00,237.5,0.035,718.2,FALSE
15-10-1989 08:00,270,0.0618145,1442.008656,FALSE
22-10-1989 08:00,205,0.224,3967.488,FALSE
26-10-1989 08:00,248,0.034,728.5248,FALSE
28-10-1989 08:00,115,0.033,327.888,FALSE
29-10-1989 08:00,111,0.024,230.1696,FALSE
05-11-1989 08:00,160,0.06586,910.44864,FALSE
12-11-1989 08:00,28.5,0.007,17.2368,FALSE
13-11-1989 08:00,71,0.03,184.032,FALSE
14-11-1989 08:00,47.5,0.015,61.56,FALSE
19-11-1989 08:00,70,0.03,181.44,FALSE
22-11-1989 08:00,72,0.031,192.8448,FALSE
26-11-1989 08:00,25,0.005,10.8,FALSE
03-12-1989 08:00,26.6,0.0028,6.435072,FALSE
10-12-1989 08:00,6.4,0.002,1.10592,FALSE
17-12-1989 08:00,3.7,0.001,0.31968,FALSE
23-12-1989 08:00,2.5,0.002,0.432,FALSE
24-12-1989 08:00,2.4,0.002,0.41472,FALSE
25-12-1989 08:00,2.3,0.002,0.39744,FALSE
26-12-1989 08:00,2.2,0.002,0.38016,FALSE
27-12-1989 08:00,2,0.003,0.5184,FALSE
31-12-1989 08:00,4.1,0.005,1.7712,FALSE
07-01-1990 08:00,1.6,0.004,0.55296,FALSE
14-01-1990 08:00,1.4,0.004,0.48384,FALSE
21-01-1990 08:00,0.7,0.002,0.12096,FALSE
25-01-1990 08:00,0.6,0.001,0.05184,FALSE
26-01-1990 08:00,0.65,0.001,0.05616,FALSE
27-01-1990 08:00,0.6,0.001,0.05184,FALSE
28-01-1990 08:00,0.6,0.001,0.05184,FALSE
04-02-1990 08:00,0.3,0.001,0.02592,FALSE
01-04-1990 08:00,0.2,0.001,0.01728,FALSE
12-05-1990 08:00,1.8,0.005,0.7776,FALSE
13-05-1990 08:00,4.6,0.007,2.78208,FALSE
20-05-1990 08:00,48.7,0.019,79.94592,FALSE
26-05-1990 08:00,46.2,0.013,51.89184,FALSE
27-05-1990 08:00,39.8,0.011,37.82592,FALSE
01-06-1990 08:00,104,0.034,305.5104,FALSE
03-06-1990 08:00,70,0.013,78.624,FALSE
09-06-1990 08:00,149,0.064,823.9104,FALSE
10-06-1990 08:00,120,0.022,228.096,FALSE
11-06-1990 08:00,86,0.005,37.152,FALSE
17-06-1990 08:00,180,0.033,513.216,FALSE
24-06-1990 08:00,149,0.023,296.0928,FALSE
29-06-1990 08:00,122,0.013,137.0304,FALSE
01-07-1990 08:00,71,0.013,79.7472,FALSE
04-07-1990 08:00,272,0.052,1222.0416,FALSE
08-07-1990 08:00,327,0.033,932.3424,FALSE
14-07-1990 08:00,112,0.007,67.7376,FALSE
15-07-1990 08:00,91,0.008,62.8992,FALSE
22-07-1990 08:00,74,0.006,38.3616,FALSE
29-07-1990 08:00,44,0.004,15.2064,FALSE
01-08-1990 08:00,79,0.014,95.5584,FALSE
02-08-1990 08:00,114,0.011,108.3456,FALSE
05-08-1990 08:00,82,0.007,49.5936,FALSE
11-08-1990 08:00,187,0.00662864,107.0976027,FALSE
12-08-1990 08:00,150,0.007,90.72,FALSE
13-08-1990 08:00,112,0.008,77.4144,FALSE
15-08-1990 08:00,100,0.008,69.12,FALSE
19-08-1990 08:00,59,0.004411488,22.48800123,FALSE
26-08-1990 08:00,20,0.003,5.184,FALSE
02-09-1990 08:00,10,0.002,1.728,FALSE
04-09-1990 08:00,9,0.001,0.7776,FALSE
05-09-1990 08:00,13,0.002,2.2464,FALSE
06-09-1990 08:00,17,0.003,4.4064,FALSE
08-09-1990 08:00,12,0.002,2.0736,FALSE
09-09-1990 08:00,17,0.003,4.4064,FALSE
16-09-1990 08:00,8,0.0028,1.93536,FALSE
23-09-1990 08:00,6,0.001,0.5184,FALSE
28-09-1990 08:00,5.5,0.004,1.9008,FALSE
29-09-1990 08:00,5,0.004,1.728,FALSE
30-09-1990 08:00,5,0.004,1.728,FALSE
02-10-1990 08:00,3,0.002,0.5184,FALSE
03-10-1990 08:00,5,0.002,0.864,FALSE
07-10-1990 08:00,3,0.004,1.0368,FALSE
13-10-1990 08:00,8,0.001,0.6912,FALSE
14-10-1990 08:00,8.5,0.001,0.7344,FALSE
17-10-1990 08:00,32,0.02,55.296,FALSE
21-10-1990 08:00,89.5,0.029,224.2512,FALSE
24-10-1990 08:00,199,0.1946,3345.87456,FALSE
25-10-1990 08:00,163,0.0317,446.43744,FALSE
28-10-1990 08:00,277,0.0487,1165.52736,FALSE
02-11-1990 08:00,235,0.0417,846.6768,FALSE
04-11-1990 08:00,390,0.0316,1064.7936,FALSE
10-11-1990 08:00,36,0.006,18.6624,FALSE
11-11-1990 08:00,29.5,0.005,12.744,FALSE
18-11-1990 08:00,38,0.006,19.6992,FALSE
25-11-1990 08:00,32,0.005,13.824,FALSE
26-11-1990 08:00,29.5,0.005,12.744,FALSE
02-12-1990 08:00,13,0.0034,3.81888,FALSE
06-12-1990 08:00,9.4,0.0036,2.923776,FALSE
08-12-1990 08:00,7.25,0.001,0.6264,FALSE
09-12-1990 08:00,6.65,0.002,1.14912,FALSE
16-12-1990 08:00,3.8,0.002,0.65664,FALSE
23-12-1990 08:00,3.3,0.002,0.57024,FALSE
24-12-1990 08:00,3.2,0.003,0.82944,FALSE
25-12-1990 08:00,3.2,0.003,0.82944,FALSE
30-12-1990 08:00,2.3,0.004,0.79488,FALSE
31-12-1990 08:00,2.35,0.004,0.81216,FALSE
06-01-1991 08:00,2.65,0.004,0.91584,FALSE
12-01-1991 08:00,1.55,0.003,0.40176,FALSE
13-01-1991 08:00,1.35,0.002,0.23328,FALSE
20-01-1991 08:00,0.95,0.003,0.24624,FALSE
26-01-1991 08:00,0.65,0.008,0.44928,FALSE
27-01-1991 08:00,0.55,0.004,0.19008,FALSE
09-03-1991 08:00,2.45,0.003,0.63504,FALSE
10-03-1991 08:00,3.05,0.004,1.05408,FALSE
17-03-1991 08:00,0.4,0.013,0.44928,FALSE
12-04-1991 08:00,3.2,0.018,4.97664,FALSE
13-04-1991 08:00,4.1,0.019,6.73056,FALSE
14-04-1991 08:00,3.9,0.0181,6.098976,FALSE
15-04-1991 08:00,3.9,0.0181,6.098976,FALSE
16-04-1991 08:00,6.75,0.009,5.2488,FALSE
17-04-1991 08:00,4.3,0.0088,3.269376,FALSE
18-04-1991 08:00,2.9,0.006,1.50336,FALSE
19-04-1991 08:00,2.3,0.005,0.9936,FALSE
20-04-1991 08:00,2.1,0.005,0.9072,FALSE
21-04-1991 08:00,1.65,0.004,0.57024,FALSE
22-04-1991 08:00,3.4,0.012,3.52512,FALSE
25-04-1991 08:00,2.3,0.008,1.58976,FALSE
26-04-1991 08:00,1.95,0.007,1.17936,FALSE
28-04-1991 08:00,1.3,0.006,0.67392,FALSE
29-04-1991 08:00,1,0.005,0.432,FALSE
30-04-1991 08:00,0.85,0.004,0.29376,FALSE
03-05-1991 08:00,1.45,0.006,0.75168,FALSE
04-05-1991 08:00,1.55,0.006,0.80352,FALSE
05-05-1991 08:00,1.65,0.007,0.99792,FALSE
06-05-1991 08:00,1.45,0.005,0.6264,FALSE
07-05-1991 08:00,1.45,0.005,0.6264,FALSE
08-05-1991 08:00,1.35,0.005,0.5832,FALSE
09-05-1991 08:00,1.25,0.005,0.54,FALSE
10-05-1991 08:00,0.95,0.004,0.32832,FALSE
11-05-1991 08:00,0.75,0.003,0.1944,FALSE
12-05-1991 08:00,0.95,0.004,0.32832,FALSE
13-05-1991 08:00,1.2,0.006,0.62208,FALSE
14-05-1991 08:00,1.65,0.007,0.99792,FALSE
15-05-1991 08:00,1.75,0.003,0.4536,FALSE
16-05-1991 08:00,2.55,0.006,1.32192,FALSE
17-05-1991 08:00,2.8,0.004,0.96768,FALSE
18-05-1991 08:00,3.4,0.005,1.4688,FALSE
19-05-1991 08:00,4.9,0.008,3.38688,FALSE
20-05-1991 08:00,3.2,0.009,2.48832,FALSE
21-05-1991 08:00,2.55,0.008,1.76256,FALSE
22-05-1991 08:00,2.3,0.006,1.19232,FALSE
23-05-1991 08:00,2,0.003,0.5184,FALSE
24-05-1991 08:00,2.8,0.009,2.17728,FALSE
25-05-1991 08:00,2.55,0.004,0.88128,FALSE
26-05-1991 08:00,2.9,0.0095,2.38032,FALSE
27-05-1991 08:00,2.8,0.009,2.17728,FALSE
28-05-1991 08:00,3.5,0.007,2.1168,FALSE
29-05-1991 08:00,3.5,0.007,2.1168,FALSE
30-05-1991 08:00,6.75,0.0067,3.90744,FALSE
31-05-1991 08:00,6.2,0.005,2.6784,FALSE
01-06-1991 08:00,8.709,0.004,3.0098304,FALSE
02-06-1991 08:00,28.87,0.014,34.921152,FALSE
03-06-1991 08:00,209.3,0.549,9927.85248,FALSE
04-06-1991 08:00,205.6,0.09,1598.7456,FALSE
05-06-1991 08:00,304.5,0.06,1578.528,FALSE
06-06-1991 08:00,450.5,0.0437,1700.94384,FALSE
07-06-1991 08:00,559.4,0.04,1933.2864,FALSE
08-06-1991 08:00,603.4,0.0418,2179.191168,FALSE
09-06-1991 08:00,639.7,0.0458,2531.369664,FALSE
10-06-1991 08:00,458.9,0.021,832.62816,FALSE
11-06-1991 08:00,280.1,0.015,363.0096,FALSE
12-06-1991 08:00,251.2,0.021,455.77728,FALSE
13-06-1991 08:00,311.2,0.026,699.07968,FALSE
14-06-1991 08:00,223.2,0.015,289.2672,FALSE
15-06-1991 08:00,140.7,0.014983,182.1405398,FALSE
16-06-1991 08:00,105.8,0.017,155.39904,FALSE
17-06-1991 08:00,142,0.02,245.376,FALSE
18-06-1991 08:00,170,0.03,440.64,FALSE
19-06-1991 08:00,241,0.035,728.784,FALSE
20-06-1991 08:00,209.4,0.014,253.29024,FALSE
21-06-1991 08:00,147.5,0.015,191.16,FALSE
22-06-1991 08:00,142.6,0.048,591.39072,FALSE
23-06-1991 08:00,117.3,0.043,435.79296,FALSE
24-06-1991 08:00,132.4,0.038,434.69568,FALSE
25-06-1991 08:00,240.1,0.063,1306.91232,FALSE
26-06-1991 08:00,213.5,0.019,350.4816,FALSE
27-06-1991 08:00,207.4,0.032,573.41952,FALSE
28-06-1991 08:00,229.1,0.035,692.7984,FALSE
29-06-1991 08:00,253.3,0.024,525.24288,FALSE
30-06-1991 08:00,197.9,0.019,324.87264,FALSE
01-07-1991 08:00,282.9,0.016,391.08096,FALSE
02-07-1991 08:00,220.6,0.012,228.71808,FALSE
03-07-1991 08:00,137.1,0.008,94.76352,FALSE
04-07-1991 08:00,92.79,0.003,24.051168,FALSE
05-07-1991 08:00,69.85,0.006,36.21024,FALSE
06-07-1991 08:00,54.96,0.005,23.74272,FALSE
07-07-1991 08:00,58.92,0.005,25.45344,FALSE
08-07-1991 08:00,146.3,0.053,669.93696,FALSE
09-07-1991 08:00,202.4,0.026,454.67136,FALSE
10-07-1991 08:00,196.2,0.027,457.69536,FALSE
11-07-1991 08:00,208.3,0.031,557.91072,FALSE
12-07-1991 08:00,277.7,0.037,887.75136,FALSE
13-07-1991 08:00,200.7,0.027,468.19296,FALSE
14-07-1991 08:00,135.8,0.018,211.19616,FALSE
15-07-1991 08:00,103.6,0.003,26.85312,FALSE
16-07-1991 08:00,78.01,0.004,26.960256,FALSE
17-07-1991 08:00,62.84,0.002,10.858752,FALSE
18-07-1991 08:00,53.56,0.014,64.786176,FALSE
19-07-1991 08:00,79.81,0.014,96.538176,FALSE
20-07-1991 08:00,89.24,0.017,131.075712,FALSE
21-07-1991 08:00,80.71,0.012,83.680128,FALSE
22-07-1991 08:00,65.76,0.009,51.134976,FALSE
23-07-1991 08:00,63.52,0.006,32.928768,FALSE
24-07-1991 08:00,59.66,0.003,15.463872,FALSE
25-07-1991 08:00,54.51,0.007,32.967648,FALSE
26-07-1991 08:00,120.5,0.024,249.8688,FALSE
27-07-1991 08:00,299.2,0.0257,664.367616,FALSE
28-07-1991 08:00,324.6,0.046,1290.09024,FALSE
29-07-1991 08:00,338.4,0.0648,1894.606848,FALSE
30-07-1991 08:00,263.1,0.021,477.36864,FALSE
31-07-1991 08:00,332.6,0.015756,452.7744998,FALSE
01-08-1991 08:00,508.8,0.020544864,903.1587958,FALSE
02-08-1991 08:00,356.4,0.01474,453.8882304,FALSE
03-08-1991 08:00,185.9,0.0148132,237.9260632,FALSE
04-08-1991 08:00,117.5,0.012,121.824,FALSE
05-08-1991 08:00,82.52,0.01,71.29728,FALSE
06-08-1991 08:00,64.19,0.007,38.822112,FALSE
07-08-1991 08:00,53.41,0.005,23.07312,FALSE
08-08-1991 08:00,45.72,0.005,19.75104,FALSE
09-08-1991 08:00,41.92,0.003,10.865664,FALSE
10-08-1991 08:00,38.27,0.003,9.919584,FALSE
11-08-1991 08:00,34.13,0.004,11.795328,FALSE
12-08-1991 08:00,33.02,0.007,19.970496,FALSE
13-08-1991 08:00,52.08,0.029,130.491648,FALSE
14-08-1991 08:00,78.38,0.02,135.44064,FALSE
15-08-1991 08:00,67.84,0.013,76.197888,FALSE
16-08-1991 08:00,65.5,0.007,39.6144,FALSE
17-08-1991 08:00,126.8,0.032,350.57664,FALSE
18-08-1991 08:00,325.4,0.022,618.52032,FALSE
19-08-1991 08:00,258.3,0.018,401.70816,FALSE
20-08-1991 08:00,160.3,0.01,138.4992,FALSE
21-08-1991 08:00,105,0.003,27.216,FALSE
22-08-1991 08:00,81.58,0.001,7.048512,FALSE
23-08-1991 08:00,76.5,0.002,13.2192,FALSE
24-08-1991 08:00,74.36,0.002,12.849408,FALSE
25-08-1991 08:00,70.88,0.003,18.372096,FALSE
26-08-1991 08:00,65.46,0.003,16.967232,FALSE
27-08-1991 08:00,60.47,0.003,15.673824,FALSE
28-08-1991 08:00,53.79,0.003,13.942368,FALSE
29-08-1991 08:00,63.74,0.006,33.042816,FALSE
30-08-1991 08:00,62.71,0.007,37.927008,FALSE
31-08-1991 08:00,55.22,0.006,28.626048,FALSE
01-09-1991 08:00,47.45,0.0047561,19.49848805,FALSE
02-09-1991 08:00,40.37,0.0037,12.9054816,FALSE
03-09-1991 08:00,35.24,0.0036,10.9610496,FALSE
04-09-1991 08:00,31.33,0.0047,12.7224864,FALSE
05-09-1991 08:00,28,0.004,9.6768,FALSE
06-09-1991 08:00,25.34,0.001,2.189376,FALSE
07-09-1991 08:00,23.01,0.001,1.988064,FALSE
08-09-1991 08:00,20.48,0.001,1.769472,FALSE
09-09-1991 08:00,18.16,0.001,1.569024,FALSE
10-09-1991 08:00,15.27,0.002,2.638656,FALSE
11-09-1991 08:00,13.85,0.003,3.58992,FALSE
12-09-1991 08:00,12.77,0.002,2.206656,FALSE
13-09-1991 08:00,11.89,0.007,7.191072,FALSE
14-09-1991 08:00,10.83,0.006,5.614272,FALSE
15-09-1991 08:00,10.42,0.006,5.401728,FALSE
16-09-1991 08:00,11.61,0.005,5.01552,FALSE
17-09-1991 08:00,11.36,0.005,4.90752,FALSE
18-09-1991 08:00,9.396,0.001,0.8118144,FALSE
19-09-1991 08:00,8.153,0.002,1.4088384,FALSE
20-09-1991 08:00,8.068,0.003,2.0912256,FALSE
21-09-1991 08:00,6.32,0.002,1.092096,FALSE
22-09-1991 08:00,5.745,0.002,0.992736,FALSE
23-09-1991 08:00,5.346,0.003,1.3856832,FALSE
24-09-1991 08:00,5.123,0.003,1.3278816,FALSE
25-09-1991 08:00,5.036,0.002,0.8702208,FALSE
26-09-1991 08:00,4.418,0.001,0.3817152,FALSE
27-09-1991 08:00,4.101,0.004,1.4173056,FALSE
28-09-1991 08:00,5.621,0.002,0.9713088,FALSE
29-09-1991 08:00,9.529,0.002,1.6466112,FALSE
30-09-1991 08:00,7.586,0.002,1.3108608,FALSE
01-10-1991 08:00,6.049,0.005,2.613168,FALSE
02-10-1991 08:00,7.837,0.0072,4.87524096,FALSE
03-10-1991 08:00,34.7,0.011,32.97888,FALSE
04-10-1991 08:00,68.45,0.1063,628.666704,FALSE
05-10-1991 08:00,45.94,0.016,63.507456,FALSE
06-10-1991 08:00,44.87,0.0123,47.6842464,FALSE
07-10-1991 08:00,28.01,0.0072,17.4244608,FALSE
08-10-1991 08:00,30.99,0.0054,14.4586944,FALSE
09-10-1991 08:00,29.79,0.005,12.86928,FALSE
10-10-1991 08:00,24.52,0.004,8.474112,FALSE
11-10-1991 08:00,20.44,0.002,3.532032,FALSE
12-10-1991 08:00,20.9,0.002,3.61152,FALSE
13-10-1991 08:00,37,0.004,12.7872,FALSE
14-10-1991 08:00,23.14,0.003,5.997888,FALSE
15-10-1991 08:00,81.7,0.0402,283.766976,FALSE
16-10-1991 08:00,71.28,0.024,147.806208,FALSE
17-10-1991 08:00,100.8,0.0944,822.140928,FALSE
18-10-1991 08:00,89.4,0.011,84.96576,FALSE
19-10-1991 08:00,67.83,0.007,41.023584,FALSE
20-10-1991 08:00,49.13,0.0073,30.9872736,FALSE
21-10-1991 08:00,39.62,0.006,20.539008,FALSE
22-10-1991 08:00,82.17,0.0553,392.6016864,FALSE
23-10-1991 08:00,93.42,0.0334,269.5876992,FALSE
24-10-1991 08:00,117.9,0.0413,420.704928,FALSE
25-10-1991 08:00,121.5,0.0362,380.01312,FALSE
26-10-1991 08:00,108,0.0211,196.88832,FALSE
27-10-1991 08:00,87.13,0.0164,123.4597248,FALSE
28-10-1991 08:00,96.77,0.0133,111.2003424,FALSE
29-10-1991 08:00,227,0.1384,2714.41152,FALSE
30-10-1991 08:00,266.5,0.067515366,1554.581811,FALSE
31-10-1991 08:00,168,0.0153,222.08256,FALSE
01-11-1991 08:00,128.3,0.01,110.8512,FALSE
02-11-1991 08:00,90.59,0.01,78.26976,FALSE
03-11-1991 08:00,64.7,0.009,50.31072,FALSE
04-11-1991 08:00,50.06,0.008,34.601472,FALSE
05-11-1991 08:00,50.25,0.009,39.0744,FALSE
06-11-1991 08:00,62.11,0.045,241.48368,FALSE
07-11-1991 08:00,87.29,0.047,354.467232,FALSE
08-11-1991 08:00,81.25,0.027,189.54,FALSE
09-11-1991 08:00,109.7,0.035,331.7328,FALSE
10-11-1991 08:00,243.8,0.078095,1645.01807,FALSE
11-11-1991 08:00,100.9,0.015,130.7664,FALSE
12-11-1991 08:00,73.54,0.008,50.830848,FALSE
13-11-1991 08:00,56.21,0.005,24.28272,FALSE
14-11-1991 08:00,60.09,0.022,114.219072,FALSE
15-11-1991 08:00,46.68,0.005,20.16576,FALSE
16-11-1991 08:00,42.44,0.005,18.33408,FALSE
17-11-1991 08:00,35.67,0.016,49.310208,FALSE
18-11-1991 08:00,49.9,0.028,120.71808,FALSE
19-11-1991 08:00,39.5,0.009,30.7152,FALSE
20-11-1991 08:00,32.98,0.005,14.24736,FALSE
21-11-1991 08:00,27.68,0.004,9.566208,FALSE
22-11-1991 08:00,23.63,0.004,8.166528,FALSE
23-11-1991 08:00,19.39,0.003,5.025888,FALSE
24-11-1991 08:00,17.27,0.002,2.984256,FALSE
25-11-1991 08:00,14.63,0.001,1.264032,FALSE
26-11-1991 08:00,12.52,0.001,1.081728,FALSE
27-11-1991 08:00,11,0.001,0.9504,FALSE
28-11-1991 08:00,10.03,0.001,0.866592,FALSE
29-11-1991 08:00,8.918,0.001,0.7705152,FALSE
30-11-1991 08:00,7.506,0.001,0.6485184,FALSE
01-12-1991 08:00,9.474,0.002,1.6371072,FALSE
02-12-1991 08:00,8.897,0.001,0.7687008,FALSE
03-12-1991 08:00,8.117,0.001,0.7013088,FALSE
04-12-1991 08:00,7.532,0.001,0.6507648,FALSE
05-12-1991 08:00,6.865,0.001,0.593136,FALSE
06-12-1991 08:00,6.232,0.001,0.5384448,FALSE
07-12-1991 08:00,5.765,0.001,0.498096,FALSE
08-12-1991 08:00,5.494,0.001,0.4746816,FALSE
09-12-1991 08:00,5.101,0.001,0.4407264,FALSE
10-12-1991 08:00,4.641,0.001,0.4009824,FALSE
11-12-1991 08:00,4.241,0.001,0.3664224,FALSE
12-12-1991 08:00,3.974,0.001,0.3433536,FALSE
13-12-1991 08:00,3.751,0.001,0.3240864,FALSE
14-12-1991 08:00,3.5,0.001,0.3024,FALSE
15-12-1991 08:00,3.327,0.001,0.2874528,FALSE
16-12-1991 08:00,2.93,0.001,0.253152,FALSE
17-12-1991 08:00,2.711,0.0016,0.37476864,FALSE
18-12-1991 08:00,2.386,0.001,0.2061504,FALSE
19-12-1991 08:00,2.302,0.0015,0.2983392,FALSE
20-12-1991 08:00,5.862,0.0017,0.86101056,FALSE
21-12-1991 08:00,5.411,0.0016,0.74801664,FALSE
22-12-1991 08:00,3.715,0.0018,0.5777568,FALSE
23-12-1991 08:00,3.06,0.0027,0.7138368,FALSE
24-12-1991 08:00,2.502,0.0025,0.540432,FALSE
25-12-1991 08:00,2.357,0.002,0.4072896,FALSE
26-12-1991 08:00,2.246,0.001,0.1940544,FALSE
27-12-1991 08:00,1.783,0.001,0.1540512,FALSE
28-12-1991 08:00,1.344,0.001,0.1161216,FALSE
29-12-1991 08:00,1.985,0.001,0.171504,FALSE
30-12-1991 08:00,1.781,0.001,0.1538784,FALSE
31-12-1991 08:00,1.686,0.002,0.2913408,FALSE
01-01-1992 08:00,1.64,0.004,0.566784,FALSE
02-01-1992 08:00,1.733,0.001,0.1497312,FALSE
03-01-1992 08:00,1.64,0.001,0.141696,FALSE
04-01-1992 08:00,1.64,0.003,0.425088,FALSE
05-01-1992 08:00,1.485,0.002,0.256608,FALSE
06-01-1992 08:00,1.259,0.001,0.1087776,FALSE
07-01-1992 08:00,1.111,0.002,0.1919808,FALSE
08-01-1992 08:00,0.941,0.002,0.1626048,FALSE
09-01-1992 08:00,1.04,0.003,0.269568,FALSE
10-01-1992 08:00,0.911,0.002,0.1574208,FALSE
11-01-1992 08:00,0.765,0.002,0.132192,FALSE
12-01-1992 08:00,0.687,0.003,0.1780704,FALSE
13-01-1992 08:00,0.628,0.004,0.2170368,FALSE
14-01-1992 08:00,0.607,0.002,0.1048896,FALSE
15-01-1992 08:00,0.544,0.002,0.0940032,FALSE
16-01-1992 08:00,0.447,0.004,0.1544832,FALSE
17-01-1992 08:00,0.496,0.004,0.1714176,FALSE
18-01-1992 08:00,0.44,0.007,0.266112,FALSE
19-01-1992 08:00,0.36,0.006,0.186624,FALSE
20-01-1992 08:00,0.407,0.004,0.1406592,FALSE
21-01-1992 08:00,0.343,0.003,0.0889056,FALSE
22-01-1992 08:00,0.343,0.003,0.0889056,FALSE
23-01-1992 08:00,0.322,0.004,0.1112832,FALSE
24-01-1992 08:00,0.309,0.003,0.0800928,FALSE
25-01-1992 08:00,0.305,0.006,0.158112,FALSE
26-01-1992 08:00,0.303,0.006,0.1570752,FALSE
27-01-1992 08:00,0.315,0.006,0.163296,FALSE
28-01-1992 08:00,0.303,0.003,0.0785376,FALSE
29-01-1992 08:00,0.303,0.003,0.0785376,FALSE
30-01-1992 08:00,0.303,0.003,0.0785376,FALSE
31-01-1992 08:00,0.302,0.003,0.0782784,FALSE
01-02-1992 08:00,0.304,0.001,0.0262656,FALSE
02-02-1992 08:00,0.351,0.001,0.0303264,FALSE
03-02-1992 08:00,0.306,0.001,0.0264384,FALSE
04-02-1992 08:00,0.314,0.001,0.0271296,FALSE
05-02-1992 08:00,0.351,0.001,0.0303264,FALSE
06-02-1992 08:00,0.355,0.001,0.030672,FALSE
07-02-1992 08:00,0.381,0.001,0.0329184,FALSE
08-02-1992 08:00,0.463,0.001,0.0400032,FALSE
09-02-1992 08:00,0.463,0.001,0.0400032,FALSE
10-02-1992 08:00,0.535,0.002,0.092448,FALSE
11-02-1992 08:00,0.575,0.002,0.09936,FALSE
12-02-1992 08:00,0.575,0.002,0.09936,FALSE
13-02-1992 08:00,0.608,0.003,0.1575936,FALSE
14-02-1992 08:00,0.642,0.005,0.277344,FALSE
15-02-1992 08:00,0.642,0.007,0.3882816,FALSE
16-02-1992 08:00,0.678,0.012,0.7029504,FALSE
17-02-1992 08:00,0.691,0.012,0.7164288,FALSE
18-02-1992 08:00,0.984,0.013,1.1052288,FALSE
19-02-1992 08:00,0.984,0.013,1.1052288,FALSE
20-02-1992 08:00,1.087,0.014,1.3148352,FALSE
21-02-1992 08:00,1.087,0.014,1.3148352,FALSE
22-02-1992 08:00,1.106,0.014,1.3378176,FALSE
23-02-1992 08:00,0.984,0.014,1.1902464,FALSE
24-02-1992 08:00,1.052,0.014,1.2724992,FALSE
25-02-1992 08:00,1.319,0.014,1.5954624,FALSE
26-02-1992 08:00,1.048,0.014,1.2676608,FALSE
27-02-1992 08:00,1.38,0.015,1.78848,FALSE
28-02-1992 08:00,1.444,0.015,1.871424,FALSE
29-02-1992 08:00,1.401,0.015,1.815696,FALSE
01-03-1992 08:00,1.318,0.006,0.6832512,FALSE
02-03-1992 08:00,1.257,0.006,0.6516288,FALSE
03-03-1992 08:00,1.257,0.006,0.6516288,FALSE
04-03-1992 08:00,1.257,0.006,0.6516288,FALSE
05-03-1992 08:00,1.199,0.006,0.6215616,FALSE
06-03-1992 08:00,1.218,0.006,0.6314112,FALSE
07-03-1992 08:00,1.257,0.006,0.6516288,FALSE
08-03-1992 08:00,1.199,0.006,0.6215616,FALSE
09-03-1992 08:00,1.199,0.006,0.6215616,FALSE
10-03-1992 08:00,1.257,0.006,0.6516288,FALSE
11-03-1992 08:00,1.318,0.007,0.7971264,FALSE
12-03-1992 08:00,1.38,0.007,0.834624,FALSE
13-03-1992 08:00,1.318,0.007,0.7971264,FALSE
14-03-1992 08:00,1.38,0.007,0.834624,FALSE
15-03-1992 08:00,1.466,0.007,0.8866368,FALSE
16-03-1992 08:00,1.719,0.005,0.742608,FALSE
17-03-1992 08:00,2.329,0.006,1.2073536,FALSE
18-03-1992 08:00,1.719,0.005,0.742608,FALSE
19-03-1992 08:00,1.719,0.005,0.742608,FALSE
20-03-1992 08:00,1.894,0.006,0.9818496,FALSE
21-03-1992 08:00,1.972,0.005,0.851904,FALSE
22-03-1992 08:00,1.945,0.005,0.84024,FALSE
23-03-1992 08:00,2.024,0.005,0.874368,FALSE
24-03-1992 08:00,2.024,0.005,0.874368,FALSE
25-03-1992 08:00,2.024,0.005,0.874368,FALSE
26-03-1992 08:00,2.024,0.005,0.874368,FALSE
27-03-1992 08:00,2.024,0.005,0.874368,FALSE
28-03-1992 08:00,2.105,0.006,1.091232,FALSE
29-03-1992 08:00,2.105,0.006,1.091232,FALSE
30-03-1992 08:00,2.188,0.006,1.1342592,FALSE
31-03-1992 08:00,2.188,0.006,1.1342592,FALSE
01-04-1992 08:00,2.539,0.013,2.8518048,FALSE
02-04-1992 08:00,2.631,0.013,2.9551392,FALSE
03-04-1992 08:00,2.631,0.013,2.9551392,FALSE
04-04-1992 08:00,2.725,0.013,3.06072,FALSE
05-04-1992 08:00,2.821,0.013,3.1685472,FALSE
06-04-1992 08:00,2.821,0.013,3.1685472,FALSE
07-04-1992 08:00,2.92,0.013,3.279744,FALSE
08-04-1992 08:00,3.121,0.012,3.2358528,FALSE
09-04-1992 08:00,3.331,0.013,3.7413792,FALSE
10-04-1992 08:00,3.331,0.013,3.7413792,FALSE
11-04-1992 08:00,3.438,0.013,3.8615616,FALSE
12-04-1992 08:00,3.548,0.013,3.9851136,FALSE
13-04-1992 08:00,3.622,0.013,4.0682304,FALSE
14-04-1992 08:00,3.659,0.013,4.1097888,FALSE
15-04-1992 08:00,3.659,0.013,4.1097888,FALSE
16-04-1992 08:00,3.773,0.013,4.2378336,FALSE
17-04-1992 08:00,3.927,0.013,4.4108064,FALSE
18-04-1992 08:00,4.005,0.014,4.844448,FALSE
19-04-1992 08:00,4.085,0.014,4.941216,FALSE
20-04-1992 08:00,4.124,0.014,4.9883904,FALSE
21-04-1992 08:00,4.245,0.012,4.401216,FALSE
22-04-1992 08:00,4.368,0.013,4.9061376,FALSE
23-04-1992 08:00,4.41,0.011,4.191264,FALSE
24-04-1992 08:00,4.493,0.011,4.2701472,FALSE
25-04-1992 08:00,4.327,0.01,3.738528,FALSE
26-04-1992 08:00,4.493,0.009,3.4937568,FALSE
27-04-1992 08:00,4.245,0.011,4.034448,FALSE
28-04-1992 08:00,4.005,0.0109,3.7717488,FALSE
29-04-1992 08:00,4.005,0.0111,3.8409552,FALSE
30-04-1992 08:00,4.205,0.017,6.176304,FALSE
01-05-1992 08:00,4.045,0.012,4.193856,FALSE
02-05-1992 08:00,4.41,0.011,4.191264,FALSE
03-05-1992 08:00,2.855,0.013,3.206736,FALSE
04-05-1992 08:00,2.315,0.012,2.400192,FALSE
05-05-1992 08:00,1.734,0.017,2.5468992,FALSE
06-05-1992 08:00,1.259,0.006,0.6526656,FALSE
07-05-1992 08:00,2.473,0.008,1.7093376,FALSE
08-05-1992 08:00,3.363,0.003,0.8716896,FALSE
09-05-1992 08:00,3.643,0.004,1.2590208,FALSE
10-05-1992 08:00,4.806,0.008,3.3219072,FALSE
11-05-1992 08:00,6.329,0.01,5.468256,FALSE
12-05-1992 08:00,3.643,0.006,1.8885312,FALSE
13-05-1992 08:00,13.62,0.002,2.353536,FALSE
14-05-1992 08:00,23.21,0.017,34.090848,FALSE
15-05-1992 08:00,38.75,0.0186,62.2728,FALSE
16-05-1992 08:00,25.04,0.012,25.961472,FALSE
17-05-1992 08:00,22.48,0.011,21.364992,FALSE
18-05-1992 08:00,19.86,0.008,13.727232,FALSE
19-05-1992 08:00,48.7,0.0135,56.80368,FALSE
20-05-1992 08:00,69.25,0.0223,133.42536,FALSE
21-05-1992 08:00,39.47,0.009,30.691872,FALSE
22-05-1992 08:00,26.22,0.006,13.592448,FALSE
23-05-1992 08:00,16.64,0.005,7.18848,FALSE
24-05-1992 08:00,11.91,0.003,3.087072,FALSE
25-05-1992 08:00,9.535,0.005,4.11912,FALSE
26-05-1992 08:00,7.955,0.015,10.30968,FALSE
27-05-1992 08:00,6.521,0.004,2.2536576,FALSE
28-05-1992 08:00,7.955,0.0045,3.092904,FALSE
29-05-1992 08:00,13.53,0.002,2.337984,FALSE
30-05-1992 08:00,23.56,0.014,28.498176,FALSE
31-05-1992 08:00,22.65,0.013,25.44048,FALSE
01-06-1992 08:00,20.05,0.004,6.92928,FALSE
02-06-1992 08:00,14.76,0.002,2.550528,FALSE
03-06-1992 08:00,15.09,0.003,3.911328,FALSE
04-06-1992 08:00,14.15,0.003,3.66768,FALSE
05-06-1992 08:00,10.22,0.004,3.532032,FALSE
06-06-1992 08:00,12.72,0.002,2.198016,FALSE
07-06-1992 08:00,53.76,0.009,41.803776,FALSE
08-06-1992 08:00,272.2,0.119,2798.65152,FALSE
09-06-1992 08:00,250.8,0.053861555,1167.132499,FALSE
10-06-1992 08:00,182.1,0.048,755.20512,FALSE
11-06-1992 08:00,166.6,0.043,618.95232,FALSE
12-06-1992 08:00,110.8,0.037,354.20544,FALSE
13-06-1992 08:00,115.9,0.033,330.45408,FALSE
14-06-1992 08:00,121.8,0.028,294.65856,FALSE
15-06-1992 08:00,125.9,0.022,239.31072,FALSE
16-06-1992 08:00,113.1,0.016,156.34944,FALSE
17-06-1992 08:00,137.9,0.029,345.52224,FALSE
18-06-1992 08:00,278.6,0.118,2840.38272,FALSE
19-06-1992 08:00,343.6,0.067,1989.03168,FALSE
20-06-1992 08:00,312.1,0.072,1941.51168,FALSE
21-06-1992 08:00,270.8,0.077,1801.57824,FALSE
22-06-1992 08:00,337,0.081,2358.4608,FALSE
23-06-1992 08:00,394,0.028,953.1648,FALSE
24-06-1992 08:00,321.9,0.022,611.86752,FALSE
25-06-1992 08:00,184.6,0.012,191.39328,FALSE
26-06-1992 08:00,115.7,0.013,129.95424,FALSE
27-06-1992 08:00,97.42,0.01,84.17088,FALSE
28-06-1992 08:00,74.23,0.007,44.894304,FALSE
29-06-1992 08:00,61.43,0.004,21.230208,FALSE
30-06-1992 08:00,150.1,0.011,142.65504,FALSE
01-07-1992 08:00,281.4,0.032,778.01472,FALSE
02-07-1992 08:00,257.3,0.025,555.768,FALSE
03-07-1992 08:00,178.1,0.01,153.8784,FALSE
04-07-1992 08:00,131.4,0.029,329.23584,FALSE
05-07-1992 08:00,133,0.037,425.1744,FALSE
06-07-1992 08:00,223.6,0.061,1178.46144,FALSE
07-07-1992 08:00,396.9,0.0864,2962.842624,FALSE
08-07-1992 08:00,394.3,0.0844,2875.298688,FALSE
09-07-1992 08:00,374.4,0.0143,462.578688,FALSE
10-07-1992 08:00,235.8,0.017,346.34304,FALSE
11-07-1992 08:00,145.1,0.012,150.43968,FALSE
12-07-1992 08:00,117.7,0.009,91.52352,FALSE
13-07-1992 08:00,98.75,0.006,51.192,FALSE
14-07-1992 08:00,82.14,0.004,28.387584,FALSE
15-07-1992 08:00,81.3,0.006,42.14592,FALSE
16-07-1992 08:00,255.6,0.084,1855.04256,FALSE
17-07-1992 08:00,352.8,0.0333,1015.047936,FALSE
18-07-1992 08:00,209.8,0.016,290.02752,FALSE
19-07-1992 08:00,192.4,0.0143,237.714048,FALSE
20-07-1992 08:00,304.9,0.012,316.12032,FALSE
21-07-1992 08:00,211.4,0.011,200.91456,FALSE
22-07-1992 08:00,130.9,0.006,67.85856,FALSE
23-07-1992 08:00,94.54,0.005,40.84128,FALSE
24-07-1992 08:00,72.91,0.006,37.796544,FALSE
25-07-1992 08:00,81.42,0.003,21.104064,FALSE
26-07-1992 08:00,154.1,0.017,226.34208,FALSE
27-07-1992 08:00,267,0.03,692.064,FALSE
28-07-1992 08:00,451.5,0.062,2418.5952,FALSE
29-07-1992 08:00,478.4,0.018,744.00768,FALSE
30-07-1992 08:00,353,0.022,670.9824,FALSE
31-07-1992 08:00,221.6,0.015,287.1936,FALSE
01-08-1992 08:00,315,0.0896,2438.5536,FALSE
02-08-1992 08:00,252.6,0.053,1156.70592,FALSE
03-08-1992 08:00,202.3,0.016,279.65952,FALSE
04-08-1992 08:00,237.7,0.0285,585.31248,FALSE
05-08-1992 08:00,314.4,0.0277,752.447232,FALSE
06-08-1992 08:00,290.3,0.031,777.53952,FALSE
07-08-1992 08:00,204.4,0.005,88.3008,FALSE
08-08-1992 08:00,329.4,0.1815,5165.51904,FALSE
09-08-1992 08:00,231.5,0.0956,1912.15296,FALSE
10-08-1992 08:00,190.2,0.012,197.19936,FALSE
11-08-1992 08:00,193.3,0.011,183.71232,FALSE
12-08-1992 08:00,191.7,0.017,281.56896,FALSE
13-08-1992 08:00,129.4,0.009,100.62144,FALSE
14-08-1992 08:00,101.1,0.0055,48.04272,FALSE
15-08-1992 08:00,84.02,0.005,36.29664,FALSE
16-08-1992 08:00,68.65,0.005,29.6568,FALSE
17-08-1992 08:00,58.12,0.004,20.086272,FALSE
18-08-1992 08:00,62.49,0.004,21.596544,FALSE
19-08-1992 08:00,70.29,0.004,24.292224,FALSE
20-08-1992 08:00,67.63,0.005,29.21616,FALSE
21-08-1992 08:00,63.27,0.006,32.799168,FALSE
22-08-1992 08:00,52.51,0.006,27.221184,FALSE
23-08-1992 08:00,49.37,0.005,21.32784,FALSE
24-08-1992 08:00,47.08,0.004,16.270848,FALSE
25-08-1992 08:00,43.28,0.002,7.478784,FALSE
26-08-1992 08:00,38.66,0.002,6.680448,FALSE
27-08-1992 08:00,34.92,0.002,6.034176,FALSE
28-08-1992 08:00,41.07,0.002,7.096896,FALSE
29-08-1992 08:00,54.45,0.004,18.81792,FALSE
30-08-1992 08:00,87.45,0.04,302.2272,FALSE
31-08-1992 08:00,144.6,0.068,849.55392,FALSE
01-09-1992 08:00,190.7,0.037,609.62976,FALSE
02-09-1992 08:00,199.4,0.052,895.86432,FALSE
03-09-1992 08:00,210.4,0.04222,767.4988032,FALSE
04-09-1992 08:00,156,0.007,94.3488,FALSE
05-09-1992 08:00,111.5,0.004,38.5344,FALSE
06-09-1992 08:00,101.8,0.007,61.56864,FALSE
07-09-1992 08:00,99.59,0.009,77.441184,FALSE
08-09-1992 08:00,87.29,0.007,52.792992,FALSE
09-09-1992 08:00,161.6,0.0064,89.358336,FALSE
10-09-1992 08:00,174.8,0.00577,87.1426944,FALSE
11-09-1992 08:00,124.3,0.005,53.6976,FALSE
12-09-1992 08:00,86.9,0.004,30.03264,FALSE
13-09-1992 08:00,64.22,0.003,16.645824,FALSE
14-09-1992 08:00,51.93,0.002,8.973504,FALSE
15-09-1992 08:00,41.68,0.003,10.803456,FALSE
16-09-1992 08:00,35.35,0.002,6.10848,FALSE
17-09-1992 08:00,31.2,0.005,13.4784,FALSE
18-09-1992 08:00,29.25,0.001,2.5272,FALSE
19-09-1992 08:00,26.09,0.001,2.254176,FALSE
20-09-1992 08:00,49.35,0.006,25.58304,FALSE
21-09-1992 08:00,35.7,0.011,33.92928,FALSE
22-09-1992 08:00,58.66,0.022,111.500928,FALSE
23-09-1992 08:00,57.36,0.023,113.985792,FALSE
24-09-1992 08:00,231.4,0.173,3458.78208,FALSE
25-09-1992 08:00,210,0.234,4245.696,FALSE
26-09-1992 08:00,242.5,0.138,2891.376,FALSE
27-09-1992 08:00,212,0.089,1630.1952,FALSE
28-09-1992 08:00,271.7,0.03957,928.9010016,FALSE
29-09-1992 08:00,164.1,0.016,226.85184,FALSE
30-09-1992 08:00,114,0.012,118.1952,FALSE
01-10-1992 08:00,78.09,0.01,67.46976,FALSE
02-10-1992 08:00,68.76,0.01,59.40864,FALSE
03-10-1992 08:00,127.2,0.01,109.9008,FALSE
04-10-1992 08:00,337.2,0.011,320.47488,FALSE
05-10-1992 08:00,248.2,0.010886,233.4446093,FALSE
06-10-1992 08:00,195.9,0.011,186.18336,FALSE
07-10-1992 08:00,141,0.013,158.3712,FALSE
08-10-1992 08:00,119.9,0.021,217.54656,FALSE
09-10-1992 08:00,246.1,0.067,1424.62368,FALSE
10-10-1992 08:00,633.8,0.141,7721.20512,FALSE
11-10-1992 08:00,701.6,0.15,9092.736,FALSE
12-10-1992 08:00,319.2,0.018,496.41984,FALSE
13-10-1992 08:00,166.5,0.011,158.2416,FALSE
14-10-1992 08:00,115.4,0.021,209.38176,FALSE
15-10-1992 08:00,88.15,0.007,53.31312,FALSE
16-10-1992 08:00,85.81,0.018,133.451712,FALSE
17-10-1992 08:00,71.75,0.003,18.5976,FALSE
18-10-1992 08:00,57.88,0.004,20.003328,FALSE
19-10-1992 08:00,46.42,0.004,16.042752,FALSE
20-10-1992 08:00,39.4,0.004,13.61664,FALSE
21-10-1992 08:00,34.12,0.002,5.895936,FALSE
22-10-1992 08:00,34.43,0.01,29.74752,FALSE
23-10-1992 08:00,36.18,0.014,43.763328,FALSE
24-10-1992 08:00,29.72,0.007,17.974656,FALSE
25-10-1992 08:00,44.43,0.047,180.421344,FALSE
26-10-1992 08:00,68.25,0.092,542.5056,FALSE
27-10-1992 08:00,57.35,0.034,168.47136,FALSE
28-10-1992 08:00,43.65,0.017,64.11312,FALSE
29-10-1992 08:00,36.18,0.003,9.377856,FALSE
30-10-1992 08:00,32.33,0.008,22.346496,FALSE
31-10-1992 08:00,50.95,0.08,352.1664,FALSE
01-11-1992 08:00,84.54,0.085,620.86176,FALSE
02-11-1992 08:00,103.2,0.091,811.39968,FALSE
03-11-1992 08:00,131.4,0.072,817.41312,FALSE
04-11-1992 08:00,132.5,0.107,1224.936,FALSE
05-11-1992 08:00,106.1,0.031,284.17824,FALSE
06-11-1992 08:00,84.46,0.017,124.054848,FALSE
07-11-1992 08:00,78.41,0.023,155.816352,FALSE
08-11-1992 08:00,87.93,0.031,235.511712,FALSE
09-11-1992 08:00,131.8,0.046,523.82592,FALSE
10-11-1992 08:00,101.5,0.035,306.936,FALSE
11-11-1992 08:00,80.24,0.015,103.99104,FALSE
12-11-1992 08:00,60.65,0.008,41.92128,FALSE
13-11-1992 08:00,54.04,0.009,42.021504,FALSE
14-11-1992 08:00,254.6,0.0104,228.773376,FALSE
15-11-1992 08:00,267,0.01117,257.678496,FALSE
16-11-1992 08:00,177.1,0.018,275.42592,FALSE
17-11-1992 08:00,156.3,0.027,364.61664,FALSE
18-11-1992 08:00,148.3,0.019,243.44928,FALSE
19-11-1992 08:00,105.5,0.008,72.9216,FALSE
20-11-1992 08:00,78.29,0.009,60.878304,FALSE
21-11-1992 08:00,65.83,0.008,45.501696,FALSE
22-11-1992 08:00,75.9,0.009,59.01984,FALSE
23-11-1992 08:00,71.76,0.012,74.400768,FALSE
24-11-1992 08:00,56.06,0.007,33.905088,FALSE
25-11-1992 08:00,43.57,0.003,11.293344,FALSE
26-11-1992 08:00,34.66,0.004,11.978496,FALSE
27-11-1992 08:00,28.95,0.005,12.5064,FALSE
28-11-1992 08:00,24.57,0.005,10.61424,FALSE
29-11-1992 08:00,20.67,0.004,7.143552,FALSE
30-11-1992 08:00,17.13,0.003,4.440096,FALSE
01-12-1992 08:00,19.4,0.005,8.3808,FALSE
02-12-1992 08:00,18.06,0.0036409,5.681202106,FALSE
03-12-1992 08:00,15.78,0.00473,6.44884416,FALSE
04-12-1992 08:00,13.53,0.0018,2.1041856,FALSE
05-12-1992 08:00,12.03,0.002,2.078784,FALSE
06-12-1992 08:00,10.96,0.002,1.893888,FALSE
07-12-1992 08:00,9.932,0.002,1.7162496,FALSE
08-12-1992 08:00,8.586,0.001,0.7418304,FALSE
09-12-1992 08:00,7.775,0.0005,0.33588,FALSE
10-12-1992 08:00,8.025,0.002,1.38672,FALSE
11-12-1992 08:00,7.238,0.001,0.6253632,FALSE
12-12-1992 08:00,6.767,0.001,0.5846688,FALSE
13-12-1992 08:00,6.491,0.001,0.5608224,FALSE
14-12-1992 08:00,5.912,0.001,0.5107968,FALSE
15-12-1992 08:00,5.956,0.001,0.5145984,FALSE
16-12-1992 08:00,5.912,0.003,1.5323904,FALSE
17-12-1992 08:00,5.033,0.004,1.7394048,FALSE
18-12-1992 08:00,4.833,0.001,0.4175712,FALSE
19-12-1992 08:00,4.332,0.004,1.4971392,FALSE
20-12-1992 08:00,4.109,0.004,1.4200704,FALSE
21-12-1992 08:00,3.823,0.006,1.9818432,FALSE
22-12-1992 08:00,3.444,0.005,1.487808,FALSE
23-12-1992 08:00,3.213,0.004,1.1104128,FALSE
24-12-1992 08:00,2.99,0.001,0.258336,FALSE
25-12-1992 08:00,2.805,0.001,0.242352,FALSE
26-12-1992 08:00,2.509,0.001,0.2167776,FALSE
27-12-1992 08:00,2.34,0.002,0.404352,FALSE
28-12-1992 08:00,2.176,0.003,0.5640192,FALSE
29-12-1992 08:00,1.894,0.002,0.3272832,FALSE
30-12-1992 08:00,1.606,0.001,0.1387584,FALSE
31-12-1992 08:00,1.471,0.001,0.1270944,FALSE
01-01-1993 08:00,1.426,0.006,0.7392384,FALSE
02-01-1993 08:00,1.298,0.004,0.4485888,FALSE
03-01-1993 08:00,1.177,0.003,0.3050784,FALSE
04-01-1993 08:00,1.08,0.005,0.46656,FALSE
05-01-1993 08:00,0.953,0.005,0.411696,FALSE
06-01-1993 08:00,0.85,0.006,0.44064,FALSE
07-01-1993 08:00,0.677,0.002,0.1169856,FALSE
08-01-1993 08:00,0.605,0.004,0.209088,FALSE
09-01-1993 08:00,0.605,0.004,0.209088,FALSE
10-01-1993 08:00,0.605,0.004,0.209088,FALSE
11-01-1993 08:00,0.605,0.004,0.209088,FALSE
12-01-1993 08:00,0.478,0.002,0.0825984,FALSE
13-01-1993 08:00,0.511,0.006,0.2649024,FALSE
14-01-1993 08:00,0.427,0.007,0.2582496,FALSE
15-01-1993 08:00,0.427,0.006,0.2213568,FALSE
16-01-1993 08:00,0.381,0.007,0.2304288,FALSE
17-01-1993 08:00,0.319,0.007,0.1929312,FALSE
18-01-1993 08:00,0.321,0.006,0.1664064,FALSE
19-01-1993 08:00,0.251,0.008,0.1734912,FALSE
20-01-1993 08:00,0.206,0.01,0.177984,FALSE
21-01-1993 08:00,0.158,0.008,0.1092096,FALSE
22-01-1993 08:00,0.213,0.017,0.3128544,FALSE
23-01-1993 08:00,0.213,0.009,0.1656288,FALSE
24-01-1993 08:00,0.17,0.008,0.117504,FALSE
25-01-1993 08:00,0.185,0.01,0.15984,FALSE
26-01-1993 08:00,0.158,0.012,0.1638144,FALSE
27-01-1993 08:00,0.123,0.01,0.106272,FALSE
28-01-1993 08:00,0.104,0.011,0.0988416,FALSE
29-01-1993 08:00,0.046,0.01,0.039744,FALSE
30-01-1993 08:00,0.048,0.007,0.0290304,FALSE
31-01-1993 08:00,0.043,0.006,0.0222912,FALSE
01-02-1993 08:00,0.066,0.011,0.0627264,FALSE
02-02-1993 08:00,0.05,0.012,0.05184,FALSE
03-02-1993 08:00,0.111,0.015,0.143856,FALSE
04-02-1993 08:00,0.111,0.011,0.1054944,FALSE
05-02-1993 08:00,0.122,0.014,0.1475712,FALSE
06-02-1993 08:00,0.122,0.011,0.1159488,FALSE
07-02-1993 08:00,0.111,0.012,0.1150848,FALSE
08-02-1993 08:00,0.122,0.011,0.1159488,FALSE
09-02-1993 08:00,0.184,0.01,0.158976,FALSE
10-02-1993 08:00,0.192,0.01,0.165888,FALSE
11-02-1993 08:00,0.231,0.01,0.199584,FALSE
12-02-1993 08:00,0.257,0.01,0.222048,FALSE
13-02-1993 08:00,0.409,0.01,0.353376,FALSE
14-02-1993 08:00,0.445,0.01,0.38448,FALSE
15-02-1993 08:00,0.561,0.01,0.484704,FALSE
16-02-1993 08:00,0.458,0.01,0.395712,FALSE
17-02-1993 08:00,0.387,0.011,0.3678048,FALSE
18-02-1993 08:00,0.387,0.011,0.3678048,FALSE
19-02-1993 08:00,0.409,0.011,0.3887136,FALSE
20-02-1993 08:00,0.409,0.011,0.3887136,FALSE
21-02-1993 08:00,0.409,0.011,0.3887136,FALSE
22-02-1993 08:00,0.409,0.011,0.3887136,FALSE
23-02-1993 08:00,0.482,0.047,1.9573056,FALSE
24-02-1993 08:00,0.343,0.026,0.7705152,FALSE
25-02-1993 08:00,0.365,0.0257,0.8104752,FALSE
26-02-1993 08:00,0.387,0.018,0.6018624,FALSE
27-02-1993 08:00,0.115,0.021,0.208656,FALSE
28-02-1993 08:00,0.094,0.019,0.1543104,FALSE
01-03-1993 08:00,0.044,0.027,0.1026432,FALSE
02-03-1993 08:00,0.06,0.025,0.1296,FALSE
03-03-1993 08:00,0.078,0.03,0.202176,FALSE
04-03-1993 08:00,0.102,0.03,0.264384,FALSE
05-03-1993 08:00,0.215,0.029,0.538704,FALSE
06-03-1993 08:00,0.323,0.03,0.837216,FALSE
07-03-1993 08:00,0.343,0.03,0.889056,FALSE
08-03-1993 08:00,0.323,0.03,0.837216,FALSE
09-03-1993 08:00,0.345,0.03,0.89424,FALSE
10-03-1993 08:00,0.59,0.038,1.937088,FALSE
11-03-1993 08:00,0.74,0.049,3.132864,FALSE
12-03-1993 08:00,0.806,0.062,4.3175808,FALSE
13-03-1993 08:00,0.74,0.059,3.772224,FALSE
14-03-1993 08:00,0.647,0.056,3.1304448,FALSE
15-03-1993 08:00,0.618,0.058,3.0969216,FALSE
16-03-1993 08:00,0.59,0.055,2.80368,FALSE
17-03-1993 08:00,0.647,0.064,3.5776512,FALSE
18-03-1993 08:00,0.74,0.052,3.324672,FALSE
19-03-1993 08:00,0.839,0.077,5.5816992,FALSE
20-03-1993 08:00,0.945,0.067,5.470416,FALSE
21-03-1993 08:00,0.945,0.067,5.470416,FALSE
22-03-1993 08:00,0.945,0.066,5.388768,FALSE
23-03-1993 08:00,0.945,0.077,6.286896,FALSE
24-03-1993 08:00,0.945,0.077,6.286896,FALSE
25-03-1993 08:00,0.874,0.075,5.66352,FALSE
26-03-1993 08:00,0.91,0.064,5.031936,FALSE
27-03-1993 08:00,0.458,0.075,2.96784,FALSE
28-03-1993 08:00,0.482,0.063,2.6236224,FALSE
29-03-1993 08:00,0.535,0.087,4.021488,FALSE
30-03-1993 08:00,0.259,0.09,2.013984,FALSE
31-03-1993 08:00,0.087,0.088,0.6614784,FALSE
01-04-1993 08:00,0.075,0.016,0.10368,FALSE
02-04-1993 08:00,0.111,0.015,0.143856,FALSE
03-04-1993 08:00,0.072,0.01,0.062208,FALSE
04-04-1993 08:00,0.048,0.008,0.0331776,FALSE
05-04-1993 08:00,0.044,0.006,0.0228096,FALSE
06-04-1993 08:00,0.048,0.046,0.1907712,FALSE
07-04-1993 08:00,0.046,0.007,0.0278208,FALSE
08-04-1993 08:00,0.249,0.005,0.107568,FALSE
09-04-1993 08:00,0.265,0.005,0.11448,FALSE
10-04-1993 08:00,0.151,0.013,0.1696032,FALSE
11-04-1993 08:00,0.145,0.009,0.112752,FALSE
12-04-1993 08:00,2.692,0.009,2.0932992,FALSE
13-04-1993 08:00,5.956,0.009,4.6313856,FALSE
14-04-1993 08:00,4.438,0.0096,3.68105472,FALSE
15-04-1993 08:00,13.85,0.0177,21.180528,FALSE
16-04-1993 08:00,9.932,0.019,16.3043712,FALSE
17-04-1993 08:00,11.91,0.009,9.261216,FALSE
18-04-1993 08:00,7.059,0.006,3.6593856,FALSE
19-04-1993 08:00,5.363,0.005,2.316816,FALSE
20-04-1993 08:00,4.487,0.003,1.1630304,FALSE
21-04-1993 08:00,3.684,0.005,1.591488,FALSE
22-04-1993 08:00,2.716,0.002,0.4693248,FALSE
23-04-1993 08:00,2.205,0.001,0.190512,FALSE
24-04-1993 08:00,1.561,0.002,0.2697408,FALSE
25-04-1993 08:00,1.341,0.003,0.3475872,FALSE
26-04-1993 08:00,1.025,0.007,0.61992,FALSE
27-04-1993 08:00,1.025,0.006,0.53136,FALSE
28-04-1993 08:00,1.745,0.002,0.301536,FALSE
29-04-1993 08:00,1.942,0.004,0.6711552,FALSE
30-04-1993 08:00,3.092,0.007,1.8700416,FALSE
01-05-1993 08:00,3.895,0.01,3.36528,FALSE
02-05-1993 08:00,3.149,0.009,2.4486624,FALSE
03-05-1993 08:00,3.549,0.002,0.6132672,FALSE
04-05-1993 08:00,6.4,0.007,3.87072,FALSE
05-05-1993 08:00,6.045,0.011,5.745168,FALSE
06-05-1993 08:00,9.937,0.009,7.7270112,FALSE
07-05-1993 08:00,10.84,0.008,7.492608,FALSE
08-05-1993 08:00,9.168,0.008,6.3369216,FALSE
09-05-1993 08:00,15.93,0.0138,18.9936576,FALSE
10-05-1993 08:00,10.16,0.012,10.533888,FALSE
11-05-1993 08:00,8.64,0.004,2.985984,FALSE
12-05-1993 08:00,7.149,0.008,4.9413888,FALSE
13-05-1993 08:00,5.869,0.006,3.0424896,FALSE
14-05-1993 08:00,5.528,0.006,2.8657152,FALSE
15-05-1993 08:00,7.24,0.006,3.753216,FALSE
16-05-1993 08:00,12.77,0.016,17.653248,FALSE
17-05-1993 08:00,12.39,0.015,16.05744,FALSE
18-05-1993 08:00,10.72,0.008,7.409664,FALSE
19-05-1993 08:00,11.43,0.01,9.87552,FALSE
20-05-1993 08:00,9.932,0.007,6.0068736,FALSE
21-05-1993 08:00,8.955,0.006,4.642272,FALSE
22-05-1993 08:00,19.09,0.024,39.585024,FALSE
23-05-1993 08:00,19.55,0.04,67.5648,FALSE
24-05-1993 08:00,54.51,0.079,372.063456,FALSE
25-05-1993 08:00,60.83,0.062,325.854144,FALSE
26-05-1993 08:00,40.49,0.027,94.455072,FALSE
27-05-1993 08:00,32.72,0.016,45.232128,FALSE
28-05-1993 08:00,36.22,0.016,50.070528,FALSE
29-05-1993 08:00,99.63,0.0560455,482.4414575,FALSE
30-05-1993 08:00,80.64,0.0486,338.6105856,FALSE
31-05-1993 08:00,55.79,0.0231,111.3479136,FALSE
01-06-1993 08:00,46.68,0.023,92.762496,FALSE
02-06-1993 08:00,33.56,0.0179,51.9025536,FALSE
03-06-1993 08:00,53.97,0.036,167.868288,FALSE
04-06-1993 08:00,65.63,0.037,209.805984,FALSE
05-06-1993 08:00,88.06,0.058,441.286272,FALSE
06-06-1993 08:00,244,0.06,1264.896,FALSE
07-06-1993 08:00,562.8,0.062979,3062.411816,FALSE
08-06-1993 08:00,650.3,0.0485,2725.01712,FALSE
09-06-1993 08:00,422.7,0.032,1168.68096,FALSE
10-06-1993 08:00,214.2,0.021,388.64448,FALSE
11-06-1993 08:00,151.2,0.038,496.41984,FALSE
12-06-1993 08:00,114.6,0.015,148.5216,FALSE
13-06-1993 08:00,109.7,0.041,388.60128,FALSE
14-06-1993 08:00,186.2,0.068,1093.96224,FALSE
15-06-1993 08:00,190.6,0.04,658.7136,FALSE
16-06-1993 08:00,136.8,0.033,390.04416,FALSE
17-06-1993 08:00,109.2,0.028,264.17664,FALSE
18-06-1993 08:00,104.1,0.03,269.8272,FALSE
19-06-1993 08:00,118.7,0.018,184.60224,FALSE
20-06-1993 08:00,114.8,0.015,148.7808,FALSE
21-06-1993 08:00,101,0.011,95.9904,FALSE
22-06-1993 08:00,94.15,0.011,89.48016,FALSE
23-06-1993 08:00,98.76,0.022,187.723008,FALSE
24-06-1993 08:00,85.69,0.033,244.319328,FALSE
25-06-1993 08:00,77.62,0.015,100.59552,FALSE
26-06-1993 08:00,64.24,0.007,38.852352,FALSE
27-06-1993 08:00,92.86,0.065,521.50176,FALSE
28-06-1993 08:00,168.7,0.124,1807.38432,FALSE
29-06-1993 08:00,172.4,0.138,2055.55968,FALSE
30-06-1993 08:00,193.1,0.154,2569.31136,FALSE
01-07-1993 08:00,226.4,0.086,1682.24256,FALSE
02-07-1993 08:00,396.6,0.174,5962.32576,FALSE
03-07-1993 08:00,490.5,0.227,9620.0784,FALSE
04-07-1993 08:00,409.9,0.122,4320.67392,FALSE
05-07-1993 08:00,237.7,0.037,759.87936,FALSE
06-07-1993 08:00,146.3,0.018,227.52576,FALSE
07-07-1993 08:00,132.3,0.022,251.47584,FALSE
08-07-1993 08:00,165.5,0.028,400.3776,FALSE
09-07-1993 08:00,129.4,0.013,145.34208,FALSE
10-07-1993 08:00,164.6,0.039,554.63616,FALSE
11-07-1993 08:00,198.8,0.029,498.11328,FALSE
12-07-1993 08:00,214,0.018,332.8128,FALSE
13-07-1993 08:00,225.5,0.02,389.664,FALSE
14-07-1993 08:00,247.6,0.022,470.63808,FALSE
15-07-1993 08:00,278.7,0.027,650.15136,FALSE
16-07-1993 08:00,384.2,0.036241,1203.015646,FALSE
17-07-1993 08:00,387.4,0.022,736.36992,FALSE
18-07-1993 08:00,239.4,0.02,413.6832,FALSE
19-07-1993 08:00,195.2,0.019,320.44032,FALSE
20-07-1993 08:00,149.6,0.009,116.32896,FALSE
21-07-1993 08:00,192.9,0.064,1066.65984,FALSE
22-07-1993 08:00,145.3,0.014,175.75488,FALSE
23-07-1993 08:00,108.4,0.01,93.6576,FALSE
24-07-1993 08:00,162.9,0.023,323.71488,FALSE
25-07-1993 08:00,311.9,0.027,727.60032,FALSE
26-07-1993 08:00,330.7,0.03,857.1744,FALSE
27-07-1993 08:00,243.1,0.014,294.05376,FALSE
28-07-1993 08:00,177.5,0.028,429.408,FALSE
29-07-1993 08:00,129.1,0.007,78.07968,FALSE
30-07-1993 08:00,111,0.014,134.2656,FALSE
31-07-1993 08:00,123.5,0.025,266.76,FALSE
01-08-1993 08:00,153.4,0.112,1484.42112,FALSE
02-08-1993 08:00,161.5,0.049,683.7264,FALSE
03-08-1993 08:00,166.1,0.034,487.93536,FALSE
04-08-1993 08:00,247.8,0.0701,1500.835392,FALSE
05-08-1993 08:00,232.7,0.03,603.1584,FALSE
06-08-1993 08:00,171.6,0.019,281.69856,FALSE
07-08-1993 08:00,156.3,0.02,270.0864,FALSE
08-08-1993 08:00,111.8,0.015,144.8928,FALSE
09-08-1993 08:00,83.07,0.011,78.949728,FALSE
10-08-1993 08:00,64.56,0.007,39.045888,FALSE
11-08-1993 08:00,54.4,0.005,23.5008,FALSE
12-08-1993 08:00,50.92,0.004,17.597952,FALSE
13-08-1993 08:00,47.45,0.006,24.59808,FALSE
14-08-1993 08:00,42.73,0.008,29.534976,FALSE
15-08-1993 08:00,39.44,0.007,23.853312,FALSE
16-08-1993 08:00,44.73,0.006,23.188032,FALSE
17-08-1993 08:00,48.54,0.006,25.163136,FALSE
18-08-1993 08:00,57.9,0.014,70.03584,FALSE
19-08-1993 08:00,52.7,0.006,27.31968,FALSE
20-08-1993 08:00,49.1,0.005,21.2112,FALSE
21-08-1993 08:00,41.27,0.0034,12.1234752,FALSE
22-08-1993 08:00,35.67,0.0043,13.2521184,FALSE
23-08-1993 08:00,31.7,0.0043,11.777184,FALSE
24-08-1993 08:00,29.99,0.0053,13.7330208,FALSE
25-08-1993 08:00,29.57,0.0053,13.5406944,FALSE
26-08-1993 08:00,40.89,0.007,24.730272,FALSE
27-08-1993 08:00,34.88,0.006,18.081792,FALSE
28-08-1993 08:00,33.59,0.0078,22.6369728,FALSE
29-08-1993 08:00,46.5,0.01,40.176,FALSE
30-08-1993 08:00,104.4,0.013,117.26208,FALSE
31-08-1993 08:00,81.86,0.016,113.163264,FALSE
01-09-1993 08:00,150,0.062,803.52,FALSE
02-09-1993 08:00,134.1,0.021914,253.9008634,FALSE
03-09-1993 08:00,91.45,0.011,86.91408,FALSE
04-09-1993 08:00,76.57,0.013,86.003424,FALSE
05-09-1993 08:00,85.86,0.012,89.019648,FALSE
06-09-1993 08:00,69.84,0.012,72.410112,FALSE
07-09-1993 08:00,59.76,0.007,36.142848,FALSE
08-09-1993 08:00,48.43,0.006,25.106112,FALSE
09-09-1993 08:00,48.67,0.009,37.845792,FALSE
10-09-1993 08:00,34.49,0.003,8.939808,FALSE
11-09-1993 08:00,29.6,0.003,7.67232,FALSE
12-09-1993 08:00,25.76,0.003,6.676992,FALSE
13-09-1993 08:00,24.82,0.003,6.433344,FALSE
14-09-1993 08:00,22.21,0.004,7.675776,FALSE
15-09-1993 08:00,29.27,0.005,12.64464,FALSE
16-09-1993 08:00,24.95,0.006,12.93408,FALSE
17-09-1993 08:00,19.98,0.006,10.357632,FALSE
18-09-1993 08:00,20.76,0.011,19.730304,FALSE
19-09-1993 08:00,38.05,0.028,92.05056,FALSE
20-09-1993 08:00,31.62,0.023,62.835264,FALSE
21-09-1993 08:00,24.86,0.003,6.443712,FALSE
22-09-1993 08:00,18.77,0.004,6.486912,FALSE
23-09-1993 08:00,15.19,0.005,6.56208,FALSE
24-09-1993 08:00,12.29,0.002,2.123712,FALSE
25-09-1993 08:00,11.54,0.002,1.994112,FALSE
26-09-1993 08:00,10.2,0.002,1.76256,FALSE
27-09-1993 08:00,8.974,0.003,2.3260608,FALSE
28-09-1993 08:00,10.41,0.001,0.899424,FALSE
29-09-1993 08:00,19.56,0.002,3.379968,FALSE
30-09-1993 08:00,20.87,0.004,7.212672,FALSE
01-10-1993 08:00,24.16,0.008,16.699392,FALSE
02-10-1993 08:00,21.38,0.007,12.930624,FALSE
03-10-1993 08:00,82.41,0.044,313.289856,FALSE
04-10-1993 08:00,188.5,0.101,1644.9264,FALSE
05-10-1993 08:00,164.8,0.023,327.49056,FALSE
06-10-1993 08:00,131.1,0.015,169.9056,FALSE
07-10-1993 08:00,323.8,0.5559,15552.03629,FALSE
08-10-1993 08:00,351.8,0.119,3617.06688,FALSE
09-10-1993 08:00,254,0.037,811.9872,FALSE
10-10-1993 08:00,172.7,0.032,477.48096,FALSE
11-10-1993 08:00,199.6,0.026,448.38144,FALSE
12-10-1993 08:00,243.6,0.04,841.8816,FALSE
13-10-1993 08:00,178.7,0.031,478.63008,FALSE
14-10-1993 08:00,134.7,0.022,256.03776,FALSE
15-10-1993 08:00,92.82,0.016,128.314368,FALSE
16-10-1993 08:00,68.43,0.015,88.68528,FALSE
17-10-1993 08:00,54.15,0.028,130.99968,FALSE
18-10-1993 08:00,64.89,0.056,313.963776,FALSE
19-10-1993 08:00,101,0.062,541.0368,FALSE
20-10-1993 08:00,112.2,0.04,387.7632,FALSE
21-10-1993 08:00,152,0.141,1851.7248,FALSE
22-10-1993 08:00,167.8,0.083,1203.32736,FALSE
23-10-1993 08:00,114.2,0.026,256.53888,FALSE
24-10-1993 08:00,86.2,0.034,253.22112,FALSE
25-10-1993 08:00,93.63,0.043,347.854176,FALSE
26-10-1993 08:00,73.35,0.02,126.7488,FALSE
27-10-1993 08:00,69.7,0.034,204.75072,FALSE
28-10-1993 08:00,55.59,0.014,67.241664,FALSE
29-10-1993 08:00,45.8,0.008,31.65696,FALSE
30-10-1993 08:00,39.4,0.01,34.0416,FALSE
31-10-1993 08:00,54.15,0.038,177.78528,FALSE
01-11-1993 08:00,85.33,0.067,493.958304,FALSE
02-11-1993 08:00,104.5,0.075,677.16,FALSE
03-11-1993 08:00,84.03,0.018,130.683456,FALSE
04-11-1993 08:00,91.81,0.038,301.430592,FALSE
05-11-1993 08:00,73.52,0.012,76.225536,FALSE
06-11-1993 08:00,59.98,0.012,62.187264,FALSE
07-11-1993 08:00,46.97,0.015,60.87312,FALSE
08-11-1993 08:00,40.09,0.008,27.710208,FALSE
09-11-1993 08:00,49.61,0.01,42.86304,FALSE
10-11-1993 08:00,65.92,0.016,91.127808,FALSE
11-11-1993 08:00,67.37,0.012,69.849216,FALSE
12-11-1993 08:00,79.16,0.012,82.073088,FALSE
13-11-1993 08:00,136.9,0.019,224.73504,FALSE
14-11-1993 08:00,101.5,0.01491224,130.7743799,FALSE
15-11-1993 08:00,85.87,0.027,200.317536,FALSE
16-11-1993 08:00,77.99,0.025,168.4584,FALSE
17-11-1993 08:00,66.29,0.009,51.547104,FALSE
18-11-1993 08:00,106.2,0.161,1477.28448,FALSE
19-11-1993 08:00,101.8,0.122,1073.05344,FALSE
20-11-1993 08:00,72.96,0.073,460.173312,FALSE
21-11-1993 08:00,66.37,0.06,344.06208,FALSE
22-11-1993 08:00,62.56,0.047,254.043648,FALSE
23-11-1993 08:00,48.73,0.01,42.10272,FALSE
24-11-1993 08:00,39.79,0.009,30.940704,FALSE
25-11-1993 08:00,34.89,0.006,18.086976,FALSE
26-11-1993 08:00,30.52,0.006,15.821568,FALSE
27-11-1993 08:00,26.17,0.006,13.566528,FALSE
28-11-1993 08:00,21.41,0.005,9.24912,FALSE
29-11-1993 08:00,18.72,0.005,8.08704,FALSE
30-11-1993 08:00,16.29,0.004,5.629824,FALSE
01-12-1993 08:00,17.59,0.003,4.559328,FALSE
02-12-1993 08:00,15.6,0.003,4.04352,FALSE
03-12-1993 08:00,19.84,0.011,18.855936,FALSE
04-12-1993 08:00,25.87,0.009,20.116512,FALSE
05-12-1993 08:00,26.24,0.01,22.67136,FALSE
06-12-1993 08:00,17.28,0.01,14.92992,FALSE
07-12-1993 08:00,23.39,0.021,42.438816,FALSE
08-12-1993 08:00,20.5,0.008,14.1696,FALSE
09-12-1993 08:00,36.88,0.0407,129.6877824,FALSE
10-12-1993 08:00,25.33,0.012,26.262144,FALSE
11-12-1993 08:00,25.51,0.011,24.244704,FALSE
12-12-1993 08:00,15.93,0.0085,11.698992,FALSE
13-12-1993 08:00,14.27,0.007,8.630496,FALSE
14-12-1993 08:00,13,0.005,5.616,FALSE
15-12-1993 08:00,11.91,0.003,3.087072,FALSE
16-12-1993 08:00,10.73,0.003,2.781216,FALSE
17-12-1993 08:00,9.738,0.003,2.5240896,FALSE
18-12-1993 08:00,9.251,0.008,6.3942912,FALSE
19-12-1993 08:00,8.897,0.007,5.3809056,FALSE
20-12-1993 08:00,8.208,0.003,2.1275136,FALSE
21-12-1993 08:00,7.546,0.006,3.9118464,FALSE
22-12-1993 08:00,6.809,0.003,1.7648928,FALSE
23-12-1993 08:00,5.494,0.007,3.3227712,FALSE
24-12-1993 08:00,5.917,0.005,2.556144,FALSE
25-12-1993 08:00,5.178,0.004,1.7895168,FALSE
26-12-1993 08:00,4.412,0.003,1.1435904,FALSE
27-12-1993 08:00,4.412,0.003,1.1435904,FALSE
28-12-1993 08:00,4.333,0.002,0.7487424,FALSE
29-12-1993 08:00,9.14,0.001,0.789696,FALSE
30-12-1993 08:00,7.446,0.007,4.5033408,FALSE
31-12-1993 08:00,7.659,0.005,3.308688,FALSE
01-01-1994 08:00,5.635,0.006,2.921184,FALSE
02-01-1994 08:00,4.578,0.005,1.977696,FALSE
03-01-1994 08:00,3.644,0.005,1.574208,FALSE
04-01-1994 08:00,3.291,0.004,1.1373696,FALSE
05-01-1994 08:00,3.091,0.003,0.8011872,FALSE
06-01-1994 08:00,2.716,0.004,0.9386496,FALSE
07-01-1994 08:00,2.484,0.006,1.2877056,FALSE
08-01-1994 08:00,2.32,0.004,0.801792,FALSE
09-01-1994 08:00,2.165,0.003,0.561168,FALSE
10-01-1994 08:00,2.019,0.002,0.3488832,FALSE
11-01-1994 08:00,1.973,0.007,1.1932704,FALSE
12-01-1994 08:00,1.95,0.003,0.50544,FALSE
13-01-1994 08:00,2.019,0.005,0.872208,FALSE
14-01-1994 08:00,2.019,0.005,0.872208,FALSE
15-01-1994 08:00,2.432,0.007,1.4708736,FALSE
16-01-1994 08:00,3.69,0.0072,2.2954752,FALSE
17-01-1994 08:00,11.65,0.008,8.05248,FALSE
18-01-1994 08:00,15.3,0.012,15.86304,FALSE
19-01-1994 08:00,19.53,0.0114,19.2362688,FALSE
20-01-1994 08:00,11.65,0.013,13.08528,FALSE
21-01-1994 08:00,8.436,0.009,6.5598336,FALSE
22-01-1994 08:00,6.809,0.009,5.2946784,FALSE
23-01-1994 08:00,5.635,0.007,3.408048,FALSE
24-01-1994 08:00,4.915,0.005,2.12328,FALSE
25-01-1994 08:00,4.095,0.003,1.061424,FALSE
26-01-1994 08:00,3.642,0.003,0.9440064,FALSE
27-01-1994 08:00,3.225,0.003,0.83592,FALSE
28-01-1994 08:00,2.899,0.011,2.7552096,FALSE
29-01-1994 08:00,2.776,0.004,0.9593856,FALSE
30-01-1994 08:00,2.569,0.003,0.6658848,FALSE
31-01-1994 08:00,2.242,0.007,1.3559616,FALSE
01-02-1994 08:00,2.092,0.002,0.3614976,FALSE
02-02-1994 08:00,1.881,0.003,0.4875552,FALSE
03-02-1994 08:00,1.881,0.004,0.6500736,FALSE
04-02-1994 08:00,1.816,0.003,0.4707072,FALSE
05-02-1994 08:00,1.712,0.004,0.5916672,FALSE
06-02-1994 08:00,1.522,0.004,0.5260032,FALSE
07-02-1994 08:00,1.522,0.004,0.5260032,FALSE
08-02-1994 08:00,1.388,0.004,0.4796928,FALSE
09-02-1994 08:00,3.302,0.004,1.1411712,FALSE
10-02-1994 08:00,5.726,0.003,1.4841792,FALSE
11-02-1994 08:00,8.334,0.003,2.1601728,FALSE
12-02-1994 08:00,5.726,0.002,0.9894528,FALSE
13-02-1994 08:00,54.92,0.006,28.470528,FALSE
14-02-1994 08:00,51.85,0.009,40.31856,FALSE
15-02-1994 08:00,65.94,0.014,79.761024,FALSE
16-02-1994 08:00,51.23,0.009,39.836448,FALSE
17-02-1994 08:00,36.87,0.007,22.298976,FALSE
18-02-1994 08:00,27.69,0.004,9.569664,FALSE
19-02-1994 08:00,20.35,0.006,10.54944,FALSE
20-02-1994 08:00,19.7,0.005,8.5104,FALSE
21-02-1994 08:00,12.59,0.003,3.263328,FALSE
22-02-1994 08:00,10.99,0.003,2.848608,FALSE
23-02-1994 08:00,9.138,0.002,1.5790464,FALSE
24-02-1994 08:00,7.765,0.002,1.341792,FALSE
25-02-1994 08:00,6.505,0.001,0.562032,FALSE
26-02-1994 08:00,5.68,0.001,0.490752,FALSE
27-02-1994 08:00,5.222,0.001,0.4511808,FALSE
28-02-1994 08:00,4.333,0.002,0.7487424,FALSE
01-03-1994 08:00,3.866,0.008,2.6721792,FALSE
02-03-1994 08:00,3.291,0.008,2.2747392,FALSE
03-03-1994 08:00,3.157,0.007,1.9093536,FALSE
04-03-1994 08:00,2.604,0.006,1.3499136,FALSE
05-03-1994 08:00,2.303,0.005,0.994896,FALSE
06-03-1994 08:00,2.022,0.004,0.6988032,FALSE
07-03-1994 08:00,1.837,0.005,0.793584,FALSE
08-03-1994 08:00,1.838,0.005,0.794016,FALSE
09-03-1994 08:00,1.654,0.008,1.1432448,FALSE
10-03-1994 08:00,1.47,0.006,0.762048,FALSE
11-03-1994 08:00,1.373,0.006,0.7117632,FALSE
12-03-1994 08:00,1.244,0.008,0.8598528,FALSE
13-03-1994 08:00,1.17,0.007,0.707616,FALSE
14-03-1994 08:00,1.159,0.007,0.7009632,FALSE
15-03-1994 08:00,1.105,0.007,0.668304,FALSE
16-03-1994 08:00,1.042,0.005,0.450144,FALSE
17-03-1994 08:00,1.004,0.006,0.5204736,FALSE
18-03-1994 08:00,0.968,0.005,0.418176,FALSE
19-03-1994 08:00,0.942,0.005,0.406944,FALSE
20-03-1994 08:00,0.926,0.005,0.400032,FALSE
21-03-1994 08:00,0.922,0.007,0.5576256,FALSE
22-03-1994 08:00,0.919,0.004,0.3176064,FALSE
23-03-1994 08:00,0.932,0.005,0.402624,FALSE
24-03-1994 08:00,0.944,0.004,0.3262464,FALSE
25-03-1994 08:00,0.96,0.004,0.331776,FALSE
26-03-1994 08:00,0.96,0.004,0.331776,FALSE
27-03-1994 08:00,0.96,0.004,0.331776,FALSE
28-03-1994 08:00,0.96,0.004,0.331776,FALSE
01-04-1994 08:00,1.038,0.008,0.7174656,FALSE
02-04-1994 08:00,1.038,0.008,0.7174656,FALSE
03-04-1994 08:00,1.008,0.008,0.6967296,FALSE
04-04-1994 08:00,1.272,0.006,0.6594048,FALSE
05-04-1994 08:00,1.349,0.006,0.6993216,FALSE
06-04-1994 08:00,3.179,0.005,1.373328,FALSE
07-04-1994 08:00,7.458,0.006,3.8662272,FALSE
08-04-1994 08:00,4.746,0.005,2.050272,FALSE
09-04-1994 08:00,4.019,0.005,1.736208,FALSE
10-04-1994 08:00,3.715,0.003,0.962928,FALSE
11-04-1994 08:00,18.87,0.0151,24.6185568,FALSE
12-04-1994 08:00,16.37,0.018,25.458624,FALSE
13-04-1994 08:00,16.81,0.0148,21.4952832,FALSE
14-04-1994 08:00,12.32,0.0135,14.370048,FALSE
15-04-1994 08:00,12.18,0.0137,14.4172224,FALSE
16-04-1994 08:00,11,0.006,5.7024,FALSE
17-04-1994 08:00,22.01,0.004,7.606656,FALSE
18-04-1994 08:00,20.67,0.004,7.143552,FALSE
19-04-1994 08:00,16.66,0.005,7.19712,FALSE
20-04-1994 08:00,12.45,0.003,3.22704,FALSE
21-04-1994 08:00,9.858,0.002,1.7034624,FALSE
22-04-1994 08:00,8.097,0.003,2.0987424,FALSE
23-04-1994 08:00,7.763,0.003,2.0121696,FALSE
24-04-1994 08:00,7.654,0.003,1.9839168,FALSE
25-04-1994 08:00,6.809,0.003,1.7648928,FALSE
26-04-1994 08:00,5.453,0.002,0.9422784,FALSE
27-04-1994 08:00,4.659,0.003,1.2076128,FALSE
28-04-1994 08:00,4.172,0.003,1.0813824,FALSE
29-04-1994 08:00,4.412,0.003,1.1435904,FALSE
30-04-1994 08:00,6.585,0.004,2.275776,FALSE
01-05-1994 08:00,10.25,0.004,3.5424,FALSE
02-05-1994 08:00,8.321,0.003,2.1568032,FALSE
03-05-1994 08:00,5.917,0.004,2.0449152,FALSE
04-05-1994 08:00,4.831,0.006,2.5043904,FALSE
05-05-1994 08:00,3.866,0.003,1.0020672,FALSE
06-05-1994 08:00,3.291,0.008,2.2747392,FALSE
07-05-1994 08:00,2.962,0.01,2.559168,FALSE
08-05-1994 08:00,3.428,0.005,1.480896,FALSE
09-05-1994 08:00,3.291,0.002,0.5686848,FALSE
10-05-1994 08:00,4.256,0.004,1.4708736,FALSE
11-05-1994 08:00,4.333,0.003,1.1231136,FALSE
12-05-1994 08:00,2.968,0.001,0.2564352,FALSE
13-05-1994 08:00,2.375,0.002,0.4104,FALSE
14-05-1994 08:00,2.067,0.002,0.3571776,FALSE
15-05-1994 08:00,1.795,0.002,0.310176,FALSE
16-05-1994 08:00,5.68,0.002,0.981504,FALSE
17-05-1994 08:00,6.309,0.003,1.6352928,FALSE
18-05-1994 08:00,5.091,0.001,0.4398624,FALSE
19-05-1994 08:00,4.578,0.003,1.1866176,FALSE
20-05-1994 08:00,3.715,0.004,1.283904,FALSE
21-05-1994 08:00,2.962,0.003,0.7677504,FALSE
22-05-1994 08:00,2.656,0.005,1.147392,FALSE
23-05-1994 08:00,2.268,0.006,1.1757312,FALSE
24-05-1994 08:00,7.772,0.006,4.0290048,FALSE
25-05-1994 08:00,8.102,0.005,3.500064,FALSE
26-05-1994 08:00,7.34,0.003,1.902528,FALSE
27-05-1994 08:00,8.104,0.004,2.8007424,FALSE
28-05-1994 08:00,15.91,0.005,6.87312,FALSE
29-05-1994 08:00,57.58,0.0041,20.3971392,FALSE
30-05-1994 08:00,50,0.011,47.52,FALSE
31-05-1994 08:00,51.03,0.06256,275.8265395,FALSE
05-06-1994 08:00,122.4,0.0271,286.592256,FALSE
06-06-1994 08:00,235.2,0.048,975.42144,FALSE
07-06-1994 08:00,294.2,0.0592,1504.797696,FALSE
08-06-1994 08:00,173.3,0.0364,545.021568,FALSE
09-06-1994 08:00,113.8,0.0256,251.707392,FALSE
10-06-1994 08:00,148.2,0.0319,408.462912,FALSE
11-06-1994 08:00,151.3,0.0325,424.8504,FALSE
12-06-1994 08:00,214.8,0.0443,822.151296,FALSE
15-06-1994 08:00,84.19,0.0221,160.7557536,FALSE
16-06-1994 08:00,82.5,0.0198,141.1344,FALSE
19-06-1994 08:00,87.61,0.0208,157.4456832,FALSE
20-06-1994 08:00,65.19,0.0166,93.4981056,FALSE
26-06-1994 08:00,80.41,0.01,69.47424,FALSE
03-07-1994 08:00,135.1,0.0295,344.34288,FALSE
10-07-1994 08:00,58.8,0.0155,78.74496,FALSE
17-07-1994 08:00,301.3,0.0606,1577.558592,FALSE
24-07-1994 08:00,102.7,0.0198,175.690944,FALSE
31-07-1994 08:00,288.4,0.0581,1447.721856,FALSE
07-08-1994 08:00,174.4,0.0367,553.001472,FALSE
10-08-1994 08:00,84.19,0.0092,66.9209472,FALSE
14-08-1994 08:00,40.12,0.0105,36.396864,FALSE
15-08-1994 08:00,34.43,0.0112,33.3172224,FALSE
16-08-1994 08:00,30.51,0.0104,27.4150656,FALSE
17-08-1994 08:00,30.24,0.0075,19.59552,FALSE
20-08-1994 08:00,37.67,0.0055,17.900784,FALSE
21-08-1994 08:00,46.88,0.0079,31.9984128,FALSE
28-08-1994 08:00,46.88,0.0134,54.2757888,FALSE
29-08-1994 08:00,45.55,0.0132,51.948864,FALSE
04-09-1994 08:00,101.8,0.0233,204.935616,FALSE
11-09-1994 08:00,64.8,0.0066,36.951552,FALSE
16-09-1994 08:00,23.87,0.0033,6.8058144,FALSE
18-09-1994 08:00,18.53,0.0032,5.1231744,FALSE
25-09-1994 08:00,12.5,0.0066,7.128,FALSE
02-10-1994 08:00,89.33,0.0211,162.8521632,FALSE
09-10-1994 08:00,78.75,0.0192,130.6368,FALSE
13-10-1994 08:00,217.1,0.0447,838.457568,FALSE
14-10-1994 08:00,181.9,0.038,597.21408,FALSE
16-10-1994 08:00,102.7,0.0236,209.409408,FALSE
23-10-1994 08:00,77.51,0.019,127.240416,FALSE
30-10-1994 08:00,151.3,0.0325,424.8504,FALSE
02-11-1994 08:00,128.2,0.0283,313.464384,FALSE
06-11-1994 08:00,205.9,0.0427,759.622752,FALSE
10-11-1994 08:00,46.88,0.004,16.201728,FALSE
11-11-1994 08:00,36.48,0.0028,8.8252416,FALSE
12-11-1994 08:00,28.9,0.003,7.49088,FALSE
13-11-1994 08:00,24.84,0.0031,6.6531456,FALSE
14-11-1994 08:00,21.33,0.0031,5.7130272,FALSE
15-11-1994 08:00,18.12,0.0018,2.8180224,FALSE
16-11-1994 08:00,15.78,0.0036,4.9082112,FALSE
17-11-1994 08:00,14.33,0.0018,2.2286016,FALSE
18-11-1994 08:00,12.98,0.0022,2.4672384,FALSE
20-11-1994 08:00,10.56,0.0063,5.7480192,FALSE
27-11-1994 08:00,8.317,0.004,2.8743552,FALSE
28-11-1994 08:00,14.69,0.0046,5.8383936,FALSE
29-11-1994 08:00,13.31,0.0052,5.9799168,FALSE
02-12-1994 08:00,14.93,0.006,7.739712,FALSE
04-12-1994 08:00,10.35,0.0063,5.633712,FALSE
11-12-1994 08:00,5.118,0.0057,2.52051264,FALSE
18-12-1994 08:00,3.083,0.0025,0.665928,FALSE
25-12-1994 08:00,1.882,0.0053,0.86180544,FALSE
27-12-1994 08:00,1.753,0.0052,0.78758784,FALSE
01-01-1995 08:00,1.281,0.0052,0.57552768,FALSE
08-01-1995 08:00,0.927,0.0051,0.40847328,FALSE
15-01-1995 08:00,1.174,0.0052,0.52745472,FALSE
22-01-1995 08:00,1.227,0.0052,0.55126656,FALSE
26-01-1995 08:00,0.792,0.0051,0.34898688,FALSE
29-01-1995 08:00,0.479,0,0,TRUE
05-02-1995 08:00,0.412,0,0,TRUE
12-02-1995 08:00,0.185,0,0,TRUE
09-04-1995 08:00,8.064,0.006,4.1803776,FALSE
11-04-1995 08:00,4.045,0.0055,1.922184,FALSE
12-04-1995 08:00,4.458,0.0056,2.15695872,FALSE
13-04-1995 08:00,5.108,0.0057,2.51558784,FALSE
14-04-1995 08:00,11.9,0.0065,6.68304,FALSE
16-04-1995 08:00,27.87,0.0085,20.467728,FALSE
23-04-1995 08:00,6.271,0.0058,3.14252352,FALSE
29-04-1995 08:00,17.3,0.0098,14.648256,FALSE
30-04-1995 08:00,11.9,0.0065,6.68304,FALSE
07-05-1995 08:00,254.6,0.0517,1137.267648,FALSE
08-05-1995 08:00,192.1,0.04,663.8976,FALSE
10-05-1995 08:00,472.6,0.0936,3821.935104,FALSE
14-05-1995 08:00,134,0.0292,338.06592,FALSE
21-05-1995 08:00,28.1,0.01,24.2784,FALSE
28-05-1995 08:00,39.78,0.0121,41.5876032,FALSE
04-06-1995 08:00,17,0.0076,11.16288,FALSE
09-06-1995 08:00,18.2,0.0069,10.850112,FALSE
11-06-1995 08:00,76,0.0216,141.83424,FALSE
18-06-1995 08:00,284,0.0465,1140.9984,FALSE
25-06-1995 08:00,60,0.0069,35.7696,FALSE
02-07-1995 08:00,326,0.0284,799.92576,FALSE
09-07-1995 08:00,114,0.0161,158.57856,FALSE
16-07-1995 08:00,95,0.0108,88.6464,FALSE
23-07-1995 08:00,61,0.0055,28.9872,FALSE
30-07-1995 08:00,558,0.0597,2878.20864,FALSE
06-08-1995 08:00,141,0.051,621.3024,FALSE
09-08-1995 08:00,220,0.0412,783.1296,FALSE
13-08-1995 08:00,79,0.0133,90.78048,FALSE
15-08-1995 08:00,51,0.0068,29.96352,FALSE
18-08-1995 08:00,93,0.021,168.7392,FALSE
20-08-1995 08:00,101,0.0268,233.86752,FALSE
27-08-1995 08:00,325,0.0494,1387.152,FALSE
01-09-1995 08:00,334,0.05,1442.88,FALSE
03-09-1995 08:00,256,0.0443,979.84512,FALSE
05-09-1995 08:00,196,0.0388,657.05472,FALSE
06-09-1995 08:00,176,0.0366,556.55424,FALSE
10-09-1995 08:00,87,0.009,67.6512,FALSE
15-09-1995 08:00,28,0.0021,5.08032,FALSE
17-09-1995 08:00,188,0.038,617.2416,FALSE
24-09-1995 08:00,91,0.022,172.9728,FALSE
01-10-1995 08:00,24,0.0028,5.80608,FALSE
02-10-1995 08:00,23,0.0027,5.36544,FALSE
03-10-1995 08:00,21,0.0025,4.536,FALSE
08-10-1995 08:00,128,0.0309,341.72928,FALSE
12-10-1995 08:00,75,0.021,136.08,FALSE
15-10-1995 08:00,36,0.0033,10.26432,FALSE
22-10-1995 08:00,109,0.0277,260.86752,FALSE
23-10-1995 08:00,128,0.0306,338.41152,FALSE
29-10-1995 08:00,42,0.0096,34.83648,FALSE
05-11-1995 08:00,98,0.0262,221.84064,FALSE
07-11-1995 08:00,86,0.0239,177.58656,FALSE
11-11-1995 08:00,54.5,0.0136,64.03968,FALSE
12-11-1995 08:00,56,0.014,67.7376,FALSE
13-11-1995 08:00,50,0.0115,49.68,FALSE
19-11-1995 08:00,33,0.0054,15.39648,FALSE
26-11-1995 08:00,16,0.0054,7.46496,FALSE
03-12-1995 08:00,9.47,0.0039,3.1910112,FALSE
10-12-1995 08:00,5.5,0.0045,2.1384,FALSE
17-12-1995 08:00,3,0.0037,0.95904,FALSE
24-12-1995 08:00,2,0.0041,0.70848,FALSE
25-12-1995 08:00,1,0.0069,0.59616,FALSE
30-12-1995 08:00,1.15,0.003,0.29808,FALSE
31-12-1995 08:00,1.15,0.003,0.29808,FALSE
07-01-1996 08:00,1,0.0026,0.22464,FALSE
14-01-1996 08:00,0.3,0.0006,0.015552,FALSE
15-01-1996 08:00,0.9,0.0023,0.178848,FALSE
21-01-1996 08:00,0.9,0.0023,0.178848,FALSE
26-01-1996 08:00,0.4,0.001,0.03456,FALSE
28-01-1996 08:00,0.5,0.0012,0.05184,FALSE
04-02-1996 08:00,0.1,0.0001,0.000864,FALSE
11-02-1996 08:00,0.05,0,0,TRUE
18-02-1996 08:00,0.01,0,0,TRUE
15-04-1996 08:00,11.5,0.0208,20.66688,FALSE
21-04-1996 08:00,17.5,0.0131,19.8072,FALSE
27-04-1996 08:00,17,0.0127,18.65376,FALSE
28-04-1996 08:00,18,0.0135,20.9952,FALSE
29-04-1996 08:00,9.7,0.0073,6.117984,FALSE
03-05-1996 08:00,55,0.0439,208.6128,FALSE
05-05-1996 08:00,24,0.0181,37.53216,FALSE
12-05-1996 08:00,4.5,0.004,1.5552,FALSE
19-05-1996 08:00,1.7,0.0045,0.66096,FALSE
26-05-1996 08:00,1.2,0.0058,0.601344,FALSE
28-05-1996 08:00,1.2,0.0058,0.601344,FALSE
02-06-1996 08:00,17,0.0066,9.69408,FALSE
09-06-1996 08:00,10.5,0.0068,6.16896,FALSE
13-06-1996 08:00,61,0.0218,114.89472,FALSE
16-06-1996 08:00,136,0.0274,321.96096,FALSE
23-06-1996 08:00,172,0.0141,209.53728,FALSE
26-06-1996 08:00,61,0.0072,37.94688,FALSE
30-06-1996 08:00,32,0.0068,18.80064,FALSE
07-07-1996 08:00,12,0.003,3.1104,FALSE
14-07-1996 08:00,96,0.0145,120.2688,FALSE
21-07-1996 08:00,440,0.075,2851.2,FALSE
28-07-1996 08:00,228,0.0267,525.96864,FALSE
29-07-1996 08:00,168,0.0207,300.46464,FALSE
01-08-1996 08:00,140,0.0213,257.6448,FALSE
04-08-1996 08:00,70,0.0118,71.3664,FALSE
11-08-1996 08:00,42,0.0085,30.8448,FALSE
15-08-1996 08:00,160,0.048,663.552,FALSE
18-08-1996 08:00,253,0.0656,1433.96352,FALSE
25-08-1996 08:00,146,0.0543,684.96192,FALSE
27-08-1996 08:00,126,0.0309,336.38976,FALSE
28-08-1996 08:00,56,0.0141,68.22144,FALSE
01-09-1996 08:00,54,0.0205,95.6448,FALSE
02-09-1996 08:00,62,0.0374,200.34432,FALSE
03-09-1996 08:00,50,0.0302,130.464,FALSE
04-09-1996 08:00,86,0.0519,385.63776,FALSE
08-09-1996 08:00,120,0.0143,148.2624,FALSE
10-09-1996 08:00,86,0.0125,92.88,FALSE
11-09-1996 08:00,62,0.0138,73.92384,FALSE
15-09-1996 08:00,72,0.0052,32.34816,FALSE
21-09-1996 08:00,116,0.0121,121.27104,FALSE
22-09-1996 08:00,136,0.0142,166.85568,FALSE
29-09-1996 08:00,500,0.1363,5888.16,FALSE
01-10-1996 08:00,172,0.0247,367.06176,FALSE
02-10-1996 08:00,116,0.0213,213.47712,FALSE
06-10-1996 08:00,36,0.0058,18.04032,FALSE
13-10-1996 08:00,150,0.0272,352.512,FALSE
16-10-1996 08:00,146,0.0286,360.77184,FALSE
20-10-1996 08:00,280,0.046,1112.832,FALSE
21-10-1996 08:00,172,0.0638,948.11904,FALSE
27-10-1996 08:00,42,0.0089,32.29632,FALSE
03-11-1996 08:00,17.5,0.0034,5.1408,FALSE
10-11-1996 08:00,17,0.0025,3.672,FALSE
16-11-1996 08:00,26,0.0064,14.37696,FALSE
17-11-1996 08:00,20,0.005,8.64,FALSE
24-11-1996 08:00,46,0.0068,27.02592,FALSE
25-11-1996 08:00,42,0.0062,22.49856,FALSE
01-12-1996 08:00,29,0.0037,9.27072,FALSE
08-12-1996 08:00,10.5,0.0065,5.8968,FALSE
15-12-1996 08:00,42.5,0.0225,82.62,FALSE
22-12-1996 08:00,28.5,0.0037,9.11088,FALSE
25-12-1996 08:00,19,0.0039,6.40224,FALSE
26-12-1996 08:00,17.5,0.0036,5.4432,FALSE
29-12-1996 08:00,12,0.0025,2.592,FALSE
05-01-1997 08:00,6.5,0.002,1.1232,FALSE
12-01-1997 08:00,5,0.0044,1.9008,FALSE
19-01-1997 08:00,3,0.0041,1.06272,FALSE
20-01-1997 08:00,3,0.0041,1.06272,FALSE
21-01-1997 08:00,2.9,0.004,1.00224,FALSE
23-01-1997 08:00,2.5,0.0045,0.972,FALSE
26-01-1997 08:00,2.5,0.0037,0.7992,FALSE
02-02-1997 08:00,1.1,0.0076,0.722304,FALSE
09-02-1997 08:00,1,0.0044,0.38016,FALSE
16-02-1997 08:00,0.4,0.0037,0.127872,FALSE
26-03-1997 08:00,1.5,0.0043,0.55728,FALSE
28-03-1997 08:00,1,0.004,0.3456,FALSE
30-03-1997 08:00,1,0.0048,0.41472,FALSE
06-04-1997 08:00,3.5,0.0107,3.23568,FALSE
13-04-1997 08:00,6,0.0047,2.43648,FALSE
14-04-1997 08:00,5,0.006,2.592,FALSE
18-04-1997 08:00,2,0.0054,0.93312,FALSE
20-04-1997 08:00,2.2,0.0062,1.178496,FALSE
27-04-1997 08:00,3.5,0.0041,1.23984,FALSE
01-05-1997 08:00,12,0.0063,6.53184,FALSE
04-05-1997 08:00,30,0.0125,32.4,FALSE
05-05-1997 08:00,5,0.0242,10.4544,FALSE
11-05-1997 08:00,75,0.0102,66.096,FALSE
16-05-1997 08:00,45,0.0143,55.5984,FALSE
17-05-1997 08:00,39,0.0107,36.05472,FALSE
18-05-1997 08:00,26.5,0.0073,16.71408,FALSE
22-05-1997 08:00,10.1,0.0024,2.094336,FALSE
25-05-1997 08:00,9,0.0021,1.63296,FALSE
01-06-1997 08:00,12,0.002,2.0736,FALSE
08-06-1997 08:00,18,0.0121,18.81792,FALSE
15-06-1997 08:00,52,0.0207,93.00096,FALSE
22-06-1997 08:00,12,0.0057,5.90976,FALSE
27-06-1997 08:00,52,0.0153,68.73984,FALSE
29-06-1997 08:00,86,0.0684,508.23936,FALSE
06-07-1997 08:00,100.5,0.036,312.5952,FALSE
13-07-1997 08:00,80,0.0127,87.7824,FALSE
17-07-1997 08:00,104,0.0145,130.2912,FALSE
20-07-1997 08:00,197,0.0923,1571.01984,FALSE
27-07-1997 08:00,332,0.0262,751.54176,FALSE
03-08-1997 08:00,165,0.0315,449.064,FALSE
10-08-1997 08:00,130.5,0.0112,126.28224,FALSE
15-08-1997 08:00,40,0.0076,26.2656,FALSE
17-08-1997 08:00,90,0.0115,89.424,FALSE
24-08-1997 08:00,103,0.0135,120.1392,FALSE
31-08-1997 08:00,162,0.0098,137.16864,FALSE
07-09-1997 08:00,28.5,0.0024,5.90976,FALSE
14-09-1997 08:00,129,0.0367,409.04352,FALSE
21-09-1997 08:00,246,0.0417,886.30848,FALSE
28-09-1997 08:00,51,0.0084,37.01376,FALSE
02-10-1997 08:00,26,0.0052,11.68128,FALSE
05-10-1997 08:00,12,0.001,1.0368,FALSE
10-10-1997 08:00,66,0.0631,359.82144,FALSE
11-10-1997 08:00,54,0.0516,240.74496,FALSE
12-10-1997 08:00,54,0.0516,240.74496,FALSE
19-10-1997 08:00,80,0.0147,101.6064,FALSE
26-10-1997 08:00,90,0.0403,313.3728,FALSE
30-10-1997 08:00,255,0.069,1520.208,FALSE
02-11-1997 08:00,206,0.0405,720.8352,FALSE
09-11-1997 08:00,195,0.0981,1652.7888,FALSE
14-11-1997 08:00,73.5,0.018,114.3072,FALSE
16-11-1997 08:00,59,0.0562,286.48512,FALSE
19-11-1997 08:00,63,0.0212,115.39584,FALSE
21-11-1997 08:00,41,0.0051,18.06624,FALSE
23-11-1997 08:00,40,0.0052,17.9712,FALSE
30-11-1997 08:00,67,0.0171,98.98848,FALSE
07-12-1997 08:00,28,0.0084,20.32128,FALSE
14-12-1997 08:00,18,0.0065,10.1088,FALSE
17-12-1997 08:00,10.5,0.0027,2.44944,FALSE
21-12-1997 08:00,24.5,0.0185,39.1608,FALSE
24-12-1997 08:00,33,0.007,19.9584,FALSE
25-12-1997 08:00,21.5,0.006,11.1456,FALSE
28-12-1997 08:00,12.75,0.0034,3.74544,FALSE
31-12-1997 08:00,8.5,0.0033,2.42352,FALSE
04-01-1998 08:00,6,0.003,1.5552,FALSE
11-01-1998 08:00,2.8,0.0021,0.508032,FALSE
18-01-1998 08:00,2.5,0.0053,1.1448,FALSE
25-01-1998 08:00,7.8,0.0048,3.234816,FALSE
26-01-1998 08:00,4,0.0064,2.21184,FALSE
27-01-1998 08:00,3.5,0.0055,1.6632,FALSE
29-01-1998 08:00,2.5,0.0046,0.9936,FALSE
31-01-1998 08:00,2,0.0033,0.57024,FALSE
01-02-1998 08:00,2,0.0117,2.02176,FALSE
02-02-1998 08:00,2,0.0117,2.02176,FALSE
08-02-1998 08:00,1,0.011,0.9504,FALSE
09-02-1998 08:00,0.8,0.0105,0.72576,FALSE
10-02-1998 08:00,0.5,0.0085,0.3672,FALSE
11-02-1998 08:00,0.5,0.0085,0.3672,FALSE
12-02-1998 08:00,0.5,0.0085,0.3672,FALSE
13-02-1998 08:00,0.5,0.0085,0.3672,FALSE
14-02-1998 08:00,0.5,0.0085,0.3672,FALSE
15-02-1998 08:00,0.3,0.0051,0.132192,FALSE
16-02-1998 08:00,0.2,0.0034,0.058752,FALSE
17-02-1998 08:00,0.2,0.0034,0.058752,FALSE
18-02-1998 08:00,0.2,0.0034,0.058752,FALSE
19-02-1998 08:00,0.2,0.0034,0.058752,FALSE
19-04-1998 08:00,2.2,0.0071,1.349568,FALSE
23-04-1998 08:00,0.5,0.0053,0.22896,FALSE
26-04-1998 08:00,10,0.0174,15.0336,FALSE
03-05-1998 08:00,5.5,0.01,4.752,FALSE
07-05-1998 08:00,13.5,0.0112,13.06368,FALSE
10-05-1998 08:00,23.5,0.0203,41.21712,FALSE
11-05-1998 08:00,26.5,0.0332,76.01472,FALSE
17-05-1998 08:00,31.5,0.0108,29.39328,FALSE
24-05-1998 08:00,5.2,0.0081,3.639168,FALSE
26-05-1998 08:00,2.8,0.0064,1.548288,FALSE
27-05-1998 08:00,2.8,0.0075,1.8144,FALSE
28-05-1998 08:00,2.2,0.0085,1.61568,FALSE
29-05-1998 08:00,2,0.0096,1.65888,FALSE
31-05-1998 08:00,2,0.0106,1.83168,FALSE
07-06-1998 08:00,7,0.0091,5.50368,FALSE
14-06-1998 08:00,31.5,0.0057,15.51312,FALSE
21-06-1998 08:00,55.5,0.0078,37.40256,FALSE
28-06-1998 08:00,495,0.0598,2557.5264,FALSE
05-07-1998 08:00,113,0.0195,190.3824,FALSE
08-07-1998 08:00,37.5,0.0047,15.228,FALSE
12-07-1998 08:00,159,0.0182,250.02432,FALSE
19-07-1998 08:00,170.5,0.0305,449.3016,FALSE
26-07-1998 08:00,146,0.0103,129.92832,FALSE
02-08-1998 08:00,133,0.0232,266.59584,FALSE
09-08-1998 08:00,101,0.0123,107.33472,FALSE
11-08-1998 08:00,125,0.0283,305.64,FALSE
12-08-1998 08:00,179,0.0429,663.47424,FALSE
15-08-1998 08:00,101,0.0046,40.14144,FALSE
16-08-1998 08:00,156,0.032,431.3088,FALSE
23-08-1998 08:00,224,0.026,503.1936,FALSE
30-08-1998 08:00,47,0.004,16.2432,FALSE
01-09-1998 08:00,128,0.0546,603.83232,FALSE
04-09-1998 08:00,71,0.0136,83.42784,FALSE
06-09-1998 08:00,195,0.0523,881.1504,FALSE
07-09-1998 08:00,151,0.0354,461.84256,FALSE
13-09-1998 08:00,160.5,0.0244,338.35968,FALSE
20-09-1998 08:00,64.5,0.0073,40.68144,FALSE
27-09-1998 08:00,83,0.0168,120.47616,FALSE
01-10-1998 08:00,129,0.0285,317.6496,FALSE
02-10-1998 08:00,89,0.0255,196.0848,FALSE
04-10-1998 08:00,75,0.017,110.16,FALSE
07-10-1998 08:00,44,0.0109,41.43744,FALSE
11-10-1998 08:00,203,0.0567,994.47264,FALSE
14-10-1998 08:00,235,0.0283,574.6032,FALSE
18-10-1998 08:00,98.5,0.011,93.6144,FALSE
19-10-1998 08:00,76,0.0073,47.93472,FALSE
25-10-1998 08:00,23,0.0048,9.53856,FALSE
01-11-1998 08:00,127,0.0454,498.16512,FALSE
04-11-1998 08:00,40.5,0.0477,166.91184,FALSE
08-11-1998 08:00,69.5,0.0353,211.96944,FALSE
15-11-1998 08:00,57,0.0147,72.39456,FALSE
22-11-1998 08:00,16,0.0028,3.87072,FALSE
29-11-1998 08:00,8,0.0087,6.01344,FALSE
06-12-1998 08:00,9.2,0.0042,3.338496,FALSE
13-12-1998 08:00,9.4,0.0096,7.796736,FALSE
20-12-1998 08:00,8.6,0.0106,7.876224,FALSE
21-12-1998 08:00,11.2,0.0149,14.418432,FALSE
22-12-1998 08:00,10.5,0.0137,12.42864,FALSE
23-12-1998 08:00,12,0.0156,16.17408,FALSE
24-12-1998 08:00,10.8,0.0143,13.343616,FALSE
25-12-1998 08:00,10.5,0.0137,12.42864,FALSE
27-12-1998 08:00,7,0.0078,4.71744,FALSE
31-12-1998 08:00,5.5,0.0074,3.51648,FALSE
03-01-1999 08:00,4.2,0.005,1.8144,FALSE
10-01-1999 08:00,2.6,0.0087,1.954368,FALSE
17-01-1999 08:00,2,0.0071,1.22688,FALSE
19-01-1999 08:00,1.6,0.0118,1.631232,FALSE
24-01-1999 08:00,1.5,0.0096,1.24416,FALSE
26-01-1999 08:00,0.8,0.008,0.55296,FALSE
31-01-1999 08:00,0.7,0.0063,0.381024,FALSE
07-02-1999 08:00,1.5,0.0046,0.59616,FALSE
14-02-1999 08:00,10.8,0.0058,5.412096,FALSE
21-02-1999 08:00,3.2,0.0026,0.718848,FALSE
28-02-1999 08:00,1.5,0.0061,0.79056,FALSE
07-03-1999 08:00,0.63,0.0088,0.4790016,FALSE
14-03-1999 08:00,0.51,0.0072,0.3172608,FALSE
21-03-1999 08:00,0.51,0.0072,0.3172608,FALSE
25-03-1999 08:00,0.39,0.0055,0.185328,FALSE
28-03-1999 08:00,0.23,0.0032,0.0635904,FALSE
29-03-1999 08:00,0.25,0.0035,0.0756,FALSE
08-04-1999 08:00,7.8,0.0162,10.917504,FALSE
11-04-1999 08:00,2.3,0.0062,1.232064,FALSE
14-04-1999 08:00,5.8,0.0126,6.314112,FALSE
15-04-1999 08:00,9.2,0.0224,17.805312,FALSE
18-04-1999 08:00,3.5,0.0137,4.14288,FALSE
25-04-1999 08:00,30.4,0.0254,66.714624,FALSE
27-04-1999 08:00,92,0.0684,543.69792,FALSE
30-04-1999 08:00,24.2,0.0071,14.845248,FALSE
02-05-1999 08:00,15,0.0085,11.016,FALSE
09-05-1999 08:00,15.4,0.007,9.31392,FALSE
11-05-1999 08:00,12,0.0064,6.63552,FALSE
16-05-1999 08:00,9.2,0.0123,9.777024,FALSE
17-05-1999 08:00,9.3,0.0129,10.365408,FALSE
18-05-1999 08:00,9.4,0.0135,10.96416,FALSE
22-05-1999 08:00,47.5,0.0267,109.5768,FALSE
23-05-1999 08:00,61,0.0251,132.28704,FALSE
28-05-1999 08:00,292,0.0172,433.93536,FALSE
30-05-1999 08:00,226,0.009,175.7376,FALSE
06-06-1999 08:00,172,0.0406,603.34848,FALSE
13-06-1999 08:00,220.5,0.0417,794.43504,FALSE
20-06-1999 08:00,109,0.0154,145.03104,FALSE
26-06-1999 08:00,39,0.0057,19.20672,FALSE
27-06-1999 08:00,34,0.0043,12.63168,FALSE
04-07-1999 08:00,16.5,0.0034,4.84704,FALSE
11-07-1999 08:00,106.5,0.0095,87.4152,FALSE
18-07-1999 08:00,129,0.0279,310.96224,FALSE
25-07-1999 08:00,100,0.0217,187.488,FALSE
01-08-1999 08:00,180,0.0134,208.3968,FALSE
08-08-1999 08:00,68,0.0086,50.52672,FALSE
15-08-1999 08:00,32,0.0096,26.54208,FALSE
16-08-1999 08:00,40,0.012,41.472,FALSE
22-08-1999 08:00,26,0.0027,6.06528,FALSE
25-08-1999 08:00,20,0.0034,5.8752,FALSE
29-08-1999 08:00,31,0.006,16.0704,FALSE
03-09-1999 08:00,42,0.0087,31.57056,FALSE
05-09-1999 08:00,40,0.0084,29.0304,FALSE
11-09-1999 08:00,22,0.0036,6.84288,FALSE
12-09-1999 08:00,20,0.0034,5.8752,FALSE
16-09-1999 08:00,16.5,0.0028,3.99168,FALSE
19-09-1999 08:00,11,0.0075,7.128,FALSE
22-09-1999 08:00,9,0.0048,3.73248,FALSE
23-09-1999 08:00,8,0.0047,3.24864,FALSE
26-09-1999 08:00,7,0.0045,2.7216,FALSE
02-10-1999 08:00,56,0.0278,134.50752,FALSE
03-10-1999 08:00,67,0.0335,193.9248,FALSE
06-10-1999 08:00,114,0.0303,298.44288,FALSE
10-10-1999 08:00,93,0.0245,196.8624,FALSE
17-10-1999 08:00,212,0.0296,542.17728,FALSE
20-10-1999 08:00,280,0.0219,529.8048,FALSE
22-10-1999 08:00,258,0.0292,650.90304,FALSE
23-10-1999 08:00,184,0.036,572.3136,FALSE
24-10-1999 08:00,313,0.0442,1195.30944,FALSE
25-10-1999 08:00,293,0.0516,1306.26432,FALSE
31-10-1999 08:00,140,0.0193,233.4528,FALSE
01-11-1999 08:00,98,0.0206,174.42432,FALSE
06-11-1999 08:00,31,0.0061,16.33824,FALSE
07-11-1999 08:00,25,0.0058,12.528,FALSE
09-11-1999 08:00,22,0.0057,10.83456,FALSE
13-11-1999 08:00,13,0.0017,1.90944,FALSE
14-11-1999 08:00,11,0.0014,1.33056,FALSE
16-11-1999 08:00,10.5,0.0015,1.3608,FALSE
21-11-1999 08:00,12.5,0.0016,1.728,FALSE
23-11-1999 08:00,75,0.0172,111.456,FALSE
28-11-1999 08:00,15,0.0022,2.8512,FALSE
29-11-1999 08:00,16,0.0024,3.31776,FALSE
02-12-1999 08:00,7.8,0.0012,0.808704,FALSE
03-12-1999 08:00,6.45,0.001,0.55728,FALSE
04-12-1999 08:00,8.75,0.0014,1.0584,FALSE
05-12-1999 08:00,7.3,0.0012,0.756864,FALSE
08-12-1999 08:00,6.45,0.0046,2.563488,FALSE
09-12-1999 08:00,5.97,0.0028,1.4442624,FALSE
11-12-1999 08:00,5.3,0.0022,1.007424,FALSE
12-12-1999 08:00,4.8,0.002,0.82944,FALSE
18-12-1999 08:00,4.15,0.001,0.35856,FALSE
19-12-1999 08:00,4.15,0.001,0.35856,FALSE
25-12-1999 08:00,2.68,0.0014,0.3241728,FALSE
26-12-1999 08:00,2.5,0.0015,0.324,FALSE
02-01-2000 08:00,1.7,0.0025,0.3672,FALSE
08-01-2000 08:00,1.2,0.0023,0.238464,FALSE
09-01-2000 08:00,1.3,0.0025,0.2808,FALSE
13-01-2000 08:00,2.5,0.0034,0.7344,FALSE
14-01-2000 08:00,2.23,0.003,0.578016,FALSE
16-01-2000 08:00,1.48,0.0023,0.2941056,FALSE
18-01-2000 08:00,1.3,0.0023,0.258336,FALSE
19-01-2000 08:00,1.23,0.0023,0.2444256,FALSE
20-01-2000 08:00,1.1,0.0022,0.209088,FALSE
23-01-2000 08:00,0.8,0.0033,0.228096,FALSE
26-01-2000 08:00,0.6,0.0024,0.124416,FALSE
30-01-2000 08:00,0.5,0.0021,0.09072,FALSE
03-02-2000 08:00,0.4,0.0072,0.248832,FALSE
06-02-2000 08:00,0.5,0.0084,0.36288,FALSE
12-02-2000 08:00,1.25,0.0068,0.7344,FALSE
13-02-2000 08:00,1.7,0.0063,0.925344,FALSE
17-02-2000 08:00,2.5,0.0082,1.7712,FALSE
20-02-2000 08:00,1.5,0.0055,0.7128,FALSE
23-02-2000 08:00,0.7,0.0058,0.350784,FALSE
24-02-2000 08:00,0.6,0.0058,0.300672,FALSE
27-02-2000 08:00,10.2,0.0077,6.785856,FALSE
04-03-2000 08:00,2.1,0.006,1.08864,FALSE
05-03-2000 08:00,1.7,0.0058,0.851904,FALSE
11-03-2000 08:00,0.8,0.0025,0.1728,FALSE
12-03-2000 08:00,2.1,0.0076,1.378944,FALSE
14-03-2000 08:00,1.7,0.0055,0.80784,FALSE
17-03-2000 08:00,1.25,0.005,0.54,FALSE
19-03-2000 08:00,1.7,0.005,0.7344,FALSE
22-03-2000 08:00,0.8,0.004,0.27648,FALSE
26-03-2000 08:00,0.6,0.0038,0.196992,FALSE
02-04-2000 08:00,0.5,0.0035,0.1512,FALSE
08-04-2000 08:00,19.6,0.0086,14.563584,FALSE
09-04-2000 08:00,17.35,0.0086,12.891744,FALSE
14-04-2000 08:00,4.8,0.0055,2.28096,FALSE
16-04-2000 08:00,4.15,0.0055,1.97208,FALSE
21-04-2000 08:00,4.85,0.006,2.51424,FALSE
23-04-2000 08:00,4.85,0.0065,2.72376,FALSE
29-04-2000 08:00,2.68,0.006,1.389312,FALSE
30-04-2000 08:00,2.38,0.0058,1.1926656,FALSE
07-05-2000 08:00,1.38,0.01,1.19232,FALSE
10-05-2000 08:00,3.8,0.0065,2.13408,FALSE
14-05-2000 08:00,2.38,0.0065,1.336608,FALSE
18-05-2000 08:00,1.32,0.0039,0.4447872,FALSE
21-05-2000 08:00,5.3,0.0077,3.525984,FALSE
28-05-2000 08:00,3.95,0.0056,1.911168,FALSE
01-06-2000 08:00,4.033,0.0083,2.89214496,FALSE
03-06-2000 08:00,35.38,0.0207,63.2764224,FALSE
04-06-2000 08:00,29.04,0.0187,46.9193472,FALSE
05-06-2000 08:00,17.98,0.012,18.641664,FALSE
06-06-2000 08:00,24.97,0.051,110.027808,FALSE
10-06-2000 08:00,114.2,0.0158,155.896704,FALSE
11-06-2000 08:00,87.49,0.0153,115.6547808,FALSE
12-06-2000 08:00,75.96,0.0152,99.7567488,FALSE
15-06-2000 08:00,45.01,0.0118,45.8885952,FALSE
18-06-2000 08:00,40.08,0.0056,19.3923072,FALSE
25-06-2000 08:00,49.02,0.0113,47.8592064,FALSE
30-06-2000 08:00,110.9,0.0153,146.600928,FALSE
01-07-2000 08:00,166.5,0.0305,438.7608,FALSE
02-07-2000 08:00,174.9,0.0314,474.496704,FALSE
03-07-2000 08:00,228,0.0311,612.64512,FALSE
04-07-2000 08:00,138.4,0.0294,351.558144,FALSE
05-07-2000 08:00,91.24,0.027,212.844672,FALSE
08-07-2000 08:00,100.9,0.0361,314.711136,FALSE
09-07-2000 08:00,100.5,0.0361,313.46352,FALSE
13-07-2000 08:00,87.49,0.0398,300.8536128,FALSE
15-07-2000 08:00,49.89,0.0305,131.470128,FALSE
16-07-2000 08:00,37.44,0.0198,64.0493568,FALSE
19-07-2000 08:00,25.19,0.0219,47.6635104,FALSE
23-07-2000 08:00,15.03,0.0166,21.5566272,FALSE
24-07-2000 08:00,13.99,0.0165,19.944144,FALSE
25-07-2000 08:00,11.99,0.0164,16.9893504,FALSE
28-07-2000 08:00,9.819,0.0153,12.97993248,FALSE
29-07-2000 08:00,10.73,0.0162,15.0185664,FALSE
30-07-2000 08:00,10.12,0.0154,13.4652672,FALSE
02-08-2000 08:00,11.83,0.0161,16.4560032,FALSE
06-08-2000 08:00,21.56,0.0312,58.1188608,FALSE
12-08-2000 08:00,79.85,0.0148,102.105792,FALSE
13-08-2000 08:00,65.77,0.0145,82.396656,FALSE
15-08-2000 08:00,53.76,0.024,111.476736,FALSE
19-08-2000 08:00,156,0.0123,165.78432,FALSE
20-08-2000 08:00,122.2,0.0273,288.235584,FALSE
21-08-2000 08:00,119.3,0.0582,599.897664,FALSE
22-08-2000 08:00,142.1,0.0296,363.412224,FALSE
26-08-2000 08:00,888.5,0.0975,7484.724,FALSE
27-08-2000 08:00,719.4,0.0444,2759.733504,FALSE
01-09-2000 08:00,84.91,0.0266,195.1435584,FALSE
03-09-2000 08:00,48.44,0.023,96.259968,FALSE
09-09-2000 08:00,18.37,0.0092,14.6019456,FALSE
10-09-2000 08:00,16.85,0.0102,14.849568,FALSE
15-09-2000 08:00,10.42,0.015,13.50432,FALSE
16-09-2000 08:00,18.75,0.0092,14.904,FALSE
17-09-2000 08:00,27.2,0.0187,43.946496,FALSE
24-09-2000 08:00,101.3,0.0276,241.564032,FALSE
30-09-2000 08:00,119.3,0.0157,161.828064,FALSE
01-10-2000 08:00,125.2,0.0158,170.913024,FALSE
02-10-2000 08:00,168.5,0.0153,222.74352,FALSE
04-10-2000 08:00,125.2,0.0246,266.105088,FALSE
07-10-2000 08:00,56.83,0.0235,115.387632,FALSE
08-10-2000 08:00,56.21,0.0235,114.128784,FALSE
09-10-2000 08:00,78.07,0.0262,176.7254976,FALSE
14-10-2000 08:00,29.51,0.0188,47.9336832,FALSE
15-10-2000 08:00,34.63,0.0193,57.7462176,FALSE
22-10-2000 08:00,34.37,0.0195,57.906576,FALSE
26-10-2000 08:00,34.37,0.0195,57.906576,FALSE
29-10-2000 08:00,18.17,0.0172,27.0020736,FALSE
05-11-2000 08:00,10.42,0.0156,14.0444928,FALSE
08-11-2000 08:00,8.383,0.0152,11.00922624,FALSE
11-11-2000 08:00,6.044,0.0142,7.41526272,FALSE
12-11-2000 08:00,5.804,0.0144,7.22110464,FALSE
13-11-2000 08:00,5.804,0.0144,7.22110464,FALSE
19-11-2000 08:00,3.536,0.0131,4.00218624,FALSE
22-11-2000 08:00,8.383,0.0152,11.00922624,FALSE
26-11-2000 08:00,5.108,0.014,6.1786368,FALSE
03-12-2000 08:00,5.055,0.0098,4.2801696,FALSE
09-12-2000 08:00,2.625,0.0084,1.90512,FALSE
10-12-2000 08:00,2.33,0.0079,1.5903648,FALSE
17-12-2000 08:00,1.562,0.0095,1.2820896,FALSE
24-12-2000 08:00,1.144,0.0076,0.75119616,FALSE
25-12-2000 08:00,1.097,0.0075,0.710856,FALSE
26-12-2000 08:00,1.051,0.0075,0.681048,FALSE
27-12-2000 08:00,1.144,0.0075,0.741312,FALSE
31-12-2000 08:00,3.821,0.0091,3.00422304,FALSE
07-01-2001 08:00,5.988,0.0104,5.38057728,FALSE
14-01-2001 08:00,2.33,0.0079,1.5903648,FALSE
21-01-2001 08:00,1.678,0.0126,1.82673792,FALSE
26-01-2001 08:00,1.144,0.0061,0.60293376,FALSE
28-01-2001 08:00,1.562,0.006,0.8097408,FALSE
04-02-2001 08:00,1.242,0.0045,0.4828896,FALSE
11-02-2001 08:00,1.798,0.0026,0.40390272,FALSE
18-02-2001 08:00,0.653,0.0027,0.15233184,FALSE
21-02-2001 08:00,1.2416,0.0103,1.104924672,FALSE
23-02-2001 08:00,0.358,0.001,0.0309312,FALSE
25-02-2001 08:00,0.311,0.0007,0.01880928,FALSE
27-02-2001 08:00,0.268,0.0004,0.00926208,FALSE
04-03-2001 08:00,0.175,0,0,TRUE
06-03-2001 08:00,0.13,0,0,TRUE
11-03-2001 08:00,0.092,0,0,TRUE
15-03-2001 08:00,0.045,0,0,TRUE
16-03-2001 08:00,0.038,0,0,TRUE
17-03-2001 08:00,0.032,0,0,TRUE
18-03-2001 08:00,0.045,0,0,TRUE
20-03-2001 08:00,0.032,0,0,TRUE
21-03-2001 08:00,0.021,0,0,TRUE
22-03-2001 08:00,0.021,0,0,TRUE
06-04-2001 08:00,0.021,0,0,TRUE
07-04-2001 08:00,1.396,0.0109,1.31469696,FALSE
08-04-2001 08:00,2.475,0.0079,1.689336,FALSE
13-04-2001 08:00,13.96,0.0127,15.3180288,FALSE
15-04-2001 08:00,32,0.0058,16.03584,FALSE
20-04-2001 08:00,81.54,0.022,154.991232,FALSE
21-04-2001 08:00,77.27,0.0222,148.2100416,FALSE
22-04-2001 08:00,48.5,0.0195,81.7128,FALSE
29-04-2001 08:00,66.19,0.0219,125.2420704,FALSE
06-05-2001 08:00,10.65,0.0125,11.502,FALSE
07-05-2001 08:00,9.029,0.0122,9.51728832,FALSE
10-05-2001 08:00,5.5,0.007,3.3264,FALSE
13-05-2001 08:00,4.835,0.0096,4.0103424,FALSE
20-05-2001 08:00,2.625,0.0084,1.90512,FALSE
27-05-2001 08:00,4.835,0.0096,4.0103424,FALSE
31-05-2001 08:00,87.07,0.0256,192.5849088,FALSE
03-06-2001 08:00,19.59,0.0211,35.7133536,FALSE
04-06-2001 08:00,16.65,0.0211,30.353616,FALSE
07-06-2001 08:00,135.3,0.0317,370.570464,FALSE
08-06-2001 08:00,135.3,0.0293,342.514656,FALSE
10-06-2001 08:00,91.99,0.0117,92.9908512,FALSE
12-06-2001 08:00,215.5,0.028,521.3376,FALSE
17-06-2001 08:00,96.74,0.0138,115.3450368,FALSE
23-06-2001 08:00,171.7,0.0272,403.508736,FALSE
24-06-2001 08:00,247.2,0.0307,655.693056,FALSE
01-07-2001 08:00,123.2,0.0055,58.54464,FALSE
08-07-2001 08:00,393.3,0.0545,1851.97104,FALSE
12-07-2001 08:00,339.4,0.0328,961.832448,FALSE
15-07-2001 08:00,98.33,0.0057,48.4255584,FALSE
22-07-2001 08:00,27.23,0.0025,5.88168,FALSE
29-07-2001 08:00,104.8,0.0084,76.059648,FALSE
05-08-2001 08:00,212.5,0.0209,383.724,FALSE
12-08-2001 08:00,39.18,0.0036,12.1865472,FALSE
15-08-2001 08:00,53.98,0.0039,18.1891008,FALSE
19-08-2001 08:00,67.91,0.0049,28.7503776,FALSE
26-08-2001 08:00,107.3,0.0085,78.80112,FALSE
31-08-2001 08:00,55.33,0.0036,17.2098432,FALSE
02-09-2001 08:00,36.75,0.0034,10.79568,FALSE
09-09-2001 08:00,11.64,0.0021,2.1119616,FALSE
16-09-2001 08:00,4.224,0.0018,0.65691648,FALSE
17-09-2001 08:45,3.75,0.0017,0.5508,FALSE
23-09-2001 08:00,37.96,0.0143,46.9003392,FALSE
30-09-2001 08:00,133.5,0.0146,168.40224,FALSE
02-10-2001 08:00,259.9,0.0181,406.442016,FALSE
07-10-2001 08:00,40.42,0.0027,9.4291776,FALSE
14-10-2001 08:00,92.78,0.0071,56.9149632,FALSE
21-10-2001 08:00,109.7,0.0084,79.615872,FALSE
25-10-2001 08:00,167,0.0145,209.2176,FALSE
26-10-2001 08:00,146.8,0.0121,153.470592,FALSE
28-10-2001 08:00,139.3,0.0063,75.823776,FALSE
04-11-2001 08:00,79.69,0.0091,62.6554656,FALSE
11-11-2001 08:00,186.9,0.0174,280.977984,FALSE
14-11-2001 08:00,74.47,0.0111,71.4197088,FALSE
18-11-2001 08:00,145.9,0.0124,156.311424,FALSE
25-11-2001 08:00,29.74,0.0027,6.9377472,FALSE
30-11-2001 08:00,16.89,0.0016,2.3348736,FALSE
02-12-2001 08:00,16.06,0.0037,5.1340608,FALSE
09-12-2001 08:00,10.27,0.0029,2.5732512,FALSE
16-12-2001 08:00,6.075,0.0057,2.991816,FALSE
23-12-2001 08:00,3.589,0.0031,0.96127776,FALSE
25-12-2001 08:00,4.001,0.0024,0.82964736,FALSE
30-12-2001 08:00,2.464,0.0073,1.55409408,FALSE
05-01-2002 08:00,2.294,0.0033,0.65406528,FALSE
06-01-2002 08:00,2.128,0.0029,0.53319168,FALSE
07-01-2002 08:00,2.294,0.0025,0.495504,FALSE
08-01-2002 08:00,2.128,0.0063,1.15831296,FALSE
09-01-2002 08:00,1.812,0.004,0.6262272,FALSE
10-01-2002 08:00,1.812,0.0042,0.65753856,FALSE
11-01-2002 08:00,1.662,0.0052,0.74670336,FALSE
13-01-2002 08:00,1.116,0.0062,0.59781888,FALSE
16-01-2002 08:00,1.054,0.0077,0.70120512,FALSE
20-01-2002 08:00,0.766,0.0032,0.21178368,FALSE
26-01-2002 08:00,0.877,0.0093,0.70468704,FALSE
27-01-2002 08:00,0.877,0.0102,0.77288256,FALSE
03-02-2002 08:00,0.662,0.0154,0.88083072,FALSE
08-02-2002 08:00,1.889,0.0073,1.19143008,FALSE
09-02-2002 08:00,2.128,0.0078,1.43410176,FALSE
10-02-2002 08:00,1.968,0.0094,1.59833088,FALSE
11-02-2002 08:00,0.994,0.011,0.9446976,FALSE
12-02-2002 08:00,0.766,0.0125,0.82728,FALSE
13-02-2002 08:00,0.662,0.0074,0.42325632,FALSE
17-02-2002 08:00,0.517,0.008,0.3573504,FALSE
23-02-2002 08:00,0.309,0.0064,0.17086464,FALSE
24-02-2002 08:00,0.309,0.0065,0.1735344,FALSE
25-02-2002 08:00,0.238,0.0067,0.13777344,FALSE
03-04-2002 08:00,0.429,0.0194,0.71907264,FALSE
04-04-2002 08:00,0.662,0.0161,0.92086848,FALSE
05-04-2002 08:00,0.584,0.0217,1.09492992,FALSE
07-04-2002 08:00,1.116,0.013,1.2534912,FALSE
08-04-2002 08:00,1.518,0.0129,1.69190208,FALSE
09-04-2002 08:00,5.11,0.0112,4.9448448,FALSE
11-04-2002 08:00,5.11,0.0083,3.6644832,FALSE
14-04-2002 08:00,4.431,0.009,3.4455456,FALSE
18-04-2002 08:00,8.775,0.0088,6.671808,FALSE
21-04-2002 08:00,15.32,0.0099,13.1041152,FALSE
25-04-2002 08:00,14.25,0.0148,18.22176,FALSE
27-04-2002 08:00,12.87,0.0132,14.6779776,FALSE
28-04-2002 08:00,11.87,0.0168,17.2295424,FALSE
05-05-2002 08:00,6.583,0.0097,5.51708064,FALSE
10-05-2002 08:00,8.775,0.0046,3.487536,FALSE
12-05-2002 08:00,6.843,0.0095,5.6167344,FALSE
19-05-2002 08:00,71.42,0.0125,77.1336,FALSE
23-05-2002 08:00,41.37,0.0092,32.8841856,FALSE
24-05-2002 08:00,30.11,0.0098,25.4947392,FALSE
26-05-2002 08:00,35.55,0.0119,36.551088,FALSE
02-06-2002 08:00,77.22,0.0229,152.7844032,FALSE
09-06-2002 08:00,38.7,0.0092,30.761856,FALSE
16-06-2002 08:00,254.3,0.0268,588.836736,FALSE
23-06-2002 08:00,31.83,0.0025,6.87528,FALSE
26-06-2002 08:00,64.17,0.0062,34.3745856,FALSE
30-06-2002 08:00,37.07,0.0027,8.6476896,FALSE
07-07-2002 08:00,106.8,0.0108,99.657216,FALSE
11-07-2002 08:00,46.06,0.005,19.89792,FALSE
14-07-2002 08:00,124.6,0.0134,144.256896,FALSE
21-07-2002 08:00,60.24,0.0055,28.626048,FALSE
22-07-2002 08:00,73.7,0.0068,43.300224,FALSE
28-07-2002 08:00,34.42,0.0035,10.408608,FALSE
04-08-2002 08:00,92.68,0.0073,58.4551296,FALSE
11-08-2002 08:00,102,0.0103,90.77184,FALSE
15-08-2002 08:00,55.15,0.0052,24.777792,FALSE
18-08-2002 08:00,448,0.053,2051.4816,FALSE
21-08-2002 08:00,102.8,0.0084,74.608128,FALSE
25-08-2002 08:00,36.54,0.0028,8.8397568,FALSE
27-08-2002 08:00,25.02,0.0028,6.0528384,FALSE
30-08-2002 08:00,17.61,0.0022,3.3473088,FALSE
01-09-2002 08:00,14.28,0.0026,3.2078592,FALSE
08-09-2002 08:00,10.04,0.0051,4.4240256,FALSE
15-09-2002 08:00,9.879,0.0033,2.81670048,FALSE
22-09-2002 08:00,4.814,0.0053,2.20442688,FALSE
27-09-2002 08:00,2.478,0.0042,0.89921664,FALSE
29-09-2002 08:00,1.749,0.0042,0.63467712,FALSE
02-10-2002 08:00,2.776,0.0031,0.74352384,FALSE
06-10-2002 08:00,29.08,0.0117,29.3963904,FALSE
13-10-2002 08:00,67.52,0.0089,51.9201792,FALSE
14-10-2002 08:00,59.59,0.0089,45.8223264,FALSE
15-10-2002 08:00,116.6,0.0092,92.683008,FALSE
20-10-2002 08:00,114.1,0.0117,115.341408,FALSE
24-10-2002 08:00,59.59,0.011,56.634336,FALSE
27-10-2002 08:00,63.18,0.0061,33.2983872,FALSE
03-11-2002 08:00,77.93,0.00657,44.23680864,FALSE
04-11-2002 08:00,55.15,0.0055,26.20728,FALSE
10-11-2002 08:00,139.8,0.017,205.33824,FALSE
15-11-2002 08:00,81.53,0.0281,197.9417952,FALSE
16-11-2002 08:00,61.54,0.0216,114.8484096,FALSE
17-11-2002 08:00,53.28,0.014,64.447488,FALSE
19-11-2002 08:00,29.33,0.0092,23.3138304,FALSE
24-11-2002 08:00,32.09,0.0154,42.6976704,FALSE
01-12-2002 08:00,16.34,0.0094,13.2706944,FALSE
06-12-2002 08:00,10.66,0.0054,4.9735296,FALSE
08-12-2002 08:00,8.5,0.0046,3.37824,FALSE
11-12-2002 08:00,7.114,0.0057,3.50350272,FALSE
15-12-2002 08:00,4.956,0.0054,2.31227136,FALSE
22-12-2002 08:00,3.285,0.0045,1.277208,FALSE
25-12-2002 08:00,2.786,0.0068,1.63683072,FALSE
29-12-2002 08:00,2.039,0.0068,1.19795328,FALSE
05-01-2003 08:00,1.364,0.0068,0.80137728,FALSE
06-01-2003 08:00,1.222,0.0111,1.17194688,FALSE
12-01-2003 08:00,1.155,0.007,0.698544,FALSE
14-01-2003 08:00,0.94,0.0074,0.6009984,FALSE
15-01-2003 08:00,0.857,0.0076,0.56274048,FALSE
19-01-2003 08:00,0.615,0.0079,0.4197744,FALSE
23-01-2003 08:00,1.155,0.0087,0.8681904,FALSE
24-01-2003 08:00,1.029,0.0077,0.68457312,FALSE
25-01-2003 08:00,1.029,0.0063,0.56010528,FALSE
26-01-2003 08:00,0.969,0.0062,0.51907392,FALSE
27-01-2003 08:00,0.969,0.0061,0.51070176,FALSE
28-01-2003 08:00,0.969,0.0082,0.68651712,FALSE
22-03-2003 08:00,11.55,0.008,7.98336,FALSE
23-03-2003 08:00,9.549,0.005,4.125168,FALSE
26-03-2003 08:00,5.043,0.0104,4.53143808,FALSE
27-03-2003 08:00,4.455,0.0106,4.0800672,FALSE
28-03-2003 08:00,4.295,0.0108,4.0077504,FALSE
29-03-2003 08:00,4.14,0.0098,3.5054208,FALSE
30-03-2003 08:00,3.988,0.0087,2.99769984,FALSE
31-03-2003 08:00,4.455,0.007,2.694384,FALSE
01-04-2003 08:00,4.455,0.007,2.694384,FALSE
02-04-2003 08:00,4.956,0.0092,3.93942528,FALSE
03-04-2003 08:00,5.681,0.0072,3.53403648,FALSE
04-04-2003 08:00,5.131,0.0076,3.36921984,FALSE
05-04-2003 08:00,4.785,0.0081,3.3487344,FALSE
06-04-2003 08:00,4.455,0.007,2.694384,FALSE
07-04-2003 08:00,4.455,0.0062,2.3864544,FALSE
08-04-2003 08:00,4.295,0.011,4.081968,FALSE
09-04-2003 08:00,4.14,0.0081,2.8973376,FALSE
10-04-2003 08:00,4.295,0.0158,5.8631904,FALSE
11-04-2003 08:00,4.217,0.0118,4.29931584,FALSE
12-04-2003 08:00,4.295,0.0102,3.7850976,FALSE
13-04-2003 08:00,4.455,0.007,2.694384,FALSE
14-04-2003 08:00,4.618,0.0071,2.83286592,FALSE
15-04-2003 08:00,4.536,0.0069,2.70418176,FALSE
16-04-2003 08:00,4.956,0.0137,5.86631808,FALSE
17-04-2003 08:00,4.956,0.0076,3.25430784,FALSE
18-04-2003 08:00,4.785,0.007,2.893968,FALSE
19-04-2003 08:00,4.455,0.0068,2.6174016,FALSE
20-04-2003 08:00,4.455,0.007,2.694384,FALSE
21-04-2003 08:00,4.618,0.0107,4.26924864,FALSE
22-04-2003 08:00,5.681,0.013,6.3808992,FALSE
25-04-2003 08:00,5.131,0.0073,3.23622432,FALSE
26-04-2003 08:00,4.956,0.0063,2.69764992,FALSE
27-04-2003 08:00,4.785,0.007,2.893968,FALSE
28-04-2003 08:00,4.455,0.01,3.84912,FALSE
04-05-2003 08:00,10.52,0.0075,6.81696,FALSE
07-05-2003 08:00,9.023,0.0077,6.00282144,FALSE
11-05-2003 08:00,6.168,0.0071,3.78369792,FALSE
14-05-2003 08:00,21.61,0.0118,22.0318272,FALSE
16-05-2003 08:00,13.13,0.0084,9.5292288,FALSE
18-05-2003 08:00,13.81,0.0084,10.0227456,FALSE
25-05-2003 08:00,6.682,0.0069,3.98354112,FALSE
01-06-2003 08:00,5.004,0.0157,6.78782592,FALSE
03-06-2003 08:00,3.562,0.0079,2.43127872,FALSE
05-06-2003 08:00,3.427,0.0058,1.71733824,FALSE
06-06-2003 08:00,3.163,0.0084,2.29557888,FALSE
08-06-2003 08:00,5.627,0.009,4.3755552,FALSE
09-06-2003 08:00,4.703,0.0125,5.07924,FALSE
12-06-2003 08:00,2.906,0.0027,0.67791168,FALSE
13-06-2003 08:00,3.163,0.0096,2.62351872,FALSE
15-06-2003 08:00,10.44,0.0133,11.9968128,FALSE
22-06-2003 08:00,115.4,0.0305,304.10208,FALSE
23-06-2003 08:00,275.4,0.0251,597.243456,FALSE
25-06-2003 08:00,307.5,0.022,584.496,FALSE
29-06-2003 08:00,180.5,0.0106,165.30912,FALSE
06-07-2003 08:00,124.4,0.0102,109.631232,FALSE
13-07-2003 08:00,85.88,0.0077,57.1342464,FALSE
20-07-2003 08:00,230.8,0.0186,370.904832,FALSE
27-07-2003 08:00,87.92,0.0067,50.8951296,FALSE
03-08-2003 08:00,66.1,0.0078,44.546112,FALSE
09-08-2003 08:00,49.84,0.0055,23.683968,FALSE
10-08-2003 08:00,64.62,0.0062,34.6156416,FALSE
15-08-2003 08:00,216.2,0.0304,567.862272,FALSE
17-08-2003 08:00,238.8,0.0173,356.939136,FALSE
20-08-2003 08:00,75.96,0.007,45.940608,FALSE
24-08-2003 08:00,244.6,0.01382,292.0641408,FALSE
31-08-2003 08:00,62.43,0.0065,35.060688,FALSE
07-09-2003 08:00,38.88,0.0048,16.1243136,FALSE
08-09-2003 08:00,247.1,0.0207,441.933408,FALSE
14-09-2003 08:00,13.31,0.005,5.74992,FALSE
21-09-2003 08:00,9.472,0.0067,5.48315136,FALSE
27-09-2003 08:30,5.787,0.0065,3.2499792,FALSE
28-09-2003 08:00,6.274,0.0047,2.54774592,FALSE
02-10-2003 08:00,6.946,0.0027,1.62036288,FALSE
03-10-2003 08:00,32.88,0.0038,10.7951616,FALSE
04-10-2003 08:00,34.05,0.004,11.76768,FALSE
05-10-2003 08:00,63.16,0.0052,28.3765248,FALSE
12-10-2003 08:00,56.01,0.006,29.035584,FALSE
19-10-2003 08:00,110,0.0119,113.0976,FALSE
24-10-2003 08:00,127.2,0.0107,117.593856,FALSE
26-10-2003 08:00,121.7,0.0098,103.045824,FALSE
02-11-2003 08:00,82.26,0.0096,68.2297344,FALSE
08-11-2003 08:00,30.29,0.0027,7.0660512,FALSE
09-11-2003 08:00,24.55,0.0026,5.514912,FALSE
16-11-2003 08:00,10.24,0.0032,2.8311552,FALSE
23-11-2003 08:00,6.274,0.0026,1.40939136,FALSE
25-11-2003 08:00,5.004,0.004,1.7293824,FALSE
30-11-2003 08:00,4.119,0.004,1.4235264,FALSE
07-12-2003 08:00,2.288,0.0028,0.55351296,FALSE
14-12-2003 08:00,1.227,0.0057,0.60427296,FALSE
15-12-2003 08:00,1.134,0.0056,0.54867456,FALSE
16-12-2003 08:00,1.134,0.0066,0.64665216,FALSE
21-12-2003 08:00,1.421,0.01,1.227744,FALSE
25-12-2003 08:00,0.956,0.0047,0.38821248,FALSE
26-12-2003 08:00,0.871,0.0061,0.45905184,FALSE
28-12-2003 08:00,0.871,0.0037,0.27844128,FALSE
29-12-2003 08:00,0.71,0.0037,0.2269728,FALSE
30-12-2003 08:00,0.71,0.0023,0.1410912,FALSE
31-12-2003 08:00,0.71,0.0065,0.398736,FALSE
17-04-2004 08:00,1.421,0.006,0.7366464,FALSE
18-04-2004 08:00,1.227,0.0054,0.57246912,FALSE
21-04-2004 08:00,0.956,0.0102,0.84250368,FALSE
22-04-2004 08:00,0.871,0.0126,0.94820544,FALSE
23-04-2004 08:00,0.633,0.0154,0.84224448,FALSE
24-04-2004 08:00,1.044,0.0111,1.00123776,FALSE
25-04-2004 08:00,1.134,0.0106,1.03856256,FALSE
26-04-2004 08:00,1.227,0.0102,1.08133056,FALSE
01-05-2004 08:00,18.26,0.0124,19.5630336,FALSE
02-05-2004 08:00,21.76,0.0137,25.7568768,FALSE
04-05-2004 08:00,45.44,0.0125,49.0752,FALSE
09-05-2004 08:00,176.5,0.015,228.744,FALSE
10-05-2004 08:00,105.8,0.0129,117.920448,FALSE
16-05-2004 08:00,52.26,0.0095,42.895008,FALSE
23-05-2004 08:00,152.6,0.0064,84.381696,FALSE
30-05-2004 08:00,93.54,0.004,32.327424,FALSE
06-06-2004 08:00,245.6,0.0231,490.178304,FALSE
13-06-2004 08:00,118.6,0.0099,101.445696,FALSE
20-06-2004 08:00,149.2,0.0162,208.832256,FALSE
27-06-2004 08:00,25.67,0.003,6.653664,FALSE
04-07-2004 08:00,129.6,0.0145,162.36288,FALSE
11-07-2004 08:00,145.8,0.0096,120.932352,FALSE
18-07-2004 08:00,72.09,0.0047,29.2743072,FALSE
25-07-2004 08:00,59.76,0.0029,14.9734656,FALSE
01-08-2004 08:00,54.5,0.009,42.3792,FALSE
04-08-2004 08:00,69.56,0.0227,136.4266368,FALSE
08-08-2004 08:00,199.8,0.0122,210.605184,FALSE
15-08-2004 08:00,90.08,0.0122,94.9515264,FALSE
22-08-2004 08:00,35.84,0.0028,8.6704128,FALSE
28-08-2004 08:00,18.33,0.002,3.167424,FALSE
29-08-2004 08:00,17.39,0.002,3.004992,FALSE
05-09-2004 08:00,11.48,0.0035,3.471552,FALSE
07-09-2004 08:00,22.09,0.0042,8.0160192,FALSE
12-09-2004 08:00,25.88,0.0032,7.1553024,FALSE
19-09-2004 08:00,23.54,0.0054,10.9828224,FALSE
26-09-2004 08:00,107.3,0.0414,383.807808,FALSE
02-10-2004 08:00,44.53,0.008,30.779136,FALSE
03-10-2004 08:00,65.82,0.0101,57.4371648,FALSE
10-10-2004 08:00,39.33,0.0052,17.6701824,FALSE
17-10-2004 08:00,76.93,0.0276,183.4503552,FALSE
21-10-2004 08:00,90.08,0.0123,95.7298176,FALSE
22-10-2004 08:00,92.17,0.0123,97.9509024,FALSE
24-10-2004 08:00,49.98,0.0082,35.4098304,FALSE
31-10-2004 08:00,70.82,0.0224,137.0621952,FALSE
07-11-2004 08:00,57.4,0.015,74.3904,FALSE
12-11-2004 08:00,46.68,0.0336,135.5139072,FALSE
14-11-2004 08:00,38.32,0.0155,51.318144,FALSE
21-11-2004 08:00,15.02,0.0038,4.9313664,FALSE
26-11-2004 08:00,9.774,0.003,2.5334208,FALSE
28-11-2004 08:00,8.313,0.0034,2.44202688,FALSE
01-12-2004 08:00,5.399,0.0031,1.44606816,FALSE
02-12-2004 08:00,5.066,0.0062,2.71375488,FALSE
03-12-2004 08:00,4.742,0.0057,2.33534016,FALSE
04-12-2004 08:00,4.582,0.0029,1.14806592,FALSE
05-12-2004 08:00,4.425,0.0038,1.452816,FALSE
06-12-2004 08:00,3.815,0.0046,1.5162336,FALSE
07-12-2004 08:00,3.238,0.0028,0.78333696,FALSE
08-12-2004 08:00,2.828,0.0044,1.07509248,FALSE
12-12-2004 08:00,2.313,0.0042,0.83934144,FALSE
19-12-2004 08:00,1.4,0.0042,0.508032,FALSE
25-12-2004 08:00,0.917,0.0036,0.28522368,FALSE
26-12-2004 08:00,0.745,0.0031,0.1995408,FALSE
31-12-2004 08:00,0.441,0.0015,0.0571536,FALSE
08-04-2005 08:00,6.801,0.0076,4.46580864,FALSE
10-04-2005 08:00,22.55,0.0042,8.182944,FALSE
14-04-2005 08:00,25.45,0.0055,12.09384,FALSE
16-04-2005 08:00,19.77,0.0054,9.2238912,FALSE
17-04-2005 08:00,16.37,0.0051,7.2132768,FALSE
19-04-2005 08:00,7.544,0.0045,2.9331072,FALSE
20-04-2005 08:00,6.44,0.0032,1.7805312,FALSE
21-04-2005 08:00,9.112,0.0036,2.83419648,FALSE
22-04-2005 08:00,10.36,0.004,3.580416,FALSE
24-04-2005 08:00,9.521,0.0069,5.67603936,FALSE
01-05-2005 08:00,19.39,0.0085,14.240016,FALSE
08-05-2005 08:00,47.46,0.0186,76.2701184,FALSE
15-05-2005 08:00,11.22,0.0054,5.2348032,FALSE
19-05-2005 08:00,7.926,0.0111,7.60135104,FALSE
21-05-2005 08:45,7.926,0.0037,2.53378368,FALSE
22-05-2005 08:00,7.169,0.0037,2.29178592,FALSE
23-05-2005 08:00,7.544,0.0037,2.41166592,FALSE
29-05-2005 08:00,46.93,0.0112,45.4132224,FALSE
05-06-2005 08:00,65.09,0.0101,56.8001376,FALSE
12-06-2005 08:00,85.97,0.0078,57.9369024,FALSE
19-06-2005 08:00,184.2,0.0266,423.335808,FALSE
20-06-2005 08:00,193.7918,0.0139,232.7362001,FALSE
26-06-2005 08:00,83.7,0.0084,60.746112,FALSE
03-07-2005 08:00,78.52,0.0081,54.9514368,FALSE
10-07-2005 08:00,197.4,0.0289,492.899904,FALSE
17-07-2005 08:00,133,0.014,160.8768,FALSE
24-07-2005 08:00,151.2,0.0085,111.04128,FALSE
31-07-2005 08:00,382.6,0.0581,1920.590784,FALSE
07-08-2005 08:00,79.25,0.0126,86.27472,FALSE
14-08-2005 08:00,27.74,0.0065,15.578784,FALSE
15-08-2005 08:00,24.34,0.0068,14.3002368,FALSE
21-08-2005 08:00,21.57,0.003,5.590944,FALSE
28-08-2005 08:00,12.88,0.0044,4.8964608,FALSE
04-09-2005 08:00,174.2,0.0189,284.461632,FALSE
11-09-2005 08:00,305.3,0.0208,548.660736,FALSE
15-09-2005 08:00,147,0.0107,135.89856,FALSE
18-09-2005 08:00,65.08,0.0067,37.6735104,FALSE
23-09-2005 08:00,35.28,0.006,18.289152,FALSE
24-09-2005 08:00,35.55,0.0053,16.279056,FALSE
25-09-2005 08:00,36.65,0.0046,14.566176,FALSE
02-10-2005 08:00,14.02,0.002,2.422656,FALSE
09-10-2005 08:00,18.49,0.0122,19.4899392,FALSE
11-10-2005 08:00,39.44,0.0154,52.4772864,FALSE
12-10-2005 08:00,59.71,0.0128,66.0344832,FALSE
16-10-2005 08:00,51.67,0.0067,29.9107296,FALSE
23-10-2005 08:00,50.11,0.0099,42.8620896,FALSE
30-10-2005 08:00,45.25,0.0108,42.22368,FALSE
01-11-2005 08:00,89.77,0.0181,140.3859168,FALSE
03-11-2005 08:00,103.2,0.0142,126.614016,FALSE
06-11-2005 08:00,54.51,0.009,42.386976,FALSE
13-11-2005 08:00,152.1,0.0749,984.293856,FALSE
15-11-2005 08:00,292.1,0.0928,2342.034432,FALSE
20-11-2005 08:00,40.01,0.0103,35.6056992,FALSE
27-11-2005 08:00,18.06,0.0045,7.021728,FALSE
04-12-2005 08:00,27.42,0.0054,12.7930752,FALSE
11-12-2005 08:00,23.15,0.0038,7.600608,FALSE
18-12-2005 08:00,10.23,0.0031,2.7400032,FALSE
25-12-2005 08:00,5.293,0.0033,1.50914016,FALSE
01-01-2006 08:00,2.629,0.0027,0.61329312,FALSE
08-01-2006 08:00,1.477,0.0035,0.4466448,FALSE
10-01-2006 08:00,3.063,0.0032,0.84685824,FALSE
15-01-2006 08:00,1.393,0.005,0.601776,FALSE
22-01-2006 08:00,0.996,0.0037,0.31840128,FALSE
26-01-2006 08:00,0.586,0.0031,0.15695424,FALSE
29-01-2006 08:00,0.649,0.0039,0.21868704,FALSE
05-02-2006 08:00,0.308,0.0038,0.10112256,FALSE
09-02-2006 08:00,0.261,0.0047,0.10598688,FALSE
02-04-2006 08:00,2.024,0.0089,1.55637504,FALSE
09-04-2006 08:00,0.714,0.0062,0.38247552,FALSE
11-04-2006 08:00,0.714,0.0048,0.29611008,FALSE
14-04-2006 08:00,1.653,0.0125,1.78524,FALSE
16-04-2006 08:00,38.35,0.0092,30.483648,FALSE
22-04-2006 08:00,16.63,0.0029,4.1668128,FALSE
23-04-2006 08:00,15.82,0.0029,3.9638592,FALSE
30-04-2006 08:00,2.843,0.0018,0.44214336,FALSE
07-05-2006 08:00,5.024,0.0038,1.64947968,FALSE
13-05-2006 08:00,14.63,0.0066,8.3426112,FALSE
14-05-2006 08:00,15.03,0.0062,8.0512704,FALSE
21-05-2006 08:00,40.02,0.0075,25.93296,FALSE
28-05-2006 08:00,221.8,0.0292,559.574784,FALSE
04-06-2006 08:00,112,0.0087,84.18816,FALSE
11-06-2006 08:00,33.57,0.0029,8.4112992,FALSE
18-06-2006 08:00,25.72,0.0041,9.1110528,FALSE
25-06-2006 08:00,347.3,0.0316,948.212352,FALSE
02-07-2006 08:00,132.9,0.0078,89.563968,FALSE
09-07-2006 08:00,116.3,0.0062,62.299584,FALSE
12-07-2006 08:00,236.1,0.0174,354.943296,FALSE
13-07-2006 08:00,311.7,0.0257,692.123616,FALSE
14-07-2006 08:00,264.7,0.022,503.14176,FALSE
15-07-2006 08:00,197.1,0.0188,320.153472,FALSE
16-07-2006 08:00,193,0.0178,296.81856,FALSE
17-07-2006 08:00,182.2,0.0136,214.092288,FALSE
19-07-2006 08:00,198.2,0.0118,202.068864,FALSE
20-07-2006 08:00,137.5,0.009,106.92,FALSE
21-07-2006 08:00,121.4,0.008,83.91168,FALSE
22-07-2006 08:00,86.35,0.0073,54.462672,FALSE
23-07-2006 08:00,60.94,0.0056,29.4852096,FALSE
24-07-2006 08:00,48.46,0.0052,21.7721088,FALSE
26-07-2006 08:00,36.27,0.0035,10.968048,FALSE
27-07-2006 08:00,70.2,0.0056,33.965568,FALSE
28-07-2006 08:00,106.2,0.0078,71.570304,FALSE
29-07-2006 08:00,103.7,0.0077,68.989536,FALSE
30-07-2006 08:00,101.3,0.0066,57.765312,FALSE
31-07-2006 08:00,78.12,0.0056,37.7975808,FALSE
02-08-2006 08:00,46.03,0.0043,17.1010656,FALSE
03-08-2006 08:00,36.82,0.0043,13.6793664,FALSE
04-08-2006 08:00,34.37,0.0043,12.7691424,FALSE
05-08-2006 08:00,34.11,0.0043,12.6725472,FALSE
06-08-2006 08:00,28.42,0.0033,8.1031104,FALSE
07-08-2006 08:00,22.21,0.0033,6.3325152,FALSE
09-08-2006 08:00,17.23,0.0033,4.9126176,FALSE
10-08-2006 08:00,20.87,0.0033,5.9504544,FALSE
11-08-2006 08:00,35.73,0.0033,10.1873376,FALSE
12-08-2006 08:00,74.48,0.006,38.610432,FALSE
13-08-2006 08:00,109.5,0.0093,87.98544,FALSE
14-08-2006 08:00,186.8,0.0147,237.250944,FALSE
15-08-2006 08:00,195.1,0.0151,254.535264,FALSE
16-08-2006 08:00,297,0.022,564.5376,FALSE
18-08-2006 08:00,237.2,0.0174,356.596992,FALSE
19-08-2006 08:00,182.2,0.0147,231.408576,FALSE
20-08-2006 08:00,151.4,0.012,156.97152,FALSE
21-08-2006 08:00,134.7,0.0111,129.182688,FALSE
23-08-2006 08:00,58.62,0.0081,41.0246208,FALSE
24-08-2006 08:00,45.44,0.0065,25.519104,FALSE
25-08-2006 08:00,37.38,0.0055,17.762976,FALSE
26-08-2006 08:00,29.67,0.0044,11.2793472,FALSE
27-08-2006 08:00,25,0.0043,9.288,FALSE
28-08-2006 08:00,21.31,0.0032,5.8917888,FALSE
30-08-2006 08:00,16.61,0.0022,3.1572288,FALSE
31-08-2006 08:00,15.41,0.0022,2.9291328,FALSE
01-09-2006 08:00,13.11,0.002,2.265408,FALSE
02-09-2006 08:00,11.83,0.002,2.044224,FALSE
03-09-2006 08:00,11.65,0.002,2.01312,FALSE
04-09-2006 08:00,17.02,0.002,2.941056,FALSE
05-09-2006 08:00,23.36,0.003,6.054912,FALSE
07-09-2006 08:00,12.37,0.003,3.206304,FALSE
08-09-2006 08:00,19.55,0.003,5.06736,FALSE
09-09-2006 08:00,55.36,0.0037,17.6974848,FALSE
10-09-2006 08:00,69.5,0.004,24.0192,FALSE
11-09-2006 08:00,56.66,0.0038,18.6026112,FALSE
13-09-2006 08:00,101.3,0.0081,70.893792,FALSE
14-09-2006 08:00,143,0.011,135.9072,FALSE
15-09-2006 08:00,98.07,0.0079,66.9386592,FALSE
16-09-2006 08:00,108.7,0.0086,80.768448,FALSE
17-09-2006 08:00,145.7,0.011,138.47328,FALSE
18-09-2006 08:00,130.2,0.0101,113.617728,FALSE
20-09-2006 08:00,70.2,0.0058,35.178624,FALSE
21-09-2006 08:00,61.61,0.0051,27.1478304,FALSE
22-09-2006 08:00,77.38,0.0063,42.1194816,FALSE
23-09-2006 08:00,62.62,0.0051,27.5928768,FALSE
24-09-2006 08:00,48.46,0.0038,15.9103872,FALSE
25-09-2006 08:00,116.3,0.0089,89.430048,FALSE
27-09-2006 08:00,220.6,0.0168,320.205312,FALSE
28-09-2006 08:00,128.5,0.0097,107.69328,FALSE
29-09-2006 08:00,83.32,0.0067,48.2322816,FALSE
30-09-2006 08:00,58.62,0.0041,20.7655488,FALSE
01-10-2006 08:00,46.03,0.0039,15.5102688,FALSE
02-10-2006 08:00,36.82,0.0037,11.7706176,FALSE
04-10-2006 08:00,24.06,0.0026,5.4048384,FALSE
05-10-2006 08:00,27.92,0.0026,6.2719488,FALSE
06-10-2006 08:00,25.96,0.0026,5.8316544,FALSE
07-10-2006 08:00,52.81,0.0081,36.9585504,FALSE
08-10-2006 08:00,136.5,0.0217,255.92112,FALSE
09-10-2006 08:00,160.9,0.0261,362.835936,FALSE
11-10-2006 08:00,287.2,0.0449,1114.152192,FALSE
12-10-2006 08:00,209.8,0.0323,585.493056,FALSE
13-10-2006 08:00,160,0.0244,337.3056,FALSE
14-10-2006 08:00,170.7,0.0176,259.573248,FALSE
15-10-2006 08:00,124.9,0.0105,113.30928,FALSE
16-10-2006 08:00,133.8,0.0106,122.539392,FALSE
18-10-2006 08:00,80.33,0.0067,46.5014304,FALSE
19-10-2006 08:00,82.19,0.0067,47.5781472,FALSE
20-10-2006 08:00,114.6,0.0082,81.191808,FALSE
21-10-2006 08:00,150.4,0.012,155.93472,FALSE
22-10-2006 08:00,99.68,0.008,68.898816,FALSE
23-10-2006 08:00,87.88,0.0073,55.4276736,FALSE
24-10-2006 08:00,71.62,0.0059,36.5090112,FALSE
26-10-2006 08:00,43.07,0.0049,18.2341152,FALSE
27-10-2006 08:00,37.93,0.0048,15.7303296,FALSE
28-10-2006 08:00,139.3,0.0108,129.983616,FALSE
29-10-2006 08:00,160,0.0124,171.4176,FALSE
30-10-2006 08:00,169.7,0.0136,199.404288,FALSE
01-11-2006 08:00,260,0.0254,570.5856,FALSE
02-11-2006 08:00,268.2,0.0266,616.387968,FALSE
03-11-2006 08:00,193,0.0279,465.23808,FALSE
04-11-2006 08:00,159,0.0183,251.39808,FALSE
05-11-2006 08:00,153.3,0.017,225.16704,FALSE
06-11-2006 08:00,112.9,0.0143,139.490208,FALSE
08-11-2006 08:00,98.07,0.013,110.152224,FALSE
09-11-2006 08:00,73.04,0.0104,65.6308224,FALSE
10-11-2006 08:00,122.3,0.0155,163.78416,FALSE
11-11-2006 08:00,128.5,0.0157,174.30768,FALSE
12-11-2006 08:00,128.5,0.0157,174.30768,FALSE
13-11-2006 08:00,99.68,0.013,111.960576,FALSE
15-11-2006 08:00,73.76,0.0104,66.2777856,FALSE
16-11-2006 08:00,59.28,0.0091,46.6083072,FALSE
17-11-2006 08:00,44.84,0.0079,30.6059904,FALSE
18-11-2006 08:00,53.45,0.0081,37.406448,FALSE
19-11-2006 08:00,135.6,0.0167,195.654528,FALSE
20-11-2006 08:00,120.6,0.0155,161.50752,FALSE
22-11-2006 08:00,115.4,0.0144,143.576064,FALSE
23-11-2006 08:00,83.32,0.0087,62.6299776,FALSE
24-11-2006 08:00,107,0.0121,111.86208,FALSE
25-11-2006 08:00,156.1,0.0171,230.628384,FALSE
26-11-2006 08:00,102.9,0.013,115.57728,FALSE
27-11-2006 08:00,71.62,0.0104,64.3548672,FALSE
29-11-2006 08:00,57.96,0.0074,37.0573056,FALSE
30-11-2006 08:00,37.1,0.0057,18.271008,FALSE
02-12-2006 08:00,25.08,0.0035,7.584192,FALSE
03-12-2006 08:00,21.96,0.0035,6.640704,FALSE
04-12-2006 08:00,18.58,0.0034,5.4580608,FALSE
06-12-2006 08:00,14.64,0.003,3.794688,FALSE
07-12-2006 08:00,13.52,0.003,3.504384,FALSE
08-12-2006 08:00,12.43,0.003,3.221856,FALSE
09-12-2006 08:00,10.35,0.003,2.68272,FALSE
10-12-2006 08:00,9.04,0.003,2.343168,FALSE
11-12-2006 08:00,8.722,0.003,2.2607424,FALSE
13-12-2006 08:00,8.097,0.003,2.0987424,FALSE
14-12-2006 08:00,8.097,0.003,2.0987424,FALSE
15-12-2006 08:00,6.606,0.003,1.7122752,FALSE
16-12-2006 08:00,6.321,0.003,1.6384032,FALSE
17-12-2006 08:00,5.763,0.003,1.4937696,FALSE
18-12-2006 08:00,5.357,0.003,1.3885344,FALSE
20-12-2006 08:00,4.702,0.004,1.6250112,FALSE
21-12-2006 08:00,4.449,0.004,1.5375744,FALSE
22-12-2006 08:00,4.2,0.004,1.45152,FALSE
23-12-2006 08:00,3.956,0.004,1.3671936,FALSE
24-12-2006 08:00,3.836,0.004,1.3257216,FALSE
25-12-2006 08:00,3.484,0.004,1.2040704,FALSE
27-12-2006 08:00,3.256,0.004,1.1252736,FALSE
28-12-2006 08:00,3.033,0.004,1.0482048,FALSE
29-12-2006 08:00,3.033,0.004,1.0482048,FALSE
30-12-2006 08:00,2.816,0.004,0.9732096,FALSE
31-12-2006 08:00,2.604,0.004,0.8999424,FALSE
01-01-2007 08:00,3.256,0.004,1.1252736,FALSE
03-01-2007 08:00,2.198,0.003,0.5697216,FALSE
04-01-2007 08:00,2.004,0.003,0.5194368,FALSE
05-01-2007 08:00,1.909,0.003,0.4948128,FALSE
06-01-2007 08:00,1.816,0.003,0.4707072,FALSE
07-01-2007 08:00,1.725,0.003,0.44712,FALSE
08-01-2007 08:00,1.725,0.003,0.44712,FALSE
10-01-2007 08:00,1.635,0.0036,0.5085504,FALSE
11-01-2007 08:00,1.635,0.003,0.423792,FALSE
12-01-2007 08:00,1.547,0.003,0.4009824,FALSE
13-01-2007 08:00,2.004,0.003,0.5194368,FALSE
14-01-2007 08:00,2.198,0.003,0.5697216,FALSE
15-01-2007 08:00,2.198,0.003,0.5697216,FALSE
17-01-2007 08:00,2.398,0.003,0.6215616,FALSE
18-01-2007 08:00,2.297,0.003,0.5953824,FALSE
19-01-2007 08:00,2.398,0.003,0.6215616,FALSE
20-01-2007 08:00,2.398,0.003,0.6215616,FALSE
21-01-2007 08:00,2.398,0.003,0.6215616,FALSE
22-01-2007 08:00,2.398,0.003,0.6215616,FALSE
24-01-2007 08:00,2.398,0.003,0.6215616,FALSE
25-01-2007 08:00,2.398,0.003,0.6215616,FALSE
26-01-2007 08:00,2.398,0.003,0.6215616,FALSE
27-01-2007 08:00,2.297,0.003,0.5953824,FALSE
28-01-2007 08:00,2.198,0.003,0.5697216,FALSE
29-01-2007 08:00,2.198,0.003,0.5697216,FALSE
14-04-2007 08:00,9.363,0.005,4.044816,FALSE
15-04-2007 08:00,17.57,0.011,16.698528,FALSE
16-04-2007 08:00,17.97,0.011,17.078688,FALSE
29-04-2007 08:00,11.03,0.007,6.670944,FALSE
30-04-2007 08:00,14.26,0.009,11.088576,FALSE
02-05-2007 08:00,10.02,0.005,4.32864,FALSE
03-05-2007 08:45,9.04,0.004,3.124224,FALSE
04-05-2007 08:00,12.08,0.006,6.262272,FALSE
05-05-2007 08:00,39.93,0.0189,65.2040928,FALSE
06-05-2007 08:00,30.25,0.0138,36.06768,FALSE
07-05-2007 08:00,21.96,0.0095,18.024768,FALSE
09-05-2007 08:00,14.64,0.007,8.854272,FALSE
10-05-2007 08:00,67.56,0.0274,159.9388416,FALSE
11-05-2007 08:00,35.74,0.015,46.31904,FALSE
12-05-2007 08:00,25.08,0.0127,27.5197824,FALSE
13-05-2007 08:00,22.84,0.0087,17.1683712,FALSE
14-05-2007 08:00,14.64,0.006,7.589376,FALSE
16-05-2007 08:00,10.35,0.005,4.4712,FALSE
17-05-2007 08:00,8.722,0.005,3.767904,FALSE
18-05-2007 08:00,7.791,0.005,3.365712,FALSE
19-05-2007 08:00,6.606,0.005,2.853792,FALSE
20-05-2007 08:00,6.321,0.005,2.730672,FALSE
21-05-2007 08:00,5.763,0.005,2.489616,FALSE
23-05-2007 08:00,5.223,0.006,2.7076032,FALSE
24-05-2007 08:00,4.96,0.006,2.571264,FALSE
25-05-2007 08:00,4.702,0.005,2.031264,FALSE
26-05-2007 08:00,4.702,0.005,2.031264,FALSE
27-05-2007 08:00,4.96,0.005,2.14272,FALSE
28-05-2007 08:00,12.79,0.008,8.840448,FALSE
30-05-2007 08:00,45.39,0.011,43.138656,FALSE
31-05-2007 08:00,43.18,0.0099,36.9344448,FALSE
02-06-2007 08:00,23.47,0.0044,8.9223552,FALSE
03-06-2007 08:00,18.04,0.004,6.234624,FALSE
04-06-2007 08:00,14.99,0.0037,4.7920032,FALSE
06-06-2007 08:00,11.84,0.0032,3.2735232,FALSE
07-06-2007 08:00,11.18,0.0031,2.9944512,FALSE
08-06-2007 08:00,7.426,0.003,1.9248192,FALSE
09-06-2007 08:00,29.46,0.0055,13.999392,FALSE
10-06-2007 08:00,36.27,0.0063,19.7424864,FALSE
11-06-2007 08:00,21.31,0.0049,9.0218016,FALSE
13-06-2007 08:00,27.09,0.0068,15.9159168,FALSE
14-06-2007 08:00,38.66,0.0084,28.0578816,FALSE
15-06-2007 08:00,45.35,0.0094,36.831456,FALSE
16-06-2007 08:00,94.86,0.013,106.546752,FALSE
17-06-2007 08:00,97.59,0.0136,114.6721536,FALSE
18-06-2007 08:00,129.7,0.0156,174.814848,FALSE
20-06-2007 08:00,150.7,0.0169,220.046112,FALSE
21-06-2007 08:00,132.4,0.0156,178.454016,FALSE
24-06-2007 08:00,606.8,0.08,4194.2016,FALSE
28-06-2007 08:00,65.24,0.0074,41.7118464,FALSE
29-06-2007 08:00,68.61,0.0078,46.2376512,FALSE
30-06-2007 08:00,88.73,0.0087,66.6965664,FALSE
01-07-2007 08:00,190,0.0411,674.6976,FALSE
06-07-2007 08:00,123.6,0.0185,197.56224,FALSE
08-07-2007 08:00,177.8,0.0325,499.2624,FALSE
09-07-2007 08:00,131.5,0.0221,251.09136,FALSE
12-07-2007 08:00,214.3,0.0372,688.777344,FALSE
14-07-2007 08:00,324.4,0.0416,1165.971456,FALSE
15-07-2007 08:00,235.3,0.0355,721.71216,FALSE
16-07-2007 08:00,190,0.0312,512.1792,FALSE
21-07-2007 08:00,293,0.0173,437.95296,FALSE
22-07-2007 08:00,229.7,0.0149,295.706592,FALSE
26-07-2007 08:00,195.2,0.0114,192.264192,FALSE
27-07-2007 08:00,166,0.0103,147.72672,FALSE
28-07-2007 08:00,166,0.0101,144.85824,FALSE
29-07-2007 08:00,127.1,0.0093,102.127392,FALSE
30-07-2007 08:00,97.99,0.0089,75.3503904,FALSE
02-08-2007 08:00,113.8,0.0116,114.054912,FALSE
03-08-2007 08:00,122.7,0.0121,128.275488,FALSE
04-08-2007 08:00,97.2,0.0102,85.660416,FALSE
05-08-2007 08:00,84.98,0.009,66.080448,FALSE
06-08-2007 08:00,92.54,0.0094,75.1572864,FALSE
11-08-2007 08:00,160.2,0.0222,307.276416,FALSE
12-08-2007 08:00,115.9,0.0178,178.244928,FALSE
13-08-2007 08:00,87.22,0.0146,110.0227968,FALSE
15-08-2007 08:00,49.45,0.0074,31.616352,FALSE
16-08-2007 08:00,38.39,0.0069,22.8865824,FALSE
18-08-2007 08:00,27.79,0.0065,15.606864,FALSE
19-08-2007 08:00,25.25,0.0062,13.52592,FALSE
20-08-2007 08:00,21.31,0.0059,10.8629856,FALSE
22-08-2007 08:00,21.52,0.0055,10.226304,FALSE
23-08-2007 08:00,21.1,0.0053,9.662112,FALSE
24-08-2007 08:00,20.68,0.0051,9.1124352,FALSE
25-08-2007 08:00,20.68,0.0051,9.1124352,FALSE
26-08-2007 08:00,20.06,0.0052,9.0125568,FALSE
27-08-2007 08:00,30.44,0.0058,15.2540928,FALSE
30-08-2007 08:00,101.2,0.0113,98.803584,FALSE
31-08-2007 08:00,116.8,0.0127,128.162304,FALSE
01-09-2007 08:00,161.1,0.0091,126.663264,FALSE
02-09-2007 08:00,132.4,0.0078,89.227008,FALSE
03-09-2007 08:00,127.1,0.0074,81.262656,FALSE
04-09-2007 08:00,96.42,0.0063,52.4833344,FALSE
06-09-2007 08:00,116.8,0.0082,82.750464,FALSE
07-09-2007 08:00,126.6,0.01,109.3824,FALSE
08-09-2007 08:00,96.42,0.0085,70.810848,FALSE
09-09-2007 08:00,94.08,0.0075,60.96384,FALSE
14-09-2007 08:00,140.5,0.0146,177.23232,FALSE
15-09-2007 08:00,138.7,0.0147,176.160096,FALSE
16-09-2007 08:00,133.3,0.0123,141.660576,FALSE
17-09-2007 08:00,148.8,0.0142,182.559744,FALSE
20-09-2007 08:00,216.5,0.048,897.8688,FALSE
21-09-2007 08:00,182.9,0.0425,671.6088,FALSE
22-09-2007 08:00,137.3,0.033,391.46976,FALSE
23-09-2007 08:00,147.9,0.0365,466.41744,FALSE
24-09-2007 08:00,148.8,0.0386,496.253952,FALSE
26-09-2007 08:00,149.7,0.0348,450.105984,FALSE
27-09-2007 08:00,107.6,0.0297,276.110208,FALSE
28-09-2007 08:00,79.49,0.023,157.962528,FALSE
29-09-2007 08:00,58.39,0.0144,72.6465024,FALSE
30-09-2007 08:00,61.29,0.0118,62.4863808,FALSE
02-10-2007 08:00,67.93,0.0112,65.7345024,FALSE
04-10-2007 08:00,44.49,0.0095,36.517392,FALSE
05-10-2007 08:00,40.29,0.009,31.329504,FALSE
06-10-2007 08:00,33.43,0.0083,23.9733216,FALSE
07-10-2007 08:00,28.51,0.0075,18.47448,FALSE
08-10-2007 08:00,24.13,0.0069,14.3853408,FALSE
10-10-2007 08:00,18.83,0.0066,10.7376192,FALSE
11-10-2007 08:00,19.04,0.0063,10.3638528,FALSE
12-10-2007 08:00,59.99,0.033,171.043488,FALSE
13-10-2007 08:00,78.41,0.0438,296.7285312,FALSE
14-10-2007 08:00,77.69,0.047,315.483552,FALSE
15-10-2007 08:00,106.8,0.0549,506.590848,FALSE
17-10-2007 08:00,136.9,0.058,686.03328,FALSE
18-10-2007 08:00,102.8,0.0394,349.947648,FALSE
19-10-2007 08:00,101.2,0.0348,304.280064,FALSE
21-10-2007 08:00,250.1,0.041,885.95424,FALSE
22-10-2007 08:00,130.6,0.032,361.08288,FALSE
24-10-2007 08:00,128.8,0.0456,507.451392,FALSE
27-10-2007 08:00,253.6,0.056,1227.01824,FALSE
28-10-2007 08:00,198.4,0.0385,659.95776,FALSE
29-10-2007 08:00,130.6,0.0338,381.393792,FALSE
31-10-2007 08:00,169.9,0.0339,497.630304,FALSE
01-11-2007 08:00,103.6,0.0334,298.964736,FALSE
02-11-2007 08:00,71.35,0.033,203.43312,FALSE
03-11-2007 08:00,92.54,0.0329,263.0505024,FALSE
04-11-2007 08:00,67.25,0.0325,188.838,FALSE
05-11-2007 08:00,54,0.0322,150.23232,FALSE
07-11-2007 08:00,76.97,0.0331,220.1218848,FALSE
08-11-2007 08:00,66.58,0.0339,195.0101568,FALSE
10-11-2007 08:00,87.97,0.0314,238.6590912,FALSE
11-11-2007 08:00,76.26,0.0284,187.1237376,FALSE
12-11-2007 08:00,56.18,0.0253,122.8049856,FALSE
14-11-2007 08:00,38.12,0.0212,69.8236416,FALSE
15-11-2007 08:00,31.92,0.0195,53.778816,FALSE
16-11-2007 08:00,26.17,0.0176,39.7951488,FALSE
18-11-2007 08:00,19.44,0.0138,23.1787008,FALSE
19-11-2007 08:00,17.06,0.0116,17.0982144,FALSE
21-11-2007 08:00,14.08,0.0102,12.4084224,FALSE
22-11-2007 08:00,12.69,0.0101,11.0738016,FALSE
23-11-2007 08:00,11.35,0.0101,9.904464,FALSE
24-11-2007 08:00,16.87,0.01,14.57568,FALSE
25-11-2007 08:00,27.09,0.01,23.40576,FALSE
26-11-2007 08:00,24.35,0.0099,20.828016,FALSE
28-11-2007 08:00,15.17,0.009,11.796192,FALSE
29-11-2007 08:00,13.2,0.008,9.12384,FALSE
30-11-2007 08:00,12.51,0.007,7.566048,FALSE
02-12-2007 08:00,9.099,0.0056,4.40246016,FALSE
03-12-2007 08:00,7.75,0.0052,3.48192,FALSE
05-12-2007 08:00,5.872,0.0047,2.38450176,FALSE
06-12-2007 08:00,5.431,0.0046,2.15849664,FALSE
07-12-2007 08:00,5.002,0.0045,1.9447776,FALSE
08-12-2007 08:00,4.585,0.0044,1.7430336,FALSE
09-12-2007 08:00,4.181,0.0042,1.51720128,FALSE
10-12-2007 08:00,4.181,0.004,1.4449536,FALSE
12-12-2007 08:00,3.662,0.0037,1.17066816,FALSE
13-12-2007 08:00,3.412,0.0036,1.06126848,FALSE
14-12-2007 08:00,3.289,0.0035,0.9945936,FALSE
15-12-2007 08:00,3.412,0.0034,1.00230912,FALSE
16-12-2007 08:00,3.289,0.0033,0.93775968,FALSE
17-12-2007 08:00,3.167,0.0032,0.87561216,FALSE
19-12-2007 08:00,3.167,0.0031,0.84824928,FALSE
20-12-2007 08:00,3.048,0.003,0.7900416,FALSE
21-12-2007 08:00,3.919,0.003,1.0158048,FALSE
22-12-2007 08:00,3.536,0.0029,0.88598016,FALSE
23-12-2007 08:00,3.412,0.0029,0.85491072,FALSE
24-12-2007 08:00,3.167,0.0028,0.76616064,FALSE
25-12-2007 08:00,3.048,0.0028,0.73737216,FALSE
28-12-2007 08:00,2.473,0.0025,0.534168,FALSE
29-12-2007 08:00,2.363,0.0024,0.48999168,FALSE
30-12-2007 08:00,2.149,0.0023,0.42704928,FALSE
31-12-2007 08:00,2.149,0.0022,0.40848192,FALSE
02-01-2008 08:00,2.045,0.0021,0.3710448,FALSE
03-01-2008 08:00,1.942,0.0022,0.36913536,FALSE
04-01-2008 08:00,1.841,0.0023,0.36584352,FALSE
05-01-2008 08:00,1.841,0.0024,0.38174976,FALSE
06-01-2008 08:00,1.742,0.0025,0.376272,FALSE
07-01-2008 08:00,1.645,0.0026,0.3695328,FALSE
09-01-2008 08:00,1.645,0.0026,0.3695328,FALSE
10-01-2008 08:00,1.456,0.0025,0.314496,FALSE
11-01-2008 08:00,1.456,0.0025,0.314496,FALSE
12-01-2008 08:00,1.456,0.0025,0.314496,FALSE
13-02-2008 08:00,5.724,0.001,0.4945536,FALSE
06-04-2008 08:00,46.6,0.0083,33.417792,FALSE
13-04-2008 08:00,16.87,0.005,7.28784,FALSE
14-04-2008 08:00,21.32,0.004,7.368192,FALSE
18-04-2008 08:00,10.89,0.0022,2.0699712,FALSE
20-04-2008 08:00,6.478,0.0017,0.95148864,FALSE
27-04-2008 08:00,3.662,0.0052,1.64526336,FALSE
04-05-2008 08:00,5.872,0.003,1.5220224,FALSE
11-05-2008 08:00,27.13,0.0161,37.7389152,FALSE
18-05-2008 08:00,3.412,0.0015,0.4421952,FALSE
19-05-2008 08:00,3.662,0.0015,0.4745952,FALSE
20-05-2008 08:00,3.167,0.0015,0.4104432,FALSE
01-06-2008 08:00,34.47,0.006,17.869248,FALSE
08-06-2008 08:00,40.98,0.0081,28.6794432,FALSE
15-06-2008 08:00,11.85,0.0036,3.685824,FALSE
22-06-2008 08:00,42.2,0.004,14.58432,FALSE
29-06-2008 08:00,129.5,0.0268,299.85984,FALSE
06-07-2008 08:00,43.44,0.0047,17.6401152,FALSE
13-07-2008 08:00,41.59,0.0027,9.7021152,FALSE
20-07-2008 08:00,216.4,0.015,280.4544,FALSE
27-07-2008 08:00,238.6,0.0389,801.925056,FALSE
03-08-2008 08:00,131.2,0.0132,149.630976,FALSE
10-08-2008 08:00,45.94,0.005,19.84608,FALSE
15-08-2008 08:00,129.9,0.0083,93.153888,FALSE
17-08-2008 08:00,86.15,0.0068,50.614848,FALSE
24-08-2008 08:00,19.74,0.0033,5.6282688,FALSE
31-08-2008 08:00,130.3,0.0156,175.623552,FALSE
07-09-2008 08:00,275.1,0.039,926.97696,FALSE
12-09-2008 08:00,197.3,0.0161,274.452192,FALSE
14-09-2008 08:00,126.1,0.0114,124.203456,FALSE
21-09-2008 08:00,23.66,0.0045,9.199008,FALSE
28-09-2008 08:00,9.54,0.0027,2.2254912,FALSE
01-10-2008 08:00,5.773,0.002,0.9975744,FALSE
02-10-2008 08:00,5.16,0.002,0.891648,FALSE
08-10-2008 08:00,8.45,0.0022,1.606176,FALSE
09-10-2008 08:00,14.12,0.0023,2.8059264,FALSE
12-10-2008 08:00,36.2,0.0036,11.259648,FALSE
19-10-2008 08:00,22.66,0.0044,8.6144256,FALSE
26-10-2008 08:00,120.3,0.0123,127.845216,FALSE
27-10-2008 08:00,186.1,0.0156,250.833024,FALSE
02-11-2008 08:00,40.98,0.0038,13.4545536,FALSE
09-11-2008 08:00,13.9,0.0023,2.762208,FALSE
13-11-2008 08:00,16.29,0.0017,2.3926752,FALSE
16-11-2008 08:00,17.41,0.0017,2.5571808,FALSE
23-11-2008 08:00,14.76,0.0023,2.9331072,FALSE
30-11-2008 08:00,9.914,0.0016,1.37051136,FALSE
07-12-2008 08:00,3.559,0.0024,0.73799424,FALSE
08-12-2008 08:00,3.559,0.0024,0.73799424,FALSE
14-12-2008 08:00,1.621,0.0019,0.26610336,FALSE
15-12-2008 08:00,1.339,0.0019,0.21981024,FALSE
16-12-2008 08:00,1.084,0.0018,0.16858368,FALSE
17-12-2008 08:00,0.785,0.0017,0.1153008,FALSE
18-12-2008 08:00,0.653,0.0017,0.09591264,FALSE
20-12-2008 08:00,0.533,0.0009,0.04144608,FALSE
21-12-2008 08:00,0.329,0.0008,0.02274048,FALSE
07-06-2009 08:00,53.36,0.0097,44.7199488,FALSE
14-06-2009 08:00,36.65,0.0035,11.08296,FALSE
21-06-2009 08:00,34.99,0.0041,12.3948576,FALSE
28-06-2009 08:00,78.48,0.0051,34.5814272,FALSE
05-07-2009 08:00,252.6,0.0202,440.857728,FALSE
12-07-2009 08:00,95.66,0.0044,36.3661056,FALSE
19-07-2009 08:00,387.8,0.0478,1601.582976,FALSE
26-07-2009 08:00,34.44,0.0031,9.2244096,FALSE
02-08-2009 08:00,103.5,0.0092,82.27008,FALSE
09-08-2009 08:00,31.48,2.0031,5448.175603,FALSE
15-08-2009 08:45,64.5,0.0067,37.33776,FALSE
16-08-2009 08:00,44.74,0.0047,18.1680192,FALSE
23-08-2009 08:00,116.4,0.0164,164.934144,FALSE
30-08-2009 08:00,33.08,0.004,11.432448,FALSE
02-09-2009 08:00,67.91,0.0052,30.5106048,FALSE
06-09-2009 08:00,198.1,0.0169,289.257696,FALSE
13-09-2009 08:00,40.05,0.009,31.14288,FALSE
20-09-2009 08:00,145.6,0.0194,244.048896,FALSE
21-09-2009 08:00,102.7,0.0137,121.563936,FALSE
27-09-2009 08:00,44.74,0.0211,81.5628096,FALSE
28-09-2009 08:00,61.82,0.0291,155.4303168,FALSE
02-10-2009 08:00,115.6,0.0276,275.664384,FALSE
04-10-2009 08:00,283.2,0.0471,1152.465408,FALSE
11-10-2009 08:00,31.48,0.004,10.879488,FALSE
17-10-2009 08:00,45.64,0.0049,19.3221504,FALSE
18-10-2009 08:00,38.34,0.004,13.250304,FALSE
25-10-2009 08:00,24.6,0.0025,5.3136,FALSE
01-11-2009 08:00,24.11,0.0024,4.9994496,FALSE
02-11-2009 08:00,18.98,0.0019,3.1157568,FALSE
08-11-2009 08:00,32.01,0.0043,11.8923552,FALSE
15-11-2009 08:00,41.79,0.007,25.274592,FALSE
22-11-2009 08:00,62.48,0.0083,44.8056576,FALSE
27-11-2009 08:00,41.21,0.0183,65.1579552,FALSE
29-11-2009 08:00,27.33,0.0034,8.0284608,FALSE
06-12-2009 08:00,10.56,0.0022,2.0072448,FALSE
13-12-2009 08:00,4.812,0.0021,0.87308928,FALSE
20-12-2009 08:00,7.292,0.0021,1.32306048,FALSE
25-12-2009 08:00,2.213,0.0022,0.42064704,FALSE
27-12-2009 08:00,1.518,0.0003,0.03934656,FALSE
03-01-2010 08:00,6.546,0.0015,0.8483616,FALSE
17-01-2010 08:00,2.728,0.0023,0.54210816,FALSE
24-01-2010 08:00,0.748,0.0023,0.14864256,FALSE
26-01-2010 08:00,0.588,0,0,TRUE
25-04-2010 08:00,10.12,0.0012,1.0492416,FALSE
02-05-2010 08:00,113.9,0.0149,146.630304,FALSE
09-05-2010 08:00,20.02,0.002,3.459456,FALSE
16-05-2010 08:00,10.12,0.0015,1.311552,FALSE
23-05-2010 08:00,25.25,0.0024,5.23584,FALSE
27-05-2010 08:00,106.9,0.0051,47.104416,FALSE
30-05-2010 08:00,106.9,0.0051,47.104416,FALSE
06-06-2010 08:00,45.39,0.0097,38.0404512,FALSE
13-06-2010 08:00,591.5,0.0353,1804.02768,FALSE
20-06-2010 08:00,112.7,0.007,68.16096,FALSE
27-06-2010 08:00,133.5,0.0097,111.88368,FALSE
04-07-2010 08:00,96.3,0.0048,39.937536,FALSE
11-07-2010 08:00,154.8,0.0119,159.159168,FALSE
18-07-2010 08:00,213.3,0.0176,324.352512,FALSE
25-07-2010 08:00,91.06,0.0067,52.7128128,FALSE
01-08-2010 08:00,72.65,0.0045,28.24632,FALSE
08-08-2010 08:00,42.07,0.0059,21.4456032,FALSE
15-08-2010 08:00,104,0.0246,221.04576,FALSE
22-08-2010 08:00,64.07,0.0052,28.7853696,FALSE
23-08-2010 08:00,52.62,0.0042,19.0947456,FALSE
29-08-2010 08:00,160.3,0.0126,174.508992,FALSE
05-09-2010 08:00,41.53,0.0032,11.4822144,FALSE
10-09-2010 08:00,28.88,0.0032,7.9847424,FALSE
12-09-2010 08:00,46.52,0.0036,14.4695808,FALSE
19-09-2010 08:00,66.67,0.0042,24.1932096,FALSE
26-09-2010 08:00,139.6,0.0137,165.241728,FALSE
02-10-2010 08:00,120.9,0.0329,343.665504,FALSE
03-10-2010 08:00,318.1,0.0865,2377.35216,FALSE
10-10-2010 08:00,265.4,0.0198,454.025088,FALSE
15-10-2010 08:00,44.83,0.0055,21.303216,FALSE
17-10-2010 08:00,37.29,0.0048,15.4649088,FALSE
24-10-2010 08:00,69.97,0.0098,59.2449984,FALSE
31-10-2010 08:00,82.36,0.0155,110.296512,FALSE
05-11-2010 08:00,58.39,0.0122,61.5477312,FALSE
07-11-2010 08:00,51.14,0.0123,54.3475008,FALSE
14-11-2010 08:00,56.85,0.0081,39.785904,FALSE
17-11-2010 08:00,90.33,0.0391,305.1564192,FALSE
21-11-2010 08:00,267.6,0.0557,1287.819648,FALSE
28-11-2010 08:00,74.69,0.0086,55.4976576,FALSE
05-12-2010 08:00,34.44,0.0035,10.414656,FALSE
12-12-2010 08:00,21.14,0.003,5.479488,FALSE
16-12-2010 08:00,12.28,0.0014,1.4853888,FALSE
19-12-2010 08:00,14.01,0.0022,2.6630208,FALSE
25-12-2010 08:00,9.644,0.0018,1.49983488,FALSE
26-12-2010 08:00,9.839,0.001,0.8500896,FALSE
02-01-2011 08:00,7.231,0.0019,1.18704096,FALSE
09-01-2011 08:00,18.17,0.0032,5.0236416,FALSE
16-01-2011 08:00,6.709,0.0018,1.04338368,FALSE
23-01-2011 08:00,3.449,0.0014,0.41719104,FALSE
26-01-2011 08:00,2.547,0.0013,0.28607904,FALSE
30-01-2011 08:00,2.271,0.0012,0.23545728,FALSE
06-02-2011 08:00,1.418,0.0019,0.23277888,FALSE
13-02-2011 08:00,1.31,0.0017,0.1924128,FALSE
15-02-2011 08:00,1.207,0.0016,0.16685568,FALSE
27-02-2011 08:00,25.62,0.0051,11.2891968,FALSE
02-03-2011 08:00,7.537,0.0026,1.69311168,FALSE
06-03-2011 08:00,3.09,0.0022,0.5873472,FALSE
13-03-2011 08:00,0.892,0.0007,0.05394816,FALSE
20-03-2011 08:00,0.412,0.0014,0.04983552,FALSE
17-04-2011 08:00,4.715,0.0008,0.3259008,FALSE
22-04-2011 08:00,37.23,0.0048,15.4400256,FALSE
24-04-2011 08:00,57.54,0.0071,35.2973376,FALSE
01-05-2011 08:00,47.32,0.0063,25.7572224,FALSE
08-05-2011 08:00,11.94,0.0021,2.1663936,FALSE
15-05-2011 08:00,3.372,0.001,0.2913408,FALSE
17-05-2011 08:00,2.764,0.001,0.2388096,FALSE
22-05-2011 08:00,13.57,0.0021,2.4621408,FALSE
29-05-2011 08:00,11.94,0.0015,1.547424,FALSE
05-06-2011 08:00,344,0.0196,582.54336,FALSE
12-06-2011 08:00,60.8,0.0037,19.436544,FALSE
19-06-2011 08:00,175.6,0.007,106.20288,FALSE
26-06-2011 08:00,70.66,0.0088,53.7242112,FALSE
03-07-2011 08:00,37.08,0.0033,10.5722496,FALSE
10-07-2011 08:00,57.53,0.003,14.911776,FALSE
17-07-2011 08:00,200.5,0.0347,601.11504,FALSE
24-07-2011 08:00,88.12,0.0042,31.9769856,FALSE
31-07-2011 08:00,74.18,0.004,25.636608,FALSE
07-08-2011 08:00,500.8,0.1266,5477.870592,FALSE
14-08-2011 08:00,130.5,0.0126,142.06752,FALSE
15-08-2011 08:00,102.9,0.0099,88.016544,FALSE
21-08-2011 08:00,118.5,0.0082,83.95488,FALSE
28-08-2011 08:00,82.88,0.0054,38.6684928,FALSE
31-08-2011 08:00,118.9,0.0091,93.483936,FALSE
04-09-2011 08:00,262,0.0309,699.47712,FALSE
09-09-2011 08:00,91.16,0.0073,57.4964352,FALSE
11-09-2011 08:00,112.7,0.0068,66.213504,FALSE
18-09-2011 08:00,92.7,0.0067,53.662176,FALSE
25-09-2011 08:00,36.25,0.0023,7.2036,FALSE
02-10-2011 08:00,15.03,0.0012,1.5583104,FALSE
06-10-2011 08:00,10.18,0.0012,1.0554624,FALSE
09-10-2011 08:00,7.703,0.0013,0.86520096,FALSE
16-10-2011 08:00,47.2,0.0044,17.943552,FALSE
23-10-2011 08:00,82.88,0.0076,54.4223232,FALSE
26-10-2011 08:00,59.16,0.0083,42.4248192,FALSE
30-10-2011 08:00,48.41,0.0114,47.6819136,FALSE
06-11-2011 08:00,53.69,0.0024,11.1331584,FALSE
07-11-2011 08:00,109.4,0.0049,46.315584,FALSE
10-11-2011 08:00,95.02,0.0067,55.0051776,FALSE
13-11-2011 08:00,35.98,0.0022,6.8390784,FALSE
20-11-2011 08:00,11.96,0.0013,1.3433472,FALSE
27-11-2011 08:00,8.992,0.0016,1.24305408,FALSE
04-12-2011 08:00,61.61,0.0117,62.2803168,FALSE
06-12-2011 08:00,54,0.0078,36.39168,FALSE
11-12-2011 08:00,19.24,0.0025,4.15584,FALSE
18-12-2011 08:00,7.241,0.0012,0.75074688,FALSE
25-12-2011 08:00,4.59,0.0015,0.594864,FALSE
01-01-2012 08:00,88.55,0.0142,108.640224,FALSE
08-01-2012 08:00,10.09,0.0016,1.3948416,FALSE
11-01-2012 08:00,8.377,0.0015,1.0856592,FALSE
15-01-2012 08:00,6.465,0.001,0.558576,FALSE
22-01-2012 08:00,4.188,0.001,0.3618432,FALSE
26-01-2012 08:00,3.423,0.0009,0.26617248,FALSE
29-01-2012 08:00,2.712,0.0012,0.28118016,FALSE
22-04-2012 08:00,6.772,0.0016,0.93616128,FALSE
29-04-2012 08:00,60.96,0.0049,25.8080256,FALSE
06-05-2012 08:00,27.17,0.0044,10.3289472,FALSE
13-05-2012 08:00,18.37,0.0029,4.6027872,FALSE
20-05-2012 08:00,7.4,0.0023,1.470528,FALSE
27-05-2012 08:00,5.003,0.0014,0.60516288,FALSE
03-06-2012 08:00,3.698,0.0013,0.41535936,FALSE
10-06-2012 08:00,14.33,0.0012,1.4857344,FALSE
17-06-2012 08:00,70.76,0.0081,49.5206784,FALSE
24-06-2012 08:00,57.7,0.0034,16.949952,FALSE
01-07-2012 08:00,52.92,0.0029,13.2596352,FALSE
08-07-2012 08:00,68.69,0.0047,27.8936352,FALSE
15-07-2012 08:00,75.65,0.0067,43.792272,FALSE
22-07-2012 08:00,34.15,0.004,11.80224,FALSE
29-07-2012 08:00,35.79,0.0024,7.4214144,FALSE
05-08-2012 08:00,13.53,0.0022,2.5717824,FALSE
12-08-2012 08:00,105.7,0.0091,83.105568,FALSE
15-08-2012 08:00,56.41,0.004,19.495296,FALSE
19-08-2012 08:00,338.6,0.0228,667.014912,FALSE
20-08-2012 08:00,163.8,0.011,155.67552,FALSE
26-08-2012 08:00,74.95,0.0103,66.699504,FALSE
29-08-2012 08:00,70.06,0.0048,29.0552832,FALSE
02-09-2012 08:00,73.89,0.0044,28.0900224,FALSE
09-09-2012 08:00,64.62,0.0035,19.541088,FALSE
16-09-2012 08:00,59.32,0.0045,23.063616,FALSE
23-09-2012 08:00,22.47,0.0019,3.6886752,FALSE
30-09-2012 08:00,11.78,0.0015,1.526688,FALSE
02-10-2012 08:00,11.02,0.0014,1.3329792,FALSE
07-10-2012 08:00,7.037,0.0016,0.97279488,FALSE
14-10-2012 08:00,42.03,0.0032,11.6204544,FALSE
21-10-2012 08:00,114.1,0.0119,117.313056,FALSE
24-10-2012 08:00,56.09,0.0061,29.5616736,FALSE
26-10-2012 08:00,32.01,0.0056,15.4877184,FALSE
28-10-2012 08:00,28.62,0.0033,8.1601344,FALSE
04-11-2012 08:00,26.1,0.0022,4.961088,FALSE
11-11-2012 08:00,32.54,0.0022,6.1852032,FALSE
13-11-2012 08:00,48.89,0.0039,16.4739744,FALSE
18-11-2012 08:00,21.76,0.0017,3.1961088,FALSE
24-11-2012 08:00,10.29,0.0015,1.333584,FALSE
25-11-2012 08:00,10.11,0.0015,1.310256,FALSE
28-11-2012 08:00,14.13,0.0017,2.0754144,FALSE
02-12-2012 08:00,8.158,0.0015,1.0572768,FALSE
09-12-2012 08:00,4.803,0.0012,0.49797504,FALSE
16-12-2012 08:00,3.248,0.001,0.2806272,FALSE
23-12-2012 08:00,1.513,0.0013,0.16994016,FALSE
25-12-2012 08:00,1.513,0.0014,0.18301248,FALSE
30-12-2012 08:00,1.319,0.0012,0.13675392,FALSE
06-01-2013 08:00,0.962,0.001,0.0831168,FALSE
05-05-2013 08:00,5.741,0.0013,0.64482912,FALSE
02-06-2013 08:00,51.7,0.0135,60.30288,FALSE
09-06-2013 08:00,136.8,0.0082,96.920064,FALSE
16-06-2013 08:00,277.9,0.0213,511.424928,FALSE
23-06-2013 08:00,261.1,0.0168,378.991872,FALSE
30-06-2013 08:00,120,0.0151,156.5568,FALSE
07-07-2013 08:00,233.4,0.0308,621.105408,FALSE
14-07-2013 08:00,145.9,0.0096,121.015296,FALSE
21-07-2013 08:00,255.3,0.0152,335.280384,FALSE
28-07-2013 08:00,139.5,0.0075,90.396,FALSE
04-08-2013 08:00,312.6,0.0216,583.386624,FALSE
09-08-2013 08:00,189.1,0.0102,166.650048,FALSE
11-08-2013 08:00,120.9,0.0056,58.496256,FALSE
15-08-2013 08:00,79.67,0.0043,29.5989984,FALSE
18-08-2013 08:00,66.4,0.005,28.6848,FALSE
25-08-2013 08:00,41.27,0.0029,10.3406112,FALSE
01-09-2013 08:00,42.94,0.0056,20.7760896,FALSE
08-09-2013 08:00,60.47,0.0048,25.0781184,FALSE
09-09-2013 08:00,63.74,0.0049,26.9849664,FALSE
15-09-2013 08:00,97.81,0.0074,62.5358016,FALSE
16-09-2013 08:00,114.9,0.0087,86.368032,FALSE
22-09-2013 08:00,167.9,0.0171,248.062176,FALSE
29-09-2013 08:00,27.96,0.0025,6.03936,FALSE
02-10-2013 08:00,22.98,0.0025,4.96368,FALSE
06-10-2013 08:00,18.61,0.0022,3.5373888,FALSE
13-10-2013 08:00,16.67,0.0022,3.1686336,FALSE
16-10-2013 08:00,25.65,0.0035,7.75656,FALSE
27-10-2013 08:00,75.37,0.0117,76.1900256,FALSE
02-11-2013 08:00,78.94,0.004,27.281664,FALSE
03-11-2013 08:00,57.27,0.003,14.844384,FALSE
10-11-2013 08:00,27.49,0.0023,5.4628128,FALSE
14-11-2013 08:00,133.2,0.0388,446.529024,FALSE
17-11-2013 08:00,84.8,0.018,131.88096,FALSE
24-11-2013 08:00,178.9,0.0262,404.972352,FALSE
01-12-2013 08:00,47.65,0.0052,21.408192,FALSE
08-12-2013 08:00,14.49,0.0022,2.7542592,FALSE
15-12-2013 08:00,9.527,0.002,1.6462656,FALSE
22-12-2013 08:00,5.437,0.0017,0.79858656,FALSE
25-12-2013 08:00,4.656,0.0015,0.6034176,FALSE
29-12-2013 08:00,3.466,0.0022,0.65881728,FALSE
05-01-2014 08:00,2.048,0.0013,0.23003136,FALSE
04-05-2014 08:00,42.3,0.0109,39.836448,FALSE
10-05-2014 08:00,107.1,0.016,148.05504,FALSE
11-05-2014 08:00,69.28,0.0103,61.6536576,FALSE
14-05-2014 08:00,36.05,0.0039,12.147408,FALSE
18-05-2014 08:00,10.04,0.0011,0.9542016,FALSE
25-05-2014 08:00,47.65,0.0046,18.938016,FALSE
01-06-2014 08:00,21.78,0.0022,4.1399424,FALSE
08-06-2014 08:00,26.52,0.0038,8.7070464,FALSE
15-06-2014 08:00,86.41,0.0054,40.3154496,FALSE
22-06-2014 08:00,183.6,0.0215,341.05536,FALSE
29-06-2014 08:00,93.19,0.00717,57.73008672,FALSE
06-07-2014 08:00,127.7,0.0044,48.546432,FALSE
13-07-2014 08:00,83.47,0.0046,33.1743168,FALSE
20-07-2014 08:00,168.6,0.0033,48.071232,FALSE
27-07-2014 08:00,120.7,0.0041,42.756768,FALSE
28-07-2014 08:00,107.4,0.0041,38.045376,FALSE
03-08-2014 08:00,456.4,0.0293,1155.385728,FALSE
10-08-2014 08:00,122.4,0.1004,1061.766144,FALSE
17-08-2014 08:00,105,0.0052,47.1744,FALSE
18-08-2014 08:00,97.83,0.0044,37.1910528,FALSE
24-08-2014 08:00,732.7,0.1014,6419.155392,FALSE
29-08-2014 08:00,62.15,0.0058,31.144608,FALSE
31-08-2014 08:00,133.8,0.0078,90.170496,FALSE
07-09-2014 08:00,103.4,0.1209,1080.091584,FALSE
14-09-2014 08:00,40.84,0.0037,13.0557312,FALSE
21-09-2014 08:00,22.82,0.0026,5.1262848,FALSE
28-09-2014 08:00,140.2,0.0827,1001.768256,FALSE
02-10-2014 08:00,143.8,0.015,186.3648,FALSE
03-10-2014 08:00,117.3,0.0112,113.508864,FALSE
05-10-2014 08:00,77.01,0.0163,108.4547232,FALSE
06-10-2014 08:00,65.41,0.0074,41.8205376,FALSE
12-10-2014 08:00,92.42,0.0084,67.0747392,FALSE
19-10-2014 08:00,150.3,0.0069,89.602848,FALSE
22-10-2014 08:00,185.7,0.0079,126.751392,FALSE
26-10-2014 08:00,200.3,0.0134,231.899328,FALSE
02-11-2014 08:00,202.4,0.0062,108.421632,FALSE
03-11-2014 08:00,222,0.0066,126.59328,FALSE
06-11-2014 08:00,121.6,0.0053,55.683072,FALSE
09-11-2014 08:00,48.68,0.0035,14.720832,FALSE
16-11-2014 08:00,87.15,0.0019,14.306544,FALSE
23-11-2014 08:00,21.37,0.0025,4.61592,FALSE
30-11-2014 08:00,13.54,0.003,3.509568,FALSE
07-12-2014 08:00,6.696,0.0015,0.8678016,FALSE
14-12-2014 08:00,13.5,0.0015,1.7496,FALSE
21-12-2014 08:00,8.344,0.0014,1.00929024,FALSE
25-12-2014 08:00,5.993,0.0012,0.62135424,FALSE
28-12-2014 08:00,5.189,0.001,0.4483296,FALSE
04-01-2015 08:00,3.949,0.0011,0.37531296,FALSE
11-01-2015 08:00,2.841,0.0011,0.27000864,FALSE
18-01-2015 08:00,2.151,0.001,0.1858464,FALSE
25-01-2015 08:00,1.535,0.0012,0.1591488,FALSE
26-01-2015 08:00,1.535,0.0011,0.1458864,FALSE
14-04-2015 08:00,32.92,0.0006,1.7065728,FALSE
15-04-2015 08:00,36.12,0.0007,2.1845376,FALSE
19-04-2015 08:00,51.86,0.001,4.480704,FALSE
26-04-2015 08:00,77.47,0.0089,59.5713312,FALSE
03-05-2015 08:00,43.43,0.0098,36.7730496,FALSE
04-05-2015 08:00,38.87,0.0065,21.829392,FALSE
10-05-2015 08:00,46.38,0.0092,36.8665344,FALSE
17-05-2015 08:00,55.65,0.0055,26.44488,FALSE
24-05-2015 08:00,29.84,0.0015,3.867264,FALSE
31-05-2015 08:00,10.63,0.0008,0.7347456,FALSE
07-06-2015 08:00,36.2,0.0005,1.56384,FALSE
14-06-2015 08:00,82.06,0.001,7.089984,FALSE
21-06-2015 08:00,108.6,0.0058,54.421632,FALSE
28-06-2015 08:00,483.9,0.1469,6141.736224,FALSE
05-07-2015 08:00,53.47,0.0506,233.7622848,FALSE
12-07-2015 08:00,57.24,0.0049,24.2331264,FALSE
18-07-2015 08:00,88.29,0.0028,21.3591168,FALSE
19-07-2015 08:00,143.3,0.0042,52.000704,FALSE
26-07-2015 08:00,85.49,0.0024,17.7272064,FALSE
02-08-2015 08:00,32.14,0.002,5.553792,FALSE
09-08-2015 08:00,47.11,0.0014,5.6984256,FALSE
15-08-2015 08:00,125.3,0.0128,138.571776,FALSE
16-08-2015 08:00,109.4,0.0152,143.672832,FALSE
23-08-2015 08:00,60.88,0.0133,69.9584256,FALSE
28-08-2015 08:00,32.93,0.0018,5.1212736,FALSE
30-08-2015 08:00,25.87,0.0033,7.3760544,FALSE
06-09-2015 08:00,100.8,0.0424,369.266688,FALSE
13-09-2015 08:00,47.61,0.0059,24.2696736,FALSE
20-09-2015 08:00,64.94,0.0046,25.8097536,FALSE
24-09-2015 08:00,43.76,0.0056,21.1728384,FALSE
27-09-2015 08:00,100.8,0.0239,208.147968,FALSE
02-10-2015 08:45,127,0.0275,301.752,FALSE
04-10-2015 08:00,133.2,0.0456,524.786688,FALSE
11-10-2015 08:00,133.2,0.0294,338.349312,FALSE
18-10-2015 08:00,68.54,0.0092,54.4810752,FALSE
23-10-2015 08:00,101.6,0.0126,110.605824,FALSE
24-10-2015 08:00,162.8,0.021,295.38432,FALSE
25-10-2015 08:00,146.1,0.0116,146.427264,FALSE
01-11-2015 08:00,110.2,0.0289,275.164992,FALSE
08-11-2015 08:00,180.5,0.0277,431.98704,FALSE
10-11-2015 08:00,104.7,0.0156,141.118848,FALSE
15-11-2015 08:00,58.63,0.0136,68.8925952,FALSE
22-11-2015 08:00,44.23,0.0078,29.8074816,FALSE
25-11-2015 08:00,36.62,0.0228,72.1384704,FALSE
29-11-2015 08:00,30.21,0.0479,125.0258976,FALSE
01-12-2015 08:00,19.83,0.0009,1.5419808,FALSE
02-12-2015 08:00,18.41,0.0009,1.4315616,FALSE
03-12-2015 08:00,17.37,0.0008,1.2006144,FALSE
04-12-2015 08:00,35.17,0.0327,99.3650976,FALSE
05-12-2015 08:00,30.01,0.022,57.043008,FALSE
06-12-2015 08:00,24.04,0.097,201.474432,FALSE
13-12-2015 08:00,15.72,0.0035,4.753728,FALSE
20-12-2015 08:00,41.3,0.0029,10.348128,FALSE
24-12-2015 08:00,19.11,0.0024,3.9626496,FALSE
25-12-2015 08:00,16.37,0.0025,3.53592,FALSE
27-12-2015 08:00,12.1,0.0025,2.6136,FALSE
03-01-2016 08:00,4.134,0.0019,0.67863744,FALSE
10-01-2016 08:00,5.109,0.0032,1.41253632,FALSE
17-01-2016 08:00,2.099,0.0033,0.59846688,FALSE
24-01-2016 08:00,1.725,0.0028,0.417312,FALSE
26-01-2016 08:00,2.099,0.0023,0.41711328,FALSE
31-01-2016 08:00,4.144,0.0023,0.82349568,FALSE
10-05-2016 08:00,17.93,0.0037,5.7318624,FALSE
11-05-2016 08:00,25.79,0.0044,9.8043264,FALSE
12-05-2016 08:00,37.56,0.0054,17.5239936,FALSE
13-05-2016 08:00,35.97,0.0053,16.4713824,FALSE
14-05-2016 08:00,31.91,0.0049,13.5094176,FALSE
15-05-2016 08:00,29.01,0.0047,11.7803808,FALSE
16-05-2016 08:00,30.44,0.0048,12.6240768,FALSE
17-05-2016 08:00,33.41,0.005,14.43312,FALSE
21-05-2016 08:00,51.95,0.006,26.93088,FALSE
22-05-2016 08:00,44.2,0.0055,21.00384,FALSE
29-05-2016 08:00,80.14,0.0071,49.1610816,FALSE
20-07-2016 08:00,70.866234,0.0021,12.8579695,FALSE
26-06-2022 08:00,81.25,0,0,TRUE
05-10-2022 08:00,1.299,0.002,0.2244672,FALSE
05-06-1986 08:00,5.5,0.0108,5.13216,FALSE
06-06-1986 08:00,8.5,0.0087,6.38928,FALSE
07-06-1986 08:00,21,0.0325,58.968,FALSE
10-06-1986 08:00,8.2,0.0073,5.171904,FALSE
11-06-1986 08:00,6.4,0.0007,0.387072,FALSE
12-06-1986 08:00,12.5,0.0002,0.216,FALSE
13-06-1986 08:00,12.2,0.0028,2.951424,FALSE
14-06-1986 08:00,82.5,0.0126,89.8128,FALSE
16-06-1986 08:00,125.8,0.0183,198.904896,FALSE
17-06-1986 08:00,115.2,0.0169,168.210432,FALSE
18-06-1986 08:00,82.6,0.0126,89.921664,FALSE
19-06-1986 08:00,73.8,0.0114,72.690048,FALSE
20-06-1986 08:00,83.7,0.0129,93.288672,FALSE
21-06-1986 08:00,72.5,0.0113,70.7832,FALSE
22-06-1986 08:00,55.8,0.0085,40.97952,FALSE
23-06-1986 08:00,42.9,0.0068,25.204608,FALSE
24-06-1986 08:00,49.9,0.0081,34.922016,FALSE
25-06-1986 08:00,63.3,0.0096,52.503552,FALSE
26-06-1986 08:00,189,0.0821,1340.66016,FALSE
27-06-1986 08:00,226.2,0.0651,1272.293568,FALSE
28-06-1986 08:00,269.9,0.0362,844.160832,FALSE
29-06-1986 08:00,239.8,0.0154,319.068288,FALSE
01-07-1986 08:00,110.7,0.0474,453.356352,FALSE
02-07-1986 08:00,139,0.01212,145.556352,FALSE
03-07-1986 08:00,124.1,0.0091,97.572384,FALSE
04-07-1986 08:00,90,0.0091,70.7616,FALSE
05-07-1986 08:00,113.1,0.0264,257.976576,FALSE
06-07-1986 08:00,95.9,0.0134,111.029184,FALSE
07-07-1986 08:00,78.9,0.0053,36.129888,FALSE
08-07-1986 08:00,61.1,0.0039,20.588256,FALSE
09-07-1986 08:00,45.9,0.0099,39.261024,FALSE
10-07-1986 08:00,38.7,0.0083,27.752544,FALSE
11-07-1986 08:00,30.3,0.0055,14.39856,FALSE
12-07-1986 08:00,28.2,0.0038,9.258624,FALSE
13-07-1986 08:00,156.2,0.1014,1368.461952,FALSE
14-07-1986 08:00,143.5,0.02,247.968,FALSE
15-07-1986 08:00,172.4,0.0299,445.371264,FALSE
16-07-1986 08:00,191.2,0.0147818,244.1906058,FALSE
17-07-1986 08:00,139.8,0.0127,153.399744,FALSE
18-07-1986 08:00,104.3,0.0082,73.894464,FALSE
19-07-1986 08:00,62.8,0.005,27.1296,FALSE
20-07-1986 08:00,52.7,0.0049,22.311072,FALSE
21-07-1986 08:00,56.3,0.0042,20.430144,FALSE
22-07-1986 08:00,47.2,0.0092,37.518336,FALSE
23-07-1986 08:00,44.4,0.0052,19.948032,FALSE
24-07-1986 08:00,61.7,0.0065,34.65072,FALSE
25-07-1986 08:00,118.7,0.0219,224.599392,FALSE
26-07-1986 08:00,125.8,0.0138,149.993856,FALSE
27-07-1986 08:00,91.1,0.0086,67.690944,FALSE
28-07-1986 08:00,58,0.0069,34.57728,FALSE
29-07-1986 08:00,43.8,0.004,15.13728,FALSE
30-07-1986 08:00,36.8,0.003,9.53856,FALSE
31-07-1986 08:00,30.6,0.0015,3.96576,FALSE
01-08-1986 08:00,26.8,0.0012,2.778624,FALSE
02-08-1986 08:00,22.5,0.001,1.944,FALSE
03-08-1986 08:00,29.7,0.0038,9.751104,FALSE
04-08-1986 08:00,22.9,0.0036,7.122816,FALSE
05-08-1986 08:00,57.2,0.0115,56.83392,FALSE
06-08-1986 08:00,53,0.0108,49.45536,FALSE
07-08-1986 08:00,229.9,0.1216,2415.384576,FALSE
08-08-1986 08:00,426,0.0365,1343.4336,FALSE
09-08-1986 08:00,692.8,0.055266585,3308.142824,FALSE
10-08-1986 08:00,612.8,0.0505,2673.76896,FALSE
11-08-1986 08:00,537.7,0.0443,2058.057504,FALSE
12-08-1986 08:00,444,0.0148,567.75168,FALSE
13-08-1986 08:00,306.9,0.0097,257.206752,FALSE
14-08-1986 08:00,170.6,0.0143,210.779712,FALSE
16-08-1986 08:00,73.9,0.0076,48.525696,FALSE
17-08-1986 08:00,55.1,0.0053,25.231392,FALSE
18-08-1986 08:00,39.7,0.0031,10.633248,FALSE
19-08-1986 08:00,34.2,0.0025,7.3872,FALSE
20-08-1986 08:00,27.8,0.0016,3.843072,FALSE
21-08-1986 08:00,25.7,0.0013,2.886624,FALSE
22-08-1986 08:00,18.9,0.0022,3.592512,FALSE
23-08-1986 08:00,19.1,0.0016,2.640384,FALSE
24-08-1986 08:00,15.9,0.001,1.37376,FALSE
25-08-1986 08:00,13.8,0.0006,0.715392,FALSE
26-08-1986 08:00,12.3,0.0012,1.275264,FALSE
27-08-1986 08:00,11.5,0.0027,2.68272,FALSE
28-08-1986 08:00,9.9,0.0019,1.625184,FALSE
29-08-1986 08:00,9.6,0.0012,0.995328,FALSE
30-08-1986 08:00,8.7,0.0018,1.353024,FALSE
01-09-1986 08:00,7.8,0.0012,0.808704,FALSE
02-09-1986 08:00,7.3,0.0003,0.189216,FALSE
03-09-1986 08:00,6.5,0.0003,0.16848,FALSE
04-09-1986 08:00,6.1,0.0003,0.158112,FALSE
05-09-1986 08:00,5.6,0.0006,0.290304,FALSE
06-09-1986 08:00,5.4,0.0005,0.23328,FALSE
07-09-1986 08:00,6.8,0.0004,0.235008,FALSE
08-09-1986 08:00,5.6,0.0011,0.532224,FALSE
09-09-1986 08:00,5.1,0.0011,0.484704,FALSE
10-09-1986 08:00,4.9,0.0009,0.381024,FALSE
11-09-1986 08:00,4.4,0.0018,0.684288,FALSE
12-09-1986 08:00,4.5,0.0005,0.1944,FALSE
13-09-1986 08:00,4.7,0.0015,0.60912,FALSE
14-09-1986 08:00,4,0.0039,1.34784,FALSE
16-09-1986 08:00,9.6,0.0032,2.654208,FALSE
17-09-1986 08:00,19.3,0.0145,24.17904,FALSE
18-09-1986 08:00,80.8,0.0233,162.660096,FALSE
19-09-1986 08:00,43.3,0.0051,19.079712,FALSE
20-09-1986 08:00,55.5,0.0082,39.32064,FALSE
21-09-1986 08:00,102.6,0.03465,307.159776,FALSE
22-09-1986 08:00,87.5,0.0084,63.504,FALSE
23-09-1986 08:00,77.4,0.0099,66.204864,FALSE
24-09-1986 08:00,64.7,0.0067,37.453536,FALSE
25-09-1986 08:00,55.9,0.0055,26.56368,FALSE
26-09-1986 08:00,57.3,0.004,19.80288,FALSE
27-09-1986 08:00,46.9,0.0038,15.398208,FALSE
28-09-1986 08:00,38.1,0.0013,4.279392,FALSE
29-09-1986 08:00,102.3,0.0616,544.465152,FALSE
30-09-1986 08:00,104.3,0.0378,340.635456,FALSE
01-10-1986 08:00,119.8,0.0154,159.401088,FALSE
02-10-1986 08:00,154.7,0.0442,590.780736,FALSE
03-10-1986 08:00,121.2,0.0122,127.754496,FALSE
04-10-1986 08:00,90.1,0.0053,41.258592,FALSE
05-10-1986 08:00,75.5,0.005,32.616,FALSE
06-10-1986 08:00,64.8,0.0086,48.148992,FALSE
07-10-1986 08:00,57.4,0.0086,42.650496,FALSE
08-10-1986 08:00,49.9,0.0027,11.640672,FALSE
09-10-1986 08:00,40.2,0.0025,8.6832,FALSE
10-10-1986 08:00,33,0.0021,5.98752,FALSE
11-10-1986 08:00,36.4,0.0019,5.975424,FALSE
13-10-1986 08:00,28.5,0.0011,2.70864,FALSE
14-10-1986 08:00,35,0.0021,6.3504,FALSE
15-10-1986 08:00,31,0.004,10.7136,FALSE
16-10-1986 08:00,33.8,0.0034,9.929088,FALSE
17-10-1986 08:00,64.6,0.0725,404.6544,FALSE
18-10-1986 08:00,71.6,0.0373,230.746752,FALSE
20-10-1986 08:00,39,0.0093,31.33728,FALSE
21-10-1986 08:00,37.4,0.0052,16.803072,FALSE
22-10-1986 08:00,29.6,0.0029,7.416576,FALSE
23-10-1986 08:00,23.6,0.0028,5.709312,FALSE
24-10-1986 08:00,19.7,0.0017,2.893536,FALSE
25-10-1986 08:00,20,0.003,5.184,FALSE
27-10-1986 08:00,54.1,0.0346,161.728704,FALSE
28-10-1986 08:00,73.9,0.0473,302.008608,FALSE
29-10-1986 08:00,97.1,0.0311,260.911584,FALSE
30-10-1986 08:00,63.9,0.0064,35.334144,FALSE
31-10-1986 08:00,129,0.1276,1422.17856,FALSE
03-11-1986 08:00,164,0.0124,175.70304,FALSE
04-11-1986 08:00,110,0.0074,70.3296,FALSE
05-11-1986 08:00,113.4,0.041479357,406.4047848,FALSE
06-11-1986 08:00,159.3,0.0361,496.863072,FALSE
07-11-1986 08:00,218.5,0.0301,568.23984,FALSE
08-11-1986 08:00,231.1,0.0251,501.172704,FALSE
09-11-1986 08:00,162.6,0.0111,155.939904,FALSE
10-11-1986 08:00,134.9,0.0066,76.925376,FALSE
11-11-1986 08:00,121.4,0.014,146.84544,FALSE
12-11-1986 08:00,105.7,0.0036,32.876928,FALSE
13-11-1986 08:00,117.5,0.0484,491.3568,FALSE
14-11-1986 08:00,95.1,0.0184,151.186176,FALSE
15-11-1986 08:00,85.7,0.0284,210.287232,FALSE
17-11-1986 08:00,45,0.0108,41.9904,FALSE
18-11-1986 08:00,35.4,0.0058,17.739648,FALSE
19-11-1986 08:00,29.8,0.0051,13.131072,FALSE
20-11-1986 08:00,23.1,0.0049,9.779616,FALSE
21-11-1986 08:00,19.5,0.0051,8.59248,FALSE
22-11-1986 08:00,17.9,0.0034,5.258304,FALSE
24-11-1986 08:00,13.3,0.0028,3.217536,FALSE
25-11-1986 08:00,13.1,0.0023,2.603232,FALSE
26-11-1986 08:00,11.8,0.0019,1.937088,FALSE
27-11-1986 08:00,11.1,0.0023,2.205792,FALSE
28-11-1986 08:00,9.7,0.0028,2.346624,FALSE
29-11-1986 08:00,8.7,0.0043,3.232224,FALSE
01-12-1986 08:00,7.4,0.0025,1.5984,FALSE
02-12-1986 08:00,6.8,0.0019,1.116288,FALSE
03-12-1986 08:00,6.7,0.0031,1.794528,FALSE
04-12-1986 08:00,6.2,0.002,1.07136,FALSE
05-12-1986 08:00,5.7,0.002,0.98496,FALSE
06-12-1986 08:00,5.1,0.0009,0.396576,FALSE
08-12-1986 08:00,4.6,0.0013,0.516672,FALSE
09-12-1986 08:00,4.2,0.0019,0.689472,FALSE
10-12-1986 08:00,4.2,0.0006,0.217728,FALSE
11-12-1986 08:00,4.2,0.0002,0.072576,FALSE
12-12-1986 08:00,10.5,0.0051,4.62672,FALSE
13-12-1986 08:00,6.4,0.0027,1.492992,FALSE
15-12-1986 08:00,4.1,0.0021,0.743904,FALSE
16-12-1986 08:00,3.7,0.0003,0.095904,FALSE
17-12-1986 08:00,3.2,0.0042,1.161216,FALSE
18-12-1986 08:00,3,0.0026,0.67392,FALSE
19-12-1986 08:00,2.8,0.0035,0.84672,FALSE
20-12-1986 08:00,2.5,0.0047,1.0152,FALSE
22-12-1986 08:00,2.4,0.0038,0.787968,FALSE
23-12-1986 08:00,2.3,0.0033,0.655776,FALSE
24-12-1986 08:00,2.1,0.0019,0.344736,FALSE
26-12-1986 08:00,1.6,0.0048,0.663552,FALSE
27-12-1986 08:00,1.8,0.0033,0.513216,FALSE
29-12-1986 08:00,1.6,0.0003,0.041472,FALSE
30-12-1986 08:00,1.3,0.003,0.33696,FALSE
31-12-1986 08:00,1.2,0.0036,0.373248,FALSE
01-01-1987 08:00,1.1,0.0036,0.342144,FALSE
02-01-1987 08:00,1.2,0.0022,0.228096,FALSE
03-01-1987 08:00,1.1,0.0035,0.33264,FALSE
05-01-1987 08:00,0.9,0.0055,0.42768,FALSE
06-01-1987 08:00,0.9,0.0029,0.225504,FALSE
07-01-1987 08:00,0.8,0.0041,0.283392,FALSE
08-01-1987 08:00,0.6,0.0036,0.186624,FALSE
09-01-1987 08:00,0.5,0.0043,0.18576,FALSE
10-01-1987 08:00,0.5,0.0027,0.11664,FALSE
12-01-1987 08:00,0.5,0.0047,0.20304,FALSE
13-01-1987 08:00,0.5,0.0049,0.21168,FALSE
14-01-1987 08:00,0.4,0.0015,0.05184,FALSE
15-01-1987 08:00,0.4,0.0026,0.089856,FALSE
16-01-1987 08:00,0.3,0.0051,0.132192,FALSE
17-01-1987 08:00,0.2,0.0022,0.038016,FALSE
19-01-1987 08:00,0.2,0.0047,0.081216,FALSE
20-01-1987 08:00,0.2,0.0072,0.124416,FALSE
21-01-1987 08:00,0.2,0.0087,0.150336,FALSE
22-01-1987 08:00,0.2,0.0069,0.119232,FALSE
23-01-1987 08:00,0.2,0.0055,0.09504,FALSE
24-01-1987 08:00,0.2,0,0,TRUE
27-01-1987 08:00,0.2,0,0,TRUE
28-01-1987 08:00,0.1,0,0,TRUE
29-01-1987 08:00,0.1,0,0,TRUE
30-01-1987 08:00,0.1,0,0,TRUE
31-01-1987 08:00,0,0,0,TRUE
01-02-1987 08:00,0,0,0,TRUE
02-02-1987 08:00,0.1,0,0,TRUE
03-02-1987 08:00,0.1,0,0,TRUE
04-02-1987 08:00,0,0,0,TRUE
05-02-1987 08:00,0,0,0,TRUE
06-02-1987 08:00,0,0,0,TRUE
07-02-1987 08:00,0,0,0,TRUE
08-02-1987 08:00,0,0,0,TRUE
09-02-1987 08:00,0,0,0,TRUE
10-02-1987 08:00,0,0,0,TRUE
11-02-1987 08:00,0,0,0,TRUE
12-02-1987 08:00,0,0,0,TRUE
13-02-1987 08:00,0,0,0,TRUE
14-02-1987 08:00,0,0,0,TRUE
15-02-1987 08:00,0,0,0,TRUE
16-02-1987 08:00,0,0,0,TRUE
17-02-1987 08:00,0,0,0,TRUE
18-02-1987 08:00,0,0,0,TRUE
19-02-1987 08:00,0,0,0,TRUE
20-02-1987 08:00,0,0,0,TRUE
21-02-1987 08:00,0,0,0,TRUE
22-02-1987 08:00,0,0,0,TRUE
23-02-1987 08:00,0,0,0,TRUE
24-02-1987 08:00,0,0,0,TRUE
25-02-1987 08:00,0,0,0,TRUE
26-02-1987 08:00,0,0,0,TRUE
27-02-1987 08:00,0,0,0,TRUE
28-02-1987 08:00,0,0,0,TRUE
01-03-1987 08:00,0,0,0,TRUE
02-03-1987 08:00,0,0,0,TRUE
03-03-1987 08:00,0,0,0,TRUE
04-03-1987 08:00,0,0,0,TRUE
05-03-1987 08:00,0,0,0,TRUE
06-03-1987 08:00,0,0,0,TRUE
07-03-1987 08:00,0,0,0,TRUE
08-03-1987 08:00,0,0,0,TRUE
09-03-1987 08:00,0,0,0,TRUE
10-03-1987 08:00,0,0,0,TRUE
11-03-1987 08:00,0,0,0,TRUE
12-03-1987 08:00,0,0,0,TRUE
13-03-1987 08:00,0,0,0,TRUE
14-03-1987 08:00,0,0,0,TRUE
15-03-1987 08:00,0,0,0,TRUE
16-03-1987 08:00,0,0,0,TRUE
17-03-1987 08:00,0,0,0,TRUE
18-03-1987 08:00,0,0,0,TRUE
19-03-1987 08:00,0,0,0,TRUE
20-03-1987 08:00,0,0,0,TRUE
21-03-1987 08:00,0,0,0,TRUE
22-03-1987 08:00,0,0,0,TRUE
23-03-1987 08:00,0,0,0,TRUE
24-03-1987 08:00,0,0,0,TRUE
25-03-1987 08:00,0,0,0,TRUE
26-03-1987 08:00,0,0,0,TRUE
27-03-1987 08:00,0,0,0,TRUE
28-03-1987 08:00,0,0,0,TRUE
29-03-1987 08:00,0,0,0,TRUE
30-03-1987 08:00,0,0,0,TRUE
31-03-1987 08:00,0,0,0,TRUE
01-04-1987 08:00,0,0,0,TRUE
02-04-1987 08:00,0,0,0,TRUE
03-04-1987 08:00,0,0,0,TRUE
04-04-1987 08:00,0,0,0,TRUE
05-04-1987 08:00,0,0,0,TRUE
06-04-1987 08:00,0,0,0,TRUE
07-04-1987 08:00,0,0,0,TRUE
08-04-1987 08:00,0,0,0,TRUE
09-04-1987 08:00,0,0,0,TRUE
10-04-1987 08:00,0,0,0,TRUE
11-04-1987 08:00,0,0,0,TRUE
12-04-1987 08:00,0,0,0,TRUE
13-04-1987 08:00,0,0,0,TRUE
14-04-1987 08:00,0,0,0,TRUE
15-04-1987 08:00,0,0,0,TRUE
16-04-1987 08:00,0,0,0,TRUE
17-04-1987 08:00,0,0,0,TRUE
18-04-1987 08:00,0,0,0,TRUE
19-04-1987 08:00,0,0,0,TRUE
20-04-1987 08:00,0,0,0,TRUE
21-04-1987 08:00,0,0,0,TRUE
22-04-1987 08:00,0,0,0,TRUE
23-04-1987 08:00,0,0,0,TRUE
24-04-1987 08:00,0,0,0,TRUE
25-04-1987 08:00,0,0,0,TRUE
26-04-1987 08:00,0,0,0,TRUE
27-04-1987 08:00,0,0,0,TRUE
28-04-1987 08:00,0,0,0,TRUE
29-04-1987 08:00,0,0,0,TRUE
30-04-1987 08:00,0,0,0,TRUE
01-05-1987 08:00,0,0,0,TRUE
02-05-1987 08:00,8,0.0267,18.45504,FALSE
04-05-1987 08:00,3.8,0.0178,5.844096,FALSE
05-05-1987 08:00,2.9,0.0141,3.532896,FALSE
06-05-1987 08:00,2.9,0.0094,2.355264,FALSE
07-05-1987 08:00,2,0.0049,0.84672,FALSE
08-05-1987 08:00,1.4,0.0111,1.342656,FALSE
09-05-1987 08:00,1,0.0154,1.33056,FALSE
11-05-1987 08:00,0.5,0.0107,0.46224,FALSE
12-05-1987 08:00,0.5,0.0155,0.6696,FALSE
14-05-1987 08:00,0.2,0.0217,0.374976,FALSE
15-05-1987 08:00,0.5,0.0182,0.78624,FALSE
16-05-1987 08:00,1.8,0.0158,2.457216,FALSE
18-05-1987 08:00,2.3,0.0147,2.921184,FALSE
19-05-1987 08:00,2.4,0.0159,3.297024,FALSE
20-05-1987 08:00,5,0.0267,11.5344,FALSE
21-05-1987 08:00,4.5,0.0114,4.43232,FALSE
22-05-1987 08:00,4.1,0.0101,3.577824,FALSE
23-05-1987 08:00,4.6,0.017,6.75648,FALSE
25-05-1987 08:00,16.6,0.0237,33.991488,FALSE
26-05-1987 08:00,14.1,0.0103,12.547872,FALSE
27-05-1987 08:00,22,0.0325,61.776,FALSE
28-05-1987 08:00,17.6,0.0158,24.026112,FALSE
01-06-1987 08:00,50.13,0.0355,153.758736,FALSE
02-06-1987 08:00,37.4,0.0156,50.409216,FALSE
03-06-1987 08:00,149.7,0.24781,3205.194365,FALSE
04-06-1987 08:00,92.19,0.0267,212.6712672,FALSE
05-06-1987 08:00,87.06,0.0296,222.6507264,FALSE
06-06-1987 08:00,87.8,0.0216,163.855872,FALSE
08-06-1987 08:00,38.13,0.0066,21.7432512,FALSE
09-06-1987 08:00,32.69,0.0055,15.534288,FALSE
10-06-1987 08:00,24.63,0.003,6.384096,FALSE
11-06-1987 08:00,32.52,0.007,19.668096,FALSE
12-06-1987 08:00,36.89,0.007,22.311072,FALSE
13-06-1987 08:00,34.04,0.005,14.70528,FALSE
14-06-1987 08:00,28.5,0.004,9.8496,FALSE
15-06-1987 08:00,35.7,0.007,21.59136,FALSE
16-06-1987 08:00,75.45,0.0377,245.761776,FALSE
17-06-1987 08:00,126.9,0.0266,291.646656,FALSE
18-06-1987 08:00,170.9,0.0626,924.336576,FALSE
19-06-1987 08:00,128,0.021,232.2432,FALSE
20-06-1987 08:00,77.58,0.008,53.623296,FALSE
22-06-1987 08:00,39.29,0.006,20.367936,FALSE
23-06-1987 08:00,75.09,0.093,603.363168,FALSE
24-06-1987 08:00,85.65,0.021,155.40336,FALSE
25-06-1987 08:00,81.25,0.012,84.24,FALSE
26-06-1987 08:00,189.6,0.0944,1546.407936,FALSE
27-06-1987 08:00,233.9,0.0984,1988.561664,FALSE
28-06-1987 08:00,256.8,0.0376,834.250752,FALSE
29-06-1987 08:00,172.6,0.019664712,293.2527708,FALSE
30-06-1987 08:00,118.1,0.01,102.0384,FALSE
01-07-1987 08:00,79.89,0.015,103.53744,FALSE
02-07-1987 08:00,78.63,0.011,74.729952,FALSE
03-07-1987 08:00,63.69,0.005,27.51408,FALSE
04-07-1987 08:00,51.22,0.004,17.701632,FALSE
06-07-1987 08:00,51.02,0.004,17.632512,FALSE
07-07-1987 08:00,50.79,0.008,35.106048,FALSE
08-07-1987 08:00,70.2,0.019,115.24032,FALSE
09-07-1987 08:00,105.9,0.03191,291.9688416,FALSE
10-07-1987 08:00,104.9,0.0168,152.264448,FALSE
11-07-1987 08:00,79.98,0.0099,68.4116928,FALSE
13-07-1987 08:00,50.21,0.005,21.69072,FALSE
14-07-1987 08:00,41.01,0.01,35.43264,FALSE
15-07-1987 08:00,35.92,0.006,18.620928,FALSE
16-07-1987 08:00,40.44,0.003,10.482048,FALSE
17-07-1987 08:00,31.55,0.008,21.80736,FALSE
18-07-1987 08:00,27.86,0.005,12.03552,FALSE
20-07-1987 08:00,23.42,0.005,10.11744,FALSE
21-07-1987 08:00,20.32,0.004,7.022592,FALSE
22-07-1987 08:00,17.92,0.003,4.644864,FALSE
23-07-1987 08:00,15,0.004,5.184,FALSE
24-07-1987 08:00,11.65,0.003,3.01968,FALSE
25-07-1987 08:00,17.7,0.006,9.17568,FALSE
27-07-1987 08:00,14.19,0.004,4.904064,FALSE
28-07-1987 08:00,12.11,0.002,2.092608,FALSE
29-07-1987 08:00,10.95,0.002,1.89216,FALSE
30-07-1987 08:00,9.996,0.004,3.4546176,FALSE
31-07-1987 08:00,9.105,0.003,2.360016,FALSE
01-08-1987 08:00,10.86,0.006,5.629824,FALSE
03-08-1987 08:00,9.569,0.005,4.133808,FALSE
04-08-1987 08:00,42.59,0.036,132.471936,FALSE
05-08-1987 08:00,29.29,0.007,17.714592,FALSE
07-08-1987 08:00,19.77,0.005,8.54064,FALSE
08-08-1987 08:00,16.48,0.003,4.271616,FALSE
10-08-1987 08:00,11.73,0.002,2.026944,FALSE
11-08-1987 08:00,11.06,0.001,0.955584,FALSE
12-08-1987 08:00,9.852,0.002,1.7024256,FALSE
13-08-1987 08:00,10.66,0.003,2.763072,FALSE
14-08-1987 08:00,13.02,0.001,1.124928,FALSE
17-08-1987 08:00,27.72,0.003,7.185024,FALSE
18-08-1987 08:00,72.57,0.047,294.692256,FALSE
19-08-1987 08:00,155.8,0.082,1103.81184,FALSE
20-08-1987 08:00,145.9,0.037,466.41312,FALSE
21-08-1987 08:00,168.2,0.035,508.6368,FALSE
22-08-1987 08:00,130.8,0.019,214.72128,FALSE
24-08-1987 08:00,337.6,0.1228,3581.908992,FALSE
25-08-1987 08:00,371.2,0.03484,1117.377331,FALSE
26-08-1987 08:00,373.3,0.02888,931.4701056,FALSE
27-08-1987 08:00,313.4,0.015,406.1664,FALSE
28-08-1987 08:00,227.7,0.02,393.4656,FALSE
29-08-1987 08:00,190.6,0.036,592.84224,FALSE
31-08-1987 08:00,89.7,0.011,85.25088,FALSE
01-09-1987 08:00,61.37,0.008,42.418944,FALSE
02-09-1987 08:00,45.17,0.004,15.610752,FALSE
03-09-1987 08:00,34.82,0.006,18.050688,FALSE
04-09-1987 08:00,31.13,0.013,34.965216,FALSE
07-09-1987 08:00,23.58,0.003,6.111936,FALSE
08-09-1987 08:00,21.26,0.002,3.673728,FALSE
09-09-1987 08:00,16.36,0.001,1.413504,FALSE
10-09-1987 08:00,14.3,0.001,1.23552,FALSE
11-09-1987 08:00,12.66,0.001,1.093824,FALSE
12-09-1987 08:00,11.32,0.002,1.956096,FALSE
14-09-1987 08:00,8.693,0.001,0.7510752,FALSE
15-09-1987 08:00,11.12,0.002,1.921536,FALSE
16-09-1987 08:00,53.09,0.037,169.718112,FALSE
17-09-1987 08:00,29.29,0.008,20.245248,FALSE
18-09-1987 08:00,22.42,0.005,9.68544,FALSE
19-09-1987 08:00,29.87,0.008,20.646144,FALSE
21-09-1987 08:00,67.87,0.016,93.823488,FALSE
22-09-1987 08:00,54.16,0.016,74.870784,FALSE
23-09-1987 08:00,50.14,0.008,34.656768,FALSE
24-09-1987 08:00,184.6,0.17,2711.4048,FALSE
25-09-1987 08:00,297.8,0.027,694.70784,FALSE
26-09-1987 08:00,149.1,0.017,218.99808,FALSE
28-09-1987 08:00,67.36,0.005,29.09952,FALSE
29-09-1987 08:00,60.79,0.008,42.018048,FALSE
30-09-1987 08:00,52.88,0.006,27.412992,FALSE
01-10-1987 08:00,39.97,0.002,6.906816,FALSE
03-10-1987 08:00,43.69,0.01,37.74816,FALSE
05-10-1987 08:00,47.74,0.011,45.372096,FALSE
06-10-1987 08:00,49.03,0.013,55.070496,FALSE
07-10-1987 08:00,33.1,0.012,34.31808,FALSE
08-10-1987 08:00,81.69,0.04,282.32064,FALSE
09-10-1987 08:00,188,0.2705,4393.7856,FALSE
10-10-1987 08:00,116.5,0.028,281.8368,FALSE
12-10-1987 08:00,193,0.2686,4478.95872,FALSE
13-10-1987 08:00,138.4,0.23483275,2808.073665,FALSE
14-10-1987 08:00,96.21,0.015,124.68816,FALSE
15-10-1987 08:00,92.9,0.021,168.55776,FALSE
16-10-1987 08:00,65.22,0.022,123.970176,FALSE
17-10-1987 08:00,56.48,0.012,58.558464,FALSE
19-10-1987 08:00,60.16,0.016,83.165184,FALSE
20-10-1987 08:00,109.5,0.0204,193.00032,FALSE
21-10-1987 08:00,85.9,0.028,207.80928,FALSE
23-10-1987 08:00,52.56,0.007,31.788288,FALSE
24-10-1987 08:00,41.19,0.011,39.146976,FALSE
26-10-1987 08:00,66.6,0.05,287.712,FALSE
27-10-1987 08:00,110.1,0.087,827.59968,FALSE
28-10-1987 08:00,98.63,0.016,136.346112,FALSE
29-10-1987 08:00,99.38,0.045,386.38944,FALSE
30-10-1987 08:00,241.4,0.15,3128.544,FALSE
31-10-1987 08:00,220.8,0.1247,2378.916864,FALSE
02-11-1987 08:00,141.2,0.0342,417.229056,FALSE
03-11-1987 08:00,103.6,0.02,179.0208,FALSE
04-11-1987 08:00,62.57,0.014,75.684672,FALSE
06-11-1987 08:00,52.09,0.026,117.014976,FALSE
07-11-1987 08:00,86.76,0.063,472.252032,FALSE
09-11-1987 08:00,133.9,0.13209,1528.143926,FALSE
10-11-1987 08:00,144.5,0.0512,639.22176,FALSE
11-11-1987 08:00,102.3,0.01,88.3872,FALSE
12-11-1987 08:00,63.16,0.01,54.57024,FALSE
13-11-1987 08:00,46.13,0.007,27.899424,FALSE
14-11-1987 08:00,34.83,0.006,18.055872,FALSE
16-11-1987 08:00,25.46,0.01,21.99744,FALSE
17-11-1987 08:00,21.88,0.005,9.45216,FALSE
18-11-1987 08:00,17.51,0.004,6.051456,FALSE
19-11-1987 08:00,30.58,0.035,92.47392,FALSE
20-11-1987 08:00,152.5,0.1942,2558.7792,FALSE
21-11-1987 08:00,172.2,0.117,1740.73536,FALSE
22-11-1987 08:00,154.5,0.082,1094.6016,FALSE
23-11-1987 08:00,103.9,0.021,188.51616,FALSE
24-11-1987 08:00,120.1,0.032,332.05248,FALSE
25-11-1987 08:00,102.7,0.02,177.4656,FALSE
26-11-1987 08:00,116.8,0.084,847.68768,FALSE
27-11-1987 08:00,110.2,0.042,399.89376,FALSE
28-11-1987 08:00,70.4,0.014,85.15584,FALSE
30-11-1987 08:00,38.54,0.008,26.638848,FALSE
01-12-1987 08:00,29.31,0.006,15.194304,FALSE
02-12-1987 08:00,25.3,0.006,13.11552,FALSE
03-12-1987 08:00,22.38,0.006,11.601792,FALSE
04-12-1987 08:00,18.94,0.005,8.18208,FALSE
05-12-1987 08:00,41.62,0.031,111.475008,FALSE
07-12-1987 08:00,26,0.007,15.7248,FALSE
08-12-1987 08:00,26.52,0.005,11.45664,FALSE
09-12-1987 08:00,22.31,0.004,7.710336,FALSE
10-12-1987 08:00,25.23,0.006,13.079232,FALSE
11-12-1987 08:00,23.34,0.007,14.116032,FALSE
12-12-1987 08:00,57.4,0.126,624.87936,FALSE
14-12-1987 08:00,124.5,0.2495578,2684.443343,FALSE
15-12-1987 08:00,111.7,0.0426,411.127488,FALSE
16-12-1987 08:00,61.89,0.025,133.6824,FALSE
17-12-1987 08:00,47.9,0.012,49.66272,FALSE
18-12-1987 08:00,35.39,0.006,18.346176,FALSE
19-12-1987 08:00,89.3,0.086,663.53472,FALSE
21-12-1987 08:00,34.13,0.016,47.181312,FALSE
22-12-1987 08:00,27.08,0.006,14.038272,FALSE
23-12-1987 08:00,22.34,0.011,21.231936,FALSE
24-12-1987 08:00,20.75,0.008,14.3424,FALSE
25-12-1987 08:00,19.75,0.007,11.9448,FALSE
28-12-1987 08:00,11.23,0.001,0.970272,FALSE
29-12-1987 08:00,10.25,0.002,1.7712,FALSE
30-12-1987 08:00,8.989,0.001,0.7766496,FALSE
31-12-1987 08:00,8.361,0.001,0.7223904,FALSE
01-01-1988 08:00,7.485,0.0024,1.5520896,FALSE
02-01-1988 08:00,6.862,0.0031,1.83791808,FALSE
04-01-1988 08:00,5.913,0.0044,2.24788608,FALSE
05-01-1988 08:00,5.433,0.0023,1.07964576,FALSE
06-01-1988 08:00,4.924,0.0012,0.51052032,FALSE
07-01-1988 08:00,4.891,0.0054,2.28194496,FALSE
08-01-1988 08:00,4.541,0.001,0.3923424,FALSE
09-01-1988 08:00,4.152,0.0053,1.90128384,FALSE
11-01-1988 08:00,3.366,0.0051,1.48319424,FALSE
12-01-1988 08:00,3.229,0.002,0.5579712,FALSE
13-01-1988 08:00,3.076,0.0054,1.43513856,FALSE
14-01-1988 08:00,2.616,0.005,1.130112,FALSE
15-01-1988 08:00,2.506,0.007,1.5156288,FALSE
16-01-1988 08:00,2.186,0.005,0.944352,FALSE
18-01-1988 08:00,1.949,0.003,0.5051808,FALSE
19-01-1988 08:00,1.815,0.001,0.156816,FALSE
20-01-1988 08:00,1.595,0.007,0.964656,FALSE
21-01-1988 08:00,1.597,0.003,0.4139424,FALSE
23-01-1988 08:00,1.386,0.001,0.1197504,FALSE
25-01-1988 08:00,1.121,0.008,0.7748352,FALSE
26-01-1988 08:00,1.15,0.005,0.4968,FALSE
27-01-1988 08:00,0.917,0.012,0.9507456,FALSE
28-01-1988 08:00,0.659,0.012,0.6832512,FALSE
29-01-1988 08:00,0.765,0.008,0.528768,FALSE
30-01-1988 08:00,0.556,0.007,0.3362688,FALSE
01-02-1988 08:00,0.411,0.003,0.1065312,FALSE
02-02-1988 08:00,0.351,0.004,0.1213056,FALSE
03-02-1988 08:00,0.411,0.002,0.0710208,FALSE
04-02-1988 08:00,0.164,0.003,0.0425088,FALSE
05-02-1988 08:00,0.277,0.003,0.0717984,FALSE
06-02-1988 08:00,0.131,0.007,0.0792288,FALSE
07-02-1988 08:00,0,0,0,TRUE
08-02-1988 08:00,0,0,0,TRUE
09-02-1988 08:00,0,0,0,TRUE
10-02-1988 08:00,0,0,0,TRUE
11-02-1988 08:00,0,0,0,TRUE
12-02-1988 08:00,0,0,0,TRUE
13-02-1988 08:00,0,0,0,TRUE
14-02-1988 08:00,0,0,0,TRUE
15-02-1988 08:00,0,0,0,TRUE
16-02-1988 08:00,0,0,0,TRUE
17-02-1988 08:00,1.303,0.009,1.0132128,FALSE
18-02-1988 08:00,0.865,0.007,0.523152,FALSE
19-02-1988 08:00,0.56,0.01,0.48384,FALSE
20-02-1988 08:00,0.368,0.006,0.1907712,FALSE
22-02-1988 08:00,0.201,0.004,0.0694656,FALSE
23-02-1988 08:00,0,0,0,TRUE
24-02-1988 08:00,0,0,0,TRUE
25-02-1988 08:00,0,0,0,TRUE
26-02-1988 08:00,0.386,0.007,0.2334528,FALSE
27-02-1988 08:00,0.382,0.007,0.2310336,FALSE
29-02-1988 08:00,1.838,0.006,0.9528192,FALSE
01-03-1988 08:00,1.896,0.004,0.6552576,FALSE
02-03-1988 08:00,5.5,0.006,2.8512,FALSE
03-03-1988 08:00,6.807,0.008,4.7049984,FALSE
04-03-1988 08:00,7.209,0.005,3.114288,FALSE
05-03-1988 08:00,5.456,0.003,1.4141952,FALSE
07-03-1988 08:00,6.797,0.005,2.936304,FALSE
08-03-1988 08:00,5.572,0.003,1.4442624,FALSE
09-03-1988 08:00,4.303,0.001,0.3717792,FALSE
10-03-1988 08:00,3.223,0.002,0.5569344,FALSE
11-03-1988 08:00,2.642,0.002,0.4565376,FALSE
12-03-1988 08:00,2.175,0.008,1.50336,FALSE
14-03-1988 08:00,2.48,0.005,1.07136,FALSE
15-03-1988 08:00,2.388,0.009,1.8569088,FALSE
16-03-1988 08:00,1.873,0.009,1.4564448,FALSE
17-03-1988 08:00,1.669,0.008,1.1536128,FALSE
18-03-1988 08:00,2.17,0.007,1.312416,FALSE
19-03-1988 08:00,7.981,0.006,4.1373504,FALSE
21-03-1988 08:00,15.27,0.0273,36.0176544,FALSE
22-03-1988 08:00,14.86,0.0193,24.7793472,FALSE
23-03-1988 08:00,10.1,0.01444,12.6009216,FALSE
24-03-1988 08:00,2.596,0.007,1.5700608,FALSE
25-03-1988 08:00,6.169,0.006,3.1980096,FALSE
26-03-1988 08:00,4.809,0.006,2.4929856,FALSE
28-03-1988 08:00,3.361,0.006,1.7423424,FALSE
29-03-1988 08:00,2.925,0.007,1.76904,FALSE
30-03-1988 08:00,2.458,0.008,1.6989696,FALSE
02-04-1988 08:00,1.506,0.004,0.5204736,FALSE
04-04-1988 08:00,1.259,0.005,0.543888,FALSE
05-04-1988 08:00,0.463,0.004,0.1600128,FALSE
06-04-1988 08:00,0.566,0.009,0.4401216,FALSE
07-04-1988 08:00,0.573,0.008,0.3960576,FALSE
08-04-1988 08:00,0.8,0.003,0.20736,FALSE
09-04-1988 08:00,1.421,0.004,0.4910976,FALSE
11-04-1988 08:00,2.282,0.006,1.1829888,FALSE
12-04-1988 08:00,1.791,0.009,1.3926816,FALSE
13-04-1988 08:00,2.214,0.007,1.3390272,FALSE
15-04-1988 08:00,4.43,0.009,3.444768,FALSE
16-04-1988 08:00,10,0.012,10.368,FALSE
18-04-1988 08:00,56.43,0.048,234.026496,FALSE
19-04-1988 08:00,55.35,0.0446,213.287904,FALSE
20-04-1988 08:00,33.71,0.06,174.75264,FALSE
21-04-1988 08:00,28.1,0.052,126.24768,FALSE
22-04-1988 08:00,21.35,0.041,75.63024,FALSE
23-04-1988 08:00,17.61,0.03,45.64512,FALSE
25-04-1988 08:00,16.52,0.014,19.982592,FALSE
26-04-1988 08:00,13.36,0.008,9.234432,FALSE
27-04-1988 08:00,10.89,0.005,4.70448,FALSE
28-04-1988 08:00,13.96,0.007,8.443008,FALSE
29-04-1988 08:00,20.23,0.017,29.713824,FALSE
30-04-1988 08:00,19.3,0.016,26.68032,FALSE
02-05-1988 08:00,13.04,0.007,7.886592,FALSE
03-05-1988 08:00,10.79,0.005,4.66128,FALSE
04-05-1988 08:00,15.7,0.007,9.49536,FALSE
05-05-1988 08:00,14.36,0.009,11.166336,FALSE
06-05-1988 08:00,12.86,0.006,6.666624,FALSE
07-05-1988 08:00,19.41,0.013,21.801312,FALSE
09-05-1988 08:00,10.61,0.004,3.666816,FALSE
10-05-1988 08:00,9.344,0.004,3.2292864,FALSE
11-05-1988 08:00,10.12,0.005,4.37184,FALSE
12-05-1988 08:00,7.897,0.007,4.7761056,FALSE
13-05-1988 08:00,6.829,0.004,2.3601024,FALSE
14-05-1988 08:00,6.007,0.007,3.6330336,FALSE
16-05-1988 08:00,5.026,0.004,1.7369856,FALSE
17-05-1988 08:00,5.106,0.007,3.0881088,FALSE
19-05-1988 08:00,4.135,0.004,1.429056,FALSE
20-05-1988 08:00,3.972,0.008,2.7454464,FALSE
21-05-1988 08:00,3.4,0.003,0.88128,FALSE
23-05-1988 08:00,2.344,0.006,1.2151296,FALSE
24-05-1988 08:00,2.246,0.006,1.1643264,FALSE
25-05-1988 08:00,5.467,0.017,8.0299296,FALSE
26-05-1988 08:00,21.9,0.026,49.19616,FALSE
27-05-1988 08:00,15.26,0.01,13.18464,FALSE
28-05-1988 08:00,14.5,0.009,11.2752,FALSE
30-05-1988 08:00,10.21,0.006,5.292864,FALSE
31-05-1988 08:00,38.85,0.0473,158.769072,FALSE
01-06-1988 08:00,27,0.013,30.3264,FALSE
02-06-1988 08:00,41.31,0.048,171.320832,FALSE
03-06-1988 08:00,43.91,0.04,151.75296,FALSE
04-06-1988 08:00,39.53,0.025,85.3848,FALSE
06-06-1988 08:00,51.87,0.025,112.0392,FALSE
07-06-1988 08:00,70.3,0.057,346.21344,FALSE
08-06-1988 08:00,174.9,0.2026,3061.561536,FALSE
09-06-1988 08:00,278.3,0.10817,2600.96063,FALSE
10-06-1988 08:00,294.9,0.066,1681.63776,FALSE
11-06-1988 08:00,256.6,0.083,1840.12992,FALSE
13-06-1988 08:00,101.3,0.015,131.2848,FALSE
14-06-1988 08:00,62.08,0.01,53.63712,FALSE
15-06-1988 08:00,47.42,0.011,45.067968,FALSE
16-06-1988 08:00,38.04,0.013,42.726528,FALSE
17-06-1988 08:00,37.53,0.012,38.911104,FALSE
18-06-1988 08:00,38.35,0.008,26.50752,FALSE
20-06-1988 08:00,26.83,0.004,9.272448,FALSE
21-06-1988 08:00,23.7,0.005,10.2384,FALSE
22-06-1988 08:00,29.63,0.009,23.040288,FALSE
23-06-1988 08:00,29.99,0.009,23.320224,FALSE
24-06-1988 08:00,37.04,0.008,25.602048,FALSE
25-06-1988 08:00,62,0.024,128.5632,FALSE
27-06-1988 08:00,235.9,0.28536,5816.139034,FALSE
28-06-1988 08:00,164.8,0.0233,331.762176,FALSE
29-06-1988 08:00,117.7,0.015,152.5392,FALSE
30-06-1988 08:00,71.26,0.01,61.56864,FALSE
01-07-1988 08:00,328.5,0.29756892,8445.720115,FALSE
02-07-1988 08:00,318.2,0.032,879.75936,FALSE
04-07-1988 08:00,144.3,0.015,187.0128,FALSE
05-07-1988 08:00,107.6,0.014,130.15296,FALSE
06-07-1988 08:00,72.83,0.008,50.340096,FALSE
07-07-1988 08:00,50.5,0.01,43.632,FALSE
08-07-1988 08:00,96.12,0.026,215.923968,FALSE
09-07-1988 08:00,146.5,0.055,696.168,FALSE
11-07-1988 08:00,116.3,0.018,180.86976,FALSE
12-07-1988 08:00,96.33,0.016,133.166592,FALSE
13-07-1988 08:00,130.7,0.031,350.06688,FALSE
14-07-1988 08:00,145.6,0.021,264.17664,FALSE
15-07-1988 08:00,134,0.02,231.552,FALSE
16-07-1988 08:00,113.8,0.014,137.65248,FALSE
18-07-1988 08:00,262.1,0.065,1471.9536,FALSE
19-07-1988 08:00,286.2,0.034,840.74112,FALSE
20-07-1988 08:00,228.8,0.019,375.59808,FALSE
21-07-1988 08:00,182.6,0.018,283.97952,FALSE
23-07-1988 08:00,269.3,0.023,535.15296,FALSE
26-07-1988 08:00,107.6,0.008,74.37312,FALSE
27-07-1988 08:00,81.7,0.007,49.41216,FALSE
28-07-1988 08:00,64.67,0.008,44.699904,FALSE
29-07-1988 08:00,55.78,0.006,28.916352,FALSE
30-07-1988 08:00,44.53,0.008,30.779136,FALSE
01-08-1988 08:00,35.95,0.004,12.42432,FALSE
02-08-1988 08:00,31.52,0.002,5.446656,FALSE
03-08-1988 08:00,30.11,0.008,20.812032,FALSE
04-08-1988 08:00,137.1,0.1034,1224.818496,FALSE
05-08-1988 08:00,260.9,0.0483,1088.767008,FALSE
06-08-1988 08:00,247.7,0.0324,693.401472,FALSE
08-08-1988 08:00,117.8,0.016,162.84672,FALSE
09-08-1988 08:00,110.1,0.008,76.10112,FALSE
10-08-1988 08:00,81.47,0.004,28.156032,FALSE
11-08-1988 08:00,62.89,0.005,27.16848,FALSE
12-08-1988 08:00,64.15,0.005,27.7128,FALSE
13-08-1988 08:00,61.83,0.005,26.71056,FALSE
16-08-1988 08:00,55.68,0.012,57.729024,FALSE
17-08-1988 08:00,226.8,0.094,1841.97888,FALSE
18-08-1988 08:00,174.4,0.014,210.95424,FALSE
19-08-1988 08:00,149.6,0.012,155.10528,FALSE
20-08-1988 08:00,132.1,0.018,205.44192,FALSE
22-08-1988 08:00,84.25,0.007,50.9544,FALSE
23-08-1988 08:00,64.92,0.021,117.790848,FALSE
25-08-1988 08:00,180.4,0.018,280.55808,FALSE
27-08-1988 08:00,96.71,0.015,125.33616,FALSE
29-08-1988 08:00,95.99,0.096,796.179456,FALSE
30-08-1988 08:00,136.7,0.0504,595.268352,FALSE
31-08-1988 08:00,110.2,0.015,142.8192,FALSE
01-09-1988 08:00,74.69,0.006,38.719296,FALSE
02-09-1988 08:00,87.4,0.019,143.47584,FALSE
03-09-1988 08:00,320.3,0.0926,2562.604992,FALSE
05-09-1988 08:00,178.6,0.014,216.03456,FALSE
06-09-1988 08:00,126.4,0.013,141.97248,FALSE
07-09-1988 08:00,138,0.023,274.2336,FALSE
08-09-1988 08:00,95.9,0.0053,43.914528,FALSE
09-09-1988 08:00,83.55,0.022,158.81184,FALSE
10-09-1988 08:00,138.2,0.151,1803.01248,FALSE
12-09-1988 08:00,122.7,0.028,296.83584,FALSE
13-09-1988 08:00,70.79,0.005,30.58128,FALSE
14-09-1988 08:00,106.8,0.026,239.91552,FALSE
15-09-1988 08:00,85.11,0.029,213.251616,FALSE
16-09-1988 08:00,138.9,0.0496,595.247616,FALSE
17-09-1988 08:00,136.5,0.0267,314.88912,FALSE
19-09-1988 08:00,158.8,0.0447,613.298304,FALSE
20-09-1988 08:00,273.1,0.0446,1052.374464,FALSE
21-09-1988 08:00,204.1,0.0136,239.825664,FALSE
22-09-1988 08:00,180.4,0.0227,353.814912,FALSE
23-09-1988 08:00,151.6,0.013,170.27712,FALSE
24-09-1988 08:00,109.4,0.013,122.87808,FALSE
26-09-1988 08:00,146.4,0.0476,602.090496,FALSE
27-09-1988 08:00,147.1,0.018,228.76992,FALSE
28-09-1988 08:00,115.2,0.01,99.5328,FALSE
29-09-1988 08:00,71.68,0.007,43.352064,FALSE
30-09-1988 08:00,54.26,0.008,37.504512,FALSE
01-10-1988 08:00,45.74,0.009,35.567424,FALSE
03-10-1988 08:00,31.75,0.0022,6.03504,FALSE
04-10-1988 08:00,28.29,0.005,12.22128,FALSE
05-10-1988 08:00,24.14,0.005,10.42848,FALSE
06-10-1988 08:00,22.14,0.004,7.651584,FALSE
07-10-1988 08:00,30.72,0.007,18.579456,FALSE
08-10-1988 08:00,23.76,0.007,14.370048,FALSE
10-10-1988 08:00,18.22,0.0023,3.6206784,FALSE
11-10-1988 08:00,17.49,0.003,4.533408,FALSE
12-10-1988 08:00,32.13,0.013,36.088416,FALSE
13-10-1988 08:00,21.31,0.012,22.094208,FALSE
14-10-1988 08:00,17.22,0.011,16.365888,FALSE
15-10-1988 08:00,14.48,0.004,5.004288,FALSE
17-10-1988 08:00,73.1,0.137,865.27008,FALSE
18-10-1988 08:00,65.37,0.06,338.87808,FALSE
19-10-1988 08:00,42.52,0.022,80.822016,FALSE
21-10-1988 08:00,32.63,0.009,25.373088,FALSE
22-10-1988 08:00,24.96,0.006,12.939264,FALSE
24-10-1988 08:00,16.64,0.0043,6.1820928,FALSE
25-10-1988 08:00,17.13,0.005,7.40016,FALSE
26-10-1988 08:00,33.34,0.038,109.461888,FALSE
27-10-1988 08:00,55.42,0.039,186.743232,FALSE
28-10-1988 08:00,34.82,0.019,57.160512,FALSE
29-10-1988 08:00,36.53,0.019,59.967648,FALSE
31-10-1988 08:00,49.79,0.071,305.431776,FALSE
01-11-1988 08:00,49.03,0.02,84.72384,FALSE
02-11-1988 08:00,80.13,0.066,456.933312,FALSE
03-11-1988 08:00,59.78,0.0357,184.3902144,FALSE
04-11-1988 08:00,54.73,0.036,170.232192,FALSE
05-11-1988 08:00,38.99,0.009,30.318624,FALSE
07-11-1988 08:00,55.52,0.04,191.87712,FALSE
09-11-1988 08:00,43.07,0.011,40.933728,FALSE
10-11-1988 08:00,35.98,0.009,27.978048,FALSE
11-11-1988 08:00,30.23,0.009,23.506848,FALSE
12-11-1988 08:00,52.51,0.095,431.00208,FALSE
15-11-1988 08:00,76.77,0.026,172.456128,FALSE
16-11-1988 08:00,84.95,0.066,484.41888,FALSE
17-11-1988 08:00,99.54,0.08,688.02048,FALSE
18-11-1988 08:00,61.78,0.03,160.13376,FALSE
19-11-1988 08:00,49.79,0.008,34.414848,FALSE
21-11-1988 08:00,53.67,0.017,78.830496,FALSE
22-11-1988 08:00,33.12,0.0194,55.5144192,FALSE
23-11-1988 08:00,37.5,0.02,64.8,FALSE
24-11-1988 08:00,31.24,0.0093,25.1019648,FALSE
25-11-1988 08:00,28.02,0.004,9.683712,FALSE
26-11-1988 08:00,24.31,0.005,10.50192,FALSE
28-11-1988 08:00,18.64,0.0043,6.9251328,FALSE
29-11-1988 08:00,15.49,0.0023,3.0781728,FALSE
30-11-1988 08:00,13.54,0.002,2.339712,FALSE
01-12-1988 08:00,12.89,0.0034,3.7865664,FALSE
02-12-1988 08:00,11.27,0.0024,2.3369472,FALSE
03-12-1988 08:00,9.659,0.0011,0.91799136,FALSE
05-12-1988 08:00,9.269,0.0008,0.64067328,FALSE
06-12-1988 08:00,8.71,0.0025,1.88136,FALSE
07-12-1988 08:00,8.925,0.003,2.31336,FALSE
08-12-1988 08:00,12.76,0.0016,1.7639424,FALSE
09-12-1988 08:00,9.337,0.0017,1.37141856,FALSE
10-12-1988 08:00,8.124,0.0015,1.0528704,FALSE
12-12-1988 08:00,6.546,0.0034,1.92295296,FALSE
13-12-1988 08:00,8.568,0.0013,0.96235776,FALSE
14-12-1988 08:00,12.9,0.0074,8.247744,FALSE
15-12-1988 08:00,13.49,0.0102,11.8884672,FALSE
16-12-1988 08:00,10.53,0.0041,3.7301472,FALSE
17-12-1988 08:00,8.352,0.0044,3.17509632,FALSE
19-12-1988 08:00,6.28,0.0023,1.2479616,FALSE
20-12-1988 08:00,5.426,0.0011,0.51568704,FALSE
21-12-1988 08:00,4.936,0.001,0.4264704,FALSE
22-12-1988 08:00,4.298,0.0023,0.85409856,FALSE
23-12-1988 08:00,3.986,0.0021,0.72321984,FALSE
24-12-1988 08:00,3.944,0.0028,0.95413248,FALSE
26-12-1988 08:00,3.509,0.0026,0.78826176,FALSE
27-12-1988 08:00,3.091,0.002,0.5341248,FALSE
28-12-1988 08:00,2.837,0.0023,0.56376864,FALSE
29-12-1988 08:00,2.659,0.003,0.6892128,FALSE
30-12-1988 08:00,2.488,0.0034,0.73087488,FALSE
31-12-1988 08:00,2.345,0.0031,0.6280848,FALSE
02-01-1989 08:00,2.034,0.0056,0.98413056,FALSE
03-01-1989 08:00,1.853,0.0052,0.83251584,FALSE
04-01-1989 08:00,1.817,0.003,0.4709664,FALSE
05-01-1989 08:00,1.67,0.0058,0.8368704,FALSE
06-01-1989 08:00,1.664,0.0021,0.30191616,FALSE
07-01-1989 08:00,1.535,0.0042,0.5570208,FALSE
09-01-1989 08:00,1.373,0.0025,0.296568,FALSE
10-01-1989 08:00,1.208,0.0052,0.54273024,FALSE
11-01-1989 08:00,1.201,0.0056,0.58109184,FALSE
12-01-1989 08:00,1.167,0.0092,0.92762496,FALSE
13-01-1989 08:00,1.13,0.0078,0.7615296,FALSE
14-01-1989 08:00,1.049,0.0091,0.82476576,FALSE
16-01-1989 08:00,1.018,0.0059,0.51893568,FALSE
17-01-1989 08:00,0.941,0.0058,0.47155392,FALSE
18-01-1989 08:00,0.926,0.0074,0.59204736,FALSE
19-01-1989 08:00,0.758,0.0059,0.38639808,FALSE
20-01-1989 08:00,0.692,0.0066,0.39460608,FALSE
21-01-1989 08:00,0.643,0.0052,0.28888704,FALSE
23-01-1989 08:00,0.586,0.0047,0.23796288,FALSE
24-01-1989 08:00,0.572,0.0052,0.25698816,FALSE
25-01-1989 08:00,0.545,0.004,0.188352,FALSE
27-01-1989 08:00,0.583,0.0023,0.11585376,FALSE
28-01-1989 08:00,1.47,0.008,1.016064,FALSE
30-01-1989 08:00,0.963,0.003,0.2496096,FALSE
31-01-1989 08:00,0.696,0.0015,0.0902016,FALSE
01-02-1989 08:00,0.575,0.0078,0.387504,FALSE
02-02-1989 08:00,0.488,0.0082,0.34573824,FALSE
03-02-1989 08:00,0.451,0.0014,0.05455296,FALSE
04-02-1989 08:00,0.221,0.0013,0.02482272,FALSE
06-02-1989 08:00,0.203,0.0005,0.0087696,FALSE
07-02-1989 08:00,0.092,0.0013,0.01033344,FALSE
08-02-1989 08:00,0,0,0,TRUE
09-02-1989 08:00,0,0,0,TRUE
10-02-1989 08:00,0.099,0,0,TRUE
11-02-1989 08:00,0,0,0,TRUE
12-02-1989 08:00,0,0,0,TRUE
13-02-1989 08:00,0.046,0.0063,0.02503872,FALSE
14-02-1989 08:00,0,0,0,TRUE
15-02-1989 08:00,0,0,0,TRUE
16-02-1989 08:00,0,0,0,TRUE
17-02-1989 08:00,0,0,0,TRUE
18-02-1989 08:00,0,0,0,TRUE
19-02-1989 08:00,0,0,0,TRUE
20-02-1989 08:00,0,0,0,TRUE
21-02-1989 08:00,0,0,0,TRUE
22-02-1989 08:00,0,0,0,TRUE
23-02-1989 08:00,0,0,0,TRUE
24-02-1989 08:00,0,0,0,TRUE
25-02-1989 08:00,0,0,0,TRUE
26-02-1989 08:00,0,0,0,TRUE
27-02-1989 08:00,0,0,0,TRUE
28-02-1989 08:00,0,0,0,TRUE
01-03-1989 08:00,0,0,0,TRUE
02-03-1989 08:00,0,0,0,TRUE
03-03-1989 08:00,0,0,0,TRUE
04-03-1989 08:00,0,0,0,TRUE
05-03-1989 08:00,0,0,0,TRUE
06-03-1989 08:00,0,0,0,TRUE
07-03-1989 08:00,0,0,0,TRUE
08-03-1989 08:00,0,0,0,TRUE
09-03-1989 08:00,0,0,0,TRUE
10-03-1989 08:00,0,0,0,TRUE
11-03-1989 08:00,0,0,0,TRUE
12-03-1989 08:00,0,0,0,TRUE
13-03-1989 08:00,0,0,0,TRUE
14-03-1989 08:00,0,0,0,TRUE
15-03-1989 08:00,0.218,0.0157,0.29571264,FALSE
16-03-1989 08:00,0.883,0.0271,2.06749152,FALSE
17-03-1989 08:00,0.754,0.0126,0.82083456,FALSE
18-03-1989 08:00,0.539,0.0064,0.29804544,FALSE
20-03-1989 08:00,0.247,0.012,0.2560896,FALSE
21-03-1989 08:00,0.198,0.0066,0.11290752,FALSE
22-03-1989 08:00,0,0,0,TRUE
23-03-1989 08:00,0,0,0,TRUE
24-03-1989 08:00,0,0,0,TRUE
25-03-1989 08:00,0,0,0,TRUE
26-03-1989 08:00,0,0,0,TRUE
27-03-1989 08:00,0,0,0,TRUE
28-03-1989 08:00,0,0,0,TRUE
29-03-1989 08:00,0,0,0,TRUE
30-03-1989 08:00,0,0,0,TRUE
31-03-1989 08:00,0,0,0,TRUE
01-04-1989 08:00,0,0,0,TRUE
02-04-1989 08:00,0,0,0,TRUE
03-04-1989 08:00,0.605,0.0076,0.3972672,FALSE
04-04-1989 08:00,0.578,0.0049,0.24470208,FALSE
05-04-1989 08:00,0.401,0.0083,0.28756512,FALSE
06-04-1989 08:00,0.29,0.002,0.050112,FALSE
07-04-1989 08:00,0.169,0.0072,0.10513152,FALSE
08-04-1989 08:00,0,0,0,TRUE
09-04-1989 08:00,0,0,0,TRUE
10-04-1989 08:00,0,0,0,TRUE
11-04-1989 08:00,0,0,0,TRUE
12-04-1989 08:00,0,0,0,TRUE
13-04-1989 08:00,0,0,0,TRUE
14-04-1989 08:00,0,0,0,TRUE
15-04-1989 08:00,0,0,0,TRUE
16-04-1989 08:00,0,0,0,TRUE
17-04-1989 08:00,0,0,0,TRUE
18-04-1989 08:00,0,0,0,TRUE
19-04-1989 08:00,0,0,0,TRUE
20-04-1989 08:00,0.207,0.0042,0.07511616,FALSE
21-04-1989 08:00,6.007,0.0096,4.98244608,FALSE
24-04-1989 08:00,8.923,0.0079,6.09048288,FALSE
25-04-1989 08:00,6.494,0.0057,3.19816512,FALSE
26-04-1989 08:00,9.079,0.0056,4.39278336,FALSE
27-04-1989 08:00,22.57,0.007612808,14.84534043,FALSE
28-04-1989 08:00,41.58,0.0527,189.3253824,FALSE
29-04-1989 08:00,25.58,0.0215,47.517408,FALSE
01-05-1989 08:00,14.19,0.0098,12.0149568,FALSE
02-05-1989 08:00,11.1,0.0079,7.576416,FALSE
03-05-1989 08:00,9.666,0.0054,4.50976896,FALSE
04-05-1989 08:00,8.117,0.0081,5.68060128,FALSE
05-05-1989 08:00,11.09,0.0067,6.4197792,FALSE
06-05-1989 08:00,14.91,0.0073,9.4040352,FALSE
09-05-1989 08:00,18.64,0.0106,17.0712576,FALSE
10-05-1989 08:00,13.02,0.0085,9.561888,FALSE
11-05-1989 08:00,10.45,0.0086,7.764768,FALSE
12-05-1989 08:00,12.01,0.0021,2.1790944,FALSE
13-05-1989 08:00,9.066,0.0097,7.59803328,FALSE
15-05-1989 08:00,6.019,0.0045,2.3401872,FALSE
16-05-1989 08:00,5.495,0.0079,3.7506672,FALSE
17-05-1989 08:00,5.006,0.0033,1.42731072,FALSE
18-05-1989 08:00,4.366,0.0019,0.71672256,FALSE
19-05-1989 08:00,3.771,0.0038,1.23809472,FALSE
22-05-1989 08:00,27.06,0.0226,52.8384384,FALSE
23-05-1989 08:00,22.1,0.007,13.36608,FALSE
24-05-1989 08:00,23.65,0.0072,14.712192,FALSE
25-05-1989 08:00,24.52,0.0062,13.1348736,FALSE
26-05-1989 08:00,31.67,0.0073,19.9749024,FALSE
27-05-1989 08:00,26.53,0.0082,18.7959744,FALSE
29-05-1989 08:00,23.35,0.0048,9.683712,FALSE
30-05-1989 08:00,44.19,0.0239,91.2505824,FALSE
31-05-1989 08:00,106.7,0.1048,966.138624,FALSE
01-06-1989 08:00,92.47,0.032,255.661056,FALSE
02-06-1989 08:00,68.79,0.029,172.360224,FALSE
03-06-1989 08:00,47.56,0.0084,34.5171456,FALSE
05-06-1989 08:00,124.3,0.04,429.5808,FALSE
06-06-1989 08:00,259,0.102,2282.5152,FALSE
07-06-1989 08:00,210,0.0515,934.416,FALSE
08-06-1989 08:00,149.8,0.02,258.8544,FALSE
09-06-1989 08:00,124.4,0.024,257.95584,FALSE
10-06-1989 08:00,116.6,0.014,141.03936,FALSE
13-06-1989 08:00,182.1,0.032,503.47008,FALSE
14-06-1989 08:00,273.2,0.0582,1373.780736,FALSE
15-06-1989 08:00,255.7,0.0268,592.078464,FALSE
16-06-1989 08:00,222.8,0.018,346.49856,FALSE
17-06-1989 08:00,146.3,0.018,227.52576,FALSE
19-06-1989 08:00,115.4,0.012,119.64672,FALSE
20-06-1989 08:00,103.6,0.016,143.21664,FALSE
21-06-1989 08:00,199.8,0.052,897.66144,FALSE
22-06-1989 08:00,378.5,0.0965,3155.7816,FALSE
23-06-1989 08:00,383,0.0585,1935.8352,FALSE
24-06-1989 08:00,410.4,0.0396,1404.158976,FALSE
26-06-1989 08:00,209.7,0.019,344.24352,FALSE
27-06-1989 08:00,192.5,0.022,365.904,FALSE
28-06-1989 08:00,153.3,0.018,238.41216,FALSE
29-06-1989 08:00,109.3,0.015,141.6528,FALSE
30-06-1989 08:00,80.03,0.009,62.231328,FALSE
01-07-1989 08:00,67.99,0.009,52.869024,FALSE
03-07-1989 08:00,58.38,0.009,45.396288,FALSE
04-07-1989 08:00,43.45,0.009,33.78672,FALSE
05-07-1989 08:00,37.92,0.008,26.210304,FALSE
06-07-1989 08:00,33.62,0.006,17.428608,FALSE
07-07-1989 08:00,39.95,0.007,24.16176,FALSE
08-07-1989 08:00,78.45,0.046,311.79168,FALSE
10-07-1989 08:00,60.42,0.013,67.863744,FALSE
11-07-1989 08:00,50.06,0.014,60.552576,FALSE
12-07-1989 08:00,75.46,0.098,638.934912,FALSE
13-07-1989 08:00,153.4,0.096,1272.36096,FALSE
15-07-1989 08:00,80.79,0.015,104.70384,FALSE
17-07-1989 08:00,400.8,0.07258,2513.38153,FALSE
18-07-1989 08:00,447.2,0.08239,3183.391411,FALSE
19-07-1989 08:00,388.2,0.033,1106.83584,FALSE
20-07-1989 08:00,306.2,0.036,952.40448,FALSE
21-07-1989 08:00,314,0.039,1058.0544,FALSE
22-07-1989 08:00,443.1,0.06,2297.0304,FALSE
23-07-1989 08:00,395.9,0.05,1710.288,FALSE
24-07-1989 08:00,371.5,0.068,2182.6368,FALSE
25-07-1989 08:00,293.3,0.031,785.57472,FALSE
26-07-1989 08:00,215.7,0.026,484.54848,FALSE
27-07-1989 08:00,369.7,0.087,2778.96096,FALSE
28-07-1989 08:00,365.1,0.023,725.52672,FALSE
29-07-1989 08:00,207.1,0.013,232.61472,FALSE
01-08-1989 08:00,60.27,0.008,41.658624,FALSE
02-08-1989 08:00,43.89,0.007,26.544672,FALSE
03-08-1989 08:00,33.92,0.003,8.792064,FALSE
04-08-1989 08:00,30.43,0.005,13.14576,FALSE
05-08-1989 08:00,60.89,0.015,78.91344,FALSE
07-08-1989 08:00,85.96,0.012,89.123328,FALSE
08-08-1989 08:00,92.19,0.015,119.47824,FALSE
09-08-1989 08:00,71.09,0.005,30.71088,FALSE
10-08-1989 08:00,57.94,0.004,20.024064,FALSE
11-08-1989 08:00,89.44,0.034,262.738944,FALSE
12-08-1989 08:00,175.3,0.046,696.71232,FALSE
14-08-1989 08:00,88.75,0.006,46.008,FALSE
16-08-1989 08:00,71.26,0.013,80.039232,FALSE
17-08-1989 08:00,90.29,0.057,444.660192,FALSE
18-08-1989 08:00,168.8,0.037,539.61984,FALSE
19-08-1989 08:00,279,0.04029,971.214624,FALSE
21-08-1989 08:00,164.9,0.01,142.4736,FALSE
22-08-1989 08:00,118.9,0.008,82.18368,FALSE
23-08-1989 08:00,82.35,0.003,21.34512,FALSE
24-08-1989 08:00,66.47,0.004,22.972032,FALSE
25-08-1989 08:00,50.77,0.006,26.319168,FALSE
26-08-1989 08:00,40.53,0.005,17.50896,FALSE
28-08-1989 08:00,31.92,0.002,5.515776,FALSE
29-08-1989 08:00,29.24,0.002,5.052672,FALSE
30-08-1989 08:00,24.17,0.002,4.176576,FALSE
31-08-1989 08:00,24.05,0.003,6.23376,FALSE
01-09-1989 08:00,50.85,0.01,43.9344,FALSE
02-09-1989 08:00,40.23,0.008,27.806976,FALSE
04-09-1989 08:00,48.97,0.01,42.31008,FALSE
05-09-1989 08:00,41.3,0.009,32.11488,FALSE
06-09-1989 08:00,34.76,0.003,9.009792,FALSE
07-09-1989 08:00,26.74,0.001,2.310336,FALSE
08-09-1989 08:00,24.31,0.002,4.200768,FALSE
09-09-1989 08:00,21.95,0.0004,0.758592,FALSE
11-09-1989 08:00,18.08,0.003,4.686336,FALSE
13-09-1989 08:00,90.2,0.064,498.76992,FALSE
14-09-1989 08:00,58.15,0.013,65.31408,FALSE
15-09-1989 08:00,50.81,0.009,39.509856,FALSE
16-09-1989 08:00,49.6,0.009,38.56896,FALSE
18-09-1989 08:00,107.3,0.059,546.97248,FALSE
19-09-1989 08:00,381.4,0.219,7216.69824,FALSE
20-09-1989 08:00,523.4,0.2366634,10702.33548,FALSE
21-09-1989 08:00,518,0.03087,1381.593024,FALSE
22-09-1989 08:00,252.1,0.029,631.66176,FALSE
23-09-1989 08:00,165.4,0.014,200.06784,FALSE
25-09-1989 08:00,239,0.152,3138.7392,FALSE
26-09-1989 08:00,159.6,0.035,482.6304,FALSE
27-09-1989 08:00,130.2,0.019,213.73632,FALSE
28-09-1989 08:00,125.7,0.03,325.8144,FALSE
29-09-1989 08:00,90.39,0.01,78.09696,FALSE
30-09-1989 08:00,66.76,0.01,57.68064,FALSE
03-10-1989 08:00,35.11,0.005,15.16752,FALSE
04-10-1989 08:00,29.44,0.005,12.71808,FALSE
05-10-1989 08:00,26.97,0.004,9.320832,FALSE
06-10-1989 08:00,24.55,0.004,8.48448,FALSE
11-10-1989 08:00,132.5,0.016,183.168,FALSE
12-10-1989 08:00,95.06,0.016,131.410944,FALSE
13-10-1989 08:00,97.38,0.068,572.126976,FALSE
14-10-1989 08:00,176.6,0.065,991.7856,FALSE
16-10-1989 08:00,144.4,0.025,311.904,FALSE
17-10-1989 08:00,108.7,0.017,159.65856,FALSE
18-10-1989 08:00,171.1,0.096,1419.17184,FALSE
19-10-1989 08:00,118.1,0.024,244.89216,FALSE
20-10-1989 08:00,208.6,0.22,3965.0688,FALSE
21-10-1989 08:00,132.2,0.0448755,512.571551,FALSE
23-10-1989 08:00,135.8,0.027,316.79424,FALSE
24-10-1989 08:00,99.93,0.03,259.01856,FALSE
25-10-1989 08:00,72.47,0.015,93.92112,FALSE
27-10-1989 08:00,168.4,0.021,305.54496,FALSE
30-10-1989 08:00,127.2,0.085,934.1568,FALSE
31-10-1989 08:00,139.5,0.038,458.0064,FALSE
01-11-1989 08:00,135.7,0.037,433.80576,FALSE
02-11-1989 08:00,114.2,0.022,217.07136,FALSE
03-11-1989 08:00,124.3,0.044,472.53888,FALSE
04-11-1989 08:00,95.58,0.013,107.355456,FALSE
06-11-1989 08:00,128.1,0.056,619.79904,FALSE
07-11-1989 08:00,90.24,0.011,85.764096,FALSE
08-11-1989 08:00,63.9,0.009,49.68864,FALSE
09-11-1989 08:00,46.99,0.009,36.539424,FALSE
10-11-1989 08:00,38.23,0.01,33.03072,FALSE
11-11-1989 08:00,32.75,0.01,28.296,FALSE
15-11-1989 08:00,50.7,0.017,74.46816,FALSE
16-11-1989 08:00,38.35,0.01,33.1344,FALSE
17-11-1989 08:00,31.97,0.007,19.335456,FALSE
18-11-1989 08:00,31.44,0.015,40.74624,FALSE
20-11-1989 08:00,111.7,0.137,1322.17056,FALSE
21-11-1989 08:00,116.6,0.05,503.712,FALSE
23-11-1989 08:00,50,0.008,34.56,FALSE
24-11-1989 08:00,41.45,0.006,21.48768,FALSE
25-11-1989 08:00,34.08,0.005,14.72256,FALSE
27-11-1989 08:00,23.12,0.006,11.985408,FALSE
28-11-1989 08:00,17.52,0.005,7.56864,FALSE
29-11-1989 08:00,17.21,0.004,5.947776,FALSE
30-11-1989 08:00,14.83,0.003,3.843936,FALSE
01-12-1989 08:00,12.63,0.003,3.273696,FALSE
02-12-1989 08:00,12.27,0.002,2.120256,FALSE
04-12-1989 08:00,11.5,0.003,2.9808,FALSE
05-12-1989 08:00,10.65,0.002,1.84032,FALSE
06-12-1989 08:00,8.566,0.002,1.4802048,FALSE
07-12-1989 08:00,7.933,0.003,2.0562336,FALSE
08-12-1989 08:00,7.175,0.003,1.85976,FALSE
09-12-1989 08:00,6.958,0.002,1.2023424,FALSE
11-12-1989 08:00,6.463,0.002,1.1168064,FALSE
12-12-1989 08:00,5.294,0.002,0.9148032,FALSE
13-12-1989 08:00,4.905,0.002,0.847584,FALSE
14-12-1989 08:00,4.297,0.002,0.7425216,FALSE
15-12-1989 08:00,4.113,0.001,0.3553632,FALSE
16-12-1989 08:00,3.766,0.001,0.3253824,FALSE
18-12-1989 08:00,3.418,0.004,1.1812608,FALSE
19-12-1989 08:00,2.89,0.002,0.499392,FALSE
20-12-1989 08:00,2.722,0.002,0.4703616,FALSE
21-12-1989 08:00,2.74,0.003,0.710208,FALSE
22-12-1989 08:00,2.75,0.002,0.4752,FALSE
28-12-1989 08:00,1.771,0.003,0.4590432,FALSE
29-12-1989 08:00,1.682,0.003,0.4359744,FALSE
30-12-1989 08:00,3.745,0.004,1.294272,FALSE
01-01-1990 08:00,2.8,0.004,0.96768,FALSE
02-01-1990 08:00,2.194,0.003,0.5686848,FALSE
03-01-1990 08:00,2.32,0.005,1.00224,FALSE
04-01-1990 08:00,2.057,0.007,1.2440736,FALSE
05-01-1990 08:00,1.664,0.004,0.5750784,FALSE
06-01-1990 08:00,1.608,0.004,0.5557248,FALSE
08-01-1990 08:00,2.396,0.002,0.4140288,FALSE
09-01-1990 08:00,2.401,0.002,0.4148928,FALSE
10-01-1990 08:00,2.359,0.001,0.2038176,FALSE
11-01-1990 08:00,1.712,0.003,0.4437504,FALSE
12-01-1990 08:00,1.319,0.001,0.1139616,FALSE
13-01-1990 08:00,1.257,0.003,0.3258144,FALSE
15-01-1990 08:00,1.127,0.002,0.1947456,FALSE
16-01-1990 08:00,1.15,0.001,0.09936,FALSE
17-01-1990 08:00,0.876,0.003,0.2270592,FALSE
18-01-1990 08:00,0.863,0.004,0.2982528,FALSE
19-01-1990 08:00,0.81,0.003,0.209952,FALSE
20-01-1990 08:00,0.77,0.002,0.133056,FALSE
22-01-1990 08:00,0.619,0.001,0.0534816,FALSE
23-01-1990 08:00,0.67,0.001,0.057888,FALSE
24-01-1990 08:00,0.606,0.001,0.0523584,FALSE
29-01-1990 08:00,0.539,0.006,0.2794176,FALSE
30-01-1990 08:00,0.496,0.001,0.0428544,FALSE
31-01-1990 08:00,0.472,0.003,0.1223424,FALSE
01-02-1990 08:00,0.312,0.002,0.0539136,FALSE
02-02-1990 08:00,0.305,0.001,0.026352,FALSE
03-02-1990 08:00,0.15,0.001,0.01296,FALSE
05-02-1990 08:00,0.147,0.004,0.0508032,FALSE
06-02-1990 08:00,0.1,0.001,0.00864,FALSE
07-02-1990 08:00,0.073,0.001,0.0063072,FALSE
08-02-1990 08:00,0,0,0,TRUE
09-02-1990 08:00,0,0,0,TRUE
10-02-1990 08:00,0,0,0,TRUE
11-02-1990 08:00,0,0,0,TRUE
12-02-1990 08:00,0,0,0,TRUE
13-02-1990 08:00,0,0,0,TRUE
14-02-1990 08:00,0,0,0,TRUE
15-02-1990 08:00,0,0,0,TRUE
16-02-1990 08:00,0,0,0,TRUE
17-02-1990 08:00,0,0,0,TRUE
18-02-1990 08:00,0,0,0,TRUE
19-02-1990 08:00,0,0,0,TRUE
20-02-1990 08:00,0,0,0,TRUE
21-02-1990 08:00,0,0,0,TRUE
22-02-1990 08:00,0,0,0,TRUE
23-02-1990 08:00,0,0,0,TRUE
24-02-1990 08:00,0,0,0,TRUE
25-02-1990 08:00,0,0,0,TRUE
26-02-1990 08:00,0,0,0,TRUE
27-02-1990 08:00,0,0,0,TRUE
28-02-1990 08:00,0,0,0,TRUE
01-03-1990 08:00,0,0,0,TRUE
02-03-1990 08:00,0,0,0,TRUE
03-03-1990 08:00,0,0,0,TRUE
04-03-1990 08:00,0,0,0,TRUE
05-03-1990 08:00,0,0,0,TRUE
06-03-1990 08:00,0,0,0,TRUE
07-03-1990 08:00,0,0,0,TRUE
08-03-1990 08:00,0,0,0,TRUE
09-03-1990 08:00,0,0,0,TRUE
10-03-1990 08:00,0,0,0,TRUE
11-03-1990 08:00,0,0,0,TRUE
12-03-1990 08:00,0,0,0,TRUE
13-03-1990 08:00,0,0,0,TRUE
14-03-1990 08:00,0,0,0,TRUE
15-03-1990 08:00,0,0,0,TRUE
16-03-1990 08:00,0,0,0,TRUE
17-03-1990 08:00,0,0,0,TRUE
18-03-1990 08:00,0,0,0,TRUE
19-03-1990 08:00,0,0,0,TRUE
20-03-1990 08:00,0,0,0,TRUE
21-03-1990 08:00,0,0,0,TRUE
22-03-1990 08:00,0,0,0,TRUE
23-03-1990 08:00,0,0,0,TRUE
24-03-1990 08:00,0,0,0,TRUE
25-03-1990 08:00,0,0,0,TRUE
26-03-1990 08:00,0,0,0,TRUE
27-03-1990 08:00,0,0,0,TRUE
28-03-1990 08:00,0,0,0,TRUE
29-03-1990 08:00,0.392,0.005,0.169344,FALSE
30-03-1990 08:00,0.365,0.006,0.189216,FALSE
31-03-1990 08:00,0.172,0.009,0.1337472,FALSE
02-04-1990 08:00,0,0,0,TRUE
03-04-1990 08:00,0,0,0,TRUE
04-04-1990 08:00,0,0,0,TRUE
05-04-1990 08:00,0,0,0,TRUE
06-04-1990 08:00,0,0,0,TRUE
07-04-1990 08:00,0,0,0,TRUE
08-04-1990 08:00,0,0,0,TRUE
09-04-1990 08:00,0,0,0,TRUE
10-04-1990 08:00,0,0,0,TRUE
11-04-1990 08:00,0,0,0,TRUE
12-04-1990 08:00,0,0,0,TRUE
13-04-1990 08:00,0,0,0,TRUE
14-04-1990 08:00,0,0,0,TRUE
15-04-1990 08:00,0,0,0,TRUE
16-04-1990 08:00,0,0,0,TRUE
17-04-1990 08:00,0,0,0,TRUE
18-04-1990 08:00,0,0,0,TRUE
19-04-1990 08:00,0,0,0,TRUE
20-04-1990 08:00,0,0,0,TRUE
21-04-1990 08:00,0,0,0,TRUE
22-04-1990 08:00,0,0,0,TRUE
23-04-1990 08:00,0,0,0,TRUE
24-04-1990 08:00,0,0,0,TRUE
25-04-1990 08:00,0,0,0,TRUE
26-04-1990 08:00,0,0,0,TRUE
27-04-1990 08:00,0,0,0,TRUE
28-04-1990 08:00,0,0,0,TRUE
29-04-1990 08:00,0,0,0,TRUE
30-04-1990 08:00,0,0,0,TRUE
01-05-1990 08:00,0,0,0,TRUE
02-05-1990 08:00,0,0,0,TRUE
03-05-1990 08:00,0,0,0,TRUE
04-05-1990 08:00,0,0,0,TRUE
05-05-1990 08:00,0,0,0,TRUE
06-05-1990 08:00,0,0,0,TRUE
07-05-1990 08:00,0,0,0,TRUE
08-05-1990 08:00,0,0,0,TRUE
09-05-1990 08:00,0,0,0,TRUE
10-05-1990 08:00,0,0,0,TRUE
11-05-1990 08:00,3.398,0.007,2.0551104,FALSE
14-05-1990 08:00,1.924,0.006,0.9974016,FALSE
15-05-1990 08:00,4.414,0.005,1.906848,FALSE
16-05-1990 08:00,3.099,0.007,1.8742752,FALSE
17-05-1990 08:00,2.908,0.006,1.5075072,FALSE
18-05-1990 08:00,3.997,0.006,2.0720448,FALSE
19-05-1990 08:00,12.98,0.002,2.242944,FALSE
21-05-1990 08:00,55.92,0.0277,133.8322176,FALSE
22-05-1990 08:00,35.53,0.008,24.558336,FALSE
23-05-1990 08:00,32.76,0.007,19.813248,FALSE
24-05-1990 08:00,36.01,0.007,21.778848,FALSE
25-05-1990 08:00,52.81,0.011,50.190624,FALSE
28-05-1990 08:00,36.65,0.005,15.8328,FALSE
29-05-1990 08:00,30.85,0.002,5.33088,FALSE
30-05-1990 08:00,34.211,0.005,14.779152,FALSE
31-05-1990 08:00,56.83,0.013,63.831456,FALSE
02-06-1990 08:00,92.24,0.0125,99.6192,FALSE
04-06-1990 08:00,68.78,0.012,71.311104,FALSE
05-06-1990 08:00,88.98,0.023,176.821056,FALSE
06-06-1990 08:00,71.38,0.014,86.341248,FALSE
07-06-1990 08:00,65.81,0.037,210.381408,FALSE
08-06-1990 08:00,129,0.063,702.1728,FALSE
12-06-1990 08:00,57.14,0.006,29.621376,FALSE
13-06-1990 08:00,120,0.032,331.776,FALSE
14-06-1990 08:00,212.9,0.068,1250.83008,FALSE
15-06-1990 08:00,218.4,0.0386,728.372736,FALSE
16-06-1990 08:00,308,0.0686,1825.52832,FALSE
18-06-1990 08:00,117.4,0.022,223.15392,FALSE
19-06-1990 08:00,92.16,0.012,95.551488,FALSE
20-06-1990 08:00,162,0.03,419.904,FALSE
21-06-1990 08:00,224.9,0.057,1107.58752,FALSE
22-06-1990 08:00,318.6,0.0406,1117.597824,FALSE
23-06-1990 08:00,231.6,0.0247,494.252928,FALSE
25-06-1990 08:00,101.2,0.021,183.61728,FALSE
26-06-1990 08:00,75.22,0.02,129.98016,FALSE
27-06-1990 08:00,106.1,0.019,174.17376,FALSE
28-06-1990 08:00,111.6,0.015,144.6336,FALSE
30-06-1990 08:00,95,0.009,73.872,FALSE
02-07-1990 08:00,107.7,0.04,372.2112,FALSE
03-07-1990 08:00,316,0.077,2102.2848,FALSE
05-07-1990 08:00,328.3,0.0786122,2229.844486,FALSE
06-07-1990 08:00,340.2,0.13962576,4104.059059,FALSE
07-07-1990 08:00,282.7,0.022,537.35616,FALSE
09-07-1990 08:00,294.3,0.009,228.84768,FALSE
10-07-1990 08:00,191.6,0.012,198.65088,FALSE
11-07-1990 08:00,169.1,0.01,146.1024,FALSE
12-07-1990 08:00,178.8,0.008,123.58656,FALSE
13-07-1990 08:00,147.7,0.006,76.56768,FALSE
16-07-1990 08:00,92.74,0.008,64.101888,FALSE
17-07-1990 08:00,78.17,0.006,40.523328,FALSE
18-07-1990 08:00,76.88,0.008,53.139456,FALSE
19-07-1990 08:00,74.82,0.005,32.32224,FALSE
20-07-1990 08:00,75.93,0.007,45.922464,FALSE
21-07-1990 08:00,69.02,0.003,17.889984,FALSE
23-07-1990 08:00,86.76,0.009,67.464576,FALSE
24-07-1990 08:00,103.3,0.01,89.2512,FALSE
25-07-1990 08:00,95.12,0.005,41.09184,FALSE
26-07-1990 08:00,76.2,0.003,19.75104,FALSE
27-07-1990 08:00,57.87,0.003,14.999904,FALSE
28-07-1990 08:00,51.77,0.004,17.891712,FALSE
30-07-1990 08:00,40.17,0.003,10.412064,FALSE
31-07-1990 08:00,45.97,0.011,43.689888,FALSE
03-08-1990 08:00,119.7,0.010419846,107.7628809,FALSE
04-08-1990 08:00,106.1,0.008,73.33632,FALSE
06-08-1990 08:00,73.32,0.005,31.67424,FALSE
07-08-1990 08:00,103.8,0.013,116.58816,FALSE
08-08-1990 08:00,93.37,0.007,56.470176,FALSE
09-08-1990 08:00,97.33,0.009,75.683808,FALSE
10-08-1990 08:00,96.86,0.007,58.580928,FALSE
14-08-1990 08:00,98.58,0.005,42.58656,FALSE
16-08-1990 08:00,161.4,0.030784868,429.2937529,FALSE
17-08-1990 08:00,117.3,0.006,60.80832,FALSE
18-08-1990 08:00,86.11,0.007,52.079328,FALSE
20-08-1990 08:00,47.65,0.004,16.46784,FALSE
21-08-1990 08:00,39.43,0.001,3.406752,FALSE
22-08-1990 08:00,33.78,0.001,2.918592,FALSE
23-08-1990 08:00,27.97,0.001,2.416608,FALSE
24-08-1990 08:00,26.56,0.003,6.884352,FALSE
25-08-1990 08:00,22.61,0.002,3.907008,FALSE
27-08-1990 08:00,18.01,0.005,7.78032,FALSE
28-08-1990 08:00,18.72,0.001,1.617408,FALSE
29-08-1990 08:00,17.7,0.001,1.52928,FALSE
30-08-1990 08:00,15.41,0.001,1.331424,FALSE
31-08-1990 08:00,13.25,0.001,1.1448,FALSE
01-09-1990 08:00,12.53,0.003,3.247776,FALSE
03-09-1990 08:00,9.5,0.001,0.8208,FALSE
07-09-1990 08:00,13.35,0.002,2.30688,FALSE
10-09-1990 08:00,16.27,0.002,2.811456,FALSE
11-09-1990 08:00,13.86,0.001,1.197504,FALSE
12-09-1990 08:00,13.01,0.0003,0.3372192,FALSE
13-09-1990 08:00,11.9,0.002,2.05632,FALSE
14-09-1990 08:00,10.99,0.001,0.949536,FALSE
15-09-1990 08:00,10.09,0.0029,2.5281504,FALSE
17-09-1990 08:00,7.736,0.0027,1.80465408,FALSE
18-09-1990 08:00,7.228,0.002,1.2489984,FALSE
19-09-1990 08:00,6.615,0.004,2.286144,FALSE
20-09-1990 08:00,5.792,0.001,0.5004288,FALSE
21-09-1990 08:00,8.228,0.001,0.7108992,FALSE
22-09-1990 08:00,8.659,0.001,0.7481376,FALSE
24-09-1990 08:00,6.601,0.001,0.5703264,FALSE
25-09-1990 08:00,6.328,0.001,0.5467392,FALSE
26-09-1990 08:00,12,0.005,5.184,FALSE
27-09-1990 08:00,8.452,0.004,2.9210112,FALSE
01-10-1990 08:00,4.797,0.002,0.8289216,FALSE
04-10-1990 08:00,8.445,0.003,2.188944,FALSE
05-10-1990 08:00,5.718,0.002,0.9880704,FALSE
06-10-1990 08:00,4.902,0.004,1.6941312,FALSE
08-10-1990 08:00,3.975,0.003,1.03032,FALSE
09-10-1990 08:00,4.019,0.001,0.3472416,FALSE
10-10-1990 08:00,3.487,0.002,0.6025536,FALSE
11-10-1990 08:00,3.345,0.004,1.156032,FALSE
12-10-1990 08:00,4.208,0.002,0.7271424,FALSE
15-10-1990 08:00,13.01,0.003,3.372192,FALSE
16-10-1990 08:00,13.62,0.007,8.237376,FALSE
18-10-1990 08:00,45.04,0.039,151.766784,FALSE
19-10-1990 08:00,38.8,0.01,33.5232,FALSE
20-10-1990 08:00,48.82,0.075,316.3536,FALSE
22-10-1990 08:00,72.06,0.021,130.745664,FALSE
23-10-1990 08:00,177.9,0.1956,3006.481536,FALSE
26-10-1990 08:00,178.5,0.0596,919.17504,FALSE
27-10-1990 08:00,191.2,0.065,1073.7792,FALSE
29-10-1990 08:00,235.9,0.03,611.4528,FALSE
30-10-1990 08:00,168.6,0.01,145.6704,FALSE
31-10-1990 08:00,111,0.017,163.0368,FALSE
01-11-1990 08:00,185.4,0.0766,1227.021696,FALSE
03-11-1990 08:00,237.9,0.0126,258.987456,FALSE
05-11-1990 08:00,243.2,0.0107,224.833536,FALSE
06-11-1990 08:00,133.3,0.0096,110.564352,FALSE
07-11-1990 08:00,87.14,0.009,67.760064,FALSE
08-11-1990 08:00,65.83,0.005,28.43856,FALSE
09-11-1990 08:00,47.55,0.005,20.5416,FALSE
12-11-1990 08:00,28.49,0.003,7.384608,FALSE
13-11-1990 08:00,27.78,0.01,24.00192,FALSE
14-11-1990 08:00,34.8,0.007,21.04704,FALSE
15-11-1990 08:00,90.29,0.0205,159.921648,FALSE
16-11-1990 08:00,62.65,0.007,37.89072,FALSE
17-11-1990 08:00,53.13,0.007,32.133024,FALSE
19-11-1990 08:00,47.56,0.01,41.09184,FALSE
20-11-1990 08:00,39.17,0.018,60.917184,FALSE
21-11-1990 08:00,40.21,0.01,34.74144,FALSE
22-11-1990 08:00,32.69,0.008,22.595328,FALSE
23-11-1990 08:00,37.79,0.007,22.855392,FALSE
24-11-1990 08:00,42.14,0.012,43.690752,FALSE
27-11-1990 08:00,28.11,0.003,7.286112,FALSE
28-11-1990 08:00,22.13,0.004,7.648128,FALSE
29-11-1990 08:00,19.75,0.002,3.4128,FALSE
30-11-1990 08:00,16.85,0.002,2.91168,FALSE
01-12-1990 08:00,15.19,0.00376,4.93468416,FALSE
03-12-1990 08:00,12.11,0.00296,3.09705984,FALSE
04-12-1990 08:00,11.58,0.003,3.001536,FALSE
05-12-1990 08:00,10.93,0.004,3.777408,FALSE
07-12-1990 08:00,8.825,0.001,0.76248,FALSE
10-12-1990 08:00,6.782,0.002,1.1719296,FALSE
11-12-1990 08:00,5.748,0.005,2.483136,FALSE
12-12-1990 08:00,5.682,0.004,1.9636992,FALSE
13-12-1990 08:00,5.187,0.002,0.8963136,FALSE
14-12-1990 08:00,4.698,0.002,0.8118144,FALSE
15-12-1990 08:00,4.443,0.003,1.1516256,FALSE
17-12-1990 08:00,3.654,0.001,0.3157056,FALSE
18-12-1990 08:00,3.603,0.002,0.6225984,FALSE
19-12-1990 08:00,3.482,0.002,0.6016896,FALSE
20-12-1990 08:00,3.224,0.002,0.5571072,FALSE
21-12-1990 08:00,3.435,0.001,0.296784,FALSE
22-12-1990 08:00,3.188,0.002,0.5508864,FALSE
26-12-1990 08:00,2.406,0.004,0.8315136,FALSE
27-12-1990 08:00,2.447,0.006,1.2685248,FALSE
28-12-1990 08:00,2.198,0.004,0.7596288,FALSE
29-12-1990 08:00,1.79,0.003,0.463968,FALSE
01-01-1991 08:00,2.541,0.013,2.8540512,FALSE
02-01-1991 08:00,3.539,0.004,1.2230784,FALSE
03-01-1991 08:00,4.719,0.003,1.2231648,FALSE
04-01-1991 08:00,3.162,0.004,1.0927872,FALSE
05-01-1991 08:00,2.851,0.004,0.9853056,FALSE
07-01-1991 08:00,2.112,0.004,0.7299072,FALSE
08-01-1991 08:00,1.914,0.005,0.826848,FALSE
09-01-1991 08:00,1.596,0.006,0.8273664,FALSE
10-01-1991 08:00,1.494,0.003,0.3872448,FALSE
11-01-1991 08:00,1.415,0.003,0.366768,FALSE
14-01-1991 08:00,1.161,0.004,0.4012416,FALSE
15-01-1991 08:00,1.104,0.005,0.476928,FALSE
16-01-1991 08:00,1.046,0.004,0.3614976,FALSE
17-01-1991 08:00,0.99,0.006,0.513216,FALSE
18-01-1991 08:00,0.822,0.004,0.2840832,FALSE
19-01-1991 08:00,0.79,0.003,0.204768,FALSE
21-01-1991 08:00,0.631,0.004,0.2180736,FALSE
22-01-1991 08:00,0.596,0.004,0.2059776,FALSE
23-01-1991 08:00,0.463,0.007,0.2800224,FALSE
24-01-1991 08:00,0.453,0.007,0.2739744,FALSE
25-01-1991 08:00,0.428,0.007,0.2588544,FALSE
28-01-1991 08:00,0.342,0.002,0.0590976,FALSE
29-01-1991 08:00,0.274,0.006,0.1420416,FALSE
30-01-1991 08:00,0.264,0.003,0.0684288,FALSE
31-01-1991 08:00,0.072,0.002,0.0124416,FALSE
01-02-1991 08:00,0.068,0.006,0.0352512,FALSE
02-02-1991 08:00,0.074,0.006,0.0383616,FALSE
03-02-1991 08:00,0,0,0,TRUE
04-02-1991 08:00,0,0,0,TRUE
05-02-1991 08:00,0.03,0.005,0.01296,FALSE
06-02-1991 08:00,0.029,0.007,0.0175392,FALSE
07-02-1991 08:00,0.061,0.007,0.0368928,FALSE
08-02-1991 08:00,0.05,0.005,0.0216,FALSE
09-02-1991 08:00,0,0,0,TRUE
10-02-1991 08:00,0,0,0,TRUE
11-02-1991 08:00,0.076,0,0,TRUE
12-02-1991 08:00,0,0,0,TRUE
13-02-1991 08:00,0.059,0,0,TRUE
14-02-1991 08:00,0.022,0,0,TRUE
15-02-1991 08:00,0.006,0,0,TRUE
16-02-1991 08:00,0.006,0,0,TRUE
17-02-1991 08:00,0,0,0,TRUE
18-02-1991 08:00,0,0,0,TRUE
19-02-1991 08:00,0,0,0,TRUE
20-02-1991 08:00,0,0,0,TRUE
21-02-1991 08:00,0,0,0,TRUE
22-02-1991 08:00,0,0,0,TRUE
23-02-1991 08:00,0,0,0,TRUE
24-02-1991 08:00,0,0,0,TRUE
25-02-1991 08:00,0,0,0,TRUE
26-02-1991 08:00,0,0,0,TRUE
27-02-1991 08:00,0,0,0,TRUE
28-02-1991 08:00,0,0,0,TRUE
01-03-1991 08:00,0,0,0,TRUE
02-03-1991 08:00,0,0,0,TRUE
03-03-1991 08:00,0,0,0,TRUE
04-03-1991 08:00,0,0,0,TRUE
05-03-1991 08:00,0,0,0,TRUE
06-03-1991 08:00,0,0,0,TRUE
07-03-1991 08:00,0,0,0,TRUE
08-03-1991 08:00,0,0,0,TRUE
11-03-1991 08:00,1.95,0.01,1.6848,FALSE
12-03-1991 08:00,1.707,0.008,1.1798784,FALSE
13-03-1991 08:00,1.627,0.011,1.5463008,FALSE
14-03-1991 08:00,1.435,0.01,1.23984,FALSE
15-03-1991 08:00,0.845,0.018,1.314144,FALSE
16-03-1991 08:00,0.78,0.015,1.01088,FALSE
18-03-1991 08:00,0.385,0.015,0.49896,FALSE
19-03-1991 08:00,0.268,0.008,0.1852416,FALSE
20-03-1991 08:00,0.124,0.008,0.0857088,FALSE
21-03-1991 08:00,0.118,0.007,0.0713664,FALSE
22-03-1991 08:00,0.178,0.007,0.1076544,FALSE
23-03-1991 08:00,0.117,0.007,0.0707616,FALSE
24-03-1991 08:00,0,0,0,TRUE
25-03-1991 08:00,0.099,0.004,0.0342144,FALSE
26-03-1991 08:00,0.053,0.001,0.0045792,FALSE
27-03-1991 08:00,0.023,0.001,0.0019872,FALSE
28-03-1991 08:00,0,0,0,TRUE
29-03-1991 08:00,0,0,0,TRUE
30-03-1991 08:00,0.093,0.001,0.0080352,FALSE
31-03-1991 08:00,0,0,0,TRUE
01-04-1991 08:00,0.201,0.009,0.1562976,FALSE
02-04-1991 08:00,0.229,0.009,0.1780704,FALSE
03-04-1991 08:00,0.301,0.013,0.3380832,FALSE
04-04-1991 08:00,0.192,0.017,0.2820096,FALSE
05-04-1991 08:00,0.138,0.015,0.178848,FALSE
06-04-1991 08:00,0.116,0.013,0.1302912,FALSE
07-04-1991 08:00,0,0,0,TRUE
08-04-1991 08:00,0,0,0,TRUE
09-04-1991 08:00,0,0,0,TRUE
10-04-1991 08:00,0,0,0,TRUE
11-04-1991 08:00,0,0,0,TRUE
23-04-1991 08:00,2.38,0.011,2.261952,FALSE
24-04-1991 08:00,2.208,0.007,1.3353984,FALSE
27-04-1991 08:00,1.921,0.007,1.1618208,FALSE
01-05-1991 08:00,1.095,0.01,0.94608,FALSE
02-05-1991 08:00,1.072,0.005,0.463104,FALSE
29-03-1994 08:00,0.96,0.004,0.331776,FALSE
30-03-1994 08:00,1.008,0.005,0.435456,FALSE
31-03-1994 08:00,1.001,0.005,0.432432,FALSE
01-06-1994 08:00,62.91,0.0291,158.1708384,FALSE
02-06-1994 08:00,105.1,0.0725,658.3464,FALSE
03-06-1994 08:00,145.5,0.059,741.7008,FALSE
04-06-1994 08:00,145.8,0.0503,633.635136,FALSE
13-06-1994 08:00,141.5,0.0638,779.99328,FALSE
14-06-1994 08:00,102.8,0.0206,182.967552,FALSE
17-06-1994 08:00,92.45,0.0191,152.564688,FALSE
18-06-1994 08:00,110.6,0.0231,220.739904,FALSE
21-06-1994 08:00,46.09,0.0059,23.4948384,FALSE
22-06-1994 08:00,39.75,0.0047,16.14168,FALSE
23-06-1994 08:00,33.51,0.0054,15.6344256,FALSE
24-06-1994 08:00,26.99,0.0039,9.0945504,FALSE
25-06-1994 08:00,43.61,0.0058,21.8538432,FALSE
27-06-1994 08:00,98.3,0.0085,72.19152,FALSE
28-06-1994 08:00,93.35,0.0097,78.234768,FALSE
29-06-1994 08:00,115.3,0.0287,285.907104,FALSE
30-06-1994 08:00,401.1,0.0534,1850.579136,FALSE
01-07-1994 08:00,269.4,0.0299,695.957184,FALSE
02-07-1994 08:00,169.7,0.0369,541.030752,FALSE
04-07-1994 08:00,151.3,0.0342,447.073344,FALSE
05-07-1994 08:00,137.3,0.0209,247.930848,FALSE
06-07-1994 08:00,140.4,0.0153,185.597568,FALSE
07-07-1994 08:00,139.4,0.0439,528.738624,FALSE
08-07-1994 08:00,110.2,0.0172,163.766016,FALSE
09-07-1994 08:00,88.8,0.0166,127.360512,FALSE
11-07-1994 08:00,47,0.0127,51.57216,FALSE
12-07-1994 08:00,44.17,0.0075,28.62216,FALSE
13-07-1994 08:00,55.69,0.0114,54.8524224,FALSE
14-07-1994 08:00,129.5,0.1306,1461.25728,FALSE
15-07-1994 08:00,300.2,0.0946,2453.666688,FALSE
16-07-1994 08:00,255.4,0.0331,730.403136,FALSE
18-07-1994 08:00,297.1,0.0245,628.90128,FALSE
19-07-1994 08:00,217.5,0.0197,370.2024,FALSE
20-07-1994 08:00,323.1,0.0309,862.599456,FALSE
21-07-1994 08:00,236.7,0.031,633.97728,FALSE
22-07-1994 08:00,200.2,0.1272,2200.214016,FALSE
23-07-1994 08:00,138.1,0.0205,244.60272,FALSE
25-07-1994 08:00,96.56,0.0172,143.4958848,FALSE
26-07-1994 08:00,79.1,0.0134,91.578816,FALSE
27-07-1994 08:00,83.14,0.0201,144.3842496,FALSE
28-07-1994 08:00,312.4,0.04,1079.6544,FALSE
29-07-1994 08:00,391,0.0489,1651.95936,FALSE
30-07-1994 08:00,398.1,0.0266,914.929344,FALSE
01-08-1994 08:00,532,0.0637,2927.95776,FALSE
02-08-1994 08:00,690.4,0.163,9723.04128,FALSE
03-08-1994 08:00,848.3,0.1246,9132.322752,FALSE
04-08-1994 08:00,576.6,0.1026,5111.351424,FALSE
05-08-1994 08:00,309.8,0.0478,1279.449216,FALSE
06-08-1994 08:00,187.1,0.027,436.46688,FALSE
08-08-1994 08:00,126.5,0.0311,339.91056,FALSE
09-08-1994 08:00,98.63,0.0172,146.5720704,FALSE
11-08-1994 08:00,53.06,0.0084,38.5088256,FALSE
12-08-1994 08:00,51.22,0.0048,21.2419584,FALSE
13-08-1994 08:00,41.76,0.0084,30.3077376,FALSE
18-08-1994 08:00,33.76,0.0035,10.209024,FALSE
19-08-1994 08:00,34.67,0.005,14.97744,FALSE
22-08-1994 08:00,78.69,0.0104,70.7076864,FALSE
23-08-1994 08:00,62.01,0.014,75.007296,FALSE
24-08-1994 08:00,47.69,0.0083,34.1994528,FALSE
25-08-1994 08:00,46.66,0.0062,24.9948288,FALSE
26-08-1994 08:00,48.45,0.0118,49.395744,FALSE
27-08-1994 08:00,37.53,0.0122,39.5596224,FALSE
30-08-1994 08:00,38.15,0.0082,27.028512,FALSE
31-08-1994 08:00,54.25,0.0126,59.05872,FALSE
01-09-1994 08:00,144.2,0.0847,1055.267136,FALSE
02-09-1994 08:00,165.6,0.0195,279.00288,FALSE
03-09-1994 08:00,138.2,0.014,167.16672,FALSE
05-09-1994 08:00,92.49,0.0209,167.0147424,FALSE
06-09-1994 08:00,90.21,0.0442,344.5011648,FALSE
07-09-1994 08:00,294.9,0.1049,2672.784864,FALSE
08-09-1994 08:00,178.8,0.0369,570.043008,FALSE
09-09-1994 08:00,133.6,0.0131,151.213824,FALSE
10-09-1994 08:00,73.64,0.0084,53.4449664,FALSE
12-09-1994 08:00,45.49,0.0044,17.2934784,FALSE
13-09-1994 08:00,36.68,0.0024,7.6059648,FALSE
14-09-1994 08:00,30.13,0.0041,10.6732512,FALSE
15-09-1994 08:00,24.59,0.0029,6.1612704,FALSE
17-09-1994 08:00,16.98,0.0036,5.2814592,FALSE
19-09-1994 08:00,14.24,0.0024,2.9528064,FALSE
20-09-1994 08:00,13.56,0.0026,3.0461184,FALSE
21-09-1994 08:00,11.75,0.0014,1.42128,FALSE
22-09-1994 08:00,11.39,0.0011,1.0825056,FALSE
23-09-1994 08:00,9.449,0.0016,1.30622976,FALSE
24-09-1994 08:00,9.212,0.0037,2.94489216,FALSE
26-09-1994 08:00,11.08,0.0036,3.4463232,FALSE
27-09-1994 08:00,10.91,0.003,2.827872,FALSE
28-09-1994 08:00,13.84,0.0027,3.2285952,FALSE
29-09-1994 08:00,27.41,0.0042,9.9465408,FALSE
30-09-1994 08:00,20.94,0.005,9.04608,FALSE
01-10-1994 08:00,27.18,0.0087,20.4306624,FALSE
03-10-1994 08:00,79.97,0.037,255.648096,FALSE
04-10-1994 08:00,61.25,0.0178,94.1976,FALSE
05-10-1994 08:00,71.12,0.0323,198.4760064,FALSE
06-10-1994 08:00,226.3,0.1131,2211.367392,FALSE
07-10-1994 08:00,145.1,0.0638,799.837632,FALSE
08-10-1994 08:00,84.93,0.0212,155.5645824,FALSE
10-10-1994 08:00,83.43,0.0404,291.2174208,FALSE
11-10-1994 08:00,100.5,0.0624,541.83168,FALSE
12-10-1994 08:00,124.9,0.0653,704.675808,FALSE
15-10-1994 08:00,130.4,0.0331,372.923136,FALSE
17-10-1994 08:00,86.19,0.0119,88.6171104,FALSE
18-10-1994 08:00,103.4,0.036,321.61536,FALSE
19-10-1994 08:00,93.28,0.0249,200.6788608,FALSE
20-10-1994 08:00,120.5,0.0989,1029.66768,FALSE
21-10-1994 08:00,69.2,0.019,113.59872,FALSE
22-10-1994 08:00,59.34,0.0285,146.118816,FALSE
24-10-1994 08:00,56.95,0.0284,139.741632,FALSE
25-10-1994 08:00,80.98,0.0377,263.7745344,FALSE
26-10-1994 08:00,132.6,0.1062,1216.695168,FALSE
27-10-1994 08:00,185.1,0.0817,1306.598688,FALSE
28-10-1994 08:00,111.6,0.0274,264.197376,FALSE
29-10-1994 08:00,164.8,0.0596,848.627712,FALSE
31-10-1994 08:00,240,0.1866,3869.3376,FALSE
01-11-1994 08:00,164.1,0.0353,500.491872,FALSE
03-11-1994 08:00,136.7,0.0414,488.970432,FALSE
04-11-1994 08:00,100.9,0.0173,150.817248,FALSE
05-11-1994 08:00,175.1,0.1293,1956.133152,FALSE
07-11-1994 08:00,142.7,0.0253,311.930784,FALSE
08-11-1994 08:00,89.25,0.0173,133.40376,FALSE
09-11-1994 08:00,67.04,0.008,46.338048,FALSE
19-11-1994 08:00,12.63,0.0025,2.72808,FALSE
21-11-1994 08:00,10.49,0.0021,1.9033056,FALSE
22-11-1994 08:00,10.11,0.002,1.747008,FALSE
23-11-1994 08:00,8.261,0.0012,0.85650048,FALSE
24-11-1994 08:00,8.544,0.0026,1.91932416,FALSE
25-11-1994 08:00,8.536,0.002,1.4750208,FALSE
26-11-1994 08:00,8.494,0.0033,2.42180928,FALSE
30-11-1994 08:00,12.91,0.0063,7.0271712,FALSE
01-12-1994 08:00,19.29,0.0037,6.1666272,FALSE
03-12-1994 08:00,12.8,0.007,7.74144,FALSE
05-12-1994 08:00,9.26,0.0016,1.2801024,FALSE
06-12-1994 08:00,7.569,0.0016,1.04633856,FALSE
07-12-1994 08:00,7.291,0.0016,1.00790784,FALSE
08-12-1994 08:00,6.173,0.002,1.0666944,FALSE
09-12-1994 08:00,5.905,0.0036,1.8366912,FALSE
10-12-1994 08:00,5.808,0.0031,1.55561472,FALSE
12-12-1994 08:00,4.037,0.0027,0.94175136,FALSE
13-12-1994 08:00,3.878,0.0015,0.5025888,FALSE
14-12-1994 08:00,3.633,0.0029,0.91028448,FALSE
15-12-1994 08:00,3.411,0.002,0.5894208,FALSE
16-12-1994 08:00,3.256,0.0031,0.87208704,FALSE
17-12-1994 08:00,3.13,0.003,0.811296,FALSE
19-12-1994 08:00,3.033,0.0019,0.49789728,FALSE
20-12-1994 08:00,2.609,0.0039,0.87912864,FALSE
21-12-1994 08:00,2.077,0.0032,0.57424896,FALSE
22-12-1994 08:00,2.145,0.0036,0.6671808,FALSE
23-12-1994 08:00,2.073,0.0059,1.05673248,FALSE
24-12-1994 08:00,1.857,0.003,0.4813344,FALSE
26-12-1994 08:00,1.569,0.0051,0.69136416,FALSE
28-12-1994 08:00,1.489,0.0038,0.48886848,FALSE
29-12-1994 08:00,1.479,0.005,0.638928,FALSE
30-12-1994 08:00,1.411,0.0053,0.64612512,FALSE
31-12-1994 08:00,1.34,0.0086,0.9956736,FALSE
02-01-1995 08:00,1.262,0.0019,0.20716992,FALSE
03-01-1995 08:00,1.186,0.0053,0.54309312,FALSE
04-01-1995 08:00,1.186,0.0073,0.74803392,FALSE
05-01-1995 08:00,1.08,0.0048,0.4478976,FALSE
06-01-1995 08:00,1.016,0.0042,0.36868608,FALSE
07-01-1995 08:00,0.89,0.0046,0.3537216,FALSE
09-01-1995 08:00,1.127,0.0059,0.57449952,FALSE
10-01-1995 08:00,2.575,0.0044,0.978912,FALSE
11-01-1995 08:00,2.143,0.0073,1.35163296,FALSE
12-01-1995 08:00,1.917,0.0101,1.67285088,FALSE
13-01-1995 08:00,1.676,0.0092,1.33221888,FALSE
14-01-1995 08:00,1.47,0.0081,1.0287648,FALSE
16-01-1995 08:00,1.16,0.0062,0.6213888,FALSE
17-01-1995 08:00,3.076,0.0064,1.70090496,FALSE
18-01-1995 08:00,2.437,0.0077,1.62128736,FALSE
19-01-1995 08:00,1.848,0.0085,1.3571712,FALSE
20-01-1995 08:00,1.67,0.0077,1.1110176,FALSE
21-01-1995 08:00,1.559,0.0097,1.30656672,FALSE
23-01-1995 08:00,0.999,0.007,0.6041952,FALSE
24-01-1995 08:00,1.045,0.008,0.722304,FALSE
25-01-1995 08:00,0.917,0.01,0.792288,FALSE
27-01-1995 08:00,0.788,0.0072,0.49019904,FALSE
28-01-1995 08:00,0.731,0.0068,0.42947712,FALSE
30-01-1995 08:00,0.449,0,0,TRUE
31-01-1995 08:00,0.447,0,0,TRUE
01-02-1995 08:00,0.481,0,0,TRUE
02-02-1995 08:00,0.416,0,0,TRUE
03-02-1995 08:00,0.43,0,0,TRUE
04-02-1995 08:00,0.433,0,0,TRUE
06-02-1995 08:00,0.166,0,0,TRUE
07-02-1995 08:00,0.179,0,0,TRUE
08-02-1995 08:00,0.059,0,0,TRUE
09-02-1995 08:00,0.051,0,0,TRUE
10-02-1995 08:00,0.017,0,0,TRUE
11-02-1995 08:00,0.063,0,0,TRUE
13-02-1995 08:00,0.159,0,0,TRUE
14-02-1995 08:00,0,0,0,TRUE
15-02-1995 08:00,0,0,0,TRUE
16-02-1995 08:00,0,0,0,TRUE
17-02-1995 08:00,0,0,0,TRUE
18-02-1995 08:00,0,0,0,TRUE
19-02-1995 08:00,0,0,0,TRUE
20-02-1995 08:00,0,0,0,TRUE
21-02-1995 08:00,0,0,0,TRUE
22-02-1995 08:00,0,0,0,TRUE
23-02-1995 08:00,0,0,0,TRUE
24-02-1995 08:00,0,0,0,TRUE
25-02-1995 08:00,0,0,0,TRUE
26-02-1995 08:00,0,0,0,TRUE
27-02-1995 08:00,0,0,0,TRUE
28-02-1995 08:00,0,0,0,TRUE
01-03-1995 08:00,0,0,0,TRUE
02-03-1995 08:00,0,0,0,TRUE
03-03-1995 08:00,0,0,0,TRUE
04-03-1995 08:00,0,0,0,TRUE
05-03-1995 08:00,0,0,0,TRUE
06-03-1995 08:00,0,0,0,TRUE
07-03-1995 08:00,0,0,0,TRUE
08-03-1995 08:00,0,0,0,TRUE
09-03-1995 08:00,0,0,0,TRUE
10-03-1995 08:00,0,0,0,TRUE
11-03-1995 08:00,0,0,0,TRUE
12-03-1995 08:00,0,0,0,TRUE
13-03-1995 08:00,0,0,0,TRUE
14-03-1995 08:00,0,0,0,TRUE
15-03-1995 08:00,0,0,0,TRUE
16-03-1995 08:00,0,0,0,TRUE
17-03-1995 08:00,0,0,0,TRUE
18-03-1995 08:00,0,0,0,TRUE
19-03-1995 08:00,0,0,0,TRUE
20-03-1995 08:00,0,0,0,TRUE
21-03-1995 08:00,0,0,0,TRUE
22-03-1995 08:00,0,0,0,TRUE
23-03-1995 08:00,0,0,0,TRUE
24-03-1995 08:00,0,0,0,TRUE
25-03-1995 08:00,0,0,0,TRUE
26-03-1995 08:00,0,0,0,TRUE
27-03-1995 08:00,0,0,0,TRUE
28-03-1995 08:00,0,0,0,TRUE
29-03-1995 08:00,0,0,0,TRUE
30-03-1995 08:00,0,0,0,TRUE
31-03-1995 08:00,0,0,0,TRUE
01-04-1995 08:00,0,0,0,TRUE
02-04-1995 08:00,0,0,0,TRUE
03-04-1995 08:00,0,0,0,TRUE
04-04-1995 08:00,0,0,0,TRUE
05-04-1995 08:00,0,0,0,TRUE
06-04-1995 08:00,0,0,0,TRUE
07-04-1995 08:00,0,0,0,TRUE
08-04-1995 08:00,1.174,0.0041,0.41587776,FALSE
10-04-1995 08:00,3.271,0.0029,0.81958176,FALSE
15-04-1995 08:00,12.06,0.0088,9.1694592,FALSE
17-04-1995 08:00,19.84,0.0129,22.1128704,FALSE
18-04-1995 08:00,15.2,0.0104,13.658112,FALSE
19-04-1995 08:00,10.57,0.0034,3.1050432,FALSE
20-04-1995 08:00,9.787,0.0048,4.05886464,FALSE
21-04-1995 08:00,8.982,0.0045,3.4922016,FALSE
22-04-1995 08:00,7.95,0.0049,3.365712,FALSE
24-04-1995 08:00,6.242,0.0061,3.28978368,FALSE
25-04-1995 08:00,15.38,0.0102,13.5540864,FALSE
26-04-1995 08:00,9.907,0.0123,10.52836704,FALSE
27-04-1995 08:00,8.804,0.0085,6.4656576,FALSE
28-04-1995 08:00,6.826,0.0031,1.82827584,FALSE
01-05-1995 08:00,16.02,0.0082,11.3498496,FALSE
02-05-1995 08:00,30.12,0.0136,35.3922048,FALSE
03-05-1995 08:00,39.74,0.02,68.67072,FALSE
04-05-1995 08:00,28.29,0.0125,30.5532,FALSE
05-05-1995 08:00,38.55,0.0158,52.625376,FALSE
06-05-1995 08:00,71.9,0.031,192.57696,FALSE
09-05-1995 08:00,503,0.1106,4806.58752,FALSE
11-05-1995 08:00,509.9,0.0599,2638.916064,FALSE
12-05-1995 08:00,354.6,0.0365,1118.26656,FALSE
13-05-1995 08:00,230.3,0.0554,1102.344768,FALSE
15-05-1995 08:00,88.5,0.0257,196.51248,FALSE
16-05-1995 08:00,73.65,0.016,101.81376,FALSE
17-05-1995 08:00,57.64,0.0106,52.7890176,FALSE
18-05-1995 08:00,48.21,0.0128,53.3164032,FALSE
19-05-1995 08:00,37.86,0.0086,28.1314944,FALSE
20-05-1995 08:00,29.67,0.0095,24.353136,FALSE
22-05-1995 08:00,27.08,0.0024,5.6153088,FALSE
23-05-1995 08:00,24.42,0.0054,11.3933952,FALSE
24-05-1995 08:00,20.26,0.0046,8.0521344,FALSE
25-05-1995 08:00,19.74,0.0068,11.5976448,FALSE
26-05-1995 08:00,26.13,0.0097,21.8990304,FALSE
27-05-1995 08:00,34.88,0.0048,14.4654336,FALSE
29-05-1995 08:00,42.58,0.0175,64.38096,FALSE
30-05-1995 08:00,44.8,0.0126,48.771072,FALSE
31-05-1995 08:00,37.1,0.0091,29.169504,FALSE
01-06-1995 08:00,31.92,0.0045,12.410496,FALSE
02-06-1995 08:00,27.07,0.011,25.727328,FALSE
03-06-1995 08:00,27.16,0.0096,22.5275904,FALSE
05-06-1995 08:00,19.02,0.0057,9.3669696,FALSE
06-06-1995 08:00,16.75,0.0046,6.65712,FALSE
07-06-1995 08:00,14.73,0.003,3.818016,FALSE
08-06-1995 08:00,23.92,0.0052,10.7467776,FALSE
10-06-1995 08:00,20.33,0.0086,15.1060032,FALSE
12-06-1995 08:00,108.1,0.0567,529.568928,FALSE
13-06-1995 08:00,219.6,0.0612,1161.174528,FALSE
14-06-1995 08:00,343.8,0.078,2316.93696,FALSE
15-06-1995 08:00,288.5,0.0471,1174.03344,FALSE
16-06-1995 08:00,410,0.0317,1122.9408,FALSE
17-06-1995 08:00,414.6,0.0533,1909.282752,FALSE
19-06-1995 08:00,172.2,0.0307,456.757056,FALSE
20-06-1995 08:00,113.7,0.0229,224.962272,FALSE
21-06-1995 08:00,133.2,0.0473,544.351104,FALSE
22-06-1995 08:00,103,0.0123,109.46016,FALSE
23-06-1995 08:00,91.35,0.01,78.9264,FALSE
24-06-1995 08:00,79.72,0.0072,49.5922176,FALSE
26-06-1995 08:00,61.43,0.0055,29.191536,FALSE
27-06-1995 08:00,69.11,0.0093,55.5312672,FALSE
28-06-1995 08:00,71.47,0.0094,58.0450752,FALSE
29-06-1995 08:00,79.21,0.0125,85.5468,FALSE
30-06-1995 08:00,109.2,0.0768,724.598784,FALSE
01-07-1995 08:00,425.9,0.0409,1505.028384,FALSE
03-07-1995 08:00,189.2,0.0157,256.646016,FALSE
04-07-1995 08:00,120.5,0.011,114.5232,FALSE
05-07-1995 08:00,83.96,0.0106,76.8939264,FALSE
06-07-1995 08:00,85.48,0.0199,146.9708928,FALSE
07-07-1995 08:00,167.8,0.0722,1046.749824,FALSE
08-07-1995 08:00,149.7,0.017,219.87936,FALSE
10-07-1995 08:00,165.8,0.0498,713.390976,FALSE
11-07-1995 08:00,300.3,0.0453,1175.350176,FALSE
12-07-1995 08:00,369.8,0.0648,2070.406656,FALSE
13-07-1995 08:00,366.6,0.0324,1026.245376,FALSE
14-07-1995 08:00,242.4,0.0203,425.150208,FALSE
15-07-1995 08:00,163.2,0.0085,119.85408,FALSE
17-07-1995 08:00,181.8,0.0333,523.060416,FALSE
18-07-1995 08:00,122.8,0.0097,102.916224,FALSE
19-07-1995 08:00,102.6,0.0055,48.75552,FALSE
20-07-1995 08:00,107.2,0.0081,75.022848,FALSE
21-07-1995 08:00,84.08,0.0066,47.9457792,FALSE
22-07-1995 08:00,72.85,0.0059,37.136016,FALSE
24-07-1995 08:00,53.08,0.0051,23.3891712,FALSE
25-07-1995 08:00,72.26,0.0128,79.9137792,FALSE
26-07-1995 08:00,120.1,0.0237,245.926368,FALSE
27-07-1995 08:00,73.6,0.0117,74.400768,FALSE
28-07-1995 08:00,124.3,0.045,483.2784,FALSE
29-07-1995 08:00,221.5,0.1157,2214.22032,FALSE
31-07-1995 08:00,627.1,0.063,3413.43072,FALSE
01-08-1995 08:00,366.5,0.025,791.64,FALSE
02-08-1995 08:00,215.3,0.019,353.43648,FALSE
03-08-1995 08:00,120.8,0.0203,211.873536,FALSE
04-08-1995 08:00,82.36,0.0103,73.2938112,FALSE
05-08-1995 08:00,83.95,0.037,268.37136,FALSE
07-08-1995 08:00,350.2,0.1187,3591.539136,FALSE
08-08-1995 08:00,270.6,0.0369,862.716096,FALSE
10-08-1995 08:00,157.6,0.0151,205.611264,FALSE
11-08-1995 08:00,121.1,0.0278,290.872512,FALSE
12-08-1995 08:00,125.3,0.0194,210.022848,FALSE
14-08-1995 08:00,55.98,0.0071,34.3403712,FALSE
16-08-1995 08:00,43.07,0.0059,21.9553632,FALSE
17-08-1995 08:00,51.68,0.0095,42.418944,FALSE
19-08-1995 08:00,102.9,0.0227,201.815712,FALSE
21-08-1995 08:00,97.03,0.0162,135.8109504,FALSE
22-08-1995 08:00,145.9,0.051,642.89376,FALSE
23-08-1995 08:00,119.2,0.0335,345.01248,FALSE
24-08-1995 08:00,151.9,0.0629,825.509664,FALSE
25-08-1995 08:00,128.4,0.0222,246.281472,FALSE
26-08-1995 08:00,204.1,0.085,1498.9104,FALSE
28-08-1995 08:00,251.7,0.0231,502.352928,FALSE
29-08-1995 08:00,306.4,0.035,926.5536,FALSE
30-08-1995 08:00,267.8,0.0343,793.630656,FALSE
31-08-1995 08:00,385.8,0.0669,2229.985728,FALSE
02-09-1995 08:00,254.3,0.0362,795.369024,FALSE
04-09-1995 08:00,216.7,0.0335,627.21648,FALSE
07-09-1995 08:00,295.6,0.0386,985.837824,FALSE
08-09-1995 08:00,183.5,0.0185,293.3064,FALSE
09-09-1995 08:00,102,0.0121,106.63488,FALSE
11-09-1995 08:00,64.37,0.0059,32.8132512,FALSE
12-09-1995 08:00,49.74,0.0031,13.3223616,FALSE
13-09-1995 08:00,39.81,0.0025,8.59896,FALSE
14-09-1995 08:00,28.15,0.0014,3.405024,FALSE
16-09-1995 08:00,89.24,0.081,624.537216,FALSE
18-09-1995 08:00,146.7,0.0531,673.036128,FALSE
19-09-1995 08:00,111.4,0.0143,137.636928,FALSE
20-09-1995 08:00,99.91,0.0105,90.638352,FALSE
21-09-1995 08:00,84.94,0.0084,61.6460544,FALSE
22-09-1995 08:00,123.1,0.0202,214.843968,FALSE
23-09-1995 08:00,106.1,0.0381,349.264224,FALSE
25-09-1995 08:00,65.69,0.0077,43.7022432,FALSE
26-09-1995 08:00,60.74,0.0061,32.0124096,FALSE
27-09-1995 08:00,49.17,0.0034,14.4441792,FALSE
28-09-1995 08:00,32.01,0.0022,6.0844608,FALSE
29-09-1995 08:00,26.08,0.0039,8.7879168,FALSE
30-09-1995 08:00,21.55,0.0025,4.6548,FALSE
04-10-1995 08:00,64.56,0.0301,167.8973184,FALSE
05-10-1995 08:00,92.16,0.0345,274.710528,FALSE
06-10-1995 08:00,91.83,0.0629,499.0556448,FALSE
07-10-1995 08:00,69.66,0.0131,78.8439744,FALSE
09-10-1995 08:00,107.7,0.0166,154.467648,FALSE
10-10-1995 08:00,73.32,0.0099,62.7149952,FALSE
11-10-1995 08:00,60.67,0.0167,87.5395296,FALSE
13-10-1995 08:00,76.43,0.0074,48.8662848,FALSE
14-10-1995 08:00,55.2,0.0043,20.507904,FALSE
16-10-1995 08:00,27.83,0.0022,5.2899264,FALSE
17-10-1995 08:00,24.21,0.0024,5.0201856,FALSE
18-10-1995 08:00,22.72,0.0019,3.7297152,FALSE
19-10-1995 08:00,22.03,0.0034,6.4715328,FALSE
20-10-1995 08:00,18.84,0.0029,4.7205504,FALSE
21-10-1995 08:00,26.46,0.0134,30.6343296,FALSE
24-10-1995 09:30,86.48,0.017,127.021824,FALSE
25-10-1995 08:00,63.74,0.0118,64.9842048,FALSE
26-10-1995 08:00,48.54,0.0114,47.8099584,FALSE
27-10-1995 08:00,35.52,0.0041,12.5826048,FALSE
28-10-1995 08:00,30.62,0.0018,4.7620224,FALSE
30-10-1995 08:00,32.38,0.0108,30.2144256,FALSE
31-10-1995 08:00,38.5,0.0114,37.92096,FALSE
01-11-1995 08:00,64.74,0.0458,256.1839488,FALSE
02-11-1995 08:00,142.8,0.0329,405.917568,FALSE
03-11-1995 08:00,204.4,0.0397,701.108352,FALSE
04-11-1995 08:00,139.6,0.0323,389.584512,FALSE
06-11-1995 08:00,115.3,0.029,288.89568,FALSE
08-11-1995 08:00,103.9,0.0356,319.579776,FALSE
09-11-1995 08:00,91.59,0.0347,274.5941472,FALSE
10-11-1995 08:00,86.27,0.0235,175.162608,FALSE
14-11-1995 08:00,49.67,0.0106,45.4897728,FALSE
15-11-1995 08:00,67.05,0.0296,171.476352,FALSE
16-11-1995 08:00,58.59,0.0105,53.152848,FALSE
17-11-1995 08:00,40.93,0.0149,52.6916448,FALSE
18-11-1995 08:00,36.36,0.0061,19.1631744,FALSE
20-11-1995 08:00,25.96,0.0038,8.5231872,FALSE
21-11-1995 08:00,23.51,0.0054,10.9688256,FALSE
22-11-1995 08:00,18.09,0.007,10.940832,FALSE
23-11-1995 08:00,19.95,0.007,12.06576,FALSE
24-11-1995 08:00,21.98,0.0078,14.8127616,FALSE
25-11-1995 08:00,17.84,0.0063,9.7106688,FALSE
27-11-1995 08:00,14.83,0.0044,5.6377728,FALSE
28-11-1995 08:00,13.82,0.0046,5.4926208,FALSE
29-11-1995 08:00,21.59,0.0069,12.8710944,FALSE
30-11-1995 08:00,15.38,0.0069,9.1689408,FALSE
01-12-1995 08:00,10.88,0.0099,9.3063168,FALSE
02-12-1995 08:00,9.834,0.0063,5.35284288,FALSE
04-12-1995 08:00,8.573,0.003,2.2221216,FALSE
05-12-1995 08:00,8.225,0.0027,1.918728,FALSE
06-12-1995 08:00,6.734,0.0024,1.39636224,FALSE
07-12-1995 08:00,5.85,0.0044,2.223936,FALSE
08-12-1995 08:00,5.951,0.0023,1.18258272,FALSE
09-12-1995 08:00,5.573,0.0056,2.69644032,FALSE
11-12-1995 08:00,4.149,0.0019,0.68109984,FALSE
12-12-1995 08:00,4.158,0.0027,0.96997824,FALSE
13-12-1995 08:00,4.078,0.0048,1.69122816,FALSE
14-12-1995 08:00,3.951,0.0038,1.29719232,FALSE
15-12-1995 08:00,3.781,0.0049,1.60072416,FALSE
16-12-1995 08:00,3.655,0.001,0.315792,FALSE
18-12-1995 08:00,2.967,0.0019,0.48706272,FALSE
19-12-1995 08:00,2.638,0.0017,0.38746944,FALSE
20-12-1995 08:00,2.59,0.0034,0.7608384,FALSE
21-12-1995 08:00,2.46,0.0059,1.2540096,FALSE
22-12-1995 08:00,2.071,0.0043,0.76941792,FALSE
23-12-1995 08:00,1.684,0.0045,0.6547392,FALSE
26-12-1995 08:00,1.535,0.003,0.397872,FALSE
27-12-1995 08:00,1.479,0.0059,0.75393504,FALSE
28-12-1995 08:00,1.396,0.0037,0.44627328,FALSE
29-12-1995 08:00,1.153,0.003,0.2988576,FALSE
01-01-1996 08:00,1.304,0.0034,0.38306304,FALSE
02-01-1996 08:00,1.282,0.0034,0.37660032,FALSE
03-01-1996 08:00,1.261,0.0034,0.37043136,FALSE
04-01-1996 08:00,1.207,0.0032,0.33371136,FALSE
05-01-1996 08:00,1.109,0.0029,0.27787104,FALSE
06-01-1996 08:00,1.11,0.0029,0.2781216,FALSE
08-01-1996 08:00,1.019,0.0026,0.22890816,FALSE
09-01-1996 08:00,1.076,0.0028,0.26030592,FALSE
10-01-1996 08:00,0.954,0.0024,0.19782144,FALSE
11-01-1996 08:00,0.898,0.0023,0.17845056,FALSE
12-01-1996 08:00,0.707,0.0018,0.10995264,FALSE
13-01-1996 08:00,0.869,0.0022,0.16517952,FALSE
16-01-1996 08:00,1.148,0.0026,0.25788672,FALSE
17-01-1996 08:00,1.149,0.0026,0.25811136,FALSE
18-01-1996 08:00,0.887,0.0023,0.17626464,FALSE
19-01-1996 08:00,0.851,0.0022,0.16175808,FALSE
20-01-1996 08:00,0.792,0.002,0.1368576,FALSE
22-01-1996 08:00,0.637,0.0016,0.08805888,FALSE
23-01-1996 08:00,0.65,0.0016,0.089856,FALSE
24-01-1996 08:00,0.574,0.0014,0.06943104,FALSE
25-01-1996 08:00,0.572,0.0014,0.06918912,FALSE
27-01-1996 08:00,0.411,0.001,0.0355104,FALSE
29-01-1996 08:00,0.544,0.0013,0.06110208,FALSE
30-01-1996 08:00,0.168,0.0002,0.00290304,FALSE
31-01-1996 08:00,0.149,0.0002,0.00257472,FALSE
01-02-1996 08:00,0.169,0.0002,0.00292032,FALSE
02-02-1996 08:00,0.136,0.0002,0.00235008,FALSE
03-02-1996 08:00,0.117,0.0001,0.00101088,FALSE
05-02-1996 08:00,0.209,0.0004,0.00722304,FALSE
06-02-1996 08:00,0.102,0.0001,0.00088128,FALSE
07-02-1996 08:00,0.103,0.0001,0.00088992,FALSE
08-02-1996 08:00,0.029,0,0,TRUE
09-02-1996 08:00,0.026,0,0,TRUE
10-02-1996 08:00,0.038,0,0,TRUE
12-02-1996 08:00,0.096,0,0,TRUE
13-02-1996 08:00,0.046,0,0,TRUE
14-02-1996 08:00,0.035,0,0,TRUE
15-02-1996 08:00,0.035,0,0,TRUE
16-02-1996 08:00,0.018,0,0,TRUE
17-02-1996 08:00,0.012,0,0,TRUE
19-02-1996 08:00,0,0,0,TRUE
20-02-1996 08:00,0,0,0,TRUE
21-02-1996 08:00,0,0,0,TRUE
22-02-1996 08:00,0,0,0,TRUE
23-02-1996 08:00,0,0,0,TRUE
24-02-1996 08:00,0,0,0,TRUE
25-02-1996 08:00,0,0,0,TRUE
26-02-1996 08:00,0.032,0,0,TRUE
27-02-1996 08:00,0,0,0,TRUE
28-02-1996 08:00,0,0,0,TRUE
29-02-1996 08:00,0,0,0,TRUE
01-03-1996 08:00,0,0,0,TRUE
02-03-1996 08:00,0,0,0,TRUE
03-03-1996 08:00,0,0,0,TRUE
04-03-1996 08:00,0,0,0,TRUE
05-03-1996 08:00,0,0,0,TRUE
06-03-1996 08:00,0,0,0,TRUE
07-03-1996 08:00,0,0,0,TRUE
08-03-1996 08:00,0,0,0,TRUE
09-03-1996 08:00,0,0,0,TRUE
10-03-1996 08:00,0,0,0,TRUE
11-03-1996 08:00,0,0,0,TRUE
12-03-1996 08:00,0,0,0,TRUE
13-03-1996 08:00,0,0,0,TRUE
14-03-1996 08:00,0,0,0,TRUE
15-03-1996 08:00,0,0,0,TRUE
16-03-1996 08:00,0,0,0,TRUE
17-03-1996 08:00,0,0,0,TRUE
18-03-1996 08:00,0,0,0,TRUE
19-03-1996 08:00,0,0,0,TRUE
20-03-1996 08:00,0,0,0,TRUE
21-03-1996 08:00,0,0,0,TRUE
22-03-1996 08:00,0,0,0,TRUE
23-03-1996 08:00,0,0,0,TRUE
24-03-1996 08:00,0,0,0,TRUE
25-03-1996 08:00,0,0,0,TRUE
26-03-1996 08:00,0,0,0,TRUE
27-03-1996 08:00,0,0,0,TRUE
28-03-1996 08:00,0,0,0,TRUE
29-03-1996 08:00,0,0,0,TRUE
30-03-1996 08:00,0,0,0,TRUE
31-03-1996 08:00,0,0,0,TRUE
01-04-1996 08:00,0,0,0,TRUE
02-04-1996 08:00,0,0,0,TRUE
03-04-1996 08:00,0,0,0,TRUE
04-04-1996 08:00,0,0,0,TRUE
05-04-1996 08:00,0,0,0,TRUE
06-04-1996 08:00,0,0,0,TRUE
07-04-1996 08:00,0,0,0,TRUE
08-04-1996 08:00,0,0,0,TRUE
09-04-1996 08:00,0,0,0,TRUE
10-04-1996 08:00,0,0,0,TRUE
11-04-1996 08:00,0,0,0,TRUE
12-04-1996 08:00,0.306,0,0,TRUE
13-04-1996 08:00,0,0,0,TRUE
14-04-1996 08:00,0,0,0,TRUE
16-04-1996 08:00,24.6,0.0256,54.411264,FALSE
17-04-1996 08:00,22.09,0.0119,22.7120544,FALSE
18-04-1996 08:00,30.44,0.0258,67.8544128,FALSE
19-04-1996 08:00,16.98,0.0103,15.1108416,FALSE
20-04-1996 08:00,13.98,0.0144,17.3933568,FALSE
22-04-1996 08:00,21.01,0.0064,11.6176896,FALSE
23-04-1996 08:00,15.7,0.009,12.20832,FALSE
24-04-1996 08:00,11.86,0.011,11.271744,FALSE
25-04-1996 08:00,18.01,0.0037,5.7574368,FALSE
26-04-1996 08:00,12.57,0.0155,16.833744,FALSE
30-04-1996 08:00,7.824,0.0055,3.7179648,FALSE
01-05-1996 08:00,25.1,0.0389,84.360096,FALSE
02-05-1996 08:00,81.91,0.0657,464.9604768,FALSE
04-05-1996 08:00,32.26,0.0159,44.3174976,FALSE
06-05-1996 08:00,15.31,0.0077,10.1854368,FALSE
07-05-1996 08:00,13.92,0.0057,6.8553216,FALSE
08-05-1996 08:00,11.01,0.0035,3.329424,FALSE
09-05-1996 08:00,8.801,0.0047,3.57391008,FALSE
10-05-1996 08:00,7.546,0.0056,3.65105664,FALSE
11-05-1996 08:00,7.102,0.0024,1.47267072,FALSE
13-05-1996 08:00,4.707,0.006,2.4401088,FALSE
14-05-1996 08:00,4.603,0.0061,2.42596512,FALSE
15-05-1996 08:00,3.823,0.0071,2.34518112,FALSE
16-05-1996 08:00,2.966,0.0042,1.07630208,FALSE
17-05-1996 08:00,2.851,0.0094,2.31546816,FALSE
18-05-1996 08:00,2.06,0.0089,1.5840576,FALSE
20-05-1996 08:00,1.767,0.0071,1.08394848,FALSE
21-05-1996 08:00,1.627,0.0036,0.50606208,FALSE
22-05-1996 08:00,1.603,0.0016,0.22159872,FALSE
23-05-1996 08:00,1.262,0.0053,0.57789504,FALSE
24-05-1996 08:00,1.22,0.0037,0.3900096,FALSE
25-05-1996 08:00,1.231,0.0031,0.32971104,FALSE
27-05-1996 08:00,1.609,0.0091,1.26506016,FALSE
29-05-1996 08:00,1.761,0.0077,1.17155808,FALSE
30-05-1996 08:00,2.903,0.0123,3.08507616,FALSE
31-05-1996 08:00,10.44,0.0119,10.7339904,FALSE
01-06-1996 08:00,23.33,0.0141,28.4215392,FALSE
03-06-1996 08:00,17.66,0.0171,26.0915904,FALSE
04-06-1996 08:00,21.46,0.0168,31.1496192,FALSE
05-06-1996 08:00,17.55,0.0106,16.072992,FALSE
06-06-1996 08:00,23.55,0.0092,18.719424,FALSE
07-06-1996 08:00,11.47,0.0094,9.3154752,FALSE
08-06-1996 08:00,9.126,0.0053,4.17897792,FALSE
10-06-1996 08:00,13.98,0.0082,9.9045504,FALSE
11-06-1996 08:00,37.87,0.0069,22.5765792,FALSE
12-06-1996 08:00,43.12,0.011,40.981248,FALSE
14-06-1996 08:00,108.4,0.0318,297.831168,FALSE
15-06-1996 08:00,152.3,0.0331,435.553632,FALSE
17-06-1996 08:00,220.6,0.0267,508.897728,FALSE
18-06-1996 08:00,259.4,0.0191,428.072256,FALSE
19-06-1996 08:00,316.7,0.0276,755.215488,FALSE
20-06-1996 08:00,271.4,0.0106,248.558976,FALSE
21-06-1996 08:00,248.8,0.0145,311.69664,FALSE
22-06-1996 08:00,275.5,0.013,309.4416,FALSE
24-06-1996 08:00,124.8,0.0153,164.975616,FALSE
25-06-1996 08:00,88.54,0.0098,74.9685888,FALSE
27-06-1996 08:00,51.54,0.0106,47.2023936,FALSE
28-06-1996 08:00,40.37,0.0063,21.9741984,FALSE
29-06-1996 08:00,33.91,0.0072,21.0947328,FALSE
01-07-1996 08:00,24.34,0.0055,11.566368,FALSE
02-07-1996 08:00,22.13,0.0027,5.1624864,FALSE
03-07-1996 08:00,17.46,0.0027,4.0730688,FALSE
04-07-1996 08:00,15.09,0.0036,4.6935936,FALSE
05-07-1996 08:00,13.67,0.0084,9.9211392,FALSE
06-07-1996 08:00,12.84,0.0032,3.5500032,FALSE
08-07-1996 08:00,17.8,0.0085,13.07232,FALSE
09-07-1996 08:00,24.77,0.0025,5.35032,FALSE
10-07-1996 08:00,37.48,0.0052,16.8390144,FALSE
11-07-1996 08:00,153.3,0.0102,135.100224,FALSE
12-07-1996 08:00,119.1,0.0179,184.195296,FALSE
13-07-1996 08:00,118,0.0179,182.49408,FALSE
15-07-1996 08:00,91.13,0.013,102.357216,FALSE
16-07-1996 08:00,91.58,0.0133,105.2364096,FALSE
17-07-1996 08:00,99.14,0.0136,116.4934656,FALSE
18-07-1996 08:00,118.5,0.0136,139.24224,FALSE
19-07-1996 08:00,141.2,0.0721,879.596928,FALSE
20-07-1996 08:00,315.1,0.0558,1519.134912,FALSE
22-07-1996 08:00,366.8,0.0493,1562.391936,FALSE
23-07-1996 08:00,331,0.0265,757.8576,FALSE
24-07-1996 08:00,340,0.0202,593.3952,FALSE
25-07-1996 08:00,366.2,0.0944,2986.785792,FALSE
26-07-1996 08:00,376.9,0.0506,1647.746496,FALSE
27-07-1996 08:00,315.2,0.0351,955.888128,FALSE
30-07-1996 08:00,242,0.0446,932.53248,FALSE
31-07-1996 08:00,166,0.0141,202.22784,FALSE
02-08-1996 08:00,106.3,0.016,146.94912,FALSE
03-08-1996 08:00,86.02,0.0143,106.2794304,FALSE
05-08-1996 08:00,44.33,0.0098,37.5350976,FALSE
06-08-1996 08:00,40.97,0.0094,33.2741952,FALSE
07-08-1996 08:00,53.5,0.0162,74.88288,FALSE
08-08-1996 08:00,44.92,0.0095,36.870336,FALSE
09-08-1996 08:00,39.14,0.0093,31.4497728,FALSE
10-08-1996 08:00,41.35,0.0077,27.509328,FALSE
12-08-1996 08:00,53.39,0.0094,43.3612224,FALSE
13-08-1996 08:00,183.5,0.0694,1100.29536,FALSE
14-08-1996 08:00,161.5,0.0766,1068.84576,FALSE
16-08-1996 08:00,247.6,0.0193,412.877952,FALSE
17-08-1996 08:00,260.2,0.0674,1515.238272,FALSE
19-08-1996 08:00,172.2,0.0346,514.781568,FALSE
20-08-1996 08:00,122.7,0.0241,255.490848,FALSE
21-08-1996 08:00,88,0.0545,414.3744,FALSE
22-08-1996 08:00,92.63,0.0089,71.2287648,FALSE
23-08-1996 08:00,121.2,0.0459,480.650112,FALSE
24-08-1996 08:00,260.3,0.0806,1812.687552,FALSE
26-08-1996 08:00,115.4,0.028,279.17568,FALSE
29-08-1996 08:00,114.9,0.0405,402.05808,FALSE
30-08-1996 08:00,79.35,0.0182,124.776288,FALSE
31-08-1996 08:00,68.55,0.0096,56.858112,FALSE
05-09-1996 08:00,82.77,0.0529,378.3052512,FALSE
06-09-1996 08:00,119.1,0.0537,552.585888,FALSE
07-09-1996 08:00,102.1,0.0178,157.021632,FALSE
09-09-1996 08:00,101,0.0107,93.37248,FALSE
12-09-1996 08:00,79.58,0.0104,71.5074048,FALSE
13-09-1996 08:00,98.24,0.0086,72.9962496,FALSE
14-09-1996 08:00,74.91,0.0151,97.7305824,FALSE
16-09-1996 08:00,90.11,0.009,70.069536,FALSE
17-09-1996 08:00,148.2,0.0336,430.230528,FALSE
18-09-1996 08:00,145,0.0344,430.9632,FALSE
19-09-1996 08:00,97.58,0.0163,137.4238656,FALSE
20-09-1996 08:00,96.93,0.0101,84.5849952,FALSE
23-09-1996 08:00,118.8,0.0133,136.515456,FALSE
24-09-1996 08:00,108.3,0.0245,229.24944,FALSE
25-09-1996 08:00,101.2,0.1227,1072.849536,FALSE
26-09-1996 08:00,80.1,0.0185,128.03184,FALSE
27-09-1996 08:00,84.85,0.0168,123.161472,FALSE
28-09-1996 08:00,280.2,0.0733,1774.540224,FALSE
30-09-1996 08:00,270.8,0.0286,669.157632,FALSE
03-10-1996 08:00,93.81,0.0085,68.894064,FALSE
04-10-1996 08:00,54.6,0.0142,66.987648,FALSE
05-10-1996 08:00,51.22,0.0087,38.5010496,FALSE
07-10-1996 08:00,32.5,0.0029,8.1432,FALSE
08-10-1996 08:00,30.58,0.0031,8.1905472,FALSE
09-10-1996 08:00,52.7,0.0133,60.558624,FALSE
10-10-1996 08:00,74.18,0.0596,381.9854592,FALSE
11-10-1996 08:00,174,0.1062,1596.56832,FALSE
12-10-1996 08:00,118.2,0.0641,654.619968,FALSE
14-10-1996 08:00,160.2,0.0374,517.663872,FALSE
15-10-1996 08:00,185.7,0.0342,548.721216,FALSE
17-10-1996 08:00,266.1,0.1015,2333.59056,FALSE
18-10-1996 08:00,524.9,0.0369,1673.465184,FALSE
19-10-1996 08:00,450.8,0.0293,1141.209216,FALSE
22-10-1996 08:00,114.4,0.0497,491.242752,FALSE
23-10-1996 08:00,124.4,0.0527,566.428032,FALSE
24-10-1996 08:00,85,0.0327,240.1488,FALSE
25-10-1996 08:00,65.82,0.0122,69.3795456,FALSE
26-10-1996 08:00,48.52,0.0135,56.593728,FALSE
28-10-1996 08:00,33.25,0.0042,12.06576,FALSE
29-10-1996 08:00,27.69,0.0051,12.2013216,FALSE
30-10-1996 08:00,24.66,0.0034,7.2441216,FALSE
31-10-1996 08:00,21.46,0.0037,6.8603328,FALSE
01-11-1996 08:00,18.86,0.0023,3.7478592,FALSE
02-11-1996 08:00,17.21,0.0033,4.9069152,FALSE
04-11-1996 08:00,36.75,0.0148,46.99296,FALSE
05-11-1996 08:00,34.91,0.005,15.08112,FALSE
06-11-1996 08:00,29.15,0.0026,6.548256,FALSE
07-11-1996 08:00,21.9,0.0022,4.162752,FALSE
08-11-1996 08:00,18.74,0.0031,5.0193216,FALSE
09-11-1996 08:00,16.75,0.0025,3.618,FALSE
11-11-1996 08:00,16.45,0.0026,3.695328,FALSE
12-11-1996 08:00,23.14,0.0035,6.997536,FALSE
13-11-1996 08:00,34.74,0.011,33.016896,FALSE
14-11-1996 08:00,34.22,0.0071,20.9919168,FALSE
15-11-1996 08:00,29.05,0.0072,18.071424,FALSE
18-11-1996 08:00,16.07,0.005,6.94224,FALSE
19-11-1996 08:00,14.56,0.0018,2.2643712,FALSE
20-11-1996 08:00,15.56,0.0028,3.7642752,FALSE
21-11-1996 08:00,13.98,0.0077,9.3006144,FALSE
22-11-1996 08:00,13.38,0.0028,3.2368896,FALSE
23-11-1996 08:00,12.8,0.0019,2.101248,FALSE
26-11-1996 08:00,34.47,0.0022,6.5520576,FALSE
27-11-1996 08:00,50.52,0.0076,33.1734528,FALSE
28-11-1996 08:00,30.83,0.0029,7.7247648,FALSE
29-11-1996 08:00,45.34,0.0025,9.79344,FALSE
30-11-1996 08:00,31.98,0.0024,6.6313728,FALSE
02-12-1996 08:00,19.43,0.0025,4.19688,FALSE
03-12-1996 08:00,17.65,0.0038,5.794848,FALSE
04-12-1996 08:00,16.19,0.0052,7.2738432,FALSE
05-12-1996 08:00,14.23,0.0063,7.7456736,FALSE
06-12-1996 08:00,12.33,0.0121,12.8902752,FALSE
07-12-1996 08:00,12.51,0.0078,8.4307392,FALSE
09-12-1996 08:00,17.26,0.0095,14.167008,FALSE
10-12-1996 08:00,14.56,0.0318,40.0038912,FALSE
11-12-1996 08:00,12.56,0.0345,37.438848,FALSE
12-12-1996 08:00,15.66,0.0051,6.9004224,FALSE
13-12-1996 08:00,12.39,0.0036,3.8537856,FALSE
14-12-1996 08:00,33.79,0.0248,72.4025088,FALSE
16-12-1996 08:00,84.92,0.0209,153.3451392,FALSE
17-12-1996 08:00,65.54,0.0124,70.2169344,FALSE
18-12-1996 08:00,47.83,0.0019,7.8517728,FALSE
19-12-1996 08:00,42.03,0.0014,5.0839488,FALSE
20-12-1996 08:00,48.67,0.011,46.255968,FALSE
21-12-1996 08:00,33.45,0.0051,14.739408,FALSE
23-12-1996 08:00,22.09,0.0023,4.3897248,FALSE
24-12-1996 08:00,18.29,0.0014,2.2123584,FALSE
27-12-1996 08:00,14.95,0.0031,4.004208,FALSE
28-12-1996 08:00,14.28,0.003,3.701376,FALSE
30-12-1996 08:00,10.78,0.0019,1.7696448,FALSE
31-12-1996 08:00,10.34,0.0037,3.3054912,FALSE
01-01-1997 08:00,8.815,0.0062,4.7220192,FALSE
02-01-1997 08:00,8.418,0.0022,1.60009344,FALSE
03-01-1997 08:00,8.268,0.002,1.4287104,FALSE
04-01-1997 08:00,7.957,0.0024,1.64996352,FALSE
06-01-1997 08:00,7.608,0.0028,1.84052736,FALSE
07-01-1997 08:00,7.348,0.0051,3.23782272,FALSE
08-01-1997 08:00,5.594,0.003,1.4499648,FALSE
09-01-1997 08:00,5.326,0.0039,1.79464896,FALSE
10-01-1997 08:00,5.239,0.0061,2.76116256,FALSE
11-01-1997 08:00,3.994,0.005,1.725408,FALSE
13-01-1997 08:00,4.144,0.0038,1.36055808,FALSE
14-01-1997 08:00,3.894,0.0019,0.63923904,FALSE
15-01-1997 08:00,3.897,0.0036,1.21212288,FALSE
16-01-1997 08:00,3.879,0.0048,1.60869888,FALSE
17-01-1997 08:00,3.82,0.0032,1.0561536,FALSE
18-01-1997 08:00,3.592,0.0049,1.52070912,FALSE
22-01-1997 08:00,2.332,0.0036,0.72534528,FALSE
24-01-1997 08:00,2.272,0.0053,1.04039424,FALSE
25-01-1997 08:00,2.13,0.004,0.736128,FALSE
27-01-1997 08:00,1.894,0.0033,0.54001728,FALSE
28-01-1997 08:00,1.892,0.0039,0.63752832,FALSE
29-01-1997 08:00,1.522,0.0054,0.71010432,FALSE
30-01-1997 08:00,1.523,0.0037,0.48687264,FALSE
31-01-1997 08:00,1.322,0.0047,0.53683776,FALSE
01-02-1997 08:00,1.239,0.0087,0.93133152,FALSE
03-02-1997 08:00,1.142,0.0064,0.63148032,FALSE
04-02-1997 08:00,1.123,0.0068,0.65978496,FALSE
05-02-1997 08:00,1.001,0.0102,0.88216128,FALSE
06-02-1997 08:00,1.124,0.0072,0.69921792,FALSE
07-02-1997 08:00,1.108,0.0057,0.54566784,FALSE
08-02-1997 08:00,1.127,0.0031,0.30185568,FALSE
10-02-1997 08:00,0.913,0.0057,0.44963424,FALSE
11-02-1997 08:00,0.876,0.0071,0.53737344,FALSE
12-02-1997 08:00,0.613,0.005,0.264816,FALSE
13-02-1997 08:00,0.612,0.005,0.264384,FALSE
14-02-1997 08:00,0.587,0.0048,0.24344064,FALSE
15-02-1997 08:00,0.516,0.0042,0.18724608,FALSE
17-02-1997 08:00,0.409,0.0033,0.11661408,FALSE
18-02-1997 08:00,0.387,0.0031,0.10365408,FALSE
19-02-1997 08:00,0.411,0.0033,0.11718432,FALSE
20-02-1997 08:00,0.334,0.0027,0.07791552,FALSE
21-02-1997 08:00,0.209,0.0017,0.03069792,FALSE
22-02-1997 08:00,0.118,0.001,0.0101952,FALSE
23-02-1997 08:00,0,0,0,TRUE
24-02-1997 08:00,0,0,0,TRUE
25-02-1997 08:00,0,0,0,TRUE
26-02-1997 08:00,0,0,0,TRUE
27-02-1997 08:00,0,0,0,TRUE
28-02-1997 08:00,0,0,0,TRUE
01-03-1997 08:00,0,0,0,TRUE
02-03-1997 08:00,0,0,0,TRUE
03-03-1997 08:00,0,0,0,TRUE
04-03-1997 08:00,0,0,0,TRUE
05-03-1997 08:00,0,0,0,TRUE
06-03-1997 08:00,0,0,0,TRUE
07-03-1997 08:00,0,0,0,TRUE
08-03-1997 08:00,0,0,0,TRUE
09-03-1997 08:00,0,0,0,TRUE
10-03-1997 08:00,0,0,0,TRUE
11-03-1997 08:00,0,0,0,TRUE
12-03-1997 08:00,0,0,0,TRUE
13-03-1997 08:00,0,0,0,TRUE
14-03-1997 08:00,0,0,0,TRUE
15-03-1997 08:00,0,0,0,TRUE
16-03-1997 08:00,0,0,0,TRUE
17-03-1997 08:00,0,0,0,TRUE
18-03-1997 08:00,0,0,0,TRUE
19-03-1997 08:00,0,0,0,TRUE
20-03-1997 08:00,0,0,0,TRUE
21-03-1997 08:00,0,0,0,TRUE
22-03-1997 08:00,0,0,0,TRUE
23-03-1997 08:00,0,0,0,TRUE
24-03-1997 08:00,0,0,0,TRUE
25-03-1997 08:00,1.859,0.0036,0.57822336,FALSE
27-03-1997 08:00,1.592,0.0049,0.67398912,FALSE
29-03-1997 08:00,1.257,0.0031,0.33667488,FALSE
31-03-1997 08:00,1.073,0.0066,0.61186752,FALSE
01-04-1997 08:00,1.856,0.006,0.9621504,FALSE
02-04-1997 08:00,1.994,0.0043,0.74081088,FALSE
03-04-1997 08:00,1.784,0.0048,0.73986048,FALSE
04-04-1997 08:00,0.918,0.0072,0.57106944,FALSE
05-04-1997 08:00,3.527,0.0089,2.71212192,FALSE
07-04-1997 08:00,4.474,0.0124,4.79326464,FALSE
08-04-1997 08:00,4.299,0.0053,1.96859808,FALSE
09-04-1997 08:00,2.341,0.0047,0.95063328,FALSE
10-04-1997 08:00,13.88,0.0096,11.5126272,FALSE
11-04-1997 08:00,13.19,0.0043,4.9003488,FALSE
12-04-1997 08:00,11.27,0.0035,3.408048,FALSE
15-04-1997 08:00,2.93,0.0072,1.8226944,FALSE
16-04-1997 08:00,2.04,0.0089,1.5686784,FALSE
17-04-1997 08:00,1.923,0.0033,0.54828576,FALSE
19-04-1997 08:00,1.891,0.0075,1.225368,FALSE
21-04-1997 08:00,4.205,0.0049,1.7802288,FALSE
22-04-1997 08:00,4.065,0.0055,1.931688,FALSE
23-04-1997 08:00,2.953,0.0046,1.17364032,FALSE
24-04-1997 08:00,2.754,0.0033,0.78522048,FALSE
25-04-1997 08:00,2.63,0.0059,1.3406688,FALSE
26-04-1997 08:00,4.339,0.0027,1.01220192,FALSE
28-04-1997 08:00,3.444,0.0055,1.6365888,FALSE
29-04-1997 08:00,4.785,0.0031,1.2816144,FALSE
30-04-1997 08:00,3.391,0.0039,1.14263136,FALSE
02-05-1997 08:00,8.729,0.0046,3.46925376,FALSE
03-05-1997 08:00,15.1,0.0063,8.219232,FALSE
06-05-1997 08:00,89.73,0.0417,323.2864224,FALSE
07-05-1997 08:00,157.8,0.0586,798.947712,FALSE
08-05-1997 08:00,109.4,0.0277,261.824832,FALSE
09-05-1997 08:00,170.2,0.0511,751.439808,FALSE
10-05-1997 08:00,103.3,0.0145,129.41424,FALSE
12-05-1997 08:00,67,0.0233,134.87904,FALSE
13-05-1997 08:00,42.5,0.0035,12.852,FALSE
14-05-1997 08:00,37.6,0.0092,29.887488,FALSE
15-05-1997 08:00,40.69,0.0084,29.5311744,FALSE
19-05-1997 08:00,23.18,0.0088,17.6242176,FALSE
20-05-1997 08:00,20.94,0.0055,9.950688,FALSE
21-05-1997 08:00,16.83,0.0023,3.3444576,FALSE
23-05-1997 08:00,13.73,0.0025,2.96568,FALSE
24-05-1997 08:00,10.55,0.0018,1.640736,FALSE
26-05-1997 08:00,20.66,0.0025,4.46256,FALSE
27-05-1997 08:00,18.66,0.002,3.224448,FALSE
28-05-1997 08:00,24.55,0.0076,16.120512,FALSE
29-05-1997 08:00,19.42,0.0048,8.0538624,FALSE
30-05-1997 08:00,15.95,0.0028,3.858624,FALSE
31-05-1997 08:00,13.34,0.0027,3.1119552,FALSE
02-06-1997 08:00,14.04,0.0024,2.9113344,FALSE
03-06-1997 08:00,13.57,0.0045,5.276016,FALSE
04-06-1997 08:00,10.78,0.0072,6.7060224,FALSE
05-06-1997 08:00,22.26,0.0056,10.7702784,FALSE
06-06-1997 08:00,15.84,0.0044,6.0217344,FALSE
07-06-1997 08:00,12.5,0.0036,3.888,FALSE
09-06-1997 08:00,41.72,0.0221,79.6618368,FALSE
10-06-1997 08:00,41.31,0.0129,46.0424736,FALSE
11-06-1997 08:00,25.91,0.0041,9.1783584,FALSE
12-06-1997 08:00,27.12,0.0027,6.3265536,FALSE
13-06-1997 08:00,52.27,0.0229,103.4193312,FALSE
14-06-1997 08:00,62.06,0.0337,180.6988608,FALSE
16-06-1997 08:00,39.14,0.0076,25.7008896,FALSE
17-06-1997 08:00,25.76,0.0051,11.3508864,FALSE
18-06-1997 08:00,20.7,0.0088,15.738624,FALSE
19-06-1997 08:00,18.23,0.0039,6.1427808,FALSE
20-06-1997 08:00,16.34,0.0063,8.8941888,FALSE
21-06-1997 08:00,14.82,0.0062,7.9387776,FALSE
23-06-1997 08:00,14.71,0.0052,6.6089088,FALSE
24-06-1997 08:00,23.44,0.008,16.201728,FALSE
25-06-1997 08:00,51.68,0.0218,97.3403136,FALSE
26-06-1997 08:00,58.32,0.0374,188.4529152,FALSE
28-06-1997 08:00,55.44,0.0113,54.1271808,FALSE
30-06-1997 08:00,168.4,0.1286,1871.099136,FALSE
01-07-1997 08:00,322.7,0.0508,1416.369024,FALSE
02-07-1997 08:00,323.4,0.0306,855.017856,FALSE
03-07-1997 08:00,219.9,0.0499,948.068064,FALSE
04-07-1997 08:00,161,0.0616,856.88064,FALSE
05-07-1997 08:00,113,0.0125,122.04,FALSE
07-07-1997 08:00,115.8,0.0595,595.30464,FALSE
08-07-1997 08:00,132.4,0.0176,201.332736,FALSE
09-07-1997 08:00,90.78,0.0199,156.0835008,FALSE
10-07-1997 08:00,123,0.0215,228.4848,FALSE
11-07-1997 08:00,134.9,0.0656,764.591616,FALSE
12-07-1997 08:00,102.2,0.0193,170.420544,FALSE
14-07-1997 08:00,72.31,0.0061,38.1102624,FALSE
15-07-1997 08:00,80.64,0.0141,98.2388736,FALSE
16-07-1997 08:00,67.12,0.0095,55.092096,FALSE
18-07-1997 08:00,137.9,0.0195,232.33392,FALSE
19-07-1997 08:00,292.7,0.0811,2050.960608,FALSE
21-07-1997 08:00,134.9,0.1035,1206.32976,FALSE
22-07-1997 08:00,476.4,0.0807,3321.689472,FALSE
23-07-1997 08:00,374,0.0576,1861.26336,FALSE
24-07-1997 08:00,534.6,0.0435,2009.24064,FALSE
25-07-1997 08:00,570,0.056,2757.888,FALSE
26-07-1997 08:00,410.3,0.0283,1003.232736,FALSE
28-07-1997 08:00,206.4,0.0241,429.774336,FALSE
29-07-1997 08:00,129.1,0.0153,170.659872,FALSE
30-07-1997 08:00,109.6,0.0115,108.89856,FALSE
31-07-1997 08:00,92.36,0.0181,144.4362624,FALSE
01-08-1997 08:00,88.63,0.0299,228.9631968,FALSE
02-08-1997 08:00,129.8,0.0288,322.983936,FALSE
04-08-1997 08:00,257.8,0.034,757.31328,FALSE
05-08-1997 08:00,168.5,0.0125,181.98,FALSE
06-08-1997 08:00,85.38,0.0069,50.9001408,FALSE
07-08-1997 08:00,103.6,0.0196,175.440384,FALSE
08-08-1997 08:00,196,0.0257,435.21408,FALSE
09-08-1997 08:00,190.7,0.014,230.67072,FALSE
11-08-1997 08:00,84.59,0.0083,60.6611808,FALSE
12-08-1997 08:00,61.19,0.0082,43.3518912,FALSE
13-08-1997 08:00,54.12,0.0074,34.6021632,FALSE
14-08-1997 08:00,41.11,0.0114,40.4917056,FALSE
16-08-1997 08:00,34.2,0.0044,13.001472,FALSE
18-08-1997 08:00,25.47,0.0058,12.7635264,FALSE
19-08-1997 08:00,21.44,0.0043,7.9653888,FALSE
20-08-1997 08:00,25.09,0.0062,13.4402112,FALSE
21-08-1997 08:00,35.13,0.0052,15.7832064,FALSE
22-08-1997 08:00,179.5,0.0942,1460.92896,FALSE
23-08-1997 08:00,127.1,0.0207,227.315808,FALSE
25-08-1997 08:00,79.12,0.0063,43.0665984,FALSE
26-08-1997 08:00,68.67,0.0046,27.2922048,FALSE
27-08-1997 08:00,64.77,0.0084,47.0074752,FALSE
28-08-1997 08:00,79.79,0.0103,71.0067168,FALSE
29-08-1997 08:00,208.7,0.0871,1570.559328,FALSE
30-08-1997 08:00,238.1,0.0148,304.463232,FALSE
01-09-1997 08:00,98.15,0.0048,40.704768,FALSE
02-09-1997 08:00,77.92,0.0048,32.3149824,FALSE
03-09-1997 08:00,47.94,0.0041,16.9822656,FALSE
04-09-1997 08:00,48.55,0.0032,13.423104,FALSE
05-09-1997 08:00,37.93,0.0017,5.5711584,FALSE
06-09-1997 08:00,35.86,0.0028,8.6752512,FALSE
08-09-1997 08:00,24.34,0.002,4.205952,FALSE
09-09-1997 08:00,26.01,0.0041,9.2137824,FALSE
10-09-1997 08:00,27.15,0.0035,8.21016,FALSE
11-09-1997 08:00,43.7,0.0055,20.76624,FALSE
12-09-1997 08:00,156.4,0.253,3418.77888,FALSE
13-09-1997 08:00,83.58,0.0151,109.0418112,FALSE
15-09-1997 08:00,79.12,0.0226,154.4928768,FALSE
16-09-1997 08:00,390.6,0.1258,4245.478272,FALSE
17-09-1997 08:00,289.8,0.0255,638.48736,FALSE
18-09-1997 08:00,488.6,0.0608,2566.674432,FALSE
19-09-1997 08:00,449.5,0.0452,1755.42336,FALSE
20-09-1997 08:00,268.2,0.0496,1149.355008,FALSE
22-09-1997 08:00,187.7,0.0327,530.305056,FALSE
23-09-1997 08:00,166.3,0.0493,708.358176,FALSE
24-09-1997 08:00,162.5,0.0324,454.896,FALSE
25-09-1997 08:00,127.9,0.0228,251.952768,FALSE
26-09-1997 08:00,86.57,0.0097,72.5525856,FALSE
27-09-1997 08:00,60.15,0.0119,61.843824,FALSE
29-09-1997 08:00,46.59,0.0049,19.7243424,FALSE
30-09-1997 08:00,35.83,0.0056,17.3359872,FALSE
01-10-1997 08:00,31.85,0.0084,23.115456,FALSE
03-10-1997 08:00,22.62,0.0024,4.6904832,FALSE
04-10-1997 08:00,20.7,0.0012,2.146176,FALSE
06-10-1997 08:00,103.2,0.1269,1131.501312,FALSE
07-10-1997 08:00,75.53,0.0187,122.0323104,FALSE
08-10-1997 08:00,124.4,0.1123,1207.018368,FALSE
09-10-1997 08:00,99.21,0.0882,756.0278208,FALSE
13-10-1997 08:00,53.09,0.0499,228.8901024,FALSE
14-10-1997 08:00,76.48,0.042,277.530624,FALSE
15-10-1997 08:00,74.04,0.0363,232.2131328,FALSE
16-10-1997 08:00,128.6,0.1206,1339.991424,FALSE
17-10-1997 08:00,122.2,0.047,496.22976,FALSE
18-10-1997 08:00,85.62,0.0156,115.4020608,FALSE
20-10-1997 08:00,102.2,0.0387,341.724096,FALSE
21-10-1997 08:00,86.8,0.0181,135.741312,FALSE
22-10-1997 08:00,339,0.1029,3013.89984,FALSE
23-10-1997 08:00,331.8,0.0628,1800.320256,FALSE
24-10-1997 08:00,163.2,0.0244,344.051712,FALSE
25-10-1997 08:00,100.5,0.0501,435.02832,FALSE
27-10-1997 08:00,78.2,0.0305,206.07264,FALSE
28-10-1997 08:00,97.49,0.0387,325.9753632,FALSE
29-10-1997 08:00,161.9,0.0425,594.4968,FALSE
31-10-1997 08:00,368.2,0.0934,2971.285632,FALSE
01-11-1997 08:00,209.8,0.0452,819.327744,FALSE
03-11-1997 08:00,136.5,0.0358,422.21088,FALSE
04-11-1997 08:00,183.5,0.051,808.5744,FALSE
05-11-1997 08:00,122.8,0.0174,184.612608,FALSE
06-11-1997 08:00,115.2,0.0231,229.920768,FALSE
07-11-1997 08:00,94.74,0.0297,243.1104192,FALSE
08-11-1997 08:00,110.9,0.0405,388.06128,FALSE
10-11-1997 08:00,167.7,0.0887,1285.199136,FALSE
11-11-1997 08:00,147.8,0.0333,425.238336,FALSE
12-11-1997 08:00,147.5,0.04,509.76,FALSE
13-11-1997 08:00,103.6,0.0156,139.636224,FALSE
15-11-1997 08:00,53.45,0.0204,94.208832,FALSE
17-11-1997 08:00,83.59,0.0933,673.8290208,FALSE
18-11-1997 08:00,84.07,0.039,283.282272,FALSE
20-11-1997 08:00,46.4,0.0043,17.238528,FALSE
22-11-1997 08:00,45.3,0.0058,22.700736,FALSE
24-11-1997 08:00,82.53,0.0964,687.3890688,FALSE
25-11-1997 08:00,94.29,0.0658,536.0499648,FALSE
26-11-1997 08:00,68.77,0.0166,98.6326848,FALSE
27-11-1997 08:00,97.86,0.0661,558.8823744,FALSE
28-11-1997 08:00,149.4,0.0537,693.168192,FALSE
29-11-1997 08:00,89.16,0.0252,194.1262848,FALSE
01-12-1997 08:00,44.76,0.0089,34.4186496,FALSE
02-12-1997 08:00,39.62,0.0042,14.3773056,FALSE
03-12-1997 08:00,32.13,0.0021,5.8296672,FALSE
04-12-1997 08:00,26.96,0.004,9.317376,FALSE
05-12-1997 08:00,24.18,0.0017,3.5515584,FALSE
06-12-1997 08:00,18.43,0.0056,8.9171712,FALSE
08-12-1997 08:00,24.16,0.0032,6.6797568,FALSE
09-12-1997 08:00,19.18,0.0019,3.1485888,FALSE
10-12-1997 08:00,20,0.0038,6.5664,FALSE
11-12-1997 08:00,24.21,0.0068,14.2238592,FALSE
12-12-1997 08:00,23.5,0.0052,10.55808,FALSE
13-12-1997 08:00,18.86,0.0067,10.9176768,FALSE
15-12-1997 08:00,17.79,0.0065,9.990864,FALSE
16-12-1997 08:00,15.25,0.0034,4.47984,FALSE
18-12-1997 08:00,12.6,0.002,2.17728,FALSE
19-12-1997 08:00,35,0.0101,30.5424,FALSE
20-12-1997 08:00,36.28,0.0322,100.9338624,FALSE
22-12-1997 08:00,18.81,0.0055,8.938512,FALSE
23-12-1997 08:00,18,0.0079,12.28608,FALSE
26-12-1997 08:00,18,0.005,7.776,FALSE
27-12-1997 08:00,15.77,0.0025,3.40632,FALSE
29-12-1997 08:00,11.25,0.0043,4.1796,FALSE
30-12-1997 08:00,10.31,0.0023,2.0488032,FALSE
01-01-1998 08:00,8.149,0.0042,2.95710912,FALSE
02-01-1998 08:00,7.845,0.003,2.033424,FALSE
03-01-1998 08:00,5.894,0.0022,1.12033152,FALSE
05-01-1998 08:00,4.326,0.0038,1.42031232,FALSE
06-01-1998 08:00,4.322,0.003,1.1202624,FALSE
07-01-1998 08:00,3.613,0.004,1.2486528,FALSE
08-01-1998 08:00,3.508,0.004,1.2123648,FALSE
09-01-1998 08:00,4.002,0.0037,1.27935936,FALSE
10-01-1998 08:00,2.771,0.0019,0.45488736,FALSE
12-01-1998 08:00,2.661,0.0023,0.52879392,FALSE
13-01-1998 08:00,2.583,0.0041,0.91500192,FALSE
14-01-1998 08:00,2.73,0.0057,1.3444704,FALSE
15-01-1998 08:00,2.72,0.0046,1.0810368,FALSE
16-01-1998 08:00,2.789,0.0048,1.15665408,FALSE
17-01-1998 08:00,2.536,0.0063,1.38039552,FALSE
19-01-1998 08:00,2.222,0.0043,0.82551744,FALSE
20-01-1998 08:00,2.212,0.004,0.7644672,FALSE
21-01-1998 08:00,2.93,0.0022,0.5569344,FALSE
22-01-1998 08:00,2.741,0.0035,0.8288784,FALSE
23-01-1998 08:00,2.686,0.0051,1.18355904,FALSE
24-01-1998 08:00,3.245,0.006,1.682208,FALSE
28-01-1998 08:00,2.8,0.005,1.2096,FALSE
30-01-1998 08:00,2.2,0.0037,0.703296,FALSE
03-02-1998 08:00,0.805,0.0079,0.5494608,FALSE
04-02-1998 08:00,0.668,0.0065,0.3751488,FALSE
05-02-1998 08:00,0.759,0.0053,0.34756128,FALSE
06-02-1998 08:00,0.674,0.006,0.3494016,FALSE
07-02-1998 08:00,0.619,0.0105,0.5615568,FALSE
20-02-1998 08:00,0,0,0,TRUE
21-02-1998 08:00,0,0,0,TRUE
22-02-1998 08:00,0,0,0,TRUE
23-02-1998 08:00,0,0,0,TRUE
24-02-1998 08:00,0,0,0,TRUE
25-02-1998 08:00,0,0,0,TRUE
26-02-1998 08:00,0,0,0,TRUE
27-02-1998 08:00,0,0,0,TRUE
28-02-1998 08:00,0,0,0,TRUE
01-03-1998 08:00,0,0,0,TRUE
02-03-1998 08:00,0,0,0,TRUE
03-03-1998 08:00,0,0,0,TRUE
04-03-1998 08:00,0,0,0,TRUE
05-03-1998 08:00,0,0,0,TRUE
06-03-1998 08:00,0,0,0,TRUE
07-03-1998 08:00,0,0,0,TRUE
08-03-1998 08:00,0,0,0,TRUE
09-03-1998 08:00,0,0,0,TRUE
10-03-1998 08:00,0,0,0,TRUE
11-03-1998 08:00,0,0,0,TRUE
12-03-1998 08:00,0,0,0,TRUE
13-03-1998 08:00,0,0,0,TRUE
14-03-1998 08:00,0,0,0,TRUE
15-03-1998 08:00,0,0,0,TRUE
16-03-1998 08:00,0,0,0,TRUE
17-03-1998 08:00,0,0,0,TRUE
18-03-1998 08:00,0,0,0,TRUE
19-03-1998 08:00,0,0,0,TRUE
20-03-1998 08:00,0,0,0,TRUE
21-03-1998 08:00,0,0,0,TRUE
22-03-1998 08:00,0,0,0,TRUE
23-03-1998 08:00,0,0,0,TRUE
24-03-1998 08:00,0,0,0,TRUE
25-03-1998 08:00,0,0,0,TRUE
26-03-1998 08:00,0,0,0,TRUE
27-03-1998 08:00,0,0,0,TRUE
28-03-1998 08:00,0,0,0,TRUE
29-03-1998 08:00,0,0,0,TRUE
30-03-1998 08:00,0,0,0,TRUE
31-03-1998 08:00,0,0,0,TRUE
01-04-1998 08:00,0,0,0,TRUE
02-04-1998 08:00,0,0,0,TRUE
03-04-1998 08:00,0,0,0,TRUE
04-04-1998 08:00,0,0,0,TRUE
05-04-1998 08:00,0,0,0,TRUE
06-04-1998 08:00,0,0,0,TRUE
07-04-1998 08:00,0,0,0,TRUE
08-04-1998 08:00,0,0,0,TRUE
09-04-1998 08:00,0,0,0,TRUE
10-04-1998 08:00,0,0,0,TRUE
11-04-1998 08:00,0,0,0,TRUE
12-04-1998 08:00,0,0,0,TRUE
13-04-1998 08:00,0,0,0,TRUE
14-04-1998 08:00,0,0,0,TRUE
15-04-1998 08:00,0,0,0,TRUE
16-04-1998 08:00,0,0,0,TRUE
17-04-1998 08:00,0,0,0,TRUE
18-04-1998 08:00,2.641,0.0066,1.50600384,FALSE
20-04-1998 08:00,2.017,0.0077,1.34186976,FALSE
21-04-1998 08:00,2.008,0.0059,1.02359808,FALSE
22-04-1998 08:00,1.692,0.0055,0.8040384,FALSE
24-04-1998 08:00,1.194,0.0051,0.52612416,FALSE
25-04-1998 08:00,10.1,0.0225,19.6344,FALSE
27-04-1998 08:00,11.8,0.0123,12.540096,FALSE
28-04-1998 08:00,15.55,0.0067,9.001584,FALSE
29-04-1998 08:00,12.38,0.0095,10.161504,FALSE
30-04-1998 08:00,9.402,0.0102,8.28579456,FALSE
01-05-1998 08:00,6.894,0.0101,6.01598016,FALSE
02-05-1998 08:00,6.466,0.0038,2.12291712,FALSE
04-05-1998 08:00,17.1,0.0162,23.934528,FALSE
05-05-1998 08:00,27.43,0.0151,35.7862752,FALSE
06-05-1998 08:00,18.88,0.0102,16.6385664,FALSE
08-05-1998 08:00,10.45,0.0122,11.015136,FALSE
09-05-1998 08:00,7.372,0.0074,4.71336192,FALSE
12-05-1998 08:00,71.13,0.0479,294.3757728,FALSE
13-05-1998 08:00,43.87,0.0159,60.2668512,FALSE
14-05-1998 08:00,31.99,0.0118,32.6144448,FALSE
15-05-1998 08:00,29.07,0.0136,34.1584128,FALSE
16-05-1998 08:00,43.16,0.017,63.393408,FALSE
18-05-1998 08:00,23.38,0.0045,9.090144,FALSE
19-05-1998 08:00,17.77,0.0068,10.4402304,FALSE
20-05-1998 08:00,14.33,0.0051,6.3143712,FALSE
21-05-1998 08:00,11.92,0.0035,3.604608,FALSE
22-05-1998 08:00,10.62,0.0069,6.3312192,FALSE
23-05-1998 08:00,6.571,0.0107,6.07475808,FALSE
25-05-1998 08:00,5.764,0.0054,2.68925184,FALSE
30-05-1998 08:00,1.92,0.0106,1.7584128,FALSE
01-06-1998 08:00,1.634,0.0125,1.76472,FALSE
02-06-1998 08:00,16.14,0.0347,48.3890112,FALSE
03-06-1998 08:00,10.78,0.0128,11.9218176,FALSE
04-06-1998 08:00,7.048,0.0081,4.93247232,FALSE
05-06-1998 08:00,6.556,0.0031,1.75595904,FALSE
06-06-1998 08:00,5.95,0.0102,5.243616,FALSE
08-06-1998 08:00,10.86,0.0079,7.4126016,FALSE
09-06-1998 08:00,9.583,0.0072,5.96139264,FALSE
10-06-1998 08:00,9.654,0.0052,4.33734912,FALSE
11-06-1998 08:00,18.64,0.0084,13.5281664,FALSE
12-06-1998 08:00,35.75,0.0089,27.49032,FALSE
13-06-1998 08:00,36.37,0.0055,17.283024,FALSE
15-06-1998 08:00,39.02,0.0061,20.5651008,FALSE
16-06-1998 08:00,42.69,0.0061,22.4993376,FALSE
17-06-1998 08:00,52,0.0196,88.05888,FALSE
18-06-1998 08:00,64.63,0.0182,101.6293824,FALSE
19-06-1998 08:00,72.87,0.0079,49.7381472,FALSE
20-06-1998 08:00,65.2,0.0101,56.896128,FALSE
22-06-1998 08:00,44.22,0.0054,20.6312832,FALSE
23-06-1998 08:00,53.84,0.0111,51.6347136,FALSE
24-06-1998 08:00,90.15,0.0151,117.613296,FALSE
25-06-1998 08:00,104.3,0.0183,164.910816,FALSE
26-06-1998 08:00,186.7,0.0305,491.99184,FALSE
27-06-1998 08:00,218.1,0.0513,966.688992,FALSE
29-06-1998 08:00,558.5,0.0628,3030.37632,FALSE
30-06-1998 08:00,418.2,0.0308,1112.880384,FALSE
01-07-1998 08:00,242.6,0.0366,767.159424,FALSE
02-07-1998 08:00,181.2,0.0127,198.827136,FALSE
03-07-1998 08:00,120.9,0.0125,130.572,FALSE
04-07-1998 08:00,140.1,0.028,338.92992,FALSE
06-07-1998 08:00,74.52,0.0107,68.8922496,FALSE
07-07-1998 08:00,52.32,0.0059,26.6706432,FALSE
09-07-1998 08:00,41.49,0.0039,13.9804704,FALSE
10-07-1998 08:00,54.89,0.0163,77.3026848,FALSE
11-07-1998 08:00,54.33,0.0071,33.3281952,FALSE
13-07-1998 08:00,439.2,0.05,1897.344,FALSE
14-07-1998 08:00,252.6,0.0104,226.976256,FALSE
15-07-1998 08:00,204,0.0074,130.42944,FALSE
16-07-1998 08:00,183.1,0.0072,113.902848,FALSE
17-07-1998 08:00,156.8,0.029,392.87808,FALSE
18-07-1998 08:00,203.3,0.0444,779.891328,FALSE
20-07-1998 08:00,215.9,0.0166,309.652416,FALSE
21-07-1998 08:00,183.6,0.01,158.6304,FALSE
22-07-1998 08:00,129,0.0057,63.52992,FALSE
23-07-1998 08:00,96.82,0.0055,46.008864,FALSE
24-07-1998 08:00,67.69,0.0092,53.8054272,FALSE
25-07-1998 08:00,143.2,0.0145,179.40096,FALSE
27-07-1998 08:00,129.7,0.0059,66.115872,FALSE
28-07-1998 08:00,106.9,0.0058,53.569728,FALSE
29-07-1998 08:00,143.8,0.029,360.30528,FALSE
30-07-1998 08:00,128.9,0.0051,56.798496,FALSE
31-07-1998 08:00,126.8,0.0107,117.224064,FALSE
01-08-1998 08:00,145.7,0.0151,190.086048,FALSE
03-08-1998 08:00,134.5,0.0311,361.40688,FALSE
04-08-1998 08:00,107.8,0.0058,54.020736,FALSE
05-08-1998 08:00,105.4,0.0076,69.209856,FALSE
06-08-1998 08:00,98.88,0.0098,83.7236736,FALSE
07-08-1998 08:00,76.1,0.0027,17.752608,FALSE
08-08-1998 08:00,108.2,0.0111,103.768128,FALSE
10-08-1998 08:00,110.4,0.0136,129.724416,FALSE
13-08-1998 08:00,336.2,0.0157,456.048576,FALSE
14-08-1998 08:00,161.4,0.0071,99.009216,FALSE
17-08-1998 08:00,136.3,0.0276,325.026432,FALSE
18-08-1998 08:00,104.8,0.0232,210.069504,FALSE
19-08-1998 08:00,156.5,0.0404,546.27264,FALSE
20-08-1998 08:00,143.3,0.0385,476.67312,FALSE
21-08-1998 08:00,113.1,0.0166,162.212544,FALSE
22-08-1998 08:00,145.8,0.03,377.9136,FALSE
24-08-1998 08:00,308.7,0.0222,592.111296,FALSE
25-08-1998 08:00,334.8,0.0174,503.324928,FALSE
26-08-1998 08:00,211.6,0.0143,261.436032,FALSE
27-08-1998 08:00,131,0.0078,88.28352,FALSE
28-08-1998 08:00,72.27,0.0044,27.4741632,FALSE
29-08-1998 08:00,50.51,0.0032,13.9650048,FALSE
31-08-1998 08:00,40.91,0.0049,17.3196576,FALSE
02-09-1998 08:00,144.6,0.0199,248.619456,FALSE
03-09-1998 08:00,95.6,0.0173,142.895232,FALSE
05-09-1998 08:00,118.4,0.0317,324.283392,FALSE
08-09-1998 08:00,128,0.0184,203.48928,FALSE
09-09-1998 08:00,420.5,0.0591,2147.17392,FALSE
10-09-1998 08:00,454,0.0208,815.89248,FALSE
11-09-1998 08:00,245.1,0.0155,328.23792,FALSE
12-09-1998 08:00,144.4,0.0063,78.599808,FALSE
14-09-1998 08:00,197.8,0.0426,728.030592,FALSE
15-09-1998 08:00,230,0.0288,572.3136,FALSE
16-09-1998 08:00,182.8,0.0183,289.028736,FALSE
17-09-1998 08:00,169,0.025,365.04,FALSE
18-09-1998 08:00,132,0.0107,122.03136,FALSE
19-09-1998 08:00,78.58,0.0047,31.9097664,FALSE
21-09-1998 08:00,50.95,0.0099,43.580592,FALSE
22-09-1998 08:00,42.97,0.0135,50.120208,FALSE
23-09-1998 08:00,130.9,0.0726,821.088576,FALSE
24-09-1998 08:00,221.4,0.0822,1572.400512,FALSE
25-09-1998 08:00,155.3,0.0441,591.730272,FALSE
26-09-1998 08:00,118,0.0236,240.60672,FALSE
28-09-1998 08:00,67.25,0.0102,59.26608,FALSE
29-09-1998 08:00,104.4,0.0654,589.918464,FALSE
30-09-1998 08:00,179.5,0.038,589.3344,FALSE
03-10-1998 08:00,73.05,0.0218,137.591136,FALSE
05-10-1998 08:00,50.87,0.0122,53.6210496,FALSE
06-10-1998 08:00,46.21,0.0101,40.3246944,FALSE
08-10-1998 08:00,35.15,0.0116,35.228736,FALSE
09-10-1998 08:00,47.97,0.0114,47.2485312,FALSE
10-10-1998 08:00,153.6,0.07,928.9728,FALSE
12-10-1998 08:00,532,0.0437,2008.66176,FALSE
13-10-1998 08:00,442.9,0.0339,1297.236384,FALSE
15-10-1998 08:00,317.1,0.0233,638.360352,FALSE
16-10-1998 08:00,219.4,0.0256,485.277696,FALSE
17-10-1998 08:00,127.1,0.0136,149.347584,FALSE
20-10-1998 08:00,47.96,0.0092,38.1224448,FALSE
21-10-1998 08:00,38.68,0.0184,61.4919168,FALSE
22-10-1998 08:00,38.83,0.0042,14.0906304,FALSE
23-10-1998 08:00,30.31,0.0026,6.8088384,FALSE
24-10-1998 08:00,23.3,0.0026,5.234112,FALSE
26-10-1998 08:00,22.49,0.0071,13.7962656,FALSE
27-10-1998 08:00,44.2,0.0077,29.405376,FALSE
28-10-1998 08:00,91.37,0.0696,549.4480128,FALSE
29-10-1998 08:00,280,0.1366,3304.6272,FALSE
30-10-1998 08:00,179.8,0.05,776.736,FALSE
31-10-1998 08:00,114.7,0.0166,164.507328,FALSE
02-11-1998 08:00,67.68,0.0236,138.0022272,FALSE
03-11-1998 08:00,48.44,0.0165,69.056064,FALSE
05-11-1998 08:00,94.23,0.08,651.31776,FALSE
06-11-1998 08:00,94.58,0.027,220.636224,FALSE
07-11-1998 08:00,77.23,0.0407,271.5777504,FALSE
09-11-1998 08:00,85.17,0.0671,493.7679648,FALSE
10-11-1998 08:00,175,0.1517,2293.704,FALSE
11-11-1998 08:00,151.3,0.0288,376.482816,FALSE
12-11-1998 08:00,96.38,0.0243,202.3517376,FALSE
13-11-1998 08:00,66.01,0.0141,80.4160224,FALSE
14-11-1998 08:00,67.41,0.0122,71.0555328,FALSE
16-11-1998 08:00,37.22,0.0173,55.6334784,FALSE
17-11-1998 08:00,39.37,0.0069,23.4708192,FALSE
18-11-1998 08:00,29.96,0.0058,15.0135552,FALSE
19-11-1998 08:00,24.79,0.0037,7.9248672,FALSE
20-11-1998 08:00,23.21,0.002,4.010688,FALSE
21-11-1998 08:00,19.86,0.0039,6.6920256,FALSE
23-11-1998 08:00,17.12,0.0018,2.6625024,FALSE
24-11-1998 08:00,15.38,0.0016,2.1261312,FALSE
25-11-1998 08:00,14.51,0.003,3.760992,FALSE
26-11-1998 08:00,13.17,0.009,10.240992,FALSE
27-11-1998 08:00,13.18,0.0079,8.9961408,FALSE
28-11-1998 08:00,11.77,0.0081,8.2371168,FALSE
30-11-1998 08:00,10.35,0.0093,8.316432,FALSE
01-12-1998 08:00,11.4,0.0069,6.796224,FALSE
02-12-1998 08:00,16.19,0.0067,9.3720672,FALSE
03-12-1998 08:00,12.3,0.0039,4.144608,FALSE
04-12-1998 08:00,10.95,0.0037,3.500496,FALSE
05-12-1998 08:00,9.917,0.0037,3.17026656,FALSE
07-12-1998 08:00,9.59,0.0046,3.8114496,FALSE
08-12-1998 08:00,8.489,0.0047,3.44721312,FALSE
09-12-1998 08:00,8.708,0.004,3.0094848,FALSE
10-12-1998 08:00,8.604,0.0044,3.27089664,FALSE
11-12-1998 08:00,8.512,0.0037,2.72111616,FALSE
12-12-1998 08:00,9.851,0.0069,5.87277216,FALSE
14-12-1998 08:00,13.05,0.0123,13.868496,FALSE
15-12-1998 08:00,11.71,0.0073,7.3857312,FALSE
16-12-1998 08:00,9.949,0.014,12.0343104,FALSE
17-12-1998 08:00,9.985,0.0077,6.6428208,FALSE
18-12-1998 08:00,10.74,0.006,5.567616,FALSE
19-12-1998 08:00,7.788,0.0097,6.52696704,FALSE
26-12-1998 08:00,7.302,0.0023,1.45105344,FALSE
28-12-1998 08:00,6.627,0.0133,7.61521824,FALSE
29-12-1998 08:00,5.574,0.0041,1.97453376,FALSE
30-12-1998 08:00,5.591,0.0078,3.76788672,FALSE
01-01-1999 08:00,4.389,0.0032,1.21347072,FALSE
02-01-1999 08:00,3.806,0.0051,1.67707584,FALSE
04-01-1999 08:00,3.44,0.005,1.48608,FALSE
05-01-1999 08:00,3.177,0.0032,0.87837696,FALSE
06-01-1999 08:00,2.648,0.0052,1.18969344,FALSE
07-01-1999 08:00,2.705,0.0024,0.5609088,FALSE
08-01-1999 08:00,2.674,0.0029,0.66999744,FALSE
09-01-1999 08:00,2.65,0.0102,2.335392,FALSE
11-01-1999 08:00,2.572,0.0073,1.62221184,FALSE
12-01-1999 08:00,2.815,0.0071,1.7268336,FALSE
13-01-1999 08:00,2.696,0.0109,2.53898496,FALSE
14-01-1999 08:00,2.615,0.0052,1.1748672,FALSE
15-01-1999 08:00,2.598,0.0032,0.71829504,FALSE
16-01-1999 08:00,2.414,0.0063,1.31398848,FALSE
18-01-1999 08:00,1.501,0.0079,1.02452256,FALSE
20-01-1999 08:00,1.329,0.0157,1.80276192,FALSE
21-01-1999 08:00,0.988,0.0041,0.34998912,FALSE
22-01-1999 08:00,0.977,0.0024,0.20259072,FALSE
23-01-1999 08:00,0.93,0.0104,0.8356608,FALSE
25-01-1999 08:00,1.011,0.0087,0.75994848,FALSE
27-01-1999 08:00,0.828,0.0072,0.51508224,FALSE
28-01-1999 08:00,0.771,0.012,0.7993728,FALSE
29-01-1999 08:00,0.738,0.0031,0.19766592,FALSE
30-01-1999 08:00,0.725,0.0063,0.394632,FALSE
01-02-1999 08:00,0.747,0.0065,0.4195152,FALSE
02-02-1999 08:00,0.63,0.0055,0.299376,FALSE
03-02-1999 08:00,0.51,0.0044,0.1938816,FALSE
04-02-1999 08:00,0.575,0.0045,0.22356,FALSE
05-02-1999 08:00,0.48,0.0042,0.1741824,FALSE
06-02-1999 08:00,0.466,0.004,0.1610496,FALSE
08-02-1999 08:00,3.896,0.0053,1.78405632,FALSE
09-02-1999 08:00,5.63,0.0069,3.3563808,FALSE
10-02-1999 08:00,12.37,0.0059,6.3057312,FALSE
11-02-1999 08:00,46.51,0.0153,61.4824992,FALSE
12-02-1999 08:00,26.06,0.0064,14.4101376,FALSE
13-02-1999 08:00,19.55,0.0051,8.614512,FALSE
15-02-1999 08:00,7.162,0.0065,4.0221792,FALSE
16-02-1999 08:00,5.487,0.0064,3.03409152,FALSE
17-02-1999 08:00,5.402,0.0052,2.42701056,FALSE
18-02-1999 08:00,4.655,0.0041,1.6489872,FALSE
19-02-1999 08:00,4.257,0.0101,3.71482848,FALSE
20-02-1999 08:00,3.005,0.0026,0.6750432,FALSE
22-02-1999 08:00,2.575,0.0026,0.578448,FALSE
23-02-1999 08:00,2.015,0.0041,0.7137936,FALSE
24-02-1999 08:00,1.734,0.0026,0.38952576,FALSE
25-02-1999 08:00,1.651,0.0089,1.26955296,FALSE
26-02-1999 08:00,1.654,0.0077,1.10037312,FALSE
27-02-1999 08:00,1.467,0.006,0.7604928,FALSE
01-03-1999 08:00,1.295,0.0059,0.6601392,FALSE
02-03-1999 08:00,1.026,0.016,1.4183424,FALSE
03-03-1999 08:00,0.977,0.0138,1.16489664,FALSE
04-03-1999 08:00,0.74,0.0105,0.671328,FALSE
05-03-1999 08:00,0.68,0.0096,0.5640192,FALSE
06-03-1999 08:00,0.628,0.0088,0.47748096,FALSE
08-03-1999 08:00,0.642,0.0091,0.50476608,FALSE
09-03-1999 08:00,0.642,0.0091,0.50476608,FALSE
10-03-1999 08:00,0.591,0.0083,0.42381792,FALSE
11-03-1999 08:00,0.551,0.0077,0.36656928,FALSE
12-03-1999 08:00,0.56,0.0079,0.3822336,FALSE
13-03-1999 08:00,0.537,0.0075,0.347976,FALSE
15-03-1999 08:00,0.566,0.0079,0.38632896,FALSE
16-03-1999 08:00,0.535,0.0075,0.34668,FALSE
17-03-1999 08:00,0.728,0.0102,0.64157184,FALSE
18-03-1999 08:00,0.727,0.0102,0.64069056,FALSE
19-03-1999 08:00,0.611,0.0086,0.45399744,FALSE
20-03-1999 08:00,0.555,0.0078,0.3740256,FALSE
22-03-1999 08:00,0.487,0.0068,0.28612224,FALSE
23-03-1999 08:00,0.468,0.0066,0.26687232,FALSE
24-03-1999 08:00,0.392,0.0055,0.1862784,FALSE
26-03-1999 08:00,0.315,0.0044,0.1197504,FALSE
27-03-1999 08:00,0.297,0.0042,0.10777536,FALSE
30-03-1999 08:00,0.211,0.003,0.0546912,FALSE
31-03-1999 08:00,0.165,0.0023,0.0327888,FALSE
01-04-1999 08:00,0,0,0,TRUE
02-04-1999 08:00,0,0,0,TRUE
03-04-1999 08:00,0,0,0,TRUE
04-04-1999 08:00,0,0,0,TRUE
05-04-1999 08:00,0,0,0,TRUE
06-04-1999 08:00,0,0,0,TRUE
07-04-1999 08:00,14.3,0.0135,16.67952,FALSE
09-04-1999 08:00,4.54,0.0189,7.4136384,FALSE
10-04-1999 08:00,4.19,0.0099,3.5839584,FALSE
12-04-1999 08:00,2.022,0.0026,0.45422208,FALSE
13-04-1999 08:00,1.794,0.0133,2.06152128,FALSE
16-04-1999 08:00,6.858,0.0157,9.30273984,FALSE
17-04-1999 08:00,4.333,0.0104,3.89346048,FALSE
19-04-1999 08:00,2.318,0.017,3.4046784,FALSE
20-04-1999 08:00,5.972,0.0058,2.99268864,FALSE
21-04-1999 08:00,7.7,0.0073,4.856544,FALSE
22-04-1999 08:00,6.891,0.0079,4.70352096,FALSE
23-04-1999 08:00,6.815,0.005,2.94408,FALSE
24-04-1999 08:00,11.34,0.0115,11.267424,FALSE
26-04-1999 08:00,85.74,0.0637,471.8855232,FALSE
28-04-1999 08:00,44.65,0.0162,62.495712,FALSE
29-04-1999 08:00,29.49,0.0087,22.1670432,FALSE
01-05-1999 08:00,18.29,0.0033,5.2148448,FALSE
03-05-1999 08:00,11.8,0.0137,13.967424,FALSE
04-05-1999 08:00,10.36,0.0127,11.3678208,FALSE
05-05-1999 08:00,8.904,0.0086,6.61602816,FALSE
06-05-1999 08:00,21.82,0.0029,5.4672192,FALSE
07-05-1999 08:00,16.63,0.0046,6.6094272,FALSE
08-05-1999 08:00,17.69,0.0053,8.1006048,FALSE
10-05-1999 08:00,15.09,0.0086,11.2124736,FALSE
12-05-1999 08:00,11.8,0.0041,4.180032,FALSE
13-05-1999 08:00,11.04,0.0137,13.0678272,FALSE
14-05-1999 08:00,11.19,0.0091,8.7980256,FALSE
15-05-1999 08:00,10.6,0.013,11.90592,FALSE
19-05-1999 08:00,10.51,0.0096,8.7174144,FALSE
20-05-1999 08:00,10.51,0.0158,14.3474112,FALSE
21-05-1999 08:00,15.66,0.0133,17.9952192,FALSE
24-05-1999 08:00,91.52,0.0242,191.3573376,FALSE
25-05-1999 08:00,198.4,0.0344,589.676544,FALSE
26-05-1999 08:00,371.4,0.0482,1546.687872,FALSE
27-05-1999 08:00,367.8,0.0232,737.247744,FALSE
29-05-1999 08:00,282.1,0.0112,272.982528,FALSE
31-05-1999 08:00,364.4,0.0465,1464.01344,FALSE
01-06-1999 08:00,256.6,0.0174,385.762176,FALSE
02-06-1999 08:00,151.6,0.0076,99.546624,FALSE
03-06-1999 08:00,113.7,0.0128,125.743104,FALSE
04-06-1999 08:00,99.16,0.0075,64.25568,FALSE
05-06-1999 08:00,64.04,0.008,44.264448,FALSE
07-06-1999 08:00,492.5,0.0961,4089.2472,FALSE
08-06-1999 08:00,534.4,0.0338,1560.619008,FALSE
09-06-1999 08:00,428.1,0.0254,939.491136,FALSE
10-06-1999 08:00,345.8,0.0281,839.547072,FALSE
11-06-1999 08:00,238,0.0452,929.45664,FALSE
12-06-1999 08:00,223.8,0.0703,1359.343296,FALSE
14-06-1999 08:00,255,0.0473,1042.1136,FALSE
15-06-1999 08:00,209,0.0551,994.97376,FALSE
16-06-1999 08:00,216.2,0.0418,780.810624,FALSE
17-06-1999 08:00,161.9,0.0239,334.317024,FALSE
18-06-1999 08:00,133.7,0.0407,470.153376,FALSE
19-06-1999 08:00,113.8,0.016,157.31712,FALSE
21-06-1999 08:00,131.5,0.0204,231.77664,FALSE
22-06-1999 08:00,109.4,0.0134,126.658944,FALSE
23-06-1999 08:00,81.84,0.0091,64.3458816,FALSE
24-06-1999 08:00,60.97,0.0064,33.7139712,FALSE
25-06-1999 08:00,42.98,0.0075,27.85104,FALSE
28-06-1999 08:00,26.02,0.003,6.744384,FALSE
29-06-1999 08:00,22.48,0.002,3.884544,FALSE
30-06-1999 08:00,19.81,0.0043,7.3598112,FALSE
01-07-1999 08:00,17.45,0.0027,4.070736,FALSE
02-07-1999 08:00,16.01,0.0022,3.0431808,FALSE
03-07-1999 08:00,16.71,0.0035,5.053104,FALSE
05-07-1999 08:00,35.58,0.021,64.556352,FALSE
06-07-1999 08:00,48.08,0.0124,51.5109888,FALSE
07-07-1999 08:00,64.75,0.0129,72.16776,FALSE
08-07-1999 08:00,52.26,0.0066,29.8007424,FALSE
09-07-1999 08:00,215.3,0.0423,786.861216,FALSE
10-07-1999 08:00,158.4,0.0102,139.594752,FALSE
12-07-1999 08:00,91.45,0.0085,67.16088,FALSE
13-07-1999 08:00,65.58,0.0096,54.3946752,FALSE
14-07-1999 08:00,48.05,0.0075,31.1364,FALSE
15-07-1999 08:00,39.68,0.0095,32.569344,FALSE
16-07-1999 08:00,48.36,0.0038,15.8775552,FALSE
17-07-1999 08:00,106.2,0.0559,512.920512,FALSE
19-07-1999 08:00,225.9,0.0558,1089.091008,FALSE
20-07-1999 08:00,210.5,0.0233,423.76176,FALSE
21-07-1999 08:00,120.1,0.0142,147.348288,FALSE
22-07-1999 08:00,106.9,0.019,175.48704,FALSE
23-07-1999 08:00,114.2,0.0136,134.189568,FALSE
24-07-1999 08:00,108.4,0.0225,210.7296,FALSE
26-07-1999 08:00,103.5,0.0208,186.00192,FALSE
27-07-1999 08:00,111.5,0.0124,119.45664,FALSE
28-07-1999 08:00,97.61,0.0147,123.9725088,FALSE
29-07-1999 08:00,81.27,0.0118,82.8563904,FALSE
30-07-1999 08:00,105.2,0.0118,107.253504,FALSE
31-07-1999 08:00,117.4,0.012,121.72032,FALSE
02-08-1999 08:00,214,0.0178,329.11488,FALSE
03-08-1999 08:00,164.7,0.0121,172.183968,FALSE
04-08-1999 08:00,112.2,0.0073,70.766784,FALSE
05-08-1999 08:00,93.71,0.0043,34.8151392,FALSE
06-08-1999 08:00,122.2,0.0165,174.20832,FALSE
07-08-1999 08:00,87.84,0.0124,94.1082624,FALSE
09-08-1999 08:00,45.54,0.0047,18.4928832,FALSE
10-08-1999 08:00,47.96,0.0105,43.509312,FALSE
11-08-1999 08:00,44.28,0.0066,25.2502272,FALSE
12-08-1999 08:00,43.72,0.0046,17.3760768,FALSE
13-08-1999 08:00,39.57,0.0072,24.6157056,FALSE
14-08-1999 08:00,35.13,0.0105,31.869936,FALSE
17-08-1999 08:00,48.77,0.0154,64.8914112,FALSE
18-08-1999 08:00,38.29,0.0121,40.0298976,FALSE
19-08-1999 08:00,46.7,0.0104,41.962752,FALSE
20-08-1999 08:00,32.95,0.0031,8.825328,FALSE
21-08-1999 08:00,34.25,0.0026,7.69392,FALSE
23-08-1999 08:00,22.19,0.0029,5.5599264,FALSE
24-08-1999 08:00,21.02,0.0025,4.54032,FALSE
26-08-1999 08:00,22.78,0.0043,8.4632256,FALSE
27-08-1999 08:00,34.54,0.0055,16.413408,FALSE
28-08-1999 08:00,34.01,0.0084,24.6830976,FALSE
30-08-1999 08:00,24.27,0.0036,7.5489408,FALSE
31-08-1999 08:00,23.58,0.0035,7.130592,FALSE
01-09-1999 08:00,22.07,0.0065,12.394512,FALSE
02-09-1999 08:00,22.33,0.0046,8.8748352,FALSE
04-09-1999 08:00,44.23,0.0169,64.5828768,FALSE
06-09-1999 08:00,36.93,0.0049,15.6346848,FALSE
07-09-1999 08:00,48.57,0.0037,15.5268576,FALSE
08-09-1999 08:00,37.51,0.0021,6.8058144,FALSE
09-09-1999 08:00,32.17,0.0026,7.2266688,FALSE
10-09-1999 08:00,24.27,0.0037,7.7586336,FALSE
13-09-1999 08:00,19.9,0.0032,5.501952,FALSE
14-09-1999 08:00,19.22,0.0026,4.3175808,FALSE
15-09-1999 08:00,18.3,0.0032,5.059584,FALSE
17-09-1999 08:00,15.23,0.0024,3.1580928,FALSE
18-09-1999 08:00,11.84,0.0064,6.5470464,FALSE
20-09-1999 08:00,8.676,0.0086,6.44661504,FALSE
21-09-1999 08:00,8.662,0.0042,3.14326656,FALSE
24-09-1999 08:00,6.932,0.0071,4.25236608,FALSE
25-09-1999 08:00,8.397,0.0026,1.88630208,FALSE
27-09-1999 08:00,8.698,0.0063,4.73449536,FALSE
28-09-1999 08:00,16.07,0.0061,8.4695328,FALSE
29-09-1999 08:00,92.48,0.0413,329.9982336,FALSE
30-09-1999 08:00,47.36,0.0331,135.4420224,FALSE
01-10-1999 08:00,39.15,0.0179,60.547824,FALSE
04-10-1999 08:00,49.42,0.0267,114.0060096,FALSE
05-10-1999 08:00,85.13,0.0215,158.137488,FALSE
07-10-1999 08:00,82.11,0.0388,275.2589952,FALSE
08-10-1999 08:00,116.8,0.0192,193.757184,FALSE
09-10-1999 08:00,164.1,0.0261,370.052064,FALSE
11-10-1999 08:00,93.7,0.0236,191.058048,FALSE
12-10-1999 08:00,72.1,0.0143,89.080992,FALSE
13-10-1999 08:00,52.76,0.0045,20.513088,FALSE
14-10-1999 08:00,170.8,0.0448,661.118976,FALSE
15-10-1999 08:00,122,0.0228,240.33024,FALSE
16-10-1999 08:00,102.9,0.0174,154.695744,FALSE
18-10-1999 08:00,363.5,0.0424,1331.63136,FALSE
19-10-1999 08:00,287.3,0.0123,305.319456,FALSE
21-10-1999 08:00,373.6,0.0218,703.683072,FALSE
26-10-1999 08:00,220,0.061,1159.488,FALSE
27-10-1999 08:00,214.8,0.0643,1193.325696,FALSE
28-10-1999 08:00,158.8,0.0426,584.485632,FALSE
29-10-1999 08:00,145.2,0.0393,493.029504,FALSE
30-10-1999 08:00,176.7,0.0251,383.198688,FALSE
02-11-1999 08:00,64.74,0.0145,81.106272,FALSE
03-11-1999 08:00,38.81,0.0109,36.5497056,FALSE
04-11-1999 08:00,47.39,0.0067,27.4331232,FALSE
05-11-1999 08:00,32.76,0.0062,17.5488768,FALSE
08-11-1999 08:00,21.8,0.0058,10.924416,FALSE
10-11-1999 08:00,19.77,0.0052,8.8822656,FALSE
11-11-1999 08:00,17.83,0.0048,7.3944576,FALSE
12-11-1999 08:00,17.28,0.002,2.985984,FALSE
15-11-1999 08:00,11.23,0.0012,1.1643264,FALSE
17-11-1999 08:00,6.388,0.0017,0.93826944,FALSE
18-11-1999 08:00,10.93,0.0044,4.1551488,FALSE
19-11-1999 08:00,10.85,0.0034,3.187296,FALSE
20-11-1999 08:00,12.74,0.0017,1.8712512,FALSE
22-11-1999 08:00,35.93,0.0133,41.2878816,FALSE
24-11-1999 08:00,44.63,0.0061,23.5217952,FALSE
25-11-1999 08:00,25.9,0.0036,8.055936,FALSE
26-11-1999 08:00,24.11,0.0027,5.6243808,FALSE
27-11-1999 08:00,19.29,0.002,3.333312,FALSE
30-11-1999 08:00,14.91,0.0026,3.3493824,FALSE
01-12-1999 08:00,12.52,0.002,2.163456,FALSE
06-12-1999 08:00,7.222,0.0017,1.06076736,FALSE
07-12-1999 08:00,6.275,0.0064,3.469824,FALSE
10-12-1999 08:00,6.023,0.001,0.5203872,FALSE
13-12-1999 08:00,4.869,0.0021,0.88343136,FALSE
14-12-1999 08:00,4.571,0.0009,0.35544096,FALSE
15-12-1999 08:00,4.425,0.0011,0.420552,FALSE
16-12-1999 08:00,4.579,0.0012,0.47475072,FALSE
17-12-1999 08:00,4.425,0.001,0.38232,FALSE
20-12-1999 08:00,6.172,0.001,0.5332608,FALSE
21-12-1999 08:00,4.012,0.0011,0.38130048,FALSE
22-12-1999 08:00,3.762,0.0013,0.42254784,FALSE
23-12-1999 08:00,3.528,0.0011,0.33530112,FALSE
24-12-1999 08:00,2.994,0.0012,0.31041792,FALSE
27-12-1999 08:00,1.691,0.0017,0.24837408,FALSE
28-12-1999 08:00,1.62,0.0041,0.5738688,FALSE
29-12-1999 08:00,1.483,0.0033,0.42283296,FALSE
30-12-1999 08:00,1.439,0.003,0.3729888,FALSE
31-12-1999 08:00,1.351,0.003,0.3501792,FALSE
01-01-2000 08:00,1.249,0.0028,0.30215808,FALSE
03-01-2000 08:00,1.597,0.0022,0.30355776,FALSE
04-01-2000 08:00,1.55,0.0022,0.294624,FALSE
05-01-2000 08:00,1.509,0.0029,0.37809504,FALSE
06-01-2000 08:00,1.389,0.002,0.2400192,FALSE
07-01-2000 08:00,1.388,0.0022,0.26383104,FALSE
10-01-2000 08:00,0.97,0.0026,0.2179008,FALSE
11-01-2000 08:00,0.97,0.0022,0.1843776,FALSE
12-01-2000 08:00,1.22,0.0023,0.2424384,FALSE
15-01-2000 08:00,1.618,0.0022,0.30754944,FALSE
17-01-2000 08:00,1.253,0.0024,0.25982208,FALSE
21-01-2000 08:00,1.089,0.0022,0.20699712,FALSE
22-01-2000 08:00,0.717,0.003,0.1858464,FALSE
24-01-2000 08:00,0.679,0.0026,0.15253056,FALSE
25-01-2000 08:00,0.667,0.0024,0.13830912,FALSE
27-01-2000 08:00,0.61,0.0024,0.1264896,FALSE
28-01-2000 08:00,0.57,0.0024,0.1181952,FALSE
29-01-2000 08:00,0.541,0.002,0.0934848,FALSE
31-01-2000 08:00,0.539,0.0023,0.10711008,FALSE
01-02-2000 08:00,0.509,0.0094,0.41338944,FALSE
02-02-2000 08:00,0.485,0.0074,0.3100896,FALSE
04-02-2000 08:00,0.458,0.0071,0.28095552,FALSE
05-02-2000 08:00,0.554,0.0099,0.47386944,FALSE
07-02-2000 08:00,0.597,0.0069,0.35590752,FALSE
08-02-2000 08:00,2.935,0.0058,1.4707872,FALSE
09-02-2000 08:00,2.161,0.0062,1.15760448,FALSE
10-02-2000 08:00,1.973,0.0066,1.12508352,FALSE
11-02-2000 08:00,1.686,0.0073,1.06339392,FALSE
14-02-2000 08:00,5.462,0.0058,2.73711744,FALSE
15-02-2000 08:00,4.37,0.0053,2.0011104,FALSE
16-02-2000 08:00,3.378,0.0074,2.15975808,FALSE
18-02-2000 08:00,1.304,0.009,1.0139904,FALSE
19-02-2000 08:00,1.676,0.0054,0.78195456,FALSE
21-02-2000 08:00,1.467,0.0057,0.72246816,FALSE
22-02-2000 08:00,0.831,0.0059,0.42361056,FALSE
25-02-2000 08:00,0.942,0.0057,0.46391616,FALSE
26-02-2000 08:00,11,0.008,7.6032,FALSE
28-02-2000 08:00,7.933,0.0096,6.57994752,FALSE
29-02-2000 08:00,5.476,0.0068,3.21725952,FALSE
01-03-2000 08:00,4.342,0.0067,2.51349696,FALSE
02-03-2000 08:00,3.137,0.0063,1.70753184,FALSE
03-03-2000 08:00,2.814,0.0062,1.50740352,FALSE
06-03-2000 08:00,1.754,0.0056,0.84865536,FALSE
07-03-2000 08:00,1.583,0.0053,0.72488736,FALSE
08-03-2000 08:00,1.454,0.005,0.628128,FALSE
09-03-2000 08:00,1.278,0.0054,0.59626368,FALSE
10-03-2000 08:00,1.17,0.0061,0.6166368,FALSE
13-03-2000 08:00,1.571,0.005,0.678672,FALSE
15-03-2000 08:00,1.825,0.0056,0.883008,FALSE
16-03-2000 08:00,1.604,0.005,0.692928,FALSE
18-03-2000 08:00,1.917,0.005,0.828144,FALSE
20-03-2000 08:00,1.479,0.005,0.638928,FALSE
21-03-2000 08:00,1.356,0.0045,0.5272128,FALSE
23-03-2000 08:00,0.948,0.0035,0.2866752,FALSE
24-03-2000 08:00,1.104,0.0034,0.32431104,FALSE
25-03-2000 08:00,0.948,0.0033,0.27029376,FALSE
27-03-2000 08:00,0.567,0.0044,0.21555072,FALSE
28-03-2000 08:00,0.556,0.0043,0.20656512,FALSE
29-03-2000 08:00,0.505,0.0036,0.1570752,FALSE
30-03-2000 08:00,0.457,0.0038,0.15004224,FALSE
31-03-2000 08:00,0.42,0.0036,0.1306368,FALSE
01-04-2000 08:00,0.425,0.0032,0.117504,FALSE
03-04-2000 08:00,0.562,0.0038,0.18451584,FALSE
04-04-2000 08:00,2.163,0.0045,0.8409744,FALSE
05-04-2000 08:00,2.83,0.0064,1.5648768,FALSE
06-04-2000 08:00,21.98,0.0085,16.142112,FALSE
07-04-2000 08:00,19.96,0.0071,12.2442624,FALSE
10-04-2000 08:00,10.8,0.0079,7.371648,FALSE
11-04-2000 08:00,8.4,0.0074,5.370624,FALSE
12-04-2000 08:00,6.75,0.007,4.0824,FALSE
13-04-2000 08:00,5.388,0.0056,2.60692992,FALSE
15-04-2000 08:00,5.003,0.0053,2.29097376,FALSE
17-04-2000 08:00,3.34,0.0056,1.6160256,FALSE
18-04-2000 08:00,5.233,0.0056,2.53193472,FALSE
19-04-2000 08:00,5.466,0.007,3.3058368,FALSE
20-04-2000 08:00,4.859,0.0058,2.43494208,FALSE
22-04-2000 08:00,4.885,0.0063,2.6590032,FALSE
24-04-2000 08:00,3.948,0.0067,2.28541824,FALSE
25-04-2000 08:00,5.265,0.0053,2.4109488,FALSE
26-04-2000 08:00,3.951,0.0067,2.28715488,FALSE
27-04-2000 08:00,3.713,0.0064,2.05314048,FALSE
28-04-2000 08:00,3.35,0.0072,2.083968,FALSE
01-05-2000 08:00,2.06,0.008,1.423872,FALSE
02-05-2000 08:00,2.184,0.006,1.1321856,FALSE
03-05-2000 08:00,1.923,0.0061,1.01349792,FALSE
04-05-2000 08:00,2.079,0.0084,1.50885504,FALSE
05-05-2000 08:00,2.229,0.0105,2.0221488,FALSE
06-05-2000 08:00,1.879,0.0113,1.83450528,FALSE
08-05-2000 08:00,2.972,0.0087,2.23399296,FALSE
09-05-2000 08:00,7,0.0121,7.31808,FALSE
11-05-2000 08:00,3.817,0.0066,2.17660608,FALSE
12-05-2000 08:00,2.774,0.0061,1.46200896,FALSE
13-05-2000 08:00,2.83,0.0063,1.5404256,FALSE
15-05-2000 08:00,2.049,0.0069,1.22153184,FALSE
16-05-2000 08:00,2.197,0.0065,1.2338352,FALSE
17-05-2000 08:00,2.046,0.006,1.0606464,FALSE
19-05-2000 08:00,10.24,0.0096,8.4934656,FALSE
20-05-2000 08:00,7.823,0.0089,6.01557408,FALSE
22-05-2000 08:00,4.131,0.0065,2.3199696,FALSE
23-05-2000 08:00,3.544,0.0072,2.20465152,FALSE
24-05-2000 08:00,2.1,0.0071,1.288224,FALSE
25-05-2000 08:00,1.7,0.0061,0.895968,FALSE
26-05-2000 08:00,4.136,0.0062,2.21557248,FALSE
27-05-2000 08:00,4.346,0.0062,2.32806528,FALSE
29-05-2000 08:00,9.683,0.0093,7.78048416,FALSE
30-05-2000 08:00,6.426,0.0083,4.60821312,FALSE
31-05-2000 08:00,4.355,0.0066,2.4833952,FALSE
02-06-2000 08:45,30.464525,0.0223,58.69660961,FALSE
07-06-2000 08:00,151.6,0.1377,1803.627648,FALSE
08-06-2000 08:00,200.7,0.0432,749.108736,FALSE
09-06-2000 08:00,156.7,0.0152,205.790976,FALSE
13-06-2000 08:00,68.82,0.0155,92.163744,FALSE
14-06-2000 08:00,49.88,0.0109,46.9749888,FALSE
16-06-2000 08:45,36.64845,0.0057,18.04862866,FALSE
17-06-2000 08:45,39.925533,0.0056,19.31756989,FALSE
19-06-2000 08:00,42.87,0.0044,16.2974592,FALSE
20-06-2000 08:00,77.77,0.0381,256.0063968,FALSE
21-06-2000 08:00,103.6,0.041,366.99264,FALSE
22-06-2000 08:00,76.35,0.0211,139.189104,FALSE
23-06-2000 08:00,62.3,0.0157,84.508704,FALSE
24-06-2000 08:00,52.66,0.011,50.048064,FALSE
26-06-2000 08:45,41.944416,0.018,65.23195576,FALSE
27-06-2000 08:00,114,0.0429,422.54784,FALSE
28-06-2000 08:00,179.3,0.0409,633.603168,FALSE
29-06-2000 08:00,146.4,0.019,240.33024,FALSE
06-07-2000 08:00,55.43,0.0199,95.3041248,FALSE
07-07-2000 08:00,83.43,0.0357,257.3381664,FALSE
10-07-2000 08:00,67.53,0.0308,179.7054336,FALSE
11-07-2000 08:00,51.37,0.031,137.589408,FALSE
12-07-2000 08:00,76.88,0.0424,281.6391168,FALSE
14-07-2000 08:00,49.38,0.0297,126.7130304,FALSE
17-07-2000 08:45,33.818714,0.0195,56.97776935,FALSE
18-07-2000 08:45,28.63446,0.0196,48.49073994,FALSE
20-07-2000 08:45,26.376915,0.0219,49.90934349,FALSE
21-07-2000 08:45,21.859207,0.0183,34.56202937,FALSE
22-07-2000 08:45,17.542164,0.015,22.73464454,FALSE
26-07-2000 08:45,8.04895,0.0264,18.35933299,FALSE
27-07-2000 08:45,7.4999824,0.0223,14.45036609,FALSE
31-07-2000 08:45,8.442909,0.0167,12.18210454,FALSE
01-08-2000 08:45,7.5262184,0.0206,13.39546456,FALSE
03-08-2000 08:45,9.645979,0.0248,20.66863212,FALSE
04-08-2000 08:45,8.746889,0.0318,24.03225247,FALSE
05-08-2000 08:45,8.763935,0.037,28.01654741,FALSE
07-08-2000 08:45,36.161423,0.0299,93.41797372,FALSE
08-08-2000 08:00,76.25,0.0233,153.5004,FALSE
09-08-2000 08:00,66.43,0.0243,139.4711136,FALSE
10-08-2000 08:00,79.49,0.0707,485.5630752,FALSE
11-08-2000 08:00,106,0.0208,190.49472,FALSE
14-08-2000 08:00,39.13,0.0194,65.5881408,FALSE
16-08-2000 08:00,90.05,0.0592,460.594944,FALSE
17-08-2000 08:00,121.7,0.0292,307.034496,FALSE
18-08-2000 08:00,227.5,0.027,530.712,FALSE
23-08-2000 08:00,310,0.0181,484.7904,FALSE
24-08-2000 08:00,506.6,0.0289,1264.959936,FALSE
25-08-2000 08:00,681.8,0.0469,2762.762688,FALSE
28-08-2000 08:00,471.1,0.0237,964.662048,FALSE
29-08-2000 08:00,268,0.0162,375.11424,FALSE
30-08-2000 08:00,188.8,0.0295,481.21344,FALSE
31-08-2000 08:00,141.6,0.0225,275.2704,FALSE
02-09-2000 08:00,55.89,0.0232,112.0303872,FALSE
04-09-2000 08:45,41.14207,0.013,46.21077302,FALSE
05-09-2000 08:45,34.366276,0.018,53.44643244,FALSE
06-09-2000 08:45,30.21247,0.0192,50.11886223,FALSE
07-09-2000 08:45,25.241844,0.0179,39.03802626,FALSE
08-09-2000 08:45,21.420563,0.0082,15.17604047,FALSE
11-09-2000 08:45,12.745586,0.0113,12.44377052,FALSE
12-09-2000 08:45,11.596151,0.0124,12.42365234,FALSE
13-09-2000 08:30,10.473136,0.0131,11.85391425,FALSE
14-09-2000 08:45,9.758983,0.021,17.70669876,FALSE
18-09-2000 08:45,15.731804,0.0072,9.786440632,FALSE
19-09-2000 08:45,12.116873,0.0084,8.793941748,FALSE
20-09-2000 08:45,11.403975,0.0134,13.2030661,FALSE
21-09-2000 08:30,10.776886,0.0082,7.635208193,FALSE
22-09-2000 08:45,26.582453,0.007,16.07706757,FALSE
23-09-2000 08:00,78.56,0.0362,245.7105408,FALSE
25-09-2000 08:00,134.5,0.027,313.7616,FALSE
26-09-2000 08:00,146,0.0162,204.35328,FALSE
27-09-2000 08:00,163.8,0.0153,216.530496,FALSE
28-09-2000 08:00,238.5,0.0165,340.0056,FALSE
29-09-2000 08:00,179.8,0.0182,282.731904,FALSE
03-10-2000 08:00,190.6,0.0164,270.072576,FALSE
05-10-2000 08:00,91.79,0.0159,126.0974304,FALSE
06-10-2000 08:00,79.42,0.0854,586.0052352,FALSE
10-10-2000 08:00,76.89,0.0421,279.6827616,FALSE
11-10-2000 08:00,34.83,0.0512,154.0767744,FALSE
12-10-2000 08:45,40.299007,0.0349,121.5160137,FALSE
13-10-2000 08:45,34.411724,0.0229,68.08566064,FALSE
16-10-2000 08:00,170.4,0.1177,1732.845312,FALSE
17-10-2000 08:00,185.9,0.1023,1643.118048,FALSE
18-10-2000 08:00,88.76,0.0973,746.1804672,FALSE
19-10-2000 08:00,50.82,0.0178,78.1570944,FALSE
20-10-2000 08:00,62.02,0.0139,74.4835392,FALSE
21-10-2000 08:00,33.36,0.0239,68.8870656,FALSE
23-10-2000 08:45,31.39352,0.0092,24.95408118,FALSE
24-10-2000 08:00,43.48,0.0226,84.9007872,FALSE
25-10-2000 08:45,46.861805,0.0271,109.7241047,FALSE
27-10-2000 08:45,27.95523,0.0098,23.67025235,FALSE
28-10-2000 08:45,23.60584,0.0138,28.14571515,FALSE
30-10-2000 08:45,19.781837,0.0125,21.36438396,FALSE
31-10-2000 08:45,17.518826,0.0095,14.37945238,FALSE
01-11-2000 08:45,13.677809,0.0088,10.39951174,FALSE
02-11-2000 08:45,12.875037,0.0087,9.677907812,FALSE
03-11-2000 08:45,13.36241,0.0142,16.39407358,FALSE
04-11-2000 08:45,17.811848,0.0145,22.31468317,FALSE
06-11-2000 08:45,9.322829,0.016,12.88787881,FALSE
07-11-2000 08:45,10.680959,0.0141,13.01197149,FALSE
09-11-2000 08:45,7.012643,0.0202,12.23902558,FALSE
10-11-2000 08:45,6.3426437,0.0162,8.877671534,FALSE
14-11-2000 08:45,4.4771943,0.0176,6.80820074,FALSE
15-11-2000 08:45,5.034016,0.0125,5.43673728,FALSE
16-11-2000 08:45,4.696739,0.0135,5.47827637,FALSE
17-11-2000 08:45,4.500366,0.013,5.054811091,FALSE
18-11-2000 08:45,4.1313143,0.0127,4.533208555,FALSE
20-11-2000 08:45,4.529809,0.0127,4.97046882,FALSE
21-11-2000 08:45,7.6773267,0.0187,12.4041032,FALSE
23-11-2000 08:45,6.056837,0.0133,6.960032533,FALSE
24-11-2000 08:45,5.7141323,0.0146,7.208035049,FALSE
25-11-2000 08:45,4.5211487,0.0157,6.132847789,FALSE
27-11-2000 08:45,5.23531,0.011,4.975638624,FALSE
28-11-2000 08:45,4.363029,0.0102,3.845050197,FALSE
29-11-2000 08:45,3.7370274,0.0131,4.229717092,FALSE
30-11-2000 08:45,3.3864167,0.0101,2.955122669,FALSE
01-12-2000 08:45,3.8128586,0.0103,3.393139125,FALSE
02-12-2000 08:45,3.2248921,0.0104,2.897759045,FALSE
04-12-2000 08:45,4.9451113,0.0085,3.631689739,FALSE
05-12-2000 08:45,4.3821716,0.0091,3.445438599,FALSE
06-12-2000 08:45,3.7520278,0.0094,3.047246898,FALSE
07-12-2000 08:45,3.2977972,0.0102,2.906282716,FALSE
08-12-2000 08:45,2.7493966,0.0093,2.209195156,FALSE
11-12-2000 08:45,2.130661,0.0109,2.006571303,FALSE
12-12-2000 08:45,2.3025434,0.0096,1.909821598,FALSE
13-12-2000 08:45,1.9515593,0.0091,1.534393984,FALSE
14-12-2000 08:45,1.9270592,0.0112,1.864776647,FALSE
15-12-2000 08:45,1.8667798,0.0087,1.40322104,FALSE
16-12-2000 08:45,1.5806009,0.0098,1.338326394,FALSE
18-12-2000 08:45,1.4736557,0.0093,1.184111828,FALSE
19-12-2000 08:45,1.3655126,0.0083,0.979236396,FALSE
20-12-2000 08:45,1.2945212,0.0087,0.973065696,FALSE
21-12-2000 08:45,1.2202314,0.0085,0.89613794,FALSE
22-12-2000 08:45,1.1826836,0.0078,0.797034132,FALSE
23-12-2000 08:45,1.1885004,0.0076,0.780416903,FALSE
28-12-2000 08:00,1.439,0.0075,0.932472,FALSE
29-12-2000 08:45,2.705802,0.0096,2.244300411,FALSE
30-12-2000 08:45,3.9989653,0.0088,3.040493297,FALSE
01-01-2001 08:45,3.3686576,0.0098,2.852309763,FALSE
02-01-2001 08:45,8.876131,0.0166,12.73050213,FALSE
03-01-2001 08:45,10.7705145,0.0139,12.93495709,FALSE
04-01-2001 08:45,5.9302244,0.0162,8.300416488,FALSE
05-01-2001 08:45,9.005631,0.0183,14.23898329,FALSE
06-01-2001 08:45,4.2996173,0.0141,5.23796578,FALSE
08-01-2001 08:45,3.79246,0.0184,6.02910121,FALSE
09-01-2001 08:45,2.8489761,0.0116,2.855357806,FALSE
10-01-2001 08:45,2.6736777,0.0091,2.102152355,FALSE
11-01-2001 08:45,2.553648,0.01,2.206351872,FALSE
12-01-2001 08:45,2.4192066,0.0101,2.111096447,FALSE
13-01-2001 08:45,2.2724438,0.0096,1.884855785,FALSE
15-01-2001 08:45,2.0168672,0.0105,1.829701924,FALSE
16-01-2001 08:45,1.8792913,0.0098,1.59123353,FALSE
17-01-2001 08:00,2.206,0.0093,1.77256512,FALSE
18-01-2001 08:45,1.8937886,0.0088,1.439885348,FALSE
19-01-2001 08:45,2.0675492,0.0098,1.750635259,FALSE
20-01-2001 08:45,1.567031,0.0071,0.961279497,FALSE
22-01-2001 08:45,1.3726841,0.0071,0.842059334,FALSE
23-01-2001 08:45,1.2665143,0.0109,1.192752507,FALSE
24-01-2001 08:45,1.2628218,0.0104,1.134721157,FALSE
25-01-2001 08:45,1.1922971,0.0069,0.710799839,FALSE
27-01-2001 08:45,1.3975112,0.0054,0.652022825,FALSE
29-01-2001 08:45,1.2777587,0.0066,0.728629121,FALSE
30-01-2001 08:45,1.120837,0.0059,0.571357869,FALSE
31-01-2001 08:45,1.0457809,0.0062,0.560203913,FALSE
01-02-2001 08:45,0.9618574,0.0066,0.548489564,FALSE
02-02-2001 08:45,1.6676655,0.0034,0.489893417,FALSE
03-02-2001 08:45,1.3081409,0.0044,0.497302845,FALSE
05-02-2001 08:45,1.8068268,0.0047,0.733716227,FALSE
06-02-2001 08:45,4.051892,0.0024,0.840200325,FALSE
07-02-2001 08:45,4.3265543,0.0034,1.270968591,FALSE
08-02-2001 08:45,3.1570895,0.0032,0.872872105,FALSE
09-02-2001 08:45,2.6185274,0.003,0.678722302,FALSE
10-02-2001 08:45,1.9185714,0.0028,0.464140793,FALSE
12-02-2001 08:45,1.6075438,0.0024,0.333340282,FALSE
13-02-2001 08:45,1.4985025,0.014,1.812588624,FALSE
14-02-2001 08:45,1.220994,0.01,1.054938816,FALSE
15-02-2001 08:45,1.0180724,0.0061,0.536564878,FALSE
16-02-2001 08:45,0.93915266,0.0062,0.503085297,FALSE
17-02-2001 08:45,0.7702065,0.0039,0.259528782,FALSE
19-02-2001 08:45,0.7439982,0.0034,0.218556911,FALSE
20-02-2001 08:45,1.5616,0.0141,1.902403584,FALSE
22-02-2001 08:45,0.49212968,0.0012,0.051024005,FALSE
24-02-2001 08:45,0.35651588,0.001,0.030802972,FALSE
26-02-2001 08:45,0.28458846,0.0004,0.009835377,FALSE
28-02-2001 08:30,0.28196442,0.0004,0.00974469,FALSE
01-03-2001 08:30,0.23976862,0,0,TRUE
02-03-2001 08:30,0.23686473,0,0,TRUE
03-03-2001 08:30,0.21168442,0,0,TRUE
05-03-2001 08:30,0.12351874,0,0,TRUE
07-03-2001 08:30,0.11763501,0,0,TRUE
08-03-2001 08:30,0.11755241,0,0,TRUE
09-03-2001 08:30,0.10849606,0,0,TRUE
10-03-2001 08:30,0.11240951,0,0,TRUE
12-03-2001 08:30,0.0657425,0,0,TRUE
13-03-2001 08:30,0.06454279,0,0,TRUE
14-03-2001 08:30,0.06842117,0,0,TRUE
19-03-2001 08:30,0.054670785,0,0,TRUE
23-03-2001 08:00,0,0,0,TRUE
24-03-2001 08:00,0,0,0,TRUE
25-03-2001 08:00,0,0,0,TRUE
26-03-2001 08:00,0,0,0,TRUE
27-03-2001 08:00,0,0,0,TRUE
28-03-2001 08:00,0,0,0,TRUE
29-03-2001 08:00,0,0,0,TRUE
30-03-2001 08:00,0,0,0,TRUE
31-03-2001 08:00,0,0,0,TRUE
01-04-2001 08:00,0,0,0,TRUE
02-04-2001 08:00,0,0,0,TRUE
03-04-2001 08:00,0,0,0,TRUE
04-04-2001 08:00,0,0,0,TRUE
05-04-2001 08:00,0,0,0,TRUE
09-04-2001 08:45,3.1944113,0.0075,2.069978522,FALSE
10-04-2001 08:45,3.580679,0.0073,2.258405859,FALSE
11-04-2001 09:45,28.552353,0.0214,52.7921586,FALSE
12-04-2001 08:45,21.607,0.0129,24.08229792,FALSE
14-04-2001 08:45,51.11,0.0094,41.5094976,FALSE
16-04-2001 08:45,24.850195,0.0038,8.158816022,FALSE
17-04-2001 08:45,21.001373,0.0046,8.346785685,FALSE
18-04-2001 08:45,44.22983,0.0126,48.15036213,FALSE
19-04-2001 08:45,44.795918,0.0107,41.41293027,FALSE
23-04-2001 08:45,31.228119,0.0054,14.5697912,FALSE
24-04-2001 08:45,26.518461,0.004,9.164780122,FALSE
25-04-2001 08:45,20.775873,0.0034,6.103120452,FALSE
26-04-2001 08:45,14.953058,0.0027,3.48824937,FALSE
27-04-2001 08:45,12.728328,0.0043,4.728828419,FALSE
28-04-2001 08:45,30.230413,0.0062,16.19382764,FALSE
30-04-2001 08:45,40.019855,0.015,51.86573208,FALSE
01-05-2001 08:45,32.421715,0.0067,18.76828238,FALSE
02-05-2001 08:45,32.689407,0.0053,14.96913325,FALSE
03-05-2001 08:45,22.931417,0.0077,15.2558131,FALSE
04-05-2001 08:45,20.324444,0.0047,8.25335022,FALSE
05-05-2001 08:45,15.143207,0.0052,6.803540041,FALSE
08-05-2001 08:45,7.8995237,0.012,8.190226172,FALSE
09-05-2001 08:45,6.042251,0.0062,3.236713016,FALSE
11-05-2001 08:45,5.395977,0.0079,3.683078061,FALSE
12-05-2001 08:45,4.8005557,0.0141,5.848228976,FALSE
14-05-2001 08:45,4.6525326,0.0035,1.406925858,FALSE
15-05-2001 08:30,3.966146,0.0027,0.925222539,FALSE
16-05-2001 09:15,3.5613353,0.0032,0.984637984,FALSE
17-05-2001 08:45,3.2122986,0.0027,0.749365017,FALSE
18-05-2001 08:45,3.2204459,0.003,0.834739577,FALSE
19-05-2001 08:45,3.020203,0.0057,1.487389573,FALSE
21-05-2001 08:45,4.1202607,0.0074,2.634329881,FALSE
22-05-2001 08:45,4.550976,0.0048,1.887380767,FALSE
23-05-2001 08:45,4.0864625,0.0062,2.189036232,FALSE
24-05-2001 08:45,4.0469213,0.0063,2.202820202,FALSE
25-05-2001 08:45,4.884101,0.0041,1.730143938,FALSE
26-05-2001 08:45,5.065597,0.0046,2.013270872,FALSE
28-05-2001 08:45,6.6089587,0.01,5.710140317,FALSE
29-05-2001 08:45,7.0133514,0.0057,3.453935297,FALSE
30-05-2001 08:45,7.521436,0.0112,7.278343188,FALSE
01-06-2001 10:15,47.700024,0.008,32.97025659,FALSE
02-06-2001 08:45,29.401241,0.0214,54.36171856,FALSE
05-06-2001 09:45,39.586338,0.0212,72.50950359,FALSE
06-06-2001 08:30,72.24184,0.0306,190.9958663,FALSE
09-06-2001 08:45,90.47934,0.0111,86.77330623,FALSE
11-06-2001 08:45,89.77584,0.0123,95.40658068,FALSE
13-06-2001 08:45,225.1,0.0706,1373.073984,FALSE
14-06-2001 08:45,179.2,0.0148,229.146624,FALSE
15-06-2001 08:45,143,0.016,197.6832,FALSE
16-06-2001 08:45,84.37,0.0124,90.3906432,FALSE
18-06-2001 08:45,58.45,0.0077,38.885616,FALSE
19-06-2001 11:15,113.0698,0.0149,145.5615377,FALSE
20-06-2001 08:45,147.86122,0.0091,116.2544056,FALSE
21-06-2001 08:45,138.07024,0.015,178.939031,FALSE
22-06-2001 08:30,123.17569,0.0154,163.8926461,FALSE
25-06-2001 08:45,217,0.0312,584.96256,FALSE
26-06-2001 08:45,392.5,0.0868,2943.5616,FALSE
27-06-2001 08:45,253.4,0.0336,735.630336,FALSE
28-06-2001 08:45,220.3,0.0183,348.320736,FALSE
29-06-2001 08:45,157.7,0.0098,133.527744,FALSE
30-06-2001 08:45,147.1,0.0138,175.390272,FALSE
02-07-2001 08:00,129.3,0.0055,61.44336,FALSE
03-07-2001 08:00,142,0.0183,224.51904,FALSE
04-07-2001 08:00,187.7,0.0152,246.502656,FALSE
05-07-2001 08:00,271.1,0.0434,1016.559936,FALSE
06-07-2001 08:00,316.7,0.0317,867.403296,FALSE
07-07-2001 08:00,411.6,0.0274,974.405376,FALSE
09-07-2001 08:00,785.6,0.1066,7235.564544,FALSE
10-07-2001 08:00,772.3,0.0893,5958.696096,FALSE
11-07-2001 08:00,495.2,0.056,2395.97568,FALSE
13-07-2001 08:00,176.9,0.0148,226.205568,FALSE
14-07-2001 08:31,128.54057,0.0058,64.41425044,FALSE
16-07-2001 08:31,69.10117,0.0061,36.41908064,FALSE
17-07-2001 08:31,53.20553,0.0054,24.82357208,FALSE
18-07-2001 08:45,47.837406,0.0044,18.18586826,FALSE
19-07-2001 08:45,34.01053,0.0119,34.96826652,FALSE
20-07-2001 08:45,30.331675,0.0037,9.696429864,FALSE
21-07-2001 08:31,27.652393,0.0035,8.362083643,FALSE
23-07-2001 08:31,20.124653,0.0013,2.260401025,FALSE
24-07-2001 09:01,20.75551,0.0043,7.711087075,FALSE
25-07-2001 09:15,21.871471,0.0051,9.637444981,FALSE
26-07-2001 08:45,23.499998,0.0041,8.324639292,FALSE
27-07-2001 08:45,20.773294,0.0042,7.538212927,FALSE
28-07-2001 08:45,23.130175,0.004,7.99378848,FALSE
30-07-2001 08:45,76.36732,0.0068,44.86732785,FALSE
31-07-2001 08:45,95.119484,0.0046,37.80428772,FALSE
01-08-2001 08:31,108.12302,0.0076,70.99789985,FALSE
02-08-2001 08:31,165.65483,0.0077,110.2068453,FALSE
03-08-2001 08:31,154.822,0.007,93.6363456,FALSE
04-08-2001 08:31,133.41148,0.01,115.2675187,FALSE
06-08-2001 08:31,198.15775,0.0278,475.9590629,FALSE
07-08-2001 08:31,128.07579,0.0035,38.7301189,FALSE
08-08-2001 08:31,92.79511,0.0031,24.85424226,FALSE
09-08-2001 08:31,59.13677,0.0023,11.75165893,FALSE
10-08-2001 08:31,62.678352,0.0034,18.41239268,FALSE
11-08-2001 08:31,48.14312,0.0045,18.71804506,FALSE
13-08-2001 08:31,30.895813,0.0032,8.542074378,FALSE
14-08-2001 08:31,47.051765,0.0039,15.85456273,FALSE
16-08-2001 08:31,54.78092,0.0039,18.4589788,FALSE
17-08-2001 08:31,40.842472,0.0024,8.469094994,FALSE
18-08-2001 08:31,36.113632,0.0036,11.2327841,FALSE
20-08-2001 08:31,110.648384,0.0146,139.5762975,FALSE
21-08-2001 08:31,110.020805,0.0057,54.18304605,FALSE
22-08-2001 08:31,90.83132,0.0034,26.68260856,FALSE
23-08-2001 08:31,79.939285,0.0046,31.77106943,FALSE
24-08-2001 08:31,80.38452,0.004,27.78089011,FALSE
25-08-2001 08:45,83.6552,0.0058,41.92129382,FALSE
27-08-2001 09:15,243.13556,0.0357,749.9467721,FALSE
28-08-2001 08:30,137.26698,0.0071,84.20505621,FALSE
29-08-2001 08:45,91.2129,0.0047,37.03973443,FALSE
30-08-2001 08:45,72.446205,0.0045,28.1670845,FALSE
01-09-2001 08:31,39.448273,0.0045,15.33748854,FALSE
03-09-2001 08:31,25.604456,0.0023,5.088117496,FALSE
04-09-2001 08:31,22.25553,0.0018,3.461180026,FALSE
05-09-2001 08:31,18.277899,0.0017,2.684657805,FALSE
06-09-2001 08:31,15.807854,0.0013,1.775538161,FALSE
07-09-2001 09:31,14.796934,0.0016,2.045528156,FALSE
08-09-2001 08:31,12.680748,0.0018,1.972109929,FALSE
10-09-2001 08:31,11.068697,0.0024,2.29520501,FALSE
11-09-2001 08:31,8.270921,0.0041,2.929891055,FALSE
12-09-2001 08:31,7.1721673,0.0046,2.850506172,FALSE
13-09-2001 08:31,6.895985,0.0033,1.966183243,FALSE
14-09-2001 08:31,7.1409974,0.0023,1.419059003,FALSE
15-09-2001 08:31,6.5579915,0.0019,1.076559885,FALSE
18-09-2001 08:31,7.50773,0.0013,0.843268234,FALSE
19-09-2001 08:31,17.655508,0.0088,13.42383584,FALSE
20-09-2001 08:45,17.665121,0.0125,19.07833068,FALSE
21-09-2001 08:45,19.01134,0.0035,5.749029216,FALSE
22-09-2001 08:45,20.368061,0.0077,13.55046362,FALSE
24-09-2001 10:45,154.98318,0.0242,324.0512314,FALSE
25-09-2001 08:45,101.55522,0.0062,54.40110025,FALSE
26-09-2001 08:45,179.39212,0.0385,596.729948,FALSE
27-09-2001 08:45,173.1162,0.0177,264.7431423,FALSE
28-09-2001 08:45,125.41682,0.0168,182.0450226,FALSE
29-09-2001 08:45,101.987434,0.0112,98.69120013,FALSE
01-10-2001 10:01,376.56516,0.0275,894.7188202,FALSE
03-10-2001 09:31,162.17847,0.0086,120.5050903,FALSE
04-10-2001 08:45,108.72968,0.005,46.97122176,FALSE
05-10-2001 08:45,74.12374,0.0048,30.74059745,FALSE
06-10-2001 08:45,55.64066,0.0056,26.92117693,FALSE
08-10-2001 08:45,34.20388,0.0016,4.728344371,FALSE
09-10-2001 08:45,29.799242,0.0018,4.634378116,FALSE
10-10-2001 08:45,65.58938,0.009,51.00230189,FALSE
11-10-2001 09:45,76.587494,0.0146,96.61052843,FALSE
12-10-2001 08:45,63.78682,0.0067,36.92491436,FALSE
13-10-2001 08:45,46.793346,0.005,20.21472547,FALSE
15-10-2001 08:45,206.97873,0.0175,312.9518398,FALSE
16-10-2001 08:45,176.24089,0.0077,117.2495393,FALSE
17-10-2001 08:45,129.09947,0.0068,75.84852061,FALSE
18-10-2001 08:45,129.47026,0.005,55.93115232,FALSE
19-10-2001 08:45,105.30305,0.0048,43.6712809,FALSE
20-10-2001 08:45,144.09459,0.0169,210.4011565,FALSE
22-10-2001 08:45,104.02121,0.005,44.93716272,FALSE
23-10-2001 08:45,135.83157,0.0247,289.8754369,FALSE
24-10-2001 08:45,153.63489,0.0245,325.2143352,FALSE
27-10-2001 08:45,135.01973,0.0075,87.49278504,FALSE
29-10-2001 08:45,100.044914,0.0049,42.35501479,FALSE
30-10-2001 08:45,88.2046,0.0052,39.62856269,FALSE
31-10-2001 10:15,119.59442,0.0171,176.6935799,FALSE
01-11-2001 08:45,112.29516,0.0115,111.576471,FALSE
02-11-2001 08:45,86.24011,0.0076,56.62870583,FALSE
03-11-2001 08:09,65.99568,0.0053,30.22074179,FALSE
05-11-2001 08:45,95.9018,0.0128,106.0597187,FALSE
06-11-2001 08:45,155.7677,0.0534,718.6747836,FALSE
07-11-2001 08:45,106.349754,0.0105,96.48049683,FALSE
08-11-2001 08:45,100.24026,0.0118,102.1969499,FALSE
09-11-2001 08:45,168.29822,0.0892,1297.054186,FALSE
10-11-2001 09:45,395.85776,0.1276,4364.189295,FALSE
12-11-2001 08:45,111.17559,0.01,96.05570976,FALSE
13-11-2001 08:45,75.52148,0.0113,73.73313135,FALSE
15-11-2001 10:15,169.53943,0.0404,591.7875528,FALSE
16-11-2001 08:45,146.89655,0.038,482.290753,FALSE
17-11-2001 08:45,226.75241,0.0492,963.8972846,FALSE
19-11-2001 08:45,131.36958,0.0116,131.6638479,FALSE
20-11-2001 08:45,93.71235,0.0043,34.81601227,FALSE
21-11-2001 09:45,77.91264,0.0032,21.54128671,FALSE
22-11-2001 08:45,54.55863,0.0058,27.34042067,FALSE
23-11-2001 08:45,49.01663,0.0031,13.12861418,FALSE
24-11-2001 08:45,40.298206,0.0017,5.919000497,FALSE
26-11-2001 08:45,25.090908,0.0038,8.237846915,FALSE
27-11-2001 08:45,21.292301,0.0069,12.69361816,FALSE
28-11-2001 08:45,24.039455,0.0046,9.554240995,FALSE
29-11-2001 08:45,20.975,0.0034,6.161616,FALSE
01-12-2001 08:45,18.242416,0.0037,5.831735547,FALSE
03-12-2001 08:45,14.896973,0.0038,4.890974175,FALSE
04-12-2001 08:45,13.074179,0.0018,2.033296318,FALSE
05-12-2001 08:45,16.02865,0.0014,1.938825504,FALSE
06-12-2001 10:45,14.209773,0.0028,3.437628284,FALSE
07-12-2001 09:45,14.110778,0.0055,6.705441706,FALSE
08-12-2001 08:45,10.827049,0.0027,2.525733991,FALSE
10-12-2001 08:45,8.337673,0.0031,2.233162336,FALSE
11-12-2001 08:30,8.125167,0.0023,1.614633186,FALSE
12-12-2001 08:45,7.1347413,0.0018,1.109594967,FALSE
13-12-2001 08:45,6.41712,0.0021,1.164322253,FALSE
14-12-2001 08:45,5.9976997,0.0027,1.399143386,FALSE
15-12-2001 08:45,5.5461206,0.0062,2.970945883,FALSE
17-12-2001 08:45,5.1386924,0.0052,2.308711721,FALSE
18-12-2001 08:45,5.1236053,0.0039,1.726450042,FALSE
19-12-2001 08:45,4.586485,0.0065,2.575769976,FALSE
20-12-2001 08:45,4.3141036,0.0047,1.75187119,FALSE
21-12-2001 08:45,4.129104,0.0031,1.105939215,FALSE
22-12-2001 08:45,3.9724987,0.0042,1.441540328,FALSE
24-12-2001 08:45,4.603297,0.0021,0.835222208,FALSE
26-12-2001 08:30,3.6473186,0.0027,0.850846483,FALSE
27-12-2001 08:45,3.428767,0.002,0.592490938,FALSE
28-12-2001 08:45,2.9971173,0.0038,0.984013552,FALSE
29-12-2001 08:45,2.9241028,0.0082,2.071668352,FALSE
31-12-2001 08:45,2.6866446,0.0063,1.462394389,FALSE
01-01-2002 08:45,3.0732052,0.0041,1.08865221,FALSE
02-01-2002 08:45,2.699743,0.0091,2.122645936,FALSE
03-01-2002 08:45,2.6079612,0.0028,0.630917974,FALSE
04-01-2002 08:45,2.9348457,0.0037,0.938211473,FALSE
12-01-2002 08:45,1.447,0.0062,0.77512896,FALSE
14-01-2002 08:45,1.40052,0.0062,0.750230554,FALSE
15-01-2002 08:45,1.0251353,0.0056,0.496001464,FALSE
17-01-2002 08:30,1.2555214,0.0104,1.128161309,FALSE
18-01-2002 08:45,0.88581395,0.0059,0.451552519,FALSE
19-01-2002 08:45,0.90684885,0.0033,0.258560744,FALSE
21-01-2002 08:45,0.9332064,0.003,0.241887099,FALSE
22-01-2002 08:45,0.87791467,0.0029,0.2199703,FALSE
23-01-2002 08:45,0.7512812,0.0073,0.473848078,FALSE
24-01-2002 09:45,0.7387755,0.0073,0.465960483,FALSE
25-01-2002 08:45,0.74222606,0.0076,0.48737532,FALSE
28-01-2002 08:45,0.81842184,0.0086,0.608120164,FALSE
29-01-2002 08:45,0.7410644,0.0082,0.525029306,FALSE
30-01-2002 08:45,0.6344183,0.0034,0.18636672,FALSE
31-01-2002 08:45,0.57480156,0.0032,0.158921135,FALSE
01-02-2002 08:45,0.47299573,0.0061,0.24928767,FALSE
02-02-2002 08:45,0.51521826,0.0174,0.774558523,FALSE
04-02-2002 08:45,0.51603764,0.0133,0.592989173,FALSE
05-02-2002 08:45,0.53451294,0.0081,0.374073536,FALSE
06-02-2002 08:45,0.48237664,0.0065,0.270902721,FALSE
07-02-2002 08:45,0.5745856,0.0068,0.337580532,FALSE
14-02-2002 08:45,0.6681255,0.0062,0.357901468,FALSE
15-02-2002 08:45,0.65780824,0.0084,0.477410908,FALSE
16-02-2002 08:45,0.484449,0.0072,0.301366034,FALSE
18-02-2002 08:45,0.4117644,0.0088,0.313072709,FALSE
19-02-2002 08:45,0.3449539,0.0076,0.226510529,FALSE
20-02-2002 08:45,0.33768564,0.0057,0.166303424,FALSE
21-02-2002 08:45,0.33431613,0.006,0.173309482,FALSE
22-02-2002 08:45,0.30086556,0.0063,0.163767142,FALSE
26-02-2002 08:00,0,0,0,TRUE
27-02-2002 08:00,0,0,0,TRUE
28-02-2002 08:00,0,0,0,TRUE
01-03-2002 08:00,0,0,0,TRUE
02-03-2002 08:00,0,0,0,TRUE
03-03-2002 08:00,0,0,0,TRUE
04-03-2002 08:00,0,0,0,TRUE
05-03-2002 08:00,0,0,0,TRUE
06-03-2002 08:00,0,0,0,TRUE
07-03-2002 08:00,0,0,0,TRUE
08-03-2002 08:00,0,0,0,TRUE
09-03-2002 08:00,0,0,0,TRUE
10-03-2002 08:00,0,0,0,TRUE
11-03-2002 08:00,0,0,0,TRUE
12-03-2002 08:00,0,0,0,TRUE
13-03-2002 08:00,0,0,0,TRUE
14-03-2002 08:00,0,0,0,TRUE
15-03-2002 08:00,0,0,0,TRUE
16-03-2002 08:00,0,0,0,TRUE
17-03-2002 08:00,0,0,0,TRUE
18-03-2002 08:00,0,0,0,TRUE
19-03-2002 08:00,0,0,0,TRUE
20-03-2002 08:00,0,0,0,TRUE
21-03-2002 08:00,0,0,0,TRUE
22-03-2002 08:00,0,0,0,TRUE
23-03-2002 08:00,0,0,0,TRUE
24-03-2002 08:00,0,0,0,TRUE
25-03-2002 08:00,0,0,0,TRUE
26-03-2002 08:00,0,0,0,TRUE
27-03-2002 08:00,0,0,0,TRUE
28-03-2002 08:00,0,0,0,TRUE
29-03-2002 08:00,0,0,0,TRUE
30-03-2002 08:00,0,0,0,TRUE
31-03-2002 08:00,0,0,0,TRUE
01-04-2002 08:00,0,0,0,TRUE
02-04-2002 08:00,0,0,0,TRUE
06-04-2002 08:30,2.7989109,0.013,3.143736723,FALSE
10-04-2002 08:45,6.188555,0.0119,6.362824709,FALSE
12-04-2002 08:45,4.9143543,0.0046,1.953160973,FALSE
13-04-2002 08:45,5.2269382,0.0108,4.877360573,FALSE
15-04-2002 08:45,6.4368744,0.0071,3.948636232,FALSE
16-04-2002 09:30,11.01939,0.0116,11.04407343,FALSE
17-04-2002 08:45,10.971665,0.0067,6.351277435,FALSE
19-04-2002 08:45,5.6295404,0.0135,6.566295923,FALSE
20-04-2002 09:15,14.729551,0.0089,11.32643554,FALSE
22-04-2002 08:45,27.132788,0.0109,25.55257443,FALSE
23-04-2002 08:45,25.71085,0.0155,34.43197032,FALSE
24-04-2002 08:45,21.008139,0.0123,22.32576948,FALSE
26-04-2002 08:45,10.652031,0.0173,15.92180378,FALSE
29-04-2002 08:45,10.532015,0.0203,18.47231175,FALSE
30-04-2002 08:45,7.6306505,0.0097,6.395095571,FALSE
01-05-2002 08:45,6.345036,0.0098,5.372468882,FALSE
02-05-2002 08:45,5.6325197,0.0065,3.163223064,FALSE
03-05-2002 08:45,5.4547186,0.0094,4.430104258,FALSE
04-05-2002 08:45,7.2869735,0.0111,6.988499065,FALSE
06-05-2002 08:45,5.767449,0.0054,2.690861005,FALSE
07-05-2002 08:45,9.71539,0.0108,9.065624717,FALSE
08-05-2002 08:45,6.293641,0.0068,3.69763996,FALSE
09-05-2002 08:45,10.639571,0.005,4.596294672,FALSE
11-05-2002 08:45,5.5967546,0.0129,6.237918807,FALSE
13-05-2002 08:45,8.443381,0.0081,5.909015759,FALSE
14-05-2002 08:45,16.973658,0.0076,11.14558279,FALSE
15-05-2002 08:45,26.337173,0.0092,20.93489207,FALSE
16-05-2002 08:45,23.609116,0.0103,21.01022451,FALSE
17-05-2002 08:45,23.379396,0.0108,21.815782,FALSE
18-05-2002 08:45,24.98974,0.0113,24.39798296,FALSE
20-05-2002 08:45,115.237366,0.013,129.4346095,FALSE
21-05-2002 08:45,78.837456,0.0131,89.2313862,FALSE
22-05-2002 08:45,58.53459,0.0074,37.42467546,FALSE
25-05-2002 08:45,31.241777,0.0105,28.34254009,FALSE
27-05-2002 08:45,80.86916,0.0149,104.1077218,FALSE
28-05-2002 09:15,54.095745,0.011,51.41259605,FALSE
29-05-2002 10:30,102.39669,0.0176,155.7085027,FALSE
30-05-2002 08:45,92.53046,0.0144,115.1226971,FALSE
31-05-2002 08:45,68.443954,0.0128,75.69353761,FALSE
01-06-2002 08:30,67.864075,0.0202,118.4418128,FALSE
03-06-2002 08:45,61.00889,0.0096,50.60321372,FALSE
04-06-2002 08:45,46.31321,0.0067,26.809791,FALSE
05-06-2002 08:45,37.519436,0.0066,21.39508318,FALSE
06-06-2002 09:15,29.12593,0.0071,17.8670105,FALSE
07-06-2002 08:45,26.169844,0.0051,11.53148006,FALSE
08-06-2002 08:45,30.430353,0.0077,20.24470524,FALSE
10-06-2002 08:45,76.9345,0.0202,134.2722442,FALSE
11-06-2002 08:45,79.326996,0.009,61.68467209,FALSE
12-06-2002 08:45,75.085365,0.0053,34.38309034,FALSE
13-06-2002 08:45,88.519966,0.0107,81.83493817,FALSE
14-06-2002 09:45,325.3103,0.0652,1832.564007,FALSE
15-06-2002 08:45,309.7861,0.0349,934.1166145,FALSE
17-06-2002 09:45,148.02776,0.0132,168.8226997,FALSE
18-06-2002 08:45,101.37651,0.011,96.3482351,FALSE
19-06-2002 08:45,67.086044,0.0055,31.87928811,FALSE
20-06-2002 08:45,48.431343,0.005,20.92234018,FALSE
21-06-2002 08:45,42.463417,0.0035,12.8409373,FALSE
22-06-2002 08:45,32.457333,0.0021,5.8890585,FALSE
24-06-2002 09:15,38.03145,0.0031,10.18634357,FALSE
25-06-2002 08:45,92.18723,0.0154,122.6606407,FALSE
27-06-2002 09:31,55.16984,0.0044,20.97336637,FALSE
28-06-2002 08:45,48.483925,0.0043,18.01274782,FALSE
29-06-2002 08:45,42.865856,0.0031,11.48119087,FALSE
01-07-2002 08:45,28.799984,0.0028,6.967292129,FALSE
02-07-2002 08:45,30.42449,0.0036,9.46323337,FALSE
03-07-2002 08:09,58.49051,0.0043,21.73039428,FALSE
04-07-2002 08:45,86.24286,0.0141,105.0645018,FALSE
05-07-2002 08:45,101.79177,0.0126,110.8145925,FALSE
06-07-2002 08:45,106.75869,0.0161,148.5056081,FALSE
08-07-2002 08:45,100.59994,0.0076,66.0579446,FALSE
09-07-2002 08:45,80.436195,0.007,48.64781074,FALSE
10-07-2002 08:45,54.136112,0.0054,25.25774441,FALSE
12-07-2002 08:45,60.505463,0.0125,65.34590004,FALSE
13-07-2002 08:45,116.26437,0.0288,289.3029572,FALSE
15-07-2002 08:45,122.63412,0.0106,112.3132325,FALSE
16-07-2002 08:45,115.66388,0.0069,68.9541787,FALSE
17-07-2002 08:45,66.51801,0.009,51.72440458,FALSE
18-07-2002 08:45,56.073147,0.0062,30.03726338,FALSE
19-07-2002 08:45,62.842926,0.0055,29.86295844,FALSE
20-07-2002 08:45,51.972145,0.0062,27.84043863,FALSE
23-07-2002 08:45,83.77091,0.0049,35.46525246,FALSE
24-07-2002 08:45,57.671616,0.0034,16.94161392,FALSE
25-07-2002 08:45,46.44576,0.0027,10.83486689,FALSE
26-07-2002 08:45,42.08186,0.0046,16.72501444,FALSE
27-07-2002 08:45,34.69758,0.0046,13.7902062,FALSE
29-07-2002 08:45,46.568775,0.0023,9.254146968,FALSE
30-07-2002 08:45,55.597248,0.0046,22.09657025,FALSE
31-07-2002 08:45,120.33445,0.0378,393.0026869,FALSE
01-08-2002 08:45,140.37961,0.0413,500.91937,FALSE
02-08-2002 08:45,138.47665,0.0161,192.6265592,FALSE
03-08-2002 08:45,121.41964,0.0066,69.23833551,FALSE
05-08-2002 08:45,97.32772,0.0079,66.43200856,FALSE
06-08-2002 08:45,119.18794,0.0062,63.8465957,FALSE
07-08-2002 08:45,116.33598,0.0058,58.2982863,FALSE
08-08-2002 08:45,95.80206,0.0047,38.90330052,FALSE
09-08-2002 08:45,105.88886,0.0096,87.82845604,FALSE
10-08-2002 08:45,124.63513,0.0111,119.5300751,FALSE
12-08-2002 08:45,101.94933,0.0163,143.5772804,FALSE
13-08-2002 08:45,81.577866,0.0056,39.47063469,FALSE
14-08-2002 08:45,62.251324,0.0025,13.44628598,FALSE
16-08-2002 09:45,76.52674,0.0058,38.34907995,FALSE
17-08-2002 09:45,469.9467,0.057,2314.393508,FALSE
19-08-2002 08:45,230.18086,0.0148,294.3368693,FALSE
20-08-2002 08:45,156.80754,0.0102,138.1913489,FALSE
22-08-2002 08:45,70.647804,0.0067,40.89660078,FALSE
23-08-2002 08:45,56.528248,0.0043,21.0013747,FALSE
24-08-2002 08:45,45.329422,0.0028,10.96609377,FALSE
26-08-2002 08:45,27.183796,0.0028,6.576303928,FALSE
28-08-2002 08:45,21.130648,0.0029,5.294495163,FALSE
29-08-2002 08:45,17.874613,0.0023,3.552043095,FALSE
31-08-2002 08:45,13.311037,0.0021,2.415154553,FALSE
02-09-2002 08:45,10.565894,0.0027,2.464811752,FALSE
03-09-2002 08:45,9.847132,0.0041,3.48824804,FALSE
04-09-2002 08:45,10.667144,0.0039,3.594400842,FALSE
05-09-2002 08:45,9.752672,0.0027,2.275103324,FALSE
06-09-2002 08:45,8.517444,0.0028,2.060540052,FALSE
07-09-2002 08:45,8.696484,0.006,4.508257306,FALSE
09-09-2002 08:45,10.645556,0.0043,3.955036965,FALSE
10-09-2002 08:45,19.484207,0.0035,5.892024197,FALSE
11-09-2002 08:45,17.851042,0.005,7.711650144,FALSE
12-09-2002 08:45,12.460498,0.0068,7.320791785,FALSE
13-09-2002 08:45,10.123665,0.0043,3.761144021,FALSE
14-09-2002 08:45,7.962399,0.0034,2.33903433,FALSE
16-09-2002 08:30,7.0167074,0.0031,1.87935491,FALSE
17-09-2002 08:45,7.458822,0.0023,1.482217108,FALSE
18-09-2002 08:45,7.281634,0.0039,2.453619393,FALSE
19-09-2002 08:30,5.9771504,0.0027,1.394349645,FALSE
20-09-2002 08:45,5.731183,0.0025,1.237935528,FALSE
21-09-2002 08:45,5.537773,0.005,2.392317936,FALSE
23-09-2002 08:45,4.5611296,0.0055,2.167448786,FALSE
24-09-2002 08:45,4.4689054,0.0027,1.042506252,FALSE
25-09-2002 08:45,3.9327424,0.0023,0.78151457,FALSE
26-09-2002 08:45,3.828553,0.0033,1.091597031,FALSE
28-09-2002 08:45,3.0813382,0.0051,1.357760864,FALSE
30-09-2002 08:45,2.7284143,0.0033,0.777925485,FALSE
01-10-2002 08:45,3.1317005,0.0029,0.784678877,FALSE
03-10-2002 08:45,3.6639428,0.0126,3.98871469,FALSE
04-10-2002 09:15,10.505742,0.0145,13.16159358,FALSE
05-10-2002 08:30,15.445798,0.0153,20.41810929,FALSE
07-10-2002 08:45,23.848576,0.008,16.48413573,FALSE
08-10-2002 08:45,41.697945,0.0067,24.1381064,FALSE
09-10-2002 09:45,113.186,0.0309,302.1794554,FALSE
10-10-2002 08:45,156.41179,0.0185,250.0086051,FALSE
11-10-2002 08:45,112.39653,0.0071,68.94852736,FALSE
12-10-2002 08:45,81.23201,0.0089,62.46416641,FALSE
16-10-2002 08:45,152.72319,0.0094,124.035666,FALSE
17-10-2002 09:15,211.87962,0.0171,313.0394258,FALSE
18-10-2002 08:45,128.89697,0.0074,82.41156674,FALSE
19-10-2002 08:45,96.61022,0.0059,49.24802575,FALSE
21-10-2002 08:45,60.270412,0.0038,19.78798167,FALSE
22-10-2002 08:45,42.48011,0.004,14.68112602,FALSE
23-10-2002 08:45,56.79354,0.0099,48.57892237,FALSE
25-10-2002 08:45,84.249084,0.0134,97.54021949,FALSE
26-10-2002 08:45,80.72301,0.006,41.84680838,FALSE
28-10-2002 08:45,63.314,0.0107,58.53252672,FALSE
29-10-2002 09:15,51.38711,0.0093,41.29057063,FALSE
30-10-2002 08:45,126.40583,0.0709,774.3317772,FALSE
31-10-2002 08:45,213.35887,0.0471,868.2511199,FALSE
01-11-2002 08:45,125.500145,0.0085,92.16730649,FALSE
02-11-2002 08:45,114.98536,0.0084,83.45177487,FALSE
05-11-2002 08:45,66.31284,0.0119,68.18020957,FALSE
06-11-2002 08:45,71.05226,0.0083,50.95299669,FALSE
07-11-2002 08:45,76.69003,0.0109,72.22360265,FALSE
08-11-2002 08:45,85.554886,0.0098,72.44103307,FALSE
09-11-2002 08:45,128.73474,0.0315,350.3644684,FALSE
11-11-2002 08:45,141.52997,0.0164,200.5423063,FALSE
12-11-2002 08:45,97.514305,0.0064,53.92151009,FALSE
13-11-2002 08:45,64.97306,0.0092,51.64578593,FALSE
14-11-2002 08:45,73.41715,0.0262,166.1929341,FALSE
18-11-2002 08:45,37.36096,0.0101,32.60266813,FALSE
20-11-2002 08:45,31.977367,0.0082,22.65532497,FALSE
21-11-2002 08:45,27.48563,0.0107,25.40991522,FALSE
22-11-2002 08:45,23.40191,0.0049,9.907432618,FALSE
23-11-2002 08:45,36.774467,0.0261,82.92789406,FALSE
25-11-2002 08:45,25.235043,0.0045,9.811384718,FALSE
26-11-2002 08:45,21.552603,0.0046,8.565866536,FALSE
27-11-2002 08:45,19.30495,0.0096,16.01229773,FALSE
28-11-2002 08:52,31.106905,0.0088,23.65120201,FALSE
29-11-2002 08:45,23.669697,0.0069,14.11092656,FALSE
30-11-2002 08:45,17.946896,0.0038,5.892324895,FALSE
02-12-2002 08:45,12.663633,0.0038,4.157723987,FALSE
03-12-2002 08:45,11.028569,0.0067,6.384218023,FALSE
04-12-2002 09:45,11.689175,0.0079,7.978563288,FALSE
05-12-2002 08:45,12.12268,0.0064,6.703357133,FALSE
07-12-2002 08:45,9.859611,0.0044,3.748229718,FALSE
09-12-2002 08:45,8.306496,0.0048,3.444870021,FALSE
10-12-2002 08:45,8.005912,0.0065,4.496120179,FALSE
12-12-2002 08:45,7.1791725,0.005,3.10140252,FALSE
13-12-2002 08:45,5.876989,0.0074,3.757511687,FALSE
14-12-2002 08:45,5.6898293,0.0066,3.24456826,FALSE
16-12-2002 08:37,4.6704164,0.0042,1.694800703,FALSE
17-12-2002 08:37,4.416796,0.0053,2.022539224,FALSE
18-12-2002 08:37,3.9379253,0.0074,2.51775192,FALSE
19-12-2002 08:37,3.9552727,0.0058,1.982066255,FALSE
20-12-2002 08:37,3.963004,0.0066,2.259863401,FALSE
21-12-2002 08:37,3.712027,0.0062,1.988458623,FALSE
23-12-2002 08:37,3.3935695,0.0029,0.850292774,FALSE
24-12-2002 08:37,2.9214256,0.0043,1.085368039,FALSE
26-12-2002 08:37,2.5831318,0.0077,1.718505924,FALSE
27-12-2002 08:37,2.5740323,0.0075,1.66797293,FALSE
28-12-2002 08:37,2.3378117,0.0071,1.434107209,FALSE
30-12-2002 08:37,2.3081048,0.0063,1.256347605,FALSE
31-12-2002 08:37,2.1151707,0.006,1.096504491,FALSE
01-01-2003 08:37,1.999534,0.0073,1.261146084,FALSE
02-01-2003 08:37,1.690192,0.009,1.314293299,FALSE
03-01-2003 08:37,1.7583402,0.0044,0.66845061,FALSE
04-01-2003 08:37,1.7503296,0.0051,0.771265235,FALSE
07-01-2003 08:37,1.1308538,0.0126,1.231092681,FALSE
08-01-2003 08:37,1.5639242,0.0162,2.188993424,FALSE
09-01-2003 08:37,1.525771,0.0263,3.467039959,FALSE
10-01-2003 08:37,1.376726,0.0147,1.748552158,FALSE
11-01-2003 08:37,1.3726829,0.0084,0.996238342,FALSE
13-01-2003 08:37,0.8274181,0.0132,0.943653795,FALSE
16-01-2003 08:37,0.68265164,0.0061,0.35978472,FALSE
17-01-2003 08:37,0.6816313,0.0119,0.700826037,FALSE
18-01-2003 08:37,0.6228462,0.0081,0.435892685,FALSE
20-01-2003 08:37,0.5669079,0.01,0.489808426,FALSE
21-01-2003 08:37,0.43473884,0.0111,0.416931937,FALSE
22-01-2003 08:37,0.2271851,0.0098,0.192362168,FALSE
29-01-2003 08:00,0,0,0,TRUE
30-01-2003 08:00,0,0,0,TRUE
31-01-2003 08:00,0,0,0,TRUE
01-02-2003 08:00,0,0,0,TRUE
02-02-2003 08:00,0,0,0,TRUE
03-02-2003 08:00,0,0,0,TRUE
04-02-2003 08:00,0,0,0,TRUE
05-02-2003 08:00,0,0,0,TRUE
06-02-2003 08:00,0,0,0,TRUE
07-02-2003 08:00,0,0,0,TRUE
08-02-2003 08:00,0,0,0,TRUE
09-02-2003 08:00,0,0,0,TRUE
10-02-2003 08:00,0,0,0,TRUE
11-02-2003 08:00,0,0,0,TRUE
12-02-2003 08:00,0,0,0,TRUE
13-02-2003 08:00,0,0,0,TRUE
14-02-2003 08:00,0,0,0,TRUE
15-02-2003 08:00,0,0,0,TRUE
16-02-2003 08:00,0,0,0,TRUE
17-02-2003 08:00,0,0,0,TRUE
18-02-2003 08:00,0,0,0,TRUE
19-02-2003 08:00,0,0,0,TRUE
20-02-2003 08:00,0,0,0,TRUE
21-02-2003 08:00,0,0,0,TRUE
22-02-2003 08:00,0,0,0,TRUE
23-02-2003 08:00,0,0,0,TRUE
24-02-2003 08:00,0,0,0,TRUE
25-02-2003 08:00,0,0,0,TRUE
26-02-2003 08:00,0,0,0,TRUE
27-02-2003 08:00,0,0,0,TRUE
28-02-2003 08:00,0,0,0,TRUE
01-03-2003 08:00,0,0,0,TRUE
02-03-2003 08:00,0,0,0,TRUE
03-03-2003 08:00,0,0,0,TRUE
04-03-2003 08:00,0,0,0,TRUE
05-03-2003 08:00,0,0,0,TRUE
06-03-2003 08:00,0,0,0,TRUE
07-03-2003 08:00,0,0,0,TRUE
08-03-2003 08:00,0,0,0,TRUE
09-03-2003 08:00,0,0,0,TRUE
10-03-2003 08:00,0,0,0,TRUE
11-03-2003 08:00,0,0,0,TRUE
12-03-2003 08:00,0,0,0,TRUE
13-03-2003 08:00,0,0,0,TRUE
14-03-2003 08:00,0,0,0,TRUE
15-03-2003 08:00,0,0,0,TRUE
16-03-2003 08:00,0,0,0,TRUE
17-03-2003 08:00,0,0,0,TRUE
18-03-2003 08:00,0,0,0,TRUE
19-03-2003 08:00,0,0,0,TRUE
20-03-2003 09:45,24.036104,0.0141,29.28174334,FALSE
21-03-2003 08:45,22.461071,0.01,19.40636534,FALSE
24-03-2003 08:45,5.825458,0.0222,11.17369448,FALSE
25-03-2003 08:45,4.023592,0.0102,3.545911158,FALSE
23-04-2003 08:45,4.4867373,0.0104,4.031602668,FALSE
24-04-2003 08:45,3.6965432,0.0112,3.577070924,FALSE
29-04-2003 08:45,3.803409,0.0199,6.539429298,FALSE
30-04-2003 08:45,15.477023,0.0141,18.8547285,FALSE
01-05-2003 08:45,27.866451,0.0162,39.00411414,FALSE
02-05-2003 08:45,21.947577,0.0079,14.98053816,FALSE
03-05-2003 08:45,12.351681,0.0074,7.897170764,FALSE
05-05-2003 08:45,9.599969,0.0076,6.303723644,FALSE
06-05-2003 08:45,8.744144,0.0089,6.72389697,FALSE
08-05-2003 08:45,6.865537,0.0073,4.330231497,FALSE
09-05-2003 08:45,6.5227942,0.0051,2.874204036,FALSE
10-05-2003 08:45,5.3708863,0.0074,3.433929865,FALSE
12-05-2003 08:45,4.204465,0.005,1.81632888,FALSE
13-05-2003 10:30,17.041857,0.0184,27.09246258,FALSE
15-05-2003 08:45,19.758118,0.0104,17.75385451,FALSE
17-05-2003 08:45,17.191214,0.0095,14.11054845,FALSE
19-05-2003 08:45,17.24812,0.0071,10.58068673,FALSE
20-05-2003 08:45,12.375943,0.0092,9.837389572,FALSE
21-05-2003 08:45,9.416183,0.0083,6.752533153,FALSE
22-05-2003 08:45,8.063558,0.0093,6.479230124,FALSE
23-05-2003 09:30,6.3327622,0.0081,4.431920298,FALSE
24-05-2003 08:45,5.4831357,0.0054,2.558211792,FALSE
26-05-2003 08:45,4.71785,0.0073,2.975642352,FALSE
27-05-2003 08:45,4.2529263,0.0066,2.425188693,FALSE
28-05-2003 08:45,3.4750416,0.0142,4.263459038,FALSE
29-05-2003 08:45,4.7219543,0.0067,2.733444905,FALSE
30-05-2003 09:52,4.7202725,0.0102,4.159881749,FALSE
31-05-2003 08:45,5.2723703,0.0058,2.642090205,FALSE
02-06-2003 08:45,3.5570772,0.0112,3.442112465,FALSE
04-06-2003 08:45,3.553649,0.0045,1.381658731,FALSE
07-06-2003 08:37,2.7813988,0.0055,1.32172071,FALSE
10-06-2003 08:37,3.276581,0.0161,4.557855234,FALSE
11-06-2003 08:37,2.8032613,0.0121,2.930641493,FALSE
14-06-2003 09:15,3.4424272,0.0126,3.747563947,FALSE
16-06-2003 08:37,10.670658,0.014,12.90722792,FALSE
17-06-2003 08:37,9.6135235,0.0055,4.568346367,FALSE
18-06-2003 08:37,14.930125,0.0064,8.25576192,FALSE
19-06-2003 09:15,25.09796,0.0234,50.74205161,FALSE
20-06-2003 09:00,39.91071,0.0138,47.58633775,FALSE
21-06-2003 09:30,97.98259,0.0441,373.3371837,FALSE
24-06-2003 09:45,263.5608,0.0191,434.9385746,FALSE
26-06-2003 08:45,179.61325,0.0089,138.1154047,FALSE
27-06-2003 08:45,129.39441,0.0108,120.7405119,FALSE
28-06-2003 08:45,126.36697,0.0123,134.2927064,FALSE
30-06-2003 08:45,144.28307,0.0088,109.7013038,FALSE
01-07-2003 08:45,119.925064,0.011,113.9767808,FALSE
02-07-2003 09:15,233.96942,0.0228,460.9010398,FALSE
03-07-2003 08:45,195.20668,0.007,118.0610001,FALSE
04-07-2003 08:45,147.48163,0.0049,62.43782288,FALSE
05-07-2003 08:45,152.09602,0.008,105.128769,FALSE
07-07-2003 08:45,147.30132,0.0125,159.0854256,FALSE
08-07-2003 08:45,116.837,0.007,70.6630176,FALSE
09-07-2003 08:45,76.40729,0.0035,23.1055645,FALSE
10-07-2003 08:45,67.33496,0.0053,30.83402488,FALSE
11-07-2003 08:45,56.622772,0.0053,25.92869975,FALSE
12-07-2003 08:45,66.68866,0.0104,59.92376233,FALSE
14-07-2003 08:45,93.65322,0.005,40.45819104,FALSE
15-07-2003 08:45,117.366684,0.0066,66.92717788,FALSE
16-07-2003 08:45,282.01648,0.0366,891.8037937,FALSE
17-07-2003 08:45,244.33604,0.0103,217.4395287,FALSE
18-07-2003 08:45,153.85843,0.0065,86.40689429,FALSE
19-07-2003 08:45,144.2595,0.011,137.1042288,FALSE
21-07-2003 08:45,143.09946,0.0057,70.47362206,FALSE
22-07-2003 08:45,136.47704,0.0098,115.5578393,FALSE
23-07-2003 08:45,143.85214,0.0096,119.316719,FALSE
24-07-2003 09:00,162.44109,0.0106,148.7700479,FALSE
25-07-2003 08:45,140.49055,0.0054,65.54727101,FALSE
26-07-2003 08:45,115.46921,0.0073,72.82874013,FALSE
28-07-2003 08:45,76.149895,0.0058,38.16023538,FALSE
29-07-2003 08:45,71.89847,0.0094,58.3930614,FALSE
30-07-2003 08:45,59.1972,0.0044,22.50440755,FALSE
31-07-2003 08:45,47.106888,0.0037,15.05912996,FALSE
01-08-2003 08:45,72.92012,0.0081,51.03241678,FALSE
02-08-2003 08:45,67.95126,0.0074,43.44531759,FALSE
04-08-2003 08:45,50.588314,0.0079,34.5295596,FALSE
05-08-2003 08:45,47.67723,0.0047,19.36076956,FALSE
06-08-2003 08:45,43.2386,0.0037,13.82251565,FALSE
07-08-2003 08:45,51.356857,0.0036,15.9740368,FALSE
08-08-2003 08:45,51.37861,0.0048,21.30773714,FALSE
11-08-2003 08:45,77.56261,0.0138,92.47945116,FALSE
12-08-2003 08:45,67.10712,0.0039,22.61241516,FALSE
13-08-2003 08:45,96.332634,0.0119,99.04536097,FALSE
14-08-2003 08:45,162.32126,0.0357,500.67668,FALSE
16-08-2003 08:45,225.899,0.025,487.94184,FALSE
18-08-2003 08:45,143.19899,0.0088,108.8770561,FALSE
19-08-2003 08:45,101.77735,0.0084,73.86592954,FALSE
21-08-2003 08:45,64.35258,0.0057,31.6923586,FALSE
22-08-2003 08:45,141.85524,0.0232,284.3459915,FALSE
23-08-2003 08:45,269.6403,0.0181,421.6742868,FALSE
25-08-2003 08:45,216.71533,0.01,187.2420451,FALSE
26-08-2003 08:45,162.59615,0.0148,207.9149489,FALSE
27-08-2003 08:45,110.95402,0.0126,120.7889843,FALSE
28-08-2003 08:45,75.78582,0.0074,48.45442188,FALSE
29-08-2003 08:45,57.97591,0.0044,22.04012195,FALSE
30-08-2003 08:45,42.7927,0.0045,16.63780176,FALSE
01-09-2003 08:45,96.27472,0.0162,134.7538001,FALSE
02-09-2003 08:45,73.26076,0.0072,45.57405358,FALSE
03-09-2003 08:45,168.35536,0.104,1512.773923,FALSE
04-09-2003 08:45,89.22832,0.0133,102.5340471,FALSE
05-09-2003 08:45,58.69205,0.0071,36.00405115,FALSE
06-09-2003 08:45,48.11339,0.0038,15.7965882,FALSE
09-09-2003 08:45,24.351948,0.0036,7.574429906,FALSE
10-09-2003 08:45,21.645573,0.0042,7.85474553,FALSE
11-09-2003 08:45,19.352558,0.0036,6.01941964,FALSE
12-09-2003 08:45,16.901375,0.0035,5.1109758,FALSE
13-09-2003 08:45,15.511175,0.0057,7.638943464,FALSE
15-09-2003 08:45,12.619928,0.0043,4.688555651,FALSE
16-09-2003 08:45,11.334886,0.004,3.917336602,FALSE
17-09-2003 08:45,9.703341,0.0043,3.604985248,FALSE
18-09-2003 08:45,10.09258,0.003,2.615996736,FALSE
19-09-2003 08:45,11.548877,0.0033,3.29281581,FALSE
20-09-2003 08:45,12.230103,0.0057,6.023081125,FALSE
22-09-2003 08:45,8.706589,0.0077,5.79231953,FALSE
23-09-2003 08:45,7.6461396,0.0089,5.879575507,FALSE
24-09-2003 08:45,6.7584915,0.0022,1.284654064,FALSE
25-09-2003 08:30,5.0348125,0.0031,1.34852418,FALSE
26-09-2003 08:30,4.554059,0.0038,1.495188651,FALSE
29-09-2003 08:30,4.2136927,0.0029,1.055782843,FALSE
30-09-2003 08:30,6.8686833,0.0043,2.55185322,FALSE
01-10-2003 08:30,5.658461,0.0023,1.12444937,FALSE
06-10-2003 08:30,114.19921,0.0189,186.482742,FALSE
07-10-2003 08:30,141.66095,0.0139,170.1291345,FALSE
08-10-2003 08:30,247.11458,0.0207,441.959484,FALSE
09-10-2003 08:30,188.96428,0.0202,329.7955786,FALSE
10-10-2003 08:30,109.93856,0.0037,35.14515886,FALSE
11-10-2003 08:30,67.68296,0.0048,28.06947717,FALSE
13-10-2003 08:30,106.80767,0.0616,568.4560536,FALSE
14-10-2003 08:30,182.84012,0.0305,481.8202842,FALSE
15-10-2003 08:45,148.92496,0.011,141.538282,FALSE
16-10-2003 08:30,132.10448,0.0242,276.2146151,FALSE
17-10-2003 08:30,182.02542,0.0516,811.5130085,FALSE
18-10-2003 08:45,140.09317,0.01,121.0404989,FALSE
20-10-2003 08:45,127.9775,0.0139,153.6958584,FALSE
21-10-2003 08:30,118.86161,0.0117,120.1548243,FALSE
22-10-2003 08:45,119.62241,0.0121,125.0580523,FALSE
23-10-2003 08:45,100.737915,0.0064,55.70403748,FALSE
25-10-2003 08:45,158.96417,0.0148,203.2706635,FALSE
27-10-2003 08:45,83.252975,0.0047,33.80736809,FALSE
28-10-2003 08:45,57.74772,0.0055,27.44171654,FALSE
29-10-2003 08:45,56.178146,0.0058,28.15199252,FALSE
30-10-2003 08:45,45.558434,0.0042,16.53224453,FALSE
31-10-2003 08:45,61.849728,0.0095,50.76625674,FALSE
01-11-2003 08:45,62.92446,0.0101,54.91040077,FALSE
03-11-2003 08:45,63.78948,0.009,49.60269965,FALSE
04-11-2003 08:45,50.773586,0.0061,26.75971077,FALSE
05-11-2003 08:45,41.680435,0.0063,22.68749438,FALSE
06-11-2003 08:45,37.023357,0.0031,9.916335939,FALSE
07-11-2003 08:45,33.626987,0.0028,8.135040695,FALSE
10-11-2003 08:45,26.457436,0.0026,5.943398423,FALSE
11-11-2003 08:45,20.75994,0.0013,2.331756461,FALSE
12-11-2003 08:45,18.603073,0.0016,2.571688812,FALSE
13-11-2003 08:45,17.559965,0.0021,3.18608005,FALSE
14-11-2003 08:45,14.586874,0.0027,3.402825967,FALSE
15-11-2003 08:45,10.252178,0.0033,2.923100991,FALSE
17-11-2003 08:45,8.476027,0.003,2.196986198,FALSE
18-11-2003 08:45,9.56851,0.0023,1.901454307,FALSE
19-11-2003 08:45,10.060497,0.0025,2.173067352,FALSE
20-11-2003 08:45,9.35019,0.0037,2.989068739,FALSE
21-11-2003 08:45,8.261336,0.0023,1.64169269,FALSE
22-11-2003 08:45,7.367351,0.002,1.273078253,FALSE
24-11-2003 08:45,5.8629913,0.0033,1.671656079,FALSE
26-11-2003 08:45,5.257698,0.0047,2.135046004,FALSE
27-11-2003 08:45,4.914887,0.0026,1.104080216,FALSE
28-11-2003 08:45,4.741715,0.003,1.229052528,FALSE
29-11-2003 08:45,4.571869,0.0042,1.659039823,FALSE
01-12-2003 08:45,4.3950987,0.0038,1.442998805,FALSE
02-12-2003 08:45,4.287375,0.0025,0.926073,FALSE
03-12-2003 08:45,3.4670677,0.0021,0.629064763,FALSE
04-12-2003 08:45,3.5811327,0.0039,1.206698475,FALSE
05-12-2003 08:45,2.9437845,0.0024,0.610423154,FALSE
06-12-2003 08:45,2.5674639,0.0029,0.643303755,FALSE
08-12-2003 08:45,2.126835,0.0026,0.477772214,FALSE
09-12-2003 08:30,1.7067109,0.0069,1.01747277,FALSE
10-12-2003 08:45,1.6952615,0.0042,0.615176493,FALSE
11-12-2003 08:45,1.5587579,0.0055,0.740721754,FALSE
12-12-2003 08:30,1.2181869,0.0053,0.557832145,FALSE
13-12-2003 08:30,1.0806264,0.0058,0.541523502,FALSE
17-12-2003 08:45,0.95911133,0.0051,0.422622816,FALSE
18-12-2003 08:45,0.9198324,0.0084,0.667577563,FALSE
19-12-2003 08:30,0.9250179,0.0069,0.551458671,FALSE
20-12-2003 08:45,1.5942008,0.011,1.51512844,FALSE
22-12-2003 08:30,1.0318073,0.009,0.802333356,FALSE
23-12-2003 08:45,0.8487121,0.0063,0.46197097,FALSE
24-12-2003 08:45,0.802,0.0034,0.23559552,FALSE
27-12-2003 08:45,0.90929294,0.0038,0.298539058,FALSE
01-01-2004 08:00,0,0,0,TRUE
02-01-2004 08:00,0,0,0,TRUE
03-01-2004 08:00,0,0,0,TRUE
04-01-2004 08:00,0,0,0,TRUE
05-01-2004 08:00,0,0,0,TRUE
06-01-2004 08:00,0,0,0,TRUE
07-01-2004 08:00,0,0,0,TRUE
08-01-2004 08:00,0,0,0,TRUE
09-01-2004 08:00,0,0,0,TRUE
10-01-2004 08:00,0,0,0,TRUE
11-01-2004 08:00,0,0,0,TRUE
12-01-2004 08:00,0,0,0,TRUE
13-01-2004 08:00,0,0,0,TRUE
14-01-2004 08:00,0,0,0,TRUE
15-01-2004 08:00,0,0,0,TRUE
16-01-2004 08:00,0,0,0,TRUE
17-01-2004 08:00,0,0,0,TRUE
18-01-2004 08:00,0,0,0,TRUE
19-01-2004 08:00,0,0,0,TRUE
20-01-2004 08:00,0,0,0,TRUE
21-01-2004 08:00,0,0,0,TRUE
22-01-2004 08:00,0,0,0,TRUE
23-01-2004 08:00,0,0,0,TRUE
24-01-2004 08:00,0,0,0,TRUE
25-01-2004 08:00,0,0,0,TRUE
27-01-2004 08:00,0,0,0,TRUE
28-01-2004 08:00,0,0,0,TRUE
29-01-2004 08:00,0,0,0,TRUE
30-01-2004 08:00,0,0,0,TRUE
31-01-2004 08:00,0,0,0,TRUE
01-02-2004 08:00,0,0,0,TRUE
02-02-2004 08:00,0,0,0,TRUE
03-02-2004 08:00,0,0,0,TRUE
04-02-2004 08:00,0,0,0,TRUE
05-02-2004 08:00,0,0,0,TRUE
06-02-2004 08:00,0,0,0,TRUE
07-02-2004 08:00,0,0,0,TRUE
08-02-2004 08:00,0,0,0,TRUE
09-02-2004 08:00,0,0,0,TRUE
10-02-2004 08:00,0,0,0,TRUE
11-02-2004 08:00,0,0,0,TRUE
12-02-2004 08:00,0,0,0,TRUE
13-02-2004 08:00,0,0,0,TRUE
14-02-2004 08:00,0,0,0,TRUE
15-02-2004 08:00,0,0,0,TRUE
16-02-2004 08:00,0,0,0,TRUE
17-02-2004 08:00,0,0,0,TRUE
18-02-2004 08:00,0,0,0,TRUE
19-02-2004 08:00,0,0,0,TRUE
20-02-2004 08:00,0,0,0,TRUE
21-02-2004 08:00,0,0,0,TRUE
22-02-2004 08:00,0,0,0,TRUE
23-02-2004 08:00,0,0,0,TRUE
24-02-2004 08:00,0,0,0,TRUE
25-02-2004 08:00,0,0,0,TRUE
26-02-2004 08:00,0,0,0,TRUE
27-02-2004 08:00,0,0,0,TRUE
28-02-2004 08:00,0,0,0,TRUE
29-02-2004 08:00,0,0,0,TRUE
01-03-2004 08:00,0,0,0,TRUE
02-03-2004 08:00,0,0,0,TRUE
03-03-2004 08:00,0,0,0,TRUE
04-03-2004 08:00,0,0,0,TRUE
05-03-2004 08:00,0,0,0,TRUE
06-03-2004 08:00,0,0,0,TRUE
07-03-2004 08:00,0,0,0,TRUE
08-03-2004 08:00,0,0,0,TRUE
09-03-2004 08:00,0,0,0,TRUE
10-03-2004 08:00,0,0,0,TRUE
11-03-2004 08:00,0,0,0,TRUE
12-03-2004 08:00,0,0,0,TRUE
13-03-2004 08:00,0,0,0,TRUE
14-03-2004 08:00,0,0,0,TRUE
15-03-2004 08:00,0,0,0,TRUE
16-03-2004 08:00,0,0,0,TRUE
17-03-2004 08:00,0,0,0,TRUE
18-03-2004 08:00,0,0,0,TRUE
19-03-2004 08:00,0,0,0,TRUE
20-03-2004 08:00,0,0,0,TRUE
21-03-2004 08:00,0,0,0,TRUE
22-03-2004 08:00,0,0,0,TRUE
23-03-2004 08:00,0,0,0,TRUE
24-03-2004 08:00,0,0,0,TRUE
25-03-2004 08:00,0,0,0,TRUE
26-03-2004 08:00,0,0,0,TRUE
27-03-2004 08:00,0,0,0,TRUE
28-03-2004 08:00,0,0,0,TRUE
29-03-2004 08:00,0,0,0,TRUE
30-03-2004 08:00,0,0,0,TRUE
31-03-2004 08:00,0,0,0,TRUE
01-04-2004 08:00,0,0,0,TRUE
02-04-2004 08:00,0,0,0,TRUE
03-04-2004 08:00,0,0,0,TRUE
04-04-2004 08:00,0,0,0,TRUE
05-04-2004 08:00,0,0,0,TRUE
06-04-2004 08:00,0,0,0,TRUE
07-04-2004 08:00,0,0,0,TRUE
08-04-2004 08:00,0,0,0,TRUE
09-04-2004 08:00,0,0,0,TRUE
10-04-2004 08:00,0,0,0,TRUE
11-04-2004 08:00,0,0,0,TRUE
12-04-2004 08:00,0,0,0,TRUE
13-04-2004 08:00,0,0,0,TRUE
14-04-2004 08:00,0,0,0,TRUE
15-04-2004 08:00,0,0,0,TRUE
16-04-2004 09:07,1.684056,0.0067,0.974866337,FALSE
19-04-2004 08:45,1.2044973,0.0048,0.49952912,FALSE
20-04-2004 08:30,1.1207099,0.0113,1.09417149,FALSE
27-04-2004 08:45,4.108966,0.0071,2.520604103,FALSE
28-04-2004 08:45,11.636239,0.0121,12.1649897,FALSE
29-04-2004 08:45,9.592592,0.0084,6.96191957,FALSE
30-04-2004 08:45,20.744425,0.0174,31.18633877,FALSE
03-05-2004 08:45,67.16216,0.0155,89.94356467,FALSE
05-05-2004 08:45,31.105858,0.0092,24.72542441,FALSE
06-05-2004 09:45,102.05704,0.0257,226.6156162,FALSE
07-05-2004 08:45,222.11008,0.0282,541.1667677,FALSE
08-05-2004 09:15,227.25839,0.0171,335.7606357,FALSE
11-05-2004 08:45,61.861263,0.0106,56.65501911,FALSE
12-05-2004 08:45,42.68105,0.0081,29.86990603,FALSE
13-05-2004 08:45,33.303528,0.0044,12.6606692,FALSE
14-05-2004 08:45,29.341698,0.0054,13.68966262,FALSE
15-05-2004 08:45,36.097443,0.0074,23.07926116,FALSE
17-05-2004 08:45,81.79145,0.0117,82.68134098,FALSE
18-05-2004 12:30,273.59705,0.0599,1415.963229,FALSE
19-05-2004 08:45,236.0938,0.0182,371.2527786,FALSE
20-05-2004 08:45,188.31004,0.0119,193.6128507,FALSE
21-05-2004 08:45,200.2476,0.0153,264.7113074,FALSE
22-05-2004 08:45,164.7508,0.0062,88.25370854,FALSE
24-05-2004 08:45,120.445366,0.00666,69.30715429,FALSE
25-05-2004 08:45,97.11943,0.008,67.12895002,FALSE
26-05-2004 08:45,78.48669,0.0072,48.82500012,FALSE
27-05-2004 08:45,138.08894,0.0149,177.7701778,FALSE
28-05-2004 08:45,145.41656,0.0047,59.05075668,FALSE
29-05-2004 08:30,96.05029,0.0041,34.02485473,FALSE
31-05-2004 08:45,77.64011,0.0038,25.49080092,FALSE
01-06-2004 08:45,54.07226,0.0019,8.876502202,FALSE
02-06-2004 08:45,59.910435,0.009,46.58635426,FALSE
03-06-2004 08:45,48.89118,0.0043,18.16405119,FALSE
04-06-2004 08:45,98.51745,0.0157,133.6369506,FALSE
05-06-2004 08:45,106.78268,0.0145,133.7773415,FALSE
07-06-2004 08:45,184.81248,0.0155,247.5008732,FALSE
08-06-2004 08:45,175.04398,0.0133,201.1465383,FALSE
09-06-2004 08:45,163.7733,0.0081,114.6151063,FALSE
10-06-2004 08:45,195.5588,0.0193,326.0982102,FALSE
11-06-2004 08:45,165.1352,0.0067,95.59346458,FALSE
12-06-2004 08:45,120.79935,0.0079,82.45280434,FALSE
14-06-2004 08:45,206.70721,0.0116,207.1702342,FALSE
15-06-2004 08:45,180.84908,0.0102,159.3786772,FALSE
16-06-2004 08:45,161.78542,0.0097,135.5891248,FALSE
17-06-2004 08:45,154.56111,0.0076,101.4910073,FALSE
18-06-2004 08:45,170.37775,0.0148,217.8654365,FALSE
19-06-2004 08:45,209.54297,0.0227,410.9724362,FALSE
21-06-2004 08:45,86.39356,0.0114,85.09420086,FALSE
22-06-2004 08:45,81.333015,0.0046,32.32499348,FALSE
23-06-2004 08:45,44.885323,0.0029,11.24646653,FALSE
24-06-2004 08:45,40.39721,0.0039,13.61224388,FALSE
25-06-2004 08:45,32.744827,0.0036,10.18495099,FALSE
26-06-2004 08:30,27.990068,0.0022,5.320352125,FALSE
28-06-2004 08:37,32.64284,0.0039,10.99933137,FALSE
29-06-2004 08:45,81.10316,0.0108,75.67898066,FALSE
30-06-2004 08:45,145.3395,0.0161,202.1730581,FALSE
01-07-2004 08:45,155.59886,0.0164,220.4773607,FALSE
02-07-2004 08:30,118.76013,0.0137,140.5739907,FALSE
03-07-2004 08:30,130.57089,0.0081,91.37873166,FALSE
05-07-2004 08:30,151.95297,0.0193,253.3846165,FALSE
06-07-2004 08:45,145.65991,0.0092,115.7821493,FALSE
07-07-2004 09:45,135.09012,0.0106,123.7209355,FALSE
08-07-2004 08:45,146.73723,0.0203,257.3653624,FALSE
09-07-2004 08:45,166.55934,0.0192,276.3019579,FALSE
10-07-2004 08:45,181.51825,0.0151,236.8159697,FALSE
12-07-2004 08:45,114.645485,0.0039,38.63094263,FALSE
13-07-2004 08:45,97.50462,0.004,33.69759667,FALSE
14-07-2004 08:45,71.26541,0.0037,22.78212627,FALSE
15-07-2004 08:45,59.80979,0.0047,24.28755952,FALSE
16-07-2004 08:45,115.38066,0.0131,130.5924462,FALSE
17-07-2004 08:45,109.947075,0.0058,55.09667822,FALSE
19-07-2004 08:45,84.83582,0.0035,25.65435197,FALSE
20-07-2004 08:45,72.05272,0.0014,8.715497011,FALSE
21-07-2004 08:45,65.60918,0.0014,7.936086413,FALSE
22-07-2004 08:45,64.491234,0.002,11.14408524,FALSE
23-07-2004 08:45,47.17696,0.0032,13.0434859,FALSE
24-07-2004 08:45,51.521328,0.0031,13.79947249,FALSE
26-07-2004 08:45,46.875847,0.0026,10.53019027,FALSE
27-07-2004 08:45,40.809727,0.0036,12.69345749,FALSE
28-07-2004 08:45,62.36965,0.0062,33.41017411,FALSE
29-07-2004 08:45,51.401672,0.0061,27.09073721,FALSE
30-07-2004 08:45,67.01795,0.0033,19.1081579,FALSE
31-07-2004 08:45,62.446953,0.0022,11.86991683,FALSE
02-08-2004 08:45,38.5788,0.0023,7.666379136,FALSE
03-08-2004 08:45,35.65435,0.0026,8.009393184,FALSE
05-08-2004 09:15,362.91367,0.0295,924.9943621,FALSE
06-08-2004 08:45,283.43207,0.0237,580.3781811,FALSE
07-08-2004 08:45,201.09108,0.0118,205.0163779,FALSE
09-08-2004 08:45,115.20539,0.0127,126.4125703,FALSE
10-08-2004 08:45,80.11624,0.0061,42.22446313,FALSE
11-08-2004 08:45,62.95855,0.0073,39.70921666,FALSE
12-08-2004 08:45,49.012,0.007,29.6424576,FALSE
13-08-2004 09:15,42.228333,0.0029,10.58073112,FALSE
14-08-2004 08:45,49.439053,0.01,42.71534179,FALSE
16-08-2004 08:45,83.0385,0.007,50.2216848,FALSE
17-08-2004 08:45,76.2137,0.005,32.9243184,FALSE
18-08-2004 08:45,63.932003,0.0032,17.67592019,FALSE
19-08-2004 08:45,54.77691,0.003,14.19817507,FALSE
20-08-2004 08:45,47.928864,0.0031,12.83726693,FALSE
21-08-2004 08:45,39.89611,0.0033,11.37517888,FALSE
23-08-2004 08:45,25.009968,0.0022,4.753894717,FALSE
24-08-2004 08:45,24.31671,0.0023,4.832216611,FALSE
25-08-2004 08:30,21.92075,0.0015,2.8409292,FALSE
26-08-2004 08:45,23.5943,0.0021,4.280949792,FALSE
27-08-2004 08:45,20.55508,0.0019,3.374321933,FALSE
30-08-2004 08:45,18.283045,0.0021,3.317275685,FALSE
31-08-2004 08:45,17.035671,0.0039,5.7403397,FALSE
01-09-2004 08:45,14.915955,0.0018,2.319729322,FALSE
02-09-2004 08:30,13.26419,0.0016,1.833641626,FALSE
03-09-2004 08:30,13.079843,0.0045,5.085442958,FALSE
04-09-2004 08:30,12.311372,0.0036,3.829329147,FALSE
06-09-2004 08:30,12.065266,0.0034,3.54429254,FALSE
08-09-2004 08:45,15.645399,0.003,4.055287421,FALSE
09-09-2004 08:45,15.037312,0.0023,2.988214641,FALSE
10-09-2004 08:45,16.78356,0.0018,2.610179251,FALSE
11-09-2004 08:45,24.478418,0.0034,7.190780072,FALSE
13-09-2004 08:45,23.85212,0.003,6.182469504,FALSE
14-09-2004 08:45,17.015095,0.002,2.940208416,FALSE
15-09-2004 08:45,15.134302,0.0026,3.399769601,FALSE
16-09-2004 08:45,23.207817,0.0022,4.411341855,FALSE
17-09-2004 08:45,19.591429,0.0028,4.739558504,FALSE
18-09-2004 08:45,16.694986,0.0043,6.202521199,FALSE
20-09-2004 08:30,28.698357,0.0065,16.11699729,FALSE
21-09-2004 08:45,32.764244,0.0056,15.85265182,FALSE
22-09-2004 08:45,27.773508,0.0027,6.479003946,FALSE
23-09-2004 08:45,27.44708,0.0025,5.92856928,FALSE
24-09-2004 08:45,40.495937,0.0078,27.29102186,FALSE
25-09-2004 08:45,114.49407,0.053,524.2912453,FALSE
27-09-2004 08:45,99.861534,0.0297,256.2526852,FALSE
28-09-2004 10:00,108.36025,0.0154,144.1798142,FALSE
29-09-2004 08:45,100.93778,0.0092,80.23342257,FALSE
30-09-2004 08:45,66.10114,0.0065,37.12240022,FALSE
01-10-2004 08:30,47.208088,0.005,20.39389402,FALSE
04-10-2004 08:30,167.38794,0.0233,336.9720098,FALSE
05-10-2004 08:30,171.09868,0.0201,297.1368116,FALSE
06-10-2004 08:30,114.30055,0.0065,64.19118888,FALSE
07-10-2004 08:30,85.53353,0.0058,42.86256255,FALSE
08-10-2004 08:45,63.81745,0.0036,19.84977965,FALSE
09-10-2004 08:45,45.344074,0.0031,12.14495678,FALSE
11-10-2004 08:45,44.778656,0.0074,28.6296815,FALSE
12-10-2004 09:30,77.00192,0.0122,81.16618383,FALSE
13-10-2004 09:15,79.07825,0.0238,162.610187,FALSE
14-10-2004 08:45,78.248886,0.0193,130.4815824,FALSE
15-10-2004 08:45,132.57494,0.1156,1324.137289,FALSE
16-10-2004 08:45,110.376884,0.0423,403.3966055,FALSE
18-10-2004 08:45,66.40538,0.013,74.58652282,FALSE
19-10-2004 08:45,98.5711,0.0658,560.388532,FALSE
20-10-2004 08:45,120.0216,0.0213,220.8781509,FALSE
23-10-2004 08:45,65.69185,0.0084,47.67651706,FALSE
25-10-2004 08:45,39.659664,0.0082,28.09807875,FALSE
26-10-2004 08:45,37.030792,0.0058,18.55687049,FALSE
27-10-2004 08:45,29.852959,0.0048,12.38061916,FALSE
28-10-2004 08:45,28.136974,0.0035,8.508620938,FALSE
29-10-2004 08:30,24.21852,0.0045,9.416160576,FALSE
30-10-2004 08:45,53.92469,0.0288,134.1818846,FALSE
01-11-2004 08:45,51.393585,0.0116,51.50870663,FALSE
02-11-2004 08:45,46.579754,0.0082,33.00082411,FALSE
03-11-2004 08:45,45.32647,0.0063,24.67210415,FALSE
04-11-2004 08:45,38.31024,0.0042,13.90201989,FALSE
05-11-2004 08:45,32.08032,0.0032,8.869566874,FALSE
06-11-2004 08:45,54.9354,0.0188,89.23266893,FALSE
08-11-2004 08:45,55.811813,0.011,53.04354708,FALSE
09-11-2004 08:45,40.70187,0.0055,19.34152862,FALSE
10-11-2004 08:45,35.898247,0.0054,16.74868612,FALSE
11-11-2004 08:45,53.12043,0.044,201.9426267,FALSE
13-11-2004 08:45,45.157143,0.0234,91.29690543,FALSE
15-11-2004 08:45,26.393171,0.0077,17.5588488,FALSE
16-11-2004 08:45,24.571424,0.0069,14.64850013,FALSE
17-11-2004 08:45,22.702818,0.0045,8.826855638,FALSE
18-11-2004 08:45,17.257826,0.003,4.473228499,FALSE
19-11-2004 08:45,16.968966,0.0029,4.251744121,FALSE
20-11-2004 08:30,15.694633,0.0034,4.61045539,FALSE
22-11-2004 08:45,13.987669,0.0045,5.438405707,FALSE
23-11-2004 08:45,13.246255,0.0037,4.234562798,FALSE
24-11-2004 08:45,12.56611,0.0033,3.582849283,FALSE
25-11-2004 08:45,11.777956,0.0033,3.358130815,FALSE
27-11-2004 08:30,11.186578,0.0028,2.70625695,FALSE
29-11-2004 08:45,10.37572,0.004,3.585848832,FALSE
30-11-2004 08:45,9.582648,0.0048,3.974115779,FALSE
09-12-2004 08:45,2.7013373,0.002,0.466791085,FALSE
10-12-2004 08:45,2.6206045,0.0039,0.883038892,FALSE
11-12-2004 08:45,2.614264,0.004,0.903489638,FALSE
13-12-2004 08:45,1.9588437,0.0043,0.727749611,FALSE
14-12-2004 08:45,1.717787,0.0039,0.578825508,FALSE
15-12-2004 08:45,1.7207237,0.0041,0.609549163,FALSE
16-12-2004 08:45,1.6945207,0.0042,0.614907672,FALSE
17-12-2004 08:45,1.6336362,0.0049,0.691616222,FALSE
18-12-2004 08:45,1.4403168,0.0036,0.447996137,FALSE
20-12-2004 08:45,1.0404764,0.0048,0.431506373,FALSE
21-12-2004 08:45,1.0459745,0.0035,0.316302689,FALSE
22-12-2004 08:45,0.87817824,0.0021,0.15933666,FALSE
23-12-2004 08:45,0.89758015,0.0031,0.240407867,FALSE
24-12-2004 08:45,0.7980534,0.0042,0.289597618,FALSE
27-12-2004 08:45,0.7772335,0.0026,0.174597733,FALSE
28-12-2004 08:45,0.74062264,0.0024,0.153575511,FALSE
29-12-2004 08:45,0.67548895,0.0028,0.163414287,FALSE
30-12-2004 08:45,0.6761838,0.0023,0.134371245,FALSE
01-01-2005 08:00,0.7695595,0.0035,0.232714793,FALSE
02-01-2005 08:00,0,0,0,TRUE
03-01-2005 08:00,0,0,0,TRUE
04-01-2005 08:00,0,0,0,TRUE
05-01-2005 08:00,0,0,0,TRUE
06-01-2005 08:00,0,0,0,TRUE
07-01-2005 08:00,0,0,0,TRUE
08-01-2005 08:00,0,0,0,TRUE
09-01-2005 08:00,0,0,0,TRUE
10-01-2005 08:00,0,0,0,TRUE
11-01-2005 08:00,0,0,0,TRUE
12-01-2005 08:00,0,0,0,TRUE
13-01-2005 08:00,0,0,0,TRUE
14-01-2005 08:00,0,0,0,TRUE
15-01-2005 08:00,0,0,0,TRUE
16-01-2005 08:00,0,0,0,TRUE
17-01-2005 08:00,0,0,0,TRUE
18-01-2005 08:00,0,0,0,TRUE
19-01-2005 08:00,0,0,0,TRUE
20-01-2005 08:00,0,0,0,TRUE
21-01-2005 08:00,0,0,0,TRUE
22-01-2005 08:00,0,0,0,TRUE
23-01-2005 08:00,0,0,0,TRUE
24-01-2005 08:00,0,0,0,TRUE
25-01-2005 08:00,0,0,0,TRUE
26-01-2005 08:00,0,0,0,TRUE
27-01-2005 08:00,0,0,0,TRUE
28-01-2005 08:00,0,0,0,TRUE
29-01-2005 08:00,0,0,0,TRUE
30-01-2005 08:00,0,0,0,TRUE
31-01-2005 08:00,0,0,0,TRUE
01-02-2005 08:00,0,0,0,TRUE
02-02-2005 08:00,0,0,0,TRUE
03-02-2005 08:00,0,0,0,TRUE
04-02-2005 08:00,0,0,0,TRUE
05-02-2005 08:00,0,0,0,TRUE
06-02-2005 08:00,0,0,0,TRUE
07-02-2005 08:00,0,0,0,TRUE
08-02-2005 08:00,0,0,0,TRUE
09-02-2005 08:00,0,0,0,TRUE
10-02-2005 08:00,0,0,0,TRUE
11-02-2005 08:00,0,0,0,TRUE
12-02-2005 08:00,0,0,0,TRUE
13-02-2005 08:00,0,0,0,TRUE
14-02-2005 08:00,0,0,0,TRUE
15-02-2005 08:00,0,0,0,TRUE
16-02-2005 08:00,0,0,0,TRUE
17-02-2005 08:00,0,0,0,TRUE
18-02-2005 08:00,0,0,0,TRUE
19-02-2005 08:00,0,0,0,TRUE
20-02-2005 08:00,0,0,0,TRUE
21-02-2005 08:00,0,0,0,TRUE
22-02-2005 08:00,0,0,0,TRUE
23-02-2005 08:00,0,0,0,TRUE
24-02-2005 08:00,0,0,0,TRUE
25-02-2005 08:00,0,0,0,TRUE
26-02-2005 08:00,0,0,0,TRUE
27-02-2005 08:00,0,0,0,TRUE
28-02-2005 08:00,0,0,0,TRUE
01-03-2005 08:00,0,0,0,TRUE
02-03-2005 08:00,0,0,0,TRUE
03-03-2005 08:00,0,0,0,TRUE
04-03-2005 08:00,0,0,0,TRUE
05-03-2005 08:00,0,0,0,TRUE
06-03-2005 08:00,0,0,0,TRUE
07-03-2005 08:00,0,0,0,TRUE
08-03-2005 08:00,0,0,0,TRUE
09-03-2005 08:00,0,0,0,TRUE
10-03-2005 08:00,0,0,0,TRUE
11-03-2005 08:00,0,0,0,TRUE
12-03-2005 08:00,0,0,0,TRUE
13-03-2005 08:00,0,0,0,TRUE
14-03-2005 08:00,0,0,0,TRUE
15-03-2005 08:00,0,0,0,TRUE
16-03-2005 08:00,0,0,0,TRUE
17-03-2005 08:00,0,0,0,TRUE
18-03-2005 08:00,0,0,0,TRUE
19-03-2005 08:00,0,0,0,TRUE
20-03-2005 08:00,0,0,0,TRUE
21-03-2005 08:00,0,0,0,TRUE
22-03-2005 08:00,0,0,0,TRUE
23-03-2005 08:00,0,0,0,TRUE
24-03-2005 08:00,0,0,0,TRUE
25-03-2005 08:00,0,0,0,TRUE
26-03-2005 08:00,0,0,0,TRUE
27-03-2005 08:00,0,0,0,TRUE
28-03-2005 08:00,0,0,0,TRUE
29-03-2005 08:00,0,0,0,TRUE
30-03-2005 08:00,0,0,0,TRUE
31-03-2005 08:00,0,0,0,TRUE
01-04-2005 08:00,0,0,0,TRUE
02-04-2005 08:00,0,0,0,TRUE
03-04-2005 08:00,0,0,0,TRUE
04-04-2005 08:00,0,0,0,TRUE
05-04-2005 08:00,0,0,0,TRUE
06-04-2005 08:00,0,0,0,TRUE
07-04-2005 08:45,12.254281,0.0092,9.740682881,FALSE
09-04-2005 08:45,22.221418,0.0034,6.527763752,FALSE
11-04-2005 08:45,24.04806,0.0051,10.59653716,FALSE
12-04-2005 08:45,27.703098,0.0052,12.44644787,FALSE
13-04-2005 08:45,27.440216,0.0051,12.09125678,FALSE
15-04-2005 08:45,25.39789,0.0061,13.38570395,FALSE
18-04-2005 08:45,12.246375,0.0048,5.07881664,FALSE
23-04-2005 08:45,12.187944,0.0048,5.054584136,FALSE
25-04-2005 08:45,13.247192,0.0093,10.64438372,FALSE
26-04-2005 08:45,13.45613,0.0077,8.952094166,FALSE
27-04-2005 08:45,13.066574,0.0037,4.177122376,FALSE
28-04-2005 08:45,12.083678,0.0032,3.340895293,FALSE
29-04-2005 08:45,27.698622,0.0061,14.59828174,FALSE
30-04-2005 08:45,23.37326,0.0079,15.95365235,FALSE
02-05-2005 08:45,26.573235,0.0092,21.12253304,FALSE
03-05-2005 08:45,30.954252,0.0048,12.83734739,FALSE
04-05-2005 08:45,26.099718,0.0039,8.794560977,FALSE
05-05-2005 08:45,20.961779,0.0112,20.2842943,FALSE
06-05-2005 08:45,47.81897,0.015,61.97338512,FALSE
07-05-2005 08:45,42.88634,0.0184,68.17898788,FALSE
09-05-2005 08:45,40.494545,0.0185,64.72648073,FALSE
10-05-2005 08:45,30.341394,0.009,23.59346797,FALSE
11-05-2005 08:45,26.35768,0.0067,15.2579338,FALSE
12-05-2005 08:45,19.877787,0.0037,6.354530948,FALSE
13-05-2005 08:45,18.694012,0.0048,7.752780657,FALSE
14-05-2005 08:45,12.978194,0.0057,6.391500981,FALSE
16-05-2005 08:45,15.252392,0.0053,6.984375345,FALSE
17-05-2005 08:45,12.753073,0.0064,7.051939246,FALSE
18-05-2005 08:45,11.694664,0.0054,5.456262436,FALSE
20-05-2005 08:45,9.563704,0.0081,6.693062607,FALSE
24-05-2005 08:45,9.550266,0.0037,3.053029035,FALSE
25-05-2005 08:45,10.914213,0.0025,2.357470008,FALSE
26-05-2005 08:45,14.453647,0.0067,8.366927175,FALSE
27-05-2005 08:45,19.140005,0.0052,8.599221446,FALSE
28-05-2005 08:45,40.46612,0.0116,40.55676411,FALSE
30-05-2005 08:45,78.61584,0.0184,124.9803178,FALSE
31-05-2005 08:45,55.570152,0.0077,36.96971072,FALSE
01-06-2005 08:45,41.666622,0.0067,24.11997414,FALSE
02-06-2005 08:45,32.620804,0.0044,12.40112485,FALSE
03-06-2005 08:45,44.469936,0.0086,33.04294125,FALSE
04-06-2005 08:45,76.49482,0.0108,71.37884644,FALSE
06-06-2005 08:45,131.73154,0.0541,615.7448335,FALSE
07-06-2005 08:45,105.4584,0.0123,112.0727508,FALSE
08-06-2005 08:45,69.680695,0.0121,72.84698578,FALSE
09-06-2005 08:30,57.834476,0.0088,43.97270879,FALSE
10-06-2005 08:45,114.813446,0.0374,371.0035769,FALSE
11-06-2005 08:45,78.38445,0.0084,56.88829843,FALSE
13-06-2005 08:45,41.859856,0.0071,25.67851006,FALSE
14-06-2005 08:45,115.17612,0.0242,240.8194458,FALSE
15-06-2005 08:45,84.609314,0.0136,99.41932832,FALSE
16-06-2005 08:45,83.95756,0.012,87.04719821,FALSE
17-06-2005 08:45,179.88432,0.0299,464.7059569,FALSE
18-06-2005 08:45,222.18604,0.0394,756.3568299,FALSE
21-06-2005 08:45,281.64597,0.0152,369.8800195,FALSE
22-06-2005 08:45,208.10115,0.0136,244.5271753,FALSE
23-06-2005 08:45,174.86122,0.0098,148.0584922,FALSE
24-06-2005 08:45,119.035484,0.0086,88.44812603,FALSE
25-06-2005 08:45,99.58972,0.0073,62.8132282,FALSE
27-06-2005 08:45,147.63039,0.0094,119.8994975,FALSE
28-06-2005 08:45,155.06293,0.0103,137.9936027,FALSE
29-06-2005 08:45,123.77699,0.0075,80.20748952,FALSE
30-06-2005 08:45,108.94498,0.0094,88.48075496,FALSE
01-07-2005 08:45,86.63552,0.0151,113.0281648,FALSE
02-07-2005 08:45,86.69597,0.0077,57.67709492,FALSE
04-07-2005 08:45,108.21225,0.0085,79.4710764,FALSE
05-07-2005 08:45,115.802185,0.0144,144.0764465,FALSE
06-07-2005 08:45,128.93105,0.015,167.0946408,FALSE
07-07-2005 08:45,209.1157,0.0407,735.3511767,FALSE
08-07-2005 08:45,180.3811,0.0244,380.2722198,FALSE
09-07-2005 08:45,161.03593,0.0232,322.793301,FALSE
11-07-2005 09:00,293.4378,0.0344,872.1440916,FALSE
12-07-2005 09:00,312.52975,0.0337,909.9866225,FALSE
13-07-2005 08:45,192.0737,0.0293,486.238413,FALSE
14-07-2005 08:45,143.17775,0.0134,165.7654718,FALSE
15-07-2005 08:45,116.05356,0.0147,147.3973055,FALSE
16-07-2005 08:45,101.626724,0.0104,91.31770912,FALSE
18-07-2005 08:31,172.44386,0.0174,259.2452014,FALSE
19-07-2005 08:30,111.26624,0.0113,108.6314554,FALSE
20-07-2005 08:45,116.673485,0.0095,95.76559649,FALSE
21-07-2005 09:00,221.7389,0.062,1187.81094,FALSE
22-07-2005 08:45,218.74799,0.0118,223.0179508,FALSE
23-07-2005 08:45,164.27927,0.0084,119.227323,FALSE
25-07-2005 09:00,268.5059,0.0553,1282.89971,FALSE
26-07-2005 09:00,211.42017,0.0233,425.6141726,FALSE
27-07-2005 09:00,214.97913,0.0178,330.6207036,FALSE
28-07-2005 09:00,210.41469,0.0153,278.151387,FALSE
29-07-2005 09:00,277.86377,0.0246,590.5827713,FALSE
30-07-2005 09:00,336.0614,0.0263,763.6390404,FALSE
01-08-2005 09:30,375.62326,0.0898,2914.3557,FALSE
02-08-2005 09:00,569.4558,0.0466,2292.76572,FALSE
03-08-2005 09:00,394.13367,0.0281,956.8934894,FALSE
04-08-2005 08:45,179.31148,0.0201,311.3994886,FALSE
05-08-2005 08:31,120.285385,0.0149,154.8505932,FALSE
06-08-2005 09:00,101.5704,0.012,105.3081907,FALSE
08-08-2005 09:00,68.325806,0.013,76.7435453,FALSE
09-08-2005 09:00,49.41082,0.0076,32.44512084,FALSE
10-08-2005 08:45,38.944107,0.006,20.18862507,FALSE
11-08-2005 08:45,35.23743,0.0057,17.35372953,FALSE
12-08-2005 08:45,34.597576,0.0073,21.82138313,FALSE
13-08-2005 08:45,32.042156,0.0062,17.16434213,FALSE
16-08-2005 08:45,30.239311,0.0069,18.02746765,FALSE
17-08-2005 08:45,34.533268,0.0042,12.53143229,FALSE
18-08-2005 08:45,32.042427,0.0033,9.135936786,FALSE
19-08-2005 08:45,22.7356,0.0031,6.089503104,FALSE
20-08-2005 08:45,21.198935,0.0035,6.410557944,FALSE
22-08-2005 08:45,17.53838,0.0025,3.78829008,FALSE
23-08-2005 08:45,15.90395,0.0039,5.358994992,FALSE
24-08-2005 08:45,14.247503,0.0053,6.524216574,FALSE
25-08-2005 08:45,13.411074,0.0056,6.488814044,FALSE
26-08-2005 08:45,13.456703,0.0039,4.534370643,FALSE
27-08-2005 08:45,14.438912,0.004,4.990087987,FALSE
29-08-2005 08:45,14.448312,0.0046,5.742337121,FALSE
30-08-2005 08:45,21.606522,0.0041,7.653894353,FALSE
31-08-2005 08:45,52.118923,0.0063,28.36937217,FALSE
01-09-2005 08:45,176.27867,0.0419,638.15699,FALSE
02-09-2005 08:45,117.38531,0.0215,218.0549519,FALSE
03-09-2005 08:45,127.690674,0.0164,180.9325774,FALSE
05-09-2005 09:00,699.10913,0.0537,3243.642648,FALSE
06-09-2005 09:00,667.84595,0.0311,1794.528781,FALSE
07-09-2005 09:00,664.59357,0.0313,1797.273683,FALSE
08-09-2005 08:45,506.87042,0.0337,1475.844465,FALSE
09-09-2005 09:00,422.0039,0.0249,907.8823103,FALSE
10-09-2005 09:00,291.89832,0.0214,539.7083177,FALSE
12-09-2005 09:00,211.67735,0.0201,367.6073531,FALSE
13-09-2005 08:45,158.9583,0.011,151.0739683,FALSE
14-09-2005 08:45,149.39598,0.0113,145.8582832,FALSE
16-09-2005 08:45,98.30352,0.0098,83.23555645,FALSE
17-09-2005 08:45,77.21561,0.007,46.70000093,FALSE
19-09-2005 08:45,49.046196,0.0063,26.69682541,FALSE
20-09-2005 08:45,39.664978,0.0069,23.64667328,FALSE
21-09-2005 08:45,38.31109,0.0055,18.20542997,FALSE
22-09-2005 08:45,39.975746,0.0068,23.48655029,FALSE
26-09-2005 08:45,32.01043,0.0039,10.78623449,FALSE
27-09-2005 08:31,20.005074,0.003,5.185315181,FALSE
28-09-2005 08:45,18.438368,0.003,4.779224986,FALSE
29-09-2005 08:45,17.439371,0.0031,4.670961129,FALSE
30-09-2005 08:45,15.934393,0.0028,3.854848355,FALSE
01-10-2005 08:45,15.164323,0.0018,2.358355513,FALSE
03-10-2005 08:45,12.123817,0.0023,2.409244914,FALSE
04-10-2005 08:45,12.142068,0.0038,3.986483766,FALSE
05-10-2005 08:45,11.45403,0.0036,3.562661491,FALSE
06-10-2005 08:45,11.29678,0.0028,2.732917018,FALSE
07-10-2005 08:45,9.13776,0.0027,2.131656653,FALSE
08-10-2005 08:45,18.649271,0.0065,10.47343059,FALSE
10-10-2005 08:45,33.538563,0.018,52.15917318,FALSE
13-10-2005 08:45,71.30983,0.0102,62.84392698,FALSE
14-10-2005 08:45,71.387314,0.0079,48.72612504,FALSE
15-10-2005 08:45,56.280876,0.0076,36.95627442,FALSE
17-10-2005 08:45,32.587467,0.0056,15.76712003,FALSE
18-10-2005 08:45,29.278421,0.0062,15.68386456,FALSE
19-10-2005 08:45,30.907902,0.006,16.0226564,FALSE
20-10-2005 08:45,35.885345,0.0082,25.42404923,FALSE
21-10-2005 08:45,43.754326,0.0075,28.35280325,FALSE
22-10-2005 08:31,46.49076,0.0096,38.56129597,FALSE
24-10-2005 08:45,83.11884,0.01,71.81467776,FALSE
25-10-2005 08:45,85.55078,0.0152,112.3521284,FALSE
26-10-2005 08:45,71.25705,0.0165,101.5840505,FALSE
27-10-2005 08:45,65.59039,0.0103,58.37019987,FALSE
28-10-2005 08:45,57.45133,0.0077,38.22122082,FALSE
29-10-2005 08:45,48.51351,0.0061,25.56856031,FALSE
31-10-2005 08:45,88.07966,0.0152,115.6732559,FALSE
02-11-2005 08:45,115.26102,0.0209,208.1337395,FALSE
04-11-2005 08:45,60.423107,0.0074,38.63211769,FALSE
05-11-2005 08:45,48.629993,0.0074,31.09207232,FALSE
07-11-2005 09:45,68.18319,0.0104,61.26668721,FALSE
08-11-2005 08:45,67.83663,0.0135,79.12464523,FALSE
09-11-2005 08:45,113.32729,0.0208,203.6627394,FALSE
10-11-2005 08:45,84.13234,0.0094,68.32892125,FALSE
11-11-2005 08:45,84.8104,0.0197,144.3540856,FALSE
12-11-2005 08:45,127.488495,0.0368,405.3522196,FALSE
14-11-2005 08:45,218.10277,0.113,2129.380964,FALSE
16-11-2005 08:45,168.505,0.0725,1055.51532,FALSE
17-11-2005 08:31,109.08394,0.0199,187.5545631,FALSE
18-11-2005 08:45,72.15045,0.0153,95.37712286,FALSE
19-11-2005 08:45,49.01376,0.0099,41.92440975,FALSE
21-11-2005 08:45,35.311386,0.0106,32.33957975,FALSE
22-11-2005 08:45,23.229008,0.0073,14.65099993,FALSE
23-11-2005 08:45,19.994585,0.0044,7.601141434,FALSE
24-11-2005 08:45,36.073322,0.0094,29.2973092,FALSE
25-11-2005 08:31,29.293722,0.0044,11.13630136,FALSE
26-11-2005 08:45,18.593824,0.0049,7.871881329,FALSE
28-11-2005 08:45,19.075428,0.0038,6.262844521,FALSE
29-11-2005 08:45,25.46648,0.0048,10.56145859,FALSE
30-11-2005 08:45,44.284824,0.0048,18.36580221,FALSE
01-12-2005 08:45,33.55533,0.0079,22.90352604,FALSE
02-12-2005 08:45,44.20072,0.0048,18.3309226,FALSE
03-12-2005 08:45,29.888027,0.0042,10.84576724,FALSE
05-12-2005 08:45,42.61182,0.0068,25.03529649,FALSE
06-12-2005 08:45,38.02101,0.0056,18.39608548,FALSE
07-12-2005 08:45,27.793634,0.01,24.01369978,FALSE
08-12-2005 08:45,19.42262,0.0037,6.209023162,FALSE
09-12-2005 08:45,15.898816,0.0046,6.318825431,FALSE
10-12-2005 08:45,23.684614,0.004,8.185402598,FALSE
12-12-2005 08:45,23.643126,0.0035,7.149681302,FALSE
13-12-2005 08:45,20.196375,0.0035,6.1073838,FALSE
14-12-2005 08:45,15.811409,0.0052,7.103749836,FALSE
15-12-2005 08:45,11.312011,0.0031,3.029809026,FALSE
16-12-2005 08:45,10.666803,0.0039,3.594285939,FALSE
17-12-2005 08:45,10.156981,0.003,2.632689475,FALSE
19-12-2005 08:45,9.134554,0.0035,2.76228913,FALSE
20-12-2005 08:45,9.924908,0.0045,3.85880423,FALSE
21-12-2005 08:45,9.2935915,0.0031,2.489195547,FALSE
22-12-2005 08:45,8.6472435,0.0043,3.212623905,FALSE
28-12-2005 08:30,4.3314514,0.003,1.122712203,FALSE
29-12-2005 08:30,4.052088,0.0028,0.980281129,FALSE
30-12-2005 08:30,3.9270775,0.0046,1.560777682,FALSE
31-12-2005 08:30,3.2042205,0.0043,1.190432,FALSE
02-01-2006 08:30,2.9856148,0.0028,0.722279932,FALSE
03-01-2006 08:30,2.9371264,0.0027,0.685172847,FALSE
04-01-2006 08:30,2.6280646,0.0028,0.635781388,FALSE
05-01-2006 08:30,2.4314127,0.0029,0.609214766,FALSE
06-01-2006 08:30,2.3308282,0.0039,0.78539587,FALSE
07-01-2006 08:30,1.6182055,0.0042,0.587214412,FALSE
09-01-2006 08:30,4.333878,0.0027,1.01100706,FALSE
11-01-2006 08:30,2.5940223,0.0036,0.806844696,FALSE
12-01-2006 08:30,1.6066257,0.0041,0.569131088,FALSE
13-01-2006 08:30,1.5214589,0.0045,0.59154322,FALSE
14-01-2006 08:30,1.5271499,0.0063,0.831258234,FALSE
16-01-2006 08:30,1.4482862,0.0037,0.462988132,FALSE
17-01-2006 08:30,1.4439938,0.0031,0.386759299,FALSE
18-01-2006 08:30,1.4496868,0.0028,0.350708231,FALSE
19-01-2006 08:45,1.0780838,0.003,0.279439321,FALSE
20-01-2006 08:45,1.0417671,0.0037,0.333032107,FALSE
21-01-2006 08:45,1.0421387,0.004,0.360163135,FALSE
23-01-2006 08:45,0.7323396,0.0034,0.215132081,FALSE
24-01-2006 08:45,0.7168463,0.003,0.185806561,FALSE
25-01-2006 08:45,0.7080667,0.003,0.183530889,FALSE
27-01-2006 08:45,0.56143934,0.0032,0.155226749,FALSE
28-01-2006 08:45,0.5560852,0.0036,0.172964741,FALSE
30-01-2006 08:45,0.8628128,0.0042,0.313097509,FALSE
31-01-2006 08:45,0.4291624,0.0029,0.107530931,FALSE
01-02-2006 08:45,0.7079884,0.0024,0.146808475,FALSE
02-02-2006 08:45,0.34991857,0.0044,0.133025044,FALSE
03-02-2006 08:31,0.36765352,0.0033,0.104825372,FALSE
04-02-2006 08:45,0.34907958,0.0027,0.081433284,FALSE
08-02-2006 08:45,0.20588817,0.006,0.106732427,FALSE
10-02-2006 08:45,0.19667523,0.0034,0.057775316,FALSE
11-02-2006 08:45,0.19427532,0.0032,0.05371324,FALSE
12-02-2006 08:00,0,0,0,TRUE
13-02-2006 08:00,0,0,0,TRUE
14-02-2006 08:00,0,0,0,TRUE
15-02-2006 08:00,0,0,0,TRUE
16-02-2006 08:00,0,0,0,TRUE
17-02-2006 08:00,0,0,0,TRUE
18-02-2006 08:00,0,0,0,TRUE
19-02-2006 08:00,0,0,0,TRUE
20-02-2006 08:00,0,0,0,TRUE
21-02-2006 08:00,0,0,0,TRUE
22-02-2006 08:00,0,0,0,TRUE
23-02-2006 08:00,0,0,0,TRUE
24-02-2006 08:00,0,0,0,TRUE
25-02-2006 08:00,0,0,0,TRUE
26-02-2006 08:00,0,0,0,TRUE
27-02-2006 08:00,0,0,0,TRUE
28-02-2006 08:00,0,0,0,TRUE
01-03-2006 08:00,0,0,0,TRUE
02-03-2006 08:00,0,0,0,TRUE
03-03-2006 08:00,0,0,0,TRUE
04-03-2006 08:00,0,0,0,TRUE
05-03-2006 08:00,0,0,0,TRUE
06-03-2006 08:00,0,0,0,TRUE
07-03-2006 08:00,0,0,0,TRUE
08-03-2006 08:00,0,0,0,TRUE
09-03-2006 08:00,0,0,0,TRUE
10-03-2006 08:00,0,0,0,TRUE
11-03-2006 08:00,0,0,0,TRUE
12-03-2006 08:00,0,0,0,TRUE
13-03-2006 08:00,0,0,0,TRUE
14-03-2006 08:00,0,0,0,TRUE
15-03-2006 08:00,0,0,0,TRUE
16-03-2006 08:00,0,0,0,TRUE
17-03-2006 08:00,0,0,0,TRUE
18-03-2006 08:00,0,0,0,TRUE
19-03-2006 08:00,0,0,0,TRUE
20-03-2006 08:00,0,0,0,TRUE
21-03-2006 08:00,0,0,0,TRUE
22-03-2006 08:00,0,0,0,TRUE
23-03-2006 08:00,0,0,0,TRUE
24-03-2006 08:00,0,0,0,TRUE
25-03-2006 08:00,0,0,0,TRUE
26-03-2006 08:00,0,0,0,TRUE
27-03-2006 08:00,0,0,0,TRUE
28-03-2006 08:00,0,0,0,TRUE
29-03-2006 08:00,0,0,0,TRUE
30-03-2006 08:00,0,0,0,TRUE
31-03-2006 08:00,0,0,0,TRUE
01-04-2006 08:45,3.452999,0.0089,2.655218111,FALSE
05-04-2006 08:45,1.0686761,0.0046,0.424734629,FALSE
06-04-2006 08:45,0.7421777,0.0069,0.442456658,FALSE
07-04-2006 08:45,0.69691086,0.0057,0.34321466,FALSE
08-04-2006 08:45,0.6962197,0.0068,0.409042998,FALSE
10-04-2006 08:31,0.58069324,0.0055,0.275945428,FALSE
12-04-2006 08:45,0.58165395,0.0041,0.206045095,FALSE
13-04-2006 08:45,1.0859334,0.0118,1.10713082,FALSE
15-04-2006 08:45,45.83939,0.0144,57.03153546,FALSE
17-04-2006 08:45,14.57046,0.0053,6.672105043,FALSE
18-04-2006 08:45,10.735327,0.0068,6.307219319,FALSE
19-04-2006 08:31,10.286253,0.0037,3.288309359,FALSE
20-04-2006 08:45,7.661124,0.003,1.985763341,FALSE
21-04-2006 04:49,15.225869,0.0028,3.683442228,FALSE
24-04-2006 08:45,8.458783,0.003,2.192516554,FALSE
25-04-2006 08:45,7.4000826,0.0035,2.237784978,FALSE
26-04-2006 08:45,6.6692514,0.0031,1.786292295,FALSE
27-04-2006 08:45,5.727041,0.002,0.989632685,FALSE
28-04-2006 08:45,4.160728,0.0024,0.862768558,FALSE
04-05-2006 08:45,2.131,0.0031,0.57076704,FALSE
05-05-2006 08:45,2.1220996,0.0036,0.66005786,FALSE
06-05-2006 08:31,4.2140017,0.0036,1.310723089,FALSE
08-05-2006 08:31,10.626518,0.0039,3.580711505,FALSE
09-05-2006 08:31,21.763536,0.0055,10.34203231,FALSE
10-05-2006 08:45,35.79992,0.0071,21.96110292,FALSE
11-05-2006 08:45,22.035221,0.0043,8.186525306,FALSE
12-05-2006 08:45,15.648867,0.0072,9.734847183,FALSE
15-05-2006 08:31,8.550042,0.0058,4.284597047,FALSE
16-05-2006 08:45,7.5497828,0.0036,2.348284442,FALSE
17-05-2006 08:31,10.771322,0.0071,6.607559768,FALSE
18-05-2006 08:45,10.724125,0.0063,5.83735572,FALSE
19-05-2006 08:45,74.254845,0.0265,170.0138931,FALSE
20-05-2006 08:45,49.134796,0.0106,44.99961157,FALSE
22-05-2006 08:45,32.755547,0.0044,12.45234875,FALSE
23-05-2006 08:45,20.419336,0.0029,5.116268828,FALSE
24-05-2006 08:45,54.52202,0.0085,40.04097149,FALSE
25-05-2006 08:45,45.872616,0.0056,22.19500653,FALSE
26-05-2006 08:45,76.71053,0.0094,62.30122404,FALSE
27-05-2006 08:45,164.15671,0.0147,208.4921542,FALSE
29-05-2006 08:45,314.64395,0.0436,1185.276345,FALSE
30-05-2006 08:45,381.23203,0.0376,1238.485622,FALSE
31-05-2006 08:45,530.7373,0.3084,14141.89872,FALSE
01-06-2006 09:00,511.54636,0.0152,671.8036037,FALSE
02-06-2006 08:45,298.31232,0.0093,239.6999154,FALSE
03-06-2006 08:45,163.92087,0.0094,133.1299738,FALSE
05-06-2006 08:45,78.25658,0.0071,48.00571644,FALSE
06-06-2006 08:45,82.199486,0.0096,68.17954167,FALSE
07-06-2006 08:45,68.235146,0.0038,22.40296313,FALSE
08-06-2006 08:45,54.06569,0.0036,16.81659222,FALSE
09-06-2006 08:45,44.30324,0.0025,9.56949984,FALSE
10-06-2006 08:45,35.774574,0.0029,8.963677261,FALSE
12-06-2006 08:45,28.587666,0.003,7.409923027,FALSE
13-06-2006 08:45,26.183804,0.0038,8.596666529,FALSE
14-06-2006 08:45,19.681374,0.0045,7.652118211,FALSE
15-06-2006 08:45,16.629635,0.004,5.747201856,FALSE
16-06-2006 08:45,16.627459,0.0032,4.597159864,FALSE
17-06-2006 08:45,31.860794,0.0047,12.93803123,FALSE
19-06-2006 08:45,20.014381,0.0033,5.706500311,FALSE
20-06-2006 08:45,28.071867,0.004,9.701637235,FALSE
21-06-2006 08:31,27.820045,0.0043,10.33570312,FALSE
22-06-2006 10:00,53.6201,0.0164,75.9775369,FALSE
23-06-2006 10:00,171.411,0.0726,1075.199495,FALSE
24-06-2006 09:00,333.17587,0.0419,1206.149958,FALSE
26-06-2006 09:00,367.46536,0.0236,749.2765677,FALSE
27-06-2006 08:45,188.88483,0.0109,177.8841775,FALSE
28-06-2006 08:45,121.26209,0.0062,64.95767637,FALSE
29-06-2006 08:45,84.46034,0.0044,32.10844285,FALSE
30-06-2006 08:45,95.433754,0.0081,66.7883584,FALSE
01-07-2006 08:45,106.63673,0.0076,70.02194239,FALSE
03-07-2006 09:00,112.70219,0.0078,75.95225988,FALSE
04-07-2006 09:00,112.5431,0.0079,76.81741834,FALSE
05-07-2006 09:00,122.47503,0.0094,99.46932036,FALSE
06-07-2006 09:00,224.07921,0.0156,302.0229224,FALSE
07-07-2006 08:45,174.19638,0.0091,136.9601618,FALSE
08-07-2006 08:45,158.40645,0.0079,108.1219065,FALSE
10-07-2006 08:45,83.719795,0.0045,32.5502563,FALSE
11-07-2006 09:45,131.87305,0.005,56.9691576,FALSE
18-07-2006 08:45,209.35735,0.0142,256.8563456,FALSE
25-07-2006 08:45,43.34416,0.0047,17.60119649,FALSE
01-08-2006 08:45,56.927643,0.0046,22.62532243,FALSE
08-08-2006 08:45,23.575014,0.0033,6.721707992,FALSE
17-08-2006 09:00,340.30157,0.0238,699.7689244,FALSE
22-08-2006 08:45,78.93521,0.0093,63.42601994,FALSE
29-08-2006 08:45,20.323933,0.0022,3.863173185,FALSE
06-09-2006 08:45,12.023535,0.0026,2.700966902,FALSE
12-09-2006 08:45,69.53402,0.0043,25.83327911,FALSE
19-09-2006 08:45,102.05198,0.0073,64.36622483,FALSE
26-09-2006 09:30,321.141,0.0214,593.7768634,FALSE
03-10-2006 08:45,29.022736,0.0027,6.770423854,FALSE
10-10-2006 09:00,158.79231,0.0267,366.3148041,FALSE
17-10-2006 08:45,115.910095,0.0091,91.13315309,FALSE
25-10-2006 08:45,51.703495,0.0063,28.1432464,FALSE
31-10-2006 08:45,127.48653,0.0136,149.8017722,FALSE
07-11-2006 08:45,124.55019,0.0171,184.0154327,FALSE
14-11-2006 08:45,110.42062,0.0163,155.5075676,FALSE
21-11-2006 08:45,89.222466,0.0087,67.06674324,FALSE
28-11-2006 08:45,67.65264,0.0106,61.95899382,FALSE
01-12-2006 08:45,29.444221,0.0044,11.19351506,FALSE
05-12-2006 08:45,19.140905,0.003,4.961322576,FALSE
12-12-2006 08:09,8.982805,0.0025,1.94028588,FALSE
19-12-2006 08:45,5.587214,0.0045,2.172308803,FALSE
26-12-2006 08:45,3.1322148,0.0044,1.190742778,FALSE
02-01-2007 08:45,2.429814,0.0035,0.734775754,FALSE
09-01-2007 08:30,1.3894818,0.0027,0.324138314,FALSE
16-01-2007 08:45,2.547211,0.0025,0.550197576,FALSE
23-01-2007 08:30,2.666944,0.0039,0.89865345,FALSE
30-01-2007 08:00,0,0,0,TRUE
31-01-2007 08:00,0,0,0,TRUE
01-02-2007 08:00,0,0,0,TRUE
02-02-2007 08:00,0,0,0,TRUE
03-02-2007 08:00,0,0,0,TRUE
04-02-2007 08:00,0,0,0,TRUE
05-02-2007 08:00,0,0,0,TRUE
06-02-2007 08:00,0,0,0,TRUE
07-02-2007 08:00,0,0,0,TRUE
08-02-2007 08:00,0,0,0,TRUE
09-02-2007 08:00,0,0,0,TRUE
10-02-2007 08:00,0,0,0,TRUE
11-02-2007 08:00,0,0,0,TRUE
12-02-2007 08:00,0,0,0,TRUE
13-02-2007 08:00,0,0,0,TRUE
14-02-2007 08:00,0,0,0,TRUE
15-02-2007 08:00,0,0,0,TRUE
16-02-2007 08:00,0,0,0,TRUE
17-02-2007 08:00,0,0,0,TRUE
18-02-2007 08:00,0,0,0,TRUE
19-02-2007 08:00,0,0,0,TRUE
20-02-2007 08:00,0,0,0,TRUE
21-02-2007 08:00,0,0,0,TRUE
22-02-2007 08:00,0,0,0,TRUE
23-02-2007 08:00,0,0,0,TRUE
24-02-2007 08:00,0,0,0,TRUE
25-02-2007 08:00,0,0,0,TRUE
26-02-2007 08:00,0,0,0,TRUE
27-02-2007 08:00,0,0,0,TRUE
28-02-2007 08:00,0,0,0,TRUE
01-03-2007 08:00,0,0,0,TRUE
02-03-2007 08:00,0,0,0,TRUE
03-03-2007 08:00,0,0,0,TRUE
04-03-2007 08:00,0,0,0,TRUE
05-03-2007 08:00,0,0,0,TRUE
06-03-2007 08:00,0,0,0,TRUE
07-03-2007 08:00,0,0,0,TRUE
08-03-2007 08:00,0,0,0,TRUE
09-03-2007 08:00,0,0,0,TRUE
10-03-2007 08:00,0,0,0,TRUE
11-03-2007 08:00,0,0,0,TRUE
12-03-2007 08:00,0,0,0,TRUE
13-03-2007 08:00,0,0,0,TRUE
14-03-2007 08:00,0,0,0,TRUE
15-03-2007 08:00,0,0,0,TRUE
16-03-2007 08:00,0,0,0,TRUE
17-03-2007 08:00,0,0,0,TRUE
18-03-2007 08:00,0,0,0,TRUE
19-03-2007 08:00,0,0,0,TRUE
20-03-2007 08:00,0,0,0,TRUE
21-03-2007 08:00,0,0,0,TRUE
22-03-2007 08:00,0,0,0,TRUE
23-03-2007 08:00,0,0,0,TRUE
24-03-2007 08:00,0,0,0,TRUE
25-03-2007 08:00,0,0,0,TRUE
26-03-2007 08:00,0,0,0,TRUE
27-03-2007 08:00,0,0,0,TRUE
28-03-2007 08:00,0,0,0,TRUE
29-03-2007 08:00,0,0,0,TRUE
30-03-2007 08:00,0,0,0,TRUE
31-03-2007 08:00,0,0,0,TRUE
01-04-2007 08:00,0,0,0,TRUE
02-04-2007 08:00,0,0,0,TRUE
03-04-2007 08:00,0,0,0,TRUE
04-04-2007 08:00,0,0,0,TRUE
05-04-2007 08:00,0,0,0,TRUE
06-04-2007 08:00,0,0,0,TRUE
07-04-2007 08:00,0,0,0,TRUE
08-04-2007 08:00,0,0,0,TRUE
09-04-2007 08:00,0,0,0,TRUE
10-04-2007 08:00,0,0,0,TRUE
11-04-2007 08:00,0,0,0,TRUE
12-04-2007 08:00,0,0,0,TRUE
18-04-2007 08:00,0,0,0,TRUE
19-04-2007 08:00,0,0,0,TRUE
20-04-2007 08:00,0,0,0,TRUE
21-04-2007 08:00,0,0,0,TRUE
22-04-2007 08:00,0,0,0,TRUE
23-04-2007 08:00,0,0,0,TRUE
24-04-2007 08:45,24.89,0.0033,7.0966368,FALSE
25-04-2007 08:00,0,0,0,TRUE
26-04-2007 08:00,0,0,0,TRUE
27-04-2007 08:00,0,0,0,TRUE
28-04-2007 08:00,0,0,0,TRUE
01-05-2007 08:45,9.701265,0.0044,3.688032902,FALSE
08-05-2007 08:45,18.13355,0.0084,13.16060525,FALSE
15-05-2007 08:45,12.249561,0.0048,5.080137938,FALSE
22-05-2007 08:45,6.228554,0.0059,3.175067687,FALSE
29-05-2007 08:45,73.87494,0.0121,77.23181727,FALSE
01-06-2007 08:45,35.496857,0.006,18.40157067,FALSE
05-06-2007 08:45,9.473019,0.0034,2.782794061,FALSE
12-06-2007 08:45,17.090656,0.0044,6.497183785,FALSE
19-06-2007 08:45,191.86055,0.0191,316.615954,FALSE
22-06-2007 11:30,551.92834,0.1345,6413.848853,FALSE
23-06-2007 09:00,747.8692,0.1419,9168.996051,FALSE
25-06-2007 09:15,254.00218,0.0176,386.245875,FALSE
26-06-2007 08:45,142.01671,0.0073,89.57277933,FALSE
27-06-2007 08:45,95.27137,0.0089,73.25987268,FALSE
02-07-2007 08:45,395.1984,0.0584,1994.076279,FALSE
03-07-2007 09:45,335.79825,0.0529,1534.78605,FALSE
04-07-2007 08:45,238.3517,0.0285,586.9172261,FALSE
05-07-2007 08:45,165.08456,0.0216,308.0874093,FALSE
07-07-2007 08:45,186.33614,0.0452,727.6948008,FALSE
10-07-2007 09:30,173.12204,0.0206,308.1295317,FALSE
11-07-2007 08:45,213.11406,0.039,718.1091366,FALSE
13-07-2007 08:45,332.99765,0.0432,1242.907069,FALSE
17-07-2007 08:45,678.6,0.0878,5147.805312,FALSE
18-07-2007 09:00,647.2566,0.0395,2208.957324,FALSE
19-07-2007 09:00,401.21283,0.0195,675.963376,FALSE
20-07-2007 10:00,265.77185,0.0173,397.2544996,FALSE
23-07-2007 09:00,161.80841,0.0125,174.7530828,FALSE
24-07-2007 09:00,151.26515,0.0085,111.0891262,FALSE
25-07-2007 09:00,151.26515,0.0085,111.0891262,FALSE
31-07-2007 08:45,75.00638,0.0084,54.43663035,FALSE
01-08-2007 08:45,104.79702,0.0109,98.69364156,FALSE
07-08-2007 08:45,101.531494,0.0096,84.21428238,FALSE
08-08-2007 09:00,81.16319,0.0051,35.76374804,FALSE
09-08-2007 09:00,87.99063,0.0044,33.4505179,FALSE
10-08-2007 08:45,140.96568,0.0203,247.2425255,FALSE
14-08-2007 08:45,67.41663,0.0078,45.43341529,FALSE
17-08-2007 11:45,33.898716,0.0067,19.62328872,FALSE
21-08-2007 08:45,20.537619,0.0048,8.517361352,FALSE
28-08-2007 08:45,40.78121,0.0068,23.9597765,FALSE
29-08-2007 08:45,82.707054,0.0099,70.74430571,FALSE
05-09-2007 08:45,80.31712,0.0059,40.94245509,FALSE
10-09-2007 08:45,214.26198,0.0821,1519.854499,FALSE
11-09-2007 10:00,166.96002,0.0257,370.7313852,FALSE
12-09-2007 08:30,279.6328,0.039,942.2506829,FALSE
13-09-2007 08:45,181.21092,0.0161,252.0716382,FALSE
18-09-2007 08:45,132.83995,0.0123,141.1716717,FALSE
19-09-2007 09:45,168.21252,0.03,436.0068518,FALSE
25-09-2007 09:15,151.6508,0.041,537.2077939,FALSE
01-10-2007 08:45,40.488297,0.0088,30.78406198,FALSE
03-10-2007 08:45,52.188633,0.01,45.09097891,FALSE
09-10-2007 08:45,21.993488,0.0072,13.68170902,FALSE
16-10-2007 08:45,137.59106,0.0623,740.6141505,FALSE
20-10-2007 08:45,240.8946,0.0431,897.0529473,FALSE
23-10-2007 08:45,168.14409,0.0555,806.2845404,FALSE
25-10-2007 08:45,236.62444,0.072,1471.993316,FALSE
26-10-2007 09:30,262.07596,0.07,1585.035406,FALSE
30-10-2007 08:45,210.18413,0.0382,693.7085174,FALSE
06-11-2007 08:45,48.46169,0.0321,134.4055895,FALSE
09-11-2007 08:45,116.722374,0.0345,347.9260524,FALSE
13-11-2007 08:45,52.654804,0.0226,102.8158765,FALSE
17-11-2007 08:45,19.465244,0.0155,26.06785476,FALSE
20-11-2007 08:45,16.241976,0.0103,14.45405928,FALSE
27-11-2007 08:45,19.02925,0.0099,16.27685928,FALSE
01-12-2007 08:45,12.087767,0.006,6.266298413,FALSE
04-12-2007 08:45,7.776906,0.0048,3.225238456,FALSE
11-12-2007 08:45,2.7042584,0.0037,0.864497325,FALSE
18-12-2007 08:45,2.4484563,0.0031,0.655794535,FALSE
26-12-2007 08:45,2.6596932,0.0027,0.62045323,FALSE
27-12-2007 11:45,2.3047678,0.0026,0.517743039,FALSE
01-01-2008 08:45,1.5670409,0.002,0.270784668,FALSE
13-01-2008 08:00,0,0,0,TRUE
14-01-2008 08:00,0,0,0,TRUE
15-01-2008 08:00,0,0,0,TRUE
16-01-2008 08:00,0,0,0,TRUE
17-01-2008 08:00,0,0,0,TRUE
18-01-2008 08:00,0,0,0,TRUE
19-01-2008 08:00,0,0,0,TRUE
20-01-2008 08:00,0,0,0,TRUE
21-01-2008 08:00,0,0,0,TRUE
22-01-2008 08:00,0,0,0,TRUE
23-01-2008 08:00,0,0,0,TRUE
24-01-2008 08:00,0,0,0,TRUE
25-01-2008 08:00,0,0,0,TRUE
26-01-2008 08:00,0,0,0,TRUE
27-01-2008 08:00,0,0,0,TRUE
28-01-2008 08:00,0,0,0,TRUE
29-01-2008 08:00,0,0,0,TRUE
30-01-2008 08:00,0,0,0,TRUE
31-01-2008 08:00,0,0,0,TRUE
01-02-2008 08:00,0,0,0,TRUE
02-02-2008 08:00,0,0,0,TRUE
03-02-2008 08:00,0,0,0,TRUE
04-02-2008 08:00,0,0,0,TRUE
05-02-2008 08:00,0,0,0,TRUE
06-02-2008 08:00,0,0,0,TRUE
07-02-2008 08:00,0,0,0,TRUE
08-02-2008 08:00,0,0,0,TRUE
09-02-2008 08:00,0,0,0,TRUE
10-02-2008 08:00,0,0,0,TRUE
11-02-2008 08:00,0,0,0,TRUE
12-02-2008 08:45,7.454591,0.0012,0.772891995,FALSE
14-02-2008 08:00,0,0,0,TRUE
15-02-2008 08:00,0,0,0,TRUE
16-02-2008 08:00,0,0,0,TRUE
17-02-2008 08:00,0,0,0,TRUE
18-02-2008 08:00,0,0,0,TRUE
19-02-2008 08:00,0,0,0,TRUE
20-02-2008 08:00,0,0,0,TRUE
21-02-2008 08:00,0,0,0,TRUE
22-02-2008 08:00,0,0,0,TRUE
23-02-2008 08:00,0,0,0,TRUE
24-02-2008 08:00,0,0,0,TRUE
25-02-2008 08:00,0,0,0,TRUE
26-02-2008 08:00,0,0,0,TRUE
27-02-2008 08:00,0,0,0,TRUE
28-02-2008 08:00,0,0,0,TRUE
29-02-2008 08:00,0,0,0,TRUE
01-03-2008 08:00,0,0,0,TRUE
02-03-2008 08:00,0,0,0,TRUE
03-03-2008 08:00,0,0,0,TRUE
04-03-2008 08:00,0,0,0,TRUE
05-03-2008 08:00,0,0,0,TRUE
06-03-2008 08:00,0,0,0,TRUE
07-03-2008 08:00,0,0,0,TRUE
08-03-2008 08:00,0,0,0,TRUE
09-03-2008 08:00,0,0,0,TRUE
10-03-2008 08:00,0,0,0,TRUE
11-03-2008 08:00,0,0,0,TRUE
12-03-2008 08:00,0,0,0,TRUE
13-03-2008 08:00,0,0,0,TRUE
14-03-2008 08:00,0,0,0,TRUE
15-03-2008 08:00,0,0,0,TRUE
16-03-2008 08:00,0,0,0,TRUE
17-03-2008 08:00,0,0,0,TRUE
18-03-2008 08:00,0,0,0,TRUE
19-03-2008 08:00,0,0,0,TRUE
20-03-2008 08:00,0,0,0,TRUE
21-03-2008 08:00,0,0,0,TRUE
22-03-2008 08:00,0,0,0,TRUE
23-03-2008 08:00,0,0,0,TRUE
24-03-2008 08:00,0,0,0,TRUE
25-03-2008 08:00,0,0,0,TRUE
26-03-2008 08:00,0,0,0,TRUE
27-03-2008 08:00,0,0,0,TRUE
28-03-2008 08:00,0,0,0,TRUE
29-03-2008 08:00,0,0,0,TRUE
30-03-2008 08:00,0,0,0,TRUE
31-03-2008 08:00,0,0,0,TRUE
01-04-2008 08:00,0,0,0,TRUE
02-04-2008 08:45,12.60178,0.0074,8.057074061,FALSE
03-04-2008 08:45,11.081593,0.0039,3.734053577,FALSE
04-04-2008 08:45,19.220528,0.0077,12.78703287,FALSE
05-04-2008 08:45,40.424683,0.0097,33.87911833,FALSE
07-04-2008 08:45,33.231037,0.0067,19.2367827,FALSE
08-04-2008 08:45,19.347626,0.0067,11.19995374,FALSE
09-04-2008 08:45,17.459574,0.0032,4.82722302,FALSE
10-04-2008 08:45,12.643568,0.0033,3.604934108,FALSE
11-04-2008 08:45,12.877264,0.0047,5.229199365,FALSE
12-04-2008 08:45,12.684241,0.0054,5.917959481,FALSE
15-04-2008 08:45,17.139536,0.0034,5.034910095,FALSE
16-04-2008 08:45,13.064856,0.002,2.257607117,FALSE
17-04-2008 08:45,10.9292145,0.0028,2.643995572,FALSE
19-04-2008 08:45,10.496094,0.0016,1.450980035,FALSE
23-04-2008 08:45,5.358829,0.0024,1.111206781,FALSE
24-04-2008 08:45,4.1848345,0.0028,1.012395162,FALSE
25-04-2008 08:45,4.193073,0.0029,1.050616371,FALSE
26-04-2008 08:45,2.2781794,0.0033,0.649554511,FALSE
28-04-2008 08:45,11.32893,0.0071,6.949618819,FALSE
29-04-2008 08:45,11.918855,0.0026,2.677451587,FALSE
30-04-2008 08:45,7.7581105,0.0014,0.938421046,FALSE
01-05-2008 08:45,7.1152053,0.0018,1.106556728,FALSE
02-05-2008 08:45,6.4046617,0.0014,0.774707879,FALSE
03-05-2008 08:45,5.110116,0.0017,0.750573838,FALSE
05-05-2008 08:45,12.355648,0.0103,10.99553827,FALSE
06-05-2008 08:45,11.338708,0.0047,4.604422545,FALSE
07-05-2008 08:45,8.369446,0.0018,1.301616242,FALSE
08-05-2008 08:45,8.850491,0.002,1.529364845,FALSE
09-05-2008 09:00,10.563684,0.0038,3.468268731,FALSE
10-05-2008 08:30,20.680584,0.0138,24.65787391,FALSE
12-05-2008 08:45,10.026171,0.006,5.197567046,FALSE
13-05-2008 08:45,7.24162,0.0026,1.626757517,FALSE
14-05-2008 08:45,6.8406825,0.0027,1.595794414,FALSE
15-05-2008 08:45,6.310699,0.0013,0.708817712,FALSE
16-05-2008 08:31,5.3861637,0.0014,0.651510361,FALSE
17-05-2008 08:45,4.53279,0.0018,0.704939501,FALSE
21-05-2008 08:00,0,0,0,TRUE
22-05-2008 08:00,0,0,0,TRUE
23-05-2008 08:00,0,0,0,TRUE
24-05-2008 08:00,0,0,0,TRUE
25-05-2008 08:00,0,0,0,TRUE
26-05-2008 08:45,12.41,0.002,2.144448,FALSE
27-05-2008 08:45,13.07,0.0083,9.3727584,FALSE
28-05-2008 08:45,11.649562,0.0033,3.321523117,FALSE
29-05-2008 08:45,8.806101,0.0037,2.815134368,FALSE
30-05-2008 08:45,69.32611,0.0318,190.4748737,FALSE
31-05-2008 08:45,40.834858,0.0056,19.75753769,FALSE
02-06-2008 08:45,20.61582,0.0063,11.22160314,FALSE
03-06-2008 08:45,20.584894,0.0062,11.02691602,FALSE
04-06-2008 08:45,21.813955,0.0069,13.00460741,FALSE
05-06-2008 09:15,22.352255,0.0054,10.42866809,FALSE
06-06-2008 08:45,14.423029,0.004,4.984598822,FALSE
09-06-2008 10:30,24.052185,0.0051,10.5983548,FALSE
10-06-2008 09:00,42.430832,0.009,32.99421496,FALSE
11-06-2008 09:00,36.388504,0.0046,14.46224703,FALSE
12-06-2008 08:45,38.148674,0.0069,22.74271349,FALSE
13-06-2008 08:45,33.895947,0.0056,16.400215,FALSE
14-06-2008 08:45,12.860869,0.0046,5.111423775,FALSE
16-06-2008 08:45,14.881684,0.0038,4.885954491,FALSE
17-06-2008 09:15,19.634546,0.0059,10.00890617,FALSE
18-06-2008 08:45,24.665077,0.0038,8.098038081,FALSE
19-06-2008 08:45,32.056686,0.004,11.07879068,FALSE
20-06-2008 08:31,31.247536,0.0031,8.369340042,FALSE
21-06-2008 08:45,31.436892,0.0037,10.04974563,FALSE
23-06-2008 08:45,52.995888,0.004,18.31537889,FALSE
24-06-2008 08:45,57.80257,0.0061,30.46426649,FALSE
25-06-2008 08:45,53.14808,0.0048,22.04157174,FALSE
26-06-2008 08:45,49.532013,0.0047,20.11395984,FALSE
27-06-2008 10:45,61.390816,0.0083,44.02458197,FALSE
28-06-2008 08:45,104.2589,0.0485,436.8864946,FALSE
30-06-2008 08:45,148.47806,0.0062,79.53672718,FALSE
01-07-2008 08:45,123.336815,0.0095,101.2348578,FALSE
02-07-2008 08:45,141.83308,0.009,110.289403,FALSE
03-07-2008 08:45,129.3861,0.0099,110.6716945,FALSE
04-07-2008 08:45,70.607,0.0047,28.67209056,FALSE
05-07-2008 08:45,50.098713,0.0042,18.17982097,FALSE
07-07-2008 08:45,36.187733,0.0046,14.3824526,FALSE
08-07-2008 08:45,38.018574,0.0047,15.43858253,FALSE
09-07-2008 08:45,26.94925,0.0041,9.54650232,FALSE
10-07-2008 08:45,28.27216,0.0042,10.25940142,FALSE
11-07-2008 08:45,41.251984,0.0044,15.68235424,FALSE
12-07-2008 08:45,56.33847,0.0052,25.3117478,FALSE
14-07-2008 08:45,49.367462,0.0029,12.36951128,FALSE
15-07-2008 08:45,42.766956,0.0027,9.976675496,FALSE
16-07-2008 08:45,355.89694,0.0661,2032.54166,FALSE
17-07-2008 09:30,212.06824,0.0167,305.9890221,FALSE
18-07-2008 08:45,209.3985,0.0211,381.7418414,FALSE
19-07-2008 08:45,201.5881,0.0138,240.3575234,FALSE
21-07-2008 08:45,132.95009,0.0081,93.04379099,FALSE
22-07-2008 08:45,99.76702,0.0084,72.40691244,FALSE
23-07-2008 08:45,229.11151,0.0298,589.897987,FALSE
24-07-2008 09:45,275.0593,0.0471,1119.337318,FALSE
25-07-2008 09:00,205.261,0.0114,202.1738746,FALSE
26-07-2008 08:45,215.7503,0.0126,234.8744066,FALSE
28-07-2008 09:00,402.63318,0.0849,2953.459323,FALSE
29-07-2008 09:00,372.275,0.0316,1016.400096,FALSE
30-07-2008 09:00,280.87338,0.022,533.8841207,FALSE
31-07-2008 09:00,257.20706,0.0136,302.2285838,FALSE
01-08-2008 09:00,222.04541,0.011,211.0319577,FALSE
02-08-2008 08:45,173.04857,0.0162,242.2126225,FALSE
04-08-2008 08:45,98.269066,0.0067,56.88599693,FALSE
05-08-2008 08:45,70.31395,0.0048,29.16060134,FALSE
06-08-2008 08:45,49.849365,0.0043,18.52003608,FALSE
07-08-2008 08:45,42.11903,0.005,18.19542096,FALSE
08-08-2008 08:45,40.538376,0.0052,18.21308157,FALSE
09-08-2008 08:45,41.905537,0.0049,17.74112814,FALSE
11-08-2008 08:45,100.80122,0.0059,51.38442991,FALSE
12-08-2008 09:00,231.97786,0.0447,895.9170535,FALSE
13-08-2008 09:00,214.4717,0.0134,248.3067554,FALSE
14-08-2008 08:45,161.10509,0.0094,130.8431099,FALSE
16-08-2008 08:45,113.2848,0.0079,77.32367309,FALSE
18-08-2008 08:45,71.17866,0.0068,41.81888632,FALSE
19-08-2008 08:45,51.964783,0.004,17.959029,FALSE
20-08-2008 08:45,42.816505,0.004,14.79738413,FALSE
21-08-2008 08:45,29.90765,0.0045,11.62809432,FALSE
22-08-2008 08:45,30.816189,0.0057,15.17635676,FALSE
23-08-2008 09:00,24.642796,0.0041,8.729464055,FALSE
25-08-2008 08:45,22.4589,0.0037,7.179661152,FALSE
26-08-2008 08:45,22.533072,0.0036,7.008686715,FALSE
27-08-2008 08:45,31.424692,0.0036,9.7743362,FALSE
28-08-2008 08:45,87.46817,0.0053,40.05342441,FALSE
29-08-2008 08:45,42.653225,0.0042,15.47800229,FALSE
30-08-2008 08:45,83.52585,0.0042,30.30986045,FALSE
01-09-2008 08:45,124.75815,0.0108,116.4143249,FALSE
02-09-2008 08:45,100.78134,0.009,78.36756998,FALSE
03-09-2008 08:45,71.27881,0.0071,43.72527321,FALSE
04-09-2008 08:45,69.45679,0.0046,27.60490662,FALSE
05-09-2008 08:45,54.553486,0.0044,20.73905324,FALSE
06-09-2008 08:45,85.52757,0.0063,46.5543669,FALSE
08-09-2008 09:00,559.8309,0.0578,2795.750728,FALSE
09-09-2008 09:00,514.9703,0.0607,2700.751439,FALSE
10-09-2008 09:00,302.4814,0.0252,658.5867026,FALSE
11-09-2008 09:00,203.38504,0.0207,363.7500763,FALSE
13-09-2008 08:45,177.12791,0.015,229.5577714,FALSE
15-09-2008 08:45,82.643745,0.0079,56.40931459,FALSE
16-09-2008 08:45,64.23182,0.0068,37.73747889,FALSE
17-09-2008 08:45,43.593052,0.0053,19.96213037,FALSE
18-09-2008 08:45,40.192715,0.0055,19.09957817,FALSE
19-09-2008 08:45,30.969233,0.0038,10.16781858,FALSE
20-09-2008 08:45,27.205023,0.0049,11.51751854,FALSE
22-09-2008 08:45,21.664307,0.004,7.487184499,FALSE
23-09-2008 08:45,19.508856,0.0035,5.899478054,FALSE
24-09-2008 08:45,14.297389,0.0029,3.582353788,FALSE
03-10-2008 08:00,0,0,0,TRUE
04-10-2008 08:00,0,0,0,TRUE
05-10-2008 08:00,0,0,0,TRUE
06-10-2008 08:00,0,0,0,TRUE
10-10-2008 08:45,31.446894,0.004,10.86804657,FALSE
11-10-2008 08:45,27.968771,0.0039,9.424357076,FALSE
13-10-2008 08:45,32.691227,0.005,14.12261006,FALSE
14-10-2008 08:45,27.430021,0.0048,11.37577831,FALSE
15-10-2008 08:45,27.16371,0.0049,11.50002827,FALSE
16-10-2008 08:45,21.31361,0.0031,5.708637302,FALSE
17-10-2008 08:45,22.1195,0.0031,5.92448688,FALSE
18-10-2008 08:45,21.138664,0.003,5.479141709,FALSE
20-10-2008 08:45,44.1311,0.0078,29.74083091,FALSE
21-10-2008 08:45,116.21964,0.0134,134.5544504,FALSE
22-10-2008 08:45,114.42225,0.0089,87.98613336,FALSE
23-10-2008 08:45,76.2882,0.0084,55.36692403,FALSE
24-10-2008 08:45,102.299095,0.0093,82.19936881,FALSE
25-10-2008 08:45,84.336525,0.0078,56.83607093,FALSE
28-10-2008 08:45,125.21884,0.0103,111.4347501,FALSE
29-10-2008 08:45,91.34457,0.0083,65.50501804,FALSE
30-10-2008 08:45,122.38,0.0184,194.5548288,FALSE
31-10-2008 08:45,75.18313,0.0054,35.07744113,FALSE
01-11-2008 08:45,54.66131,0.0043,20.30776989,FALSE
03-11-2008 08:45,33.832596,0.0046,13.44642695,FALSE
04-11-2008 08:45,27.371881,0.0035,8.277256814,FALSE
05-11-2008 08:45,19.995476,0.0025,4.319022816,FALSE
06-11-2008 08:45,19.739708,0.0023,3.922674774,FALSE
07-11-2008 08:45,21.455256,0.0034,6.302696003,FALSE
08-11-2008 08:45,15.2429,0.0026,3.424165056,FALSE
10-11-2008 08:45,19.69583,0.0026,4.424471251,FALSE
11-11-2008 08:45,13.554299,0.0021,2.459292011,FALSE
12-11-2008 08:45,20.949497,0.0022,3.98208039,FALSE
14-11-2008 08:45,20.962118,0.0029,5.252268286,FALSE
15-11-2008 08:45,26.241583,0.0025,5.668181928,FALSE
17-11-2008 08:45,9.751999,0.002,1.685145427,FALSE
20-11-2008 08:45,7.808216,0.0019,1.281796739,FALSE
21-11-2008 08:45,7.575141,0.0012,0.785390619,FALSE
25-11-2008 08:45,6.770554,0.0018,1.052956558,FALSE
26-11-2008 08:45,6.6957197,0.0018,1.041318328,FALSE
02-12-2008 08:45,8.5053835,0.0016,1.175784215,FALSE
04-12-2008 08:45,7.1417418,0.0022,1.357502281,FALSE
12-12-2008 08:45,3.8170688,0.0018,0.59363054,FALSE
22-12-2008 08:00,0,0,0,TRUE
23-12-2008 08:00,0,0,0,TRUE
24-12-2008 08:00,0,0,0,TRUE
25-12-2008 08:00,0,0,0,TRUE
26-12-2008 08:00,0,0,0,TRUE
27-12-2008 08:00,0,0,0,TRUE
28-12-2008 08:00,0,0,0,TRUE
29-12-2008 08:00,0,0,0,TRUE
30-12-2008 08:00,0,0,0,TRUE
31-12-2008 08:00,0,0,0,TRUE
01-01-2009 08:00,0,0,0,TRUE
02-01-2009 08:00,0,0,0,TRUE
03-01-2009 08:00,0,0,0,TRUE
04-01-2009 08:00,0,0,0,TRUE
05-01-2009 08:00,0,0,0,TRUE
06-01-2009 08:00,0,0,0,TRUE
07-01-2009 08:00,0,0,0,TRUE
08-01-2009 08:00,0,0,0,TRUE
09-01-2009 08:00,0,0,0,TRUE
10-01-2009 08:00,0,0,0,TRUE
11-01-2009 08:00,0,0,0,TRUE
12-01-2009 08:00,0,0,0,TRUE
13-01-2009 08:00,0,0,0,TRUE
14-01-2009 08:00,0,0,0,TRUE
15-01-2009 08:00,0,0,0,TRUE
16-01-2009 08:00,0,0,0,TRUE
17-01-2009 08:00,0,0,0,TRUE
18-01-2009 08:00,0,0,0,TRUE
19-01-2009 08:00,0,0,0,TRUE
20-01-2009 08:00,0,0,0,TRUE
21-01-2009 08:00,0,0,0,TRUE
22-01-2009 08:00,0,0,0,TRUE
23-01-2009 08:00,0,0,0,TRUE
24-01-2009 08:00,0,0,0,TRUE
25-01-2009 08:00,0,0,0,TRUE
26-01-2009 08:00,0,0,0,TRUE
27-01-2009 08:00,0,0,0,TRUE
28-01-2009 08:00,0,0,0,TRUE
29-01-2009 08:00,0,0,0,TRUE
30-01-2009 08:00,0,0,0,TRUE
31-01-2009 08:00,0,0,0,TRUE
01-02-2009 08:00,0,0,0,TRUE
02-02-2009 08:00,0,0,0,TRUE
03-02-2009 08:00,0,0,0,TRUE
04-02-2009 08:00,0,0,0,TRUE
05-02-2009 08:00,0,0,0,TRUE
06-02-2009 08:00,0,0,0,TRUE
07-02-2009 08:00,0,0,0,TRUE
08-02-2009 08:00,0,0,0,TRUE
09-02-2009 08:00,0,0,0,TRUE
10-02-2009 08:00,0,0,0,TRUE
11-02-2009 08:00,0,0,0,TRUE
12-02-2009 08:00,0,0,0,TRUE
13-02-2009 08:00,0,0,0,TRUE
14-02-2009 08:00,0,0,0,TRUE
15-02-2009 08:00,0,0,0,TRUE
16-02-2009 08:00,0,0,0,TRUE
17-02-2009 08:00,0,0,0,TRUE
18-02-2009 08:00,0,0,0,TRUE
19-02-2009 08:00,0,0,0,TRUE
20-02-2009 08:00,0,0,0,TRUE
21-02-2009 08:00,0,0,0,TRUE
22-02-2009 08:00,0,0,0,TRUE
23-02-2009 08:00,0,0,0,TRUE
24-02-2009 08:00,0,0,0,TRUE
25-02-2009 08:00,0,0,0,TRUE
26-02-2009 08:00,0,0,0,TRUE
27-02-2009 08:00,0,0,0,TRUE
28-02-2009 08:00,0,0,0,TRUE
01-03-2009 08:00,0,0,0,TRUE
02-03-2009 08:00,0,0,0,TRUE
03-03-2009 08:00,0,0,0,TRUE
04-03-2009 08:00,0,0,0,TRUE
05-03-2009 08:00,0,0,0,TRUE
06-03-2009 08:00,0,0,0,TRUE
07-03-2009 08:00,0,0,0,TRUE
08-03-2009 08:00,0,0,0,TRUE
09-03-2009 08:00,0,0,0,TRUE
10-03-2009 08:00,0,0,0,TRUE
11-03-2009 08:00,0,0,0,TRUE
12-03-2009 08:00,0,0,0,TRUE
13-03-2009 08:00,0,0,0,TRUE
14-03-2009 08:00,0,0,0,TRUE
15-03-2009 08:00,0,0,0,TRUE
16-03-2009 08:00,0,0,0,TRUE
17-03-2009 08:00,0,0,0,TRUE
18-03-2009 08:00,0,0,0,TRUE
19-03-2009 08:00,0,0,0,TRUE
20-03-2009 08:00,0,0,0,TRUE
21-03-2009 08:00,0,0,0,TRUE
22-03-2009 08:00,0,0,0,TRUE
23-03-2009 08:00,0,0,0,TRUE
24-03-2009 08:00,0,0,0,TRUE
25-03-2009 08:00,0,0,0,TRUE
26-03-2009 08:00,0,0,0,TRUE
27-03-2009 08:00,0,0,0,TRUE
28-03-2009 08:00,0,0,0,TRUE
29-03-2009 08:00,0,0,0,TRUE
30-03-2009 08:00,0,0,0,TRUE
31-03-2009 08:00,0,0,0,TRUE
01-04-2009 08:00,0,0,0,TRUE
02-04-2009 08:00,0,0,0,TRUE
03-04-2009 08:00,0,0,0,TRUE
04-04-2009 08:00,0,0,0,TRUE
05-04-2009 08:00,0,0,0,TRUE
06-04-2009 08:00,0,0,0,TRUE
07-04-2009 08:00,0,0,0,TRUE
08-04-2009 08:00,0,0,0,TRUE
09-04-2009 08:00,0,0,0,TRUE
10-04-2009 08:00,0,0,0,TRUE
11-04-2009 08:00,0,0,0,TRUE
12-04-2009 08:00,0,0,0,TRUE
13-04-2009 08:00,0,0,0,TRUE
14-04-2009 08:00,0,0,0,TRUE
15-04-2009 08:00,0,0,0,TRUE
16-04-2009 08:00,0,0,0,TRUE
17-04-2009 08:00,0,0,0,TRUE
18-04-2009 08:00,0,0,0,TRUE
19-04-2009 08:00,0,0,0,TRUE
20-04-2009 08:00,0,0,0,TRUE
21-04-2009 08:00,0,0,0,TRUE
22-04-2009 08:00,0,0,0,TRUE
23-04-2009 08:00,0,0,0,TRUE
24-04-2009 08:00,0,0,0,TRUE
25-04-2009 08:00,0,0,0,TRUE
26-04-2009 08:00,0,0,0,TRUE
27-04-2009 08:00,0,0,0,TRUE
28-04-2009 08:00,0,0,0,TRUE
29-04-2009 08:00,0,0,0,TRUE
30-04-2009 08:00,0,0,0,TRUE
01-05-2009 08:00,0,0,0,TRUE
02-05-2009 08:00,0,0,0,TRUE
03-05-2009 08:00,0,0,0,TRUE
04-05-2009 08:00,0,0,0,TRUE
05-05-2009 08:00,0,0,0,TRUE
06-05-2009 08:00,0,0,0,TRUE
07-05-2009 08:00,0,0,0,TRUE
08-05-2009 08:00,0,0,0,TRUE
09-05-2009 08:00,0,0,0,TRUE
10-05-2009 08:00,0,0,0,TRUE
11-05-2009 08:00,0,0,0,TRUE
12-05-2009 08:00,0,0,0,TRUE
13-05-2009 08:00,0,0,0,TRUE
14-05-2009 08:00,0,0,0,TRUE
15-05-2009 08:00,0,0,0,TRUE
16-05-2009 08:00,0,0,0,TRUE
17-05-2009 08:00,0,0,0,TRUE
18-05-2009 08:00,0,0,0,TRUE
19-05-2009 08:00,0,0,0,TRUE
20-05-2009 08:00,0,0,0,TRUE
21-05-2009 08:00,0,0,0,TRUE
22-05-2009 08:00,0,0,0,TRUE
23-05-2009 08:00,0,0,0,TRUE
24-05-2009 08:00,0,0,0,TRUE
25-05-2009 08:00,0,0,0,TRUE
26-05-2009 08:00,0,0,0,TRUE
27-05-2009 08:00,0,0,0,TRUE
28-05-2009 08:30,39.67047,0.0047,16.10938446,FALSE
29-05-2009 08:30,27.13704,0.0039,9.144096998,FALSE
30-05-2009 08:00,14.82,0.0023,2.9450304,FALSE
31-05-2009 08:00,18.48,0.0025,3.99168,FALSE
01-06-2009 08:45,29.228863,0.005,12.62686882,FALSE
02-06-2009 08:45,22.299826,0.0035,6.743467382,FALSE
03-06-2009 08:45,19.387325,0.0028,4.690181664,FALSE
04-06-2009 09:00,16.278917,0.0031,4.360145129,FALSE
05-06-2009 08:45,12.180108,0.003,3.157083994,FALSE
06-06-2009 08:45,20.04059,0.0026,4.501918138,FALSE
08-06-2009 08:45,150.69994,0.0282,367.1773898,FALSE
09-06-2009 08:45,137.61493,0.0237,281.7913399,FALSE
10-06-2009 08:45,86.20346,0.005,37.23989472,FALSE
11-06-2009 08:31,61.99164,0.005,26.78038848,FALSE
12-06-2009 08:45,43.792526,0.0042,15.89143183,FALSE
13-06-2009 08:45,41.741745,0.0034,12.26205501,FALSE
15-06-2009 08:45,26.935942,0.0031,7.214522705,FALSE
16-06-2009 08:45,23.254011,0.0029,5.826524996,FALSE
17-06-2009 08:45,21.736403,0.0025,4.695063048,FALSE
18-06-2009 08:45,23.59172,0.0031,6.318806285,FALSE
19-06-2009 08:45,40.09194,0.0039,13.5093801,FALSE
20-06-2009 08:45,39.398006,0.0043,14.63714719,FALSE
22-06-2009 08:45,31.518658,0.0037,10.07588459,FALSE
23-06-2009 08:45,31.454535,0.0039,10.59892011,FALSE
24-06-2009 08:45,42.352154,0.0036,13.17321398,FALSE
25-06-2009 08:45,63.15382,0.0045,24.55420522,FALSE
26-06-2009 08:45,78.982445,0.0045,30.70837462,FALSE
27-06-2009 08:45,91.523476,0.0063,49.81805846,FALSE
29-06-2009 08:45,75.77222,0.0046,30.11491112,FALSE
30-06-2009 08:45,124.926704,0.0131,141.3970407,FALSE
01-07-2009 11:00,344.85223,0.0543,1617.881134,FALSE
02-07-2009 09:00,340.52747,0.0352,1035.639384,FALSE
03-07-2009 09:00,427.8857,0.0783,2894.698107,FALSE
04-07-2009 09:00,346.4278,0.029,868.0094957,FALSE
06-07-2009 09:00,217.6296,0.0161,302.7314788,FALSE
07-07-2009 09:00,210.57497,0.012,218.3241289,FALSE
08-07-2009 08:45,132.18845,0.0065,74.23703352,FALSE
09-07-2009 08:45,114.20377,0.0056,55.25635208,FALSE
10-07-2009 08:45,113.80286,0.005,49.16283552,FALSE
11-07-2009 08:45,88.04066,0.0036,27.38416689,FALSE
13-07-2009 08:45,64.07381,0.0033,18.26872471,FALSE
14-07-2009 08:45,80.23843,0.0043,29.81018151,FALSE
15-07-2009 08:45,112.90152,0.0097,94.62050588,FALSE
16-07-2009 08:45,173.51549,0.0127,190.3950769,FALSE
17-07-2009 08:45,253.76534,0.0251,550.3256669,FALSE
18-07-2009 08:45,464.85596,0.0729,2927.923155,FALSE
20-07-2009 09:00,209.28127,0.0103,186.2435878,FALSE
21-07-2009 08:45,119.506714,0.0053,54.72451447,FALSE
22-07-2009 08:45,90.25554,0.0033,25.73365956,FALSE
23-07-2009 08:45,63.587315,0.0029,15.93243765,FALSE
24-07-2009 08:45,55.95161,0.0029,14.0192354,FALSE
25-07-2009 08:45,42.863186,0.0029,10.73979988,FALSE
27-07-2009 08:45,28.027147,0.0033,7.991100153,FALSE
28-07-2009 08:45,23.471117,0.003,6.083713526,FALSE
29-07-2009 08:45,24.451967,0.0025,5.281624872,FALSE
30-07-2009 08:45,63.006866,0.0078,42.46158713,FALSE
31-07-2009 08:45,72.06702,0.0053,33.0009298,FALSE
01-08-2009 08:45,104.85319,0.0098,88.78129304,FALSE
03-08-2009 08:45,79.06829,0.0064,43.72160164,FALSE
04-08-2009 08:45,67.91909,0.0041,24.05965844,FALSE
05-08-2009 08:45,56.162453,0.0033,16.0130386,FALSE
06-08-2009 08:45,42.59393,0.0031,11.40835821,FALSE
07-08-2009 08:45,39.49671,0.0027,9.213792509,FALSE
08-08-2009 08:45,29.329777,0.0029,7.348868925,FALSE
10-08-2009 08:45,24.265753,0.0026,5.451058754,FALSE
11-08-2009 08:45,38.406235,0.0037,12.2777052,FALSE
12-08-2009 08:45,43.848526,0.0031,11.7443892,FALSE
13-08-2009 08:45,41.960606,0.0033,11.96380798,FALSE
14-08-2009 08:45,41.42045,0.0029,10.37830795,FALSE
17-08-2009 08:45,78.876854,0.0082,55.88267352,FALSE
18-08-2009 08:45,61.715366,0.0051,27.19425887,FALSE
19-08-2009 08:45,72.43895,0.0069,43.18520443,FALSE
20-08-2009 08:45,83.562096,0.0148,106.8525234,FALSE
21-08-2009 08:45,177.83565,0.0308,473.2420049,FALSE
22-08-2009 08:45,135.61308,0.0218,255.4299484,FALSE
24-08-2009 08:45,106.10795,0.0122,111.8462679,FALSE
25-08-2009 08:45,79.68691,0.0084,57.8335718,FALSE
26-08-2009 08:45,58.990547,0.0044,22.42584635,FALSE
27-08-2009 09:00,55.44121,0.0044,21.07653039,FALSE
28-08-2009 08:45,42.590416,0.0033,12.14337941,FALSE
29-08-2009 08:45,38.099648,0.0029,9.546247803,FALSE
31-08-2009 08:45,38.192177,0.0064,21.11874619,FALSE
01-09-2009 08:45,59.81851,0.0041,21.19010898,FALSE
03-09-2009 08:45,83.73456,0.0064,46.3018623,FALSE
04-09-2009 08:45,83.04983,0.0049,35.15997603,FALSE
05-09-2009 08:45,141.31737,0.0115,140.4129388,FALSE
07-09-2009 08:45,175.67159,0.0167,253.4730238,FALSE
08-09-2009 08:45,150.17134,0.0065,84.33622454,FALSE
09-09-2009 08:45,110.16373,0.0054,51.39798987,FALSE
10-09-2009 08:45,79.18767,0.0034,23.26216994,FALSE
11-09-2009 08:45,53.834496,0.0026,12.09338118,FALSE
12-09-2009 08:45,43.628326,0.0035,13.19320578,FALSE
14-09-2009 08:45,68.004845,0.0215,126.3258001,FALSE
15-09-2009 08:45,46.49264,0.0081,32.53740918,FALSE
16-09-2009 08:45,41.40822,0.0081,28.97912868,FALSE
17-09-2009 08:45,33.11692,0.0047,13.44811887,FALSE
18-09-2009 08:45,31.576706,0.0041,11.18573233,FALSE
19-09-2009 08:45,174.10301,0.0119,179.0057508,FALSE
22-09-2009 08:45,91.55708,0.0122,96.50848689,FALSE
23-09-2009 08:45,79.438736,0.0144,98.83449778,FALSE
24-09-2009 08:45,66.84916,0.0069,39.85279523,FALSE
25-09-2009 08:45,49.55506,0.0048,20.55147448,FALSE
26-09-2009 08:45,50.092873,0.0041,17.74489933,FALSE
29-09-2009 08:45,103.73591,0.0488,437.3837921,FALSE
30-09-2009 08:45,77.57865,0.0305,204.4352585,FALSE
01-10-2009 08:45,76.72682,0.0239,158.4378142,FALSE
03-10-2009 08:45,360.68124,0.0802,2499.261303,FALSE
05-10-2009 08:45,164.18193,0.0071,100.7157631,FALSE
06-10-2009 08:45,110.36637,0.0064,61.02818796,FALSE
07-10-2009 08:45,76.123085,0.0034,22.36191745,FALSE
08-10-2009 08:45,55.832336,0.0034,16.40130702,FALSE
09-10-2009 08:30,41.81841,0.0038,13.72982037,FALSE
10-10-2009 08:45,31.389303,0.0041,11.11934669,FALSE
12-10-2009 08:45,23.013794,0.0027,5.368657864,FALSE
13-10-2009 08:45,28.602348,0.0029,7.166604315,FALSE
14-10-2009 08:45,42.47046,0.0102,37.42836699,FALSE
15-10-2009 08:45,50.429604,0.0145,63.17820789,FALSE
16-10-2009 08:45,57.333084,0.0148,73.31296117,FALSE
19-10-2009 08:45,35.654938,0.0038,11.70622924,FALSE
20-10-2009 08:45,41.393356,0.0058,20.74303856,FALSE
21-10-2009 08:45,35.932816,0.0044,13.66021933,FALSE
22-10-2009 08:45,42.46551,0.0059,21.64721838,FALSE
23-10-2009 09:00,38.997513,0.0039,13.14060198,FALSE
24-10-2009 08:45,31.3463,0.0032,8.666625024,FALSE
26-10-2009 08:45,27.747532,0.0029,6.952421618,FALSE
27-10-2009 08:45,37.27172,0.003,9.660829824,FALSE
28-10-2009 08:45,23.546368,0.0024,4.882574868,FALSE
29-10-2009 08:45,22.927666,0.0023,4.556185788,FALSE
30-10-2009 08:45,22.577019,0.0022,4.291439772,FALSE
31-10-2009 08:45,19.705332,0.0021,3.575335438,FALSE
03-11-2009 08:45,15.86781,0.0016,2.193566054,FALSE
04-11-2009 08:45,15.49595,0.0015,2.00827512,FALSE
05-11-2009 08:45,15.898773,0.0015,2.060480981,FALSE
06-11-2009 08:45,9.2756195,0.0017,1.362402992,FALSE
07-11-2009 08:45,9.298979,0.0014,1.1248045,FALSE
09-11-2009 08:45,60.41196,0.0076,39.66890941,FALSE
10-11-2009 08:45,70.47892,0.0068,41.40777508,FALSE
11-11-2009 08:45,80.05032,0.006,41.49808589,FALSE
12-11-2009 08:45,69.58628,0.0042,25.25146929,FALSE
13-11-2009 08:45,57.399742,0.0038,18.84548329,FALSE
14-11-2009 08:45,47.63692,0.003,12.34748966,FALSE
16-11-2009 08:45,157.2371,0.0317,430.6535484,FALSE
17-11-2009 08:45,123.78172,0.02,213.8948122,FALSE
18-11-2009 08:45,81.01166,0.0068,47.59597048,FALSE
19-11-2009 08:45,64.18859,0.0041,22.73816612,FALSE
20-11-2009 08:45,56.11064,0.0031,15.02867382,FALSE
21-11-2009 08:45,67.917915,0.0128,75.11178056,FALSE
23-11-2009 08:45,54.960114,0.0034,16.14508309,FALSE
24-11-2009 09:45,41.769176,0.0032,11.54834178,FALSE
25-11-2009 08:45,38.17114,0.0028,9.234362189,FALSE
26-11-2009 08:45,52.44218,0.0334,151.3355454,FALSE
28-11-2009 08:45,31.263418,0.0034,9.183941672,FALSE
30-11-2009 08:45,22.769327,0.0034,6.6887175,FALSE
01-12-2009 08:45,19.555237,0.0028,4.730802935,FALSE
02-12-2009 08:45,16.149729,0.003,4.186009757,FALSE
03-12-2009 08:45,15.382068,0.0027,3.588328823,FALSE
04-12-2009 08:45,14.736162,0.0025,3.183010992,FALSE
05-12-2009 08:45,15.197611,0.0028,3.676606053,FALSE
08-12-2009 08:45,14.480948,0.0022,2.752538596,FALSE
09-12-2009 08:45,8.962027,0.0019,1.471206352,FALSE
10-12-2009 08:45,8.618946,0.0019,1.414886175,FALSE
11-12-2009 08:45,7.464238,0.0018,1.160838294,FALSE
12-12-2009 08:45,6.0775824,0.002,1.050206239,FALSE
15-12-2009 08:45,3.5124636,0.0023,0.697996767,FALSE
16-12-2009 08:45,3.2982912,0.0027,0.769425371,FALSE
17-12-2009 08:45,3.091986,0.0019,0.507580422,FALSE
18-12-2009 08:45,9.35247,0.0029,2.343354883,FALSE
19-12-2009 08:45,9.350865,0.0023,1.858203893,FALSE
22-12-2009 08:45,3.4765093,0.0018,0.540666726,FALSE
23-12-2009 08:45,3.119408,0.002,0.539033702,FALSE
24-12-2009 08:45,2.149931,0.0022,0.408658884,FALSE
26-12-2009 08:45,2.0951927,0.002,0.362049299,FALSE
28-12-2009 08:45,24.912937,0.0042,9.040406579,FALSE
29-12-2009 08:45,22.585363,0.0026,5.073575944,FALSE
30-12-2009 08:45,21.538212,0.0025,4.652253792,FALSE
31-12-2009 08:45,14.768003,0.0022,2.80710201,FALSE
01-01-2010 08:45,11.560855,0.0029,2.896687829,FALSE
02-01-2010 08:45,8.364354,0.0016,1.156288297,FALSE
04-01-2010 08:45,6.8085523,0.0017,1.000040162,FALSE
08-01-2010 08:45,0,0,0,TRUE
09-01-2010 08:30,0,0,0,TRUE
10-01-2010 08:00,0,0,0,TRUE
11-01-2010 08:00,0,0,0,TRUE
12-01-2010 08:00,0,0,0,TRUE
13-01-2010 08:45,5.4045157,0.0023,1.07398536,FALSE
14-01-2010 08:45,7.2625513,0.0023,1.443214194,FALSE
16-01-2010 08:45,2.370746,0.0023,0.471114645,FALSE
18-01-2010 08:00,2.466,0.0023,0.49004352,FALSE
19-01-2010 08:45,1.8612244,0.0023,0.369862513,FALSE
20-01-2010 08:45,1.9155196,0.0023,0.380652055,FALSE
21-01-2010 08:45,1.693564,0.0023,0.336545038,FALSE
25-01-2010 08:45,0.62211376,0.0023,0.123626446,FALSE
27-01-2010 08:45,0.6189343,0,0,TRUE
28-01-2010 08:45,0.44078937,0,0,TRUE
29-01-2010 08:31,0.41874832,0,0,TRUE
30-01-2010 08:45,0,0,0,TRUE
31-01-2010 08:00,0,0,0,TRUE
01-02-2010 08:00,0,0,0,TRUE
02-02-2010 08:00,0,0,0,TRUE
03-02-2010 08:00,0,0,0,TRUE
04-02-2010 08:00,0,0,0,TRUE
05-02-2010 08:00,0,0,0,TRUE
06-02-2010 08:00,0,0,0,TRUE
07-02-2010 08:00,0,0,0,TRUE
08-02-2010 08:00,0,0,0,TRUE
09-02-2010 08:00,0,0,0,TRUE
10-02-2010 08:00,0,0,0,TRUE
11-02-2010 08:00,0,0,0,TRUE
12-02-2010 08:00,0,0,0,TRUE
13-02-2010 08:00,0,0,0,TRUE
14-02-2010 08:00,0,0,0,TRUE
15-02-2010 08:00,0,0,0,TRUE
16-02-2010 08:00,0,0,0,TRUE
17-02-2010 08:00,0,0,0,TRUE
18-02-2010 08:00,0,0,0,TRUE
19-02-2010 08:00,0,0,0,TRUE
20-02-2010 08:00,0,0,0,TRUE
21-02-2010 08:00,0,0,0,TRUE
22-02-2010 08:00,0,0,0,TRUE
23-02-2010 08:00,0,0,0,TRUE
24-02-2010 08:00,0,0,0,TRUE
25-02-2010 08:00,0,0,0,TRUE
26-02-2010 08:00,0,0,0,TRUE
27-02-2010 08:00,0,0,0,TRUE
28-02-2010 08:00,0,0,0,TRUE
01-03-2010 08:00,0,0,0,TRUE
02-03-2010 08:00,0,0,0,TRUE
03-03-2010 08:00,0,0,0,TRUE
04-03-2010 08:00,0,0,0,TRUE
05-03-2010 08:00,0,0,0,TRUE
06-03-2010 08:00,0,0,0,TRUE
07-03-2010 08:00,0,0,0,TRUE
08-03-2010 08:00,0,0,0,TRUE
09-03-2010 08:00,0,0,0,TRUE
10-03-2010 08:00,0,0,0,TRUE
11-03-2010 08:00,0,0,0,TRUE
12-03-2010 08:00,0,0,0,TRUE
13-03-2010 08:00,0,0,0,TRUE
14-03-2010 08:00,0,0,0,TRUE
15-03-2010 08:00,0,0,0,TRUE
16-03-2010 08:00,0,0,0,TRUE
17-03-2010 08:00,0,0,0,TRUE
18-03-2010 08:00,0,0,0,TRUE
19-03-2010 08:00,0,0,0,TRUE
20-03-2010 08:00,0,0,0,TRUE
21-03-2010 08:00,0,0,0,TRUE
22-03-2010 08:00,0,0,0,TRUE
23-03-2010 08:00,0,0,0,TRUE
24-03-2010 08:00,0,0,0,TRUE
25-03-2010 08:00,0,0,0,TRUE
26-03-2010 08:00,0,0,0,TRUE
27-03-2010 08:00,0,0,0,TRUE
28-03-2010 08:00,0,0,0,TRUE
29-03-2010 08:00,0,0,0,TRUE
30-03-2010 08:00,0,0,0,TRUE
31-03-2010 08:00,0,0,0,TRUE
01-04-2010 08:00,0,0,0,TRUE
02-04-2010 08:00,0,0,0,TRUE
03-04-2010 08:00,0,0,0,TRUE
04-04-2010 08:00,0,0,0,TRUE
05-04-2010 08:00,0,0,0,TRUE
06-04-2010 08:00,0,0,0,TRUE
07-04-2010 08:00,0,0,0,TRUE
08-04-2010 08:00,0,0,0,TRUE
09-04-2010 08:00,0,0,0,TRUE
10-04-2010 08:00,0,0,0,TRUE
11-04-2010 08:00,0,0,0,TRUE
12-04-2010 08:00,0,0,0,TRUE
13-04-2010 08:00,0,0,0,TRUE
14-04-2010 08:00,0,0,0,TRUE
15-04-2010 08:00,0,0,0,TRUE
16-04-2010 08:00,0,0,0,TRUE
17-04-2010 08:00,0,0,0,TRUE
18-04-2010 08:00,0,0,0,TRUE
19-04-2010 08:00,0,0,0,TRUE
20-04-2010 10:45,23.117653,0.0073,14.5807661,FALSE
21-04-2010 08:45,18.00519,0.0049,7.622677238,FALSE
22-04-2010 08:45,17.162832,0.0045,6.672909082,FALSE
23-04-2010 08:45,11.831179,0.002,2.044427731,FALSE
24-04-2010 08:45,11.933703,0.002,2.062143878,FALSE
26-04-2010 08:45,11.465758,0.0018,1.783154684,FALSE
27-04-2010 08:45,11.317583,0.0031,3.031301431,FALSE
28-04-2010 08:45,35.672302,0.0029,8.938051989,FALSE
29-04-2010 08:45,48.0082,0.0018,7.466235264,FALSE
30-04-2010 08:45,41.71249,0.0018,6.487126445,FALSE
01-05-2010 08:45,164.48566,0.0215,305.548562,FALSE
03-05-2010 08:45,83.62624,0.0109,78.75584778,FALSE
04-05-2010 08:45,62.445553,0.0079,42.62283666,FALSE
05-05-2010 08:45,39.687576,0.0047,16.11633086,FALSE
06-05-2010 08:45,30.371407,0.0034,8.92190452,FALSE
07-05-2010 08:45,23.490444,0.0024,4.870978468,FALSE
08-05-2010 08:45,18.590332,0.0017,2.730547964,FALSE
10-05-2010 08:45,31.89654,0.0036,9.921099802,FALSE
11-05-2010 08:45,21.829622,0.0033,6.224061825,FALSE
12-05-2010 08:45,14.901909,0.0022,2.832554863,FALSE
13-05-2010 08:45,14.978865,0.0022,2.847182659,FALSE
14-05-2010 08:45,13.5806055,0.002,2.34672863,FALSE
15-05-2010 08:45,11.635993,0.0018,1.809629631,FALSE
17-05-2010 08:45,17.176313,0.0026,3.858486952,FALSE
18-05-2010 08:45,16.67779,0.0016,2.30553769,FALSE
19-05-2010 08:45,16.933777,0.0016,2.340925332,FALSE
20-05-2010 08:45,17.06883,0.0016,2.359595059,FALSE
21-05-2010 08:45,26.73717,0.0025,5.77522872,FALSE
22-05-2010 08:45,24.023443,0.0033,6.849564068,FALSE
24-05-2010 08:45,30.87899,0.0027,7.203450787,FALSE
25-05-2010 08:45,48.18086,0.0032,13.32104417,FALSE
26-05-2010 08:45,108.36798,0.0052,48.68756605,FALSE
28-05-2010 08:45,120.70003,0.0056,58.39950252,FALSE
29-05-2010 08:45,86.9684,0.0044,33.06190694,FALSE
31-05-2010 08:45,124.962685,0.0057,61.54162311,FALSE
01-06-2010 08:45,86.648735,0.0072,53.90244507,FALSE
02-06-2010 08:45,48.955597,0.0051,21.57179426,FALSE
03-06-2010 08:45,43.591743,0.0063,23.72785755,FALSE
04-06-2010 09:00,45.876713,0.0043,17.04411641,FALSE
05-06-2010 08:45,47.171864,0.0041,16.7101611,FALSE
07-06-2010 08:45,67.7221,0.0205,119.9493835,FALSE
08-06-2010 08:45,145.07988,0.0252,315.8795211,FALSE
09-06-2010 08:45,202.18346,0.0261,455.9317896,FALSE
10-06-2010 08:45,139.7686,0.0091,109.8916641,FALSE
11-06-2010 08:45,115.51174,0.0089,88.82390759,FALSE
12-06-2010 09:00,202.59329,0.0212,371.0860774,FALSE
14-06-2010 09:45,686.44055,0.0317,1880.078294,FALSE
15-06-2010 08:45,362.37775,0.0234,732.6408398,FALSE
16-06-2010 08:45,195.96056,0.011,186.2409162,FALSE
17-06-2010 08:45,128.74303,0.0073,81.20080388,FALSE
18-06-2010 08:45,145.1872,0.0082,102.8622275,FALSE
19-06-2010 08:45,111.28105,0.0042,40.38166742,FALSE
21-06-2010 08:45,118.1573,0.01,102.0879072,FALSE
22-06-2010 08:45,80.39203,0.0053,36.81311838,FALSE
23-06-2010 09:15,70.8327,0.0054,33.04770451,FALSE
24-06-2010 08:45,104.803055,0.0073,66.10138285,FALSE
25-06-2010 08:45,162.9326,0.0082,115.4344884,FALSE
26-06-2010 08:45,118.69711,0.0072,73.83909819,FALSE
28-06-2010 08:45,126.197365,0.0105,114.4862495,FALSE
29-06-2010 08:45,219.99852,0.0195,370.6535065,FALSE
30-06-2010 08:45,165.23102,0.029,414.0028437,FALSE
01-07-2010 08:45,165.15625,0.0065,92.75175,FALSE
02-07-2010 08:45,131.6951,0.0055,62.58151152,FALSE
03-07-2010 08:45,102.084305,0.0053,46.74644495,FALSE
05-07-2010 08:45,127.101746,0.0061,66.98770421,FALSE
06-07-2010 08:45,158.73628,0.0062,85.03185047,FALSE
07-07-2010 08:45,116.052284,0.0046,46.12381975,FALSE
08-07-2010 08:45,84.11695,0.0079,57.41486539,FALSE
09-07-2010 08:45,97.58236,0.005,42.15557952,FALSE
10-07-2010 08:45,84.945175,0.0061,44.76950503,FALSE
12-07-2010 08:45,131.79944,0.0103,117.2909576,FALSE
13-07-2010 08:45,106.77346,0.0116,107.0126326,FALSE
14-07-2010 08:45,82.38387,0.0068,48.4021713,FALSE
15-07-2010 08:45,81.881294,0.0171,120.974699,FALSE
16-07-2010 08:45,162.99426,0.0509,716.8096369,FALSE
17-07-2010 08:45,253.93263,0.0263,577.0161938,FALSE
19-07-2010 08:45,262.85822,0.0161,365.6462983,FALSE
20-07-2010 08:45,374.26218,0.0227,734.0329284,FALSE
21-07-2010 08:45,279.14304,0.017,410.0052972,FALSE
22-07-2010 08:45,270.6898,0.0204,477.1070139,FALSE
23-07-2010 08:45,210.35199,0.0117,212.6406197,FALSE
24-07-2010 08:45,127.62577,0.0079,87.11224557,FALSE
26-07-2010 08:45,70.43856,0.0063,38.34111698,FALSE
27-07-2010 08:45,60.529762,0.0072,37.65435434,FALSE
28-07-2010 08:45,55.278625,0.007,33.4325124,FALSE
29-07-2010 08:45,102.516075,0.0091,80.60223881,FALSE
30-07-2010 08:45,116.77583,0.0075,75.67073784,FALSE
31-07-2010 08:45,97.14603,0.0047,39.44905986,FALSE
02-08-2010 08:45,51.570076,0.0044,19.60488009,FALSE
03-08-2010 08:45,46.134445,0.0045,17.93707222,FALSE
04-08-2010 08:45,49.530056,0.0045,19.25728577,FALSE
05-08-2010 08:45,67.78598,0.0059,34.55458116,FALSE
06-08-2010 08:45,59.25166,0.0051,26.10865146,FALSE
07-08-2010 08:45,47.90886,0.0055,22.76629027,FALSE
09-08-2010 08:45,42.28623,0.0042,15.34482714,FALSE
10-08-2010 08:45,41.690144,0.004,14.40811377,FALSE
11-08-2010 08:45,34.494133,0.0059,17.58372924,FALSE
12-08-2010 08:45,33.98567,0.0048,14.09453706,FALSE
13-08-2010 08:45,125.71301,0.0137,148.8039757,FALSE
14-08-2010 08:45,105.85257,0.0332,303.63598,FALSE
16-08-2010 08:45,354.2198,0.0755,2310.646599,FALSE
17-08-2010 08:45,267.53482,0.035,809.0252957,FALSE
18-08-2010 08:45,198.04962,0.0144,246.4054152,FALSE
19-08-2010 08:45,138.41408,0.0078,93.28001679,FALSE
20-08-2010 08:45,87.525986,0.0078,58.98551249,FALSE
21-08-2010 08:45,71.53818,0.0066,40.79393176,FALSE
24-08-2010 08:45,52.547737,0.0036,16.34444812,FALSE
25-08-2010 08:45,49.336056,0.0059,25.14954791,FALSE
26-08-2010 08:45,121.13331,0.0129,135.010342,FALSE
27-08-2010 08:45,122.265816,0.0062,65.49535231,FALSE
28-08-2010 08:45,118.99096,0.0073,75.04997829,FALSE
30-08-2010 08:45,216.384,0.019,355.2159744,FALSE
31-08-2010 08:45,252.79381,0.0122,266.4648992,FALSE
01-09-2010 08:45,155.97734,0.0043,57.94870136,FALSE
02-09-2010 08:45,103.35379,0.0041,36.61204657,FALSE
03-09-2010 08:45,71.309875,0.0033,20.33187156,FALSE
04-09-2010 08:45,52.643467,0.0037,16.82906353,FALSE
06-09-2010 08:45,36.205513,0.0029,9.071653337,FALSE
07-09-2010 08:31,32.145218,0.0027,7.498836455,FALSE
08-09-2010 08:45,25.859844,0.0025,5.585726304,FALSE
09-09-2010 08:45,28.002474,0.0043,10.40347914,FALSE
11-09-2010 08:45,51.331776,0.0039,17.29675524,FALSE
13-09-2010 08:45,36.730774,0.003,9.520616621,FALSE
14-09-2010 08:45,71.63391,0.0156,96.55104925,FALSE
15-09-2010 08:45,73.16247,0.0059,37.29530071,FALSE
16-09-2010 08:45,70.709404,0.0079,48.26341079,FALSE
17-09-2010 08:45,58.616592,0.0048,24.30947303,FALSE
18-09-2010 08:45,51.239204,0.0033,14.60932184,FALSE
20-09-2010 08:45,58.010468,0.0034,17.04115508,FALSE
21-09-2010 08:45,48.884624,0.003,12.67089454,FALSE
22-09-2010 08:45,133.34036,0.0113,130.1828603,FALSE
23-09-2010 08:45,119.138885,0.008,82.34879731,FALSE
24-09-2010 08:45,121.25864,0.0131,137.2453791,FALSE
25-09-2010 08:45,193.49771,0.0178,297.5839982,FALSE
27-09-2010 08:45,181.06586,0.0187,292.5444887,FALSE
28-09-2010 08:45,126.17289,0.0132,143.8976576,FALSE
29-09-2010 08:45,116.984215,0.0086,86.92395111,FALSE
30-09-2010 08:45,79.19733,0.0069,47.21428025,FALSE
01-10-2010 08:45,96.22545,0.0091,75.65629781,FALSE
04-10-2010 08:45,364.41876,0.1159,3649.202002,FALSE
05-10-2010 08:45,278.9852,0.0179,431.4673509,FALSE
06-10-2010 08:45,254.8524,0.0236,519.6542377,FALSE
07-10-2010 08:45,380.97647,0.0191,628.7026099,FALSE
08-10-2010 08:45,315.04727,0.0193,525.3476237,FALSE
09-10-2010 08:45,277.4501,0.0201,481.8309417,FALSE
11-10-2010 08:45,156.26123,0.0122,164.7118373,FALSE
12-10-2010 08:45,117.52527,0.0067,68.0330283,FALSE
13-10-2010 08:45,74.69713,0.0056,36.14145938,FALSE
14-10-2010 08:45,52.18657,0.0069,31.11154557,FALSE
16-10-2010 08:45,49.779198,0.0053,22.79489035,FALSE
18-10-2010 08:45,36.0314,0.0055,17.12212128,FALSE
19-10-2010 08:45,34.452145,0.0039,11.60899478,FALSE
20-10-2010 08:45,38.622604,0.0063,21.02305581,FALSE
21-10-2010 08:45,67.13341,0.0142,82.36463806,FALSE
22-10-2010 08:45,56.002224,0.0238,115.1584933,FALSE
23-10-2010 08:45,74.508675,0.0141,90.76944823,FALSE
25-10-2010 08:45,60.62847,0.0047,24.6200091,FALSE
26-10-2010 08:45,46.84237,0.0076,30.75857384,FALSE
27-10-2010 08:45,38.12167,0.0038,12.51610669,FALSE
28-10-2010 08:45,128.93718,0.0778,866.705409,FALSE
29-10-2010 08:45,98.96387,0.0197,168.4444238,FALSE
30-10-2010 08:45,87.43396,0.0165,124.6458534,FALSE
01-11-2010 08:45,65.50019,0.0112,63.38322386,FALSE
02-11-2010 08:45,52.615192,0.0051,23.1843582,FALSE
03-11-2010 08:45,37.804485,0.0047,15.35164527,FALSE
04-11-2010 08:45,38.98172,0.004,13.47208243,FALSE
06-11-2010 08:45,60.789536,0.0165,86.66156252,FALSE
08-11-2010 08:45,37.54642,0.007,22.70807482,FALSE
09-11-2010 08:45,35.79471,0.0062,19.17451025,FALSE
10-11-2010 08:45,68.08382,0.0118,69.41281617,FALSE
11-11-2010 08:45,74.917786,0.0118,76.38018118,FALSE
12-11-2010 08:45,99.96692,0.0126,108.8279878,FALSE
13-11-2010 08:45,74.00314,0.0097,62.02055157,FALSE
15-11-2010 08:45,49.852875,0.0077,33.16612068,FALSE
16-11-2010 08:45,69.393486,0.0213,127.7062202,FALSE
18-11-2010 08:45,189.93706,0.0909,1491.720084,FALSE
19-11-2010 08:45,164.16,0.03,425.50272,FALSE
20-11-2010 08:45,124.759384,0.0317,341.7009816,FALSE
22-11-2010 08:45,432.59155,0.0842,3147.051615,FALSE
23-11-2010 08:45,398.92056,0.0455,1568.236505,FALSE
24-11-2010 08:45,317.67606,0.018,494.0498085,FALSE
25-11-2010 08:45,199.17767,0.0196,337.2954335,FALSE
26-11-2010 08:45,125.96231,0.0099,107.7431215,FALSE
27-11-2010 08:45,97.66003,0.0121,102.0977018,FALSE
29-11-2010 08:45,51.77572,0.005,22.36711104,FALSE
30-11-2010 08:45,39.841564,0.0032,11.01539561,FALSE
01-12-2010 08:45,35.503216,0.0085,26.07356183,FALSE
02-12-2010 08:45,33.51776,0.0054,15.63804611,FALSE
03-12-2010 08:45,41.140793,0.0085,30.21379838,FALSE
04-12-2010 08:45,35.60025,0.0036,11.07310176,FALSE
06-12-2010 08:45,26.359173,0.0028,6.376811132,FALSE
07-12-2010 08:45,27.69421,0.0028,6.699783283,FALSE
08-12-2010 08:45,27.69421,0.0023,5.503393411,FALSE
09-12-2010 08:45,30.259254,0.0051,13.33343768,FALSE
10-12-2010 08:45,21.885036,0.0055,10.39976911,FALSE
11-12-2010 08:45,22.795553,0.0025,4.923839448,FALSE
13-12-2010 08:45,18.080976,0.0032,4.999028244,FALSE
14-12-2010 08:45,16.193682,0.0022,3.078095075,FALSE
15-12-2010 08:45,15.127467,0.0017,2.221922353,FALSE
17-12-2010 08:45,15.773024,0.0016,2.180462838,FALSE
18-12-2010 08:45,15.635727,0.0021,2.836946307,FALSE
20-12-2010 08:45,14.000143,0.0024,2.903069652,FALSE
21-12-2010 08:45,10.092352,0.0019,1.656760504,FALSE
22-12-2010 08:45,9.917298,0.0019,1.62802364,FALSE
23-12-2010 08:45,10.604411,0.0026,2.382174887,FALSE
24-12-2010 08:45,10.808732,0.002,1.86774889,FALSE
27-12-2010 08:45,10.555007,0.002,1.82390521,FALSE
28-12-2010 08:45,9.88943,0.0019,1.623448829,FALSE
29-12-2010 08:45,9.187651,0.0017,1.349482179,FALSE
30-12-2010 08:45,8.821888,0.0017,1.295758909,FALSE
01-01-2011 08:45,10.796332,0.0023,2.145447095,FALSE
03-01-2011 08:45,11.72738,0.0024,2.431789517,FALSE
04-01-2011 08:45,11.667484,0.0024,2.419369482,FALSE
05-01-2011 08:45,10.685618,0.0023,2.123446009,FALSE
06-01-2011 08:45,6.6718917,0.0018,1.037612597,FALSE
07-01-2011 08:45,21.682848,0.0036,6.744233042,FALSE
08-01-2011 08:45,18.47515,0.0032,5.108009472,FALSE
10-01-2011 08:45,15.855389,0.0013,1.780877292,FALSE
11-01-2011 08:30,12.003077,0.0024,2.488958047,FALSE
12-01-2011 08:30,9.766112,0.0022,1.856342569,FALSE
13-01-2011 08:30,10.002858,0.0022,1.901343249,FALSE
14-01-2011 08:30,6.739215,0.0018,1.048082717,FALSE
15-01-2011 08:30,6.4887676,0.0018,1.009133137,FALSE
17-01-2011 08:45,5.9393787,0.0017,0.872375943,FALSE
18-01-2011 08:30,4.1118245,0.0018,0.639470946,FALSE
19-01-2011 08:30,4.8590364,0.0016,0.671713192,FALSE
20-01-2011 08:30,3.8958418,0.0014,0.471241024,FALSE
21-01-2011 08:45,3.6045058,0.0014,0.436001022,FALSE
24-01-2011 08:30,2.4013352,0.0019,0.394203186,FALSE
28-01-2011 08:30,2.7559087,0.0013,0.309543665,FALSE
29-01-2011 08:30,2.7083025,0.0013,0.304196537,FALSE
31-01-2011 08:30,2.5514886,0.0012,0.264538338,FALSE
01-02-2011 08:30,2.4852521,0.0034,0.730067657,FALSE
02-02-2011 08:30,2.4441044,0.0023,0.485692426,FALSE
03-02-2011 08:30,1.5996867,0.0022,0.304068448,FALSE
04-02-2011 08:30,1.5824684,0.0022,0.300795593,FALSE
05-02-2011 08:30,1.2891177,0.0018,0.200483585,FALSE
07-02-2011 08:30,1.3246251,0.0018,0.206005696,FALSE
08-02-2011 08:30,1.2998838,0.0017,0.190926933,FALSE
09-02-2011 08:30,1.2743034,0.0017,0.187169683,FALSE
10-02-2011 08:30,1.1329107,0.0015,0.146825227,FALSE
11-02-2011 08:30,1.0979896,0.0014,0.132812822,FALSE
12-02-2011 08:30,1.2633815,0.0016,0.174649859,FALSE
16-02-2011 08:30,0.9047922,0.0012,0.093808855,FALSE
17-02-2011 08:30,0.89041954,0.0012,0.092318698,FALSE
19-02-2011 08:30,0,0,0,TRUE
20-02-2011 08:00,0,0,0,TRUE
21-02-2011 08:30,0,0,0,TRUE
22-02-2011 08:01,0,0,0,TRUE
23-02-2011 08:00,0,0,0,TRUE
24-02-2011 08:00,0,0,0,TRUE
25-02-2011 08:30,4.9941683,0.0017,0.73354344,FALSE
26-02-2011 08:30,4.7476554,0.0016,0.656315882,FALSE
28-02-2011 08:30,17.098497,0.0038,5.613778535,FALSE
01-03-2011 08:45,10.020056,0.0028,2.424051948,FALSE
03-03-2011 08:45,4.8921857,0.0024,1.014443627,FALSE
04-03-2011 08:45,4.722801,0.0024,0.979320015,FALSE
05-03-2011 08:45,2.7391155,0.0022,0.520651074,FALSE
07-03-2011 08:45,2.6760023,0.0022,0.508654517,FALSE
08-03-2011 08:45,2.6155565,0.0022,0.49716498,FALSE
09-03-2011 08:45,2.3617687,0.0019,0.38770795,FALSE
11-03-2011 08:45,1.0045625,0.0008,0.06943536,FALSE
12-03-2011 08:45,0.7129152,0.0006,0.036957524,FALSE
14-03-2011 08:45,0.6246371,0.0021,0.113334155,FALSE
15-03-2011 08:45,0.78484935,0.0026,0.176308558,FALSE
17-03-2011 08:45,0.6256834,0.0021,0.113523996,FALSE
18-03-2011 08:45,0.532957,0.0018,0.082885473,FALSE
19-03-2011 08:45,0.42658508,0.0015,0.055285426,FALSE
21-03-2011 08:30,0,0,0,TRUE
22-03-2011 08:00,0,0,0,TRUE
23-03-2011 08:00,0,0,0,TRUE
24-03-2011 08:00,0,0,0,TRUE
25-03-2011 08:00,0,0,0,TRUE
26-03-2011 08:00,0,0,0,TRUE
27-03-2011 08:00,0,0,0,TRUE
28-03-2011 08:00,0,0,0,TRUE
29-03-2011 08:00,0,0,0,TRUE
01-04-2011 08:00,0,0,0,TRUE
02-04-2011 08:00,0,0,0,TRUE
03-04-2011 08:00,0,0,0,TRUE
04-04-2011 08:00,0,0,0,TRUE
05-04-2011 08:00,0,0,0,TRUE
06-04-2011 08:00,0,0,0,TRUE
07-04-2011 08:00,0,0,0,TRUE
08-04-2011 08:00,0,0,0,TRUE
09-04-2011 08:00,0,0,0,TRUE
10-04-2011 08:00,0,0,0,TRUE
11-04-2011 08:00,0,0,0,TRUE
12-04-2011 08:00,0,0,0,TRUE
13-04-2011 08:00,0,0,0,TRUE
14-04-2011 08:00,0,0,0,TRUE
15-04-2011 08:00,0,0,0,TRUE
16-04-2011 08:00,0,0,0,TRUE
18-04-2011 08:45,18.876577,0.0028,4.566621508,FALSE
19-04-2011 08:45,42.552395,0.0055,20.2208981,FALSE
20-04-2011 08:45,52.64221,0.0066,30.01869383,FALSE
21-04-2011 08:45,35.192554,0.0046,13.98692866,FALSE
23-04-2011 08:45,37.852657,0.0049,16.02530087,FALSE
25-04-2011 08:45,71.48762,0.0093,57.44173242,FALSE
26-04-2011 08:45,69.78596,0.0085,51.25080902,FALSE
27-04-2011 08:45,49.95651,0.0063,27.19232752,FALSE
28-04-2011 08:45,57.997585,0.0071,35.57803854,FALSE
29-04-2011 08:45,58.70288,0.0073,37.02508047,FALSE
30-04-2011 08:45,58.148167,0.0072,36.17281173,FALSE
02-05-2011 08:45,36.623604,0.0086,27.21280272,FALSE
03-05-2011 08:45,31.51847,0.0033,8.986546166,FALSE
04-05-2011 08:45,34.150497,0.0047,13.86783382,FALSE
05-05-2011 08:45,29.905209,0.0041,10.59362124,FALSE
06-05-2011 08:45,21.955376,0.0031,5.880527908,FALSE
07-05-2011 08:45,18.05277,0.0027,4.211350186,FALSE
09-05-2011 08:45,10.11893,0.0017,1.486268438,FALSE
13-05-2011 08:45,4.13288,0.001,0.357080832,FALSE
14-05-2011 08:45,4.064883,0.001,0.351205891,FALSE
16-05-2011 08:45,3.703921,0.0011,0.352020652,FALSE
19-05-2011 08:45,22.46073,0.0032,6.20994263,FALSE
20-05-2011 08:45,22.57897,0.0032,6.242633626,FALSE
21-05-2011 08:45,17.89928,0.0025,3.86624448,FALSE
23-05-2011 08:45,15.294122,0.0024,3.171389138,FALSE
24-05-2011 08:45,9.721403,0.0013,1.091907985,FALSE
25-05-2011 08:45,8.360986,0.0012,0.866867028,FALSE
30-05-2011 08:45,27.227768,0.0034,7.998429128,FALSE
31-05-2011 08:45,66.256836,0.0086,49.23147942,FALSE
01-06-2011 08:45,150.10338,0.0217,281.4258251,FALSE
02-06-2011 08:45,528.6133,0.1707,7796.242683,FALSE
03-06-2011 09:00,358.68774,0.0305,945.2139324,FALSE
04-06-2011 09:00,363.1222,0.0206,646.2994164,FALSE
06-06-2011 09:00,339.45563,0.0176,516.1898092,FALSE
07-06-2011 09:00,267.108,0.0167,385.404791,FALSE
08-06-2011 09:00,164.41246,0.007,99.43665581,FALSE
09-06-2011 08:45,106.67663,0.006,55.30116499,FALSE
10-06-2011 08:45,82.83546,0.0063,45.08899759,FALSE
11-06-2011 08:45,73.945786,0.0045,28.7501216,FALSE
13-06-2011 08:45,48.20139,0.0063,26.2369806,FALSE
14-06-2011 08:45,53.049248,0.0063,28.87576667,FALSE
15-06-2011 09:00,161.90556,0.0242,338.5250973,FALSE
16-06-2011 08:45,127.43157,0.0101,111.2018852,FALSE
17-06-2011 08:45,150.5496,0.0091,118.3681175,FALSE
18-06-2011 08:45,219.05426,0.0088,166.551335,FALSE
20-06-2011 08:45,121.24477,0.0067,70.18617246,FALSE
21-06-2011 08:45,82.80782,0.005,35.77297824,FALSE
22-06-2011 08:45,66.94579,0.0045,26.02852315,FALSE
23-06-2011 08:45,50.441097,0.0038,16.56082097,FALSE
24-06-2011 08:45,52.53084,0.0036,16.33919247,FALSE
25-06-2011 08:45,52.16137,0.0065,29.29382539,FALSE
27-06-2011 08:45,80.40569,0.01,69.47051616,FALSE
28-06-2011 08:45,116.36605,0.0081,81.43761643,FALSE
29-06-2011 08:45,96.39994,0.0077,64.13295208,FALSE
30-06-2011 08:45,73.45555,0.0065,41.25263688,FALSE
01-07-2011 08:45,57.41315,0.0042,20.83408387,FALSE
02-07-2011 08:45,43.52774,0.0038,14.2910276,FALSE
04-07-2011 08:45,29.58015,0.0028,7.156029888,FALSE
05-07-2011 08:45,25.460417,0.0028,6.159384081,FALSE
06-07-2011 08:45,33.28279,0.0066,18.97917817,FALSE
07-07-2011 08:45,90.99062,0.0069,54.24496802,FALSE
08-07-2011 08:45,81.36759,0.0041,28.82365508,FALSE
09-07-2011 08:45,64.567696,0.0034,18.96740638,FALSE
11-07-2011 08:45,54.443542,0.0028,13.17098168,FALSE
12-07-2011 08:45,49.096737,0.003,12.72587423,FALSE
13-07-2011 08:45,83.28735,0.0041,29.50371086,FALSE
14-07-2011 08:45,98.40097,0.0113,96.07083503,FALSE
15-07-2011 08:45,162.73062,0.0142,199.6509431,FALSE
16-07-2011 08:45,209.6712,0.0231,418.4701678,FALSE
18-07-2011 08:45,252.52388,0.0161,351.270818,FALSE
19-07-2011 08:45,221.75867,0.0117,224.1714043,FALSE
20-07-2011 08:45,157.84236,0.0125,170.4697488,FALSE
21-07-2011 08:45,128.67123,0.0063,70.03832391,FALSE
22-07-2011 08:45,100.2375,0.0079,68.418108,FALSE
23-07-2011 08:45,92.97925,0.0043,34.54365096,FALSE
25-07-2011 08:45,110.38701,0.0053,50.54841962,FALSE
26-07-2011 08:45,202.73746,0.0292,511.4822831,FALSE
27-07-2011 08:45,222.4971,0.046,884.2924742,FALSE
28-07-2011 08:45,151.15361,0.0067,87.49980176,FALSE
29-07-2011 08:45,101.4862,0.0056,49.10308301,FALSE
30-07-2011 08:45,95.11692,0.0051,41.91231963,FALSE
01-08-2011 08:45,74.16612,0.0061,39.08851188,FALSE
02-08-2011 08:45,57.611202,0.00443,22.05080279,FALSE
03-08-2011 08:45,50.45149,0.0044,19.17963844,FALSE
04-08-2011 08:45,43.395462,0.0042,15.74734525,FALSE
05-08-2011 08:45,41.246418,0.0038,13.54202396,FALSE
06-08-2011 08:45,91.02419,0.023,180.8832704,FALSE
08-08-2011 08:45,585.1868,0.0556,2811.143757,FALSE
09-08-2011 08:45,293.71613,0.0259,657.2662071,FALSE
10-08-2011 08:45,204.74149,0.0098,173.3587144,FALSE
11-08-2011 08:45,149.66513,0.0101,130.603779,FALSE
12-08-2011 08:45,149.71085,0.0117,151.339704,FALSE
13-08-2011 08:45,130.6399,0.0126,142.2198207,FALSE
16-08-2011 08:45,102.18107,0.0103,90.93297781,FALSE
17-08-2011 08:45,122.38636,0.0121,127.9475962,FALSE
18-08-2011 08:45,142.14937,0.0179,219.8425297,FALSE
19-08-2011 08:45,178.4261,0.01,154.1601504,FALSE
20-08-2011 08:45,121.16787,0.0083,86.89190293,FALSE
22-08-2011 08:45,77.931984,0.006,40.39994051,FALSE
23-08-2011 08:45,196.44002,0.094,1595.407266,FALSE
24-08-2011 08:45,119.11248,0.0136,139.9619285,FALSE
25-08-2011 08:45,94.871635,0.0064,52.46021929,FALSE
26-08-2011 09:15,156.87834,0.0105,142.32003,FALSE
27-08-2011 08:45,100.90433,0.0065,56.66787173,FALSE
29-08-2011 08:45,64.7149,0.0042,23.48374291,FALSE
30-08-2011 08:45,80.55724,0.0062,43.15290232,FALSE
01-09-2011 08:45,301.83975,0.0532,1387.400374,FALSE
02-09-2011 08:45,264.8823,0.0305,698.017837,FALSE
03-09-2011 08:45,328.52432,0.0388,1101.318648,FALSE
05-09-2011 08:45,161.38135,0.013,181.2635323,FALSE
06-09-2011 08:45,121.49143,0.0054,56.68304158,FALSE
07-09-2011 08:45,108.00115,0.0063,58.78718597,FALSE
08-09-2011 08:45,108.06235,0.0086,80.29464854,FALSE
10-09-2011 08:45,88.01511,0.0053,40.30387917,FALSE
12-09-2011 08:45,120.73035,0.0063,65.71594411,FALSE
13-09-2011 08:45,115.32749,0.0074,73.73578401,FALSE
14-09-2011 08:45,124.784874,0.019,204.8468492,FALSE
15-09-2011 08:45,113.23662,0.0175,171.2137694,FALSE
16-09-2011 08:45,147.99084,0.0148,189.2388469,FALSE
17-09-2011 08:45,124.678856,0.009,96.95027843,FALSE
19-09-2011 08:45,72.636375,0.004,25.1031312,FALSE
20-09-2011 08:45,55.396103,0.0035,16.75178155,FALSE
21-09-2011 08:45,48.23131,0.0031,12.91827407,FALSE
22-09-2011 08:45,53.245613,0.0036,16.56151547,FALSE
23-09-2011 08:45,47.837315,0.0025,10.33286004,FALSE
24-09-2011 08:45,41.15131,0.0026,9.244230278,FALSE
26-09-2011 08:45,28.481335,0.0023,5.659810891,FALSE
27-09-2011 08:45,26.256664,0.0023,5.21772427,FALSE
28-09-2011 08:45,21.33562,0.0021,3.871134893,FALSE
29-09-2011 08:45,16.59505,0.002,2.86762464,FALSE
30-09-2011 08:45,15.544598,0.0015,2.014579901,FALSE
01-10-2011 08:45,16.827194,0.0013,1.89003043,FALSE
03-10-2011 08:45,15.103473,0.0014,1.826916094,FALSE
04-10-2011 08:45,14.397012,0.0014,1.741462572,FALSE
05-10-2011 08:45,11.442966,0.0014,1.384141167,FALSE
07-10-2011 08:45,10.008276,0.0013,1.12412956,FALSE
08-10-2011 08:45,6.9866357,0.0012,0.724374389,FALSE
10-10-2011 08:45,6.436574,0.0012,0.667343992,FALSE
11-10-2011 08:45,5.0828204,0.0018,0.790480229,FALSE
12-10-2011 08:45,12.025261,0.0015,1.558473826,FALSE
13-10-2011 08:37,11.443466,0.0017,1.680816286,FALSE
14-10-2011 08:45,14.609401,0.0019,2.398279268,FALSE
15-10-2011 08:45,27.941143,0.0026,6.276698364,FALSE
17-10-2011 08:45,69.46272,0.0175,105.0276326,FALSE
18-10-2011 08:45,71.38758,0.0173,106.7044436,FALSE
19-10-2011 08:45,80.35212,0.0185,128.4348286,FALSE
20-10-2011 08:45,114.71731,0.0328,325.0996792,FALSE
21-10-2011 08:45,101.38047,0.0147,128.7613073,FALSE
22-10-2011 08:45,104.10087,0.0095,85.4459941,FALSE
24-10-2011 08:45,96.38678,0.0077,64.124197,FALSE
25-10-2011 08:45,77.532196,0.0109,73.0167209,FALSE
27-10-2011 08:45,47.636894,0.0035,14.40539675,FALSE
28-10-2011 08:45,57.66226,0.0038,18.9316732,FALSE
29-10-2011 08:45,50.102554,0.0117,50.64766979,FALSE
31-10-2011 08:45,95.53752,0.0198,163.4379462,FALSE
01-11-2011 08:45,95.30234,0.0076,62.57932854,FALSE
02-11-2011 08:45,79.55577,0.007,48.1153297,FALSE
03-11-2011 08:45,72.46536,0.0031,19.40912202,FALSE
04-11-2011 08:45,77.50323,0.0041,27.4547442,FALSE
05-11-2011 08:45,64.63011,0.003,16.75212451,FALSE
08-11-2011 09:00,245.51474,0.0439,931.2275882,FALSE
09-11-2011 08:45,152.1261,0.0107,140.6375369,FALSE
11-11-2011 08:45,62.829815,0.004,21.71398406,FALSE
12-11-2011 08:45,49.57543,0.0031,13.27828317,FALSE
14-11-2011 08:45,29.721476,0.0026,6.676632369,FALSE
15-11-2011 08:45,22.114027,0.0024,4.585564639,FALSE
16-11-2011 08:45,17.06356,0.0021,3.096012326,FALSE
17-11-2011 08:45,15.39369,0.0018,2.394026669,FALSE
18-11-2011 08:45,15.180473,0.0017,2.229707874,FALSE
19-11-2011 08:45,15.798911,0.0017,2.320544048,FALSE
21-11-2011 08:45,10.187088,0.0017,1.496279485,FALSE
22-11-2011 08:45,9.719676,0.0017,1.427626011,FALSE
23-11-2011 08:45,9.374423,0.0014,1.133930206,FALSE
24-11-2011 08:30,9.067417,0.0017,1.331822209,FALSE
25-11-2011 08:45,8.712418,0.0017,1.279679956,FALSE
26-11-2011 08:45,8.995641,0.0016,1.243557412,FALSE
28-11-2011 08:45,9.676595,0.0014,1.170480931,FALSE
29-11-2011 08:45,30.524292,0.0029,7.648166604,FALSE
30-11-2011 08:45,43.574955,0.0029,10.91814072,FALSE
01-12-2011 08:45,67.96483,0.0655,384.6265659,FALSE
02-12-2011 08:45,54.840244,0.0241,114.1905497,FALSE
03-12-2011 08:45,55.91184,0.0106,51.20629955,FALSE
05-12-2011 08:45,56.04918,0.0081,39.22545813,FALSE
07-12-2011 08:45,49.04426,0.0066,27.96699882,FALSE
08-12-2011 08:45,31.836615,0.0054,14.85369109,FALSE
09-12-2011 08:45,27.40314,0.0029,6.866130758,FALSE
10-12-2011 08:45,20.953869,0.0027,4.88811856,FALSE
12-12-2011 08:45,15.238998,0.0018,2.369968969,FALSE
13-12-2011 08:45,13.760272,0.0016,1.902220001,FALSE
14-12-2011 08:45,12.655006,0.0015,1.640088778,FALSE
15-12-2011 08:45,10.959106,0.0015,1.420300138,FALSE
16-12-2011 08:45,10.435967,0.0014,1.262334568,FALSE
17-12-2011 08:45,9.090577,0.0015,1.178138779,FALSE
19-12-2011 08:45,8.601487,0.0014,1.040435868,FALSE
20-12-2011 08:45,6.503077,0.0015,0.842798779,FALSE
21-12-2011 08:45,6.0019054,0.0015,0.77784694,FALSE
22-12-2011 08:37,5.2959757,0.0016,0.732115681,FALSE
28-12-2011 08:45,3.5539198,0.0013,0.399176272,FALSE
29-12-2011 08:45,3.488848,0.0014,0.422011054,FALSE
30-12-2011 08:45,3.5727582,0.0017,0.524766724,FALSE
31-12-2011 08:45,62.519306,0.0157,84.8061882,FALSE
02-01-2012 08:45,40.92607,0.0072,25.45928963,FALSE
03-01-2012 08:45,29.500755,0.0051,12.99921268,FALSE
04-01-2012 08:45,18.462627,0.004,6.380683891,FALSE
05-01-2012 08:45,16.876986,0.0022,3.207977499,FALSE
06-01-2012 08:45,15.39628,0.0021,2.793501043,FALSE
07-01-2012 08:45,13.587861,0.0022,2.582780619,FALSE
09-01-2012 08:45,8.191754,0.0018,1.273981582,FALSE
10-01-2012 08:45,8.100818,0.0018,1.259839215,FALSE
12-01-2012 08:45,10.645003,0.0014,1.287619563,FALSE
13-01-2012 08:45,7.74733,0.0012,0.803243174,FALSE
14-01-2012 08:45,7.3091545,0.0011,0.694662044,FALSE
16-01-2012 08:45,5.766833,0.0012,0.597905245,FALSE
17-01-2012 08:45,5.390067,0.0012,0.558842147,FALSE
18-01-2012 08:45,5.117895,0.0011,0.486404741,FALSE
19-01-2012 08:45,4.9977427,0.001,0.431804969,FALSE
20-01-2012 08:45,5.206622,0.0011,0.494837355,FALSE
21-01-2012 08:45,4.822521,0.0011,0.458332396,FALSE
23-01-2012 08:45,4.1578298,0.001,0.359236495,FALSE
24-01-2012 08:45,3.5165632,0.0011,0.334214167,FALSE
25-01-2012 08:45,3.7255254,0.001,0.321885395,FALSE
27-01-2012 08:45,3.039786,0.0011,0.288901261,FALSE
28-01-2012 08:45,2.86386,0.0013,0.321668755,FALSE
30-01-2012 08:45,2.8458998,0.0013,0.319651466,FALSE
31-01-2012 08:45,2.66638,0.0013,0.299487802,FALSE
01-02-2012 08:45,2.1642,0.0013,0.243082944,FALSE
02-02-2012 08:45,1.94618,0.001,0.168149952,FALSE
03-02-2012 08:45,1.8008,0.001,0.15558912,FALSE
05-02-2012 08:00,0,0,0,TRUE
06-02-2012 08:00,0,0,0,TRUE
07-02-2012 08:00,0,0,0,TRUE
08-02-2012 08:00,0,0,0,TRUE
09-02-2012 08:00,0,0,0,TRUE
10-02-2012 08:00,0,0,0,TRUE
11-02-2012 08:00,0,0,0,TRUE
12-02-2012 08:00,0,0,0,TRUE
13-02-2012 08:00,0,0,0,TRUE
14-02-2012 08:00,0,0,0,TRUE
15-02-2012 08:00,0,0,0,TRUE
16-02-2012 08:00,0,0,0,TRUE
17-02-2012 08:00,0,0,0,TRUE
18-02-2012 08:00,0,0,0,TRUE
19-02-2012 08:00,0,0,0,TRUE
20-02-2012 08:00,0,0,0,TRUE
21-02-2012 08:00,0,0,0,TRUE
22-02-2012 08:00,0,0,0,TRUE
23-02-2012 08:00,0,0,0,TRUE
24-02-2012 08:00,0,0,0,TRUE
25-02-2012 08:00,0,0,0,TRUE
26-02-2012 08:00,0,0,0,TRUE
27-02-2012 08:00,0,0,0,TRUE
28-02-2012 08:00,0,0,0,TRUE
29-02-2012 08:00,0,0,0,TRUE
06-03-2012 08:00,0,0,0,TRUE
07-03-2012 08:00,0,0,0,TRUE
08-03-2012 08:00,0,0,0,TRUE
09-03-2012 08:00,0,0,0,TRUE
10-03-2012 08:00,0,0,0,TRUE
11-03-2012 08:00,0,0,0,TRUE
12-03-2012 08:00,0,0,0,TRUE
13-03-2012 08:00,0,0,0,TRUE
14-03-2012 08:00,0,0,0,TRUE
15-03-2012 08:00,0,0,0,TRUE
16-03-2012 08:00,0,0,0,TRUE
17-03-2012 08:00,0,0,0,TRUE
18-03-2012 08:00,0,0,0,TRUE
19-03-2012 08:00,0,0,0,TRUE
20-03-2012 08:00,0,0,0,TRUE
21-03-2012 08:00,0,0,0,TRUE
22-03-2012 08:00,0,0,0,TRUE
23-03-2012 08:00,0,0,0,TRUE
24-03-2012 08:00,0,0,0,TRUE
25-03-2012 08:00,0,0,0,TRUE
26-03-2012 08:00,0,0,0,TRUE
27-03-2012 08:00,0,0,0,TRUE
28-03-2012 08:00,0,0,0,TRUE
29-03-2012 08:00,0,0,0,TRUE
30-03-2012 08:00,0,0,0,TRUE
31-03-2012 08:00,0,0,0,TRUE
01-04-2012 08:00,0,0,0,TRUE
02-04-2012 08:00,0,0,0,TRUE
03-04-2012 08:00,0,0,0,TRUE
04-04-2012 08:00,0,0,0,TRUE
05-04-2012 08:00,0,0,0,TRUE
06-04-2012 08:00,0,0,0,TRUE
07-04-2012 08:00,0,0,0,TRUE
08-04-2012 08:00,0,0,0,TRUE
09-04-2012 08:00,0,0,0,TRUE
10-04-2012 08:00,0,0,0,TRUE
11-04-2012 08:00,0,0,0,TRUE
12-04-2012 08:00,0,0,0,TRUE
13-04-2012 08:00,0,0,0,TRUE
14-04-2012 08:00,0,0,0,TRUE
15-04-2012 08:00,0,0,0,TRUE
16-04-2012 08:45,31.31939,0.0046,12.44757836,FALSE
17-04-2012 08:45,21.323582,0.0048,8.843315927,FALSE
18-04-2012 08:45,15.417367,0.0036,4.795417832,FALSE
19-04-2012 08:45,13.809984,0.0022,2.625001759,FALSE
20-04-2012 08:45,9.811623,0.0016,1.356358764,FALSE
21-04-2012 08:45,8.683818,0.002,1.50056375,FALSE
23-04-2012 08:45,5.5265155,0.0018,0.859483691,FALSE
24-04-2012 08:45,67.598465,0.0057,33.29089204,FALSE
25-04-2012 08:45,73.76636,0.0082,52.26199073,FALSE
26-04-2012 08:45,69.59975,0.008,48.1073472,FALSE
27-04-2012 08:45,62.99841,0.0054,29.39253817,FALSE
28-04-2012 08:45,70.17349,0.0057,34.55904036,FALSE
30-04-2012 08:45,39.46365,0.0074,25.23147926,FALSE
01-05-2012 08:45,32.537384,0.0035,9.839304922,FALSE
02-05-2012 08:45,30.067133,0.0047,12.20966137,FALSE
03-05-2012 08:45,20.71297,0.0027,4.831921642,FALSE
04-05-2012 08:45,31.602251,0.0043,11.74086829,FALSE
05-05-2012 08:45,31.041084,0.005,13.40974829,FALSE
07-05-2012 08:45,22.588345,0.0034,6.635552227,FALSE
08-05-2012 08:45,15.897478,0.0025,3.433855248,FALSE
09-05-2012 08:45,15.638682,0.0022,2.972600675,FALSE
10-05-2012 08:45,13.786428,0.0019,2.26318002,FALSE
11-05-2012 08:45,11.106031,0.002,1.919122157,FALSE
12-05-2012 08:45,14.288974,0.0018,2.222221236,FALSE
14-05-2012 08:45,16.476818,0.0026,3.701352396,FALSE
15-05-2012 08:45,15.367688,0.0023,3.053866959,FALSE
16-05-2012 08:45,15.652379,0.0022,2.9752042,FALSE
17-05-2012 08:45,11.556769,0.0022,2.196710652,FALSE
18-05-2012 08:45,6.55329,0.0023,1.302269789,FALSE
19-05-2012 08:45,7.3762307,0.0023,1.465804565,FALSE
21-05-2012 08:45,7.15482,0.0022,1.359988186,FALSE
22-05-2012 08:45,6.594758,0.0021,1.196552892,FALSE
23-05-2012 08:45,5.7271323,0.0021,1.039130885,FALSE
24-05-2012 08:45,5.132,0.0015,0.6651072,FALSE
25-05-2012 08:45,4.890514,0.0014,0.591556573,FALSE
26-05-2012 08:45,4.7782865,0.0013,0.53669714,FALSE
28-05-2012 08:45,4.5813594,0.0012,0.474995343,FALSE
29-05-2012 08:45,4.4245367,0.0014,0.535191959,FALSE
30-05-2012 08:45,4.291026,0.0011,0.407819111,FALSE
31-05-2012 08:45,4.1753235,0.001,0.36074795,FALSE
01-06-2012 08:45,4.4478045,0.0011,0.42271934,FALSE
02-06-2012 08:45,3.7942157,0.0013,0.426166307,FALSE
04-06-2012 08:45,3.6723678,0.0013,0.412480351,FALSE
05-06-2012 08:45,4.4812636,0.0013,0.503335528,FALSE
06-06-2012 08:45,4.367002,0.0013,0.490501665,FALSE
07-06-2012 08:45,5.4480486,0.0014,0.658995959,FALSE
08-06-2012 08:45,11.122835,0.0014,1.345418122,FALSE
09-06-2012 08:45,15.271123,0.0013,1.715252535,FALSE
11-06-2012 08:45,13.874624,0.0015,1.79815127,FALSE
12-06-2012 08:45,10.309779,0.0016,1.425223849,FALSE
13-06-2012 08:45,7.209065,0.0014,0.872008502,FALSE
14-06-2012 08:45,6.4163847,0.0012,0.665250766,FALSE
15-06-2012 08:45,7.8209176,0.0013,0.878445465,FALSE
16-06-2012 08:45,18.454948,0.0025,3.986268768,FALSE
18-06-2012 08:45,146.92455,0.0176,223.4193477,FALSE
19-06-2012 08:45,115.17267,0.0127,126.3766673,FALSE
20-06-2012 08:45,84.15416,0.0103,74.89047007,FALSE
21-06-2012 08:45,87.357445,0.0107,80.76021075,FALSE
22-06-2012 08:45,71.855385,0.0038,23.59156,FALSE
23-06-2012 08:45,63.656593,0.0036,19.79974669,FALSE
25-06-2012 08:45,51.33445,0.0033,14.63647838,FALSE
26-06-2012 08:45,41.918915,0.0028,10.14102392,FALSE
27-06-2012 08:45,51.768867,0.0031,13.86577334,FALSE
28-06-2012 08:45,42.267403,0.003,10.95571086,FALSE
29-06-2012 08:45,52.220703,0.005,22.5593437,FALSE
30-06-2012 08:45,43.895786,0.0026,9.860749367,FALSE
02-07-2012 08:45,49.93814,0.0028,12.08103483,FALSE
03-07-2012 08:45,95.84596,0.007,57.96763661,FALSE
04-07-2012 08:45,144.64565,0.0484,604.8733933,FALSE
05-07-2012 08:45,110.03572,0.01,95.07086208,FALSE
06-07-2012 08:45,79.720535,0.0044,30.30655859,FALSE
07-07-2012 08:45,57.67863,0.0039,19.43539116,FALSE
09-07-2012 08:45,82.30863,0.0082,58.31401818,FALSE
10-07-2012 08:45,200.30719,0.0209,361.7067114,FALSE
11-07-2012 08:45,204.3,0.0268,473.060736,FALSE
12-07-2012 08:45,161.49524,0.0161,224.6463386,FALSE
13-07-2012 08:45,119.46855,0.0088,90.83432794,FALSE
14-07-2012 08:45,82.53176,0.0073,52.05443167,FALSE
16-07-2012 08:45,54.174118,0.0055,25.74354087,FALSE
17-07-2012 08:45,44.6514,0.0035,13.50258336,FALSE
18-07-2012 08:45,37.893234,0.0042,13.75069675,FALSE
19-07-2012 08:45,29.89797,0.0038,9.81610151,FALSE
20-07-2012 08:45,26.666805,0.0036,8.294443027,FALSE
21-07-2012 08:45,26.604643,0.0031,7.125787581,FALSE
23-07-2012 08:45,83.38009,0.0059,42.50383468,FALSE
24-07-2012 08:45,97.859,0.0102,86.24117952,FALSE
25-07-2012 08:45,70.38732,0.0072,43.78654403,FALSE
26-07-2012 08:45,61.997375,0.0039,20.89063548,FALSE
27-07-2012 08:45,53.284817,0.0034,15.65294784,FALSE
28-07-2012 08:45,43.294052,0.0029,10.84775767,FALSE
30-07-2012 08:45,28.83533,0.0031,7.723254787,FALSE
31-07-2012 08:45,26.388186,0.0028,6.383829957,FALSE
01-08-2012 08:45,18.476555,0.0025,3.99093588,FALSE
02-08-2012 08:45,16.72201,0.0027,3.900910493,FALSE
03-08-2012 08:45,14.820752,0.0027,3.457385027,FALSE
04-08-2012 08:45,14.644268,0.0024,3.036635412,FALSE
06-08-2012 08:45,14.122737,0.0027,3.294552087,FALSE
07-08-2012 08:45,17.191162,0.0026,3.861822632,FALSE
08-08-2012 08:45,28.6549,0.0056,13.86438682,FALSE
09-08-2012 08:45,35.10341,0.005,15.16467312,FALSE
10-08-2012 08:45,46.40744,0.007,28.06721971,FALSE
11-08-2012 08:45,80.319405,0.007,48.57717614,FALSE
13-08-2012 08:45,70.4205,0.0049,29.81322288,FALSE
14-08-2012 08:45,54.365402,0.004,18.78868293,FALSE
16-08-2012 08:45,150.24167,0.0098,127.2126268,FALSE
17-08-2012 08:45,147.57108,0.0183,233.327586,FALSE
18-08-2012 08:45,436.5727,0.0293,1105.192522,FALSE
21-08-2012 08:45,104.085075,0.0113,101.6203404,FALSE
22-08-2012 08:45,72.771065,0.0072,45.26942412,FALSE
23-08-2012 08:45,83.83395,0.0051,36.94059173,FALSE
24-08-2012 08:45,72.132774,0.0083,51.72785489,FALSE
25-08-2012 09:00,53.677223,0.0074,34.3190693,FALSE
27-08-2012 08:45,81.54528,0.0051,35.93211218,FALSE
28-08-2012 08:45,73.055214,0.0049,30.9286554,FALSE
30-08-2012 08:45,53.107048,0.004,18.35379579,FALSE
31-08-2012 08:45,80.94038,0.0045,31.46961974,FALSE
01-09-2012 08:00,84.650444,0.0051,37.30037164,FALSE
03-09-2012 08:45,67.553055,0.0037,21.59536062,FALSE
04-09-2012 08:45,86.484825,0.0036,26.90023997,FALSE
05-09-2012 08:45,161.23303,0.0123,171.3455656,FALSE
06-09-2012 08:31,119.17467,0.006,61.78014893,FALSE
07-09-2012 08:45,83.80642,0.005,36.20437344,FALSE
08-09-2012 08:45,75.08197,0.0041,26.59703705,FALSE
10-09-2012 08:45,57.126442,0.0032,15.79431868,FALSE
11-09-2012 08:45,50.52433,0.0028,12.22284591,FALSE
12-09-2012 08:45,42.667755,0.003,11.0594821,FALSE
13-09-2012 08:45,31.475906,0.0041,11.15002494,FALSE
14-09-2012 08:45,47.226177,0.0034,13.87316176,FALSE
15-09-2012 08:45,53.198902,0.004,18.38554053,FALSE
17-09-2012 08:45,46.21679,0.0043,17.17046182,FALSE
18-09-2012 08:45,35.780975,0.0032,9.892723968,FALSE
19-09-2012 08:45,33.986996,0.0027,7.928486427,FALSE
20-09-2012 08:45,28.824581,0.0027,6.724198256,FALSE
21-09-2012 08:45,26.332193,0.0022,5.005223245,FALSE
22-09-2012 08:45,26.496262,0.0023,5.265337185,FALSE
24-09-2012 08:45,20.520369,0.0022,3.90051174,FALSE
25-09-2012 08:45,19.686333,0.0018,3.061618508,FALSE
26-09-2012 08:45,16.970518,0.0016,2.346004408,FALSE
27-09-2012 08:45,14.14647,0.0017,2.077833514,FALSE
28-09-2012 08:45,14.18456,0.0016,1.960873574,FALSE
29-09-2012 08:45,13.450044,0.0017,1.975542463,FALSE
01-10-2012 08:45,12.959599,0.0016,1.791534966,FALSE
03-10-2012 08:45,10.185313,0.0015,1.320016565,FALSE
04-10-2012 08:45,9.87678,0.0015,1.280030688,FALSE
05-10-2012 08:45,6.393818,0.0014,0.773396225,FALSE
06-10-2012 08:45,7.5504484,0.0017,1.109009861,FALSE
08-10-2012 08:45,6.723269,0.0015,0.871335662,FALSE
09-10-2012 08:45,7.7579036,0.0016,1.072452594,FALSE
10-10-2012 08:30,7.957474,0.0018,1.237546356,FALSE
11-10-2012 08:45,32.162373,0.003,8.336487082,FALSE
12-10-2012 08:45,30.999525,0.003,8.03507688,FALSE
13-10-2012 08:45,31.621262,0.0024,6.556984888,FALSE
15-10-2012 08:45,118.38995,0.0123,125.8153677,FALSE
16-10-2012 08:45,99.46287,0.0083,71.32681333,FALSE
17-10-2012 08:45,119.17275,0.0136,140.0327482,FALSE
18-10-2012 08:45,109.469315,0.0127,120.11849,FALSE
19-10-2012 08:45,99.27824,0.009,77.19875942,FALSE
20-10-2012 08:45,87.63915,0.0091,68.9054053,FALSE
22-10-2012 08:45,76.69743,0.0074,49.03726884,FALSE
23-10-2012 08:45,63.99053,0.0069,38.14859436,FALSE
25-10-2012 08:31,37.129875,0.0065,20.8521378,FALSE
27-10-2012 08:45,30.584648,0.0035,9.248797555,FALSE
29-10-2012 08:45,27.014986,0.0027,6.302055934,FALSE
30-10-2012 08:45,28.415777,0.0021,5.155758579,FALSE
31-10-2012 08:45,26.478155,0.0022,5.032967702,FALSE
01-11-2012 08:45,29.26429,0.0026,6.573930106,FALSE
02-11-2012 08:45,35.454483,0.003,9.189801994,FALSE
03-11-2012 08:45,29.024645,0.0024,6.018550387,FALSE
05-11-2012 08:45,23.671194,0.0025,5.112977904,FALSE
06-11-2012 08:45,22.18863,0.0023,4.409324554,FALSE
07-11-2012 08:45,18.270874,0.0025,3.946508784,FALSE
08-11-2012 08:45,60.194496,0.0064,33.28514851,FALSE
09-11-2012 08:45,39.657024,0.0029,9.936463933,FALSE
10-11-2012 08:45,37.48807,0.0026,8.421320045,FALSE
12-11-2012 08:45,40.409435,0.0032,11.17240059,FALSE
14-11-2012 08:45,43.14777,0.003,11.18390198,FALSE
15-11-2012 08:45,37.012978,0.0027,8.634387508,FALSE
16-11-2012 08:45,30.3839,0.0023,6.037888608,FALSE
17-11-2012 08:45,27.910233,0.0021,5.064032676,FALSE
19-11-2012 08:45,17.531355,0.0017,2.575005422,FALSE
20-11-2012 08:45,14.354079,0.0016,1.984307881,FALSE
21-11-2012 08:45,13.565341,0.0016,1.87527274,FALSE
22-11-2012 08:45,12.798842,0.0016,1.769311918,FALSE
23-11-2012 08:45,10.364629,0.0015,1.343255918,FALSE
26-11-2012 08:45,19.606232,0.0011,1.863376289,FALSE
27-11-2012 08:45,14.093704,0.0017,2.070083244,FALSE
29-11-2012 08:45,12.179465,0.0016,1.683689242,FALSE
30-11-2012 08:45,10.771351,0.0017,1.582096035,FALSE
01-12-2012 08:45,9.998926,0.0018,1.555032972,FALSE
03-12-2012 08:45,6.9217873,0.0015,0.897063634,FALSE
04-12-2012 08:45,6.804697,0.0015,0.881888731,FALSE
05-12-2012 08:30,6.7504425,0.0014,0.816533525,FALSE
06-12-2012 08:45,6.5812974,0.0014,0.796073734,FALSE
08-12-2012 08:45,5.1072965,0.0013,0.573651543,FALSE
10-12-2012 08:45,4.4144588,0.0015,0.57211386,FALSE
11-12-2012 08:45,4.2053313,0.0017,0.617679061,FALSE
12-12-2012 08:45,4.0546126,0.0014,0.49044594,FALSE
13-12-2012 08:45,3.6752605,0.0014,0.44455951,FALSE
14-12-2012 08:45,3.6236222,0.0016,0.500929533,FALSE
15-12-2012 08:45,3.5773716,0.0011,0.339993397,FALSE
17-12-2012 08:45,2.1076183,0.0012,0.218517865,FALSE
18-12-2012 08:45,2.0841742,0.0015,0.270108976,FALSE
19-12-2012 08:45,1.6818923,0.0017,0.247036341,FALSE
20-12-2012 08:45,1.6871263,0.0014,0.204074797,FALSE
21-12-2012 08:45,1.6621158,0.0015,0.215410208,FALSE
22-12-2012 08:45,1.6547686,0.0014,0.20016081,FALSE
24-12-2012 08:45,1.5541364,0.0014,0.187988339,FALSE
26-12-2012 08:45,1.5057489,0.0013,0.169125716,FALSE
27-12-2012 08:45,1.5074475,0.0014,0.18234085,FALSE
28-12-2012 08:45,1.578506,0.0014,0.190936086,FALSE
29-12-2012 08:45,1.3791002,0.0013,0.154900534,FALSE
31-12-2012 08:45,1.3691092,0.0016,0.189265656,FALSE
01-01-2013 08:45,1.6972779,0.0017,0.249296178,FALSE
02-01-2013 08:45,1.3741068,0.0014,0.166211959,FALSE
03-01-2013 08:45,1.3465768,0.001,0.116344236,FALSE
04-01-2013 08:45,1.3480093,0.0011,0.128114804,FALSE
05-01-2013 08:45,1.1065751,0.0011,0.105168898,FALSE
07-01-2013 08:00,0,0,0,TRUE
08-01-2013 08:00,0,0,0,TRUE
09-01-2013 08:00,0,0,0,TRUE
10-01-2013 08:00,0,0,0,TRUE
11-01-2013 08:00,0,0,0,TRUE
12-01-2013 08:00,0,0,0,TRUE
13-01-2013 08:00,0,0,0,TRUE
14-01-2013 08:00,0,0,0,TRUE
15-01-2013 08:00,0,0,0,TRUE
16-01-2013 08:00,0,0,0,TRUE
17-01-2013 08:00,0,0,0,TRUE
18-01-2013 08:00,0,0,0,TRUE
19-01-2013 08:00,0,0,0,TRUE
20-01-2013 08:00,0,0,0,TRUE
21-01-2013 08:00,0,0,0,TRUE
22-01-2013 08:00,0,0,0,TRUE
23-01-2013 08:00,0,0,0,TRUE
24-01-2013 08:00,0,0,0,TRUE
25-01-2013 08:00,0,0,0,TRUE
26-01-2013 08:00,0,0,0,TRUE
27-01-2013 08:00,0,0,0,TRUE
28-01-2013 08:00,0,0,0,TRUE
29-01-2013 08:00,0,0,0,TRUE
30-01-2013 08:00,0,0,0,TRUE
31-01-2013 08:00,0,0,0,TRUE
01-02-2013 08:00,0,0,0,TRUE
02-02-2013 08:00,0,0,0,TRUE
03-02-2013 08:00,0,0,0,TRUE
04-02-2013 08:00,0,0,0,TRUE
05-02-2013 08:00,0,0,0,TRUE
06-02-2013 08:00,0,0,0,TRUE
07-02-2013 08:00,0,0,0,TRUE
08-02-2013 08:00,0,0,0,TRUE
09-02-2013 08:00,0,0,0,TRUE
10-02-2013 08:00,0,0,0,TRUE
11-02-2013 08:00,0,0,0,TRUE
12-02-2013 08:00,0,0,0,TRUE
13-02-2013 08:00,0,0,0,TRUE
14-02-2013 08:00,0,0,0,TRUE
15-02-2013 08:00,0,0,0,TRUE
16-02-2013 08:00,0,0,0,TRUE
17-02-2013 08:00,0,0,0,TRUE
18-02-2013 08:00,0,0,0,TRUE
19-02-2013 08:00,0,0,0,TRUE
20-02-2013 08:00,0,0,0,TRUE
21-02-2013 08:00,0,0,0,TRUE
22-02-2013 08:00,0,0,0,TRUE
23-02-2013 08:00,0,0,0,TRUE
24-02-2013 08:00,0,0,0,TRUE
25-02-2013 08:00,0,0,0,TRUE
26-02-2013 08:00,0,0,0,TRUE
27-02-2013 08:00,0,0,0,TRUE
28-02-2013 08:00,0,0,0,TRUE
01-03-2013 08:00,0,0,0,TRUE
02-03-2013 08:00,0,0,0,TRUE
03-03-2013 08:00,0,0,0,TRUE
04-03-2013 08:00,0,0,0,TRUE
05-03-2013 08:00,0,0,0,TRUE
06-03-2013 08:00,0,0,0,TRUE
07-03-2013 08:00,0,0,0,TRUE
08-03-2013 08:00,0,0,0,TRUE
09-03-2013 08:00,0,0,0,TRUE
10-03-2013 08:00,0,0,0,TRUE
11-03-2013 08:00,0,0,0,TRUE
12-03-2013 08:00,0,0,0,TRUE
13-03-2013 08:00,0,0,0,TRUE
14-03-2013 08:00,0,0,0,TRUE
15-03-2013 08:00,0,0,0,TRUE
16-03-2013 08:00,0,0,0,TRUE
17-03-2013 08:00,0,0,0,TRUE
18-03-2013 08:00,0,0,0,TRUE
19-03-2013 08:00,0,0,0,TRUE
20-03-2013 08:00,0,0,0,TRUE
21-03-2013 08:00,0,0,0,TRUE
22-03-2013 08:00,0,0,0,TRUE
23-03-2013 08:00,0,0,0,TRUE
24-03-2013 08:00,0,0,0,TRUE
25-03-2013 08:00,0,0,0,TRUE
26-03-2013 08:00,0,0,0,TRUE
27-03-2013 08:00,0,0,0,TRUE
28-03-2013 08:00,0,0,0,TRUE
29-03-2013 08:00,0,0,0,TRUE
30-03-2013 08:00,0,0,0,TRUE
31-03-2013 08:00,0,0,0,TRUE
01-04-2013 08:00,0,0,0,TRUE
02-04-2013 08:00,0,0,0,TRUE
03-04-2013 08:00,0,0,0,TRUE
04-04-2013 08:00,0,0,0,TRUE
05-04-2013 08:00,0,0,0,TRUE
06-04-2013 08:00,0,0,0,TRUE
07-04-2013 08:00,0,0,0,TRUE
08-04-2013 08:00,0,0,0,TRUE
09-04-2013 08:00,0,0,0,TRUE
10-04-2013 08:00,0,0,0,TRUE
11-04-2013 08:00,0,0,0,TRUE
12-04-2013 08:00,0,0,0,TRUE
13-04-2013 08:00,0,0,0,TRUE
14-04-2013 08:00,0,0,0,TRUE
15-04-2013 08:00,0,0,0,TRUE
16-04-2013 08:00,0,0,0,TRUE
17-04-2013 08:00,0,0,0,TRUE
18-04-2013 08:00,0,0,0,TRUE
19-04-2013 08:00,0,0,0,TRUE
20-04-2013 08:00,0,0,0,TRUE
21-04-2013 08:00,0,0,0,TRUE
22-04-2013 08:00,0,0,0,TRUE
23-04-2013 08:00,0,0,0,TRUE
24-04-2013 08:00,0,0,0,TRUE
25-04-2013 08:00,0,0,0,TRUE
26-04-2013 08:00,0,0,0,TRUE
27-04-2013 08:00,0,0,0,TRUE
28-04-2013 08:00,0,0,0,TRUE
29-04-2013 08:45,19.364017,0.0021,3.513407244,FALSE
30-04-2013 08:45,15.675118,0.0022,2.979526429,FALSE
01-05-2013 08:45,13.335065,0.001,1.152149616,FALSE
02-05-2013 08:45,12.255519,0.0009,0.952989157,FALSE
03-05-2013 08:45,7.0601707,0.0016,0.975997998,FALSE
04-05-2013 08:45,6.46055,0.0015,0.83728728,FALSE
06-05-2013 08:45,0,0,0,TRUE
07-05-2013 08:45,7.165024,0.0017,1.052398725,FALSE
08-05-2013 08:45,11.664822,0.0018,1.814113117,FALSE
09-05-2013 08:45,10.520169,0.0017,1.545202423,FALSE
10-05-2013 08:45,6.760479,0.0014,0.81774754,FALSE
11-05-2013 08:00,0,0,0,TRUE
12-05-2013 08:00,0,0,0,TRUE
13-05-2013 08:00,0,0,0,TRUE
14-05-2013 08:00,0,0,0,TRUE
15-05-2013 08:00,0,0,0,TRUE
16-05-2013 08:00,0,0,0,TRUE
17-05-2013 08:00,0,0,0,TRUE
18-05-2013 08:00,0,0,0,TRUE
19-05-2013 08:00,0,0,0,TRUE
20-05-2013 08:00,0,0,0,TRUE
21-05-2013 08:00,0,0,0,TRUE
22-05-2013 08:00,0,0,0,TRUE
23-05-2013 08:00,0,0,0,TRUE
24-05-2013 08:00,0,0,0,TRUE
25-05-2013 08:00,0,0,0,TRUE
26-05-2013 08:00,0,0,0,TRUE
27-05-2013 08:00,0,0,0,TRUE
28-05-2013 08:00,0,0,0,TRUE
29-05-2013 08:00,0,0,0,TRUE
30-05-2013 08:00,0,0,0,TRUE
31-05-2013 08:00,0,0,0,TRUE
01-06-2013 08:45,24.841461,0.0028,6.009646245,FALSE
03-06-2013 09:30,48.477924,0.0075,31.41369475,FALSE
04-06-2013 08:45,66.54605,0.0056,32.19764083,FALSE
05-06-2013 08:45,55.740353,0.0038,18.3006727,FALSE
06-06-2013 08:45,49.380573,0.0064,27.30548165,FALSE
07-06-2013 08:45,83.22054,0.0074,53.20788445,FALSE
08-06-2013 08:45,101.01175,0.0064,55.85545728,FALSE
10-06-2013 08:45,95.35393,0.0057,46.95990345,FALSE
11-06-2013 08:45,69.956566,0.0042,25.38583867,FALSE
12-06-2013 08:45,113.30907,0.0064,62.65538335,FALSE
13-06-2013 08:45,120.553925,0.0066,68.74467019,FALSE
14-06-2013 08:45,136.2806,0.0081,95.3746151,FALSE
15-06-2013 08:45,143.18591,0.0085,105.1557323,FALSE
17-06-2013 09:00,391.8824,0.0301,1019.145045,FALSE
18-06-2013 09:00,366.37726,0.0368,1164.903826,FALSE
19-06-2013 08:45,254.18736,0.0368,808.1937949,FALSE
20-06-2013 09:00,281.6876,0.032,778.8098765,FALSE
21-06-2013 09:00,299.5624,0.0218,564.2317716,FALSE
22-06-2013 09:00,250.61702,0.0161,348.6182995,FALSE
24-06-2013 08:45,260.67398,0.0167,376.1212723,FALSE
25-06-2013 09:00,416.5544,0.0269,968.1390743,FALSE
26-06-2013 09:00,535.41223,0.0289,1336.902922,FALSE
27-06-2013 09:00,579.16876,0.0396,1981.591162,FALSE
28-06-2013 09:00,358.844,0.0451,1398.285884,FALSE
29-06-2013 09:00,207.42142,0.0261,467.743599,FALSE
01-07-2013 08:45,93.51725,0.0054,43.63140816,FALSE
02-07-2013 08:45,78.61047,0.0051,34.6389175,FALSE
03-07-2013 08:45,162.18015,0.0127,177.957035,FALSE
04-07-2013 08:45,261.20157,0.0122,275.3273509,FALSE
05-07-2013 08:45,267.55997,0.0249,575.6178171,FALSE
06-07-2013 08:45,268.05093,0.0353,817.5338924,FALSE
08-07-2013 08:45,330.18375,0.0284,810.1916784,FALSE
09-07-2013 09:00,357.27847,0.0331,1021.75926,FALSE
10-07-2013 08:45,379.81586,0.0303,994.3275362,FALSE
11-07-2013 09:00,450.00543,0.0311,1209.182591,FALSE
12-07-2013 09:00,306.99396,0.035,928.349735,FALSE
13-07-2013 08:45,208.59573,0.0137,246.9105937,FALSE
15-07-2013 08:45,97.559166,0.0073,61.53251718,FALSE
16-07-2013 08:45,91.43102,0.0068,53.71755287,FALSE
17-07-2013 08:45,148.05714,0.0085,108.7331636,FALSE
18-07-2013 08:45,117.24411,0.007,70.90923773,FALSE
19-07-2013 08:45,198.32346,0.0129,221.0433956,FALSE
20-07-2013 08:45,249.86104,0.0149,321.6611085,FALSE
22-07-2013 09:00,218.66725,0.0188,355.1855875,FALSE
23-07-2013 08:45,183.91309,0.0158,251.0634374,FALSE
24-07-2013 09:00,156.0887,0.0096,129.4662113,FALSE
25-07-2013 08:45,168.68748,0.0133,193.842157,FALSE
26-07-2013 09:00,179.34747,0.01,154.9562141,FALSE
27-07-2013 08:45,186.33844,0.01,160.9964122,FALSE
29-07-2013 09:00,102.02223,0.0073,64.34746091,FALSE
30-07-2013 08:45,87.393105,0.0067,50.59012062,FALSE
31-07-2013 08:30,66.57952,0.0054,31.06334085,FALSE
01-08-2013 08:45,51.62167,0.0045,20.0705053,FALSE
02-08-2013 08:45,80.03264,0.0081,56.01004278,FALSE
03-08-2013 08:45,134.8063,0.0098,114.1431903,FALSE
05-08-2013 08:45,675.1396,0.0492,2869.937423,FALSE
06-08-2013 09:00,699.94165,0.0427,2582.280731,FALSE
07-08-2013 09:00,446.60928,0.0168,648.2623021,FALSE
08-08-2013 08:45,271.7006,0.0147,345.081498,FALSE
10-08-2013 08:45,141.3191,0.0064,78.14380954,FALSE
12-08-2013 08:45,103.90755,0.0054,48.47910653,FALSE
13-08-2013 08:30,105.19359,0.0062,56.35010229,FALSE
14-08-2013 08:45,93.17017,0.0051,41.05450371,FALSE
16-08-2013 08:45,68.88696,0.0048,28.56880005,FALSE
17-08-2013 08:45,78.17989,0.0059,39.85298073,FALSE
19-08-2013 08:45,66.362656,0.005,28.66866739,FALSE
20-08-2013 08:45,55.701775,0.0047,22.61937679,FALSE
21-08-2013 08:45,60.923645,0.0042,22.1079723,FALSE
22-08-2013 08:45,52.597904,0.0041,18.63228151,FALSE
23-08-2013 08:45,50.579205,0.0032,13.9841386,FALSE
24-08-2013 08:45,45.991367,0.0033,13.11305856,FALSE
26-08-2013 08:45,38.22654,0.0028,9.247764557,FALSE
27-08-2013 08:45,31.095533,0.0029,7.791296748,FALSE
28-08-2013 08:45,28.059435,0.0038,9.212473699,FALSE
29-08-2013 08:45,23.431376,0.0034,6.883201014,FALSE
30-08-2013 08:45,22.821053,0.004,7.886955917,FALSE
31-08-2013 08:45,25.550665,0.0035,7.726521096,FALSE
02-09-2013 08:45,151.53879,0.0197,257.9311437,FALSE
03-09-2013 08:45,93.69308,0.0059,47.76098446,FALSE
04-09-2013 08:45,76.34911,0.0084,55.41113007,FALSE
05-09-2013 08:45,87.5279,0.0069,52.18063286,FALSE
06-09-2013 08:45,69.620285,0.0047,28.27140533,FALSE
07-09-2013 08:45,54.04908,0.0042,19.61333015,FALSE
10-09-2013 08:45,72.651146,0.0036,22.59741245,FALSE
11-09-2013 08:45,84.885704,0.0045,33.00356172,FALSE
12-09-2013 08:45,76.86163,0.0045,29.88380174,FALSE
13-09-2013 08:45,83.12468,0.0072,51.71020093,FALSE
14-09-2013 08:45,120.22739,0.009,93.48881846,FALSE
17-09-2013 08:45,201.24733,0.0088,153.0123699,FALSE
18-09-2013 08:45,346.7024,0.0339,1015.477462,FALSE
19-09-2013 08:45,252.21887,0.0278,605.8095482,FALSE
20-09-2013 08:45,258.43857,0.0282,629.680407,FALSE
21-09-2013 08:45,221.66302,0.0225,430.9129109,FALSE
23-09-2013 08:45,99.48666,0.0083,71.34387362,FALSE
24-09-2013 08:45,78.48103,0.0049,33.22572886,FALSE
25-09-2013 08:45,50.38219,0.0043,18.71799123,FALSE
26-09-2013 08:45,44.84199,0.0035,13.56021778,FALSE
27-09-2013 08:45,37.403557,0.0032,10.34133544,FALSE
28-09-2013 08:45,31.116564,0.0028,7.527719163,FALSE
30-09-2013 08:45,26.615892,0.0026,5.978993979,FALSE
01-10-2013 08:45,24.236036,0.0026,5.444383127,FALSE
03-10-2013 08:45,20.598846,0.0023,4.093402677,FALSE
04-10-2013 08:45,19.486324,0.0022,3.703960466,FALSE
05-10-2013 08:45,19.613068,0.0023,3.897508873,FALSE
07-10-2013 08:45,13.809349,0.0018,2.147629956,FALSE
08-10-2013 08:45,14.211906,0.0017,2.087444753,FALSE
09-10-2013 08:45,15.319471,0.0018,2.38248413,FALSE
10-10-2013 08:45,26.131855,0.0027,6.096039134,FALSE
11-10-2013 08:45,14.525457,0.0022,2.760998867,FALSE
12-10-2013 08:45,15.289873,0.002,2.642090054,FALSE
14-10-2013 08:45,13.772941,0.0021,2.498962415,FALSE
15-10-2013 08:45,13.136707,0.0018,2.043020673,FALSE
17-10-2013 08:45,122.62905,0.0354,375.0683072,FALSE
18-10-2013 08:45,120.0034,0.0123,127.5300132,FALSE
19-10-2013 08:45,172.41893,0.0331,493.0905528,FALSE
20-10-2013 08:45,220.41737,0.0436,830.3210495,FALSE
21-10-2013 08:45,220.41737,0.0436,830.3210495,FALSE
22-10-2013 08:45,184.53075,0.0361,575.5587905,FALSE
23-10-2013 08:45,159.14313,0.0238,327.2492011,FALSE
24-10-2013 08:45,120.098755,0.0223,231.3966732,FALSE
25-10-2013 08:45,104.83838,0.0097,87.86294951,FALSE
26-10-2013 08:45,103.98894,0.0162,145.5512395,FALSE
28-10-2013 08:45,51.502323,0.0054,24.02892382,FALSE
29-10-2013 08:45,38.765812,0.003,10.04809847,FALSE
30-10-2013 08:45,56.940872,0.0032,15.74301229,FALSE
31-10-2013 08:45,46.993435,0.0029,11.77467507,FALSE
01-11-2013 08:45,94.70354,0.0048,39.27545211,FALSE
04-11-2013 08:45,40.671913,0.0032,11.24497051,FALSE
05-11-2013 08:45,36.51816,0.0034,10.72757468,FALSE
06-11-2013 08:45,33.51507,0.0026,7.528825325,FALSE
07-11-2013 08:45,28.734278,0.0027,6.703132372,FALSE
08-11-2013 08:45,21.587801,0.0023,4.289927815,FALSE
09-11-2013 08:45,34.69142,0.0028,8.392548326,FALSE
11-11-2013 08:45,30.698507,0.0025,6.630877512,FALSE
12-11-2013 08:45,50.582184,0.012,52.44360837,FALSE
13-11-2013 08:45,99.01642,0.0289,247.2400401,FALSE
15-11-2013 08:45,217.13142,0.0573,1074.956864,FALSE
16-11-2013 08:45,159.60541,0.034,468.8568524,FALSE
18-11-2013 08:45,88.797844,0.0261,200.2426901,FALSE
19-11-2013 08:45,86.67043,0.0141,105.5853846,FALSE
20-11-2013 08:45,74.44539,0.0059,37.94928201,FALSE
21-11-2013 08:45,51.754494,0.0054,24.14657672,FALSE
22-11-2013 08:45,98.463005,0.0328,279.0362791,FALSE
23-11-2013 08:45,119.422455,0.0175,180.566752,FALSE
25-11-2013 08:45,177.23315,0.0269,411.9181979,FALSE
26-11-2013 08:45,175.18051,0.0246,372.3356632,FALSE
27-11-2013 09:45,93.10088,0.0032,25.7405313,FALSE
28-11-2013 08:45,87.14833,0.0052,39.1540017,FALSE
29-11-2013 08:45,68.01477,0.0055,32.3206187,FALSE
30-11-2013 08:45,54.987946,0.0047,22.32950511,FALSE
02-12-2013 08:45,37.74818,0.004,13.04577101,FALSE
03-12-2013 08:45,30.49364,0.0033,8.694346637,FALSE
04-12-2013 08:45,27.547121,0.0034,8.092242265,FALSE
05-12-2013 08:45,22.459568,0.0031,6.015570693,FALSE
06-12-2013 08:31,21.105085,0.0022,4.011654557,FALSE
07-12-2013 08:45,15.699419,0.0024,3.255431524,FALSE
09-12-2013 08:45,14.780318,0.0021,2.681740898,FALSE
10-12-2013 08:45,14.268218,0.002,2.46554807,FALSE
11-12-2013 08:45,14.186355,0.0016,1.961121715,FALSE
12-12-2013 08:45,12.746195,0.0019,2.092415371,FALSE
13-12-2013 08:45,11.945287,0.0023,2.373767433,FALSE
14-12-2013 08:45,8.585423,0.0018,1.335204985,FALSE
16-12-2013 08:45,8.722095,0.0015,1.130383512,FALSE
17-12-2013 08:45,9.388422,0.009,7.300436947,FALSE
18-12-2013 08:45,7.829398,0.0015,1.014689981,FALSE
19-12-2013 08:45,6.977668,0.0017,1.024879876,FALSE
20-12-2013 08:45,5.2997613,0.0017,0.77842894,FALSE
21-12-2013 08:45,5.2620025,0.0016,0.727419226,FALSE
23-12-2013 08:45,5.2104025,0.0017,0.765303919,FALSE
28-12-2013 08:45,3.1791592,0.002,0.54935871,FALSE
30-12-2013 08:45,2.5032425,0.0017,0.367676258,FALSE
31-12-2013 08:45,2.386399,0.0018,0.371132772,FALSE
01-01-2014 08:45,2.2887344,0.0014,0.276845313,FALSE
02-01-2014 08:45,2.1955984,0.0014,0.265579582,FALSE
03-01-2014 08:45,2.1344342,0.0015,0.276622672,FALSE
04-01-2014 08:45,2.1033044,0.0013,0.23624315,FALSE
06-01-2014 08:45,1.8154888,0.0014,0.219601525,FALSE
07-01-2014 08:00,0,0,0,TRUE
08-01-2014 08:00,0,0,0,TRUE
09-01-2014 08:00,0,0,0,TRUE
10-01-2014 08:00,0,0,0,TRUE
11-01-2014 08:00,0,0,0,TRUE
12-01-2014 08:00,0,0,0,TRUE
13-01-2014 08:00,0,0,0,TRUE
14-01-2014 08:00,0,0,0,TRUE
15-01-2014 08:00,0,0,0,TRUE
16-01-2014 08:00,0,0,0,TRUE
17-01-2014 08:00,0,0,0,TRUE
18-01-2014 08:00,0,0,0,TRUE
19-01-2014 08:00,0,0,0,TRUE
20-01-2014 08:00,0,0,0,TRUE
21-01-2014 08:00,0,0,0,TRUE
22-01-2014 08:00,0,0,0,TRUE
23-01-2014 08:00,0,0,0,TRUE
24-01-2014 08:00,0,0,0,TRUE
25-01-2014 08:00,0,0,0,TRUE
26-01-2014 08:00,0,0,0,TRUE
27-01-2014 08:00,0,0,0,TRUE
28-01-2014 08:00,0,0,0,TRUE
29-01-2014 08:00,0,0,0,TRUE
30-01-2014 08:00,0,0,0,TRUE
31-01-2014 08:00,0,0,0,TRUE
01-02-2014 08:00,0,0,0,TRUE
02-02-2014 08:00,0,0,0,TRUE
03-02-2014 08:00,0,0,0,TRUE
04-02-2014 08:00,0,0,0,TRUE
05-02-2014 08:00,0,0,0,TRUE
06-02-2014 08:00,0,0,0,TRUE
07-02-2014 08:00,0,0,0,TRUE
08-02-2014 08:00,0,0,0,TRUE
09-02-2014 08:00,0,0,0,TRUE
10-02-2014 08:00,0,0,0,TRUE
11-02-2014 08:00,0,0,0,TRUE
12-02-2014 08:00,0,0,0,TRUE
13-02-2014 08:00,0,0,0,TRUE
14-02-2014 08:00,0,0,0,TRUE
15-02-2014 08:00,0,0,0,TRUE
16-02-2014 08:00,0,0,0,TRUE
17-02-2014 08:00,0,0,0,TRUE
18-02-2014 08:00,0,0,0,TRUE
19-02-2014 08:00,0,0,0,TRUE
20-02-2014 08:00,0,0,0,TRUE
21-02-2014 08:00,0,0,0,TRUE
22-02-2014 08:00,0,0,0,TRUE
23-02-2014 08:00,0,0,0,TRUE
24-02-2014 08:00,0,0,0,TRUE
25-02-2014 08:00,0,0,0,TRUE
26-02-2014 08:00,0,0,0,TRUE
27-02-2014 08:00,0,0,0,TRUE
28-02-2014 08:00,0,0,0,TRUE
01-03-2014 08:00,0,0,0,TRUE
02-03-2014 08:00,0,0,0,TRUE
03-03-2014 08:00,0,0,0,TRUE
04-03-2014 08:00,0,0,0,TRUE
05-03-2014 08:00,0,0,0,TRUE
06-03-2014 08:00,0,0,0,TRUE
07-03-2014 08:00,0,0,0,TRUE
08-03-2014 08:00,0,0,0,TRUE
09-03-2014 08:00,0,0,0,TRUE
10-03-2014 08:00,0,0,0,TRUE
11-03-2014 08:00,0,0,0,TRUE
12-03-2014 08:00,0,0,0,TRUE
13-03-2014 08:00,0,0,0,TRUE
14-03-2014 08:00,0,0,0,TRUE
15-03-2014 08:00,0,0,0,TRUE
16-03-2014 08:00,0,0,0,TRUE
17-03-2014 08:00,0,0,0,TRUE
18-03-2014 08:00,0,0,0,TRUE
19-03-2014 08:00,0,0,0,TRUE
20-03-2014 08:00,0,0,0,TRUE
21-03-2014 08:00,0,0,0,TRUE
22-03-2014 08:00,0,0,0,TRUE
23-03-2014 08:00,0,0,0,TRUE
24-03-2014 08:00,0,0,0,TRUE
25-03-2014 08:00,0,0,0,TRUE
26-03-2014 08:00,0,0,0,TRUE
27-03-2014 08:00,0,0,0,TRUE
28-03-2014 08:00,0,0,0,TRUE
29-03-2014 08:00,0,0,0,TRUE
30-03-2014 08:00,0,0,0,TRUE
31-03-2014 08:00,0,0,0,TRUE
01-04-2014 08:00,0,0,0,TRUE
02-04-2014 08:00,0,0,0,TRUE
03-04-2014 08:00,0,0,0,TRUE
04-04-2014 08:00,0,0,0,TRUE
05-04-2014 08:00,0,0,0,TRUE
06-04-2014 08:00,0,0,0,TRUE
07-04-2014 08:00,0,0,0,TRUE
08-04-2014 08:00,0,0,0,TRUE
09-04-2014 08:00,0,0,0,TRUE
10-04-2014 08:00,0,0,0,TRUE
11-04-2014 08:00,0,0,0,TRUE
12-04-2014 08:00,0,0,0,TRUE
13-04-2014 08:00,0,0,0,TRUE
14-04-2014 08:00,0,0,0,TRUE
15-04-2014 08:00,0,0,0,TRUE
16-04-2014 08:00,0,0,0,TRUE
17-04-2014 08:00,0,0,0,TRUE
18-04-2014 08:00,0,0,0,TRUE
19-04-2014 08:00,0,0,0,TRUE
20-04-2014 08:00,0,0,0,TRUE
21-04-2014 08:00,0,0,0,TRUE
22-04-2014 08:00,0,0,0,TRUE
23-04-2014 08:00,0,0,0,TRUE
24-04-2014 08:00,0,0,0,TRUE
25-04-2014 08:00,0,0,0,TRUE
26-04-2014 08:00,0,0,0,TRUE
27-04-2014 08:00,0,0,0,TRUE
28-04-2014 08:45,5.215153,0.002,0.901178438,FALSE
29-04-2014 08:45,4.4478416,0.0022,0.845445731,FALSE
01-05-2014 08:45,37.123005,0.0137,43.94175856,FALSE
02-05-2014 08:45,52.621773,0.0174,79.10946866,FALSE
03-05-2014 08:45,44.58853,0.0115,44.30316341,FALSE
05-05-2014 08:45,52.996426,0.0161,73.72014842,FALSE
06-05-2014 08:45,50.27008,0.0095,41.26168166,FALSE
07-05-2014 08:45,45.403645,0.0144,56.48939896,FALSE
08-05-2014 08:45,106.86275,0.0138,127.4145941,FALSE
09-05-2014 08:45,195.41705,0.0196,330.9270492,FALSE
12-05-2014 08:45,44.252243,0.0057,21.79334463,FALSE
13-05-2014 08:45,36.862667,0.004,12.73973772,FALSE
15-05-2014 08:45,31.248491,0.0045,12.1494133,FALSE
16-05-2014 08:45,22.587934,0.0032,6.245111992,FALSE
17-05-2014 08:45,17.545107,0.002,3.03179449,FALSE
19-05-2014 08:45,8.32233,0.002,1.438098624,FALSE
20-05-2014 08:45,5.7809534,0.0018,0.899053873,FALSE
21-05-2014 08:45,14.202145,0.0022,2.699543722,FALSE
22-05-2014 08:45,54.70311,0.0098,46.3182173,FALSE
23-05-2014 08:45,44.90238,0.0066,25.60513317,FALSE
24-05-2014 08:45,36.50681,0.0035,11.03965934,FALSE
26-05-2014 08:45,38.647766,0.004,13.35666793,FALSE
27-05-2014 08:45,30.644402,0.0033,8.737331898,FALSE
28-05-2014 08:45,14.705683,0.0026,3.303484629,FALSE
29-05-2014 08:45,16.132513,0.0025,3.484622808,FALSE
30-05-2014 08:45,22.42421,0.0029,5.618610058,FALSE
31-05-2014 08:45,18.237038,0.0024,3.7816322,FALSE
02-06-2014 08:45,14.376775,0.0018,2.235876048,FALSE
03-06-2014 08:45,13.068476,0.002,2.258232653,FALSE
04-06-2014 08:45,16.988867,0.0019,2.788892407,FALSE
05-06-2014 08:45,14.797281,0.0018,2.301273141,FALSE
06-06-2014 08:45,22.311361,0.0033,6.361415248,FALSE
07-06-2014 08:45,22.459675,0.0032,6.209650944,FALSE
09-06-2014 08:45,116.463524,0.0229,230.43007,FALSE
10-06-2014 08:45,131.85399,0.0215,244.9319718,FALSE
11-06-2014 08:45,133.8263,0.0174,201.1891064,FALSE
12-06-2014 08:45,156.51399,0.0217,293.4449496,FALSE
13-06-2014 08:45,153.41435,0.9389,12445.11935,FALSE
14-06-2014 08:45,122.03582,0.0061,64.31775857,FALSE
16-06-2014 08:45,58.295288,0.0054,27.19824957,FALSE
17-06-2014 08:45,47.665825,0.0045,18.53247276,FALSE
18-06-2014 08:45,46.836105,0.0354,143.2510373,FALSE
19-06-2014 08:45,53.593254,0.0058,26.85665144,FALSE
20-06-2014 08:45,120.299835,0.0172,178.7751788,FALSE
21-06-2014 08:45,219.17905,0.0317,600.3051165,FALSE
23-06-2014 08:45,127.62316,0.0081,89.31579229,FALSE
24-06-2014 08:45,79.09087,0.0057,38.95067166,FALSE
25-06-2014 09:00,78.639786,0.0065,44.16410382,FALSE
26-06-2014 09:00,87.34427,0.0059,44.52461508,FALSE
27-06-2014 08:45,68.67479,0.0053,31.44755984,FALSE
28-06-2014 08:45,86.14567,0.0071,52.8451998,FALSE
30-06-2014 08:45,94.221664,0.0065,52.9148865,FALSE
01-07-2014 08:45,117.02081,0.008,80.88478387,FALSE
02-07-2014 08:45,121.53909,0.0138,144.9134878,FALSE
03-07-2014 08:45,109.50218,0.0082,77.58010449,FALSE
04-07-2014 08:45,84.10396,0.0069,50.13941679,FALSE
05-07-2014 08:45,55.24284,0.0026,12.40975158,FALSE
07-07-2014 08:45,90.09956,0.0025,19.46150496,FALSE
08-07-2014 08:45,73.68449,0.0039,24.82872575,FALSE
09-07-2014 08:45,54.480995,0.0014,6.590021155,FALSE
10-07-2014 08:45,52.7826,0.0012,5.472499968,FALSE
11-07-2014 08:45,88.24339,0.0055,41.93325893,FALSE
12-07-2014 08:45,85.50084,0.0041,30.28781756,FALSE
14-07-2014 08:45,208.32454,0.0118,212.391035,FALSE
15-07-2014 08:45,336.53134,0.0165,479.7590783,FALSE
16-07-2014 08:45,318.758,0.0078,214.8173914,FALSE
17-07-2014 08:45,214.61488,0.005,92.71362816,FALSE
18-07-2014 08:45,120.49682,0.0154,160.3282488,FALSE
19-07-2014 08:45,117.4471,0.0026,26.38331654,FALSE
21-07-2014 08:45,120.96313,0.0021,21.94755031,FALSE
22-07-2014 08:45,120.99792,0.0047,49.13483535,FALSE
23-07-2014 08:45,173.15378,0.0049,73.3063843,FALSE
24-07-2014 08:30,173.28201,0.0054,80.84645459,FALSE
25-07-2014 08:45,120.0346,0.0038,39.40975987,FALSE
26-07-2014 08:45,119.9402,0.0028,29.01593318,FALSE
29-07-2014 08:45,154.84074,0.0071,94.98550355,FALSE
30-07-2014 08:45,123.37654,0.005,53.29866528,FALSE
31-07-2014 08:45,111.112,0.0043,41.28033024,FALSE
01-08-2014 08:45,224.99731,0.0175,340.1959327,FALSE
02-08-2014 09:00,597.84375,0.0545,2815.12665,FALSE
04-08-2014 09:00,695.4241,0.0286,1718.420768,FALSE
05-08-2014 09:00,541.6051,0.0443,2073.004352,FALSE
06-08-2014 08:45,387.51474,0.0211,706.4548716,FALSE
07-08-2014 08:45,282.5049,0.0284,693.1992234,FALSE
08-08-2014 08:45,171.05045,0.0152,224.637135,FALSE
09-08-2014 08:45,171.05882,0.0073,107.890219,FALSE
11-08-2014 08:45,108.99501,0.2248,2116.979561,FALSE
12-08-2014 08:45,165.03598,0.0102,145.4429085,FALSE
13-08-2014 08:45,127.698235,0.0109,120.2610898,FALSE
14-08-2014 08:45,104.68158,0.0099,89.54043627,FALSE
15-08-2014 08:45,80.59623,0.0064,44.56649134,FALSE
16-08-2014 08:45,80.59623,0.005,34.81757136,FALSE
19-08-2014 08:45,92.08697,0.0036,28.64273115,FALSE
20-08-2014 08:45,106.57154,0.0047,43.27657096,FALSE
21-08-2014 08:45,119.77,0.0135,139.699728,FALSE
22-08-2014 08:45,220.95811,0.0227,433.360722,FALSE
23-08-2014 09:00,694.45355,0.1326,7956.104319,FALSE
25-08-2014 08:45,370.35873,0.0153,489.5846124,FALSE
26-08-2014 08:45,177.14182,0.0061,93.36082481,FALSE
27-08-2014 08:45,117.74538,0.0067,68.16044557,FALSE
28-08-2014 08:45,76.68042,0.0031,20.53808369,FALSE
30-08-2014 08:45,81.46741,0.0122,85.87316753,FALSE
01-09-2014 08:45,345.31628,0.0122,363.9909844,FALSE
02-09-2014 08:45,371.2736,0.005,160.3901952,FALSE
03-09-2014 08:45,347.87973,0.0185,556.0509604,FALSE
04-09-2014 08:45,276.79544,0.0139,332.4202516,FALSE
05-09-2014 08:45,169.05406,0.0114,166.5114869,FALSE
06-09-2014 08:45,123.18251,0.0092,97.91531355,FALSE
08-09-2014 08:45,83.30487,0.0183,131.7149961,FALSE
09-09-2014 08:45,72.794754,0.001,6.289466746,FALSE
10-09-2014 08:45,59.594982,0.0014,7.208609023,FALSE
11-09-2014 08:45,54.717136,0.002,9.455121101,FALSE
12-09-2014 08:45,48.753265,0.0006,2.527369258,FALSE
13-09-2014 08:45,38.099304,0.0042,13.82547544,FALSE
15-09-2014 08:45,52.051533,0.004,17.9890098,FALSE
16-09-2014 08:45,39.680138,0.0032,10.97076455,FALSE
17-09-2014 08:45,35.237835,0.0027,8.220282149,FALSE
18-09-2014 08:45,30.869955,0.0063,16.80313391,FALSE
19-09-2014 08:45,29.633263,0.0044,11.26538126,FALSE
20-09-2014 08:45,27.521084,0.0014,3.328950321,FALSE
22-09-2014 08:45,19.587425,0.004,6.76941408,FALSE
23-09-2014 08:45,18.341509,0.0016,2.535530204,FALSE
24-09-2014 08:45,17.227564,0.0027,4.01884613,FALSE
25-09-2014 08:45,16.509132,0.0053,7.559861725,FALSE
26-09-2014 08:45,20.708876,0.0055,9.840857875,FALSE
27-09-2014 08:45,106.69659,0.0962,886.8279132,FALSE
29-09-2014 08:45,105.670074,0.0281,256.5500325,FALSE
30-09-2014 08:45,186.14825,0.0814,1309.173196,FALSE
01-10-2014 08:45,176.73578,0.0187,285.548465,FALSE
04-10-2014 08:45,83.11324,0.0076,54.57547791,FALSE
07-10-2014 08:45,53.158634,0.0067,30.77247005,FALSE
08-10-2014 08:45,81.40929,0.0223,156.8529072,FALSE
09-10-2014 08:45,76.84728,0.0159,105.5697194,FALSE
10-10-2014 08:45,179.92622,0.0302,469.4778873,FALSE
11-10-2014 08:45,135.00899,0.0154,179.6375617,FALSE
13-10-2014 08:45,79.14103,0.0046,31.45381096,FALSE
14-10-2014 08:45,90.935814,0.0051,40.06995708,FALSE
15-10-2014 08:45,110.27862,0.0062,59.07405116,FALSE
16-10-2014 09:00,88.36029,0.0047,35.88134656,FALSE
17-10-2014 09:00,84.393005,0.0046,33.54115591,FALSE
18-10-2014 09:00,79.77417,0.0036,24.81295784,FALSE
20-10-2014 08:45,122.06947,0.0055,58.00741214,FALSE
21-10-2014 08:45,157.12077,0.0103,139.8249156,FALSE
23-10-2014 08:45,177.94522,0.0144,221.3923249,FALSE
24-10-2014 08:45,216.33395,0.0141,263.5466712,FALSE
25-10-2014 08:45,202.71646,0.0126,220.685247,FALSE
27-10-2014 08:45,166.52296,0.0063,90.64177759,FALSE
28-10-2014 08:45,195.40273,0.0117,197.5287117,FALSE
29-10-2014 08:45,171.29521,0.0091,134.6791459,FALSE
30-10-2014 08:45,263.81097,0.0161,366.9716117,FALSE
31-10-2014 08:45,201.69096,0.0115,200.4001379,FALSE
01-11-2014 08:45,224.53758,0.0068,131.920319,FALSE
04-11-2014 08:45,172.8854,0.0055,82.15514208,FALSE
05-11-2014 08:45,112.731094,0.0061,59.41379578,FALSE
07-11-2014 08:45,97.34091,0.0043,36.16409488,FALSE
08-11-2014 08:45,69.05616,0.0053,31.62219679,FALSE
10-11-2014 08:45,45.75829,0.0016,6.32562601,FALSE
11-11-2014 08:45,55.742756,0.003,14.44852236,FALSE
12-11-2014 08:45,50.24993,0.005,21.70796976,FALSE
13-11-2014 08:45,84.28036,0.0113,82.28460108,FALSE
14-11-2014 08:45,175.19652,0.0154,233.1094817,FALSE
15-11-2014 08:45,109.69486,0.0064,60.65686979,FALSE
17-11-2014 08:45,53.578434,0.0035,16.20211844,FALSE
18-11-2014 08:45,45.530506,0.0029,11.40812358,FALSE
19-11-2014 08:45,31.86198,0.0021,5.781037651,FALSE
20-11-2014 08:45,28.498383,0.0016,3.939616466,FALSE
21-11-2014 08:45,27.515322,0.0023,5.467844788,FALSE
22-11-2014 08:45,25.542309,0.0022,4.855082095,FALSE
24-11-2014 08:45,20.15702,0.0031,5.398856237,FALSE
25-11-2014 08:45,14.63061,0.002,2.528169408,FALSE
26-11-2014 08:45,14.09459,0.0016,1.948436122,FALSE
27-11-2014 08:45,13.122823,0.0015,1.700717861,FALSE
28-11-2014 08:45,12.251367,0.0012,1.270221731,FALSE
29-11-2014 08:45,12.623771,0.0014,1.52697134,FALSE
01-12-2014 08:45,13.830321,0.0045,5.377228805,FALSE
02-12-2014 08:45,11.8543415,0.0036,3.68717438,FALSE
03-12-2014 08:45,11.029479,0.0035,3.33531445,FALSE
04-12-2014 08:45,10.377863,0.0033,2.958936299,FALSE
05-12-2014 09:00,7.6923027,0.0027,1.794460374,FALSE
06-12-2014 08:45,6.7394643,0.0019,1.106350459,FALSE
08-12-2014 08:45,6.2922697,0.001,0.543652102,FALSE
09-12-2014 08:45,5.923092,0.0031,1.586440961,FALSE
10-12-2014 08:45,7.137009,0.0032,1.973240248,FALSE
11-12-2014 08:45,7.5497036,0.0017,1.108900465,FALSE
12-12-2014 08:45,11.517057,0.0021,2.089654822,FALSE
13-12-2014 08:45,10.957498,0.0018,1.704110089,FALSE
15-12-2014 08:45,26.909718,0.0025,5.812499088,FALSE
16-12-2014 08:45,19.879272,0.0022,3.778652022,FALSE
17-12-2014 08:45,14.724836,0.0019,2.417229078,FALSE
18-12-2014 08:45,11.088544,0.0024,2.299320484,FALSE
19-12-2014 08:45,9.764236,0.0011,0.927992989,FALSE
20-12-2014 08:45,9.383641,0.0016,1.297194532,FALSE
22-12-2014 08:45,8.073147,0.0014,0.976527861,FALSE
23-12-2014 08:45,7.3478923,0.0008,0.507886316,FALSE
24-12-2014 08:45,6.4814444,0.0012,0.671996155,FALSE
26-12-2014 08:45,5.8614187,0.0013,0.658354548,FALSE
27-12-2014 08:45,5.7128277,0.0012,0.592305976,FALSE
29-12-2014 08:45,5.7566304,0.0011,0.547110153,FALSE
30-12-2014 08:45,5.7265134,0.0012,0.593724909,FALSE
31-12-2014 08:45,5.879042,0.0011,0.558744152,FALSE
01-01-2015 08:45,5.537969,0.0012,0.574176626,FALSE
02-01-2015 08:45,5.405649,0.0012,0.560457688,FALSE
03-01-2015 08:45,4.1168723,0.0012,0.42683732,FALSE
05-01-2015 08:45,3.8115833,0.0011,0.362252877,FALSE
06-01-2015 08:45,3.7713807,0.0009,0.293262563,FALSE
07-01-2015 08:45,3.7084036,0.0009,0.288365464,FALSE
10-01-2015 08:45,3.4939535,0.0009,0.271689824,FALSE
12-01-2015 08:45,3.1073027,0.001,0.268470953,FALSE
13-01-2015 08:45,2.4777095,0.0011,0.235481511,FALSE
14-01-2015 08:45,2.270255,0.001,0.196150032,FALSE
15-01-2015 08:45,2.278044,0.0012,0.236187602,FALSE
16-01-2015 08:45,2.2033646,0.001,0.190370701,FALSE
17-01-2015 08:45,2.1081312,0.0011,0.200356789,FALSE
19-01-2015 08:45,2.0534887,0.001,0.177421424,FALSE
21-01-2015 08:45,1.4201362,0.0011,0.134969744,FALSE
22-01-2015 08:45,1.3974044,0.001,0.12073574,FALSE
23-01-2015 08:45,1.4207408,0.0011,0.135027206,FALSE
24-01-2015 08:45,1.1963977,0.0011,0.113705637,FALSE
29-01-2015 08:00,0,0.0013,0,TRUE
13-04-2015 08:30,39.455963,0.0007,2.386296642,FALSE
16-04-2015 08:45,41.388016,0.0008,2.860739666,FALSE
17-04-2015 08:45,32.608707,0.001,2.817392285,FALSE
18-04-2015 08:45,49.508354,0.001,4.277521786,FALSE
20-04-2015 08:45,56.585915,0.0012,5.866827667,FALSE
21-04-2015 08:45,61.861248,0.0038,20.31028494,FALSE
22-04-2015 08:45,101.3284,0.0601,526.161903,FALSE
23-04-2015 08:45,86.44106,0.0055,41.07679171,FALSE
24-04-2015 09:00,59.96632,0.0062,32.1227583,FALSE
25-04-2015 08:45,84.38113,0.0081,59.05329002,FALSE
27-04-2015 08:45,59.916008,0.0085,44.00231628,FALSE
28-04-2015 08:45,112.92846,0.0109,106.3515065,FALSE
29-04-2015 08:45,85.379875,0.0126,92.94794712,FALSE
30-04-2015 08:45,60.95623,0.0109,57.40613916,FALSE
01-05-2015 08:45,58.896023,0.0156,79.38241564,FALSE
02-05-2015 08:45,51.255383,0.0165,73.069674,FALSE
06-05-2015 08:45,40.729664,0.0045,15.83569336,FALSE
07-05-2015 08:45,41.561836,0.0051,18.31380742,FALSE
08-05-2015 08:45,46.373566,0.0045,18.03004246,FALSE
09-05-2015 08:45,50.14193,0.0042,18.19550356,FALSE
11-05-2015 08:45,48.40978,0.0154,64.41211688,FALSE
12-05-2015 08:45,45.22284,0.0135,52.74792058,FALSE
13-05-2015 08:45,50.503296,0.0028,12.21775737,FALSE
14-05-2015 08:45,51.619682,0.0036,16.05578589,FALSE
15-05-2015 08:45,50.055687,0.0029,12.54195293,FALSE
16-05-2015 08:45,49.678196,0.0032,13.73502763,FALSE
18-05-2015 08:45,59.550148,0.0075,38.5884959,FALSE
19-05-2015 08:45,58.04432,0.0051,25.57664916,FALSE
20-05-2015 08:45,56.77228,0.0049,24.03511246,FALSE
21-05-2015 08:45,52.058643,0.0024,10.79488021,FALSE
22-05-2015 08:45,46.34619,0.0019,7.60819055,FALSE
23-05-2015 08:45,38.5356,0.0017,5.660108928,FALSE
25-05-2015 08:45,26.532097,0.0016,3.667797089,FALSE
26-05-2015 08:45,24.716528,0.0014,2.989711227,FALSE
27-05-2015 08:45,20.241936,0.0012,2.098683924,FALSE
28-05-2015 09:00,10.728419,0.0011,1.019628942,FALSE
29-05-2015 08:45,10.92095,0.001,0.94357008,FALSE
04-06-2015 08:45,22.722057,0.0055,10.79752149,FALSE
05-06-2015 08:45,50.41355,0.0055,23.95651896,FALSE
06-06-2015 08:45,48.818626,0.0037,15.60633836,FALSE
08-06-2015 08:45,33.565987,0.0059,17.11059753,FALSE
09-06-2015 08:45,36.12459,0.0093,29.02683056,FALSE
10-06-2015 08:45,32.046844,0.0031,8.583426697,FALSE
11-06-2015 08:45,29.123642,0.0068,17.11072215,FALSE
12-06-2015 08:45,60.521095,0.014,73.20631651,FALSE
13-06-2015 08:45,61.690063,0.004,21.32008577,FALSE
15-06-2015 08:45,57.264942,0.0049,24.24368585,FALSE
16-06-2015 08:45,59.183548,0.0136,69.54303624,FALSE
17-06-2015 08:45,60.225445,0.0044,22.89530517,FALSE
18-06-2015 08:45,81.512535,0.008,56.34146419,FALSE
19-06-2015 08:45,85.022835,0.0087,63.90996461,FALSE
20-06-2015 08:45,153.93504,0.0141,187.5298231,FALSE
22-06-2015 08:45,80.18653,0.0066,45.72556687,FALSE
23-06-2015 08:45,108.63754,0.0099,92.92420621,FALSE
24-06-2015 08:45,118.95342,0.0061,62.69321048,FALSE
25-06-2015 08:45,84.84824,0.0046,33.72208451,FALSE
26-06-2015 08:45,167.89243,0.014,203.0826833,FALSE
27-06-2015 08:45,336.03757,0.0251,728.7445158,FALSE
29-06-2015 08:45,329.95535,0.1008,2873.620738,FALSE
30-06-2015 08:45,217.27194,0.009,168.9506605,FALSE
01-07-2015 08:45,159.1456,0.0173,237.8781112,FALSE
02-07-2015 08:45,82.46975,0.0082,58.42816848,FALSE
03-07-2015 08:45,78.796616,0.0108,73.52669832,FALSE
04-07-2015 08:45,60.235603,0.0094,48.92094733,FALSE
06-07-2015 08:45,61.308117,0.0029,15.3613618,FALSE
07-07-2015 08:45,55.96458,0.0027,13.05541722,FALSE
08-07-2015 08:45,51.588413,0.0021,9.360201655,FALSE
09-07-2015 08:45,56.12426,0.0014,6.78879049,FALSE
10-07-2015 08:45,59.804752,0.0037,19.11838312,FALSE
11-07-2015 08:45,61.832745,0.0038,20.30092684,FALSE
13-07-2015 08:45,64.31829,0.0032,17.78272082,FALSE
14-07-2015 08:45,40.71858,0.0035,12.31329859,FALSE
15-07-2015 08:45,38.386627,0.0015,4.974906859,FALSE
16-07-2015 08:45,40.210823,0.0016,5.558744172,FALSE
17-07-2015 08:45,38.346546,0.0014,4.638398204,FALSE
20-07-2015 08:45,113.93366,0.0034,33.46915196,FALSE
21-07-2015 08:45,120.37443,0.0055,57.20192914,FALSE
22-07-2015 08:45,119.74749,0.0039,40.35011423,FALSE
23-07-2015 09:00,110.12631,0.0067,63.74991833,FALSE
24-07-2015 09:00,130.40564,0.0078,87.88296891,FALSE
25-07-2015 09:00,124.58518,0.0042,45.20947012,FALSE
27-07-2015 09:00,61.967144,0.0013,6.960149614,FALSE
28-07-2015 08:45,56.279293,0.0031,15.07384584,FALSE
29-07-2015 08:45,51.70456,0.0043,19.20927813,FALSE
30-07-2015 08:45,47.533684,0.002,8.213820595,FALSE
31-07-2015 08:45,44.012627,0.0036,13.6896875,FALSE
01-08-2015 08:45,42.233868,0.0045,16.42052788,FALSE
03-08-2015 08:45,32.361477,0.002,5.592063226,FALSE
04-08-2015 08:45,38.411346,0.0013,4.314362383,FALSE
05-08-2015 08:45,48.633232,0.0047,19.74898285,FALSE
06-08-2015 08:45,52.248123,0.0037,16.70267996,FALSE
07-08-2015 08:45,53.13689,0.005,22.95513648,FALSE
08-08-2015 08:45,49.130222,0.0016,6.791761889,FALSE
10-08-2015 08:45,46.830265,0.0014,5.664588854,FALSE
11-08-2015 08:45,56.69925,0.0012,5.87857824,FALSE
12-08-2015 08:45,83.19928,0.0086,61.82039301,FALSE
13-08-2015 08:45,162.34917,0.0122,171.1290131,FALSE
14-08-2015 08:45,159.59802,0.0074,102.0405901,FALSE
17-08-2015 08:45,86.38122,0.0188,140.3107433,FALSE
18-08-2015 08:45,61.563057,0.0066,35.10571762,FALSE
19-08-2015 08:45,160.72679,0.015,208.3019198,FALSE
20-08-2015 08:45,87.82596,0.0173,131.2752189,FALSE
21-08-2015 08:45,81.441895,0.0084,59.10726972,FALSE
22-08-2015 08:45,71.317604,0.002,12.32368197,FALSE
24-08-2015 08:45,54.717464,0.0089,42.07554112,FALSE
25-08-2015 08:45,47.605946,0.0108,44.42206033,FALSE
26-08-2015 08:45,49.470196,0.0035,14.95978727,FALSE
27-08-2015 08:45,43.57659,0.002,7.530034752,FALSE
29-08-2015 08:45,33.07902,0.0018,5.14444919,FALSE
31-08-2015 08:45,27.386326,0.003,7.098535699,FALSE
01-09-2015 08:45,25.74378,0.002,4.448525184,FALSE
02-09-2015 08:45,24.7538,0.0024,5.132947968,FALSE
03-09-2015 08:45,26.163668,0.0035,7.911893203,FALSE
04-09-2015 08:45,16.069141,0.0024,3.332097078,FALSE
05-09-2015 08:45,72.26077,0.0246,153.585931,FALSE
07-09-2015 08:45,120.54497,0.0546,568.6636633,FALSE
08-09-2015 08:45,78.69743,0.0206,140.0688338,FALSE
09-09-2015 08:45,68.134125,0.0128,75.35089152,FALSE
10-09-2015 08:45,60.52134,0.0094,49.15301149,FALSE
11-09-2015 08:45,58.62742,0.007,35.45786362,FALSE
12-09-2015 08:45,53.38076,0.0071,32.74589341,FALSE
14-09-2015 08:45,45.415405,0.0054,21.18901136,FALSE
15-09-2015 08:45,26.891594,0.0032,7.434987909,FALSE
16-09-2015 08:45,29.159658,0.0034,8.565941134,FALSE
17-09-2015 08:45,49.139076,0.0071,30.14387478,FALSE
18-09-2015 08:45,60.91561,0.0035,18.42088046,FALSE
19-09-2015 08:45,57.467697,0.0026,12.90954345,FALSE
21-09-2015 08:45,64.02844,0.0043,23.78784603,FALSE
22-09-2015 08:45,44.429,0.0046,17.65786176,FALSE
23-09-2015 08:45,43.998474,0.0057,21.66836848,FALSE
25-09-2015 08:45,80.32469,0.0233,161.7032399,FALSE
26-09-2015 08:45,120.011925,0.0425,440.6837886,FALSE
28-09-2015 08:45,88.405075,0.0119,90.89456191,FALSE
29-09-2015 08:45,77.36875,0.0142,94.922172,FALSE
30-09-2015 08:45,142.1459,0.0294,361.0733293,FALSE
01-10-2015 08:00,212.33759,0.0245,449.4762105,FALSE
03-10-2015 08:45,86.35784,0.0148,110.4274972,FALSE
05-10-2015 08:45,100.527336,0.0241,209.3220401,FALSE
06-10-2015 08:45,174.18515,0.0188,282.9324228,FALSE
07-10-2015 08:45,120.35363,0.0341,354.5906789,FALSE
08-10-2015 08:45,81.98645,0.0148,104.8377133,FALSE
09-10-2015 08:30,97.80009,0.0163,137.7338227,FALSE
10-10-2015 08:45,196.30133,0.0368,624.1440048,FALSE
12-10-2015 08:45,110.27361,0.028,266.7739173,FALSE
13-10-2015 08:45,106.76307,0.0169,155.8911643,FALSE
14-10-2015 08:45,139.1157,0.0144,173.0821893,FALSE
15-10-2015 08:45,105.34799,0.0216,196.6046329,FALSE
16-10-2015 08:45,76.94259,0.0198,131.6272276,FALSE
17-10-2015 08:45,74.03643,0.0091,58.21040272,FALSE
19-10-2015 08:45,100.03376,0.0087,75.19337672,FALSE
20-10-2015 08:45,80.02384,0.01,69.14059776,FALSE
21-10-2015 08:45,64.29474,0.0093,51.66210948,FALSE
22-10-2015 08:45,78.72857,0.0095,64.62041026,FALSE
26-10-2015 08:45,150.3521,0.0193,250.7151338,FALSE
27-10-2015 08:45,102.005035,0.0071,62.57396867,FALSE
28-10-2015 08:45,78.21774,0.0046,31.08685859,FALSE
29-10-2015 08:45,79.06785,0.0142,97.00676381,FALSE
30-10-2015 09:00,84.501015,0.0182,132.8761561,FALSE
31-10-2015 08:45,122.04862,0.0408,430.2360313,FALSE
02-11-2015 08:45,100.09258,0.0188,162.5823795,FALSE
03-11-2015 08:45,78.84722,0.0103,70.16771802,FALSE
04-11-2015 08:45,61.199856,0.0226,119.5012868,FALSE
05-11-2015 08:45,152.40092,0.0177,233.0636789,FALSE
06-11-2015 08:45,104.57212,0.0433,391.2168496,FALSE
07-11-2015 08:45,110.75381,0.0151,144.4938507,FALSE
09-11-2015 08:45,162.31897,0.0244,342.1943598,FALSE
11-11-2015 08:45,77.51088,0.0115,77.01481037,FALSE
12-11-2015 08:45,63.88046,0.0122,67.33511528,FALSE
13-11-2015 08:45,79.80375,0.0145,99.978138,FALSE
14-11-2015 08:45,77.8826,0.014,94.20679296,FALSE
16-11-2015 08:45,61.09907,0.0137,72.32174718,FALSE
17-11-2015 08:45,53.43877,0.0043,19.85357183,FALSE
18-11-2015 08:45,39.42398,0.0039,13.2843043,FALSE
19-11-2015 08:45,57.05653,0.0058,28.59216831,FALSE
20-11-2015 08:45,49.193554,0.0034,14.45109842,FALSE
21-11-2015 08:45,57.464287,0.0136,67.5228358,FALSE
23-11-2015 08:45,47.053753,0.0084,34.14973178,FALSE
24-11-2015 08:45,30.585154,0.0054,14.26980945,FALSE
26-11-2015 08:45,29.688423,0.0028,7.182223292,FALSE
27-11-2015 08:45,24.610743,0.0058,12.33293553,FALSE
28-11-2015 08:45,21.686056,0.0024,4.496820572,FALSE
30-11-2015 08:45,22.42161,0.0063,12.20453076,FALSE
07-12-2015 08:45,21.307438,0.004,7.363850573,FALSE
08-12-2015 08:45,18.466978,0.0047,7.499070426,FALSE
09-12-2015 08:45,17.40904,0.0052,7.821533491,FALSE
10-12-2015 08:45,13.123061,0.0095,10.77140847,FALSE
11-12-2015 08:45,11.124377,0.0042,4.036813926,FALSE
12-12-2015 08:45,11.417732,0.0032,3.156774543,FALSE
14-12-2015 08:45,80.89319,0.0095,66.39713035,FALSE
15-12-2015 08:30,167.93524,0.0174,252.4671224,FALSE
16-12-2015 08:45,118.251465,0.0156,159.3840546,FALSE
17-12-2015 08:45,92.13645,0.0099,78.80983387,FALSE
18-12-2015 08:45,63.807274,0.0072,39.69322901,FALSE
19-12-2015 08:45,53.67861,0.004,18.55132762,FALSE
21-12-2015 08:45,31.605356,0.0021,5.734475793,FALSE
22-12-2015 08:45,28.882448,0.0022,5.489975716,FALSE
23-12-2015 08:45,24.312143,0.0022,4.621252141,FALSE
26-12-2015 08:45,13.234638,0.0026,2.97302908,FALSE
28-12-2015 08:45,9.976209,0.0024,2.068666698,FALSE
29-12-2015 08:45,8.100594,0.0024,1.679739172,FALSE
30-12-2015 08:45,7.466473,0.0027,1.741778821,FALSE
31-12-2015 08:45,7.0056787,0.0029,1.755342855,FALSE
01-01-2016 08:30,5.3111134,0.002,0.917760396,FALSE
02-01-2016 08:30,4.746023,0.0019,0.779107136,FALSE
04-01-2016 08:30,6.127542,0.0019,1.005897295,FALSE
05-01-2016 08:30,5.937643,0.0021,1.077325946,FALSE
06-01-2016 08:30,5.756142,0.0027,1.342792806,FALSE
07-01-2016 08:30,5.673888,0.0015,0.735335885,FALSE
08-01-2016 08:30,5.4745035,0.0032,1.513590728,FALSE
09-01-2016 08:30,5.2233853,0.0032,1.444161568,FALSE
11-01-2016 08:30,3.9853747,0.0027,0.92970821,FALSE
12-01-2016 08:30,3.4630425,0.0028,0.837779242,FALSE
13-01-2016 08:30,3.6070883,0.0025,0.779131073,FALSE
14-01-2016 08:30,3.4717195,0.0024,0.719895756,FALSE
15-01-2016 08:30,2.358751,0.0027,0.550249433,FALSE
16-01-2016 08:30,2.3668609,0.0029,0.593040667,FALSE
18-01-2016 08:30,1.9558496,0.0035,0.591448919,FALSE
19-01-2016 08:34,1.6999673,0.0034,0.499382394,FALSE
20-01-2016 08:30,1.6799651,0.0033,0.478991649,FALSE
21-01-2016 08:30,1.6812934,0.0031,0.450317624,FALSE
22-01-2016 08:30,1.6605618,0.0029,0.416070365,FALSE
23-01-2016 08:30,1.4736449,0.003,0.381968758,FALSE
25-01-2016 08:30,2.2908313,0.0022,0.435441214,FALSE
27-01-2016 08:30,1.7544409,0.0025,0.378959234,FALSE
29-01-2016 08:30,1.8199778,0.0028,0.440289029,FALSE
30-01-2016 09:00,1.7599956,0.0022,0.334539964,FALSE
01-02-2016 08:00,0,0,0,TRUE
02-02-2016 08:00,0,0,0,TRUE
03-02-2016 08:00,0,0,0,TRUE
04-02-2016 08:00,0,0,0,TRUE
05-02-2016 08:00,0,0,0,TRUE
06-02-2016 08:00,0,0,0,TRUE
07-02-2016 08:00,0,0,0,TRUE
08-02-2016 08:00,0,0,0,TRUE
09-02-2016 08:00,0,0,0,TRUE
10-02-2016 08:00,0,0,0,TRUE
11-02-2016 08:00,0,0,0,TRUE
12-02-2016 08:00,0,0,0,TRUE
13-02-2016 08:00,0,0,0,TRUE
14-02-2016 08:00,0,0,0,TRUE
15-02-2016 08:00,0,0,0,TRUE
16-02-2016 08:00,0,0,0,TRUE
17-02-2016 08:00,0,0,0,TRUE
18-02-2016 08:00,0,0,0,TRUE
19-02-2016 08:00,0,0,0,TRUE
20-02-2016 08:00,0,0,0,TRUE
21-02-2016 08:00,0,0,0,TRUE
22-02-2016 08:00,0,0,0,TRUE
23-02-2016 08:00,0,0,0,TRUE
24-02-2016 08:00,0,0,0,TRUE
25-02-2016 08:00,0,0,0,TRUE
26-02-2016 08:00,0,0,0,TRUE
27-02-2016 08:00,0,0,0,TRUE
28-02-2016 08:00,0,0,0,TRUE
29-02-2016 08:00,0,0,0,TRUE
01-03-2016 08:00,0,0,0,TRUE
02-03-2016 08:00,0,0,0,TRUE
03-03-2016 08:00,0,0,0,TRUE
04-03-2016 08:00,0,0,0,TRUE
05-03-2016 08:00,0,0,0,TRUE
06-03-2016 08:00,0,0,0,TRUE
07-03-2016 08:00,0,0,0,TRUE
08-03-2016 08:00,0,0,0,TRUE
09-03-2016 08:00,0,0,0,TRUE
10-03-2016 08:00,0,0,0,TRUE
11-03-2016 08:00,0,0,0,TRUE
12-03-2016 08:00,0,0,0,TRUE
13-03-2016 08:00,0,0,0,TRUE
14-03-2016 08:00,0,0,0,TRUE
15-03-2016 08:00,0,0,0,TRUE
16-03-2016 08:00,0,0,0,TRUE
17-03-2016 08:00,0,0,0,TRUE
18-03-2016 08:00,0,0,0,TRUE
19-03-2016 08:00,0,0,0,TRUE
20-03-2016 08:00,0,0,0,TRUE
21-03-2016 08:00,0,0,0,TRUE
22-03-2016 08:00,0,0,0,TRUE
23-03-2016 08:00,0,0,0,TRUE
24-03-2016 08:00,0,0,0,TRUE
25-03-2016 08:00,0,0,0,TRUE
26-03-2016 08:00,0,0,0,TRUE
27-03-2016 08:00,0,0,0,TRUE
28-03-2016 08:00,0,0,0,TRUE
29-03-2016 08:00,0,0,0,TRUE
30-03-2016 08:00,0,0,0,TRUE
31-03-2016 08:00,0,0,0,TRUE
01-04-2016 08:00,0,0,0,TRUE
02-04-2016 08:00,0,0,0,TRUE
03-04-2016 08:00,0,0,0,TRUE
04-04-2016 08:00,0,0,0,TRUE
05-04-2016 08:00,0,0,0,TRUE
06-04-2016 08:00,0,0,0,TRUE
07-04-2016 08:00,0,0,0,TRUE
08-04-2016 08:00,0,0,0,TRUE
09-04-2016 08:00,0,0,0,TRUE
10-04-2016 08:00,0,0,0,TRUE
11-04-2016 08:00,0,0,0,TRUE
12-04-2016 08:00,0,0,0,TRUE
13-04-2016 08:00,0,0,0,TRUE
14-04-2016 08:00,0,0,0,TRUE
15-04-2016 08:00,0,0,0,TRUE
16-04-2016 08:00,0,0,0,TRUE
17-04-2016 08:00,0,0,0,TRUE
18-04-2016 08:00,0,0,0,TRUE
19-04-2016 08:00,0,0,0,TRUE
20-04-2016 08:00,0,0,0,TRUE
21-04-2016 08:00,0,0,0,TRUE
22-04-2016 08:00,0,0,0,TRUE
23-04-2016 08:00,0,0,0,TRUE
24-04-2016 08:00,0,0,0,TRUE
25-04-2016 08:00,0,0,0,TRUE
26-04-2016 08:00,0,0,0,TRUE
27-04-2016 08:00,0,0,0,TRUE
28-04-2016 08:00,0,0,0,TRUE
29-04-2016 08:00,0,0,0,TRUE
30-04-2016 08:00,0,0,0,TRUE
01-05-2016 08:00,0,0,0,TRUE
02-05-2016 08:00,0,0,0,TRUE
03-05-2016 08:00,0,0,0,TRUE
04-05-2016 08:00,0,0,0,TRUE
05-05-2016 08:00,0,0,0,TRUE
06-05-2016 08:00,0,0,0,TRUE
07-05-2016 08:00,0,0,0,TRUE
08-05-2016 08:00,0,0,0,TRUE
09-05-2016 08:00,0,0,0,TRUE
18-05-2016 08:45,119.86459,0.0128,132.5606474,FALSE
19-05-2016 08:45,92.59332,0.009,72.00056563,FALSE
20-05-2016 08:45,62.71189,0.0066,35.76082815,FALSE
23-05-2016 08:45,38.339462,0.0052,17.22515349,FALSE
24-05-2016 08:45,28.064503,0.0052,12.60881991,FALSE
25-05-2016 08:45,55.026123,0.0082,38.98490762,FALSE
26-05-2016 08:45,205.42145,0.0964,1710.94704,FALSE
27-05-2016 08:45,116.06232,0.0092,92.25561692,FALSE
28-05-2016 08:45,96.002205,0.008,66.3567241,FALSE
30-05-2016 08:45,64.5186,0.0062,34.56132365,FALSE
31-05-2016 08:45,88.88815,0.0074,56.83152758,FALSE
01-06-2016 08:45,106.04876,0.0127,116.3651834,FALSE
02-06-2016 08:45,116.41679,0.0145,145.8469545,FALSE
03-06-2016 08:45,99.10492,0.0027,23.11919574,FALSE
04-06-2016 08:45,75.617935,0.0043,28.09357521,FALSE
06-06-2016 09:00,34.415226,0.0016,4.757560842,FALSE
07-06-2016 09:00,73.641815,0.006,38.1759169,FALSE
08-06-2016 09:00,142.13629,0.0105,128.9460423,FALSE
09-06-2016 08:45,260.67383,0.0322,725.215449,FALSE
10-06-2016 08:45,177.08084,0.0077,117.8083412,FALSE
11-06-2016 08:45,175.48259,0.0092,139.4876011,FALSE
13-06-2016 08:45,163.3029,0.0046,64.90310458,FALSE
14-06-2016 08:45,137.5245,0.004,47.5284672,FALSE
15-06-2016 08:45,103.21064,0.003,26.75219789,FALSE
16-06-2016 08:45,89.08283,0.0021,16.16318868,FALSE
17-06-2016 08:45,101.44758,0.0022,19.28315601,FALSE
18-06-2016 08:45,120.62401,0.0059,61.48929534,FALSE
20-06-2016 08:45,97.86234,0.0014,11.83742865,FALSE
21-06-2016 08:45,88.86245,0.0012,9.213258816,FALSE
22-06-2016 09:30,55.69394,0.0023,11.06749976,FALSE
23-06-2016 08:45,99.621254,0.0072,61.97238969,FALSE
24-06-2016 08:45,87.24797,0.0014,10.55351445,FALSE
25-06-2016 08:45,56.209427,0.0027,13.11253513,FALSE
27-06-2016 08:45,36.422016,0.005,15.73431091,FALSE
28-06-2016 08:45,44.923935,0.005,19.40713992,FALSE
29-06-2016 08:45,116.93514,0.0079,79.81524916,FALSE
30-06-2016 08:45,138.76425,0.0043,51.55369416,FALSE
01-07-2016 08:45,125.68805,0.0144,156.3760443,FALSE
02-07-2016 08:45,100.26464,0.0118,102.2218058,FALSE
04-07-2016 08:45,49.458447,0.0091,38.88620937,FALSE
05-07-2016 08:45,46.455166,0.0082,32.91255601,FALSE
07-07-2016 08:45,139.82344,0.0126,152.2173897,FALSE
08-07-2016 08:45,121.73388,0.0107,112.5405374,FALSE
09-07-2016 08:30,125.25973,0.0112,121.2113355,FALSE
11-07-2016 08:45,145.40831,0.0027,33.92085056,FALSE
12-07-2016 08:45,170.92058,0.0071,104.8495206,FALSE
13-07-2016 08:45,209.87924,0.0101,183.14902,FALSE
14-07-2016 08:45,155.95074,0.0068,91.62417876,FALSE
15-07-2016 08:45,141.64163,0.0067,81.99350677,FALSE
16-07-2016 08:45,125.938034,0.0024,26.11451073,FALSE
18-07-2016 08:45,88.68798,0.0024,18.39033953,FALSE
19-07-2016 08:45,84.15682,0.0032,23.26767759,FALSE
21-07-2016 08:45,49.858215,0.0018,7.753949597,FALSE
22-07-2016 08:45,41.154354,0.0016,5.689177897,FALSE
23-07-2016 08:45,32.352264,0.0023,6.429041902,FALSE
25-07-2016 08:45,99.170906,0.001,8.568366278,FALSE
26-07-2016 08:45,95.41781,0.0016,13.19055805,FALSE
27-07-2016 08:45,92.54086,0.001,7.995530304,FALSE
28-07-2016 08:45,105.363815,0.0015,13.65515042,FALSE
29-07-2016 08:45,91.84912,0.001,7.935763968,FALSE
30-07-2016 08:45,61.360703,0.0014,7.422190635,FALSE
01-08-2016 08:45,36.776836,0.0012,3.813022356,FALSE
02-08-2016 08:45,36.56405,0.0011,3.475047312,FALSE
03-08-2016 08:45,33.947384,0.0011,3.226359375,FALSE
04-08-2016 08:45,31.49671,0.0011,2.993447318,FALSE
05-08-2016 08:45,35.22124,0.0014,4.26036119,FALSE
06-08-2016 08:45,35.583664,0.0014,4.304199997,FALSE
08-08-2016 08:45,32.08753,0.0008,2.217890074,FALSE
09-08-2016 08:45,32.846104,0.001,2.837903386,FALSE
10-08-2016 08:45,32.897533,0.0009,2.558112166,FALSE
11-08-2016 08:45,32.98792,0.001,2.850156288,FALSE
12-08-2016 08:45,31.118101,0.0031,8.334672172,FALSE
13-08-2016 08:45,30.272013,0.0012,3.138602308,FALSE
17-08-2016 08:45,47.892395,0.0026,10.75854761,FALSE
18-08-2016 08:45,44.327812,0.0014,5.36189214,FALSE
19-08-2016 08:45,55.55045,0.0011,5.279514768,FALSE
20-08-2016 08:45,49.98852,0.002,8.638016256,FALSE
22-08-2016 08:45,33.508343,0.0022,6.369265837,FALSE
23-08-2016 08:45,31.684801,0.0015,4.10635021,FALSE
24-08-2016 08:45,37.859554,0.0015,4.906598198,FALSE
25-08-2016 08:45,37.407215,0.0019,6.140768414,FALSE
26-08-2016 08:45,39.01848,0.0011,3.708316339,FALSE
27-08-2016 08:45,54.18676,0.0021,9.831645734,FALSE
29-08-2016 08:45,56.629215,0.0013,6.360593429,FALSE
30-08-2016 08:45,48.89287,0.0015,6.336515952,FALSE
31-08-2016 08:45,52.403954,0.0014,6.338782276,FALSE
01-09-2016 08:45,46.520393,0.0022,8.842596301,FALSE
02-09-2016 08:45,45.505074,0.0014,5.504293751,FALSE
03-09-2016 08:30,46.672726,0.0034,13.71057999,FALSE
05-09-2016 08:30,32.38325,0.0019,5.31603432,FALSE
06-09-2016 08:30,24.946442,0.0033,7.112729543,FALSE
07-09-2016 09:00,22.029375,0.002,3.806676,FALSE
08-09-2016 08:45,19.979845,0.0036,6.214530989,FALSE
09-09-2016 08:45,18.077883,0.002,3.123858182,FALSE
10-09-2016 08:45,17.417227,0.0048,7.223272381,FALSE
13-09-2016 08:45,16.52349,0.0023,3.283547933,FALSE
15-09-2016 08:45,7.388433,0.0027,1.72357365,FALSE
16-09-2016 08:45,5.948212,0.0026,1.336206344,FALSE
17-09-2016 08:45,4.5555835,0.0029,1.141447002,FALSE
15-10-2016 08:45,41.029964,0.0016,5.671982223,FALSE
17-10-2016 08:45,33.83362,0.0013,3.800192198,FALSE
18-10-2016 08:45,32.02781,0.0015,4.150804176,FALSE
19-10-2016 08:45,22.890152,0.0016,3.164334612,FALSE
20-10-2016 08:45,18.624056,0.0017,2.735501345,FALSE
21-10-2016 08:45,17.327726,0.0013,1.946250184,FALSE
22-10-2016 08:45,19.508163,0.0023,3.876662151,FALSE
24-10-2016 08:45,17.614672,0.0019,2.891624556,FALSE
25-10-2016 08:45,12.929265,0.0019,2.122468142,FALSE
31-10-2016 08:45,32.971256,0.0023,6.552047992,FALSE
01-11-2016 08:45,32.179268,0.0044,12.23327052,FALSE
02-11-2016 08:45,31.081244,0.0025,6.713548704,FALSE
03-11-2016 08:45,33.359238,0.0022,6.340923959,FALSE
04-11-2016 08:45,54.422947,0.0041,19.27878475,FALSE
05-11-2016 08:45,43.834866,0.0019,7.195931603,FALSE
07-11-2016 08:45,25.970715,0.0011,2.468256754,FALSE
08-11-2016 08:45,20.104465,0.0012,2.084430931,FALSE
09-11-2016 08:45,20.188992,0.0014,2.442060472,FALSE
10-11-2016 08:45,19.254845,0.0009,1.497256747,FALSE
11-11-2016 08:45,16.30913,0.0013,1.831841482,FALSE
12-11-2016 08:45,10.02309,0.0016,1.385591962,FALSE
15-11-2016 08:45,15.6703415,0.0014,1.895484508,FALSE
16-11-2016 08:45,9.423522,0.0013,1.058449991,FALSE
17-11-2016 08:45,4.0962763,0.002,0.707836545,FALSE
22-05-2017 08:30,15.985254,0.0072,9.944106808,FALSE
23-05-2017 08:30,20.255686,0.008,14.00073016,FALSE
24-05-2017 08:30,7.169083,0.0046,2.849280348,FALSE
25-05-2017 08:30,18.08084,0.0035,5.467646016,FALSE
26-05-2017 08:30,22.907171,0.0066,13.06258519,FALSE
27-05-2017 08:30,21.97636,0.003,5.696272512,FALSE
29-05-2017 08:30,14.137277,0.0028,3.420090052,FALSE
30-05-2017 08:30,37.544155,0.0024,7.785155981,FALSE
31-05-2017 08:30,41.412666,0.004,14.31221737,FALSE
15-07-2017 08:45,41.038,0.001,3.5456832,FALSE
17-07-2017 08:30,33.645,0.001,2.906928,FALSE
18-07-2017 08:30,28.664,0.001,2.4765696,FALSE
19-07-2017 08:30,25.615,0.001,2.213136,FALSE
25-07-2017 08:45,29.288,0.002,5.0609664,FALSE
26-07-2017 08:45,23.666,0.001,2.0447424,FALSE
27-07-2017 08:30,7.842,0.002,1.3550976,FALSE
28-07-2017 09:00,26.693,0.002,4.6125504,FALSE
29-07-2017 09:00,34.92,0.002,6.034176,FALSE
31-07-2017 08:45,34.513,0.001,2.9819232,FALSE
02-08-2017 08:30,92.81,0.063,505.183392,FALSE
03-08-2017 08:45,75.615,0.002,13.066272,FALSE
04-08-2017 08:45,71.576,0.002,12.3683328,FALSE
05-08-2017 08:45,146.865,0.02,253.78272,FALSE
07-08-2017 08:45,232.563,0.006,120.5606592,FALSE
08-08-2017 08:30,186.025,0.007,112.50792,FALSE
09-08-2017 08:30,169.053,0.007,102.2432544,FALSE
10-08-2017 08:45,158.232,0.003,41.0137344,FALSE
11-08-2017 08:45,121.424,0.009,94.4193024,FALSE
14-08-2017 08:45,69.772,0.002,12.0566016,FALSE
16-08-2017 08:45,43.162,0.001,3.7291968,FALSE
17-08-2017 08:45,43.656,0.002,7.5437568,FALSE
18-08-2017 08:45,42.23,0.001,3.648672,FALSE
19-08-2017 08:45,39.648,0.004,13.7023488,FALSE
21-08-2017 08:45,164.542,0.005,71.082144,FALSE
22-08-2017 08:45,215.325,0.007,130.22856,FALSE
23-08-2017 09:00,192.184,0.006,99.6281856,FALSE
24-08-2017 08:45,141.966,0.006,73.5951744,FALSE
25-08-2017 08:45,104.203,0.01,90.031392,FALSE
26-08-2017 08:45,64.013,0.004,22.1228928,FALSE
28-08-2017 08:45,119.011,0.003,30.8476512,FALSE
29-08-2017 08:45,161.991,0.004,55.9840896,FALSE
02-09-2017 08:45,124.388,0.012,128.9654784,FALSE
05-09-2017 08:45,118.114,0.004,40.8201984,FALSE
07-09-2017 08:45,111.423,0.006,57.7616832,FALSE
08-09-2017 08:45,118.205,0.007,71.490384,FALSE
09-09-2017 08:45,159.859,0.007,96.6827232,FALSE
11-09-2017 08:45,111.432,0.006,57.7663488,FALSE
12-09-2017 08:45,115.78,0.005,50.01696,FALSE
13-09-2017 08:45,117.133,0.006,60.7217472,FALSE
14-09-2017 08:45,440.685,0.021,799.578864,FALSE
15-09-2017 08:45,277.203,0.014,335.3047488,FALSE
16-09-2017 08:45,191.538,0.005,82.744416,FALSE
18-09-2017 09:00,576.976,0.037,1844.476877,FALSE
19-09-2017 08:45,363.586,0.121,3801.073478,FALSE
20-09-2017 08:45,186.705,0.015,241.96968,FALSE
21-09-2017 09:00,113.075,0.012,117.23616,FALSE
22-09-2017 08:45,89.352,0.008,61.7601024,FALSE
23-09-2017 08:45,56.068,0.005,24.221376,FALSE
25-09-2017 08:45,34.257,0.004,11.8392192,FALSE
27-09-2017 08:45,24.194,0.003,6.2710848,FALSE
28-09-2017 08:45,33.347,0.002,5.7623616,FALSE
01-10-2017 08:45,68.772,0.002,11.8838016,FALSE
03-10-2017 08:45,224.773,0.002,38.8407744,FALSE
04-10-2017 08:45,34.405,0.003,8.917776,FALSE
05-10-2017 08:45,23.888,0.003,6.1917696,FALSE
06-10-2017 08:45,37.811,0.002,6.5337408,FALSE
07-10-2017 08:45,39.711,0.001,3.4310304,FALSE
09-10-2017 08:45,32.526,0.003,8.4307392,FALSE
10-10-2017 08:45,24.04,0.002,4.154112,FALSE
11-10-2017 08:45,38.671,0.002,6.6823488,FALSE
13-10-2017 08:45,145.898,0.022,277.3229184,FALSE
14-10-2017 08:45,108.096,0.004,37.3579776,FALSE
16-10-2017 08:30,67.659,0.003,17.5372128,FALSE
17-10-2017 08:45,44.943,0.002,7.7661504,FALSE
19-10-2017 08:45,45.666,0.002,7.8910848,FALSE
20-10-2017 08:45,39.217,0.002,6.7766976,FALSE
21-10-2017 08:45,34.946,0.003,9.0580032,FALSE
23-10-2017 08:45,44.995,0.001,3.887568,FALSE
24-10-2017 08:30,40.223,0.004,13.9010688,FALSE
25-10-2017 08:30,34.73,0.002,6.001344,FALSE
26-10-2017 08:30,24.276,0.002,4.1948928,FALSE
27-10-2017 08:45,35.717,0.002,6.1718976,FALSE
28-10-2017 08:45,137.545,0.016,190.142208,FALSE
30-10-2017 08:45,74.434,0.005,32.155488,FALSE
31-10-2017 08:45,109.307,0.01,94.441248,FALSE
01-11-2017 08:45,162.363,0.02,280.563264,FALSE
02-11-2017 08:45,310.321,0.02,536.234688,FALSE
03-11-2017 08:45,142.338,0.015,184.470048,FALSE
06-11-2017 08:45,142.513,0.016,197.0099712,FALSE
07-11-2017 08:45,137.2,0.01,118.5408,FALSE
08-11-2017 08:45,139.92,0.012,145.069056,FALSE
09-11-2017 08:45,143.472,0.007,86.7718656,FALSE
10-11-2017 08:45,108.01,0.004,37.328256,FALSE
11-11-2017 08:45,114.907,0.008,79.4237184,FALSE
13-11-2017 08:45,106.316,0.01,91.857024,FALSE
14-11-2017 08:45,69.379,0.006,35.9660736,FALSE
15-11-2017 08:45,44.865,0.001,3.876336,FALSE
16-11-2017 08:45,39.318,0.001,3.3970752,FALSE
17-11-2017 08:45,33.468,0.002,5.7832704,FALSE
18-11-2017 08:45,23.961,0.003,6.2106912,FALSE
20-11-2017 08:45,27.637,0.002,4.7756736,FALSE
21-11-2017 08:45,34.357,0.003,8.9053344,FALSE
22-11-2017 08:45,34.291,0.003,8.8882272,FALSE
23-11-2017 08:45,32.926,0.004,11.3792256,FALSE
24-11-2017 08:45,23.384,0.002,4.0407552,FALSE
25-11-2017 08:45,19.357,0.002,3.3448896,FALSE
27-11-2017 08:45,17.954,0.001,1.5512256,FALSE
28-11-2017 08:45,19.938,0.002,3.4452864,FALSE
29-11-2017 08:45,17.332,0.002,2.9949696,FALSE
30-11-2017 08:45,13.679,0.002,2.3637312,FALSE
01-12-2017 08:45,15.571,0.003,4.0360032,FALSE
04-12-2017 08:45,7.468,0.003,1.9357056,FALSE
05-12-2017 08:45,5.26,0.003,1.363392,FALSE
06-12-2017 08:45,4.186,0.003,1.0850112,FALSE
09-12-2017 08:45,13.523,0.004,4.6735488,FALSE
11-12-2017 08:45,6.66,0.003,1.726272,FALSE
12-12-2017 08:45,6.465,0.003,1.675728,FALSE
13-12-2017 08:45,5.072,0.002,0.8764416,FALSE
14-12-2017 08:45,16.98,0.003,4.401216,FALSE
15-12-2017 08:45,14.155,0.003,3.668976,FALSE
16-12-2017 08:45,6.84,0.002,1.181952,FALSE
12-04-2018 08:30,17.283,0.002,2.9865024,FALSE
08-05-2018 08:30,17.701,0.013,19.8817632,FALSE
09-05-2018 08:45,54.018,0.01,46.671552,FALSE
10-05-2018 08:45,54.029,0.01,46.681056,FALSE
11-05-2018 08:45,107.33,0.025,231.8328,FALSE
12-05-2018 08:45,87.974,0.008,60.8076288,FALSE
14-05-2018 08:45,90.661,0.007,54.8317728,FALSE
15-05-2018 08:30,102.225,0.018,158.98032,FALSE
16-05-2018 08:30,93.751,0.009,72.9007776,FALSE
17-05-2018 08:30,143.679,0.006,74.4831936,FALSE
18-05-2018 08:30,183.915,0.051,810.403056,FALSE
19-05-2018 08:30,97.608,0.013,109.6333056,FALSE
21-05-2018 08:30,44.883,0.004,15.5115648,FALSE
22-05-2018 08:45,32.771,0.004,11.3256576,FALSE
23-05-2018 08:30,25.971,0.006,13.4633664,FALSE
24-05-2018 08:30,23.698,0.004,8.1900288,FALSE
25-05-2018 08:30,44.98,0.004,15.545088,FALSE
26-05-2018 08:30,54.601,0.003,14.1525792,FALSE
28-05-2018 08:30,89.57,0.004,30.955392,FALSE
29-05-2018 08:30,258.516,0.017,379.7083008,FALSE
30-05-2018 08:30,183.583,0.01,158.615712,FALSE
31-05-2018 08:30,139.996,0.007,84.6695808,FALSE
01-06-2018 08:45,93.416,0.003,24.2134272,FALSE
04-06-2018 08:45,73.397,0.007,44.3905056,FALSE
05-06-2018 08:45,72.34,0.007,43.751232,FALSE
06-06-2018 08:45,68.984,0.003,17.8806528,FALSE
07-06-2018 08:45,54.138,0.002,9.3550464,FALSE
08-06-2018 08:45,139.038,0.01,120.128832,FALSE
09-06-2018 08:45,151.153,0.01,130.596192,FALSE
11-06-2018 08:45,459.526,0.016,635.2487424,FALSE
12-06-2018 08:45,669.84,0.024,1388.980224,FALSE
14-06-2018 08:45,366.855,0.01,316.96272,FALSE
16-06-2018 08:45,175.699,0.019,288.4274784,FALSE
19-06-2018 08:45,93.528,0.004,32.3232768,FALSE
20-06-2018 08:45,118.457,0.003,30.7040544,FALSE
21-06-2018 08:45,252.277,0.015,326.950992,FALSE
22-06-2018 08:45,218.738,0.003,56.6968896,FALSE
23-06-2018 08:45,167.085,0.004,57.744576,FALSE
25-06-2018 08:45,96.753,0.003,25.0783776,FALSE
27-06-2018 08:45,97.856,0.002,16.9095168,FALSE
28-06-2018 08:45,122.265,0.006,63.382176,FALSE
29-06-2018 08:45,113.743,0.007,68.7917664,FALSE
30-06-2018 08:45,100.885,0.006,52.298784,FALSE
02-07-2018 08:30,93.337,0.005,40.321584,FALSE
03-07-2018 08:30,75.252,0.008,52.0141824,FALSE
04-07-2018 08:45,53.181,0.003,13.7845152,FALSE
05-07-2018 08:45,33.671,0.006,17.4550464,FALSE
06-07-2018 08:45,54.419,0.003,14.1054048,FALSE
07-07-2018 08:45,26.72,0.004,9.234432,FALSE
09-07-2018 08:45,34.317,0.002,5.9299776,FALSE
10-07-2018 08:45,234.628,0.008,162.1748736,FALSE
11-07-2018 08:45,478.029,0.006,247.8102336,FALSE
12-07-2018 08:45,364.492,0.066,2078.479181,FALSE
13-07-2018 08:45,270.962,0.007,163.8778176,FALSE
14-07-2018 08:45,256.874,0.009,199.7452224,FALSE
15-07-2018 08:45,225.373,0.008,155.7778176,FALSE
16-07-2018 08:45,744.886,0.012,772.2978048,FALSE
17-07-2018 08:45,844.189,0.021,1531.696522,FALSE
18-07-2018 08:45,640.043,0.018,995.3948736,FALSE
19-07-2018 08:45,525.678,0.019,862.9530048,FALSE
20-07-2018 08:45,371.674,0.008,256.9010688,FALSE
21-07-2018 08:45,235.894,0.012,244.5748992,FALSE
23-07-2018 08:45,109.405,0.007,66.168144,FALSE
24-07-2018 08:45,128.82,0.009,100.170432,FALSE
25-07-2018 08:45,211.831,0.021,384.3461664,FALSE
26-07-2018 08:45,280.561,0.01,242.404704,FALSE
27-07-2018 08:45,359.824,0.019,590.6870784,FALSE
28-07-2018 08:45,189.323,0.01,163.575072,FALSE
30-07-2018 08:45,190.108,0.048,788.4158976,FALSE
31-07-2018 08:45,225.523,0.023,448.1593056,FALSE
01-08-2018 08:45,332.462,0.008,229.7977344,FALSE
02-08-2018 08:45,194.904,0.013,218.9161728,FALSE
03-08-2018 08:45,128.021,0.002,22.1220288,FALSE
04-08-2018 08:45,98.464,0.005,42.536448,FALSE
06-08-2018 08:45,54.226,0.002,9.3702528,FALSE
07-08-2018 08:45,33.833,0.003,8.7695136,FALSE
08-08-2018 08:45,68.388,0.006,35.4523392,FALSE
09-08-2018 08:45,234.729,0.024,486.7340544,FALSE
10-08-2018 08:45,381.034,0.02,658.426752,FALSE
13-08-2018 04:00,194.869,0.012,202.0401792,FALSE
14-08-2018 08:45,200.446,0.012,207.8224128,FALSE
19-07-2019 09:00,142.857,0.086,1061.484653,FALSE
20-07-2019 09:00,494.783,0.066,2821.450579,FALSE
22-07-2019 09:00,394.922,0.047,1603.699258,FALSE
23-07-2019 08:45,274.68,0.032,759.435264,FALSE
24-07-2019 08:45,206.283,0.034,605.9769408,FALSE
25-07-2019 08:45,135.565,0.005,58.56408,FALSE
26-07-2019 08:45,115.449,0.01,99.747936,FALSE
27-07-2019 08:45,91.154,0.006,47.2542336,FALSE
29-07-2019 08:45,50.111,0.005,21.647952,FALSE
30-07-2019 09:00,37.299,0.002,6.4452672,FALSE
31-07-2019 08:45,33.599,0.006,17.4177216,FALSE
01-08-2019 08:30,24.688,0.002,4.2660864,FALSE
02-08-2019 08:30,22.922,0.002,3.9609216,FALSE
03-08-2019 08:30,20.226,0.002,3.4950528,FALSE
05-08-2019 08:30,17.591,0.003,4.5595872,FALSE
06-08-2019 08:30,21.272,0.002,3.6758016,FALSE
07-08-2019 08:30,57.553,0.007,34.8080544,FALSE
08-08-2019 08:30,212.449,0.029,532.3122144,FALSE
09-08-2019 08:30,753.915,0.038,2475.253728,FALSE
13-08-2019 08:30,353.484,0.026,794.0664576,FALSE
14-08-2019 08:30,651.207,0.055,3094.535664,FALSE
16-08-2019 08:30,340.396,0.091,2676.32951,FALSE
17-08-2019 08:30,166.574,0.009,129.5279424,FALSE
19-08-2019 08:30,118.564,0.001,10.2439296,FALSE
20-08-2019 08:30,95.658,0.004,33.0594048,FALSE
21-08-2019 08:30,77.888,0.001,6.7295232,FALSE
22-08-2019 08:30,84.06,0.004,29.051136,FALSE
23-08-2019 08:30,118.303,0.001,10.2213792,FALSE
24-08-2019 08:30,117.091,0.001,10.1166624,FALSE
26-08-2019 08:30,88.419,0.001,7.6394016,FALSE
28-08-2019 08:30,91.134,0.006,47.2438656,FALSE
29-08-2019 08:30,119.51,0.004,41.302656,FALSE
30-08-2019 08:30,239.469,0.034,703.4641344,FALSE
01-06-2020 14:15,44.05,0.045,171.2664,FALSE
02-06-2020 19:15,59.962,0.009,46.6264512,FALSE
03-06-2020 14:15,82.592,0.085,606.555648,FALSE
04-06-2020 14:15,92.866,0.074,593.7480576,FALSE
05-06-2020 14:15,97.002,0.065,544.763232,FALSE
06-06-2020 14:15,121.156,0.105,1099.127232,FALSE
08-06-2020 14:15,92.977,0.037,297.2288736,FALSE
09-06-2020 14:15,68.021,0.04,235.080576,FALSE
10-06-2020 14:15,47.395,0.038,155.607264,FALSE
11-06-2020 14:15,47.259,0.05,204.15888,FALSE
12-06-2020 14:15,50.323,0.038,165.2204736,FALSE
13-06-2020 14:00,45.207,0.015,58.588272,FALSE
15-06-2020 14:15,52.886,0.028,127.9418112,FALSE
16-06-2020 14:15,45.148,0.017,66.3133824,FALSE
17-06-2020 14:15,73.425,0.046,291.82032,FALSE
18-06-2020 14:15,81.096,0.099,693.6627456,FALSE
19-06-2020 14:15,70.326,0.139,844.5871296,FALSE
20-06-2020 14:15,68.286,0.153,902.6862912,FALSE
22-06-2020 14:15,141.896,0.266,3261.11063,FALSE
23-06-2020 14:15,132.562,0.102,1168.242394,FALSE
24-06-2020 14:15,99.445,0.082,704.547936,FALSE
25-06-2020 19:15,68.791,0.044,261.5158656,FALSE
26-06-2020 14:15,67.369,0.005,29.103408,FALSE
27-06-2020 14:15,72.927,0.065,409.558032,FALSE
29-06-2020 19:15,114.825,0.042,416.67696,FALSE
30-06-2020 14:15,231.961,0.286,5731.849094,FALSE
01-07-2020 14:15,144.997,0.0091,114.0024413,FALSE
02-07-2020 14:15,100.681,0.002,17.3976768,FALSE
03-07-2020 14:15,81.334,0.001,7.0272576,FALSE
04-07-2020 14:15,97.737,0.0108,91.20034944,FALSE
06-07-2020 14:15,160.526,0.0099,137.3075194,FALSE
07-07-2020 14:15,180.464,0.019,296.2497024,FALSE
08-07-2020 14:15,163.221,0.0171,241.1492342,FALSE
09-07-2020 14:15,112.23,0.001,9.696672,FALSE
10-07-2020 14:15,91.686,0.001,7.9216704,FALSE
11-07-2020 14:15,66.57,0.007,40.261536,FALSE
13-07-2020 14:15,73.041,0.01,63.107424,FALSE
14-07-2020 18:15,66.726,0.002,11.5302528,FALSE
15-07-2020 14:15,42.757,0.001,3.6942048,FALSE
16-07-2020 14:15,38.237,0.001,3.3036768,FALSE
17-07-2020 14:15,40.884,0.001,3.5323776,FALSE
18-07-2020 14:15,69.772,0.003,18.0849024,FALSE
20-07-2020 14:15,92.607,0.001,8.0012448,FALSE
21-07-2020 14:15,183.895,0.078,1239.305184,FALSE
22-07-2020 14:15,190.837,0.038,626.5560384,FALSE
23-07-2020 14:15,176.284,0.034,517.8518784,FALSE
24-07-2020 14:15,115.237,0.007,69.6953376,FALSE
25-07-2020 14:15,79.94,0.002,13.813632,FALSE
27-07-2020 14:15,48.661,0.005,21.021552,FALSE
28-07-2020 14:15,32.782,0.003,8.4970944,FALSE
29-07-2020 14:15,78.92,0.016,109.099008,FALSE
30-07-2020 14:15,592.917,0.042,2151.57721,FALSE
01-08-2020 14:00,232.215,0.005,100.31688,FALSE
03-08-2020 14:00,252.07,0.006,130.673088,FALSE
04-08-2020 14:15,331.646,0.013,372.5047872,FALSE
05-08-2020 14:15,252.233,0.006,130.7575872,FALSE
06-08-2020 14:15,211.753,0.004,73.1818368,FALSE
07-08-2020 14:15,310.207,0.162,4341.905338,FALSE
11-08-2020 14:15,392.593,0.012,407.0404224,FALSE
12-08-2020 14:15,223.026,0.009,173.4250176,FALSE
13-08-2020 14:15,132.786,0.002,22.9454208,FALSE
14-08-2020 14:15,86.103,0.001,7.4392992,FALSE
17-08-2020 14:15,36.025,0.002,6.22512,FALSE
18-08-2020 14:15,27.813,0.001,2.4030432,FALSE
19-08-2020 14:15,15.857,0.004,5.4801792,FALSE
20-08-2020 14:15,13.025,0.003,3.37608,FALSE
21-08-2020 14:15,12.169,0.001,1.0514016,FALSE
03-09-2020 08:15,13.758,0.002,2.3773824,FALSE
04-09-2020 08:15,13.189,0.002,2.2790592,FALSE
05-09-2020 08:15,15.797,0.005,6.824304,FALSE
07-09-2020 08:15,153.568,0.034,451.1213568,FALSE
08-09-2020 08:15,150.326,0.044,571.4793216,FALSE
09-09-2020 08:15,150.326,0.005,64.940832,FALSE
10-09-2020 08:15,150.326,0.007,90.9171648,FALSE
11-09-2020 08:15,150.326,0.052,675.3846528,FALSE
12-09-2020 08:15,150.326,0.028,363.6686592,FALSE
14-09-2020 14:15,150.326,0.016,207.8106624,FALSE
15-09-2020 08:15,104.129,0.002,17.9934912,FALSE
16-09-2020 08:15,104.129,0.011,98.9642016,FALSE
17-09-2020 08:15,104.129,0.009,80.9707104,FALSE
18-09-2020 08:15,169.117,0.047,686.7503136,FALSE
19-09-2020 08:15,178.275,0.013,200.23848,FALSE
21-09-2020 08:15,97.356,0.006,50.4693504,FALSE
22-09-2020 08:15,101.487,0.009,78.9162912,FALSE
23-09-2020 08:15,104.752,0.007,63.3540096,FALSE
24-09-2020 08:15,100.111,0.005,43.247952,FALSE
25-09-2020 08:15,106.609,0.001,9.2110176,FALSE
26-09-2020 08:15,109.393,0.002,18.9031104,FALSE
28-09-2020 08:15,108.128,0.002,18.6845184,FALSE
29-09-2020 08:15,98.951,0.002,17.0987328,FALSE
30-09-2020 08:15,93.937,0.004,32.4646272,FALSE
01-10-2020 08:15,50.489,0.001,4.3622496,FALSE
03-10-2020 08:15,32.761,0.003,8.4916512,FALSE
05-10-2020 08:15,21.631,0.002,3.7378368,FALSE
06-10-2020 08:15,13.989,0.003,3.6259488,FALSE
08-10-2020 08:15,12.448,0.001,1.0755072,FALSE
09-10-2020 08:15,121.195,0.016,167.539968,FALSE
10-10-2020 08:15,91.826,0.012,95.2051968,FALSE
12-10-2020 08:15,83.339,0.008,57.6039168,FALSE
13-10-2020 08:15,149.886,0.022,284.9033088,FALSE
14-10-2020 08:15,153.546,0.0444,589.0270234,FALSE
15-10-2020 08:15,191.877,0.023,381.2979744,FALSE
16-10-2020 08:15,168.912,0.01,145.939968,FALSE
17-10-2020 08:15,147.697,0.014,178.6542912,FALSE
19-10-2020 08:15,92.407,0.002,15.9679296,FALSE
20-10-2020 08:15,75.399,0.005,32.572368,FALSE
21-10-2020 08:15,67.187,0.01,58.049568,FALSE
22-10-2020 08:15,48.42,0.003,12.550464,FALSE
23-10-2020 08:15,35.56,0.002,6.144768,FALSE
24-10-2020 08:15,32.262,0.005,13.937184,FALSE
26-10-2020 08:15,13.447,0.002,2.3236416,FALSE
27-10-2020 08:15,10.885,0.001,0.940464,FALSE
28-10-2020 08:15,13.555,0.001,1.171152,FALSE
30-10-2020 08:15,12.925,0.004,4.46688,FALSE
31-10-2020 08:15,16.336,0.006,8.4685824,FALSE
02-11-2020 08:15,7.693,0.001,0.6646752,FALSE
03-11-2020 08:15,12.069,0.001,1.0427616,FALSE
04-11-2020 08:15,12.069,0.001,1.0427616,FALSE
05-11-2020 08:15,32.571,0.001,2.8141344,FALSE
06-11-2020 08:15,23.641,0.007,14.2980768,FALSE
07-11-2020 08:15,10.726,0.003,2.7801792,FALSE
16-11-2020 08:15,10.003,0.002,1.7285184,FALSE
18-11-2020 08:15,11.735,0.002,2.027808,FALSE
21-11-2020 08:15,11.802,0.006,6.1181568,FALSE
05-12-2020 08:00,26.454,0.007,15.9993792,FALSE
07-12-2020 08:00,32.534,0.008,22.4875008,FALSE
08-12-2020 08:00,24.621,0.004,8.5090176,FALSE
09-12-2020 09:00,17.181,0.007,10.3910688,FALSE
10-12-2020 08:00,11.89,0.004,4.109184,FALSE
01-06-2022 08:00,58.105,0.005,25.10136,FALSE
02-06-2022 08:00,51.278,0.005,22.152096,FALSE
03-06-2022 08:00,43.26,0.003,11.212992,FALSE
04-06-2022 09:00,49.45,0.002,8.54496,FALSE
06-06-2022 09:00,104.762,0.015,135.771552,FALSE
07-06-2022 09:00,85.07,0.009,66.150432,FALSE
08-06-2022 08:00,77.772,0.017,114.2315136,FALSE
09-06-2022 08:00,59.701,0.01,51.581664,FALSE
10-06-2022 09:00,40.005,0.009,31.107888,FALSE
11-06-2022 08:00,83.17,0.005,35.92944,FALSE
13-06-2022 09:00,120.175,0.018,186.89616,FALSE
14-06-2022 08:00,79.736,0.02,137.783808,FALSE
15-06-2022 08:00,53.545,0.019,87.899472,FALSE
16-06-2022 08:00,41.42,0.017,60.837696,FALSE
17-06-2022 08:00,39.051,0.017,57.3581088,FALSE
18-06-2022 09:00,107.128,0.024,222.1406208,FALSE
20-06-2022 08:00,46.26,0.01,39.96864,FALSE
21-06-2022 09:00,38.218,0.008,26.4162816,FALSE
22-06-2022 09:00,32.106,0.007,19.4177088,FALSE
23-06-2022 08:00,30.416,0.006,15.7676544,FALSE
24-06-2022 09:00,34.943,0.007,21.1335264,FALSE
25-06-2022 08:00,86.605,0.009,67.344048,FALSE
27-06-2022 08:00,57.941,0.005,25.030512,FALSE
28-06-2022 08:00,43.323,0.01,37.431072,FALSE
29-06-2022 09:00,75.765,0.011,72.007056,FALSE
30-06-2022 08:00,66.02,0.011,62.745408,FALSE
01-07-2022 08:00,165,0.029,413.424,FALSE
02-07-2022 08:00,123.57,0.02,213.52896,FALSE
04-07-2022 08:00,229.9,0.036,715.08096,FALSE
05-07-2022 08:00,205.25,0.019,336.9384,FALSE
06-07-2022 08:00,178.47,0.015,231.29712,FALSE
07-07-2022 08:00,179.61,0.011,170.701344,FALSE
08-07-2022 08:00,203.3,0.039,685.03968,FALSE
11-07-2022 08:00,138,0.024,286.1568,FALSE
12-07-2022 08:00,146.31,0.019,240.182496,FALSE
13-07-2022 08:00,121.49,0.01,104.96736,FALSE
14-07-2022 08:00,137,0.017,201.2256,FALSE
15-07-2022 08:00,120.18,0.009,93.451968,FALSE
16-07-2022 08:00,130.07,0.008,89.904384,FALSE
18-07-2022 08:00,140.76,0.006,72.969984,FALSE
19-07-2022 08:00,140.85,0.005,60.8472,FALSE
20-07-2022 08:00,117.2,0.005,50.6304,FALSE
21-07-2022 08:00,106.05,0.005,45.8136,FALSE
22-07-2022 08:00,74.48,0.003,19.305216,FALSE
23-07-2022 08:00,90.43,0.002,15.626304,FALSE
25-07-2022 08:00,75.69,0.027,176.569632,FALSE
26-07-2022 08:00,51.74,0.019,84.936384,FALSE
27-07-2022 08:00,36,0.015,46.656,FALSE
28-07-2022 08:00,114.23,0.021,207.258912,FALSE
29-07-2022 08:00,137.2,0.036,426.74688,FALSE
30-07-2022 08:00,92.79,0.012,96.204672,FALSE
01-08-2022 08:00,483.115,0.084,3506.255424,FALSE
06-08-2022 08:00,331.121,0.072,2059.837517,FALSE
08-08-2022 08:00,142.387,0.032,393.6715776,FALSE
10-08-2022 09:00,82.359,0.016,113.8530816,FALSE
11-08-2022 09:00,59.091,0.011,56.1600864,FALSE
12-08-2022 09:00,38.121,0.01,32.936544,FALSE
13-08-2022 08:00,33.941,0.009,26.3925216,FALSE
16-08-2022 08:00,21.951,0.007,13.2759648,FALSE
17-08-2022 09:00,13.366,0.006,6.9289344,FALSE
18-08-2022 09:00,10.889,0.007,6.5856672,FALSE
20-08-2022 09:00,18.023,0.005,7.785936,FALSE
22-08-2022 09:00,6.479,0,0,TRUE
23-08-2022 09:00,70.66,0.005,30.52512,FALSE
24-08-2022 09:00,102.892,0.011,97.7885568,FALSE
25-08-2022 08:00,123.338,0.013,138.5332416,FALSE
26-08-2022 09:00,148.257,0.025,320.23512,FALSE
27-08-2022 09:00,102.364,0.011,97.2867456,FALSE
29-08-2022 09:00,416.706,0.045,1620.152928,FALSE
30-08-2022 09:00,468.648,0.073,2955.856666,FALSE
31-08-2022 09:00,306.597,0.04,1059.599232,FALSE
01-09-2022 09:00,207.967,0.027,485.1454176,FALSE
02-09-2022 08:00,130.333,0.01,112.607712,FALSE
03-09-2022 09:00,101.313,0.008,70.0275456,FALSE
05-09-2022 09:00,79.403,0.006,41.1625152,FALSE
06-09-2022 09:00,348.559,0.049,1475.659382,FALSE
07-09-2022 09:00,248.196,0.03,643.324032,FALSE
09-09-2022 08:00,112.847,0.009,87.7498272,FALSE
10-09-2022 08:00,106.509,0.006,55.2142656,FALSE
12-09-2022 09:00,94.326,0.005,40.748832,FALSE
13-09-2022 08:00,68.849,0.005,29.742768,FALSE
14-09-2022 08:00,47.788,0.004,16.5155328,FALSE
15-09-2022 08:00,39.119,0.004,13.5195264,FALSE
16-09-2022 09:00,30.117,0.003,7.8063264,FALSE
17-09-2022 08:00,25.199,0.002,4.3543872,FALSE
19-09-2022 08:00,13.62,0.002,2.353536,FALSE
20-09-2022 08:00,13.616,0.002,2.3528448,FALSE
21-09-2022 08:00,5.925,0.004,2.04768,FALSE
22-09-2022 08:00,3.8,0.006,1.96992,FALSE
23-09-2022 08:00,0,0.004,0,TRUE
04-10-2022 09:00,5.597,0,0,TRUE
06-10-2022 09:00,30.504,0.001,2.6355456,FALSE
07-10-2022 09:00,19.71,0,0,TRUE
12-10-2022 09:00,12.459,0.004,4.3058304,FALSE
13-10-2022 09:00,4.013,0.005,1.733616,FALSE
14-10-2022 09:00,14.109,0.002,2.4380352,FALSE
15-10-2022 09:00,28.493,0.002,4.9235904,FALSE
17-10-2022 09:00,44.417,0.013,49.8891744,FALSE
18-10-2022 09:00,169.915,0.02,293.61312,FALSE
19-10-2022 09:00,104.596,0.013,117.4822272,FALSE
20-10-2022 09:00,87.667,0.005,37.872144,FALSE
21-10-2022 09:00,74.495,0.004,25.745472,FALSE
22-10-2022 09:00,79.68,0.014,96.380928,FALSE
25-10-2022 09:00,74.894,0.011,71.1792576,FALSE
26-10-2022 08:00,42.629,0.005,18.415728,FALSE
27-10-2022 08:00,36.943,0.003,9.5756256,FALSE
28-10-2022 09:00,31.622,0.004,10.9285632,FALSE
29-10-2022 09:00,31.874,0.005,13.769568,FALSE
31-10-2022 09:00,23.34,0.005,10.08288,FALSE
01-11-2022 09:00,31.092,0.004,10.7453952,FALSE
02-11-2022 09:00,23.141,0.005,9.996912,FALSE
03-11-2022 08:00,25.614,0.005,11.065248,FALSE
04-11-2022 09:00,45.383,0.005,19.605456,FALSE
05-11-2022 09:00,49.891,0.008,34.4846592,FALSE
07-11-2022 09:00,95.267,0.013,107.0038944,FALSE
09-11-2022 08:00,54.84,0.012,56.858112,FALSE
10-11-2022 09:00,55.141,0.008,38.1134592,FALSE
11-11-2022 09:00,48.084,0.006,24.9267456,FALSE
12-11-2022 09:00,55.661,0.007,33.6637728,FALSE
14-11-2022 08:00,42.887,0.005,18.527184,FALSE
15-11-2022 09:00,92.532,0.014,111.9267072,FALSE
16-11-2022 09:00,76.583,0.007,46.3173984,FALSE
17-11-2022 09:00,58.703,0.004,20.2877568,FALSE
18-11-2022 09:00,54.929,0.005,23.729328,FALSE
19-11-2022 09:00,69.021,0.004,23.8536576,FALSE
21-11-2022 09:00,37.445,0.003,9.705744,FALSE
22-11-2022 09:00,30.348,0.003,7.8662016,FALSE
23-11-2022 09:00,23.273,0.003,6.0323616,FALSE
24-11-2022 09:00,15.753,0.003,4.0831776,FALSE
25-11-2022 08:00,16.04,0.003,4.157568,FALSE
26-11-2022 09:00,12.867,0.003,3.3351264,FALSE
28-11-2022 08:00,59.69,0.011,56.729376,FALSE
29-11-2022 09:00,75.704,0.028,183.1431168,FALSE
30-11-2022 09:00,100.302,0.033,285.9810624,FALSE
01-12-2022 09:00,66.142,0.014,80.0053632,FALSE
02-12-2022 09:00,41.962,0.008,29.0041344,FALSE
03-12-2022 09:00,36.221,0.006,18.7769664,FALSE
05-12-2022 09:00,31.446,0.004,10.8677376,FALSE
06-12-2022 08:00,25.514,0.003,6.6132288,FALSE
07-12-2022 09:00,21.537,0.003,5.5823904,FALSE
08-12-2022 09:00,16.249,0.002,2.8078272,FALSE
09-12-2022 08:00,9.091,0.003,2.3563872,FALSE
10-12-2022 08:00,6.656,0.002,1.1501568,FALSE
12-12-2022 09:00,13.686,0.003,3.5474112,FALSE
13-12-2022 08:00,23.701,0.003,6.1432992,FALSE
14-12-2022 08:00,21.2,0.004,7.32672,FALSE
15-12-2022 08:00,32.079,0.005,13.858128,FALSE
16-12-2022 09:00,28.653,0.005,12.378096,FALSE
17-12-2022 08:00,25.924,0.004,8.9593344,FALSE
19-12-2022 08:00,11.66,0.004,4.029696,FALSE
20-12-2022 09:00,5.332,0.004,1.8427392,FALSE
21-12-2022 09:00,3.377,0,0,TRUE
22-12-2022 09:00,4.028,0,0,TRUE
01-05-2023 08:00,28.07,0.003,7.275744,FALSE
02-05-2023 08:00,28.34,0.013,31.831488,FALSE
03-05-2023 08:00,28.2,0.003,7.30944,FALSE
04-05-2023 08:00,22.51,0.001,1.944864,FALSE
06-05-2023 08:00,9.44,0.001,0.815616,FALSE
08-05-2023 08:00,25.18,0.001,2.175552,FALSE
09-05-2023 08:00,13.65,0.005,5.8968,FALSE
10-05-2023 08:00,13.53,0.001,1.168992,FALSE
11-05-2023 08:00,21.31,0.002,3.682368,FALSE
12-05-2023 08:00,36.15,0.002,6.24672,FALSE
13-05-2023 08:00,22.79,0.001,1.969056,FALSE
15-05-2023 08:00,15.73,0.001,1.359072,FALSE
16-05-2023 08:00,6.66,0.001,0.575424,FALSE
17-05-2023 08:00,4.5,0,0,TRUE
18-05-2023 08:00,4.53,0,0,TRUE
23-05-2023 08:00,10.24,0.002,1.769472,FALSE
24-05-2023 08:00,10.27,0.001,0.887328,FALSE
25-05-2023 08:00,2.38,0,0,TRUE
26-05-2023 08:00,18.54,0.005,8.00928,FALSE
27-05-2023 08:00,18.58,0.003,4.815936,FALSE
29-05-2023 08:00,11.78,0.014,14.249088,FALSE
30-05-2023 08:00,4.15,0.003,1.07568,FALSE
31-05-2023 08:00,9.41,0.003,2.439072,FALSE
