Timestamp,Discharge_m3_s,Sediment_g_L,Sediment_tonne_day,Column1
28-06-1972 08:00,1155,0.1895,18910.584,FALSE
29-06-1972 08:00,3320,0.447,128221.056,FALSE
01-07-1972 08:00,3300,0.3586,102244.032,FALSE
03-07-1972 08:00,2700,0.2549,59463.072,FALSE
04-07-1972 08:00,3065,0.362,95863.392,FALSE
20-08-1972 08:00,3020,0.2492,65023.2576,FALSE
21-09-1972 08:00,740,0.3514,22467.1104,FALSE
29-10-1972 08:00,1055,0.5876,53560.9152,FALSE
17-06-1973 08:00,2460,0.6861,145826.4384,FALSE
18-06-1973 08:00,1615,0.5229,72963.3744,FALSE
19-06-1973 08:00,755,0.0906,5910.0192,FALSE
20-06-1973 08:00,855,0.0847,6256.9584,FALSE
21-06-1973 08:00,765,0.0585,3866.616,FALSE
02-07-1973 08:00,1015,0.2007,17600.5872,FALSE
03-07-1973 08:00,990,0.154,13172.544,FALSE
04-07-1973 08:00,1560,0.2247,30285.9648,FALSE
05-07-1973 08:00,1680,0.1551,22513.0752,FALSE
06-07-1973 08:00,3225,0.2647,73756.008,FALSE
11-07-1973 08:00,1920,0.18,29859.84,FALSE
18-07-1973 08:00,1940,0.1381,23147.7696,FALSE
23-07-1973 08:00,930,0.051,4097.952,FALSE
15-08-1973 08:00,1900,0.1257,20634.912,FALSE
27-08-1973 08:00,1450,0.1149,14394.672,FALSE
01-12-1973 08:00,58.5,0.0172,86.93568,FALSE
16-05-1974 08:00,63.5,0.1203,660.01392,FALSE
09-07-1974 08:00,1805,0.1299,20258.1648,FALSE
11-07-1974 08:00,1390,0.0735,8827.056,FALSE
12-07-1974 08:00,1360,0.0745,8754.048,FALSE
19-07-1974 08:00,1160,0.0661,6624.8064,FALSE
22-07-1974 08:00,1550,0.2664,35676.288,FALSE
28-07-1974 08:00,1590,0.1151,15811.9776,FALSE
29-07-1974 08:00,1060,0.0991,9075.9744,FALSE
20-08-1974 08:00,2205,0.1304,24842.7648,FALSE
24-08-1974 08:00,780,0.0275,1853.28,FALSE
08-10-1974 08:00,845,0.0655,4782.024,FALSE
20-06-1975 08:00,1970,0.5404,91980.4032,FALSE
25-04-1976 08:00,5,0.0185,7.992,FALSE
02-05-1976 08:00,7.5,0.0185,11.988,FALSE
15-08-1976 08:00,540,0.0371,1730.9376,FALSE
29-08-1976 08:00,938,0.0465,3768.5088,FALSE
05-09-1976 08:00,1850,0.398,63616.32,FALSE
12-09-1976 08:00,695,0.0808,4851.8784,FALSE
19-09-1976 08:00,300,0.017,440.64,FALSE
26-09-1976 08:00,205,0.0107,189.5184,FALSE
02-10-1976 08:00,170,0.0482,707.9616,FALSE
03-10-1976 08:00,165,0.0497,708.5232,FALSE
10-10-1976 08:00,158,0.0444,606.11328,FALSE
17-10-1976 08:00,110,0.0203,192.9312,FALSE
24-10-1976 08:00,95,0.0342,280.7136,FALSE
31-10-1976 08:00,92,0.0359,285.36192,FALSE
07-11-1976 08:00,150,0.0255,330.48,FALSE
14-11-1976 08:00,165,0.0589,839.6784,FALSE
21-11-1976 08:00,450,0.1021,3969.648,FALSE
28-11-1976 08:00,100,0.03,259.2,FALSE
05-12-1976 08:00,82.5,0.0477,340.0056,FALSE
12-12-1976 08:00,52,0.0151,67.84128,FALSE
26-12-1976 08:00,35,0.0255,77.112,FALSE
01-01-1977 08:00,25,0.0102,22.032,FALSE
02-01-1977 08:00,26,0.0098,22.01472,FALSE
09-01-1977 08:00,24.5,0.0123,26.03664,FALSE
14-01-1977 08:00,20.5,0.0237,41.97744,FALSE
16-01-1977 08:00,20,0.0243,41.9904,FALSE
23-01-1977 08:00,17,0.0184,27.02592,FALSE
26-01-1977 08:00,16.5,0.0182,25.94592,FALSE
30-01-1977 08:00,14.5,0.0176,22.04928,FALSE
06-02-1977 08:00,10.5,0.0165,14.9688,FALSE
13-02-1977 08:00,11,0.0158,15.01632,FALSE
20-02-1977 08:00,8.5,0.0095,6.9768,FALSE
27-02-1977 08:00,10.5,0.032,29.0304,FALSE
06-03-1977 08:00,7,0.0215,13.0032,FALSE
19-03-1977 08:00,4,0.0145,5.0112,FALSE
03-04-1977 08:00,5.4,0.0086,4.012416,FALSE
08-04-1977 08:00,4.8,0.0024,0.995328,FALSE
10-04-1977 08:00,5.5,0.0042,1.99584,FALSE
17-04-1977 08:00,3.5,0.0132,3.99168,FALSE
24-04-1977 08:00,13,0.1015,114.0048,FALSE
01-05-1977 08:00,7.5,0.1019,66.0312,FALSE
03-05-1977 08:00,6,0.0887,45.98208,FALSE
08-05-1977 08:00,7.5,0.0478,30.9744,FALSE
15-05-1977 08:00,75,0.0415,268.92,FALSE
14-08-1977 08:00,1340,0.1144,13244.7744,FALSE
15-08-1977 08:00,820,0.0835,5915.808,FALSE
21-08-1977 08:00,640,0.0735,4064.256,FALSE
28-08-1977 08:00,990,0.0976,8348.3136,FALSE
04-09-1977 08:00,2180,0.1614,30400.0128,FALSE
11-09-1977 08:00,1000,0.0974,8415.36,FALSE
18-09-1977 08:00,430,0.0794,2949.8688,FALSE
25-09-1977 08:00,280,0.0434,1049.9328,FALSE
02-10-1977 08:00,520,0.0568,2551.9104,FALSE
09-10-1977 08:00,1140,0.1036,10204.1856,FALSE
16-10-1977 08:00,570,0.0659,3245.4432,FALSE
20-10-1977 08:00,1450,0.119,14908.32,FALSE
21-10-1977 08:00,400,0.0506,1748.736,FALSE
23-10-1977 08:00,280,0.0403,974.9376,FALSE
30-10-1977 08:00,220,0.0368,699.4944,FALSE
01-11-1977 08:00,280,0.0403,974.9376,FALSE
06-11-1977 08:00,280,0.0403,974.9376,FALSE
10-11-1977 08:00,200,0.0324,559.872,FALSE
13-11-1977 08:00,130,0.0272,305.5104,FALSE
20-11-1977 08:00,110,0.0226,214.7904,FALSE
25-11-1977 08:00,590,0.0679,3461.2704,FALSE
27-11-1977 08:00,230,0.0372,739.2384,FALSE
04-12-1977 08:00,100,0.0237,204.768,FALSE
11-12-1977 08:00,70,0.024,145.152,FALSE
18-12-1977 08:00,60,0.0164,85.0176,FALSE
25-12-1977 08:00,50,0.0162,69.984,FALSE
01-01-1978 08:00,40,0.0145,50.112,FALSE
08-01-1978 08:00,30,0.0116,30.0672,FALSE
15-01-1978 08:00,25,0.0111,23.976,FALSE
22-01-1978 08:00,20,0.0098,16.9344,FALSE
26-01-1978 08:00,20,0.0098,16.9344,FALSE
29-01-1978 08:00,20,0.0098,16.9344,FALSE
05-02-1978 08:00,15,0.0085,11.016,FALSE
12-02-1978 08:00,15,0.0085,11.016,FALSE
19-02-1978 08:00,10,0.0069,5.9616,FALSE
26-02-1978 08:00,10,0.0069,5.9616,FALSE
05-03-1978 08:00,10,0.0069,5.9616,FALSE
12-03-1978 08:00,7.5,0.0031,2.0088,FALSE
19-03-1978 08:00,5,0.0046,1.9872,FALSE
26-03-1978 08:00,5,0.0046,1.9872,FALSE
02-04-1978 08:00,2.5,0.0046,0.9936,FALSE
09-04-1978 08:00,2.5,0.0046,0.9936,FALSE
16-04-1978 08:00,5,0.0046,1.9872,FALSE
21-04-1978 08:00,5,0.0046,1.9872,FALSE
23-04-1978 08:00,2.5,0.0046,0.9936,FALSE
30-04-1978 08:00,2.5,0.0046,0.9936,FALSE
14-05-1978 08:00,20,0.0098,16.9344,FALSE
21-05-1978 08:00,20,0.0098,16.9344,FALSE
28-05-1978 08:00,60,0.0183,94.8672,FALSE
04-06-1978 08:00,240,0.0723,1499.2128,FALSE
11-06-1978 08:00,335,0.0605,1751.112,FALSE
25-06-1978 08:00,2960,0.2631,67286.2464,FALSE
02-07-1978 08:00,1120,0.093,8999.424,FALSE
09-07-1978 08:00,2055,0.2,35510.4,FALSE
15-08-1978 08:00,1220,0.156,16443.648,FALSE
03-09-1978 08:00,850,0.079,5801.76,FALSE
06-09-1978 08:00,710,0.088,5398.272,FALSE
10-09-1978 08:00,620,0.0784,4199.7312,FALSE
17-09-1978 08:00,340,0.0323,948.8448,FALSE
24-09-1978 08:00,440,0.05,1900.8,FALSE
01-10-1978 08:00,310,0.0373,999.0432,FALSE
02-10-1978 08:00,300,0.0367,951.264,FALSE
08-10-1978 08:00,190,0.0481,789.6096,FALSE
10-10-1978 08:00,205,0.0452,800.5824,FALSE
29-10-1978 08:00,310,0.0597,1599.0048,FALSE
30-10-1978 08:00,380,0.0609,1999.4688,FALSE
01-11-1978 08:00,260,0.0979,2199.2256,FALSE
05-11-1978 08:00,240,0.0723,1499.2128,FALSE
22-04-1979 08:00,4,0.0058,2.00448,FALSE
29-04-1979 08:00,6.7,0.0069,3.994272,FALSE
13-05-1979 08:00,5.7,0.0081,3.989088,FALSE
20-05-1979 08:00,4.7,0.0074,3.004992,FALSE
17-06-1979 08:00,50,0.0181,78.192,FALSE
22-07-1979 08:00,625,0.068,3672,FALSE
15-08-1979 08:00,865,0.0905,6763.608,FALSE
17-10-1979 08:00,224.6,0.0303,587.984832,FALSE
04-11-1979 08:00,140,0.0413,499.5648,FALSE
11-11-1979 08:00,140,0.0273,330.2208,FALSE
18-11-1979 08:00,235,0.0616,1250.7264,FALSE
25-11-1979 08:00,200,0.0473,817.344,FALSE
25-12-1979 08:00,40.5,0.0194,67.88448,FALSE
03-01-1980 08:00,26.5,0.0148,33.88608,FALSE
13-01-1980 08:00,22.5,0.011,21.384,FALSE
26-01-1980 08:00,17,0.0061,8.95968,FALSE
16-02-1980 08:00,12,0.0096,9.95328,FALSE
17-02-1980 08:00,12,0.0096,9.95328,FALSE
24-02-1980 08:00,8,0.0116,8.01792,FALSE
02-03-1980 08:00,8.5,0.0109,8.00496,FALSE
09-03-1980 08:00,7.5,0.0108,6.9984,FALSE
30-03-1980 08:00,3.4,0.0034,0.998784,FALSE
04-04-1980 08:00,3.5,0.0066,1.99584,FALSE
13-04-1980 08:00,8.5,0.0109,8.00496,FALSE
20-04-1980 08:00,15.5,0.0105,14.0616,FALSE
27-04-1980 08:00,14,0.0107,12.94272,FALSE
30-04-1980 08:00,34,0.015,44.064,FALSE
12-05-1980 08:00,30.2,0.0272,70.972416,FALSE
18-05-1980 08:00,25.5,0.0259,57.06288,FALSE
08-06-1980 08:00,850,0.0762,5596.128,FALSE
10-06-1980 08:00,270,0.0654,1525.6512,FALSE
11-06-1980 08:00,410,0.052,1842.048,FALSE
16-06-1980 08:00,850,0.1381,10142.064,FALSE
18-06-1980 08:00,1400,0.1504,18192.384,FALSE
19-06-1980 08:00,1200,0.1051,10896.768,FALSE
22-06-1980 08:00,2290,0.1602,31696.5312,FALSE
07-07-1980 08:00,1990,0.0928,15955.6608,FALSE
10-07-1980 08:00,3270,0.1304,36841.6512,FALSE
11-07-1980 08:00,2020,0.1255,21903.264,FALSE
23-07-1980 08:00,1820,0.1035,16275.168,FALSE
24-07-1980 08:00,2200,0.2468,46911.744,FALSE
26-07-1980 08:00,2320,0.0883,17699.5584,FALSE
27-07-1980 08:00,2010,0.0551,9568.8864,FALSE
01-08-1980 08:00,1380,0.04,4769.28,FALSE
03-08-1980 08:00,1130,0.051,4979.232,FALSE
06-08-1980 08:00,1190,0.0974,10014.2784,FALSE
12-08-1980 08:00,2830,0.0525,12836.88,FALSE
13-08-1980 08:00,3750,0.0594,19245.6,FALSE
14-08-1980 08:00,3270,0.0537,15171.7536,FALSE
15-08-1980 08:00,1920,0.0899,14913.3312,FALSE
18-08-1980 08:00,1880,0.096,15593.472,FALSE
25-08-1980 08:00,1180,0.0741,7554.6432,FALSE
28-08-1980 08:00,1190,0.0654,6724.1664,FALSE
29-08-1980 08:00,1050,0.0654,5933.088,FALSE
30-08-1980 08:00,1180,0.0685,6983.712,FALSE
02-09-1980 08:00,840,0.0624,4528.7424,FALSE
15-09-1980 08:00,410,0.032,1133.568,FALSE
16-09-1980 08:00,390,0.0396,1334.3616,FALSE
28-10-1980 08:00,205,0.0372,658.8864,FALSE
29-10-1980 08:00,180,0.0126,195.9552,FALSE
30-10-1980 08:00,170,0.0057,83.7216,FALSE
31-10-1980 08:00,160,0.0122,168.6528,FALSE
10-12-1980 08:00,68,0.0237,139.24224,FALSE
11-12-1980 08:00,62.5,0.0075,40.5,FALSE
12-12-1980 08:00,59,0.0064,32.62464,FALSE
13-12-1980 08:00,57,0.0106,52.20288,FALSE
28-12-1980 08:00,33.5,0.0045,13.0248,FALSE
04-01-1981 08:00,27,0.0094,21.92832,FALSE
26-01-1981 08:00,17.5,0.0079,11.9448,FALSE
15-02-1981 08:00,9,0.0039,3.03264,FALSE
22-02-1981 08:00,7,0.0182,11.00736,FALSE
01-03-1981 08:00,6,0.0193,10.00512,FALSE
04-03-1981 08:00,5.5,0.0295,14.0184,FALSE
08-03-1981 08:00,4.8,0.0289,11.985408,FALSE
15-03-1981 08:00,3,0.0154,3.99168,FALSE
22-03-1981 08:00,4,0.0289,9.98784,FALSE
14-04-1981 08:00,1.2,0.0193,2.001024,FALSE
17-04-1981 08:00,1.2,0.0193,2.001024,FALSE
19-04-1981 08:00,1,0.0231,1.99584,FALSE
26-04-1981 08:00,1,0.0116,1.00224,FALSE
03-05-1981 08:00,8.5,0.0163,11.97072,FALSE
06-05-1981 08:00,9.5,0.0085,6.9768,FALSE
10-05-1981 08:00,17,0.0579,85.04352,FALSE
17-05-1981 08:00,5,0.0417,18.0144,FALSE
18-05-1981 08:00,4.5,0.0309,12.01392,FALSE
19-05-1981 08:00,4.2,0.0274,9.942912,FALSE
24-05-1981 08:00,4.2,0.0276,10.015488,FALSE
18-06-1981 08:00,1450,0.2159,27047.952,FALSE
19-06-1981 08:00,1460,0.2414,30451.1616,FALSE
20-06-1981 08:00,1270,0.1562,17139.5136,FALSE
23-06-1981 08:00,1300,0.1623,18229.536,FALSE
28-06-1981 08:00,950,0.0805,6607.44,FALSE
29-06-1981 08:00,590,0.0234,1192.8384,FALSE
30-06-1981 08:00,460,0.0133,528.5952,FALSE
01-07-1981 08:00,380,0.0071,233.1072,FALSE
02-07-1981 08:00,630,0.0625,3402,FALSE
03-07-1981 08:00,520,0.0719,3230.3232,FALSE
05-07-1981 08:00,575,0.049,2434.32,FALSE
06-07-1981 08:00,2110,0.3383,61673.4432,FALSE
07-07-1981 08:00,2530,0.2412,52724.3904,FALSE
08-07-1981 08:00,2110,0.0581,10591.8624,FALSE
09-07-1981 08:00,1870,0.1035,16722.288,FALSE
12-07-1981 08:00,2810,0.2465,59846.256,FALSE
13-07-1981 08:00,1670,0.0623,8989.1424,FALSE
14-07-1981 08:00,3430,0.2151,63745.3152,FALSE
18-07-1981 08:00,690,0.0569,3392.1504,FALSE
19-07-1981 08:00,675,0.0336,1959.552,FALSE
20-07-1981 08:00,610,0.0321,1691.7984,FALSE
21-07-1981 08:00,620,0.0088,471.3984,FALSE
22-07-1981 08:00,680,0.0499,2931.7248,FALSE
23-07-1981 08:00,930,0.0853,6854.0256,FALSE
24-07-1981 08:00,610,0.1574,8295.6096,FALSE
02-08-1981 08:00,3090,0.2004,53501.9904,FALSE
05-08-1981 08:00,2630,0.3241,73645.8912,FALSE
15-08-1981 08:00,1510,0.0387,5048.9568,FALSE
16-08-1981 08:00,3820,0.2652,87528.7296,FALSE
27-08-1981 08:00,875,0.0305,2305.8,FALSE
29-08-1981 08:00,1125,0.0919,8932.68,FALSE
30-08-1981 08:00,850,0.0939,6896.016,FALSE
31-08-1981 08:00,980,0.0543,4597.6896,FALSE
01-09-1981 08:00,750,0.0957,6201.36,FALSE
02-09-1981 08:00,590,0.0523,2666.0448,FALSE
03-09-1981 08:00,550,0.0312,1482.624,FALSE
04-09-1981 08:00,520,0.0202,907.5456,FALSE
05-09-1981 08:00,460,0.0086,341.7984,FALSE
06-09-1981 08:00,770,0.0876,5827.8528,FALSE
07-09-1981 08:00,1085,0.0426,3993.4944,FALSE
09-09-1981 08:00,790,0.0825,5631.12,FALSE
10-09-1981 08:00,1070,0.1156,10686.9888,FALSE
11-09-1981 08:00,830,0.0567,4066.0704,FALSE
12-09-1981 08:00,1020,0.0851,7499.6928,FALSE
17-09-1981 08:00,593,0.124,6353.1648,FALSE
20-09-1981 08:00,980,0.0988,8365.5936,FALSE
24-09-1981 08:00,933,0.0463,3732.29856,FALSE
07-10-1981 08:00,330,0.0196,558.8352,FALSE
25-10-1981 08:00,410,0.0704,2493.8496,FALSE
30-10-1981 08:00,280,0.0546,1320.8832,FALSE
25-12-1981 08:00,30,0.005,12.96,FALSE
27-12-1981 08:00,28,0.0041,9.91872,FALSE
19-01-1982 08:00,19.5,0.0201,33.86448,FALSE
24-01-1982 08:00,19,0.0189,31.02624,FALSE
26-01-1982 08:00,17.8,0.0202,31.065984,FALSE
31-01-1982 08:00,16,0.021,29.0304,FALSE
02-02-1982 08:00,19.3,0.0141,23.512032,FALSE
03-02-1982 08:00,19,0.0143,23.47488,FALSE
04-02-1982 08:00,19,0.0172,28.23552,FALSE
05-02-1982 08:00,19,0.0173,28.39968,FALSE
06-02-1982 08:00,16.5,0.0185,26.3736,FALSE
07-02-1982 08:00,11.2,0.0165,15.96672,FALSE
14-02-1982 08:00,9.5,0.0183,15.02064,FALSE
21-02-1982 08:00,7.8,0.0208,14.017536,FALSE
28-02-1982 08:00,7.3,0.0238,15.011136,FALSE
07-03-1982 08:00,5.3,0.0306,14.012352,FALSE
14-03-1982 08:00,3.3,0.0175,4.9896,FALSE
21-03-1982 08:00,3.1,0.0187,5.008608,FALSE
26-03-1982 08:00,2.5,0.0139,3.0024,FALSE
28-03-1982 08:00,2.3,0.0101,2.007072,FALSE
03-04-1982 08:00,2.4,0.0145,3.00672,FALSE
04-04-1982 08:00,2,0.0116,2.00448,FALSE
09-04-1982 08:00,1.5,0.0231,2.99376,FALSE
11-04-1982 08:00,1.4,0.0165,1.99584,FALSE
18-04-1982 08:00,1.9,0.0183,3.004128,FALSE
25-04-1982 08:00,1.7,0.0204,2.996352,FALSE
02-05-1982 08:00,1.8,0.0193,3.001536,FALSE
07-05-1982 08:00,3.7,0.0156,4.987008,FALSE
16-05-1982 08:00,1.9,0.0061,1.001376,FALSE
19-05-1982 08:00,12,0.0179,18.55872,FALSE
21-05-1982 08:00,11.2,0.0192,18.579456,FALSE
23-05-1982 08:00,9.9,0.0199,17.021664,FALSE
26-05-1982 08:00,4.5,0.0213,8.28144,FALSE
27-05-1982 08:00,3.7,0.013,4.15584,FALSE
28-05-1982 08:00,7.3,0.0174,10.974528,FALSE
29-05-1982 08:00,7,0.0165,9.9792,FALSE
30-05-1982 08:00,10.5,0.0187,16.96464,FALSE
01-06-1982 08:00,63,0.0615,334.7568,FALSE
02-06-1982 08:00,63,0.0615,334.7568,FALSE
03-06-1982 08:00,78,0.0742,500.04864,FALSE
06-06-1982 08:00,40,0.0491,169.6896,FALSE
13-06-1982 08:00,120,0.0916,949.7088,FALSE
17-06-1982 08:00,600,0.115,5961.6,FALSE
18-06-1982 08:00,540,0.1473,6872.4288,FALSE
20-06-1982 08:00,1020,0.2225,19608.48,FALSE
21-06-1982 08:00,680,0.2182,12819.6864,FALSE
22-06-1982 08:00,660,0.1848,10538.0352,FALSE
23-06-1982 08:00,690,0.344,20507.904,FALSE
27-06-1982 08:00,718,0.1327,8232.07104,FALSE
04-07-1982 08:00,180,0.04,622.08,FALSE
11-07-1982 08:00,200,0.088,1520.64,FALSE
18-07-1982 08:00,1255,0.1066,11558.8512,FALSE
23-07-1982 08:00,1380,0.072,8584.704,FALSE
25-07-1982 08:00,1130,0.0983,9597.2256,FALSE
28-07-1982 08:00,2315,0.1841,36822.9456,FALSE
01-08-1982 08:00,3755,0.1463,47464.4016,FALSE
06-08-1982 08:00,1180,0.0789,8044.0128,FALSE
08-08-1982 08:00,2220,0.1973,37843.7184,FALSE
13-08-1982 08:00,2360,0.0532,10847.6928,FALSE
15-08-1982 08:00,2040,0.0857,15105.1392,FALSE
22-08-1982 08:00,1235,0.0389,4150.7856,FALSE
25-08-1982 08:00,1680,0.0702,10189.6704,FALSE
28-08-1982 08:00,975,0.0409,3445.416,FALSE
29-08-1982 08:00,920,0.0541,4300.3008,FALSE
05-09-1982 08:00,440,0.025,950.4,FALSE
12-09-1982 08:00,300,0.0135,349.92,FALSE
19-09-1982 08:00,275,0.026,617.76,FALSE
26-09-1982 08:00,268,0.0098,226.92096,FALSE
28-09-1982 08:00,220,0.006,114.048,FALSE
02-10-1982 08:00,190,0.0106,174.0096,FALSE
03-10-1982 08:00,180,0.008,124.416,FALSE
10-10-1982 08:00,355,0.083,2545.776,FALSE
17-10-1982 08:00,140,0.0269,325.3824,FALSE
14-11-1982 08:00,95,0.0191,156.7728,FALSE
15-11-1982 08:00,85,0.019,139.536,FALSE
21-11-1982 08:00,78,0.0102,68.73984,FALSE
28-11-1982 08:00,60,0.0081,41.9904,FALSE
05-12-1982 08:00,42.8,0.0068,25.145856,FALSE
12-12-1982 08:00,34.4,0.0087,25.857792,FALSE
19-12-1982 08:00,28.6,0.0085,21.00384,FALSE
25-12-1982 08:00,24.2,0.0057,11.918016,FALSE
26-12-1982 08:00,23.3,0.127,255.66624,FALSE
29-12-1982 08:00,22,0.0068,12.92544,FALSE
30-12-1982 08:00,21.5,0.1388,257.83488,FALSE
31-12-1982 08:00,21,0.0061,11.06784,FALSE
02-01-1983 08:00,20.2,0.0063,10.995264,FALSE
05-01-1983 08:00,18,0.0071,11.04192,FALSE
09-01-1983 08:00,16.8,0.009,13.06368,FALSE
14-01-1983 08:00,15.2,0.0107,14.052096,FALSE
16-01-1983 08:00,14.4,0.0112,13.934592,FALSE
23-01-1983 08:00,12,0.0096,9.95328,FALSE
26-01-1983 08:00,11.2,0.0103,9.967104,FALSE
30-01-1983 08:00,10.2,0.0102,8.989056,FALSE
01-02-1983 08:00,9.8,0.0118,9.991296,FALSE
02-02-1983 08:00,9.3,0.0104,8.356608,FALSE
03-02-1983 08:00,9.2,0.0089,7.074432,FALSE
06-02-1983 08:00,7.9,0.0088,6.006528,FALSE
13-02-1983 08:00,7.2,0.0096,5.971968,FALSE
14-02-1983 08:00,7,0.0094,5.68512,FALSE
20-02-1983 08:00,6,0.0173,8.96832,FALSE
27-02-1983 08:00,4.6,0.0151,6.001344,FALSE
06-03-1983 08:00,3.5,0.0132,3.99168,FALSE
13-03-1983 08:00,2.1,0.011,1.99584,FALSE
20-03-1983 08:00,1.8,0.0129,2.006208,FALSE
27-03-1983 08:00,1.4,0.0083,1.003968,FALSE
01-04-1983 08:00,1.6,0.0072,0.995328,FALSE
03-04-1983 08:00,1.4,0.0083,1.003968,FALSE
10-04-1983 08:00,0.6,0.0192,0.995328,FALSE
14-04-1983 08:00,0.9,0.0129,1.003104,FALSE
17-04-1983 08:00,0.5,0.0231,0.99792,FALSE
24-04-1983 08:00,0.6,0.0193,1.000512,FALSE
25-04-1983 08:00,0.5,0.0231,0.99792,FALSE
01-05-1983 08:00,0.6,0.0192,0.995328,FALSE
08-05-1983 08:00,0.2,0,0,TRUE
15-05-1983 08:00,0.1,0,0,TRUE
22-05-1983 08:00,12.6,0.011,11.97504,FALSE
23-05-1983 08:00,6.8,0.0085,4.99392,FALSE
25-05-1983 08:00,8.9,0.0101,7.766496,FALSE
26-05-1983 08:00,7.6,0.0107,7.026048,FALSE
27-05-1983 08:00,7.2,0.0106,6.594048,FALSE
28-05-1983 08:00,5.9,0.013,6.62688,FALSE
29-05-1983 08:00,4.4,0.0132,5.018112,FALSE
05-06-1983 08:00,2.3,0.0151,3.000672,FALSE
12-06-1983 08:00,3.2,0.0147,4.064256,FALSE
16-06-1983 08:00,170,0.1856,2726.0928,FALSE
19-06-1983 08:00,110,0.1275,1211.76,FALSE
26-06-1983 08:00,360,0.1256,3906.6624,FALSE
01-07-1983 08:00,905,0.1254,9805.2768,FALSE
03-07-1983 08:00,405,0.0539,1886.0688,FALSE
10-07-1983 08:00,210,0.0463,840.0672,FALSE
12-07-1983 08:00,410,0.0553,1958.9472,FALSE
15-07-1983 08:00,870,0.0772,5802.9696,FALSE
16-07-1983 08:00,655,0.0679,3842.5968,FALSE
17-07-1983 08:00,615,0.0636,3379.4496,FALSE
24-07-1983 08:00,2320,0.1073,21508.0704,FALSE
28-07-1983 08:00,790,0.075,5119.2,FALSE
29-07-1983 08:00,710,0.0884,5422.8096,FALSE
31-07-1983 08:00,610,0.0617,3251.8368,FALSE
02-08-1983 08:00,820,0.1033,7318.5984,FALSE
05-08-1983 08:00,660,0.149,8496.576,FALSE
07-08-1983 08:00,715,0.0732,4522.0032,FALSE
13-08-1983 08:00,2040,0.1027,18101.4912,FALSE
14-08-1983 08:00,2025,0.1034,18090.864,FALSE
15-08-1983 08:00,2290,0.1142,22595.1552,FALSE
16-08-1983 08:00,2360,0.1194,24346.1376,FALSE
19-08-1983 08:00,1530,0.2213,29254.0896,FALSE
21-08-1983 08:00,1960,0.2127,36019.4688,FALSE
28-08-1983 08:00,1080,0.1146,10693.5552,FALSE
30-08-1983 08:00,915,0.1116,8822.6496,FALSE
31-08-1983 08:00,1050,0.1676,15204.672,FALSE
04-09-1983 08:00,900,0.1059,8234.784,FALSE
05-09-1983 08:00,675,0.0507,2956.824,FALSE
09-09-1983 08:00,760,0.076,4990.464,FALSE
10-09-1983 08:00,825,0.0806,5745.168,FALSE
11-09-1983 08:00,1340,0.1603,18558.8928,FALSE
13-09-1983 08:00,760,0.0869,5706.2016,FALSE
17-09-1983 08:00,1100,0.0934,8876.736,FALSE
18-09-1983 08:00,1095,0.0876,8287.6608,FALSE
25-09-1983 08:00,1090,0.0908,8551.1808,FALSE
02-10-1983 08:00,698,0.0663,3998.36736,FALSE
08-10-1983 08:00,460,0.0236,937.9584,FALSE
09-10-1983 08:00,410,0.022,779.328,FALSE
15-10-1983 08:00,260,0.0128,287.5392,FALSE
16-10-1983 08:00,250,0.0126,272.16,FALSE
17-10-1983 08:00,240,0.0127,263.3472,FALSE
23-10-1983 08:00,180,0.0195,303.264,FALSE
30-10-1983 08:00,595,0.1047,5382.4176,FALSE
04-11-1983 08:00,245,0.0476,1007.5968,FALSE
06-11-1983 08:00,610.8,0.1029,5430.354048,FALSE
13-11-1983 08:00,153,0.0169,223.40448,FALSE
19-11-1983 08:00,120,0.0127,131.6736,FALSE
20-11-1983 08:00,113,0.0124,121.06368,FALSE
21-11-1983 08:00,110,0.0127,120.7008,FALSE
22-11-1983 08:00,120,0.0125,129.6,FALSE
23-11-1983 08:00,105,0.0115,104.328,FALSE
27-11-1983 08:00,90,0.0139,108.0864,FALSE
04-12-1983 08:00,86,0.0192,142.66368,FALSE
10-12-1983 08:00,55.5,0.0115,55.1448,FALSE
11-12-1983 08:00,54,0.0086,40.12416,FALSE
18-12-1983 08:00,42,0.0182,66.04416,FALSE
25-12-1983 08:00,50.5,0.0183,79.84656,FALSE
27-12-1983 08:00,66,0.0193,110.05632,FALSE
28-12-1983 08:00,54,0.0182,84.91392,FALSE
29-12-1983 08:00,52.5,0.0176,79.8336,FALSE
01-01-1984 08:00,64.5,0.0179,99.75312,FALSE
08-01-1984 08:00,34.5,0.0181,53.95248,FALSE
14-01-1984 08:00,27,0.0137,31.95936,FALSE
15-01-1984 08:00,26.5,0.0118,27.01728,FALSE
17-01-1984 08:00,26.5,0.0119,27.24624,FALSE
22-01-1984 08:00,25.5,0.0118,25.99776,FALSE
26-01-1984 08:00,21,0.011,19.9584,FALSE
29-01-1984 08:00,19,0.0097,15.92352,FALSE
05-02-1984 08:00,17.5,0.0179,27.0648,FALSE
11-02-1984 08:00,13,0.0107,12.01824,FALSE
12-02-1984 08:00,13,0.0107,12.01824,FALSE
19-02-1984 08:00,12,0.0135,13.9968,FALSE
26-02-1984 08:00,8,0.0116,8.01792,FALSE
04-03-1984 08:00,6,0.0154,7.98336,FALSE
10-03-1984 08:00,109,0.0297,279.70272,FALSE
11-03-1984 08:00,52,0.0289,129.84192,FALSE
18-03-1984 08:00,17.5,0.0165,24.948,FALSE
25-03-1984 08:00,7.7,0.0135,8.98128,FALSE
01-04-1984 08:00,6,0.0154,7.98336,FALSE
02-04-1984 08:00,5.5,0.0147,6.98544,FALSE
08-04-1984 08:00,16,0.0231,31.93344,FALSE
12-04-1984 08:00,55.5,0.0313,150.08976,FALSE
13-04-1984 08:00,16,0.0231,31.93344,FALSE
14-04-1984 08:00,13.3,0.0218,25.050816,FALSE
15-04-1984 08:00,20,0.0347,59.9616,FALSE
20-04-1984 08:00,10,0.0173,14.9472,FALSE
22-04-1984 08:00,39.3,0.0353,119.861856,FALSE
24-04-1984 08:00,25,0.0347,74.952,FALSE
25-04-1984 08:00,22,0.0263,49.99104,FALSE
26-04-1984 08:00,16,0.0231,31.93344,FALSE
27-04-1984 08:00,14,0.0207,25.03872,FALSE
28-04-1984 08:00,11.3,0.0154,15.035328,FALSE
29-04-1984 08:00,9,0.0129,10.03104,FALSE
06-05-1984 08:00,5,0.0162,6.9984,FALSE
13-05-1984 08:00,11,0.0158,15.01632,FALSE
15-05-1984 08:00,27,0.0429,100.07712,FALSE
20-05-1984 08:00,10.3,0.0315,28.03248,FALSE
27-05-1984 08:00,6,0.0154,7.98336,FALSE
03-06-1984 08:00,125,0.0584,630.72,FALSE
04-06-1984 08:00,100,0.0545,470.88,FALSE
17-06-1984 08:00,2940,0.2187,55553.2992,FALSE
30-06-1984 08:00,1760,0.2443,37149.2352,FALSE
23-07-1984 08:00,1510,0.2524,32929.1136,FALSE
12-08-1984 08:00,720,0.0321,1996.8768,FALSE
15-08-1984 08:00,2510,0.0767,16633.4688,FALSE
19-08-1984 08:00,840,0.031,2249.856,FALSE
26-08-1984 08:00,505,0.035,1527.12,FALSE
30-08-1984 08:00,430,0.0306,1136.8512,FALSE
02-09-1984 08:00,440,0.0274,1041.6384,FALSE
03-09-1984 08:00,560,0.0278,1345.0752,FALSE
07-09-1984 08:00,323,0.0128,357.21216,FALSE
08-09-1984 08:00,300,0.0127,329.184,FALSE
09-09-1984 08:00,270,0.0127,296.2656,FALSE
14-09-1984 08:00,260,0.0155,348.192,FALSE
16-09-1984 08:00,220,0.0136,258.5088,FALSE
23-09-1984 08:00,200,0.0373,644.544,FALSE
27-09-1984 08:00,955,0.2028,16733.4336,FALSE
28-09-1984 08:00,580,0.1139,5707.7568,FALSE
30-09-1984 08:00,275,0.0415,986.04,FALSE
02-10-1984 08:00,560,0.1133,5481.9072,FALSE
04-10-1984 08:00,400,0.1279,4420.224,FALSE
06-10-1984 08:00,690,0.1832,10921.6512,FALSE
07-10-1984 08:00,380,0.0865,2839.968,FALSE
14-10-1984 08:00,340,0.0241,707.9616,FALSE
21-10-1984 08:00,180,0.0121,188.1792,FALSE
23-10-1984 08:00,165,0.0101,143.9856,FALSE
24-10-1984 08:00,160,0.0099,136.8576,FALSE
28-10-1984 08:00,160,0.0107,147.9168,FALSE
01-11-1984 08:00,120,0.0284,294.4512,FALSE
03-11-1984 08:00,105,0.0268,243.1296,FALSE
04-11-1984 08:00,140,0.0476,575.7696,FALSE
08-11-1984 08:00,100,0.0189,163.296,FALSE
10-11-1984 08:00,85,0.0133,97.6752,FALSE
11-11-1984 08:00,80,0.0133,91.9296,FALSE
18-11-1984 08:00,98,0.0182,154.10304,FALSE
25-11-1984 08:00,60,0.0033,17.1072,FALSE
02-12-1984 08:00,44.5,0.012,46.1376,FALSE
09-12-1984 08:00,40,0.0093,32.1408,FALSE
16-12-1984 08:00,32.5,0.0118,33.1344,FALSE
23-12-1984 08:00,27.5,0.008,19.008,FALSE
24-12-1984 08:00,27.5,0.008,19.008,FALSE
25-12-1984 08:00,26.8,0.0078,18.061056,FALSE
30-12-1984 08:00,23.5,0.0054,10.96416,FALSE
14-01-1985 08:00,24.5,0.0109,23.07312,FALSE
30-01-1985 08:00,12.3,0.0113,12.008736,FALSE
31-01-1985 08:00,12,0.0116,12.02688,FALSE
01-02-1985 08:00,11.2,0.0114,11.031552,FALSE
02-02-1985 08:00,11,0.0116,11.02464,FALSE
03-02-1985 08:00,11,0.0116,11.02464,FALSE
24-02-1985 08:00,6.8,0.0102,5.992704,FALSE
03-03-1985 08:00,5.2,0.0111,4.987008,FALSE
05-03-1985 08:00,4,0.0116,4.00896,FALSE
10-03-1985 08:00,3.5,0.0165,4.9896,FALSE
17-03-1985 08:00,2,0.0174,3.00672,FALSE
22-03-1985 08:00,1.5,0.0077,0.99792,FALSE
24-03-1985 08:00,1.5,0.0077,0.99792,FALSE
31-03-1985 08:00,1.8,0.0129,2.006208,FALSE
03-04-1985 08:00,2,0.0116,2.00448,FALSE
05-04-1985 08:00,4,0.0116,4.00896,FALSE
07-04-1985 08:00,5.2,0.0134,6.020352,FALSE
13-04-1985 08:00,3.5,0.0132,3.99168,FALSE
14-04-1985 08:00,2.8,0.0165,3.99168,FALSE
21-04-1985 08:00,1.5,0.0077,0.99792,FALSE
28-04-1985 08:00,1.5,0.0077,0.99792,FALSE
04-05-1985 08:00,1.4,0.0083,1.003968,FALSE
05-05-1985 08:00,1.4,0.0083,1.003968,FALSE
12-05-1985 08:00,0.9,0.0129,1.003104,FALSE
19-05-1985 08:00,2.3,0.01,1.9872,FALSE
26-05-1985 08:00,4.5,0.0463,18.00144,FALSE
16-06-1985 08:00,130,0.0358,402.1056,FALSE
23-06-1985 08:00,410,0.0932,3301.5168,FALSE
30-06-1985 08:00,1400,0.0445,5382.72,FALSE
15-08-1985 08:00,1950,0.1271,21413.808,FALSE
25-08-1985 08:00,610,0.0343,1807.7472,FALSE
27-08-1985 08:00,615,0.0502,2667.4272,FALSE
15-09-1985 08:00,340,0.0228,669.7728,FALSE
18-09-1985 08:00,240,0.015,311.04,FALSE
22-09-1985 08:00,190,0.0157,257.7312,FALSE
26-09-1985 08:00,470,0.092,3735.936,FALSE
29-09-1985 08:00,490,0.1052,4453.7472,FALSE
02-10-1985 08:00,540,0.1838,8575.3728,FALSE
20-10-1985 08:00,210,0.0218,395.5392,FALSE
21-10-1985 08:00,295,0.0299,762.0912,FALSE
22-10-1985 08:00,310,0.0293,784.7712,FALSE
03-11-1985 08:00,100,0.0124,107.136,FALSE
24-11-1985 08:00,75,0.0047,30.456,FALSE
27-11-1985 08:00,60,0.0104,53.9136,FALSE
01-12-1985 08:00,54.5,0.0063,29.66544,FALSE
08-12-1985 08:00,47.5,0.0062,25.4448,FALSE
15-12-1985 08:00,47,0.0063,25.58304,FALSE
22-12-1985 08:00,37,0.0056,17.90208,FALSE
25-12-1985 08:00,33,0.0064,18.24768,FALSE
29-12-1985 08:00,30.5,0.0065,17.1288,FALSE
19-01-1986 08:00,20,0.0041,7.0848,FALSE
26-01-1986 08:00,14.7,0.0047,5.969376,FALSE
02-02-1986 08:00,12,0.0028,2.90304,FALSE
08-02-1986 08:00,10.5,0.0044,3.99168,FALSE
09-02-1986 08:00,10.2,0.0045,3.96576,FALSE
10-02-1986 08:00,9.5,0.0027,2.21616,FALSE
16-02-1986 08:00,8.5,0.0041,3.01104,FALSE
23-02-1986 08:00,6.5,0.0018,1.01088,FALSE
02-03-1986 08:00,4.9,0.0024,1.016064,FALSE
09-03-1986 08:00,4.2,0.0028,1.016064,FALSE
16-03-1986 08:00,3.2,0.0037,1.022976,FALSE
23-03-1986 08:00,5.5,0.0023,1.09296,FALSE
28-03-1986 08:00,3.8,0.0061,2.002752,FALSE
30-03-1986 08:00,2.8,0.0041,0.991872,FALSE
06-04-1986 08:00,1.8,0.0065,1.01088,FALSE
12-04-1986 08:00,1,0,0,TRUE
13-04-1986 08:00,0.8,0,0,TRUE
14-04-1986 08:00,0.6,0,0,TRUE
20-04-1986 08:00,0.5,0.005,0.216,FALSE
22-04-1986 08:00,0.5,0.005,0.216,FALSE
27-04-1986 08:00,0.8,0.0145,1.00224,FALSE
04-05-1986 08:00,4,0.0058,2.00448,FALSE
09-05-1986 08:00,5.5,0.0171,8.12592,FALSE
11-05-1986 08:00,4,0.0231,7.98336,FALSE
18-05-1986 08:00,1.8,0.013,2.02176,FALSE
23-05-1986 08:00,1.5,0.0082,1.06272,FALSE
25-05-1986 08:00,1.2,0.0097,1.005696,FALSE
30-06-1986 08:00,880,0.0629,4782.4128,FALSE
11-09-1986 08:00,305,0.0191,503.3232,FALSE
14-09-1986 08:00,210,0.0189,342.9216,FALSE
18-09-1986 08:00,385,0.0963,3203.3232,FALSE
21-09-1986 08:00,605,0.1006,5258.5632,FALSE
28-09-1986 08:00,740,0.1306,8350.0416,FALSE
05-10-1986 08:00,300,0.0179,463.968,FALSE
19-10-1986 08:00,175,0.0292,441.504,FALSE
26-10-1986 08:00,120,0.008,82.944,FALSE
01-11-1986 08:00,350,0.0845,2555.28,FALSE
02-11-1986 08:00,580,0.0628,3147.0336,FALSE
09-11-1986 08:00,200,0.0183,316.224,FALSE
14-11-1986 08:00,250,0.055,1188,FALSE
16-11-1986 08:00,175,0.0444,671.328,FALSE
23-11-1986 08:00,100,0.0119,102.816,FALSE
30-11-1986 08:00,80,0.0102,70.5024,FALSE
01-12-1986 08:00,67.1,0.0195,113.05008,FALSE
02-12-1986 08:00,64.1,0.0083,45.967392,FALSE
07-12-1986 08:00,56.9,0.0161,79.150176,FALSE
14-12-1986 08:00,51.4,0.0126,55.956096,FALSE
21-12-1986 08:00,39.8,0.0116,39.889152,FALSE
25-12-1986 08:00,35.5,0.0058,17.78976,FALSE
28-12-1986 08:00,36,0.0087,27.06048,FALSE
04-01-1987 08:00,29,0.0084,21.04704,FALSE
11-01-1987 08:00,23.3,0.0079,15.903648,FALSE
18-01-1987 08:00,19.8,0.0076,13.001472,FALSE
25-01-1987 08:00,15.4,0.006,7.98336,FALSE
26-01-1987 08:00,14.8,0.0055,7.03296,FALSE
01-02-1987 08:00,12.4,0.0065,6.96384,FALSE
08-02-1987 08:00,9.6,0.006,4.97664,FALSE
15-02-1987 08:00,8.1,0.0057,3.989088,FALSE
22-02-1987 08:00,7.1,0.0049,3.005856,FALSE
26-02-1987 08:00,6.4,0.0054,2.985984,FALSE
01-03-1987 08:00,6,0.0058,3.00672,FALSE
08-03-1987 08:00,4.4,0.0053,2.014848,FALSE
15-03-1987 08:00,3.3,0.007,1.99584,FALSE
21-03-1987 08:00,2.5,0.009,1.944,FALSE
22-03-1987 08:00,2.5,0.0093,2.0088,FALSE
29-03-1987 08:00,2,0.0058,1.00224,FALSE
05-04-1987 08:00,0.8,0,0,TRUE
12-04-1987 08:00,0.6,0,0,TRUE
17-04-1987 08:00,0.5,0,0,TRUE
19-04-1987 08:00,0.4,0,0,TRUE
26-04-1987 08:00,0.8,0,0,TRUE
03-05-1987 08:00,0.8,0,0,TRUE
10-05-1987 08:00,0.4,0,0,TRUE
13-05-1987 08:00,0.1,0,0,TRUE
17-05-1987 08:00,10,0.0556,48.0384,FALSE
18-05-1987 08:00,14.1,0.0572,69.683328,FALSE
24-05-1987 08:00,7.6,0.0265,17.40096,FALSE
27-05-1987 08:00,7.1,0.013,7.97472,FALSE
29-05-1987 08:00,10,0.0255,22.032,FALSE
31-05-1987 08:00,14,0.0289,34.95744,FALSE
19-07-1987 08:00,465,0.043,1727.568,FALSE
26-07-1987 08:00,410,0.068,2408.832,FALSE
02-08-1987 08:00,225,0.019,369.36,FALSE
06-08-1987 08:00,285,0.045,1108.08,FALSE
09-08-1987 08:00,260,0.036,808.704,FALSE
15-08-1987 08:00,755,0.122,7958.304,FALSE
16-08-1987 08:00,750,0.122,7905.6,FALSE
23-08-1987 08:00,1090,0.057,5368.032,FALSE
28-08-1987 08:00,905,0.05,3909.6,FALSE
30-08-1987 08:00,670,0.07,4052.16,FALSE
31-08-1987 08:00,523,0.022,994.1184,FALSE
05-09-1987 08:00,560,0.088,4257.792,FALSE
06-09-1987 08:00,415,0.064,2294.784,FALSE
13-09-1987 08:00,220,0.019,361.152,FALSE
20-09-1987 08:00,370,0.055,1758.24,FALSE
27-09-1987 08:00,315,0.03,816.48,FALSE
01-10-1987 08:00,235,0.019,385.776,FALSE
02-10-1987 08:00,350,0.054,1632.96,FALSE
04-10-1987 08:00,310,0.052,1392.768,FALSE
11-10-1987 08:00,640,0.195,10782.72,FALSE
18-10-1987 08:00,340,0.052,1527.552,FALSE
22-10-1987 08:00,295,0.019,484.272,FALSE
25-10-1987 08:00,240,0.039,808.704,FALSE
01-11-1987 08:00,220,0.034,646.272,FALSE
05-11-1987 08:00,160,0.022,304.128,FALSE
08-11-1987 08:00,485,0.176,7375.104,FALSE
15-11-1987 08:00,150,0.019,246.24,FALSE
22-11-1987 08:00,184,0.031,492.8256,FALSE
29-11-1987 08:00,100,0.017,146.88,FALSE
06-12-1987 08:00,73.25,0.0047,29.74536,FALSE
13-12-1987 08:00,93.75,0.0255,206.55,FALSE
14-12-1987 08:00,85,0.036,264.384,FALSE
15-12-1987 08:00,95,0.0247,202.7376,FALSE
20-12-1987 08:00,55,0.0125,59.4,FALSE
24-12-1987 08:00,47.25,0.019,77.5656,FALSE
25-12-1987 08:00,46.75,0.018,72.7056,FALSE
27-12-1987 08:00,43.5,0.0145,54.4968,FALSE
03-01-1988 08:00,32.75,0.015,42.444,FALSE
10-01-1988 08:00,28,0.0185,44.7552,FALSE
17-01-1988 08:00,23,0.0108,21.46176,FALSE
22-01-1988 08:00,20,0.0085,14.688,FALSE
24-01-1988 08:00,19.5,0.008,13.4784,FALSE
26-01-1988 08:00,18.5,0.0085,13.5864,FALSE
31-01-1988 08:00,16.25,0.007,9.828,FALSE
07-02-1988 08:00,13.25,0.007,8.0136,FALSE
08-02-1988 08:00,13.63,0.007,8.243424,FALSE
14-02-1988 08:00,12,0.0051,5.28768,FALSE
21-02-1988 08:00,10,0.0055,4.752,FALSE
28-02-1988 08:00,9.5,0.0044,3.61152,FALSE
06-03-1988 08:00,6.55,0.0076,4.300992,FALSE
13-03-1988 08:00,4.25,0.008,2.9376,FALSE
20-03-1988 08:00,3,0.0045,1.1664,FALSE
27-03-1988 08:00,2.5,0.0067,1.4472,FALSE
31-03-1988 08:00,1.5,0.0075,0.972,FALSE
01-04-1988 08:00,1.55,0.0075,1.0044,FALSE
03-04-1988 08:00,1.5,0.0052,0.67392,FALSE
10-04-1988 08:00,0.75,0.0096,0.62208,FALSE
17-04-1988 08:00,18,0.0237,36.85824,FALSE
24-04-1988 08:00,6.25,0.0104,5.616,FALSE
01-05-1988 08:00,7.1,0.0056,3.435264,FALSE
06-05-1988 08:00,15.5,0.0094,12.58848,FALSE
08-05-1988 08:00,11.75,0.0191,19.39032,FALSE
15-05-1988 08:00,4.25,0.0058,2.12976,FALSE
18-05-1988 08:00,3.75,0.0087,2.8188,FALSE
22-05-1988 08:00,2.5,0.0156,3.3696,FALSE
29-05-1988 08:00,6.55,0.0059,3.338928,FALSE
05-06-1988 08:00,6.5,0.005,2.808,FALSE
12-06-1988 08:00,90,0.073,567.648,FALSE
19-06-1988 08:00,90,0.025,194.4,FALSE
26-06-1988 08:00,335,0.141,4081.104,FALSE
03-07-1988 08:00,450,0.06,2332.8,FALSE
10-07-1988 08:00,175,0.02,302.4,FALSE
18-07-1988 08:00,3560,0.279,85815.936,FALSE
24-07-1988 08:00,1670,0.143,20633.184,FALSE
25-07-1988 08:00,1010,0.139,12129.696,FALSE
31-07-1988 08:00,1200,0.12,12441.6,FALSE
07-08-1988 08:00,1195,0.047,4852.656,FALSE
14-08-1988 08:00,600,0.048,2488.32,FALSE
15-08-1988 08:00,970,0.05,4190.4,FALSE
21-08-1988 08:00,1600,0.124,17141.76,FALSE
24-08-1988 08:00,905,0.045,3518.64,FALSE
28-08-1988 08:00,690,0.047,2801.952,FALSE
04-09-1988 08:00,750,0.089,5767.2,FALSE
11-09-1988 08:00,410,0.018,637.632,FALSE
15-09-1988 08:00,1020,0.108,9517.824,FALSE
18-09-1988 08:00,550,0.047,2233.44,FALSE
25-09-1988 08:00,680,0.044,2585.088,FALSE
02-10-1988 08:00,510,0.023,1013.472,FALSE
09-10-1988 08:00,375,0.018,583.2,FALSE
16-10-1988 08:00,230,0.02,397.44,FALSE
19-10-1988 08:00,190,0.014,229.824,FALSE
20-10-1988 08:00,180,0.014,217.728,FALSE
23-10-1988 08:00,160,0.008,110.592,FALSE
30-10-1988 08:00,130,0.016,179.712,FALSE
06-11-1988 08:00,105,0.012,108.864,FALSE
09-11-1988 08:00,110,0.016,152.064,FALSE
13-11-1988 08:00,80,0.008,55.296,FALSE
14-11-1988 08:00,75,0.008,51.84,FALSE
20-11-1988 08:00,60,0.008,41.472,FALSE
23-11-1988 08:00,60,0.016,82.944,FALSE
27-11-1988 08:00,50,0.008,34.56,FALSE
04-12-1988 08:00,41,0.0035,12.3984,FALSE
11-12-1988 08:00,34.5,0.0069,20.56752,FALSE
18-12-1988 08:00,48.5,0.033,138.2832,FALSE
25-12-1988 08:00,25.75,0.011,24.4728,FALSE
08-01-1989 08:00,16.75,0.0078,11.28816,FALSE
15-01-1989 08:00,15.5,0.0126,16.87392,FALSE
22-01-1989 08:00,12.25,0.0078,8.25552,FALSE
26-01-1989 08:00,11.25,0.0103,10.0116,FALSE
29-01-1989 08:00,10.75,0.0069,6.40872,FALSE
05-02-1989 08:00,7.5,0.007,4.536,FALSE
12-02-1989 08:00,5.5,0.0066,3.13632,FALSE
19-02-1989 08:00,4.75,0.0122,5.00688,FALSE
26-02-1989 08:00,4,0.0034,1.17504,FALSE
05-03-1989 08:00,2.25,0.0064,1.24416,FALSE
12-03-1989 08:00,1.5,0.0068,0.88128,FALSE
19-03-1989 08:00,4,0.0073,2.52288,FALSE
24-03-1989 08:00,1.5,0.0033,0.42768,FALSE
26-03-1989 08:00,1.5,0.0044,0.57024,FALSE
02-04-1989 08:00,1,0.0039,0.33696,FALSE
07-04-1989 08:00,1.5,0.0032,0.41472,FALSE
09-04-1989 08:00,2,0.0028,0.48384,FALSE
16-04-1989 08:00,0.5,0.0042,0.18144,FALSE
18-04-1989 08:00,0.25,0.0029,0.06264,FALSE
23-04-1989 08:00,0.75,0.009,0.5832,FALSE
30-04-1989 08:00,4,0.0028,0.96768,FALSE
07-05-1989 08:00,2.5,0.004,0.864,FALSE
08-05-1989 08:00,2.75,0.0044,1.04544,FALSE
09-05-1989 08:00,6,0.0096,4.97664,FALSE
14-05-1989 08:00,3,0.0074,1.91808,FALSE
20-05-1989 08:00,2.25,0.006,1.1664,FALSE
21-05-1989 08:00,1.75,0.0048,0.72576,FALSE
28-05-1989 08:00,0.75,0.009,0.5832,FALSE
04-06-1989 08:00,1.9,0.012,1.96992,FALSE
11-06-1989 08:00,235,0.088,1786.752,FALSE
18-06-1989 08:00,570,0.067,3299.616,FALSE
25-06-1989 08:00,338,0.036,1051.3152,FALSE
02-07-1989 08:00,1200,0.145,15033.6,FALSE
09-07-1989 08:00,268,0.028,648.3456,FALSE
14-07-1989 08:00,425,0.078,2864.16,FALSE
16-07-1989 08:00,300,0.031,803.52,FALSE
30-07-1989 08:00,1005,0.032,2778.624,FALSE
06-08-1989 08:00,1320,0.16,18247.68,FALSE
13-08-1989 08:00,1090,0.071,6686.496,FALSE
15-08-1989 08:00,1340,0.054,6251.904,FALSE
20-08-1989 08:00,1540,0.063,8382.528,FALSE
27-08-1989 08:00,1325,0.05,5724,FALSE
03-09-1989 08:00,530,0.017,778.464,FALSE
04-09-1989 08:00,500,0.006,259.2,FALSE
10-09-1989 08:00,300,0.007,181.44,FALSE
17-09-1989 08:00,240,0.025,518.4,FALSE
24-09-1989 08:00,620,0.073,3910.464,FALSE
01-10-1989 08:00,400,0.019,656.64,FALSE
02-10-1989 08:00,330,0.019,541.728,FALSE
08-10-1989 08:00,800,0.1,6912,FALSE
09-10-1989 08:00,340,0.039,1145.664,FALSE
10-10-1989 08:00,550,0.061,2898.72,FALSE
11-10-1989 08:00,660,0.075,4276.8,FALSE
15-10-1989 08:00,245,0.025,529.2,FALSE
22-10-1989 08:00,235,0.038,771.552,FALSE
28-10-1989 08:00,270,0.029,676.512,FALSE
29-10-1989 08:00,260,0.028,628.992,FALSE
05-11-1989 08:00,200,0.033,570.24,FALSE
12-11-1989 08:00,100,0.009,77.76,FALSE
13-11-1989 08:00,90,0.008,62.208,FALSE
14-11-1989 08:00,160,0.037,511.488,FALSE
19-11-1989 08:00,80,0.007,48.384,FALSE
24-11-1989 08:00,70,0.006,36.288,FALSE
26-11-1989 08:00,60,0.005,25.92,FALSE
03-12-1989 08:00,46,0.005,19.872,FALSE
10-12-1989 08:00,37,0.0016,5.11488,FALSE
17-12-1989 08:00,29,0.0038,9.52128,FALSE
24-12-1989 08:00,25,0.0033,7.128,FALSE
25-12-1989 08:00,24,0.0047,9.74592,FALSE
31-12-1989 08:00,28,0.0028,6.77376,FALSE
07-01-1990 08:00,19,0.006,9.8496,FALSE
14-01-1990 08:00,15.5,0.0042,5.62464,FALSE
21-01-1990 08:00,13,0.0017,1.90944,FALSE
26-01-1990 08:00,10.5,0.0029,2.63088,FALSE
28-01-1990 08:00,9.7,0.0089,7.458912,FALSE
04-02-1990 08:00,8,0.0031,2.14272,FALSE
11-02-1990 08:00,5.5,0.0034,1.61568,FALSE
18-02-1990 08:00,4.5,0.002,0.7776,FALSE
25-02-1990 08:00,3,0.0034,0.88128,FALSE
04-03-1990 08:00,3,0.0047,1.21824,FALSE
11-03-1990 08:00,2.75,0.0035,0.8316,FALSE
18-03-1990 08:00,1.75,0.004,0.6048,FALSE
25-03-1990 08:00,1,0.0047,0.40608,FALSE
27-03-1990 08:00,0.75,0.0045,0.2916,FALSE
01-04-1990 08:00,0.6,0.0064,0.331776,FALSE
07-04-1990 08:00,0.5,0.0056,0.24192,FALSE
08-04-1990 08:00,0.4,0.0055,0.19008,FALSE
13-04-1990 08:00,0.65,0.0028,0.157248,FALSE
14-04-1990 08:00,0.25,0.0011,0.02376,FALSE
15-04-1990 08:00,0.2,0.0009,0.015552,FALSE
22-04-1990 08:00,0.19,0,0,TRUE
24-04-1990 08:00,0.25,0,0,TRUE
25-04-1990 08:00,0.3,0,0,TRUE
26-04-1990 08:00,0.35,0,0,TRUE
27-04-1990 08:00,0.3,0,0,TRUE
29-04-1990 08:00,0.125,0,0,TRUE
06-05-1990 08:00,0.05,0,0,TRUE
07-05-1990 08:00,0.075,0,0,TRUE
08-05-1990 08:00,0.075,0,0,TRUE
09-05-1990 08:00,0.08,0,0,TRUE
13-05-1990 08:00,0.35,0,0,TRUE
20-05-1990 08:00,2,0.0036,0.62208,FALSE
23-05-1990 08:00,18.75,0.0259,41.958,FALSE
24-05-1990 08:00,35,0.025,75.6,FALSE
25-05-1990 08:00,31.5,0.0486,132.26976,FALSE
26-05-1990 08:00,181,0.2793,4367.80512,FALSE
27-05-1990 08:00,105,0.162,1469.664,FALSE
28-05-1990 08:00,97,0.15,1257.12,FALSE
29-05-1990 08:00,206,0.3186,5670.57024,FALSE
03-06-1990 08:00,112.5,0.038,369.36,FALSE
10-06-1990 08:00,120,0.035,362.88,FALSE
17-06-1990 08:00,870,0.129,9696.672,FALSE
24-06-1990 08:00,697.5,0.045,2711.88,FALSE
01-07-1990 08:00,1140,0.076,7485.696,FALSE
04-07-1990 08:00,1800,0.116,18040.32,FALSE
08-07-1990 08:00,1095,0.04,3784.32,FALSE
15-07-1990 08:00,1080,0.053,4945.536,FALSE
16-07-1990 08:00,1260,0.056,6096.384,FALSE
29-07-1990 08:00,780,0.031,2089.152,FALSE
02-08-1990 08:00,1505,0.094,12223.008,FALSE
05-08-1990 08:00,1140,0.051,5023.296,FALSE
12-08-1990 08:00,1500,0.052,6739.2,FALSE
02-09-1990 08:00,750,0.034,2203.2,FALSE
09-09-1990 08:00,765,0.051,3370.896,FALSE
16-09-1990 08:00,352.5,0.014,426.384,FALSE
23-09-1990 08:00,265,0.009,206.064,FALSE
28-09-1990 08:00,187.5,0.004,64.8,FALSE
29-09-1990 08:00,182,0.004,62.8992,FALSE
30-09-1990 08:00,180,0.004,62.208,FALSE
01-10-1990 08:00,187.5,0.004,64.8,FALSE
02-10-1990 08:00,200,0.005,86.4,FALSE
03-10-1990 08:00,217.5,0.008,150.336,FALSE
07-10-1990 08:00,182,0.009,141.5232,FALSE
14-10-1990 08:00,112.5,0.008,77.76,FALSE
17-10-1990 08:00,217.5,0.048,902.016,FALSE
21-10-1990 08:00,150,0.028,362.88,FALSE
23-10-1990 08:00,135,0.031,361.584,FALSE
24-10-1990 08:00,412.5,0.141,5025.24,FALSE
25-10-1990 08:00,335,0.085,2460.24,FALSE
28-10-1990 08:00,702,0.205,12433.824,FALSE
02-11-1990 08:00,300,0.039,1010.88,FALSE
04-11-1990 08:00,215,0.016,297.216,FALSE
11-11-1990 08:00,217.5,0.016,300.672,FALSE
18-11-1990 08:00,262.5,0.11,2494.8,FALSE
19-11-1990 08:00,240,0.139,2882.304,FALSE
25-11-1990 08:00,90,0.007,54.432,FALSE
02-12-1990 08:00,68,0.0064,37.60128,FALSE
09-12-1990 08:00,56,0.0046,22.25664,FALSE
16-12-1990 08:00,47,0.0033,13.40064,FALSE
23-12-1990 08:00,40,0.0045,15.552,FALSE
25-12-1990 08:00,38,0.0043,14.11776,FALSE
30-12-1990 08:00,32,0.0059,16.31232,FALSE
06-01-1991 08:00,28,0.0084,20.32128,FALSE
13-01-1991 08:00,25,0.0042,9.072,FALSE
15-01-1991 08:00,24,0.0064,13.27104,FALSE
20-01-1991 08:00,20,0.0068,11.7504,FALSE
26-01-1991 08:00,17,0.0043,6.31584,FALSE
27-01-1991 08:00,14.5,0.0047,5.88816,FALSE
03-02-1991 08:00,12,0.0067,6.94656,FALSE
10-02-1991 08:00,10,0.0039,3.3696,FALSE
17-02-1991 08:00,8,0.0068,4.70016,FALSE
24-02-1991 08:00,6,0.0035,1.8144,FALSE
03-03-1991 08:00,5.5,0.0068,3.23136,FALSE
10-03-1991 08:00,3.25,0.0035,0.9828,FALSE
17-03-1991 08:00,3.5,0.0055,1.6632,FALSE
24-03-1991 08:00,1.5,0.0063,0.81648,FALSE
28-03-1991 08:00,1,0.0058,0.50112,FALSE
29-03-1991 08:00,1.25,0.006,0.648,FALSE
31-03-1991 08:00,1,0.0058,0.50112,FALSE
07-04-1991 08:00,5.5,0.0184,8.74368,FALSE
14-04-1991 08:00,6,0.0117,6.06528,FALSE
17-04-1991 08:00,6,0.007,3.6288,FALSE
21-04-1991 08:00,3.5,0.0056,1.69344,FALSE
28-04-1991 08:00,3.75,0.0052,1.6848,FALSE
03-05-1991 08:00,3.75,0.0037,1.1988,FALSE
04-05-1991 08:00,3.5,0.0033,0.99792,FALSE
05-05-1991 08:00,3.15,0.003,0.81648,FALSE
12-05-1991 08:00,1.65,0.0078,1.111968,FALSE
19-05-1991 08:00,4.5,0.0118,4.58784,FALSE
22-05-1991 08:00,8,0.0201,13.89312,FALSE
26-05-1991 08:00,5.5,0.0171,8.12592,FALSE
28-05-1991 08:00,9,0.02345,18.23472,FALSE
01-06-1991 08:00,23.41,0.023,46.520352,FALSE
02-06-1991 08:00,19.82,0.021,35.961408,FALSE
03-06-1991 08:00,18.98,0.02,32.79744,FALSE
04-06-1991 08:00,35.87,0.065,201.44592,FALSE
05-06-1991 08:00,173.3,0.337,5045.94144,FALSE
06-06-1991 08:00,240.1,0.191,3962.22624,FALSE
07-06-1991 08:00,629,0.348,18912.2688,FALSE
08-06-1991 08:00,775.1,0.274,18349.40736,FALSE
09-06-1991 08:00,878.3,0.311,23600.27232,FALSE
10-06-1991 08:00,820.1,0.17,12045.6288,FALSE
11-06-1991 08:00,1309,0.179,20244.4704,FALSE
12-06-1991 08:00,755.6,0.126,8225.76384,FALSE
13-06-1991 08:00,627.6,0.071,3849.94944,FALSE
14-06-1991 08:00,461,0.066,2628.8064,FALSE
15-06-1991 08:00,346.8,0.054,1618.03008,FALSE
16-06-1991 08:00,303.8,0.047,1233.67104,FALSE
17-06-1991 08:00,434.5,0.159,5968.9872,FALSE
18-06-1991 08:00,480.8,0.16,6646.5792,FALSE
19-06-1991 08:00,374.6,0.042,1359.34848,FALSE
20-06-1991 08:00,302.1,0.031,809.14464,FALSE
21-06-1991 08:00,447.2,0.022,850.03776,FALSE
22-06-1991 08:00,386.4,0.07,2336.9472,FALSE
23-06-1991 08:00,420,0.062,2249.856,FALSE
24-06-1991 08:00,443.6,0.054,2069.66016,FALSE
25-06-1991 08:00,479.9,0.084,3482.92224,FALSE
26-06-1991 08:00,683.3,0.146,8619.41952,FALSE
27-06-1991 08:00,1019,0.202,17784.4032,FALSE
28-06-1991 08:00,1107,0.135,12912.048,FALSE
29-06-1991 08:00,881.2,0.073,5557.90464,FALSE
30-06-1991 08:00,590.9,0.049,2501.63424,FALSE
01-07-1991 08:00,1166,0.153,15413.5872,FALSE
02-07-1991 08:00,869,0.077,5781.2832,FALSE
03-07-1991 08:00,590.5,0.035,1785.672,FALSE
04-07-1991 08:00,524,0.026,1177.1136,FALSE
05-07-1991 08:00,436.7,0.022,830.07936,FALSE
06-07-1991 08:00,570.9,0.033,1627.75008,FALSE
07-07-1991 08:00,1111,0.109,10462.9536,FALSE
08-07-1991 08:00,1380,0.185,22057.92,FALSE
09-07-1991 08:00,2014,0.231,40196.2176,FALSE
10-07-1991 08:00,1443,0.076,9475.3152,FALSE
11-07-1991 08:00,1668,0.07,10088.064,FALSE
12-07-1991 08:00,1855,0.158,25322.976,FALSE
13-07-1991 08:00,1509,0.067,8735.2992,FALSE
14-07-1991 08:00,1223,0.052,5494.6944,FALSE
15-07-1991 08:00,1025,0.038,3365.28,FALSE
16-07-1991 08:00,1958,0.197,33326.7264,FALSE
17-07-1991 08:00,1752,0.061,9233.7408,FALSE
18-07-1991 08:00,1578,0.058,7907.6736,FALSE
19-07-1991 08:00,1375,0.052,6177.6,FALSE
20-07-1991 08:00,1268,0.07,7668.864,FALSE
21-07-1991 08:00,1551,0.06,8040.384,FALSE
22-07-1991 08:00,1424,0.047,5782.5792,FALSE
23-07-1991 08:00,1299,0.043,4826.0448,FALSE
24-07-1991 08:00,1678,0.118,17107.5456,FALSE
25-07-1991 08:00,1630,0.054,7604.928,FALSE
26-07-1991 08:00,1804,0.043,6702.2208,FALSE
27-07-1991 08:00,3756,0.446,144735.2064,FALSE
28-07-1991 08:00,4568,0.16,63148.032,FALSE
29-07-1991 08:00,3017,0.148,38578.9824,FALSE
30-07-1991 08:00,2245,0.167,32392.656,FALSE
31-07-1991 08:00,2557,0.072,15906.5856,FALSE
01-08-1991 08:00,2921,0.077,19432.8288,FALSE
02-08-1991 08:00,1905,0.06,9875.52,FALSE
03-08-1991 08:00,1248,0.054,5822.6688,FALSE
04-08-1991 08:00,1178,0.063,6412.0896,FALSE
05-08-1991 08:00,925.6,0.071,5678.00064,FALSE
06-08-1991 08:00,833.5,0.06,4320.864,FALSE
07-08-1991 08:00,914.3,0.094,7425.57888,FALSE
08-08-1991 08:00,980.1,0.07,5927.6448,FALSE
09-08-1991 08:00,994.8,0.072,6188.45184,FALSE
10-08-1991 08:00,1046,0.074,6687.7056,FALSE
11-08-1991 08:00,942.1,0.09,7325.7696,FALSE
12-08-1991 08:00,1135,0.107,10492.848,FALSE
13-08-1991 08:00,1432,0.127,15713.0496,FALSE
14-08-1991 08:00,2146,0.142,26328.8448,FALSE
15-08-1991 08:00,2493,0.084,18093.1968,FALSE
16-08-1991 08:00,2313,0.091,18185.7312,FALSE
17-08-1991 08:00,2582,0.052,11600.4096,FALSE
18-08-1991 08:00,2252,0.049,9534.0672,FALSE
19-08-1991 08:00,1833,0.098,15520.3776,FALSE
20-08-1991 08:00,1179,0.027,2750.3712,FALSE
21-08-1991 08:00,1085,0.03,2812.32,FALSE
22-08-1991 08:00,1694,0.118,17270.6688,FALSE
23-08-1991 08:00,1412,0.047,5733.8496,FALSE
24-08-1991 08:00,1139,0.037,3641.1552,FALSE
25-08-1991 08:00,1083,0.047,4397.8464,FALSE
26-08-1991 08:00,1011,0.056,4891.6224,FALSE
27-08-1991 08:00,946,0.039,3187.6416,FALSE
28-08-1991 08:00,724.3,0.024,1501.90848,FALSE
29-08-1991 08:00,647.2,0.03,1677.5424,FALSE
30-08-1991 08:00,642.5,0.032,1776.384,FALSE
31-08-1991 08:00,549.6,0.04,1899.4176,FALSE
01-09-1991 08:00,497.2,0.033,1417.61664,FALSE
02-09-1991 08:00,447.3,0.026,1004.81472,FALSE
03-09-1991 08:00,389.1,0.029,974.92896,FALSE
04-09-1991 08:00,353.9,0.023,703.27008,FALSE
05-09-1991 08:00,324.1,0.013,364.02912,FALSE
06-09-1991 08:00,302.1,0.008,208.81152,FALSE
07-09-1991 08:00,282.8,0.018,439.81056,FALSE
08-09-1991 08:00,268.4,0.015,347.8464,FALSE
09-09-1991 08:00,262.6,0.013,294.95232,FALSE
10-09-1991 08:00,241.1,0.013,270.80352,FALSE
11-09-1991 08:00,224.7,0.019,368.86752,FALSE
12-09-1991 08:00,210.8,0.017,309.62304,FALSE
13-09-1991 08:00,211.5,0.015,274.104,FALSE
14-09-1991 08:00,207.8,0.016,287.26272,FALSE
15-09-1991 08:00,245.1,0.021,444.70944,FALSE
16-09-1991 08:00,295.7,0.026,664.26048,FALSE
17-09-1991 08:00,255.7,0.031,684.86688,FALSE
18-09-1991 08:00,208.2,0.018,323.79264,FALSE
19-09-1991 08:00,183.8,0.011,174.68352,FALSE
20-09-1991 08:00,171.2,0.009,133.12512,FALSE
21-09-1991 08:00,169.6,0.01,146.5344,FALSE
22-09-1991 08:00,179.2,0.013,201.27744,FALSE
23-09-1991 08:00,223.2,0.015,289.2672,FALSE
24-09-1991 08:00,357.4,0.03,926.3808,FALSE
25-09-1991 08:00,298.4,0.062,1598.46912,FALSE
26-09-1991 08:00,204.5,0.025,441.72,FALSE
27-09-1991 08:00,194.8,0.011,185.13792,FALSE
28-09-1991 08:00,211.6,0.012,219.38688,FALSE
29-09-1991 08:00,294.7,0.033,840.24864,FALSE
30-09-1991 08:00,198.8,0.054,927.52128,FALSE
01-10-1991 08:00,245.7,0.104,2207.76192,FALSE
02-10-1991 08:00,208.8,0.079,1425.18528,FALSE
03-10-1991 08:00,278.3,0.053,1274.39136,FALSE
04-10-1991 08:00,250.4,0.151,3266.81856,FALSE
05-10-1991 08:00,449.3,0.197,7647.44544,FALSE
06-10-1991 08:00,323.6,0.119,3327.12576,FALSE
07-10-1991 08:00,278.9,0.039,939.78144,FALSE
08-10-1991 08:00,491.1,0.073,3097.46592,FALSE
09-10-1991 08:00,314.2,0.083,2253.19104,FALSE
10-10-1991 08:00,222,0.025,479.52,FALSE
11-10-1991 08:00,229.9,0.019,377.40384,FALSE
12-10-1991 08:00,191.8,0.023,381.14496,FALSE
13-10-1991 08:00,271,0.028,655.6032,FALSE
14-10-1991 08:00,181.5,0.033,517.4928,FALSE
15-10-1991 08:00,213,0.032,588.9024,FALSE
16-10-1991 08:00,161.4,0.04,557.7984,FALSE
17-10-1991 08:00,168.7,0.036,524.72448,FALSE
18-10-1991 08:00,214.8,0.027,501.08544,FALSE
19-10-1991 08:00,157.4,0.026,353.58336,FALSE
20-10-1991 08:00,146.8,0.023,291.72096,FALSE
21-10-1991 08:00,135.3,0.018,210.41856,FALSE
22-10-1991 08:00,126,0.014,152.4096,FALSE
23-10-1991 08:00,157.8,0.02,272.6784,FALSE
24-10-1991 08:00,138.2,0.025,298.512,FALSE
25-10-1991 08:00,166.5,0.031,445.9536,FALSE
26-10-1991 08:00,183.4,0.036,570.44736,FALSE
27-10-1991 08:00,176.4,0.041,624.87936,FALSE
28-10-1991 08:00,123.2,0.047,500.29056,FALSE
29-10-1991 08:00,118.9,0.045,462.2832,FALSE
30-10-1991 08:00,142.2,0.018,221.14944,FALSE
31-10-1991 08:00,165,0.029,413.424,FALSE
01-11-1991 08:00,134.4,0.015,174.1824,FALSE
02-11-1991 08:00,119.5,0.013,134.2224,FALSE
03-11-1991 08:00,109.6,0.017,160.98048,FALSE
04-11-1991 08:00,307.2,0.019,504.29952,FALSE
05-11-1991 08:00,204.3,0.061,1076.74272,FALSE
06-11-1991 08:00,216,0.102,1903.5648,FALSE
07-11-1991 08:00,155.4,0.031,416.22336,FALSE
08-11-1991 08:00,127.9,0.039,430.97184,FALSE
09-11-1991 08:00,115.8,0.024,240.12288,FALSE
10-11-1991 08:00,152.2,0.047,618.05376,FALSE
11-11-1991 08:00,140.4,0.071,861.26976,FALSE
12-11-1991 08:00,141.5,0.018,220.0608,FALSE
13-11-1991 08:00,111,0.022,210.9888,FALSE
14-11-1991 08:00,99.94,0.018,155.426688,FALSE
15-11-1991 08:00,92.9,0.014,112.37184,FALSE
16-11-1991 08:00,89.42,0.016,123.614208,FALSE
17-11-1991 08:00,89.92,0.017,132.074496,FALSE
18-11-1991 08:00,151.3,0.019,248.37408,FALSE
19-11-1991 08:00,136.8,0.075,886.464,FALSE
20-11-1991 08:00,98.81,0.02,170.74368,FALSE
21-11-1991 08:00,87.56,0.018,136.173312,FALSE
22-11-1991 08:00,82.26,0.015,106.60896,FALSE
23-11-1991 08:00,78.74,0.02,136.06272,FALSE
24-11-1991 08:00,75.96,0.026,170.636544,FALSE
25-11-1991 08:00,72.08,0.032,199.286784,FALSE
26-11-1991 08:00,70,0.014,84.672,FALSE
27-11-1991 08:00,68.14,0.018,105.971328,FALSE
28-11-1991 08:00,66.01,0.009,51.329376,FALSE
29-11-1991 08:00,64.45,0.006,33.41088,FALSE
30-11-1991 08:00,62.62,0.008,43.282944,FALSE
01-12-1991 08:00,50.79,0.0062,27.2071872,FALSE
02-12-1991 08:00,49.95,0.0039,16.831152,FALSE
03-12-1991 08:00,48.79,0.0066,27.8220096,FALSE
04-12-1991 08:00,48.12,0.0032,13.3042176,FALSE
05-12-1991 08:00,46.32,0.0062,24.8126976,FALSE
06-12-1991 08:00,44.86,0.0063,24.4181952,FALSE
07-12-1991 08:00,43.58,0.004,15.061248,FALSE
08-12-1991 08:00,42.63,0.0036,13.2596352,FALSE
09-12-1991 08:00,41.68,0.0031,11.1635712,FALSE
10-12-1991 08:00,40.28,0.0069,24.0133248,FALSE
11-12-1991 08:00,39.66,0.0049,16.7904576,FALSE
12-12-1991 08:00,38.44,0.0022,7.3066752,FALSE
13-12-1991 08:00,37.98,0.008,26.251776,FALSE
14-12-1991 08:00,36.63,0.006,18.988992,FALSE
15-12-1991 08:00,35.74,0.0059,18.2188224,FALSE
16-12-1991 08:00,34.42,0.0058,17.2485504,FALSE
17-12-1991 08:00,33.55,0.0057,16.522704,FALSE
18-12-1991 08:00,33.12,0.0053,15.1663104,FALSE
19-12-1991 08:00,32.69,0.0038,10.7327808,FALSE
20-12-1991 08:00,32.26,0.0027,7.5256128,FALSE
21-12-1991 08:00,31.41,0.005,13.56912,FALSE
22-12-1991 08:00,31.13,0.004,10.758528,FALSE
23-12-1991 08:00,29.61,0.003,7.674912,FALSE
24-12-1991 08:00,29.61,0.0081,20.7222624,FALSE
25-12-1991 08:00,28.52,0.0065,16.016832,FALSE
26-12-1991 08:00,27.58,0.005,11.91456,FALSE
27-12-1991 08:00,27.44,0.0096,22.7598336,FALSE
28-12-1991 08:00,27.31,0.0039,9.2023776,FALSE
29-12-1991 08:00,26.52,0.004,9.165312,FALSE
30-12-1991 08:00,25.87,0.0042,9.3877056,FALSE
31-12-1991 08:00,25.35,0.0101,22.121424,FALSE
01-01-1992 08:00,24.58,0.0049,10.4061888,FALSE
02-01-1992 08:00,24.58,0.0085,18.051552,FALSE
03-01-1992 08:00,24.2,0.006,12.54528,FALSE
04-01-1992 08:00,23.95,0.0113,23.382864,FALSE
05-01-1992 08:00,22.96,0.0096,19.0439424,FALSE
06-01-1992 08:00,21.73,0.0079,14.8320288,FALSE
07-01-1992 08:00,20.19,0.0063,10.9898208,FALSE
08-01-1992 08:00,19.84,0.0075,12.85632,FALSE
09-01-1992 08:00,19.84,0.0062,10.6278912,FALSE
10-01-1992 08:00,19.04,0.0057,9.3768192,FALSE
11-01-1992 08:00,18.14,0.0054,8.4633984,FALSE
12-01-1992 08:00,18.25,0.006,9.4608,FALSE
13-01-1992 08:00,17.58,0.0067,10.1767104,FALSE
14-01-1992 08:00,16.93,0.0062,9.0690624,FALSE
15-01-1992 08:00,16.29,0.0088,12.3856128,FALSE
16-01-1992 08:00,15.55,0.0113,15.181776,FALSE
17-01-1992 08:00,15.04,0.0038,4.9379328,FALSE
18-01-1992 08:00,15.04,0.005,6.49728,FALSE
19-01-1992 08:00,14.93,0.0058,7.4817216,FALSE
20-01-1992 08:00,14.73,0.0067,8.5269024,FALSE
21-01-1992 08:00,14.03,0.006,7.273152,FALSE
22-01-1992 08:00,13.83,0.0043,5.1381216,FALSE
23-01-1992 08:00,13.54,0.0087,10.1777472,FALSE
24-01-1992 08:00,12.96,0.0115,12.877056,FALSE
25-01-1992 08:00,12.29,0.0032,3.3979392,FALSE
26-01-1992 08:00,12.02,0.0061,6.3350208,FALSE
27-01-1992 08:00,11.65,0.009,9.05904,FALSE
28-01-1992 08:00,10.67,0.0078,7.1907264,FALSE
29-01-1992 08:00,10.15,0.0058,5.086368,FALSE
30-01-1992 08:00,9.98,0.0044,3.7939968,FALSE
31-01-1992 08:00,9.98,0.0073,6.2945856,FALSE
01-02-1992 08:00,9.728,0.004,3.3619968,FALSE
02-02-1992 08:00,9.645,0.0043,3.5833104,FALSE
03-02-1992 08:00,9.232,0.0046,3.66916608,FALSE
04-02-1992 08:00,9.478,0.0054,4.42205568,FALSE
05-02-1992 08:00,9.232,0.0052,4.14775296,FALSE
06-02-1992 08:00,9.232,0.0072,5.74304256,FALSE
07-02-1992 08:00,9.232,0.0071,5.66327808,FALSE
08-02-1992 08:00,8.75,0.0075,5.67,FALSE
09-02-1992 08:00,8.513,0.0074,5.44287168,FALSE
10-02-1992 08:00,8.513,0.0073,5.36931936,FALSE
11-02-1992 08:00,8.279,0.0056,4.00571136,FALSE
12-02-1992 08:00,8.279,0.0057,4.07724192,FALSE
13-02-1992 08:00,8.049,0.0039,2.71219104,FALSE
14-02-1992 08:00,7.822,0.0058,3.91976064,FALSE
15-02-1992 08:00,7.598,0.0068,4.46397696,FALSE
16-02-1992 08:00,7.524,0.0068,4.42050048,FALSE
17-02-1992 08:00,6.945,0.0068,4.0803264,FALSE
18-02-1992 08:00,6.527,0.0068,3.83474304,FALSE
19-02-1992 08:00,6.322,0.0041,2.23950528,FALSE
20-02-1992 08:00,6.121,0.0069,3.64909536,FALSE
21-02-1992 08:00,5.923,0.0077,3.94045344,FALSE
22-02-1992 08:00,6.121,0.0057,3.01447008,FALSE
23-02-1992 08:00,5.165,0.0047,2.0974032,FALSE
24-02-1992 08:00,5.349,0.0036,1.66375296,FALSE
25-02-1992 08:00,5.349,0.0042,1.94104512,FALSE
26-02-1992 08:00,5.349,0.0044,2.03347584,FALSE
27-02-1992 08:00,5.165,0.0063,2.8114128,FALSE
28-02-1992 08:00,4.984,0.0079,3.40187904,FALSE
29-02-1992 08:00,4.806,0.0077,3.19733568,FALSE
01-03-1992 08:00,4.632,0.0087,3.48178176,FALSE
02-03-1992 08:00,4.129,0.0096,3.42475776,FALSE
03-03-1992 08:00,3.968,0.0065,2.2284288,FALSE
04-03-1992 08:00,3.811,0.0055,1.8109872,FALSE
05-03-1992 08:00,3.657,0.0054,1.70620992,FALSE
06-03-1992 08:00,3.507,0.0036,1.09081728,FALSE
07-03-1992 08:00,3.36,0.0059,1.7127936,FALSE
08-03-1992 08:00,3.217,0.0065,1.8066672,FALSE
09-03-1992 08:00,3.077,0.0071,1.88755488,FALSE
10-03-1992 08:00,2.809,0.0097,2.35416672,FALSE
11-03-1992 08:00,2.554,0.0062,1.36812672,FALSE
12-03-1992 08:00,2.432,0.0072,1.51289856,FALSE
13-03-1992 08:00,2.68,0.0048,1.1114496,FALSE
14-03-1992 08:00,2.554,0.007,1.5446592,FALSE
15-03-1992 08:00,2.432,0.0101,2.12226048,FALSE
16-03-1992 08:00,2.088,0.0132,2.38132224,FALSE
17-03-1992 08:00,1.499,0.0127,1.64482272,FALSE
18-03-1992 08:00,1.414,0.0092,1.12396032,FALSE
19-03-1992 08:00,1.681,0.0073,1.06024032,FALSE
20-03-1992 08:00,2.314,0.0066,1.31953536,FALSE
21-03-1992 08:00,1.255,0.0071,0.7698672,FALSE
22-03-1992 08:00,1.111,0.0069,0.66233376,FALSE
23-03-1992 08:00,1.332,0.0066,0.75955968,FALSE
24-03-1992 08:00,1.332,0.0068,0.78257664,FALSE
25-03-1992 08:00,0.981,0.0069,0.58483296,FALSE
26-03-1992 08:00,0.868,0.0103,0.77245056,FALSE
27-03-1992 08:00,0.904,0.0078,0.60922368,FALSE
28-03-1992 08:00,0.816,0.007,0.4935168,FALSE
29-03-1992 08:00,0.904,0.0054,0.42177024,FALSE
30-03-1992 08:00,0.923,0.0038,0.30303936,FALSE
31-03-1992 08:00,0.769,0.0037,0.24583392,FALSE
01-04-1992 08:00,0.65,0.002,0.11232,FALSE
02-04-1992 08:00,0.519,0.0081,0.36321696,FALSE
03-04-1992 08:00,0.519,0.0042,0.18833472,FALSE
04-04-1992 08:00,0.519,0.0046,0.20627136,FALSE
05-04-1992 08:00,0.519,0.005,0.224208,FALSE
06-04-1992 08:00,0.664,0.0054,0.30979584,FALSE
07-04-1992 08:00,0.513,0.0081,0.35901792,FALSE
08-04-1992 08:00,0.508,0.0062,0.27212544,FALSE
09-04-1992 08:00,0.65,0.0133,0.746928,FALSE
10-04-1992 08:00,0.65,0.0043,0.241488,FALSE
11-04-1992 08:00,0.726,0.0047,0.29481408,FALSE
12-04-1992 08:00,0.686,0.0044,0.26078976,FALSE
13-04-1992 08:00,0.619,0.004,0.2139264,FALSE
14-04-1992 08:00,0.567,0.0048,0.23514624,FALSE
15-04-1992 08:00,0.507,0.0056,0.24530688,FALSE
16-04-1992 08:00,0.507,0.0063,0.27597024,FALSE
17-04-1992 08:00,0.518,0.0061,0.27300672,FALSE
18-04-1992 08:00,0.576,0.0059,0.29362176,FALSE
19-04-1992 08:00,0.621,0.0082,0.43996608,FALSE
20-04-1992 08:00,0.6,0.0105,0.54432,FALSE
21-04-1992 08:00,0.666,0.0125,0.71928,FALSE
22-04-1992 08:00,0.82,0.0082,0.5809536,FALSE
23-04-1992 08:00,0.629,0.0098,0.53258688,FALSE
24-04-1992 08:00,0.531,0.0049,0.22480416,FALSE
25-04-1992 08:00,0.508,0.0043,0.18873216,FALSE
26-04-1992 08:00,0.507,0.0055,0.2409264,FALSE
27-04-1992 08:00,0.511,0.0067,0.29580768,FALSE
28-04-1992 08:00,0.531,0.0083,0.38079072,FALSE
29-04-1992 08:00,0.866,0.0072,0.53872128,FALSE
30-04-1992 08:00,1.54,0.0056,0.7451136,FALSE
01-05-1992 08:00,2.816,0.0142,3.45489408,FALSE
02-05-1992 08:00,2.597,0.0145,3.2535216,FALSE
03-05-1992 08:00,3.033,0.0096,2.51569152,FALSE
04-05-1992 08:00,2.199,0.0046,0.87397056,FALSE
05-05-1992 08:00,1.36,0.0049,0.5757696,FALSE
06-05-1992 08:00,1.619,0.0036,0.50357376,FALSE
07-05-1992 08:00,2.088,0.0024,0.43296768,FALSE
08-05-1992 08:00,4.359,0.0029,1.09219104,FALSE
09-05-1992 08:00,4.186,0.006,2.1700224,FALSE
10-05-1992 08:00,3.865,0.0092,3.0722112,FALSE
11-05-1992 08:00,3.507,0.0123,3.72695904,FALSE
12-05-1992 08:00,5.541,0.0096,4.59592704,FALSE
13-05-1992 08:00,5.924,0.0111,5.68135296,FALSE
14-05-1992 08:00,7.986,0.0041,2.82896064,FALSE
15-05-1992 08:00,58.35,0.1926,970.981344,FALSE
16-05-1992 08:00,26.26,0.101,229.155264,FALSE
17-05-1992 08:00,14.84,0.0974,124.8839424,FALSE
18-05-1992 08:00,13.06,0.0943,106.4066112,FALSE
19-05-1992 08:00,17.82,0.0722,111.1625856,FALSE
20-05-1992 08:00,24.2,0.0816,170.615808,FALSE
21-05-1992 08:00,19.39,0.0304,50.9289984,FALSE
22-05-1992 08:00,13.44,0.0195,22.643712,FALSE
23-05-1992 08:00,9.98,0.0167,14.3999424,FALSE
24-05-1992 08:00,7.018,0.0138,8.36770176,FALSE
25-05-1992 08:00,5.541,0.0109,5.21829216,FALSE
26-05-1992 08:00,4.633,0.008,3.2023296,FALSE
27-05-1992 08:00,3.916,0.0107,3.62026368,FALSE
28-05-1992 08:00,3.171,0.0133,3.64385952,FALSE
29-05-1992 08:00,3.171,0.0096,2.63015424,FALSE
30-05-1992 08:00,2.941,0.0092,2.33774208,FALSE
31-05-1992 08:00,2.809,0,0,TRUE
01-06-1992 08:00,34.64,0.015,44.89344,FALSE
02-06-1992 08:00,30.5,0.036,94.8672,FALSE
03-06-1992 08:00,27.5,0.056,133.056,FALSE
04-06-1992 08:00,38.76,0.111,371.723904,FALSE
05-06-1992 08:00,37.07,0.166,531.672768,FALSE
06-06-1992 08:00,45.95,0.029,115.13232,FALSE
07-06-1992 08:00,47,0.031,125.8848,FALSE
08-06-1992 08:00,55.08,0.033,157.044096,FALSE
09-06-1992 08:00,48.97,0.042,177.702336,FALSE
10-06-1992 08:00,58.38,0.025,126.1008,FALSE
11-06-1992 08:00,39.06,0.037,124.867008,FALSE
12-06-1992 08:00,32.58,0.035,98.52192,FALSE
13-06-1992 08:00,27.22,0.034,79.961472,FALSE
14-06-1992 08:00,220.9,0.048,916.11648,FALSE
15-06-1992 08:00,83.56,0.065,469.27296,FALSE
16-06-1992 08:00,182,0.112,1761.1776,FALSE
17-06-1992 08:00,285.1,0.126,3103.71264,FALSE
18-06-1992 08:00,352.3,0.118,3591.76896,FALSE
19-06-1992 08:00,1483,0.658,84310.3296,FALSE
20-06-1992 08:00,2078,0.374,67147.6608,FALSE
21-06-1992 08:00,1802,0.221,34408.1088,FALSE
22-06-1992 08:00,1318,0.068,7743.5136,FALSE
23-06-1992 08:00,909.6,0.04,3143.5776,FALSE
24-06-1992 08:00,792.9,0.057,3904.87392,FALSE
25-06-1992 08:00,526,0.029,1317.9456,FALSE
26-06-1992 08:00,568,0.037,1815.7824,FALSE
27-06-1992 08:00,678.8,0.062,3636.19584,FALSE
28-06-1992 08:00,1673,0.152,21971.1744,FALSE
29-06-1992 08:00,2040,0.1996,35180.6976,FALSE
30-06-1992 08:00,1200,0.073,7568.64,FALSE
01-07-1992 08:00,999,0.064,5524.0704,FALSE
02-07-1992 08:00,733.4,0.029,1837.60704,FALSE
03-07-1992 08:00,911.3,0.027,2125.88064,FALSE
04-07-1992 08:00,596.9,0.037,1908.16992,FALSE
05-07-1992 08:00,480.2,0.031,1286.16768,FALSE
06-07-1992 08:00,472.1,0.025,1019.736,FALSE
07-07-1992 08:00,823.6,0.077,5479.24608,FALSE
08-07-1992 08:00,582.8,0.127,6394.94784,FALSE
09-07-1992 08:00,568.9,0.045,2211.8832,FALSE
10-07-1992 08:00,423.7,0.027,988.40736,FALSE
11-07-1992 08:00,374.2,0.024,775.94112,FALSE
12-07-1992 08:00,360.2,0.019,591.30432,FALSE
13-07-1992 08:00,395.3,0.017,580.61664,FALSE
14-07-1992 08:00,582.3,0.044,2213.67168,FALSE
15-07-1992 08:00,552.3,0.023,1097.53056,FALSE
16-07-1992 08:00,711.5,0.077,4733.4672,FALSE
17-07-1992 08:00,1322,0.145,16562.016,FALSE
18-07-1992 08:00,1719,0.131,19456.3296,FALSE
19-07-1992 08:00,1468,0.117,14839.7184,FALSE
20-07-1992 08:00,2025,0.102,17845.92,FALSE
21-07-1992 08:00,2702,0.165,38519.712,FALSE
22-07-1992 08:00,1824,0.048,7564.4928,FALSE
23-07-1992 08:00,1383,0.034,4062.7008,FALSE
24-07-1992 08:00,1687,0.063,9182.6784,FALSE
25-07-1992 08:00,1650,0.059,8411.04,FALSE
26-07-1992 08:00,1794,0.125,19375.2,FALSE
27-07-1992 08:00,3342,0.192,55439.7696,FALSE
28-07-1992 08:00,2736,0.072,17020.1088,FALSE
29-07-1992 08:00,2340,0.066,13343.616,FALSE
30-07-1992 08:00,1586,0.028,3836.8512,FALSE
31-07-1992 08:00,1416,0.031,3792.6144,FALSE
01-08-1992 08:00,1484,0.069,8847.0144,FALSE
02-08-1992 08:00,1290,0.053,5907.168,FALSE
03-08-1992 08:00,1249,0.038,4100.7168,FALSE
04-08-1992 08:00,1288,0.057,6343.1424,FALSE
05-08-1992 08:00,1095,0.041,3878.928,FALSE
06-08-1992 08:00,1052,0.048,4362.8544,FALSE
07-08-1992 08:00,784.2,0.009,609.79392,FALSE
08-08-1992 08:00,727.8,0.053,3332.74176,FALSE
09-08-1992 08:00,637.4,0.05,2753.568,FALSE
10-08-1992 08:00,997.5,0.046,3964.464,FALSE
11-08-1992 08:00,1421,0.074,9085.3056,FALSE
12-08-1992 08:00,1260,0.043,4681.152,FALSE
13-08-1992 08:00,1491,0.034,4379.9616,FALSE
14-08-1992 08:00,1896,0.064,10484.1216,FALSE
15-08-1992 08:00,2308,0.098,19542.2976,FALSE
16-08-1992 08:00,1968,0.123,20914.3296,FALSE
17-08-1992 08:00,2603,0.148,33285.0816,FALSE
18-08-1992 08:00,2984,0.108,27844.3008,FALSE
19-08-1992 08:00,2568,0.061,13534.3872,FALSE
20-08-1992 08:00,2120,0.049,8975.232,FALSE
21-08-1992 08:00,1875,0.07,11340,FALSE
22-08-1992 08:00,1396,0.039,4703.9616,FALSE
23-08-1992 08:00,1236,0.034,3630.8736,FALSE
24-08-1992 08:00,1019,0.029,2553.2064,FALSE
25-08-1992 08:00,859,0.022,1632.7872,FALSE
26-08-1992 08:00,790.8,0.016,1093.20192,FALSE
27-08-1992 08:00,955.5,0.023,1898.7696,FALSE
28-08-1992 08:00,766.4,0.07,4635.1872,FALSE
29-08-1992 08:00,1270,0.036,3950.208,FALSE
30-08-1992 08:00,1438,0.041,5093.9712,FALSE
31-08-1992 08:00,1406,0.048,5830.9632,FALSE
01-09-1992 08:00,1242,0.053,5687.3664,FALSE
02-09-1992 08:00,1332,0.051,5869.3248,FALSE
03-09-1992 08:00,1374,0.039,4629.8304,FALSE
04-09-1992 08:00,1362,0.065,7648.992,FALSE
05-09-1992 08:00,1804,0.071,11066.4576,FALSE
06-09-1992 08:00,1810,0.056,8757.504,FALSE
07-09-1992 08:00,1969,0.042,7145.1072,FALSE
08-09-1992 08:00,1639,0.108,15293.8368,FALSE
09-09-1992 08:00,1444,0.035,4366.656,FALSE
10-09-1992 08:00,1106,0.024,2293.4016,FALSE
11-09-1992 08:00,955,0.014,1155.168,FALSE
12-09-1992 08:00,814.3,0.023,1618.17696,FALSE
13-09-1992 08:00,652.4,0.015,845.5104,FALSE
14-09-1992 08:00,568.2,0.007,343.64736,FALSE
15-09-1992 08:00,514,0.007,310.8672,FALSE
16-09-1992 08:00,456.3,0.02,788.4864,FALSE
17-09-1992 08:00,438.6,0.02,757.9008,FALSE
18-09-1992 08:00,400.7,0.008,276.96384,FALSE
19-09-1992 08:00,354.5,0.008,245.0304,FALSE
20-09-1992 08:00,454.4,0.0039,153.114624,FALSE
21-09-1992 08:00,549.7,0.033,1567.30464,FALSE
22-09-1992 08:00,364.6,0.046,1449.06624,FALSE
23-09-1992 08:00,393.5,0.089,3025.8576,FALSE
24-09-1992 08:00,376.9,0.056,1823.59296,FALSE
25-09-1992 08:00,363.5,0.084,2638.1376,FALSE
26-09-1992 08:00,293.4,0.065,1647.7344,FALSE
27-09-1992 08:00,337.3,0.095,2768.5584,FALSE
28-09-1992 08:00,392,0.126,4267.4688,FALSE
29-09-1992 08:00,865,0.281,21000.816,FALSE
30-09-1992 08:00,502.9,0.108,4692.66048,FALSE
01-10-1992 08:00,332.4,0.026,746.70336,FALSE
02-10-1992 08:00,297.1,0.054,1386.14976,FALSE
03-10-1992 08:00,359.6,0.082,2547.69408,FALSE
04-10-1992 08:00,504.2,0.077,3354.34176,FALSE
05-10-1992 08:00,694.4,0.073,4379.71968,FALSE
06-10-1992 08:00,965.8,0.069,5757.71328,FALSE
07-10-1992 08:00,417,0.064,2305.8432,FALSE
08-10-1992 08:00,647,0.171,9559.0368,FALSE
09-10-1992 08:00,474.7,0.082,3363.15456,FALSE
10-10-1992 08:00,495.9,0.049,2099.44224,FALSE
11-10-1992 08:00,321.5,0.029,805.5504,FALSE
12-10-1992 08:00,311.7,0.01,269.3088,FALSE
13-10-1992 08:00,278.8,0.013,313.14816,FALSE
14-10-1992 08:00,250.6,0.014,303.12576,FALSE
15-10-1992 08:00,276.9,0.026,622.02816,FALSE
16-10-1992 08:00,436,0.081,3051.3024,FALSE
17-10-1992 08:00,277.4,0.034,814.89024,FALSE
18-10-1992 08:00,220,0.01,190.08,FALSE
19-10-1992 08:00,199.8,0.01,172.6272,FALSE
20-10-1992 08:00,239.9,0.012,248.72832,FALSE
21-10-1992 08:00,226.1,0.029,566.51616,FALSE
22-10-1992 08:00,208.7,0.016,288.50688,FALSE
23-10-1992 08:00,231,0.02,399.168,FALSE
24-10-1992 08:00,201.6,0.021,365.78304,FALSE
25-10-1992 08:00,176.4,0.025,381.024,FALSE
26-10-1992 08:00,300.4,0.038,986.27328,FALSE
27-10-1992 08:00,180.4,0.029,452.01024,FALSE
28-10-1992 08:00,203.6,0.021,369.41184,FALSE
29-10-1992 08:00,180.3,0.023,358.29216,FALSE
30-10-1992 08:00,144.1,0.015,186.7536,FALSE
31-10-1992 08:00,133.4,0.014,161.36064,FALSE
01-11-1992 08:00,124.6,0.014,150.71616,FALSE
02-11-1992 08:00,119.6,0.015,155.0016,FALSE
03-11-1992 08:00,152.7,0.01,131.9328,FALSE
04-11-1992 08:00,139.9,0.032,386.79552,FALSE
05-11-1992 08:00,118.6,0.013,133.21152,FALSE
06-11-1992 08:00,129.2,0.022,245.58336,FALSE
07-11-1992 08:00,113.5,0.019,186.3216,FALSE
08-11-1992 08:00,105.4,0.048,437.11488,FALSE
09-11-1992 08:00,230.2,0.078,1551.36384,FALSE
10-11-1992 08:00,149.1,0.05,644.112,FALSE
11-11-1992 08:00,118.8,0.022,225.81504,FALSE
12-11-1992 08:00,101.6,0.015,131.6736,FALSE
13-11-1992 08:00,94.11,0.005,40.65552,FALSE
14-11-1992 08:00,88.68,0.007,53.633664,FALSE
15-11-1992 08:00,97.8,0.008,67.59936,FALSE
16-11-1992 08:00,925.1,0.268,21420.87552,FALSE
17-11-1992 08:00,913.8,0.083,6553.04256,FALSE
18-11-1992 08:00,809,0.147,10274.9472,FALSE
19-11-1992 08:00,422.4,0.024,875.88864,FALSE
20-11-1992 08:00,334.7,0.053,1532.65824,FALSE
21-11-1992 08:00,574.3,0.106,5259.66912,FALSE
22-11-1992 08:00,421.3,0.069,2511.62208,FALSE
23-11-1992 08:00,325.9,0.033,929.20608,FALSE
24-11-1992 08:00,257.4,0.019,422.54784,FALSE
25-11-1992 08:00,207.7,0.015,269.1792,FALSE
26-11-1992 08:00,188.5,0.009,146.5776,FALSE
27-11-1992 08:00,172.4,0.021,312.80256,FALSE
28-11-1992 08:00,158.7,0.004,54.84672,FALSE
29-11-1992 08:00,147.6,0.007,89.26848,FALSE
30-11-1992 08:00,139.6,0.009,108.55296,FALSE
01-12-1992 08:00,130.3,0.0063,70.924896,FALSE
02-12-1992 08:00,123.6,0.0064,68.345856,FALSE
03-12-1992 08:00,118.7,0.0042,43.073856,FALSE
04-12-1992 08:00,113.9,0.006,59.04576,FALSE
05-12-1992 08:00,109.7,0.0065,61.60752,FALSE
06-12-1992 08:00,103.6,0.0063,56.391552,FALSE
07-12-1992 08:00,97.7,0.0061,51.491808,FALSE
08-12-1992 08:00,92.2,0.0058,46.203264,FALSE
09-12-1992 08:00,88.17,0.006,45.707328,FALSE
10-12-1992 08:00,85.01,0.0062,45.5381568,FALSE
11-12-1992 08:00,79.85,0.0063,43.463952,FALSE
12-12-1992 08:00,79.09,0.0064,43.7336064,FALSE
13-12-1992 08:00,75.83,0.0051,33.4137312,FALSE
14-12-1992 08:00,73.85,0.0038,24.246432,FALSE
15-12-1992 08:00,72.39,0.0038,23.7670848,FALSE
16-12-1992 08:00,70.22,0.0051,30.9417408,FALSE
17-12-1992 08:00,67.6,0.0081,47.309184,FALSE
18-12-1992 08:00,64.79,0.0023,12.8750688,FALSE
19-12-1992 08:00,62.73,0.0024,13.0076928,FALSE
20-12-1992 08:00,60.46,0.0028,14.6264832,FALSE
21-12-1992 08:00,57.8,0.0032,15.980544,FALSE
22-12-1992 08:00,55.83,0.0024,11.5769088,FALSE
23-12-1992 08:00,53.89,0.0018,8.3809728,FALSE
24-12-1992 08:00,52.62,0.002,9.092736,FALSE
25-12-1992 08:00,50.11,0.0043,18.6168672,FALSE
26-12-1992 08:00,48.26,0.0067,27.9367488,FALSE
27-12-1992 08:00,47.05,0.0048,19.512576,FALSE
28-12-1992 08:00,46.44,0.0028,11.2347648,FALSE
29-12-1992 08:00,45.65,0.0043,16.959888,FALSE
30-12-1992 08:00,44.07,0.0078,29.6996544,FALSE
31-12-1992 08:00,43.67,0.0026,9.8100288,FALSE
01-01-1993 08:00,43.29,0.0019,7.1064864,FALSE
02-01-1993 08:00,41.93,0.0048,17.3892096,FALSE
03-01-1993 08:00,40.79,0.005,17.62128,FALSE
04-01-1993 08:00,38.91,0.0051,17.1453024,FALSE
05-01-1993 08:00,37.8,0.002,6.53184,FALSE
06-01-1993 08:00,36.88,0.0021,6.6915072,FALSE
07-01-1993 08:00,36.34,0.0018,5.6515968,FALSE
08-01-1993 08:00,35.26,0.0028,8.5300992,FALSE
09-01-1993 08:00,34.73,0.002,6.001344,FALSE
10-01-1993 08:00,33.67,0.003,8.727264,FALSE
11-01-1993 08:00,32.62,0.0041,11.5553088,FALSE
12-01-1993 08:00,32.45,0.0072,20.186496,FALSE
13-01-1993 08:00,32.1,0.0036,9.984384,FALSE
14-01-1993 08:00,31.08,0.004,10.741248,FALSE
15-01-1993 08:00,30.57,0.0045,11.885616,FALSE
16-01-1993 08:00,30.06,0.0072,18.6997248,FALSE
17-01-1993 08:00,29.06,0.0048,12.0517632,FALSE
18-01-1993 08:00,27.27,0.0025,5.89032,FALSE
19-01-1993 08:00,26.14,0.0058,13.0992768,FALSE
20-01-1993 08:00,25.2,0.0035,7.62048,FALSE
21-01-1993 08:00,24.57,0.004,8.491392,FALSE
22-01-1993 08:00,24.11,0.002,4.166208,FALSE
23-01-1993 08:00,23.8,0.0036,7.402752,FALSE
24-01-1993 08:00,23.04,0.0036,7.1663616,FALSE
25-01-1993 08:00,23.04,0.0037,7.3654272,FALSE
26-01-1993 08:00,21.84,0.004,7.547904,FALSE
27-01-1993 08:00,21.1,0.0043,7.839072,FALSE
28-01-1993 08:00,20.22,0.0053,9.2591424,FALSE
29-01-1993 08:00,19.36,0.0052,8.6980608,FALSE
30-01-1993 08:00,18.09,0.0026,4.0637376,FALSE
31-01-1993 08:00,18.09,0.0026,4.0637376,FALSE
01-02-1993 08:00,17.27,0.0027,4.0287456,FALSE
02-02-1993 08:00,16.32,0.0033,4.6531584,FALSE
03-02-1993 08:00,15.65,0.0037,5.002992,FALSE
04-02-1993 08:00,14.86,0.0024,3.0813696,FALSE
05-02-1993 08:00,11.71,0.0048,4.8563712,FALSE
06-02-1993 08:00,11.71,0.0073,7.3857312,FALSE
07-02-1993 08:00,11.79,0.005,5.09328,FALSE
08-02-1993 08:00,12.29,0.0026,2.7608256,FALSE
09-02-1993 08:00,10.01,0.0018,1.5567552,FALSE
10-02-1993 08:00,8.888,0.0035,2.6877312,FALSE
11-02-1993 08:00,9.018,0.0023,1.79205696,FALSE
12-02-1993 08:00,8.703,0.0039,2.93256288,FALSE
13-02-1993 08:00,4.45,0.004,1.53792,FALSE
14-02-1993 08:00,3.382,0.0042,1.22726016,FALSE
15-02-1993 08:00,3.38,0.0043,1.2557376,FALSE
16-02-1993 08:00,3.379,0.0045,1.3137552,FALSE
17-02-1993 08:00,3.379,0.0046,1.34294976,FALSE
18-02-1993 08:00,3.379,0.0048,1.40133888,FALSE
19-02-1993 08:00,3.379,0.005,1.459728,FALSE
20-02-1993 08:00,3.416,0.00052,0.153474048,FALSE
21-02-1993 08:00,3.385,0.0053,1.5500592,FALSE
22-02-1993 08:00,3.379,0.0054,1.57650624,FALSE
23-02-1993 08:00,3.381,0.0064,1.86955776,FALSE
24-02-1993 08:00,3.407,0.0037,1.08914976,FALSE
25-02-1993 08:00,4.081,0.0037,1.30461408,FALSE
26-02-1993 08:00,5.474,0.0053,2.50665408,FALSE
27-02-1993 08:00,5.863,0.0043,2.17822176,FALSE
28-02-1993 08:00,5.847,0.0042,2.12175936,FALSE
01-03-1993 08:00,5.847,0.0041,2.07124128,FALSE
02-03-1993 08:00,5.77,0.0037,1.8445536,FALSE
03-03-1993 08:00,5.832,0.0027,1.36048896,FALSE
04-03-1993 08:00,5.755,0.0027,1.3425264,FALSE
05-03-1993 08:00,5.786,0.0047,2.34957888,FALSE
06-03-1993 08:00,5.709,0.0049,2.41696224,FALSE
07-03-1993 08:00,5.634,0.0039,1.89843264,FALSE
08-03-1993 08:00,5.649,0.0029,1.41541344,FALSE
09-03-1993 08:00,5.589,0.0032,1.54524672,FALSE
10-03-1993 08:00,5.53,0.0024,1.1467008,FALSE
11-03-1993 08:00,5.589,0.003,1.4486688,FALSE
12-03-1993 08:00,5.5,0.002,0.9504,FALSE
13-03-1993 08:00,5.37,0.0026,1.2063168,FALSE
14-03-1993 08:00,5.634,0.003,1.4603328,FALSE
15-03-1993 08:00,5.413,0.0035,1.6368912,FALSE
16-03-1993 08:00,5.413,0.0024,1.12243968,FALSE
17-03-1993 08:00,5.471,0.0028,1.32354432,FALSE
18-03-1993 08:00,5.5,0.0024,1.14048,FALSE
19-03-1993 08:00,5.545,0.0018,0.8623584,FALSE
20-03-1993 08:00,5.5,0.0038,1.80576,FALSE
21-03-1993 08:00,5.413,0.0043,2.01103776,FALSE
22-03-1993 08:00,5.413,0.0047,2.19811104,FALSE
23-03-1993 08:00,5.285,0.005,2.28312,FALSE
24-03-1993 08:00,5.285,0.0048,2.1917952,FALSE
25-03-1993 08:00,5.201,0.0045,2.0221488,FALSE
26-03-1993 08:00,5.078,0.0042,1.84270464,FALSE
27-03-1993 08:00,4.919,0.0019,0.80750304,FALSE
28-03-1993 08:00,4.657,0.0017,0.68402016,FALSE
29-03-1993 08:00,4.384,0.0014,0.53028864,FALSE
30-03-1993 08:00,4.169,0.002,0.7204032,FALSE
31-03-1993 08:00,3.995,0.0019,0.6558192,FALSE
01-04-1993 08:00,3.978,0.0022,0.75613824,FALSE
02-04-1993 08:00,4.141,0.0031,1.10912544,FALSE
03-04-1993 08:00,4.094,0.0015,0.5305824,FALSE
04-04-1993 08:00,4.131,0.0019,0.67814496,FALSE
05-04-1993 08:00,4.084,0.0023,0.81157248,FALSE
06-04-1993 08:00,4.013,0.0027,0.93615264,FALSE
07-04-1993 08:00,3.978,0.002,0.6873984,FALSE
08-04-1993 08:00,3.996,0.0038,1.31196672,FALSE
09-04-1993 08:00,4.075,0.003,1.05624,FALSE
10-04-1993 08:00,4.004,0.0022,0.76108032,FALSE
11-04-1993 08:00,3.953,0.002,0.6830784,FALSE
12-04-1993 08:00,3.85,0.0019,0.632016,FALSE
13-04-1993 08:00,3.654,0.0039,1.23125184,FALSE
14-04-1993 08:00,3.502,0.0057,1.72466496,FALSE
15-04-1993 08:00,3.609,0.0076,2.36981376,FALSE
16-04-1993 08:00,3.379,0.006,1.7516736,FALSE
17-04-1993 08:00,3.392,0.0034,0.99643392,FALSE
18-04-1993 08:00,3.397,0.0025,0.733752,FALSE
19-04-1993 08:00,3.42,0.0017,0.5023296,FALSE
20-04-1993 08:00,3.435,0.0033,0.9793872,FALSE
21-04-1993 08:00,3.456,0.0076,2.26934784,FALSE
22-04-1993 08:00,3.383,0.0019,0.55535328,FALSE
23-04-1993 08:00,3.388,0.0027,0.79035264,FALSE
24-04-1993 08:00,3.387,0.0025,0.731592,FALSE
25-04-1993 08:00,3.399,0.0049,1.43900064,FALSE
26-04-1993 08:00,3.387,0.0073,2.13624864,FALSE
27-04-1993 08:00,3.397,0.0061,1.79035488,FALSE
28-04-1993 08:00,3.43,0.0032,0.9483264,FALSE
29-04-1993 08:00,3.446,0.0019,0.56569536,FALSE
30-04-1993 08:00,3.425,0.0009,0.266328,FALSE
01-05-1993 08:00,3.435,0.0022,0.6529248,FALSE
02-05-1993 08:00,3.427,0.002,0.5921856,FALSE
03-05-1993 08:00,3.43,0.0017,0.5037984,FALSE
04-05-1993 08:00,3.42,0.0056,1.6547328,FALSE
05-05-1993 08:00,3.413,0.0007,0.20641824,FALSE
06-05-1993 08:00,3.427,0.0025,0.740232,FALSE
07-05-1993 08:00,3.465,0.0044,1.3172544,FALSE
08-05-1993 08:00,3.514,0.0021,0.63758016,FALSE
09-05-1993 08:00,3.518,0.0018,0.54711936,FALSE
10-05-1993 08:00,3.588,0.0015,0.4650048,FALSE
11-05-1993 08:00,3.655,0.0012,0.3789504,FALSE
12-05-1993 08:00,3.655,0.0018,0.5684256,FALSE
13-05-1993 08:00,3.606,0.0032,0.99698688,FALSE
14-05-1993 08:00,7.561,0.0019,1.24121376,FALSE
15-05-1993 08:00,11.27,0.0024,2.3369472,FALSE
16-05-1993 08:00,11.12,0.01,9.60768,FALSE
17-05-1993 08:00,1.688,0.0175,2.552256,FALSE
18-05-1993 08:00,2.918,0.0181,4.56328512,FALSE
19-05-1993 08:00,5.063,0.0188,8.22393216,FALSE
20-05-1993 08:00,11.84,0.0103,10.5366528,FALSE
21-05-1993 08:00,13.2,0.0016,1.824768,FALSE
22-05-1993 08:00,16.86,0.011,16.023744,FALSE
23-05-1993 08:00,23.22,0.015,30.09312,FALSE
24-05-1993 08:00,25.24,0.0189,41.2159104,FALSE
25-05-1993 08:00,19.94,0.0372,64.0887552,FALSE
26-05-1993 08:00,14.61,0.026,32.819904,FALSE
27-05-1993 08:00,14.62,0.0053,6.6947904,FALSE
28-05-1993 08:00,7.507,0.0093,6.03202464,FALSE
29-05-1993 08:00,7.507,0.0118,7.65353664,FALSE
30-05-1993 08:00,9.597,0.0072,5.97010176,FALSE
31-05-1993 08:00,8.911,0.0025,1.924776,FALSE
01-06-1993 08:00,10.65,0.005,4.6008,FALSE
02-06-1993 08:00,8.902,0.007,5.3839296,FALSE
03-06-1993 08:00,6.998,0.009,5.4416448,FALSE
04-06-1993 08:00,18.56,0.005,8.01792,FALSE
05-06-1993 08:00,22.31,0,0,TRUE
06-06-1993 08:00,25.8,0.013,28.97856,FALSE
07-06-1993 08:00,25.69,0.017,37.733472,FALSE
08-06-1993 08:00,21.94,0.056,106.154496,FALSE
09-06-1993 08:00,26.77,0.009,20.816352,FALSE
10-06-1993 08:00,28.09,0.015,36.40464,FALSE
11-06-1993 08:00,37.5,0.018,58.32,FALSE
12-06-1993 08:00,50.94,0.015,66.01824,FALSE
13-06-1993 08:00,309.9,0.085,2275.9056,FALSE
14-06-1993 08:00,459,0.125,4957.2,FALSE
15-06-1993 08:00,534.9,0.1886,8716.216896,FALSE
16-06-1993 08:00,284.9,0.064,1575.38304,FALSE
17-06-1993 08:00,290.6,0.045,1129.8528,FALSE
18-06-1993 08:00,445.1,0.052,1999.74528,FALSE
19-06-1993 08:00,667,0.111,6396.7968,FALSE
20-06-1993 08:00,499.4,0.068,2934.07488,FALSE
21-06-1993 08:00,272.2,0.025,587.952,FALSE
22-06-1993 08:00,184,0.017,270.2592,FALSE
23-06-1993 08:00,151.3,0.014,183.01248,FALSE
24-06-1993 08:00,123,0.009,95.6448,FALSE
25-06-1993 08:00,101.3,0.01,87.5232,FALSE
26-06-1993 08:00,91.74,0.0092,72.9222912,FALSE
27-06-1993 08:00,90.41,0.072,562.422528,FALSE
28-06-1993 08:00,144.7,0.07,875.1456,FALSE
29-06-1993 08:00,223.9,0.102,1973.18592,FALSE
30-06-1993 08:00,210.2,0.073,1325.77344,FALSE
01-07-1993 08:00,353.4,0.054,1648.82304,FALSE
02-07-1993 08:00,630,0.098,5334.336,FALSE
03-07-1993 08:00,1091,0.19,17909.856,FALSE
04-07-1993 08:00,1605,0.483,66978.576,FALSE
05-07-1993 08:00,968.3,0.13,10875.9456,FALSE
06-07-1993 08:00,574,0.174,8629.2864,FALSE
07-07-1993 08:00,453.2,0.217,8496.95616,FALSE
08-07-1993 08:00,518.8,0.049,2196.39168,FALSE
09-07-1993 08:00,481.8,0.048,1998.12096,FALSE
10-07-1993 08:00,1230,0.136,14452.992,FALSE
11-07-1993 08:00,1190,0.132,13571.712,FALSE
12-07-1993 08:00,2658,0.325,74636.64,FALSE
13-07-1993 08:00,1403,0.081,9818.7552,FALSE
14-07-1993 08:00,1222,0.035,3695.328,FALSE
15-07-1993 08:00,1493,0.051,6578.7552,FALSE
16-07-1993 08:00,1363,0.051,6005.9232,FALSE
17-07-1993 08:00,1349,0.049,5711.1264,FALSE
18-07-1993 08:00,986.5,0.056,4773.0816,FALSE
20-07-1993 08:00,638.6,0.027,1489.72608,FALSE
21-07-1993 08:00,619.9,0.022,1178.30592,FALSE
22-07-1993 08:00,549.8,0.017,807.54624,FALSE
23-07-1993 08:00,556.9,0.019,914.20704,FALSE
24-07-1993 08:00,695.9,0.07,4208.8032,FALSE
25-07-1993 08:00,1076,0.11,10226.304,FALSE
26-07-1993 08:00,1580,0.15,20476.8,FALSE
27-07-1993 08:00,1617,0.087,12154.6656,FALSE
28-07-1993 08:00,1576,0.04,5446.656,FALSE
29-07-1993 08:00,1498,0.046,5953.6512,FALSE
30-07-1993 08:00,1578,0.052,7089.6384,FALSE
31-07-1993 08:00,1506,0.054,7026.3936,FALSE
01-08-1993 08:00,1712,0.055,8135.424,FALSE
02-08-1993 08:00,1705,0.057,8396.784,FALSE
03-08-1993 08:00,2073,0.053,9492.6816,FALSE
04-08-1993 08:00,1940,0.048,8045.568,FALSE
05-08-1993 08:00,1290,0.034,3789.504,FALSE
06-08-1993 08:00,940.8,0.019,1544.41728,FALSE
07-08-1993 08:00,766.7,0.017,1126.12896,FALSE
08-08-1993 08:00,648.8,0.025,1401.408,FALSE
09-08-1993 08:00,618.7,0.031,1657.12608,FALSE
10-08-1993 08:00,627.9,0.039,2115.77184,FALSE
11-08-1993 08:00,1030,0.037,3292.704,FALSE
12-08-1993 08:00,1411,0.092,11215.7568,FALSE
13-08-1993 08:00,1830,0.074,11700.288,FALSE
14-08-1993 08:00,1775,0.086,13188.96,FALSE
15-08-1993 08:00,1949,0.093,15660.6048,FALSE
16-08-1993 08:00,2182,0.098,18475.4304,FALSE
17-08-1993 08:00,1815,0.091,14270.256,FALSE
18-08-1993 08:00,1540,0.053,7051.968,FALSE
19-08-1993 08:00,1159,0.038,3805.2288,FALSE
20-08-1993 08:00,949.9,0.017,1395.21312,FALSE
21-08-1993 08:00,1019,0.069,6074.8704,FALSE
22-08-1993 08:00,965.7,0.054,4505.56992,FALSE
23-08-1993 08:00,1005,0.039,3386.448,FALSE
24-08-1993 08:00,962,0.03,2493.504,FALSE
25-08-1993 08:00,1187,0.104,10665.9072,FALSE
26-08-1993 08:00,1252,0.187,20228.3136,FALSE
27-08-1993 08:00,1028,0.089,7904.9088,FALSE
28-08-1993 08:00,879.4,0.031,2355.38496,FALSE
29-08-1993 08:00,737.7,0.041,2613.22848,FALSE
30-08-1993 08:00,676.2,0.049,2862.76032,FALSE
31-08-1993 08:00,874,0.064,4832.8704,FALSE
01-09-1993 08:00,1084,0.089,8335.5264,FALSE
02-09-1993 08:00,764.3,0.192,12678.81984,FALSE
03-09-1993 08:00,650.7,0.009,505.98432,FALSE
04-09-1993 08:00,616.3,0.011,585.73152,FALSE
05-09-1993 08:00,745.4,0.022,1416.85632,FALSE
06-09-1993 08:00,812.6,0.031,2176.46784,FALSE
07-09-1993 08:00,814.3,0.051,3588.13152,FALSE
08-09-1993 08:00,753.6,0.043,2799.77472,FALSE
09-09-1993 08:00,666.2,0.047,2705.30496,FALSE
10-09-1993 08:00,560,0.028,1354.752,FALSE
11-09-1993 08:00,472.2,0.073,2978.25984,FALSE
12-09-1993 08:00,514,0.048,2131.6608,FALSE
13-09-1993 08:00,471,0.022,895.2768,FALSE
14-09-1993 08:00,477.6,0.017,701.49888,FALSE
15-09-1993 08:00,387.3,0.012,401.55264,FALSE
16-09-1993 08:00,302.5,0.009,235.224,FALSE
17-09-1993 08:00,312.3,0.009,242.84448,FALSE
18-09-1993 08:00,292.4,0.007,176.84352,FALSE
19-09-1993 08:00,268,0.006,138.9312,FALSE
20-09-1993 08:00,258.5,0.005,111.672,FALSE
21-09-1993 08:00,234.3,0.005,101.2176,FALSE
22-09-1993 08:00,224.9,0.006,116.58816,FALSE
23-09-1993 08:00,261.5,0.018,406.6848,FALSE
24-09-1993 08:00,369.4,0.026,829.82016,FALSE
25-09-1993 08:00,297.4,0.013,334.03968,FALSE
26-09-1993 08:00,227.6,0.01,196.6464,FALSE
27-09-1993 08:00,211.8,0.006,109.79712,FALSE
28-09-1993 08:00,213.7,0.005,92.3184,FALSE
29-09-1993 08:00,206.8,0.015,268.0128,FALSE
30-09-1993 08:00,199.5,0.005,86.184,FALSE
01-10-1993 08:00,258.3,0.032,714.14784,FALSE
02-10-1993 08:00,227.7,0.038,747.58464,FALSE
03-10-1993 08:00,353.4,0.044,1343.48544,FALSE
04-10-1993 08:00,413.1,0.051,1820.28384,FALSE
05-10-1993 08:00,377.2,0.059,1922.81472,FALSE
06-10-1993 08:00,317.9,0.102,2801.58912,FALSE
07-10-1993 08:00,278.5,0.047,1130.9328,FALSE
08-10-1993 08:00,597,0.185,9542.448,FALSE
09-10-1993 08:00,577.4,0.041,2045.38176,FALSE
10-10-1993 08:00,502.5,0.043,1866.888,FALSE
11-10-1993 08:00,392.1,0.046,1558.36224,FALSE
12-10-1993 08:00,349.9,0.023,695.32128,FALSE
13-10-1993 08:00,333,0.069,1985.2128,FALSE
14-10-1993 08:00,515.6,0.133,5924.86272,FALSE
15-10-1993 08:00,375.6,0.048,1557.68832,FALSE
16-10-1993 08:00,729.8,0.05,3152.736,FALSE
17-10-1993 08:00,519.8,0.096,4311.42912,FALSE
18-10-1993 08:00,478.9,0.038,1572.32448,FALSE
19-10-1993 08:00,408.8,0.038,1342.17216,FALSE
20-10-1993 08:00,537.3,0.034,1578.37248,FALSE
21-10-1993 08:00,782.8,0.03,2029.0176,FALSE
22-10-1993 08:00,548.8,0.026,1232.82432,FALSE
23-10-1993 08:00,376.2,0.023,747.58464,FALSE
24-10-1993 08:00,389.4,0.018,605.59488,FALSE
25-10-1993 08:00,332.4,0.015,430.7904,FALSE
26-10-1993 08:00,319.8,0.029,801.29088,FALSE
27-10-1993 08:00,300.2,0.016,414.99648,FALSE
28-10-1993 08:00,234.7,0.017,344.72736,FALSE
29-10-1993 08:00,212,0.012,219.8016,FALSE
30-10-1993 08:00,201.9,0.014,244.21824,FALSE
31-10-1993 08:00,189.2,0.012,196.16256,FALSE
01-11-1993 08:00,197.3,0.009,153.42048,FALSE
02-11-1993 08:00,174.3,0.021,316.24992,FALSE
03-11-1993 08:00,162.6,0.009,126.43776,FALSE
04-11-1993 08:00,154.7,0.008,106.92864,FALSE
05-11-1993 08:00,160.4,0.012,166.30272,FALSE
06-11-1993 08:00,143.8,0.009,111.81888,FALSE
07-11-1993 08:00,130.8,0.009,101.71008,FALSE
08-11-1993 08:00,122.3,0.009,95.10048,FALSE
09-11-1993 08:00,122.6,0.007,74.14848,FALSE
10-11-1993 08:00,123.4,0.008,85.29408,FALSE
11-11-1993 08:00,119.2,0.012,123.58656,FALSE
12-11-1993 08:00,131.3,0.01,113.4432,FALSE
13-11-1993 08:00,146.2,0.009,113.68512,FALSE
14-11-1993 08:00,130.9,0.021,237.50496,FALSE
15-11-1993 08:00,142.6,0.033,406.58112,FALSE
16-11-1993 08:00,116.9,0.012,121.20192,FALSE
17-11-1993 08:00,123.8,0.011,117.65952,FALSE
18-11-1993 08:00,114.8,0.015,148.7808,FALSE
19-11-1993 08:00,107.5,0.009,83.592,FALSE
20-11-1993 08:00,97.94,0.015,126.93024,FALSE
21-11-1993 08:00,90.53,0.011,86.039712,FALSE
22-11-1993 08:00,85.61,0.007,51.776928,FALSE
23-11-1993 08:00,82.01,0.008,56.685312,FALSE
24-11-1993 08:00,79.03,0.005,34.14096,FALSE
25-11-1993 08:00,77.21,0.002,13.341888,FALSE
26-11-1993 08:00,75.2,0.008,51.97824,FALSE
27-11-1993 08:00,74.4,0.006,38.56896,FALSE
28-11-1993 08:00,71,0.005,30.672,FALSE
29-11-1993 08:00,67.92,0.004,23.473152,FALSE
30-11-1993 08:00,65.71,0.004,22.709376,FALSE
01-12-1993 08:00,61.44,0.0034,18.0486144,FALSE
02-12-1993 08:00,60.01,0.0057,29.5537248,FALSE
03-12-1993 08:00,58.61,0.0098,49.6262592,FALSE
04-12-1993 08:00,57.25,0.003,14.8392,FALSE
05-12-1993 08:00,56.15,0.0037,17.950032,FALSE
06-12-1993 08:00,58.84,0.0045,22.876992,FALSE
07-12-1993 08:00,81.56,0.0049,34.5292416,FALSE
08-12-1993 08:00,365.4,0.0068,214.679808,FALSE
09-12-1993 08:00,112.5,0.0087,84.564,FALSE
10-12-1993 08:00,77.72,0.0106,71.1790848,FALSE
11-12-1993 08:00,66.77,0.0119,68.6502432,FALSE
12-12-1993 08:00,60.02,0.0087,45.1158336,FALSE
13-12-1993 08:00,57.03,0.0054,26.6079168,FALSE
14-12-1993 08:00,55.07,0.003,14.274144,FALSE
15-12-1993 08:00,52.55,0.0051,23.155632,FALSE
16-12-1993 08:00,50.55,0.0022,9.608544,FALSE
17-12-1993 08:00,48.99,0.0053,22.4335008,FALSE
18-12-1993 08:00,47.3,0.0023,9.399456,FALSE
19-12-1993 08:00,46.2,0.0032,12.773376,FALSE
20-12-1993 08:00,45.13,0.0041,15.9868512,FALSE
21-12-1993 08:00,43.55,0.0041,15.427152,FALSE
22-12-1993 08:00,41.86,0.0031,11.2117824,FALSE
23-12-1993 08:00,41.02,0.0039,13.8220992,FALSE
24-12-1993 08:00,40.04,0.0072,24.9080832,FALSE
25-12-1993 08:00,38.28,0.0065,21.498048,FALSE
26-12-1993 08:00,36.55,0.0058,18.315936,FALSE
27-12-1993 08:00,35.17,0.0051,15.4973088,FALSE
28-12-1993 08:00,33.96,0.0056,16.4312064,FALSE
29-12-1993 08:00,32.16,0.0066,18.3389184,FALSE
30-12-1993 08:00,31.72,0.0034,9.3180672,FALSE
31-12-1993 08:00,31.12,0.0035,9.410688,FALSE
01-01-1994 08:00,30.09,0.0045,11.698992,FALSE
02-01-1994 08:00,29.35,0.0033,8.368272,FALSE
03-01-1994 08:00,26.99,0.0021,4.8970656,FALSE
04-01-1994 08:00,25.65,0.0016,3.545856,FALSE
05-01-1994 08:00,24.76,0.0059,12.6216576,FALSE
06-01-1994 08:00,24.76,0.0047,10.0545408,FALSE
07-01-1994 08:00,23.25,0.0042,8.43696,FALSE
08-01-1994 08:00,22.49,0.0032,6.2180352,FALSE
09-01-1994 08:00,21.1,0.0071,12.943584,FALSE
10-01-1994 08:00,20.17,0.011,19.169568,FALSE
11-01-1994 08:00,19.22,0.0039,6.4763712,FALSE
12-01-1994 08:00,18.25,0.0069,10.87992,FALSE
13-01-1994 08:00,18.25,0.0097,15.29496,FALSE
14-01-1994 08:00,18.25,0.0077,12.14136,FALSE
15-01-1994 08:00,24.53,0.0056,11.8685952,FALSE
16-01-1994 08:00,18.06,0.006,9.362304,FALSE
17-01-1994 08:00,17.13,0.0064,9.4722048,FALSE
18-01-1994 08:00,16.79,0.004,5.802624,FALSE
19-01-1994 08:00,15.35,0.0052,6.896448,FALSE
20-01-1994 08:00,14.57,0.0031,3.9024288,FALSE
21-01-1994 08:00,14.47,0.0044,5.5009152,FALSE
22-01-1994 08:00,13.02,0.0079,8.8869312,FALSE
23-01-1994 08:00,13.39,0.0057,6.5943072,FALSE
24-01-1994 08:00,13.92,0.0036,4.3296768,FALSE
25-01-1994 08:00,12.52,0.006,6.490368,FALSE
26-01-1994 08:00,13.31,0.0051,5.8649184,FALSE
28-01-1994 08:00,13.04,0.0027,3.0419712,FALSE
29-01-1994 08:00,13.21,0.0019,2.1685536,FALSE
30-01-1994 08:00,13.37,0.0028,3.2344704,FALSE
31-01-1994 08:00,13.57,0.0037,4.3380576,FALSE
01-02-1994 08:00,11.24,0.0023,2.2336128,FALSE
02-02-1994 08:00,9.962,0.0025,2.151792,FALSE
03-02-1994 08:00,9.493,0.003,2.4605856,FALSE
04-02-1994 08:00,9.424,0.0043,3.50120448,FALSE
05-02-1994 08:00,9.329,0.0074,5.96458944,FALSE
06-02-1994 08:00,9.289,0.0067,5.37721632,FALSE
07-02-1994 08:00,9.01,0.0061,4.7486304,FALSE
08-02-1994 08:00,6.837,0.0036,2.12658048,FALSE
09-02-1994 08:00,6.028,0.0034,1.77078528,FALSE
10-02-1994 08:00,6.019,0.0045,2.3401872,FALSE
11-02-1994 08:00,6.021,0.0042,2.18490048,FALSE
12-02-1994 08:00,6.021,0.0035,1.8207504,FALSE
13-02-1994 08:00,6.021,0.0031,1.61266464,FALSE
14-02-1994 08:00,6.021,0.0027,1.40457888,FALSE
15-02-1994 08:00,6.034,0.0023,1.19907648,FALSE
16-02-1994 08:00,6.028,0.0033,1.71870336,FALSE
17-02-1994 08:00,6.028,0.0038,1.97911296,FALSE
18-02-1994 08:00,6.028,0.0029,1.51037568,FALSE
19-02-1994 08:00,6.028,0.0045,2.3436864,FALSE
20-02-1994 08:00,6.028,0.0037,1.92703104,FALSE
21-02-1994 08:00,6.028,0.0029,1.51037568,FALSE
22-02-1994 08:00,6.034,0.0069,3.59722944,FALSE
23-02-1994 08:00,6.042,0.0064,3.34098432,FALSE
24-02-1994 08:00,6.049,0.0037,1.93374432,FALSE
25-02-1994 08:00,6.056,0.0028,1.46506752,FALSE
26-02-1994 08:00,6.064,0.0046,2.41007616,FALSE
27-02-1994 08:00,6.049,0.0063,3.29259168,FALSE
28-02-1994 08:00,6.056,0.008,4.1859072,FALSE
01-03-1994 08:00,6.064,0.0065,3.4055424,FALSE
02-03-1994 08:00,6.072,0.0045,2.3607936,FALSE
03-03-1994 08:00,6.089,0.0042,2.20957632,FALSE
04-03-1994 08:00,6.081,0.0038,1.99651392,FALSE
05-03-1994 08:00,6.089,0.0034,1.78870464,FALSE
06-03-1994 08:00,6.089,0.003,1.5782688,FALSE
07-03-1994 08:00,6.116,0.0026,1.37389824,FALSE
08-03-1994 08:00,6.116,0.0037,1.95516288,FALSE
09-03-1994 08:00,6.116,0.0029,1.53242496,FALSE
10-03-1994 08:00,6.116,0.0021,1.10968704,FALSE
11-03-1994 08:00,6.126,0.0031,1.64078784,FALSE
12-03-1994 08:00,6.126,0.0035,1.8525024,FALSE
13-03-1994 08:00,6.126,0.0035,1.8525024,FALSE
14-03-1994 08:00,6.136,0.0036,1.90854144,FALSE
15-03-1994 08:00,6.156,0.0037,1.96795008,FALSE
16-03-1994 08:00,6.156,0.0038,2.02113792,FALSE
17-03-1994 08:00,6.156,0.0039,2.07432576,FALSE
18-03-1994 08:00,6.145,0.004,2.123712,FALSE
19-03-1994 08:00,6.156,0.0031,1.64882304,FALSE
20-03-1994 08:00,6.156,0.0035,1.8615744,FALSE
21-03-1994 08:00,6.166,0.0047,2.50388928,FALSE
22-03-1994 08:00,6.199,0.0023,1.23186528,FALSE
23-03-1994 08:00,6.222,0.003,1.6127424,FALSE
24-03-1994 08:00,6.246,0.0037,1.99672128,FALSE
25-03-1994 08:00,6.284,0.0045,2.4432192,FALSE
26-03-1994 08:00,6.338,0.0052,2.84753664,FALSE
27-03-1994 08:00,6.352,0.0048,2.63430144,FALSE
28-03-1994 08:00,6.381,0.0044,2.42580096,FALSE
29-03-1994 08:00,6.396,0.0025,1.381536,FALSE
30-03-1994 08:00,6.442,0.0023,1.28015424,FALSE
31-03-1994 08:00,6.457,0.0049,2.73363552,FALSE
01-04-1994 08:00,6.352,0.004,2.1952512,FALSE
02-04-1994 08:00,6.306,0.0038,2.07038592,FALSE
03-04-1994 08:00,6.222,0.003,1.6127424,FALSE
04-04-1994 08:00,6.166,0.0022,1.17203328,FALSE
05-04-1994 08:00,6.177,0.0087,4.64312736,FALSE
06-04-1994 08:00,6.166,0.0087,4.63485888,FALSE
07-04-1994 08:00,6.139,0.0084,4.45544064,FALSE
08-04-1994 08:00,6.083,0.0069,3.62644128,FALSE
09-04-1994 08:00,6.072,0.0066,3.46249728,FALSE
10-04-1994 08:00,6.072,0.0065,3.4100352,FALSE
11-04-1994 08:00,6.056,0.0065,3.4010496,FALSE
12-04-1994 08:00,5.935,0.0064,3.2818176,FALSE
13-04-1994 08:00,5.967,0.0063,3.24795744,FALSE
14-04-1994 08:00,6.352,0.0063,3.45752064,FALSE
15-04-1994 08:00,6.442,0.0062,3.45085056,FALSE
16-04-1994 08:00,6.886,0.0061,3.62919744,FALSE
17-04-1994 08:00,7.112,0.0061,3.74830848,FALSE
18-04-1994 08:00,7.089,0.0062,3.79743552,FALSE
19-04-1994 08:00,7.235,0.0096,6.0009984,FALSE
20-04-1994 08:00,7.21,0.0062,3.8622528,FALSE
21-04-1994 08:00,7.337,0.0059,3.74010912,FALSE
22-04-1994 08:00,7.609,0.0032,2.10373632,FALSE
23-04-1994 08:00,7.552,0.0053,3.45821184,FALSE
24-04-1994 08:00,7.58,0.006,3.929472,FALSE
25-04-1994 08:00,7.695,0.0068,4.5209664,FALSE
26-04-1994 08:00,7.695,0.0131,8.7095088,FALSE
27-04-1994 08:00,7.783,0.0078,5.24511936,FALSE
28-04-1994 08:00,7.783,0.0036,2.42082432,FALSE
29-04-1994 08:00,7.843,0.0059,3.99804768,FALSE
30-04-1994 08:00,7.874,0.0052,3.53763072,FALSE
01-05-1994 08:00,7.935,0.0054,3.7021536,FALSE
02-05-1994 08:00,7.998,0.0056,3.86975232,FALSE
03-05-1994 08:00,8.03,0.0074,5.1340608,FALSE
04-05-1994 08:00,7.998,0.0049,3.38603328,FALSE
05-05-1994 08:00,7.935,0.0116,7.9527744,FALSE
06-05-1994 08:00,7.998,0.0093,6.42655296,FALSE
07-05-1994 08:00,8.094,0.0043,3.00708288,FALSE
08-05-1994 08:00,8.062,0.0051,3.55243968,FALSE
09-05-1994 08:00,8.062,0.0059,4.10968512,FALSE
10-05-1994 08:00,7.854,0.0076,5.15725056,FALSE
11-05-1994 08:00,7.793,0.0049,3.29924448,FALSE
12-05-1994 08:00,7.843,0.006,4.0658112,FALSE
13-05-1994 08:00,7.905,0.0073,4.9858416,FALSE
14-05-1994 08:00,7.874,0.0083,5.64660288,FALSE
15-05-1994 08:00,7.905,0.01,6.82992,FALSE
16-05-1994 08:00,7.935,0.0116,7.9527744,FALSE
17-05-1994 08:00,7.967,0.0084,5.78212992,FALSE
18-05-1994 08:00,8.03,0.0068,4.7177856,FALSE
19-05-1994 08:00,8.062,0.0091,6.33866688,FALSE
20-05-1994 08:00,8.094,0.01,6.993216,FALSE
21-05-1994 08:00,7.956,0.0056,3.84943104,FALSE
22-05-1994 08:00,7.783,0.0052,3.49674624,FALSE
23-05-1994 08:00,7.874,0.0048,3.26550528,FALSE
24-05-1994 08:00,7.854,0.0044,2.98577664,FALSE
25-05-1994 08:00,10.51,0.004,3.632256,FALSE
26-05-1994 08:00,12.24,0.0036,3.8071296,FALSE
27-05-1994 08:00,13.04,0.0156,17.5758336,FALSE
28-05-1994 08:00,14.03,0.0084,10.1824128,FALSE
29-05-1994 08:00,16.57,0.019,27.201312,FALSE
30-05-1994 08:00,17.62,0.0496,75.5094528,FALSE
31-05-1994 08:00,20.74,0.0517,92.6430912,FALSE
05-06-1994 08:00,285.5,0.069,1702.0368,FALSE
12-06-1994 08:00,446,0.111,4277.3184,FALSE
19-06-1994 08:00,531.1,0.039,1789.59456,FALSE
20-06-1994 08:00,650.2,0.044,2471.80032,FALSE
26-06-1994 08:00,1247,0.07,7541.856,FALSE
03-07-1994 08:00,2417,0.123,25685.9424,FALSE
10-07-1994 08:00,1364,0.075,8838.72,FALSE
13-07-1994 08:00,4794,0.246,101893.5936,FALSE
14-07-1994 08:00,4846,0.25,104673.6,FALSE
17-07-1994 08:00,2838,0.144,35309.2608,FALSE
24-07-1994 08:00,2187,0.112,21163.1616,FALSE
31-07-1994 08:00,2380,0.121,24881.472,FALSE
07-08-1994 08:00,1014,0.059,5168.9664,FALSE
14-08-1994 08:00,685.7,0.045,2666.0016,FALSE
15-08-1994 08:00,567.1,0.04,1959.8976,FALSE
21-08-1994 08:00,1046,0.061,5512.8384,FALSE
28-08-1994 08:00,1524,0.082,10797.2352,FALSE
04-09-1994 08:00,1578,0.085,11588.832,FALSE
09-09-1994 08:00,828,0.051,3648.4992,FALSE
11-09-1994 08:00,681.8,0.045,2650.8384,FALSE
18-09-1994 08:00,349.9,0.031,937.17216,FALSE
25-09-1994 08:00,226.9,0.026,509.70816,FALSE
02-10-1994 08:00,441.1,0.035,1333.8864,FALSE
09-10-1994 08:00,296.3,0.029,742.40928,FALSE
14-10-1994 08:00,465.8,0.036,1448.82432,FALSE
16-10-1994 08:00,375.2,0.032,1037.35296,FALSE
17-10-1994 08:00,580,0.125,6264,FALSE
23-10-1994 08:00,338.3,0.031,906.10272,FALSE
30-10-1994 08:00,342.6,0.031,917.61984,FALSE
02-11-1994 08:00,256.7,0.027,598.82976,FALSE
06-11-1994 08:00,229.3,0.026,515.09952,FALSE
13-11-1994 08:00,143.8,0.01,124.2432,FALSE
18-11-1994 08:00,112.2,0.004,38.77632,FALSE
20-11-1994 08:00,102.3,0.006,53.03232,FALSE
26-11-1994 08:00,74.58,0.008,51.549696,FALSE
27-11-1994 08:00,72.29,0.007,43.720992,FALSE
04-12-1994 08:00,56.66,0.0036,17.6235264,FALSE
11-12-1994 08:00,47.51,0.0034,13.9565376,FALSE
18-12-1994 08:00,40.17,0.0035,12.147408,FALSE
25-12-1994 08:00,32.46,0.0062,17.3881728,FALSE
27-12-1994 08:00,30.28,0.0033,8.6334336,FALSE
01-01-1995 08:00,28.12,0.0038,9.2323584,FALSE
08-01-1995 08:00,25.14,0.0076,16.5079296,FALSE
15-01-1995 08:00,22.61,0.0045,8.790768,FALSE
22-01-1995 08:00,16.7,0.0024,3.462912,FALSE
26-01-1995 08:00,14,0.004,4.8384,FALSE
29-01-1995 08:00,13,0.0043,4.82976,FALSE
05-02-1995 08:00,11.56,0.0072,7.1912448,FALSE
12-02-1995 08:00,8.932,0.0055,4.2444864,FALSE
19-02-1995 08:00,8.421,0.0059,4.29268896,FALSE
26-02-1995 08:00,7.4,0.0043,2.749248,FALSE
27-02-1995 08:00,7.4,0.0043,2.749248,FALSE
03-03-1995 08:00,7.2,0.004,2.48832,FALSE
05-03-1995 08:00,6.7,0.0048,2.778624,FALSE
12-03-1995 08:00,2.738,0.0042,0.99356544,FALSE
19-03-1995 08:00,2.785,0.0026,0.6256224,FALSE
26-03-1995 08:00,1.673,0.0027,0.39027744,FALSE
02-04-1995 08:00,0.94,0.0053,0.4304448,FALSE
09-04-1995 08:00,1.592,0.0037,0.50893056,FALSE
11-04-1995 08:00,2.101,0.0049,0.88947936,FALSE
12-04-1995 08:00,2.101,0.0049,0.88947936,FALSE
13-04-1995 08:00,2.043,0.0052,0.91787904,FALSE
14-04-1995 08:00,1.933,0.0055,0.9185616,FALSE
16-04-1995 08:00,1.591,0.0062,0.85226688,FALSE
23-04-1995 08:00,0.57,0.0062,0.3053376,FALSE
30-04-1995 08:00,2.5,0.0171,3.6936,FALSE
06-05-1995 08:00,5.942,0.0172,8.83028736,FALSE
07-05-1995 08:00,9.724,0.0174,14.61867264,FALSE
08-05-1995 08:00,2.683,0.0171,3.96397152,FALSE
09-05-1995 08:00,145,0.023,288.144,FALSE
10-05-1995 08:00,160.5,0.0237,328.65264,FALSE
11-05-1995 08:00,171.6,0.024,355.82976,FALSE
13-05-1995 08:00,60.72,0.1103,578.6567424,FALSE
14-05-1995 08:00,60.72,0.019,99.677952,FALSE
21-05-1995 08:00,18.81,0.0176,28.6032384,FALSE
28-05-1995 08:00,6.974,0.0057,3.43455552,FALSE
04-06-1995 08:00,13.4,0.076,87.98976,FALSE
09-06-1995 08:00,10.4,0.021,18.86976,FALSE
11-06-1995 08:00,14,0.032,38.7072,FALSE
12-06-1995 08:00,150,0.043,557.28,FALSE
13-06-1995 08:00,266.2,0.066,1517.97888,FALSE
14-06-1995 08:00,471,0.082,3336.9408,FALSE
15-06-1995 08:00,264.9,0.062,1419.01632,FALSE
18-06-1995 08:00,155,0.043,575.856,FALSE
25-06-1995 08:00,162,0.045,629.856,FALSE
02-07-1995 08:00,1110,0.127,12179.808,FALSE
09-07-1995 08:00,650,0.069,3875.04,FALSE
16-07-1995 08:00,1170,0.131,13242.528,FALSE
17-07-1995 08:00,3940,0.085,28935.36,FALSE
23-07-1995 08:00,1285,0.129,14322.096,FALSE
06-08-1995 08:00,875,0.105,7938,FALSE
10-08-1995 08:00,1085,0.116,10874.304,FALSE
13-08-1995 08:00,702,0.175,10614.24,FALSE
15-08-1995 08:00,627,0.089,4821.3792,FALSE
17-08-1995 08:00,586,0.085,4303.584,FALSE
20-08-1995 08:00,550,0.041,1948.32,FALSE
27-08-1995 08:00,1342,0.143,16580.6784,FALSE
29-08-1995 08:00,1230,0.135,14346.72,FALSE
01-09-1995 08:00,2380,0.226,46472.832,FALSE
04-09-1995 08:00,2300,0.218,43320.96,FALSE
05-09-1995 08:00,1960,0.19,32175.36,FALSE
06-09-1995 08:00,1540,0.158,21022.848,FALSE
08-09-1995 08:00,1150,0.13,12916.8,FALSE
09-09-1995 08:00,880,0.111,8439.552,FALSE
10-09-1995 08:00,685,0.098,5800.032,FALSE
12-09-1995 08:00,520,0.086,3863.808,FALSE
13-09-1995 08:00,510,0.086,3789.504,FALSE
14-09-1995 08:00,485,0.084,3519.936,FALSE
15-09-1995 08:00,605,0.093,4861.296,FALSE
16-09-1995 08:00,805,0.106,7372.512,FALSE
17-09-1995 08:00,965,0.117,9754.992,FALSE
24-09-1995 08:00,330,0.014,399.168,FALSE
01-10-1995 08:00,300,0.021,544.32,FALSE
02-10-1995 08:00,385,0.028,931.392,FALSE
03-10-1995 08:00,250,0.018,388.8,FALSE
08-10-1995 08:00,260,0.058,1302.912,FALSE
15-10-1995 08:00,185,0.049,783.216,FALSE
22-10-1995 08:00,215,0.053,984.528,FALSE
23-10-1995 08:00,270,0.059,1376.352,FALSE
29-10-1995 08:00,150,0.042,544.32,FALSE
05-11-1995 08:00,140,0.04,483.84,FALSE
07-11-1995 08:00,525,0.087,3946.32,FALSE
12-11-1995 08:00,140,0.04,483.84,FALSE
19-11-1995 08:00,95,0.014,114.912,FALSE
26-11-1995 08:00,100,0.014,120.96,FALSE
24-12-1995 08:00,27,0.006,13.9968,FALSE
25-12-1995 08:00,26.2,0.0059,13.355712,FALSE
31-12-1995 08:00,22.4,0.0056,10.838016,FALSE
07-01-1996 08:00,20.6,0.0054,9.611136,FALSE
14-01-1996 08:00,16.8,0.0052,7.547904,FALSE
15-01-1996 08:00,16.4,0.0051,7.226496,FALSE
21-01-1996 08:00,16.4,0.0051,7.226496,FALSE
26-01-1996 08:00,10.5,0.005,4.536,FALSE
28-01-1996 08:00,10.6,0.005,4.5792,FALSE
04-02-1996 08:00,8.3,0.0052,3.729024,FALSE
11-02-1996 08:00,5.7,0.0058,2.856384,FALSE
18-02-1996 08:00,5.7,0.0058,2.856384,FALSE
21-02-1996 08:00,5.3,0.006,2.74752,FALSE
25-02-1996 08:00,4.2,0.0067,2.431296,FALSE
03-03-1996 08:00,2.5,0.0051,1.1016,FALSE
10-03-1996 08:00,2.6,0.009,2.02176,FALSE
17-03-1996 08:00,2.5,0.0093,2.0088,FALSE
20-03-1996 08:00,1.2,0.003,0.31104,FALSE
24-03-1996 08:00,0.8,0.0029,0.200448,FALSE
31-03-1996 08:00,0.7,0.003,0.18144,FALSE
01-04-1996 08:00,0.7,0.003,0.18144,FALSE
05-04-1996 08:00,0.6,0.0028,0.145152,FALSE
07-04-1996 08:00,2.6,0.004,0.89856,FALSE
14-04-1996 08:00,2.2,0.0041,0.779328,FALSE
16-04-1996 08:00,9.5,0.0051,4.18608,FALSE
17-04-1996 08:00,9.5,0.0051,4.18608,FALSE
21-04-1996 08:00,8.5,0.0151,11.08944,FALSE
27-04-1996 08:00,2.8,0.0086,2.080512,FALSE
28-04-1996 08:00,2.8,0.0086,2.080512,FALSE
29-04-1996 08:00,3.8,0.0071,2.331072,FALSE
03-05-1996 08:00,2.4,0.004,0.82944,FALSE
04-05-1996 08:00,2.4,0.004,0.82944,FALSE
05-05-1996 08:00,2.2,0.0036,0.684288,FALSE
12-05-1996 08:00,1.6,0.003,0.41472,FALSE
14-05-1996 08:00,1.2,0.0024,0.248832,FALSE
15-05-1996 08:00,1.1,0.0027,0.256608,FALSE
16-05-1996 08:00,1,0.0023,0.19872,FALSE
17-05-1996 08:00,0.8,0.0035,0.24192,FALSE
18-05-1996 08:00,0.8,0.0035,0.24192,FALSE
19-05-1996 08:00,0.7,0.0065,0.39312,FALSE
21-05-1996 08:00,0.6,0.0055,0.28512,FALSE
22-05-1996 08:00,0.6,0.0055,0.28512,FALSE
23-05-1996 08:00,0.6,0.0055,0.28512,FALSE
25-05-1996 08:00,0.6,0.0055,0.28512,FALSE
26-05-1996 08:00,1.9,0.0113,1.855008,FALSE
28-05-1996 08:00,2.3,0.0098,1.947456,FALSE
02-06-1996 08:00,0.7,0.002,0.12096,FALSE
09-06-1996 08:00,3.65,0.007,2.20752,FALSE
14-06-1996 08:00,315,0.051,1388.016,FALSE
15-06-1996 08:00,1700,0.456,66977.28,FALSE
16-06-1996 08:00,890,0.201,15456.096,FALSE
18-06-1996 08:00,2020,0.514,89707.392,FALSE
19-06-1996 08:00,1050,0.277,25129.44,FALSE
20-06-1996 08:00,800,0.204,14100.48,FALSE
21-06-1996 08:00,840,0.214,15531.264,FALSE
22-06-1996 08:00,890,0.235,18070.56,FALSE
23-06-1996 08:00,480,0.119,4935.168,FALSE
24-06-1996 08:00,330,0.087,2480.544,FALSE
25-06-1996 08:00,260,0.075,1684.8,FALSE
30-06-1996 08:00,100,0.021,181.44,FALSE
04-07-1996 08:00,75,0.02,129.6,FALSE
07-07-1996 08:00,75,0.018,116.64,FALSE
14-07-1996 08:00,380,0.057,1871.424,FALSE
16-07-1996 08:00,600,0.107,5546.88,FALSE
21-07-1996 08:00,1820,0.164,25788.672,FALSE
28-07-1996 08:00,2020,0.066,11518.848,FALSE
29-07-1996 08:00,1810,0.061,9539.424,FALSE
04-08-1996 08:00,950,0.069,5663.52,FALSE
10-08-1996 08:00,870,0.083,6238.944,FALSE
11-08-1996 08:00,1700,0.146,21444.48,FALSE
15-08-1996 08:00,1500,0.119,15422.4,FALSE
18-08-1996 08:00,865,0.046,3437.856,FALSE
22-08-1996 08:00,660,0.021,1197.504,FALSE
25-08-1996 08:00,720,0.137,8522.496,FALSE
27-08-1996 08:00,770,0.122,8116.416,FALSE
01-09-1996 08:00,555,0.025,1198.8,FALSE
08-09-1996 08:00,430,0.013,482.976,FALSE
15-09-1996 08:00,630,0.042,2286.144,FALSE
16-09-1996 08:00,515,0.033,1468.368,FALSE
20-09-1996 08:00,500,0.015,648,FALSE
22-09-1996 08:00,450,0.012,466.56,FALSE
29-09-1996 08:00,2450,0.248,52496.64,FALSE
02-10-1996 08:00,910,0.069,5425.056,FALSE
04-10-1996 08:00,770,0.057,3792.096,FALSE
05-10-1996 08:00,555,0.025,1198.8,FALSE
06-10-1996 08:00,460,0.015,596.16,FALSE
08-10-1996 08:00,350,0.01,302.4,FALSE
09-10-1996 08:00,518,0.02,895.104,FALSE
10-10-1996 08:00,1020,0.206,18154.368,FALSE
11-10-1996 08:00,555,0.038,1822.176,FALSE
12-10-1996 08:00,535,0.036,1664.064,FALSE
13-10-1996 08:00,445,0.028,1076.544,FALSE
15-10-1996 08:00,410,0.065,2302.56,FALSE
16-10-1996 08:00,1070,0.233,21540.384,FALSE
17-10-1996 08:00,600,0.105,5443.2,FALSE
18-10-1996 08:00,580,0.054,2706.048,FALSE
19-10-1996 08:00,345,0.049,1460.592,FALSE
20-10-1996 08:00,520,0.087,3908.736,FALSE
21-10-1996 08:00,310,0.039,1044.576,FALSE
27-10-1996 08:00,180,0.017,264.384,FALSE
03-11-1996 08:00,250,0.027,583.2,FALSE
10-11-1996 08:00,100,0.007,60.48,FALSE
12-11-1996 08:00,105,0.009,81.648,FALSE
16-11-1996 08:00,100,0.019,164.16,FALSE
17-11-1996 08:00,92,0.017,135.1296,FALSE
24-11-1996 08:00,61,0.009,47.4336,FALSE
25-11-1996 08:00,60,0.009,46.656,FALSE
26-11-1996 08:00,60,0.009,46.656,FALSE
27-11-1996 08:00,60,0.009,46.656,FALSE
30-11-1996 08:00,54,0.009,41.9904,FALSE
01-12-1996 08:00,147.5,0.0131,166.9464,FALSE
08-12-1996 08:00,60,0.0051,26.4384,FALSE
15-12-1996 08:00,53,0.0042,19.23264,FALSE
22-12-1996 08:00,55,0.0067,31.8384,FALSE
23-12-1996 08:00,51,0.0075,33.048,FALSE
24-12-1996 08:00,49.5,0.0082,35.06976,FALSE
25-12-1996 08:00,47.5,0.009,36.936,FALSE
26-12-1996 08:00,44.5,0.0098,37.67904,FALSE
27-12-1996 08:00,43,0.0105,39.0096,FALSE
28-12-1996 08:00,40.5,0.0112,39.19104,FALSE
29-12-1996 08:00,39,0.012,40.4352,FALSE
05-01-1997 08:00,25.5,0.0064,14.10048,FALSE
12-01-1997 08:00,21,0.0048,8.70912,FALSE
23-01-1997 08:00,14.5,0.0085,10.6488,FALSE
26-01-1997 08:00,14,0.0075,9.072,FALSE
02-02-1997 08:00,11,0.0062,5.89248,FALSE
09-02-1997 08:00,8.5,0.0048,3.52512,FALSE
16-02-1997 08:00,6.5,0.004,2.2464,FALSE
02-03-1997 08:00,3.4,0.0037,1.086912,FALSE
07-03-1997 08:00,1.25,0.0033,0.3564,FALSE
09-03-1997 08:00,1.5,0.0035,0.4536,FALSE
16-03-1997 08:00,1.3,0.004,0.44928,FALSE
23-03-1997 08:00,1.5,0.0055,0.7128,FALSE
28-03-1997 08:00,7.5,0.0079,5.1192,FALSE
30-03-1997 08:00,3.5,0.0068,2.05632,FALSE
06-04-1997 08:00,3,0.0048,1.24416,FALSE
07-04-1997 08:00,3,0.005,1.296,FALSE
08-04-1997 08:00,3,0.0052,1.34784,FALSE
18-04-1997 08:00,0.5,0.0039,0.16848,FALSE
20-04-1997 08:00,0.5,0.0045,0.1944,FALSE
27-04-1997 08:00,0.4,0.0037,0.127872,FALSE
04-05-1997 08:00,8,0.0028,1.93536,FALSE
05-05-1997 08:00,8,0.003,2.0736,FALSE
11-05-1997 08:00,3.5,0.0029,0.87696,FALSE
18-05-1997 08:00,2,0.003,0.5184,FALSE
22-05-1997 08:00,1.6,0.0028,0.387072,FALSE
23-05-1997 08:00,1.5,0.0028,0.36288,FALSE
24-05-1997 08:00,1.4,0.0028,0.338688,FALSE
25-05-1997 08:00,1.4,0.0028,0.338688,FALSE
01-06-1997 08:00,0.33,0.002,0.057024,FALSE
08-06-1997 08:00,4.5,0.003,1.1664,FALSE
15-06-1997 08:00,64.47,0.018,100.263744,FALSE
29-06-1997 08:00,2830,0.376,91936.512,FALSE
30-06-1997 08:00,2850,0.382,94063.68,FALSE
06-07-1997 08:00,1140,0.147,14478.912,FALSE
07-07-1997 08:00,1160,0.151,15133.824,FALSE
08-07-1997 08:00,1410,0.187,22781.088,FALSE
09-07-1997 08:00,1320,0.173,19730.304,FALSE
10-07-1997 08:00,5030,0.704,305952.768,FALSE
11-07-1997 08:00,3400,0.458,134542.08,FALSE
12-07-1997 08:00,1820,0.242,38054.016,FALSE
13-07-1997 08:00,1310,0.172,19467.648,FALSE
18-07-1997 08:00,1350,0.177,20645.28,FALSE
19-07-1997 08:00,2130,0.277,50976.864,FALSE
20-07-1997 08:00,1290,0.167,18613.152,FALSE
27-07-1997 08:00,2280,0.3,59097.6,FALSE
31-07-1997 08:00,2270,0.296,58053.888,FALSE
03-08-1997 08:00,2200,0.269,51131.52,FALSE
08-08-1997 08:00,4180,0.561,202606.272,FALSE
15-08-1997 08:00,610,0.077,4058.208,FALSE
16-08-1997 08:00,600,0.077,3991.68,FALSE
17-08-1997 08:00,540,0.068,3172.608,FALSE
22-08-1997 08:00,1865,0.243,39156.048,FALSE
23-08-1997 08:00,2450,0.32,67737.6,FALSE
24-08-1997 08:00,2260,0.285,55650.24,FALSE
31-08-1997 08:00,1100,0.093,8838.72,FALSE
07-09-1997 08:00,530,0.041,1877.472,FALSE
17-09-1997 08:00,288,0.036,895.7952,FALSE
21-09-1997 08:00,475,0.071,2913.84,FALSE
28-09-1997 08:00,230,0.024,476.928,FALSE
05-10-1997 08:00,255,0.12,2643.84,FALSE
11-10-1997 08:00,340,0.162,4758.912,FALSE
12-10-1997 08:00,380,0.18,5909.76,FALSE
13-10-1997 08:00,190,0.09,1477.44,FALSE
14-10-1997 08:00,210,0.099,1796.256,FALSE
16-10-1997 08:00,330,0.157,4476.384,FALSE
17-10-1997 08:00,175,0.083,1254.96,FALSE
18-10-1997 08:00,160,0.066,912.384,FALSE
19-10-1997 08:00,140,0.066,798.336,FALSE
26-10-1997 08:00,170,0.085,1248.48,FALSE
30-10-1997 08:00,195,0.066,1111.968,FALSE
02-11-1997 08:00,330,0.103,2936.736,FALSE
05-11-1997 08:00,190,0.071,1165.536,FALSE
09-11-1997 08:00,140,0.052,628.992,FALSE
11-11-1997 08:00,160,0.045,622.08,FALSE
12-11-1997 08:00,170,0.041,602.208,FALSE
14-11-1997 08:00,230,0.045,894.24,FALSE
22-11-1997 08:00,100,0.027,233.28,FALSE
23-11-1997 08:00,90,0.027,209.952,FALSE
25-11-1997 08:00,320,0.068,1880.064,FALSE
30-11-1997 08:00,140,0.038,459.648,FALSE
06-12-1997 08:00,84,0.0248,179.98848,FALSE
07-12-1997 08:00,81.5,0.0231,162.66096,FALSE
09-12-1997 08:00,500,0.1484,6410.88,FALSE
14-12-1997 08:00,99,0.0237,202.72032,FALSE
20-12-1997 08:00,77,0.021,139.7088,FALSE
21-12-1997 08:00,71,0.0194,119.00736,FALSE
22-12-1997 08:00,68,0.0185,108.6912,FALSE
23-12-1997 08:00,104,0.0284,255.19104,FALSE
24-12-1997 08:00,91,0.0248,194.98752,FALSE
25-12-1997 08:00,76.5,0.0209,138.14064,FALSE
26-12-1997 08:00,72.5,0.0162,101.4768,FALSE
27-12-1997 08:00,69,0.0121,72.13536,FALSE
28-12-1997 08:00,65,0.0137,76.9392,FALSE
31-12-1997 08:00,55,0.0145,68.904,FALSE
04-01-1998 08:00,47,0.0125,50.76,FALSE
05-01-1998 08:00,45,0.012,46.656,FALSE
06-01-1998 08:00,42,0.0112,40.64256,FALSE
07-01-1998 08:00,41,0.0109,38.61216,FALSE
08-01-1998 08:00,40,0.0107,36.9792,FALSE
09-01-1998 08:00,38,0.0101,33.16032,FALSE
10-01-1998 08:00,37,0.0099,31.64832,FALSE
11-01-1998 08:00,36,0.0096,29.85984,FALSE
12-01-1998 08:00,34,0.0091,26.73216,FALSE
14-01-1998 08:00,30,0.0067,17.3664,FALSE
18-01-1998 08:00,27.5,0.0061,14.4936,FALSE
19-01-1998 08:00,26,0.0057,12.80448,FALSE
20-01-1998 08:00,25.5,0.0056,12.33792,FALSE
21-01-1998 08:00,25,0.0055,11.88,FALSE
22-01-1998 08:00,24.5,0.0054,11.43072,FALSE
23-01-1998 08:00,23,0.0051,10.13472,FALSE
24-01-1998 08:00,23,0.0051,10.13472,FALSE
25-01-1998 08:00,23,0.0051,10.13472,FALSE
26-01-1998 08:00,22.5,0.005,9.72,FALSE
27-01-1998 08:00,22,0.005,9.504,FALSE
28-01-1998 08:00,21.5,0.0049,9.10224,FALSE
29-01-1998 08:00,21,0.0049,8.89056,FALSE
30-01-1998 08:00,20.4,0.0049,8.636544,FALSE
31-01-1998 08:00,20,0.0048,8.2944,FALSE
01-02-1998 08:00,19,0.0048,7.87968,FALSE
08-02-1998 08:00,16,0.0049,6.77376,FALSE
15-02-1998 08:00,11,0.0054,5.13216,FALSE
16-02-1998 08:00,11,0.0052,4.94208,FALSE
22-02-1998 08:00,9.8,0.0047,3.979584,FALSE
01-03-1998 08:00,9,0.0057,4.43232,FALSE
08-03-1998 08:00,7,0.0045,2.7216,FALSE
15-03-1998 08:00,4.5,0.0041,1.59408,FALSE
22-03-1998 08:00,2.8,0.0035,0.84672,FALSE
29-03-1998 08:00,1.9,0.0032,0.525312,FALSE
05-04-1998 08:00,3,0.0042,1.08864,FALSE
08-04-1998 08:00,3,0.004,1.0368,FALSE
09-04-1998 08:00,3,0.0038,0.98496,FALSE
10-04-1998 08:00,3,0.0035,0.9072,FALSE
12-04-1998 08:00,2,0.0031,0.53568,FALSE
14-04-1998 08:00,1.9,0.0033,0.541728,FALSE
19-04-1998 08:00,1.5,0.0029,0.37584,FALSE
26-04-1998 08:00,1.25,0.0031,0.3348,FALSE
27-04-1998 08:00,1.25,0.0032,0.3456,FALSE
28-04-1998 08:00,1.25,0.0032,0.3456,FALSE
29-04-1998 08:00,1.25,0.0032,0.3456,FALSE
03-05-1998 08:00,1,0.0029,0.25056,FALSE
07-05-1998 08:00,0.8,0.0027,0.186624,FALSE
10-05-1998 08:00,0.8,0.0028,0.193536,FALSE
11-05-1998 08:00,0.8,0.003,0.20736,FALSE
16-05-1998 08:00,2,0.0025,0.432,FALSE
17-05-1998 08:00,9,0.0078,6.06528,FALSE
18-05-1998 08:00,10.5,0.0091,8.25552,FALSE
19-05-1998 08:00,8,0.007,4.8384,FALSE
24-05-1998 08:00,5,0.008,3.456,FALSE
25-05-1998 08:00,5,0.008,3.456,FALSE
26-05-1998 08:00,5,0.008,3.456,FALSE
31-05-1998 08:00,4,0.003,1.0368,FALSE
04-06-1998 08:00,4.5,0.005,1.944,FALSE
07-06-1998 08:00,7.2,0.005,3.1104,FALSE
12-06-1998 08:00,45.5,0.005,19.656,FALSE
13-06-1998 08:00,41.2,0.005,17.7984,FALSE
14-06-1998 08:00,34.5,0.005,14.904,FALSE
15-06-1998 08:00,28,0.005,12.096,FALSE
18-06-1998 08:00,190,0.023,377.568,FALSE
19-06-1998 08:00,104,0.012,107.8272,FALSE
20-06-1998 08:00,157.2,0.017,230.89536,FALSE
21-06-1998 08:00,280,0.042,1016.064,FALSE
22-06-1998 08:00,485,0.055,2304.72,FALSE
23-06-1998 08:00,527,0.059,2686.4352,FALSE
24-06-1998 08:00,1103,0.119,11340.6048,FALSE
25-06-1998 08:00,790,0.099,6757.344,FALSE
26-06-1998 08:00,727,0.097,6092.8416,FALSE
27-06-1998 08:00,830,0.092,6597.504,FALSE
28-06-1998 08:00,1685,0.205,29844.72,FALSE
29-06-1998 08:00,3150,0.525,142884,FALSE
30-06-1998 08:00,2140,0.278,51401.088,FALSE
01-07-1998 08:00,2640,0.361,82342.656,FALSE
02-07-1998 08:00,2000,0.262,45273.6,FALSE
03-07-1998 08:00,1737,0.233,34967.8944,FALSE
04-07-1998 08:00,2310,0.346,69056.064,FALSE
05-07-1998 08:00,1925,0.252,41912.64,FALSE
06-07-1998 08:00,2312,0.275,54933.12,FALSE
07-07-1998 08:00,1725,0.233,34726.32,FALSE
08-07-1998 08:00,1295,0.171,19132.848,FALSE
09-07-1998 08:00,1142,0.135,13320.288,FALSE
10-07-1998 08:00,2150,0.287,53313.12,FALSE
11-07-1998 08:00,2067,0.263,46968.8544,FALSE
12-07-1998 08:00,1310,0.171,19354.464,FALSE
13-07-1998 08:00,2075,0.263,47150.64,FALSE
14-07-1998 08:00,1295,0.171,19132.848,FALSE
15-07-1998 08:00,1037,0.123,11020.4064,FALSE
16-07-1998 08:00,820,0.106,7509.888,FALSE
17-07-1998 08:00,645,0.095,5294.16,FALSE
18-07-1998 08:00,570,0.071,3496.608,FALSE
19-07-1998 08:00,488,0.059,2487.6288,FALSE
20-07-1998 08:00,1617,0.205,28640.304,FALSE
21-07-1998 08:00,768,0.099,6569.1648,FALSE
22-07-1998 08:00,580,0.071,3557.952,FALSE
23-07-1998 08:00,600,0.072,3732.48,FALSE
24-07-1998 08:00,730,0.092,5802.624,FALSE
25-07-1998 08:00,1210,0.17,17772.48,FALSE
26-07-1998 08:00,1587,0.206,28246.0608,FALSE
27-07-1998 08:00,1138,0.135,13273.632,FALSE
28-07-1998 08:00,1055,0.123,11211.696,FALSE
29-07-1998 08:00,2600,0.382,85812.48,FALSE
30-07-1998 08:00,2307,0.346,68966.3808,FALSE
31-07-1998 08:00,2435,0.346,72792.864,FALSE
01-08-1998 08:00,1545,0.206,27498.528,FALSE
02-08-1998 08:00,1315,0.171,19428.336,FALSE
03-08-1998 08:00,1155,0.135,13471.92,FALSE
04-08-1998 08:00,1205,0.17,17699.04,FALSE
05-08-1998 08:00,870,0.095,7140.96,FALSE
06-08-1998 08:00,752,0.099,6432.3072,FALSE
07-08-1998 08:00,947,0.122,9982.1376,FALSE
08-08-1998 08:00,897,0.095,7362.576,FALSE
09-08-1998 08:00,1280,0.171,18911.232,FALSE
10-08-1998 08:00,2320,0.345,69154.56,FALSE
11-08-1998 08:00,1702,0.233,34263.3024,FALSE
12-08-1998 08:00,1485,0.204,26174.016,FALSE
13-08-1998 08:00,1227,0.171,18128.1888,FALSE
14-08-1998 08:00,1350,0.171,19945.44,FALSE
15-08-1998 08:00,925,0.122,9750.24,FALSE
16-08-1998 08:00,750,0.099,6415.2,FALSE
21-08-1998 08:00,1017,0.103,9050.4864,FALSE
23-08-1998 08:00,740,0.087,5562.432,FALSE
25-08-1998 08:00,975,0.103,8676.72,FALSE
30-08-1998 08:00,787,0.077,5235.7536,FALSE
03-09-1998 08:00,897,0.02,1550.016,FALSE
04-09-1998 08:00,887,0.02,1532.736,FALSE
06-09-1998 08:00,1052,0.1371,12461.40288,FALSE
13-09-1998 08:00,2300,0.309,61404.48,FALSE
20-09-1998 08:00,598,0.051,2635.0272,FALSE
27-09-1998 08:00,617,0.052,2772.0576,FALSE
01-10-1998 08:00,415,0.038,1362.528,FALSE
02-10-1998 08:00,380,0.038,1247.616,FALSE
04-10-1998 08:00,805,0.064,4451.328,FALSE
05-10-1998 08:00,1205,0.128,13326.336,FALSE
06-10-1998 08:00,820,0.064,4534.272,FALSE
07-10-1998 08:00,600,0.052,2695.68,FALSE
08-10-1998 08:00,520,0.043,1931.904,FALSE
09-10-1998 08:00,407,0.038,1336.2624,FALSE
10-10-1998 08:00,372,0.037,1189.2096,FALSE
11-10-1998 08:00,472,0.038,1549.6704,FALSE
12-10-1998 08:00,465,0.038,1526.688,FALSE
13-10-1998 08:00,405,0.038,1329.696,FALSE
14-10-1998 08:00,577,0.051,2542.4928,FALSE
15-10-1998 08:00,617,0.05,2665.44,FALSE
16-10-1998 08:00,850,0.062,4553.28,FALSE
17-10-1998 08:00,687,0.051,3027.1968,FALSE
18-10-1998 08:00,680,0.051,2996.352,FALSE
19-10-1998 08:00,512,0.043,1902.1824,FALSE
20-10-1998 08:00,430,0.013,482.976,FALSE
25-10-1998 08:00,270,0.008,186.624,FALSE
01-11-1998 08:00,173,0.009,134.5248,FALSE
04-11-1998 08:00,215,0.008,148.608,FALSE
08-11-1998 08:00,175,0.009,136.08,FALSE
09-11-1998 08:00,445,0.021,807.408,FALSE
10-11-1998 08:00,423,0.024,877.1328,FALSE
12-11-1998 08:00,184,0.019,302.0544,FALSE
13-11-1998 08:00,158,0.019,259.3728,FALSE
14-11-1998 08:00,184,0.02,317.952,FALSE
15-11-1998 08:00,152,0.018,236.3904,FALSE
16-11-1998 08:00,142,0.017,208.5696,FALSE
17-11-1998 08:00,133,0.016,183.8592,FALSE
18-11-1998 08:00,130,0.016,179.712,FALSE
19-11-1998 08:00,127,0.016,175.5648,FALSE
20-11-1998 08:00,120,0.015,155.52,FALSE
21-11-1998 08:00,117,0.015,151.632,FALSE
22-11-1998 08:00,237,0.029,593.8272,FALSE
24-11-1998 08:00,145,0.017,212.976,FALSE
25-11-1998 08:00,140,0.017,205.632,FALSE
29-11-1998 08:00,98,0.016,135.4752,FALSE
06-12-1998 08:00,67,0.012,69.4656,FALSE
13-12-1998 08:00,59.5,0.008,41.1264,FALSE
20-12-1998 08:00,62.5,0.01,54,FALSE
24-12-1998 08:00,44,0.008,30.4128,FALSE
25-12-1998 08:00,41,0.008,28.3392,FALSE
26-12-1998 08:00,40.5,0.008,27.9936,FALSE
27-12-1998 08:00,39.5,0.008,27.3024,FALSE
28-12-1998 08:00,37,0.008,25.5744,FALSE
29-12-1998 08:00,36.5,0.008,25.2288,FALSE
30-12-1998 08:00,35.5,0.008,24.5376,FALSE
31-12-1998 08:00,34.42,0.008,23.791104,FALSE
03-01-1999 08:00,32.5,0.007,19.656,FALSE
05-01-1999 08:00,29.7,0.007,17.96256,FALSE
06-01-1999 08:00,29,0.007,17.5392,FALSE
07-01-1999 08:00,28.5,0.007,17.2368,FALSE
08-01-1999 08:00,27.2,0.007,16.45056,FALSE
10-01-1999 08:00,30.5,0.007,18.4464,FALSE
15-01-1999 08:00,26.5,0.006,13.7376,FALSE
17-01-1999 08:00,25.7,0.006,13.32288,FALSE
20-01-1999 08:00,24.5,0.005,10.584,FALSE
24-01-1999 08:00,22.5,0.004,7.776,FALSE
26-01-1999 08:00,18,0.004,6.2208,FALSE
27-01-1999 08:00,17.5,0.004,6.048,FALSE
28-01-1999 08:00,17,0.004,5.8752,FALSE
30-01-1999 08:00,16.43,0.004,5.678208,FALSE
31-01-1999 08:00,16.5,0.004,5.7024,FALSE
02-02-1999 08:00,15.5,0.003,4.0176,FALSE
03-02-1999 08:00,15.2,0.003,3.93984,FALSE
04-02-1999 08:00,15.2,0.003,3.93984,FALSE
05-02-1999 08:00,15,0.003,3.888,FALSE
06-02-1999 08:00,14.7,0.003,3.81024,FALSE
07-02-1999 08:00,14.5,0.003,3.7584,FALSE
14-02-1999 08:00,8,0.002,1.3824,FALSE
18-02-1999 08:00,7.3,0.002,1.26144,FALSE
19-02-1999 08:00,7.3,0.002,1.26144,FALSE
20-02-1999 08:00,7.4,0.002,1.27872,FALSE
21-02-1999 08:00,7.4,0.002,1.27872,FALSE
26-02-1999 08:00,6.7,0.002,1.15776,FALSE
27-02-1999 08:00,7,0.002,1.2096,FALSE
28-02-1999 08:00,7,0.002,1.2096,FALSE
01-03-1999 08:00,7.2,0.002,1.24416,FALSE
02-03-1999 08:00,7.2,0.002,1.24416,FALSE
03-03-1999 08:00,7,0.002,1.2096,FALSE
04-03-1999 08:00,6.9,0.002,1.19232,FALSE
05-03-1999 08:00,7,0.002,1.2096,FALSE
06-03-1999 08:00,7,0.002,1.2096,FALSE
07-03-1999 08:00,6.8,0.002,1.17504,FALSE
08-03-1999 08:00,7,0.002,1.2096,FALSE
09-03-1999 08:00,7,0.002,1.2096,FALSE
10-03-1999 08:00,7,0.002,1.2096,FALSE
11-03-1999 08:00,7,0.002,1.2096,FALSE
12-03-1999 08:00,7,0.002,1.2096,FALSE
13-03-1999 08:00,7,0.002,1.2096,FALSE
14-03-1999 08:00,7,0.002,1.2096,FALSE
15-03-1999 08:00,7,0.002,1.2096,FALSE
16-03-1999 08:00,7,0.002,1.2096,FALSE
17-03-1999 08:00,7,0.002,1.2096,FALSE
18-03-1999 08:00,7,0.002,1.2096,FALSE
19-03-1999 08:00,7,0.002,1.2096,FALSE
20-03-1999 08:00,7,0.002,1.2096,FALSE
21-03-1999 08:00,7,0.002,1.2096,FALSE
22-03-1999 08:00,7,0.002,1.2096,FALSE
23-03-1999 08:00,7,0.002,1.2096,FALSE
24-03-1999 08:00,7,0.002,1.2096,FALSE
25-03-1999 08:00,7,0.002,1.2096,FALSE
26-03-1999 08:00,7,0.002,1.2096,FALSE
27-03-1999 08:00,7,0.002,1.2096,FALSE
28-03-1999 08:00,7,0.002,1.2096,FALSE
29-03-1999 08:00,7,0.002,1.2096,FALSE
30-03-1999 08:00,7.1,0.002,1.22688,FALSE
31-03-1999 08:00,7.2,0.002,1.24416,FALSE
01-04-1999 08:00,7.2,0.002,1.24416,FALSE
02-04-1999 08:00,7.2,0.002,1.24416,FALSE
03-04-1999 08:00,7.2,0.002,1.24416,FALSE
04-04-1999 08:00,7.2,0.002,1.24416,FALSE
05-04-1999 08:00,7.5,0.002,1.296,FALSE
06-04-1999 08:00,7.5,0.002,1.296,FALSE
07-04-1999 08:00,7.5,0.002,1.296,FALSE
08-04-1999 08:00,7.8,0.002,1.34784,FALSE
09-04-1999 08:00,7.8,0.002,1.34784,FALSE
10-04-1999 08:00,8,0.002,1.3824,FALSE
11-04-1999 08:00,8,0.002,1.3824,FALSE
12-04-1999 08:00,8,0.002,1.3824,FALSE
13-04-1999 08:00,8,0.002,1.3824,FALSE
14-04-1999 08:00,8,0.002,1.3824,FALSE
15-04-1999 08:00,8.1,0.002,1.39968,FALSE
16-04-1999 08:00,8.3,0.002,1.43424,FALSE
17-04-1999 08:00,8.3,0.002,1.43424,FALSE
18-04-1999 08:00,8.5,0.002,1.4688,FALSE
19-04-1999 08:00,8.5,0.002,1.4688,FALSE
20-04-1999 08:00,8.5,0.002,1.4688,FALSE
21-04-1999 08:00,8.6,0.002,1.48608,FALSE
22-04-1999 08:00,8.6,0.002,1.48608,FALSE
23-04-1999 08:00,8.75,0.002,1.512,FALSE
24-04-1999 08:00,8.8,0.002,1.52064,FALSE
25-04-1999 08:00,8.9,0.002,1.53792,FALSE
26-04-1999 08:00,8.9,0.002,1.53792,FALSE
27-04-1999 08:00,8.9,0.002,1.53792,FALSE
28-04-1999 08:00,9,0.002,1.5552,FALSE
29-04-1999 08:00,9.1,0.002,1.57248,FALSE
30-04-1999 08:00,9.5,0.002,1.6416,FALSE
01-05-1999 08:00,9.6,0.002,1.65888,FALSE
02-05-1999 08:00,9.5,0.002,1.6416,FALSE
03-05-1999 08:00,9.4,0.002,1.62432,FALSE
04-05-1999 08:00,9.3,0.002,1.60704,FALSE
05-05-1999 08:00,9.3,0.002,1.60704,FALSE
06-05-1999 08:00,9.2,0.002,1.58976,FALSE
07-05-1999 08:00,8.7,0.002,1.50336,FALSE
08-05-1999 08:00,8.5,0.002,1.4688,FALSE
09-05-1999 08:00,8,0.002,1.3824,FALSE
10-05-1999 08:00,7.8,0.002,1.34784,FALSE
11-05-1999 08:00,8,0.002,1.3824,FALSE
12-05-1999 08:00,9.9,0.002,1.71072,FALSE
13-05-1999 08:00,12.3,0.002,2.12544,FALSE
14-05-1999 08:00,12,0.002,2.0736,FALSE
15-05-1999 08:00,11.5,0.002,1.9872,FALSE
16-05-1999 08:00,11.5,0.002,1.9872,FALSE
17-05-1999 08:00,11,0.002,1.9008,FALSE
18-05-1999 08:00,12,0.002,2.0736,FALSE
19-05-1999 08:00,13.5,0.002,2.3328,FALSE
20-05-1999 08:00,14.6,0.002,2.52288,FALSE
21-05-1999 08:00,12.5,0.002,2.16,FALSE
22-05-1999 08:00,10.8,0.002,1.86624,FALSE
23-05-1999 08:00,10.3,0.002,1.77984,FALSE
24-05-1999 08:00,9.25,0.002,1.5984,FALSE
25-05-1999 08:00,9.25,0.002,1.5984,FALSE
26-05-1999 08:00,6.3,0.002,1.08864,FALSE
27-05-1999 08:00,8,0.002,1.3824,FALSE
28-05-1999 08:00,10,0.002,1.728,FALSE
29-05-1999 08:00,11,0.002,1.9008,FALSE
30-05-1999 08:00,12,0.002,2.0736,FALSE
31-05-1999 08:00,11.5,0.002,1.9872,FALSE
01-06-1999 08:00,126.3,0.0185,201.87792,FALSE
02-06-1999 08:00,101.2,0.0134,117.165312,FALSE
03-06-1999 08:00,77.9,0.009,60.57504,FALSE
04-06-1999 08:00,80.2,0.01,69.2928,FALSE
05-06-1999 08:00,138.7,0.0176,210.912768,FALSE
06-06-1999 08:00,119.5,0.0154,159.00192,FALSE
07-06-1999 08:00,95.38,0.011,90.649152,FALSE
08-06-1999 08:00,193.8,0.025,418.608,FALSE
09-06-1999 08:00,317,0.039,1068.1632,FALSE
10-06-1999 08:00,204.6,0.029,512.64576,FALSE
11-06-1999 08:00,203.5,0.029,509.8896,FALSE
12-06-1999 08:00,396,0.047,1608.0768,FALSE
13-06-1999 08:00,526.1,0.048,2181.84192,FALSE
14-06-1999 08:00,781.2,0.067,4522.21056,FALSE
15-06-1999 08:00,546.7,0.049,2314.50912,FALSE
16-06-1999 08:00,680,0.075,4406.4,FALSE
17-06-1999 08:00,544.8,0.052,2447.67744,FALSE
18-06-1999 08:00,732.1,0.071,4490.99424,FALSE
19-06-1999 08:00,1509,0.134,17470.5984,FALSE
20-06-1999 08:00,1334,0.077,8874.8352,FALSE
21-06-1999 08:00,1586,0.139,19047.2256,FALSE
22-06-1999 08:00,942.2,0.091,7407.95328,FALSE
23-06-1999 08:00,660.3,0.075,4278.744,FALSE
24-06-1999 08:00,522.4,0.052,2347.03872,FALSE
25-06-1999 08:00,413.6,0.045,1608.0768,FALSE
26-06-1999 08:00,396,0.045,1539.648,FALSE
27-06-1999 08:00,296.9,0.033,846.52128,FALSE
28-06-1999 08:00,262.1,0.028,634.07232,FALSE
29-06-1999 08:00,233.1,0.032,644.47488,FALSE
30-06-1999 08:00,264.1,0.028,638.91072,FALSE
01-07-1999 08:00,233.1,0.032,644.47488,FALSE
02-07-1999 08:00,251.8,0.03,652.6656,FALSE
03-07-1999 08:00,224.7,0.028,543.59424,FALSE
04-07-1999 08:00,235.2,0.032,650.28096,FALSE
05-07-1999 08:00,260,0.029,651.456,FALSE
06-07-1999 08:00,268.2,0.028,648.82944,FALSE
07-07-1999 08:00,438.5,0.048,1818.5472,FALSE
08-07-1999 08:00,390.4,0.047,1585.33632,FALSE
09-07-1999 08:00,601.9,0.063,3276.26208,FALSE
10-07-1999 08:00,676.1,0.074,4322.71296,FALSE
11-07-1999 08:00,864.8,0.082,6126.93504,FALSE
12-07-1999 08:00,632.8,0.061,3335.10912,FALSE
13-07-1999 08:00,877.6,0.082,6217.62048,FALSE
14-07-1999 08:00,1031,0.115,10244.016,FALSE
15-07-1999 08:00,1210,0.111,11604.384,FALSE
16-07-1999 08:00,2847,0.256,62971.0848,FALSE
17-07-1999 08:00,1524,0.138,18170.9568,FALSE
18-07-1999 08:00,4207,0.371,134852.8608,FALSE
19-07-1999 08:00,3330,0.323,92930.976,FALSE
20-07-1999 10:30,2604,0.278,62545.9968,FALSE
21-07-1999 10:30,2395,0.28,57939.84,FALSE
25-07-1999 08:00,2239,0.15,29017.44,FALSE
30-07-1999 08:00,1752,0.159,24068.2752,FALSE
31-07-1999 08:00,1534,0.139,18422.7264,FALSE
01-08-1999 08:00,1438,0.124,15406.1568,FALSE
05-08-1999 08:00,1803,0.156,24301.5552,FALSE
06-08-1999 08:00,1669,0.16,23072.256,FALSE
07-08-1999 08:00,1866,0.151,24344.5824,FALSE
08-08-1999 08:00,2000,0.182,31449.6,FALSE
15-08-1999 08:00,942.4,0.071,5781.05856,FALSE
21-08-1999 08:00,452.9,0.045,1760.8752,FALSE
22-08-1999 08:00,427.8,0.048,1774.17216,FALSE
26-08-1999 08:00,465.7,0.047,1891.11456,FALSE
29-08-1999 08:00,518.7,0.081,3630.07008,FALSE
05-09-1999 08:00,507.8,0.047,2062.07424,FALSE
11-09-1999 08:00,601.9,0.05,2600.208,FALSE
12-09-1999 08:00,460.1,0.047,1868.37408,FALSE
13-09-1999 08:00,410.1,0.045,1594.4688,FALSE
19-09-1999 08:00,251.8,0.025,543.888,FALSE
26-09-1999 08:00,175.4,0.017,257.62752,FALSE
02-10-1999 08:00,258,0.031,691.0272,FALSE
03-10-1999 08:00,410.1,0.048,1700.76672,FALSE
10-10-1999 08:00,235.2,0.064,1300.56192,FALSE
17-10-1999 08:00,609.6,0.117,6162.32448,FALSE
19-10-1999 08:00,575.1,0.09,4471.9776,FALSE
24-10-1999 08:00,340.7,0.086,2531.53728,FALSE
31-10-1999 08:00,410.1,0.049,1736.19936,FALSE
06-11-1999 08:00,481.9,0.096,3997.07136,FALSE
07-11-1999 08:00,255.9,0.069,1525.57344,FALSE
14-11-1999 08:00,154.4,0.033,440.22528,FALSE
21-11-1999 08:00,114.9,0.013,129.05568,FALSE
23-11-1999 08:00,108.1,0.011,102.73824,FALSE
28-11-1999 08:00,83.8,0.007,50.68224,FALSE
02-12-1999 08:00,73.5,0.006,38.1024,FALSE
03-12-1999 08:00,70.5,0.006,36.5472,FALSE
04-12-1999 08:00,68,0.006,35.2512,FALSE
05-12-1999 08:00,65.5,0.006,33.9552,FALSE
12-12-1999 08:00,52.5,0.005,22.68,FALSE
18-12-1999 08:00,45.7,0.005,19.7424,FALSE
19-12-1999 08:00,45.5,0.005,19.656,FALSE
22-12-1999 08:00,40,0.005,17.28,FALSE
23-12-1999 08:00,39.5,0.005,17.064,FALSE
24-12-1999 08:00,38.7,0.005,16.7184,FALSE
25-12-1999 08:00,38,0.005,16.416,FALSE
26-12-1999 08:00,38,0.005,16.416,FALSE
27-12-1999 08:00,36,0.005,15.552,FALSE
28-12-1999 08:00,35.5,0.005,15.336,FALSE
29-12-1999 08:00,35,0.005,15.12,FALSE
30-12-1999 08:00,34,0.005,14.688,FALSE
31-12-1999 08:00,13.5,0.005,5.832,FALSE
01-01-2000 08:00,3,0.004,1.0368,FALSE
02-01-2000 08:00,1.2,0.004,0.41472,FALSE
03-01-2000 08:00,1.2,0.004,0.41472,FALSE
04-01-2000 08:00,1.5,0.004,0.5184,FALSE
05-01-2000 08:00,2.7,0.004,0.93312,FALSE
06-01-2000 08:00,2.7,0.004,0.93312,FALSE
07-01-2000 08:00,2.7,0.004,0.93312,FALSE
08-01-2000 08:00,2.7,0.004,0.93312,FALSE
09-01-2000 08:00,2.7,0.004,0.93312,FALSE
13-01-2000 08:00,2.8,0.004,0.96768,FALSE
14-01-2000 08:00,2.8,0.004,0.96768,FALSE
15-01-2000 08:00,2.8,0.004,0.96768,FALSE
16-01-2000 08:00,2.8,0.004,0.96768,FALSE
17-01-2000 08:00,2.8,0.004,0.96768,FALSE
18-01-2000 08:00,2.8,0.004,0.96768,FALSE
19-01-2000 08:00,2.7,0.004,0.93312,FALSE
23-01-2000 08:00,2.7,0.004,0.93312,FALSE
26-01-2000 08:00,2.65,0.004,0.91584,FALSE
30-01-2000 08:00,2.6,0.004,0.89856,FALSE
06-02-2000 08:00,2.5,0.002,0.432,FALSE
12-02-2000 08:00,2.5,0.002,0.432,FALSE
13-02-2000 08:00,2.5,0.002,0.432,FALSE
20-02-2000 08:00,2.45,0.002,0.42336,FALSE
27-02-2000 08:00,2.4,0.003,0.62208,FALSE
05-03-2000 08:00,2.3,0.003,0.59616,FALSE
12-03-2000 08:00,2.3,0.007,1.39104,FALSE
17-03-2000 08:00,2.3,0.006,1.19232,FALSE
19-03-2000 08:00,2.95,0.006,1.52928,FALSE
26-03-2000 08:00,2.4,0.004,0.82944,FALSE
02-04-2000 08:00,1.5,0.003,0.3888,FALSE
05-04-2000 08:00,1.5,0.003,0.3888,FALSE
08-04-2000 08:00,4.917,0.003,1.2744864,FALSE
09-04-2000 08:00,1.46,0.003,0.378432,FALSE
14-04-2000 08:00,1.3,0.003,0.33696,FALSE
16-04-2000 08:00,1.3,0.003,0.33696,FALSE
21-04-2000 08:00,1,0.003,0.2592,FALSE
23-04-2000 08:00,1.2,0.003,0.31104,FALSE
30-04-2000 08:00,2.45,0.003,0.63504,FALSE
07-05-2000 08:00,2.4,0.003,0.62208,FALSE
11-05-2000 08:00,2.4,0.003,0.62208,FALSE
12-05-2000 08:00,2.4,0.003,0.62208,FALSE
13-05-2000 08:00,2.4,0.003,0.62208,FALSE
14-05-2000 08:00,2.4,0.004,0.82944,FALSE
18-05-2000 08:00,2.45,0.004,0.84672,FALSE
21-05-2000 08:00,3,0.004,1.0368,FALSE
28-05-2000 08:00,56,0.018,87.0912,FALSE
04-06-2000 08:00,84.3,0.016,116.53632,FALSE
11-06-2000 08:00,641.7,0.017,942.52896,FALSE
15-06-2000 08:00,540.7,0.026,1214.62848,FALSE
18-06-2000 08:00,590.6,0.065,3316.8096,FALSE
25-06-2000 08:00,419.2,0.031,1122.78528,FALSE
02-07-2000 08:00,748,0.03,1938.816,FALSE
09-07-2000 08:00,1271,0.031,3404.2464,FALSE
16-07-2000 08:00,1100,0.027,2566.08,FALSE
23-07-2000 08:00,544.2,0.006,282.11328,FALSE
30-07-2000 08:00,377.8,0.003,97.92576,FALSE
06-08-2000 08:00,594.2,0.026,1334.81088,FALSE
13-08-2000 08:00,569,0.014,688.2624,FALSE
15-08-2000 08:00,356.1,0.01,307.6704,FALSE
20-08-2000 08:00,634.3,0.031,1698.90912,FALSE
27-08-2000 08:00,1827,0.014,2209.9392,FALSE
01-09-2000 08:00,929.2,0.02,1605.6576,FALSE
03-09-2000 08:00,827,0.027,1929.2256,FALSE
10-09-2000 08:00,482.1,0.005,208.2672,FALSE
17-09-2000 08:00,356.1,0.023,707.64192,FALSE
24-09-2000 08:00,368.4,0.01,318.2976,FALSE
01-10-2000 08:00,630.7,0.025,1362.312,FALSE
02-10-2000 08:00,937.5,0.03,2430,FALSE
07-10-2000 08:00,579.8,0.029,1452.74688,FALSE
08-10-2000 08:00,419.2,0.023,833.03424,FALSE
15-10-2000 08:00,412.7,0.007,249.60096,FALSE
22-10-2000 08:00,270.5,0.004,93.4848,FALSE
26-10-2000 08:00,229.2,0.01,198.0288,FALSE
29-10-2000 08:00,203,0.009,157.8528,FALSE
05-11-2000 08:00,155.9,0.007,94.28832,FALSE
11-11-2000 08:00,115.1,0.006,59.66784,FALSE
12-11-2000 08:00,98.32,0.005,42.47424,FALSE
19-11-2000 08:00,61.92,0.003,16.049664,FALSE
26-11-2000 08:00,60.16,0.002,10.395648,FALSE
03-12-2000 08:00,70.05,0.006,36.31392,FALSE
10-12-2000 08:00,39.71,0.001,3.430944,FALSE
17-12-2000 08:00,31.42,0.002,5.429376,FALSE
24-12-2000 08:00,23.49,0.002,4.059072,FALSE
25-12-2000 08:00,22.77,0.002,3.934656,FALSE
28-12-2000 08:00,21.36,0.002,3.691008,FALSE
31-12-2000 08:00,19.35,0.003,5.01552,FALSE
07-01-2001 08:00,18.39,0.002,3.177792,FALSE
14-01-2001 08:00,15.66,0.002,2.706048,FALSE
03-06-2001 08:00,17.66,0.006,9.154944,FALSE
05-06-2001 08:00,6.927,0.02,11.969856,FALSE
10-06-2001 08:00,133.3,0.124,1428.12288,FALSE
17-06-2001 08:00,662.5,0.165,9444.6,FALSE
01-07-2001 08:00,399.7,0.015,518.0112,FALSE
08-07-2001 08:00,2658,0.141,32380.8192,FALSE
15-07-2001 08:00,758.3,0.035,2293.0992,FALSE
22-07-2001 08:00,555.9,0.028,1344.83328,FALSE
29-07-2001 08:00,744.3,0.009,578.76768,FALSE
12-08-2001 08:00,736.4,0.011,699.87456,FALSE
15-08-2001 08:00,825.8,0.022,1569.68064,FALSE
19-08-2001 08:00,1618,0.011,1537.7472,FALSE
22-08-2001 08:00,1013,0.011,962.7552,FALSE
26-08-2001 08:00,897.8,0.013,1008.40896,FALSE
02-09-2001 08:00,493.6,0.01,426.4704,FALSE
09-09-2001 08:00,249.5,0.008,172.4544,FALSE
16-09-2001 08:00,212.3,0.006,110.05632,FALSE
23-09-2001 08:00,402.8,0.015,522.0288,FALSE
30-09-2001 08:00,493.6,0.013,554.41152,FALSE
02-10-2001 08:00,418.4,0.011,397.64736,FALSE
07-10-2001 08:00,480.2,0.04,1659.5712,FALSE
14-10-2001 08:00,236.8,0.01,204.5952,FALSE
21-10-2001 08:00,236.8,0.007,143.21664,FALSE
25-10-2001 08:00,186.6,0.009,145.10016,FALSE
26-10-2001 08:00,184.3,0.009,143.31168,FALSE
28-10-2001 08:00,254.6,0.012,263.96928,FALSE
03-11-2001 08:00,131.3,0.006,68.06592,FALSE
04-11-2001 08:00,129.3,0.006,67.02912,FALSE
11-11-2001 08:00,129.3,0.009,100.54368,FALSE
14-11-2001 08:00,110.3,0.008,76.23936,FALSE
18-11-2001 08:00,191.1,0.011,181.62144,FALSE
25-11-2001 08:00,103.1,0.013,115.80192,FALSE
30-11-2001 08:00,89.18,0.007,53.936064,FALSE
02-12-2001 08:00,74.34,0.005,32.11488,FALSE
09-12-2001 08:00,51.9,0.004,17.93664,FALSE
15-12-2001 08:00,41.87,0.003,10.852704,FALSE
16-12-2001 08:00,41.37,0.003,10.723104,FALSE
17-12-2001 08:00,53.03,0.003,13.745376,FALSE
02-06-2002 08:00,26.01,0.009,20.225376,FALSE
09-06-2002 08:00,17.48,0.008,12.082176,FALSE
16-06-2002 08:00,336.8,0.113,3288.24576,FALSE
23-06-2002 08:00,450.9,0.071,2766.00096,FALSE
30-06-2002 08:00,234.3,0.027,546.57504,FALSE
07-07-2002 08:00,270,0.025,583.2,FALSE
14-07-2002 08:00,1005,0.162,14066.784,FALSE
21-07-2002 08:00,380,0.043,1411.776,FALSE
28-07-2002 08:00,893.6,0.119,9187.63776,FALSE
04-08-2002 08:00,605.1,0.064,3345.96096,FALSE
11-08-2002 08:00,1413,0.035,4272.912,FALSE
15-08-2002 08:00,884.9,0.046,3516.94656,FALSE
18-08-2002 08:00,1733,0.102,15272.5824,FALSE
25-08-2002 08:00,661.1,0.038,2170.52352,FALSE
01-09-2002 08:00,282.8,0.003,73.30176,FALSE
08-09-2002 08:00,619.8,0.015,803.2608,FALSE
09-09-2002 08:00,548,0.013,615.5136,FALSE
10-09-2002 08:00,779.5,0.019,1279.6272,FALSE
15-09-2002 08:00,270,0.005,116.64,FALSE
22-09-2002 08:00,194.3,0.004,67.15008,FALSE
26-09-2002 08:00,158.7,0.002,27.42336,FALSE
29-09-2002 08:00,142.1,0.002,24.55488,FALSE
02-10-2002 08:00,154.7,0.003,40.09824,FALSE
06-10-2002 08:00,123.7,0.011,117.56448,FALSE
13-10-2002 08:00,1308,0.267,30173.9904,FALSE
14-10-2002 08:00,1595,0.325,44787.6,FALSE
15-10-2002 08:00,619.8,0.126,6747.39072,FALSE
16-10-2002 08:00,441.4,0.09,3432.3264,FALSE
17-10-2002 08:00,407.1,0.083,2919.39552,FALSE
18-10-2002 08:00,320.1,0.065,1797.6816,FALSE
19-10-2002 08:00,303.9,0.062,1627.93152,FALSE
20-10-2002 08:00,359.6,0.074,2299.13856,FALSE
27-10-2002 08:00,237.9,0.011,226.10016,FALSE
03-11-2002 08:00,404.1,0.056,1955.19744,FALSE
04-11-2002 08:00,189.9,0.026,426.59136,FALSE
10-11-2002 08:00,124.6,0.005,53.8272,FALSE
17-11-2002 08:00,94.2,0.004,32.55552,FALSE
19-11-2002 08:00,83.43,0.007,50.458464,FALSE
24-11-2002 08:00,76.1,0.019,124.92576,FALSE
01-12-2002 08:00,55.96,0.005,24.17472,FALSE
06-12-2002 08:00,52,0.005,22.464,FALSE
01-06-2003 08:00,2.391,0,0,TRUE
11-06-2003 08:00,0.05,0,0,TRUE
12-06-2003 08:00,0.013,0,0,TRUE
13-06-2003 08:00,0.107,0,0,TRUE
14-06-2003 08:00,0.281,0,0,TRUE
15-06-2003 08:00,4.365,0,0,TRUE
22-06-2003 08:00,1337,0.099,11436.1632,FALSE
29-06-2003 08:00,430.3,0.033,1226.87136,FALSE
06-07-2003 08:00,1280,0.057,6303.744,FALSE
13-07-2003 08:00,555.4,0.023,1103.69088,FALSE
20-07-2003 08:00,845.5,0.165,12053.448,FALSE
27-07-2003 08:00,1165,0.07,7045.92,FALSE
03-08-2003 08:00,633.6,0.028,1532.80512,FALSE
10-08-2003 08:00,864.1,0.046,3434.27904,FALSE
15-08-2003 08:00,845.5,0.046,3360.3552,FALSE
17-08-2003 08:00,746.8,0.04,2580.9408,FALSE
24-08-2003 08:00,1859,0.108,17346.7008,FALSE
31-08-2003 08:00,782,0.023,1553.9904,FALSE
07-09-2003 08:00,625.6,0.098,5297.08032,FALSE
11-09-2003 08:00,461.1,0.028,1115.49312,FALSE
14-09-2003 08:00,420.3,0.023,835.22016,FALSE
21-09-2003 08:00,269.8,0.03,699.3216,FALSE
28-09-2003 08:00,204,0.018,317.2608,FALSE
02-10-2003 08:00,187.7,0.006,97.30368,FALSE
03-10-2003 08:00,427,0.015,553.392,FALSE
04-10-2003 08:00,489.2,0.018,760.80384,FALSE
05-10-2003 08:00,368.7,0.014,445.97952,FALSE
12-10-2003 08:00,201.6,0.007,121.92768,FALSE
19-10-2003 08:00,194.6,0.007,117.69408,FALSE
24-10-2003 08:00,320.3,0.017,470.45664,FALSE
26-10-2003 08:00,178.7,0.05,771.984,FALSE
02-11-2003 08:00,119.8,0.004,41.40288,FALSE
06-11-2003 08:00,102.1,0.004,35.28576,FALSE
08-11-2003 08:00,101.2,0.002,17.48736,FALSE
09-11-2003 08:00,107.3,0.004,37.08288,FALSE
16-11-2003 08:00,77.99,0.002,13.476672,FALSE
23-11-2003 08:00,58.94,0.005,25.46208,FALSE
26-11-2003 08:00,53.15,0.002,9.18432,FALSE
30-11-2003 08:00,67.8,0.002,11.71584,FALSE
02-06-2004 08:00,118.6,0.013,133.21152,FALSE
06-06-2004 08:00,242.5,0.024,502.848,FALSE
13-06-2004 08:00,699.9,0.095,5744.7792,FALSE
20-06-2004 08:00,591.2,0.061,3115.86048,FALSE
27-06-2004 08:00,276.3,0.093,2220.12576,FALSE
28-06-2004 08:00,425.6,0.074,2721.11616,FALSE
29-06-2004 08:00,640.6,0.064,3542.26176,FALSE
03-07-2004 08:00,801.1,0.076,5260.34304,FALSE
04-07-2004 08:00,1773,0.19,29105.568,FALSE
11-07-2004 08:00,563,0.034,1653.8688,FALSE
18-07-2004 08:00,651,0.04,2249.856,FALSE
23-07-2004 08:00,477.5,0.05,2062.8,FALSE
25-07-2004 08:00,1868,0.19,30665.088,FALSE
01-08-2004 08:00,1111,0.05,4799.52,FALSE
08-08-2004 08:00,2044,0.189,33377.7024,FALSE
12-08-2004 08:00,851.1,0.054,3970.89216,FALSE
14-08-2004 08:00,2426,0.313,65606.8032,FALSE
15-08-2004 08:00,1520,0.197,25871.616,FALSE
22-08-2004 08:00,949.4,0.066,5413.85856,FALSE
28-08-2004 08:00,603.4,0.059,3075.89184,FALSE
29-08-2004 08:00,511.9,0.046,2034.49536,FALSE
05-09-2004 08:00,292.2,0.007,176.72256,FALSE
07-09-2004 08:00,400.4,0.029,1003.24224,FALSE
12-09-2004 08:00,386.3,0.016,534.02112,FALSE
17-09-2004 08:00,251.6,0.014,304.33536,FALSE
18-09-2004 08:00,276.3,0.012,286.46784,FALSE
19-09-2004 08:00,242.5,0.011,230.472,FALSE
26-09-2004 08:00,260.8,0.014,315.46368,FALSE
02-10-2004 08:00,166.2,0.016,229.75488,FALSE
03-10-2004 08:00,583.1,0.063,3173.92992,FALSE
04-10-2004 08:00,575,0.056,2782.08,FALSE
08-10-2004 08:00,201.7,0.017,296.25696,FALSE
09-10-2004 08:00,179.6,0.015,232.7616,FALSE
10-10-2004 08:00,163.6,0.013,183.75552,FALSE
11-10-2004 08:00,150.6,0.012,156.14208,FALSE
12-10-2004 08:00,140.5,0.01,121.392,FALSE
17-10-2004 09:00,221.8,0.029,555.74208,FALSE
22-10-2004 08:00,185,0.03,479.52,FALSE
24-10-2004 08:00,118.6,0.013,133.21152,FALSE
31-10-2004 08:00,85.09,0.011,80.869536,FALSE
05-11-2004 08:00,95.44,0.032,263.872512,FALSE
06-11-2004 08:00,88.8,0.028,214.82496,FALSE
07-11-2004 08:00,107,0.023,212.6304,FALSE
08-11-2004 08:00,91.49,0.018,142.285248,FALSE
09-11-2004 08:00,84.04,0.013,94.393728,FALSE
11-11-2004 08:00,135.5,0.014,163.9008,FALSE
14-11-2004 08:00,87.15,0.007,52.70832,FALSE
15-11-2004 08:00,79.2,0.006,41.05728,FALSE
21-11-2004 08:00,53.43,0.002,9.232704,FALSE
26-11-2004 08:00,53.43,0.002,9.232704,FALSE
28-11-2004 08:00,48.32,0.002,8.349696,FALSE
11-06-2005 08:00,33.16,0.021,60.165504,FALSE
12-06-2005 08:00,11.76,0,0,TRUE
19-06-2005 08:00,185.1,0.028,447.79392,FALSE
26-06-2005 08:00,637.6,0.144,7932.76416,FALSE
03-07-2005 08:00,1416,0.077,9420.3648,FALSE
07-07-2005 08:00,1080,0.066,6158.592,FALSE
08-07-2005 08:00,770.8,0.055,3662.8416,FALSE
10-07-2005 08:00,670.9,0.047,2724.39072,FALSE
17-07-2005 08:00,1733,0.347,51956.7264,FALSE
18-07-2005 08:00,1229,0.246,26121.6576,FALSE
19-07-2005 08:00,924.4,0.185,14775.6096,FALSE
24-07-2005 08:00,2442,0.258,54435.1104,FALSE
31-07-2005 08:00,2555,0.225,49669.2,FALSE
02-08-2005 08:00,4197,0.367,133081.8336,FALSE
07-08-2005 08:00,1427,0.058,7150.9824,FALSE
14-08-2005 08:00,1085,0.105,9843.12,FALSE
15-08-2005 08:00,1364,0.132,15556.1472,FALSE
21-08-2005 08:00,843.8,0.04,2916.1728,FALSE
28-08-2005 08:00,1513,0.21,27451.872,FALSE
04-09-2005 08:00,825.2,0.088,6274.16064,FALSE
07-09-2005 08:00,633.5,0.081,4433.4864,FALSE
11-09-2005 08:00,876.6,0.073,5528.89152,FALSE
13-09-2005 08:00,1324,0.089,10181.0304,FALSE
14-09-2005 08:00,1191,0.087,8952.5088,FALSE
15-09-2005 08:00,1127,0.087,8471.4336,FALSE
16-09-2005 08:00,1148,0.087,8629.2864,FALSE
18-09-2005 08:00,637.6,0.043,2368.81152,FALSE
25-09-2005 08:00,432.6,0.012,448.51968,FALSE
02-10-2005 08:00,300.5,0.012,311.5584,FALSE
09-10-2005 08:00,443,0.03,1148.256,FALSE
10-10-2005 08:00,271.5,0.018,422.2368,FALSE
11-10-2005 08:00,354.3,0.024,734.67648,FALSE
12-10-2005 08:00,388.4,0.026,872.50176,FALSE
16-10-2005 08:00,368.8,0.025,796.608,FALSE
23-10-2005 08:00,748.6,0.057,3686.70528,FALSE
30-10-2005 08:00,254.7,0.018,396.10944,FALSE
01-11-2005 08:00,235.8,0.016,325.96992,FALSE
03-11-2005 08:00,252,0.07,1524.096,FALSE
04-11-2005 08:00,359.1,0.1,3102.624,FALSE
05-11-2005 08:00,254.7,0.071,1562.43168,FALSE
06-11-2005 08:00,227.8,0.063,1239.96096,FALSE
13-11-2005 08:00,176.8,0.041,626.29632,FALSE
15-11-2005 08:00,152.9,0.041,541.63296,FALSE
20-11-2005 08:00,125.4,0.032,346.70592,FALSE
27-11-2005 08:00,107.7,0.023,214.02144,FALSE
28-11-2005 08:00,107.7,0.023,214.02144,FALSE
29-11-2005 08:00,105.9,0.023,210.44448,FALSE
21-05-2006 08:00,1.396,0.002,0.2412288,FALSE
22-05-2006 08:00,1.303,0.002,0.2251584,FALSE
28-05-2006 08:00,55.59,0.025,120.0744,FALSE
29-05-2006 08:00,248.9,0.047,1010.73312,FALSE
01-06-2007 08:00,8.452,0,0,TRUE
01-06-2008 08:00,156.9,0,0,TRUE
03-12-2011 08:00,101.9,0.0075,66.0312,FALSE
05-12-2011 08:00,72.69,0.0063,39.5666208,FALSE
06-12-2011 08:00,57.98,0.008,40.075776,FALSE
07-12-2011 08:00,93.14,0.0078,62.7689088,FALSE
08-12-2011 08:00,72.69,0.0063,39.5666208,FALSE
09-12-2011 08:00,57.98,0.008,40.075776,FALSE
10-12-2011 08:00,41.71,0.0085,30.631824,FALSE
11-12-2011 08:00,72.69,0.0063,39.5666208,FALSE
18-12-2011 08:00,35,0.0065,19.656,FALSE
25-12-2011 08:00,19.01,0.006,9.854784,FALSE
01-01-2012 08:00,24.18,0.0046,9.6100992,FALSE
06-01-2012 08:00,24.18,0.0046,9.6100992,FALSE
07-01-2012 08:00,21.95,0.0042,7.965216,FALSE
08-01-2012 08:00,19.85,0.0038,6.517152,FALSE
10-01-2012 08:00,17.87,0.0034,5.2494912,FALSE
14-01-2012 08:00,19.85,0.0038,6.517152,FALSE
15-01-2012 08:00,3.529,0.0039,1.18913184,FALSE
22-01-2012 08:00,8.44,0.0032,2.3334912,FALSE
26-01-2012 08:00,4.317,0.0034,1.26816192,FALSE
27-01-2012 08:00,0.002,0,0,TRUE
28-01-2012 08:00,16.01,0.0035,4.841424,FALSE
29-01-2012 08:00,14.27,0.0034,4.1919552,FALSE
05-02-2012 08:00,1.7,0.0045,0.66096,FALSE
09-02-2012 08:00,24.18,0.0075,15.66864,FALSE
12-02-2012 08:00,7.26,0.0052,3.2617728,FALSE
14-02-2012 08:00,8.444,0.005,3.647808,FALSE
15-02-2012 08:00,8.444,0.005,3.647808,FALSE
16-02-2012 08:00,7.26,0.0052,3.2617728,FALSE
17-02-2012 08:00,6.179,0.0033,1.76175648,FALSE
18-02-2012 08:00,6.179,0.0033,1.76175648,FALSE
19-02-2012 08:00,6.179,0.0033,1.76175648,FALSE
20-02-2012 08:00,6.179,0.0033,1.76175648,FALSE
23-02-2012 08:00,2.89,0.0026,0.6492096,FALSE
26-02-2012 08:00,3.002,0.0032,0.82999296,FALSE
27-02-2012 08:00,2.89,0.0026,0.6492096,FALSE
28-02-2012 08:00,2.89,0.0026,0.6492096,FALSE
04-03-2012 08:00,2.78,0.0025,0.60048,FALSE
07-03-2012 08:00,2.618,0.0023,0.52024896,FALSE
08-03-2012 08:00,2.725,0.0021,0.494424,FALSE
09-03-2012 08:00,2.565,0.0068,1.5069888,FALSE
10-03-2012 08:00,2.26,0.0057,1.1130048,FALSE
11-03-2012 08:00,2.31,0.0046,0.9180864,FALSE
16-03-2012 08:00,1.348,0.0064,0.74539008,FALSE
17-03-2012 08:00,1.272,0.0064,0.70336512,FALSE
18-03-2012 08:00,1.028,0.0063,0.55956096,FALSE
19-03-2012 08:00,0.724,0.0062,0.38783232,FALSE
20-03-2012 08:00,0.452,0.0061,0.23822208,FALSE
23-03-2012 08:00,4.698,0.0069,2.80075968,FALSE
25-03-2012 08:00,2.638,0.0058,1.32195456,FALSE
01-04-2012 08:00,6.533,0.0085,4.7978352,FALSE
04-04-2012 08:00,1.47,0.007,0.889056,FALSE
05-04-2012 08:00,1.398,0.0065,0.7851168,FALSE
06-04-2012 08:00,1.327,0.006,0.6879168,FALSE
08-04-2012 08:00,1.124,0.0062,0.60210432,FALSE
14-04-2012 08:00,0.354,0.0054,0.16516224,FALSE
15-04-2012 08:00,0.628,0.0062,0.33640704,FALSE
22-04-2012 08:00,2.735,0.0103,2.4339312,FALSE
24-04-2012 08:00,3.383,0.0085,2.4844752,FALSE
29-04-2012 08:00,6.121,0.0073,3.86063712,FALSE
06-05-2012 08:00,7.738,0.0053,3.54338496,FALSE
13-05-2012 08:00,6.804,0.0081,4.76171136,FALSE
18-05-2012 08:00,7.086,0.0047,2.87748288,FALSE
19-05-2012 08:00,7.086,0.0047,2.87748288,FALSE
20-05-2012 08:00,3.81,0.004,1.316736,FALSE
27-05-2012 08:00,1.507,0.0038,0.49477824,FALSE
31-05-2012 08:00,0.001,0,0,TRUE
03-06-2012 08:00,85.9,0.0064,47.499264,FALSE
10-06-2012 08:00,9.613,0.0098,8.13951936,FALSE
17-06-2012 08:00,181.2,0.027,422.70336,FALSE
24-06-2012 08:00,181.2,0.027,422.70336,FALSE
01-07-2012 08:00,376.2,0.047,1527.67296,FALSE
08-07-2012 08:00,399.7,0.0162,559.452096,FALSE
14-07-2012 08:00,318.3,0.0153,420.767136,FALSE
15-07-2012 08:00,315.2,0.0144,392.159232,FALSE
19-07-2012 08:00,309.1,0.0122,325.816128,FALSE
22-07-2012 08:00,1342,0.0834,9670.12992,FALSE
23-07-2012 08:00,1535,0.0863,11445.4512,FALSE
24-07-2012 08:00,891.6,0.0808,6224.366592,FALSE
25-07-2012 08:00,682.1,0.069,4066.40736,FALSE
26-07-2012 08:00,768.5,0.0724,4807.24416,FALSE
29-07-2012 08:00,1282,0.0647,7166.48256,FALSE
05-08-2012 08:00,1364,0.0816,9616.52736,FALSE
12-08-2012 08:00,2209,0.0635,12119.4576,FALSE
15-08-2012 08:00,859,0.0382,2835.11232,FALSE
19-08-2012 08:00,831.4,0.0369,2650.636224,FALSE
20-08-2012 08:00,737.8,0.0352,2243.856384,FALSE
22-08-2012 08:00,564.3,0.0316,1540.674432,FALSE
25-08-2012 08:00,548.8,0.0327,1550.513664,FALSE
26-08-2012 08:00,786.3,0.0411,2792.182752,FALSE
27-08-2012 08:00,1287,0.0526,5848.95168,FALSE
02-09-2012 08:00,1825,0.105,16556.4,FALSE
09-09-2012 08:00,1052,0.0366,3326.67648,FALSE
16-09-2012 08:00,677.9,0.0231,1352.979936,FALSE
19-09-2012 08:00,768.5,0.0292,1938.83328,FALSE
20-09-2012 08:00,492.1,0.017,722.79648,FALSE
23-09-2012 08:00,392.9,0.0278,943.714368,FALSE
30-09-2012 08:00,334,0.0193,556.95168,FALSE
02-10-2012 08:00,284.9,0.0235,578.46096,FALSE
07-10-2012 08:00,225.3,0.0138,268.629696,FALSE
14-10-2012 08:00,171.4,0.0095,140.68512,FALSE
21-10-2012 08:00,181.2,0.0109,170.646912,FALSE
23-10-2012 08:00,343.6,0.0209,620.459136,FALSE
24-10-2012 08:00,343.6,0.0209,620.459136,FALSE
27-10-2012 08:00,138.8,0.0085,101.93472,FALSE
28-10-2012 08:00,109.1,0.0092,86.721408,FALSE
04-11-2012 08:00,198.9,0.0095,163.25712,FALSE
11-11-2012 08:00,121.5,0.0053,55.63728,FALSE
12-11-2012 08:00,119.4,0.0065,67.05504,FALSE
17-11-2012 08:00,78.68,0.0033,22.4332416,FALSE
18-11-2012 08:00,121.5,0.0053,55.63728,FALSE
25-11-2012 08:00,416.9,0.003,108.06048,FALSE
28-11-2012 08:00,236.2,0.003,61.22304,FALSE
02-01-2013 08:00,6.067,0.0022,1.15321536,FALSE
03-01-2013 08:00,6.067,0.0022,1.15321536,FALSE
04-01-2013 08:00,5.92,0.0021,1.0741248,FALSE
05-01-2013 08:00,5.92,0.0021,1.0741248,FALSE
06-01-2013 08:00,5.492,0.002,0.9490176,FALSE
07-01-2013 08:00,5.92,0.0022,1.1252736,FALSE
08-01-2013 08:00,5.492,0.0021,0.99646848,FALSE
09-01-2013 08:00,6.067,0.0022,1.15321536,FALSE
10-01-2013 08:00,5.775,0.002,0.99792,FALSE
11-01-2013 08:00,5.632,0.0021,1.02187008,FALSE
12-01-2013 08:00,5.632,0.0021,1.02187008,FALSE
13-01-2013 08:00,5.775,0.002,0.99792,FALSE
14-01-2013 08:00,5.775,0.002,0.99792,FALSE
16-01-2013 08:00,5.775,0.004,1.99584,FALSE
17-01-2013 08:00,5.632,0.0038,1.84909824,FALSE
18-01-2013 08:00,5.775,0.004,1.99584,FALSE
19-01-2013 08:00,5.492,0.0036,1.70823168,FALSE
20-01-2013 08:00,5.219,0.0032,1.44294912,FALSE
21-01-2013 08:00,5.632,0.0038,1.84909824,FALSE
23-01-2013 08:00,4.956,0.0048,2.05535232,FALSE
24-01-2013 08:00,4.956,0.0048,2.05535232,FALSE
25-01-2013 08:00,4.578,0.0034,1.34483328,FALSE
26-01-2013 08:00,4.828,0.0047,1.96055424,FALSE
27-01-2013 08:00,4.222,0.004,1.4591232,FALSE
29-01-2013 08:00,4.614,0.0036,1.43513856,FALSE
30-01-2013 08:00,5.219,0.005,2.254608,FALSE
31-01-2013 08:00,4.956,0.0048,2.05535232,FALSE
02-02-2013 08:00,5.086,0.0047,2.06532288,FALSE
03-02-2013 08:00,5.216,0.005,2.253312,FALSE
05-02-2013 08:00,4.956,0.0048,2.05535232,FALSE
06-02-2013 08:00,4.956,0.0048,2.05535232,FALSE
07-02-2013 08:00,4.457,0.0033,1.27077984,FALSE
08-02-2013 08:00,5.492,0.005,2.372544,FALSE
09-02-2013 08:00,4.338,0.0034,1.27433088,FALSE
10-02-2013 08:00,3.995,0.0035,1.208088,FALSE
12-02-2013 08:00,4.702,0.0046,1.86876288,FALSE
13-02-2013 08:00,4.956,0.0048,2.05535232,FALSE
14-02-2013 08:00,4.956,0.0048,2.05535232,FALSE
15-02-2013 08:00,4.338,0.0034,1.27433088,FALSE
16-02-2013 08:00,5.219,0.005,2.254608,FALSE
17-02-2013 08:00,5.219,0.005,2.254608,FALSE
19-02-2013 08:00,4.457,0.0034,1.30928832,FALSE
20-02-2013 08:00,4.956,0.0048,2.05535232,FALSE
21-02-2013 08:00,4.956,0.0048,2.05535232,FALSE
22-02-2013 08:00,5.632,0.0052,2.53034496,FALSE
23-02-2013 08:00,4.828,0.0046,1.91884032,FALSE
24-02-2013 08:00,5.632,0.0052,2.53034496,FALSE
26-02-2013 08:00,3.268,0.0031,0.87530112,FALSE
27-02-2013 08:00,2.64,0.0031,0.7070976,FALSE
28-02-2013 08:00,2.101,0.003,0.5445792,FALSE
02-03-2013 08:00,1.165,0.0028,0.2818368,FALSE
03-03-2013 08:00,0.988,0.0026,0.22194432,FALSE
05-03-2013 08:00,0.758,0.0023,0.15062976,FALSE
06-03-2013 08:00,0.758,0.0023,0.15062976,FALSE
07-03-2013 08:00,0.724,0.0023,0.14387328,FALSE
08-03-2013 08:00,0.794,0.0024,0.16464384,FALSE
09-03-2013 08:00,0.907,0.0025,0.195912,FALSE
10-03-2013 08:00,0.988,0.0026,0.22194432,FALSE
12-03-2013 08:00,2.246,0.003,0.5821632,FALSE
13-03-2013 08:00,4.457,0.0055,2.1179664,FALSE
14-03-2013 08:00,4.702,0.0054,2.19376512,FALSE
15-03-2013 08:00,5.632,0.0058,2.82230784,FALSE
16-03-2013 08:00,4.64,0.0054,2.1648384,FALSE
17-03-2013 08:00,4.457,0.0055,2.1179664,FALSE
19-03-2013 08:00,4.338,0.0053,1.98645696,FALSE
22-03-2013 08:00,1.888,0.0038,0.61986816,FALSE
23-03-2013 08:00,1.888,0.0038,0.61986816,FALSE
24-03-2013 08:00,1.888,0.0038,0.61986816,FALSE
26-03-2013 08:00,1.847,0.0037,0.59044896,FALSE
27-03-2013 08:00,1.821,0.0036,0.56640384,FALSE
28-03-2013 08:00,1.816,0.0036,0.56484864,FALSE
29-03-2013 08:00,1.826,0.0036,0.56795904,FALSE
30-03-2013 08:00,1.821,0.0036,0.56640384,FALSE
31-03-2013 08:00,1.806,0.0036,0.56173824,FALSE
02-04-2013 08:00,1.791,0.0034,0.52612416,FALSE
03-04-2013 08:00,1.776,0.0034,0.52171776,FALSE
04-04-2013 08:00,1.776,0.0034,0.52171776,FALSE
05-04-2013 08:00,1.766,0.0034,0.51878016,FALSE
06-04-2013 08:00,1.756,0.0034,0.51584256,FALSE
07-04-2013 08:00,1.746,0.0034,0.51290496,FALSE
09-04-2013 08:00,1.716,0.0034,0.50409216,FALSE
10-04-2013 08:00,1.736,0.0034,0.50996736,FALSE
11-04-2013 08:00,1.736,0.0034,0.50996736,FALSE
13-04-2013 08:00,1.706,0.0032,0.47167488,FALSE
14-04-2013 08:00,1.687,0.0032,0.46642176,FALSE
16-04-2013 08:00,1.648,0.0032,0.45563904,FALSE
17-04-2013 08:00,1.658,0.0032,0.45840384,FALSE
18-04-2013 08:00,1.648,0.0032,0.45563904,FALSE
19-04-2013 08:00,1.629,0.0032,0.45038592,FALSE
20-04-2013 08:00,1.61,0.0032,0.4451328,FALSE
21-04-2013 08:00,1.581,0.0032,0.43711488,FALSE
23-04-2013 08:00,1.443,0.0024,0.29922048,FALSE
24-04-2013 08:00,1.389,0.0024,0.28802304,FALSE
25-04-2013 08:00,1.346,0.0024,0.27910656,FALSE
26-04-2013 08:00,1.303,0.0024,0.27019008,FALSE
27-04-2013 08:00,1.26,0.0023,0.2503872,FALSE
28-04-2013 08:00,1.219,0.0023,0.24223968,FALSE
30-04-2013 08:00,1.122,0.0023,0.22296384,FALSE
02-05-2013 08:00,1.026,0.0024,0.21275136,FALSE
03-05-2013 08:00,0.97,0.002,0.167616,FALSE
04-05-2013 08:00,0.92,0.002,0.158976,FALSE
05-05-2013 08:00,0.857,0.002,0.1480896,FALSE
07-05-2013 08:00,0.757,0.002,0.1308096,FALSE
08-05-2013 08:00,0.85,0.002,0.14688,FALSE
09-05-2013 08:00,0.985,0.0022,0.1872288,FALSE
10-05-2013 08:00,1.106,0.0024,0.22934016,FALSE
11-05-2013 08:00,1.099,0.0024,0.22788864,FALSE
12-05-2013 08:00,1.052,0.0024,0.21814272,FALSE
14-05-2013 08:00,0.963,0.0022,0.18304704,FALSE
15-05-2013 08:00,0.906,0.0022,0.17221248,FALSE
16-05-2013 08:00,0.885,0.0022,0.1682208,FALSE
17-05-2013 08:00,1.562,0.0032,0.43186176,FALSE
18-05-2013 08:00,2.009,0.0038,0.65959488,FALSE
19-05-2013 08:00,1.806,0.0036,0.56173824,FALSE
21-05-2013 08:00,1.929,0.0037,0.61666272,FALSE
22-05-2013 08:00,1.389,0.0038,0.45603648,FALSE
23-05-2013 08:00,1.32,0.0038,0.4333824,FALSE
24-05-2013 08:00,1.273,0.0038,0.41795136,FALSE
25-05-2013 08:00,1.211,0.004,0.4185216,FALSE
26-05-2013 08:00,1.154,0.004,0.3988224,FALSE
28-05-2013 08:00,0.948,0.0042,0.34401024,FALSE
29-05-2013 08:00,0.948,0.0042,0.34401024,FALSE
30-05-2013 08:00,0.85,0.0042,0.308448,FALSE
31-05-2013 08:00,0.646,0.004,0.2232576,FALSE
02-06-2013 08:00,133,0.0052,59.75424,FALSE
03-06-2013 08:00,69.69,0.0043,25.8912288,FALSE
05-06-2013 08:00,44.64,0.0092,35.4834432,FALSE
09-06-2013 08:00,2.06,0.0218,3.8800512,FALSE
16-06-2013 08:00,698.4,0.0403,2431.772928,FALSE
23-06-2013 08:00,565.5,0.0251,1226.36592,FALSE
30-06-2013 08:00,632.6,0.0143,781.589952,FALSE
04-07-2013 08:00,6055,0.2421,126655.0992,FALSE
07-07-2013 08:00,2513,0.0939,20387.86848,FALSE
14-07-2013 08:00,1772,0.0654,10012.79232,FALSE
21-07-2013 08:00,2778,0.1087,26090.08704,FALSE
28-07-2013 08:00,2513,0.0616,13374.78912,FALSE
04-08-2013 08:00,2325,0.0353,7091.064,FALSE
09-08-2013 08:00,1212,0.0183,1916.31744,FALSE
11-08-2013 08:00,939.3,0.0404,3278.683008,FALSE
15-08-2013 08:00,746,0.014,902.3616,FALSE
18-08-2013 08:00,741.4,0.0266,1703.915136,FALSE
25-08-2013 08:00,845.2,0.0123,898.210944,FALSE
01-09-2013 08:00,376.5,0.0103,335.05488,FALSE
08-09-2013 08:00,565.5,0.0309,1509.74928,FALSE
09-09-2013 08:00,658.6,0.0278,1581.904512,FALSE
15-09-2013 08:00,771.5,0.023,1533.1248,FALSE
22-09-2013 08:00,906.6,0.0699,5475.283776,FALSE
29-09-2013 08:00,297.4,0.0114,292.927104,FALSE
02-10-2013 08:00,426.2,0.0393,1447.170624,FALSE
06-10-2013 08:00,437.2,0.0268,1012.345344,FALSE
13-10-2013 08:00,300.6,0.0103,267.509952,FALSE
16-10-2013 08:00,369.6,0.0247,788.755968,FALSE
20-10-2013 08:00,463.2,0.0328,1312.671744,FALSE
27-10-2013 08:00,322.9,0.0136,379.420416,FALSE
02-11-2013 08:00,196.4,0.0265,449.67744,FALSE
03-11-2013 08:00,178.3,0.0282,434.424384,FALSE
10-11-2013 08:00,119.9,0.0033,34.185888,FALSE
15-11-2013 08:00,105.2,0.0032,29.085696,FALSE
17-11-2013 08:00,97.26,0.003,25.209792,FALSE
24-11-2013 08:00,85.77,0.0029,21.4905312,FALSE
01-12-2013 08:00,0.000162,0,0,TRUE
08-12-2013 08:00,53.97,0.0031,14.4553248,FALSE
15-12-2013 08:00,59.98,0.0048,24.8749056,FALSE
01-06-2014 08:00,65.76,0.009,51.134976,FALSE
03-06-2014 08:00,64.09,0.0084,46.5139584,FALSE
04-06-2014 08:00,36.67,0.0048,15.2077824,FALSE
05-06-2014 08:00,39.45,0.0052,17.724096,FALSE
07-06-2014 08:00,39.45,0.0049,16.701552,FALSE
08-06-2014 08:00,24.7,0.0031,6.615648,FALSE
09-06-2014 08:00,23.13,0.0029,5.7954528,FALSE
15-06-2014 08:00,41.34,0.0267,95.3664192,FALSE
22-06-2014 08:00,627.1,0.0216,1170.319104,FALSE
29-06-2014 08:00,94.99,0.0094,77.1470784,FALSE
04-07-2014 08:00,125.2,0.0127,137.379456,FALSE
06-07-2014 08:00,115.1,0.0191,189.942624,FALSE
13-07-2014 08:00,2185,0.0377,7117.1568,FALSE
27-07-2014 08:00,1574,0.0252,3427.03872,FALSE
29-07-2014 08:00,1456,0.0341,4289.72544,FALSE
03-08-2014 08:00,2506,0.0498,10782.61632,FALSE
10-08-2014 08:00,1571,0.0296,4017.73824,FALSE
15-08-2014 08:00,971,0.0265,2223.2016,FALSE
17-08-2014 08:00,653,0.0188,1060.68096,FALSE
24-08-2014 08:00,592.5,0.0331,1694.4552,FALSE
29-08-2014 08:00,703.3,0.0205,1245.68496,FALSE
31-08-2014 08:00,978.8,0.0216,1826.675712,FALSE
07-09-2014 08:00,1459,0.0347,4374.19872,FALSE
14-09-2014 08:00,605.4,0.0432,2259.643392,FALSE
21-09-2014 08:00,401.9,0.012,416.68992,FALSE
28-09-2014 08:00,279.2,0.0127,306.360576,FALSE
02-10-2014 08:00,341.7,0.0037,109.234656,FALSE
03-10-2014 08:00,352.1,0.0038,115.601472,FALSE
05-10-2014 08:00,288.8,0.022,548.95104,FALSE
06-10-2014 08:00,260.6,0.0198,445.813632,FALSE
12-10-2014 08:00,334.9,0.0178,515.049408,FALSE
19-10-2014 08:00,352.1,0.0246,748.367424,FALSE
23-10-2014 08:00,135.6,0.0076,89.040384,FALSE
26-10-2014 08:00,313.1,0.0154,416.598336,FALSE
02-11-2014 08:00,124.1,0.0093,99.716832,FALSE
04-11-2014 08:00,120.7,0.007,72.99936,FALSE
06-11-2014 08:00,100.1,0.0076,65.729664,FALSE
09-11-2014 08:00,104.3,0.0094,84.708288,FALSE
16-11-2014 08:00,108.6,0.0106,99.460224,FALSE
23-11-2014 08:00,65.6,0.0037,20.971008,FALSE
30-11-2014 08:00,35.86,0.0041,12.7030464,FALSE
06-12-2014 08:00,48.47,0.004,16.751232,FALSE
07-12-2014 08:00,64.51,0.0053,29.5404192,FALSE
14-12-2014 08:00,90.59,0.0029,22.6982304,FALSE
14-06-2015 08:00,136.9,0.027,319.36032,FALSE
21-06-2015 08:00,645.4,0.0152,847.590912,FALSE
28-06-2015 08:00,816.2,0.0368,2595.124224,FALSE
05-07-2015 08:00,296.7,0.0103,264.039264,FALSE
12-07-2015 08:00,1271,0.0275,3019.896,FALSE
18-07-2015 08:00,1944,0.0969,16275.47904,FALSE
19-07-2015 08:00,2086,0.1046,18852.09984,FALSE
26-07-2015 08:00,712.7,0.0195,1200.75696,FALSE
02-08-2015 08:00,435.3,0.0139,522.777888,FALSE
09-08-2015 08:00,991.4,0.0522,4471.293312,FALSE
15-08-2015 08:00,1083,0.0235,2198.9232,FALSE
16-08-2015 08:00,1088,0.0261,2453.48352,FALSE
23-08-2015 08:00,615,0.0237,1259.3232,FALSE
30-08-2015 08:00,300.1,0.0081,210.021984,FALSE
06-09-2015 08:00,249.9,0.0052,112.275072,FALSE
13-09-2015 08:00,209.3,0.0095,171.79344,FALSE
17-09-2015 08:00,243.5,0.0095,199.8648,FALSE
20-09-2015 08:00,357.7,0.0062,191.612736,FALSE
25-09-2015 08:00,185.8,0.008,128.42496,FALSE
27-09-2015 08:00,177.3,0.0072,110.294784,FALSE
02-10-2015 08:00,365.2,0.0089,280.824192,FALSE
04-10-2015 08:00,328.4,0.0105,297.92448,FALSE
11-10-2015 08:00,246.7,0.0216,460.401408,FALSE
18-10-2015 08:00,135.9,0.0055,64.57968,FALSE
22-10-2015 08:00,167.6,0.0073,105.708672,FALSE
24-10-2015 08:00,122.3,0.0057,60.230304,FALSE
25-10-2015 08:00,134.6,0.0055,63.96192,FALSE
31-10-2015 08:00,218.4,0.0085,160.39296,FALSE
01-11-2015 08:00,151.4,0.0061,79.793856,FALSE
03-11-2015 08:00,525.3,0.0819,3717.106848,FALSE
04-11-2015 08:00,558.3,0.0869,4191.805728,FALSE
08-11-2015 08:00,137.2,0.0068,80.607744,FALSE
09-11-2015 08:00,150.1,0.0084,108.936576,FALSE
11-11-2015 08:00,119.8,0.0048,49.683456,FALSE
13-11-2015 08:00,105.8,0.0052,47.533824,FALSE
15-11-2015 08:00,111.5,0.0131,126.20016,FALSE
16-11-2015 08:00,90.23,0.0106,82.6362432,FALSE
17-11-2015 08:00,83.88,0.01,72.47232,FALSE
18-11-2015 08:00,103.5,0.0121,108.20304,FALSE
19-11-2015 08:00,62.21,0.0071,38.1621024,FALSE
20-11-2015 08:00,54.99,0.0067,31.8326112,FALSE
21-11-2015 08:00,96.77,0.0095,79.428816,FALSE
22-11-2015 08:00,127.2,0.01,109.9008,FALSE
25-11-2015 08:00,85.98,0.0081,60.1722432,FALSE
26-11-2015 08:00,96.77,0.0095,79.428816,FALSE
28-11-2015 08:00,83.88,0.0083,60.1520256,FALSE
29-11-2015 08:00,90.23,0.0084,65.4853248,FALSE
30-11-2015 08:00,79.75,0.008,55.1232,FALSE
06-12-2015 08:00,46.84,0.0059,23.8771584,FALSE
07-12-2015 08:00,95.34,0.0123,101.3197248,FALSE
10-12-2015 08:00,73.49,0.0057,36.1923552,FALSE
12-12-2015 08:00,85.29,0.0081,59.6893536,FALSE
13-12-2015 08:00,85.29,0.0081,59.6893536,FALSE
14-12-2015 08:00,54.42,0.0068,31.9728384,FALSE
16-12-2015 08:00,90.25,0.0083,64.72008,FALSE
17-12-2015 08:00,34.91,0.0048,14.4778752,FALSE
18-12-2015 08:00,75.79,0.0045,29.467152,FALSE
19-12-2015 08:00,26.05,0.0044,9.903168,FALSE
20-12-2015 08:00,41.52,0.0056,20.0890368,FALSE
24-12-2015 08:00,31.82,0.0051,14.0211648,FALSE
25-12-2015 08:00,17.31,0.0028,4.1876352,FALSE
27-12-2015 08:00,22.09,0.0036,6.8708736,FALSE
03-09-2019 09:00,1289.707,0.062,6908.702458,FALSE
04-09-2019 09:00,1461.506,0.041,5177.238854,FALSE
05-09-2019 09:00,2103.355,0.0362,6578.621366,FALSE
06-09-2019 09:00,2091.907,0.0832,15037.63163,FALSE
07-09-2019 09:00,2150.781,0.0131,2434.339967,FALSE
09-09-2019 09:00,2359.818,0.0206,4200.098469,FALSE
11-09-2019 09:00,1432.352,0.0033,408.3922022,FALSE
12-09-2019 09:00,1403.512,0.0432,5238.58047,FALSE
13-09-2019 09:00,1396.741,0.0133,1605.023018,FALSE
14-09-2019 09:00,1072.912,0.0103,954.805847,FALSE
16-09-2019 09:00,907.242,0.0061,478.1528237,FALSE
17-09-2019 09:00,640.867,0.0189,1046.510176,FALSE
18-09-2019 09:00,876.237,0.0111,840.3463325,FALSE
19-09-2019 09:00,713.508,0.0067,413.035511,FALSE
20-09-2019 09:00,619.452,0.0527,2820.538403,FALSE
21-09-2019 09:00,678.283,0.0117,685.662719,FALSE
23-09-2019 09:00,468.253,0.0454,1836.750488,FALSE
24-09-2019 09:00,618.922,0.0213,1139.014535,FALSE
25-09-2019 09:00,885.822,0.0223,1706.730964,FALSE
26-09-2019 09:00,893.587,0.0022,169.853017,FALSE
27-09-2019 09:00,471.211,0.1076,4380.679031,FALSE
28-09-2019 09:00,375.554,0.0381,1236.263679,FALSE
30-09-2019 09:00,265.269,0.004,91.6769664,FALSE
01-10-2019 09:00,457.763,0.0043,170.0681098,FALSE
03-10-2019 09:00,235.081,0.02,406.219968,FALSE
04-10-2019 09:00,260.383,0.023,517.4330976,FALSE
05-10-2019 09:00,224.268,0.028,542.5491456,FALSE
09-10-2019 09:00,206.192,0.027,481.0046976,FALSE
10-10-2019 09:00,318.971,0.026,716.5364544,FALSE
11-10-2019 09:00,337.806,0.02,583.728768,FALSE
12-10-2019 09:00,342.758,0.01,296.142912,FALSE
14-10-2019 09:00,306.836,0.021,556.7232384,FALSE
15-10-2019 09:00,0,0.019,0,TRUE
16-10-2019 09:00,321.33,0.0028,77.7361536,FALSE
17-10-2019 09:00,264.924,0.0104,238.0501094,FALSE
18-10-2019 09:00,399.572,0.005,172.615104,FALSE
19-10-2019 09:00,284.451,0.0177,435.0052253,FALSE
21-10-2019 09:00,516.138,0.0069,307.7008301,FALSE
22-10-2019 09:00,1097.731,0.0136,1289.877834,FALSE
23-10-2019 09:00,596.405,0.019,979.058448,FALSE
24-10-2019 09:00,1181.639,0.0174,1776.428807,FALSE
25-10-2019 09:00,828.48,0.0313,2240.475034,FALSE
26-10-2019 09:00,1119.366,0.0575,5561.010288,FALSE
28-10-2019 09:00,928.456,0.0082,657.7925069,FALSE
29-10-2019 09:00,634.684,0.02,1096.733952,FALSE
30-10-2019 09:00,547.997,0.0234,1107.918415,FALSE
01-11-2019 09:00,653.488,0.0112,632.3672678,FALSE
02-11-2019 09:00,380.399,0.0136,446.984041,FALSE
04-11-2019 09:00,396.685,0.003,102.820752,FALSE
05-11-2019 09:00,304.667,0.0046,121.0868525,FALSE
06-11-2019 09:00,214.168,0.0032,59.21316864,FALSE
07-11-2019 09:00,483.273,0.0216,901.9034035,FALSE
08-11-2019 09:00,258.465,0.0062,138.4545312,FALSE
09-11-2019 09:00,257.381,0.0062,137.8738541,FALSE
11-11-2019 09:00,311.524,0.0205,551.7713088,FALSE
13-11-2019 09:00,189.166,0.0202,330.1476365,FALSE
14-11-2019 09:15,191.573,0.0105,173.7950256,FALSE
15-11-2019 09:00,178.076,0.0155,238.4793792,FALSE
16-11-2019 09:00,191.409,0.0246,406.828345,FALSE
18-11-2019 09:00,172.609,0.0243,362.3960477,FALSE
19-11-2019 09:00,146.883,0.0073,92.64204576,FALSE
20-11-2019 09:00,102.771,0.0154,136.7429818,FALSE
21-11-2019 09:00,96.728,0.0072,60.17255424,FALSE
22-11-2019 09:00,76.569,0.0059,39.03181344,FALSE
23-11-2019 09:00,64.171,0.0053,29.38518432,FALSE
09-08-2022 09:00,3717,0.0791,25402.87008,FALSE
26-06-1972 08:00,921.9,0.3822,30443.05555,FALSE
27-06-1972 08:00,2393.4,0.5704,117952.8791,FALSE
30-06-1972 08:00,2443.8,0.2519,53187.25421,FALSE
02-07-1972 08:00,1893.2,0.2208,36116.80358,FALSE
05-07-1972 08:00,1836.2,0.1825,28953.2016,FALSE
06-07-1972 08:00,1956.4,0.2442,41277.84883,FALSE
07-07-1972 08:00,2689.3,0.242,56230.03584,FALSE
08-07-1972 08:00,3678.6,0.3659,116294.3775,FALSE
09-07-1972 08:00,2572,0.3337,74155.08096,FALSE
10-07-1972 08:00,2042.2,0.3659,64561.62067,FALSE
11-07-1972 08:00,2363.8,0.221,45135.34272,FALSE
12-07-1972 08:00,2228.4,0.2586,49789.23034,FALSE
13-07-1972 08:00,1780.9,0.0634,9755.342784,FALSE
14-07-1972 08:00,1490.6,0.0847,10908.33005,FALSE
15-07-1972 08:00,2449.4,0.1926,40759.58362,FALSE
16-07-1972 08:00,2306.2,0.1766,35188.55309,FALSE
17-07-1972 08:00,2576.1,0.1059,23570.69674,FALSE
18-07-1972 08:00,2692.7,0.1582,36805.1161,FALSE
19-07-1972 08:00,2037.3,0.0719,12656.03357,FALSE
20-07-1972 08:00,1341.9,0.0497,5762.225952,FALSE
21-07-1972 08:00,1303.3,0.0929,10461.01565,FALSE
22-07-1972 08:00,872,0.0288,2169.81504,FALSE
23-07-1972 08:00,728.1,0.0838,5271.676992,FALSE
24-07-1972 08:00,716.1,0.0845,5228.10288,FALSE
25-07-1972 08:00,744.1,0.0522,3355.950528,FALSE
26-07-1972 08:00,837.2,0.072,5208.05376,FALSE
27-07-1972 08:00,995,0.0689,5923.1952,FALSE
28-07-1972 08:00,944,0.0702,5725.62432,FALSE
29-07-1972 08:00,987.7,0.0462,3942.582336,FALSE
30-07-1972 08:00,840.5,0.0419,3042.74448,FALSE
31-07-1972 08:00,709.5,0.0283,1734.81264,FALSE
01-08-1972 08:00,1762.5,0.3109,47343.852,FALSE
02-08-1972 08:00,1235.5,0.0714,7621.75008,FALSE
03-08-1972 08:00,1129,0.0506,4935.80736,FALSE
04-08-1972 08:00,1069.1,0.0662,6114.909888,FALSE
05-08-1972 08:00,916.3,0.0245,1939.62384,FALSE
06-08-1972 08:00,868,0.0124,929.94048,FALSE
07-08-1972 08:00,909.6,0.0171,1343.879424,FALSE
08-08-1972 08:00,1177.6,0.0662,6735.495168,FALSE
09-08-1972 08:00,845.4,0.0399,2914.398144,FALSE
10-08-1972 08:00,793.2,0.0196,1343.236608,FALSE
11-08-1972 08:00,730.7,0.0216,1363.661568,FALSE
12-08-1972 08:00,806.4,0.028,1950.84288,FALSE
13-08-1972 08:00,818.5,0.0563,3981.44592,FALSE
14-08-1972 08:00,730.1,0.0408,2573.690112,FALSE
15-08-1972 08:00,631.1,0.0321,1750.317984,FALSE
16-08-1972 08:00,784.5,0.0396,2684.11968,FALSE
17-08-1972 08:00,879.6,0.1443,10966.43059,FALSE
18-08-1972 08:00,1366.3,0.1673,19749.48394,FALSE
19-08-1972 08:00,2021.1,0.2171,37910.66198,FALSE
21-08-1972 08:00,2099.8,0.1258,22822.97818,FALSE
22-08-1972 08:00,1545.4,0.0847,11309.36083,FALSE
23-08-1972 08:00,1438.8,0.0717,8913.193344,FALSE
24-08-1972 08:00,1299.6,0.0641,7197.496704,FALSE
25-08-1972 08:00,987.6,0.026,2218.54464,FALSE
26-08-1972 08:00,891.7,0.0283,2180.313504,FALSE
27-08-1972 08:00,844.6,0.0363,2648.935872,FALSE
28-08-1972 08:00,935.3,0.0439,3547.555488,FALSE
29-08-1972 08:00,855.1,0.0289,2135.150496,FALSE
30-08-1972 08:00,761,0.0177,1163.78208,FALSE
31-08-1972 08:00,663.2,0.0133,762.096384,FALSE
01-09-1972 08:00,595.3,0.0199,1023.535008,FALSE
02-09-1972 08:00,513.2,0.0149,660.673152,FALSE
03-09-1972 08:00,474.5,0.0181,742.04208,FALSE
04-09-1972 08:00,417.8,0.0146,527.029632,FALSE
05-09-1972 08:00,439.9,0.0144,547.305984,FALSE
06-09-1972 08:00,395,0.0159,542.6352,FALSE
07-09-1972 08:00,480.8,0.0192,797.589504,FALSE
08-09-1972 08:00,381.3,0.0353,1162.934496,FALSE
09-09-1972 08:00,317.3,0.0173,474.274656,FALSE
10-09-1972 08:00,367,0.0225,713.448,FALSE
11-09-1972 08:00,376.4,0.0264,858.553344,FALSE
12-09-1972 08:00,496.2,0.0389,1667.708352,FALSE
13-09-1972 08:00,372,0.0283,909.58464,FALSE
14-09-1972 08:00,207.1,0.0114,203.985216,FALSE
15-09-1972 08:00,199.2,0.014,240.95232,FALSE
16-09-1972 08:00,200.3,0.0127,219.785184,FALSE
17-09-1972 08:00,370.1,0.0393,1256.681952,FALSE
18-09-1972 08:00,254.9,0.0442,973.432512,FALSE
19-09-1972 08:00,437.6,0.0585,2211.80544,FALSE
20-09-1972 08:00,341,0.1029,3031.68096,FALSE
22-09-1972 08:00,568.5,0.2851,14003.65584,FALSE
23-09-1972 08:00,505.9,0.0681,2976.634656,FALSE
24-09-1972 08:00,824.1,0.3385,24101.95824,FALSE
25-09-1972 08:00,329.1,0.0795,2260.52208,FALSE
26-09-1972 08:00,282.9,0.0235,574.40016,FALSE
27-09-1972 08:00,223.4,0.0368,710.304768,FALSE
28-09-1972 08:00,378.6,0.0682,2230.892928,FALSE
29-09-1972 08:00,383.7,0.0799,2648.819232,FALSE
30-09-1972 08:00,826.1,0.2939,20977.12426,FALSE
01-10-1972 08:00,687.8,0.1964,11671.25069,FALSE
02-10-1972 08:00,1196,0.497,51357.1968,FALSE
03-10-1972 08:00,778.7,0.2771,18643.19933,FALSE
04-10-1972 08:00,476.8,0.0842,3468.662784,FALSE
05-10-1972 08:00,538.6,0.0485,2256.94944,FALSE
06-10-1972 08:00,519.2,0.113,5069.05344,FALSE
07-10-1972 08:00,369.6,0.0469,1497.678336,FALSE
08-10-1972 08:00,335.2,0.0303,877.526784,FALSE
09-10-1972 08:00,303,0.0418,1094.29056,FALSE
10-10-1972 08:00,496.2,0.061,2615.17248,FALSE
11-10-1972 08:00,683.3,0.1916,11311.51219,FALSE
12-10-1972 08:00,557,0.1751,8426.65248,FALSE
13-10-1972 08:00,347.4,0.0328,984.503808,FALSE
14-10-1972 08:00,384.2,0.0276,916.178688,FALSE
15-10-1972 08:00,473.3,0.0736,3009.733632,FALSE
16-10-1972 08:00,279.6,0.0474,1145.062656,FALSE
17-10-1972 08:00,262.8,0.0206,467.741952,FALSE
18-10-1972 08:00,238.4,0.0181,372.819456,FALSE
19-10-1972 08:00,209.5,0.0156,282.37248,FALSE
20-10-1972 08:00,182.6,0.0163,257.159232,FALSE
21-10-1972 08:00,218.8,0.027,510.41664,FALSE
22-10-1972 08:00,433.5,0.2312,8659.45728,FALSE
23-10-1972 08:00,227.4,0.0586,1151.335296,FALSE
24-10-1972 08:00,184.7,0.0156,248.946048,FALSE
25-10-1972 08:00,310.8,0.0995,2671.88544,FALSE
26-10-1972 08:00,473.7,0.1102,4510.230336,FALSE
27-10-1972 08:00,333,0.2229,6413.10048,FALSE
28-10-1972 08:00,577.7,0.2105,10506.74544,FALSE
30-10-1972 08:00,343.4,0.0838,2486.325888,FALSE
31-10-1972 08:00,247.9,0.0174,372.682944,FALSE
01-11-1972 08:00,207.964,0.0101,181.477705,FALSE
02-11-1972 08:00,204.454,0.0184,325.032791,FALSE
03-11-1972 08:00,205.123,0.018,319.0072896,FALSE
04-11-1972 08:00,294.181,0.096,2440.054886,FALSE
05-11-1972 08:00,188.612,0.0328,534.511319,FALSE
06-11-1972 08:00,157.433,0.0157,213.5547158,FALSE
07-11-1972 08:00,140.677,0.0163,198.1182326,FALSE
08-11-1972 08:00,128.7,0.0148,164.571264,FALSE
09-11-1972 08:00,128.276,0.0131,145.1879078,FALSE
10-11-1972 08:00,109.741,0.0071,67.31951904,FALSE
11-11-1972 08:00,113.248,0.0102,99.80319744,FALSE
12-11-1972 08:00,102.097,0.0118,104.0899334,FALSE
13-11-1972 08:00,106.9,0.0126,116.375616,FALSE
14-11-1972 08:00,102.496,0.0125,110.69568,FALSE
15-11-1972 08:00,108.034,0.0119,111.0762374,FALSE
16-11-1972 08:00,140.301,0.0282,341.8405805,FALSE
17-11-1972 08:00,115.164,0.0277,275.6196979,FALSE
18-11-1972 08:00,96.5,0.0152,126.73152,FALSE
19-11-1972 08:00,101.053,0.0157,137.0763734,FALSE
20-11-1972 08:00,89,0.0125,96.12,FALSE
21-11-1972 08:00,82.4,0.0076,54.107136,FALSE
22-11-1972 08:00,78.5,0.01,67.824,FALSE
23-11-1972 08:00,72.9,0.0113,71.173728,FALSE
24-11-1972 08:00,72.9,0.0125,78.732,FALSE
25-11-1972 08:00,78.1,0.0123,82.998432,FALSE
26-11-1972 08:00,83.5,0.0118,85.12992,FALSE
27-11-1972 08:00,72.2,0.0112,69.866496,FALSE
28-11-1972 08:00,76.1,0.0175,115.0632,FALSE
29-11-1972 08:00,75,0.0191,123.768,FALSE
30-11-1972 08:00,70.4,0.0089,54.134784,FALSE
01-12-1972 08:00,83,0.0085,60.9552,FALSE
02-12-1972 08:00,74,0.0135,86.3136,FALSE
03-12-1972 08:00,62.3,0.0106,57.056832,FALSE
04-12-1972 08:00,62.8,0.0142,77.048064,FALSE
05-12-1972 08:00,63.9,0.0167,92.200032,FALSE
06-12-1972 08:00,60.6,0.0153,80.108352,FALSE
07-12-1972 08:00,56.2,0.0117,56.811456,FALSE
08-12-1972 08:00,59.7,0.0122,62.928576,FALSE
09-12-1972 08:00,63,0.0173,94.16736,FALSE
10-12-1972 08:00,74.7,0.0116,74.867328,FALSE
11-12-1972 08:00,78.8,0.0135,91.91232,FALSE
12-12-1972 08:00,80.9,0.0144,100.652544,FALSE
13-12-1972 08:00,66.9,0.0232,134.099712,FALSE
14-12-1972 08:00,58.8,0.0094,47.755008,FALSE
15-12-1972 08:00,52.5,0.0104,47.1744,FALSE
16-12-1972 08:00,48.9,0.0175,73.9368,FALSE
17-12-1972 08:00,47.8,0.0068,28.083456,FALSE
18-12-1972 08:00,46.5,0.0124,49.81824,FALSE
19-12-1972 08:00,43.3,0.0094,35.166528,FALSE
20-12-1972 08:00,40.7,0.0128,45.010944,FALSE
21-12-1972 08:00,40.6,0.0119,41.743296,FALSE
22-12-1972 08:00,39,0.0142,47.84832,FALSE
23-12-1972 08:00,38.9,0.0134,45.036864,FALSE
24-12-1972 08:00,37.2,0.0118,37.926144,FALSE
25-12-1972 08:00,35.9,0.0103,31.948128,FALSE
26-12-1972 08:00,37.5,0.0127,41.148,FALSE
27-12-1972 08:00,35.5,0.0127,38.95344,FALSE
28-12-1972 08:00,35.1,0.0158,47.915712,FALSE
29-12-1972 08:00,33,0.0137,39.06144,FALSE
30-12-1972 08:00,31.4,0.0136,36.896256,FALSE
31-12-1972 08:00,32.1,0.0162,44.929728,FALSE
01-01-1973 08:00,32.6,0.0114,32.109696,FALSE
02-01-1973 08:00,32.6,0.0089,25.068096,FALSE
03-01-1973 08:00,30.4,0.0084,22.063104,FALSE
04-01-1973 08:00,29.3,0.0091,23.036832,FALSE
05-01-1973 08:00,27.5,0.0097,23.0472,FALSE
06-01-1973 08:00,26.6,0.0144,33.094656,FALSE
07-01-1973 08:00,25.7,0.0167,37.082016,FALSE
08-01-1973 08:00,25.8,0.0135,30.09312,FALSE
09-01-1973 08:00,25.5,0.0145,31.9464,FALSE
10-01-1973 08:00,25.6,0.0154,34.062336,FALSE
11-01-1973 08:00,26.1,0.0111,25.030944,FALSE
12-01-1973 08:00,26.1,0.0115,25.93296,FALSE
13-01-1973 08:00,26.1,0.0098,22.099392,FALSE
14-01-1973 08:00,24.3,0.0067,14.066784,FALSE
15-01-1973 08:00,24.2,0.0096,20.072448,FALSE
16-01-1973 08:00,24.9,0.0121,26.031456,FALSE
17-01-1973 08:00,24.1,0.013,27.06912,FALSE
18-01-1973 08:00,24.8,0.0126,26.998272,FALSE
19-01-1973 08:00,24.4,0.0081,17.076096,FALSE
20-01-1973 08:00,21.2,0.0126,23.079168,FALSE
21-01-1973 08:00,21,0.0121,21.95424,FALSE
22-01-1973 08:00,20,0.0133,22.9824,FALSE
23-01-1973 08:00,20,0.0122,21.0816,FALSE
24-01-1973 08:00,19.3,0.0114,19.009728,FALSE
25-01-1973 08:00,18.3,0.0114,18.024768,FALSE
26-01-1973 08:00,18,0.0116,18.04032,FALSE
27-01-1973 08:00,17.3,0.0161,24.064992,FALSE
28-01-1973 08:00,16.3,0.0071,9.999072,FALSE
29-01-1973 08:00,16.2,0.0093,13.017024,FALSE
30-01-1973 08:00,14.7,0.0094,11.938752,FALSE
31-01-1973 08:00,14,0.0107,12.94272,FALSE
01-02-1973 08:00,13.9,0.0067,8.046432,FALSE
02-02-1973 08:00,12.8,0.0118,13.049856,FALSE
03-02-1973 08:00,12.3,0.0085,9.03312,FALSE
04-02-1973 08:00,10.9,0.0138,12.996288,FALSE
05-02-1973 08:00,10.7,0.0108,9.984384,FALSE
06-02-1973 08:00,10.1,0.0103,8.988192,FALSE
07-02-1973 08:00,9.3,0.0062,4.981824,FALSE
08-02-1973 08:00,9.2,0.0075,5.9616,FALSE
09-02-1973 08:00,10.2,0.0113,9.958464,FALSE
10-02-1973 08:00,10.2,0.0136,11.985408,FALSE
11-02-1973 08:00,9.3,0.0087,6.990624,FALSE
12-02-1973 08:00,9.2,0.0126,10.015488,FALSE
13-02-1973 08:00,8.7,0.016,12.02688,FALSE
14-02-1973 08:00,8.5,0.0095,6.9768,FALSE
15-02-1973 08:00,8,0.0115,7.9488,FALSE
16-02-1973 08:00,8.2,0.0127,8.997696,FALSE
17-02-1973 08:00,8.1,0.0157,10.987488,FALSE
18-02-1973 08:00,8.1,0.0129,9.027936,FALSE
19-02-1973 08:00,8,0.0145,10.0224,FALSE
20-02-1973 08:00,7.8,0.0089,5.997888,FALSE
21-02-1973 08:00,7.8,0.0267,17.993664,FALSE
22-02-1973 08:00,7.7,0.021,13.97088,FALSE
23-02-1973 08:00,7.1,0.0082,5.030208,FALSE
24-02-1973 08:00,7.1,0.0082,5.030208,FALSE
25-02-1973 08:00,6.6,0.014,7.98336,FALSE
26-02-1973 08:00,5.9,0.0196,9.991296,FALSE
27-02-1973 08:00,5.5,0.0168,7.98336,FALSE
28-02-1973 08:00,4.8,0.0169,7.008768,FALSE
01-03-1973 08:00,5.1,0.0136,5.992704,FALSE
02-03-1973 08:00,5.1,0.0136,5.992704,FALSE
03-03-1973 08:00,4.7,0.0123,4.994784,FALSE
04-03-1973 08:00,4.8,0.0265,10.99008,FALSE
05-03-1973 08:00,4.9,0.0142,6.011712,FALSE
06-03-1973 08:00,4.5,0.0129,5.01552,FALSE
07-03-1973 08:00,4.8,0.0121,5.018112,FALSE
08-03-1973 08:00,4.6,0.0151,6.001344,FALSE
09-03-1973 08:00,4.6,0.0176,6.994944,FALSE
10-03-1973 08:00,4.3,0.0188,6.984576,FALSE
11-03-1973 08:00,4.2,0.0138,5.007744,FALSE
12-03-1973 08:00,4.1,0.0141,4.994784,FALSE
13-03-1973 08:00,3.8,0.0122,4.005504,FALSE
14-03-1973 08:00,3.8,0.0183,6.008256,FALSE
15-03-1973 08:00,3.8,0.0152,4.990464,FALSE
16-03-1973 08:00,3.4,0.017,4.99392,FALSE
17-03-1973 08:00,3.4,0.0238,6.991488,FALSE
18-03-1973 08:00,3.2,0.0253,6.994944,FALSE
19-03-1973 08:00,3,0.0154,3.99168,FALSE
20-03-1973 08:00,2.9,0.012,3.00672,FALSE
21-03-1973 08:00,2.8,0.0165,3.99168,FALSE
22-03-1973 08:00,2.8,0.0207,5.007744,FALSE
23-03-1973 08:00,2.7,0.0171,3.989088,FALSE
24-03-1973 08:00,2.4,0.0145,3.00672,FALSE
25-03-1973 08:00,2.1,0.0165,2.99376,FALSE
26-03-1973 08:00,2,0.0174,3.00672,FALSE
27-03-1973 08:00,2.4,0.0145,3.00672,FALSE
28-03-1973 08:00,2.3,0.0201,3.994272,FALSE
29-03-1973 08:00,2.1,0.0165,2.99376,FALSE
30-03-1973 08:00,2.1,0.011,1.99584,FALSE
31-03-1973 08:00,2.1,0.0165,2.99376,FALSE
01-04-1973 08:00,2.1,0.011,1.99584,FALSE
02-04-1973 08:00,2.1,0.011,1.99584,FALSE
03-04-1973 08:00,2,0.0231,3.99168,FALSE
04-04-1973 08:00,2.1,0.022,3.99168,FALSE
05-04-1973 08:00,2.3,0.0101,2.007072,FALSE
06-04-1973 08:00,2.3,0.0101,2.007072,FALSE
07-04-1973 08:00,3.6,0.0161,5.007744,FALSE
08-04-1973 08:00,3.9,0.0356,11.995776,FALSE
09-04-1973 08:00,4.9,0.0165,6.98544,FALSE
10-04-1973 08:00,4.4,0.0263,9.998208,FALSE
11-04-1973 08:00,3.8,0.0244,8.011008,FALSE
12-04-1973 08:00,3.5,0.0165,4.9896,FALSE
13-04-1973 08:00,3.1,0.0112,2.999808,FALSE
14-04-1973 08:00,2.6,0.0178,3.998592,FALSE
15-04-1973 08:00,2.8,0.0165,3.99168,FALSE
16-04-1973 08:00,2.2,0.0316,6.006528,FALSE
17-04-1973 08:00,2.3,0.0352,6.994944,FALSE
18-04-1973 08:00,2.3,0.0252,5.007744,FALSE
19-04-1973 08:00,2.1,0.0165,2.99376,FALSE
20-04-1973 08:00,2.2,0.021,3.99168,FALSE
21-04-1973 08:00,2.4,0.0145,3.00672,FALSE
22-04-1973 08:00,2.7,0.0171,3.989088,FALSE
23-04-1973 08:00,2.6,0.0178,3.998592,FALSE
24-04-1973 08:00,2.6,0.0178,3.998592,FALSE
25-04-1973 08:00,2.4,0.0193,4.002048,FALSE
26-04-1973 08:00,2.2,0.0263,4.999104,FALSE
27-04-1973 08:00,1.7,0.0136,1.997568,FALSE
28-04-1973 08:00,1.6,0.0145,2.00448,FALSE
29-04-1973 08:00,1.8,0.0193,3.001536,FALSE
30-04-1973 08:00,1.5,0.0154,1.99584,FALSE
01-05-1973 08:00,1.3,0.0089,0.999648,FALSE
02-05-1973 08:00,1.2,0.0289,2.996352,FALSE
03-05-1973 08:00,1.2,0.0193,2.001024,FALSE
04-05-1973 08:00,1.1,0.0105,0.99792,FALSE
05-05-1973 08:00,1.2,0.0289,2.996352,FALSE
06-05-1973 08:00,1.2,0.0289,2.996352,FALSE
07-05-1973 08:00,1.6,0.0145,2.00448,FALSE
08-05-1973 08:00,1.7,0.0136,1.997568,FALSE
09-05-1973 08:00,1.8,0.0193,3.001536,FALSE
10-05-1973 08:00,1.5,0.0154,1.99584,FALSE
11-05-1973 08:00,1.6,0.0145,2.00448,FALSE
12-05-1973 08:00,1.6,0.0289,3.995136,FALSE
13-05-1973 08:00,1.7,0.0272,3.995136,FALSE
14-05-1973 08:00,1.8,0.0257,3.996864,FALSE
15-05-1973 08:00,1.7,0.0136,1.997568,FALSE
16-05-1973 08:00,1.7,0.0204,2.996352,FALSE
17-05-1973 08:00,1.5,0.0309,4.00464,FALSE
18-05-1973 08:00,1.4,0.0165,1.99584,FALSE
19-05-1973 08:00,1.3,0.0178,1.999296,FALSE
20-05-1973 08:00,1.2,0.0193,2.001024,FALSE
21-05-1973 08:00,1.3,0.0089,0.999648,FALSE
22-05-1973 08:00,1.6,0.0289,3.995136,FALSE
23-05-1973 08:00,1.9,0.0183,3.004128,FALSE
24-05-1973 08:00,21.2,0.0331,60.628608,FALSE
25-05-1973 08:00,34.3,0.0388,114.984576,FALSE
26-05-1973 08:00,24.7,0.0619,132.099552,FALSE
27-05-1973 08:00,16.6,0.0335,48.04704,FALSE
28-05-1973 08:00,11.8,0.0235,23.95872,FALSE
29-05-1973 08:00,11,0.0158,15.01632,FALSE
30-05-1973 08:00,8.3,0.0195,13.98384,FALSE
31-05-1973 08:00,7,0.0215,13.0032,FALSE
01-06-1973 08:00,45.2,0.0346,135.122688,FALSE
02-06-1973 08:00,18.5,0.2903,464.01552,FALSE
03-06-1973 08:00,30.8,0.1541,410.078592,FALSE
04-06-1973 08:00,30,0.1242,321.9264,FALSE
05-06-1973 08:00,27.4,0.0756,178.972416,FALSE
06-06-1973 08:00,26.4,0.0666,151.911936,FALSE
07-06-1973 08:00,61.3,0.094,497.85408,FALSE
08-06-1973 08:00,126.1,0.1345,1465.38288,FALSE
09-06-1973 08:00,179,0.1214,1877.52384,FALSE
10-06-1973 08:00,372.1,0.2176,6995.718144,FALSE
11-06-1973 08:00,396.9,0.1846,6330.332736,FALSE
12-06-1973 08:00,539.2,0.2529,11781.82195,FALSE
13-06-1973 08:00,520.1,0.1633,7338.153312,FALSE
14-06-1973 08:00,395.2,0.1093,3732.079104,FALSE
15-06-1973 08:00,717.7,0.3956,24530.87117,FALSE
16-06-1973 08:00,559.5,0.0935,4519.8648,FALSE
22-06-1973 08:00,490.5,0.0417,1767.21264,FALSE
23-06-1973 08:00,373.7,0.0353,1139.755104,FALSE
24-06-1973 08:00,315.8,0.0327,892.223424,FALSE
25-06-1973 08:00,311.4,0.0459,1234.937664,FALSE
26-06-1973 08:00,285.5,0.0424,1045.88928,FALSE
27-06-1973 08:00,278.1,0.0393,944.294112,FALSE
28-06-1973 08:00,282.7,0.0335,818.24688,FALSE
29-06-1973 08:00,348.7,0.0517,1557.601056,FALSE
30-06-1973 08:00,495.5,0.0631,2701.38672,FALSE
01-07-1973 08:00,646.8,0.1839,10276.97933,FALSE
07-07-1973 08:00,3998.1,0.2547,87982.50845,FALSE
08-07-1973 08:00,3539.2,0.1827,55867.26298,FALSE
09-07-1973 08:00,3944.2,0.2097,71461.33114,FALSE
10-07-1973 08:00,3468.4,0.1684,50464.38758,FALSE
12-07-1973 08:00,1416.7,0.1114,13635.68083,FALSE
13-07-1973 08:00,1345.4,0.089,10345.58784,FALSE
14-07-1973 08:00,1229,0.063,6689.6928,FALSE
15-07-1973 08:00,1925.6,0.1838,30579.14419,FALSE
16-07-1973 08:00,1860.4,0.1213,19497.58733,FALSE
17-07-1973 08:00,1343.8,0.0835,9694.71072,FALSE
19-07-1973 08:00,2025,0.1286,22499.856,FALSE
20-07-1973 08:00,2321.6,0.1405,28182.36672,FALSE
21-07-1973 08:00,1586.9,0.0947,12984.14275,FALSE
22-07-1973 08:00,1293.8,0.0901,10071.76723,FALSE
24-07-1973 08:00,799.6,0.0483,3336.826752,FALSE
25-07-1973 08:00,622.7,0.0341,1834.623648,FALSE
26-07-1973 08:00,581,0.0228,1144.52352,FALSE
27-07-1973 08:00,486.2,0.0306,1285.435008,FALSE
28-07-1973 08:00,475.1,0.0485,1990.85904,FALSE
29-07-1973 08:00,444.9,0.0316,1214.683776,FALSE
30-07-1973 08:00,449.7,0.0313,1216.132704,FALSE
31-07-1973 08:00,754,0.0912,5941.27872,FALSE
01-08-1973 08:00,598.8,0.0581,3005.880192,FALSE
02-08-1973 08:00,945.8,0.1509,12331.11341,FALSE
03-08-1973 08:00,834.6,0.0807,5819.231808,FALSE
04-08-1973 08:00,708.9,0.032,1959.96672,FALSE
05-08-1973 08:00,1157.6,0.1289,12892.1449,FALSE
06-08-1973 08:00,1401.8,0.0999,12099.44045,FALSE
07-08-1973 08:00,1718,0.115,17070.048,FALSE
08-08-1973 08:00,1286.3,0.0874,9713.314368,FALSE
09-08-1973 08:00,1205.7,0.0833,8677.567584,FALSE
10-08-1973 08:00,2287.4,0.2437,48162.76243,FALSE
11-08-1973 08:00,1053.1,0.0675,6141.6792,FALSE
12-08-1973 08:00,1278.2,0.0838,9254.577024,FALSE
13-08-1973 08:00,1169.8,0.069,6973.87968,FALSE
14-08-1973 08:00,1780.9,0.1372,21110.93107,FALSE
16-08-1973 08:00,2648.7,0.1625,37187.748,FALSE
17-08-1973 08:00,2992.2,0.1811,46819.07309,FALSE
18-08-1973 08:00,2070.6,0.1131,20233.5719,FALSE
19-08-1973 08:00,1505,0.0829,10779.6528,FALSE
20-08-1973 08:00,1621.9,0.1345,18847.77552,FALSE
21-08-1973 08:00,1946.7,0.1267,21310.2913,FALSE
22-08-1973 08:00,1566.3,0.1018,13776.42298,FALSE
23-08-1973 08:00,1467.2,0.0842,10673.70394,FALSE
24-08-1973 08:00,1426.7,0.0852,10502.33818,FALSE
25-08-1973 08:00,1260.2,0.0732,7970.109696,FALSE
26-08-1973 08:00,1337.7,0.1637,18920.00074,FALSE
28-08-1973 08:00,1933.9,0.1503,25113.47069,FALSE
29-08-1973 08:00,1231.3,0.0443,4712.825376,FALSE
30-08-1973 08:00,1229.9,0.0506,5376.926016,FALSE
31-08-1973 08:00,1406.8,0.1573,19119.4249,FALSE
01-09-1973 08:00,1005.3,0.0824,7157.092608,FALSE
02-09-1973 08:00,766.1,0.0295,1952.63568,FALSE
03-09-1973 08:00,734.1,0.0246,1560.285504,FALSE
04-09-1973 08:00,804.1,0.1029,7148.899296,FALSE
05-09-1973 08:00,876.6,0.117,8861.37408,FALSE
06-09-1973 08:00,754.3,0.0572,3727.810944,FALSE
07-09-1973 08:00,650.3,0.0461,2590.170912,FALSE
08-09-1973 08:00,582.2,0.031,1559.36448,FALSE
09-09-1973 08:00,574.6,0.0308,1529.079552,FALSE
10-09-1973 08:00,746.3,0.1306,8421.129792,FALSE
11-09-1973 08:00,552.9,0.0418,1996.809408,FALSE
12-09-1973 08:00,517.3,0.0181,808.974432,FALSE
13-09-1973 08:00,475.1,0.0252,1034.425728,FALSE
14-09-1973 08:00,352.6,0.018,548.36352,FALSE
15-09-1973 08:00,325.7,0.0126,354.570048,FALSE
16-09-1973 08:00,296.9,0.0096,246.260736,FALSE
17-09-1973 08:00,315.4,0.005,136.2528,FALSE
18-09-1973 08:00,269.3,0.0097,225.694944,FALSE
19-09-1973 08:00,267.4,0.0668,1543.304448,FALSE
20-09-1973 08:00,294.1,0.0145,368.44848,FALSE
21-09-1973 08:00,362.1,0.0231,722.693664,FALSE
22-09-1973 08:00,296.4,0.0262,670.954752,FALSE
23-09-1973 08:00,272.5,0.0228,536.8032,FALSE
24-09-1973 08:00,259.6,0.0193,432.888192,FALSE
25-09-1973 08:00,242.6,0.0164,343.754496,FALSE
26-09-1973 08:00,231.1,0.0128,255.578112,FALSE
27-09-1973 08:00,221.9,0.0248,475.469568,FALSE
28-09-1973 08:00,196.6,0.0105,178.35552,FALSE
29-09-1973 08:00,193.1,0.0153,255.262752,FALSE
30-09-1973 08:00,193.5,0.0089,148.79376,FALSE
01-10-1973 08:00,230.2,0.0527,1048.165056,FALSE
02-10-1973 08:00,203.8,0.0239,420.838848,FALSE
03-10-1973 08:00,281.6,0.1011,2459.787264,FALSE
04-10-1973 08:00,198.1,0.0326,557.976384,FALSE
05-10-1973 08:00,179.4,0.0295,457.25472,FALSE
06-10-1973 08:00,166.8,0.015,216.1728,FALSE
07-10-1973 08:00,154.1,0.0205,272.94192,FALSE
08-10-1973 08:00,151.4,0.0183,239.381568,FALSE
09-10-1973 08:00,144.2,0.0205,255.40704,FALSE
10-10-1973 08:00,138,0.0195,232.5024,FALSE
11-10-1973 08:00,167.8,0.024,347.95008,FALSE
12-10-1973 08:00,195,0.0489,823.8672,FALSE
13-10-1973 08:00,173,0.0389,581.44608,FALSE
14-10-1973 08:00,140.6,0.0336,408.167424,FALSE
15-10-1973 08:00,172.5,0.027,402.408,FALSE
16-10-1973 08:00,144.4,0.0339,422.941824,FALSE
17-10-1973 08:00,137.3,0.0277,328.597344,FALSE
18-10-1973 08:00,200.1,0.0563,973.350432,FALSE
19-10-1973 08:00,136.9,0.0603,713.238048,FALSE
20-10-1973 08:00,166.5,0.0505,726.4728,FALSE
21-10-1973 08:00,147.1,0.0464,589.718016,FALSE
22-10-1973 08:00,334,0.1147,3309.96672,FALSE
23-10-1973 08:00,205.3,0.0625,1108.62,FALSE
24-10-1973 08:00,187.6,0.0744,1205.922816,FALSE
25-10-1973 08:00,177.3,0.0486,744.489792,FALSE
26-10-1973 08:00,190.9,0.0308,508.007808,FALSE
27-10-1973 08:00,151.3,0.0385,503.28432,FALSE
28-10-1973 08:00,174.1,0.0797,1198.866528,FALSE
29-10-1973 08:00,191.6,0.0511,845.921664,FALSE
30-10-1973 08:00,177,0.028,428.1984,FALSE
31-10-1973 08:00,208.8,0.0907,1636.257024,FALSE
01-11-1973 08:00,541.6,0.4177,19545.95405,FALSE
02-11-1973 08:00,578.1,0.296,14784.56064,FALSE
03-11-1973 08:00,347.2,0.2307,6920.557056,FALSE
04-11-1973 08:00,553.7,0.1848,8840.772864,FALSE
05-11-1973 08:00,211.4,0.0805,1470.32928,FALSE
06-11-1973 08:00,183.1,0.0395,624.88368,FALSE
07-11-1973 08:00,137.4,0.0412,489.100032,FALSE
08-11-1973 08:00,135.9,0.03,352.2528,FALSE
09-11-1973 08:00,129.7,0.0254,284.634432,FALSE
10-11-1973 08:00,98.1,0.025,211.896,FALSE
11-11-1973 08:00,91.6,0.03,237.4272,FALSE
12-11-1973 08:00,100.4,0.0289,250.694784,FALSE
13-11-1973 08:00,87.4,0.021,158.57856,FALSE
14-11-1973 08:00,90.7,0.0313,245.281824,FALSE
15-11-1973 08:00,92.5,0.0329,262.9368,FALSE
16-11-1973 08:00,60.1,0.0294,152.663616,FALSE
17-11-1973 08:00,120.5,0.0611,636.12432,FALSE
18-11-1973 08:00,159.8,0.097,1339.25184,FALSE
19-11-1973 08:00,101.9,0.0448,394.426368,FALSE
20-11-1973 08:00,64.4,0.0253,140.773248,FALSE
21-11-1973 08:00,72.2,0.0332,207.104256,FALSE
22-11-1973 08:00,68.8,0.0274,162.874368,FALSE
23-11-1973 08:00,61.4,0.0262,138.989952,FALSE
24-11-1973 08:00,66.7,0.0206,118.715328,FALSE
25-11-1973 08:00,62.8,0.0196,106.348032,FALSE
26-11-1973 08:00,56.1,0.0194,94.032576,FALSE
27-11-1973 08:00,55,0.0187,88.8624,FALSE
28-11-1973 08:00,54.2,0.022,103.02336,FALSE
29-11-1973 08:00,55.5,0.0162,77.68224,FALSE
30-11-1973 08:00,51.5,0.0218,97.00128,FALSE
02-12-1973 08:00,52,0.0113,50.76864,FALSE
03-12-1973 08:00,53.3,0.0196,90.260352,FALSE
04-12-1973 08:00,53.7,0.0169,78.410592,FALSE
05-12-1973 08:00,53.3,0.0202,93.023424,FALSE
06-12-1973 08:00,52.1,0.0202,90.929088,FALSE
07-12-1973 08:00,49.2,0.0174,73.965312,FALSE
08-12-1973 08:00,48.6,0.0219,91.958976,FALSE
09-12-1973 08:00,47.5,0.0207,84.9528,FALSE
10-12-1973 08:00,46.2,0.0159,63.467712,FALSE
11-12-1973 08:00,50,0.0155,66.96,FALSE
12-12-1973 08:00,47.7,0.0167,68.825376,FALSE
13-12-1973 08:00,46.5,0.0219,87.98544,FALSE
14-12-1973 08:00,44.3,0.0188,71.957376,FALSE
15-12-1973 08:00,42.7,0.016,59.02848,FALSE
16-12-1973 08:00,45.3,0.0171,66.928032,FALSE
17-12-1973 08:00,55.6,0.0167,80.224128,FALSE
18-12-1973 08:00,59.2,0.0182,93.090816,FALSE
19-12-1973 08:00,62.4,0.0182,98.122752,FALSE
20-12-1973 08:00,50.3,0.0175,76.0536,FALSE
21-12-1973 08:00,44.8,0.0176,68.124672,FALSE
22-12-1973 08:00,41.5,0.0204,73.14624,FALSE
23-12-1973 08:00,41.1,0.0203,72.086112,FALSE
24-12-1973 08:00,36.3,0.0175,54.8856,FALSE
25-12-1973 08:00,34.7,0.0163,48.868704,FALSE
26-12-1973 08:00,31.8,0.0222,60.994944,FALSE
27-12-1973 08:00,31.7,0.0234,64.089792,FALSE
28-12-1973 08:00,29.9,0.0194,50.117184,FALSE
29-12-1973 08:00,29.6,0.0168,42.964992,FALSE
30-12-1973 08:00,29.1,0.0203,51.039072,FALSE
31-12-1973 08:00,29,0.0239,59.88384,FALSE
01-01-1974 08:00,27.5,0.0177,42.0552,FALSE
02-01-1974 08:00,27,0.0146,34.05888,FALSE
03-01-1974 08:00,25.7,0.0171,37.970208,FALSE
04-01-1974 08:00,25.3,0.0169,36.942048,FALSE
05-01-1974 08:00,25.2,0.017,37.01376,FALSE
06-01-1974 08:00,24.5,0.0175,37.044,FALSE
07-01-1974 08:00,24,0.0174,36.08064,FALSE
08-01-1974 08:00,23.8,0.02,41.1264,FALSE
09-01-1974 08:00,23.1,0.02,39.9168,FALSE
10-01-1974 08:00,21.9,0.0174,32.923584,FALSE
11-01-1974 08:00,21.3,0.0179,32.941728,FALSE
12-01-1974 08:00,21.2,0.0153,28.024704,FALSE
13-01-1974 08:00,20.5,0.0152,26.92224,FALSE
14-01-1974 08:00,20.2,0.0195,34.03296,FALSE
15-01-1974 08:00,20.1,0.0167,29.001888,FALSE
16-01-1974 08:00,19.7,0.0135,22.97808,FALSE
17-01-1974 08:00,19.5,0.0148,24.93504,FALSE
18-01-1974 08:00,19.4,0.0125,20.952,FALSE
19-01-1974 08:00,18.6,0.0137,22.016448,FALSE
20-01-1974 08:00,18.2,0.0146,22.958208,FALSE
21-01-1974 08:00,18.2,0.0127,19.970496,FALSE
22-01-1974 08:00,17.6,0.0132,20.072448,FALSE
23-01-1974 08:00,17.6,0.0171,26.002944,FALSE
24-01-1974 08:00,17.4,0.0153,23.001408,FALSE
25-01-1974 08:00,17,0.0129,18.94752,FALSE
26-01-1974 08:00,16.5,0.014,19.9584,FALSE
27-01-1974 08:00,16,0.0137,18.93888,FALSE
28-01-1974 08:00,16,0.0123,17.00352,FALSE
29-01-1974 08:00,15.7,0.0125,16.956,FALSE
30-01-1974 08:00,15,0.0147,19.0512,FALSE
31-01-1974 08:00,14.9,0.0148,19.052928,FALSE
01-02-1974 08:00,14.4,0.0145,18.04032,FALSE
02-02-1974 08:00,14.3,0.0138,17.050176,FALSE
03-02-1974 08:00,13.8,0.0126,15.023232,FALSE
04-02-1974 08:00,13.4,0.0155,17.94528,FALSE
05-02-1974 08:00,12.4,0.0177,18.963072,FALSE
06-02-1974 08:00,12.7,0.0164,17.995392,FALSE
07-02-1974 08:00,11.8,0.0186,18.963072,FALSE
08-02-1974 08:00,11.7,0.0178,17.993664,FALSE
09-02-1974 08:00,11.7,0.0168,16.982784,FALSE
10-02-1974 08:00,11.5,0.0141,14.00976,FALSE
11-02-1974 08:00,11.1,0.0146,14.001984,FALSE
12-02-1974 08:00,10,0.0139,12.0096,FALSE
13-02-1974 08:00,9.6,0.0121,10.036224,FALSE
14-02-1974 08:00,9.5,0.0134,10.99872,FALSE
15-02-1974 08:00,9.2,0.0138,10.969344,FALSE
16-02-1974 08:00,9.2,0.0126,10.015488,FALSE
17-02-1974 08:00,9.2,0.0151,12.002688,FALSE
18-02-1974 08:00,8.9,0.013,9.99648,FALSE
19-02-1974 08:00,8.5,0.0123,9.03312,FALSE
20-02-1974 08:00,8.7,0.012,9.02016,FALSE
21-02-1974 08:00,7.9,0.0132,9.009792,FALSE
22-02-1974 08:00,7.7,0.012,7.98336,FALSE
23-02-1974 08:00,7.6,0.0137,8.995968,FALSE
24-02-1974 08:00,7.6,0.0137,8.995968,FALSE
25-02-1974 08:00,7.5,0.0123,7.9704,FALSE
26-02-1974 08:00,7.4,0.0141,9.014976,FALSE
27-02-1974 08:00,7.6,0.0122,8.011008,FALSE
28-02-1974 08:00,7.3,0.0095,5.99184,FALSE
01-03-1974 08:00,6.5,0.0125,7.02,FALSE
02-03-1974 08:00,6.5,0.0106,5.95296,FALSE
03-03-1974 08:00,6.4,0.0145,8.01792,FALSE
04-03-1974 08:00,6.3,0.0129,7.021728,FALSE
05-03-1974 08:00,5.9,0.0157,8.003232,FALSE
06-03-1974 08:00,5.6,0.0103,4.983552,FALSE
07-03-1974 08:00,5.5,0.021,9.9792,FALSE
08-03-1974 08:00,5.4,0.03,13.9968,FALSE
09-03-1974 08:00,4.9,0.0118,4.995648,FALSE
10-03-1974 08:00,4.7,0.0172,6.984576,FALSE
11-03-1974 08:00,4.5,0.0051,1.98288,FALSE
12-03-1974 08:00,4.5,0.0077,2.99376,FALSE
13-03-1974 08:00,4.1,0.0028,0.991872,FALSE
14-03-1974 08:00,3.9,0.0119,4.009824,FALSE
15-03-1974 08:00,3.7,0.0094,3.004992,FALSE
16-03-1974 08:00,3.5,0.0099,2.99376,FALSE
17-03-1974 08:00,3.4,0.0068,1.997568,FALSE
18-03-1974 08:00,3.4,0.0102,2.996352,FALSE
19-03-1974 08:00,3.3,0.0105,2.99376,FALSE
20-03-1974 08:00,2.8,0.0083,2.007936,FALSE
21-03-1974 08:00,2.8,0.0083,2.007936,FALSE
22-03-1974 08:00,2.8,0.0083,2.007936,FALSE
23-03-1974 08:00,2.9,0.008,2.00448,FALSE
24-03-1974 08:00,3,0.0115,2.9808,FALSE
25-03-1974 08:00,3,0.0115,2.9808,FALSE
26-03-1974 08:00,3.4,0.0102,2.996352,FALSE
27-03-1974 08:00,3.8,0.0091,2.987712,FALSE
28-03-1974 08:00,3.6,0.0064,1.990656,FALSE
29-03-1974 08:00,3.5,0.0099,2.99376,FALSE
30-03-1974 08:00,3.5,0.0099,2.99376,FALSE
31-03-1974 08:00,3.4,0.0102,2.996352,FALSE
01-04-1974 08:00,3.4,0.0102,2.996352,FALSE
02-04-1974 08:00,3.5,0.0132,3.99168,FALSE
03-04-1974 08:00,3.5,0.0132,3.99168,FALSE
04-04-1974 08:00,3.5,0.0099,2.99376,FALSE
05-04-1974 08:00,3.8,0.0091,2.987712,FALSE
06-04-1974 08:00,4,0.0116,4.00896,FALSE
07-04-1974 08:00,4.2,0.0083,3.011904,FALSE
08-04-1974 08:00,4.1,0.0085,3.01104,FALSE
09-04-1974 08:00,3.6,0.0096,2.985984,FALSE
10-04-1974 08:00,3.5,0.0099,2.99376,FALSE
11-04-1974 08:00,3.2,0.0072,1.990656,FALSE
12-04-1974 08:00,3.2,0.0109,3.013632,FALSE
13-04-1974 08:00,4.4,0.0158,6.006528,FALSE
14-04-1974 08:00,4.1,0.0113,4.002912,FALSE
15-04-1974 08:00,4.1,0.0113,4.002912,FALSE
16-04-1974 08:00,4,0.0116,4.00896,FALSE
17-04-1974 08:00,3.6,0.0096,2.985984,FALSE
18-04-1974 08:00,3.8,0.0122,4.005504,FALSE
19-04-1974 08:00,3.6,0.0129,4.012416,FALSE
20-04-1974 08:00,4.2,0.0138,5.007744,FALSE
21-04-1974 08:00,4.5,0.0103,4.00464,FALSE
22-04-1974 08:00,5.3,0.0109,4.991328,FALSE
23-04-1974 08:00,5.8,0.014,7.01568,FALSE
24-04-1974 08:00,5.5,0.0147,6.98544,FALSE
25-04-1974 08:00,7.5,0.0154,9.9792,FALSE
26-04-1974 08:00,7,0.0116,7.01568,FALSE
27-04-1974 08:00,8,0.0159,10.99008,FALSE
28-04-1974 08:00,7.5,0.0139,9.0072,FALSE
29-04-1974 08:00,6.9,0.0117,6.975072,FALSE
30-04-1974 08:00,6.2,0.0149,7.981632,FALSE
01-05-1974 08:00,6,0.0174,9.02016,FALSE
02-05-1974 08:00,4.9,0.0189,8.001504,FALSE
03-05-1974 08:00,4.5,0.018,6.9984,FALSE
04-05-1974 08:00,4.1,0.0198,7.013952,FALSE
05-05-1974 08:00,3.9,0.0148,4.987008,FALSE
06-05-1974 08:00,3.8,0.0152,4.990464,FALSE
07-05-1974 08:00,3.4,0.017,4.99392,FALSE
08-05-1974 08:00,3.4,0.017,4.99392,FALSE
09-05-1974 08:00,3.1,0.0187,5.008608,FALSE
10-05-1974 08:00,3.1,0.0149,3.990816,FALSE
11-05-1974 08:00,3.4,0.017,4.99392,FALSE
12-05-1974 08:00,5.3,0.0153,7.006176,FALSE
13-05-1974 08:00,5.5,0.0147,6.98544,FALSE
14-05-1974 08:00,6,0.0154,7.98336,FALSE
15-05-1974 08:00,8.2,0.0113,8.005824,FALSE
17-05-1974 08:00,27.2,0.2183,513.022464,FALSE
18-05-1974 08:00,30.6,0.0938,247.992192,FALSE
19-05-1974 08:00,21.2,0.0437,80.044416,FALSE
20-05-1974 08:00,33.3,0.0403,115.947936,FALSE
21-05-1974 08:00,15.9,0.0517,71.023392,FALSE
22-05-1974 08:00,21.3,0.0418,76.925376,FALSE
23-05-1974 08:00,22.8,0.0345,67.96224,FALSE
24-05-1974 08:00,22.2,0.0323,61.953984,FALSE
25-05-1974 08:00,18.8,0.0339,55.064448,FALSE
26-05-1974 08:00,20.1,0.0288,50.015232,FALSE
27-05-1974 08:00,20,0.0255,44.064,FALSE
28-05-1974 08:00,16.7,0.0256,36.937728,FALSE
29-05-1974 08:00,19.3,0.0264,44.022528,FALSE
30-05-1974 08:00,41.4,0.0361,129.128256,FALSE
31-05-1974 08:00,37.2,0.1067,342.942336,FALSE
01-06-1974 08:00,47.7,0.0687,283.131936,FALSE
02-06-1974 08:00,45,0.0491,190.9008,FALSE
03-06-1974 08:00,65.6,0.0409,231.814656,FALSE
04-06-1974 08:00,53.5,0.0418,193.21632,FALSE
05-06-1974 08:00,44.2,0.0317,121.058496,FALSE
06-06-1974 08:00,32.7,0.0258,72.892224,FALSE
07-06-1974 08:00,29,0.0367,91.95552,FALSE
08-06-1974 08:00,25.7,0.0275,61.0632,FALSE
09-06-1974 08:00,29.8,0.0272,70.032384,FALSE
10-06-1974 08:00,38.7,0.0428,143.109504,FALSE
11-06-1974 08:00,33.3,0.0462,132.922944,FALSE
12-06-1974 08:00,28,0.0318,76.93056,FALSE
13-06-1974 08:00,21.8,0.0297,55.940544,FALSE
14-06-1974 08:00,19.6,0.0266,45.045504,FALSE
15-06-1974 08:00,35.8,0.0265,81.96768,FALSE
16-06-1974 08:00,51.4,0.0295,131.00832,FALSE
17-06-1974 08:00,46.8,0.0334,135.053568,FALSE
18-06-1974 08:00,81.9,0.0593,419.616288,FALSE
19-06-1974 08:00,66.6,0.0478,275.052672,FALSE
20-06-1974 08:00,83.9,0.0421,305.181216,FALSE
21-06-1974 08:00,54.8,0.0253,119.788416,FALSE
22-06-1974 08:00,51.8,0.0174,77.874048,FALSE
23-06-1974 08:00,188,0.1567,2545.30944,FALSE
24-06-1974 08:00,270.8,0.1577,3689.725824,FALSE
25-06-1974 08:00,149,0.071,914.0256,FALSE
26-06-1974 08:00,221.4,0.1405,2687.61888,FALSE
27-06-1974 08:00,371.7,0.1791,5751.775008,FALSE
28-06-1974 08:00,261.4,0.065,1468.0224,FALSE
29-06-1974 08:00,224.9,0.0425,825.8328,FALSE
30-06-1974 08:00,313.4,0.0788,2133.727488,FALSE
01-07-1974 08:00,212.1,0.0403,738.515232,FALSE
02-07-1974 08:00,243.9,0.0834,1757.484864,FALSE
03-07-1974 08:00,487.8,0.1529,6444.111168,FALSE
04-07-1974 08:00,1433.6,0.5764,71394.65626,FALSE
05-07-1974 08:00,3724.5,0.3759,120963.4171,FALSE
06-07-1974 08:00,3538,0.2684,82045.37088,FALSE
07-07-1974 08:00,1760.7,0.1435,21829.86288,FALSE
08-07-1974 08:00,919.5,0.0977,7761.75696,FALSE
10-07-1974 08:00,1279.9,0.0664,7342.735104,FALSE
13-07-1974 08:00,1175.7,0.0603,6125.302944,FALSE
14-07-1974 08:00,1010.3,0.0538,4696.197696,FALSE
15-07-1974 08:00,1135.8,0.0807,7919.342784,FALSE
16-07-1974 08:00,1246.4,0.0819,8819.725824,FALSE
17-07-1974 08:00,1208.1,0.1085,11325.21264,FALSE
18-07-1974 08:00,1814.3,0.2507,39298.60886,FALSE
20-07-1974 08:00,940.9,0.0537,4365.474912,FALSE
21-07-1974 08:00,685.7,0.0259,1534.432032,FALSE
23-07-1974 08:00,1008.1,0.1206,10504.2407,FALSE
24-07-1974 08:00,746.5,0.0649,4185.89424,FALSE
25-07-1974 08:00,4594.9,0.3141,124697.499,FALSE
26-07-1974 08:00,9832,0.4733,402061.1558,FALSE
27-07-1974 08:00,5231.2,0.469,211976.5939,FALSE
30-07-1974 08:00,1595.5,0.0867,11951.69904,FALSE
31-07-1974 08:00,3885.6,0.3205,107596.9267,FALSE
01-08-1974 08:00,2209.5,0.0853,16283.83824,FALSE
02-08-1974 08:00,1886.4,0.1163,18955.15085,FALSE
03-08-1974 08:00,2365.2,0.1034,21130.12915,FALSE
04-08-1974 08:00,2061.8,0.059,10510.23168,FALSE
05-08-1974 08:00,1413.3,0.064,7814.98368,FALSE
06-08-1974 08:00,1259.1,0.043,4677.80832,FALSE
07-08-1974 08:00,1103.1,0.0446,4250.729664,FALSE
08-08-1974 08:00,1123.4,0.0359,3484.517184,FALSE
09-08-1974 08:00,1036.4,0.0389,3483.298944,FALSE
10-08-1974 08:00,3499.3,0.3624,109567.842,FALSE
11-08-1974 08:00,2650.1,0.0924,21156.70234,FALSE
12-08-1974 08:00,2307,0.0867,17281.46016,FALSE
13-08-1974 08:00,1884.8,0.0763,12425.20474,FALSE
14-08-1974 08:00,1746.4,0.1352,20400.18739,FALSE
15-08-1974 08:00,1824.5,0.1228,19357.79904,FALSE
16-08-1974 08:00,2480.3,0.1459,31266.06653,FALSE
17-08-1974 08:00,2091.1,0.1011,18265.84214,FALSE
18-08-1974 08:00,1972.8,0.1275,21732.3648,FALSE
19-08-1974 08:00,1919.7,0.1292,21429.38074,FALSE
21-08-1974 08:00,1849.1,0.188,30035.30112,FALSE
22-08-1974 08:00,1158.2,0.0588,5884.026624,FALSE
23-08-1974 08:00,860.6,0.0462,3435.239808,FALSE
25-08-1974 08:00,740.3,0.0275,1758.9528,FALSE
26-08-1974 08:00,777.2,0.0519,3485.089152,FALSE
27-08-1974 08:00,654.4,0.0301,1701.858816,FALSE
28-08-1974 08:00,773.8,0.0527,3523.328064,FALSE
29-08-1974 08:00,805.9,0.0802,5584.306752,FALSE
30-08-1974 08:00,585.8,0.0061,308.740032,FALSE
31-08-1974 08:00,534.1,0.0125,576.828,FALSE
01-09-1974 08:00,461.7,0.0207,825.741216,FALSE
02-09-1974 08:00,384.2,0.0133,441.491904,FALSE
03-09-1974 08:00,443.2,0.0146,559.070208,FALSE
04-09-1974 08:00,421.8,0.016,583.09632,FALSE
05-09-1974 08:00,341.1,0.0267,786.876768,FALSE
06-09-1974 08:00,363.4,0.0216,678.191616,FALSE
07-09-1974 08:00,282.6,0.0147,358.924608,FALSE
08-09-1974 08:00,344.3,0.0189,562.228128,FALSE
09-09-1974 08:00,270.7,0.0144,336.794112,FALSE
10-09-1974 08:00,266.5,0.0252,580.24512,FALSE
11-09-1974 08:00,253.1,0.0209,457.037856,FALSE
12-09-1974 08:00,229.3,0.0263,521.042976,FALSE
13-09-1974 08:00,237.1,0.0183,374.883552,FALSE
14-09-1974 08:00,404.1,0.086,3002.62464,FALSE
15-09-1974 08:00,388.3,0.0733,2459.150496,FALSE
16-09-1974 08:00,421.9,0.1484,5409.500544,FALSE
17-09-1974 08:00,323.2,0.0371,1035.998208,FALSE
18-09-1974 08:00,574.3,0.1053,5224.935456,FALSE
19-09-1974 08:00,661.6,0.1673,9563.242752,FALSE
20-09-1974 08:00,461.8,0.0589,2350.081728,FALSE
21-09-1974 08:00,505.3,0.0692,3021.128064,FALSE
22-09-1974 08:00,432.4,0.0365,1363.61664,FALSE
23-09-1974 08:00,422.4,0.0231,843.042816,FALSE
24-09-1974 08:00,1186.7,0.3694,37874.90707,FALSE
25-09-1974 08:00,1001.7,0.1275,11034.7272,FALSE
26-09-1974 08:00,1271.8,0.2971,32646.39379,FALSE
27-09-1974 08:00,1260.9,0.1406,15317.21146,FALSE
28-09-1974 08:00,1018.2,0.0836,7354.499328,FALSE
29-09-1974 08:00,740.7,0.0314,2009.489472,FALSE
30-09-1974 08:00,753.4,0.0338,2200.169088,FALSE
01-10-1974 08:00,744.2,0.0388,2494.796544,FALSE
02-10-1974 08:00,636.8,0.0322,1771.628544,FALSE
03-10-1974 08:00,428.8,0.0201,744.671232,FALSE
04-10-1974 08:00,399.9,0.0138,476.808768,FALSE
05-10-1974 08:00,558.3,0.048,2315.38176,FALSE
06-10-1974 08:00,546.3,0.045,2124.0144,FALSE
07-10-1974 08:00,717,0.1138,7049.77344,FALSE
09-10-1974 08:00,491,0.0715,3033.2016,FALSE
10-10-1974 08:00,388.7,0.0251,842.950368,FALSE
11-10-1974 08:00,392.7,0.0405,1374.13584,FALSE
12-10-1974 08:00,427.6,0.0246,908.838144,FALSE
13-10-1974 08:00,387.9,0.0622,2084.605632,FALSE
14-10-1974 08:00,602.6,0.1162,6049.911168,FALSE
15-10-1974 08:00,413.7,0.0362,1293.921216,FALSE
16-10-1974 08:00,411.3,0.0194,689.404608,FALSE
17-10-1974 08:00,363.5,0.0254,797.72256,FALSE
18-10-1974 08:00,325.9,0.0141,397.024416,FALSE
19-10-1974 08:00,306.9,0.0213,564.794208,FALSE
20-10-1974 08:00,251.9,0.0473,1029.444768,FALSE
21-10-1974 08:00,553.5,0.1583,7570.28592,FALSE
22-10-1974 08:00,271.2,0.0596,1396.528128,FALSE
23-10-1974 08:00,252.8,0.0282,615.942144,FALSE
24-10-1974 08:00,226.1,0.0317,619.260768,FALSE
25-10-1974 08:00,211.3,0.0204,372.428928,FALSE
26-10-1974 08:00,217.6,0.0158,297.050112,FALSE
27-10-1974 08:00,174.2,0.0021,31.606848,FALSE
28-10-1974 08:00,327.7,0.175,4954.824,FALSE
29-10-1974 08:00,326.9,0.0782,2208.693312,FALSE
30-10-1974 08:00,179.2,0.0323,500.097024,FALSE
31-10-1974 08:00,142.3,0.0288,354.087936,FALSE
01-11-1974 08:00,136.1,0.0202,237.532608,FALSE
02-11-1974 08:00,124.4,0.014,150.47424,FALSE
03-11-1974 08:00,144.6,0.0188,234.876672,FALSE
04-11-1974 08:00,139.9,0.019,229.65984,FALSE
05-11-1974 08:00,135.1,0.0101,117.893664,FALSE
06-11-1974 08:00,132.2,0.01,114.2208,FALSE
07-11-1974 08:00,160,0.0127,175.5648,FALSE
08-11-1974 08:00,141,0.0138,168.11712,FALSE
09-11-1974 08:00,132.9,0.0117,134.345952,FALSE
10-11-1974 08:00,136.8,0.0088,104.011776,FALSE
11-11-1974 08:00,122.5,0.0104,110.0736,FALSE
12-11-1974 08:00,112.6,0.0113,109.933632,FALSE
13-11-1974 08:00,104.7,0.0106,95.888448,FALSE
14-11-1974 08:00,101,0.0074,64.57536,FALSE
15-11-1974 08:00,98.6,0.0056,47.706624,FALSE
16-11-1974 08:00,95.3,0.0129,106.217568,FALSE
17-11-1974 08:00,94.6,0.0125,102.168,FALSE
18-11-1974 08:00,83.1,0.0096,68.926464,FALSE
19-11-1974 08:00,79.5,0.0116,79.67808,FALSE
20-11-1974 08:00,79.2,0.0117,80.061696,FALSE
21-11-1974 08:00,79.3,0.0092,63.033984,FALSE
22-11-1974 08:00,81.7,0.0079,55.765152,FALSE
23-11-1974 08:00,150.6,0.0459,597.243456,FALSE
24-11-1974 08:00,120.4,0.0322,334.962432,FALSE
25-11-1974 08:00,101,0.0207,180.63648,FALSE
26-11-1974 08:00,97.6,0.0152,128.176128,FALSE
27-11-1974 08:00,82.6,0.0123,87.780672,FALSE
28-11-1974 08:00,75.4,0.0135,87.94656,FALSE
29-11-1974 08:00,71.6,0.0144,89.081856,FALSE
30-11-1974 08:00,69.4,0.0101,60.561216,FALSE
01-12-1974 08:00,66.9,0.0099,57.223584,FALSE
02-12-1974 08:00,65.2,0.0105,59.14944,FALSE
03-12-1974 08:00,64.1,0.0117,64.797408,FALSE
04-12-1974 08:00,61.5,0.0137,72.79632,FALSE
05-12-1974 08:00,60.5,0.0105,54.8856,FALSE
06-12-1974 08:00,59.8,0.012,62.00064,FALSE
07-12-1974 08:00,56.4,0.0092,44.831232,FALSE
08-12-1974 08:00,55.6,0.009,43.23456,FALSE
09-12-1974 08:00,54.2,0.0098,45.892224,FALSE
10-12-1974 08:00,53.4,0.0078,35.987328,FALSE
11-12-1974 08:00,51.9,0.0067,30.043872,FALSE
12-12-1974 08:00,47.7,0.0063,25.964064,FALSE
13-12-1974 08:00,44.6,0.0052,20.037888,FALSE
14-12-1974 08:00,42.6,0.006,22.08384,FALSE
15-12-1974 08:00,42,0.0047,17.05536,FALSE
16-12-1974 08:00,41.3,0.0053,18.912096,FALSE
17-12-1974 08:00,40.2,0.0055,19.10304,FALSE
18-12-1974 08:00,39,0.0053,17.85888,FALSE
19-12-1974 08:00,39.8,0.0055,18.91296,FALSE
20-12-1974 08:00,39.3,0.0059,20.033568,FALSE
21-12-1974 08:00,39.2,0.0065,22.01472,FALSE
22-12-1974 08:00,37,0.0072,23.01696,FALSE
23-12-1974 08:00,35.9,0.0061,18.920736,FALSE
24-12-1974 08:00,33.7,0.0072,20.964096,FALSE
25-12-1974 08:00,31.8,0.0069,18.957888,FALSE
26-12-1974 08:00,32.6,0.0075,21.1248,FALSE
27-12-1974 08:00,30.9,0.0082,21.892032,FALSE
28-12-1974 08:00,32.4,0.0089,24.914304,FALSE
29-12-1974 08:00,30.9,0.0097,25.896672,FALSE
30-12-1974 08:00,29.6,0.009,23.01696,FALSE
31-12-1974 08:00,28.6,0.0077,19.027008,FALSE
01-01-1975 08:00,27.2,0.0072,16.920576,FALSE
02-01-1975 08:00,26.9,0.0099,23.009184,FALSE
03-01-1975 08:00,25.2,0.011,23.95008,FALSE
04-01-1975 08:00,24.7,0.0094,20.060352,FALSE
05-01-1975 08:00,22.3,0.0114,21.964608,FALSE
06-01-1975 08:00,22,0.01,19.008,FALSE
07-01-1975 08:00,22,0.011,20.9088,FALSE
08-01-1975 08:00,21.7,0.0096,17.998848,FALSE
09-01-1975 08:00,20.9,0.0097,17.515872,FALSE
10-01-1975 08:00,20.5,0.0102,18.06624,FALSE
11-01-1975 08:00,20.3,0.0063,11.049696,FALSE
12-01-1975 08:00,19.7,0.0129,21.956832,FALSE
13-01-1975 08:00,19.7,0.0106,18.042048,FALSE
14-01-1975 08:00,19.5,0.0131,22.07088,FALSE
15-01-1975 08:00,19.5,0.0154,25.94592,FALSE
16-01-1975 08:00,19.3,0.0132,22.011264,FALSE
17-01-1975 08:00,18.8,0.016,25.98912,FALSE
18-01-1975 08:00,18.5,0.0144,23.01696,FALSE
19-01-1975 08:00,18.2,0.0146,22.958208,FALSE
20-01-1975 08:00,17.9,0.0149,23.043744,FALSE
21-01-1975 08:00,17.2,0.0121,17.981568,FALSE
22-01-1975 08:00,16.8,0.0117,16.982784,FALSE
23-01-1975 08:00,17.7,0.0111,16.975008,FALSE
24-01-1975 08:00,20.7,0.0106,18.957888,FALSE
25-01-1975 08:00,23.9,0.0121,24.986016,FALSE
26-01-1975 08:00,20.9,0.0144,26.002944,FALSE
27-01-1975 08:00,20.9,0.0116,20.946816,FALSE
28-01-1975 08:00,18.1,0.0147,22.988448,FALSE
29-01-1975 08:00,16.3,0.0142,19.998144,FALSE
30-01-1975 08:00,15.9,0.0138,18.957888,FALSE
31-01-1975 08:00,14.6,0.0135,17.02944,FALSE
01-02-1975 08:00,13.4,0.013,15.05088,FALSE
02-02-1975 08:00,12.9,0.0126,14.043456,FALSE
03-02-1975 08:00,12.6,0.0129,14.043456,FALSE
04-02-1975 08:00,12.5,0.0139,15.012,FALSE
05-02-1975 08:00,12,0.0154,15.96672,FALSE
06-02-1975 08:00,11.7,0.0119,12.029472,FALSE
07-02-1975 08:00,11.6,0.01,10.0224,FALSE
08-02-1975 08:00,11.2,0.0083,8.031744,FALSE
09-02-1975 08:00,11,0.0126,11.97504,FALSE
10-02-1975 08:00,10.4,0.0111,9.974016,FALSE
11-02-1975 08:00,10.1,0.0092,8.028288,FALSE
12-02-1975 08:00,9.8,0.0118,9.991296,FALSE
13-02-1975 08:00,9.7,0.0107,8.967456,FALSE
14-02-1975 08:00,9.5,0.0097,7.96176,FALSE
15-02-1975 08:00,9.2,0.0101,8.028288,FALSE
16-02-1975 08:00,8.5,0.0109,8.00496,FALSE
17-02-1975 08:00,8.3,0.0084,6.023808,FALSE
18-02-1975 08:00,8.2,0.0113,8.005824,FALSE
19-02-1975 08:00,8.3,0.0126,9.035712,FALSE
20-02-1975 08:00,8.4,0.0124,8.999424,FALSE
21-02-1975 08:00,8.1,0.0143,10.007712,FALSE
22-02-1975 08:00,8,0.013,8.9856,FALSE
23-02-1975 08:00,7.7,0.0105,6.98544,FALSE
24-02-1975 08:00,7.5,0.0123,7.9704,FALSE
25-02-1975 08:00,7,0.0116,7.01568,FALSE
26-02-1975 08:00,7,0.0132,7.98336,FALSE
27-02-1975 08:00,7,0.0149,9.01152,FALSE
28-02-1975 08:00,6.6,0.0123,7.013952,FALSE
01-03-1975 08:00,6.8,0.0187,10.986624,FALSE
02-03-1975 08:00,6.3,0.0165,8.98128,FALSE
03-03-1975 08:00,5.8,0.018,9.02016,FALSE
04-03-1975 08:00,5.6,0.0145,7.01568,FALSE
05-03-1975 08:00,5.4,0.015,6.9984,FALSE
06-03-1975 08:00,5.1,0.0136,5.992704,FALSE
07-03-1975 08:00,6.4,0.0127,7.022592,FALSE
08-03-1975 08:00,6.5,0.016,8.9856,FALSE
09-03-1975 08:00,8,0.0145,10.0224,FALSE
10-03-1975 08:00,14.6,0.0206,25.985664,FALSE
11-03-1975 08:00,11.9,0.0156,16.039296,FALSE
12-03-1975 08:00,11.5,0.0151,15.00336,FALSE
13-03-1975 08:00,10.5,0.0143,12.97296,FALSE
14-03-1975 08:00,9.2,0.0138,10.969344,FALSE
15-03-1975 08:00,8.3,0.0139,9.967968,FALSE
16-03-1975 08:00,7.6,0.0119,7.814016,FALSE
17-03-1975 08:00,6.6,0.0158,9.009792,FALSE
18-03-1975 08:00,6.2,0.0131,7.017408,FALSE
19-03-1975 08:00,6,0.0154,7.98336,FALSE
20-03-1975 08:00,5.4,0.015,6.9984,FALSE
21-03-1975 08:00,4.5,0.018,6.9984,FALSE
22-03-1975 08:00,4,0.0174,6.01344,FALSE
23-03-1975 08:00,3.7,0.0188,6.009984,FALSE
24-03-1975 08:00,3.6,0.0193,6.003072,FALSE
25-03-1975 08:00,3.4,0.017,4.99392,FALSE
26-03-1975 08:00,3.2,0.0217,5.999616,FALSE
27-03-1975 08:00,3.2,0.018,4.97664,FALSE
28-03-1975 08:00,3,0.0154,3.99168,FALSE
29-03-1975 08:00,2.8,0.0124,2.999808,FALSE
30-03-1975 08:00,2.6,0.0178,3.998592,FALSE
31-03-1975 08:00,2.4,0.0126,2.612736,FALSE
01-04-1975 08:00,2,0.0174,3.00672,FALSE
02-04-1975 08:00,1.9,0.0183,3.004128,FALSE
03-04-1975 08:00,1.8,0.0128,1.990656,FALSE
04-04-1975 08:00,1.7,0.0204,2.996352,FALSE
05-04-1975 08:00,1.7,0.0204,2.996352,FALSE
06-04-1975 08:00,1.6,0.0217,2.999808,FALSE
07-04-1975 08:00,1.5,0.0154,1.99584,FALSE
08-04-1975 08:00,1.5,0.0154,1.99584,FALSE
09-04-1975 08:00,1.5,0.0154,1.99584,FALSE
10-04-1975 08:00,1.4,0.0165,1.99584,FALSE
11-04-1975 08:00,1.4,0.0165,1.99584,FALSE
12-04-1975 08:00,1.3,0.0165,1.85328,FALSE
13-04-1975 08:00,1.2,0.0178,1.845504,FALSE
14-04-1975 08:00,1.2,0.0193,2.001024,FALSE
15-04-1975 08:00,1.2,0.0193,2.001024,FALSE
16-04-1975 08:00,1.2,0,0,TRUE
17-04-1975 08:00,1.1,0,0,TRUE
18-04-1975 08:00,1.1,0,0,TRUE
19-04-1975 08:00,1.1,0,0,TRUE
20-04-1975 08:00,1.1,0,0,TRUE
21-04-1975 08:00,1,0,0,TRUE
22-04-1975 08:00,1.2,0,0,TRUE
23-04-1975 08:00,1.1,0,0,TRUE
24-04-1975 08:00,1.2,0,0,TRUE
25-04-1975 08:00,1.4,0,0,TRUE
26-04-1975 08:00,1.7,0,0,TRUE
27-04-1975 08:00,3.3,0.021,5.98752,FALSE
28-04-1975 08:00,4.5,0.0206,8.00928,FALSE
29-04-1975 08:00,4.3,0.0188,6.984576,FALSE
30-04-1975 08:00,5.3,0.0218,9.982656,FALSE
01-05-1975 08:00,8,0.0275,19.008,FALSE
02-05-1975 08:00,7.8,0.0178,11.995776,FALSE
03-05-1975 08:00,10.1,0.0206,17.976384,FALSE
04-05-1975 08:00,9.4,0.0209,16.974144,FALSE
05-05-1975 08:00,8.3,0.0223,15.991776,FALSE
06-05-1975 08:00,6.7,0.0207,11.982816,FALSE
07-05-1975 08:00,6.1,0.0228,12.016512,FALSE
08-05-1975 08:00,5.6,0.0227,10.983168,FALSE
09-05-1975 08:00,4.9,0.0213,9.017568,FALSE
10-05-1975 08:00,4.2,0.0276,10.015488,FALSE
11-05-1975 08:00,3.3,0.0246,7.013952,FALSE
12-05-1975 08:00,3.3,0.0316,9.009792,FALSE
13-05-1975 08:00,4.6,0.0302,12.002688,FALSE
14-05-1975 08:00,4.5,0.0206,8.00928,FALSE
15-05-1975 08:00,13.6,0.0298,35.016192,FALSE
16-05-1975 08:00,8.7,0.0253,19.017504,FALSE
17-05-1975 08:00,8,0.0246,17.00352,FALSE
18-05-1975 08:00,6.7,0.0259,14.992992,FALSE
19-05-1975 08:00,12.7,0.0264,28.968192,FALSE
20-05-1975 08:00,29.1,0.0402,101.072448,FALSE
21-05-1975 08:00,18.8,0.1016,165.030912,FALSE
22-05-1975 08:00,21.6,0.0659,122.985216,FALSE
23-05-1975 08:00,19.6,0.0401,67.906944,FALSE
24-05-1975 08:00,20.6,0.0326,58.022784,FALSE
25-05-1975 08:00,14.5,0.0279,34.95312,FALSE
26-05-1975 08:00,11,0.0252,23.95008,FALSE
27-05-1975 08:00,10,0.0231,19.9584,FALSE
28-05-1975 08:00,18.3,0.0266,42.057792,FALSE
29-05-1975 08:00,16,0.0174,24.05376,FALSE
30-05-1975 08:00,15.3,0.0212,28.024704,FALSE
31-05-1975 08:00,13.8,0.0168,20.030976,FALSE
01-06-1975 08:00,21,0.0303,54.97632,FALSE
02-06-1975 08:00,70.8,0.1425,871.6896,FALSE
03-06-1975 08:00,220.8,0.1866,3559.790592,FALSE
04-06-1975 08:00,172.5,0.0646,962.7984,FALSE
05-06-1975 08:00,107.9,0.0778,725.295168,FALSE
06-06-1975 08:00,117.8,0.058,590.31936,FALSE
07-06-1975 08:00,71.1,0.0387,237.735648,FALSE
08-06-1975 08:00,95.8,0.0445,368.33184,FALSE
09-06-1975 08:00,92.2,0.0432,344.134656,FALSE
10-06-1975 08:00,117.3,0.0356,360.796032,FALSE
11-06-1975 08:00,83.7,0.0333,240.814944,FALSE
12-06-1975 08:00,77,0.0696,463.03488,FALSE
13-06-1975 08:00,116.5,0.1126,1133.38656,FALSE
14-06-1975 08:00,241,0.1968,4097.84832,FALSE
15-06-1975 08:00,224,0.1077,2084.38272,FALSE
16-06-1975 08:00,213.9,0.0927,1713.184992,FALSE
17-06-1975 08:00,189,0.0441,720.13536,FALSE
18-06-1975 08:00,279,0.0442,1065.46752,FALSE
19-06-1975 08:00,813.3,0.3897,27383.87606,FALSE
21-06-1975 08:00,5216,0.5509,248269.9162,FALSE
22-06-1975 08:00,3988.6,0.2137,73644.23405,FALSE
23-06-1975 08:00,2664.5,0.1997,45973.49616,FALSE
24-06-1975 08:00,2033,0.1869,32829.20928,FALSE
25-06-1975 08:00,1877.3,0.1229,19934.22269,FALSE
26-06-1975 08:00,1773.8,0.0983,15065.09626,FALSE
27-06-1975 08:00,1635.1,0.088,12431.99232,FALSE
28-06-1975 08:00,1919.9,0.1608,26673.40109,FALSE
29-06-1975 08:00,1848.6,0.1327,21194.71661,FALSE
30-06-1975 08:00,2047,0.1168,20657.34144,FALSE
01-07-1975 08:00,1571.9,0.0864,11734.17062,FALSE
02-07-1975 08:00,1419.4,0.1101,13502.24122,FALSE
03-07-1975 08:00,1237.9,0.0777,8310.369312,FALSE
04-07-1975 08:00,1070.2,0.074,6842.43072,FALSE
05-07-1975 08:00,838.4,0.053,3839.20128,FALSE
06-07-1975 08:00,905.8,0.0619,4844.363328,FALSE
07-07-1975 08:00,796,0.0437,3005.44128,FALSE
08-07-1975 08:00,1375,0.1145,13602.6,FALSE
09-07-1975 08:00,1148.5,0.0591,5864.51664,FALSE
10-07-1975 08:00,1505.1,0.1513,19675.14883,FALSE
11-07-1975 08:00,3390.6,0.193,56538.93312,FALSE
12-07-1975 08:00,2904.2,0.1194,29960.19187,FALSE
13-07-1975 08:00,2132,0.094,17315.2512,FALSE
14-07-1975 08:00,1523.1,0.063,8290.53792,FALSE
15-07-1975 08:00,1448.2,0.0883,11048.49158,FALSE
16-07-1975 08:00,1087.1,0.0374,3512.811456,FALSE
17-07-1975 08:00,1307.1,0.1049,11846.71786,FALSE
18-07-1975 08:00,1128.9,0.0386,3764.926656,FALSE
19-07-1975 08:00,1347.6,0.1377,16032.77453,FALSE
20-07-1975 08:00,1173.8,0.1149,11652.73517,FALSE
21-07-1975 08:00,811,0.0203,1422.42912,FALSE
22-07-1975 08:00,778.4,0.0402,2703.601152,FALSE
23-07-1975 08:00,831.2,0.0921,6614.224128,FALSE
24-07-1975 08:00,1178.2,0.2171,22100.01581,FALSE
25-07-1975 08:00,1964.7,0.2714,46070.17171,FALSE
26-07-1975 08:00,885.9,0.1152,8817.610752,FALSE
27-07-1975 08:00,1258.9,0.1948,21188.19341,FALSE
28-07-1975 08:00,852.3,0.0912,6715.851264,FALSE
29-07-1975 08:00,894,0.068,5252.4288,FALSE
30-07-1975 08:00,929.2,0.0912,7321.798656,FALSE
31-07-1975 08:00,866.3,0.0384,2874.175488,FALSE
01-08-1975 08:00,984.8,0.0839,7138.775808,FALSE
02-08-1975 08:00,999.3,0.047,4057.95744,FALSE
03-08-1975 08:00,1510.1,0.1236,16126.4183,FALSE
04-08-1975 08:00,1870.4,0.1407,22737.48019,FALSE
05-08-1975 08:00,1837.4,0.1002,15906.88627,FALSE
06-08-1975 08:00,1560.7,0.0858,11569.65638,FALSE
07-08-1975 08:00,1357.9,0.0485,5690.14416,FALSE
08-08-1975 08:00,1444.4,0.0624,7787.280384,FALSE
09-08-1975 08:00,1623.4,0.083,11641.72608,FALSE
10-08-1975 08:00,1840.2,0.0818,13005.6503,FALSE
11-08-1975 08:00,2045.3,0.1016,17954.13427,FALSE
12-08-1975 08:00,5231.5,0.1649,74535.06384,FALSE
13-08-1975 08:00,3056.5,0.126,33274.2816,FALSE
14-08-1975 08:00,3609.7,0.1643,51241.56854,FALSE
15-08-1975 08:00,2514.1,0.1518,32973.72883,FALSE
16-08-1975 08:00,3035.4,0.146,38289.74976,FALSE
17-08-1975 08:00,3177.1,0.1272,34916.58317,FALSE
18-08-1975 08:00,1726.3,0.0549,8188.462368,FALSE
19-08-1975 08:00,1545.5,0.0792,10575.67104,FALSE
20-08-1975 08:00,1446.4,0.097,12121.98912,FALSE
21-08-1975 08:00,1341.6,0.0788,9134.042112,FALSE
22-08-1975 08:00,1240.4,0.0674,7223.295744,FALSE
23-08-1975 08:00,1165.1,0.1181,11888.49398,FALSE
24-08-1975 08:00,897,0.0538,4169.54304,FALSE
25-08-1975 08:00,726.3,0.0288,1807.266816,FALSE
26-08-1975 08:00,1295.7,0.1724,19299.91795,FALSE
27-08-1975 08:00,1043.9,0.0603,5438.635488,FALSE
28-08-1975 08:00,1859.7,0.1621,26045.91677,FALSE
29-08-1975 08:00,1644.5,0.0999,14194.27152,FALSE
30-08-1975 08:00,1405.9,0.0924,11223.80582,FALSE
31-08-1975 08:00,1078.8,0.0604,5629.782528,FALSE
01-09-1975 08:00,1144.9,0.0615,6083.54064,FALSE
02-09-1975 08:00,911.2,0.0295,2322.46656,FALSE
03-09-1975 08:00,822.5,0.0452,3212.0928,FALSE
04-09-1975 08:00,833.8,0.0635,4574.56032,FALSE
05-09-1975 08:00,1203,0.1189,12358.37088,FALSE
06-09-1975 08:00,1105.9,0.0864,8255.499264,FALSE
07-09-1975 08:00,829.3,0.0226,1619.324352,FALSE
08-09-1975 08:00,802.6,0.039,2704.44096,FALSE
09-09-1975 08:00,918.4,0.0548,4348.366848,FALSE
10-09-1975 08:00,1547.5,0.1664,22248.3456,FALSE
11-09-1975 08:00,1173.9,0.0989,10030.92854,FALSE
12-09-1975 08:00,901.7,0.0489,3809.646432,FALSE
13-09-1975 08:00,635.6,0.0328,1801.239552,FALSE
14-09-1975 08:00,638.1,0.0359,1979.233056,FALSE
15-09-1975 08:00,597.3,0.0352,1816.556544,FALSE
16-09-1975 08:00,622.8,0.0583,3137.118336,FALSE
17-09-1975 08:00,939.2,0.2595,21057.61536,FALSE
18-09-1975 08:00,1204.4,0.0806,8387.248896,FALSE
19-09-1975 08:00,997.3,0.1402,12080.57414,FALSE
20-09-1975 08:00,753.2,0.0825,5368.8096,FALSE
21-09-1975 08:00,996.2,0.1174,10104.81523,FALSE
22-09-1975 08:00,629.9,0.1188,6465.495168,FALSE
23-09-1975 08:00,523.8,0.1666,7539.702912,FALSE
24-09-1975 08:00,718.2,0.2125,13186.152,FALSE
25-09-1975 08:00,543.9,0.0835,3923.91216,FALSE
26-09-1975 08:00,2227.4,0.3649,70224.04166,FALSE
27-09-1975 08:00,1140.1,0.1242,12234.27629,FALSE
28-09-1975 08:00,686.5,0.0483,2864.84688,FALSE
29-09-1975 08:00,745.3,0.0623,4011.741216,FALSE
30-09-1975 08:00,1149,0.1082,10741.40352,FALSE
01-10-1975 08:00,916.2,0.0612,4844.572416,FALSE
02-10-1975 08:00,765.6,0.0321,2123.345664,FALSE
03-10-1975 08:00,615.3,0.0134,712.369728,FALSE
04-10-1975 08:00,522.6,0.0152,686.320128,FALSE
05-10-1975 08:00,501.9,0.0166,719.845056,FALSE
06-10-1975 08:00,541.2,0.0519,2426.827392,FALSE
07-10-1975 08:00,613.3,0.0486,2575.271232,FALSE
08-10-1975 08:00,850.5,0.162,11904.2784,FALSE
09-10-1975 08:00,842.3,0.0991,7211.974752,FALSE
10-10-1975 08:00,757.2,0.0448,2930.909184,FALSE
11-10-1975 08:00,557.4,0.0374,1801.160064,FALSE
12-10-1975 08:00,543.4,0.0367,1723.056192,FALSE
13-10-1975 08:00,601.8,0.0382,1986.228864,FALSE
14-10-1975 08:00,603.3,0.0759,3956.296608,FALSE
15-10-1975 08:00,384.4,0.0543,1803.420288,FALSE
16-10-1975 08:00,481.8,0.0879,3659.059008,FALSE
17-10-1975 08:00,378.4,0.0264,863.115264,FALSE
18-10-1975 08:00,679,0.1534,8999.30304,FALSE
19-10-1975 08:00,401.9,0.0647,2246.653152,FALSE
20-10-1975 08:00,383.8,0.0385,1276.67232,FALSE
21-10-1975 08:00,379,0.0234,766.24704,FALSE
22-10-1975 08:00,300,0.014,362.88,FALSE
23-10-1975 08:00,784.1,0.1577,10683.58205,FALSE
24-10-1975 08:00,300.8,0.0726,1886.810112,FALSE
25-10-1975 08:00,822.5,0.0968,6878.9952,FALSE
26-10-1975 08:00,822.2,0.1269,9014.732352,FALSE
27-10-1975 08:00,1050.5,0.4264,38701.42848,FALSE
28-10-1975 08:00,486.1,0.0861,3616.117344,FALSE
29-10-1975 08:00,440.8,0.0852,3244.852224,FALSE
30-10-1975 08:00,319.6,0.0221,610.257024,FALSE
31-10-1975 08:00,469.7,0.0369,1497.478752,FALSE
01-11-1975 08:00,318.8,0.0302,831.838464,FALSE
02-11-1975 08:00,312,0.0288,776.35584,FALSE
03-11-1975 08:00,271.2,0.0138,323.357184,FALSE
04-11-1975 08:00,259.7,0.0119,267.013152,FALSE
05-11-1975 08:00,246.9,0.0212,452.241792,FALSE
06-11-1975 08:00,234.4,0.0054,109.361664,FALSE
07-11-1975 08:00,329.9,0.0216,615.672576,FALSE
08-11-1975 08:00,299.3,0.0504,1303.319808,FALSE
09-11-1975 08:00,200.5,0.0226,391.50432,FALSE
10-11-1975 08:00,177.2,0.012,183.72096,FALSE
11-11-1975 08:00,161,0.0102,141.88608,FALSE
12-11-1975 08:00,150.6,0.0081,105.395904,FALSE
13-11-1975 08:00,156.7,0.0099,134.034912,FALSE
14-11-1975 08:00,154,0.0041,54.55296,FALSE
15-11-1975 08:00,138.8,0.0096,115.126272,FALSE
16-11-1975 08:00,137.2,0.0128,151.732224,FALSE
17-11-1975 08:00,183.7,0.008,126.97344,FALSE
18-11-1975 08:00,148.4,0.0078,100.009728,FALSE
19-11-1975 08:00,143.6,0.0061,75.682944,FALSE
20-11-1975 08:00,128.7,0.0125,138.996,FALSE
21-11-1975 08:00,129.4,0.0107,119.627712,FALSE
22-11-1975 08:00,121.5,0.0193,202.60368,FALSE
23-11-1975 08:00,121.2,0.0225,235.6128,FALSE
24-11-1975 08:00,117.2,0.0212,214.672896,FALSE
25-11-1975 08:00,116.9,0.0122,123.221952,FALSE
26-11-1975 08:00,111.1,0.0125,119.988,FALSE
27-11-1975 08:00,95,0.0117,96.0336,FALSE
28-11-1975 08:00,93.3,0.0037,29.826144,FALSE
29-11-1975 08:00,89.7,0.009,69.75072,FALSE
30-11-1975 08:00,86.7,0.0077,57.679776,FALSE
01-12-1975 08:00,82.5,0.0073,52.0344,FALSE
02-12-1975 08:00,77.3,0.0076,50.758272,FALSE
03-12-1975 08:00,73.3,0.0106,67.131072,FALSE
04-12-1975 08:00,71.1,0.0116,71.259264,FALSE
05-12-1975 08:00,68.3,0.0078,46.028736,FALSE
06-12-1975 08:00,63.8,0.0107,58.981824,FALSE
07-12-1975 08:00,63,0.0103,56.06496,FALSE
08-12-1975 08:00,60.6,0.0101,52.881984,FALSE
09-12-1975 08:00,57.8,0.008,39.95136,FALSE
10-12-1975 08:00,56.1,0.0111,53.802144,FALSE
11-12-1975 08:00,56.6,0.0039,19.071936,FALSE
12-12-1975 08:00,55.8,0.0031,14.945472,FALSE
13-12-1975 08:00,51.9,0.0025,11.2104,FALSE
14-12-1975 08:00,50,0.0042,18.144,FALSE
15-12-1975 08:00,49,0.0045,19.0512,FALSE
16-12-1975 08:00,47.4,0.0066,27.029376,FALSE
17-12-1975 08:00,47.5,0.0032,13.1328,FALSE
18-12-1975 08:00,44.2,0.0113,43.153344,FALSE
19-12-1975 08:00,42.1,0.0091,33.100704,FALSE
20-12-1975 08:00,41.4,0.0078,27.900288,FALSE
21-12-1975 08:00,48.2,0.0061,25.403328,FALSE
22-12-1975 08:00,45.5,0.0074,29.09088,FALSE
23-12-1975 08:00,45.3,0.0082,32.094144,FALSE
24-12-1975 08:00,44.6,0.007,26.97408,FALSE
25-12-1975 08:00,42.9,0.0167,61.899552,FALSE
26-12-1975 08:00,41.8,0.0075,27.0864,FALSE
27-12-1975 08:00,40.4,0.0095,33.16032,FALSE
28-12-1975 08:00,40,0.009,31.104,FALSE
29-12-1975 08:00,39.4,0.0103,35.062848,FALSE
30-12-1975 08:00,39.1,0.01,33.7824,FALSE
31-12-1975 08:00,38.7,0.0108,36.111744,FALSE
01-01-1976 08:00,38.6,0.0129,43.022016,FALSE
02-01-1976 08:00,38.5,0.0114,37.92096,FALSE
03-01-1976 08:00,38.5,0.0087,28.93968,FALSE
04-01-1976 08:00,37.3,0.0121,38.994912,FALSE
05-01-1976 08:00,35.7,0.0088,27.143424,FALSE
06-01-1976 08:00,34.2,0.0105,31.02624,FALSE
07-01-1976 08:00,33.8,0.0106,30.955392,FALSE
08-01-1976 08:00,32.7,0.0131,37.011168,FALSE
09-01-1976 08:00,31.6,0.0143,39.042432,FALSE
10-01-1976 08:00,30.3,0.0103,26.964576,FALSE
11-01-1976 08:00,30.3,0.0126,32.985792,FALSE
12-01-1976 08:00,30,0.0073,18.9216,FALSE
13-01-1976 08:00,29.5,0.0078,19.88064,FALSE
14-01-1976 08:00,29.4,0.0102,25.909632,FALSE
15-01-1976 08:00,28.7,0.0073,18.101664,FALSE
16-01-1976 08:00,27.9,0.0071,17.114976,FALSE
17-01-1976 08:00,27.2,0.0063,14.805504,FALSE
18-01-1976 08:00,26.6,0.0074,17.006976,FALSE
19-01-1976 08:00,25.7,0.0122,27.089856,FALSE
20-01-1976 08:00,25.1,0.0129,27.975456,FALSE
21-01-1976 08:00,25,0.0109,23.544,FALSE
22-01-1976 08:00,24.6,0.0113,24.017472,FALSE
23-01-1976 08:00,23.9,0.0111,22.921056,FALSE
24-01-1976 08:00,23.7,0.0083,16.995744,FALSE
25-01-1976 08:00,23.3,0.0055,11.07216,FALSE
26-01-1976 08:00,22.3,0.0057,10.982304,FALSE
27-01-1976 08:00,21.9,0.0122,23.084352,FALSE
28-01-1976 08:00,21.9,0.0095,17.97552,FALSE
29-01-1976 08:00,20.3,0.0137,24.028704,FALSE
30-01-1976 08:00,19.4,0.0113,18.940608,FALSE
31-01-1976 08:00,18.9,0.0122,19.922112,FALSE
01-02-1976 08:00,18.3,0.012,18.97344,FALSE
02-02-1976 08:00,18.2,0.0102,16.039296,FALSE
03-02-1976 08:00,18.2,0.0121,19.027008,FALSE
04-02-1976 08:00,17.6,0.0085,12.92544,FALSE
05-02-1976 08:00,17.6,0.0079,12.013056,FALSE
06-02-1976 08:00,17.6,0.0085,12.92544,FALSE
07-02-1976 08:00,16.7,0.0069,9.955872,FALSE
08-02-1976 08:00,16.4,0.0085,12.04416,FALSE
09-02-1976 08:00,16.4,0.0078,11.052288,FALSE
10-02-1976 08:00,15.7,0.0096,13.022208,FALSE
11-02-1976 08:00,14.7,0.0094,11.938752,FALSE
12-02-1976 08:00,14.2,0.0106,13.004928,FALSE
13-02-1976 08:00,13.1,0.0124,14.034816,FALSE
14-02-1976 08:00,12.7,0.0109,11.960352,FALSE
15-02-1976 08:00,12.6,0.0101,10.995264,FALSE
16-02-1976 08:00,12,0.0096,9.95328,FALSE
17-02-1976 08:00,12,0.0058,6.01344,FALSE
18-02-1976 08:00,11.5,0.004,3.9744,FALSE
19-02-1976 08:00,11.5,0.007,6.9552,FALSE
20-02-1976 08:00,11.1,0.0052,4.987008,FALSE
21-02-1976 08:00,10.7,0.0108,9.984384,FALSE
22-02-1976 08:00,10.5,0.0165,14.9688,FALSE
23-02-1976 08:00,9.8,0.0165,13.97088,FALSE
24-02-1976 08:00,9.9,0.014,11.97504,FALSE
25-02-1976 08:00,9.2,0.0151,12.002688,FALSE
26-02-1976 08:00,8.7,0.0133,9.997344,FALSE
27-02-1976 08:00,8.3,0.0139,9.967968,FALSE
28-02-1976 08:00,7.8,0.0148,9.974016,FALSE
29-02-1976 08:00,7.6,0.0168,11.031552,FALSE
01-03-1976 08:00,7,0.0182,11.00736,FALSE
02-03-1976 08:00,6.9,0.0168,10.015488,FALSE
03-03-1976 08:00,6.8,0.0136,7.990272,FALSE
04-03-1976 08:00,6.6,0.0105,5.98752,FALSE
05-03-1976 08:00,6.5,0.0125,7.02,FALSE
06-03-1976 08:00,6.7,0.0104,6.020352,FALSE
07-03-1976 08:00,6.6,0.0175,9.9792,FALSE
08-03-1976 08:00,6.4,0.0145,8.01792,FALSE
09-03-1976 08:00,6,0.0116,6.01344,FALSE
10-03-1976 08:00,6.1,0.0095,5.00688,FALSE
11-03-1976 08:00,5.8,0.014,7.01568,FALSE
12-03-1976 08:00,5.6,0.0124,5.999616,FALSE
13-03-1976 08:00,5.6,0.0186,8.999424,FALSE
14-03-1976 08:00,5.3,0.0153,7.006176,FALSE
15-03-1976 08:00,5.1,0.0136,5.992704,FALSE
16-03-1976 08:00,4.7,0.0148,6.009984,FALSE
17-03-1976 08:00,4.5,0.0154,5.98752,FALSE
18-03-1976 08:00,4.4,0.0105,3.99168,FALSE
19-03-1976 08:00,4.3,0.0081,3.009312,FALSE
20-03-1976 08:00,3.9,0.0148,4.987008,FALSE
21-03-1976 08:00,3.8,0.0122,4.005504,FALSE
22-03-1976 08:00,3.7,0.0094,3.004992,FALSE
23-03-1976 08:00,3.5,0.0099,2.99376,FALSE
24-03-1976 08:00,3.3,0.0105,2.99376,FALSE
25-03-1976 08:00,3.2,0.0109,3.013632,FALSE
26-03-1976 08:00,3.1,0.0149,3.990816,FALSE
27-03-1976 08:00,3.2,0.0145,4.00896,FALSE
28-03-1976 08:00,2.9,0.0109,2.731104,FALSE
29-03-1976 08:00,2.9,0.0145,3.63312,FALSE
30-03-1976 08:00,2.8,0.0124,2.999808,FALSE
31-03-1976 08:00,2.8,0.0124,2.999808,FALSE
01-04-1976 08:00,2.8,0.0207,5.007744,FALSE
02-04-1976 08:00,3.2,0.0181,5.004288,FALSE
03-04-1976 08:00,9.6,0.0157,13.022208,FALSE
04-04-1976 08:00,21.7,0.0203,38.060064,FALSE
05-04-1976 08:00,17.2,0.0168,24.966144,FALSE
06-04-1976 08:00,12.2,0.018,18.97344,FALSE
07-04-1976 08:00,14.8,0.0289,36.955008,FALSE
08-04-1976 08:00,13.6,0.0272,31.961088,FALSE
09-04-1976 08:00,12.7,0.0319,35.003232,FALSE
10-04-1976 08:00,13.1,0.0283,32.031072,FALSE
11-04-1976 08:00,13,0.0276,31.00032,FALSE
12-04-1976 08:00,11.8,0.0216,22.021632,FALSE
13-04-1976 08:00,9.2,0.0176,13.989888,FALSE
14-04-1976 08:00,7.9,0.0205,13.99248,FALSE
15-04-1976 08:00,7.3,0.019,11.98368,FALSE
16-04-1976 08:00,6.4,0.0199,11.003904,FALSE
17-04-1976 08:00,5.9,0.0177,9.022752,FALSE
18-04-1976 08:00,6,0.0116,6.01344,FALSE
19-04-1976 08:00,6.6,0.0123,7.013952,FALSE
20-04-1976 08:00,6.9,0.0168,10.015488,FALSE
21-04-1976 08:00,5,0.0116,5.0112,FALSE
22-04-1976 08:00,4.6,0.0201,7.988544,FALSE
23-04-1976 08:00,4.4,0.0184,6.994944,FALSE
24-04-1976 08:00,4.4,0.0132,5.018112,FALSE
26-04-1976 08:00,9.9,0.014,11.97504,FALSE
27-04-1976 08:00,14,0.0124,14.99904,FALSE
28-04-1976 08:00,16.7,0.0256,36.937728,FALSE
29-04-1976 08:00,13.4,0.0121,14.008896,FALSE
30-04-1976 08:00,10.8,0.0139,12.970368,FALSE
01-05-1976 08:00,8.7,0.0173,13.004064,FALSE
03-05-1976 08:00,7.6,0.0228,14.971392,FALSE
04-05-1976 08:00,6,0.0193,10.00512,FALSE
05-05-1976 08:00,4.7,0.0197,7.999776,FALSE
06-05-1976 08:00,3.6,0.0193,6.003072,FALSE
07-05-1976 08:00,3.2,0.0145,4.00896,FALSE
08-05-1976 08:00,2.7,0.0129,3.009312,FALSE
09-05-1976 08:00,2.5,0.0185,3.996,FALSE
10-05-1976 08:00,2.9,0.02,5.0112,FALSE
11-05-1976 08:00,2.7,0.0171,3.989088,FALSE
12-05-1976 08:00,2.5,0.0139,3.0024,FALSE
13-05-1976 08:00,2.4,0.0096,1.990656,FALSE
14-05-1976 08:00,2.6,0.0134,3.010176,FALSE
15-05-1976 08:00,2.5,0.0185,3.996,FALSE
16-05-1976 08:00,2.6,0.0178,3.998592,FALSE
17-05-1976 08:00,3.3,0.0175,4.9896,FALSE
18-05-1976 08:00,3.3,0.0105,2.99376,FALSE
19-05-1976 08:00,3.3,0.0175,4.9896,FALSE
20-05-1976 08:00,3.1,0.0187,5.008608,FALSE
21-05-1976 08:00,2.8,0.0124,2.999808,FALSE
22-05-1976 08:00,2.8,0.0124,2.999808,FALSE
23-05-1976 08:00,2.6,0.0134,3.010176,FALSE
24-05-1976 08:00,2.4,0.0193,4.002048,FALSE
25-05-1976 08:00,2.2,0.0158,3.003264,FALSE
26-05-1976 08:00,2,0.0174,3.00672,FALSE
27-05-1976 08:00,1.9,0.0183,3.004128,FALSE
28-05-1976 08:00,1.7,0.0204,2.996352,FALSE
29-05-1976 08:00,1.8,0.0192,2.985984,FALSE
30-05-1976 08:00,1.9,0.0183,3.004128,FALSE
31-05-1976 08:00,3.8,0.0183,6.008256,FALSE
01-06-1976 08:00,6.1,0.0247,13.017888,FALSE
02-06-1976 08:00,7.1,0.0212,13.004928,FALSE
03-06-1976 08:00,11.5,0.0211,20.96496,FALSE
04-06-1976 08:00,19.7,0.0188,31.999104,FALSE
05-06-1976 08:00,32,0.0253,69.94944,FALSE
06-06-1976 08:00,29.4,0.0342,86.873472,FALSE
07-06-1976 08:00,33.5,0.0263,76.12272,FALSE
08-06-1976 08:00,144.3,0.0588,733.090176,FALSE
09-06-1976 08:00,138.8,0.1633,1958.345856,FALSE
10-06-1976 08:00,87.8,0.0467,354.262464,FALSE
11-06-1976 08:00,64.2,0.0234,129.796992,FALSE
12-06-1976 08:00,46.6,0.0335,134.87904,FALSE
13-06-1976 08:00,37.3,0.0223,71.866656,FALSE
14-06-1976 08:00,31.4,0.0166,45.035136,FALSE
15-06-1976 08:00,27.5,0.0173,41.1048,FALSE
16-06-1976 08:00,23,0.0131,26.03232,FALSE
17-06-1976 08:00,25.6,0.0127,28.090368,FALSE
18-06-1976 08:00,20.4,0.0165,29.08224,FALSE
19-06-1976 08:00,18.9,0.0153,24.984288,FALSE
20-06-1976 08:00,15.9,0.0189,25.964064,FALSE
21-06-1976 08:00,14,0.0149,18.02304,FALSE
22-06-1976 08:00,12.5,0.0167,18.036,FALSE
23-06-1976 08:00,12,0.0135,13.9968,FALSE
24-06-1976 08:00,27.7,0.0585,140.00688,FALSE
25-06-1976 08:00,195.1,0.1021,1721.062944,FALSE
26-06-1976 08:00,311.2,0.2163,5815.805184,FALSE
27-06-1976 08:00,197.6,0.0692,1181.426688,FALSE
28-06-1976 08:00,169.1,0.0584,853.238016,FALSE
29-06-1976 08:00,138.4,0.0321,383.844096,FALSE
30-06-1976 08:00,147.5,0.0321,409.0824,FALSE
01-07-1976 08:00,134.4,0.0628,729.243648,FALSE
02-07-1976 08:00,214.9,0.107,1986.70752,FALSE
03-07-1976 08:00,282.8,0.1355,3310.79616,FALSE
04-07-1976 08:00,321.7,0.0957,2659.970016,FALSE
05-07-1976 08:00,385,0.1314,4370.8896,FALSE
06-07-1976 08:00,443.2,0.1205,4614.24384,FALSE
07-07-1976 08:00,344.5,0.0705,2098.4184,FALSE
08-07-1976 08:00,309.1,0.0849,2267.359776,FALSE
09-07-1976 08:00,478.3,0.0936,3868.031232,FALSE
10-07-1976 08:00,889.6,0.2339,17977.89082,FALSE
11-07-1976 08:00,798,0.1474,10162.81728,FALSE
12-07-1976 08:00,639,0.1608,8877.70368,FALSE
13-07-1976 08:00,667.6,0.0861,4966.303104,FALSE
14-07-1976 08:00,655.3,0.0807,4569.066144,FALSE
15-07-1976 08:00,825.2,0.2511,17902.74701,FALSE
16-07-1976 08:00,763.7,0.0851,5615.211168,FALSE
17-07-1976 08:00,973.8,0.1006,8464.113792,FALSE
18-07-1976 08:00,1184.2,0.1663,17014.96454,FALSE
19-07-1976 08:00,667.1,0.0552,3181.586688,FALSE
20-07-1976 08:00,683.4,0.0561,3312.467136,FALSE
21-07-1976 08:00,679.8,0.0544,3195.168768,FALSE
22-07-1976 08:00,1620,0.1659,23220.6912,FALSE
23-07-1976 08:00,1866.3,0.2812,45343.02758,FALSE
24-07-1976 08:00,3370,0.252,73374.336,FALSE
25-07-1976 08:00,1136.2,0.0705,6920.82144,FALSE
26-07-1976 08:00,814.2,0.046,3235.95648,FALSE
27-07-1976 08:00,1270.3,0.0947,10393.69622,FALSE
28-07-1976 08:00,1758.1,0.0819,12440.5969,FALSE
29-07-1976 08:00,1941.6,0.0952,15970.20365,FALSE
30-07-1976 08:00,2286.6,0.119,23509.90656,FALSE
31-07-1976 08:00,2276.6,0.0965,18981.38016,FALSE
01-08-1976 08:00,2404.8,0.1358,28215.80698,FALSE
02-08-1976 08:00,2112.7,0.088,16063.28064,FALSE
03-08-1976 08:00,2114.5,0.1113,20333.70864,FALSE
04-08-1976 08:00,2979.5,0.1553,39978.69264,FALSE
05-08-1976 08:00,2379.3,0.0898,18460.3225,FALSE
06-08-1976 08:00,2083.9,0.0562,10118.75155,FALSE
07-08-1976 08:00,1334.5,0.0407,4692.74256,FALSE
08-08-1976 08:00,962.2,0.0346,2876.439168,FALSE
09-08-1976 08:00,714.3,0.0322,1987.239744,FALSE
10-08-1976 08:00,662.8,0.0251,1437.374592,FALSE
11-08-1976 08:00,559.9,0.024,1161.00864,FALSE
12-08-1976 08:00,481.8,0.0154,641.063808,FALSE
13-08-1976 08:00,460,0.0095,377.568,FALSE
14-08-1976 08:00,416.6,0.0259,932.250816,FALSE
16-08-1976 08:00,531.1,0.0552,2532.964608,FALSE
17-08-1976 08:00,608.9,0.0838,4408.630848,FALSE
18-08-1976 08:00,595,0.0249,1280.0592,FALSE
19-08-1976 08:00,540.3,0.0559,2609.519328,FALSE
20-08-1976 08:00,535.6,0.0707,3271.701888,FALSE
21-08-1976 08:00,605.6,0.082,4290.55488,FALSE
22-08-1976 08:00,565.4,0.0848,4142.527488,FALSE
23-08-1976 08:00,802,0.1218,8439.86304,FALSE
24-08-1976 08:00,891.5,0.1235,9512.6616,FALSE
25-08-1976 08:00,1457.7,0.292,36776.02176,FALSE
26-08-1976 08:00,1082.7,0.1012,9466.782336,FALSE
27-08-1976 08:00,1056.9,0.1034,9442.090944,FALSE
28-08-1976 08:00,950.1,0.0511,4194.729504,FALSE
30-08-1976 08:00,990.9,0.0278,2380.062528,FALSE
31-08-1976 08:00,1060.4,0.0536,4910.754816,FALSE
01-09-1976 08:00,1355.2,0.1484,17376.04915,FALSE
02-09-1976 08:00,1439.2,0.1361,16923.61037,FALSE
03-09-1976 08:00,1610.9,0.3657,50898.76963,FALSE
04-09-1976 08:00,1502.2,0.1652,21441.32122,FALSE
06-09-1976 08:00,1038.8,0.0356,3195.182592,FALSE
07-09-1976 08:00,653.7,0.0209,1180.425312,FALSE
08-09-1976 08:00,535.2,0.0225,1040.4288,FALSE
09-09-1976 08:00,464.8,0.0185,742.93632,FALSE
10-09-1976 08:00,394.2,0.0225,766.3248,FALSE
11-09-1976 08:00,454.3,0.1105,4337.29296,FALSE
13-09-1976 08:00,506.1,0.1224,5352.189696,FALSE
14-09-1976 08:00,416.8,0.0463,1667.333376,FALSE
15-09-1976 08:00,435.3,0.054,2030.93568,FALSE
16-09-1976 08:00,379.7,0.0273,895.605984,FALSE
17-09-1976 08:00,370.9,0.0062,198.683712,FALSE
18-09-1976 08:00,330.4,0.016,456.74496,FALSE
20-09-1976 08:00,266.2,0.0139,319.695552,FALSE
21-09-1976 08:00,259.6,0.1165,2613.02976,FALSE
22-09-1976 08:00,237.6,0.0116,238.132224,FALSE
23-09-1976 08:00,228.4,0.0081,159.843456,FALSE
24-09-1976 08:00,223.8,0.0186,359.655552,FALSE
25-09-1976 08:00,215.1,0.0104,193.280256,FALSE
27-09-1976 08:00,478.6,0.1111,4594.100544,FALSE
28-09-1976 08:00,320.6,0.0751,2080.257984,FALSE
29-09-1976 08:00,247.6,0.0225,481.3344,FALSE
30-09-1976 08:00,264.6,0.033,754.42752,FALSE
01-10-1976 08:00,252.7,0.0334,729.231552,FALSE
04-10-1976 08:00,244.8,0.0324,685.283328,FALSE
05-10-1976 08:00,240.1,0.0565,1172.07216,FALSE
06-10-1976 08:00,347.6,0.1653,4964.395392,FALSE
07-10-1976 08:00,285.2,0.0714,1759.387392,FALSE
08-10-1976 08:00,168.2,0.0508,738.249984,FALSE
09-10-1976 08:00,213.6,0.0406,749.274624,FALSE
11-10-1976 08:00,138.2,0.0386,460.902528,FALSE
12-10-1976 08:00,132.4,0.0223,255.097728,FALSE
13-10-1976 08:00,126.2,0.0249,271.501632,FALSE
14-10-1976 08:00,109.3,0.0342,322.968384,FALSE
15-10-1976 08:00,103.6,0.0159,142.321536,FALSE
16-10-1976 08:00,103.1,0.0191,170.139744,FALSE
18-10-1976 08:00,108,0.023,214.6176,FALSE
19-10-1976 08:00,116.9,0.0122,123.221952,FALSE
20-10-1976 08:00,189.6,0.0372,609.389568,FALSE
21-10-1976 08:00,128.5,0.03,333.072,FALSE
22-10-1976 08:00,115.2,0.0299,297.603072,FALSE
23-10-1976 08:00,98.6,0.0328,279.424512,FALSE
25-10-1976 08:00,93.7,0.035,283.3488,FALSE
26-10-1976 08:00,89.5,0.0159,122.95152,FALSE
27-10-1976 08:00,83.6,0.018,130.01472,FALSE
28-10-1976 08:00,124.1,0.0323,346.328352,FALSE
29-10-1976 08:00,122.3,0.0855,903.45456,FALSE
30-10-1976 08:00,113.6,0.0413,405.361152,FALSE
01-11-1976 08:00,77.3,0.0247,164.964384,FALSE
02-11-1976 08:00,93.6,0.0359,290.324736,FALSE
03-11-1976 08:00,155.8,0.037,498.06144,FALSE
04-11-1976 08:00,101.9,0.0521,458.696736,FALSE
05-11-1976 08:00,82.8,0.0256,183.140352,FALSE
06-11-1976 08:00,83.9,0.0331,239.940576,FALSE
08-11-1976 08:00,122.4,0.0386,408.208896,FALSE
09-11-1976 08:00,120.3,0.0249,258.808608,FALSE
10-11-1976 08:00,101,0.021,183.2544,FALSE
11-11-1976 08:00,128.5,0.0198,219.82752,FALSE
12-11-1976 08:00,143.9,0.1185,1473.30576,FALSE
13-11-1976 08:00,123.9,0.0792,847.832832,FALSE
15-11-1976 08:00,105.1,0.0799,725.543136,FALSE
16-11-1976 08:00,88.5,0.0267,204.15888,FALSE
17-11-1976 08:00,75.5,0.0384,250.49088,FALSE
18-11-1976 08:00,67.6,0.0256,149.520384,FALSE
19-11-1976 08:00,65.2,0.0073,41.122944,FALSE
20-11-1976 08:00,527,0.1492,6793.49376,FALSE
22-11-1976 08:00,255.8,0.0523,1155.888576,FALSE
23-11-1976 08:00,188.7,0.0568,926.049024,FALSE
24-11-1976 08:00,231.5,0.0679,1358.10864,FALSE
25-11-1976 08:00,142.4,0.036,442.92096,FALSE
26-11-1976 08:00,116.7,0.0305,307.52784,FALSE
27-11-1976 08:00,101.8,0.0335,294.64992,FALSE
29-11-1976 08:00,89.5,0.0298,230.43744,FALSE
30-11-1976 08:00,88.6,0.0314,240.368256,FALSE
01-12-1976 08:00,82.4,0.0185,131.70816,FALSE
02-12-1976 08:00,73.4,0.0061,38.684736,FALSE
03-12-1976 08:00,100.2,0.0439,380.054592,FALSE
04-12-1976 08:00,101.4,0.0219,191.865024,FALSE
06-12-1976 08:00,112.2,0.0499,483.734592,FALSE
07-12-1976 08:00,81.3,0.0282,198.085824,FALSE
08-12-1976 08:00,69.5,0.0215,129.1032,FALSE
09-12-1976 08:00,67.1,0.0269,155.951136,FALSE
10-12-1976 08:00,58.6,0.0288,145.815552,FALSE
11-12-1976 08:00,55.5,0.0163,78.16176,FALSE
13-12-1976 08:00,51.3,0.0133,58.949856,FALSE
14-12-1976 08:00,49.9,0.0199,85.796064,FALSE
15-12-1976 08:00,49,0.0196,82.97856,FALSE
16-12-1976 08:00,43.6,0.0161,60.649344,FALSE
17-12-1976 08:00,45.6,0.0142,55.945728,FALSE
18-12-1976 08:00,43.1,0.007,26.06688,FALSE
19-12-1976 08:00,44.2,0.0092,35.133696,FALSE
20-12-1976 08:00,41.1,0.0152,53.975808,FALSE
21-12-1976 08:00,39.2,0.008,27.09504,FALSE
22-12-1976 08:00,38.3,0.0136,45.004032,FALSE
23-12-1976 08:00,38.1,0.0237,78.016608,FALSE
24-12-1976 08:00,35.4,0.0232,70.958592,FALSE
25-12-1976 08:00,35.2,0.0237,72.078336,FALSE
27-12-1976 08:00,32.7,0.0287,81.085536,FALSE
28-12-1976 08:00,30,0.0069,17.8848,FALSE
29-12-1976 08:00,30.6,0.0064,16.920576,FALSE
30-12-1976 08:00,28.6,0.0057,14.084928,FALSE
31-12-1976 08:00,27.6,0.0092,21.938688,FALSE
03-01-1977 08:00,25.2,0.0096,20.901888,FALSE
04-01-1977 08:00,23.2,0.018,36.08064,FALSE
05-01-1977 08:00,24.3,0.0167,35.061984,FALSE
06-01-1977 08:00,21.8,0.0133,25.050816,FALSE
07-01-1977 08:00,21.9,0.0143,27.057888,FALSE
08-01-1977 08:00,20.4,0.0136,23.970816,FALSE
10-01-1977 08:00,21.9,0.0149,28.193184,FALSE
11-01-1977 08:00,20.5,0.0231,40.91472,FALSE
12-01-1977 08:00,20.2,0.0195,34.03296,FALSE
13-01-1977 08:00,19.1,0.0267,44.061408,FALSE
15-01-1977 08:00,19.9,0.0231,39.717216,FALSE
17-01-1977 08:00,18.4,0.0283,44.990208,FALSE
18-01-1977 08:00,18.1,0.0166,25.959744,FALSE
19-01-1977 08:00,18.6,0.0168,26.998272,FALSE
20-01-1977 08:00,18.1,0.016,25.02144,FALSE
21-01-1977 08:00,18.2,0.0178,27.990144,FALSE
22-01-1977 08:00,18.3,0.0177,27.985824,FALSE
24-01-1977 08:00,16.9,0.0171,24.968736,FALSE
25-01-1977 08:00,17.3,0.0174,26.008128,FALSE
27-01-1977 08:00,15.2,0.019,24.95232,FALSE
28-01-1977 08:00,16.5,0.0168,23.95008,FALSE
29-01-1977 08:00,15,0.017,22.032,FALSE
31-01-1977 08:00,14.6,0.0166,20.939904,FALSE
01-02-1977 08:00,14.5,0.016,20.0448,FALSE
02-02-1977 08:00,14.6,0.0166,20.939904,FALSE
03-02-1977 08:00,12.8,0.0163,18.026496,FALSE
04-02-1977 08:00,12.8,0.0163,18.026496,FALSE
05-02-1977 08:00,12.6,0.0147,16.003008,FALSE
07-02-1977 08:00,11,0.0147,13.97088,FALSE
08-02-1977 08:00,11,0.0147,13.97088,FALSE
09-02-1977 08:00,10.9,0.0149,14.032224,FALSE
10-02-1977 08:00,10.8,0.0129,12.037248,FALSE
11-02-1977 08:00,11.4,0.0132,13.001472,FALSE
12-02-1977 08:00,11.3,0.0133,12.985056,FALSE
14-02-1977 08:00,11,0.0179,17.01216,FALSE
15-02-1977 08:00,11.7,0.0168,16.982784,FALSE
16-02-1977 08:00,10.1,0.0241,21.030624,FALSE
17-02-1977 08:00,8.3,0.0181,12.979872,FALSE
18-02-1977 08:00,8.5,0.0245,17.9928,FALSE
19-02-1977 08:00,8.5,0.0095,6.9768,FALSE
21-02-1977 08:00,40.4,0.016,55.84896,FALSE
22-02-1977 08:00,25.5,0.0372,81.95904,FALSE
23-02-1977 08:00,19.3,0.0456,76.038912,FALSE
24-02-1977 08:00,13.3,0.0531,61.018272,FALSE
25-02-1977 08:00,13.9,0.0491,58.967136,FALSE
26-02-1977 08:00,11.3,0.0399,38.955168,FALSE
28-02-1977 08:00,10.5,0.0198,17.96256,FALSE
01-03-1977 08:00,8.7,0.0412,30.969216,FALSE
02-03-1977 08:00,7.4,0.0266,17.006976,FALSE
03-03-1977 08:00,7.3,0.0206,12.992832,FALSE
04-03-1977 08:00,8.7,0.0213,16.010784,FALSE
05-03-1977 08:00,7,0.0265,16.0272,FALSE
07-03-1977 08:00,6.6,0.0175,9.9792,FALSE
08-03-1977 08:00,6.1,0.0133,7.009632,FALSE
09-03-1977 08:00,6.4,0.0109,6.027264,FALSE
10-03-1977 08:00,5.9,0.0078,3.976128,FALSE
11-03-1977 08:00,5.8,0.014,7.01568,FALSE
12-03-1977 08:00,6,0.0116,6.01344,FALSE
13-03-1977 08:00,4.8,0.0121,5.018112,FALSE
14-03-1977 08:00,5.4,0.015,6.9984,FALSE
15-03-1977 08:00,5.4,0.015,6.9984,FALSE
16-03-1977 08:00,4.5,0.0051,1.98288,FALSE
17-03-1977 08:00,4.3,0.0081,3.009312,FALSE
18-03-1977 08:00,4.2,0.0083,3.011904,FALSE
20-03-1977 08:00,4,0.0174,6.01344,FALSE
21-03-1977 08:00,4.7,0.0074,3.004992,FALSE
22-03-1977 08:00,3.5,0.0165,4.9896,FALSE
23-03-1977 08:00,2.9,0.0279,6.990624,FALSE
24-03-1977 08:00,3.2,0.0253,6.994944,FALSE
25-03-1977 08:00,4,0.0087,3.00672,FALSE
26-03-1977 08:00,3.8,0.0091,2.987712,FALSE
27-03-1977 08:00,4,0.0058,2.00448,FALSE
28-03-1977 08:00,3.6,0.0096,2.985984,FALSE
29-03-1977 08:00,3.8,0.0091,2.987712,FALSE
30-03-1977 08:00,5.7,0.0214,10.539072,FALSE
31-03-1977 08:00,4.9,0.0099,4.191264,FALSE
01-04-1977 08:00,6.1,0.0057,3.004128,FALSE
02-04-1977 08:00,4.6,0.0075,2.9808,FALSE
04-04-1977 08:00,5.4,0.0085,3.96576,FALSE
05-04-1977 08:00,5.5,0.0126,5.98752,FALSE
06-04-1977 08:00,4.7,0.0049,1.989792,FALSE
07-04-1977 08:00,4.8,0.0048,1.990656,FALSE
09-04-1977 08:00,5.5,0,0,TRUE
11-04-1977 08:00,5.4,0.0086,4.012416,FALSE
12-04-1977 08:00,5.6,0.0041,1.983744,FALSE
13-04-1977 08:00,5.4,0.0021,0.979776,FALSE
14-04-1977 08:00,4.1,0.0056,1.983744,FALSE
15-04-1977 08:00,3.9,0.0089,2.998944,FALSE
16-04-1977 08:00,3.5,0.0132,3.99168,FALSE
18-04-1977 08:00,3.5,0.0132,3.99168,FALSE
19-04-1977 08:00,2.8,0.0124,2.999808,FALSE
20-04-1977 08:00,2.7,0.0171,3.989088,FALSE
21-04-1977 08:00,3,0.0116,3.00672,FALSE
22-04-1977 08:00,3.2,0.0109,3.013632,FALSE
23-04-1977 08:00,4,0.055,19.008,FALSE
25-04-1977 08:00,15,0.169,219.024,FALSE
26-04-1977 08:00,10.1,0.063,54.97632,FALSE
27-04-1977 08:00,17.6,0.1269,192.969216,FALSE
28-04-1977 08:00,13.9,0.1099,131.985504,FALSE
29-04-1977 08:00,11.3,0.1209,118.037088,FALSE
30-04-1977 08:00,9.2,0.1019,80.998272,FALSE
02-05-1977 08:00,6.5,0.0908,50.99328,FALSE
04-05-1977 08:00,7.6,0.0609,39.989376,FALSE
05-05-1977 08:00,7.3,0.0539,33.995808,FALSE
06-05-1977 08:00,7.8,0.0445,29.98944,FALSE
07-05-1977 08:00,8,0.0521,36.01152,FALSE
09-05-1977 08:00,8.2,0.0367,26.001216,FALSE
10-05-1977 08:00,9.5,0.0414,33.98112,FALSE
11-05-1977 08:00,9.5,0.0256,21.01248,FALSE
12-05-1977 08:00,12.7,0.031,34.01568,FALSE
13-05-1977 08:00,11.6,0.019,19.04256,FALSE
14-05-1977 08:00,48.1,0.0825,342.8568,FALSE
16-05-1977 08:00,30.4,0.0739,194.102784,FALSE
17-05-1977 08:00,21.2,0.0508,93.049344,FALSE
18-05-1977 08:00,17.1,0.0372,54.960768,FALSE
19-05-1977 08:00,14,0.038,45.9648,FALSE
20-05-1977 08:00,18.4,0.039,62.00064,FALSE
21-05-1977 08:00,27.7,0.0322,77.063616,FALSE
22-05-1977 08:00,24,0.0916,189.94176,FALSE
23-05-1977 08:00,24.7,0.0361,77.040288,FALSE
24-05-1977 08:00,19,0.0768,126.07488,FALSE
25-05-1977 08:00,25.1,0.0922,199.948608,FALSE
26-05-1977 08:00,31.1,0.1176,315.995904,FALSE
27-05-1977 08:00,20.4,0.1208,212.917248,FALSE
28-05-1977 08:00,17.4,0.0858,128.988288,FALSE
29-05-1977 08:00,31.4,0.0398,107.975808,FALSE
30-05-1977 08:00,25.7,0.0518,115.020864,FALSE
31-05-1977 08:00,37.1,0.0321,102.894624,FALSE
01-06-1977 08:00,38.2,0.0345,113.86656,FALSE
02-06-1977 08:00,53.3,0.0319,146.903328,FALSE
03-06-1977 08:00,35,0.0343,103.7232,FALSE
04-06-1977 08:00,24.7,0.0384,81.948672,FALSE
05-06-1977 08:00,32.2,0.0173,48.129984,FALSE
06-06-1977 08:00,36.4,0.0293,92.147328,FALSE
07-06-1977 08:00,40.2,0.0317,110.102976,FALSE
08-06-1977 08:00,39.6,0.0319,109.143936,FALSE
09-06-1977 08:00,73.3,0.0946,599.113152,FALSE
10-06-1977 08:00,83.7,0.1099,794.761632,FALSE
11-06-1977 08:00,167.8,0.0477,691.550784,FALSE
12-06-1977 08:00,179.4,0.0531,823.058496,FALSE
13-06-1977 08:00,214.3,0.1668,3088.388736,FALSE
14-06-1977 08:00,189.7,0.1607,2633.885856,FALSE
15-06-1977 08:00,208.4,0.1835,3304.05696,FALSE
16-06-1977 08:00,351.6,0.1892,5747.563008,FALSE
17-06-1977 08:00,938.4,0.553,44836.00128,FALSE
18-06-1977 08:00,912.9,0.175,13803.048,FALSE
19-06-1977 08:00,635.6,0.0459,2520.637056,FALSE
20-06-1977 08:00,606,0.1574,8241.21216,FALSE
21-06-1977 08:00,1168,0.1386,13986.84672,FALSE
22-06-1977 08:00,1780,0.2245,34526.304,FALSE
23-06-1977 08:00,2186.6,0.196,37028.75904,FALSE
24-06-1977 08:00,1032.4,0.0636,5673.079296,FALSE
25-06-1977 08:00,1106.9,0.0642,6139.841472,FALSE
26-06-1977 08:00,1090.3,0.0578,5444.870976,FALSE
27-06-1977 08:00,919.8,0.0599,4760.296128,FALSE
28-06-1977 08:00,646.5,0.0582,3250.91232,FALSE
29-06-1977 08:00,515.6,0.0458,2040.291072,FALSE
30-06-1977 08:00,793.7,0.0261,1789.825248,FALSE
01-07-1977 08:00,1175,0.1011,10263.672,FALSE
02-07-1977 08:00,849.6,0.0524,3846.445056,FALSE
03-07-1977 08:00,730.4,0.0432,2726.203392,FALSE
04-07-1977 08:00,1003.3,0.0943,8174.406816,FALSE
05-07-1977 08:00,2733.8,0.2592,61223.12294,FALSE
06-07-1977 08:00,2376.7,0.1569,32218.92547,FALSE
07-07-1977 08:00,2255.2,0.1515,29519.66592,FALSE
08-07-1977 08:00,1669.5,0.0907,13083.00336,FALSE
09-07-1977 08:00,1292.7,0.0347,3875.618016,FALSE
10-07-1977 08:00,865.8,0.0585,4376.09952,FALSE
11-07-1977 08:00,1225,0.1189,12584.376,FALSE
12-07-1977 08:00,834.2,0.0593,4274.040384,FALSE
13-07-1977 08:00,664.6,0.0175,1004.8752,FALSE
14-07-1977 08:00,559.6,0.019,918.63936,FALSE
15-07-1977 08:00,724,0.0329,2058.01344,FALSE
16-07-1977 08:00,1020.2,0.0698,6152.540544,FALSE
17-07-1977 08:00,1086.3,0.0779,7311.407328,FALSE
18-07-1977 08:00,1189.9,0.0673,6918.935328,FALSE
19-07-1977 08:00,2037.5,0.0606,10668.024,FALSE
20-07-1977 08:00,1957.1,0.0642,10855.79885,FALSE
21-07-1977 08:00,3859.2,0.0917,30575.9785,FALSE
22-07-1977 08:00,3382.1,0.1037,30302.53373,FALSE
23-07-1977 08:00,2719.8,0.0773,18164.78266,FALSE
24-07-1977 08:00,4541.7,0.1507,59135.11402,FALSE
25-07-1977 08:00,2953.6,0.0734,18731.02234,FALSE
26-07-1977 08:00,3159.5,0.0809,22084.14672,FALSE
27-07-1977 08:00,2279.9,0.0625,12311.46,FALSE
28-07-1977 08:00,1513.8,0.0527,6892.755264,FALSE
29-07-1977 08:00,1394.5,0.0468,5638.68864,FALSE
30-07-1977 08:00,1665.7,0.0581,8361.547488,FALSE
31-07-1977 08:00,1495.1,0.0518,6691.349952,FALSE
01-08-1977 08:00,1373.3,0.04,4746.1248,FALSE
02-08-1977 08:00,1138.5,0.0317,3118.21488,FALSE
03-08-1977 08:00,942.5,0.0395,3216.564,FALSE
04-08-1977 08:00,771.2,0.0254,1692.444672,FALSE
05-08-1977 08:00,856.9,0.0222,1643.602752,FALSE
06-08-1977 08:00,728.4,0.013,818.13888,FALSE
07-08-1977 08:00,675.1,0.014,816.60096,FALSE
08-08-1977 08:00,754.9,0.0235,1532.74896,FALSE
09-08-1977 08:00,875.7,0.0499,3775.457952,FALSE
10-08-1977 08:00,989.2,0.0456,3897.289728,FALSE
11-08-1977 08:00,655.5,0.019,1076.0688,FALSE
12-08-1977 08:00,632.5,0.0156,852.5088,FALSE
13-08-1977 08:00,600.5,0.0352,1826.28864,FALSE
16-08-1977 08:00,1083.2,0.0687,6429.528576,FALSE
17-08-1977 08:00,712.4,0.0467,2874.448512,FALSE
18-08-1977 08:00,485.7,0.0316,1326.077568,FALSE
19-08-1977 08:00,434.9,0.0241,905.566176,FALSE
20-08-1977 08:00,589,0.0632,3216.22272,FALSE
22-08-1977 08:00,542.1,0.0405,1896.91632,FALSE
23-08-1977 08:00,754,0.0962,6267.00672,FALSE
24-08-1977 08:00,1044.9,0.098,8847.37728,FALSE
25-08-1977 08:00,1100.9,0.0864,8218.174464,FALSE
26-08-1977 08:00,984.8,0.0729,6202.821888,FALSE
27-08-1977 08:00,802.3,0.0979,6786.302688,FALSE
29-08-1977 08:00,829.7,0.0536,3842.373888,FALSE
30-08-1977 08:00,718.2,0.0206,1278.281088,FALSE
31-08-1977 08:00,753.3,0.028,1822.38336,FALSE
01-09-1977 08:00,1199,0.147,15228.2592,FALSE
02-09-1977 08:00,1453.5,0.109,13688.4816,FALSE
03-09-1977 08:00,1760.4,0.1083,16472.27405,FALSE
05-09-1977 08:00,1461.5,0.038,4798.3968,FALSE
06-09-1977 08:00,1263.3,0.0399,4355.049888,FALSE
07-09-1977 08:00,1103,0.0446,4250.34432,FALSE
08-09-1977 08:00,809.9,0.0211,1476.480096,FALSE
09-09-1977 08:00,765.8,0.0138,913.078656,FALSE
10-09-1977 08:00,1101.3,0.0511,4862.283552,FALSE
12-09-1977 08:00,773.9,0.0507,3390.053472,FALSE
13-09-1977 08:00,713.7,0.0305,1880.74224,FALSE
14-09-1977 08:00,877.5,0.0441,3343.4856,FALSE
15-09-1977 08:00,710.2,0.038,2331.72864,FALSE
16-09-1977 08:00,464.7,0.0197,790.956576,FALSE
17-09-1977 08:00,432.4,0.0202,754.659072,FALSE
19-09-1977 08:00,357.6,0.0172,531.422208,FALSE
20-09-1977 08:00,363.5,0.0101,317.20464,FALSE
21-09-1977 08:00,382.6,0.0316,1044.589824,FALSE
22-09-1977 08:00,350.6,0.0179,542.223936,FALSE
23-09-1977 08:00,312.5,0.0147,396.9,FALSE
24-09-1977 08:00,307.9,0.0144,383.076864,FALSE
26-09-1977 08:00,287.4,0.0192,476.762112,FALSE
27-09-1977 08:00,388.8,0.0284,954.021888,FALSE
28-09-1977 08:00,653.5,0.0861,4861.41264,FALSE
29-09-1977 08:00,492.5,0.068,2893.536,FALSE
30-09-1977 08:00,339.1,0.0504,1476.631296,FALSE
01-10-1977 08:00,832.8,0.2653,19089.37498,FALSE
03-10-1977 08:00,366.3,0.0148,468.395136,FALSE
04-10-1977 08:00,346.7,0.0173,518.219424,FALSE
05-10-1977 08:00,343.5,0.0196,581.69664,FALSE
06-10-1977 08:00,374.6,0.02,647.3088,FALSE
07-10-1977 08:00,1033,0.1552,13851.78624,FALSE
08-10-1977 08:00,842.4,0.131,9534.62016,FALSE
10-10-1977 08:00,589.8,0.0607,3093.194304,FALSE
11-10-1977 08:00,434.9,0.0321,1206.169056,FALSE
12-10-1977 08:00,367.3,0.0325,1031.3784,FALSE
13-10-1977 08:00,426.7,0.018,663.60384,FALSE
14-10-1977 08:00,426.7,0.0394,1452.555072,FALSE
15-10-1977 08:00,442.7,0.0278,1063.329984,FALSE
17-10-1977 08:00,463.8,0.0563,2256.071616,FALSE
18-10-1977 08:00,460.4,0.0647,2573.672832,FALSE
19-10-1977 08:00,508.4,0.0675,2964.9888,FALSE
22-10-1977 08:00,368.7,0.0157,500.134176,FALSE
24-10-1977 08:00,254.1,0.0105,230.51952,FALSE
25-10-1977 08:00,368.8,0.0156,497.083392,FALSE
26-10-1977 08:00,897.6,0.0269,2086.166016,FALSE
27-10-1977 08:00,397.6,0.0167,573.689088,FALSE
28-10-1977 08:00,307.1,0.0143,379.428192,FALSE
29-10-1977 08:00,249.5,0.0123,265.14864,FALSE
31-10-1977 08:00,229.1,0.0107,211.798368,FALSE
02-11-1977 08:00,366.1,0.0308,974.236032,FALSE
03-11-1977 08:00,377.7,0.0174,567.819072,FALSE
04-11-1977 08:00,259.3,0.0268,600.414336,FALSE
05-11-1977 08:00,368.2,0.0174,553.537152,FALSE
07-11-1977 08:00,241.5,0.0221,461.12976,FALSE
08-11-1977 08:00,359.5,0.0874,2714.71392,FALSE
09-11-1977 08:00,299.7,0.0292,756.107136,FALSE
11-11-1977 08:00,167.2,0.0173,249.917184,FALSE
12-11-1977 08:00,154.5,0.0175,233.604,FALSE
14-11-1977 08:00,159.8,0.0114,157.396608,FALSE
15-11-1977 08:00,160.7,0.0119,165.225312,FALSE
16-11-1977 08:00,215.9,0.0215,401.05584,FALSE
17-11-1977 08:00,145.6,0.0397,499.419648,FALSE
18-11-1977 08:00,150.6,0.0289,376.042176,FALSE
19-11-1977 08:00,116.2,0.0234,234.928512,FALSE
21-11-1977 08:00,120,0.0147,152.4096,FALSE
22-11-1977 08:00,453.9,0.0189,741.200544,FALSE
23-11-1977 08:00,475.7,0.0209,859.000032,FALSE
24-11-1977 08:00,220.3,0.0151,287.412192,FALSE
26-11-1977 08:00,570.2,0.0238,1172.513664,FALSE
28-11-1977 08:00,352.6,0.0604,1840.064256,FALSE
29-11-1977 08:00,245.8,0.0147,312.185664,FALSE
30-11-1977 08:00,207.1,0.0113,202.195872,FALSE
01-12-1977 08:00,146.2,0.0129,162.948672,FALSE
02-12-1977 08:00,132.1,0.0126,143.809344,FALSE
03-12-1977 08:00,121.3,0.0121,126.811872,FALSE
05-12-1977 08:00,109.4,0.0108,102.083328,FALSE
06-12-1977 08:00,110.5,0.0133,126.97776,FALSE
07-12-1977 08:00,104.6,0.0108,97.604352,FALSE
08-12-1977 08:00,99.2,0.0106,90.851328,FALSE
09-12-1977 08:00,92.8,0.0107,85.791744,FALSE
10-12-1977 08:00,88.6,0.0103,78.846912,FALSE
12-12-1977 08:00,78.2,0.0163,110.130624,FALSE
13-12-1977 08:00,71.5,0.0196,121.08096,FALSE
14-12-1977 08:00,69.1,0.0167,99.703008,FALSE
15-12-1977 08:00,66,0.0167,95.23008,FALSE
16-12-1977 08:00,65.2,0.0154,86.752512,FALSE
17-12-1977 08:00,66.7,0.0151,87.019488,FALSE
19-12-1977 08:00,65,0.0139,78.0624,FALSE
20-12-1977 08:00,62.2,0.0147,78.998976,FALSE
21-12-1977 08:00,55.4,0.0123,58.874688,FALSE
22-12-1977 08:00,55.384,0.005,23.925888,FALSE
23-12-1977 08:00,56.112,0.0099,47.99596032,FALSE
24-12-1977 08:00,53.3,0.0048,22.104576,FALSE
26-12-1977 08:00,50,0.0116,50.112,FALSE
27-12-1977 08:00,49.1,0.0092,39.028608,FALSE
28-12-1977 08:00,46.8,0.0067,27.091584,FALSE
29-12-1977 08:00,45,0.0103,40.0464,FALSE
30-12-1977 08:00,45.6,0.0084,33.094656,FALSE
31-12-1977 08:00,44.5,0.0138,53.05824,FALSE
02-01-1978 08:00,42.9,0.0121,44.849376,FALSE
03-01-1978 08:00,40.6,0.0117,41.041728,FALSE
04-01-1978 08:00,39.6,0.0105,35.92512,FALSE
05-01-1978 08:00,39.5,0.0094,32.08032,FALSE
06-01-1978 08:00,37.6,0.0086,27.938304,FALSE
07-01-1978 08:00,35.8,0.0087,26.910144,FALSE
09-01-1978 08:00,34.2,0.0081,23.934528,FALSE
10-01-1978 08:00,33.3,0.0073,21.002976,FALSE
11-01-1978 08:00,32.9,0.0091,25.867296,FALSE
12-01-1978 08:00,32,0.0083,22.94784,FALSE
13-01-1978 08:00,31.7,0.0077,21.089376,FALSE
14-01-1978 08:00,31.5,0.0081,22.04496,FALSE
16-01-1978 08:00,29.2,0.0063,15.894144,FALSE
17-01-1978 08:00,28.9,0.016,39.95136,FALSE
18-01-1978 08:00,28.7,0.0056,13.886208,FALSE
19-01-1978 08:00,27.8,0.0117,28.102464,FALSE
20-01-1978 08:00,26.8,0.0052,12.040704,FALSE
21-01-1978 08:00,26.4,0.0149,33.986304,FALSE
23-01-1978 08:00,25.7,0.005,11.1024,FALSE
24-01-1978 08:00,25.4,0.0073,16.020288,FALSE
25-01-1978 08:00,24.9,0.0037,7.960032,FALSE
27-01-1978 08:00,24.7,0.0103,21.981024,FALSE
28-01-1978 08:00,26.1,0.0111,25.030944,FALSE
30-01-1978 08:00,24.3,0.0048,10.077696,FALSE
31-01-1978 08:00,23.5,0.0222,45.07488,FALSE
01-02-1978 08:00,22.3,0.0151,29.093472,FALSE
02-02-1978 08:00,21.7,0.0133,24.935904,FALSE
03-02-1978 08:00,20.9,0.0127,22.933152,FALSE
04-02-1978 08:00,20.1,0.0109,18.929376,FALSE
06-02-1978 08:00,17.4,0.0113,16.987968,FALSE
07-02-1978 08:00,19.2,0.0102,16.920576,FALSE
08-02-1978 08:00,17.4,0.0085,12.77856,FALSE
09-02-1978 08:00,16.9,0.0123,17.959968,FALSE
10-02-1978 08:00,16.9,0.011,16.06176,FALSE
11-02-1978 08:00,15.6,0.0082,11.052288,FALSE
13-02-1978 08:00,16.3,0.0078,10.984896,FALSE
14-02-1978 08:00,15.8,0.0081,11.057472,FALSE
15-02-1978 08:00,15.4,0.0083,11.043648,FALSE
16-02-1978 08:00,15.2,0.0084,11.031552,FALSE
17-02-1978 08:00,14,0.0074,8.95104,FALSE
18-02-1978 08:00,13.3,0.007,8.04384,FALSE
20-02-1978 08:00,13,0.0071,7.97472,FALSE
21-02-1978 08:00,12.7,0.0073,8.010144,FALSE
22-02-1978 08:00,12.2,0.0066,6.956928,FALSE
23-02-1978 08:00,12.2,0.0066,6.956928,FALSE
24-02-1978 08:00,11.7,0.0066,6.671808,FALSE
25-02-1978 08:00,11.7,0.0069,6.975072,FALSE
27-02-1978 08:00,12.5,0.0065,7.02,FALSE
28-02-1978 08:00,11.7,0.0069,6.975072,FALSE
01-03-1978 08:00,10.6,0.0076,6.960384,FALSE
02-03-1978 08:00,10.2,0.0079,6.962112,FALSE
03-03-1978 08:00,9.6,0.0072,5.971968,FALSE
04-03-1978 08:00,9.2,0.0075,5.9616,FALSE
06-03-1978 08:00,8.7,0.008,6.01344,FALSE
07-03-1978 08:00,8.5,0.0082,6.02208,FALSE
08-03-1978 08:00,8.1,0.0086,6.018624,FALSE
09-03-1978 08:00,8.1,0.0086,6.018624,FALSE
10-03-1978 08:00,8,0.0058,4.00896,FALSE
11-03-1978 08:00,7.5,0.0077,4.9896,FALSE
13-03-1978 08:00,7.6,0.0046,3.020544,FALSE
14-03-1978 08:00,6.9,0.0058,3.457728,FALSE
15-03-1978 08:00,6.7,0.0069,3.994272,FALSE
16-03-1978 08:00,6.2,0.0056,2.999808,FALSE
17-03-1978 08:00,5.9,0.0039,1.988064,FALSE
18-03-1978 08:00,5.7,0.0041,2.019168,FALSE
20-03-1978 08:00,5.7,0.002,0.98496,FALSE
21-03-1978 08:00,4.8,0.0072,2.985984,FALSE
22-03-1978 08:00,5,0.0069,2.9808,FALSE
23-03-1978 08:00,4.7,0.0049,1.989792,FALSE
24-03-1978 08:00,4.8,0.0072,2.985984,FALSE
25-03-1978 08:00,4.9,0.0047,1.989792,FALSE
27-03-1978 08:00,4.9,0.0047,1.989792,FALSE
28-03-1978 08:00,4.9,0.0047,1.989792,FALSE
29-03-1978 08:00,4,0.0058,2.00448,FALSE
30-03-1978 08:00,4,0.0058,2.00448,FALSE
31-03-1978 08:00,4,0.0058,2.00448,FALSE
01-04-1978 08:00,3.1,0.0075,2.0088,FALSE
03-04-1978 08:00,3,0.0077,1.99584,FALSE
04-04-1978 08:00,2.9,0.008,2.00448,FALSE
05-04-1978 08:00,2.9,0.008,2.00448,FALSE
06-04-1978 08:00,2.8,0.0083,2.007936,FALSE
07-04-1978 08:00,2.7,0.0043,1.003104,FALSE
08-04-1978 08:00,2.7,0.0043,1.003104,FALSE
10-04-1978 08:00,2.5,0.0046,0.9936,FALSE
11-04-1978 08:00,2.5,0.0046,0.9936,FALSE
12-04-1978 08:00,4.7,0.0074,3.004992,FALSE
13-04-1978 08:00,10.5,0.0066,5.98752,FALSE
14-04-1978 08:00,9.1,0.014,11.00736,FALSE
15-04-1978 08:00,5.9,0.0039,1.988064,FALSE
17-04-1978 08:00,5.9,0.0078,3.976128,FALSE
18-04-1978 08:00,5.6,0.0062,2.999808,FALSE
19-04-1978 08:00,5.5,0.0063,2.99376,FALSE
20-04-1978 08:00,5.4,0.0064,2.985984,FALSE
22-04-1978 08:00,4,0.0087,3.00672,FALSE
24-04-1978 08:00,3,0.0013,0.33696,FALSE
25-04-1978 08:00,2.5,0.0046,0.9936,FALSE
26-04-1978 08:00,2.4,0.0048,0.995328,FALSE
27-04-1978 08:00,2.5,0.0046,0.9936,FALSE
28-04-1978 08:00,2.4,0.0048,0.995328,FALSE
29-04-1978 08:00,3.3,0.0015,0.42768,FALSE
01-05-1978 08:00,2.6,0.0045,1.01088,FALSE
02-05-1978 08:00,2.6,0.0045,1.01088,FALSE
03-05-1978 08:00,5.3,0.0087,3.983904,FALSE
04-05-1978 08:00,8.7,0.012,9.02016,FALSE
05-05-1978 08:00,9.7,0.0119,9.973152,FALSE
06-05-1978 08:00,9.6,0.0169,14.017536,FALSE
07-05-1978 08:00,8,0.0217,14.99904,FALSE
08-05-1978 08:00,5.9,0.0255,12.99888,FALSE
09-05-1978 08:00,8.2,0.0183,12.965184,FALSE
10-05-1978 08:00,11.9,0.0185,19.02096,FALSE
11-05-1978 08:00,6.5,0.0142,7.97472,FALSE
12-05-1978 08:00,16.5,0.0323,46.04688,FALSE
13-05-1978 08:00,14.7,0.0465,59.05872,FALSE
15-05-1978 08:00,28.8,0.0687,170.947584,FALSE
16-05-1978 08:00,33.2,0.0443,127.073664,FALSE
17-05-1978 08:00,35.7,0.0438,135.100224,FALSE
18-05-1978 08:00,24.9,0.0465,100.03824,FALSE
19-05-1978 08:00,22.6,0.0256,49.987584,FALSE
20-05-1978 08:00,25.8,0.0323,72.000576,FALSE
22-05-1978 08:00,18.9,0.0202,32.985792,FALSE
23-05-1978 08:00,17.1,0.0284,41.959296,FALSE
24-05-1978 08:00,30.7,0.0494,131.032512,FALSE
25-05-1978 08:00,30.9,0.0674,179.941824,FALSE
26-05-1978 08:00,25.2,0.039,84.91392,FALSE
27-05-1978 08:00,29.6,0.0551,140.914944,FALSE
29-05-1978 08:00,76.7,0.0524,347.248512,FALSE
30-05-1978 08:00,144,0.1345,1673.3952,FALSE
31-05-1978 08:00,207.4,0.104,1863.61344,FALSE
01-06-1978 08:00,117,0.0521,526.66848,FALSE
02-06-1978 08:00,416.2,0.3025,10877.8032,FALSE
03-06-1978 08:00,480.4,0.0916,3802.000896,FALSE
05-06-1978 08:00,171.3,0.0499,738.535968,FALSE
06-06-1978 08:00,246.7,0.0385,820.62288,FALSE
07-06-1978 08:00,339,0.037,1083.7152,FALSE
08-06-1978 08:00,292.6,0.0564,1425.828096,FALSE
09-06-1978 08:00,602.8,0.133,6926.89536,FALSE
10-06-1978 08:00,577.9,0.0771,3849.646176,FALSE
12-06-1978 08:00,275.1,0.0372,884.193408,FALSE
13-06-1978 08:00,271.1,0.0386,904.129344,FALSE
14-06-1978 08:00,906.8,0.0618,4841.876736,FALSE
15-06-1978 08:00,1535.8,0.2423,32151.54298,FALSE
16-06-1978 08:00,2341.6,0.2665,53916.74496,FALSE
17-06-1978 08:00,2168,0.3012,56419.33824,FALSE
18-06-1978 08:00,2179.3,0.1932,36377.92166,FALSE
19-06-1978 08:00,1280.4,0.2049,22667.38214,FALSE
20-06-1978 08:00,632.9,0.061,3335.63616,FALSE
21-06-1978 08:00,945.3,0.0835,6819.77232,FALSE
22-06-1978 08:00,1469.9,0.1278,16230.51821,FALSE
23-06-1978 08:00,1468.5,0.1465,18587.6856,FALSE
24-06-1978 08:00,2704,0.3091,72213.67296,FALSE
26-06-1978 08:00,1412,0.2521,30755.39328,FALSE
27-06-1978 08:00,1853.2,0.2612,41822.42458,FALSE
28-06-1978 08:00,1192.2,0.1114,11474.87731,FALSE
29-06-1978 08:00,1135.2,0.1078,10573.16198,FALSE
30-06-1978 08:00,780.2,0.0782,5271.405696,FALSE
01-07-1978 08:00,984.7,0.091,7742.10528,FALSE
03-07-1978 08:00,1127.8,0.0986,9607.773312,FALSE
04-07-1978 08:00,972.3,0.1003,8425.874016,FALSE
05-07-1978 08:00,785.5,0.0744,5049.31968,FALSE
06-07-1978 08:00,970.1,0.0876,7342.337664,FALSE
07-07-1978 08:00,1034.1,0.01,893.4624,FALSE
08-07-1978 08:00,985.1,0.1038,8834.692032,FALSE
10-07-1978 08:00,2155.6,0.2137,39800.30861,FALSE
11-07-1978 08:00,2085.8,0.286,51540.95232,FALSE
12-07-1978 08:00,2726.4,0.3178,74861.27309,FALSE
13-07-1978 08:00,2406.1,0.2873,59725.94659,FALSE
14-07-1978 08:00,3806.2,0.3186,104773.4196,FALSE
15-07-1978 08:00,1357.8,0.0901,10569.98419,FALSE
16-07-1978 08:00,700.4,0.0859,5198.200704,FALSE
17-07-1978 08:00,1328.1,0.1122,12874.70765,FALSE
18-07-1978 08:00,1516.1,0.1507,19740.34973,FALSE
19-07-1978 08:00,982.1,0.0742,6296.125248,FALSE
20-07-1978 08:00,1010.3,0.0741,6468.183072,FALSE
21-07-1978 08:00,1016.2,0.0768,6743.015424,FALSE
22-07-1978 08:00,1311.5,0.1143,12951.74448,FALSE
23-07-1978 08:00,1411.7,0.1722,21003.38554,FALSE
24-07-1978 08:00,1342.4,0.119,13802.01984,FALSE
25-07-1978 08:00,5414.9,0.4018,187981.0692,FALSE
26-07-1978 08:00,5174.7,0.3824,170968.7762,FALSE
27-07-1978 08:00,4662.8,0.3637,146522.3351,FALSE
28-07-1978 08:00,2760.9,0.2284,54482.93798,FALSE
29-07-1978 08:00,2284.5,0.2326,45910.77408,FALSE
30-07-1978 08:00,2397.7,0.2271,47046.32669,FALSE
31-07-1978 08:00,4469.8,0.3237,125009.9361,FALSE
01-08-1978 08:00,2939.2,0.2876,73035.12269,FALSE
02-08-1978 08:00,2365.5,0.2291,46823.27472,FALSE
03-08-1978 08:00,1473.4,0.1654,21055.7111,FALSE
04-08-1978 08:00,1431.1,0.1683,20809.79683,FALSE
05-08-1978 08:00,1322.2,0.1061,12120.66029,FALSE
06-08-1978 08:00,1475.7,0.1107,14114.30314,FALSE
07-08-1978 08:00,1977.4,0.2721,46487.56666,FALSE
08-08-1978 08:00,2350.9,0.2023,41090.72285,FALSE
09-08-1978 08:00,1713.1,0.1965,29084.32656,FALSE
10-08-1978 08:00,2339,0.2157,43590.72672,FALSE
11-08-1978 08:00,1949.4,0.1959,32995.07654,FALSE
12-08-1978 08:00,1961.9,0.1662,28172.25619,FALSE
13-08-1978 08:00,1336.8,0.1197,13825.29254,FALSE
14-08-1978 08:00,1387,0.2154,25812.84672,FALSE
16-08-1978 08:00,2222.5,0.2481,47641.1544,FALSE
17-08-1978 08:00,2780.1,0.2386,57311.8727,FALSE
18-08-1978 08:00,2186,0.1915,36168.6816,FALSE
19-08-1978 08:00,1991.1,0.1856,31928.96102,FALSE
20-08-1978 08:00,4205.1,0.2488,90394.17523,FALSE
21-08-1978 08:00,2334.4,0.2667,53791.29907,FALSE
22-08-1978 08:00,1520.7,0.144,18919.94112,FALSE
23-08-1978 08:00,1638.5,0.2184,30918.10176,FALSE
24-08-1978 08:00,1646.3,0.212,30154.94784,FALSE
25-08-1978 08:00,2808.2,0.1754,42557.03539,FALSE
26-08-1978 08:00,1644.1,0.2025,28765.1736,FALSE
27-08-1978 08:00,1912.1,0.2298,37964.21011,FALSE
28-08-1978 08:00,2956.7,0.2755,70378.92144,FALSE
29-08-1978 08:00,2364,0.2476,50572.20096,FALSE
30-08-1978 08:00,1868.5,0.1967,31754.93328,FALSE
31-08-1978 08:00,1136.6,0.0747,7335.707328,FALSE
01-09-1978 08:00,886.1,0.0776,5940.981504,FALSE
02-09-1978 08:00,794.5,0.0793,5443.53264,FALSE
04-09-1978 08:00,870.4,0.0784,5895.880704,FALSE
05-09-1978 08:00,590.4,0.0832,4244.078592,FALSE
07-09-1978 08:00,618.4,0.0074,395.380224,FALSE
08-09-1978 08:00,567.2,0.0712,3489.232896,FALSE
09-09-1978 08:00,556.9,0.0728,3502.856448,FALSE
11-09-1978 08:00,618,0.0844,4506.55488,FALSE
12-09-1978 08:00,545.3,0.09,4240.2528,FALSE
13-09-1978 08:00,405.1,0.0526,1841.033664,FALSE
14-09-1978 08:00,359.4,0.0679,2108.441664,FALSE
15-09-1978 08:00,437.3,0.0576,2176.284672,FALSE
16-09-1978 08:00,358.9,0.0304,942.672384,FALSE
18-09-1978 08:00,325.9,0.033,929.20608,FALSE
19-09-1978 08:00,338.8,0.0316,925.005312,FALSE
20-09-1978 08:00,592.7,0.0457,2340.264096,FALSE
21-09-1978 08:00,883.8,0.0447,3413.306304,FALSE
22-09-1978 08:00,617.9,0.0406,2167.494336,FALSE
23-09-1978 08:00,439.9,0.048,1824.35328,FALSE
25-09-1978 08:00,467.1,0.0498,2009.800512,FALSE
26-09-1978 08:00,492.9,0.0489,2082.482784,FALSE
27-09-1978 08:00,393.9,0.0371,1262.622816,FALSE
28-09-1978 08:00,362,0.0333,1041.51744,FALSE
29-09-1978 08:00,351.6,0.0297,902.233728,FALSE
30-09-1978 08:00,337,0.0294,856.03392,FALSE
03-10-1978 08:00,258.3,0.0185,412.86672,FALSE
04-10-1978 08:00,249.5,0.0212,457.00416,FALSE
05-10-1978 08:00,231.4,0.0327,653.769792,FALSE
06-10-1978 08:00,189.3,0.0555,907.73136,FALSE
07-10-1978 08:00,188,0.0481,781.29792,FALSE
09-10-1978 08:00,190.4,0.0299,491.871744,FALSE
11-10-1978 08:00,430.2,0.0494,1836.162432,FALSE
12-10-1978 08:00,263,0.0356,808.94592,FALSE
13-10-1978 08:00,155.7,0.0464,624.195072,FALSE
14-10-1978 08:00,183.4,0.0556,881.024256,FALSE
15-10-1978 08:00,180.2,0.046,716.18688,FALSE
16-10-1978 08:00,163.7,0.0342,483.713856,FALSE
17-10-1978 08:00,152,0.0544,714.42432,FALSE
18-10-1978 08:00,153.7,0.0443,588.289824,FALSE
19-10-1978 08:00,288.5,0.1259,3138.23376,FALSE
20-10-1978 08:00,418.9,0.2379,8610.305184,FALSE
21-10-1978 08:00,380.5,0.2036,6693.39072,FALSE
22-10-1978 08:00,191,0.0543,896.08032,FALSE
23-10-1978 08:00,218.7,0.0704,1330.255872,FALSE
24-10-1978 08:00,187.7,0.0394,638.960832,FALSE
25-10-1978 08:00,177.2,0.0482,737.945856,FALSE
26-10-1978 08:00,164.7,0.0108,153.684864,FALSE
27-10-1978 08:00,143.2,0.054,668.11392,FALSE
28-10-1978 08:00,188.3,0.0926,1506.520512,FALSE
31-10-1978 08:00,510.9,0.1837,8108.841312,FALSE
02-11-1978 08:00,170.4,0.1466,2158.327296,FALSE
03-11-1978 08:00,160.9,0.0706,981.464256,FALSE
04-11-1978 08:00,391.8,0.2071,7010.649792,FALSE
06-11-1978 08:00,143,0.0369,455.90688,FALSE
07-11-1978 08:00,130.5,0.0413,465.66576,FALSE
08-11-1978 08:00,127.5,0.0457,503.4312,FALSE
09-11-1978 08:00,139.6,0.0296,357.018624,FALSE
10-11-1978 08:00,128.3,0.0265,293.75568,FALSE
11-11-1978 08:00,131,0.0239,270.50976,FALSE
12-11-1978 08:00,159.9,0.0477,658.992672,FALSE
13-11-1978 08:00,132.7,0.0624,715.433472,FALSE
14-11-1978 08:00,169.2,0.0131,191.507328,FALSE
15-11-1978 08:00,152.7,0.0083,109.504224,FALSE
16-11-1978 08:00,126.9,0.0619,678.681504,FALSE
17-11-1978 08:00,103.4,0.0397,354.670272,FALSE
18-11-1978 08:00,102.5,0.0431,381.6936,FALSE
19-11-1978 08:00,99.5,0.0249,214.06032,FALSE
20-11-1978 08:00,96.3,0.0315,262.09008,FALSE
21-11-1978 08:00,87.6,0.0428,323.937792,FALSE
22-11-1978 08:00,98.2,0.0333,282.533184,FALSE
23-11-1978 08:00,87.2,0.0374,281.774592,FALSE
24-11-1978 08:00,80.4,0.0422,293.144832,FALSE
25-11-1978 08:00,80.7,0.0255,177.79824,FALSE
26-11-1978 08:00,87.1,0.0372,279.946368,FALSE
27-11-1978 08:00,101.9,0.0331,291.417696,FALSE
28-11-1978 08:00,86.4,0.023,171.69408,FALSE
29-11-1978 08:00,85,0.0286,210.0384,FALSE
30-11-1978 08:00,78.4,0.0244,165.279744,FALSE
01-12-1978 08:00,79.3,0.0245,167.86224,FALSE
02-12-1978 08:00,84.4,0.0244,177.928704,FALSE
03-12-1978 08:00,78.7,0.0118,80.236224,FALSE
04-12-1978 08:00,77.7,0.0276,185.286528,FALSE
05-12-1978 08:00,51.8,0.0139,62.209728,FALSE
06-12-1978 08:00,50.8,0.0109,47.841408,FALSE
07-12-1978 08:00,48.8,0.0021,8.854272,FALSE
08-12-1978 08:00,45.3,0.0174,68.102208,FALSE
09-12-1978 08:00,45.4,0.0637,249.867072,FALSE
10-12-1978 08:00,47.1,0.0786,319.857984,FALSE
11-12-1978 08:00,47.3,0.0294,120.149568,FALSE
12-12-1978 08:00,47.4,0.0186,76.173696,FALSE
13-12-1978 08:00,44.5,0.0135,51.9048,FALSE
14-12-1978 08:00,44.1,0.0079,30.100896,FALSE
15-12-1978 08:00,43,0.0059,21.91968,FALSE
16-12-1978 08:00,42,0.008,29.0304,FALSE
17-12-1978 08:00,41.8,0.011,39.72672,FALSE
18-12-1978 08:00,40.5,0.0086,30.09312,FALSE
19-12-1978 08:00,39.2,0.018,60.96384,FALSE
20-12-1978 08:00,39.2,0.0115,38.94912,FALSE
21-12-1978 08:00,38.3,0.0124,41.033088,FALSE
22-12-1978 08:00,36.7,0.0142,45.026496,FALSE
23-12-1978 08:00,34.6,0.0338,101.043072,FALSE
24-12-1978 08:00,36.4,0.0369,116.049024,FALSE
25-12-1978 08:00,34.7,0.0193,57.862944,FALSE
26-12-1978 08:00,32,0.0111,30.68928,FALSE
27-12-1978 08:00,35.2,0.0243,73.903104,FALSE
28-12-1978 08:00,38.6,0.0393,131.067072,FALSE
29-12-1978 08:00,91.2,0.0972,765.904896,FALSE
30-12-1978 08:00,89.5,0.1179,911.69712,FALSE
31-12-1978 08:00,96,0.147,1219.2768,FALSE
01-01-1979 08:00,92.6,0.0419,335.226816,FALSE
02-01-1979 08:00,88.3,0.0426,325.000512,FALSE
03-01-1979 08:00,83.5,0.0213,153.66672,FALSE
04-01-1979 08:00,83.3,0.0253,182.087136,FALSE
05-01-1979 08:00,83.4,0.0137,98.718912,FALSE
06-01-1979 08:00,79,0.0239,163.13184,FALSE
07-01-1979 08:00,70.5,0.023,140.0976,FALSE
08-01-1979 08:00,64.6,0.0263,146.791872,FALSE
09-01-1979 08:00,36.2,0.0256,80.068608,FALSE
10-01-1979 08:00,29.8,0.0283,72.864576,FALSE
11-01-1979 08:00,27.8,0.0237,56.925504,FALSE
12-01-1979 08:00,26.2,0.0159,35.992512,FALSE
13-01-1979 08:00,25.6,0.0118,26.099712,FALSE
14-01-1979 08:00,24,0.0313,64.90368,FALSE
15-01-1979 08:00,22.8,0.0335,65.99232,FALSE
16-01-1979 08:00,22.5,0.0123,23.9112,FALSE
17-01-1979 08:00,20.2,0.0097,16.929216,FALSE
18-01-1979 08:00,20.3,0.0143,25.081056,FALSE
19-01-1979 08:00,22.7,0.0071,13.925088,FALSE
20-01-1979 08:00,22.5,0.0067,13.0248,FALSE
21-01-1979 08:00,22.6,0.0072,14.059008,FALSE
22-01-1979 08:00,21.4,0.0168,31.062528,FALSE
23-01-1979 08:00,22.4,0.0171,33.094656,FALSE
24-01-1979 08:00,20.3,0.0188,32.973696,FALSE
25-01-1979 08:00,19.5,0.0208,35.04384,FALSE
26-01-1979 08:00,18.9,0.0269,43.926624,FALSE
27-01-1979 08:00,18.7,0.0062,10.017216,FALSE
28-01-1979 08:00,18.4,0.0296,47.056896,FALSE
29-01-1979 08:00,17.7,0.0078,11.928384,FALSE
30-01-1979 08:00,15.5,0.0299,40.04208,FALSE
31-01-1979 08:00,15.8,0.0249,33.991488,FALSE
01-02-1979 08:00,15,0.0162,20.9952,FALSE
02-02-1979 08:00,14.5,0.0216,27.06048,FALSE
03-02-1979 08:00,14.2,0.0204,25.028352,FALSE
04-02-1979 08:00,13.7,0.0194,22.963392,FALSE
05-02-1979 08:00,13.3,0.0174,19.994688,FALSE
06-02-1979 08:00,13.4,0.0216,25.007616,FALSE
07-02-1979 08:00,13.1,0.0203,22.976352,FALSE
08-02-1979 08:00,12.9,0.0197,21.956832,FALSE
09-02-1979 08:00,13.7,0.0228,26.987904,FALSE
10-02-1979 08:00,13.2,0.0158,18.019584,FALSE
11-02-1979 08:00,12.7,0.0146,16.020288,FALSE
12-02-1979 08:00,12.3,0.0226,24.017472,FALSE
13-02-1979 08:00,11.7,0.0089,8.996832,FALSE
14-02-1979 08:00,11,0.0116,11.02464,FALSE
15-02-1979 08:00,10.6,0.0076,6.960384,FALSE
16-02-1979 08:00,10.1,0.008,6.98112,FALSE
17-02-1979 08:00,10,0.0093,8.0352,FALSE
18-02-1979 08:00,9.6,0.0109,9.040896,FALSE
19-02-1979 08:00,9.4,0.0123,9.989568,FALSE
20-02-1979 08:00,9,0.0116,9.02016,FALSE
21-02-1979 08:00,9.8,0.0132,11.176704,FALSE
22-02-1979 08:00,9.8,0.0145,12.27744,FALSE
23-02-1979 08:00,9.6,0.0121,10.036224,FALSE
24-02-1979 08:00,9.7,0.0084,7.039872,FALSE
25-02-1979 08:00,9.2,0.0075,5.9616,FALSE
26-02-1979 08:00,8.8,0.0079,6.006528,FALSE
27-02-1979 08:00,9.2,0.0075,5.9616,FALSE
28-02-1979 08:00,8.7,0.008,6.01344,FALSE
01-03-1979 08:00,8.2,0.0113,8.005824,FALSE
02-03-1979 08:00,8,0.0072,4.97664,FALSE
03-03-1979 08:00,7.9,0.0073,4.982688,FALSE
04-03-1979 08:00,8.1,0.0086,6.018624,FALSE
05-03-1979 08:00,8.2,0.0099,7.013952,FALSE
06-03-1979 08:00,7.7,0.009,5.98752,FALSE
07-03-1979 08:00,7.3,0.0079,4.982688,FALSE
08-03-1979 08:00,7.1,0.0082,5.030208,FALSE
09-03-1979 08:00,6.6,0.007,3.99168,FALSE
10-03-1979 08:00,6.3,0.0073,3.973536,FALSE
11-03-1979 08:00,6.7,0.0069,3.994272,FALSE
12-03-1979 08:00,6.5,0.0071,3.98736,FALSE
13-03-1979 08:00,6.5,0.0053,2.97648,FALSE
14-03-1979 08:00,6.4,0.009,4.97664,FALSE
15-03-1979 08:00,6.2,0.0056,2.999808,FALSE
16-03-1979 08:00,5.2,0.0067,3.010176,FALSE
17-03-1979 08:00,5.3,0.0044,2.014848,FALSE
18-03-1979 08:00,4.9,0.0118,4.995648,FALSE
19-03-1979 08:00,4.6,0.0075,2.9808,FALSE
20-03-1979 08:00,4.7,0.0123,4.994784,FALSE
21-03-1979 08:00,4.3,0,0,TRUE
22-03-1979 08:00,4.2,0.0028,1.016064,FALSE
23-03-1979 08:00,4.1,0.0056,1.983744,FALSE
24-03-1979 08:00,4,0.0116,4.00896,FALSE
25-03-1979 08:00,3.9,0.0119,4.009824,FALSE
26-03-1979 08:00,3.6,0.0032,0.995328,FALSE
27-03-1979 08:00,3.6,0.0129,4.012416,FALSE
28-03-1979 08:00,3.4,0.0136,3.995136,FALSE
29-03-1979 08:00,3.3,0.014,3.99168,FALSE
30-03-1979 08:00,3.3,0.0175,4.9896,FALSE
31-03-1979 08:00,3.3,0.0175,4.9896,FALSE
01-04-1979 08:00,3.3,0.007,1.99584,FALSE
02-04-1979 08:00,3.2,0.0072,1.990656,FALSE
03-04-1979 08:00,3.1,0.0075,2.0088,FALSE
04-04-1979 08:00,3,0.0039,1.01088,FALSE
05-04-1979 08:00,2.9,0.004,1.00224,FALSE
06-04-1979 08:00,2.8,0.0041,0.991872,FALSE
07-04-1979 08:00,2.7,0.0086,2.006208,FALSE
08-04-1979 08:00,2.7,0.0043,1.003104,FALSE
09-04-1979 08:00,2.6,0.0045,1.01088,FALSE
10-04-1979 08:00,2.6,0.0045,1.01088,FALSE
11-04-1979 08:00,1.4,0.0083,1.003968,FALSE
12-04-1979 08:00,1.4,0.0083,1.003968,FALSE
13-04-1979 08:00,1.4,0,0,TRUE
14-04-1979 08:00,1.3,0,0,TRUE
15-04-1979 08:00,1.3,0,0,TRUE
16-04-1979 08:00,1.2,0.0096,0.995328,FALSE
17-04-1979 08:00,4.1,0.0056,1.983744,FALSE
18-04-1979 08:00,2.8,0.0041,0.991872,FALSE
19-04-1979 08:00,2.5,0.0046,0.9936,FALSE
20-04-1979 08:00,3.4,0.0034,0.998784,FALSE
21-04-1979 08:00,4.1,0.0085,3.01104,FALSE
23-04-1979 08:00,3.1,0,0,TRUE
24-04-1979 08:00,3.2,0,0,TRUE
25-04-1979 08:00,3.8,0.0061,2.002752,FALSE
26-04-1979 08:00,3.7,0.0063,2.013984,FALSE
27-04-1979 08:00,3,0.0039,1.01088,FALSE
28-04-1979 08:00,5,0.0093,4.0176,FALSE
30-04-1979 08:00,4.7,0.0074,3.004992,FALSE
01-05-1979 08:00,4.1,0.0085,3.01104,FALSE
02-05-1979 08:00,3.6,0.0064,1.990656,FALSE
03-05-1979 08:00,3.5,0.0066,1.99584,FALSE
04-05-1979 08:00,3.3,0.0035,0.99792,FALSE
05-05-1979 08:00,2.9,0.004,1.00224,FALSE
06-05-1979 08:00,2.9,0.004,1.00224,FALSE
07-05-1979 08:00,3.6,0.0064,1.990656,FALSE
08-05-1979 08:00,3.7,0.0063,2.013984,FALSE
09-05-1979 08:00,2.9,0.004,1.00224,FALSE
10-05-1979 08:00,3.7,0.0063,2.013984,FALSE
11-05-1979 08:00,3.6,0.0096,2.985984,FALSE
12-05-1979 08:00,2.9,0.004,1.00224,FALSE
14-05-1979 08:00,6.4,0.0109,6.027264,FALSE
15-05-1979 08:00,8.6,0.0094,6.984576,FALSE
16-05-1979 08:00,9.9,0.0175,14.9688,FALSE
17-05-1979 08:00,7.6,0.0107,7.026048,FALSE
18-05-1979 08:00,6.2,0.0056,2.999808,FALSE
19-05-1979 08:00,5.4,0.0064,2.985984,FALSE
21-05-1979 08:00,4.2,0.0083,3.011904,FALSE
22-05-1979 08:00,3,0.0077,1.99584,FALSE
23-05-1979 08:00,2.8,0.0083,2.007936,FALSE
24-05-1979 08:00,2.5,0.0046,0.9936,FALSE
25-05-1979 08:00,2.4,0.0048,0.995328,FALSE
26-05-1979 08:00,2.2,0.0053,1.007424,FALSE
27-05-1979 08:00,1.7,0.0068,0.998784,FALSE
28-05-1979 08:00,1.8,0.0064,0.995328,FALSE
29-05-1979 08:00,1.8,0.0064,0.995328,FALSE
30-05-1979 08:00,2.4,0.0048,0.995328,FALSE
31-05-1979 08:00,2.3,0.005,0.9936,FALSE
01-06-1979 08:00,2.2,0.0053,1.007424,FALSE
02-06-1979 08:00,3.6,0.0064,1.990656,FALSE
03-06-1979 08:00,5.5,0.0105,4.9896,FALSE
04-06-1979 08:00,5,0.0093,4.0176,FALSE
05-06-1979 08:00,4.4,0.0079,3.003264,FALSE
06-06-1979 08:00,9.2,0.0138,10.969344,FALSE
07-06-1979 08:00,9.3,0.0162,13.017024,FALSE
08-06-1979 08:00,5.8,0.01,5.0112,FALSE
09-06-1979 08:00,4.4,0.0079,3.003264,FALSE
10-06-1979 08:00,3.5,0.0066,1.99584,FALSE
11-06-1979 08:00,3.4,0.0068,1.997568,FALSE
12-06-1979 08:00,3.5,0.0066,1.99584,FALSE
13-06-1979 08:00,3.7,0.0063,2.013984,FALSE
14-06-1979 08:00,3.4,0.0068,1.997568,FALSE
15-06-1979 08:00,5.6,0.0083,4.015872,FALSE
16-06-1979 08:00,17.3,0.008,11.95776,FALSE
18-06-1979 08:00,82.4,0.0676,481.268736,FALSE
19-06-1979 08:00,133.1,0.0809,930.337056,FALSE
20-06-1979 08:00,154.4,0.0933,1244.636928,FALSE
21-06-1979 08:00,208.7,0.0729,1314.509472,FALSE
22-06-1979 08:00,228.6,0.0529,1044.830016,FALSE
23-06-1979 08:00,334,0.0896,2585.64096,FALSE
24-06-1979 08:00,364,0.0984,3094.64064,FALSE
25-06-1979 08:00,1472.9,0.0709,9022.631904,FALSE
26-06-1979 08:00,811.3,0.0852,5972.206464,FALSE
27-06-1979 08:00,1316.5,0.1363,15503.52528,FALSE
28-06-1979 08:00,782.5,0.083,5611.464,FALSE
29-06-1979 08:00,580,0.0581,2911.5072,FALSE
30-06-1979 08:00,510,0.0769,3388.5216,FALSE
01-07-1979 08:00,501.5,0.1054,4566.93984,FALSE
02-07-1979 08:00,828.6,0.193,13817.07072,FALSE
03-07-1979 08:00,1310.3,0.2147,24306.16982,FALSE
04-07-1979 08:00,1190.4,0.0726,7466.950656,FALSE
05-07-1979 08:00,724.4,0.0857,5363.805312,FALSE
06-07-1979 08:00,1037.6,0.1078,9664.123392,FALSE
07-07-1979 08:00,1216.2,0.1186,12462.45005,FALSE
08-07-1979 08:00,1926,0.3436,57177.23904,FALSE
09-07-1979 08:00,2014.8,0.3141,54678.12595,FALSE
10-07-1979 08:00,2184.5,0.2958,55829.52864,FALSE
11-07-1979 08:00,1966.5,0.1853,31483.50768,FALSE
12-07-1979 08:00,1202.3,0.1935,20100.53232,FALSE
13-07-1979 08:00,1149.7,0.1821,18088.73597,FALSE
14-07-1979 08:00,1171,0.1376,13921.59744,FALSE
15-07-1979 08:00,1143.9,0.0712,7036.906752,FALSE
16-07-1979 08:00,918.1,0.072,5711.31648,FALSE
17-07-1979 08:00,795.2,0.07,4809.3696,FALSE
18-07-1979 08:00,500.6,0.055,2378.8512,FALSE
19-07-1979 08:00,575.6,0.0379,1884.836736,FALSE
20-07-1979 08:00,391.7,0.0508,1719.218304,FALSE
21-07-1979 08:00,571,0.0872,4301.95968,FALSE
23-07-1979 08:00,637.2,0.0682,3754.688256,FALSE
24-07-1979 08:00,883.3,0.0622,4746.924864,FALSE
25-07-1979 08:00,654,0.0685,3870.6336,FALSE
26-07-1979 08:00,858.6,0.0577,4280.361408,FALSE
27-07-1979 08:00,710.4,0.048,2946.17088,FALSE
28-07-1979 08:00,843.6,0.0421,3068.544384,FALSE
29-07-1979 08:00,1764,0.1086,16551.68256,FALSE
30-07-1979 08:00,2003.8,0.1871,32392.30867,FALSE
31-07-1979 08:00,2480.2,0.1129,24193.25971,FALSE
01-08-1979 08:00,3510.9,0.2577,78171.17155,FALSE
02-08-1979 08:00,5211.9,0.2953,132975.9996,FALSE
03-08-1979 08:00,4318.4,0.2502,93352.06195,FALSE
04-08-1979 08:00,2936.6,0.2551,64724.54342,FALSE
05-08-1979 08:00,3135.4,0.2451,66397.23706,FALSE
06-08-1979 08:00,3055.8,0.2636,69595.96723,FALSE
07-08-1979 08:00,1975,0.2126,36278.064,FALSE
08-08-1979 08:00,1912.8,0.1731,28607.53075,FALSE
09-08-1979 08:00,1719.8,0.1496,22229.17171,FALSE
10-08-1979 08:00,2365.1,0.2281,46611.01238,FALSE
11-08-1979 08:00,1951.4,0.2161,36434.66746,FALSE
12-08-1979 08:00,1723,0.1523,22672.47456,FALSE
13-08-1979 08:00,1466.7,0.0634,8034.230592,FALSE
14-08-1979 08:00,928,0.0905,7256.2176,FALSE
16-08-1979 08:00,744,0.0641,4120.45056,FALSE
17-08-1979 08:00,640.4,0.0451,2495.408256,FALSE
18-08-1979 08:00,679.3,0.0443,2600.034336,FALSE
19-08-1979 08:00,723.4,0.0712,4450.125312,FALSE
20-08-1979 08:00,738.7,0.069,4403.83392,FALSE
21-08-1979 08:00,705.1,0.0471,2869.362144,FALSE
22-08-1979 08:00,538.7,0.0409,1903.636512,FALSE
23-08-1979 08:00,511.1,0.0403,1779.609312,FALSE
24-08-1979 08:00,481.4,0.0333,1385.045568,FALSE
25-08-1979 08:00,453,0.0431,1686.89952,FALSE
26-08-1979 08:00,428.2,0.0405,1498.35744,FALSE
27-08-1979 08:00,458.1,0.0401,1587.151584,FALSE
28-08-1979 08:00,388.6,0.0415,1393.36416,FALSE
29-08-1979 08:00,387.4,0.0356,1191.580416,FALSE
30-08-1979 08:00,751.4,0.031,2012.54976,FALSE
31-08-1979 08:00,401.6,0.0398,1380.989952,FALSE
01-09-1979 08:00,352.4,0.0345,1050.43392,FALSE
02-09-1979 08:00,407.9,0.0284,1000.888704,FALSE
03-09-1979 08:00,436,0.0274,1032.16896,FALSE
04-09-1979 08:00,389.6,0.0244,821.339136,FALSE
05-09-1979 08:00,385.2,0.0221,735.516288,FALSE
06-09-1979 08:00,290.6,0.0156,391.682304,FALSE
07-09-1979 08:00,249,0.0158,339.91488,FALSE
08-09-1979 08:00,208,0.0167,300.11904,FALSE
09-09-1979 08:00,207.7,0.015,269.1792,FALSE
10-09-1979 08:00,209.1,0.0217,392.037408,FALSE
11-09-1979 08:00,504,0.0486,2116.31616,FALSE
12-09-1979 08:00,252.3,0.0178,388.017216,FALSE
13-09-1979 08:00,227.4,0.0164,322.216704,FALSE
14-09-1979 08:00,217.6,0.0174,327.131136,FALSE
15-09-1979 08:00,274.2,0.0194,459.603072,FALSE
16-09-1979 08:00,301.9,0.0202,526.900032,FALSE
17-09-1979 08:00,558.2,0.0221,1065.849408,FALSE
18-09-1979 08:00,471.6,0.0314,1279.431936,FALSE
19-09-1979 08:00,709.8,0.0291,1784.607552,FALSE
20-09-1979 08:00,486.8,0.0205,862.22016,FALSE
21-09-1979 08:00,277.9,0.0177,424.986912,FALSE
22-09-1979 08:00,236.7,0.0169,345.619872,FALSE
23-09-1979 08:00,233.7,0.0138,278.645184,FALSE
24-09-1979 08:00,488.7,0.0224,945.810432,FALSE
25-09-1979 08:00,528.9,0.0325,1485.1512,FALSE
26-09-1979 08:00,755.8,0.0475,3101.8032,FALSE
27-09-1979 08:00,1136.7,0.0577,5666.767776,FALSE
28-09-1979 08:00,859.6,0.0372,2762.823168,FALSE
29-09-1979 08:00,937.7,0.0392,3175.877376,FALSE
30-09-1979 08:00,542.4,0.0288,1349.664768,FALSE
01-10-1979 08:00,527.1,0.0234,1065.669696,FALSE
02-10-1979 08:00,430,0.0283,1051.4016,FALSE
03-10-1979 08:00,429.3,0.026,964.37952,FALSE
04-10-1979 08:00,382.5,0.0307,1014.5736,FALSE
05-10-1979 08:00,265.5,0.025,573.48,FALSE
06-10-1979 08:00,285.2,0.0233,574.141824,FALSE
07-10-1979 08:00,278.4,0.0242,582.100992,FALSE
08-10-1979 08:00,286.4,0.0242,598.828032,FALSE
09-10-1979 08:00,390.2,0.0313,1055.225664,FALSE
10-10-1979 08:00,541.8,0.0271,1268.592192,FALSE
11-10-1979 08:00,275.1,0.0285,677.40624,FALSE
12-10-1979 08:00,283.1,0.0355,868.32432,FALSE
13-10-1979 08:00,238.2,0.037,761.47776,FALSE
14-10-1979 08:00,225.2,0.0396,770.508288,FALSE
15-10-1979 08:00,228.5,0.0292,576.47808,FALSE
16-10-1979 08:00,359.3,0.0267,828.861984,FALSE
18-10-1979 08:00,168.9,0.0303,442.166688,FALSE
19-10-1979 08:00,167.6,0.032,463.38048,FALSE
20-10-1979 08:00,176.5,0.0283,431.56368,FALSE
21-10-1979 08:00,180.4,0.0212,330.435072,FALSE
22-10-1979 08:00,176.2,0.0178,270.981504,FALSE
23-10-1979 08:00,183.5,0.0223,353.55312,FALSE
24-10-1979 08:00,142.7,0.0301,371.111328,FALSE
25-10-1979 08:00,123,0.03,318.816,FALSE
26-10-1979 08:00,124.4,0.0273,293.424768,FALSE
27-10-1979 08:00,148.5,0.0203,260.45712,FALSE
28-10-1979 08:00,210.5,0.0348,632.91456,FALSE
29-10-1979 08:00,199.7,0.0095,163.91376,FALSE
30-10-1979 08:00,304.3,0.0176,462.730752,FALSE
31-10-1979 08:00,202.1,0.0345,602.41968,FALSE
01-11-1979 08:00,124.7,0.0438,471.904704,FALSE
02-11-1979 08:00,123.7,0.0292,312.080256,FALSE
03-11-1979 08:00,92.6,0.025,200.016,FALSE
05-11-1979 08:00,208,0.046,826.6752,FALSE
06-11-1979 08:00,247.4,0.048,1026.01728,FALSE
07-11-1979 08:00,189.7,0.0307,503.175456,FALSE
08-11-1979 08:00,204.6,0.0343,606.336192,FALSE
09-11-1979 08:00,124,0.0332,355.69152,FALSE
10-11-1979 08:00,106.9,0.0325,300.1752,FALSE
12-11-1979 08:00,104.8,0.038,344.07936,FALSE
13-11-1979 08:00,97.7,0.0517,436.414176,FALSE
14-11-1979 08:00,148.6,0.0143,183.598272,FALSE
15-11-1979 08:00,133.4,0.0256,295.059456,FALSE
16-11-1979 08:00,115.2,0.0332,330.448896,FALSE
17-11-1979 08:00,133.5,0.0727,838.55088,FALSE
19-11-1979 08:00,204.2,0.054,952.71552,FALSE
20-11-1979 08:00,128.8,0.0581,646.555392,FALSE
21-11-1979 08:00,346,0.096,2869.8624,FALSE
22-11-1979 08:00,186.5,0.0447,720.27792,FALSE
23-11-1979 08:00,211.1,0.0383,698.555232,FALSE
24-11-1979 08:00,201.1,0.0473,821.839392,FALSE
26-11-1979 08:00,118.9,0.0459,471.528864,FALSE
27-11-1979 08:00,108.1,0.0483,451.114272,FALSE
28-11-1979 08:00,249.2,0.0347,747.121536,FALSE
29-11-1979 08:00,198.4,0.0321,550.250496,FALSE
30-11-1979 08:00,146.9,0.0333,422.648928,FALSE
01-12-1979 08:00,123.1,0.0324,344.601216,FALSE
02-12-1979 08:00,118.5,0.0325,332.748,FALSE
03-12-1979 08:00,108.7,0.0365,342.79632,FALSE
04-12-1979 08:00,101.7,0.0163,143.226144,FALSE
05-12-1979 08:00,209.9,0.0534,968.428224,FALSE
06-12-1979 08:00,117.7,0.0562,571.513536,FALSE
07-12-1979 08:00,81.4,0.0269,189.186624,FALSE
08-12-1979 08:00,75.1,0.0254,164.811456,FALSE
09-12-1979 08:00,78.4,0.0218,147.667968,FALSE
10-12-1979 08:00,72.2,0.0181,112.909248,FALSE
11-12-1979 08:00,70.2,0.0125,75.816,FALSE
12-12-1979 08:00,69.3,0.0195,116.75664,FALSE
13-12-1979 08:00,68.1,0.024,141.21216,FALSE
14-12-1979 08:00,69.2,0.0341,203.879808,FALSE
15-12-1979 08:00,66.9,0.0211,121.961376,FALSE
16-12-1979 08:00,63.7,0.0243,133.739424,FALSE
17-12-1979 08:00,61,0.0207,109.09728,FALSE
18-12-1979 08:00,56.1,0.0136,65.919744,FALSE
19-12-1979 08:00,55.3,0.017,81.22464,FALSE
20-12-1979 08:00,48,0.0149,61.79328,FALSE
21-12-1979 08:00,47.4,0.0137,56.106432,FALSE
22-12-1979 08:00,41.9,0.0124,44.889984,FALSE
23-12-1979 08:00,42.4,0.0136,49.821696,FALSE
24-12-1979 08:00,35.3,0.0184,56.118528,FALSE
26-12-1979 08:00,38.2,0.0191,63.039168,FALSE
27-12-1979 08:00,37,0.0144,46.03392,FALSE
28-12-1979 08:00,36,0.0193,60.03072,FALSE
29-12-1979 08:00,37,0.0282,90.14976,FALSE
30-12-1979 08:00,36,0.0174,54.12096,FALSE
31-12-1979 08:00,35.2,0.0171,52.005888,FALSE
01-01-1980 08:00,34.2,0.0115,33.98112,FALSE
02-01-1980 08:00,33.4,0.0114,32.897664,FALSE
04-01-1980 08:00,28.9,0.018,44.94528,FALSE
05-01-1980 08:00,27.9,0.0307,74.004192,FALSE
06-01-1980 08:00,28.8,0.0096,23.887872,FALSE
07-01-1980 08:00,28,0.0132,31.93344,FALSE
08-01-1980 08:00,29.4,0.0142,36.070272,FALSE
09-01-1980 08:00,26.3,0.011,24.99552,FALSE
10-01-1980 08:00,26.9,0.0103,23.938848,FALSE
11-01-1980 08:00,26.8,0.0302,69.928704,FALSE
12-01-1980 08:00,25.3,0.01,21.8592,FALSE
14-01-1980 08:00,24.1,0.0091,18.948384,FALSE
15-01-1980 08:00,23,0.0151,30.00672,FALSE
16-01-1980 08:00,22.4,0.016,30.96576,FALSE
17-01-1980 08:00,22.8,0.0096,18.911232,FALSE
18-01-1980 08:00,21.7,0.0192,35.997696,FALSE
19-01-1980 08:00,20.6,0.0191,33.994944,FALSE
20-01-1980 08:00,20.5,0.013,23.0256,FALSE
21-01-1980 08:00,20.3,0.0057,9.997344,FALSE
22-01-1980 08:00,18.8,0.008,12.99456,FALSE
23-01-1980 08:00,18.6,0.0075,12.0528,FALSE
24-01-1980 08:00,18.1,0.0083,12.979872,FALSE
25-01-1980 08:00,18,0.0064,9.95328,FALSE
27-01-1980 08:00,16.8,0.0062,8.999424,FALSE
28-01-1980 08:00,16.3,0.0057,8.027424,FALSE
29-01-1980 08:00,16,0.0043,5.94432,FALSE
30-01-1980 08:00,15.5,0.0037,4.95504,FALSE
31-01-1980 08:00,15.1,0.0038,4.957632,FALSE
01-02-1980 08:00,17,0.0041,6.02208,FALSE
02-02-1980 08:00,15.7,0.0044,5.968512,FALSE
03-02-1980 08:00,15.2,0.0037,4.859136,FALSE
04-02-1980 08:00,15.7,0.0022,2.984256,FALSE
05-02-1980 08:00,15.7,0.0037,5.018976,FALSE
06-02-1980 08:00,16.1,0.0036,5.007744,FALSE
07-02-1980 08:00,15.6,0.0045,6.06528,FALSE
08-02-1980 08:00,14.4,0.0048,5.971968,FALSE
09-02-1980 08:00,14.2,0.0041,5.030208,FALSE
10-02-1980 08:00,13.7,0.0034,4.024512,FALSE
11-02-1980 08:00,13.3,0.0096,11.031552,FALSE
12-02-1980 08:00,12.8,0.009,9.95328,FALSE
13-02-1980 08:00,13.3,0.0096,11.031552,FALSE
14-02-1980 08:00,12.4,0.0093,9.963648,FALSE
15-02-1980 08:00,12.3,0.0085,9.03312,FALSE
18-02-1980 08:00,10.9,0.0096,9.040896,FALSE
19-02-1980 08:00,10.9,0.0096,9.040896,FALSE
20-02-1980 08:00,10.3,0.009,8.00928,FALSE
21-02-1980 08:00,9.8,0.0094,7.959168,FALSE
22-02-1980 08:00,9.2,0.01,7.9488,FALSE
23-02-1980 08:00,8.6,0.0121,8.990784,FALSE
25-02-1980 08:00,8.4,0.0096,6.967296,FALSE
26-02-1980 08:00,8.3,0.0098,7.027776,FALSE
27-02-1980 08:00,7.9,0.0103,7.030368,FALSE
28-02-1980 08:00,7.4,0.0094,6.009984,FALSE
29-02-1980 08:00,7.8,0.0089,5.997888,FALSE
01-03-1980 08:00,7.5,0.0123,7.9704,FALSE
03-03-1980 08:00,7.2,0.0113,7.029504,FALSE
04-03-1980 08:00,7.7,0.0105,6.98544,FALSE
05-03-1980 08:00,7.1,0.0114,6.993216,FALSE
06-03-1980 08:00,7.5,0.0108,6.9984,FALSE
07-03-1980 08:00,7.5,0.0108,6.9984,FALSE
08-03-1980 08:00,7.9,0.0059,4.027104,FALSE
10-03-1980 08:00,7.5,0.0108,6.9984,FALSE
11-03-1980 08:00,7.3,0.0079,4.982688,FALSE
12-03-1980 08:00,7,0.0066,3.99168,FALSE
13-03-1980 08:00,6.9,0.0067,3.994272,FALSE
14-03-1980 08:00,6.4,0.0054,2.985984,FALSE
15-03-1980 08:00,6,0.0058,3.00672,FALSE
16-03-1980 08:00,5.9,0.0059,3.007584,FALSE
17-03-1980 08:00,5.5,0.0063,2.99376,FALSE
18-03-1980 08:00,5.5,0.0063,2.99376,FALSE
19-03-1980 08:00,5.4,0.0086,4.012416,FALSE
20-03-1980 08:00,4.6,0.0101,4.014144,FALSE
21-03-1980 08:00,3.6,0.0032,0.995328,FALSE
22-03-1980 08:00,3.6,0.0032,0.995328,FALSE
23-03-1980 08:00,3.4,0.0034,0.998784,FALSE
24-03-1980 08:00,3.2,0.0036,0.995328,FALSE
25-03-1980 08:00,3,0.0039,1.01088,FALSE
26-03-1980 08:00,3.1,0.0037,0.991008,FALSE
27-03-1980 08:00,3.3,0.0035,0.99792,FALSE
28-03-1980 08:00,3.3,0.0035,0.99792,FALSE
29-03-1980 08:00,3.4,0.0034,0.998784,FALSE
31-03-1980 08:00,3.4,0.0034,0.998784,FALSE
01-04-1980 08:00,3.7,0.0063,2.013984,FALSE
02-04-1980 08:00,3.2,0.0036,0.995328,FALSE
03-04-1980 08:00,3.7,0.0063,2.013984,FALSE
05-04-1980 08:00,3.9,0.0059,1.988064,FALSE
06-04-1980 08:00,10.5,0.0121,10.97712,FALSE
07-04-1980 08:00,6.5,0.0107,6.00912,FALSE
08-04-1980 08:00,6.7,0.0104,6.020352,FALSE
09-04-1980 08:00,6,0.0116,6.01344,FALSE
10-04-1980 08:00,7.8,0.0119,8.019648,FALSE
11-04-1980 08:00,7.2,0.0096,5.971968,FALSE
12-04-1980 08:00,6.3,0.011,5.98752,FALSE
14-04-1980 08:00,10.6,0.0087,7.967808,FALSE
15-04-1980 08:00,10.7,0.0087,8.042976,FALSE
16-04-1980 08:00,10.4,0.0089,7.997184,FALSE
17-04-1980 08:00,9.5,0.0085,6.9768,FALSE
18-04-1980 08:00,12,0.0087,9.02016,FALSE
19-04-1980 08:00,15.9,0.0102,14.012352,FALSE
21-04-1980 08:00,11.9,0.0088,9.047808,FALSE
22-04-1980 08:00,11.6,0.01,10.0224,FALSE
23-04-1980 08:00,11.4,0.0091,8.963136,FALSE
24-04-1980 08:00,11.1,0.0063,6.041952,FALSE
25-04-1980 08:00,9.7,0.0072,6.034176,FALSE
26-04-1980 08:00,8.8,0.0079,6.006528,FALSE
28-04-1980 08:00,18.5,0.0169,27.01296,FALSE
29-04-1980 08:00,23.4,0.1083,218.956608,FALSE
01-05-1980 08:00,28.1,0.1433,347.909472,FALSE
02-05-1980 08:00,36,0.0485,150.8544,FALSE
03-05-1980 08:00,36.9,0.0427,136.134432,FALSE
04-05-1980 08:00,30.5,0.0228,60.08256,FALSE
05-05-1980 08:00,29,0.0227,56.87712,FALSE
06-05-1980 08:00,28.6,0.0494,122.069376,FALSE
07-05-1980 08:00,43.5,0.033,124.0272,FALSE
08-05-1980 08:00,36.2,0.0643,201.109824,FALSE
09-05-1980 08:00,35.7,0.0694,214.062912,FALSE
10-05-1980 08:00,33.7,0.0388,112.973184,FALSE
11-05-1980 08:00,31.4,0.0306,83.016576,FALSE
13-05-1980 08:00,24,0.0289,59.92704,FALSE
14-05-1980 08:00,27.1,0.0252,59.004288,FALSE
15-05-1980 08:00,27.1,0.0231,54.087264,FALSE
16-05-1980 08:00,39.5,0.022,75.0816,FALSE
17-05-1980 08:00,38.2,0.0258,85.152384,FALSE
19-05-1980 08:00,34.4,0.0202,60.037632,FALSE
20-05-1980 08:00,30.3,0.0195,51.04944,FALSE
21-05-1980 08:00,23.9,0.0203,41.918688,FALSE
22-05-1980 08:00,21.2,0.0191,34.985088,FALSE
23-05-1980 08:00,14,0.0165,19.9584,FALSE
24-05-1980 08:00,13.9,0.015,18.0144,FALSE
25-05-1980 08:00,12.2,0.0152,16.022016,FALSE
26-05-1980 08:00,11.4,0.0132,13.001472,FALSE
27-05-1980 08:00,11,0.0126,11.97504,FALSE
28-05-1980 08:00,10.8,0.0139,12.970368,FALSE
29-05-1980 08:00,10.6,0.0175,16.0272,FALSE
30-05-1980 08:00,10.1,0.015,13.0896,FALSE
31-05-1980 08:00,9.7,0.0131,10.978848,FALSE
01-06-1980 08:00,101.8,0.0351,308.722752,FALSE
02-06-1980 08:00,82.1,0.055,390.1392,FALSE
03-06-1980 08:00,71.2,0.0466,286.668288,FALSE
04-06-1980 08:00,65.5,0.0393,222.40656,FALSE
05-06-1980 08:00,191.3,0.0704,1163.593728,FALSE
06-06-1980 08:00,406.6,0.0842,2957.966208,FALSE
07-06-1980 08:00,633.5,0.0744,4072.23936,FALSE
09-06-1980 08:00,477.6,0.0854,3524.000256,FALSE
12-06-1980 08:00,228.8,0.0459,907.365888,FALSE
13-06-1980 08:00,238.6,0.0535,1102.90464,FALSE
14-06-1980 08:00,416.6,0.0544,1958.086656,FALSE
15-06-1980 08:00,470.8,0.0301,1224.381312,FALSE
17-06-1980 08:00,1155.7,0.23,22966.0704,FALSE
20-06-1980 08:00,1712.1,0.1268,18756.94579,FALSE
21-06-1980 08:00,4122,0.1852,65957.27616,FALSE
23-06-1980 08:00,1524.1,0.1513,19923.52291,FALSE
24-06-1980 08:00,1473.8,0.1067,13586.78534,FALSE
25-06-1980 08:00,1063.2,0.099,9094.18752,FALSE
26-06-1980 08:00,1059.4,0.115,10526.1984,FALSE
27-06-1980 08:00,2440.3,0.1555,32785.91856,FALSE
28-06-1980 08:00,1537.7,0.1266,16819.73165,FALSE
29-06-1980 08:00,1049.3,0.1218,11042.32954,FALSE
30-06-1980 08:00,2017.3,0.1509,26301.07325,FALSE
01-07-1980 08:00,4221.8,0.1555,56720.72736,FALSE
02-07-1980 08:00,6601.4,0.1488,84869.71085,FALSE
03-07-1980 08:00,6319.2,0.1455,79439.92704,FALSE
04-07-1980 08:00,3354.3,0.1182,34255.72166,FALSE
05-07-1980 08:00,2155.8,0.1054,19631.92205,FALSE
06-07-1980 08:00,1645.4,0.0956,13590.74074,FALSE
08-07-1980 08:00,3305.6,0.2398,68487.80083,FALSE
09-07-1980 08:00,3629.7,0.13,40768.7904,FALSE
12-07-1980 08:00,1452.7,0.1004,12601.53331,FALSE
13-07-1980 08:00,1464.5,0.1,12653.28,FALSE
14-07-1980 08:00,1622.3,0.0954,13371.90509,FALSE
15-07-1980 08:00,1468.9,0.0984,12488.23526,FALSE
16-07-1980 08:00,1599.9,0.0954,13187.27174,FALSE
17-07-1980 08:00,1640.7,0.0942,13353.46042,FALSE
18-07-1980 08:00,1407.2,0.0396,4814.650368,FALSE
19-07-1980 08:00,1260.5,0.0407,4432.52304,FALSE
20-07-1980 08:00,1390.4,0.1128,13550.72717,FALSE
21-07-1980 08:00,1816.5,0.1514,23761.56384,FALSE
22-07-1980 08:00,1656.8,0.0997,14271.80774,FALSE
25-07-1980 08:00,1587.8,0.1305,17902.76256,FALSE
28-07-1980 08:00,2639,0.0545,12426.5232,FALSE
29-07-1980 08:00,2116.7,0.0408,7461.621504,FALSE
30-07-1980 08:00,1642.5,0.0453,6428.6136,FALSE
31-07-1980 08:00,1626,0.049,6883.8336,FALSE
02-08-1980 08:00,1444.2,0.034,4242.48192,FALSE
04-08-1980 08:00,1536.1,0.1115,14798.17296,FALSE
05-08-1980 08:00,1648.5,0.397,56544.8688,FALSE
07-08-1980 08:00,1141.6,0.074,7298.93376,FALSE
08-08-1980 08:00,1183.5,0.059,6033.0096,FALSE
09-08-1980 08:00,989.7,0.0432,3694.035456,FALSE
10-08-1980 08:00,882.3,0.0345,2629.95984,FALSE
11-08-1980 08:00,2089.9,0.0514,9281.162304,FALSE
16-08-1980 08:00,1608.1,0.1152,16005.86957,FALSE
17-08-1980 08:00,1733.1,0.0935,14000.67504,FALSE
19-08-1980 08:00,1658.9,0.0929,13315.26038,FALSE
20-08-1980 08:00,1364.8,0.0511,6025.646592,FALSE
21-08-1980 08:00,1711.7,0.0657,9716.430816,FALSE
22-08-1980 08:00,1826.7,0.0719,11347.75267,FALSE
23-08-1980 08:00,1639.8,0.0759,10753.41485,FALSE
24-08-1980 08:00,1311.6,0.0709,8034.546816,FALSE
26-08-1980 08:00,1455.5,0.0787,9896.93424,FALSE
27-08-1980 08:00,1664.9,0.0808,11622.86669,FALSE
31-08-1980 08:00,1737.7,0.0739,11095.14499,FALSE
01-09-1980 16:30,1571.1,0.0709,9624.181536,FALSE
03-09-1980 08:00,838,0.0517,3743.24544,FALSE
04-09-1980 08:00,1720.3,0.067,9958.47264,FALSE
05-09-1980 08:00,1058.4,0.0466,4261.372416,FALSE
06-09-1980 08:00,1157.3,0.059,5899.45248,FALSE
07-09-1980 08:00,961.9,0.0468,3889.461888,FALSE
08-09-1980 08:00,832.1,0.0456,3278.340864,FALSE
09-09-1980 08:00,880.4,0.0447,3400.175232,FALSE
10-09-1980 08:00,697.5,0.0433,2609.4312,FALSE
11-09-1980 08:00,577.9,0.0446,2226.902976,FALSE
12-09-1980 08:00,489.8,0.0389,1646.198208,FALSE
13-09-1980 08:00,456.6,0.0319,1258.462656,FALSE
14-09-1980 08:00,419.9,0.0331,1200.846816,FALSE
17-09-1980 08:00,376,0.091,2956.2624,FALSE
18-09-1980 08:00,355.5,0.0504,1548.04608,FALSE
19-09-1980 08:00,347.7,0.0511,1535.109408,FALSE
20-09-1980 08:00,347.2,0.0675,2024.8704,FALSE
21-09-1980 08:00,386.2,0.0386,1287.992448,FALSE
22-09-1980 08:00,427.9,0.0543,2007.501408,FALSE
23-09-1980 08:00,654.1,0.0314,1774.547136,FALSE
24-09-1980 08:00,473.9,0.0748,3062.683008,FALSE
25-09-1980 08:00,366.2,0.0365,1154.84832,FALSE
26-09-1980 08:00,421,0.0366,1331.30304,FALSE
27-09-1980 08:00,325,0.0449,1260.792,FALSE
28-09-1980 08:00,315.2,0.0369,1004.908032,FALSE
29-09-1980 08:00,711,0.1068,6560.76672,FALSE
30-09-1980 08:00,668.7,0.1095,6326.43696,FALSE
01-10-1980 08:00,829.6,0.0673,4823.891712,FALSE
02-10-1980 08:00,832.3,0.0986,7090.396992,FALSE
03-10-1980 08:00,892,0.1089,8392.79232,FALSE
04-10-1980 08:00,440.4,0.0481,1830.231936,FALSE
05-10-1980 08:00,366.5,0.0151,478.15056,FALSE
06-10-1980 08:00,330.3,0.0168,479.437056,FALSE
07-10-1980 11:00,317.6,0.0545,1495.51488,FALSE
08-10-1980 10:00,248.4,0.0563,1208.297088,FALSE
09-10-1980 10:00,262.2,0.0236,534.636288,FALSE
10-10-1980 08:00,358.7,0.1575,4881.1896,FALSE
11-10-1980 08:00,486.1,0.0991,4162.104864,FALSE
12-10-1980 08:00,664.8,0.0411,2360.731392,FALSE
13-10-1980 08:00,346.7,0.0396,1186.213248,FALSE
14-10-1980 08:00,269.5,0.0725,1688.148,FALSE
15-10-1980 08:00,258.5,0.0708,1581.27552,FALSE
16-10-1980 08:00,276.8,0.0546,1305.787392,FALSE
17-10-1980 08:00,238.1,0.0501,1030.649184,FALSE
18-10-1980 08:00,221.2,0.0567,1083.632256,FALSE
19-10-1980 08:00,275.7,0.059,1405.40832,FALSE
20-10-1980 08:00,309.3,0.0502,1341.520704,FALSE
21-10-1980 08:00,215.3,0.0478,889.171776,FALSE
22-10-1980 08:00,232.1,0.0143,286.764192,FALSE
23-10-1980 08:00,347.9,0.0539,1620.156384,FALSE
24-10-1980 08:00,543.5,0.0533,2502.88272,FALSE
25-10-1980 08:00,270.1,0.0909,2121.300576,FALSE
26-10-1980 08:00,207.1,0.0677,1211.385888,FALSE
27-10-1980 08:00,253.3,0.0294,643.422528,FALSE
01-11-1980 08:00,123.2,0.006,63.86688,FALSE
02-11-1980 08:00,114.4,0.0102,100.818432,FALSE
03-11-1980 08:00,116.5,0.008,80.5248,FALSE
04-11-1980 08:00,113.2,0.0116,113.453568,FALSE
05-11-1980 08:00,131.4,0.064,726.58944,FALSE
06-11-1980 08:00,167.7,0.0103,149.239584,FALSE
07-11-1980 08:00,153.1,0.0101,133.601184,FALSE
08-11-1980 08:00,182.2,0.0066,103.897728,FALSE
09-11-1980 08:00,183.8,0.0149,236.616768,FALSE
10-11-1980 08:00,129.3,0.0151,168.689952,FALSE
11-11-1980 08:00,112.4,0.0139,134.987904,FALSE
12-11-1980 08:00,115.8,0.043,430.22016,FALSE
13-11-1980 08:00,114.4,0.0154,152.216064,FALSE
14-11-1980 08:00,129,0.0215,239.6304,FALSE
15-11-1980 08:00,179.1,0.0482,745.858368,FALSE
16-11-1980 08:00,350,0.097,2933.28,FALSE
17-11-1980 08:00,221.9,0.0317,607.757472,FALSE
18-11-1980 08:00,280.2,0.0284,687.543552,FALSE
19-11-1980 08:00,192.1,0.0352,584.229888,FALSE
20-11-1980 08:00,288,0.0235,584.7552,FALSE
21-11-1980 08:00,162.1,0.0476,666.658944,FALSE
22-11-1980 08:00,153.1,0.0431,570.119904,FALSE
23-11-1980 08:00,139.7,0.0331,399.519648,FALSE
24-11-1980 08:00,139.5,0.0403,485.72784,FALSE
25-11-1980 08:00,116,0.0393,393.88032,FALSE
26-11-1980 08:00,127.9,0.0276,304.995456,FALSE
27-11-1980 08:00,121.2,0.0297,311.008896,FALSE
28-11-1980 08:00,111.6,0.0282,271.911168,FALSE
29-11-1980 08:00,107,0.0278,257.00544,FALSE
30-11-1980 08:00,103.9,0.0266,238.787136,FALSE
01-12-1980 08:00,102.8,0.0243,215.830656,FALSE
02-12-1980 08:00,100.6,0.0242,210.342528,FALSE
03-12-1980 08:00,98.5,0.0234,199.14336,FALSE
04-12-1980 08:00,95,0.0241,197.8128,FALSE
05-12-1980 08:00,91.2,0.0279,219.843072,FALSE
06-12-1980 08:00,88.4,0.0246,187.888896,FALSE
07-12-1980 08:00,84.5,0.0234,170.83872,FALSE
08-12-1980 08:00,82.6,0.0252,179.843328,FALSE
09-12-1980 08:00,81.8,0.0272,192.236544,FALSE
14-12-1980 08:00,55.5,0.01,47.952,FALSE
15-12-1980 08:00,52.6,0.0086,39.083904,FALSE
16-12-1980 08:00,40.3,0.0063,21.936096,FALSE
17-12-1980 08:00,38.6,0.006,20.01024,FALSE
18-12-1980 08:00,39.4,0.0053,18.042048,FALSE
19-12-1980 08:00,38.3,0.0057,18.861984,FALSE
20-12-1980 08:00,36.6,0.0047,14.862528,FALSE
21-12-1980 08:00,36.1,0.0058,18.090432,FALSE
22-12-1980 08:00,36.4,0.0057,17.926272,FALSE
23-12-1980 08:00,35.1,0.0056,16.982784,FALSE
24-12-1980 08:00,35,0.0053,16.0272,FALSE
25-12-1980 08:00,35.2,0.0049,14.902272,FALSE
26-12-1980 08:00,34.5,0.0044,13.11552,FALSE
27-12-1980 08:00,32.8,0.0039,11.052288,FALSE
29-12-1980 08:00,34.5,0.0047,14.00976,FALSE
30-12-1980 08:00,32.1,0.0043,11.925792,FALSE
31-12-1980 08:00,31.2,0.0045,12.13056,FALSE
01-01-1981 08:00,29.9,0.0167,43.142112,FALSE
02-01-1981 08:00,28.2,0.0078,19.004544,FALSE
03-01-1981 08:00,27.5,0.0092,21.8592,FALSE
05-01-1981 08:00,26.5,0.0096,21.98016,FALSE
06-01-1981 08:00,26.2,0.0084,19.014912,FALSE
07-01-1981 08:00,25.1,0.0212,45.975168,FALSE
08-01-1981 08:00,24.1,0.0082,17.074368,FALSE
09-01-1981 08:00,23.6,0.008,16.31232,FALSE
10-01-1981 08:00,22.6,0.0205,40.02912,FALSE
11-01-1981 08:00,22.1,0.0162,30.932928,FALSE
12-01-1981 08:00,21.5,0.0215,39.9384,FALSE
13-01-1981 08:00,21,0.0155,28.1232,FALSE
14-01-1981 08:00,21,0.0077,13.97088,FALSE
15-01-1981 08:00,20.8,0.0084,15.095808,FALSE
16-01-1981 08:00,20.7,0.0044,7.869312,FALSE
17-01-1981 08:00,20.3,0.0057,9.997344,FALSE
18-01-1981 08:00,19.9,0.0057,9.800352,FALSE
19-01-1981 08:00,19.5,0.0059,9.94032,FALSE
20-01-1981 08:00,19.4,0.0071,11.900736,FALSE
21-01-1981 08:00,19.1,0.0073,12.046752,FALSE
22-01-1981 08:00,18.9,0.0086,14.043456,FALSE
23-01-1981 08:00,18.4,0.0082,13.036032,FALSE
24-01-1981 08:00,18.7,0.0081,13.087008,FALSE
25-01-1981 08:00,18.1,0.0086,13.449024,FALSE
27-01-1981 08:00,17.3,0.0079,11.808288,FALSE
28-01-1981 08:00,17.1,0.0088,13.001472,FALSE
29-01-1981 08:00,17,0.0156,22.91328,FALSE
30-01-1981 08:00,16.7,0.009,12.98592,FALSE
31-01-1981 08:00,13.7,0.0119,14.085792,FALSE
01-02-1981 08:00,13.3,0.0076,8.733312,FALSE
02-02-1981 08:00,13.3,0.008,9.19296,FALSE
03-02-1981 08:00,12.9,0.0072,8.024832,FALSE
04-02-1981 08:00,12.8,0.0009,0.995328,FALSE
05-02-1981 08:00,11.9,0.0054,5.552064,FALSE
06-02-1981 08:00,11.4,0.0033,3.250368,FALSE
07-02-1981 08:00,11.1,0.0021,2.013984,FALSE
08-02-1981 08:00,10.5,0.002,1.8144,FALSE
09-02-1981 08:00,11.8,0.0024,2.446848,FALSE
10-02-1981 08:00,11.9,0.0028,2.878848,FALSE
11-02-1981 08:00,11.6,0.003,3.00672,FALSE
12-02-1981 08:00,11.2,0.0035,3.38688,FALSE
13-02-1981 08:00,11.2,0.0034,3.290112,FALSE
14-02-1981 08:00,10.4,0.0028,2.515968,FALSE
16-02-1981 08:00,10.7,0.0032,2.958336,FALSE
17-02-1981 08:00,10.8,0.003,2.79936,FALSE
18-02-1981 08:00,10.3,0.0038,3.381696,FALSE
19-02-1981 08:00,10.3,0.0036,3.203712,FALSE
20-02-1981 08:00,10,0.004,3.456,FALSE
21-02-1981 08:00,9.7,0.0196,16.426368,FALSE
23-02-1981 08:00,6.5,0.0182,10.22112,FALSE
24-02-1981 08:00,7.1,0.0268,16.440192,FALSE
25-02-1981 08:00,6.9,0.0285,16.99056,FALSE
26-02-1981 08:00,6.9,0.0237,14.128992,FALSE
27-02-1981 08:00,6.8,0.0188,11.045376,FALSE
28-02-1981 08:00,6.8,0.007,4.11264,FALSE
02-03-1981 08:00,5.7,0.0174,8.569152,FALSE
03-03-1981 08:00,5.4,0.0269,12.550464,FALSE
05-03-1981 08:00,5.3,0.0324,14.836608,FALSE
06-03-1981 08:00,5.2,0.038,17.07264,FALSE
07-03-1981 08:00,5.1,0.025,11.016,FALSE
09-03-1981 08:00,3.9,0.0393,13.242528,FALSE
10-03-1981 08:00,3.9,0.0134,4.515264,FALSE
11-03-1981 08:00,3.8,0.0203,6.664896,FALSE
12-03-1981 08:00,3.9,0.0166,5.593536,FALSE
13-03-1981 08:00,3.8,0.0251,8.240832,FALSE
14-03-1981 08:00,3.7,0.0148,4.731264,FALSE
16-03-1981 08:00,3.5,0.0249,7.52976,FALSE
17-03-1981 08:00,3.3,0.0157,4.476384,FALSE
18-03-1981 08:00,5.1,0.0296,13.042944,FALSE
19-03-1981 08:00,6.2,0.0281,15.052608,FALSE
20-03-1981 08:00,5.6,0.033,15.96672,FALSE
21-03-1981 08:00,5.4,0.0279,13.017024,FALSE
23-03-1981 08:00,3.8,0.0273,8.963136,FALSE
24-03-1981 08:00,3.7,0.0099,3.164832,FALSE
25-03-1981 08:00,3.7,0.0225,7.1928,FALSE
26-03-1981 08:00,3.7,0.0262,8.375616,FALSE
27-03-1981 08:00,3.7,0.0134,4.283712,FALSE
28-03-1981 08:00,3.4,0.0331,9.723456,FALSE
29-03-1981 08:00,3.5,0.0222,6.71328,FALSE
30-03-1981 08:00,3.1,0.0243,6.508512,FALSE
31-03-1981 08:00,2.4,0.0166,3.442176,FALSE
01-04-1981 08:00,2.3,0.0272,5.405184,FALSE
02-04-1981 08:00,1.9,0.0331,5.433696,FALSE
03-04-1981 08:00,1.8,0.0314,4.883328,FALSE
04-04-1981 08:00,1.9,0.0218,3.578688,FALSE
05-04-1981 08:00,1.9,0.017,2.79072,FALSE
06-04-1981 08:00,1.9,0.0165,2.70864,FALSE
07-04-1981 08:00,1.9,0.0176,2.889216,FALSE
08-04-1981 08:00,1.3,0.023,2.58336,FALSE
09-04-1981 08:00,1.3,0.0263,2.954016,FALSE
10-04-1981 08:00,1.3,0.0208,2.336256,FALSE
11-04-1981 08:00,1.3,0.0187,2.100384,FALSE
12-04-1981 08:00,1.3,0.0191,2.145312,FALSE
13-04-1981 08:00,1.3,0.0196,2.201472,FALSE
15-04-1981 08:00,1.2,0.0192,1.990656,FALSE
16-04-1981 08:00,1.2,0.02,2.0736,FALSE
18-04-1981 08:00,1.3,0.0216,2.426112,FALSE
20-04-1981 08:00,1,0.0273,2.35872,FALSE
21-04-1981 08:00,1,0.015,1.296,FALSE
22-04-1981 08:00,1,0.0104,0.89856,FALSE
23-04-1981 08:00,1,0.0094,0.81216,FALSE
24-04-1981 08:00,1,0.017,1.4688,FALSE
25-04-1981 08:00,1,0.0095,0.8208,FALSE
27-04-1981 08:00,1.2,0.0191,1.980288,FALSE
28-04-1981 08:00,4.8,0.0224,9.289728,FALSE
29-04-1981 08:00,4.2,0.0188,6.822144,FALSE
30-04-1981 08:00,4.2,0.0368,13.353984,FALSE
01-05-1981 08:00,7.1,0.0207,12.698208,FALSE
02-05-1981 08:00,9,0.0219,17.02944,FALSE
04-05-1981 08:00,13.9,0.0139,16.693344,FALSE
05-05-1981 08:00,9.8,0.0081,6.858432,FALSE
07-05-1981 08:00,45,0.0608,236.3904,FALSE
08-05-1981 08:00,17.7,0.0584,89.309952,FALSE
09-05-1981 08:00,13.1,0.0752,85.114368,FALSE
11-05-1981 08:00,14.5,0.0459,57.50352,FALSE
12-05-1981 08:00,17.5,0.0512,77.4144,FALSE
13-05-1981 08:00,13.1,0.0511,57.837024,FALSE
14-05-1981 08:00,8,0.0415,28.6848,FALSE
15-05-1981 08:00,6.6,0.0242,13.799808,FALSE
16-05-1981 08:00,5.5,0.0518,24.61536,FALSE
20-05-1981 08:00,4.8,0.0092,3.815424,FALSE
21-05-1981 08:00,4.8,0.0086,3.566592,FALSE
22-05-1981 08:00,4.8,0.0176,7.299072,FALSE
23-05-1981 08:00,4.7,0.0067,2.720736,FALSE
25-05-1981 08:00,3.8,0.0541,17.762112,FALSE
26-05-1981 08:00,3.1,0.0136,3.642624,FALSE
27-05-1981 08:00,2.9,0.0173,4.334688,FALSE
28-05-1981 08:00,2.8,0.0148,3.580416,FALSE
29-05-1981 08:00,2.7,0.0154,3.592512,FALSE
30-05-1981 08:00,4,0.0199,6.87744,FALSE
31-05-1981 08:00,5.2,0.0186,8.356608,FALSE
01-06-1981 08:00,28.1,0.0308,74.777472,FALSE
02-06-1981 08:00,28.9,0.024,59.92704,FALSE
03-06-1981 08:00,110.9,0.0545,522.20592,FALSE
04-06-1981 08:00,157.5,0.0451,613.7208,FALSE
05-06-1981 08:00,236.6,0.0708,1447.310592,FALSE
06-06-1981 08:00,321.5,0.076,2111.0976,FALSE
07-06-1981 08:00,177.8,0.0697,1070.725824,FALSE
08-06-1981 08:00,145.6,0.0503,632.765952,FALSE
09-06-1981 08:00,183,0.0406,641.93472,FALSE
10-06-1981 08:00,106.7,0.0345,318.05136,FALSE
11-06-1981 08:00,115.7,0.0314,313.889472,FALSE
12-06-1981 08:00,513.1,0.0628,2784.039552,FALSE
13-06-1981 08:00,721.4,0.0593,3696.107328,FALSE
14-06-1981 08:00,738.8,0.0631,4027.819392,FALSE
15-06-1981 08:00,530.4,0.104,4765.96224,FALSE
16-06-1981 08:00,379.6,0.0635,2082.63744,FALSE
17-06-1981 08:00,342.7,0.0441,1305.769248,FALSE
21-06-1981 08:00,875.7,0.1519,11492.82691,FALSE
22-06-1981 08:00,1107.8,0.2747,26292.61382,FALSE
24-06-1981 08:00,1050.6,0.0601,5455.387584,FALSE
25-06-1981 08:00,1515.4,0.1587,20778.67987,FALSE
26-06-1981 08:00,1011.6,0.0326,2849.313024,FALSE
27-06-1981 08:00,925.4,0.0254,2030.845824,FALSE
04-07-1981 08:00,468.4,0.0302,1222.186752,FALSE
10-07-1981 08:00,1501.5,0.0783,10157.82768,FALSE
11-07-1981 08:00,2591,0.2436,54532.88064,FALSE
15-07-1981 08:00,1483.5,0.0296,3793.96224,FALSE
16-07-1981 08:00,914.5,0.0624,4930.39872,FALSE
17-07-1981 08:00,916.7,0.1269,10050.84547,FALSE
25-07-1981 08:00,1336.2,0.0636,7342.472448,FALSE
26-07-1981 08:00,1102.3,0.1181,11247.69283,FALSE
27-07-1981 08:00,2331.7,0.2257,45469.26922,FALSE
28-07-1981 08:00,1393.1,0.0644,7751.431296,FALSE
29-07-1981 08:00,1088.7,0.0419,3941.268192,FALSE
30-07-1981 08:00,1105.8,0.0509,4863.043008,FALSE
31-07-1981 08:00,1356.8,0.0671,7865.966592,FALSE
01-08-1981 08:00,1863.9,0.135,21740.5296,FALSE
03-08-1981 08:00,2570.6,0.1392,30916.29773,FALSE
04-08-1981 08:00,2316.6,0.1844,36908.44186,FALSE
06-08-1981 08:00,2273.1,0.0516,10134.02534,FALSE
07-08-1981 08:00,1909.5,0.06,9898.848,FALSE
08-08-1981 08:00,1608.9,0.0236,3280.611456,FALSE
09-08-1981 08:00,1574.8,0.0481,6544.616832,FALSE
10-08-1981 08:00,1566,0.0418,5655.64032,FALSE
11-08-1981 08:00,1827.1,0.0561,8856.026784,FALSE
12-08-1981 08:00,2684.5,0.2191,50818.22928,FALSE
13-08-1981 08:00,1858,0.0758,12168.26496,FALSE
14-08-1981 08:00,1623.3,0.0387,5427.795744,FALSE
17-08-1981 08:00,5889.4,0.358,182166.2093,FALSE
18-08-1981 08:00,4961.4,0.3651,156505.5769,FALSE
19-08-1981 08:00,3352.1,0.189,54738.45216,FALSE
20-08-1981 08:00,4577,0.2302,91033.23456,FALSE
21-08-1981 08:00,2320,0.0726,14552.5248,FALSE
22-08-1981 08:00,1608.1,0.0876,12171.12998,FALSE
23-08-1981 08:00,1575.8,0.1807,24602.14598,FALSE
24-08-1981 08:00,1882.6,0.1166,18965.76422,FALSE
25-08-1981 08:00,1335.2,0.0369,4256.831232,FALSE
26-08-1981 08:00,1007.6,0.0325,2829.3408,FALSE
28-08-1981 08:00,1158.6,0.1053,10540.85011,FALSE
08-09-1981 08:00,878.9,0.0822,6242.018112,FALSE
13-09-1981 08:00,819.2,0.0562,3977.773056,FALSE
14-09-1981 08:00,1019.8,0.2109,18582.55085,FALSE
15-09-1981 08:00,631,0.05,2725.92,FALSE
16-09-1981 08:00,822.7,0.2146,15254.04269,FALSE
18-09-1981 15:00,737,0.1224,7794.04032,FALSE
19-09-1981 08:00,980.2,0.109,9231.13152,FALSE
21-09-1981 08:00,948.9,0.0988,8100.114048,FALSE
22-09-1981 08:00,1134.2,0.1678,16443.54086,FALSE
23-09-1981 08:00,1102,0.1072,10206.81216,FALSE
25-09-1981 08:00,1017,0.1422,12494.94336,FALSE
26-09-1981 08:00,973.9,0.0506,4257.734976,FALSE
27-09-1981 08:00,742.7,0.0478,3067.291584,FALSE
28-09-1981 08:00,707.7,0.0074,452.475072,FALSE
29-09-1981 08:00,518.6,0.0087,389.821248,FALSE
30-09-1981 08:00,457,0.0231,912.09888,FALSE
01-10-1981 08:00,429.4,0.0048,178.080768,FALSE
02-10-1981 08:00,531,0.0279,1280.00736,FALSE
03-10-1981 08:00,441,0.0109,415.31616,FALSE
04-10-1981 08:00,411.8,0.0186,661.779072,FALSE
05-10-1981 08:00,383.9,0.0725,2404.7496,FALSE
06-10-1981 08:00,351.8,0.0196,595.752192,FALSE
08-10-1981 08:00,307.4,0.0128,339.959808,FALSE
09-10-1981 08:00,290.3,0.0331,830.211552,FALSE
10-10-1981 08:00,314.5,0.0368,999.95904,FALSE
11-10-1981 08:00,469.3,0.0632,2562.603264,FALSE
12-10-1981 08:00,430.2,0.0376,1397.564928,FALSE
13-10-1981 08:00,330.3,0.0884,2522.752128,FALSE
14-10-1981 08:00,295.9,0.117,2991.19392,FALSE
15-10-1981 08:00,228.4,0.0187,369.021312,FALSE
16-10-1981 08:00,210.7,0.0056,101.945088,FALSE
17-10-1981 08:00,278.5,0.0086,206.93664,FALSE
18-10-1981 08:00,226.1,0.0047,91.814688,FALSE
19-10-1981 08:00,452.2,0.0383,1496.384064,FALSE
20-10-1981 08:00,216.4,0.0421,787.142016,FALSE
21-10-1981 08:00,208.2,0.0229,411.936192,FALSE
22-10-1981 08:00,197.3,0.0341,581.293152,FALSE
23-10-1981 08:00,209.4,0.0457,826.811712,FALSE
24-10-1981 08:00,493.8,0.0703,2999.301696,FALSE
26-10-1981 08:00,333.6,0.0731,2106.964224,FALSE
27-10-1981 08:00,279.1,0.054,1302.16896,FALSE
28-10-1981 08:00,207.6,0.0312,559.623168,FALSE
29-10-1981 08:00,461.2,0.0549,2187.637632,FALSE
31-10-1981 08:00,242,0.052,1087.2576,FALSE
01-11-1981 08:00,195,0.0564,950.2272,FALSE
02-11-1981 08:00,348,0.1151,3460.73472,FALSE
03-11-1981 08:00,239,0.023,474.9408,FALSE
04-11-1981 08:00,192.8,0.0228,379.800576,FALSE
05-11-1981 08:00,180.9,0.0131,204.749856,FALSE
06-11-1981 08:00,190.2,0.0221,363.175488,FALSE
07-11-1981 08:00,192.4,0.0177,294.233472,FALSE
08-11-1981 08:00,170,0.0272,399.5136,FALSE
09-11-1981 08:00,184.3,0.0346,550.953792,FALSE
10-11-1981 08:00,248.6,0.08,1718.3232,FALSE
11-11-1981 08:00,174.6,0.0604,911.160576,FALSE
12-11-1981 08:00,229.8,0.0517,1026.489024,FALSE
13-11-1981 08:00,169.3,0.0271,396.405792,FALSE
14-11-1981 08:00,162.3,0.0274,384.222528,FALSE
15-11-1981 08:00,120,0.0212,219.8016,FALSE
16-11-1981 08:00,116.7,0.0214,215.773632,FALSE
17-11-1981 08:00,112.5,0.0103,100.116,FALSE
18-11-1981 08:00,109.6,0.0199,188.441856,FALSE
19-11-1981 08:00,116.9,0.0161,162.612576,FALSE
20-11-1981 08:00,94.1,0.005,40.6512,FALSE
21-11-1981 08:00,89.9,0.006,46.60416,FALSE
22-11-1981 08:00,82.5,0.0111,79.1208,FALSE
23-11-1981 08:00,77.2,0.0072,48.024576,FALSE
24-11-1981 08:00,76,0.0123,80.76672,FALSE
25-11-1981 08:00,71.6,0.016,98.97984,FALSE
26-11-1981 08:00,75,0.0079,51.192,FALSE
27-11-1981 08:00,73.9,0.0139,88.750944,FALSE
28-11-1981 08:00,69.6,0.0098,58.931712,FALSE
29-11-1981 08:00,68,0.0111,65.21472,FALSE
30-11-1981 08:00,68.8,0.0126,74.898432,FALSE
01-12-1981 08:00,71.2,0.0078,47.983104,FALSE
02-12-1981 08:00,70.9,0.0054,33.079104,FALSE
03-12-1981 08:00,67.6,0.0062,36.211968,FALSE
04-12-1981 08:00,73.1,0.0108,68.211072,FALSE
05-12-1981 08:00,67.5,0.0088,51.3216,FALSE
06-12-1981 08:00,64.3,0.004,22.22208,FALSE
07-12-1981 08:00,60.1,0.0052,27.001728,FALSE
08-12-1981 08:00,59.3,0.0061,31.253472,FALSE
09-12-1981 08:00,52.1,0.008,36.01152,FALSE
10-12-1981 08:00,45.2,0.014,54.67392,FALSE
11-12-1981 08:00,44.7,0.0109,42.096672,FALSE
12-12-1981 08:00,45.5,0.0107,42.06384,FALSE
13-12-1981 08:00,45.8,0.011,43.52832,FALSE
14-12-1981 08:00,44.9,0.0108,41.897088,FALSE
15-12-1981 08:00,44.4,0.0097,37.210752,FALSE
16-12-1981 08:00,43.2,0.0139,51.881472,FALSE
17-12-1981 08:00,39.2,0.0112,37.933056,FALSE
18-12-1981 08:00,38.3,0.0109,36.069408,FALSE
19-12-1981 08:00,37.2,0.0118,37.926144,FALSE
20-12-1981 08:00,36,0.0125,38.88,FALSE
21-12-1981 08:00,35.7,0.0062,19.123776,FALSE
22-12-1981 08:00,34.8,0.0131,39.388032,FALSE
23-12-1981 08:00,34.6,0.0104,31.090176,FALSE
24-12-1981 08:00,33.6,0.0052,15.095808,FALSE
26-12-1981 08:00,28.4,0.0076,18.648576,FALSE
28-12-1981 08:00,31.3,0.0041,11.087712,FALSE
29-12-1981 08:00,30.9,0.0094,25.095744,FALSE
30-12-1981 08:00,30.2,0.0086,22.439808,FALSE
31-12-1981 08:00,29.3,0.0119,30.125088,FALSE
01-01-1982 08:00,28.2,0.0213,51.897024,FALSE
02-01-1982 08:00,26.4,0.0102,23.265792,FALSE
03-01-1982 08:00,25.9,0.0125,27.972,FALSE
04-01-1982 08:00,29.9,0.0167,43.142112,FALSE
05-01-1982 08:00,24.7,0.0167,35.639136,FALSE
06-01-1982 08:00,26.8,0.0156,36.122112,FALSE
07-01-1982 08:00,23.4,0.0288,58.226688,FALSE
08-01-1982 08:00,21.9,0.0172,32.545152,FALSE
09-01-1982 08:00,22.5,0.0153,29.7432,FALSE
10-01-1982 08:00,22.2,0.0191,36.635328,FALSE
11-01-1982 08:00,23.9,0.0113,23.334048,FALSE
12-01-1982 08:00,23.3,0.0172,34.625664,FALSE
13-01-1982 08:00,24.3,0.0065,13.64688,FALSE
14-01-1982 08:00,23,0.0137,27.22464,FALSE
15-01-1982 08:00,23.5,0.0138,28.01952,FALSE
16-01-1982 08:00,21.4,0.0127,23.481792,FALSE
17-01-1982 08:00,21.6,0.016,29.85984,FALSE
18-01-1982 08:00,22.9,0.0136,26.908416,FALSE
20-01-1982 08:00,22.3,0.0181,34.873632,FALSE
21-01-1982 08:00,22.4,0.0205,39.67488,FALSE
22-01-1982 08:00,21.4,0.0148,27.364608,FALSE
23-01-1982 08:00,19.3,0.0191,31.849632,FALSE
25-01-1982 08:00,17.6,0.0203,30.868992,FALSE
27-01-1982 08:00,17.6,0.018,27.37152,FALSE
28-01-1982 08:00,17,0.0168,24.67584,FALSE
29-01-1982 08:00,16.8,0.0213,30.917376,FALSE
30-01-1982 08:00,16.4,0.0211,29.897856,FALSE
01-02-1982 08:00,15.5,0.0224,29.99808,FALSE
08-02-1982 08:00,12.4,0.0165,17.67744,FALSE
09-02-1982 08:00,11.8,0.0252,25.691904,FALSE
10-02-1982 08:00,9.7,0.0193,16.174944,FALSE
11-02-1982 08:00,9.6,0.0239,19.823616,FALSE
12-02-1982 08:00,9.4,0.0173,14.050368,FALSE
13-02-1982 08:00,9.4,0.0183,14.862528,FALSE
15-02-1982 08:00,9,0.02,15.552,FALSE
16-02-1982 08:00,9.1,0.0145,11.40048,FALSE
17-02-1982 08:00,9.1,0.0236,18.555264,FALSE
18-02-1982 08:00,8.6,0.0201,14.935104,FALSE
19-02-1982 08:00,8.3,0.0201,14.414112,FALSE
20-02-1982 08:00,8.2,0.0207,14.665536,FALSE
22-02-1982 08:00,7.4,0.0211,13.490496,FALSE
23-02-1982 08:00,7.4,0.023,14.70528,FALSE
24-02-1982 08:00,7.3,0.0231,14.569632,FALSE
25-02-1982 08:00,6.6,0.0233,13.286592,FALSE
26-02-1982 08:00,6.5,0.0196,11.00736,FALSE
27-02-1982 08:00,6.6,0.0275,15.6816,FALSE
01-03-1982 08:00,5.8,0.0308,15.434496,FALSE
02-03-1982 08:00,5.7,0.0257,12.656736,FALSE
03-03-1982 08:00,4.9,0.0259,10.965024,FALSE
04-03-1982 08:00,4.8,0.0331,13.727232,FALSE
05-03-1982 08:00,4.8,0.0319,13.229568,FALSE
06-03-1982 08:00,4.6,0.031,12.32064,FALSE
08-03-1982 08:00,4.5,0.025,9.72,FALSE
09-03-1982 08:00,4.5,0.0207,8.04816,FALSE
10-03-1982 08:00,4.4,0.0223,8.477568,FALSE
11-03-1982 08:00,4.4,0.0172,6.538752,FALSE
12-03-1982 08:00,3.1,0.0173,4.633632,FALSE
13-03-1982 08:00,3.1,0.02,5.3568,FALSE
15-03-1982 08:00,3,0.0219,5.67648,FALSE
16-03-1982 08:00,2.9,0.0203,5.086368,FALSE
17-03-1982 08:00,2.8,0.0102,2.467584,FALSE
18-03-1982 08:00,2.8,0.0104,2.515968,FALSE
19-03-1982 08:00,2.8,0.0165,3.99168,FALSE
20-03-1982 08:00,2.8,0.0143,3.459456,FALSE
22-03-1982 08:00,2.8,0.0193,4.669056,FALSE
23-03-1982 08:00,2.7,0.0113,2.636064,FALSE
24-03-1982 08:00,2.6,0.0225,5.0544,FALSE
25-03-1982 08:00,2.6,0.0178,3.998592,FALSE
27-03-1982 08:00,1.8,0.0145,2.25504,FALSE
29-03-1982 08:00,2,0.0133,2.29824,FALSE
30-03-1982 08:00,1.9,0.0195,3.20112,FALSE
31-03-1982 08:00,1.9,0.0171,2.807136,FALSE
01-04-1982 08:00,1.9,0.0189,3.102624,FALSE
02-04-1982 08:00,1.8,0.0116,1.804032,FALSE
05-04-1982 08:00,1.8,0.0131,2.037312,FALSE
06-04-1982 08:00,1.7,0.0163,2.394144,FALSE
07-04-1982 08:00,1.7,0.0274,4.024512,FALSE
08-04-1982 08:00,1.6,0.0256,3.538944,FALSE
10-04-1982 08:00,1.5,0.0238,3.08448,FALSE
12-04-1982 08:00,1.5,0.0191,2.47536,FALSE
13-04-1982 08:00,1.5,0.0241,3.12336,FALSE
14-04-1982 08:00,1.4,0.0204,2.467584,FALSE
15-04-1982 08:00,1.2,0.0203,2.104704,FALSE
16-04-1982 08:00,1.9,0.0129,2.117664,FALSE
17-04-1982 08:00,1.8,0.0177,2.752704,FALSE
19-04-1982 08:00,1.7,0.0216,3.172608,FALSE
20-04-1982 08:00,1.8,0.008,1.24416,FALSE
21-04-1982 08:00,1.8,0.018,2.79936,FALSE
22-04-1982 08:00,1.7,0.0306,4.494528,FALSE
23-04-1982 08:00,1.6,0.0265,3.66336,FALSE
24-04-1982 08:00,1.6,0.0259,3.580416,FALSE
26-04-1982 08:00,1.7,0.0175,2.5704,FALSE
27-04-1982 08:00,1.7,0.0144,2.115072,FALSE
28-04-1982 08:00,1.6,0.0083,1.147392,FALSE
29-04-1982 08:00,1.5,0.0168,2.17728,FALSE
30-04-1982 08:00,1.5,0.0131,1.69776,FALSE
01-05-1982 08:00,1.6,0.0128,1.769472,FALSE
03-05-1982 08:00,1.3,0.0139,1.561248,FALSE
04-05-1982 08:00,1.3,0.0129,1.448928,FALSE
05-05-1982 08:00,1.4,0.0097,1.173312,FALSE
06-05-1982 08:00,2.8,0.0164,3.967488,FALSE
08-05-1982 08:00,4.3,0.0151,5.609952,FALSE
09-05-1982 08:00,3.9,0.0108,3.639168,FALSE
10-05-1982 08:00,3.8,0.0142,4.662144,FALSE
11-05-1982 08:00,3.4,0.0131,3.848256,FALSE
12-05-1982 08:00,1.9,0.0192,3.151872,FALSE
13-05-1982 08:00,2,0.0125,2.16,FALSE
14-05-1982 08:00,1.9,0.0184,3.020544,FALSE
15-05-1982 08:00,1.9,0.0089,1.461024,FALSE
17-05-1982 08:00,3,0.0089,2.30688,FALSE
18-05-1982 08:00,3.1,0.0161,4.312224,FALSE
20-05-1982 08:00,5.1,0.0105,4.62672,FALSE
22-05-1982 08:00,6.8,0.0141,8.284032,FALSE
24-05-1982 08:00,5.4,0.0292,13.623552,FALSE
25-05-1982 08:00,5.5,0.0298,14.16096,FALSE
31-05-1982 08:00,65.9,0.0596,339.348096,FALSE
04-06-1982 08:00,81.7,0.075,529.416,FALSE
05-06-1982 08:00,52,0.0571,256.53888,FALSE
07-06-1982 08:00,26.3,0.0328,74.532096,FALSE
08-06-1982 08:00,23.3,0.0295,59.38704,FALSE
09-06-1982 08:00,21.2,0.0298,54.584064,FALSE
10-06-1982 08:00,136.7,0.3229,3813.733152,FALSE
11-06-1982 08:00,343.1,0.2098,6219.277632,FALSE
12-06-1982 08:00,243.5,0.2016,4241.34144,FALSE
14-06-1982 08:00,129.9,0.0934,1048.261824,FALSE
15-06-1982 08:00,146.1,0.1436,1812.668544,FALSE
16-06-1982 08:00,366.7,0.225,7128.648,FALSE
19-06-1982 08:00,1013.1,0.2221,19440.82166,FALSE
24-06-1982 08:00,1026.8,0.1179,10459.55981,FALSE
25-06-1982 08:00,621.1,0.0559,2999.763936,FALSE
26-06-1982 08:00,647.1,0.1326,7413.591744,FALSE
28-06-1982 08:00,387.3,0.0204,682.639488,FALSE
29-06-1982 08:00,317.3,0.0121,331.718112,FALSE
30-06-1982 08:00,218.6,0.0115,217.20096,FALSE
01-07-1982 08:00,177.4,0.0179,274.359744,FALSE
02-07-1982 08:00,170.1,0.0141,207.222624,FALSE
03-07-1982 08:00,165.9,0.0338,484.481088,FALSE
05-07-1982 08:00,177.2,0.04,612.4032,FALSE
06-07-1982 08:00,184.6,0.0174,277.520256,FALSE
07-07-1982 08:00,164.5,0.0128,181.92384,FALSE
08-07-1982 08:00,182.3,0.0173,272.487456,FALSE
09-07-1982 08:00,157.6,0.0269,366.287616,FALSE
10-07-1982 08:00,195.1,0.0638,1075.453632,FALSE
12-07-1982 08:00,487.1,0.2541,10693.9103,FALSE
13-07-1982 08:00,709.6,0.1185,7265.16864,FALSE
14-07-1982 08:00,1055.8,0.1177,10736.72582,FALSE
15-07-1982 08:00,1378.4,0.1036,12338.11354,FALSE
16-07-1982 08:00,1392.4,0.0926,11140.09114,FALSE
17-07-1982 08:00,1512.1,0.1082,14135.83661,FALSE
19-07-1982 08:00,1461.3,0.1289,16274.43965,FALSE
20-07-1982 08:00,2055.9,0.1499,26626.70102,FALSE
21-07-1982 08:00,2761,0.1068,25477.18272,FALSE
22-07-1982 08:00,1752.1,0.0609,9219.129696,FALSE
24-07-1982 08:00,1128.8,0.0983,9587.033856,FALSE
26-07-1982 08:00,793.6,0.0254,1741.602816,FALSE
27-07-1982 08:00,685.7,0.0221,1309.303008,FALSE
29-07-1982 08:00,1773.4,0.1842,28223.44819,FALSE
30-07-1982 08:00,2100.3,0.184,33389.72928,FALSE
31-07-1982 08:00,2073.6,0.1665,29829.98016,FALSE
02-08-1982 08:00,6504.9,0.1975,110999.6136,FALSE
03-08-1982 08:00,5399.3,0.1297,60504.98774,FALSE
04-08-1982 08:00,1788,0.0867,13393.69344,FALSE
05-08-1982 08:00,1630,0.0706,9942.7392,FALSE
07-08-1982 08:00,999.9,0.041,3542.04576,FALSE
09-08-1982 08:00,2301.3,0.2253,44796.9217,FALSE
10-08-1982 08:00,1834.2,0.1024,16227.82771,FALSE
11-08-1982 08:00,1825.6,0.0805,12697.41312,FALSE
12-08-1982 08:00,1917.3,0.0583,9657.670176,FALSE
14-08-1982 08:00,1854.9,0.0795,12740.93712,FALSE
16-08-1982 08:00,1763.8,0.0537,8183.467584,FALSE
17-08-1982 08:00,1814.8,0.1021,16009.14931,FALSE
18-08-1982 08:00,1719.8,0.0579,8603.402688,FALSE
19-08-1982 08:00,1517.1,0.0615,8061.26256,FALSE
20-08-1982 08:00,1334.7,0.0622,7172.784576,FALSE
21-08-1982 08:00,1507.2,0.0724,9428.078592,FALSE
23-08-1982 08:00,1344.3,0.0389,4518.138528,FALSE
24-08-1982 08:00,1649,0.063,8975.8368,FALSE
26-08-1982 08:00,1263.6,0.061,6659.67744,FALSE
27-08-1982 08:00,1297.1,0.0753,8438.828832,FALSE
30-08-1982 08:00,784.2,0.0733,4966.432704,FALSE
31-08-1982 08:00,816.6,0.0444,3132.608256,FALSE
01-09-1982 08:00,763.7,0.0386,2546.970048,FALSE
02-09-1982 08:00,608.3,0.042,2207.39904,FALSE
03-09-1982 08:00,576,0.016,796.2624,FALSE
04-09-1982 08:00,519.4,0.0238,1068.052608,FALSE
06-09-1982 08:00,350.36,0.0254,768.8860416,FALSE
07-09-1982 08:00,335,0.0062,179.4528,FALSE
08-09-1982 08:00,318.7,0.0111,305.646048,FALSE
09-09-1982 08:00,299,0.0191,493.42176,FALSE
10-09-1982 08:00,323,0.0155,432.5616,FALSE
11-09-1982 08:00,305.66,0.0135,356.521824,FALSE
13-09-1982 08:00,267.4,0.0146,337.309056,FALSE
14-09-1982 08:00,262.67,0.0181,410.7738528,FALSE
15-09-1982 08:00,384.25,0.0264,876.45888,FALSE
16-09-1982 08:00,324.59,0.032,897.426432,FALSE
17-09-1982 08:00,297.55,0.0231,593.862192,FALSE
18-09-1982 08:00,289.85,0.0283,708.718032,FALSE
20-09-1982 08:00,295.6,0.0379,967.959936,FALSE
21-09-1982 08:00,297.52,0.0438,1125.910886,FALSE
22-09-1982 08:00,542.3,0.0823,3856.143456,FALSE
23-09-1982 08:00,391,0.0444,1499.93856,FALSE
24-09-1982 08:00,446.72,0.0753,2906.324582,FALSE
25-09-1982 08:00,297.3,0.0271,696.110112,FALSE
27-09-1982 08:00,280.93,0.0099,240.2962848,FALSE
29-09-1982 08:00,266.14,0.0065,149.464224,FALSE
30-09-1982 08:00,214.63,0.0091,168.7506912,FALSE
01-10-1982 08:00,203.52,0.0176,309.4806528,FALSE
04-10-1982 08:00,180.47,0.0089,138.7742112,FALSE
05-10-1982 08:00,178.53,0.0041,63.2424672,FALSE
06-10-1982 08:00,168.57,0.004,58.257792,FALSE
07-10-1982 08:00,221.2,0.0299,571.439232,FALSE
08-10-1982 08:00,305.14,0.0701,1848.12313,FALSE
09-10-1982 08:00,369.42,0.0831,2652.376493,FALSE
11-10-1982 08:00,272.58,0.0762,1794.579494,FALSE
12-10-1982 08:00,205.69,0.037,657.549792,FALSE
13-10-1982 08:00,172.2,0.0467,694.806336,FALSE
14-10-1982 08:00,165.71,0.0322,461.0184768,FALSE
15-10-1982 08:00,147.99,0.015,191.79504,FALSE
16-10-1982 08:00,141.21,0.0271,330.6347424,FALSE
18-10-1982 08:00,189.56,0.0472,773.0408448,FALSE
19-10-1982 08:00,244.08,0.077,1623.815424,FALSE
20-10-1982 08:00,241.39,0.1228,2561.128589,FALSE
21-10-1982 08:00,177.42,0.0633,970.3312704,FALSE
22-10-1982 08:00,162.4,0.0946,1327.366656,FALSE
23-10-1982 08:00,147.09,0.0281,357.1109856,FALSE
24-10-1982 08:00,240.95,0.043,895.17744,FALSE
25-10-1982 08:00,240.3,0.0456,946.743552,FALSE
26-10-1982 08:00,281.01,0.0985,2391.507504,FALSE
27-10-1982 08:00,290.85,0.1374,3452.785056,FALSE
28-10-1982 08:00,300.63,0.1316,3418.235251,FALSE
29-10-1982 08:00,233.5,0.0559,1127.74896,FALSE
30-10-1982 08:00,214.24,0.0316,584.9266176,FALSE
31-10-1982 08:00,188.4,0.0302,491.588352,FALSE
01-11-1982 08:00,178.1,0.0166,255.438144,FALSE
02-11-1982 08:00,120.1,0.0101,104.804064,FALSE
03-11-1982 08:00,110.5,0.0166,158.48352,FALSE
04-11-1982 08:00,105.2,0.0241,219.051648,FALSE
05-11-1982 08:00,103.3,0.0096,85.681152,FALSE
06-11-1982 08:00,116.8,0.0212,213.940224,FALSE
07-11-1982 08:00,133,0.0129,148.23648,FALSE
08-11-1982 08:00,116.7,0.01,100.8288,FALSE
09-11-1982 08:00,117.9,0.0106,107.977536,FALSE
10-11-1982 08:00,111.7,0.0075,72.3816,FALSE
11-11-1982 08:00,112.5,0.0213,207.036,FALSE
12-11-1982 08:00,95,0.0127,104.2416,FALSE
13-11-1982 08:00,90.4,0.0192,149.962752,FALSE
16-11-1982 08:00,86.6,0.0238,178.077312,FALSE
17-11-1982 08:00,91.1,0.0171,134.594784,FALSE
18-11-1982 08:00,81.3,0.0127,89.208864,FALSE
19-11-1982 08:00,85.5,0.0114,84.21408,FALSE
20-11-1982 08:00,82.4,0.0105,74.75328,FALSE
22-11-1982 08:00,55.5,0.0097,46.51344,FALSE
23-11-1982 08:00,56.9,0.0098,48.178368,FALSE
24-11-1982 08:00,55.4,0.0122,58.396032,FALSE
25-11-1982 08:00,51.2,0.0118,52.199424,FALSE
26-11-1982 08:00,49.1,0.0083,35.210592,FALSE
27-11-1982 08:00,41.9,0.0054,19.548864,FALSE
29-11-1982 08:00,41.6,0.009,32.34816,FALSE
30-11-1982 08:00,39.9,0.0034,11.721024,FALSE
01-12-1982 08:00,46.8,0.0044,17.791488,FALSE
02-12-1982 08:00,46,0.0169,67.16736,FALSE
03-12-1982 08:00,44.1,0.0201,76.585824,FALSE
04-12-1982 08:00,43.1,0.0073,27.184032,FALSE
06-12-1982 08:00,41.7,0.0053,19.095264,FALSE
07-12-1982 08:00,41.1,0.0161,57.171744,FALSE
08-12-1982 08:00,38.9,0.0173,58.144608,FALSE
09-12-1982 08:00,37.5,0.0071,23.004,FALSE
10-12-1982 08:00,36.6,0.0047,14.862528,FALSE
11-12-1982 08:00,34,0.0086,25.26336,FALSE
13-12-1982 08:00,33,0.0107,30.50784,FALSE
14-12-1982 08:00,32.2,0.009,25.03872,FALSE
15-12-1982 08:00,32.1,0.0078,21.632832,FALSE
16-12-1982 08:00,31.4,0.012,32.55552,FALSE
17-12-1982 08:00,30.9,0.0102,27.231552,FALSE
18-12-1982 08:00,30.7,0.0095,25.19856,FALSE
20-12-1982 08:00,29.3,0.0083,21.011616,FALSE
21-12-1982 08:00,24.5,0.0064,13.54752,FALSE
22-12-1982 08:00,23.8,0.0054,11.104128,FALSE
23-12-1982 08:00,23.4,0.0079,15.971904,FALSE
24-12-1982 08:00,22.9,0.0048,9.497088,FALSE
27-12-1982 08:00,21.7,0.0052,9.749376,FALSE
28-12-1982 08:00,21.6,0.0069,12.877056,FALSE
01-01-1983 08:00,21.1,0.0061,11.120544,FALSE
03-01-1983 08:00,20.6,0.0069,12.280896,FALSE
04-01-1983 08:00,19.8,0.0068,11.632896,FALSE
06-01-1983 08:00,19.6,0.0068,11.515392,FALSE
07-01-1983 08:00,19.3,0.0086,14.340672,FALSE
08-01-1983 08:00,19,0.0082,13.46112,FALSE
10-01-1983 08:00,15.1,0.0115,15.00336,FALSE
11-01-1983 08:00,14.8,0.0166,21.226752,FALSE
12-01-1983 08:00,14.4,0.0158,19.657728,FALSE
13-01-1983 08:00,14,0.0106,12.82176,FALSE
15-01-1983 08:00,13.8,0.0104,12.400128,FALSE
17-01-1983 08:00,13.4,0.0119,13.777344,FALSE
18-01-1983 08:00,13.2,0.0086,9.808128,FALSE
19-01-1983 08:00,12.9,0.0103,11.479968,FALSE
20-01-1983 08:00,11.5,0.0154,15.30144,FALSE
21-01-1983 08:00,12,0.0095,9.8496,FALSE
22-01-1983 08:00,11.3,0.0094,9.177408,FALSE
24-01-1983 08:00,10.9,0.0069,6.498144,FALSE
25-01-1983 08:00,10.9,0.0113,10.641888,FALSE
27-01-1983 08:00,10.2,0.0105,9.25344,FALSE
28-01-1983 08:00,10.2,0.0069,6.080832,FALSE
29-01-1983 08:00,10.2,0.0086,7.579008,FALSE
31-01-1983 08:00,9.6,0.0113,9.372672,FALSE
04-02-1983 08:00,7.6,0.0077,5.056128,FALSE
05-02-1983 08:00,7.3,0.0087,5.487264,FALSE
07-02-1983 08:00,7.3,0.0072,4.541184,FALSE
08-02-1983 08:00,7.1,0.0094,5.766336,FALSE
09-02-1983 08:00,7.6,0.0097,6.369408,FALSE
10-02-1983 08:00,6.9,0.0064,3.815424,FALSE
11-02-1983 08:00,6.8,0.0108,6.345216,FALSE
12-02-1983 08:00,6.6,0.0101,5.759424,FALSE
15-02-1983 08:00,6,0.0098,5.08032,FALSE
16-02-1983 08:00,6,0.0111,5.75424,FALSE
17-02-1983 08:00,6.5,0.0138,7.75008,FALSE
18-02-1983 08:00,6.7,0.012,6.94656,FALSE
19-02-1983 08:00,6.7,0.0175,10.1304,FALSE
21-02-1983 08:00,5.9,0.0168,8.563968,FALSE
22-02-1983 08:00,5.6,0.0108,5.225472,FALSE
23-02-1983 08:00,5.6,0.0166,8.031744,FALSE
24-02-1983 08:00,5.9,0.0103,5.250528,FALSE
25-02-1983 08:00,5.3,0.01,4.5792,FALSE
26-02-1983 08:00,5.2,0.0107,4.807296,FALSE
28-02-1983 08:00,4.8,0.0171,7.091712,FALSE
01-03-1983 08:00,4.4,0.0148,5.626368,FALSE
02-03-1983 08:00,4.2,0.0145,5.26176,FALSE
03-03-1983 08:00,4.2,0.0157,5.697216,FALSE
04-03-1983 08:00,4.3,0.0172,6.390144,FALSE
05-03-1983 08:00,4.3,0.0145,5.38704,FALSE
07-03-1983 08:00,4,0.0138,4.76928,FALSE
08-03-1983 08:00,3.4,0.0129,3.789504,FALSE
09-03-1983 08:00,2.5,0.0121,2.6136,FALSE
10-03-1983 08:00,2.5,0.0137,2.9592,FALSE
11-03-1983 08:00,2.9,0.0112,2.806272,FALSE
12-03-1983 08:00,2.7,0.0095,2.21616,FALSE
14-03-1983 08:00,2.4,0.013,2.69568,FALSE
15-03-1983 08:00,2.2,0.0127,2.414016,FALSE
16-03-1983 08:00,2.1,0.0136,2.467584,FALSE
17-03-1983 08:00,1.9,0.0097,1.592352,FALSE
18-03-1983 08:00,2,0.0092,1.58976,FALSE
19-03-1983 08:00,1.9,0.0095,1.55952,FALSE
21-03-1983 08:00,1.9,0.0108,1.772928,FALSE
22-03-1983 08:00,1.3,0.0127,1.426464,FALSE
23-03-1983 08:00,1.2,0.0111,1.150848,FALSE
24-03-1983 08:00,1.3,0.017,1.90944,FALSE
25-03-1983 08:00,1.4,0.0138,1.669248,FALSE
26-03-1983 08:00,1.3,0.0105,1.17936,FALSE
28-03-1983 08:00,1.2,0.011,1.14048,FALSE
29-03-1983 08:00,1.2,0.0179,1.855872,FALSE
30-03-1983 08:00,1.4,0.0167,2.020032,FALSE
31-03-1983 08:00,1.4,0.0099,1.197504,FALSE
02-04-1983 08:00,1.3,0.0098,1.100736,FALSE
04-04-1983 08:00,0.9,0.0156,1.213056,FALSE
05-04-1983 08:00,0.6,0.0111,0.575424,FALSE
06-04-1983 08:00,0.4,0.0178,0.615168,FALSE
07-04-1983 08:00,0.2,0,0,TRUE
08-04-1983 08:00,0.2,0,0,TRUE
09-04-1983 08:00,0.2,0,0,TRUE
11-04-1983 08:00,0.5,0.0231,0.99792,FALSE
12-04-1983 08:00,0.4,0.0289,0.998784,FALSE
13-04-1983 08:00,0.7,0.008,0.48384,FALSE
15-04-1983 08:00,0.4,0.0289,0.998784,FALSE
16-04-1983 08:00,0.5,0.0231,0.99792,FALSE
18-04-1983 08:00,0.4,0.0289,0.998784,FALSE
19-04-1983 08:00,0.4,0.0289,0.998784,FALSE
20-04-1983 08:00,0.4,0.0289,0.998784,FALSE
21-04-1983 08:00,0.5,0.0231,0.99792,FALSE
22-04-1983 08:00,0.4,0.0289,0.998784,FALSE
23-04-1983 08:00,0.5,0.0231,0.99792,FALSE
26-04-1983 08:00,0.2,0,0,TRUE
27-04-1983 08:00,0.2,0,0,TRUE
28-04-1983 08:00,0.2,0,0,TRUE
29-04-1983 08:00,0.2,0,0,TRUE
30-04-1983 08:00,0.2,0,0,TRUE
02-05-1983 08:00,0.8,0.0109,0.753408,FALSE
03-05-1983 08:00,0.8,0.0131,0.905472,FALSE
04-05-1983 08:00,0.4,0.0289,0.998784,FALSE
05-05-1983 08:00,0.2,0,0,TRUE
06-05-1983 08:00,0.2,0,0,TRUE
07-05-1983 08:00,0.2,0,0,TRUE
09-05-1983 08:00,0.2,0,0,TRUE
10-05-1983 08:00,0.2,0,0,TRUE
11-05-1983 08:00,0.2,0,0,TRUE
12-05-1983 08:00,0.2,0,0,TRUE
13-05-1983 08:00,0.1,0,0,TRUE
14-05-1983 08:00,0.1,0,0,TRUE
16-05-1983 08:00,0.1,0,0,TRUE
17-05-1983 08:00,0.1,0,0,TRUE
18-05-1983 08:00,0.2,0,0,TRUE
19-05-1983 08:00,0.2,0,0,TRUE
20-05-1983 08:00,0.3,0,0,TRUE
21-05-1983 08:00,4.2,0.0178,6.459264,FALSE
24-05-1983 08:00,9.5,0.0099,8.12592,FALSE
30-05-1983 08:00,3.2,0.0159,4.396032,FALSE
31-05-1983 08:00,3,0.0144,3.73248,FALSE
01-06-1983 08:00,2.7,0.0141,3.289248,FALSE
02-06-1983 08:00,2.6,0.0185,4.15584,FALSE
03-06-1983 08:00,2.5,0.0129,2.7864,FALSE
04-06-1983 08:00,2.4,0.0159,3.297024,FALSE
06-06-1983 08:00,2.3,0.0164,3.259008,FALSE
07-06-1983 08:00,2.3,0.0204,4.053888,FALSE
08-06-1983 08:00,2.1,0.0214,3.882816,FALSE
09-06-1983 08:00,2.1,0.0167,3.030048,FALSE
10-06-1983 08:00,3.1,0.0292,7.820928,FALSE
11-06-1983 08:00,3.5,0.0127,3.84048,FALSE
13-06-1983 08:00,22.7,0.0288,56.484864,FALSE
14-06-1983 08:00,71.3,0.0797,490.977504,FALSE
15-06-1983 08:00,50.7,0.1169,512.078112,FALSE
17-06-1983 08:00,110.7,0.1155,1104.69744,FALSE
18-06-1983 08:00,102.1,0.177,1561.39488,FALSE
20-06-1983 08:00,83.8,0.0633,458.312256,FALSE
21-06-1983 08:00,134.1,0.1541,1785.439584,FALSE
22-06-1983 08:00,96.6,0.1187,990.698688,FALSE
23-06-1983 08:00,120.6,0.1098,1144.098432,FALSE
24-06-1983 08:00,310.7,0.1657,4448.130336,FALSE
25-06-1983 08:00,301.3,0.1017,2647.486944,FALSE
27-06-1983 08:00,527.2,0.1364,6213.030912,FALSE
28-06-1983 08:00,611.7,0.1114,5887.588032,FALSE
29-06-1983 08:00,824.4,0.1301,9266.783616,FALSE
30-06-1983 08:00,1251.4,0.2949,31884.8711,FALSE
02-07-1983 08:00,606.7,0.0407,2133.448416,FALSE
04-07-1983 08:00,308.5,0.0642,1711.21248,FALSE
05-07-1983 08:00,258.2,0.0284,633.560832,FALSE
06-07-1983 08:00,219.7,0.0222,421.402176,FALSE
07-07-1983 08:00,249.8,0.0364,785.611008,FALSE
08-07-1983 08:00,206.2,0.0225,400.8528,FALSE
09-07-1983 08:00,218.9,0.0556,1051.560576,FALSE
11-07-1983 08:00,236.5,0.0316,645.70176,FALSE
13-07-1983 08:00,801.5,0.1646,11398.48416,FALSE
14-07-1983 08:00,824,0.1024,7290.22464,FALSE
18-07-1983 08:00,969.8,0.1277,10700.07494,FALSE
19-07-1983 08:00,977.6,0.1007,8505.589248,FALSE
20-07-1983 08:00,1774,0.2779,42594.73344,FALSE
21-07-1983 08:00,3286.4,0.1752,49747.15699,FALSE
22-07-1983 08:00,3574.4,0.1422,43915.36435,FALSE
23-07-1983 08:00,2907.8,0.1023,25701.23002,FALSE
25-07-1983 08:00,2113.7,0.1236,22572.28685,FALSE
26-07-1983 08:00,1232.2,0.0651,6930.681408,FALSE
27-07-1983 08:00,1176.8,0.0553,5622.656256,FALSE
30-07-1983 08:00,528.1,0.0634,2892.805056,FALSE
01-08-1983 08:00,532.3,0.0787,3619.469664,FALSE
03-08-1983 08:00,654.8,0.0841,4757.933952,FALSE
04-08-1983 08:00,815.9,0.0808,5695.895808,FALSE
06-08-1983 08:00,642.4,0.0505,2802.91968,FALSE
08-08-1983 08:00,989.1,0.1939,16570.35274,FALSE
09-08-1983 08:00,1878.2,0.2079,33737.28019,FALSE
10-08-1983 08:00,1876.4,0.1247,20216.48371,FALSE
11-08-1983 08:00,1728.2,0.0983,14677.80998,FALSE
12-08-1983 08:00,2050.9,0.0813,14406.17789,FALSE
17-08-1983 08:00,2654.5,0.2079,47681.61552,FALSE
18-08-1983 08:00,2409.7,0.1916,39890.75213,FALSE
20-08-1983 08:00,3294.5,0.3105,88382.2104,FALSE
22-08-1983 08:00,3224.8,0.2699,75200.27213,FALSE
23-08-1983 08:00,2094.1,0.2124,38429.58298,FALSE
24-08-1983 08:00,1265.7,0.1359,14861.54563,FALSE
25-08-1983 08:00,1125.8,0.1278,12430.99354,FALSE
26-08-1983 08:00,1033.8,0.171,15273.77472,FALSE
27-08-1983 08:00,920,0.1031,8195.2128,FALSE
29-08-1983 08:00,995.5,0.1199,10312.74288,FALSE
01-09-1983 08:00,801.4,0.0876,6065.508096,FALSE
02-09-1983 08:00,828.6,0.1103,7896.491712,FALSE
03-09-1983 08:00,580.3,0.0584,2928.054528,FALSE
06-09-1983 08:00,622.7,0.0785,4223.40048,FALSE
07-09-1983 08:00,636.3,0.0659,3622.939488,FALSE
08-09-1983 08:00,729.8,0.0747,4710.187584,FALSE
12-09-1983 08:00,1068.2,0.159,14674.50432,FALSE
14-09-1983 08:00,1064,0.1201,11040.74496,FALSE
15-09-1983 08:00,1084.8,0.0794,7441.901568,FALSE
16-09-1983 08:00,1204,0.1704,17725.96224,FALSE
19-09-1983 08:00,959.5,0.0767,6358.49136,FALSE
20-09-1983 08:00,920.9,0.025,1989.144,FALSE
21-09-1983 08:00,772.9,0.0476,3178.659456,FALSE
22-09-1983 08:00,815.5,0.0439,3093.15888,FALSE
23-09-1983 08:00,996.4,0.072,6198.40512,FALSE
24-09-1983 08:00,652.1,0.0562,3166.388928,FALSE
26-09-1983 08:00,742.9,0.0239,1534.058784,FALSE
27-09-1983 08:00,702.6,0.0515,3126.28896,FALSE
28-09-1983 08:00,649.1,0.029,1626.38496,FALSE
29-09-1983 08:00,747.4,0.0992,6405.875712,FALSE
30-09-1983 08:00,1293.3,0.234,26147.42208,FALSE
01-10-1983 08:00,953.1,0.1024,8432.418816,FALSE
03-10-1983 08:00,947.5,0.1084,8874.0576,FALSE
04-10-1983 08:00,952.8,0.117,9631.66464,FALSE
05-10-1983 08:00,666.4,0.0423,2435.505408,FALSE
06-10-1983 08:00,643.1,0.0342,1900.283328,FALSE
07-10-1983 08:00,619.5,0.0322,1723.49856,FALSE
10-10-1983 08:00,339.8,0.0203,595.982016,FALSE
11-10-1983 08:00,318.5,0.0181,498.08304,FALSE
12-10-1983 08:00,302.5,0.0187,488.7432,FALSE
13-10-1983 08:00,299.5,0.0127,328.63536,FALSE
14-10-1983 08:00,286.2,0.0121,299.204928,FALSE
18-10-1983 08:00,241.3,0.0117,243.925344,FALSE
19-10-1983 08:00,240.9,0.0137,285.148512,FALSE
20-10-1983 08:00,247.4,0.0125,267.192,FALSE
21-10-1983 08:00,211.1,0.0105,191.50992,FALSE
22-10-1983 08:00,203.8,0.0185,325.75392,FALSE
24-10-1983 08:00,165.4,0.0225,321.5376,FALSE
25-10-1983 08:00,160.8,0.0135,187.55712,FALSE
26-10-1983 08:00,208.7,0.0229,412.925472,FALSE
27-10-1983 08:00,326.5,0.0571,1610.76816,FALSE
28-10-1983 08:00,298.2,0.0446,1149.095808,FALSE
29-10-1983 08:00,397,0.0547,1876.25376,FALSE
31-10-1983 08:00,366.3,0.0921,2914.810272,FALSE
01-11-1983 08:00,340.1,0.0916,2691.633024,FALSE
02-11-1983 08:00,221.1,0.0481,918.856224,FALSE
03-11-1983 08:00,335.3,0.0503,1457.186976,FALSE
05-11-1983 08:00,326.8,0.0917,2589.197184,FALSE
07-11-1983 08:00,297.3,0.0386,991.507392,FALSE
08-11-1983 08:00,260.4,0.023,517.46688,FALSE
09-11-1983 08:00,197.7,0.0292,498.773376,FALSE
10-11-1983 08:00,194.2,0.0181,303.697728,FALSE
11-11-1983 08:00,170,0.0194,284.9472,FALSE
12-11-1983 08:00,159.8,0.0174,240.236928,FALSE
14-11-1983 08:00,146.5,0.0159,201.25584,FALSE
15-11-1983 08:00,137.6,0.0142,168.818688,FALSE
16-11-1983 08:00,134.5,0.0107,124.34256,FALSE
17-11-1983 08:00,132.5,0.0134,153.4032,FALSE
18-11-1983 08:00,119.6,0.0115,118.83456,FALSE
24-11-1983 08:00,98.1,0.017,144.08928,FALSE
25-11-1983 08:00,94.1,0.0121,98.375904,FALSE
26-11-1983 08:00,91.1,0.0154,121.214016,FALSE
28-11-1983 08:00,85.2,0.0115,84.65472,FALSE
29-11-1983 08:00,85.7,0.0121,89.594208,FALSE
30-11-1983 08:00,84.1,0.0125,90.828,FALSE
01-12-1983 08:00,79.7,0.0091,62.663328,FALSE
02-12-1983 08:00,76.1,0.0119,78.242976,FALSE
03-12-1983 08:00,74.7,0.0117,75.512736,FALSE
05-12-1983 08:00,79.9,0.0149,102.860064,FALSE
06-12-1983 08:00,73.2,0.0143,90.440064,FALSE
07-12-1983 08:00,68.2,0.0134,78.959232,FALSE
08-12-1983 08:00,64.9,0.0125,70.092,FALSE
09-12-1983 08:00,65.5,0.0149,84.32208,FALSE
12-12-1983 08:00,58.5,0.0097,49.02768,FALSE
13-12-1983 08:00,55.6,0.0121,58.126464,FALSE
14-12-1983 08:00,46.3,0.0102,40.803264,FALSE
15-12-1983 08:00,45.9,0.0159,63.055584,FALSE
16-12-1983 08:00,44.5,0.0135,51.9048,FALSE
17-12-1983 08:00,41.7,0.0153,55.124064,FALSE
19-12-1983 08:00,38.2,0.0121,39.935808,FALSE
20-12-1983 08:00,38,0.0146,47.93472,FALSE
21-12-1983 08:00,35.2,0.0181,55.047168,FALSE
22-12-1983 08:00,34.8,0.0216,64.945152,FALSE
23-12-1983 08:00,33.9,0.0232,67.951872,FALSE
24-12-1983 08:00,34.7,0.0173,51.866784,FALSE
26-12-1983 08:00,75.8,0.0161,105.440832,FALSE
30-12-1983 08:00,166.3,0.0122,175.293504,FALSE
31-12-1983 08:00,103.8,0.0129,115.691328,FALSE
02-01-1984 08:00,63.5,0.018,98.7552,FALSE
03-01-1984 08:00,46.4,0.019,76.17024,FALSE
04-01-1984 08:00,43.4,0.02,74.9952,FALSE
05-01-1984 08:00,40.9,0.0133,46.999008,FALSE
06-01-1984 08:00,33,0.0154,43.90848,FALSE
07-01-1984 08:00,31.9,0.016,44.09856,FALSE
09-01-1984 08:00,30.5,0.0137,36.10224,FALSE
10-01-1984 08:00,32.7,0.0113,31.925664,FALSE
11-01-1984 08:00,31.2,0.0166,44.748288,FALSE
12-01-1984 08:00,29.4,0.0158,40.134528,FALSE
13-01-1984 08:00,28.5,0.0141,34.71984,FALSE
16-01-1984 08:00,27,0.0137,31.95936,FALSE
18-01-1984 08:00,23.9,0.0141,29.115936,FALSE
19-01-1984 08:00,23.7,0.0127,26.005536,FALSE
20-01-1984 08:00,24,0.0124,25.71264,FALSE
21-01-1984 08:00,23.9,0.0091,18.791136,FALSE
23-01-1984 08:00,23.1,0.011,21.95424,FALSE
24-01-1984 08:00,22.6,0.0123,24.017472,FALSE
25-01-1984 08:00,19.7,0.0103,17.531424,FALSE
27-01-1984 08:00,19.5,0.0104,17.52192,FALSE
28-01-1984 08:00,19,0.0099,16.25184,FALSE
30-01-1984 08:00,18,0.0106,16.48512,FALSE
31-01-1984 08:00,35.8,0.0106,32.787072,FALSE
01-02-1984 08:00,23.9,0.0246,50.798016,FALSE
02-02-1984 08:00,21.1,0.0203,37.007712,FALSE
03-02-1984 08:00,18.7,0.0178,28.759104,FALSE
04-02-1984 08:00,17.8,0.0184,28.297728,FALSE
06-02-1984 08:00,16.5,0.015,21.384,FALSE
07-02-1984 08:00,13.8,0.0126,15.023232,FALSE
08-02-1984 08:00,13.8,0.0082,9.777024,FALSE
09-02-1984 08:00,13.6,0.009,10.57536,FALSE
10-02-1984 08:00,12.9,0.0097,10.811232,FALSE
13-02-1984 08:00,10.6,0.0126,11.539584,FALSE
14-02-1984 08:00,10.5,0.011,9.9792,FALSE
15-02-1984 08:00,10.4,0.0102,9.165312,FALSE
16-02-1984 08:00,10.2,0.0111,9.782208,FALSE
17-02-1984 08:00,13.7,0.0097,11.481696,FALSE
18-02-1984 08:00,11.4,0.0124,12.213504,FALSE
20-02-1984 08:00,10.1,0.0098,8.551872,FALSE
21-02-1984 08:00,9.4,0.0104,8.446464,FALSE
22-02-1984 08:00,9.3,0.01,8.0352,FALSE
23-02-1984 08:00,9.2,0.0102,8.107776,FALSE
24-02-1984 08:00,9.1,0.011,8.64864,FALSE
25-02-1984 08:00,8.9,0.0099,7.612704,FALSE
27-02-1984 08:00,8.6,0.0095,7.05888,FALSE
28-02-1984 08:00,8.5,0.0103,7.56432,FALSE
29-02-1984 08:00,8.4,0.011,7.98336,FALSE
01-03-1984 08:00,8.1,0.0116,8.118144,FALSE
02-03-1984 08:00,7.9,0.0113,7.712928,FALSE
03-03-1984 08:00,7.3,0.0129,8.136288,FALSE
05-03-1984 08:00,8.4,0.0102,7.402752,FALSE
06-03-1984 08:00,9,0.013,10.1088,FALSE
07-03-1984 08:00,18.4,0.0106,16.851456,FALSE
08-03-1984 08:00,30.4,0.0225,59.0976,FALSE
09-03-1984 08:00,110.9,0.033,316.19808,FALSE
12-03-1984 08:00,37.4,0.0286,92.416896,FALSE
13-03-1984 08:00,52.3,0.0301,136.013472,FALSE
14-03-1984 08:00,34.7,0.0202,60.561216,FALSE
15-03-1984 08:00,21.6,0.0198,36.951552,FALSE
16-03-1984 08:00,22.5,0.0206,40.0464,FALSE
17-03-1984 08:00,20.6,0.0177,31.503168,FALSE
19-03-1984 08:00,15.3,0.0173,22.869216,FALSE
20-03-1984 08:00,13.8,0.0193,23.011776,FALSE
21-03-1984 08:00,10.8,0.0172,16.049664,FALSE
22-03-1984 08:00,9.9,0.0158,13.514688,FALSE
23-03-1984 08:00,8.8,0.0125,9.504,FALSE
24-03-1984 08:00,8,0.013,8.9856,FALSE
26-03-1984 08:00,7.2,0.0123,7.651584,FALSE
27-03-1984 08:00,6.5,0.0176,9.88416,FALSE
28-03-1984 08:00,6.6,0.0171,9.751104,FALSE
29-03-1984 08:00,6.4,0.0149,8.239104,FALSE
30-03-1984 08:00,6.1,0.0128,6.746112,FALSE
31-03-1984 08:00,5.4,0.0125,5.832,FALSE
03-04-1984 08:00,4.3,0.0145,5.38704,FALSE
04-04-1984 08:00,4.6,0.0225,8.9424,FALSE
05-04-1984 08:00,5.3,0.0188,8.608896,FALSE
06-04-1984 08:00,11.4,0.0155,15.26688,FALSE
07-04-1984 08:00,20.2,0.0198,34.556544,FALSE
09-04-1984 08:00,14.8,0.0248,31.712256,FALSE
10-04-1984 08:00,16,0.0228,31.51872,FALSE
11-04-1984 08:00,14,0.0307,37.13472,FALSE
16-04-1984 08:00,20,0.048,82.944,FALSE
17-04-1984 08:00,15,0.0486,62.9856,FALSE
18-04-1984 08:00,12.2,0.0234,24.665472,FALSE
19-04-1984 08:00,12,0.0227,23.53536,FALSE
21-04-1984 08:00,15.7,0.0162,21.974976,FALSE
23-04-1984 08:00,37.6,0.0369,119.874816,FALSE
30-04-1984 08:00,9.7,0.0126,10.559808,FALSE
01-05-1984 08:00,8.6,0.0218,16.198272,FALSE
02-05-1984 08:00,7.4,0.02,12.7872,FALSE
03-05-1984 08:00,6.6,0.0149,8.496576,FALSE
04-05-1984 08:00,5.6,0.0193,9.338112,FALSE
05-05-1984 08:00,5.1,0.0151,6.653664,FALSE
07-05-1984 08:00,4.5,0.0211,8.20368,FALSE
08-05-1984 08:00,5.6,0.0132,6.386688,FALSE
09-05-1984 08:00,4.7,0.0111,4.507488,FALSE
10-05-1984 08:00,5.5,0.0112,5.32224,FALSE
11-05-1984 08:00,11.5,0.0125,12.42,FALSE
12-05-1984 08:00,15,0.0232,30.0672,FALSE
14-05-1984 08:00,34.8,0.0413,124.177536,FALSE
16-05-1984 08:00,16.8,0.097,140.79744,FALSE
17-05-1984 08:00,14.7,0.0768,97.542144,FALSE
18-05-1984 08:00,11.3,0.0456,44.520192,FALSE
19-05-1984 08:00,9.9,0.0313,26.772768,FALSE
21-05-1984 08:00,14.3,0.0231,28.540512,FALSE
22-05-1984 08:00,22.5,0.0261,50.7384,FALSE
23-05-1984 08:00,14.7,0.0196,24.893568,FALSE
24-05-1984 08:00,11.5,0.0228,22.65408,FALSE
25-05-1984 08:00,11.3,0.0192,18.745344,FALSE
26-05-1984 08:00,8.4,0.0106,7.693056,FALSE
28-05-1984 08:00,5.5,0.0159,7.55568,FALSE
29-05-1984 08:00,8,0.0191,13.20192,FALSE
30-05-1984 08:00,7.1,0.0195,11.96208,FALSE
31-05-1984 08:00,6.1,0.0166,8.748864,FALSE
01-06-1984 08:00,6.2,0.0127,6.803136,FALSE
02-06-1984 08:00,5.9,0.0133,6.779808,FALSE
05-06-1984 08:00,55.3,0.0436,208.317312,FALSE
06-06-1984 08:00,47,0.0324,131.56992,FALSE
07-06-1984 08:00,71.2,0.0531,326.654208,FALSE
08-06-1984 08:00,236,0.1703,3472.48512,FALSE
09-06-1984 08:00,257.6,0.0918,2043.159552,FALSE
10-06-1984 08:00,197.5,0.0574,979.4736,FALSE
11-06-1984 08:00,197.8,0.0553,945.072576,FALSE
12-06-1984 08:00,182.1,0.0675,1062.0072,FALSE
13-06-1984 08:00,455.6,0.3495,13757.66208,FALSE
14-06-1984 08:00,288.4,0.0578,1440.246528,FALSE
15-06-1984 08:00,1391.3,0.3471,41724.30787,FALSE
16-06-1984 08:00,1802.8,0.3622,56416.96742,FALSE
18-06-1984 08:00,2270.3,0.2006,39348.47635,FALSE
19-06-1984 08:00,2480.3,0.1247,26722.95062,FALSE
20-06-1984 08:00,1863.7,0.1048,16875.28166,FALSE
21-06-1984 08:00,951.5,0.0515,4233.7944,FALSE
22-06-1984 08:00,736.7,0.0483,3074.337504,FALSE
23-06-1984 08:00,966.7,0.1032,8619.561216,FALSE
24-06-1984 08:00,761.6,0.0781,5139.154944,FALSE
25-06-1984 08:00,729.9,0.09,5675.7024,FALSE
26-06-1984 08:00,602.9,0.0819,4266.216864,FALSE
27-06-1984 08:00,776.5,0.066,4427.9136,FALSE
28-06-1984 08:00,787.9,0.0629,4281.889824,FALSE
29-06-1984 08:00,1003.2,0.1087,9421.733376,FALSE
01-07-1984 08:00,2320.3,0.1225,24558.0552,FALSE
02-07-1984 08:00,3262.8,0.4769,134440.9332,FALSE
03-07-1984 08:00,2083.2,0.0688,12383.20742,FALSE
04-07-1984 08:00,1354.8,0.0318,3722.340096,FALSE
05-07-1984 08:00,970.8,0.0228,1912.398336,FALSE
06-07-1984 08:00,1867.6,0.1017,16410.37709,FALSE
07-07-1984 08:00,1193.2,0.046,4742.25408,FALSE
08-07-1984 08:00,834.9,0.0227,1637.472672,FALSE
09-07-1984 08:00,719.4,0.0256,1591.197696,FALSE
10-07-1984 08:00,602.2,0.0323,1680.571584,FALSE
11-07-1984 08:00,623.4,0.0422,2272.966272,FALSE
12-07-1984 08:00,492.8,0.0235,1000.58112,FALSE
13-07-1984 08:00,622.6,0.0197,1059.715008,FALSE
14-07-1984 08:00,1564.3,0.235,31761.5472,FALSE
15-07-1984 08:00,1515.2,0.1988,26025.56006,FALSE
16-07-1984 08:00,1744.8,0.2068,31175.2489,FALSE
17-07-1984 08:00,2478.5,0.2043,43749.29232,FALSE
18-07-1984 08:00,3576.2,0.2192,67729.22266,FALSE
19-07-1984 08:00,2540.9,0.1342,29461.43059,FALSE
20-07-1984 08:00,1793.7,0.1159,17961.68131,FALSE
21-07-1984 08:00,1599.2,0.101,13955.25888,FALSE
22-07-1984 08:00,1266.3,0.1066,11662.92691,FALSE
24-07-1984 08:00,1147.7,0.0818,8111.392704,FALSE
25-07-1984 08:00,978.1,0.0814,6878.938176,FALSE
26-07-1984 08:00,843.2,0.032,2331.27936,FALSE
27-07-1984 08:00,758.5,0.0409,2680.35696,FALSE
28-07-1984 08:00,811.9,0.0435,3051.44496,FALSE
29-07-1984 08:00,817.8,0.0225,1589.8032,FALSE
30-07-1984 08:00,954.1,0.0714,5885.804736,FALSE
31-07-1984 08:00,1455.8,0.1277,16062.24902,FALSE
01-08-1984 08:00,1751.8,0.171,25881.79392,FALSE
02-08-1984 08:00,1943.2,0.1148,19274.0567,FALSE
03-08-1984 08:00,1478.3,0.0765,9770.97168,FALSE
04-08-1984 08:00,1333.3,0.0469,5402.744928,FALSE
05-08-1984 08:00,1090.7,0.03,2827.0944,FALSE
06-08-1984 08:00,1097.3,0.0329,3119.141088,FALSE
07-08-1984 08:00,1275.5,0.0958,10557.46656,FALSE
08-08-1984 08:00,1780.9,0.1422,21880.27987,FALSE
09-08-1984 08:00,1288.7,0.0485,5400.16848,FALSE
10-08-1984 08:00,982,0.0384,3258.04032,FALSE
11-08-1984 08:00,946.6,0.0365,2985.19776,FALSE
13-08-1984 08:00,667,0.0245,1411.9056,FALSE
14-08-1984 08:00,1159.7,0.105,10520.7984,FALSE
16-08-1984 08:00,1249.3,0.0489,5278.242528,FALSE
17-08-1984 08:00,1146,0.0329,3257.57376,FALSE
18-08-1984 08:00,957.6,0.0299,2473.825536,FALSE
20-08-1984 08:00,739.3,0.0317,2024.853984,FALSE
21-08-1984 08:00,1045.8,0.1033,9333.890496,FALSE
22-08-1984 08:00,810.5,0.0432,3025.17504,FALSE
23-08-1984 08:00,646.1,0.0416,2322.238464,FALSE
24-08-1984 08:00,640.7,0.0368,2037.118464,FALSE
25-08-1984 08:00,614.8,0.0483,2565.634176,FALSE
27-08-1984 08:00,442.5,0.021,802.872,FALSE
28-08-1984 08:00,460.7,0.0106,421.927488,FALSE
29-08-1984 08:00,456.5,0.0262,1033.36992,FALSE
31-08-1984 08:00,381.6,0.0352,1160.552448,FALSE
01-09-1984 08:00,348.2,0.0254,764.145792,FALSE
04-09-1984 08:00,400.1,0.0209,722.484576,FALSE
05-09-1984 08:00,332.6,0.0177,508.638528,FALSE
06-09-1984 08:00,342.7,0.0135,399.72528,FALSE
10-09-1984 08:00,248.7,0.0119,255.703392,FALSE
11-09-1984 08:00,233,0.0115,231.5088,FALSE
12-09-1984 08:00,390.3,0.036,1213.98912,FALSE
13-09-1984 08:00,358.6,0.0303,938.786112,FALSE
15-09-1984 08:00,223.9,0.0139,268.894944,FALSE
17-09-1984 08:00,201.9,0.0131,228.518496,FALSE
18-09-1984 08:00,211.2,0.0128,233.570304,FALSE
19-09-1984 08:00,205.4,0.0186,330.086016,FALSE
20-09-1984 08:00,170.7,0.0171,252.199008,FALSE
21-09-1984 08:00,396.7,0.1037,3554.305056,FALSE
22-09-1984 08:00,228.3,0.034,670.65408,FALSE
24-09-1984 08:00,459,0.041,1625.9616,FALSE
25-09-1984 08:00,213.5,0.0576,1062.51264,FALSE
26-09-1984 08:00,289.3,0.0518,1294.767936,FALSE
29-09-1984 08:00,331.9,0.0689,1975.787424,FALSE
01-10-1984 08:00,225,0.0135,262.44,FALSE
03-10-1984 08:00,726.4,0.1654,10380.66278,FALSE
05-10-1984 08:00,971.9,0.2749,23083.94678,FALSE
08-10-1984 08:00,566.1,0.0926,4529.162304,FALSE
09-10-1984 08:00,522,0.0687,3098.42496,FALSE
10-10-1984 08:00,849.6,0.1247,9153.658368,FALSE
11-10-1984 08:00,455,0.0283,1112.5296,FALSE
12-10-1984 08:00,342,0.0194,573.24672,FALSE
13-10-1984 08:00,379.5,0.0324,1062.35712,FALSE
15-10-1984 08:00,272.2,0.0155,364.53024,FALSE
16-10-1984 08:00,234.9,0.0191,387.641376,FALSE
17-10-1984 08:00,249.7,0.0151,325.768608,FALSE
18-10-1984 08:00,213.3,0.0119,219.306528,FALSE
19-10-1984 08:00,199.8,0.007,120.83904,FALSE
20-10-1984 08:00,193.3,0.0138,230.475456,FALSE
22-10-1984 08:00,176.9,0.0104,158.955264,FALSE
25-10-1984 08:00,156.7,0.0098,132.681024,FALSE
26-10-1984 08:00,166.6,0.0095,136.74528,FALSE
27-10-1984 08:00,185.4,0.0093,148.972608,FALSE
29-10-1984 08:00,144.9,0.0117,146.476512,FALSE
30-10-1984 08:00,127.4,0.0094,103.469184,FALSE
31-10-1984 08:00,144.1,0.0287,357.321888,FALSE
02-11-1984 08:00,121.1,0.0268,280.409472,FALSE
05-11-1984 08:00,177.7,0.068,1044.02304,FALSE
06-11-1984 08:00,147.8,0.0208,265.614336,FALSE
07-11-1984 08:00,147,0.0193,245.12544,FALSE
09-11-1984 08:00,96.5,0.0182,151.74432,FALSE
12-11-1984 08:00,87.9,0.008,60.75648,FALSE
13-11-1984 08:00,85,0.0125,91.8,FALSE
14-11-1984 08:00,82.6,0.0105,74.93472,FALSE
15-11-1984 08:00,83,0.0082,58.80384,FALSE
16-11-1984 08:00,83.7,0.0064,46.282752,FALSE
17-11-1984 08:00,77.4,0.0076,50.823936,FALSE
19-11-1984 08:00,93,0.028,224.9856,FALSE
20-11-1984 08:00,81.7,0.0045,31.76496,FALSE
21-11-1984 08:00,83,0.0059,42.31008,FALSE
22-11-1984 08:00,79.8,0.0051,35.163072,FALSE
23-11-1984 08:00,71.5,0.0039,24.09264,FALSE
24-11-1984 08:00,72.7,0.0036,22.612608,FALSE
26-11-1984 08:00,58.3,0.0026,13.096512,FALSE
27-11-1984 08:00,59.5,0.0025,12.852,FALSE
28-11-1984 08:00,58.4,0.0032,16.146432,FALSE
29-11-1984 08:00,50.1,0.0021,9.090144,FALSE
30-11-1984 08:00,53.2,0.0017,7.814016,FALSE
01-12-1984 08:00,49.1,0.0117,49.634208,FALSE
03-12-1984 08:00,43.5,0.0123,46.22832,FALSE
04-12-1984 08:00,45.7,0.0095,37.51056,FALSE
05-12-1984 08:00,45.6,0.01,39.3984,FALSE
06-12-1984 08:00,41.4,0.0107,38.273472,FALSE
07-12-1984 08:00,44,0.0112,42.57792,FALSE
08-12-1984 08:00,41.3,0.0109,38.894688,FALSE
10-12-1984 08:00,38,0.0077,25.28064,FALSE
11-12-1984 08:00,39,0.0095,32.0112,FALSE
12-12-1984 08:00,36.3,0.0106,33.244992,FALSE
13-12-1984 08:00,33.7,0.0088,25.622784,FALSE
14-12-1984 08:00,34.3,0.009,26.67168,FALSE
15-12-1984 08:00,32.6,0.012,33.79968,FALSE
17-12-1984 08:00,33.2,0.0112,32.126976,FALSE
18-12-1984 08:00,30.5,0.0094,24.77088,FALSE
19-12-1984 08:00,30.7,0.0085,22.54608,FALSE
20-12-1984 08:00,27.5,0.0074,17.5824,FALSE
21-12-1984 08:00,27.1,0.0111,25.989984,FALSE
22-12-1984 08:00,26.8,0.011,25.47072,FALSE
26-12-1984 08:00,24.6,0.0051,10.839744,FALSE
27-12-1984 08:00,24.7,0.0012,2.560896,FALSE
28-12-1984 08:00,24.5,0.0056,11.85408,FALSE
29-12-1984 08:00,22.6,0.0068,13.277952,FALSE
31-12-1984 08:00,21.8,0.0042,7.910784,FALSE
01-01-1985 08:00,21.8,0.0043,8.099136,FALSE
02-01-1985 08:00,22.4,0.0077,14.902272,FALSE
03-01-1985 08:00,23.9,0.0105,21.68208,FALSE
04-01-1985 08:00,30.1,0.0069,17.944416,FALSE
05-01-1985 08:00,33.2,0.0093,26.676864,FALSE
06-01-1985 08:00,30,0.0081,20.9952,FALSE
07-01-1985 08:00,26.1,0.0069,15.559776,FALSE
08-01-1985 08:00,25,0.0068,14.688,FALSE
09-01-1985 08:00,23.7,0.0046,9.419328,FALSE
10-01-1985 08:00,26,0.007,15.7248,FALSE
11-01-1985 08:00,27.4,0.0099,23.436864,FALSE
12-01-1985 08:00,26.8,0.0103,23.849856,FALSE
13-01-1985 08:00,29.5,0.0102,25.99776,FALSE
15-01-1985 08:00,23.4,0.0114,23.048064,FALSE
16-01-1985 08:00,21.8,0.0111,20.907072,FALSE
17-01-1985 08:00,20.2,0.0124,21.641472,FALSE
18-01-1985 08:00,18.6,0.0085,13.65984,FALSE
19-01-1985 08:00,17.8,0.0088,13.533696,FALSE
20-01-1985 08:00,17.5,0.0086,13.0032,FALSE
21-01-1985 08:00,16.1,0.0082,11.406528,FALSE
22-01-1985 08:00,16,0.008,11.0592,FALSE
23-01-1985 08:00,15.5,0.0077,10.31184,FALSE
24-01-1985 08:00,15,0.0085,11.016,FALSE
25-01-1985 08:00,14.5,0.0088,11.02464,FALSE
26-01-1985 08:00,14,0.0083,10.03968,FALSE
27-01-1985 08:00,13.3,0.0087,9.997344,FALSE
28-01-1985 08:00,11.6,0.0104,10.423296,FALSE
29-01-1985 08:00,11.2,0.0117,11.321856,FALSE
04-02-1985 08:00,9.4,0.0102,8.284032,FALSE
05-02-1985 08:00,9.9,0.0097,8.296992,FALSE
06-02-1985 08:00,9.8,0.0086,7.281792,FALSE
07-02-1985 08:00,8.8,0.0123,9.351936,FALSE
08-02-1985 08:00,9.1,0.0078,6.132672,FALSE
09-02-1985 08:00,8.4,0.0071,5.152896,FALSE
10-02-1985 08:00,9.2,0.0077,6.120576,FALSE
11-02-1985 08:00,8.4,0.0071,5.152896,FALSE
12-02-1985 08:00,8.2,0.0101,7.155648,FALSE
13-02-1985 08:00,8.2,0.0073,5.171904,FALSE
14-02-1985 08:00,7.9,0.0075,5.1192,FALSE
15-02-1985 08:00,8.1,0.0105,7.34832,FALSE
16-02-1985 08:00,8,0.0074,5.11488,FALSE
17-02-1985 08:00,7.9,0.0105,7.16688,FALSE
18-02-1985 08:00,7.7,0.0092,6.120576,FALSE
19-02-1985 08:00,7.9,0.0075,5.1192,FALSE
20-02-1985 08:00,7,0.0101,6.10848,FALSE
21-02-1985 08:00,7,0.0085,5.1408,FALSE
22-02-1985 08:00,6.9,0.0108,6.438528,FALSE
23-02-1985 08:00,6.9,0.0104,6.200064,FALSE
25-02-1985 08:00,6.5,0.0109,6.12144,FALSE
26-02-1985 08:00,5.9,0.0098,4.995648,FALSE
27-02-1985 08:00,5.5,0.0103,4.89456,FALSE
28-02-1985 08:00,5.7,0.0103,5.072544,FALSE
01-03-1985 08:00,5.2,0.011,4.94208,FALSE
02-03-1985 08:00,4.9,0.0107,4.529952,FALSE
04-03-1985 08:00,4.2,0.0111,4.027968,FALSE
06-03-1985 08:00,4,0.0099,3.42144,FALSE
07-03-1985 08:00,4,0.0104,3.59424,FALSE
08-03-1985 08:00,4,0.01,3.456,FALSE
09-03-1985 08:00,3.9,0.0159,5.357664,FALSE
11-03-1985 08:00,3.3,0.0175,4.9896,FALSE
12-03-1985 08:00,3.2,0.0112,3.096576,FALSE
13-03-1985 08:00,3.1,0.0132,3.535488,FALSE
14-03-1985 08:00,2.9,0.0171,4.284576,FALSE
15-03-1985 08:00,2.8,0.0189,4.572288,FALSE
16-03-1985 08:00,2.7,0.0155,3.61584,FALSE
18-03-1985 08:00,2.4,0.0135,2.79936,FALSE
19-03-1985 08:00,2.2,0.0072,1.368576,FALSE
20-03-1985 08:00,2.1,0.0036,0.653184,FALSE
21-03-1985 08:00,1.8,0.0108,1.679616,FALSE
23-03-1985 08:00,1.7,0.0055,0.80784,FALSE
25-03-1985 08:00,2,0.0111,1.91808,FALSE
26-03-1985 08:00,2,0.007,1.2096,FALSE
27-03-1985 08:00,2,0.0052,0.89856,FALSE
28-03-1985 08:00,1.7,0.0079,1.160352,FALSE
29-03-1985 08:00,1.7,0.0124,1.821312,FALSE
30-03-1985 08:00,1.7,0.0149,2.188512,FALSE
01-04-1985 08:00,2.8,0.012,2.90304,FALSE
02-04-1985 08:00,3,0.0152,3.93984,FALSE
04-04-1985 08:00,2.9,0.0134,3.357504,FALSE
06-04-1985 08:00,6.1,0.013,6.85152,FALSE
08-04-1985 08:00,7.3,0.0133,8.388576,FALSE
09-04-1985 08:00,5.8,0.0126,6.314112,FALSE
10-04-1985 08:00,5.7,0.0115,5.66352,FALSE
11-04-1985 08:00,5.2,0.0139,6.244992,FALSE
12-04-1985 08:00,4.9,0.0129,5.461344,FALSE
15-04-1985 08:00,3.4,0.0139,4.083264,FALSE
16-04-1985 08:00,3.2,0.0171,4.727808,FALSE
17-04-1985 08:00,2.9,0.0072,1.804032,FALSE
18-04-1985 08:00,2.4,0.0193,4.002048,FALSE
19-04-1985 08:00,2,0.016,2.7648,FALSE
20-04-1985 08:00,1.8,0.0053,0.824256,FALSE
22-04-1985 08:00,2.2,0.0155,2.94624,FALSE
23-04-1985 08:00,1.9,0.011,1.80576,FALSE
24-04-1985 08:00,1.7,0.0167,2.452896,FALSE
25-04-1985 08:00,1.6,0.0117,1.617408,FALSE
26-04-1985 08:00,1.4,0.005,0.6048,FALSE
27-04-1985 08:00,1.8,0.0049,0.762048,FALSE
29-04-1985 08:00,1.6,0.0094,1.299456,FALSE
30-04-1985 08:00,1.4,0.006,0.72576,FALSE
01-05-1985 08:00,1.3,0.0054,0.606528,FALSE
02-05-1985 08:00,1.9,0.0028,0.459648,FALSE
03-05-1985 08:00,1.9,0.006,0.98496,FALSE
06-05-1985 08:00,1.5,0.0109,1.41264,FALSE
07-05-1985 08:00,1.4,0.0059,0.713664,FALSE
08-05-1985 08:00,1.2,0.006,0.62208,FALSE
09-05-1985 08:00,1.2,0.0053,0.549504,FALSE
10-05-1985 08:00,1,0.005,0.432,FALSE
11-05-1985 08:00,0.9,0.0055,0.42768,FALSE
13-05-1985 08:00,0.9,0.0066,0.513216,FALSE
14-05-1985 08:00,0.7,0.0111,0.671328,FALSE
15-05-1985 08:00,0.4,0.0084,0.290304,FALSE
16-05-1985 08:00,0.6,0.0063,0.326592,FALSE
17-05-1985 08:00,1.2,0.0061,0.632448,FALSE
18-05-1985 08:00,3.1,0.0092,2.464128,FALSE
20-05-1985 08:00,8.4,0.0362,26.272512,FALSE
21-05-1985 08:00,13,0.0203,22.80096,FALSE
22-05-1985 08:00,10.3,0.0222,19.756224,FALSE
23-05-1985 08:00,6.5,0.0198,11.11968,FALSE
24-05-1985 08:00,5.4,0.0439,20.481984,FALSE
25-05-1985 08:00,5.3,0.0453,20.743776,FALSE
27-05-1985 08:00,6,0.0493,25.55712,FALSE
28-05-1985 08:00,22.8,0.3866,761.571072,FALSE
29-05-1985 08:00,18.1,0.1348,210.805632,FALSE
30-05-1985 08:00,11.4,0.0449,44.224704,FALSE
31-05-1985 08:00,13.7,0.0305,36.10224,FALSE
01-06-1985 08:00,18.6,0.0393,63.156672,FALSE
02-06-1985 08:00,20.5,0.028,49.5936,FALSE
03-06-1985 08:00,41.9,0.0199,72.041184,FALSE
04-06-1985 08:00,47.5,0.0174,71.4096,FALSE
05-06-1985 08:00,47.3,0.0379,154.886688,FALSE
06-06-1985 08:00,124.8,0.2734,2947.995648,FALSE
07-06-1985 08:00,125.2,0.111,1200.71808,FALSE
08-06-1985 08:00,112,0.0411,397.71648,FALSE
09-06-1985 08:00,110.2,0.0635,604.60128,FALSE
10-06-1985 08:00,102.5,0.0318,281.6208,FALSE
11-06-1985 08:00,204.7,0.1399,2474.282592,FALSE
12-06-1985 08:00,274.5,0.1425,3379.644,FALSE
13-06-1985 08:00,222,0.101,1937.2608,FALSE
14-06-1985 08:00,173.5,0.0434,650.58336,FALSE
15-06-1985 08:00,155.2,0.0325,435.8016,FALSE
17-06-1985 08:00,188.7,0.0384,626.061312,FALSE
18-06-1985 08:00,478,0.2195,9065.1744,FALSE
19-06-1985 08:00,532.4,0.1291,5938.517376,FALSE
20-06-1985 08:00,610,0.1556,8200.7424,FALSE
21-06-1985 08:00,359.9,0.0438,1361.976768,FALSE
22-06-1985 08:00,325.8,0.0307,864.177984,FALSE
24-06-1985 08:00,1515.5,0.1535,20099.1672,FALSE
25-06-1985 08:00,2141.5,0.1825,33767.172,FALSE
26-06-1985 08:00,2600.1,0.1133,25452.69091,FALSE
27-06-1985 08:00,2229.7,0.1258,24234.87686,FALSE
28-06-1985 08:00,1977.8,0.0813,13892.7001,FALSE
29-06-1985 08:00,2015.5,0.0609,10605.07728,FALSE
01-07-1985 08:00,829.9,0.0383,2746.238688,FALSE
02-07-1985 08:00,851.3,0.0438,3221.591616,FALSE
03-07-1985 08:00,546.8,0.031,1464.54912,FALSE
04-07-1985 08:00,892.5,0.0791,6099.5592,FALSE
05-07-1985 08:00,1099.5,0.045,4274.856,FALSE
06-07-1985 08:00,860.5,0.0285,2118.8952,FALSE
07-07-1985 08:00,775.8,0.0215,1441.12608,FALSE
08-07-1985 08:00,762.2,0.0199,1310.496192,FALSE
09-07-1985 08:00,1246.3,0.1116,12017.12371,FALSE
10-07-1985 08:00,1396.1,0.0849,10240.8961,FALSE
11-07-1985 08:00,852.4,0.0271,1995.843456,FALSE
12-07-1985 08:00,1150.6,0.0774,7694.476416,FALSE
13-07-1985 08:00,998.9,0.0733,6326.153568,FALSE
14-07-1985 08:00,900.2,0.0618,4806.635904,FALSE
15-07-1985 08:00,656.8,0.0229,1299.518208,FALSE
16-07-1985 08:00,744,0.0324,2082.72384,FALSE
17-07-1985 08:00,630.4,0.0303,1650.336768,FALSE
18-07-1985 08:00,708.1,0.0363,2220.828192,FALSE
19-07-1985 08:00,1518.8,0.192,25195.06944,FALSE
20-07-1985 08:00,1065.1,0.0353,3248.469792,FALSE
21-07-1985 08:00,740.8,0.0263,1683.334656,FALSE
22-07-1985 08:00,1104.5,0.0843,8044.64784,FALSE
23-07-1985 08:00,995.8,0.0236,2030.476032,FALSE
24-07-1985 08:00,892,0.0191,1472.01408,FALSE
25-07-1985 08:00,896.6,0.0423,3276.821952,FALSE
26-07-1985 08:00,765.5,0.0191,1263.25872,FALSE
27-07-1985 08:00,694.4,0.0179,1073.931264,FALSE
28-07-1985 08:00,591.1,0.012,612.85248,FALSE
29-07-1985 08:00,517,0.0095,424.3536,FALSE
30-07-1985 08:00,617.8,0.0581,3101.257152,FALSE
31-07-1985 08:00,613.1,0.0573,3035.286432,FALSE
01-08-1985 08:00,1611.5,0.1524,21219.20064,FALSE
02-08-1985 08:00,1480,0.0655,8375.616,FALSE
03-08-1985 08:00,1773.3,0.1352,20714.41382,FALSE
04-08-1985 08:00,1255.5,0.0414,4490.87328,FALSE
05-08-1985 08:00,1056.1,0.0257,2345.048928,FALSE
06-08-1985 08:00,769,0.0209,1388.62944,FALSE
07-08-1985 08:00,1102.1,0.0831,7912.901664,FALSE
08-08-1985 08:00,1402.6,0.0772,9355.454208,FALSE
09-08-1985 08:00,1693.1,0.1029,15052.60714,FALSE
10-08-1985 08:00,1453,0.0496,6226.74432,FALSE
11-08-1985 08:00,1574.7,0.0757,10299.29386,FALSE
12-08-1985 08:00,1607.3,0.0558,7748.986176,FALSE
13-08-1985 08:00,1568,0.0529,7166.63808,FALSE
14-08-1985 08:00,2153.8,0.1661,30909.26995,FALSE
16-08-1985 08:00,1517.1,0.0414,5426.606016,FALSE
17-08-1985 08:00,1612.7,0.0593,8262.700704,FALSE
18-08-1985 08:00,1241,0.0214,2294.55936,FALSE
19-08-1985 08:00,1056.9,0.0133,1214.504928,FALSE
20-08-1985 08:00,866.7,0.0244,1827.142272,FALSE
21-08-1985 08:00,706.9,0.0089,543.577824,FALSE
22-08-1985 08:00,1050.7,0.0375,3404.268,FALSE
23-08-1985 08:00,725.4,0.0307,1924.108992,FALSE
24-08-1985 08:00,692.3,0.0421,2518.199712,FALSE
26-08-1985 08:00,623.4,0.0822,4427.436672,FALSE
28-08-1985 08:00,633.6,0.0298,1631.342592,FALSE
29-08-1985 08:00,817.7,0.0488,3447.684864,FALSE
30-08-1985 08:00,805.1,0.0493,3429.339552,FALSE
31-08-1985 08:00,620.4,0.0202,1082.771712,FALSE
01-09-1985 08:00,516.4,0.0105,468.47808,FALSE
02-09-1985 08:00,428.3,0.0082,303.441984,FALSE
03-09-1985 08:00,493.6,0.0174,742.058496,FALSE
04-09-1985 08:00,385,0.0183,608.7312,FALSE
05-09-1985 08:00,376.8,0.0097,315.788544,FALSE
06-09-1985 08:00,493.8,0.0092,392.511744,FALSE
07-09-1985 08:00,427.6,0.0352,1300.451328,FALSE
08-09-1985 08:00,416.1,0.0581,2088.755424,FALSE
09-09-1985 08:00,380.6,0.0176,578.755584,FALSE
10-09-1985 08:00,351.6,0.0186,565.035264,FALSE
11-09-1985 08:00,318.3,0.0271,745.280352,FALSE
12-09-1985 08:00,474.9,0.0608,2494.706688,FALSE
13-09-1985 08:00,450.6,0.0358,1393.759872,FALSE
14-09-1985 08:00,363.9,0.0272,855.194112,FALSE
16-09-1985 08:00,305.5,0.0185,488.3112,FALSE
17-09-1985 08:00,260.9,0.0164,369.684864,FALSE
19-09-1985 08:00,229.6,0.0138,273.756672,FALSE
20-09-1985 08:00,218.6,0.0135,254.97504,FALSE
21-09-1985 08:00,220.5,0.0167,318.15504,FALSE
23-09-1985 08:00,195,0.0146,245.9808,FALSE
24-09-1985 08:00,176.1,0.0148,225.182592,FALSE
25-09-1985 08:00,197.8,0.0157,268.311744,FALSE
27-09-1985 08:00,346.2,0.0866,2590.351488,FALSE
28-09-1985 08:00,347.5,0.0411,1233.9864,FALSE
30-09-1985 08:00,402.4,0.1177,4092.118272,FALSE
01-10-1985 08:00,517.9,0.1823,8157.297888,FALSE
03-10-1985 08:00,782.9,0.1637,11073.08707,FALSE
04-10-1985 08:00,417.1,0.0498,1794.664512,FALSE
05-10-1985 08:00,634.2,0.0899,4926.059712,FALSE
06-10-1985 08:00,1061.2,0.2968,27212.90342,FALSE
07-10-1985 08:00,640.6,0.067,3708.30528,FALSE
08-10-1985 08:00,424,0.0195,714.3552,FALSE
09-10-1985 08:00,586.2,0.0724,3666.892032,FALSE
10-10-1985 08:00,542,0.0776,3633.91488,FALSE
11-10-1985 08:00,411.2,0.0427,1517.031936,FALSE
12-10-1985 08:00,443.4,0.0986,3777.342336,FALSE
13-10-1985 08:00,298.8,0.0301,777.071232,FALSE
14-10-1985 08:00,281.2,0.0164,398.449152,FALSE
15-10-1985 08:00,261.5,0.0101,228.19536,FALSE
16-10-1985 08:00,237.1,0.0114,233.534016,FALSE
17-10-1985 08:00,220.2,0.0114,216.888192,FALSE
18-10-1985 08:00,206,0.0118,210.02112,FALSE
19-10-1985 08:00,188.5,0.0112,182.40768,FALSE
23-10-1985 08:00,198.9,0.0177,304.173792,FALSE
24-10-1985 08:00,174.7,0.0131,197.732448,FALSE
25-10-1985 08:00,155,0.012,160.704,FALSE
26-10-1985 08:00,138,0.0176,209.84832,FALSE
27-10-1985 08:00,197.9,0.0236,403.526016,FALSE
28-10-1985 08:00,172.4,0.0132,196.618752,FALSE
29-10-1985 08:00,146.6,0.0154,195.060096,FALSE
30-10-1985 08:00,137.7,0.0157,186.787296,FALSE
31-10-1985 08:00,126.1,0.0154,167.783616,FALSE
01-11-1985 08:00,115.7,0.0115,114.95952,FALSE
02-11-1985 08:00,112.1,0.0123,119.130912,FALSE
04-11-1985 08:00,106.6,0.0121,111.443904,FALSE
05-11-1985 08:00,120.4,0.0116,120.669696,FALSE
06-11-1985 08:00,188.3,0.085,1382.8752,FALSE
07-11-1985 08:00,227.9,0.0601,1183.402656,FALSE
08-11-1985 08:00,231.4,0.048,959.66208,FALSE
09-11-1985 08:00,193.5,0.0618,1033.19712,FALSE
10-11-1985 08:00,155.5,0.0251,337.22352,FALSE
11-11-1985 08:00,134.5,0.0221,256.81968,FALSE
12-11-1985 08:00,113.8,0.0228,224.176896,FALSE
13-11-1985 08:00,105.6,0.0163,148.718592,FALSE
14-11-1985 08:00,90.9,0.0207,162.572832,FALSE
15-11-1985 08:00,94.7,0.0126,103.094208,FALSE
16-11-1985 08:00,91.4,0.0057,45.012672,FALSE
17-11-1985 08:00,90.1,0.0036,28.024704,FALSE
18-11-1985 08:00,85,0.0131,96.2064,FALSE
19-11-1985 08:00,80.6,0.0067,46.657728,FALSE
20-11-1985 08:00,81.3,0.0082,57.599424,FALSE
21-11-1985 08:00,80.6,0.0076,52.925184,FALSE
22-11-1985 08:00,79.7,0.0075,51.6456,FALSE
23-11-1985 08:00,79.7,0.0056,38.562048,FALSE
25-11-1985 08:00,75.9,0.0037,24.263712,FALSE
26-11-1985 08:00,70.2,0.0114,69.144192,FALSE
28-11-1985 08:00,59.7,0.0095,49.00176,FALSE
29-11-1985 08:00,62.6,0.0196,106.009344,FALSE
30-11-1985 08:00,58.7,0.0098,49.702464,FALSE
02-12-1985 08:00,57.6,0.0051,25.380864,FALSE
03-12-1985 08:00,56.8,0.0087,42.695424,FALSE
04-12-1985 08:00,57.5,0.0096,47.6928,FALSE
05-12-1985 08:00,52.9,0.0086,39.306816,FALSE
06-12-1985 08:00,51.3,0.0058,25.707456,FALSE
07-12-1985 08:00,51.1,0.0068,30.022272,FALSE
09-12-1985 08:00,51.2,0.0031,13.713408,FALSE
10-12-1985 08:00,119.6,0.014,144.66816,FALSE
11-12-1985 08:00,98.9,0.025,213.624,FALSE
12-12-1985 08:00,68.8,0.0061,36.260352,FALSE
13-12-1985 08:00,57.6,0.003,14.92992,FALSE
14-12-1985 08:00,53.8,0.0092,42.764544,FALSE
16-12-1985 08:00,40.4,0.0036,12.566016,FALSE
17-12-1985 08:00,46,0.0045,17.8848,FALSE
18-12-1985 08:00,54.6,0.0037,17.454528,FALSE
19-12-1985 08:00,40.6,0.0062,21.748608,FALSE
20-12-1985 08:00,38.7,0.0031,10.365408,FALSE
21-12-1985 08:00,37.6,0.0051,16.568064,FALSE
23-12-1985 08:00,34.4,0.006,17.83296,FALSE
24-12-1985 08:00,33,0.0039,11.11968,FALSE
26-12-1985 08:00,32.2,0.0068,18.918144,FALSE
27-12-1985 08:00,30.5,0.0038,10.01376,FALSE
28-12-1985 08:00,30.4,0.0058,15.234048,FALSE
30-12-1985 08:00,29.8,0.0039,10.041408,FALSE
31-12-1985 08:00,27.9,0.0063,15.186528,FALSE
01-01-1986 08:00,26.6,0.0016,3.677184,FALSE
02-01-1986 08:00,25.2,0.0035,7.62048,FALSE
03-01-1986 08:00,25.1,0.0025,5.4216,FALSE
04-01-1986 08:00,24.9,0.0072,15.489792,FALSE
05-01-1986 08:00,24.2,0.0057,11.918016,FALSE
06-01-1986 08:00,22.7,0.0038,7.452864,FALSE
07-01-1986 08:00,21.4,0.0019,3.513024,FALSE
08-01-1986 08:00,21.5,0.0081,15.04656,FALSE
09-01-1986 08:00,21.2,0.0028,5.128704,FALSE
10-01-1986 08:00,21.1,0.0046,8.385984,FALSE
11-01-1986 08:00,21,0.0064,11.61216,FALSE
12-01-1986 08:00,21,0.0063,11.43072,FALSE
13-01-1986 08:00,20.3,0.0051,8.944992,FALSE
14-01-1986 08:00,20.1,0.0023,3.994272,FALSE
15-01-1986 08:00,19.3,0.002,3.33504,FALSE
16-01-1986 08:00,19,0.0019,3.11904,FALSE
17-01-1986 08:00,19.8,0.0046,7.869312,FALSE
18-01-1986 08:00,21.9,0.0037,7.000992,FALSE
20-01-1986 08:00,19,0.0059,9.68544,FALSE
21-01-1986 08:00,18.1,0.0067,10.477728,FALSE
22-01-1986 08:00,17.9,0.0042,6.495552,FALSE
23-01-1986 08:00,16.2,0.0038,5.318784,FALSE
24-01-1986 08:00,15.6,0.0046,6.200064,FALSE
25-01-1986 08:00,14.8,0.0048,6.137856,FALSE
27-01-1986 08:00,13.6,0.0029,3.407616,FALSE
28-01-1986 08:00,13.7,0.0141,16.689888,FALSE
29-01-1986 08:00,13,0.0019,2.13408,FALSE
30-01-1986 08:00,12.3,0.0063,6.695136,FALSE
31-01-1986 08:00,12.5,0.0052,5.616,FALSE
01-02-1986 08:00,12,0.0045,4.6656,FALSE
03-02-1986 08:00,12.3,0.003,3.18816,FALSE
04-02-1986 08:00,11.5,0.0099,9.83664,FALSE
05-02-1986 08:00,11.2,0.0076,7.354368,FALSE
06-02-1986 08:00,11.3,0.0049,4.783968,FALSE
07-02-1986 08:00,10,0.0048,4.1472,FALSE
11-02-1986 08:00,8.7,0.0036,2.706048,FALSE
12-02-1986 08:00,9.2,0.005,3.9744,FALSE
13-02-1986 08:00,9.6,0.0048,3.981312,FALSE
14-02-1986 08:00,8.9,0.0021,1.614816,FALSE
15-02-1986 08:00,9,0.0035,2.7216,FALSE
17-02-1986 08:00,8.9,0.005,3.8448,FALSE
18-02-1986 08:00,8.3,0.003,2.15136,FALSE
19-02-1986 08:00,7.9,0.0025,1.7064,FALSE
20-02-1986 08:00,7.6,0.0044,2.889216,FALSE
21-02-1986 08:00,7,0.0029,1.75392,FALSE
22-02-1986 08:00,7.2,0.002,1.24416,FALSE
24-02-1986 08:00,6.7,0.0019,1.099872,FALSE
25-02-1986 08:00,7,0.0023,1.39104,FALSE
26-02-1986 08:00,6.7,0.0024,1.389312,FALSE
27-02-1986 08:00,7.8,0.0075,5.0544,FALSE
28-02-1986 08:00,6.2,0.0014,0.749952,FALSE
01-03-1986 08:00,5,0.0033,1.4256,FALSE
03-03-1986 08:00,5.5,0.0027,1.28304,FALSE
04-03-1986 08:00,5.3,0.0023,1.053216,FALSE
05-03-1986 08:00,5,0.006,2.592,FALSE
06-03-1986 08:00,4.5,0.0033,1.28304,FALSE
07-03-1986 08:00,4.3,0.0045,1.67184,FALSE
08-03-1986 08:00,4.4,0.0023,0.874368,FALSE
10-03-1986 08:00,4.3,0.0043,1.597536,FALSE
11-03-1986 08:00,3.8,0.0032,1.050624,FALSE
12-03-1986 08:00,3.8,0.0022,0.722304,FALSE
13-03-1986 08:00,3.8,0.003,0.98496,FALSE
14-03-1986 08:00,3.4,0.0014,0.411264,FALSE
15-03-1986 08:00,3.3,0.0026,0.741312,FALSE
17-03-1986 08:00,4.2,0.0089,3.229632,FALSE
18-03-1986 08:00,4.8,0.0068,2.820096,FALSE
19-03-1986 08:00,7.1,0.0053,3.251232,FALSE
20-03-1986 08:00,7.2,0.0053,3.297024,FALSE
21-03-1986 08:00,6.6,0.0062,3.535488,FALSE
22-03-1986 08:00,5.7,0.0029,1.428192,FALSE
24-03-1986 08:00,4.9,0.0061,2.582496,FALSE
25-03-1986 08:00,4.7,0.0033,1.340064,FALSE
26-03-1986 08:00,4.4,0.0081,3.079296,FALSE
27-03-1986 08:00,4.2,0.0068,2.467584,FALSE
29-03-1986 08:00,3.2,0.0079,2.184192,FALSE
31-03-1986 08:00,2.3,0.0034,0.675648,FALSE
01-04-1986 08:00,2.2,0.0027,0.513216,FALSE
02-04-1986 08:00,1.9,0.0027,0.443232,FALSE
03-04-1986 08:00,1.6,0.0024,0.331776,FALSE
04-04-1986 08:00,1.4,0.0043,0.520128,FALSE
05-04-1986 08:00,1.5,0.0066,0.85536,FALSE
07-04-1986 08:00,1.4,0.005,0.6048,FALSE
08-04-1986 08:00,1.3,0.0039,0.438048,FALSE
09-04-1986 08:00,1.3,0.0031,0.348192,FALSE
10-04-1986 08:00,1.3,0.0039,0.438048,FALSE
11-04-1986 08:00,1.2,0.023,2.38464,FALSE
15-04-1986 08:00,0.9,0.0033,0.256608,FALSE
16-04-1986 08:00,0.7,0.0043,0.260064,FALSE
17-04-1986 08:00,0.6,0.0048,0.248832,FALSE
18-04-1986 08:00,0.7,0.0052,0.314496,FALSE
19-04-1986 08:00,0.7,0.0066,0.399168,FALSE
21-04-1986 08:00,0.7,0.0065,0.39312,FALSE
23-04-1986 08:00,0.6,0.004,0.20736,FALSE
24-04-1986 08:00,0.5,0.005,0.216,FALSE
25-04-1986 08:00,0.6,0.0077,0.399168,FALSE
26-04-1986 08:00,0.6,0.0129,0.668736,FALSE
28-04-1986 08:00,1.8,0.0117,1.819584,FALSE
29-04-1986 08:00,2.2,0.0109,2.071872,FALSE
30-04-1986 08:00,2.3,0.007,1.39104,FALSE
01-05-1986 08:00,3.6,0.0109,3.390336,FALSE
02-05-1986 08:00,3.3,0.0092,2.623104,FALSE
03-05-1986 08:00,2.7,0.0028,0.653184,FALSE
05-05-1986 08:00,11.1,0.0082,7.864128,FALSE
06-05-1986 08:00,10,0.0223,19.2672,FALSE
07-05-1986 08:00,6.7,0.0228,13.198464,FALSE
08-05-1986 08:00,5.8,0.0119,5.963328,FALSE
10-05-1986 08:00,3.9,0.0245,8.25552,FALSE
12-05-1986 08:00,2.9,0.0239,5.988384,FALSE
13-05-1986 08:00,2.9,0.0241,6.038496,FALSE
14-05-1986 08:00,2.2,0.0156,2.965248,FALSE
15-05-1986 08:00,1.9,0.0232,3.808512,FALSE
16-05-1986 08:00,2.4,0.0323,6.697728,FALSE
17-05-1986 08:00,1.9,0.0142,2.331072,FALSE
19-05-1986 08:00,1.8,0.0134,2.083968,FALSE
20-05-1986 08:00,1.6,0.0136,1.880064,FALSE
21-05-1986 08:00,1.6,0.0136,1.880064,FALSE
22-05-1986 08:00,1.6,0.0058,0.801792,FALSE
24-05-1986 08:00,1.5,0.0046,0.59616,FALSE
26-05-1986 08:00,1.2,0.0076,0.787968,FALSE
27-05-1986 08:00,1,0.007,0.6048,FALSE
28-05-1986 08:00,1.2,0.0091,0.943488,FALSE
29-05-1986 08:00,1.1,0.0118,1.121472,FALSE
30-05-1986 08:00,0.8,0.0044,0.304128,FALSE
31-05-1986 08:00,0.7,0.0053,0.320544,FALSE
01-06-1986 08:00,0.7,0.0031,0.187488,FALSE
02-06-1986 08:00,0.8,0.0038,0.262656,FALSE
03-06-1986 08:00,2.5,0.0027,0.5832,FALSE
04-06-1986 08:00,2.5,0.0046,0.9936,FALSE
05-06-1986 08:00,7.2,0.0074,4.603392,FALSE
06-06-1986 08:00,10.7,0.0399,36.886752,FALSE
07-06-1986 08:00,50.6,0.0552,241.325568,FALSE
08-06-1986 08:00,19.9,0.0633,108.835488,FALSE
09-06-1986 08:00,17,0.0248,36.42624,FALSE
10-06-1986 08:00,14.5,0.018,22.5504,FALSE
11-06-1986 08:00,9.9,0.0172,14.712192,FALSE
12-06-1986 08:00,10.9,0.0121,11.395296,FALSE
13-06-1986 08:00,14.5,0.0136,17.03808,FALSE
14-06-1986 08:00,25.9,0.0682,152.615232,FALSE
15-06-1986 08:00,41.7,0.1455,524.21904,FALSE
16-06-1986 08:00,238.1,0.3868,7957.187712,FALSE
17-06-1986 08:00,242.6,0.2415,5061.99456,FALSE
18-06-1986 08:00,538.8,0.2957,13765.52102,FALSE
19-06-1986 08:00,581.8,0.242,12164.73984,FALSE
20-06-1986 08:00,906.5,0.2707,21201.65712,FALSE
21-06-1986 08:00,718.4,0.1848,11470.49165,FALSE
22-06-1986 08:00,746.9,0.1459,9415.242144,FALSE
23-06-1986 08:00,881.6,0.1239,9437.492736,FALSE
24-06-1986 08:00,1316.8,0.3314,37703.88173,FALSE
25-06-1986 08:00,1302.3,0.1432,16112.6807,FALSE
26-06-1986 08:00,1008.5,0.0736,6413.09184,FALSE
27-06-1986 08:00,832.8,0.0478,3439.397376,FALSE
28-06-1986 08:00,1039.1,0.0701,6293.454624,FALSE
29-06-1986 08:00,1081.3,0.1007,9407.829024,FALSE
01-07-1986 08:00,758,0.0473,3097.73376,FALSE
02-07-1986 08:00,600.9,0.0373,1936.532448,FALSE
03-07-1986 08:00,484.3,0.0299,1251.121248,FALSE
04-07-1986 08:00,378.3,0.0232,758.294784,FALSE
05-07-1986 08:00,333.8,0.0197,568.154304,FALSE
06-07-1986 08:00,307.4,0.0216,573.682176,FALSE
07-07-1986 08:00,271.1,0.0243,569.179872,FALSE
08-07-1986 08:00,373.5,0.0253,816.44112,FALSE
09-07-1986 08:00,425.4,0.0444,1631.902464,FALSE
10-07-1986 08:00,319.5,0.0179,494.12592,FALSE
11-07-1986 08:00,285.1,0.0159,391.658976,FALSE
12-07-1986 08:00,264.1,0.0162,369.655488,FALSE
13-07-1986 08:00,765.2,0.2267,14987.88058,FALSE
14-07-1986 08:00,1516.8,0.2553,33457.45306,FALSE
15-07-1986 08:00,2052.2,0.232,41135.93856,FALSE
16-07-1986 08:00,2080.1,0.1428,25664.10739,FALSE
17-07-1986 08:00,1681.7,0.1166,16941.84941,FALSE
18-07-1986 08:00,923.7,0.0817,6520.287456,FALSE
19-07-1986 08:00,1108.2,0.0942,9019.506816,FALSE
20-07-1986 08:00,2031.5,0.1598,28048.35168,FALSE
21-07-1986 08:00,2369.8,0.1516,31040.20915,FALSE
22-07-1986 08:00,1736.7,0.0908,13624.6199,FALSE
23-07-1986 08:00,1537.1,0.0555,7370.70192,FALSE
24-07-1986 08:00,1247.3,0.0411,4429.212192,FALSE
25-07-1986 08:00,1030.8,0.0435,3874.15872,FALSE
26-07-1986 08:00,853.8,0.0282,2080.266624,FALSE
27-07-1986 08:00,703.3,0.0325,1974.8664,FALSE
28-07-1986 08:00,579.1,0.0266,1330.910784,FALSE
29-07-1986 08:00,476.3,0.0203,835.392096,FALSE
30-07-1986 08:00,537.6,0.0436,2025.160704,FALSE
31-07-1986 08:00,440.6,0.0264,1004.990976,FALSE
01-08-1986 08:00,431.8,0.0326,1216.225152,FALSE
02-08-1986 08:00,500,0.0771,3330.72,FALSE
03-08-1986 08:00,732,0.2343,14818.25664,FALSE
04-08-1986 08:00,587.3,0.1335,6774.15312,FALSE
05-08-1986 08:00,1670.7,0.2469,35639.63971,FALSE
06-08-1986 08:00,2349.8,0.1585,32179.10112,FALSE
07-08-1986 08:00,2148.3,0.1255,23294.44656,FALSE
08-08-1986 08:00,5506.2,0.2747,130684.5913,FALSE
09-08-1986 08:00,3788,0.1658,54263.55456,FALSE
10-08-1986 08:00,2469.7,0.1148,24496.26278,FALSE
11-08-1986 08:00,2267.8,0.0957,18751.25894,FALSE
12-08-1986 08:00,3415.8,0.1206,35592.08947,FALSE
13-08-1986 08:00,3039.9,0.0937,24610.05763,FALSE
14-08-1986 08:00,2683.5,0.0832,19290.28608,FALSE
15-08-1986 08:00,1755.6,0.0635,9631.92384,FALSE
16-08-1986 08:00,1284.8,0.0944,10479.03437,FALSE
17-08-1986 08:00,1020.3,0.0387,3411.556704,FALSE
18-08-1986 08:00,772.6,0.0401,2676.780864,FALSE
19-08-1986 08:00,615.3,0.0295,1568.27664,FALSE
20-08-1986 08:00,554.5,0.0308,1475.59104,FALSE
21-08-1986 08:00,590,0.0479,2441.7504,FALSE
22-08-1986 08:00,578,0.0312,1558.10304,FALSE
23-08-1986 08:00,463.2,0.0198,792.405504,FALSE
24-08-1986 08:00,396.1,0.0069,236.138976,FALSE
25-08-1986 08:00,369.9,0.0079,252.478944,FALSE
26-08-1986 08:00,344.7,0.013,387.16704,FALSE
27-08-1986 08:00,323.3,0.0098,273.744576,FALSE
28-08-1986 08:00,310.9,0.0134,359.947584,FALSE
29-08-1986 08:00,289.2,0.0143,357.312384,FALSE
30-08-1986 08:00,266,0.0167,383.80608,FALSE
31-08-1986 08:00,251,0.0087,188.67168,FALSE
01-09-1986 08:00,243.5,0.0119,250.35696,FALSE
02-09-1986 08:00,230.7,0.0156,310.946688,FALSE
03-09-1986 08:00,216.1,0.0119,222.185376,FALSE
04-09-1986 08:00,210.9,0.0097,176.751072,FALSE
05-09-1986 08:00,203.4,0.0139,244.275264,FALSE
06-09-1986 08:00,296.5,0.0228,584.08128,FALSE
07-09-1986 08:00,552.4,0.0824,3932.734464,FALSE
08-09-1986 08:00,284.1,0.0165,405.01296,FALSE
09-09-1986 08:00,316.5,0.0624,1706.36544,FALSE
10-09-1986 08:00,301.3,0.0225,585.7272,FALSE
12-09-1986 08:00,272.8,0.0143,337.049856,FALSE
13-09-1986 08:00,232.6,0.0105,211.01472,FALSE
15-09-1986 08:00,234.6,0.0132,267.556608,FALSE
16-09-1986 08:00,231.1,0.0207,413.317728,FALSE
17-09-1986 08:00,386.6,0.0245,818.35488,FALSE
19-09-1986 08:00,382.5,0.0719,2376.1512,FALSE
20-09-1986 08:00,642.7,0.2032,11283.5497,FALSE
22-09-1986 08:00,809.5,0.1104,7721.46432,FALSE
23-09-1986 08:00,943.4,0.2054,16742.1047,FALSE
24-09-1986 08:00,842,0.1185,8620.7328,FALSE
25-09-1986 08:00,593,0.0654,3350.78208,FALSE
26-09-1986 08:00,1070,0.1622,14995.0656,FALSE
27-09-1986 08:00,733.9,0.1263,8008.551648,FALSE
29-09-1986 08:00,453.1,0.0514,2012.198976,FALSE
30-09-1986 08:00,603.1,0.0647,3371.377248,FALSE
01-10-1986 08:00,362.7,0.024,752.09472,FALSE
02-10-1986 08:00,306.1,0.0183,483.980832,FALSE
03-10-1986 08:00,327.7,0.028,792.77184,FALSE
04-10-1986 08:00,409.1,0.0185,653.90544,FALSE
06-10-1986 08:00,294.7,0.0172,437.947776,FALSE
07-10-1986 08:00,316.4,0.03,820.1088,FALSE
08-10-1986 08:00,751.2,0.3006,19510.04621,FALSE
09-10-1986 08:00,418.3,0.0569,2056.429728,FALSE
10-10-1986 08:00,371.5,0.0377,1210.07952,FALSE
11-10-1986 08:00,284.2,0.0257,631.060416,FALSE
12-10-1986 08:00,234,0.0126,254.74176,FALSE
13-10-1986 08:00,221.8,0.0091,174.388032,FALSE
14-10-1986 08:00,211.2,0.015,273.7152,FALSE
15-10-1986 08:00,295.1,0.0531,1353.871584,FALSE
16-10-1986 08:00,209,0.0481,868.57056,FALSE
17-10-1986 08:00,312.1,0.0438,1181.086272,FALSE
18-10-1986 08:00,193.6,0.0358,598.828032,FALSE
20-10-1986 08:00,164.9,0.0221,314.866656,FALSE
21-10-1986 08:00,148.4,0.0188,241.049088,FALSE
22-10-1986 08:00,143.1,0.0145,179.27568,FALSE
23-10-1986 08:00,132.3,0.0253,289.197216,FALSE
24-10-1986 08:00,130.9,0.0112,126.669312,FALSE
25-10-1986 08:00,133.5,0.0077,88.81488,FALSE
27-10-1986 08:00,231.8,0.1412,2827.885824,FALSE
28-10-1986 08:00,237.7,0.0357,733.180896,FALSE
29-10-1986 08:00,208.8,0.1065,1921.29408,FALSE
30-10-1986 08:00,156.8,0.07,948.3264,FALSE
31-10-1986 08:00,231.5,0.0405,810.0648,FALSE
03-11-1986 08:00,272.2,0.0607,1427.547456,FALSE
04-11-1986 08:00,224.1,0.016,309.79584,FALSE
05-11-1986 08:00,202.7,0.0141,246.937248,FALSE
06-11-1986 08:00,363.6,0.0363,1140.365952,FALSE
07-11-1986 08:00,217.6,0.0295,554.61888,FALSE
08-11-1986 08:00,222.7,0.0188,361.736064,FALSE
10-11-1986 08:00,150.4,0.0125,162.432,FALSE
11-11-1986 08:00,372.4,0.0865,2783.16864,FALSE
12-11-1986 08:00,193.2,0.0392,654.345216,FALSE
13-11-1986 08:00,254.7,0.0247,543.550176,FALSE
15-11-1986 08:00,224.3,0.0723,1401.139296,FALSE
17-11-1986 08:00,147,0.0202,256.55616,FALSE
18-11-1986 08:00,133.7,0.0163,188.292384,FALSE
19-11-1986 08:00,123.9,0.0166,177.702336,FALSE
20-11-1986 08:00,106.3,0.0089,81.740448,FALSE
21-11-1986 08:00,104.6,0.0118,106.641792,FALSE
22-11-1986 08:00,98.3,0.0111,94.273632,FALSE
24-11-1986 08:00,93,0.0152,122.13504,FALSE
25-11-1986 08:00,94.3,0.0107,87.178464,FALSE
26-11-1986 08:00,89.1,0.0085,65.43504,FALSE
27-11-1986 08:00,83.7,0.0127,91.842336,FALSE
28-11-1986 08:00,78.4,0.0128,86.704128,FALSE
29-11-1986 08:00,76.1,0.0099,65.092896,FALSE
03-12-1986 08:00,63.9,0.0105,57.97008,FALSE
04-12-1986 08:00,61.2,0.0077,40.715136,FALSE
05-12-1986 08:00,58.5,0.0094,47.51136,FALSE
06-12-1986 08:00,57.8,0.0181,90.389952,FALSE
08-12-1986 08:00,54.9,0.0113,53.599968,FALSE
09-12-1986 08:00,51.4,0.0067,29.754432,FALSE
10-12-1986 08:00,49.9,0.0078,33.628608,FALSE
11-12-1986 08:00,49.7,0.0029,12.452832,FALSE
12-12-1986 08:00,51.8,0.0142,63.552384,FALSE
13-12-1986 08:00,57.4,0.0122,60.504192,FALSE
15-12-1986 08:00,47.7,0.0127,52.340256,FALSE
16-12-1986 08:00,47.6,0.0094,38.658816,FALSE
17-12-1986 08:00,42.5,0.01,36.72,FALSE
18-12-1986 08:00,41.7,0.0119,42.874272,FALSE
19-12-1986 08:00,40.7,0.0116,40.791168,FALSE
20-12-1986 08:00,37.7,0.0097,31.595616,FALSE
22-12-1986 08:00,36.7,0.0122,38.684736,FALSE
23-12-1986 08:00,36.1,0.0063,19.649952,FALSE
24-12-1986 08:00,35.4,0.0049,14.986944,FALSE
26-12-1986 08:00,34.6,0.0096,28.698624,FALSE
27-12-1986 08:00,34.5,0.0079,23.54832,FALSE
29-12-1986 08:00,37.6,0.0095,30.86208,FALSE
30-12-1986 08:00,37.3,0.0057,18.369504,FALSE
31-12-1986 08:00,33.3,0.0057,16.399584,FALSE
01-01-1987 08:00,33.6,0.0088,25.546752,FALSE
02-01-1987 08:00,31.7,0.0034,9.312192,FALSE
03-01-1987 08:00,30.6,0.0096,25.380864,FALSE
05-01-1987 08:00,28.4,0.011,26.99136,FALSE
06-01-1987 08:00,26.35,0.009,20.48976,FALSE
07-01-1987 08:00,26.6,0.0088,20.224512,FALSE
08-01-1987 08:00,25.8,0.0051,11.368512,FALSE
09-01-1987 08:00,24.8,0.0085,18.21312,FALSE
10-01-1987 08:00,24.3,0.008,16.79616,FALSE
12-01-1987 08:00,24.9,0.0113,24.310368,FALSE
13-01-1987 08:00,23.6,0.0061,12.438144,FALSE
14-01-1987 08:00,23.44,0.0096,19.4420736,FALSE
15-01-1987 08:00,22.6,0.0096,18.745344,FALSE
16-01-1987 08:00,21.4,0.0078,14.421888,FALSE
17-01-1987 08:00,20.7,0.0089,15.917472,FALSE
19-01-1987 08:00,19.2,0.003,4.97664,FALSE
20-01-1987 08:00,18.1,0.0052,8.131968,FALSE
21-01-1987 08:00,17.8,0.0101,15.532992,FALSE
22-01-1987 08:00,16.33,0.0084,11.8516608,FALSE
23-01-1987 08:00,15.72,0.0037,5.0253696,FALSE
24-01-1987 08:00,15.4,0.0063,8.382528,FALSE
27-01-1987 08:00,14.13,0.0053,6.4704096,FALSE
28-01-1987 08:00,13.8,0.0075,8.9424,FALSE
29-01-1987 08:00,13.7,0.0031,3.669408,FALSE
30-01-1987 08:00,13.1,0.0059,6.677856,FALSE
31-01-1987 08:00,12.6,0.0068,7.402752,FALSE
02-02-1987 08:00,12.8,0.0079,8.736768,FALSE
03-02-1987 08:00,11.5,0.0057,5.66352,FALSE
04-02-1987 08:00,11.3,0.0055,5.36976,FALSE
05-02-1987 08:00,10.4,0.0041,3.684096,FALSE
06-02-1987 08:00,9.9,0.0074,6.329664,FALSE
07-02-1987 08:00,9.8,0.0062,5.249664,FALSE
09-02-1987 08:00,9.2,0.0045,3.57696,FALSE
10-02-1987 08:00,9.4,0.0049,3.979584,FALSE
11-02-1987 08:00,9,0.0047,3.65472,FALSE
12-02-1987 08:00,9,0.0054,4.19904,FALSE
13-02-1987 08:00,8.3,0.0053,3.800736,FALSE
14-02-1987 08:00,8.2,0.0076,5.384448,FALSE
16-02-1987 08:00,8,0.0046,3.17952,FALSE
17-02-1987 08:00,7.9,0.0032,2.184192,FALSE
18-02-1987 08:00,7.7,0.0021,1.397088,FALSE
19-02-1987 08:00,7.7,0.0032,2.128896,FALSE
20-02-1987 08:00,7.4,0.0036,2.301696,FALSE
21-02-1987 08:00,7.6,0.0066,4.333824,FALSE
23-02-1987 08:00,6.9,0.0019,1.132704,FALSE
24-02-1987 08:00,6.6,0.0042,2.395008,FALSE
25-02-1987 08:00,6.5,0.0071,3.98736,FALSE
27-02-1987 08:00,5.8,0.0014,0.701568,FALSE
28-02-1987 08:00,5.9,0.0035,1.78416,FALSE
02-03-1987 08:00,5.4,0.0079,3.685824,FALSE
03-03-1987 08:00,5.6,0.0041,1.983744,FALSE
04-03-1987 08:00,5.1,0.0051,2.247264,FALSE
05-03-1987 08:00,5.1,0.0042,1.850688,FALSE
06-03-1987 08:00,5,0.0064,2.7648,FALSE
07-03-1987 08:00,4.4,0.0041,1.558656,FALSE
09-03-1987 08:00,4.4,0.0085,3.23136,FALSE
10-03-1987 08:00,4.3,0.0072,2.674944,FALSE
11-03-1987 08:00,4,0.0065,2.2464,FALSE
12-03-1987 08:00,3.6,0.0041,1.275264,FALSE
13-03-1987 08:00,3.6,0.0055,1.71072,FALSE
14-03-1987 08:00,3.5,0.0071,2.14704,FALSE
16-03-1987 08:00,3.2,0.0052,1.437696,FALSE
17-03-1987 08:00,3.2,0.0068,1.880064,FALSE
18-03-1987 08:00,3.2,0.0076,2.101248,FALSE
19-03-1987 08:00,3.2,0.0062,1.714176,FALSE
20-03-1987 08:00,3,0.0043,1.11456,FALSE
23-03-1987 08:00,2.6,0.0092,2.066688,FALSE
24-03-1987 08:00,2.5,0.0072,1.5552,FALSE
25-03-1987 08:00,2.4,0.009,1.86624,FALSE
26-03-1987 08:00,2.1,0.0079,1.433376,FALSE
27-03-1987 08:00,2.1,0.0065,1.17936,FALSE
28-03-1987 08:00,2.2,0.0099,1.881792,FALSE
30-03-1987 08:00,2.1,0.0029,0.526176,FALSE
31-03-1987 08:00,1.6,0.0048,0.663552,FALSE
01-04-1987 08:00,0.9,0.0065,0.50544,FALSE
02-04-1987 08:00,1.1,0.0028,0.266112,FALSE
03-04-1987 08:00,0.9,0.0085,0.66096,FALSE
04-04-1987 08:00,0.8,0.0062,0.428544,FALSE
06-04-1987 08:00,1,0.0027,0.23328,FALSE
07-04-1987 08:00,0.8,0.0082,0.566784,FALSE
08-04-1987 08:00,0.7,0.0042,0.254016,FALSE
09-04-1987 08:00,0.7,0.0035,0.21168,FALSE
10-04-1987 08:00,0.7,0.0073,0.441504,FALSE
11-04-1987 08:00,0.7,0.0041,0.247968,FALSE
13-04-1987 08:00,0.5,0.0052,0.22464,FALSE
14-04-1987 08:00,0.5,0.0052,0.22464,FALSE
15-04-1987 08:00,0.5,0.0057,0.24624,FALSE
16-04-1987 08:00,0.5,0.0065,0.2808,FALSE
18-04-1987 08:00,0.5,0.0071,0.30672,FALSE
20-04-1987 08:00,0.4,0.0072,0.248832,FALSE
21-04-1987 08:00,0.3,0.0037,0.095904,FALSE
22-04-1987 08:00,0.6,0.0066,0.342144,FALSE
23-04-1987 08:00,0.3,0.007,0.18144,FALSE
24-04-1987 08:00,0.5,0.0053,0.22896,FALSE
25-04-1987 08:00,0.6,0.008,0.41472,FALSE
27-04-1987 08:00,0.4,0.0056,0.193536,FALSE
28-04-1987 08:00,0.3,0.0083,0.215136,FALSE
29-04-1987 08:00,0.2,0.0062,0.107136,FALSE
30-04-1987 08:00,0.4,0.0054,0.186624,FALSE
01-05-1987 08:00,0.7,0.0049,0.296352,FALSE
02-05-1987 08:00,0.7,0.0066,0.399168,FALSE
04-05-1987 08:00,0.7,0.0038,0.229824,FALSE
05-05-1987 08:00,0.4,0.0044,0.152064,FALSE
06-05-1987 08:00,0.2,0.0064,0.110592,FALSE
07-05-1987 08:00,0.5,0.0089,0.38448,FALSE
08-05-1987 08:00,0.4,0.0116,0.400896,FALSE
09-05-1987 08:00,0.5,0.0082,0.35424,FALSE
11-05-1987 08:00,0.5,0.0074,0.31968,FALSE
12-05-1987 08:00,0.4,0.0073,0.252288,FALSE
14-05-1987 08:00,0.6,0.0072,0.373248,FALSE
15-05-1987 08:00,2,0.0049,0.84672,FALSE
16-05-1987 08:00,1.7,0.0087,1.277856,FALSE
19-05-1987 08:00,6.7,0.0506,29.291328,FALSE
20-05-1987 08:00,6,0.0556,28.82304,FALSE
21-05-1987 08:00,6.7,0.0474,27.438912,FALSE
22-05-1987 08:00,5.8,0.0654,32.773248,FALSE
23-05-1987 08:00,6.6,0.0383,21.840192,FALSE
25-05-1987 08:00,8.3,0.0269,19.290528,FALSE
26-05-1987 08:00,7.2,0.0234,14.556672,FALSE
28-05-1987 08:00,12.1,0.0207,21.640608,FALSE
30-05-1987 08:00,9.9,0.0256,21.897216,FALSE
01-06-1987 08:00,31.55,0.045,122.6664,FALSE
02-06-1987 08:00,11.81,0.208,212.239872,FALSE
03-06-1987 08:00,12.47,0.137,147.604896,FALSE
04-06-1987 08:00,67.89,0.074,434.061504,FALSE
05-06-1987 08:00,130.5,0.215,2424.168,FALSE
06-06-1987 08:00,86.06,0.08,594.84672,FALSE
07-06-1987 08:00,62.26,0.05,268.9632,FALSE
08-06-1987 08:00,57.6,0.036,179.15904,FALSE
09-06-1987 08:00,116.6,0.078,785.79072,FALSE
10-06-1987 08:00,218.6,0.162,3059.70048,FALSE
11-06-1987 08:00,319.1,0.257,7085.55168,FALSE
12-06-1987 08:00,244.9,0.075,1586.952,FALSE
13-06-1987 08:00,183.6,0.118,1871.83872,FALSE
14-06-1987 08:00,246.7,0.177,3772.73376,FALSE
15-06-1987 08:00,229.7,0.133,2639.52864,FALSE
16-06-1987 08:00,183.5,0.069,1093.9536,FALSE
17-06-1987 08:00,486.2,0.295,12392.2656,FALSE
18-06-1987 08:00,280,0.066,1596.672,FALSE
19-06-1987 08:00,189.2,0.045,735.6096,FALSE
20-06-1987 08:00,143.8,0.036,447.27552,FALSE
21-06-1987 08:00,184.9,0.053,846.69408,FALSE
22-06-1987 08:00,200.4,0.063,1090.81728,FALSE
23-06-1987 08:00,128.1,0.024,265.62816,FALSE
24-06-1987 08:00,101.8,0.025,219.888,FALSE
25-06-1987 08:00,312.1,0.103,2777.44032,FALSE
26-06-1987 08:00,129,0.048,534.9888,FALSE
27-06-1987 08:00,215.2,0.042,780.91776,FALSE
28-06-1987 08:00,289.2,0.091,2273.80608,FALSE
29-06-1987 08:00,145.2,0.044,551.99232,FALSE
30-06-1987 08:00,155.9,0.087,1171.86912,FALSE
01-07-1987 08:00,341.2,0.202,5954.89536,FALSE
02-07-1987 08:00,618.7,0.319,17052.36192,FALSE
03-07-1987 08:00,844.5,0.29,21159.792,FALSE
04-07-1987 08:00,882.7,0.267,20362.82976,FALSE
05-07-1987 08:00,595.5,0.076,3910.2912,FALSE
06-07-1987 08:00,394.8,0.038,1296.20736,FALSE
07-07-1987 08:00,860.3,0.153,11372.47776,FALSE
08-07-1987 08:00,1287,0.279,31023.9072,FALSE
09-07-1987 08:00,1781,0.294,45240.2496,FALSE
10-07-1987 08:00,767.3,0.047,3115.85184,FALSE
11-07-1987 08:00,668.4,0.036,2078.99136,FALSE
12-07-1987 08:00,1111,0.179,17182.2816,FALSE
13-07-1987 08:00,938,0.061,4943.6352,FALSE
14-07-1987 08:00,912.2,0.066,5201.72928,FALSE
15-07-1987 08:00,706.3,0.066,4027.60512,FALSE
16-07-1987 08:00,664.8,0.054,3101.69088,FALSE
17-07-1987 08:00,595.4,0.052,2675.01312,FALSE
18-07-1987 08:00,451.3,0.042,1637.67744,FALSE
20-07-1987 08:00,493.4,0.047,2003.59872,FALSE
21-07-1987 08:00,434.2,0.039,1463.08032,FALSE
22-07-1987 08:00,361.2,0.023,717.77664,FALSE
23-07-1987 08:00,325.1,0.043,1207.81152,FALSE
24-07-1987 08:00,430.5,0.038,1413.4176,FALSE
25-07-1987 08:00,375.4,0.064,2075.81184,FALSE
27-07-1987 08:00,290.5,0.033,828.2736,FALSE
28-07-1987 08:00,261.7,0.015,339.1632,FALSE
29-07-1987 08:00,231.3,0.014,279.78048,FALSE
30-07-1987 08:00,205.9,0.016,284.63616,FALSE
31-07-1987 08:00,261.3,0.024,541.83168,FALSE
01-08-1987 08:00,242.5,0.03,628.56,FALSE
03-08-1987 08:00,234.7,0.019,385.28352,FALSE
04-08-1987 08:00,402,0.107,3716.4096,FALSE
05-08-1987 08:00,280.8,0.039,946.18368,FALSE
07-08-1987 08:00,305.9,0.074,1955.80224,FALSE
08-08-1987 08:00,224.6,0.023,446.32512,FALSE
10-08-1987 08:00,328,0.05,1416.96,FALSE
11-08-1987 08:00,412.5,0.094,3350.16,FALSE
12-08-1987 08:00,511.5,0.109,4817.1024,FALSE
13-08-1987 08:00,624.8,0.17,9177.0624,FALSE
14-08-1987 08:00,647.5,0.12,6713.28,FALSE
17-08-1987 08:00,724.3,0.072,4505.72544,FALSE
18-08-1987 08:00,921.7,0.104,8282.02752,FALSE
19-08-1987 08:00,930.6,0.088,7075.53792,FALSE
20-08-1987 08:00,1192.5,0.147,15145.704,FALSE
21-08-1987 08:00,1308.5,0.122,13792.6368,FALSE
22-08-1987 08:00,1224.8,0.095,10053.1584,FALSE
24-08-1987 08:00,1147.6,0.057,5651.70048,FALSE
25-08-1987 08:00,1325.5,0.109,12483.0288,FALSE
26-08-1987 08:00,1549.2,0.072,9637.26336,FALSE
27-08-1987 08:00,1155,0.06,5987.52,FALSE
29-08-1987 08:00,872.9,0.112,8446.87872,FALSE
01-09-1987 08:00,468.2,0.019,768.59712,FALSE
02-09-1987 08:00,384.8,0.019,631.68768,FALSE
03-09-1987 08:00,480.2,0.02,829.7856,FALSE
04-09-1987 08:00,454.9,0.038,1493.52768,FALSE
07-09-1987 08:00,332.8,0.035,1006.3872,FALSE
08-09-1987 08:00,323.6,0.017,475.30368,FALSE
09-09-1987 08:00,297.3,0.014,359.61408,FALSE
10-09-1987 08:00,267,0.016,369.1008,FALSE
11-09-1987 08:00,252.7,0.017,371.16576,FALSE
12-09-1987 08:00,251,0.017,368.6688,FALSE
14-09-1987 08:00,243.8,0.023,484.47936,FALSE
15-09-1987 08:00,308.8,0.023,613.64736,FALSE
16-09-1987 08:00,231,0.02,399.168,FALSE
17-09-1987 08:00,290.3,0.038,953.11296,FALSE
18-09-1987 08:00,401.4,0.038,1317.87648,FALSE
19-09-1987 08:00,273.6,0.047,1111.03488,FALSE
21-09-1987 08:00,395.1,0.055,1877.5152,FALSE
22-09-1987 08:00,245,0.039,825.552,FALSE
23-09-1987 08:00,541.4,0.327,15296.06592,FALSE
24-09-1987 08:00,933.4,0.222,17903.35872,FALSE
25-09-1987 08:00,570.8,0.085,4191.9552,FALSE
26-09-1987 08:00,383.3,0.044,1457.15328,FALSE
28-09-1987 08:00,273.6,0.017,401.86368,FALSE
29-09-1987 08:00,246.9,0.062,1322.59392,FALSE
30-09-1987 08:00,255.2,0.018,396.88704,FALSE
03-10-1987 08:00,380.3,0.058,1905.75936,FALSE
05-10-1987 08:00,294.9,0.052,1324.92672,FALSE
06-10-1987 08:00,336.8,0.095,2764.4544,FALSE
07-10-1987 08:00,357.9,0.044,1360.59264,FALSE
08-10-1987 08:00,309.6,0.061,1631.71584,FALSE
09-10-1987 08:00,286.8,0.03,743.3856,FALSE
10-10-1987 08:00,326.6,0.154,4345.60896,FALSE
12-10-1987 08:00,580.7,0.184,9231.73632,FALSE
13-10-1987 08:00,795.2,0.252,17313.73056,FALSE
14-10-1987 08:00,570.2,0.167,8227.30176,FALSE
15-10-1987 08:00,379.9,0.1,3282.336,FALSE
16-10-1987 08:00,329.3,0.033,938.90016,FALSE
17-10-1987 08:00,490,0.119,5037.984,FALSE
19-10-1987 08:00,343.5,0.056,1661.9904,FALSE
20-10-1987 08:00,403.1,0.164,5711.76576,FALSE
21-10-1987 08:00,432.2,0.026,970.89408,FALSE
23-10-1987 08:00,352.9,0.105,3201.5088,FALSE
24-10-1987 08:00,430.1,0.113,4199.15232,FALSE
26-10-1987 08:00,403.8,0.066,2302.62912,FALSE
27-10-1987 08:00,299.8,0.06,1554.1632,FALSE
28-10-1987 08:00,270.7,0.053,1239.58944,FALSE
29-10-1987 08:00,200.5,0.034,588.9888,FALSE
30-10-1987 08:00,173.9,0.026,390.64896,FALSE
31-10-1987 08:00,224.2,0.028,542.38464,FALSE
02-11-1987 08:00,170,0.038,558.144,FALSE
03-11-1987 08:00,157.4,0.034,462.37824,FALSE
04-11-1987 08:00,145.7,0.019,239.18112,FALSE
06-11-1987 08:00,218.9,0.031,586.30176,FALSE
07-11-1987 08:00,381.4,0.216,7117.83936,FALSE
09-11-1987 08:00,309.1,0.085,2270.0304,FALSE
10-11-1987 08:00,177.1,0.048,734.46912,FALSE
11-11-1987 08:00,139.5,0.028,337.4784,FALSE
12-11-1987 08:00,125.2,0.016,173.07648,FALSE
13-11-1987 08:00,135.2,0.017,198.58176,FALSE
14-11-1987 08:00,139.8,0.018,217.41696,FALSE
16-11-1987 08:00,163.2,0.015,211.5072,FALSE
17-11-1987 08:00,129,0.015,167.184,FALSE
18-11-1987 08:00,109.1,0.013,122.54112,FALSE
19-11-1987 08:00,169.2,0.024,350.85312,FALSE
20-11-1987 08:00,246,0.037,786.4128,FALSE
21-11-1987 08:00,180.2,0.031,482.64768,FALSE
23-11-1987 08:00,219.2,0.033,624.98304,FALSE
24-11-1987 08:00,139.3,0.02,240.7104,FALSE
25-11-1987 08:00,125.8,0.034,369.55008,FALSE
26-11-1987 08:00,287.6,0.096,2385.46944,FALSE
27-11-1987 08:00,154.8,0.058,775.73376,FALSE
28-11-1987 08:00,126.7,0.022,240.83136,FALSE
30-11-1987 08:00,96.4,0.016,133.26336,FALSE
01-12-1987 08:00,88.1,0.0078,59.372352,FALSE
02-12-1987 08:00,83.12,0.0097,69.6612096,FALSE
03-12-1987 08:00,78.77,0.0097,66.0155616,FALSE
04-12-1987 08:00,74.91,0.0106,68.6055744,FALSE
05-12-1987 08:00,70.69,0.005,30.53808,FALSE
07-12-1987 08:00,71.1,0.0042,25.800768,FALSE
08-12-1987 08:00,66.06,0.004,22.830336,FALSE
09-12-1987 08:00,67.79,0.003,17.571168,FALSE
10-12-1987 08:00,67.19,0.006,34.831296,FALSE
11-12-1987 08:00,64.98,0.008,44.914176,FALSE
12-12-1987 08:00,70.74,0.015,91.67904,FALSE
16-12-1987 08:00,94.36,0.0214,174.4678656,FALSE
17-12-1987 08:00,75.69,0.014,91.554624,FALSE
18-12-1987 08:00,64.48,0.015,83.56608,FALSE
19-12-1987 08:00,60.74,0.012,62.975232,FALSE
21-12-1987 08:00,51.32,0.013,57.642624,FALSE
22-12-1987 08:00,49.95,0.011,47.47248,FALSE
23-12-1987 08:00,47.84,0.019,78.534144,FALSE
26-12-1987 08:00,42.85,0.017,62.93808,FALSE
28-12-1987 08:00,40.34,0.012,41.824512,FALSE
29-12-1987 08:00,39.21,0.01,33.87744,FALSE
30-12-1987 08:00,37.41,0.011,35.554464,FALSE
31-12-1987 08:00,36.35,0.01,31.4064,FALSE
01-01-1988 08:00,34.6,0.015,44.8416,FALSE
02-01-1988 08:00,35.45,0.015,45.9432,FALSE
04-01-1988 08:00,33.12,0.015,42.92352,FALSE
05-01-1988 08:00,32.96,0.01,28.47744,FALSE
06-01-1988 08:00,31.01,0.015,40.18896,FALSE
07-01-1988 08:00,31.8,0.013,35.71776,FALSE
08-01-1988 08:00,30.51,0.012,31.632768,FALSE
09-01-1988 08:00,29.82,0.021,54.105408,FALSE
11-01-1988 08:00,27.49,0.016,38.002176,FALSE
12-01-1988 08:00,27.26,0.021,49.460544,FALSE
13-01-1988 08:00,25.45,0.028,61.56864,FALSE
14-01-1988 08:00,25.35,0.032,70.08768,FALSE
15-01-1988 08:00,24.79,0.008,17.134848,FALSE
16-01-1988 08:00,23.16,0.009,18.009216,FALSE
18-01-1988 08:00,21.86,0.0126,23.7976704,FALSE
19-01-1988 08:00,20.07,0.0074,12.8319552,FALSE
20-01-1988 08:00,20.77,0.009,16.150752,FALSE
21-01-1988 08:00,20.72,0.009,16.111872,FALSE
23-01-1988 08:00,19.74,0.008,13.644288,FALSE
25-01-1988 08:00,19.15,0.008,13.23648,FALSE
27-01-1988 08:00,18.24,0.009,14.183424,FALSE
28-01-1988 08:00,18.85,0.007,11.40048,FALSE
29-01-1988 08:00,18.51,0.008,12.794112,FALSE
30-01-1988 08:00,17.66,0.004,6.103296,FALSE
01-02-1988 08:00,16.72,0.007,10.112256,FALSE
02-02-1988 08:00,16.55,0.011,15.72912,FALSE
03-02-1988 08:00,15.91,0.011,15.120864,FALSE
04-02-1988 08:00,14.87,0.011,14.132448,FALSE
05-02-1988 08:00,13.91,0.01,12.01824,FALSE
06-02-1988 08:00,14.1,0.007,8.52768,FALSE
09-02-1988 08:00,13.15,0.014,15.90624,FALSE
10-02-1988 08:00,13.23,0.013,14.859936,FALSE
11-02-1988 08:00,13.06,0.008,9.027072,FALSE
12-02-1988 08:00,12.58,0.0071,7.7170752,FALSE
13-02-1988 08:00,12.04,0.0056,5.8254336,FALSE
15-02-1988 08:00,11.47,0.0046,4.5586368,FALSE
16-02-1988 08:00,11.36,0.0094,9.2261376,FALSE
17-02-1988 08:00,10.81,0.0113,10.5540192,FALSE
18-02-1988 08:00,14.12,0.0137,16.7135616,FALSE
19-02-1988 08:00,10.92,0.0039,3.6796032,FALSE
20-02-1988 08:00,10.49,0.0039,3.5347104,FALSE
22-02-1988 08:00,9.331,0.007,5.6433888,FALSE
23-02-1988 08:00,9.697,0.008,6.7025664,FALSE
24-02-1988 08:00,9.306,0.0018,1.44726912,FALSE
25-02-1988 08:00,9.729,0.0019,1.59711264,FALSE
26-02-1988 08:00,11.32,0.0035,3.423168,FALSE
27-02-1988 08:00,10.09,0.0061,5.3178336,FALSE
29-02-1988 08:00,8.616,0.0026,1.93549824,FALSE
01-03-1988 08:00,7.695,0.0042,2.7923616,FALSE
02-03-1988 08:00,7.606,0.0052,3.41722368,FALSE
03-03-1988 08:00,7.64,0.0085,5.610816,FALSE
04-03-1988 08:00,7.184,0.0075,4.655232,FALSE
05-03-1988 08:00,7.058,0.0069,4.20769728,FALSE
07-03-1988 08:00,6.319,0.0082,4.47688512,FALSE
08-03-1988 08:00,5.974,0.0053,2.73561408,FALSE
09-03-1988 08:00,6.104,0.0077,4.06086912,FALSE
10-03-1988 08:00,5.611,0.0069,3.34505376,FALSE
11-03-1988 08:00,5.694,0.0055,2.7057888,FALSE
12-03-1988 08:00,5.219,0.0047,2.11933152,FALSE
14-03-1988 08:00,4.743,0.0112,4.58970624,FALSE
15-03-1988 08:00,4.246,0.005,1.834272,FALSE
16-03-1988 08:00,4.259,0.0122,4.48932672,FALSE
17-03-1988 08:00,4.634,0.0036,1.44135936,FALSE
18-03-1988 08:00,3.875,0.0066,2.20968,FALSE
19-03-1988 08:00,3.298,0.005,1.424736,FALSE
21-03-1988 08:00,3.317,0.0041,1.17501408,FALSE
22-03-1988 08:00,3.171,0.0076,2.08220544,FALSE
23-03-1988 08:00,2.733,0.0081,1.91266272,FALSE
24-03-1988 08:00,3.016,0.0071,1.85013504,FALSE
25-03-1988 08:00,2.997,0.01,2.589408,FALSE
26-03-1988 08:00,2.845,0.0076,1.8681408,FALSE
28-03-1988 08:00,9.952,0.009,7.7386752,FALSE
29-03-1988 08:00,1.86,0.0091,1.4624064,FALSE
30-03-1988 08:00,1.97,0.0099,1.6850592,FALSE
02-04-1988 08:00,1.954,0.0067,1.13113152,FALSE
04-04-1988 08:00,1.898,0.0054,0.88553088,FALSE
05-04-1988 08:00,1.739,0.0076,1.14189696,FALSE
06-04-1988 08:00,1.764,0.0069,1.05162624,FALSE
07-04-1988 08:00,2.224,0.0084,1.61409024,FALSE
08-04-1988 08:00,1.684,0.0067,0.97483392,FALSE
09-04-1988 08:00,1.13,0.0059,0.5760288,FALSE
11-04-1988 08:00,1.041,0.0132,1.18723968,FALSE
12-04-1988 08:00,1.19,0.0124,1.2749184,FALSE
13-04-1988 08:00,1.315,0.0061,0.6930576,FALSE
14-04-1988 08:00,1.51,0.014,1.826496,FALSE
15-04-1988 08:00,2.509,0.0115,2.4929424,FALSE
16-04-1988 08:00,7.886,0.0196,13.35446784,FALSE
18-04-1988 08:00,16.7,0.0277,39.967776,FALSE
19-04-1988 08:00,12.94,0.006,6.708096,FALSE
20-04-1988 08:00,11.03,0.0063,6.0038496,FALSE
21-04-1988 08:00,9.874,0.0151,12.88201536,FALSE
22-04-1988 08:00,9.067,0.0133,10.41907104,FALSE
23-04-1988 08:00,8.057,0.0117,8.14466016,FALSE
25-04-1988 08:00,5.582,0.0091,4.38879168,FALSE
26-04-1988 08:00,4.935,0.0091,3.8800944,FALSE
27-04-1988 08:00,4.571,0.013,5.1341472,FALSE
28-04-1988 08:00,4.696,0.007,2.8401408,FALSE
29-04-1988 08:00,11.28,0.014,13.644288,FALSE
30-04-1988 08:00,10.19,0.0245,21.570192,FALSE
02-05-1988 08:00,7.408,0.0058,3.71229696,FALSE
03-05-1988 08:00,6.458,0.0068,3.79420416,FALSE
04-05-1988 08:00,5.476,0.0136,6.43451904,FALSE
05-05-1988 08:00,5.36,0.0178,8.2432512,FALSE
07-05-1988 08:00,11.77,0.0204,20.7453312,FALSE
09-05-1988 08:00,11.41,0.0178,17.5476672,FALSE
10-05-1988 08:00,7.552,0.0164,10.70088192,FALSE
11-05-1988 08:00,6.589,0.0052,2.96030592,FALSE
12-05-1988 08:00,6.4,0.0022,1.216512,FALSE
13-05-1988 08:00,6.224,0.0037,1.98968832,FALSE
14-05-1988 08:00,5.348,0.0039,1.80206208,FALSE
16-05-1988 08:00,4.758,0.0076,3.12429312,FALSE
17-05-1988 08:00,4.759,0.0065,2.6726544,FALSE
19-05-1988 08:00,3.701,0.0109,3.48545376,FALSE
20-05-1988 08:00,3.704,0.0135,4.3203456,FALSE
21-05-1988 08:00,2.995,0.0224,5.7964032,FALSE
23-05-1988 08:00,3.094,0.0088,2.35243008,FALSE
24-05-1988 08:00,2.519,0.0103,2.24170848,FALSE
25-05-1988 08:00,2.987,0.0125,3.22596,FALSE
26-05-1988 08:00,4.019,0.0039,1.35424224,FALSE
27-05-1988 08:00,3.367,0.005,1.454544,FALSE
28-05-1988 08:00,3.287,0.0087,2.47077216,FALSE
30-05-1988 08:00,6.103,0.003,1.5818976,FALSE
31-05-1988 08:00,4.348,0.0063,2.36670336,FALSE
01-06-1988 08:00,3.704,0.011,3.5202816,FALSE
02-06-1988 08:00,4.671,0.004,1.6142976,FALSE
03-06-1988 08:00,6.002,0.007,3.6300096,FALSE
04-06-1988 08:00,5.988,0.004,2.0694528,FALSE
06-06-1988 08:00,15.38,0.015,19.93248,FALSE
07-06-1988 08:00,17.05,0.008,11.78496,FALSE
08-06-1988 08:00,67.46,0.162,944.224128,FALSE
09-06-1988 08:00,37.68,0.298,970.154496,FALSE
10-06-1988 08:00,64.36,0.158,878.591232,FALSE
11-06-1988 08:00,123.3,0.172,1832.33664,FALSE
13-06-1988 08:00,117.5,0.079,802.008,FALSE
14-06-1988 08:00,136.4,0.12,1414.1952,FALSE
15-06-1988 08:00,135.9,0.081,951.08256,FALSE
16-06-1988 08:00,98.73,0.058,494.755776,FALSE
17-06-1988 08:00,155.1,0.087,1165.85568,FALSE
18-06-1988 08:00,140.6,0.047,570.94848,FALSE
20-06-1988 08:00,107.5,0.032,297.216,FALSE
21-06-1988 08:00,115.1,0.061,606.62304,FALSE
22-06-1988 08:00,130.4,0.045,506.9952,FALSE
23-06-1988 08:00,130.5,0.042,473.5584,FALSE
24-06-1988 08:00,147.8,0.07,893.8944,FALSE
25-06-1988 08:00,374.6,0.209,6764.37696,FALSE
27-06-1988 08:00,433.9,0.126,4723.60896,FALSE
28-06-1988 08:00,364.8,0.098,3088.83456,FALSE
29-06-1988 08:00,295.3,0.044,1122.61248,FALSE
30-06-1988 08:00,297.2,0.043,1104.15744,FALSE
01-07-1988 08:00,252.6,0.039,851.16096,FALSE
02-07-1988 08:00,297.9,0.054,1389.88224,FALSE
04-07-1988 08:00,258.9,0.034,760.54464,FALSE
05-07-1988 08:00,282.4,0.053,1293.16608,FALSE
06-07-1988 08:00,204.7,0.027,477.52416,FALSE
07-07-1988 08:00,176.2,0.021,319.69728,FALSE
08-07-1988 08:00,196.4,0.033,559.97568,FALSE
09-07-1988 08:00,198.3,0.019,325.52928,FALSE
11-07-1988 08:00,248.5,0.053,1137.9312,FALSE
12-07-1988 08:00,277.4,0.065,1557.8784,FALSE
13-07-1988 08:00,492.8,0.149,6344.11008,FALSE
14-07-1988 08:00,665.7,0.159,9145.12032,FALSE
15-07-1988 08:00,827,0.331,23650.8768,FALSE
16-07-1988 08:00,839.4,0.111,8050.18176,FALSE
17-07-1988 08:00,2387,0.416,85794.5088,FALSE
19-07-1988 08:00,2935,0.239,60606.576,FALSE
20-07-1988 08:00,2553,0.176,38821.9392,FALSE
21-07-1988 08:00,2386,0.118,24325.7472,FALSE
22-07-1988 08:00,2498,0.155,33453.216,FALSE
23-07-1988 08:00,2174,0.138,25921.0368,FALSE
26-07-1988 08:00,885.7,0.1,7652.448,FALSE
27-07-1988 08:00,835.4,0.058,4186.35648,FALSE
28-07-1988 08:00,1077,0.079,7351.1712,FALSE
29-07-1988 08:00,847.6,0.052,3808.09728,FALSE
30-07-1988 08:00,1180,0.134,13661.568,FALSE
01-08-1988 08:00,795,0.047,3228.336,FALSE
02-08-1988 08:00,860,0.049,3640.896,FALSE
03-08-1988 08:00,1475,0.105,13381.2,FALSE
04-08-1988 08:00,2478,0.114,24407.3088,FALSE
05-08-1988 08:00,3746,0.215,69585.696,FALSE
06-08-1988 08:00,2001,0.061,10546.0704,FALSE
08-08-1988 08:00,923,0.042,3349.3824,FALSE
09-08-1988 08:00,1372,0.109,12920.9472,FALSE
10-08-1988 08:00,879.3,0.047,3570.66144,FALSE
11-08-1988 08:00,760.8,0.038,2497.85856,FALSE
12-08-1988 08:00,731.2,0.065,4106.4192,FALSE
13-08-1988 08:00,600.7,0.048,2491.22304,FALSE
16-08-1988 08:00,741.7,0.046,2947.81248,FALSE
17-08-1988 08:00,1363,0.117,13778.2944,FALSE
18-08-1988 08:00,1940,0.13,21790.08,FALSE
19-08-1988 08:00,1352,0.076,8877.7728,FALSE
20-08-1988 08:00,2100,0.137,24857.28,FALSE
22-08-1988 08:00,1154,0.027,2692.0512,FALSE
23-08-1988 08:00,1033,0.046,4105.5552,FALSE
25-08-1988 08:00,644.2,0.019,1057.51872,FALSE
26-08-1988 08:00,633.8,0.024,1314.24768,FALSE
27-08-1988 08:00,614.7,0.031,1646.41248,FALSE
29-08-1988 08:00,812.7,0.127,8917.59456,FALSE
30-08-1988 08:00,807.9,0.084,5863.41504,FALSE
31-08-1988 08:00,598.7,0.03,1551.8304,FALSE
01-09-1988 08:00,552.7,0.02,955.0656,FALSE
02-09-1988 08:00,516,0.017,757.9008,FALSE
03-09-1988 08:00,787.5,0.124,8436.96,FALSE
05-09-1988 08:00,553.8,0.015,717.7248,FALSE
06-09-1988 08:00,471.7,0.01,407.5488,FALSE
07-09-1988 08:00,419.2,0.012,434.62656,FALSE
08-09-1988 08:00,418.5,0.015,542.376,FALSE
09-09-1988 08:00,718,0.059,3660.0768,FALSE
10-09-1988 08:00,506.7,0.04,1751.1552,FALSE
12-09-1988 08:00,485.7,0.017,713.39616,FALSE
13-09-1988 08:00,373.2,0.022,709.37856,FALSE
14-09-1988 08:00,434.6,0.042,1577.07648,FALSE
16-09-1988 08:00,491.1,0.119,5049.29376,FALSE
17-09-1988 08:00,372.4,0.038,1222.66368,FALSE
19-09-1988 08:00,557.9,0.047,2265.52032,FALSE
20-09-1988 08:00,505.1,0.048,2094.75072,FALSE
21-09-1988 08:00,737.4,0.097,6180.00192,FALSE
22-09-1988 08:00,552.4,0.031,1479.54816,FALSE
23-09-1988 08:00,532.6,0.028,1288.46592,FALSE
24-09-1988 08:00,861.4,0.045,3349.1232,FALSE
26-09-1988 08:00,1681,0.221,32097.6864,FALSE
27-09-1988 08:00,818.6,0.076,5375.25504,FALSE
28-09-1988 08:00,662.5,0.032,1831.68,FALSE
29-09-1988 08:00,514.7,0.015,667.0512,FALSE
30-09-1988 08:00,464.5,0.03,1203.984,FALSE
01-10-1988 08:00,515.3,0.01,445.2192,FALSE
03-10-1988 08:00,621,0.04,2146.176,FALSE
04-10-1988 08:00,666.1,0.061,3510.61344,FALSE
05-10-1988 08:00,660.8,0.083,4738.72896,FALSE
06-10-1988 08:00,835.5,0.074,5341.8528,FALSE
07-10-1988 08:00,557.9,0.049,2361.92544,FALSE
08-10-1988 08:00,423.9,0.032,1171.99872,FALSE
10-10-1988 08:00,358.3,0.008,247.65696,FALSE
11-10-1988 08:00,301.3,0.012,312.38784,FALSE
12-10-1988 08:00,280.1,0.007,169.40448,FALSE
13-10-1988 08:00,259.4,0.006,134.47296,FALSE
14-10-1988 08:00,289.9,0.011,275.52096,FALSE
15-10-1988 08:00,235,0.021,426.384,FALSE
17-10-1988 08:00,196.2,0.015,254.2752,FALSE
18-10-1988 08:00,226.4,0.013,254.29248,FALSE
21-10-1988 08:00,167.5,0.013,188.136,FALSE
22-10-1988 08:00,173.7,0.007,105.05376,FALSE
24-10-1988 08:00,162.6,0.006,84.29184,FALSE
25-10-1988 08:00,237.3,0.097,1988.76384,FALSE
26-10-1988 08:00,231,0.019,379.2096,FALSE
27-10-1988 08:00,253.2,0.089,1947.00672,FALSE
28-10-1988 08:00,154.4,0.034,453.56544,FALSE
29-10-1988 08:00,132.8,0.017,195.05664,FALSE
31-10-1988 08:00,124.2,0.011,118.03968,FALSE
01-11-1988 08:00,133,0.008,91.9296,FALSE
02-11-1988 08:00,119.8,0.012,124.20864,FALSE
03-11-1988 08:00,107.9,0.007,65.25792,FALSE
04-11-1988 08:00,107.7,0.009,83.74752,FALSE
05-11-1988 08:00,107,0.014,129.4272,FALSE
07-11-1988 08:00,99.44,0.009,77.324544,FALSE
08-11-1988 08:00,115.3,0.018,179.31456,FALSE
10-11-1988 08:00,96.25,0.013,108.108,FALSE
11-11-1988 08:00,84.78,0.007,51.274944,FALSE
12-11-1988 08:00,81.42,0.008,56.277504,FALSE
15-11-1988 08:00,79.74,0.01,68.89536,FALSE
16-11-1988 08:00,77.9,0.004,26.92224,FALSE
17-11-1988 08:00,71.63,0.01,61.88832,FALSE
18-11-1988 08:00,70.52,0.008,48.743424,FALSE
19-11-1988 08:00,68.62,0.01,59.28768,FALSE
21-11-1988 08:00,64.45,0.013,72.39024,FALSE
22-11-1988 08:00,62.45,0.018,97.12224,FALSE
24-11-1988 08:00,52.84,0.011,50.219136,FALSE
25-11-1988 08:00,51.67,0.005,22.32144,FALSE
26-11-1988 08:00,50.52,0.008,34.919424,FALSE
28-11-1988 08:00,48.77,0.006,25.282368,FALSE
29-11-1988 08:00,49.25,0.012,51.0624,FALSE
30-11-1988 08:00,47.64,0.008,32.928768,FALSE
01-12-1988 08:00,46.16,0.0054,21.5364096,FALSE
02-12-1988 08:00,43.41,0.0065,24.379056,FALSE
03-12-1988 08:00,41.75,0.004,14.4288,FALSE
05-12-1988 08:00,39.87,0.0029,9.9898272,FALSE
06-12-1988 08:00,38.56,0.0051,16.9910784,FALSE
07-12-1988 08:00,37.69,0.0036,11.7230976,FALSE
08-12-1988 08:00,33.65,0.0041,11.920176,FALSE
09-12-1988 08:00,33.92,0.0032,9.3782016,FALSE
10-12-1988 08:00,33.22,0.0066,18.9433728,FALSE
12-12-1988 08:00,31,0.0039,10.44576,FALSE
13-12-1988 08:00,30.47,0.0052,13.6895616,FALSE
14-12-1988 08:00,30.72,0.0052,13.8018816,FALSE
15-12-1988 08:00,41.56,0.0051,18.3129984,FALSE
16-12-1988 08:00,169.4,0.0294,430.303104,FALSE
17-12-1988 08:00,67.22,0.0424,246.2510592,FALSE
19-12-1988 08:00,41.44,0.0236,84.4978176,FALSE
20-12-1988 08:00,34.65,0.0156,46.702656,FALSE
21-12-1988 08:00,31.48,0.0088,23.9348736,FALSE
22-12-1988 08:00,28.32,0.0108,26.4259584,FALSE
23-12-1988 08:00,27.91,0.0097,23.3908128,FALSE
24-12-1988 08:00,27.36,0.0087,20.5659648,FALSE
26-12-1988 08:00,26.45,0.0133,30.394224,FALSE
27-12-1988 08:00,25.83,0.0106,23.6561472,FALSE
28-12-1988 08:00,23.4,0.0036,7.278336,FALSE
29-12-1988 08:00,22.75,0.0103,20.24568,FALSE
30-12-1988 08:00,21.94,0.0055,10.425888,FALSE
31-12-1988 08:00,20.97,0.0078,14.1321024,FALSE
01-01-1989 08:00,20.5,0.0078,13.81536,FALSE
02-01-1989 08:00,18.81,0.0094,15.2767296,FALSE
03-01-1989 08:00,18.71,0.0087,14.0639328,FALSE
04-01-1989 08:00,18.68,0.0083,13.3958016,FALSE
05-01-1989 08:00,17.23,0.0141,20.9902752,FALSE
06-01-1989 08:00,17.38,0.0079,11.8628928,FALSE
07-01-1989 08:00,16.7,0.0048,6.925824,FALSE
09-01-1989 08:00,17.27,0.0108,16.1149824,FALSE
10-01-1989 08:00,17,0.0058,8.51904,FALSE
11-01-1989 08:00,17.55,0.0042,6.368544,FALSE
12-01-1989 08:00,16.48,0.0139,19.7918208,FALSE
13-01-1989 08:00,16.8,0.0037,5.370624,FALSE
14-01-1989 08:00,16.83,0.0163,23.7020256,FALSE
16-01-1989 08:00,15.31,0.0088,11.6404992,FALSE
17-01-1989 08:00,14.73,0.0112,14.2539264,FALSE
18-01-1989 08:00,14.49,0.0055,6.885648,FALSE
19-01-1989 08:00,14.63,0.0076,9.6066432,FALSE
20-01-1989 08:00,14.13,0.0106,12.9408192,FALSE
21-01-1989 08:00,14.37,0.0092,11.4224256,FALSE
23-01-1989 08:00,13.73,0.0085,10.083312,FALSE
24-01-1989 08:00,13.19,0.0111,12.6497376,FALSE
25-01-1989 08:00,12.86,0.0118,13.1110272,FALSE
27-01-1989 08:00,12.53,0.0076,8.2276992,FALSE
28-01-1989 08:00,11.84,0.0055,5.626368,FALSE
30-01-1989 08:00,11.16,0.0082,7.9066368,FALSE
31-01-1989 08:00,8.863,0.0053,4.05854496,FALSE
01-02-1989 08:00,8.103,0.0091,6.37090272,FALSE
02-02-1989 08:00,7.964,0.0035,2.4083136,FALSE
03-02-1989 08:00,7.7,0.0058,3.858624,FALSE
04-02-1989 08:00,7.29,0.0068,4.2830208,FALSE
06-02-1989 08:00,6.508,0.006,3.3737472,FALSE
07-02-1989 08:00,6.463,0.0095,5.3048304,FALSE
08-02-1989 08:00,6.172,0.0029,1.54645632,FALSE
09-02-1989 08:00,6.204,0.013,6.9683328,FALSE
10-02-1989 08:00,6.032,0.0025,1.302912,FALSE
11-02-1989 08:00,5.866,0.0083,4.20662592,FALSE
13-02-1989 08:00,5.261,0.0049,2.22729696,FALSE
14-02-1989 08:00,5.173,0.0103,4.60355616,FALSE
15-02-1989 08:00,5.113,0.0059,2.60640288,FALSE
16-02-1989 08:00,4.956,0.0085,3.6396864,FALSE
17-02-1989 08:00,4.602,0.0064,2.54472192,FALSE
18-02-1989 08:00,4.095,0.0144,5.0948352,FALSE
20-02-1989 08:00,4.358,0.0101,3.80296512,FALSE
21-02-1989 08:00,3.871,0.0039,1.30437216,FALSE
22-02-1989 08:00,3.884,0.0036,1.20807936,FALSE
23-02-1989 08:00,3.782,0.0073,2.38538304,FALSE
24-02-1989 08:00,3.668,0.0071,2.25009792,FALSE
25-02-1989 08:00,3.637,0.0028,0.87986304,FALSE
27-02-1989 08:00,3.545,0.0039,1.1945232,FALSE
28-02-1989 08:00,2.54,0.0108,2.3701248,FALSE
01-03-1989 08:00,2.985,0.0108,2.7853632,FALSE
02-03-1989 08:00,2.957,0.0064,1.63510272,FALSE
03-03-1989 08:00,2.918,0.0087,2.19340224,FALSE
04-03-1989 08:00,2.533,0.0071,1.55384352,FALSE
06-03-1989 08:00,2.056,0.0056,0.99477504,FALSE
07-03-1989 08:00,1.84,0.0079,1.2559104,FALSE
08-03-1989 08:00,2.01,0.0077,1.3372128,FALSE
09-03-1989 08:00,2.091,0.0088,1.58982912,FALSE
10-03-1989 08:00,1.8,0.008,1.24416,FALSE
11-03-1989 08:00,1.703,0.0077,1.13297184,FALSE
13-03-1989 08:00,1.856,0.0035,0.5612544,FALSE
14-03-1989 08:00,1.483,0.0088,1.12755456,FALSE
15-03-1989 08:00,1.488,0.0079,1.01564928,FALSE
16-03-1989 08:00,1.472,0.008,1.0174464,FALSE
17-03-1989 08:00,1.517,0.0096,1.25826048,FALSE
18-03-1989 08:00,2.606,0.0088,1.98139392,FALSE
20-03-1989 08:00,3.203,0.0057,1.57741344,FALSE
21-03-1989 08:00,2.965,0.0089,2.2799664,FALSE
22-03-1989 08:00,2.387,0.0089,1.83550752,FALSE
23-03-1989 08:00,2.248,0.005,0.971136,FALSE
25-03-1989 08:00,1.697,0.0047,0.68911776,FALSE
27-03-1989 08:00,1.57,0.0041,0.5561568,FALSE
28-03-1989 08:00,1.384,0.0068,0.81312768,FALSE
29-03-1989 08:00,1.491,0.0066,0.85022784,FALSE
30-03-1989 08:00,1.386,0.0058,0.69455232,FALSE
31-03-1989 08:00,1.408,0.0042,0.51093504,FALSE
01-04-1989 08:00,1.441,0.0048,0.59761152,FALSE
03-04-1989 08:00,0.907,0.003,0.2350944,FALSE
04-04-1989 08:00,0.764,0.0047,0.31024512,FALSE
05-04-1989 08:00,0.741,0.0044,0.28169856,FALSE
06-04-1989 08:00,1.22,0.0041,0.4321728,FALSE
08-04-1989 08:00,2.214,0.0023,0.43996608,FALSE
10-04-1989 08:00,2.136,0.0032,0.59056128,FALSE
11-04-1989 08:00,2.007,0.005,0.867024,FALSE
12-04-1989 08:00,2.008,0.0036,0.62456832,FALSE
13-04-1989 08:00,1.561,0.0049,0.66086496,FALSE
14-04-1989 08:00,1.374,0.0062,0.73602432,FALSE
15-04-1989 08:00,1.193,0.005,0.515376,FALSE
17-04-1989 08:00,0.684,0.0033,0.19502208,FALSE
19-04-1989 08:00,0.407,0.0024,0.08439552,FALSE
20-04-1989 08:00,0.562,0.0045,0.2185056,FALSE
21-04-1989 08:00,0.528,0.0027,0.12317184,FALSE
22-04-1989 08:00,0.403,0.0048,0.16713216,FALSE
24-04-1989 08:00,0.524,0.0053,0.23995008,FALSE
25-04-1989 08:00,0.672,0.004,0.2322432,FALSE
26-04-1989 08:00,0.547,0.0058,0.27411264,FALSE
27-04-1989 08:00,1.547,0.0023,0.30741984,FALSE
28-04-1989 08:00,3.824,0.0066,2.18059776,FALSE
29-04-1989 08:00,3.861,0.0027,0.90069408,FALSE
01-05-1989 08:00,3.957,0.0036,1.23078528,FALSE
02-05-1989 08:00,3.325,0.0017,0.488376,FALSE
03-05-1989 08:00,3.039,0.0019,0.49888224,FALSE
04-05-1989 08:00,3.477,0.0022,0.66090816,FALSE
05-05-1989 08:00,4.375,0.0036,1.3608,FALSE
06-05-1989 08:00,3.419,0.0055,1.6247088,FALSE
10-05-1989 08:00,4.227,0.0084,3.06778752,FALSE
11-05-1989 08:00,3.886,0.0067,2.24952768,FALSE
12-05-1989 08:00,3.432,0.0084,2.49080832,FALSE
13-05-1989 08:00,3.436,0.0085,2.5233984,FALSE
15-05-1989 08:00,3.993,0.0061,2.10447072,FALSE
16-05-1989 08:00,4.758,0.0068,2.79542016,FALSE
17-05-1989 08:00,3.889,0.0038,1.27683648,FALSE
18-05-1989 08:00,3.274,0.0023,0.65060928,FALSE
19-05-1989 08:00,3.029,0.0081,2.11981536,FALSE
22-05-1989 08:00,1.861,0.0035,0.5627664,FALSE
23-05-1989 08:00,2.24,0.0099,1.9160064,FALSE
24-05-1989 08:00,2.131,0.0099,1.82277216,FALSE
25-05-1989 08:00,2.17,0.0081,1.5186528,FALSE
26-05-1989 08:00,1.469,0.0028,0.35538048,FALSE
27-05-1989 08:00,1.503,0.0098,1.27262016,FALSE
29-05-1989 08:00,1.523,0.0082,1.07901504,FALSE
30-05-1989 08:00,1.501,0.0049,0.63546336,FALSE
31-05-1989 08:00,1.254,0.0092,0.99677952,FALSE
01-06-1989 08:00,1.27,0.006,0.658368,FALSE
02-06-1989 08:00,2.234,0.014,2.7022464,FALSE
03-06-1989 08:00,1.293,0.017,1.8991584,FALSE
05-06-1989 08:00,1.642,0.011,1.5605568,FALSE
06-06-1989 08:00,6.615,0.006,3.429216,FALSE
07-06-1989 08:00,35.62,0.115,353.92032,FALSE
08-06-1989 08:00,124.4,0.195,2095.8912,FALSE
09-06-1989 08:00,336.6,0.263,7648.62912,FALSE
10-06-1989 08:00,314.7,0.061,1658.59488,FALSE
12-06-1989 08:00,266.7,0.09,2073.8592,FALSE
13-06-1989 08:00,398.3,0.072,2477.74464,FALSE
14-06-1989 08:00,497.4,0.079,3395.05344,FALSE
15-06-1989 08:00,294.1,0.029,736.89696,FALSE
16-06-1989 08:00,525.2,0.114,5173.00992,FALSE
17-06-1989 08:00,372.1,0.046,1478.87424,FALSE
19-06-1989 08:00,389.5,0.074,2490.3072,FALSE
20-06-1989 08:00,252.4,0.029,632.41344,FALSE
21-06-1989 08:00,223.7,0.119,2299.99392,FALSE
22-06-1989 08:00,497,0.224,9618.7392,FALSE
23-06-1989 08:00,506.8,0.077,3371.63904,FALSE
24-06-1989 08:00,471.4,0.069,2810.29824,FALSE
26-06-1989 08:00,312.2,0.028,755.27424,FALSE
27-06-1989 08:00,504.7,0.124,5407.15392,FALSE
28-06-1989 08:00,484.2,0.07,2928.4416,FALSE
29-06-1989 08:00,494.5,0.051,2178.9648,FALSE
30-06-1989 08:00,621.3,0.066,3542.90112,FALSE
01-07-1989 08:00,747.6,0.061,3940.15104,FALSE
03-07-1989 08:00,618,0.022,1174.6944,FALSE
04-07-1989 08:00,436.5,0.015,565.704,FALSE
05-07-1989 08:00,323.6,0.014,391.42656,FALSE
06-07-1989 08:00,271.7,0.013,305.17344,FALSE
07-07-1989 08:00,317.1,0.009,246.57696,FALSE
08-07-1989 08:00,380.2,0.027,886.93056,FALSE
10-07-1989 08:00,259,0.048,1074.1248,FALSE
11-07-1989 08:00,213.5,0.008,147.5712,FALSE
12-07-1989 08:00,231.5,0.015,300.024,FALSE
13-07-1989 08:00,411.2,0.098,3481.71264,FALSE
15-07-1989 08:00,375.7,0.042,1363.34016,FALSE
17-07-1989 08:00,611.6,0.126,6658.12224,FALSE
18-07-1989 08:00,1136,0.096,9422.4384,FALSE
19-07-1989 08:00,1127,0.056,5452.8768,FALSE
20-07-1989 08:00,1127,0.059,5744.9952,FALSE
21-07-1989 08:00,1637,0.221,31257.5328,FALSE
22-07-1989 08:00,1865,0.145,23364.72,FALSE
23-07-1989 08:00,3722,0.226,72677.2608,FALSE
24-07-1989 08:00,3316,0.14,40110.336,FALSE
25-07-1989 08:00,2969,0.162,41556.4992,FALSE
26-07-1989 08:00,2581,0.11,24529.824,FALSE
27-07-1989 08:00,3061,0.073,19306.3392,FALSE
28-07-1989 08:00,2263,0.055,10753.776,FALSE
29-07-1989 08:00,1263,0.042,4583.1744,FALSE
31-07-1989 08:00,718.9,0.014,869.58144,FALSE
01-08-1989 08:00,566.5,0.016,783.1296,FALSE
02-08-1989 08:00,525,0.011,498.96,FALSE
03-08-1989 08:00,512.7,0.018,797.35104,FALSE
04-08-1989 08:00,614,0.066,3501.2736,FALSE
05-08-1989 08:00,1503,0.268,34802.2656,FALSE
07-08-1989 08:00,924,0.024,1916.0064,FALSE
08-08-1989 08:00,732.2,0.022,1391.76576,FALSE
09-08-1989 08:00,680.5,0.026,1528.6752,FALSE
10-08-1989 08:00,832.6,0.028,2014.22592,FALSE
11-08-1989 08:00,780.8,0.051,3440.51712,FALSE
12-08-1989 08:00,1213,0.108,11318.7456,FALSE
14-08-1989 08:00,942.5,0.032,2605.824,FALSE
16-08-1989 08:00,1320,0.053,6044.544,FALSE
17-08-1989 08:00,1297,0.038,4258.3104,FALSE
18-08-1989 08:00,1756,0.065,9861.696,FALSE
19-08-1989 08:00,1974,0.101,17225.9136,FALSE
21-08-1989 08:00,1078,0.022,2049.0624,FALSE
22-08-1989 08:00,995.7,0.032,2752.91136,FALSE
23-08-1989 08:00,981.2,0.051,4323.55968,FALSE
24-08-1989 08:00,1120,0.051,4935.168,FALSE
25-08-1989 08:00,2069,0.116,20736.3456,FALSE
26-08-1989 08:00,1551,0.07,9380.448,FALSE
28-08-1989 08:00,1264,0.03,3276.288,FALSE
29-08-1989 08:00,1062,0.033,3027.9744,FALSE
30-08-1989 08:00,911.3,0.024,1889.67168,FALSE
31-08-1989 08:00,1023,0.106,9369.0432,FALSE
01-09-1989 08:00,944.5,0.037,3019.3776,FALSE
02-09-1989 08:00,636.8,0.023,1265.44896,FALSE
05-09-1989 08:00,461.2,0.039,1554.05952,FALSE
06-09-1989 08:00,396.4,0.009,308.24064,FALSE
07-09-1989 08:00,414.6,0.02,716.4288,FALSE
08-09-1989 08:00,401.2,0.02,693.2736,FALSE
09-09-1989 08:00,353.2,0.015,457.7472,FALSE
11-09-1989 08:00,302.5,0.007,182.952,FALSE
12-09-1989 08:00,286.5,0.008,198.0288,FALSE
13-09-1989 08:00,397.4,0.024,824.04864,FALSE
14-09-1989 08:00,310,0.029,776.736,FALSE
15-09-1989 08:00,285.4,0.019,468.51264,FALSE
16-09-1989 08:00,274.3,0.027,639.88704,FALSE
18-09-1989 08:00,240,0.014,290.304,FALSE
19-09-1989 08:00,715.3,0.106,6551.00352,FALSE
20-09-1989 08:00,773.1,0.365,24380.4816,FALSE
21-09-1989 08:00,780.9,0.167,11267.44992,FALSE
22-09-1989 08:00,700.7,0.075,4540.536,FALSE
23-09-1989 08:00,640.8,0.213,11792.77056,FALSE
25-09-1989 08:00,422.2,0.047,1714.46976,FALSE
26-09-1989 08:00,490.4,0.071,3008.30976,FALSE
27-09-1989 08:00,391.5,0.03,1014.768,FALSE
28-09-1989 08:00,531.3,0.061,2800.16352,FALSE
29-09-1989 08:00,547.2,0.047,2222.06976,FALSE
30-09-1989 08:00,478.1,0.034,1404.46656,FALSE
03-10-1989 08:00,319.4,0.01,275.9616,FALSE
04-10-1989 08:00,323.8,0.008,223.81056,FALSE
05-10-1989 08:00,388.4,0.018,604.03968,FALSE
06-10-1989 08:00,385.9,0.127,4234.40352,FALSE
07-10-1989 08:00,604.9,0.161,8414.40096,FALSE
12-10-1989 08:00,317.9,0.055,1510.6608,FALSE
13-10-1989 08:00,279.5,0.049,1183.2912,FALSE
14-10-1989 08:00,361.3,0.081,2528.52192,FALSE
16-10-1989 08:00,226.8,0.018,352.71936,FALSE
17-10-1989 08:00,425.1,0.072,2644.46208,FALSE
18-10-1989 08:00,411.2,0.066,2344.82688,FALSE
19-10-1989 08:00,295.3,0.051,1301.20992,FALSE
20-10-1989 08:00,406.3,0.191,6704.92512,FALSE
21-10-1989 08:00,321.9,0.062,1724.35392,FALSE
23-10-1989 08:00,194.8,0.021,353.44512,FALSE
24-10-1989 08:00,168.8,0.009,131.25888,FALSE
25-10-1989 08:00,156.8,0.015,203.2128,FALSE
26-10-1989 08:00,147.3,0.012,152.72064,FALSE
27-10-1989 08:00,159.3,0.01,137.6352,FALSE
30-10-1989 08:00,204.9,0.031,548.80416,FALSE
31-10-1989 08:00,262.9,0.03,681.4368,FALSE
01-11-1989 08:00,166.3,0.028,402.31296,FALSE
02-11-1989 08:00,143.7,0.013,161.40384,FALSE
03-11-1989 08:00,125,0.008,86.4,FALSE
04-11-1989 08:00,126.3,0.009,98.21088,FALSE
06-11-1989 08:00,178.9,0.043,664.64928,FALSE
07-11-1989 08:00,127,0.04,438.912,FALSE
08-11-1989 08:00,122.8,0.01,106.0992,FALSE
09-11-1989 08:00,109.8,0.008,75.89376,FALSE
10-11-1989 08:00,100.7,0.006,52.20288,FALSE
11-11-1989 08:00,98.48,0.006,51.052032,FALSE
15-11-1989 08:00,150.7,0.056,729.14688,FALSE
16-11-1989 08:00,113,0.015,146.448,FALSE
17-11-1989 08:00,91.36,0.009,71.041536,FALSE
18-11-1989 08:00,86.44,0.007,52.278912,FALSE
20-11-1989 08:00,76.48,0.007,46.255104,FALSE
21-11-1989 08:00,76.15,0.004,26.31744,FALSE
22-11-1989 08:00,64.81,0.002,11.199168,FALSE
23-11-1989 08:00,63.3,0.007,38.28384,FALSE
25-11-1989 08:00,58.53,0.004,20.227968,FALSE
27-11-1989 08:00,59.93,0.006,31.067712,FALSE
28-11-1989 08:00,55.53,0.002,9.595584,FALSE
29-11-1989 08:00,52.01,0.002,8.987328,FALSE
30-11-1989 08:00,51.36,0.005,22.18752,FALSE
01-12-1989 08:00,49.12,0.0063,26.7369984,FALSE
02-12-1989 08:00,44.1,0.0053,20.194272,FALSE
04-12-1989 08:00,44.06,0.005,19.03392,FALSE
05-12-1989 08:00,41.2,0.0057,20.290176,FALSE
06-12-1989 08:00,41.98,0.0023,8.3422656,FALSE
07-12-1989 08:00,39.75,0.0034,11.67696,FALSE
08-12-1989 08:00,37.42,0.0066,21.3383808,FALSE
09-12-1989 08:00,36.91,0.0016,5.1024384,FALSE
11-12-1989 08:00,34.81,0.0032,9.6242688,FALSE
12-12-1989 08:00,34.18,0.0031,9.1547712,FALSE
13-12-1989 08:00,34.34,0.0009,2.6702784,FALSE
14-12-1989 08:00,33.43,0.0012,3.4660224,FALSE
15-12-1989 08:00,31.05,5.00E-05,0.134136,FALSE
16-12-1989 08:00,30.63,0.0047,12.4382304,FALSE
18-12-1989 08:00,28.46,0.0028,6.8850432,FALSE
19-12-1989 08:00,27.98,0.0014,3.3844608,FALSE
20-12-1989 08:00,27.13,0.0023,5.3912736,FALSE
21-12-1989 08:00,26.4,0.007,15.96672,FALSE
22-12-1989 08:00,25.57,0.0048,10.6043904,FALSE
23-12-1989 08:00,26.21,0.0019,4.3026336,FALSE
26-12-1989 08:00,23.83,0.0061,12.5593632,FALSE
27-12-1989 08:00,23.29,0.0035,7.042896,FALSE
28-12-1989 08:00,23.24,0.0042,8.4333312,FALSE
29-12-1989 08:00,23.78,0.0024,4.9310208,FALSE
30-12-1989 08:00,22.8,0.0023,4.530816,FALSE
01-01-1990 08:00,22.15,0.0041,7.846416,FALSE
02-01-1990 08:00,22.47,0.0034,6.6007872,FALSE
03-01-1990 08:00,22.53,0.0047,9.1489824,FALSE
04-01-1990 08:00,21.86,0.0056,10.5767424,FALSE
05-01-1990 08:00,23.4,0.0021,4.245696,FALSE
06-01-1990 08:00,20.35,0.0041,7.208784,FALSE
08-01-1990 08:00,17.26,0.0078,11.6318592,FALSE
09-01-1990 08:00,16.78,0.0049,7.1039808,FALSE
10-01-1990 08:00,17.86,0.0054,8.3327616,FALSE
11-01-1990 08:00,17.6,0.0043,6.538752,FALSE
12-01-1990 08:00,16.76,0.0071,10.2812544,FALSE
13-01-1990 08:00,15.68,0.0042,5.6899584,FALSE
15-01-1990 08:00,14.31,0.0043,5.3164512,FALSE
16-01-1990 08:00,13.08,0.0017,1.9211904,FALSE
17-01-1990 08:00,12.4,0.004,4.28544,FALSE
18-01-1990 08:00,11.98,0.0067,6.9349824,FALSE
19-01-1990 08:00,13.67,0.0061,7.2046368,FALSE
20-01-1990 08:00,12.04,0.0016,1.6644096,FALSE
22-01-1990 08:00,10.92,0.0065,6.132672,FALSE
23-01-1990 08:00,10.41,0.0021,1.8887904,FALSE
24-01-1990 08:00,10.06,0.0033,2.8683072,FALSE
25-01-1990 08:00,9.632,0.0027,2.24695296,FALSE
27-01-1990 08:00,8.58,0.0079,5.8563648,FALSE
29-01-1990 08:00,9.364,0.0035,2.8316736,FALSE
30-01-1990 08:00,9.648,0.0069,5.75175168,FALSE
31-01-1990 08:00,9.441,0.0067,5.46520608,FALSE
01-02-1990 08:00,8.766,0.0045,3.4082208,FALSE
02-02-1990 08:00,8.076,0.0043,3.00039552,FALSE
03-02-1990 08:00,7.773,0.0038,2.55203136,FALSE
05-02-1990 08:00,7.739,0.0024,1.60475904,FALSE
06-02-1990 08:00,6.934,0.0018,1.07837568,FALSE
07-02-1990 08:00,6.669,0.0037,2.13194592,FALSE
08-02-1990 08:00,6.507,0.0017,0.95574816,FALSE
09-02-1990 08:00,6.27,0.0032,1.7335296,FALSE
10-02-1990 08:00,5.854,0.0022,1.11272832,FALSE
12-02-1990 08:00,5.078,0.0046,2.01820032,FALSE
13-02-1990 08:00,5.31,0.0046,2.1104064,FALSE
14-02-1990 08:00,4.727,0.0029,1.18439712,FALSE
15-02-1990 08:00,4.397,0.0023,0.87377184,FALSE
16-02-1990 08:00,4.444,0.002,0.7679232,FALSE
17-02-1990 08:00,4.076,0.0018,0.63389952,FALSE
19-02-1990 08:00,3.762,0.0023,0.74758464,FALSE
20-02-1990 08:00,3.357,0.0044,1.27619712,FALSE
21-02-1990 08:00,3.668,0.0023,0.72890496,FALSE
22-02-1990 08:00,4.005,0.0038,1.3149216,FALSE
23-02-1990 08:00,3.638,0.0069,2.16883008,FALSE
24-02-1990 08:00,3.667,0.0041,1.29899808,FALSE
26-02-1990 08:00,3.399,0.0035,1.0278576,FALSE
27-02-1990 08:00,3.434,0.0036,1.06811136,FALSE
28-02-1990 08:00,3.284,0.0034,0.96470784,FALSE
01-03-1990 08:00,3.264,0.0039,1.09983744,FALSE
02-03-1990 08:00,3.147,0.0053,1.44107424,FALSE
03-03-1990 08:00,2.903,0.0049,1.22901408,FALSE
05-03-1990 08:00,3.057,0.0045,1.1885616,FALSE
06-03-1990 08:00,3.029,0.0026,0.68043456,FALSE
07-03-1990 08:00,4.099,0.0051,1.80618336,FALSE
08-03-1990 08:00,1.776,0.005,0.767232,FALSE
09-03-1990 08:00,2.327,0.0049,0.98515872,FALSE
10-03-1990 08:00,3.715,0.0022,0.7061472,FALSE
12-03-1990 08:00,1.592,0.0049,0.67398912,FALSE
13-03-1990 08:00,1.697,0.0046,0.67445568,FALSE
14-03-1990 08:00,1.718,0.0032,0.47499264,FALSE
15-03-1990 08:00,1.865,0.0021,0.3383856,FALSE
16-03-1990 08:00,1.79,0.004,0.618624,FALSE
17-03-1990 08:00,1.746,0.004,0.6034176,FALSE
19-03-1990 08:00,1.537,0.002,0.2655936,FALSE
20-03-1990 08:00,1.307,0.002,0.2258496,FALSE
21-03-1990 08:00,1.21,0.0021,0.2195424,FALSE
22-03-1990 08:00,1.172,0.0036,0.36453888,FALSE
23-03-1990 08:00,0.871,0.005,0.376272,FALSE
24-03-1990 08:00,0.661,0.0049,0.27984096,FALSE
26-03-1990 08:00,0.656,0.0046,0.26072064,FALSE
28-03-1990 08:00,0.514,0.0044,0.19540224,FALSE
29-03-1990 08:00,0.614,0.0051,0.27055296,FALSE
30-03-1990 08:00,0.614,0.0042,0.22280832,FALSE
31-03-1990 08:00,0.647,0.0046,0.25714368,FALSE
02-04-1990 08:00,0.62,0.0064,0.3428352,FALSE
03-04-1990 08:00,0.555,0.007,0.335664,FALSE
04-04-1990 08:00,0.505,0.0058,0.2530656,FALSE
05-04-1990 08:00,0.28,0.0054,0.1306368,FALSE
06-04-1990 08:00,0.349,0.0057,0.17187552,FALSE
09-04-1990 08:00,0.565,0.0054,0.2636064,FALSE
10-04-1990 08:00,0.505,0.0049,0.2137968,FALSE
11-04-1990 08:00,1.19,0.0035,0.359856,FALSE
12-04-1990 08:00,0.661,0.0028,0.15990912,FALSE
16-04-1990 08:00,0.14,0,0,TRUE
17-04-1990 08:00,0.169,0,0,TRUE
18-04-1990 08:00,0.206,0.0042,0.07475328,FALSE
19-04-1990 08:00,0.221,0,0,TRUE
20-04-1990 08:00,0.179,0,0,TRUE
21-04-1990 08:00,0.159,0,0,TRUE
23-04-1990 08:00,0.176,0,0,TRUE
28-04-1990 08:00,0.173,0,0,TRUE
30-04-1990 08:00,0.121,0,0,TRUE
01-05-1990 08:00,0.119,0,0,TRUE
02-05-1990 08:00,0.332,0,0,TRUE
03-05-1990 08:00,0.342,0,0,TRUE
04-05-1990 08:00,0.166,0,0,TRUE
05-05-1990 08:00,0.161,0,0,TRUE
10-05-1990 08:00,0.073,0,0,TRUE
11-05-1990 08:00,0.123,0,0,TRUE
12-05-1990 08:00,0.196,0,0,TRUE
14-05-1990 08:00,4.334,0.0457,17.11271232,FALSE
15-05-1990 08:00,6.841,0.0261,15.42672864,FALSE
16-05-1990 08:00,6.836,0.0067,3.95722368,FALSE
17-05-1990 08:00,5.52,0.0108,5.1508224,FALSE
18-05-1990 08:00,4.362,0.012,4.5225216,FALSE
19-05-1990 08:00,3.468,0.0063,1.88770176,FALSE
21-05-1990 08:00,10.71,0.0158,14.6204352,FALSE
22-05-1990 08:00,9.711,0.0268,22.48601472,FALSE
30-05-1990 08:00,148,0.2425,3100.896,FALSE
31-05-1990 08:00,251.8,0.1356,2950.048512,FALSE
01-06-1990 08:00,180,0.052,808.704,FALSE
02-06-1990 08:00,128.6,0.042,466.66368,FALSE
04-06-1990 08:00,209.1,0.134,2420.87616,FALSE
05-06-1990 08:00,143.8,0.046,571.51872,FALSE
06-06-1990 08:00,110.6,0.023,219.78432,FALSE
07-06-1990 08:00,96.95,0.026,217.78848,FALSE
08-06-1990 08:00,68.77,0.024,142.601472,FALSE
09-06-1990 08:00,63.37,0.013,71.177184,FALSE
11-06-1990 08:00,172.2,0.049,729.02592,FALSE
12-06-1990 08:00,459.2,0.119,4721.31072,FALSE
13-06-1990 08:00,602.7,0.127,6613.30656,FALSE
14-06-1990 08:00,720.2,0.19,11822.8032,FALSE
15-06-1990 08:00,1564,0.129,17431.7184,FALSE
16-06-1990 08:00,815.9,0.108,7613.32608,FALSE
18-06-1990 08:00,767.2,0.078,5170.31424,FALSE
19-06-1990 08:00,647.1,0.027,1509.55488,FALSE
20-06-1990 08:00,956.4,0.069,5701.67424,FALSE
21-06-1990 08:00,876.7,0.065,4923.5472,FALSE
22-06-1990 08:00,887.7,0.074,5675.59872,FALSE
23-06-1990 08:00,767.3,0.025,1657.368,FALSE
25-06-1990 08:00,747.3,0.07,4519.6704,FALSE
26-06-1990 08:00,888.1,0.148,11356.31232,FALSE
27-06-1990 08:00,1985,0.166,28469.664,FALSE
28-06-1990 08:00,1199,0.084,8701.8624,FALSE
29-06-1990 08:00,1347,0.067,7797.5136,FALSE
30-06-1990 08:00,1573,0.085,11552.112,FALSE
02-07-1990 08:00,1918,0.133,22040.1216,FALSE
03-07-1990 08:00,3472,0.279,83694.6432,FALSE
05-07-1990 08:00,1438,0.063,7827.3216,FALSE
06-07-1990 08:00,1019,0.039,3433.6224,FALSE
07-07-1990 08:00,943.7,0.037,3016.82016,FALSE
09-07-1990 08:00,945.7,0.032,2614.67136,FALSE
10-07-1990 08:00,1077,0.06,5583.168,FALSE
11-07-1990 08:00,1200,0.092,9538.56,FALSE
12-07-1990 08:00,1785,0.106,16347.744,FALSE
13-07-1990 08:00,1033,0.044,3927.0528,FALSE
14-07-1990 08:00,982,0.052,4411.9296,FALSE
17-07-1990 08:00,1112,0.036,3458.7648,FALSE
18-07-1990 08:00,1901,0.108,17738.6112,FALSE
19-07-1990 08:00,2343,0.08,16194.816,FALSE
20-07-1990 08:00,1583,0.046,6291.4752,FALSE
21-07-1990 08:00,1338,0.055,6358.176,FALSE
22-07-1990 08:00,1628,0.104,14628.5568,FALSE
23-07-1990 08:00,1403,0.08,9697.536,FALSE
24-07-1990 08:00,1393,0.048,5777.0496,FALSE
25-07-1990 08:00,1785,0.107,16501.968,FALSE
26-07-1990 08:00,1512,0.09,11757.312,FALSE
27-07-1990 08:00,1121,0.034,3293.0496,FALSE
28-07-1990 08:00,899.9,0.029,2254.78944,FALSE
30-07-1990 08:00,703.5,0.036,2188.1664,FALSE
31-07-1990 08:00,878.1,0.036,2731.24224,FALSE
01-08-1990 08:00,833.8,0.027,1945.08864,FALSE
03-08-1990 08:00,1545,0.121,16152.048,FALSE
04-08-1990 08:00,1191,0.053,5453.8272,FALSE
06-08-1990 08:00,1034,0.046,4109.5296,FALSE
07-08-1990 08:00,899.2,0.021,1631.50848,FALSE
08-08-1990 08:00,758.4,0.015,982.8864,FALSE
09-08-1990 08:00,756.3,0.014,914.82048,FALSE
10-08-1990 08:00,848.3,0.019,1392.56928,FALSE
11-08-1990 08:00,1242,0.04,4292.352,FALSE
13-08-1990 08:00,1787,0.09,13895.712,FALSE
14-08-1990 08:00,2940,0.263,66806.208,FALSE
15-08-1990 08:00,2697,0.108,25166.2464,FALSE
16-08-1990 08:00,2990,0.136,35133.696,FALSE
17-08-1990 08:00,3558,0.166,51030.2592,FALSE
18-08-1990 08:00,2696,0.094,21895.8336,FALSE
19-08-1990 08:00,1680,0.108,15676.416,FALSE
20-08-1990 08:00,2102,0.14,25425.792,FALSE
21-08-1990 08:00,2524,0.13,28349.568,FALSE
22-08-1990 08:00,1879,0.078,12662.9568,FALSE
23-08-1990 08:00,2272,0.074,14526.2592,FALSE
24-08-1990 08:00,2264,0.072,14083.8912,FALSE
25-08-1990 08:00,1630,0.063,8872.416,FALSE
26-08-1990 08:00,1335,0.055,6343.92,FALSE
27-08-1990 08:00,1373,0.115,13642.128,FALSE
28-08-1990 08:00,1025,0.032,2833.92,FALSE
29-08-1990 08:00,1030,0.1,8899.2,FALSE
30-08-1990 08:00,1187,0.092,9435.2256,FALSE
31-08-1990 08:00,854.1,0.035,2582.7984,FALSE
01-09-1990 08:00,804.9,0.036,2503.56096,FALSE
03-09-1990 08:00,613.1,0.029,1536.18336,FALSE
04-09-1990 08:00,701.6,0.044,2667.20256,FALSE
05-09-1990 08:00,823.5,0.087,6190.0848,FALSE
06-09-1990 08:00,1140,0.103,10145.088,FALSE
07-09-1990 08:00,1225,0.093,9843.12,FALSE
08-09-1990 08:00,1136,0.056,5496.4224,FALSE
10-09-1990 08:00,583.7,0.024,1210.36032,FALSE
11-09-1990 08:00,525.9,0.02,908.7552,FALSE
12-09-1990 08:00,493.9,0.015,640.0944,FALSE
13-09-1990 08:00,502.7,0.019,825.23232,FALSE
14-09-1990 08:00,429.2,0.013,482.07744,FALSE
15-09-1990 08:00,401.5,0.018,624.4128,FALSE
17-09-1990 08:00,347.4,0.013,390.19968,FALSE
18-09-1990 08:00,307.5,0.005,132.84,FALSE
19-09-1990 08:00,299.6,0.008,207.08352,FALSE
20-09-1990 08:00,281,0.006,145.6704,FALSE
21-09-1990 08:00,326.2,0.011,310.02048,FALSE
22-09-1990 08:00,301.4,0.014,364.57344,FALSE
24-09-1990 08:00,245.6,0.005,106.0992,FALSE
25-09-1990 08:00,241.1,0.008,166.64832,FALSE
26-09-1990 08:00,228.7,0.01,197.5968,FALSE
27-09-1990 08:00,218.4,0.008,150.95808,FALSE
04-10-1990 08:00,185.7,0.004,64.17792,FALSE
05-10-1990 08:00,177.9,0.003,46.11168,FALSE
06-10-1990 08:00,170.3,0.007,102.99744,FALSE
08-10-1990 08:00,174.2,0.013,195.66144,FALSE
09-10-1990 08:00,164.9,0.014,199.46304,FALSE
10-10-1990 08:00,146.3,0.004,50.56128,FALSE
11-10-1990 08:00,130.8,0.006,67.80672,FALSE
12-10-1990 08:00,124.2,0.004,42.92352,FALSE
13-10-1990 08:00,132.6,0.006,68.73984,FALSE
15-10-1990 08:00,236,0.024,489.3696,FALSE
16-10-1990 08:00,186.1,0.031,498.45024,FALSE
18-10-1990 08:00,235.6,0.057,1160.28288,FALSE
19-10-1990 08:00,177.4,0.029,444.49344,FALSE
20-10-1990 08:00,162.6,0.029,407.41056,FALSE
22-10-1990 08:00,142.9,0.027,333.35712,FALSE
26-10-1990 08:00,335.3,0.057,1651.28544,FALSE
27-10-1990 08:00,514.9,0.224,9965.16864,FALSE
29-10-1990 08:00,540,0.154,7185.024,FALSE
30-10-1990 08:00,524.4,0.073,3307.49568,FALSE
31-10-1990 08:00,568.4,0.08,3928.7808,FALSE
01-11-1990 08:00,363.3,0.051,1600.84512,FALSE
03-11-1990 08:00,234,0.02,404.352,FALSE
05-11-1990 08:00,185.9,0.013,208.80288,FALSE
06-11-1990 08:00,185.7,0.013,208.57824,FALSE
07-11-1990 08:00,155.5,0.012,161.2224,FALSE
08-11-1990 08:00,143.3,0.009,111.43008,FALSE
09-11-1990 08:00,137.7,0.009,107.07552,FALSE
10-11-1990 08:00,136.3,0.005,58.8816,FALSE
12-11-1990 08:00,190.3,0.021,345.28032,FALSE
13-11-1990 08:00,139.3,0.024,288.85248,FALSE
14-11-1990 08:00,123.6,0.014,149.50656,FALSE
15-11-1990 08:00,124.7,0.005,53.8704,FALSE
16-11-1990 08:00,139.1,0.013,156.23712,FALSE
17-11-1990 08:00,125.2,0.014,151.44192,FALSE
20-11-1990 08:00,148.2,0.034,435.35232,FALSE
21-11-1990 08:00,122.3,0.01,105.6672,FALSE
22-11-1990 08:00,104.5,0.011,99.3168,FALSE
23-11-1990 08:00,92.42,0.008,63.880704,FALSE
24-11-1990 08:00,86.27,0.006,44.722368,FALSE
26-11-1990 08:00,82.54,0.008,57.051648,FALSE
27-11-1990 08:00,92.51,0.007,55.950048,FALSE
28-11-1990 08:00,90.82,0.006,47.081088,FALSE
29-11-1990 08:00,86.32,0.007,52.206336,FALSE
30-11-1990 08:00,79.66,0.006,41.295744,FALSE
01-12-1990 08:00,73.16,0.0072,45.5113728,FALSE
03-12-1990 08:00,64.99,0.006,33.690816,FALSE
04-12-1990 08:00,66.36,0.0061,34.9743744,FALSE
05-12-1990 08:00,64.97,0.006,33.680448,FALSE
06-12-1990 08:00,62.86,0.0055,29.871072,FALSE
07-12-1990 08:00,60.7,0.0053,27.795744,FALSE
08-12-1990 08:00,56.71,0.0048,23.5187712,FALSE
10-12-1990 08:00,54.13,0.0044,20.5780608,FALSE
11-12-1990 08:00,53.98,0.0044,20.5210368,FALSE
12-12-1990 08:00,52.89,0.0038,17.3648448,FALSE
13-12-1990 08:00,48.71,0.0035,14.729904,FALSE
14-12-1990 08:00,47.59,0.0034,13.9800384,FALSE
15-12-1990 08:00,46.45,0.0032,12.842496,FALSE
17-12-1990 08:00,44.33,0.003,11.490336,FALSE
18-12-1990 08:00,43.78,0.0028,10.5912576,FALSE
19-12-1990 08:00,43.18,0.0027,10.0730304,FALSE
20-12-1990 08:00,43.26,0.0027,10.0916928,FALSE
21-12-1990 08:00,42.01,0.0037,13.4297568,FALSE
22-12-1990 08:00,40.24,0.0045,15.645312,FALSE
24-12-1990 08:00,38.75,0.0043,14.3964,FALSE
26-12-1990 08:00,37.08,0.0053,16.9796736,FALSE
27-12-1990 08:00,35.73,0.0051,15.7440672,FALSE
28-12-1990 08:00,34.06,0.005,14.71392,FALSE
29-12-1990 08:00,33.24,0.005,14.35968,FALSE
31-12-1990 08:00,32.42,0.0059,16.5264192,FALSE
01-01-1991 08:00,31.17,0.0087,23.4298656,FALSE
02-01-1991 08:00,30.6,0.0085,22.47264,FALSE
03-01-1991 08:00,30.52,0.0085,22.413888,FALSE
04-01-1991 08:00,29.95,0.0063,16.302384,FALSE
05-01-1991 08:00,29.37,0.0085,21.569328,FALSE
07-01-1991 08:00,28.23,0.0071,17.3174112,FALSE
08-01-1991 08:00,27.89,0.0065,15.663024,FALSE
09-01-1991 08:00,26.81,0.0046,10.6553664,FALSE
10-01-1991 08:00,26.19,0.0062,14.0294592,FALSE
11-01-1991 08:00,25.6,0.0059,13.049856,FALSE
12-01-1991 08:00,25.05,0.0042,9.090144,FALSE
14-01-1991 08:00,24.54,0.007,14.841792,FALSE
16-01-1991 08:00,22.9,0.0058,11.475648,FALSE
17-01-1991 08:00,21.94,0.006,11.373696,FALSE
18-01-1991 08:00,21.77,0.009,16.928352,FALSE
19-01-1991 08:00,21.02,0.0087,15.8003136,FALSE
21-01-1991 08:00,19.78,0.0048,8.2031616,FALSE
22-01-1991 08:00,18.68,0.0048,7.7469696,FALSE
23-01-1991 08:00,18.81,0.0042,6.8257728,FALSE
24-01-1991 08:00,17.99,0.0039,6.0619104,FALSE
25-01-1991 08:00,17.44,0.0043,6.4793088,FALSE
28-01-1991 08:00,13.53,0.0051,5.9618592,FALSE
29-01-1991 08:00,13.21,0.0031,3.5381664,FALSE
30-01-1991 08:00,12.54,0.0093,10.0761408,FALSE
31-01-1991 08:00,13.1,0.0051,5.772384,FALSE
01-02-1991 08:00,12.66,0.0038,4.1565312,FALSE
02-02-1991 08:00,12.36,0.0057,6.0870528,FALSE
04-02-1991 08:00,10.64,0.0077,7.0785792,FALSE
05-02-1991 08:00,10.28,0.0057,5.0626944,FALSE
06-02-1991 08:00,10.26,0.0072,6.3825408,FALSE
07-02-1991 08:00,10.34,0.0061,5.4495936,FALSE
08-02-1991 08:00,10.39,0.0057,5.1168672,FALSE
09-02-1991 08:00,10.04,0.004,3.469824,FALSE
11-02-1991 08:00,9.055,0.0038,2.9729376,FALSE
12-02-1991 08:00,8.568,0.007,5.1819264,FALSE
13-02-1991 08:00,8.612,0.0067,4.98531456,FALSE
14-02-1991 08:00,8.414,0.0117,8.50554432,FALSE
15-02-1991 08:00,8.134,0.0063,4.42749888,FALSE
16-02-1991 08:00,7.983,0.0068,4.69017216,FALSE
18-02-1991 08:00,7.488,0.0074,4.78752768,FALSE
19-02-1991 08:00,6.93,0.0063,3.7721376,FALSE
20-02-1991 08:00,6.489,0.0049,2.74718304,FALSE
21-02-1991 08:00,6.48,0.0058,3.2472576,FALSE
22-02-1991 08:00,6.363,0.0056,3.07867392,FALSE
23-02-1991 08:00,6.04,0.0038,1.9830528,FALSE
25-02-1991 08:00,5.529,0.0032,1.52865792,FALSE
26-02-1991 08:00,5.136,0.002,0.8875008,FALSE
27-02-1991 08:00,4.968,0.0026,1.11601152,FALSE
28-02-1991 08:00,4.963,0.0045,1.9296144,FALSE
01-03-1991 08:00,4.751,0.0047,1.92928608,FALSE
02-03-1991 08:00,4.531,0.0078,3.05353152,FALSE
04-03-1991 08:00,4.557,0.0058,2.28360384,FALSE
05-03-1991 08:00,3.897,0.0063,2.12121504,FALSE
06-03-1991 08:00,3.825,0.0054,1.784592,FALSE
07-03-1991 08:00,3.176,0.0077,2.11292928,FALSE
08-03-1991 08:00,3.08,0.0034,0.9047808,FALSE
09-03-1991 08:00,2.549,0.0027,0.59463072,FALSE
11-03-1991 08:00,2.649,0.0042,0.96126912,FALSE
12-03-1991 08:00,2.555,0.0089,1.9646928,FALSE
13-03-1991 08:00,2.658,0.0091,2.08982592,FALSE
14-03-1991 08:00,2.671,0.009,2.0769696,FALSE
15-03-1991 08:00,2.509,0.0068,1.47408768,FALSE
16-03-1991 08:00,2.401,0.0048,0.99574272,FALSE
18-03-1991 08:00,3.011,0.0063,1.63894752,FALSE
19-03-1991 08:00,2.645,0.0071,1.6225488,FALSE
20-03-1991 08:00,2.319,0.0053,1.06191648,FALSE
21-03-1991 08:00,2.727,0.005,1.178064,FALSE
22-03-1991 08:00,1.615,0.0057,0.7953552,FALSE
23-03-1991 08:00,1.279,0.0046,0.50832576,FALSE
25-03-1991 08:00,0.643,0.008,0.4444416,FALSE
26-03-1991 08:00,0.636,0.0081,0.44509824,FALSE
27-03-1991 08:00,0.632,0.0055,0.3003264,FALSE
30-03-1991 08:00,1.481,0.0065,0.8317296,FALSE
01-04-1991 08:00,1.574,0.0082,1.11514752,FALSE
02-04-1991 08:00,0.637,0.0065,0.3577392,FALSE
03-04-1991 08:00,1.645,0.0113,1.6060464,FALSE
04-04-1991 08:00,6.595,0.031,17.664048,FALSE
05-04-1991 08:00,4.916,0.0728,30.92124672,FALSE
06-04-1991 08:00,5.68,0.0254,12.4651008,FALSE
08-04-1991 08:00,4.371,0.0114,4.30526016,FALSE
09-04-1991 08:00,3.616,0.0074,2.31192576,FALSE
10-04-1991 08:00,3.388,0.0079,2.31251328,FALSE
11-04-1991 08:00,4.912,0.0078,3.31029504,FALSE
12-04-1991 08:00,4.663,0.0118,4.75402176,FALSE
13-04-1991 08:00,5.177,0.0106,4.74130368,FALSE
15-04-1991 08:00,6.35,0.0128,7.022592,FALSE
16-04-1991 08:00,5.941,0.0059,3.02848416,FALSE
18-04-1991 08:00,6.203,0.008,4.2875136,FALSE
19-04-1991 08:00,5.465,0.0099,4.6745424,FALSE
20-04-1991 08:00,4.848,0.0047,1.96867584,FALSE
22-04-1991 08:00,3.568,0.0065,2.0037888,FALSE
23-04-1991 08:00,3.209,0.0054,1.49719104,FALSE
24-04-1991 08:00,3.645,0.0037,1.1652336,FALSE
25-04-1991 08:00,3.821,0.0086,2.83915584,FALSE
26-04-1991 08:00,2.949,0.0044,1.12109184,FALSE
27-04-1991 08:00,4.28,0.0066,2.4406272,FALSE
29-04-1991 08:00,4.699,0.0038,1.54277568,FALSE
30-04-1991 08:00,4.503,0.0035,1.3617072,FALSE
01-05-1991 08:00,4.427,0.0046,1.75946688,FALSE
02-05-1991 08:00,4.663,0.004,1.6115328,FALSE
06-05-1991 08:00,3.009,0.0025,0.649944,FALSE
07-05-1991 08:00,2.928,0.009,2.2768128,FALSE
08-05-1991 08:00,2.224,0.0061,1.17213696,FALSE
09-05-1991 08:00,1.818,0.0064,1.00528128,FALSE
10-05-1991 08:00,1.547,0.0034,0.45444672,FALSE
11-05-1991 08:00,1.381,0.0094,1.12159296,FALSE
13-05-1991 08:00,2.778,0.0061,1.46411712,FALSE
14-05-1991 08:00,2.736,0.0107,2.52937728,FALSE
15-05-1991 08:00,3.508,0.0096,2.90967552,FALSE
16-05-1991 08:00,4.95,0.0061,2.608848,FALSE
17-05-1991 08:00,3.726,0.0057,1.83498048,FALSE
18-05-1991 08:00,4.2,0.0104,3.773952,FALSE
20-05-1991 08:00,6.12,0.0132,6.9797376,FALSE
21-05-1991 08:00,6.016,0.014,7.2769536,FALSE
23-05-1991 08:00,5.639,0.0262,12.76489152,FALSE
24-05-1991 08:00,4.239,0.0173,6.33611808,FALSE
25-05-1991 08:00,5.687,0.0214,10.51503552,FALSE
27-05-1991 08:00,5.999,0.0128,6.63441408,FALSE
29-05-1991 08:00,9.388,0.034,27.5781888,FALSE
30-05-1991 08:00,15.96,0.033,45.505152,FALSE
31-05-1991 08:00,13.81,0.0197,23.5057248,FALSE
19-07-1993 08:00,881.1,0.064,4872.13056,FALSE
27-01-1994 08:00,13.94,0.0042,5.0585472,FALSE
01-06-1994 08:00,8.152,0.051,35.9209728,FALSE
02-06-1994 08:00,25.02,0.073,157.806144,FALSE
03-06-1994 08:00,17.49,0.071,107.290656,FALSE
04-06-1994 08:00,17.64,0.055,83.82528,FALSE
06-06-1994 08:00,378.5,0.086,2812.4064,FALSE
07-06-1994 08:00,306.6,0.139,3682.14336,FALSE
08-06-1994 08:00,236.9,0.052,1064.34432,FALSE
09-06-1994 08:00,389.7,0.128,4309.77024,FALSE
10-06-1994 08:00,300.8,0.028,727.69536,FALSE
11-06-1994 08:00,307.2,0.11,2919.6288,FALSE
13-06-1994 08:00,1530,0.112,14805.504,FALSE
14-06-1994 08:00,1296,0.089,9965.7216,FALSE
15-06-1994 08:00,1573,0.114,15493.4208,FALSE
16-06-1994 08:00,749.3,0.102,6603.43104,FALSE
17-06-1994 08:00,712.2,0.099,6091.87392,FALSE
18-06-1994 08:00,659.8,0.05,2850.336,FALSE
21-06-1994 08:00,504.2,0.023,1001.94624,FALSE
22-06-1994 08:00,313.5,0.013,352.1232,FALSE
23-06-1994 08:00,299.6,0.017,440.05248,FALSE
24-06-1994 08:00,282.7,0.038,928.16064,FALSE
25-06-1994 08:00,598.5,0.2,10342.08,FALSE
27-06-1994 08:00,1166,0.118,11887.6032,FALSE
28-06-1994 08:00,1503,0.098,12726.2016,FALSE
29-06-1994 08:00,2854,0.247,60906.6432,FALSE
30-06-1994 08:00,3939,0.127,43221.8592,FALSE
01-07-1994 08:00,2064,0.138,24609.4848,FALSE
02-07-1994 08:00,1783,0.07,10783.584,FALSE
04-07-1994 08:00,1182,0.035,3574.368,FALSE
05-07-1994 08:00,1051,0.033,2996.6112,FALSE
06-07-1994 08:00,846,0.03,2192.832,FALSE
07-07-1994 08:00,820.2,0.019,1346.44032,FALSE
08-07-1994 08:00,712.1,0.022,1353.55968,FALSE
09-07-1994 08:00,778.5,0.055,3699.432,FALSE
11-07-1994 08:00,1592,0.075,10316.16,FALSE
12-07-1994 08:00,4242,0.204,74767.7952,FALSE
15-07-1994 08:00,3911,0.184,62175.5136,FALSE
16-07-1994 08:00,2391,0.099,20451.6576,FALSE
18-07-1994 08:00,2037,0.106,18655.6608,FALSE
19-07-1994 08:00,1817,0.08,12559.104,FALSE
20-07-1994 08:00,2136,0.106,19562.3424,FALSE
21-07-1994 08:00,2338,0.091,18382.2912,FALSE
22-07-1994 08:00,2517,0.085,18484.848,FALSE
23-07-1994 08:00,2630,0.074,16815.168,FALSE
25-07-1994 08:00,1683,0.038,5525.6256,FALSE
26-07-1994 08:00,1616,0.095,13264.128,FALSE
27-07-1994 08:00,2043,0.098,17298.4896,FALSE
28-07-1994 08:00,3976,0.193,66300.5952,FALSE
29-07-1994 08:00,3109,0.16,42978.816,FALSE
30-07-1994 08:00,3632,0.128,40167.0144,FALSE
01-08-1994 08:00,1789,0.039,6028.2144,FALSE
02-08-1994 08:00,3010,0.13,33808.32,FALSE
03-08-1994 08:00,2505,0.132,28569.024,FALSE
04-08-1994 08:00,1989,0.057,9795.4272,FALSE
05-08-1994 08:00,1658,0.054,7735.5648,FALSE
06-08-1994 08:00,1270,0.113,12399.264,FALSE
08-08-1994 08:00,874,0.03,2265.408,FALSE
09-08-1994 08:00,719.2,0.053,3293.36064,FALSE
10-08-1994 08:00,663.1,0.031,1776.04704,FALSE
11-08-1994 08:00,618.9,0.034,1818.08064,FALSE
12-08-1994 08:00,1373,0.101,11981.3472,FALSE
13-08-1994 08:00,969.7,0.13,10891.6704,FALSE
16-08-1994 08:00,458.4,0.025,990.144,FALSE
17-08-1994 08:00,478.4,0.031,1281.34656,FALSE
18-08-1994 08:00,731.1,0.071,4484.85984,FALSE
19-08-1994 08:00,1594,0.172,23688.1152,FALSE
20-08-1994 08:00,1376,0.085,10105.344,FALSE
22-08-1994 08:00,1143,0.055,5431.536,FALSE
23-08-1994 08:00,1013,0.04,3500.928,FALSE
24-08-1994 08:00,1071,0.042,3886.4448,FALSE
25-08-1994 08:00,1084,0.027,2528.7552,FALSE
26-08-1994 08:00,1049,0.024,2175.2064,FALSE
27-08-1994 08:00,1335,0.149,17186.256,FALSE
29-08-1994 08:00,1843,0.138,21974.4576,FALSE
30-08-1994 08:00,1503,0.083,10778.3136,FALSE
31-08-1994 08:00,1766,0.075,11443.68,FALSE
01-09-1994 08:00,1889,0.064,10445.4144,FALSE
02-09-1994 08:00,1757,0.085,12903.408,FALSE
03-09-1994 08:00,1338,0.026,3005.6832,FALSE
05-09-1994 08:00,1377,0.072,8566.0416,FALSE
06-09-1994 08:00,1385,0.057,6820.848,FALSE
07-09-1994 08:00,1310,0.033,3735.072,FALSE
08-09-1994 08:00,1088,0.024,2256.0768,FALSE
10-09-1994 08:00,718.8,0.045,2794.6944,FALSE
12-09-1994 08:00,595,0.013,668.304,FALSE
13-09-1994 08:00,535.9,0.017,787.12992,FALSE
14-09-1994 08:00,434.4,0.014,525.45024,FALSE
15-09-1994 08:00,410.4,0.009,319.12704,FALSE
16-09-1994 08:00,386.2,0.01,333.6768,FALSE
17-09-1994 08:00,369.2,0.012,382.78656,FALSE
19-09-1994 08:00,337.4,0.008,233.21088,FALSE
20-09-1994 08:00,293.8,0.009,228.45888,FALSE
21-09-1994 08:00,280.7,0.01,242.5248,FALSE
22-09-1994 08:00,258.8,0.005,111.8016,FALSE
23-09-1994 08:00,239.8,0.009,186.46848,FALSE
24-09-1994 08:00,227.9,0.008,157.52448,FALSE
26-09-1994 08:00,199.1,0.009,154.82016,FALSE
27-09-1994 08:00,194.9,0.007,117.87552,FALSE
28-09-1994 08:00,198,0.009,153.9648,FALSE
29-09-1994 08:00,196.8,0.006,102.02112,FALSE
30-09-1994 08:00,187,0.011,177.7248,FALSE
01-10-1994 08:00,260.7,0.008,180.19584,FALSE
03-10-1994 08:00,268.7,0.055,1276.8624,FALSE
04-10-1994 08:00,740.9,0.168,10754.31168,FALSE
05-10-1994 08:00,373.1,0.063,2030.85792,FALSE
06-10-1994 08:00,556.5,0.098,4711.9968,FALSE
07-10-1994 08:00,396.9,0.083,2846.24928,FALSE
08-10-1994 08:00,437.7,0.023,869.79744,FALSE
10-10-1994 08:00,324,0.058,1623.6288,FALSE
11-10-1994 08:00,342.5,0.094,2781.648,FALSE
12-10-1994 08:00,463.3,0.137,5483.98944,FALSE
13-10-1994 08:00,609.8,0.171,9009.42912,FALSE
15-10-1994 08:00,351.5,0.056,1700.6976,FALSE
18-10-1994 08:00,374,0.03,969.408,FALSE
19-10-1994 08:00,256.8,0.029,643.43808,FALSE
20-10-1994 08:00,448.9,0.096,3723.35616,FALSE
21-10-1994 08:00,284,0.033,809.7408,FALSE
22-10-1994 08:00,223.1,0.028,539.72352,FALSE
24-10-1994 08:00,265.6,0.047,1078.54848,FALSE
25-10-1994 08:00,281.1,0.065,1578.6576,FALSE
26-10-1994 08:00,289.8,0.039,976.51008,FALSE
27-10-1994 08:00,614.6,0.347,18426.19968,FALSE
28-10-1994 08:00,747.9,0.275,17770.104,FALSE
29-10-1994 08:00,579.1,0.112,5603.83488,FALSE
31-10-1994 08:00,294.3,0.027,686.54304,FALSE
01-11-1994 08:00,300.4,0.034,882.45504,FALSE
03-11-1994 08:00,466,0.051,2053.3824,FALSE
04-11-1994 08:00,282.6,0.045,1098.7488,FALSE
05-11-1994 08:00,346,0.052,1554.5088,FALSE
07-11-1994 08:00,193.5,0.014,234.0576,FALSE
08-11-1994 08:00,179,0.025,386.64,FALSE
09-11-1994 08:00,163.1,0.016,225.46944,FALSE
10-11-1994 08:00,153.3,0.016,211.92192,FALSE
11-11-1994 08:00,146.7,0.007,88.72416,FALSE
12-11-1994 08:00,135.5,0.01,117.072,FALSE
14-11-1994 08:00,140.6,0.009,109.33056,FALSE
15-11-1994 08:00,134.3,0.007,81.22464,FALSE
16-11-1994 08:00,127.5,0.006,66.096,FALSE
17-11-1994 08:00,122.1,0.003,31.64832,FALSE
19-11-1994 08:00,111.8,0.003,28.97856,FALSE
21-11-1994 08:00,92.84,0.007,56.149632,FALSE
22-11-1994 08:00,87.93,0.005,37.98576,FALSE
23-11-1994 08:00,82.98,0.004,28.677888,FALSE
24-11-1994 08:00,81.34,0.003,21.083328,FALSE
25-11-1994 08:00,75.71,0.008,52.330752,FALSE
28-11-1994 08:00,75.81,0.005,32.74992,FALSE
29-11-1994 08:00,71.31,0.007,43.128288,FALSE
30-11-1994 08:00,67.82,0.006,35.157888,FALSE
01-12-1994 08:00,62.49,0.0058,31.3149888,FALSE
02-12-1994 08:00,57.41,0.0033,16.3687392,FALSE
03-12-1994 08:00,59.1,0.003,15.31872,FALSE
05-12-1994 08:00,55.41,0.0041,19.6284384,FALSE
06-12-1994 08:00,59.62,0.003,15.453504,FALSE
07-12-1994 08:00,53.71,0.0024,11.1373056,FALSE
08-12-1994 08:00,52.36,0.0029,13.1193216,FALSE
09-12-1994 08:00,49.66,0.0045,19.307808,FALSE
10-12-1994 08:00,48.9,0.0021,8.872416,FALSE
12-12-1994 08:00,48.57,0.0047,19.7233056,FALSE
13-12-1994 08:00,47.06,0.0051,20.7365184,FALSE
14-12-1994 08:00,45.75,0.0035,13.8348,FALSE
15-12-1994 08:00,44.26,0.0029,11.0897856,FALSE
16-12-1994 08:00,42.57,0.0039,14.3443872,FALSE
17-12-1994 08:00,41.55,0.004,14.35968,FALSE
19-12-1994 08:00,40.59,0.003,10.520928,FALSE
20-12-1994 08:00,39.89,0.0022,7.5822912,FALSE
21-12-1994 08:00,36.01,0.0033,10.2671712,FALSE
22-12-1994 08:00,34.95,0.0049,14.796432,FALSE
23-12-1994 08:00,33.52,0.0055,15.928704,FALSE
24-12-1994 08:00,33.12,0.0075,21.46176,FALSE
26-12-1994 08:00,29.04,0.0049,12.2943744,FALSE
28-12-1994 08:00,30.18,0.0017,4.4328384,FALSE
29-12-1994 08:00,29.93,0.0028,7.2406656,FALSE
30-12-1994 08:00,29.9,0.0019,4.908384,FALSE
31-12-1994 08:00,29.39,0.0026,6.6021696,FALSE
02-01-1995 08:00,26.53,0.0049,11.2317408,FALSE
03-01-1995 08:00,25.52,0.0041,9.0402048,FALSE
04-01-1995 08:00,25.36,0.0036,7.8879744,FALSE
05-01-1995 08:00,24.52,0.0078,16.5245184,FALSE
06-01-1995 08:00,24.46,0.0084,17.7520896,FALSE
07-01-1995 08:00,24.27,0.0077,16.1463456,FALSE
09-01-1995 08:00,26.7,0.0075,17.3016,FALSE
10-01-1995 08:00,27.59,0.0049,11.6805024,FALSE
11-01-1995 08:00,26.21,0.0067,15.1724448,FALSE
12-01-1995 08:00,24.42,0.0067,14.1362496,FALSE
13-01-1995 08:00,23.69,0.0048,9.8247168,FALSE
14-01-1995 08:00,22.96,0.0056,11.1089664,FALSE
16-01-1995 08:00,22.52,0.0034,6.6154752,FALSE
17-01-1995 08:00,22.61,0.0037,7.2279648,FALSE
18-01-1995 08:00,20.45,0.0044,7.774272,FALSE
19-01-1995 08:00,21.15,0.0049,8.954064,FALSE
20-01-1995 08:00,20.2,0.0022,3.839616,FALSE
21-01-1995 08:00,18.1,0.0023,3.596832,FALSE
23-01-1995 08:00,17.02,0.0025,3.67632,FALSE
24-01-1995 08:00,15.97,0.0021,2.8975968,FALSE
25-01-1995 08:00,17.19,0.0024,3.5645184,FALSE
27-01-1995 08:00,13.54,0.0055,6.434208,FALSE
28-01-1995 08:00,13.2,0.0047,5.360256,FALSE
30-01-1995 08:00,12.84,0.004,4.437504,FALSE
31-01-1995 08:00,12.76,0.0037,4.0791168,FALSE
01-02-1995 08:00,12.49,0.0054,5.8273344,FALSE
02-02-1995 08:00,12.2,0.0053,5.586624,FALSE
03-02-1995 08:00,11.73,0.0047,4.7633184,FALSE
04-02-1995 08:00,11.33,0.0064,6.2650368,FALSE
06-02-1995 08:00,11.72,0.008,8.100864,FALSE
07-02-1995 08:00,11.39,0.006,5.904576,FALSE
08-02-1995 08:00,10.69,0.0043,3.9715488,FALSE
09-02-1995 08:00,10.16,0.0033,2.8968192,FALSE
10-02-1995 08:00,9.521,0.0075,6.169608,FALSE
11-02-1995 08:00,9.291,0.0063,5.05727712,FALSE
13-02-1995 08:00,9.794,0.0048,4.06176768,FALSE
14-02-1995 08:00,9.41,0.0043,3.4960032,FALSE
15-02-1995 08:00,9.05,0.0028,2.189376,FALSE
16-02-1995 08:00,8.894,0.0025,1.921104,FALSE
17-02-1995 08:00,8.946,0.0025,1.932336,FALSE
18-02-1995 08:00,8.797,0.0057,4.33234656,FALSE
20-02-1995 08:00,8.32,0.0061,4.3849728,FALSE
21-02-1995 08:00,8.355,0.0029,2.0934288,FALSE
22-02-1995 08:00,7.516,0.0021,1.36370304,FALSE
23-02-1995 08:00,7.386,0.0047,2.99930688,FALSE
24-02-1995 08:00,7.452,0.0052,3.34803456,FALSE
25-02-1995 08:00,7.414,0.0043,2.75444928,FALSE
28-02-1995 08:00,7.362,0.0043,2.73513024,FALSE
01-03-1995 08:00,7.22,0.0074,4.6161792,FALSE
02-03-1995 08:00,7.066,0.0032,1.95360768,FALSE
04-03-1995 08:00,6.766,0.0048,2.80599552,FALSE
06-03-1995 08:00,6.244,0.0048,2.58951168,FALSE
07-03-1995 08:00,4.657,0.0042,1.68993216,FALSE
08-03-1995 08:00,4.598,0.0041,1.62879552,FALSE
09-03-1995 08:00,6.433,0.002,1.1116224,FALSE
10-03-1995 08:00,3.075,0.006,1.59408,FALSE
11-03-1995 08:00,3.014,0.0048,1.24996608,FALSE
13-03-1995 08:00,2.787,0.0037,0.89094816,FALSE
14-03-1995 08:00,2.787,0.0041,0.98726688,FALSE
15-03-1995 08:00,3.016,0.0035,0.9120384,FALSE
16-03-1995 08:00,2.957,0.0021,0.53651808,FALSE
17-03-1995 08:00,2.88,0.0047,1.1695104,FALSE
18-03-1995 08:00,2.792,0.0026,0.62719488,FALSE
20-03-1995 08:00,2.391,0.0026,0.53711424,FALSE
21-03-1995 08:00,2.42,0.0027,0.5645376,FALSE
22-03-1995 08:00,1.893,0.0028,0.45795456,FALSE
23-03-1995 08:00,1.87,0.0023,0.3716064,FALSE
24-03-1995 08:00,1.819,0.0016,0.25145856,FALSE
25-03-1995 08:00,1.933,0.0024,0.40082688,FALSE
27-03-1995 08:00,1.936,0.003,0.5018112,FALSE
28-03-1995 08:00,1.855,0.0035,0.560952,FALSE
29-03-1995 08:00,1.444,0.0021,0.26199936,FALSE
30-03-1995 08:00,1.353,0.0068,0.79491456,FALSE
31-03-1995 08:00,1.23,0.0037,0.3932064,FALSE
01-04-1995 08:00,0.951,0.0034,0.27936576,FALSE
03-04-1995 08:00,0.929,0.0071,0.56988576,FALSE
04-04-1995 08:00,0.88,0.0063,0.4790016,FALSE
05-04-1995 08:00,0.961,0.0024,0.19927296,FALSE
06-04-1995 08:00,0.9,0.0065,0.50544,FALSE
07-04-1995 08:00,1.342,0.0035,0.4058208,FALSE
08-04-1995 08:00,1.405,0.0033,0.4005936,FALSE
10-04-1995 08:00,2.192,0.0016,0.30302208,FALSE
15-04-1995 08:00,1.453,0.0057,0.71557344,FALSE
17-04-1995 08:00,1.226,0.0066,0.69911424,FALSE
18-04-1995 08:00,1.233,0.0099,1.05465888,FALSE
19-04-1995 08:00,1.314,0.0064,0.72658944,FALSE
20-04-1995 08:00,1.223,0.0054,0.57060288,FALSE
21-04-1995 08:00,0.582,0.0051,0.25645248,FALSE
22-04-1995 08:00,0.579,0.0053,0.26513568,FALSE
24-04-1995 08:00,0.572,0.0071,0.35088768,FALSE
25-04-1995 08:00,4.507,0.0096,3.73828608,FALSE
26-04-1995 08:00,4.271,0.0137,5.05549728,FALSE
27-04-1995 08:00,4.18,0.016,5.778432,FALSE
28-04-1995 08:00,3.863,0.0183,6.10786656,FALSE
29-04-1995 08:00,2.963,0.0197,5.04326304,FALSE
01-05-1995 08:00,3.45,0.0109,3.249072,FALSE
02-05-1995 08:00,7.014,0.0073,4.42387008,FALSE
03-05-1995 08:00,5.24,0.003,1.358208,FALSE
04-05-1995 08:00,11.63,0.0062,6.2299584,FALSE
05-05-1995 08:00,8.351,0.004,2.8861056,FALSE
12-05-1995 08:00,77.53,0.1459,977.3245728,FALSE
15-05-1995 08:00,149.1,0.0948,1221.236352,FALSE
16-05-1995 08:00,139.7,0.1478,1783.957824,FALSE
17-05-1995 08:00,86.35,0.0618,461.067552,FALSE
18-05-1995 08:00,63.29,0.0173,94.6008288,FALSE
19-05-1995 08:00,24.77,0.0172,36.8102016,FALSE
20-05-1995 08:00,20.75,0.0127,22.76856,FALSE
22-05-1995 08:00,15.78,0.0065,8.862048,FALSE
23-05-1995 08:00,13.87,0.0058,6.9505344,FALSE
24-05-1995 08:00,11.05,0.0071,6.778512,FALSE
25-05-1995 08:00,10.15,0.0076,6.664896,FALSE
26-05-1995 08:00,9.193,0.0078,6.19534656,FALSE
27-05-1995 08:00,8.29,0.0067,4.7989152,FALSE
29-05-1995 08:00,11.41,0.0047,4.6333728,FALSE
30-05-1995 08:00,19.3,0.005,8.3376,FALSE
31-05-1995 08:00,19.26,0.0044,7.3218816,FALSE
01-06-1995 08:00,26.6,0.006,13.78944,FALSE
02-06-1995 08:00,27.35,0.085,200.8584,FALSE
03-06-1995 08:00,15.4,0.09,119.7504,FALSE
05-06-1995 08:00,11.76,0.062,62.995968,FALSE
06-06-1995 08:00,13.37,0.042,48.517056,FALSE
07-06-1995 08:00,10.28,0.014,12.434688,FALSE
08-06-1995 08:00,11.28,0.018,17.542656,FALSE
10-06-1995 08:00,9.679,0.023,19.2341088,FALSE
16-06-1995 08:00,176.5,0.052,792.9792,FALSE
17-06-1995 08:00,149.6,0.048,620.42112,FALSE
19-06-1995 08:00,142.7,0.044,542.48832,FALSE
20-06-1995 08:00,132.7,0.045,515.9376,FALSE
21-06-1995 08:00,157.2,0.071,964.32768,FALSE
22-06-1995 08:00,175.3,0.075,1135.944,FALSE
23-06-1995 08:00,168.6,0.051,742.91904,FALSE
24-06-1995 08:00,198.9,0.08,1374.7968,FALSE
26-06-1995 08:00,173.5,0.045,674.568,FALSE
27-06-1995 08:00,203.1,0.048,842.29632,FALSE
28-06-1995 08:00,422,0.18,6562.944,FALSE
29-06-1995 08:00,710.8,0.434,26653.29408,FALSE
30-06-1995 08:00,533.6,0.108,4979.12832,FALSE
01-07-1995 08:00,1112,0.423,40640.4864,FALSE
03-07-1995 08:00,1125,0.108,10497.6,FALSE
04-07-1995 08:00,601.7,0.028,1455.63264,FALSE
05-07-1995 08:00,447.8,0.027,1044.62784,FALSE
06-07-1995 08:00,551,0.239,11377.9296,FALSE
07-07-1995 08:00,1330,0.558,64120.896,FALSE
08-07-1995 08:00,829,0.087,6231.4272,FALSE
10-07-1995 08:00,862.7,0.048,3577.78944,FALSE
11-07-1995 08:00,2403,0.526,109207.6992,FALSE
12-07-1995 08:00,3074,0.329,87380.2944,FALSE
13-07-1995 08:00,1601,0.195,26973.648,FALSE
14-07-1995 08:00,1616,0.088,12286.7712,FALSE
15-07-1995 08:00,1357,0.094,11021.0112,FALSE
18-07-1995 08:00,1599,0.188,25972.8768,FALSE
19-07-1995 08:00,2191,0.072,13629.7728,FALSE
20-07-1995 08:00,2850,0.229,56388.96,FALSE
21-07-1995 08:00,2529,0.093,20321.0208,FALSE
22-07-1995 08:00,1767,0.111,16946.2368,FALSE
24-07-1995 08:00,1643,0.135,19163.952,FALSE
25-07-1995 08:00,1372,0.102,12091.1616,FALSE
26-07-1995 08:00,1125,0.071,6901.2,FALSE
27-07-1995 08:00,953.9,0.084,6923.02464,FALSE
28-07-1995 08:00,833.5,0.052,3744.7488,FALSE
29-07-1995 08:00,855.7,0.048,3548.75904,FALSE
30-07-1995 08:00,810,0.047,3289.248,FALSE
31-07-1995 08:00,913,0.046,3628.6272,FALSE
01-08-1995 08:00,827.4,0.034,2430.57024,FALSE
02-08-1995 08:00,727.7,0.027,1697.57856,FALSE
03-08-1995 08:00,760.8,0.067,4404.11904,FALSE
04-08-1995 08:00,1231,0.12,12763.008,FALSE
05-08-1995 08:00,1282,0.129,14288.6592,FALSE
07-08-1995 08:00,764.3,0.086,5679.05472,FALSE
08-08-1995 08:00,884.8,0.085,6497.9712,FALSE
09-08-1995 08:00,1290,0.131,14600.736,FALSE
11-08-1995 08:00,755.4,0.067,4372.85952,FALSE
12-08-1995 08:00,924.5,0.184,14697.3312,FALSE
14-08-1995 08:00,676.4,0.167,9759.64032,FALSE
16-08-1995 08:00,558.3,0.069,3328.36128,FALSE
18-08-1995 08:00,525,0.025,1134,FALSE
19-08-1995 08:00,558.1,0.052,2507.43168,FALSE
21-08-1995 08:00,503.7,0.032,1392.62976,FALSE
22-08-1995 08:00,427.7,0.024,886.87872,FALSE
23-08-1995 08:00,411,0.015,532.656,FALSE
24-08-1995 08:00,695.3,0.082,4926.06144,FALSE
25-08-1995 08:00,478,0.117,4832.0064,FALSE
26-08-1995 08:00,737.7,0.118,7520.99904,FALSE
28-08-1995 08:00,699.1,0.076,4590.57024,FALSE
30-08-1995 08:00,1611,0.083,11552.8032,FALSE
31-08-1995 08:00,2757,0.254,60504.0192,FALSE
02-09-1995 08:00,2399,0.135,27981.936,FALSE
03-09-1995 08:00,2080,0.2,35942.4,FALSE
07-09-1995 08:00,1410,0.148,18029.952,FALSE
11-09-1995 08:00,579.6,0.013,651.00672,FALSE
18-09-1995 08:00,663.6,0.092,5274.82368,FALSE
19-09-1995 08:00,462.5,0.073,2917.08,FALSE
20-09-1995 08:00,443.4,0.048,1838.86848,FALSE
21-09-1995 08:00,412.9,0.025,891.864,FALSE
22-09-1995 08:00,419.1,0.017,615.57408,FALSE
23-09-1995 08:00,340.7,0.015,441.5472,FALSE
25-09-1995 08:00,276.8,0.013,310.90176,FALSE
26-09-1995 08:00,273.6,0.01,236.3904,FALSE
27-09-1995 08:00,243.8,0.015,315.9648,FALSE
28-09-1995 08:00,221.8,0.011,210.79872,FALSE
29-09-1995 08:00,211.3,0.009,164.30688,FALSE
30-09-1995 08:00,221.6,0.008,153.16992,FALSE
04-10-1995 08:00,199.4,0.014,241.19424,FALSE
05-10-1995 08:00,298.8,0.019,490.51008,FALSE
06-10-1995 08:00,314.5,0.085,2309.688,FALSE
07-10-1995 08:00,230.5,0.048,955.9296,FALSE
09-10-1995 08:00,183.9,0.013,206.55648,FALSE
10-10-1995 08:00,193.7,0.056,937.19808,FALSE
11-10-1995 08:00,311.9,0.101,2721.76416,FALSE
12-10-1995 08:00,198.7,0.058,995.72544,FALSE
13-10-1995 08:00,203.6,0.059,1037.87136,FALSE
14-10-1995 08:00,208.7,0.059,1063.86912,FALSE
16-10-1995 08:00,173.8,0.011,165.17952,FALSE
17-10-1995 08:00,137.9,0.009,107.23104,FALSE
18-10-1995 08:00,125,0.018,194.4,FALSE
19-10-1995 08:00,122.2,0.018,190.04544,FALSE
20-10-1995 08:00,131.8,0.007,79.71264,FALSE
21-10-1995 08:00,173.7,0.009,135.06912,FALSE
24-10-1995 08:00,413.6,0.05,1786.752,FALSE
25-10-1995 08:00,206.5,0.048,856.3968,FALSE
26-10-1995 08:00,208.3,0.025,449.928,FALSE
27-10-1995 08:00,171.5,0.047,696.4272,FALSE
28-10-1995 08:00,210.6,0.071,1291.90464,FALSE
30-10-1995 08:00,133.5,0.028,322.9632,FALSE
31-10-1995 08:00,197.2,0.072,1226.74176,FALSE
01-11-1995 08:00,319.6,0.165,4556.2176,FALSE
02-11-1995 08:00,209.2,0.111,2006.31168,FALSE
03-11-1995 08:00,171.3,0.045,666.0144,FALSE
04-11-1995 08:00,118.8,0.037,379.77984,FALSE
06-11-1995 08:00,694.7,0.326,19567.19808,FALSE
08-11-1995 08:00,280.9,0.107,2596.86432,FALSE
09-11-1995 08:00,259.1,0.017,380.56608,FALSE
10-11-1995 08:00,183.8,0.024,381.12768,FALSE
11-11-1995 08:00,135.7,0.017,199.31616,FALSE
13-11-1995 08:00,127,0.008,87.7824,FALSE
14-11-1995 08:00,116.5,0.01,100.656,FALSE
15-11-1995 08:00,103.2,0.008,71.33184,FALSE
16-11-1995 08:00,97.34,0.007,58.871232,FALSE
17-11-1995 08:00,94.49,0.009,73.475424,FALSE
18-11-1995 08:00,90.73,0.007,54.873504,FALSE
20-11-1995 08:00,89.58,0.007,54.177984,FALSE
21-11-1995 08:00,95.21,0.009,74.035296,FALSE
22-11-1995 08:00,88.57,0.007,53.567136,FALSE
23-11-1995 08:00,83.76,0.007,50.658048,FALSE
24-11-1995 08:00,111.2,0.007,67.25376,FALSE
25-11-1995 08:00,99.71,0.035,301.52304,FALSE
27-11-1995 08:00,82.37,0.013,92.517984,FALSE
28-11-1995 08:00,78.55,0.011,74.65392,FALSE
29-11-1995 08:00,70.22,0.005,30.33504,FALSE
30-11-1995 08:00,64.73,0.01,55.92672,FALSE
01-12-1995 08:00,60.94,0.0113,59.4969408,FALSE
02-12-1995 08:00,57.75,0.0125,62.37,FALSE
03-12-1995 08:00,54,0.0089,41.52384,FALSE
04-12-1995 08:00,48.68,0.008,33.647616,FALSE
05-12-1995 08:00,48.09,0.0068,28.2538368,FALSE
06-12-1995 08:00,46.54,0.0063,25.3326528,FALSE
07-12-1995 08:00,47.75,0.0063,25.99128,FALSE
08-12-1995 08:00,46.61,0.0064,25.7734656,FALSE
09-12-1995 08:00,45.47,0.0064,25.1430912,FALSE
10-12-1995 08:00,42.6,0.0076,27.972864,FALSE
11-12-1995 08:00,41.17,0.0101,35.9265888,FALSE
12-12-1995 08:00,39.07,0.0069,23.2919712,FALSE
13-12-1995 08:00,38.05,0.007,23.01264,FALSE
14-12-1995 08:00,37.17,0.0067,21.5169696,FALSE
15-12-1995 08:00,36.98,0.0069,22.0459968,FALSE
16-12-1995 08:00,35.94,0.0058,18.0102528,FALSE
17-12-1995 08:00,33.9,0.0067,19.624032,FALSE
18-12-1995 08:00,33.94,0.0058,17.0080128,FALSE
19-12-1995 08:00,32.86,0.0064,18.1702656,FALSE
20-12-1995 08:00,31.94,0.0051,14.0740416,FALSE
21-12-1995 08:00,30.9,0.0045,12.01392,FALSE
22-12-1995 08:00,28.99,0.0037,9.2675232,FALSE
23-12-1995 08:00,28.54,0.0039,9.6168384,FALSE
26-12-1995 08:00,26.82,0.0035,8.110368,FALSE
27-12-1995 08:00,25.74,0.0039,8.6733504,FALSE
28-12-1995 08:00,25.32,0.0041,8.9693568,FALSE
29-12-1995 08:00,24.51,0.0037,7.8353568,FALSE
30-12-1995 08:00,23.81,0.0035,7.200144,FALSE
01-01-1996 08:00,23.23,0.0069,13.8487968,FALSE
02-01-1996 08:00,22.73,0.0059,11.5868448,FALSE
03-01-1996 08:00,21.25,0.0047,8.6292,FALSE
04-01-1996 08:00,19.96,0.0046,7.9329024,FALSE
05-01-1996 08:00,19.8,0.0044,7.527168,FALSE
06-01-1996 08:00,19.45,0.0041,6.889968,FALSE
08-01-1996 08:00,19.29,0.0034,5.6666304,FALSE
09-01-1996 08:00,18.72,0.0051,8.2487808,FALSE
10-01-1996 08:00,17.08,0.0051,7.5261312,FALSE
11-01-1996 08:00,17.83,0.01,15.40512,FALSE
12-01-1996 08:00,17.5,0.007,10.584,FALSE
13-01-1996 08:00,17.24,0.014,20.853504,FALSE
16-01-1996 08:00,15.98,0.0045,6.213024,FALSE
17-01-1996 08:00,15.56,0.0131,17.6114304,FALSE
18-01-1996 08:00,15.47,0.0142,18.9798336,FALSE
19-01-1996 08:00,15.14,0.0107,13.9966272,FALSE
20-01-1996 08:00,15.11,0.0076,9.9218304,FALSE
22-01-1996 08:00,15.18,0.0052,6.8200704,FALSE
23-01-1996 08:00,14,0.0044,5.32224,FALSE
24-01-1996 08:00,12.33,0.0051,5.4330912,FALSE
25-01-1996 08:00,11.34,0.005,4.89888,FALSE
27-01-1996 08:00,11.03,0.005,4.76496,FALSE
29-01-1996 08:00,10.23,0.0045,3.977424,FALSE
30-01-1996 08:00,9.02,0.0059,4.5980352,FALSE
31-01-1996 08:00,9.751,0.0085,7.1611344,FALSE
01-02-1996 08:00,9.312,0.0116,9.33285888,FALSE
02-02-1996 08:00,8.01,0.0099,6.8514336,FALSE
03-02-1996 08:00,8.592,0.0083,6.16149504,FALSE
05-02-1996 08:00,7.207,0.0056,3.48703488,FALSE
06-02-1996 08:00,7.128,0.0059,3.63356928,FALSE
07-02-1996 08:00,7.058,0.0051,3.11003712,FALSE
08-02-1996 08:00,7.018,0.0046,2.78923392,FALSE
09-02-1996 08:00,6.932,0.0044,2.63526912,FALSE
10-02-1996 08:00,6.762,0.0057,3.33014976,FALSE
12-02-1996 08:00,5.792,0.0065,3.2527872,FALSE
13-02-1996 08:00,5.63,0.0063,3.0645216,FALSE
14-02-1996 08:00,6.077,0.0061,3.20282208,FALSE
15-02-1996 08:00,5.986,0.006,3.1031424,FALSE
16-02-1996 08:00,5.849,0.0065,3.2847984,FALSE
17-02-1996 08:00,5.736,0.0067,3.32045568,FALSE
19-02-1996 08:00,5.817,0.0066,3.31708608,FALSE
20-02-1996 08:00,5.812,0.0057,2.86229376,FALSE
22-02-1996 08:00,5.412,0.0054,2.52502272,FALSE
23-02-1996 08:00,5.289,0.0052,2.37624192,FALSE
24-02-1996 08:00,5.184,0.0051,2.28427776,FALSE
26-02-1996 08:00,4.364,0.0049,1.84754304,FALSE
27-02-1996 08:00,4.241,0.0045,1.6489008,FALSE
28-02-1996 08:00,4.013,0.0045,1.5602544,FALSE
29-02-1996 08:00,3.984,0.0062,2.13414912,FALSE
01-03-1996 08:00,3,0.0059,1.52928,FALSE
02-03-1996 08:00,2.954,0.0053,1.35269568,FALSE
04-03-1996 08:00,3.271,0.005,1.413072,FALSE
05-03-1996 08:00,3.151,0.0046,1.25233344,FALSE
06-03-1996 08:00,3.027,0.0042,1.09843776,FALSE
07-03-1996 08:00,2.881,0.004,0.9956736,FALSE
08-03-1996 08:00,2.796,0.0039,0.94214016,FALSE
09-03-1996 08:00,2.701,0.0043,1.00347552,FALSE
11-03-1996 08:00,2.052,0.0084,1.48925952,FALSE
12-03-1996 08:00,0.998,0.0073,0.62945856,FALSE
13-03-1996 08:00,2.016,0.0071,1.23669504,FALSE
14-03-1996 08:00,1.635,0.0059,0.8334576,FALSE
15-03-1996 08:00,1.596,0.0049,0.67568256,FALSE
16-03-1996 08:00,1.717,0.0043,0.63789984,FALSE
18-03-1996 08:00,1.569,0.003,0.4066848,FALSE
19-03-1996 08:00,1.212,0.003,0.3141504,FALSE
21-03-1996 08:00,1.174,0.0031,0.31444416,FALSE
22-03-1996 08:00,0.777,0.0031,0.20811168,FALSE
23-03-1996 08:00,0.814,0.0029,0.20395584,FALSE
25-03-1996 08:00,0.949,0.0029,0.23778144,FALSE
26-03-1996 08:00,0.899,0.0032,0.24855552,FALSE
27-03-1996 08:00,0.808,0.0035,0.2443392,FALSE
28-03-1996 08:00,0.793,0.0034,0.23295168,FALSE
29-03-1996 08:00,0.748,0.0033,0.21326976,FALSE
30-03-1996 08:00,0.728,0.0034,0.21385728,FALSE
02-04-1996 08:00,0.832,0.0031,0.22284288,FALSE
03-04-1996 08:00,0.703,0.0029,0.17614368,FALSE
04-04-1996 08:00,0.678,0.0028,0.16402176,FALSE
06-04-1996 08:00,0.662,0.0028,0.16015104,FALSE
08-04-1996 08:00,2.693,0.0041,0.95396832,FALSE
09-04-1996 08:00,2.903,0.0045,1.1286864,FALSE
10-04-1996 08:00,2.484,0.0047,1.00870272,FALSE
11-04-1996 08:00,2.307,0.0041,0.81723168,FALSE
12-04-1996 08:00,2.114,0.0039,0.71233344,FALSE
13-04-1996 08:00,2.178,0.0035,0.6586272,FALSE
15-04-1996 08:00,10.26,0.0074,6.5598336,FALSE
18-04-1996 08:00,9.405,0.0348,28.2782016,FALSE
19-04-1996 08:00,8.939,0.025,19.30824,FALSE
20-04-1996 08:00,8.551,0.0181,13.37239584,FALSE
22-04-1996 08:00,3.857,0.012,3.9989376,FALSE
23-04-1996 08:00,3.423,0.0105,3.1053456,FALSE
24-04-1996 08:00,3.196,0.0065,1.7948736,FALSE
25-04-1996 08:00,2.788,0.0045,1.0839744,FALSE
26-04-1996 08:00,2.634,0.004,0.9103104,FALSE
30-04-1996 08:00,2.645,0.003,0.685584,FALSE
01-05-1996 08:00,2.583,0.0048,1.07122176,FALSE
02-05-1996 08:00,2.486,0.0041,0.88064064,FALSE
06-05-1996 08:00,1.616,0.0026,0.36301824,FALSE
07-05-1996 08:00,1.519,0.0025,0.328104,FALSE
08-05-1996 08:00,1.49,0.0024,0.3089664,FALSE
09-05-1996 08:00,1.643,0.0023,0.32649696,FALSE
10-05-1996 08:00,1.543,0.0023,0.30662496,FALSE
11-05-1996 08:00,1.488,0.0026,0.33426432,FALSE
13-05-1996 08:00,1.518,0.0025,0.327888,FALSE
20-05-1996 08:00,0.637,0.0065,0.3577392,FALSE
24-05-1996 08:00,0.6,0.0055,0.28512,FALSE
27-05-1996 08:00,1.804,0.0049,0.76374144,FALSE
29-05-1996 08:00,1.696,0.0028,0.41029632,FALSE
30-05-1996 08:00,0.552,0.0031,0.14784768,FALSE
31-05-1996 08:00,0.863,0.0049,0.36535968,FALSE
01-06-1996 08:00,0.74,0.002,0.127872,FALSE
03-06-1996 08:00,3.651,0.008,2.5235712,FALSE
04-06-1996 08:00,7.825,0.008,5.40864,FALSE
05-06-1996 08:00,5.834,0.007,3.5284032,FALSE
06-06-1996 08:00,5.786,0.007,3.4993728,FALSE
07-06-1996 08:00,5.947,0.007,3.5967456,FALSE
08-06-1996 08:00,5.163,0.007,3.1225824,FALSE
10-06-1996 08:00,4.785,0.007,2.893968,FALSE
11-06-1996 08:00,5.782,0.007,3.4969536,FALSE
12-06-1996 08:00,5.611,0.007,3.3935328,FALSE
13-06-1996 08:00,4.976,0.008,3.4394112,FALSE
17-06-1996 08:00,750.1,0.198,12832.11072,FALSE
26-06-1996 08:00,181.4,0.064,1003.06944,FALSE
27-06-1996 08:00,153.6,0.034,451.21536,FALSE
28-06-1996 08:00,134.1,0.03,347.5872,FALSE
29-06-1996 08:00,112.8,0.025,243.648,FALSE
01-07-1996 08:00,105.6,0.025,228.096,FALSE
02-07-1996 08:00,90.69,0.023,180.219168,FALSE
03-07-1996 08:00,74.03,0.021,134.320032,FALSE
05-07-1996 08:00,68.99,0.019,113.253984,FALSE
06-07-1996 08:00,66.56,0.013,74.760192,FALSE
08-07-1996 08:00,91.29,0.023,181.411488,FALSE
09-07-1996 08:00,118.9,0.034,349.28064,FALSE
10-07-1996 08:00,106.5,0.047,432.4752,FALSE
11-07-1996 08:00,232.8,0.072,1448.20224,FALSE
12-07-1996 08:00,225.2,0.075,1459.296,FALSE
13-07-1996 08:00,436.7,0.087,3282.58656,FALSE
15-07-1996 08:00,475,0.079,3242.16,FALSE
17-07-1996 08:00,1108,0.363,34750.4256,FALSE
18-07-1996 08:00,1665,0.302,43444.512,FALSE
19-07-1996 08:00,1829,0.5,79012.8,FALSE
20-07-1996 08:00,1994,0.171,29460.1536,FALSE
22-07-1996 08:00,1742,0.16,24081.408,FALSE
23-07-1996 08:00,2664,0.177,40740.0192,FALSE
24-07-1996 08:00,2874,0.108,26817.8688,FALSE
25-07-1996 08:00,2282,0.087,17153.3376,FALSE
26-07-1996 08:00,2004,0.07,12120.192,FALSE
27-07-1996 08:00,2034,0.068,11950.1568,FALSE
30-07-1996 08:00,1856,0.094,15073.6896,FALSE
31-07-1996 08:00,1345,0.147,17082.576,FALSE
01-08-1996 08:00,1366,0.103,12156.3072,FALSE
02-08-1996 08:00,1687,0.092,13409.6256,FALSE
03-08-1996 08:00,1023,0.071,6275.4912,FALSE
05-08-1996 08:00,874.4,0.099,7479.26784,FALSE
06-08-1996 08:00,836.1,0.116,8379.72864,FALSE
07-08-1996 08:00,1912,0.458,75660.1344,FALSE
08-08-1996 08:00,943,0.279,22731.5808,FALSE
09-08-1996 08:00,841.3,0.081,5887.75392,FALSE
12-08-1996 08:00,1432,0.13,16084.224,FALSE
13-08-1996 08:00,1627,0.11,15463.008,FALSE
14-08-1996 08:00,1338,0.096,11097.9072,FALSE
16-08-1996 08:00,1289,0.088,9800.5248,FALSE
17-08-1996 08:00,995,0.062,5330.016,FALSE
19-08-1996 08:00,855.1,0.03,2216.4192,FALSE
20-08-1996 08:00,796.8,0.027,1858.77504,FALSE
21-08-1996 08:00,630.5,0.022,1198.4544,FALSE
23-08-1996 08:00,597.8,0.02,1032.9984,FALSE
24-08-1996 08:00,840.3,0.268,19457.31456,FALSE
26-08-1996 08:00,945.8,0.146,11930.69952,FALSE
28-08-1996 08:00,699.8,0.098,5925.34656,FALSE
29-08-1996 08:00,1231,0.043,4573.4112,FALSE
30-08-1996 08:00,806.8,0.034,2370.05568,FALSE
31-08-1996 08:00,704.1,0.015,912.5136,FALSE
02-09-1996 08:00,797.5,0.093,6408.072,FALSE
03-09-1996 08:00,665.8,0.082,4717.05984,FALSE
04-09-1996 08:00,701.9,0.074,4487.66784,FALSE
05-09-1996 08:00,714.8,0.065,4014.3168,FALSE
06-09-1996 08:00,712.2,0.046,2830.56768,FALSE
07-09-1996 08:00,530.6,0.036,1650.37824,FALSE
09-09-1996 08:00,486.8,0.008,336.47616,FALSE
10-09-1996 08:00,547.7,0.021,993.74688,FALSE
11-09-1996 08:00,515.1,0.028,1246.12992,FALSE
12-09-1996 08:00,653.7,0.166,9375.62688,FALSE
13-09-1996 08:00,796.8,0.082,5645.16864,FALSE
14-09-1996 08:00,1063,0.082,7531.1424,FALSE
17-09-1996 08:00,483.2,0.023,960.21504,FALSE
18-09-1996 08:00,567.4,0.02,980.4672,FALSE
19-09-1996 08:00,462,0.011,439.0848,FALSE
21-09-1996 08:00,417.2,0.011,396.50688,FALSE
23-09-1996 08:00,315.6,0.009,245.41056,FALSE
24-09-1996 08:00,607,0.013,681.7824,FALSE
25-09-1996 08:00,420,0.019,689.472,FALSE
26-09-1996 08:00,487.6,0.07,2949.0048,FALSE
27-09-1996 08:00,544.9,0.049,2306.88864,FALSE
28-09-1996 08:00,536.7,0.038,1762.09344,FALSE
30-09-1996 08:00,1208,0.114,11898.3168,FALSE
01-10-1996 08:00,770.2,0.051,3393.80928,FALSE
03-10-1996 08:00,1070,0.088,8135.424,FALSE
07-10-1996 08:00,412,0.011,391.5648,FALSE
14-10-1996 08:00,769.8,0.091,6052.47552,FALSE
22-10-1996 08:00,232.3,0.025,501.768,FALSE
23-10-1996 08:00,217.7,0.023,432.61344,FALSE
24-10-1996 08:00,211.4,0.02,365.2992,FALSE
25-10-1996 08:00,195.9,0.017,287.73792,FALSE
26-10-1996 08:00,178.9,0.016,247.31136,FALSE
28-10-1996 08:00,162.4,0.015,210.4704,FALSE
29-10-1996 08:00,156.1,0.013,175.33152,FALSE
30-10-1996 08:00,145.1,0.013,162.97632,FALSE
31-10-1996 08:00,137.7,0.013,154.66464,FALSE
01-11-1996 08:00,191.4,0.016,264.59136,FALSE
02-11-1996 08:00,154.5,0.038,507.2544,FALSE
04-11-1996 08:00,147.2,0.013,165.33504,FALSE
05-11-1996 08:00,127.3,0.011,120.98592,FALSE
06-11-1996 08:00,116.8,0.007,70.64064,FALSE
07-11-1996 08:00,111.1,0.005,47.9952,FALSE
08-11-1996 08:00,107.9,0.008,74.58048,FALSE
09-11-1996 08:00,107.6,0.007,65.07648,FALSE
11-11-1996 08:00,99.98,0.007,60.467904,FALSE
13-11-1996 08:00,203.7,0.011,193.59648,FALSE
14-11-1996 08:00,165.6,0.043,615.23712,FALSE
15-11-1996 08:00,125.7,0.023,249.79104,FALSE
18-11-1996 08:00,81.59,0.015,105.74064,FALSE
19-11-1996 08:00,79.24,0.013,89.002368,FALSE
20-11-1996 08:00,73,0.012,75.6864,FALSE
21-11-1996 08:00,69.85,0.009,54.31536,FALSE
22-11-1996 08:00,66.01,0.009,51.329376,FALSE
23-11-1996 08:00,68.13,0.009,52.977888,FALSE
28-11-1996 08:00,63.4,0.009,49.29984,FALSE
29-11-1996 08:00,60.12,0.008,41.554944,FALSE
02-12-1996 08:00,72.7,0.0061,38.315808,FALSE
03-12-1996 08:00,73.25,0.0072,45.56736,FALSE
04-12-1996 08:00,71.06,0.0079,48.5027136,FALSE
05-12-1996 08:00,68.96,0.0073,43.4944512,FALSE
06-12-1996 08:00,67.54,0.0047,27.4266432,FALSE
07-12-1996 08:00,65.17,0.005,28.15344,FALSE
09-12-1996 08:00,57.84,0.0052,25.9863552,FALSE
10-12-1996 08:00,60.69,0.0049,25.6937184,FALSE
11-12-1996 08:00,60.14,0.0051,26.5000896,FALSE
12-12-1996 08:00,58.71,0.0048,24.3482112,FALSE
13-12-1996 08:00,57.3,0.0043,21.288096,FALSE
14-12-1996 08:00,56.71,0.0045,22.048848,FALSE
16-12-1996 08:00,57.72,0.0039,19.4493312,FALSE
17-12-1996 08:00,97,0.0049,41.06592,FALSE
18-12-1996 08:00,136.5,0.0143,168.64848,FALSE
19-12-1996 08:00,85,0.01,73.44,FALSE
20-12-1996 08:00,66.39,0.0073,41.8735008,FALSE
21-12-1996 08:00,60.8,0.006,31.51872,FALSE
30-12-1996 08:00,33.97,0.0127,37.2746016,FALSE
31-12-1996 08:00,33.15,0.0119,34.083504,FALSE
01-01-1997 08:00,32.11,0.0082,22.7492928,FALSE
02-01-1997 08:00,25.41,0.0061,13.3920864,FALSE
03-01-1997 08:00,25.52,0.0099,21.8287872,FALSE
04-01-1997 08:00,25.3,0.0065,14.20848,FALSE
06-01-1997 08:00,25.7,0.0063,13.989024,FALSE
07-01-1997 08:00,24.94,0.0067,14.4372672,FALSE
08-01-1997 08:00,22.79,0.006,11.814336,FALSE
09-01-1997 08:00,22.52,0.0041,7.9774848,FALSE
10-01-1997 08:00,21.68,0.0047,8.8038144,FALSE
11-01-1997 08:00,21.1,0.005,9.1152,FALSE
13-01-1997 08:00,20.5,0.0047,8.32464,FALSE
14-01-1997 08:00,20,0.0048,8.2944,FALSE
15-01-1997 08:00,17.89,0.0049,7.5739104,FALSE
16-01-1997 08:00,18.42,0.0056,8.9123328,FALSE
17-01-1997 08:00,18.28,0.0067,10.5819264,FALSE
18-01-1997 08:00,18.93,0.0084,13.7386368,FALSE
19-01-1997 08:00,17.5,0.0077,11.6424,FALSE
20-01-1997 08:00,18.07,0.0069,10.7726112,FALSE
21-01-1997 08:00,17.48,0.0088,13.2903936,FALSE
22-01-1997 08:00,16.82,0.0087,12.6432576,FALSE
24-01-1997 08:00,16.12,0.0082,11.4206976,FALSE
25-01-1997 08:00,15.37,0.0077,10.2253536,FALSE
27-01-1997 08:00,13.75,0.0072,8.5536,FALSE
28-01-1997 08:00,12.88,0.0066,7.3446912,FALSE
29-01-1997 08:00,12.77,0.0059,6.5096352,FALSE
30-01-1997 08:00,12.3,0.0056,5.951232,FALSE
31-01-1997 08:00,11.96,0.0049,5.0633856,FALSE
01-02-1997 08:00,11.81,0.0063,6.4284192,FALSE
03-02-1997 08:00,10.32,0.006,5.349888,FALSE
04-02-1997 08:00,9.904,0.0055,4.7063808,FALSE
05-02-1997 08:00,9.773,0.0054,4.55969088,FALSE
06-02-1997 08:00,8.636,0.0047,3.50690688,FALSE
07-02-1997 08:00,8.499,0.0043,3.15754848,FALSE
08-02-1997 08:00,8.37,0.0049,3.5435232,FALSE
10-02-1997 08:00,8.068,0.0047,3.27625344,FALSE
11-02-1997 08:00,7.719,0.0045,3.0011472,FALSE
12-02-1997 08:00,7.175,0.0041,2.541672,FALSE
13-02-1997 08:00,3.881,0.0037,1.24067808,FALSE
14-02-1997 08:00,6.511,0.004,2.2502016,FALSE
15-02-1997 08:00,6.439,0.0038,2.11405248,FALSE
17-02-1997 08:00,6.841,0.0041,2.42335584,FALSE
18-02-1997 08:00,6.657,0.0054,3.10588992,FALSE
19-02-1997 08:00,6.571,0.0059,3.34963296,FALSE
20-02-1997 08:00,7.282,0.0055,3.4604064,FALSE
21-02-1997 08:00,6.841,0.0052,3.07352448,FALSE
22-02-1997 08:00,0.881,0.0038,0.28924992,FALSE
23-02-1997 08:00,0.5,0.0043,0.18576,FALSE
24-02-1997 08:00,3.989,0.0047,1.61985312,FALSE
25-02-1997 08:00,3.794,0.0045,1.4751072,FALSE
26-02-1997 08:00,4.015,0.0042,1.4569632,FALSE
27-02-1997 08:00,4.252,0.0048,1.76338944,FALSE
28-02-1997 08:00,6.813,0.0052,3.06094464,FALSE
01-03-1997 08:00,3.76,0.0039,1.2669696,FALSE
03-03-1997 08:00,3.597,0.0036,1.11881088,FALSE
04-03-1997 08:00,3.451,0.0035,1.0435824,FALSE
05-03-1997 08:00,1.843,0.0036,0.57324672,FALSE
06-03-1997 08:00,1.784,0.0034,0.52406784,FALSE
08-03-1997 08:00,1.579,0.0033,0.45020448,FALSE
10-03-1997 08:00,1.542,0.0037,0.49294656,FALSE
11-03-1997 08:00,1.599,0.0035,0.4835376,FALSE
12-03-1997 08:00,1.504,0.004,0.5197824,FALSE
13-03-1997 08:00,1.461,0.0036,0.45442944,FALSE
14-03-1997 08:00,1.383,0.0048,0.57355776,FALSE
15-03-1997 08:00,1.342,0.0039,0.45220032,FALSE
17-03-1997 08:00,1.487,0.0042,0.53960256,FALSE
18-03-1997 08:00,1.442,0.0039,0.48589632,FALSE
19-03-1997 08:00,1.278,0.0047,0.51897024,FALSE
20-03-1997 08:00,1.412,0.0044,0.53678592,FALSE
21-03-1997 08:00,1.516,0.0042,0.55012608,FALSE
22-03-1997 08:00,1.574,0.0044,0.59837184,FALSE
24-03-1997 08:00,4.982,0.0065,2.7978912,FALSE
25-03-1997 08:00,5.396,0.0093,4.33579392,FALSE
26-03-1997 08:00,7.52,0.0097,6.3023616,FALSE
27-03-1997 08:00,8.399,0.0085,6.1682256,FALSE
29-03-1997 08:00,3.874,0.0073,2.44340928,FALSE
31-03-1997 08:00,3.734,0.0062,2.00022912,FALSE
01-04-1997 08:00,2.973,0.0052,1.33570944,FALSE
02-04-1997 08:00,2.902,0.005,1.253664,FALSE
03-04-1997 08:00,3.697,0.0051,1.62904608,FALSE
04-04-1997 08:00,3.558,0.0047,1.44483264,FALSE
05-04-1997 08:00,3.452,0.0046,1.37196288,FALSE
09-04-1997 08:00,1.686,0.0053,0.77205312,FALSE
10-04-1997 08:00,1.429,0.0049,0.60498144,FALSE
11-04-1997 08:00,1.434,0.0039,0.48320064,FALSE
12-04-1997 08:00,1.333,0.0043,0.49523616,FALSE
13-04-1997 08:00,1.25,0.004,0.432,FALSE
14-04-1997 08:00,1.25,0.0038,0.4104,FALSE
15-04-1997 08:00,1.253,0.0036,0.38973312,FALSE
16-04-1997 08:00,1.224,0.0035,0.3701376,FALSE
17-04-1997 08:00,1.009,0.0031,0.27025056,FALSE
19-04-1997 08:00,0.552,0.0047,0.22415616,FALSE
21-04-1997 08:00,0.411,0.0044,0.15624576,FALSE
22-04-1997 08:00,0.295,0.0047,0.1197936,FALSE
23-04-1997 08:00,0.277,0.0044,0.10530432,FALSE
24-04-1997 08:00,0.369,0.0043,0.13709088,FALSE
25-04-1997 08:00,0.353,0.0037,0.11284704,FALSE
26-04-1997 08:00,0.338,0.0034,0.09929088,FALSE
28-04-1997 08:00,1.808,0.004,0.6248448,FALSE
29-04-1997 08:00,1.7,0.0036,0.528768,FALSE
30-04-1997 08:00,1.651,0.0033,0.47073312,FALSE
01-05-1997 08:00,1.577,0.0029,0.39513312,FALSE
02-05-1997 08:00,1.442,0.0032,0.39868416,FALSE
03-05-1997 08:00,1.312,0.0026,0.29472768,FALSE
06-05-1997 08:00,10.09,0.0032,2.7896832,FALSE
07-05-1997 08:00,8.393,0.0029,2.10295008,FALSE
08-05-1997 08:00,7.588,0.0026,1.70456832,FALSE
09-05-1997 08:00,5.306,0.0027,1.23778368,FALSE
10-05-1997 08:00,3.747,0.0028,0.90647424,FALSE
12-05-1997 08:00,1.9317,0.003,0.50069664,FALSE
13-05-1997 08:00,1.705,0.0031,0.4566672,FALSE
14-05-1997 08:00,2.052,0.0033,0.58506624,FALSE
15-05-1997 08:00,1.716,0.0031,0.45961344,FALSE
16-05-1997 08:00,1.91,0.0028,0.4620672,FALSE
17-05-1997 08:00,1.754,0.0029,0.43948224,FALSE
19-05-1997 08:00,1.954,0.003,0.5064768,FALSE
20-05-1997 08:00,1.879,0.0028,0.45456768,FALSE
21-05-1997 08:00,1.769,0.0028,0.42795648,FALSE
26-05-1997 08:00,1.34,0.0027,0.3125952,FALSE
27-05-1997 08:00,1.272,0.0027,0.29673216,FALSE
28-05-1997 08:00,1.245,0.0026,0.2796768,FALSE
29-05-1997 08:00,1.309,0.0025,0.282744,FALSE
30-05-1997 08:00,1.218,0.0025,0.263088,FALSE
31-05-1997 08:00,1.195,0.0023,0.2374704,FALSE
02-06-1997 08:00,0.331,0.002,0.0571968,FALSE
03-06-1997 08:00,0.321,0.002,0.0554688,FALSE
04-06-1997 08:00,0.264,0.002,0.0456192,FALSE
05-06-1997 08:00,0.269,0.002,0.0464832,FALSE
06-06-1997 08:00,2.902,0.003,0.7521984,FALSE
07-06-1997 08:00,4.716,0.004,1.6298496,FALSE
09-06-1997 08:00,5.729,0.007,3.4648992,FALSE
10-06-1997 08:00,5.192,0.008,3.5887104,FALSE
11-06-1997 08:00,4.654,0.009,3.6189504,FALSE
12-06-1997 08:00,18.87,0.011,17.934048,FALSE
13-06-1997 08:00,20.07,0.009,15.606432,FALSE
14-06-1997 08:00,36.72,0.01,31.72608,FALSE
16-06-1997 08:00,38.35,0.012,39.76128,FALSE
17-06-1997 08:00,31.13,0.013,34.965216,FALSE
18-06-1997 08:00,21.26,0.03,55.10592,FALSE
19-06-1997 08:00,18.87,0.024,39.128832,FALSE
20-06-1997 08:00,20.29,0.023,40.320288,FALSE
21-06-1997 08:00,22.08,0.025,47.6928,FALSE
22-06-1997 08:00,21.19,0.026,47.601216,FALSE
23-06-1997 08:00,21.19,0.027,49.432032,FALSE
24-06-1997 08:00,92.9,0.117,939.10752,FALSE
25-06-1997 08:00,223.3,0.22,4244.4864,FALSE
26-06-1997 08:00,743.9,0.295,18960.5232,FALSE
27-06-1997 08:00,835,0.3,21643.2,FALSE
28-06-1997 08:00,559.1,0.215,10385.8416,FALSE
01-07-1997 08:00,2120,0.274,50188.032,FALSE
02-07-1997 08:00,1410,0.187,22781.088,FALSE
03-07-1997 08:00,1154,0.176,17548.1856,FALSE
04-07-1997 08:00,1160,0.151,15133.824,FALSE
05-07-1997 08:00,791.6,0.138,9438.40512,FALSE
14-07-1997 08:00,1044,0.12,10824.192,FALSE
15-07-1997 08:00,944.8,0.103,8407.96416,FALSE
16-07-1997 08:00,840.8,0.098,7119.22176,FALSE
17-07-1997 08:00,1361,0.339,39863.1456,FALSE
21-07-1997 08:00,817,0.125,8823.6,FALSE
22-07-1997 08:00,714.2,0.102,6294.10176,FALSE
23-07-1997 08:00,675.2,0.091,5308.69248,FALSE
24-07-1997 08:00,1308,0.278,31417.1136,FALSE
25-07-1997 08:00,1979,0.277,47363.0112,FALSE
26-07-1997 08:00,3112,0.312,83889.5616,FALSE
28-07-1997 08:00,2361,0.253,51609.5712,FALSE
29-07-1997 08:00,1462,0.188,23747.5584,FALSE
30-07-1997 08:00,1907,0.25,41191.2,FALSE
01-08-1997 08:00,2679,0.288,66662.0928,FALSE
02-08-1997 08:00,3179,0.404,110964.9024,FALSE
04-08-1997 08:00,1616,0.178,24852.7872,FALSE
05-08-1997 08:00,1092,0.154,14529.7152,FALSE
06-08-1997 08:00,2015,0.296,51532.416,FALSE
07-08-1997 08:00,3654,0.48,151538.688,FALSE
09-08-1997 08:00,2014,0.245,42632.352,FALSE
10-08-1997 08:00,1550,0.202,27051.84,FALSE
11-08-1997 08:00,1173,0.105,10641.456,FALSE
12-08-1997 08:00,962.3,0.09,7482.8448,FALSE
13-08-1997 08:00,905.1,0.081,6334.25184,FALSE
14-08-1997 08:00,753.5,0.072,4687.3728,FALSE
18-08-1997 08:00,865.3,0.126,9420.00192,FALSE
19-08-1997 08:00,733.4,0.112,7096.96512,FALSE
20-08-1997 08:00,785,0.102,6918.048,FALSE
21-08-1997 08:00,807.1,0.121,8437.74624,FALSE
25-08-1997 08:00,1305,0.168,18942.336,FALSE
26-08-1997 08:00,2076,0.32,57397.248,FALSE
27-08-1997 08:00,1850,0.201,32127.84,FALSE
28-08-1997 08:00,1590,0.161,22117.536,FALSE
29-08-1997 08:00,1328,0.127,14571.8784,FALSE
30-08-1997 08:00,1274,0.108,11887.9488,FALSE
01-09-1997 08:00,847.6,0.07,5126.2848,FALSE
02-09-1997 08:00,717.8,0.052,3224.93184,FALSE
03-09-1997 08:00,784.3,0.058,3930.28416,FALSE
04-09-1997 08:00,647.2,0.051,2851.82208,FALSE
05-09-1997 08:00,692.5,0.055,3290.76,FALSE
06-09-1997 08:00,546.6,0.038,1794.59712,FALSE
08-09-1997 08:00,601.9,0.044,2288.18304,FALSE
09-09-1997 08:00,539.8,0.035,1632.3552,FALSE
10-09-1997 08:00,383.7,0.027,895.09536,FALSE
11-09-1997 08:00,366.6,0.023,728.50752,FALSE
12-09-1997 08:00,337.7,0.02,583.5456,FALSE
13-09-1997 08:00,359.8,0.022,683.90784,FALSE
14-09-1997 08:00,280,0.02,483.84,FALSE
15-09-1997 08:00,281.7,0.018,438.09984,FALSE
16-09-1997 08:00,441.8,0.019,725.25888,FALSE
18-09-1997 08:00,265.2,0.029,664.48512,FALSE
19-09-1997 08:00,531.1,0.113,5185.23552,FALSE
20-09-1997 08:00,412.4,0.082,2921.77152,FALSE
22-09-1997 08:00,332.3,0.06,1722.6432,FALSE
23-09-1997 08:00,283.7,0.045,1103.0256,FALSE
24-09-1997 08:00,258.8,0.029,648.44928,FALSE
25-09-1997 08:00,237.4,0.026,533.29536,FALSE
26-09-1997 08:00,223.4,0.023,443.94048,FALSE
27-09-1997 08:00,209.9,0.025,453.384,FALSE
29-09-1997 08:00,313.5,0.023,622.9872,FALSE
30-09-1997 08:00,230.7,0.02,398.6496,FALSE
01-10-1997 08:00,301.9,0.145,3782.2032,FALSE
02-10-1997 08:00,340,0.162,4758.912,FALSE
03-10-1997 08:00,426.7,0.178,6562.30464,FALSE
04-10-1997 08:00,280,0.149,3604.608,FALSE
06-10-1997 08:00,203.9,0.091,1603.14336,FALSE
07-10-1997 08:00,208.8,0.079,1425.18528,FALSE
08-10-1997 08:00,228.8,0.087,1719.84384,FALSE
09-10-1997 08:00,200.9,0.071,1232.40096,FALSE
10-10-1997 08:00,178.8,0.061,942.34752,FALSE
15-10-1997 08:00,138.9,0.089,1068.08544,FALSE
20-10-1997 08:00,134.5,0.051,592.6608,FALSE
21-10-1997 08:00,125,0.049,529.2,FALSE
22-10-1997 08:00,121.9,0.043,452.88288,FALSE
23-10-1997 08:00,275.2,0.163,3875.69664,FALSE
24-10-1997 08:00,209.1,0.133,2402.80992,FALSE
25-10-1997 08:00,228.4,0.114,2249.64864,FALSE
27-10-1997 08:00,242.5,0.098,2053.296,FALSE
28-10-1997 08:00,179.1,0.077,1191.51648,FALSE
29-10-1997 08:00,348.7,0.117,3524.93856,FALSE
31-10-1997 08:00,386,0.151,5035.9104,FALSE
01-11-1997 08:00,237.9,0.083,1706.02848,FALSE
03-11-1997 08:00,212.4,0.065,1192.8384,FALSE
04-11-1997 08:00,316.2,0.075,2048.976,FALSE
06-11-1997 08:00,167.2,0.067,967.88736,FALSE
07-11-1997 08:00,146.8,0.062,786.37824,FALSE
08-11-1997 08:00,137.9,0.055,655.3008,FALSE
10-11-1997 08:00,126.9,0.049,537.24384,FALSE
13-11-1997 08:00,182.4,0.036,567.33696,FALSE
15-11-1997 08:00,138.9,0.03,360.0288,FALSE
16-11-1997 08:00,120,0.027,279.936,FALSE
17-11-1997 08:00,121.6,0.025,262.656,FALSE
18-11-1997 08:00,167.9,0.052,754.34112,FALSE
19-11-1997 08:00,124,0.036,385.6896,FALSE
20-11-1997 08:00,138,0.03,357.696,FALSE
21-11-1997 08:00,121.6,0.027,283.66848,FALSE
24-11-1997 08:00,90.34,0.027,210.745152,FALSE
26-11-1997 08:00,262.5,0.056,1270.08,FALSE
27-11-1997 08:00,163,0.049,690.0768,FALSE
28-11-1997 08:00,315,0.064,1741.824,FALSE
29-11-1997 08:00,194.1,0.052,872.05248,FALSE
01-12-1997 08:00,128.4,0.0387,429.328512,FALSE
02-12-1997 08:00,117.2,0.0322,326.059776,FALSE
03-12-1997 08:00,103.2,0.0295,263.03616,FALSE
04-12-1997 08:00,89.11,0.0272,209.4156288,FALSE
05-12-1997 08:00,80.91,0.0265,185.251536,FALSE
08-12-1997 08:00,72.42,0.0215,134.527392,FALSE
10-12-1997 08:00,193.9,0.0731,1224.641376,FALSE
11-12-1997 08:00,131.7,0.0472,537.083136,FALSE
12-12-1997 08:00,108.4,0.0342,320.308992,FALSE
13-12-1997 08:00,91.22,0.0296,233.2896768,FALSE
15-12-1997 08:00,97.45,0.0178,149.870304,FALSE
16-12-1997 08:00,82.49,0.0161,114.7468896,FALSE
17-12-1997 08:00,77.82,0.0142,95.4758016,FALSE
18-12-1997 08:00,91.05,0.0317,249.375024,FALSE
19-12-1997 08:00,76.15,0.0233,153.299088,FALSE
29-12-1997 08:00,66.42,0.0152,87.2280576,FALSE
30-12-1997 08:00,61.53,0.0147,78.1480224,FALSE
01-01-1998 08:00,56.53,0.0149,72.7744608,FALSE
02-01-1998 08:00,54.3,0.0141,66.150432,FALSE
03-01-1998 08:00,51.31,0.0137,60.7346208,FALSE
13-01-1998 08:00,31.37,0.0069,18.7015392,FALSE
15-01-1998 08:00,29.18,0.0066,16.6396032,FALSE
16-01-1998 08:00,28.53,0.0065,16.022448,FALSE
17-01-1998 08:00,28.08,0.0062,15.0418944,FALSE
02-02-1998 08:00,18.87,0.0048,7.8257664,FALSE
03-02-1998 08:00,17.87,0.0047,7.2566496,FALSE
04-02-1998 08:00,14.16,0.0045,5.505408,FALSE
05-02-1998 08:00,17.25,0.0049,7.30296,FALSE
06-02-1998 08:00,16.66,0.0048,6.9092352,FALSE
07-02-1998 08:00,15.97,0.005,6.89904,FALSE
09-02-1998 08:00,15.22,0.0048,6.3120384,FALSE
10-02-1998 08:00,15.46,0.0047,6.2779968,FALSE
11-02-1998 08:00,13.15,0.0057,6.476112,FALSE
12-02-1998 08:00,12.35,0.0055,5.86872,FALSE
13-02-1998 08:00,12.07,0.0059,6.1528032,FALSE
14-02-1998 08:00,11.58,0.0056,5.6028672,FALSE
17-02-1998 08:00,11.24,0.0049,4.7585664,FALSE
18-02-1998 08:00,10.87,0.005,4.69584,FALSE
19-02-1998 08:00,10.78,0.0052,4.8432384,FALSE
20-02-1998 08:00,10.14,0.0048,4.2052608,FALSE
21-02-1998 08:00,9.884,0.0046,3.92829696,FALSE
23-02-1998 08:00,9.718,0.0049,4.11421248,FALSE
24-02-1998 08:00,9.274,0.0051,4.08649536,FALSE
25-02-1998 08:00,8.63,0.0046,3.4299072,FALSE
26-02-1998 08:00,8.063,0.0048,3.34388736,FALSE
27-02-1998 08:00,7.82,0.0053,3.5809344,FALSE
28-02-1998 08:00,7.593,0.005,3.280176,FALSE
02-03-1998 08:00,9.079,0.0058,4.54966848,FALSE
03-03-1998 08:00,8.544,0.0055,4.0601088,FALSE
04-03-1998 08:00,8.243,0.0051,3.63219552,FALSE
05-03-1998 08:00,8.039,0.0048,3.33393408,FALSE
06-03-1998 08:00,7.681,0.0046,3.05273664,FALSE
07-03-1998 08:00,6.961,0.0047,2.82672288,FALSE
09-03-1998 08:00,6.091,0.0043,2.26292832,FALSE
10-03-1998 08:00,5.659,0.0045,2.2002192,FALSE
11-03-1998 08:00,5.266,0.0042,1.91092608,FALSE
12-03-1998 08:00,5.044,0.0045,1.9611072,FALSE
13-03-1998 08:00,4.903,0.0041,1.73683872,FALSE
14-03-1998 08:00,4.721,0.0042,1.71315648,FALSE
16-03-1998 08:00,4.435,0.0041,1.5710544,FALSE
17-03-1998 08:00,4.265,0.004,1.473984,FALSE
18-03-1998 08:00,4.307,0.0039,1.45128672,FALSE
19-03-1998 08:00,3.166,0.0032,0.87533568,FALSE
20-03-1998 08:00,3.065,0.0037,0.9798192,FALSE
21-03-1998 08:00,2.954,0.0036,0.91881216,FALSE
23-03-1998 08:00,2.827,0.0034,0.83045952,FALSE
24-03-1998 08:00,2.72,0.0036,0.8460288,FALSE
25-03-1998 08:00,2.63,0.0035,0.795312,FALSE
26-03-1998 08:00,2.516,0.0034,0.73910016,FALSE
27-03-1998 08:00,1.909,0.0032,0.52780032,FALSE
28-03-1998 08:00,1.89,0.0032,0.5225472,FALSE
30-03-1998 08:00,1.795,0.0031,0.4807728,FALSE
31-03-1998 08:00,1.728,0.0032,0.47775744,FALSE
01-04-1998 08:00,2.875,0.0034,0.84456,FALSE
02-04-1998 08:00,2.41,0.0037,0.7704288,FALSE
03-04-1998 08:00,2.959,0.0042,1.07376192,FALSE
04-04-1998 08:00,3.562,0.0044,1.35412992,FALSE
06-04-1998 08:00,3.357,0.0039,1.13117472,FALSE
07-04-1998 08:00,3.211,0.0042,1.16520768,FALSE
11-04-1998 08:00,2.065,0.0032,0.5709312,FALSE
13-04-1998 08:00,1.964,0.0031,0.52603776,FALSE
15-04-1998 08:00,1.845,0.0034,0.5419872,FALSE
16-04-1998 08:00,1.761,0.003,0.4564512,FALSE
17-04-1998 08:00,1.713,0.0031,0.45880992,FALSE
18-04-1998 08:00,1.615,0.0028,0.3907008,FALSE
20-04-1998 08:00,1.572,0.003,0.4074624,FALSE
21-04-1998 08:00,1.528,0.0032,0.42246144,FALSE
22-04-1998 08:00,1.465,0.0031,0.3923856,FALSE
23-04-1998 08:00,1.418,0.0027,0.33079104,FALSE
24-04-1998 08:00,1.415,0.0029,0.3545424,FALSE
25-04-1998 08:00,1.265,0.0031,0.3388176,FALSE
30-04-1998 08:00,1.058,0.0033,0.30165696,FALSE
01-05-1998 08:00,1.006,0.003,0.2607552,FALSE
02-05-1998 08:00,0.958,0.0027,0.22348224,FALSE
04-05-1998 08:00,0.947,0.003,0.2454624,FALSE
05-05-1998 08:00,0.907,0.0029,0.22725792,FALSE
06-05-1998 08:00,0.862,0.0028,0.20853504,FALSE
08-05-1998 08:00,0.809,0.0025,0.174744,FALSE
09-05-1998 08:00,0.757,0.0026,0.17005248,FALSE
12-05-1998 08:00,1.74,0.0032,0.4810752,FALSE
13-05-1998 08:00,1.447,0.003,0.3750624,FALSE
14-05-1998 08:00,2.332,0.003,0.6044544,FALSE
15-05-1998 08:00,2.166,0.0027,0.50528448,FALSE
20-05-1998 08:00,7.461,0.0065,4.1900976,FALSE
21-05-1998 08:00,5.704,0.0092,4.53399552,FALSE
22-05-1998 08:00,4.884,0.0087,3.67120512,FALSE
23-05-1998 08:00,4.567,0.0073,2.88049824,FALSE
27-05-1998 08:00,3.727,0.0051,1.64226528,FALSE
28-05-1998 08:00,3.292,0.0046,1.30837248,FALSE
29-05-1998 08:00,3.711,0.0046,1.47489984,FALSE
30-05-1998 08:00,5.782,0.0043,2.14812864,FALSE
01-06-1998 08:00,5.174,0.004,1.7881344,FALSE
02-06-1998 08:00,6.889,0.005,2.976048,FALSE
03-06-1998 08:00,4.91,0.005,2.12112,FALSE
05-06-1998 08:00,4.403,0.004,1.5216768,FALSE
06-06-1998 08:00,4.272,0.004,1.4764032,FALSE
08-06-1998 08:00,6.416,0.004,2.2173696,FALSE
09-06-1998 08:00,5.32,0.004,1.838592,FALSE
10-06-1998 08:00,5.177,0.004,1.7891712,FALSE
11-06-1998 08:00,8.108,0.004,2.8021248,FALSE
16-06-1998 08:00,23.03,0.005,9.94896,FALSE
17-06-1998 08:00,31.46,0.007,19.027008,FALSE
17-08-1998 08:00,658.6,0.1,5690.304,FALSE
18-08-1998 08:00,648.6,0.092,5155.59168,FALSE
19-08-1998 08:00,761.4,0.11,7236.3456,FALSE
20-08-1998 08:00,1005,0.14,12156.48,FALSE
22-08-1998 08:00,887.7,0.098,7516.33344,FALSE
24-08-1998 08:00,769,0.077,5116.0032,FALSE
26-08-1998 08:00,1444,0.139,17341.8624,FALSE
27-08-1998 08:00,1226,0.118,12499.3152,FALSE
28-08-1998 08:00,1141,0.104,10252.5696,FALSE
29-08-1998 08:00,1014,0.079,6921.1584,FALSE
31-08-1998 08:00,809.7,0.07,4897.0656,FALSE
01-09-1998 08:00,1241,0.183,19621.6992,FALSE
02-09-1998 08:00,872.4,0.121,9120.41856,FALSE
05-09-1998 08:00,871.3,0.11,8280.8352,FALSE
07-09-1998 08:00,751.5,0.105,6817.608,FALSE
08-09-1998 08:00,637.3,0.093,5120.83296,FALSE
09-09-1998 08:00,843.5,0.082,5976.0288,FALSE
10-09-1998 08:00,1194,0.146,15061.5936,FALSE
11-09-1998 08:00,719.7,0.114,7088.75712,FALSE
12-09-1998 08:00,1364,0.162,19091.6352,FALSE
14-09-1998 08:00,1799,0.248,38547.5328,FALSE
15-09-1998 08:00,1603,0.176,24375.8592,FALSE
16-09-1998 08:00,1217,0.128,13459.0464,FALSE
17-09-1998 08:00,953.2,0.097,7988.57856,FALSE
18-09-1998 08:00,820.3,0.064,4535.93088,FALSE
19-09-1998 08:00,650.1,0.046,2583.75744,FALSE
21-09-1998 08:00,531.4,0.057,2617.03872,FALSE
22-09-1998 08:00,528.5,0.072,3287.6928,FALSE
23-09-1998 08:00,626.1,0.044,2380.18176,FALSE
24-09-1998 08:00,520.2,0.043,1932.64704,FALSE
25-09-1998 08:00,437.8,0.04,1513.0368,FALSE
26-09-1998 08:00,1743,0.109,16414.8768,FALSE
28-09-1998 08:00,758.9,0.056,3671.86176,FALSE
29-09-1998 08:00,639.8,0.047,2598.09984,FALSE
30-09-1998 08:00,493.44,0.038,1620.062208,FALSE
03-10-1998 08:00,901.1,0.093,7240.51872,FALSE
21-10-1998 08:00,335.1,0.011,318.47904,FALSE
22-10-1998 08:00,307.2,0.009,238.87872,FALSE
23-10-1998 08:00,284.6,0.007,172.12608,FALSE
24-10-1998 08:00,263.5,0.007,159.3648,FALSE
26-10-1998 08:00,239.7,0.009,186.39072,FALSE
27-10-1998 08:00,260.9,0.01,225.4176,FALSE
28-10-1998 08:00,391.6,0.037,1251.86688,FALSE
29-10-1998 08:00,240.7,0.013,270.35424,FALSE
30-10-1998 08:00,231,0.011,219.5424,FALSE
31-10-1998 08:00,209.2,0.01,180.7488,FALSE
02-11-1998 08:00,194.8,0.009,151.47648,FALSE
03-11-1998 08:00,223.4,0.008,154.41408,FALSE
05-11-1998 08:00,198,0.012,205.2864,FALSE
06-11-1998 08:00,181.5,0.011,172.4976,FALSE
07-11-1998 08:00,170.9,0.009,132.89184,FALSE
11-11-1998 08:00,247.8,0.036,770.75712,FALSE
23-11-1998 08:00,244.6,0.029,612.86976,FALSE
26-11-1998 08:00,138.3,0.014,167.28768,FALSE
27-11-1998 08:00,116.2,0.015,150.5952,FALSE
28-11-1998 08:00,104.7,0.017,153.78336,FALSE
30-11-1998 08:00,87.21,0.016,120.559104,FALSE
01-12-1998 08:00,79.66,0.015,103.23936,FALSE
02-12-1998 08:00,75.18,0.014,90.937728,FALSE
03-12-1998 08:00,81.48,0.014,98.558208,FALSE
04-12-1998 08:00,73.6,0.013,82.66752,FALSE
05-12-1998 08:00,69,0.012,71.5392,FALSE
07-12-1998 08:00,63.51,0.011,60.359904,FALSE
08-12-1998 08:00,60.91,0.012,63.151488,FALSE
09-12-1998 08:00,55.33,0.009,43.024608,FALSE
10-12-1998 08:00,52.91,0.009,41.142816,FALSE
11-12-1998 08:00,59.22,0.008,40.932864,FALSE
12-12-1998 08:00,56.11,0.008,38.783232,FALSE
14-12-1998 08:00,56.51,0.011,53.707104,FALSE
15-12-1998 08:00,52.82,0.014,63.891072,FALSE
16-12-1998 08:00,51.41,0.023,102.161952,FALSE
17-12-1998 08:00,48.87,0.017,71.780256,FALSE
18-12-1998 08:00,63.07,0.012,65.390976,FALSE
19-12-1998 08:00,57.57,0.011,54.714528,FALSE
21-12-1998 08:00,58.17,0.01,50.25888,FALSE
22-12-1998 08:00,51.52,0.009,40.061952,FALSE
23-12-1998 08:00,50.21,0.009,39.043296,FALSE
01-01-1999 08:00,32.36,0.007,19.571328,FALSE
02-01-1999 08:00,31.2,0.007,18.86976,FALSE
04-01-1999 08:00,29.72,0.007,17.974656,FALSE
09-01-1999 08:00,31.15,0.007,18.83952,FALSE
11-01-1999 08:00,29.77,0.007,18.004896,FALSE
12-01-1999 08:00,29.38,0.007,17.769024,FALSE
13-01-1999 08:00,28.52,0.006,14.784768,FALSE
14-01-1999 08:00,27.41,0.006,14.209344,FALSE
16-01-1999 08:00,25.96,0.006,13.457664,FALSE
18-01-1999 08:00,25.54,0.004,8.826624,FALSE
19-01-1999 08:00,24.86,0.005,10.73952,FALSE
21-01-1999 08:00,23.81,0.005,10.28592,FALSE
22-01-1999 08:00,23.24,0.004,8.031744,FALSE
23-01-1999 08:00,22.32,0.004,7.713792,FALSE
25-01-1999 08:00,21.5,0.004,7.4304,FALSE
29-01-1999 08:00,16.99,0.004,5.871744,FALSE
01-02-1999 08:00,15.81,0.003,4.097952,FALSE
08-02-1999 08:00,14.6,0.002,2.52288,FALSE
09-02-1999 08:00,14.76,0.002,2.550528,FALSE
10-02-1999 08:00,13.71,0.002,2.369088,FALSE
11-02-1999 08:00,11.61,0.003,3.009312,FALSE
12-02-1999 08:00,11.22,0.003,2.908224,FALSE
13-02-1999 08:00,10.67,0.002,1.843776,FALSE
15-02-1999 08:00,10.34,0.002,1.786752,FALSE
16-02-1999 08:00,9.227,0.002,1.5944256,FALSE
17-02-1999 08:00,9.664,0.002,1.6699392,FALSE
22-02-1999 08:00,7.387,0.002,1.2764736,FALSE
23-02-1999 08:00,6.983,0.002,1.2066624,FALSE
24-02-1999 08:00,6.629,0.002,1.1454912,FALSE
25-02-1999 08:00,6.282,0.002,1.0855296,FALSE
22-07-1999 10:30,2024,0.24,41969.664,FALSE
23-07-1999 10:30,2978,0.358,92113.1136,FALSE
24-07-1999 10:30,1994.74,0.147,25334.79379,FALSE
26-07-1999 10:30,2855,0.153,37740.816,FALSE
27-07-1999 10:30,2972,0.126,32354.3808,FALSE
28-07-1999 10:30,2652,0.056,12831.4368,FALSE
29-07-1999 10:30,2157,0.049,9131.8752,FALSE
02-08-1999 10:30,2178,0.11,20699.712,FALSE
03-08-1999 10:00,1589,0.086,11806.9056,FALSE
04-08-1999 10:00,1545.5093,0.033,4406.556116,FALSE
09-08-1999 10:30,1662,0.032,4595.0976,FALSE
10-08-1999 10:30,1908,0.116,19122.7392,FALSE
11-08-1999 10:30,1581.2615,0.085,11612.78446,FALSE
12-08-1999 10:30,1329.5272,0.07,8040.980506,FALSE
13-08-1999 10:00,1048.6663,0.071,6432.938551,FALSE
14-08-1999 10:00,897.9,0.068,5275.34208,FALSE
16-08-1999 10:00,789.2,0.072,4909.45536,FALSE
17-08-1999 10:00,664.8,0.065,3733.5168,FALSE
18-08-1999 10:00,684.67664,0.075,4436.704627,FALSE
19-08-1999 10:00,574.90607,0.062,3079.656836,FALSE
20-08-1999 10:00,566.1,0.071,3472.68384,FALSE
23-08-1999 09:45,438.3,0.048,1817.71776,FALSE
24-08-1999 09:30,406.7,0.045,1581.2496,FALSE
25-08-1999 09:30,441,0.039,1485.9936,FALSE
27-08-1999 09:30,667.8,0.099,5712.09408,FALSE
28-08-1999 09:30,627.2,0.074,4010.06592,FALSE
30-08-1999 09:45,498.2,0.088,3787.91424,FALSE
31-08-1999 10:00,493.88318,0.124,5291.266837,FALSE
01-09-1999 10:00,500.1,0.068,2938.18752,FALSE
02-09-1999 10:00,660.7,0.086,4909.26528,FALSE
03-09-1999 10:00,420.8,0.053,1926.92736,FALSE
04-09-1999 10:00,410.8,0.045,1597.1904,FALSE
06-09-1999 10:00,469.5,0.05,2028.24,FALSE
08-09-1999 10:00,457,0.053,2092.6944,FALSE
09-09-1999 10:00,388.23105,0.042,1408.812834,FALSE
10-09-1999 10:00,420,0.104,3773.952,FALSE
14-09-1999 10:00,353.3,0.035,1068.3792,FALSE
15-09-1999 10:00,329.5,0.032,911.0016,FALSE
16-09-1999 10:00,332.5,0.06,1723.68,FALSE
17-09-1999 10:00,281.5,0.038,924.2208,FALSE
18-09-1999 10:00,260.6,0.03,675.4752,FALSE
20-09-1999 09:30,227.3,0.023,451.69056,FALSE
21-09-1999 10:00,211.4,0.02,365.2992,FALSE
22-09-1999 09:30,202.1,0.019,331.76736,FALSE
23-09-1999 09:30,194.6,0.018,302.64192,FALSE
24-09-1999 09:45,187.1,0.018,290.97792,FALSE
25-09-1999 09:30,178.8,0.017,262.62144,FALSE
27-09-1999 09:15,176.1,0.017,258.65568,FALSE
28-09-1999 09:30,271.3,0.033,773.53056,FALSE
29-09-1999 09:30,221.7,0.05,957.744,FALSE
30-09-1999 09:45,397.4,0.114,3914.23104,FALSE
04-10-1999 09:30,220.9,0.088,1679.54688,FALSE
05-10-1999 10:00,512.6,0.099,4384.57536,FALSE
06-10-1999 10:00,355.1,0.077,2362.40928,FALSE
08-10-1999 10:00,540,0.094,4385.664,FALSE
09-10-1999 10:00,366.5,0.074,2343.2544,FALSE
11-10-1999 09:30,241.9,0.056,1170.40896,FALSE
12-10-1999 09:30,223,0.058,1117.4976,FALSE
13-10-1999 09:30,247.4,0.052,1111.51872,FALSE
14-10-1999 09:30,273.1,0.057,1344.96288,FALSE
15-10-1999 10:00,686.9,0.122,7240.47552,FALSE
16-10-1999 10:00,674,0.144,8385.6384,FALSE
18-10-1999 10:00,499.1,0.095,4096.6128,FALSE
20-10-1999 10:00,458.1,0.086,3403.86624,FALSE
21-10-1999 10:00,680.7,0.111,6528.18528,FALSE
22-10-1999 10:00,283.7,0.075,1838.376,FALSE
23-10-1999 10:00,619,0.088,4706.3808,FALSE
25-10-1999 10:00,462.3,0.083,3315.24576,FALSE
26-10-1999 10:00,564.4,0.099,4827.65184,FALSE
27-10-1999 09:45,320.7,0.096,2660.01408,FALSE
28-10-1999 10:00,637.9,0.094,5180.76864,FALSE
29-10-1999 10:00,613.1,0.084,4449.63456,FALSE
01-11-1999 10:00,332.3,0.074,2124.59328,FALSE
02-11-1999 09:45,300.7,0.061,1584.80928,FALSE
03-11-1999 10:00,347.9,0.061,1833.57216,FALSE
04-11-1999 09:45,307.9,0.07,1862.1792,FALSE
05-11-1999 09:45,249.1,0.06,1291.3344,FALSE
08-11-1999 09:30,234.2,0.052,1052.21376,FALSE
09-11-1999 10:30,212.6,0.046,844.95744,FALSE
10-11-1999 09:30,195.4,0.042,709.06752,FALSE
11-11-1999 09:30,186.1,0.036,578.84544,FALSE
12-11-1999 09:30,173.1,0.039,583.27776,FALSE
13-11-1999 09:30,159.8,0.041,566.07552,FALSE
15-11-1999 09:30,145.9,0.024,302.53824,FALSE
16-11-1999 09:30,139.4,0.022,264.97152,FALSE
17-11-1999 09:30,134.4,0.02,232.2432,FALSE
18-11-1999 09:30,126.7,0.018,197.04384,FALSE
19-11-1999 09:30,119.3,0.017,175.22784,FALSE
20-11-1999 09:30,116.2,0.013,130.51584,FALSE
22-11-1999 09:30,111,0.012,115.0848,FALSE
24-11-1999 09:30,105.6,0.008,72.99072,FALSE
25-11-1999 09:30,100.6,0.007,60.84288,FALSE
26-11-1999 09:30,90.33,0.007,54.631584,FALSE
27-11-1999 09:30,86.11,0.007,52.079328,FALSE
29-11-1999 09:30,79.73,0.007,48.220704,FALSE
30-11-1999 09:30,77.51,0.006,40.181184,FALSE
01-12-1999 09:30,74.85397,0.006,38.80429805,FALSE
06-12-1999 09:30,61.080082,0.006,31.66391451,FALSE
07-12-1999 09:00,57.938602,0.005,25.02947606,FALSE
08-12-1999 09:00,56.23417,0.005,24.29316144,FALSE
09-12-1999 09:00,54.73657,0.005,23.64619824,FALSE
10-12-1999 09:00,53.15847,0.005,22.96445904,FALSE
11-12-1999 09:00,52.23536,0.005,22.56567552,FALSE
13-12-1999 09:00,53.833565,0.005,23.25610008,FALSE
14-12-1999 09:00,51.795963,0.005,22.37585602,FALSE
15-12-1999 09:00,50.12282,0.005,21.65305824,FALSE
16-12-1999 09:00,48.796288,0.005,21.07999642,FALSE
17-12-1999 09:00,48.109623,0.005,20.78335714,FALSE
20-12-1999 09:00,47.485,0.005,20.51352,FALSE
21-12-1999 09:00,40.842896,0.005,17.64413107,FALSE
01-03-2000 08:00,2.3,0.003,0.59616,FALSE
02-03-2000 08:00,2.3,0.003,0.59616,FALSE
03-03-2000 08:00,2.3,0.003,0.59616,FALSE
04-03-2000 08:00,2.3,0.003,0.59616,FALSE
06-03-2000 08:00,2.3,0.003,0.59616,FALSE
07-03-2000 08:00,2.3,0.003,0.59616,FALSE
08-03-2000 08:00,2.3,0.006,1.19232,FALSE
09-03-2000 08:00,2.3,0.006,1.19232,FALSE
10-03-2000 08:00,2.3,0.006,1.19232,FALSE
11-03-2000 08:00,2.3,0.007,1.39104,FALSE
13-03-2000 08:00,2.3,0.007,1.39104,FALSE
14-03-2000 08:00,2.3,0.006,1.19232,FALSE
15-03-2000 08:00,2.3,0.006,1.19232,FALSE
16-03-2000 08:00,2.3,0.006,1.19232,FALSE
18-03-2000 09:00,2.9635048,0.006,1.536280888,FALSE
20-03-2000 09:00,2.751345,0.006,1.426297248,FALSE
21-03-2000 09:00,2.720366,0.005,1.175198112,FALSE
22-03-2000 09:00,2.83358,0.005,1.22410656,FALSE
23-03-2000 09:00,2.7258847,0.004,0.942065752,FALSE
24-03-2000 09:00,2.66,0.004,0.919296,FALSE
25-03-2000 09:00,2.597911,0.004,0.897838042,FALSE
27-03-2000 09:00,1.9759799,0.003,0.51217399,FALSE
28-03-2000 09:00,1.913546,0.003,0.495991123,FALSE
29-03-2000 09:00,1.854,0.003,0.4805568,FALSE
30-03-2000 09:00,1.814,0.003,0.4701888,FALSE
31-03-2000 09:00,1.594,0.003,0.4131648,FALSE
01-04-2000 09:00,1.5279038,0.003,0.396032665,FALSE
03-04-2000 09:00,1.517,0.003,0.3932064,FALSE
04-04-2000 09:00,1.4880866,0.003,0.385712047,FALSE
06-04-2000 09:00,1.455,0.003,0.377136,FALSE
07-04-2000 09:00,1.426,0.003,0.3696192,FALSE
10-04-2000 09:00,1.4498465,0.003,0.375800213,FALSE
11-04-2000 09:00,1.4198374,0.003,0.368021854,FALSE
12-04-2000 09:00,1.472,0.003,0.3815424,FALSE
13-04-2000 09:00,1.532,0.003,0.3970944,FALSE
15-04-2000 09:00,1.4777529,0.003,0.383033552,FALSE
17-04-2000 12:00,1.475,0.003,0.38232,FALSE
18-04-2000 09:00,1.419,0.003,0.3678048,FALSE
19-04-2000 09:00,1.3308817,0.003,0.344964537,FALSE
20-04-2000 09:00,1.2627009,0.003,0.327292073,FALSE
22-04-2000 09:00,1.1030002,0.003,0.285897652,FALSE
24-04-2000 09:00,1.2952636,0.003,0.335732325,FALSE
04-05-2000 09:00,2.563,0.003,0.6643296,FALSE
05-05-2000 09:00,2.5140781,0.003,0.651649044,FALSE
06-05-2000 09:00,2.431419,0.003,0.630223805,FALSE
08-05-2000 09:00,2.5829873,0.003,0.669510308,FALSE
09-05-2000 09:00,2.514,0.003,0.6516288,FALSE
22-05-2000 09:00,3.801,0.004,1.3136256,FALSE
23-05-2000 09:00,3.3659463,0.004,1.163271041,FALSE
24-05-2000 09:00,4.4998703,0.005,1.94394397,FALSE
25-05-2000 09:00,7.452,0.005,3.219264,FALSE
26-05-2000 09:00,20.255423,0.01,17.50068547,FALSE
27-05-2000 09:00,46.330032,0.018,72.05246577,FALSE
29-05-2000 09:00,51.534565,0.018,80.14655549,FALSE
30-05-2000 09:00,41.01477,0.029,102.7666077,FALSE
31-05-2000 09:00,38.68802,0.006,20.05586957,FALSE
01-06-2000 09:00,13.055393,0.013,14.66381742,FALSE
02-06-2000 08:45,16.675997,0.012,17.28967369,FALSE
03-06-2000 09:00,52.23,0.019,85.740768,FALSE
05-06-2000 09:15,368.4,0.135,4297.0176,FALSE
07-06-2000 09:45,718.8,0.178,11054.56896,FALSE
08-06-2000 09:45,677.2,0.063,3686.13504,FALSE
09-06-2000 09:45,485.2,0.024,1006.11072,FALSE
10-06-2000 09:45,684.5,0.024,1419.3792,FALSE
12-06-2000 09:45,617.1,0.009,479.85696,FALSE
13-06-2000 09:30,785.1,0.025,1695.816,FALSE
14-06-2000 09:30,592.7,0.033,1689.90624,FALSE
16-06-2000 09:30,432.7,0.018,672.93504,FALSE
17-06-2000 09:30,446.9,0.027,1042.52832,FALSE
19-06-2000 09:30,892.7,0.102,7867.18656,FALSE
20-06-2000 10:00,1455,0.043,5405.616,FALSE
21-06-2000 09:37,1348,0.08,9317.376,FALSE
22-06-2000 09:45,879.9,0.023,1748.53728,FALSE
23-06-2000 09:30,774.5,0.087,5821.7616,FALSE
24-06-2000 09:30,525,0.133,6032.88,FALSE
26-06-2000 09:30,428.5,0.031,1147.6944,FALSE
27-06-2000 09:30,489.1,0.086,3634.20864,FALSE
28-06-2000 09:30,555.4,0.069,3311.07264,FALSE
29-06-2000 09:30,680.8,0.012,705.85344,FALSE
30-06-2000 09:30,711.2,0.204,12535.32672,FALSE
01-07-2000 09:30,756.7,0.03,1961.3664,FALSE
03-07-2000 09:30,519.2,0.009,403.72992,FALSE
04-07-2000 09:30,556.9,0.01,481.1616,FALSE
05-07-2000 09:30,727.5,0.03,1885.68,FALSE
06-07-2000 09:30,804.4,0.03,2085.0048,FALSE
07-07-2000 09:30,716,0.09,5567.616,FALSE
08-07-2000 09:30,1386,0.031,3712.2624,FALSE
10-07-2000 09:30,1622,0.098,13733.7984,FALSE
11-07-2000 09:30,1593,0.075,10322.64,FALSE
12-07-2000 09:45,2472,0.061,13028.4288,FALSE
13-07-2000 09:45,2041,0.053,9346.1472,FALSE
14-07-2000 09:45,2070,0.023,4113.504,FALSE
15-07-2000 09:45,1684,0.042,6110.8992,FALSE
17-07-2000 09:30,943.4,0.011,896.60736,FALSE
18-07-2000 09:30,935.4,0.04,3232.7424,FALSE
19-07-2000 09:30,801.8,0.024,1662.61248,FALSE
20-07-2000 09:30,732.5,0.008,506.304,FALSE
21-07-2000 09:30,630.1,0.006,326.64384,FALSE
22-07-2000 09:45,536.6,0.006,278.17344,FALSE
24-07-2000 09:15,431.2,0.007,260.78976,FALSE
25-07-2000 10:00,431.7,0.01,372.9888,FALSE
26-07-2000 09:30,410.2,0.005,177.2064,FALSE
27-07-2000 09:30,394.7,0.003,102.30624,FALSE
28-07-2000 09:30,414.3,0.003,107.38656,FALSE
29-07-2000 09:30,421.9,0.002,72.90432,FALSE
31-07-2000 09:30,339.2,0.003,87.92064,FALSE
01-08-2000 09:15,299.3,0.002,51.71904,FALSE
02-08-2000 09:15,276.7,0.003,71.72064,FALSE
03-08-2000 09:15,247.7,0.002,42.80256,FALSE
04-08-2000 09:15,251.5,0.003,65.1888,FALSE
05-08-2000 09:15,301.4,0.002,52.08192,FALSE
07-08-2000 09:15,352.1,0.003,91.26432,FALSE
08-08-2000 09:15,440.4,0.003,114.15168,FALSE
09-08-2000 09:30,689.1,0.033,1964.76192,FALSE
10-08-2000 09:30,634.6,0.044,2412.49536,FALSE
11-08-2000 09:30,656.3,0.017,963.97344,FALSE
12-08-2000 09:30,604.7,0.014,731.44512,FALSE
14-08-2000 09:30,453.6,0.012,470.29248,FALSE
16-08-2000 09:30,768.7,0.189,12552.56352,FALSE
17-08-2000 09:30,441.1,0.011,419.22144,FALSE
18-08-2000 09:30,658.6,0.091,5178.17664,FALSE
19-08-2000 09:30,614.4,0.031,1645.60896,FALSE
21-08-2000 09:45,861.2,0.046,3422.75328,FALSE
22-08-2000 09:45,1389,0.074,8880.7104,FALSE
23-08-2000 09:45,1760,0.032,4866.048,FALSE
24-08-2000 09:45,2020,0.041,7155.648,FALSE
25-08-2000 09:45,2669,0.031,7148.6496,FALSE
26-08-2000 09:45,2431,0.019,3990.7296,FALSE
28-08-2000 09:30,1409,0.011,1339.1136,FALSE
29-08-2000 09:30,1378,0.007,833.4144,FALSE
30-08-2000 09:30,1140,0.004,393.984,FALSE
31-08-2000 09:30,918.6,0.02,1587.3408,FALSE
02-09-2000 09:30,742.9,0.033,2118.15648,FALSE
04-09-2000 09:30,898.9,0.019,1475.63424,FALSE
05-09-2000 09:30,943.6,0.03,2445.8112,FALSE
06-09-2000 09:30,758,0.027,1768.2624,FALSE
07-09-2000 09:30,713.1,0.019,1170.62496,FALSE
08-09-2000 09:30,628.6,0.009,488.79936,FALSE
09-09-2000 09:30,527.1,0.008,364.33152,FALSE
11-09-2000 09:30,504.2,0.005,217.8144,FALSE
12-09-2000 09:30,469.7441,0.005,202.9294512,FALSE
13-09-2000 09:30,522.5,0.008,361.152,FALSE
14-09-2000 09:30,429.77698,0.007,259.9291175,FALSE
15-09-2000 09:30,703.2,0.059,3584.63232,FALSE
16-09-2000 09:30,511.4,0.033,1458.10368,FALSE
18-09-2000 09:30,382.8,0.028,926.06976,FALSE
19-09-2000 09:30,403.4,0.014,487.95264,FALSE
20-09-2000 09:30,393.7,0.008,272.12544,FALSE
21-09-2000 09:30,729.1,0.094,5921.45856,FALSE
22-09-2000 09:30,637.1,0.027,1486.22688,FALSE
23-09-2000 09:30,759.2,0.014,918.32832,FALSE
25-09-2000 09:30,432.1,0.039,1456.00416,FALSE
26-09-2000 09:30,681.5,0.046,2708.5536,FALSE
27-09-2000 09:30,489.8,0.024,1015.64928,FALSE
28-09-2000 09:30,754,0.201,13094.2656,FALSE
29-09-2000 09:30,410.51712,0.015,532.0301875,FALSE
30-09-2000 09:30,411.08813,0.011,390.6981588,FALSE
03-10-2000 09:30,480.6,0.019,788.95296,FALSE
04-10-2000 09:30,430.6,0.007,260.42688,FALSE
05-10-2000 09:30,381.2,0.007,230.54976,FALSE
06-10-2000 09:30,345,0.006,178.848,FALSE
09-10-2000 09:30,1037,0.029,2598.3072,FALSE
10-10-2000 09:30,374.6,0.048,1553.54112,FALSE
11-10-2000 09:30,409.7,0.007,247.78656,FALSE
12-10-2000 09:30,317.2,0.005,137.0304,FALSE
13-10-2000 09:30,313.7,0.015,406.5552,FALSE
14-10-2000 09:30,476.2,0.007,288.00576,FALSE
16-10-2000 09:15,315.9,0.005,136.4688,FALSE
17-10-2000 09:15,273.8,0.004,94.62528,FALSE
18-10-2000 09:15,243.7,0.003,63.16704,FALSE
19-10-2000 09:30,314.7,0.012,326.28096,FALSE
20-10-2000 09:15,249.8,0.007,151.07904,FALSE
21-10-2000 09:15,353.2,0.004,122.06592,FALSE
23-10-2000 09:30,460.3,0.035,1391.9472,FALSE
24-10-2000 09:15,250.2,0.012,259.40736,FALSE
25-10-2000 09:45,239.6,0.01,207.0144,FALSE
27-10-2000 09:15,207.7,0.01,179.4528,FALSE
28-10-2000 09:15,205.8,0.009,160.03008,FALSE
30-10-2000 09:15,204.1,0.009,158.70816,FALSE
31-10-2000 09:15,186.1,0.008,128.63232,FALSE
01-11-2000 09:15,150.6,0.007,91.08288,FALSE
02-11-2000 09:15,165.8,0.008,114.60096,FALSE
03-11-2000 09:15,164.1,0.006,85.06944,FALSE
04-11-2000 09:15,146.3,0.006,75.84192,FALSE
06-11-2000 09:15,139.5,0.006,72.3168,FALSE
07-11-2000 09:15,131.3,0.005,56.7216,FALSE
08-11-2000 09:15,138.6,0.004,47.90016,FALSE
09-11-2000 09:15,135,0.004,46.656,FALSE
10-11-2000 09:15,129.7,0.004,44.82432,FALSE
13-11-2000 09:15,84.07,0.004,29.054592,FALSE
14-11-2000 09:00,83.39159,0.003,21.61510013,FALSE
15-11-2000 09:00,80.389275,0.003,20.83690008,FALSE
16-11-2000 09:00,76.99009,0.003,19.95583133,FALSE
17-11-2000 09:00,72.07432,0.002,12.4544425,FALSE
18-11-2000 09:00,68.732506,0.003,17.81546556,FALSE
20-11-2000 09:00,64.83001,0.003,16.80393859,FALSE
21-11-2000 09:00,80.53395,0.007,48.70693296,FALSE
22-11-2000 09:00,78.23911,0.008,54.07887283,FALSE
23-11-2000 09:00,74.81176,0.004,25.85494426,FALSE
24-11-2000 09:00,68.215576,0.003,17.6814773,FALSE
25-11-2000 09:00,65.183754,0.003,16.89562904,FALSE
27-11-2000 09:00,63.652958,0.002,10.99923114,FALSE
28-11-2000 09:00,58.07325,0.002,10.0350576,FALSE
29-11-2000 09:00,55.802105,0.004,19.28520749,FALSE
30-11-2000 09:00,53.90085,0.005,23.2851672,FALSE
01-12-2000 09:00,53.09546,0.006,27.52468646,FALSE
02-12-2000 09:00,73.34895,0.009,57.03614352,FALSE
04-12-2000 09:00,59.56314,0.002,10.29251059,FALSE
05-12-2000 09:00,55.20441,0.002,9.539322048,FALSE
06-12-2000 09:00,51.06,0.002,8.823168,FALSE
07-12-2000 09:00,49.13557,0.002,8.490626496,FALSE
08-12-2000 09:00,45.56779,0.001,3.937057056,FALSE
09-12-2000 09:00,42.698193,0.002,7.37824775,FALSE
11-12-2000 09:00,40.87026,0.001,3.531190464,FALSE
12-12-2000 09:00,37.467926,0.002,6.474457613,FALSE
13-12-2000 09:00,36.974403,0.004,12.77835368,FALSE
14-12-2000 09:00,36.35113,0.002,6.281475264,FALSE
15-12-2000 09:00,34.32137,0.002,5.930732736,FALSE
16-12-2000 09:00,33.729324,0.002,5.828427187,FALSE
18-12-2000 09:00,30.7131,0.002,5.30722368,FALSE
19-12-2000 09:00,30.13692,0.002,5.207659776,FALSE
20-12-2000 09:00,22.766424,0.001,1.967019034,FALSE
21-12-2000 09:00,22.822664,0.001,1.97187817,FALSE
22-12-2000 09:00,21.88113,0.002,3.781059264,FALSE
23-12-2000 09:00,20.683014,0.002,3.574024819,FALSE
26-12-2000 09:00,18.90007,0.002,3.265932096,FALSE
27-12-2000 09:00,18.220013,0.002,3.148418246,FALSE
29-12-2000 09:00,16.934052,0.002,2.926204186,FALSE
30-12-2000 09:00,15.946496,0.001,1.377777254,FALSE
01-01-2001 08:45,23.175764,0.004,8.009544038,FALSE
02-01-2001 08:45,22.940676,0.004,7.928297626,FALSE
03-01-2001 08:31,22.261942,0.003,5.770295366,FALSE
04-01-2001 08:46,21.920984,0.003,5.681919053,FALSE
05-01-2001 08:33,21.422451,0.003,5.552699299,FALSE
06-01-2001 08:45,20.932526,0.002,3.617140493,FALSE
08-01-2001 08:45,19.964472,0.002,3.449860762,FALSE
09-01-2001 08:31,17.24106,0.002,2.979255168,FALSE
10-01-2001 08:31,17.22743,0.002,2.976899904,FALSE
11-01-2001 08:31,16.702171,0.002,2.886135149,FALSE
12-01-2001 08:31,16.571411,0.002,2.863539821,FALSE
13-01-2001 08:31,16.508562,0.002,2.852679514,FALSE
15-01-2001 08:31,16.119665,0.002,2.785478112,FALSE
16-01-2001 08:31,15.687295,0.002,2.710764576,FALSE
17-01-2001 08:31,15.152253,0.002,2.618309318,FALSE
18-01-2001 08:31,15.011376,0.002,2.593965773,FALSE
19-01-2001 08:00,0,0,0,TRUE
20-01-2001 08:00,0,0,0,TRUE
21-01-2001 08:00,0,0,0,TRUE
22-01-2001 08:00,0,0.002,0,TRUE
23-01-2001 08:00,0,0.002,0,TRUE
24-01-2001 08:00,0,0.002,0,TRUE
25-01-2001 08:00,0,0.001,0,TRUE
26-01-2001 08:00,0,0,0,TRUE
27-01-2001 08:00,0,0,0,TRUE
28-01-2001 08:00,0,0,0,TRUE
29-01-2001 08:00,0,0,0,TRUE
30-01-2001 08:00,0,0,0,TRUE
31-01-2001 08:00,0,0,0,TRUE
01-06-2001 09:00,28.547373,0.007,17.26545119,FALSE
02-06-2001 09:00,26.201136,0.006,13.5826689,FALSE
04-06-2001 09:00,23.070744,0.005,9.966561408,FALSE
06-06-2001 09:00,49.407166,0.036,153.6760491,FALSE
07-06-2001 09:00,63.525738,0.081,444.5785248,FALSE
08-06-2001 09:00,71.62417,0.044,272.2864447,FALSE
09-06-2001 09:00,140.8,0.124,1508.47488,FALSE
11-06-2001 09:00,159.74284,0.096,1324.971012,FALSE
12-06-2001 09:30,603.0478,0.062,3230.406455,FALSE
13-06-2001 09:30,529.3209,0.031,1417.733099,FALSE
14-06-2001 09:30,743.9588,0.041,2635.399653,FALSE
15-06-2001 09:30,1404.1105,0.096,11646.25413,FALSE
16-06-2001 09:30,908.9886,0.035,2748.781526,FALSE
18-06-2001 09:30,516.41364,0.024,1070.835324,FALSE
19-06-2001 09:30,511.00528,0.053,2339.995378,FALSE
20-06-2001 09:30,600.7313,0.033,1712.805083,FALSE
21-06-2001 09:30,671.1791,0.154,8930.440633,FALSE
22-06-2001 09:30,707.7718,0.08,4892.118682,FALSE
23-06-2001 09:30,555.95416,0.021,1008.723228,FALSE
24-06-2001 08:00,527.8,0.02,912.0384,FALSE
25-06-2001 09:30,550.8688,0.018,856.7111578,FALSE
26-06-2001 09:30,474.70703,0.04,1640.587496,FALSE
27-06-2001 09:30,429.39532,0.015,556.4963347,FALSE
28-06-2001 09:30,848.0096,0.06,4396.081766,FALSE
29-06-2001 09:30,598.55084,0.037,1913.447325,FALSE
30-06-2001 09:30,558.9567,0.012,579.5263066,FALSE
02-07-2001 09:30,459.2053,0.017,674.4807446,FALSE
03-07-2001 09:30,551.3692,0.018,857.4893798,FALSE
04-07-2001 09:30,1191.5945,0.1,10295.37648,FALSE
05-07-2001 09:30,1424.1235,0.045,5536.992168,FALSE
06-07-2001 09:30,1753.41,0.079,11968.0753,FALSE
07-07-2001 09:30,1238.2223,0.089,9521.434198,FALSE
09-07-2001 09:30,2037.2614,0.116,20418.24866,FALSE
10-07-2001 09:30,1761.5581,0.118,17959.43714,FALSE
11-07-2001 09:30,2248.5037,0.19,36911.43674,FALSE
12-07-2001 09:30,1406.958,0.119,14465.77937,FALSE
13-07-2001 09:30,1082.9446,0.072,6736.781768,FALSE
14-07-2001 09:30,1056.731,0.032,2921.649869,FALSE
16-07-2001 09:30,830.8029,0.037,2655.910711,FALSE
17-07-2001 09:30,977.47064,0.084,7094.090917,FALSE
18-07-2001 09:30,916.8684,0.122,9664.526431,FALSE
19-07-2001 09:30,760.31006,0.038,2496.249989,FALSE
20-07-2001 09:30,643.9111,0.027,1502.115814,FALSE
21-07-2001 09:30,661.94794,0.016,915.0768323,FALSE
23-07-2001 08:30,531.53644,0.041,1882.914685,FALSE
24-07-2001 09:30,614.3532,0.031,1645.483611,FALSE
25-07-2001 09:30,887.8,0.089,6826.82688,FALSE
26-07-2001 09:30,635.91156,0.022,1208.740693,FALSE
27-07-2001 09:30,734.0796,0.011,697.6692518,FALSE
28-07-2001 09:30,638.4621,0.007,386.1418781,FALSE
30-07-2001 09:30,973.7504,0.011,925.4523802,FALSE
31-07-2001 09:30,898.58856,0.022,1708.037135,FALSE
01-08-2001 09:30,774.2932,0.006,401.3935949,FALSE
02-08-2001 09:30,663.94977,0.048,2753.532486,FALSE
03-08-2001 09:30,1193.2694,0.048,4948.726856,FALSE
04-08-2001 09:30,1104.311,0.022,2099.074349,FALSE
05-08-2001 08:00,1369,0.028,3311.8848,FALSE
06-08-2001 09:30,1091.4021,0.036,3394.697092,FALSE
07-08-2001 09:30,1139.0771,0.033,3247.736628,FALSE
08-08-2001 09:30,939.69604,0.016,1299.035806,FALSE
09-08-2001 09:30,911.7999,0.025,1969.487784,FALSE
10-08-2001 09:30,816.7817,0.013,917.4092054,FALSE
11-08-2001 09:30,958.3663,0.016,1324.845573,FALSE
13-08-2001 09:30,674.42084,0.005,291.3498029,FALSE
14-08-2001 09:30,873.65485,0.03,2264.513371,FALSE
16-08-2001 09:30,952.96497,0.014,1152.706428,FALSE
17-08-2001 09:30,998.2668,0.011,948.7527667,FALSE
18-08-2001 09:30,1257.5126,0.009,977.8417978,FALSE
20-08-2001 09:30,1175.8181,0.014,1422.269574,FALSE
21-08-2001 09:30,1057.896,0.011,1005.424358,FALSE
23-08-2001 09:30,1217.6992,0.033,3471.903959,FALSE
24-08-2001 09:30,1049.4473,0.017,1541.428194,FALSE
25-08-2001 09:30,1182.3068,0.019,1940.874843,FALSE
27-08-2001 09:30,911.592,0.007,551.3308416,FALSE
28-08-2001 09:30,730.7545,0.007,441.9603216,FALSE
29-08-2001 09:30,686.41034,0.007,415.1409736,FALSE
30-08-2001 09:30,678.8651,0.009,527.8855018,FALSE
31-08-2001 09:30,654.1822,0.009,508.6920787,FALSE
01-09-2001 09:30,572.4342,0.009,445.1248339,FALSE
03-09-2001 09:30,451.4617,0.011,429.0691997,FALSE
04-09-2001 09:30,413.71994,0.009,321.7086253,FALSE
05-09-2001 09:30,345.45404,0.009,268.6250615,FALSE
06-09-2001 09:30,319.01913,0.009,248.0692755,FALSE
07-09-2001 09:30,302.29272,0.008,208.9447281,FALSE
08-09-2001 09:30,276.63766,0.009,215.1134444,FALSE
10-09-2001 09:30,270.472,0.008,186.9502464,FALSE
11-09-2001 09:30,219.60603,0.006,113.843766,FALSE
12-09-2001 09:15,198.02626,0.006,102.6568132,FALSE
13-09-2001 09:15,209.66653,0.005,90.57594096,FALSE
14-09-2001 09:15,199.36365,0.006,103.3501162,FALSE
15-09-2001 09:15,188.74887,0.006,97.84741421,FALSE
17-09-2001 09:15,262.91187,0.006,136.2935134,FALSE
18-09-2001 09:15,227.00792,0.017,333.4292329,FALSE
19-09-2001 09:15,224.21301,0.011,213.0920447,FALSE
20-09-2001 09:15,182.77904,0.012,189.5053087,FALSE
21-09-2001 09:01,228.45753,0.008,157.9098447,FALSE
22-09-2001 09:30,426.88104,0.015,553.2378278,FALSE
24-09-2001 09:30,458.56583,0.04,1584.803508,FALSE
25-09-2001 09:30,318.39896,0.012,330.1160417,FALSE
26-09-2001 09:30,777.6874,0.016,1075.075062,FALSE
27-09-2001 09:30,478.71915,0.015,620.4200184,FALSE
28-09-2001 09:30,357.4091,0.008,247.0411699,FALSE
29-09-2001 09:30,436.07706,0.013,489.8017538,FALSE
01-10-2001 09:30,459.47958,0.009,357.2913214,FALSE
03-10-2001 09:30,413.71338,0.013,464.6828684,FALSE
04-10-2001 09:30,271.9,0.028,657.78048,FALSE
05-10-2001 09:30,236.1,0.009,183.59136,FALSE
06-10-2001 09:30,241,0.01,208.224,FALSE
08-10-2001 09:30,487.19513,0.04,1683.746369,FALSE
09-10-2001 09:30,491.75385,0.018,764.7755875,FALSE
10-10-2001 09:30,324,0.014,391.9104,FALSE
11-10-2001 09:15,275.64413,0.009,214.3408755,FALSE
12-10-2001 09:15,289.66382,0.007,175.1886783,FALSE
13-10-2001 09:15,245.07945,0.01,211.7486448,FALSE
15-10-2001 09:15,355.43274,0.039,1197.666161,FALSE
16-10-2001 09:15,437.2387,0.018,679.9936262,FALSE
17-10-2001 09:15,233.48787,0.011,221.9068716,FALSE
18-10-2001 09:15,228.4466,0.008,157.9022899,FALSE
19-10-2001 09:15,204.61734,0.007,123.7525672,FALSE
20-10-2001 09:15,199.79903,0.007,120.8384533,FALSE
22-10-2001 09:00,194.27821,0.006,100.7138241,FALSE
23-10-2001 09:01,164.15009,0.007,99.27797443,FALSE
24-10-2001 09:01,155.04134,0.007,93.76900243,FALSE
27-10-2001 09:01,237.6583,0.012,246.4041254,FALSE
29-10-2001 09:01,225.0197,0.011,213.8587229,FALSE
30-10-2001 09:01,171.45284,0.008,118.508203,FALSE
31-10-2001 09:01,152.01514,0.007,91.93875667,FALSE
01-11-2001 09:15,153.8,0.008,106.30656,FALSE
02-11-2001 09:15,151.36736,0.007,91.54697933,FALSE
05-11-2001 09:15,158.5,0.009,123.2496,FALSE
06-11-2001 09:15,155.1,0.007,93.80448,FALSE
07-11-2001 09:15,295.3,0.042,1071.58464,FALSE
08-11-2001 09:15,269.9,0.029,676.26144,FALSE
09-11-2001 09:15,163,0.01,140.832,FALSE
10-11-2001 09:15,151,0.008,104.3712,FALSE
12-11-2001 09:15,118.2,0.01,102.1248,FALSE
13-11-2001 09:15,106.9,0.008,73.88928,FALSE
15-11-2001 09:15,96.57,0.008,66.749184,FALSE
16-11-2001 09:15,261.2,0.029,654.46272,FALSE
17-11-2001 09:15,422.22244,0.036,1313.280677,FALSE
19-11-2001 09:15,124,0.008,85.7088,FALSE
20-11-2001 09:15,113.1,0.008,78.17472,FALSE
21-11-2001 09:15,111.6,0.008,77.13792,FALSE
22-11-2001 09:15,100,0.012,103.68,FALSE
23-11-2001 09:15,118.6,0.012,122.96448,FALSE
24-11-2001 09:15,101.1,0.013,113.55552,FALSE
26-11-2001 09:15,94.55,0.009,73.52208,FALSE
27-11-2001 09:15,92.34914,0.009,71.81069126,FALSE
28-11-2001 09:15,92.02,0.009,71.554752,FALSE
29-11-2001 09:15,84.51,0.007,51.111648,FALSE
01-12-2001 09:00,78.404755,0.005,33.87085416,FALSE
03-12-2001 10:00,62.997177,0.005,27.21478046,FALSE
04-12-2001 09:00,60.668934,0.004,20.96718359,FALSE
05-12-2001 09:00,57.163498,0.004,19.75570491,FALSE
06-12-2001 09:00,54.63455,0.004,18.88170048,FALSE
07-12-2001 09:00,54.03388,0.004,18.67410893,FALSE
08-12-2001 09:00,50.98592,0.004,17.62073395,FALSE
10-12-2001 09:00,48.567684,0.004,16.78499159,FALSE
11-12-2001 09:00,46.786255,0.004,16.16932973,FALSE
12-12-2001 09:00,46.12621,0.004,15.94121818,FALSE
13-12-2001 09:00,44.197918,0.003,11.45610035,FALSE
14-12-2001 09:00,43.274586,0.003,11.21677269,FALSE
18-12-2001 08:00,0,0,0,TRUE
19-12-2001 08:00,0,0,0,TRUE
20-12-2001 08:00,0,0,0,TRUE
21-12-2001 08:00,0,0,0,TRUE
22-12-2001 08:00,0,0,0,TRUE
23-12-2001 08:00,0,0,0,TRUE
24-12-2001 08:00,0,0,0,TRUE
25-12-2001 08:00,0,0,0,TRUE
26-12-2001 08:00,0,0,0,TRUE
27-12-2001 08:00,0,0,0,TRUE
28-12-2001 08:00,0,0,0,TRUE
29-12-2001 08:00,0,0,0,TRUE
30-12-2001 08:00,0,0,0,TRUE
31-12-2001 08:00,0,0,0,TRUE
01-01-2002 08:00,0,0,0,TRUE
02-01-2002 08:00,0,0,0,TRUE
03-01-2002 08:00,0,0,0,TRUE
04-01-2002 08:00,0,0,0,TRUE
05-01-2002 08:00,0,0,0,TRUE
06-01-2002 08:00,0,0,0,TRUE
07-01-2002 09:00,0,0,0,TRUE
08-01-2002 09:00,0,0,0,TRUE
09-01-2002 09:00,0,0,0,TRUE
10-01-2002 09:00,0,0,0,TRUE
11-01-2002 09:00,0,0,0,TRUE
12-01-2002 09:00,0,0,0,TRUE
13-01-2002 08:00,0,0,0,TRUE
14-01-2002 08:00,0,0,0,TRUE
15-01-2002 09:00,0,0,0,TRUE
16-01-2002 09:00,0,0,0,TRUE
17-01-2002 09:00,0,0,0,TRUE
18-01-2002 09:00,0,0,0,TRUE
19-01-2002 09:00,0,0,0,TRUE
20-01-2002 08:00,0,0,0,TRUE
21-01-2002 09:00,0,0,0,TRUE
22-01-2002 09:00,0,0,0,TRUE
23-01-2002 09:00,0,0,0,TRUE
24-01-2002 09:00,0,0,0,TRUE
25-01-2002 09:00,0,0,0,TRUE
26-01-2002 08:00,0,0,0,TRUE
27-01-2002 08:00,0,0,0,TRUE
28-01-2002 09:00,0,0,0,TRUE
29-01-2002 09:00,0,0,0,TRUE
30-01-2002 09:00,0,0,0,TRUE
31-01-2002 09:03,0,0,0,TRUE
01-02-2002 09:30,0,0,0,TRUE
02-02-2002 09:30,0,0,0,TRUE
03-02-2002 08:00,0,0,0,TRUE
04-02-2002 09:30,0,0,0,TRUE
05-02-2002 09:30,0,0,0,TRUE
06-02-2002 09:15,0,0,0,TRUE
07-02-2002 09:15,0,0,0,TRUE
08-02-2002 08:00,0,0,0,TRUE
09-02-2002 08:00,0,0,0,TRUE
10-02-2002 08:00,0,0,0,TRUE
11-02-2002 08:00,0,0,0,TRUE
12-02-2002 08:00,0,0,0,TRUE
13-02-2002 08:00,0,0,0,TRUE
14-02-2002 08:00,0,0,0,TRUE
15-02-2002 08:00,0,0,0,TRUE
16-02-2002 08:00,0,0,0,TRUE
17-02-2002 08:00,0,0,0,TRUE
18-02-2002 09:15,0,0,0,TRUE
19-02-2002 09:15,0,0,0,TRUE
20-02-2002 09:15,0,0,0,TRUE
21-02-2002 09:15,0,0,0,TRUE
22-02-2002 09:30,0,0,0,TRUE
23-02-2002 08:00,0,0,0,TRUE
24-02-2002 08:00,0,0,0,TRUE
25-02-2002 09:30,0,0,0,TRUE
26-02-2002 09:15,0,0,0,TRUE
27-02-2002 09:15,0,0,0,TRUE
28-02-2002 09:15,0,0,0,TRUE
01-03-2002 09:15,0,0,0,TRUE
02-03-2002 09:15,0,0,0,TRUE
03-03-2002 08:00,0,0,0,TRUE
04-03-2002 09:15,0,0,0,TRUE
05-03-2002 09:15,0,0,0,TRUE
06-03-2002 09:15,0,0,0,TRUE
07-03-2002 09:15,0,0,0,TRUE
08-03-2002 09:15,0,0,0,TRUE
09-03-2002 09:15,0,0,0,TRUE
10-03-2002 08:00,0,0,0,TRUE
11-03-2002 09:15,0,0,0,TRUE
12-03-2002 09:15,0,0,0,TRUE
13-03-2002 09:15,0,0,0,TRUE
14-03-2002 09:15,0,0,0,TRUE
15-03-2002 09:15,0,0,0,TRUE
16-03-2002 09:15,0,0,0,TRUE
17-03-2002 08:00,0,0,0,TRUE
18-03-2002 09:15,0,0,0,TRUE
19-03-2002 09:15,0,0,0,TRUE
20-03-2002 09:15,0,0,0,TRUE
21-03-2002 09:15,0,0,0,TRUE
22-03-2002 09:15,0,0,0,TRUE
23-03-2002 09:15,0,0,0,TRUE
24-03-2002 08:00,0,0,0,TRUE
25-03-2002 08:00,0,0,0,TRUE
26-03-2002 09:15,0,0,0,TRUE
27-03-2002 09:15,0,0,0,TRUE
28-03-2002 09:15,0,0,0,TRUE
29-03-2002 08:00,0,0,0,TRUE
30-03-2002 09:15,0,0,0,TRUE
31-03-2002 08:00,0,0,0,TRUE
01-04-2002 09:15,0,0,0,TRUE
02-04-2002 09:01,0,0,0,TRUE
03-04-2002 09:01,0,0,0,TRUE
04-04-2002 09:01,0,0,0,TRUE
05-04-2002 09:01,0,0,0,TRUE
06-04-2002 09:01,0,0,0,TRUE
07-04-2002 08:00,0,0,0,TRUE
08-04-2002 09:01,0,0,0,TRUE
09-04-2002 09:01,0,0,0,TRUE
10-04-2002 09:01,0,0,0,TRUE
11-04-2002 09:01,0,0,0,TRUE
12-04-2002 09:01,0,0,0,TRUE
13-04-2002 09:01,0,0,0,TRUE
14-04-2002 08:00,0,0,0,TRUE
15-04-2002 09:01,0,0,0,TRUE
16-04-2002 09:01,0,0,0,TRUE
17-04-2002 09:01,0,0,0,TRUE
18-04-2002 09:01,0,0,0,TRUE
19-04-2002 09:01,0,0,0,TRUE
20-04-2002 09:01,0,0,0,TRUE
21-04-2002 08:00,0,0,0,TRUE
22-04-2002 09:01,0,0,0,TRUE
23-04-2002 09:01,0,0,0,TRUE
24-04-2002 09:01,0,0,0,TRUE
25-04-2002 08:00,0,0,0,TRUE
26-04-2002 09:01,0,0,0,TRUE
27-04-2002 09:01,0,0,0,TRUE
28-04-2002 08:00,0,0,0,TRUE
29-04-2002 09:15,0,0,0,TRUE
30-04-2002 09:01,0,0,0,TRUE
01-05-2002 09:01,0,0,0,TRUE
02-05-2002 09:01,0,0,0,TRUE
03-05-2002 09:15,0,0,0,TRUE
04-05-2002 09:15,0,0,0,TRUE
05-05-2002 08:00,0,0,0,TRUE
06-05-2002 09:15,0,0,0,TRUE
07-05-2002 09:15,0,0,0,TRUE
08-05-2002 09:15,0,0,0,TRUE
09-05-2002 09:15,0,0,0,TRUE
10-05-2002 09:15,0,0,0,TRUE
11-05-2002 09:15,0,0,0,TRUE
12-05-2002 08:00,0,0,0,TRUE
13-05-2002 09:15,0,0,0,TRUE
14-05-2002 09:15,0,0,0,TRUE
15-05-2002 09:15,0,0,0,TRUE
16-05-2002 09:15,0,0,0,TRUE
17-05-2002 09:15,0,0,0,TRUE
18-05-2002 09:15,0,0,0,TRUE
19-05-2002 08:00,0,0,0,TRUE
20-05-2002 09:15,0,0,0,TRUE
21-05-2002 09:15,0,0,0,TRUE
22-05-2002 09:15,0,0,0,TRUE
23-05-2002 09:15,0,0,0,TRUE
24-05-2002 09:15,0,0,0,TRUE
25-05-2002 08:00,0,0,0,TRUE
26-05-2002 08:00,0,0,0,TRUE
27-05-2002 09:15,0,0,0,TRUE
28-05-2002 09:15,14.578935,0.004,5.038479936,FALSE
29-05-2002 09:00,15.673214,0.004,5.416662758,FALSE
30-05-2002 09:00,14.589609,0.004,5.04216887,FALSE
31-05-2002 09:15,38.161716,0.005,16.48586131,FALSE
01-06-2002 09:00,16.827349,0.008,11.63106363,FALSE
03-06-2002 09:15,32.756996,0.011,31.132249,FALSE
04-06-2002 09:15,60.788654,0.002,10.50427941,FALSE
05-06-2002 09:15,64.49659,0.026,144.8851398,FALSE
06-06-2002 09:15,43.1906,0.015,55.9750176,FALSE
07-06-2002 09:15,31.41754,0.009,24.4302791,FALSE
08-06-2002 09:00,22.906843,0.007,13.85405865,FALSE
10-06-2002 09:15,52.006184,0.013,58.41334587,FALSE
11-06-2002 09:15,69.92805,0.04,241.6713408,FALSE
12-06-2002 09:15,58.19885,0.044,221.2487482,FALSE
13-06-2002 09:15,48.391403,0.026,108.7064477,FALSE
14-06-2002 09:15,63.163338,0.03,163.7193721,FALSE
15-06-2002 09:45,322.29608,0.113,3146.641088,FALSE
17-06-2002 09:30,245.10599,0.03,635.3147261,FALSE
18-06-2002 09:30,196.90422,0.028,476.350689,FALSE
19-06-2002 09:30,271.45642,0.024,562.8920325,FALSE
20-06-2002 09:30,256.98447,0.02,444.0691642,FALSE
21-06-2002 09:45,318.1984,0.032,879.7549363,FALSE
22-06-2002 09:45,349.12726,0.047,1417.735977,FALSE
24-06-2002 09:45,459.569,0.071,2819.180074,FALSE
25-06-2002 09:45,728.23785,0.187,11765.99329,FALSE
26-06-2002 09:45,555.2432,0.195,9354.737434,FALSE
27-06-2002 09:45,434.168,0.143,5364.232474,FALSE
28-06-2002 09:45,324.42764,0.095,2662.902069,FALSE
29-06-2002 09:45,292.98108,0.037,936.6019165,FALSE
01-07-2002 09:31,189.22394,0.015,245.2342262,FALSE
02-07-2002 09:45,202.63672,0.018,315.1406269,FALSE
03-07-2002 09:45,293.37213,0.021,532.2943927,FALSE
04-07-2002 09:45,299.36478,0.028,724.2232758,FALSE
05-07-2002 09:45,306.18323,0.01,264.5423107,FALSE
06-07-2002 09:45,294.10175,0.034,863.9533008,FALSE
08-07-2002 09:30,196.739,0.007,118.9877472,FALSE
09-07-2002 09:30,157.8214,0.006,81.81461376,FALSE
10-07-2002 09:30,201.97362,0.02,349.0104154,FALSE
11-07-2002 09:45,288.88748,0.146,3644.142228,FALSE
12-07-2002 10:00,1021.77106,0.266,23482.75121,FALSE
13-07-2002 10:00,1535.8159,0.3,39808.34813,FALSE
15-07-2002 09:45,707.52026,0.025,1528.243762,FALSE
16-07-2002 09:45,582.3682,0.021,1056.648862,FALSE
17-07-2002 09:45,809.2426,0.072,5034.136366,FALSE
18-07-2002 09:45,570.1366,0.013,640.3774291,FALSE
19-07-2002 09:45,464.91885,0.068,2731.491228,FALSE
20-07-2002 09:45,418.69757,0.053,1917.299913,FALSE
22-07-2002 09:45,341.54724,0.033,973.8194907,FALSE
23-07-2002 09:45,417.04727,0.066,2378.170352,FALSE
24-07-2002 09:45,347.90802,0.013,390.7702881,FALSE
25-07-2002 09:45,285.89886,0.006,148.209969,FALSE
26-07-2002 09:45,371.3306,0.182,5839.099419,FALSE
27-07-2002 09:45,261.7727,0.175,3958.003224,FALSE
29-07-2002 09:45,561.84686,0.078,3786.398359,FALSE
30-07-2002 09:45,462.22546,0.183,7308.339193,FALSE
31-07-2002 09:45,469.09216,0.078,3161.305885,FALSE
01-08-2002 09:45,497.61145,0.016,687.8980685,FALSE
02-08-2002 09:45,547.7466,0.011,520.5783686,FALSE
03-08-2002 09:45,543.0477,0.017,797.6284618,FALSE
05-08-2002 09:45,693.56366,0.03,1797.717007,FALSE
06-08-2002 09:45,1165.8883,0.042,4230.775463,FALSE
07-08-2002 09:45,921.2224,0.051,4059.274383,FALSE
08-08-2002 09:45,767.81915,0.084,5572.524263,FALSE
09-08-2002 09:45,1148.9506,0.033,3275.887951,FALSE
10-08-2002 09:45,1024.0122,0.025,2211.866352,FALSE
12-08-2002 09:45,1277.3464,0.045,4966.322803,FALSE
13-08-2002 09:45,1424.3229,0.05,6153.074928,FALSE
14-08-2002 09:45,1234.9166,0.038,4054.478181,FALSE
16-08-2002 09:45,1228.2869,0.045,4775.579467,FALSE
17-08-2002 10:00,2431.8232,0.131,27524.34771,FALSE
19-08-2002 09:45,1183.859,0.073,7466.835485,FALSE
20-08-2002 09:45,994.03436,0.043,3693.036454,FALSE
21-08-2002 09:45,1074.8114,0.04,3714.548198,FALSE
22-08-2002 09:45,885.361,0.016,1223.923046,FALSE
23-08-2002 09:45,811.08655,0.04,2803.115117,FALSE
24-08-2002 09:45,754.7757,0.013,847.7640662,FALSE
26-08-2002 09:45,612.9471,0.064,3389.352284,FALSE
27-08-2002 09:45,479.77637,0.046,1906.823205,FALSE
28-08-2002 09:45,403.18127,0.026,905.7064049,FALSE
29-08-2002 09:45,362.57098,0.005,156.6306634,FALSE
30-08-2002 09:45,320.68945,0.005,138.5378424,FALSE
31-08-2002 09:45,294.52005,0.004,101.7861293,FALSE
02-09-2002 09:30,246.41002,0.002,42.57965146,FALSE
03-09-2002 09:30,277.77887,0.004,96.00037747,FALSE
04-09-2002 09:31,362.8331,0.007,219.4414589,FALSE
05-09-2002 09:31,259.81378,0.004,89.79164237,FALSE
06-09-2002 09:45,324.6227,0.006,168.2844077,FALSE
07-09-2002 09:31,786.528,0.018,1223.208346,FALSE
11-09-2002 09:31,464.68948,0.003,120.4475132,FALSE
12-09-2002 09:31,391.31442,0.006,202.8573953,FALSE
13-09-2002 09:45,342.37625,0.003,88.743924,FALSE
14-09-2002 09:31,286.16794,0.005,123.6245501,FALSE
16-09-2002 09:31,547.6579,0.014,662.4469958,FALSE
17-09-2002 09:31,403.46942,0.043,1498.969589,FALSE
18-09-2002 09:31,273.25922,0.011,259.7055627,FALSE
19-09-2002 09:31,261.51178,0.002,45.18923558,FALSE
20-09-2002 09:03,233.23483,0.002,40.30297862,FALSE
21-09-2002 09:03,208.0341,0.004,71.89658496,FALSE
23-09-2002 09:03,212.04085,0.004,73.28131776,FALSE
24-09-2002 09:03,196.35326,0.002,33.92984333,FALSE
25-09-2002 09:03,190.29297,0.002,32.88262522,FALSE
27-09-2002 09:03,167.99855,0.002,29.03014944,FALSE
28-09-2002 09:03,161.77415,0.002,27.95457312,FALSE
30-09-2002 09:03,159.7095,0.002,27.5978016,FALSE
01-10-2002 09:30,213.8645,0.002,36.9557856,FALSE
03-10-2002 09:30,150.5218,0.005,65.0254176,FALSE
04-10-2002 09:30,173.28859,0.006,89.83280506,FALSE
05-10-2002 09:30,166.94524,0.016,230.7850998,FALSE
07-10-2002 09:30,137.10123,0.006,71.07327763,FALSE
08-10-2002 09:30,147.63089,0.018,229.5955601,FALSE
09-10-2002 09:30,375.16965,0.177,5737.394424,FALSE
10-10-2002 09:45,558.48895,0.182,8782.127041,FALSE
11-10-2002 09:30,242.41284,0.113,2366.725039,FALSE
12-10-2002 09:45,382.8493,0.078,2580.098003,FALSE
21-10-2002 09:45,407.4994,0.04,1408.317926,FALSE
22-10-2002 09:03,286.52213,0.026,643.6433128,FALSE
23-10-2002 09:03,208.0325,0.009,161.766072,FALSE
24-10-2002 09:03,202.5254,0.002,34.99638912,FALSE
25-10-2002 09:03,186.97835,0.001,16.15492944,FALSE
26-10-2002 09:03,183.62183,0.002,31.72985222,FALSE
28-10-2002 09:03,242.00018,0.011,229.9969711,FALSE
29-10-2002 09:03,184.48209,0.015,239.0887886,FALSE
30-10-2002 09:45,356.88953,0.039,1202.57496,FALSE
31-10-2002 09:45,292.55472,0.013,328.5974615,FALSE
01-11-2002 09:30,198.7825,0.014,240.447312,FALSE
02-11-2002 09:30,202.38823,0.028,489.617606,FALSE
05-11-2002 09:30,163.41476,0.011,155.3093879,FALSE
06-11-2002 09:30,151.5715,0.009,117.8619984,FALSE
07-11-2002 09:30,148.14386,0.005,63.99814752,FALSE
08-11-2002 09:30,145.78488,0.002,25.19162726,FALSE
09-11-2002 09:30,137.24283,0.005,59.28890256,FALSE
11-11-2002 09:30,125.99559,0.006,65.31611386,FALSE
12-11-2002 09:30,125.069214,0.005,54.02990045,FALSE
13-11-2002 09:30,122.56515,0.004,42.35851584,FALSE
14-11-2002 09:30,117.37522,0.005,50.70609504,FALSE
15-11-2002 09:30,110.21426,0.005,47.61256032,FALSE
16-11-2002 09:16,105.617325,0.004,36.50134752,FALSE
18-11-2002 09:30,96.21521,0.005,41.56497072,FALSE
20-11-2002 09:00,73.331825,0.008,50.68695744,FALSE
21-11-2002 09:00,71.133736,0.007,43.02168353,FALSE
22-11-2002 10:15,75.28544,0.014,91.06526822,FALSE
23-11-2002 09:00,74.548676,0.02,128.8201121,FALSE
25-11-2002 09:00,74.68998,0.017,109.7046426,FALSE
26-11-2002 09:00,71.6955,0.007,43.3614384,FALSE
27-11-2002 09:00,71.08993,0.005,30.71084976,FALSE
28-11-2002 09:00,61.67406,0.006,31.9718327,FALSE
29-11-2002 09:00,64.260994,0.006,33.31289929,FALSE
30-11-2002 09:00,57.103653,0.005,24.6687781,FALSE
02-12-2002 09:00,55.68912,0.005,24.05769984,FALSE
03-12-2002 09:15,56.993294,0.006,29.54532361,FALSE
04-12-2002 09:15,56.79014,0.005,24.53334048,FALSE
05-12-2002 09:00,54.86987,0.005,23.70378384,FALSE
07-12-2002 09:00,51.749676,0.005,22.35586003,FALSE
08-12-2002 08:00,0,0,0,TRUE
09-12-2002 08:00,0,0,0,TRUE
10-12-2002 08:00,0,0,0,TRUE
11-12-2002 08:00,0,0,0,TRUE
12-12-2002 08:00,0,0,0,TRUE
13-12-2002 08:00,0,0,0,TRUE
14-12-2002 08:00,0,0,0,TRUE
15-12-2002 08:00,0,0,0,TRUE
16-12-2002 08:00,0,0,0,TRUE
17-12-2002 08:00,0,0,0,TRUE
18-12-2002 08:00,0,0,0,TRUE
19-12-2002 08:00,0,0,0,TRUE
20-12-2002 08:00,0,0,0,TRUE
21-12-2002 08:00,0,0,0,TRUE
22-12-2002 08:00,0,0,0,TRUE
23-12-2002 08:00,0,0,0,TRUE
24-12-2002 08:00,0,0,0,TRUE
25-12-2002 08:00,0,0,0,TRUE
26-12-2002 08:00,0,0,0,TRUE
27-12-2002 08:00,0,0,0,TRUE
28-12-2002 08:00,0,0,0,TRUE
29-12-2002 08:00,0,0,0,TRUE
30-12-2002 08:00,0,0,0,TRUE
31-12-2002 08:00,0,0,0,TRUE
01-01-2003 08:00,0,0,0,TRUE
02-01-2003 08:00,0,0,0,TRUE
03-01-2003 08:00,0,0,0,TRUE
04-01-2003 08:00,0,0,0,TRUE
05-01-2003 08:00,0,0,0,TRUE
06-01-2003 08:00,0,0,0,TRUE
07-01-2003 08:00,0,0,0,TRUE
08-01-2003 08:00,0,0,0,TRUE
09-01-2003 08:00,0,0,0,TRUE
10-01-2003 08:00,0,0,0,TRUE
11-01-2003 08:00,0,0,0,TRUE
12-01-2003 08:00,0,0,0,TRUE
13-01-2003 08:00,0,0,0,TRUE
14-01-2003 08:00,0,0,0,TRUE
15-01-2003 08:00,0,0,0,TRUE
16-01-2003 08:00,0,0,0,TRUE
17-01-2003 08:00,0,0,0,TRUE
18-01-2003 08:00,0,0,0,TRUE
19-01-2003 08:00,0,0,0,TRUE
20-01-2003 08:00,0,0,0,TRUE
21-01-2003 08:00,0,0,0,TRUE
22-01-2003 08:00,0,0,0,TRUE
23-01-2003 08:00,0,0,0,TRUE
24-01-2003 08:00,0,0,0,TRUE
25-01-2003 09:15,0,0,0,TRUE
26-01-2003 08:00,0,0,0,TRUE
27-01-2003 08:00,0,0,0,TRUE
28-01-2003 08:00,0,0,0,TRUE
29-01-2003 08:00,0,0,0,TRUE
30-01-2003 08:00,0,0,0,TRUE
31-01-2003 08:00,0,0,0,TRUE
01-02-2003 08:00,0,0,0,TRUE
02-02-2003 08:00,0,0,0,TRUE
03-02-2003 08:00,0,0,0,TRUE
04-02-2003 08:00,0,0,0,TRUE
05-02-2003 08:00,0,0,0,TRUE
06-02-2003 08:00,0,0,0,TRUE
07-02-2003 08:00,0,0,0,TRUE
08-02-2003 08:00,0,0,0,TRUE
09-02-2003 08:00,0,0,0,TRUE
10-02-2003 08:00,0,0,0,TRUE
11-02-2003 08:00,0,0,0,TRUE
12-02-2003 08:00,0,0,0,TRUE
13-02-2003 08:00,0,0,0,TRUE
14-02-2003 08:00,0,0,0,TRUE
15-02-2003 08:00,0,0,0,TRUE
16-02-2003 08:00,0,0,0,TRUE
17-02-2003 08:00,0,0,0,TRUE
18-02-2003 08:00,0,0,0,TRUE
19-02-2003 08:00,0,0,0,TRUE
20-02-2003 08:00,0,0,0,TRUE
21-02-2003 08:00,0,0,0,TRUE
22-02-2003 08:00,0,0,0,TRUE
23-02-2003 08:00,0,0,0,TRUE
24-02-2003 08:00,0,0,0,TRUE
25-02-2003 08:00,0,0,0,TRUE
26-02-2003 08:00,0,0,0,TRUE
27-02-2003 08:00,0,0,0,TRUE
28-02-2003 08:00,0,0,0,TRUE
01-03-2003 09:15,0,0,0,TRUE
02-03-2003 08:00,0,0,0,TRUE
03-03-2003 09:00,0,0,0,TRUE
04-03-2003 09:15,0,0,0,TRUE
05-03-2003 09:15,0,0,0,TRUE
06-03-2003 09:15,0,0,0,TRUE
07-03-2003 09:15,0,0,0,TRUE
08-03-2003 09:15,0,0,0,TRUE
09-03-2003 08:00,0,0,0,TRUE
10-03-2003 09:15,0,0,0,TRUE
11-03-2003 09:15,0,0,0,TRUE
12-03-2003 09:15,0,0,0,TRUE
13-03-2003 09:15,0,0,0,TRUE
14-03-2003 08:00,0,0,0,TRUE
15-03-2003 09:15,0,0,0,TRUE
16-03-2003 08:00,0,0,0,TRUE
17-03-2003 09:15,0,0,0,TRUE
18-03-2003 09:15,0,0,0,TRUE
19-03-2003 09:15,0,0,0,TRUE
20-03-2003 09:15,0,0,0,TRUE
21-03-2003 09:15,0,0,0,TRUE
22-03-2003 09:15,0,0,0,TRUE
23-03-2003 08:00,0,0,0,TRUE
24-03-2003 09:15,0,0,0,TRUE
25-03-2003 09:15,0,0,0,TRUE
26-03-2003 09:15,0,0,0,TRUE
27-03-2003 09:15,0,0,0,TRUE
28-03-2003 09:15,0,0,0,TRUE
29-03-2003 09:15,0,0,0,TRUE
30-03-2003 08:00,0,0,0,TRUE
31-03-2003 09:15,0,0,0,TRUE
01-04-2003 09:15,0,0,0,TRUE
02-04-2003 08:00,0,0,0,TRUE
03-04-2003 09:15,0,0,0,TRUE
04-04-2003 09:00,0,0,0,TRUE
05-04-2003 09:00,0,0,0,TRUE
06-04-2003 08:00,0,0,0,TRUE
07-04-2003 09:00,0,0,0,TRUE
08-04-2003 09:00,0,0,0,TRUE
09-04-2003 09:00,0,0,0,TRUE
10-04-2003 09:00,0,0,0,TRUE
11-04-2003 09:00,0,0,0,TRUE
12-04-2003 09:00,0,0,0,TRUE
13-04-2003 08:00,0,0,0,TRUE
14-04-2003 08:00,0,0,0,TRUE
15-04-2003 08:00,0,0,0,TRUE
16-04-2003 09:00,0,0,0,TRUE
17-04-2003 09:00,0,0,0,TRUE
18-04-2003 08:00,0,0,0,TRUE
19-04-2003 09:00,0,0,0,TRUE
20-04-2003 08:00,0,0,0,TRUE
21-04-2003 09:00,0,0,0,TRUE
22-04-2003 09:00,0,0,0,TRUE
23-04-2003 11:30,0,0,0,TRUE
24-04-2003 09:00,0,0,0,TRUE
25-04-2003 09:00,0,0,0,TRUE
26-04-2003 09:00,0,0,0,TRUE
27-04-2003 08:00,0,0,0,TRUE
28-04-2003 09:00,0,0,0,TRUE
29-04-2003 09:30,0,0,0,TRUE
30-04-2003 09:00,0,0,0,TRUE
01-05-2003 08:33,0,0,0,TRUE
02-05-2003 09:00,0,0,0,TRUE
03-05-2003 09:00,0,0,0,TRUE
04-05-2003 08:00,0,0,0,TRUE
05-05-2003 09:00,0,0,0,TRUE
06-05-2003 09:00,0,0,0,TRUE
07-05-2003 09:00,0,0,0,TRUE
08-05-2003 09:00,0,0,0,TRUE
09-05-2003 09:00,0,0,0,TRUE
10-05-2003 09:00,0,0,0,TRUE
11-05-2003 08:00,0,0,0,TRUE
12-05-2003 09:00,0,0,0,TRUE
13-05-2003 09:00,0,0,0,TRUE
14-05-2003 09:00,0,0,0,TRUE
15-05-2003 08:00,0,0,0,TRUE
16-05-2003 08:00,0,0,0,TRUE
17-05-2003 09:00,0,0,0,TRUE
18-05-2003 08:00,0,0,0,TRUE
19-05-2003 09:00,0,0,0,TRUE
20-05-2003 09:00,0,0,0,TRUE
21-05-2003 09:00,0,0,0,TRUE
22-05-2003 09:00,0,0,0,TRUE
23-05-2003 09:00,0,0,0,TRUE
24-05-2003 09:00,0,0,0,TRUE
25-05-2003 08:00,0,0,0,TRUE
26-05-2003 09:00,0,0,0,TRUE
27-05-2003 09:00,0,0,0,TRUE
28-05-2003 09:00,0,0,0,TRUE
29-05-2003 09:00,0,0,0,TRUE
30-05-2003 09:00,0,0,0,TRUE
31-05-2003 09:00,0,0,0,TRUE
02-06-2003 08:45,0.2540749,0,0,TRUE
04-06-2003 08:45,0.01423511,0,0,TRUE
05-06-2003 08:45,0.01716602,0,0,TRUE
06-06-2003 08:00,0,0,0,TRUE
07-06-2003 08:00,0,0,0,TRUE
08-06-2003 08:00,0,0,0,TRUE
09-06-2003 08:00,0,0,0,TRUE
10-06-2003 08:00,0,0,0,TRUE
17-06-2003 09:00,37.15171,0.007,22.46935421,FALSE
18-06-2003 09:00,39.12641,0.009,30.42469642,FALSE
19-06-2003 09:00,69.62683,0.018,108.283646,FALSE
20-06-2003 10:00,579.0602,0.027,1350.831635,FALSE
21-06-2003 10:30,735.48846,0.045,2859.579132,FALSE
23-06-2003 10:00,1095.0901,0.079,7474.646987,FALSE
24-06-2003 10:00,1312.2764,0.099,11224.68742,FALSE
25-06-2003 10:00,475.03275,0.033,1354.413377,FALSE
26-06-2003 10:00,335.64087,0.013,376.9918252,FALSE
27-06-2003 10:00,298.359,0.012,309.3386112,FALSE
28-06-2003 09:30,371.18198,0.013,416.9115999,FALSE
30-06-2003 09:30,274.6919,0.011,261.0671818,FALSE
01-07-2003 09:30,358.3281,0.043,1331.260557,FALSE
02-07-2003 09:30,345.9696,0.022,657.6190157,FALSE
03-07-2003 09:15,283.93796,0.015,367.9835962,FALSE
04-07-2003 09:30,249.95424,0.015,323.940695,FALSE
05-07-2003 09:30,454.67316,0.081,3181.984643,FALSE
07-07-2003 09:30,672.4868,0.079,4590.125902,FALSE
08-07-2003 09:30,565.04175,0.082,4003.20779,FALSE
09-07-2003 09:30,478.9004,0.085,3517.044538,FALSE
10-07-2003 09:30,374.70306,0.124,4014.418704,FALSE
11-07-2003 09:30,457.49646,0.136,5375.766404,FALSE
12-07-2003 09:30,427.44244,0.108,3988.550896,FALSE
14-07-2003 09:30,605.15247,0.182,9515.90156,FALSE
15-07-2003 09:30,1323.2572,0.227,25952.77881,FALSE
16-07-2003 09:30,1314.1382,0.252,28612.4682,FALSE
17-07-2003 10:00,1459.8684,0.268,33803.54478,FALSE
18-07-2003 09:30,1013.565,0.16,14011.52256,FALSE
19-07-2003 10:00,958.92004,0.233,19304.21111,FALSE
21-07-2003 10:00,599.02155,0.099,5123.79073,FALSE
22-07-2003 09:30,584.0819,0.204,10294.79394,FALSE
23-07-2003 09:30,749.38824,0.136,8805.611575,FALSE
24-07-2003 09:30,1079.997,0.106,9891.044525,FALSE
25-07-2003 09:30,975.0967,0.022,1853.463807,FALSE
26-07-2003 09:30,1149.0251,0.094,9331.922252,FALSE
28-07-2003 09:30,1442.0226,0.047,5855.765374,FALSE
29-07-2003 09:30,1627.4164,0.105,14763.92158,FALSE
30-07-2003 09:30,1097.1019,0.184,17441.28717,FALSE
31-07-2003 09:30,900.7248,0.142,11050.81243,FALSE
01-08-2003 09:30,700.6803,0.121,7325.192128,FALSE
02-08-2003 09:30,1059.2848,0.215,19677.27444,FALSE
04-08-2003 09:30,640.01337,0.019,1050.645948,FALSE
05-08-2003 09:00,514.6162,0.045,2000.827786,FALSE
06-08-2003 09:30,668.375,0.066,3811.3416,FALSE
07-08-2003 09:30,668.3641,0.026,1501.413114,FALSE
08-08-2003 09:30,1328.1915,0.055,6311.566008,FALSE
09-08-2003 09:30,1047.4094,0.039,3529.350714,FALSE
11-08-2003 09:30,721.8473,0.022,1372.087348,FALSE
12-08-2003 09:30,618.7803,0.011,588.0887971,FALSE
13-08-2003 09:30,541.3296,0.037,1730.522465,FALSE
14-08-2003 09:30,788.6542,0.061,4156.523096,FALSE
16-08-2003 09:30,960.8279,0.054,4482.83865,FALSE
18-08-2003 09:30,726.4726,0.017,1067.042955,FALSE
19-08-2003 09:30,595.8048,0.016,823.6405555,FALSE
20-08-2003 09:30,530.1442,0.007,320.6312122,FALSE
21-08-2003 11:30,2715.2622,0.294,68972.0043,FALSE
22-08-2003 09:30,2095.968,0.136,24628.46239,FALSE
23-08-2003 09:30,2174.5105,0.135,25363.49047,FALSE
25-08-2003 09:30,1386.1743,0.082,9820.767681,FALSE
26-08-2003 09:30,1416.9772,0.1,12242.68301,FALSE
27-08-2003 09:30,1273.2932,0.093,10231.16552,FALSE
28-08-2003 09:30,1073.868,0.072,6680.318054,FALSE
29-08-2003 09:30,835.81885,0.022,1588.72447,FALSE
30-08-2003 09:30,774.937,0.021,1406.045693,FALSE
01-09-2003 09:30,687.29144,0.055,3266.008923,FALSE
02-09-2003 11:30,949.94696,0.101,8289.617152,FALSE
03-09-2003 09:30,811.9897,0.05,3507.795504,FALSE
04-09-2003 09:30,744.14935,0.041,2636.074657,FALSE
05-09-2003 09:30,604.3181,0.032,1670.818683,FALSE
06-09-2003 09:30,657.7419,0.101,5739.718916,FALSE
08-09-2003 09:30,607.2384,0.032,1678.892728,FALSE
09-09-2003 09:30,555.1976,0.046,2206.577341,FALSE
10-09-2003 09:30,595.2893,0.066,3394.577704,FALSE
12-09-2003 09:30,357.71625,0.008,247.253472,FALSE
13-09-2003 09:30,333.43787,0.006,172.8541918,FALSE
15-09-2003 09:30,357.04214,0.021,647.8172588,FALSE
16-09-2003 09:30,469.61972,0.029,1176.67917,FALSE
17-09-2003 09:30,408.37836,0.026,917.3811479,FALSE
18-09-2003 09:30,354.4455,0.007,214.3686384,FALSE
19-09-2003 09:30,349.20752,0.009,271.5437676,FALSE
20-09-2003 09:30,277.0732,0.031,742.1128589,FALSE
22-09-2003 09:30,248.90225,0.006,129.0309264,FALSE
23-09-2003 09:15,257.73224,0.006,133.6083932,FALSE
24-09-2003 09:15,294.57877,0.004,101.8064229,FALSE
25-09-2003 09:15,290.00452,0.002,50.11278106,FALSE
26-09-2003 09:15,286.801,0.002,49.5592128,FALSE
27-09-2003 09:15,222.56183,0.002,38.45868422,FALSE
29-09-2003 09:15,235.78065,0.002,40.74289632,FALSE
30-09-2003 09:15,230.29556,0.02,397.9507277,FALSE
01-10-2003 09:15,210.55444,0.006,109.1514217,FALSE
06-10-2003 09:30,387.54916,0.014,468.7794639,FALSE
07-10-2003 09:30,474.9176,0.136,5580.471767,FALSE
08-10-2003 10:00,415.65247,0.181,6500.139587,FALSE
09-10-2003 09:30,310.1428,0.043,1152.242531,FALSE
10-10-2003 09:30,259.9646,0.022,494.1407117,FALSE
11-10-2003 09:16,252.44878,0.013,283.5504697,FALSE
13-10-2003 09:30,235.90773,0.01,203.8242787,FALSE
14-10-2003 09:15,220.0171,0.004,76.03790976,FALSE
15-10-2003 09:15,235.20909,0.011,223.5427191,FALSE
16-10-2003 09:00,275.31174,0.025,594.6733584,FALSE
17-10-2003 09:30,583.0969,0.139,7002.76053,FALSE
18-10-2003 09:15,268.15164,0.069,1598.612817,FALSE
20-10-2003 09:15,275.7185,0.017,404.9753328,FALSE
21-10-2003 09:15,301.1295,0.033,858.5804304,FALSE
22-10-2003 09:15,315.35675,0.016,435.9491712,FALSE
23-10-2003 09:15,344.51923,0.024,714.3950753,FALSE
25-10-2003 09:00,250.9647,0.037,802.283953,FALSE
27-10-2003 09:15,181.06189,0.013,203.3687148,FALSE
28-10-2003 09:15,162.61339,0.007,98.34857827,FALSE
29-10-2003 09:15,156.16693,0.009,121.4354048,FALSE
30-10-2003 09:15,149.1861,0.007,90.22775328,FALSE
31-10-2003 09:15,136.95018,0.005,59.16247776,FALSE
01-11-2003 09:15,126.548355,0.005,54.66888936,FALSE
03-11-2003 09:15,116.906654,0.003,30.30220472,FALSE
04-11-2003 09:15,118.74225,0.009,92.3339736,FALSE
05-11-2003 09:00,88.87303,0.005,38.39314896,FALSE
10-11-2003 09:00,77.38483,0.005,33.43024656,FALSE
11-11-2003 09:15,84.05205,0.003,21.78629136,FALSE
12-11-2003 09:15,73.8048,0.002,12.75346944,FALSE
13-11-2003 09:15,68.06133,0.003,17.64149674,FALSE
14-11-2003 09:15,62.11233,0.001,5.366505312,FALSE
15-11-2003 09:15,62.36045,0.001,5.38794288,FALSE
17-11-2003 09:00,61.54861,0.001,5.317799904,FALSE
18-11-2003 09:00,59.621643,0.004,20.60523982,FALSE
19-11-2003 09:00,58.841934,0.005,25.41971549,FALSE
20-11-2003 09:00,58.08419,0.003,15.05542205,FALSE
21-11-2003 09:00,54.231434,0.004,18.74238359,FALSE
22-11-2003 09:00,52.204,0.002,9.0208512,FALSE
24-11-2003 09:00,47.392097,0.002,8.189354362,FALSE
25-11-2003 09:00,44.790226,0.002,7.739751053,FALSE
27-11-2003 09:00,41.61315,0.002,7.19075232,FALSE
28-11-2003 09:00,47.487522,0.002,8.205843802,FALSE
01-12-2003 08:00,0,0,0,TRUE
02-12-2003 08:00,0,0,0,TRUE
03-12-2003 08:00,0,0,0,TRUE
04-12-2003 08:00,0,0,0,TRUE
05-12-2003 08:00,0,0,0,TRUE
06-12-2003 08:00,0,0,0,TRUE
07-12-2003 08:00,0,0,0,TRUE
08-12-2003 08:00,0,0,0,TRUE
09-12-2003 08:00,0,0,0,TRUE
10-12-2003 08:00,0,0,0,TRUE
11-12-2003 08:00,0,0,0,TRUE
12-12-2003 08:00,0,0,0,TRUE
13-12-2003 08:00,0,0,0,TRUE
14-12-2003 08:00,0,0,0,TRUE
15-12-2003 08:00,0,0,0,TRUE
16-12-2003 08:00,0,0,0,TRUE
17-12-2003 08:00,0,0,0,TRUE
18-12-2003 08:00,0,0,0,TRUE
19-12-2003 08:00,0,0,0,TRUE
20-12-2003 08:00,0,0,0,TRUE
21-12-2003 08:00,0,0,0,TRUE
22-12-2003 08:00,0,0,0,TRUE
23-12-2003 08:00,0,0,0,TRUE
24-12-2003 08:00,0,0,0,TRUE
25-12-2003 08:00,0,0,0,TRUE
26-12-2003 08:00,0,0,0,TRUE
27-12-2003 08:00,0,0,0,TRUE
28-12-2003 08:00,0,0,0,TRUE
29-12-2003 08:00,0,0,0,TRUE
30-12-2003 08:00,0,0,0,TRUE
31-12-2003 08:00,0,0,0,TRUE
01-01-2004 08:00,0,0,0,TRUE
02-01-2004 08:00,0,0,0,TRUE
03-01-2004 08:00,0,0,0,TRUE
04-01-2004 08:00,0,0,0,TRUE
05-01-2004 08:00,0,0,0,TRUE
06-01-2004 08:00,0,0,0,TRUE
07-01-2004 08:00,0,0,0,TRUE
08-01-2004 08:00,0,0,0,TRUE
09-01-2004 08:00,0,0,0,TRUE
10-01-2004 08:00,0,0,0,TRUE
11-01-2004 08:00,0,0,0,TRUE
12-01-2004 08:00,0,0,0,TRUE
13-01-2004 08:00,0,0,0,TRUE
14-01-2004 08:00,0,0,0,TRUE
15-01-2004 08:00,0,0,0,TRUE
16-01-2004 08:00,0,0,0,TRUE
17-01-2004 08:00,0,0,0,TRUE
18-01-2004 08:00,0,0,0,TRUE
19-01-2004 08:00,0,0,0,TRUE
20-01-2004 08:00,0,0,0,TRUE
21-01-2004 08:00,0,0,0,TRUE
22-01-2004 08:00,0,0,0,TRUE
23-01-2004 08:00,0,0,0,TRUE
24-01-2004 08:00,0,0,0,TRUE
25-01-2004 08:00,0,0,0,TRUE
26-01-2004 08:00,0,0,0,TRUE
27-01-2004 08:00,0,0,0,TRUE
28-01-2004 08:00,0,0,0,TRUE
29-01-2004 08:00,0,0,0,TRUE
30-01-2004 08:00,0,0,0,TRUE
31-01-2004 08:00,0,0,0,TRUE
01-02-2004 08:00,0,0,0,TRUE
02-02-2004 08:00,0,0,0,TRUE
03-02-2004 08:00,0,0,0,TRUE
04-02-2004 08:00,0,0,0,TRUE
05-02-2004 08:00,0,0,0,TRUE
06-02-2004 08:00,0,0,0,TRUE
07-02-2004 08:00,0,0,0,TRUE
08-02-2004 08:00,0,0,0,TRUE
09-02-2004 08:00,0,0,0,TRUE
10-02-2004 08:00,0,0,0,TRUE
11-02-2004 08:00,0,0,0,TRUE
12-02-2004 08:00,0,0,0,TRUE
13-02-2004 08:00,0,0,0,TRUE
14-02-2004 08:00,0,0,0,TRUE
15-02-2004 08:00,0,0,0,TRUE
16-02-2004 08:00,0,0,0,TRUE
17-02-2004 08:00,0,0,0,TRUE
18-02-2004 08:00,0,0,0,TRUE
19-02-2004 08:00,0,0,0,TRUE
20-02-2004 08:00,0,0,0,TRUE
21-02-2004 08:00,0,0,0,TRUE
22-02-2004 08:00,0,0,0,TRUE
23-02-2004 08:00,0,0,0,TRUE
24-02-2004 08:00,0,0,0,TRUE
25-02-2004 08:00,0,0,0,TRUE
26-02-2004 08:00,0,0,0,TRUE
27-02-2004 08:00,0,0,0,TRUE
28-02-2004 08:00,0,0,0,TRUE
29-02-2004 08:00,0,0,0,TRUE
01-03-2004 08:00,0,0,0,TRUE
02-03-2004 08:00,0,0,0,TRUE
03-03-2004 08:00,0,0,0,TRUE
04-03-2004 08:00,0,0,0,TRUE
05-03-2004 08:00,0,0,0,TRUE
06-03-2004 08:00,0,0,0,TRUE
07-03-2004 08:00,0,0,0,TRUE
08-03-2004 08:00,0,0,0,TRUE
09-03-2004 08:00,0,0,0,TRUE
10-03-2004 08:00,0,0,0,TRUE
11-03-2004 08:00,0,0,0,TRUE
12-03-2004 08:00,0,0,0,TRUE
13-03-2004 08:00,0,0,0,TRUE
14-03-2004 08:00,0,0,0,TRUE
15-03-2004 08:00,0,0,0,TRUE
16-03-2004 08:00,0,0,0,TRUE
17-03-2004 08:00,0,0,0,TRUE
18-03-2004 08:00,0,0,0,TRUE
19-03-2004 08:00,0,0,0,TRUE
20-03-2004 08:00,0,0,0,TRUE
21-03-2004 08:00,0,0,0,TRUE
22-03-2004 08:00,0,0,0,TRUE
23-03-2004 08:00,0,0,0,TRUE
24-03-2004 08:00,0,0,0,TRUE
25-03-2004 08:00,0,0,0,TRUE
26-03-2004 08:00,0,0,0,TRUE
27-03-2004 08:00,0,0,0,TRUE
28-03-2004 08:00,0,0,0,TRUE
29-03-2004 08:00,0,0,0,TRUE
30-03-2004 08:00,0,0,0,TRUE
31-03-2004 08:00,0,0,0,TRUE
01-04-2004 08:00,0,0,0,TRUE
02-04-2004 08:00,0,0,0,TRUE
03-04-2004 08:00,0,0,0,TRUE
04-04-2004 08:00,0,0,0,TRUE
05-04-2004 08:00,0,0,0,TRUE
06-04-2004 08:00,0,0,0,TRUE
07-04-2004 08:00,0,0,0,TRUE
08-04-2004 08:00,0,0,0,TRUE
09-04-2004 08:00,0,0,0,TRUE
10-04-2004 08:00,0,0,0,TRUE
11-04-2004 08:00,0,0,0,TRUE
12-04-2004 08:00,0,0,0,TRUE
13-04-2004 08:00,0,0,0,TRUE
14-04-2004 08:00,0,0,0,TRUE
15-04-2004 08:00,0,0,0,TRUE
16-04-2004 08:00,0,0,0,TRUE
17-04-2004 08:00,0,0,0,TRUE
18-04-2004 08:00,0,0,0,TRUE
19-04-2004 08:00,0,0,0,TRUE
20-04-2004 08:00,0,0,0,TRUE
21-04-2004 08:00,0,0,0,TRUE
22-04-2004 08:00,0,0,0,TRUE
23-04-2004 08:00,0,0,0,TRUE
24-04-2004 08:00,0,0,0,TRUE
25-04-2004 08:00,0,0,0,TRUE
26-04-2004 08:00,0,0,0,TRUE
27-04-2004 08:00,0,0,0,TRUE
28-04-2004 08:00,0,0,0,TRUE
29-04-2004 08:00,0,0,0,TRUE
30-04-2004 08:00,0,0,0,TRUE
01-05-2004 08:00,0,0,0,TRUE
02-05-2004 08:00,0,0,0,TRUE
03-05-2004 08:00,0,0,0,TRUE
04-05-2004 08:00,0,0,0,TRUE
05-05-2004 08:00,0,0,0,TRUE
06-05-2004 08:00,0,0,0,TRUE
07-05-2004 08:00,0,0,0,TRUE
08-05-2004 08:00,0,0,0,TRUE
09-05-2004 08:00,0,0,0,TRUE
10-05-2004 08:00,0,0,0,TRUE
11-05-2004 08:00,0,0,0,TRUE
12-05-2004 08:00,0,0,0,TRUE
13-05-2004 08:00,0,0,0,TRUE
14-05-2004 08:00,0,0,0,TRUE
15-05-2004 08:00,0,0,0,TRUE
16-05-2004 08:00,0,0,0,TRUE
17-05-2004 08:00,0,0,0,TRUE
18-05-2004 08:00,0,0,0,TRUE
19-05-2004 08:00,0,0,0,TRUE
20-05-2004 08:00,0,0,0,TRUE
21-05-2004 08:00,0,0,0,TRUE
22-05-2004 08:00,0,0,0,TRUE
23-05-2004 08:00,0,0,0,TRUE
24-05-2004 08:00,0,0,0,TRUE
25-05-2004 08:00,0,0,0,TRUE
26-05-2004 08:00,0,0,0,TRUE
27-05-2004 08:00,0,0,0,TRUE
28-05-2004 08:00,0,0,0,TRUE
29-05-2004 08:00,0,0,0,TRUE
30-05-2004 08:00,0,0,0,TRUE
31-05-2004 10:00,63.511337,0.033,181.0835241,FALSE
01-06-2004 09:00,64.49626,0.011,61.2972455,FALSE
03-06-2004 10:30,481.48254,0.159,6614.414542,FALSE
04-06-2004 09:15,130.89891,0.077,870.8442684,FALSE
05-06-2004 09:15,82.595535,0.037,264.0414063,FALSE
07-06-2004 09:30,146.83823,0.071,900.7644381,FALSE
08-06-2004 09:30,423.40762,0.172,6292.175959,FALSE
09-06-2004 09:30,556.2408,0.145,6968.584742,FALSE
10-06-2004 09:30,793.2158,0.165,11308.08444,FALSE
11-06-2004 09:30,1118.6049,0.149,14400.47204,FALSE
12-06-2004 09:30,777.28687,0.093,6245.655458,FALSE
14-06-2004 09:30,1076.2207,0.096,8926.604974,FALSE
15-06-2004 09:30,1259.9443,0.093,10123.90444,FALSE
16-06-2004 09:30,1117.9767,0.069,6664.929895,FALSE
17-06-2004 09:45,901.4959,0.037,2881.902093,FALSE
18-06-2004 09:30,748.3122,0.025,1616.354352,FALSE
19-06-2004 09:03,960.026,0.073,6055.075987,FALSE
21-06-2004 09:30,455.8064,0.017,669.4884403,FALSE
22-06-2004 09:30,342.08664,0.019,561.5694282,FALSE
23-06-2004 09:30,260.98163,0.017,383.3298181,FALSE
24-06-2004 09:30,218.41185,0.021,396.2864606,FALSE
25-06-2004 09:30,216.68591,0.016,299.546602,FALSE
26-06-2004 09:30,353.70303,0.13,3972.792433,FALSE
30-06-2004 09:30,573.4307,0.047,2328.587387,FALSE
01-07-2004 09:30,592.1144,0.055,2813.727629,FALSE
02-07-2004 09:30,404.2567,0.033,1152.616703,FALSE
05-07-2004 11:00,1218.9731,0.072,7582.98786,FALSE
06-07-2004 09:30,857.06647,0.044,3258.223892,FALSE
07-07-2004 09:45,558.6559,0.021,1013.625265,FALSE
08-07-2004 09:30,455.92133,0.022,866.6152641,FALSE
09-07-2004 09:30,499.2373,0.019,819.5479517,FALSE
10-07-2004 10:00,634.5567,0.042,2302.679353,FALSE
12-07-2004 09:30,479.06033,0.026,1076.161125,FALSE
13-07-2004 09:30,424.5615,0.018,660.2780448,FALSE
14-07-2004 09:30,483.39136,0.036,1503.540486,FALSE
15-07-2004 09:30,625.8894,0.071,3839.455935,FALSE
16-07-2004 09:16,1101.113,0.083,7896.301546,FALSE
17-07-2004 09:30,973.5967,0.062,5215.362803,FALSE
19-07-2004 09:30,490.02304,0.018,762.0838318,FALSE
20-07-2004 09:30,414.25845,0.013,465.295091,FALSE
21-07-2004 09:30,641.63196,0.023,1275.051031,FALSE
22-07-2004 09:30,565.0521,0.058,2831.589084,FALSE
24-07-2004 09:30,725.4149,0.177,11093.62498,FALSE
26-07-2004 09:30,1539.9509,0.062,8249.208981,FALSE
27-07-2004 09:30,1400.4305,0.064,7743.820493,FALSE
28-07-2004 09:00,1242.5452,0.05,5367.795264,FALSE
29-07-2004 09:30,1211.1575,0.05,5232.2004,FALSE
30-07-2004 09:30,1245.51,0.041,4412.094624,FALSE
31-07-2004 09:30,1515.3553,0.088,11521.54942,FALSE
02-08-2004 09:45,966.9339,0.016,1336.689423,FALSE
03-08-2004 09:30,1500.602,0.077,9983.204986,FALSE
04-08-2004 10:45,3566.6487,0.329,101384.1293,FALSE
05-08-2004 10:15,3258.3662,0.269,75729.64387,FALSE
06-08-2004 09:30,2021.4235,0.335,58508.08178,FALSE
07-08-2004 09:30,1917.4779,0.167,27666.90512,FALSE
09-08-2004 09:30,1306.94,0.204,23035.60166,FALSE
10-08-2004 09:15,1015.2855,0.03,2631.620016,FALSE
11-08-2004 09:30,866.303,0.054,4041.823277,FALSE
13-08-2004 09:30,1610.5258,0.208,28943.08126,FALSE
16-08-2004 09:30,1434.1615,0.042,5204.285251,FALSE
17-08-2004 09:30,1606.5348,0.078,10826.75932,FALSE
18-08-2004 10:00,1159.1893,0.058,5808.92942,FALSE
19-08-2004 09:30,1306.3297,0.072,8126.415798,FALSE
20-08-2004 10:00,1545.4147,0.085,11349.52556,FALSE
21-08-2004 09:30,1077.9805,0.087,8102.963822,FALSE
23-08-2004 09:30,1007.9626,0.048,4180.222495,FALSE
24-08-2004 09:30,870.21893,0.054,4060.09344,FALSE
25-08-2004 09:30,809.57166,0.056,3917.03152,FALSE
26-08-2004 09:30,702.23987,0.011,667.4087724,FALSE
27-08-2004 09:30,716.4703,0.075,4642.727544,FALSE
30-08-2004 09:30,444.95676,0.063,2421.988636,FALSE
31-08-2004 09:30,399.07574,0.016,551.682303,FALSE
01-09-2004 09:15,364.93933,0.023,725.2074366,FALSE
02-09-2004 09:15,347.52835,0.015,450.3967416,FALSE
03-09-2004 09:15,322.89978,0.011,306.8839509,FALSE
04-09-2004 09:15,295.79712,0.007,178.8980982,FALSE
06-09-2004 09:45,427.19998,0.028,1033.482192,FALSE
08-09-2004 09:15,259.80313,0.03,673.409713,FALSE
09-09-2004 09:45,325.1783,0.016,449.5264819,FALSE
10-09-2004 09:15,361.3697,0.018,562.0021574,FALSE
11-09-2004 09:45,337.0853,0.011,320.3658691,FALSE
13-09-2004 09:15,342.73395,0.022,651.4686922,FALSE
14-09-2004 09:15,411.86124,0.025,889.6202784,FALSE
15-09-2004 09:45,301.8676,0.022,573.7899341,FALSE
16-09-2004 09:45,236.17271,0.015,306.0798322,FALSE
20-09-2004 09:45,206.6388,0.007,124.9751462,FALSE
21-09-2004 09:01,202.6057,0.015,262.5769872,FALSE
22-09-2004 09:01,186.39009,0.009,144.936934,FALSE
23-09-2004 09:15,193.65996,0.007,117.1255438,FALSE
24-09-2004 09:01,193.98277,0.007,117.3207793,FALSE
25-09-2004 09:01,164.72432,0.007,99.62526874,FALSE
27-09-2004 09:31,296.3078,0.17,4352.168966,FALSE
28-09-2004 09:01,449.37653,0.206,7998.183232,FALSE
29-09-2004 09:01,360.49283,0.05,1557.329026,FALSE
30-09-2004 09:01,197.61865,0.007,119.5197595,FALSE
01-10-2004 09:15,162.53592,0.016,224.6896558,FALSE
05-10-2004 09:45,469.1816,0.048,1945.789932,FALSE
06-10-2004 09:15,248.62708,0.021,451.108974,FALSE
07-10-2004 09:45,227.05807,0.02,392.356345,FALSE
13-10-2004 09:15,124.191826,0.009,96.5715639,FALSE
14-10-2004 09:15,467.74908,0.108,4364.660215,FALSE
15-10-2004 09:45,178.58981,0.045,694.3571813,FALSE
16-10-2004 09:45,186.03436,0.026,417.9075863,FALSE
18-10-2004 09:15,187.86365,0.031,503.1740002,FALSE
19-10-2004 09:15,153.0317,0.04,528.8775552,FALSE
20-10-2004 09:07,205.00871,0.037,655.3718441,FALSE
21-10-2004 09:15,185.74606,0.03,481.4537875,FALSE
23-10-2004 09:15,144.47612,0.013,162.275578,FALSE
25-10-2004 09:45,91.139084,0.013,102.3674191,FALSE
26-10-2004 09:00,84.28424,0.01,72.82158336,FALSE
27-10-2004 09:00,75.17256,0.011,71.44400102,FALSE
29-10-2004 09:07,99.63406,0.006,51.6502967,FALSE
30-10-2004 09:00,101.60818,0.011,96.56841427,FALSE
01-11-2004 09:15,230.51363,0.069,1374.230057,FALSE
02-11-2004 09:15,101.96439,0.047,414.0569949,FALSE
03-11-2004 09:15,191.41612,0.038,628.4574052,FALSE
04-11-2004 09:00,85.25326,0.037,272.5376216,FALSE
10-11-2004 09:15,153.37744,0.013,172.2735406,FALSE
12-11-2004 09:15,98.39148,0.016,136.016382,FALSE
13-11-2004 09:00,100.84809,0.008,69.70619981,FALSE
16-11-2004 09:15,76.80563,0.005,33.18003216,FALSE
24-11-2004 09:00,55.48024,0.002,9.586985472,FALSE
25-11-2004 09:00,53.75276,0.002,9.288476928,FALSE
27-11-2004 09:00,49.385498,0.002,8.533814054,FALSE
29-11-2004 09:00,45.779602,0.002,7.910715226,FALSE
30-11-2004 09:00,46.207703,0.002,7.984691078,FALSE
01-12-2004 08:00,0,0,0,TRUE
02-12-2004 08:00,0,0,0,TRUE
03-12-2004 08:00,0,0,0,TRUE
04-12-2004 08:00,0,0,0,TRUE
05-12-2004 08:00,0,0,0,TRUE
06-12-2004 08:00,0,0,0,TRUE
07-12-2004 08:00,0,0,0,TRUE
08-12-2004 08:00,0,0,0,TRUE
09-12-2004 08:00,0,0,0,TRUE
10-12-2004 08:00,0,0,0,TRUE
11-12-2004 08:00,0,0,0,TRUE
12-12-2004 08:00,0,0,0,TRUE
13-12-2004 08:00,0,0,0,TRUE
14-12-2004 08:00,0,0,0,TRUE
15-12-2004 08:00,0,0,0,TRUE
16-12-2004 08:00,0,0,0,TRUE
17-12-2004 08:00,0,0,0,TRUE
18-12-2004 08:00,0,0,0,TRUE
19-12-2004 08:00,0,0,0,TRUE
20-12-2004 08:00,0,0,0,TRUE
21-12-2004 08:00,0,0,0,TRUE
22-12-2004 08:00,0,0,0,TRUE
23-12-2004 08:00,0,0,0,TRUE
24-12-2004 08:00,0,0,0,TRUE
25-12-2004 08:00,0,0,0,TRUE
26-12-2004 08:00,0,0,0,TRUE
27-12-2004 08:00,0,0,0,TRUE
28-12-2004 08:00,0,0,0,TRUE
29-12-2004 08:00,0,0,0,TRUE
30-12-2004 08:00,0,0,0,TRUE
31-12-2004 08:00,0,0,0,TRUE
01-01-2005 08:00,0,0,0,TRUE
02-01-2005 08:00,0,0,0,TRUE
03-01-2005 08:00,0,0,0,TRUE
04-01-2005 08:00,0,0,0,TRUE
05-01-2005 08:00,0,0,0,TRUE
06-01-2005 08:00,0,0,0,TRUE
07-01-2005 08:00,0,0,0,TRUE
08-01-2005 08:00,0,0,0,TRUE
09-01-2005 08:00,0,0,0,TRUE
10-01-2005 08:00,0,0,0,TRUE
11-01-2005 08:00,0,0,0,TRUE
12-01-2005 08:00,0,0,0,TRUE
13-01-2005 08:00,0,0,0,TRUE
14-01-2005 08:00,0,0,0,TRUE
15-01-2005 08:00,0,0,0,TRUE
16-01-2005 08:00,0,0,0,TRUE
17-01-2005 08:00,0,0,0,TRUE
18-01-2005 08:00,0,0,0,TRUE
19-01-2005 08:00,0,0,0,TRUE
20-01-2005 08:00,0,0,0,TRUE
21-01-2005 08:00,0,0,0,TRUE
22-01-2005 08:00,0,0,0,TRUE
23-01-2005 08:00,0,0,0,TRUE
24-01-2005 08:00,0,0,0,TRUE
25-01-2005 08:00,0,0,0,TRUE
26-01-2005 08:00,0,0,0,TRUE
27-01-2005 08:00,0,0,0,TRUE
28-01-2005 08:00,0,0,0,TRUE
29-01-2005 08:00,0,0,0,TRUE
30-01-2005 08:00,0,0,0,TRUE
31-01-2005 08:00,0,0,0,TRUE
01-02-2005 08:00,0,0,0,TRUE
02-02-2005 08:00,0,0,0,TRUE
03-02-2005 08:00,0,0,0,TRUE
04-02-2005 08:00,0,0,0,TRUE
05-02-2005 08:00,0,0,0,TRUE
06-02-2005 08:00,0,0,0,TRUE
07-02-2005 08:00,0,0,0,TRUE
08-02-2005 08:00,0,0,0,TRUE
09-02-2005 08:00,0,0,0,TRUE
10-02-2005 08:00,0,0,0,TRUE
11-02-2005 08:00,0,0,0,TRUE
12-02-2005 08:00,0,0,0,TRUE
13-02-2005 08:00,0,0,0,TRUE
14-02-2005 08:00,0,0,0,TRUE
15-02-2005 08:00,0,0,0,TRUE
16-02-2005 08:00,0,0,0,TRUE
17-02-2005 08:00,0,0,0,TRUE
18-02-2005 08:00,0,0,0,TRUE
19-02-2005 08:00,0,0,0,TRUE
20-02-2005 08:00,0,0,0,TRUE
21-02-2005 08:00,0,0,0,TRUE
22-02-2005 08:00,0,0,0,TRUE
23-02-2005 08:00,0,0,0,TRUE
24-02-2005 08:00,0,0,0,TRUE
25-02-2005 08:00,0,0,0,TRUE
26-02-2005 08:00,0,0,0,TRUE
27-02-2005 08:00,0,0,0,TRUE
28-02-2005 08:00,0,0,0,TRUE
01-03-2005 08:00,0,0,0,TRUE
02-03-2005 08:00,0,0,0,TRUE
03-03-2005 08:00,0,0,0,TRUE
04-03-2005 08:00,0,0,0,TRUE
05-03-2005 08:00,0,0,0,TRUE
06-03-2005 08:00,0,0,0,TRUE
07-03-2005 08:00,0,0,0,TRUE
08-03-2005 08:00,0,0,0,TRUE
09-03-2005 08:00,0,0,0,TRUE
10-03-2005 08:00,0,0,0,TRUE
11-03-2005 08:00,0,0,0,TRUE
12-03-2005 08:00,0,0,0,TRUE
13-03-2005 08:00,0,0,0,TRUE
14-03-2005 08:00,0,0,0,TRUE
15-03-2005 08:00,0,0,0,TRUE
16-03-2005 08:00,0,0,0,TRUE
17-03-2005 08:00,0,0,0,TRUE
18-03-2005 08:00,0,0,0,TRUE
19-03-2005 08:00,0,0,0,TRUE
20-03-2005 08:00,0,0,0,TRUE
21-03-2005 08:00,0,0,0,TRUE
22-03-2005 08:00,0,0,0,TRUE
23-03-2005 08:00,0,0,0,TRUE
24-03-2005 08:00,0,0,0,TRUE
25-03-2005 08:00,0,0,0,TRUE
26-03-2005 08:00,0,0,0,TRUE
27-03-2005 08:00,0,0,0,TRUE
28-03-2005 08:00,0,0,0,TRUE
29-03-2005 08:00,0,0,0,TRUE
30-03-2005 08:00,0,0,0,TRUE
31-03-2005 08:00,0,0,0,TRUE
01-04-2005 08:00,0,0,0,TRUE
02-04-2005 08:00,0,0,0,TRUE
03-04-2005 08:00,0,0,0,TRUE
04-04-2005 08:00,0,0,0,TRUE
05-04-2005 08:00,0,0,0,TRUE
06-04-2005 08:00,0,0,0,TRUE
07-04-2005 08:00,0,0,0,TRUE
08-04-2005 08:00,0,0,0,TRUE
09-04-2005 08:00,0,0,0,TRUE
10-04-2005 08:00,0,0,0,TRUE
11-04-2005 08:00,0,0,0,TRUE
12-04-2005 08:00,0,0,0,TRUE
13-04-2005 08:00,0,0,0,TRUE
14-04-2005 08:00,0,0,0,TRUE
15-04-2005 08:00,0,0,0,TRUE
16-04-2005 08:00,0,0,0,TRUE
17-04-2005 08:00,0,0,0,TRUE
18-04-2005 08:00,0,0,0,TRUE
19-04-2005 08:00,0,0,0,TRUE
20-04-2005 08:00,0,0,0,TRUE
21-04-2005 08:00,0,0,0,TRUE
22-04-2005 08:00,0,0,0,TRUE
23-04-2005 08:00,0,0,0,TRUE
24-04-2005 08:00,0,0,0,TRUE
25-04-2005 08:00,0,0,0,TRUE
26-04-2005 08:00,0,0,0,TRUE
27-04-2005 08:00,0,0,0,TRUE
28-04-2005 08:00,0,0,0,TRUE
29-04-2005 08:00,0,0,0,TRUE
30-04-2005 08:00,0,0,0,TRUE
01-05-2005 08:00,0,0,0,TRUE
02-05-2005 08:00,0,0,0,TRUE
03-05-2005 08:00,0,0,0,TRUE
04-05-2005 08:00,0,0,0,TRUE
05-05-2005 08:00,0,0,0,TRUE
06-05-2005 08:00,0,0,0,TRUE
07-05-2005 08:00,0,0,0,TRUE
08-05-2005 08:00,0,0,0,TRUE
09-05-2005 08:00,0,0,0,TRUE
10-05-2005 08:00,0,0,0,TRUE
11-05-2005 08:00,0,0,0,TRUE
12-05-2005 08:00,0,0,0,TRUE
13-05-2005 08:00,0,0,0,TRUE
14-05-2005 08:00,0,0,0,TRUE
15-05-2005 08:00,0,0,0,TRUE
16-05-2005 08:00,0,0,0,TRUE
17-05-2005 08:00,0,0,0,TRUE
18-05-2005 08:00,0,0,0,TRUE
19-05-2005 08:00,0,0,0,TRUE
20-05-2005 08:00,0,0,0,TRUE
21-05-2005 08:00,0,0,0,TRUE
22-05-2005 08:00,0,0,0,TRUE
23-05-2005 08:00,0,0,0,TRUE
24-05-2005 08:00,0,0,0,TRUE
25-05-2005 08:00,0,0,0,TRUE
26-05-2005 08:00,0,0,0,TRUE
27-05-2005 08:00,0,0,0,TRUE
28-05-2005 08:00,0,0,0,TRUE
29-05-2005 08:00,0,0,0,TRUE
30-05-2005 08:00,0,0,0,TRUE
31-05-2005 08:00,0,0,0,TRUE
01-06-2005 08:00,0,0,0,TRUE
02-06-2005 08:00,0,0,0,TRUE
03-06-2005 08:00,0,0,0,TRUE
04-06-2005 08:00,0,0,0,TRUE
05-06-2005 08:00,0,0,0,TRUE
06-06-2005 08:00,0,0,0,TRUE
07-06-2005 08:00,0,0,0,TRUE
08-06-2005 08:00,0,0,0,TRUE
09-06-2005 08:00,0,0,0,TRUE
10-06-2005 08:00,0,0,0,TRUE
13-06-2005 09:00,21.405617,0.025,46.23613272,FALSE
14-06-2005 09:00,31.344738,0.024,64.99644872,FALSE
15-06-2005 09:00,21.330564,0.009,16.58664657,FALSE
16-06-2005 09:00,30.589449,0.046,121.5747061,FALSE
17-06-2005 09:00,26.212357,0.007,15.85323351,FALSE
18-06-2005 09:00,31.602938,0.029,79.18432145,FALSE
20-06-2005 11:00,988.59686,0.181,15460.07314,FALSE
21-06-2005 10:00,1052.1749,0.193,17545.22689,FALSE
22-06-2005 09:30,1031.6089,0.188,16756.62968,FALSE
23-06-2005 09:30,751.3734,0.058,3765.282382,FALSE
24-06-2005 09:30,712.0607,0.093,5721.550137,FALSE
25-06-2005 09:30,964.6732,0.196,16336.16184,FALSE
27-06-2005 09:30,623.9697,0.144,7763.18142,FALSE
28-06-2005 09:30,454.95868,0.226,8883.705169,FALSE
29-06-2005 09:30,838.1647,0.041,2969.114633,FALSE
30-06-2005 09:30,984.01953,0.082,6971.581566,FALSE
01-07-2005 09:30,1853.9247,0.461,73842.56237,FALSE
02-07-2005 09:30,1715.8362,0.103,15269.56951,FALSE
04-07-2005 09:30,1124.8433,0.053,5150.882439,FALSE
05-07-2005 09:30,1165.5955,0.126,12689.13885,FALSE
06-07-2005 09:00,1440.4133,0.088,10951.7504,FALSE
09-07-2005 09:30,784.4148,0.055,3727.53913,FALSE
11-07-2005 09:30,1169.6193,0.08,8084.408602,FALSE
12-07-2005 09:30,964.62366,0.148,12334.83567,FALSE
13-07-2005 09:00,926.41205,0.069,5522.898077,FALSE
14-07-2005 09:45,992.479,0.059,5059.26095,FALSE
15-07-2005 09:30,798.0948,0.043,2965.081801,FALSE
16-07-2005 09:30,616.188,0.124,6601.591757,FALSE
20-07-2005 09:30,1142.486,0.228,22506.06021,FALSE
21-07-2005 09:30,823.647,0.075,5337.23256,FALSE
22-07-2005 09:30,1038.5621,0.088,7896.395359,FALSE
23-07-2005 09:30,1360.2787,0.144,16924.04347,FALSE
25-07-2005 09:16,2148.4553,0.282,52346.68369,FALSE
26-07-2005 09:30,2798.295,0.143,34573.49438,FALSE
27-07-2005 09:30,2022.2329,0.08,13977.6738,FALSE
28-07-2005 09:30,3160.8452,0.082,22393.95607,FALSE
29-07-2005 09:30,2313.4548,0.204,40776.02892,FALSE
30-07-2005 09:30,2090.7986,0.184,33238.67982,FALSE
01-08-2005 09:30,3475.4346,0.305,91584.65258,FALSE
03-08-2005 09:30,3309.6365,0.291,83212.20474,FALSE
04-08-2005 09:30,3442.6565,0.301,89531.102,FALSE
05-08-2005 09:30,2075.05,0.144,25816.94208,FALSE
06-08-2005 09:30,1625.8761,0.08,11238.0556,FALSE
08-08-2005 09:30,1188.3958,0.036,3696.386296,FALSE
09-08-2005 09:45,1159.3463,0.028,2804.690569,FALSE
10-08-2005 09:30,1317.7814,0.137,15598.31488,FALSE
11-08-2005 09:30,1161.7883,0.113,11342.77153,FALSE
12-08-2005 09:30,1183.1672,0.115,11755.9493,FALSE
13-08-2005 10:00,994.98047,0.097,8338.732323,FALSE
16-08-2005 11:00,2845.6228,0.333,81871.9827,FALSE
17-08-2005 09:30,1987.9557,0.363,62348.65221,FALSE
18-08-2005 09:30,1717.9911,0.101,14991.87754,FALSE
19-08-2005 09:30,1123.569,0.044,4271.35991,FALSE
20-08-2005 09:30,1137.8159,0.054,5308.593863,FALSE
22-08-2005 09:30,952.9872,0.054,4446.25708,FALSE
23-08-2005 09:30,697.72266,0.016,964.5318052,FALSE
24-08-2005 09:30,630.0514,0.021,1143.16526,FALSE
25-08-2005 09:30,594.8696,0.017,873.7444685,FALSE
26-08-2005 09:15,588.8958,0.016,814.0895539,FALSE
27-08-2005 09:15,501.97928,0.014,607.1941371,FALSE
29-08-2005 09:30,689.606,0.018,1072.475251,FALSE
30-08-2005 09:30,614.6774,0.016,849.7300378,FALSE
31-08-2005 09:30,671.09564,0.018,1043.687939,FALSE
01-09-2005 09:30,691.1433,0.146,8718.358044,FALSE
02-09-2005 09:30,678.1773,0.053,3105.509492,FALSE
03-09-2005 10:00,724.6817,0.08,5008.99991,FALSE
05-09-2005 09:30,957.71045,0.097,8026.379739,FALSE
06-09-2005 09:30,664.01746,0.084,4819.173118,FALSE
08-09-2005 09:30,557.9632,0.047,2265.776963,FALSE
09-09-2005 09:30,800.9552,0.068,4705.771991,FALSE
10-09-2005 09:30,863.8446,0.073,5448.440661,FALSE
12-09-2005 09:30,1175.5217,0.087,8836.161515,FALSE
17-09-2005 09:30,781.3892,0.051,3443.113371,FALSE
19-09-2005 09:30,560.1054,0.034,1645.365623,FALSE
20-09-2005 09:30,709.20105,0.02,1225.499414,FALSE
21-09-2005 09:30,929.61066,0.028,2248.914109,FALSE
22-09-2005 09:30,695.601,0.046,2764.596614,FALSE
23-09-2005 09:30,577.80646,0.012,599.0697377,FALSE
24-09-2005 09:15,513.5905,0.01,443.742192,FALSE
26-09-2005 09:15,444.31818,0.015,575.8363613,FALSE
27-09-2005 09:15,380.23456,0.012,394.2271918,FALSE
28-09-2005 09:15,659.65826,0.008,455.9557893,FALSE
29-09-2005 09:15,344.88303,0.014,417.1705131,FALSE
30-09-2005 09:15,333.0699,0.014,402.881351,FALSE
01-10-2005 09:15,328.75528,0.014,397.6623867,FALSE
03-10-2005 09:15,324.73428,0.014,392.7985851,FALSE
04-10-2005 09:30,302.5856,0.011,287.5773542,FALSE
05-10-2005 09:15,270.51825,0.01,233.727768,FALSE
06-10-2005 09:15,264.3778,0.01,228.4224192,FALSE
07-10-2005 09:15,305.9914,0.014,370.1271974,FALSE
08-10-2005 09:15,295.19852,0.02,510.1030426,FALSE
13-10-2005 09:15,739.8192,0.055,3515.620838,FALSE
14-10-2005 09:15,615.90967,0.042,2235.01301,FALSE
15-10-2005 09:15,602.995,0.041,2136.049488,FALSE
17-10-2005 09:15,351.46353,0.025,759.1612248,FALSE
18-10-2005 09:15,662.2644,0.031,1773.808969,FALSE
19-10-2005 09:15,467.74197,0.037,1495.27753,FALSE
20-10-2005 09:15,458.83633,0.041,1625.381815,FALSE
21-10-2005 09:15,439.94382,0.032,1216.356674,FALSE
22-10-2005 09:15,339.63974,0.024,704.2769649,FALSE
24-10-2005 09:15,478.66824,0.033,1364.778886,FALSE
25-10-2005 09:15,377.377,0.026,847.7396928,FALSE
26-10-2005 09:15,297.37488,0.021,539.5569823,FALSE
27-10-2005 09:15,284.462,0.02,491.550336,FALSE
28-10-2005 09:15,302.44116,0.021,548.7492407,FALSE
29-10-2005 09:15,270.0259,0.019,443.2745174,FALSE
31-10-2005 09:15,226.1321,0.016,312.605015,FALSE
02-11-2005 09:15,257.88406,0.072,1604.24516,FALSE
07-11-2005 09:15,224.48036,0.062,1202.496392,FALSE
08-11-2005 09:15,203.32654,0.057,1001.342544,FALSE
09-11-2005 09:15,180.70752,0.045,702.5908378,FALSE
10-11-2005 09:00,157.54045,0.047,639.7402594,FALSE
11-11-2005 09:00,175.44319,0.048,727.5979976,FALSE
12-11-2005 09:00,169.52847,0.041,600.5376521,FALSE
14-11-2005 09:00,149.60536,0.041,529.9620273,FALSE
16-11-2005 09:00,133.1518,0.04,460.1726208,FALSE
17-11-2005 09:00,126.60552,0.041,448.487394,FALSE
18-11-2005 09:00,122.1506,0.037,390.4910381,FALSE
19-11-2005 09:00,135.4597,0.033,386.2226966,FALSE
21-11-2005 09:00,105.01174,0.03,272.1904301,FALSE
22-11-2005 09:00,101.94695,0.027,237.821845,FALSE
23-11-2005 09:00,101.9921,0.026,229.1150534,FALSE
24-11-2005 09:00,100.98712,0.027,235.5827535,FALSE
25-11-2005 08:45,109.8,0.026,246.65472,FALSE
26-11-2005 09:15,109.3,0.023,217.20096,FALSE
30-11-2005 09:15,135.7,0.033,386.90784,FALSE
01-12-2005 08:00,0,0,0,TRUE
02-12-2005 08:00,0,0,0,TRUE
03-12-2005 08:00,0,0,0,TRUE
04-12-2005 08:00,0,0,0,TRUE
05-12-2005 08:00,0,0,0,TRUE
06-12-2005 08:00,0,0,0,TRUE
07-12-2005 08:00,0,0,0,TRUE
08-12-2005 08:00,0,0,0,TRUE
09-12-2005 08:00,0,0,0,TRUE
10-12-2005 08:00,0,0,0,TRUE
11-12-2005 08:00,0,0,0,TRUE
12-12-2005 08:00,0,0,0,TRUE
13-12-2005 08:00,0,0,0,TRUE
14-12-2005 08:00,0,0,0,TRUE
15-12-2005 08:00,0,0,0,TRUE
16-12-2005 08:00,0,0,0,TRUE
17-12-2005 08:00,0,0,0,TRUE
18-12-2005 08:00,0,0,0,TRUE
19-12-2005 08:00,0,0,0,TRUE
20-12-2005 08:00,0,0,0,TRUE
21-12-2005 08:00,0,0,0,TRUE
22-12-2005 08:00,0,0,0,TRUE
23-12-2005 08:00,0,0,0,TRUE
24-12-2005 08:00,0,0,0,TRUE
25-12-2005 08:00,0,0,0,TRUE
26-12-2005 08:00,0,0,0,TRUE
27-12-2005 08:00,0,0,0,TRUE
28-12-2005 08:00,0,0,0,TRUE
29-12-2005 08:00,0,0,0,TRUE
30-12-2005 08:00,0,0,0,TRUE
31-12-2005 08:00,0,0,0,TRUE
01-01-2006 08:00,0,0,0,TRUE
02-01-2006 08:00,0,0,0,TRUE
03-01-2006 08:00,0,0,0,TRUE
04-01-2006 08:00,0,0,0,TRUE
05-01-2006 08:00,0,0,0,TRUE
06-01-2006 08:00,0,0,0,TRUE
07-01-2006 08:00,0,0,0,TRUE
08-01-2006 08:00,0,0,0,TRUE
09-01-2006 08:00,0,0,0,TRUE
10-01-2006 08:00,0,0,0,TRUE
11-01-2006 08:00,0,0,0,TRUE
12-01-2006 08:00,0,0,0,TRUE
13-01-2006 08:00,0,0,0,TRUE
14-01-2006 08:00,0,0,0,TRUE
15-01-2006 08:00,0,0,0,TRUE
16-01-2006 08:00,0,0,0,TRUE
17-01-2006 08:00,0,0,0,TRUE
18-01-2006 08:00,0,0,0,TRUE
19-01-2006 08:00,0,0,0,TRUE
20-01-2006 08:00,0,0,0,TRUE
21-01-2006 08:00,0,0,0,TRUE
22-01-2006 08:00,0,0,0,TRUE
23-01-2006 08:00,0,0,0,TRUE
24-01-2006 08:00,0,0,0,TRUE
25-01-2006 08:00,0,0,0,TRUE
26-01-2006 08:00,0,0,0,TRUE
27-01-2006 08:00,0,0,0,TRUE
28-01-2006 08:00,0,0,0,TRUE
29-01-2006 08:00,0,0,0,TRUE
30-01-2006 08:00,0,0,0,TRUE
31-01-2006 08:00,0,0,0,TRUE
01-02-2006 08:00,0,0,0,TRUE
02-02-2006 08:00,0,0,0,TRUE
03-02-2006 08:00,0,0,0,TRUE
04-02-2006 08:00,0,0,0,TRUE
05-02-2006 08:00,0,0,0,TRUE
06-02-2006 08:00,0,0,0,TRUE
07-02-2006 08:00,0,0,0,TRUE
08-02-2006 08:00,0,0,0,TRUE
09-02-2006 08:00,0,0,0,TRUE
10-02-2006 08:00,0,0,0,TRUE
11-02-2006 08:00,0,0,0,TRUE
12-02-2006 08:00,0,0,0,TRUE
13-02-2006 08:00,0,0,0,TRUE
14-02-2006 08:00,0,0,0,TRUE
15-02-2006 08:00,0,0,0,TRUE
16-02-2006 08:00,0,0,0,TRUE
17-02-2006 08:00,0,0,0,TRUE
18-02-2006 08:00,0,0,0,TRUE
19-02-2006 08:00,0,0,0,TRUE
20-02-2006 08:00,0,0,0,TRUE
21-02-2006 08:00,0,0,0,TRUE
22-02-2006 08:00,0,0,0,TRUE
23-02-2006 08:00,0,0,0,TRUE
24-02-2006 08:00,0,0,0,TRUE
25-02-2006 08:00,0,0,0,TRUE
26-02-2006 08:00,0,0,0,TRUE
27-02-2006 08:00,0,0,0,TRUE
28-02-2006 08:00,0,0,0,TRUE
01-03-2006 08:00,0,0,0,TRUE
02-03-2006 08:00,0,0,0,TRUE
03-03-2006 08:00,0,0,0,TRUE
04-03-2006 08:00,0,0,0,TRUE
05-03-2006 08:00,0,0,0,TRUE
06-03-2006 08:00,0,0,0,TRUE
07-03-2006 08:00,0,0,0,TRUE
08-03-2006 08:00,0,0,0,TRUE
09-03-2006 08:00,0,0,0,TRUE
10-03-2006 08:00,0,0,0,TRUE
11-03-2006 08:00,0,0,0,TRUE
12-03-2006 08:00,0,0,0,TRUE
13-03-2006 08:00,0,0,0,TRUE
14-03-2006 08:00,0,0,0,TRUE
15-03-2006 08:00,0,0,0,TRUE
16-03-2006 08:00,0,0,0,TRUE
17-03-2006 08:00,0,0,0,TRUE
18-03-2006 08:00,0,0,0,TRUE
19-03-2006 08:00,0,0,0,TRUE
20-03-2006 08:00,0,0,0,TRUE
21-03-2006 08:00,0,0,0,TRUE
22-03-2006 08:00,0,0,0,TRUE
23-03-2006 08:00,0,0,0,TRUE
24-03-2006 08:00,0,0,0,TRUE
25-03-2006 08:00,0,0,0,TRUE
26-03-2006 08:00,0,0,0,TRUE
27-03-2006 08:00,0,0,0,TRUE
28-03-2006 08:00,0,0,0,TRUE
29-03-2006 08:00,0,0,0,TRUE
30-03-2006 08:00,0,0,0,TRUE
31-03-2006 08:00,0,0,0,TRUE
01-04-2006 08:00,0,0,0,TRUE
02-04-2006 08:00,0,0,0,TRUE
03-04-2006 08:00,0,0,0,TRUE
04-04-2006 08:00,0,0,0,TRUE
05-04-2006 08:00,0,0,0,TRUE
06-04-2006 08:00,0,0,0,TRUE
07-04-2006 08:00,0,0,0,TRUE
08-04-2006 08:00,0,0,0,TRUE
09-04-2006 08:00,0,0,0,TRUE
10-04-2006 08:00,0,0,0,TRUE
11-04-2006 08:00,0,0,0,TRUE
12-04-2006 08:00,0,0,0,TRUE
13-04-2006 08:00,0,0,0,TRUE
14-04-2006 08:00,0,0,0,TRUE
15-04-2006 08:00,0,0,0,TRUE
16-04-2006 08:00,0,0,0,TRUE
17-04-2006 08:00,0,0,0,TRUE
18-04-2006 08:00,0,0,0,TRUE
19-04-2006 08:00,0,0,0,TRUE
20-04-2006 08:00,0,0,0,TRUE
21-04-2006 08:00,0,0,0,TRUE
22-04-2006 08:00,0,0,0,TRUE
23-04-2006 08:00,0,0,0,TRUE
24-04-2006 08:00,0,0,0,TRUE
25-04-2006 08:00,0,0,0,TRUE
26-04-2006 08:00,0,0,0,TRUE
27-04-2006 08:00,0,0,0,TRUE
28-04-2006 08:00,0,0,0,TRUE
29-04-2006 08:00,0,0,0,TRUE
30-04-2006 08:00,0,0,0,TRUE
01-05-2006 08:00,0,0,0,TRUE
02-05-2006 08:00,0,0,0,TRUE
03-05-2006 08:00,0,0,0,TRUE
04-05-2006 08:00,0,0,0,TRUE
05-05-2006 08:00,0,0,0,TRUE
06-05-2006 08:00,0,0,0,TRUE
07-05-2006 08:00,0,0,0,TRUE
08-05-2006 08:00,0,0,0,TRUE
09-05-2006 08:00,0,0,0,TRUE
10-05-2006 08:00,0,0,0,TRUE
11-05-2006 08:00,0,0,0,TRUE
12-05-2006 08:00,0,0,0,TRUE
13-05-2006 08:00,0,0,0,TRUE
14-05-2006 08:00,0,0,0,TRUE
15-05-2006 08:00,0,0,0,TRUE
16-05-2006 10:00,1.6499298,0.002,0.285107869,FALSE
17-05-2006 08:45,1.7281679,0.002,0.298627413,FALSE
20-05-2006 09:00,1.308264,0.002,0.226068019,FALSE
23-05-2006 09:00,0.9717688,0.002,0.167921649,FALSE
24-05-2006 09:00,1.1830262,0.003,0.306640391,FALSE
25-05-2006 09:00,1.1367897,0.004,0.39287452,FALSE
30-05-2006 09:30,1282.513,0.128,14183.56777,FALSE
31-05-2006 09:30,811.2824,0.145,10163.74591,FALSE
01-06-2009 09:30,11.026348,0,0,TRUE
01-12-2011 09:30,125.746216,0.0092,99.95315217,FALSE
02-12-2011 09:30,99.01256,0.007,59.88279629,FALSE
04-12-2011 10:00,91.19431,0.0065,51.2147245,FALSE
12-12-2011 11:30,14.472637,0.004,5.001743347,FALSE
13-12-2011 11:30,99.53259,0.007,60.19731043,FALSE
14-12-2011 09:30,55.094494,0.012,57.12197138,FALSE
15-12-2011 09:30,55.773064,0.009,43.36913457,FALSE
16-12-2011 09:30,39.61323,0.009,30.80324765,FALSE
17-12-2011 09:30,36.31339,0.005,15.68738448,FALSE
19-12-2011 09:30,34.39449,0.008,23.77347149,FALSE
20-12-2011 09:30,33.47475,0.007,20.2455288,FALSE
21-12-2011 09:30,25.644836,0.011,24.37285213,FALSE
22-12-2011 09:30,25.31096,0.009,19.6818025,FALSE
24-12-2011 12:00,18.375809,0.006,9.526019386,FALSE
26-12-2011 11:00,16.45608,0.006,8.530831872,FALSE
27-12-2011 11:00,14.565733,0.005,6.292396656,FALSE
28-12-2011 11:00,13.748191,0.005,5.939218512,FALSE
29-12-2011 11:00,13.5139065,0.005,5.838007608,FALSE
30-12-2011 11:00,13.080426,0.005,5.650744032,FALSE
31-12-2011 11:00,11.420794,0.007,6.907296211,FALSE
02-01-2012 11:00,25.46,0.0042,9.2389248,FALSE
03-01-2012 12:00,24.54,0.004,8.481024,FALSE
04-01-2012 12:30,26.69,0.0042,9.6852672,FALSE
05-01-2012 11:00,26.49,0.0034,7.7817024,FALSE
09-01-2012 11:30,21.15,0.0045,8.22312,FALSE
11-01-2012 11:30,22.41,0.0033,6.3895392,FALSE
12-01-2012 11:16,19.19,0.0034,5.6372544,FALSE
13-01-2012 11:30,17.91,0.0034,5.2612416,FALSE
17-01-2012 11:30,24.31,0.0032,6.7212288,FALSE
19-01-2012 11:30,22.29,0.0044,8.4737664,FALSE
20-01-2012 11:30,21.94,0.0042,7.9615872,FALSE
21-01-2012 12:00,23.11,0.004,7.986816,FALSE
23-01-2012 11:30,22.4,0.0031,5.999616,FALSE
25-01-2012 11:30,24.56,0.0035,7.426944,FALSE
30-01-2012 12:00,21.04,0.003,5.453568,FALSE
31-01-2012 08:00,17.87,0.0028,4.3231104,FALSE
06-02-2012 11:30,2.7161133,0.0055,1.29069704,FALSE
08-02-2012 12:00,24.943687,0.0068,14.65491499,FALSE
10-02-2012 10:00,9.176131,0.0055,4.360497451,FALSE
11-02-2012 10:00,7.289965,0.0054,3.40120607,FALSE
13-02-2012 10:00,7.057687,0.0048,2.926963953,FALSE
21-02-2012 10:00,6.1873384,0.0034,1.817592528,FALSE
24-02-2012 09:30,3.0842137,0.0037,0.985961436,FALSE
25-02-2012 09:30,3.2389376,0.004,1.119376835,FALSE
29-02-2012 09:30,3.0682437,0.0029,0.768779141,FALSE
01-03-2012 09:45,2.7941406,0.0025,0.60353437,FALSE
02-03-2012 09:45,2.592991,0.0022,0.492875729,FALSE
03-03-2012 09:45,2.7533069,0.0021,0.499560004,FALSE
05-03-2012 09:30,2.5111449,0.0068,1.475347852,FALSE
06-03-2012 09:30,2.4596288,0.0019,0.403772664,FALSE
12-03-2012 11:30,2.384879,0.0025,0.515133864,FALSE
21-03-2012 09:15,0.2463539,0.006,0.127709862,FALSE
27-03-2012 09:15,1.436667,0.0051,0.633052947,FALSE
28-03-2012 09:45,1.3611403,0.0026,0.305766557,FALSE
29-03-2012 09:15,1.4856478,0.0019,0.243883943,FALSE
30-03-2012 09:30,3.9889054,0.0054,1.861063703,FALSE
12-04-2012 09:00,0.45154884,0.0033,0.128745605,FALSE
18-04-2012 09:15,2.0018957,0.0096,1.660452369,FALSE
21-04-2012 09:15,2.2822905,0.01,1.971898992,FALSE
23-04-2012 09:15,2.8775609,0.0105,2.610523248,FALSE
02-05-2012 09:30,7.9544735,0.007,4.810865573,FALSE
03-05-2012 09:30,5.933803,0.0026,1.332969506,FALSE
04-05-2012 09:30,5.2669144,0.0047,2.1387886,FALSE
05-05-2012 09:30,8.548994,0.0037,2.732942402,FALSE
07-05-2012 09:30,10.290367,0.0067,5.956887649,FALSE
08-05-2012 09:30,6.059578,0.006,3.141285235,FALSE
14-05-2012 09:30,7.3180614,0.0051,3.224630575,FALSE
15-05-2012 09:30,6.8774414,0.0032,1.901474998,FALSE
16-05-2012 09:30,6.6381907,0.0054,3.097114253,FALSE
17-05-2012 09:30,7.1115937,0.0038,2.334878444,FALSE
28-05-2012 09:30,1.359895,0.0038,0.446480726,FALSE
18-06-2012 10:00,390.72974,0.0584,1971.528493,FALSE
19-06-2012 10:00,595.204,0.0406,2087.880399,FALSE
20-06-2012 10:00,408.0127,0.0246,867.2065131,FALSE
21-06-2012 11:00,413.19473,0.0327,1167.390807,FALSE
22-06-2012 09:30,280.6799,0.0271,657.1951451,FALSE
23-06-2012 09:30,201.07922,0.0244,423.9071684,FALSE
25-06-2012 10:30,349.1922,0.0174,524.9615858,FALSE
26-06-2012 10:00,270.08658,0.0306,714.0657037,FALSE
27-06-2012 09:30,251.70119,0.0343,745.9215106,FALSE
28-06-2012 10:00,243.77603,0.0176,370.6955823,FALSE
29-06-2012 10:00,444.26913,0.0579,2222.482979,FALSE
30-06-2012 10:00,478.79633,0.0217,897.6856632,FALSE
02-07-2012 10:00,634.3955,0.0366,2006.110826,FALSE
03-07-2012 09:30,1112.3779,0.0755,7256.263517,FALSE
04-07-2012 10:00,1062.7612,0.0491,4508.488073,FALSE
05-07-2012 10:00,777.8731,0.0293,1969.20131,FALSE
06-07-2012 09:30,472.13583,0.0179,730.1863892,FALSE
07-07-2012 10:00,370.6661,0.015,480.3832656,FALSE
09-07-2012 10:00,432.40677,0.0106,396.0154162,FALSE
10-07-2012 09:30,546.9927,0.0432,2041.639313,FALSE
11-07-2012 09:30,494.06262,0.0234,998.8760426,FALSE
12-07-2012 10:00,482.89484,0.0128,534.0430615,FALSE
13-07-2012 09:30,355.13153,0.013,398.8837345,FALSE
16-07-2012 09:30,350.05078,0.0164,496.0079532,FALSE
17-07-2012 09:30,292.97348,0.0161,407.5378296,FALSE
18-07-2012 10:00,356.35883,0.0141,434.1305811,FALSE
20-07-2012 10:00,317.42987,0.0144,394.9335471,FALSE
21-07-2012 09:30,522.75397,0.0363,1639.523731,FALSE
27-07-2012 09:30,251.70119,0.024,521.9275876,FALSE
28-07-2012 09:30,1787.6421,0.0869,13421.90291,FALSE
30-07-2012 09:30,993.5831,0.0436,3742.867281,FALSE
31-07-2012 10:00,687.46136,0.0254,1508.675202,FALSE
01-08-2012 09:30,653.9426,0.0159,898.3601862,FALSE
02-08-2012 10:00,563.53503,0.0416,2025.480146,FALSE
03-08-2012 10:00,575.7569,0.0278,1382.922013,FALSE
04-08-2012 10:00,955.5552,0.0492,4061.950489,FALSE
06-08-2012 09:30,2010.0815,0.0863,14987.81089,FALSE
07-08-2012 10:30,3928.4758,0.1133,38456.32102,FALSE
08-08-2012 10:00,2273.5952,0.0638,12532.78429,FALSE
09-08-2012 09:30,2058.7856,0.0898,15973.54101,FALSE
10-08-2012 10:00,2268.9841,0.0652,12781.82275,FALSE
11-08-2012 09:30,2817.1091,0.0627,15261.06879,FALSE
13-08-2012 09:30,1614.1863,0.0619,8632.926602,FALSE
14-08-2012 10:00,1195.5026,0.0495,5112.92552,FALSE
16-08-2012 10:00,1054.018,0.0509,4635.3182,FALSE
17-08-2012 10:00,868.0819,0.0593,4447.634976,FALSE
18-08-2012 10:00,861.6135,0.0384,2858.626806,FALSE
21-08-2012 10:00,695.4983,0.0336,2019.059385,FALSE
23-08-2012 10:00,547.1877,0.0282,1333.211887,FALSE
24-08-2012 09:30,492.15454,0.0243,1033.2883,FALSE
28-08-2012 09:30,1085.0382,0.0443,4153.005411,FALSE
29-08-2012 09:30,1693.7479,0.1281,18746.13076,FALSE
30-08-2012 09:30,1629.1459,0.068,9571.557992,FALSE
31-08-2012 09:30,2057.7551,0.0258,4586.983049,FALSE
01-09-2012 10:00,1709.1722,0.0837,12360.18642,FALSE
03-09-2012 09:30,2131.1257,0.126,23200.28682,FALSE
04-09-2012 10:00,1899.727,0.0934,15330.34096,FALSE
05-09-2012 09:30,2070.4734,0.0684,12236.00088,FALSE
06-09-2012 11:00,1452.9681,0.0739,9277.1432,FALSE
07-09-2012 10:00,1331.8176,0.0792,9113.468019,FALSE
08-09-2012 10:00,1132.3862,0.0381,3727.634189,FALSE
10-09-2012 10:00,1024.7814,0.0356,3152.063621,FALSE
11-09-2012 09:30,713.2052,0.0317,1953.383458,FALSE
12-09-2012 09:30,980.4933,0.0629,5328.549668,FALSE
13-09-2012 10:00,1110.9945,0.0388,3724.409082,FALSE
14-09-2012 09:30,684.86084,0.0315,1863.917262,FALSE
15-09-2012 09:30,737.0858,0.0227,1445.631638,FALSE
17-09-2012 09:30,603.73,0.0219,1142.353757,FALSE
18-09-2012 09:30,627.5515,0.0239,1295.868745,FALSE
21-09-2012 09:30,430.87128,0.0146,543.5182674,FALSE
22-09-2012 10:00,355.25055,0.0251,770.4105528,FALSE
24-09-2012 09:30,288.07022,0.0112,278.7597905,FALSE
25-09-2012 09:30,276.4899,0.0067,160.0544733,FALSE
26-09-2012 09:30,280.6911,0.0044,106.7075286,FALSE
27-09-2012 09:45,261.99536,0.0037,83.75467668,FALSE
28-09-2012 09:45,268.11075,0.0055,127.4062284,FALSE
29-09-2012 09:45,249.26137,0.0083,178.7503137,FALSE
01-10-2012 10:00,435.85266,0.0307,1156.090464,FALSE
03-10-2012 09:30,455.99203,0.0355,1398.618754,FALSE
04-10-2012 09:30,271.52744,0.0201,471.5454134,FALSE
05-10-2012 10:00,240.82121,0.0114,237.199259,FALSE
06-10-2012 10:30,205.82242,0.0126,224.0665193,FALSE
08-10-2012 09:30,202.04488,0.0098,171.0754408,FALSE
09-10-2012 09:30,197.11552,0.0097,165.198575,FALSE
10-10-2012 09:30,241.07823,0.0087,181.2136839,FALSE
11-10-2012 09:30,198.47983,0.0134,229.792008,FALSE
12-10-2012 09:30,211.1882,0.0125,228.083256,FALSE
13-10-2012 09:30,195.52672,0.0111,187.5179455,FALSE
15-10-2012 10:00,282.50958,0.0222,541.8759752,FALSE
16-10-2012 09:30,211.41089,0.0324,591.815189,FALSE
17-10-2012 09:30,199.3419,0.019,327.239663,FALSE
18-10-2012 09:30,184.2045,0.0135,214.8561288,FALSE
19-10-2012 09:30,163.73859,0.0097,137.2260375,FALSE
20-10-2012 09:30,159.51859,0.0085,117.1504525,FALSE
22-10-2012 09:30,208.56927,0.0133,239.6711195,FALSE
25-10-2012 09:30,156.97575,0.0095,128.8456956,FALSE
26-10-2012 09:30,166.30563,0.0065,93.39724181,FALSE
29-10-2012 09:30,119.44539,0.0102,105.2648333,FALSE
30-10-2012 09:30,116.65433,0.0141,142.112971,FALSE
31-10-2012 09:30,109.694466,0.0117,110.8879418,FALSE
01-11-2012 10:00,121.8,0.0106,111.549312,FALSE
02-11-2012 09:30,245.9,0.0073,155.094048,FALSE
03-11-2012 10:00,290,0.0083,207.9648,FALSE
05-11-2012 09:30,139.6,0.0106,127.851264,FALSE
06-11-2012 10:00,145.5,0.0069,86.74128,FALSE
07-11-2012 09:30,147.7,0.0078,99.537984,FALSE
08-11-2012 09:30,128.4,0.0082,90.968832,FALSE
09-11-2012 09:30,126,0.0069,75.11616,FALSE
10-11-2012 09:30,134.5,0.0062,72.04896,FALSE
13-11-2012 09:30,133.7,0.0061,70.465248,FALSE
14-11-2012 09:30,118.3,0.0067,68.481504,FALSE
15-11-2012 09:30,109.1,0.0055,51.84432,FALSE
16-11-2012 09:30,107.6,0.0045,41.83488,FALSE
19-11-2012 09:30,94.38,0.0041,33.4331712,FALSE
02-12-2012 08:00,0,0,0,TRUE
09-12-2012 08:00,0,0,0,TRUE
10-12-2012 08:00,0,0,0,TRUE
11-12-2012 08:00,0,0,0,TRUE
12-12-2012 08:00,0,0,0,TRUE
13-12-2012 08:00,0,0,0,TRUE
14-12-2012 08:00,0,0,0,TRUE
15-12-2012 08:00,0,0,0,TRUE
16-12-2012 08:00,0,0,0,TRUE
17-12-2012 08:00,0,0,0,TRUE
18-12-2012 08:00,0,0,0,TRUE
19-12-2012 08:00,0,0,0,TRUE
20-12-2012 08:00,0,0,0,TRUE
21-12-2012 08:00,0,0,0,TRUE
22-12-2012 08:00,0,0,0,TRUE
23-12-2012 08:00,0,0,0,TRUE
24-12-2012 08:00,0,0,0,TRUE
25-12-2012 08:00,0,0,0,TRUE
26-12-2012 08:00,0,0,0,TRUE
27-12-2012 08:00,0,0,0,TRUE
28-12-2012 08:00,0,0,0,TRUE
29-12-2012 08:00,0,0,0,TRUE
30-12-2012 08:00,0,0,0,TRUE
31-12-2012 08:00,0,0,0,TRUE
01-01-2013 10:00,5.511,0.0056,2.66644224,FALSE
15-01-2013 10:00,4.562,0.004,1.5766272,FALSE
22-01-2013 09:30,4.05,0.0042,1.469664,FALSE
28-01-2013 10:00,4.531,0.0034,1.33102656,FALSE
01-02-2013 10:00,5.278,0.0041,1.86967872,FALSE
04-02-2013 10:00,4.706,0.0043,1.74837312,FALSE
11-02-2013 10:00,3.995,0.0035,1.208088,FALSE
18-02-2013 10:00,5.155,0.0043,1.9151856,FALSE
25-02-2013 10:00,3.885,0.0033,1.1076912,FALSE
01-03-2013 09:30,1.896,0.003,0.4914432,FALSE
04-03-2013 09:45,0.9029394,0.0025,0.19503491,FALSE
18-03-2013 10:00,4.27,0.0053,1.9553184,FALSE
20-03-2013 08:00,4.398,0.0054,2.05193088,FALSE
21-03-2013 10:00,4.689,0.0044,1.78257024,FALSE
01-04-2013 09:30,1.974,0.0034,0.57988224,FALSE
08-04-2013 09:30,1.836,0.0034,0.53934336,FALSE
12-04-2013 09:30,1.884,0.0034,0.55344384,FALSE
15-04-2013 09:30,1.822,0.0032,0.50374656,FALSE
22-04-2013 09:15,1.1482905,0.002,0.198424598,FALSE
29-04-2013 09:15,1.2440103,0.0023,0.247209727,FALSE
01-05-2013 09:15,1.0593274,0.0024,0.21966213,FALSE
06-05-2013 09:15,1.0162717,0.002,0.17561175,FALSE
13-05-2013 09:15,0.92759264,0.002,0.160288008,FALSE
27-05-2013 09:15,0.8582731,0.0042,0.311450143,FALSE
04-06-2013 09:30,50.02,0.0034,14.6938752,FALSE
06-06-2013 09:30,55.69,0.015,72.17424,FALSE
08-06-2013 10:30,35.081562,0.0303,91.84072279,FALSE
10-06-2013 09:30,191.4,0.0132,218.287872,FALSE
11-06-2013 09:30,315.9,0.049,1337.39424,FALSE
12-06-2013 10:15,460.3,0.023,914.70816,FALSE
13-06-2013 10:15,288.5,0.0312,777.70368,FALSE
14-06-2013 09:30,242.2,0.0132,276.224256,FALSE
15-06-2013 09:30,473.5,0.0366,1497.32064,FALSE
17-06-2013 10:00,1094,0.044,4158.9504,FALSE
18-06-2013 09:30,1290.2617,0.0761,8483.522288,FALSE
19-06-2013 09:16,760.3,0.0471,3093.995232,FALSE
20-06-2013 09:30,595.7,0.0169,869.817312,FALSE
21-06-2013 10:00,510.9,0.025,1103.544,FALSE
22-06-2013 09:30,488.5,0.0139,586.66896,FALSE
24-06-2013 09:30,570.8,0.0362,1785.279744,FALSE
25-06-2013 09:30,1771,0.756,115678.8864,FALSE
26-06-2013 09:30,2391,0.1042,21525.88608,FALSE
27-06-2013 09:30,1928,0.0427,7112.93184,FALSE
28-06-2013 09:30,1178,0.0273,2778.57216,FALSE
29-06-2013 10:00,1101,0.0249,2368.64736,FALSE
01-07-2013 09:30,513.8,0.0347,1540.413504,FALSE
02-07-2013 10:00,686.6,0.0298,1767.802752,FALSE
03-07-2013 10:00,2070,0.0471,8423.7408,FALSE
05-07-2013 10:00,2940,0.1233,31320.1728,FALSE
06-07-2013 09:30,2567,0.0959,21269.54592,FALSE
08-07-2013 10:00,1521,0.0317,4165.83648,FALSE
09-07-2013 09:30,1263,0.0257,2804.46624,FALSE
10-07-2013 09:30,1188,0.0525,5388.768,FALSE
11-07-2013 10:00,1447,0.0556,6951.15648,FALSE
12-07-2013 09:30,1564,0.0621,8391.54816,FALSE
13-07-2013 09:30,2074,0.0765,13708.3104,FALSE
15-07-2013 09:30,1405,0.043,5219.856,FALSE
16-07-2013 09:30,1450,0.0248,3106.944,FALSE
17-07-2013 09:30,1623,0.0334,4683.58848,FALSE
18-07-2013 10:00,1644,0.0236,3352.18176,FALSE
19-07-2013 09:30,1909,0.0255,4205.9088,FALSE
20-07-2013 09:30,2733,0.107,25266.0384,FALSE
22-07-2013 09:30,2170,0.0235,4405.968,FALSE
23-07-2013 09:30,1658,0.0205,2936.6496,FALSE
24-07-2013 09:30,2712,0.0904,21182.23872,FALSE
25-07-2013 09:30,2545,0.0466,10246.7808,FALSE
26-07-2013 09:30,2685,0.0484,11228.0256,FALSE
27-07-2013 09:16,2473,0.0606,12948.23232,FALSE
29-07-2013 09:30,2170,0.0316,5924.6208,FALSE
30-07-2013 09:30,1467,0.1348,17085.73824,FALSE
31-07-2013 09:30,1678,0.0327,4740.81984,FALSE
01-08-2013 09:30,1743,0.027,4066.0704,FALSE
02-08-2013 09:30,2431,0.1289,27073.94976,FALSE
03-08-2013 09:30,2626.158,0.0328,7442.321679,FALSE
05-08-2013 10:00,1619,0.0378,5287.52448,FALSE
06-08-2013 09:30,1568,0.0799,10824.46848,FALSE
07-08-2013 09:30,1723,0.0283,4212.94176,FALSE
08-08-2013 09:30,1415,0.0215,2628.504,FALSE
10-08-2013 09:30,1081,0.0465,4343.0256,FALSE
12-08-2013 10:00,982.9,0.0328,2785.459968,FALSE
13-08-2013 09:30,602.7,0.0192,999.806976,FALSE
14-08-2013 09:30,922.9,0.0174,1387.450944,FALSE
16-08-2013 09:30,661.8,0.0282,1612.462464,FALSE
17-08-2013 09:30,700.5,0.0291,1761.22512,FALSE
19-08-2013 09:30,1143,0.0239,2360.24928,FALSE
20-08-2013 09:00,903.1,0.0101,788.081184,FALSE
21-08-2013 09:30,1112,0.0081,778.22208,FALSE
22-08-2013 09:30,1015,0.0117,1026.0432,FALSE
23-08-2013 09:30,964.2,0.0086,716.439168,FALSE
24-08-2013 10:15,984,0.0122,1037.21472,FALSE
26-08-2013 09:30,817.2,0.0122,861.394176,FALSE
27-08-2013 10:00,552,0.0076,362.46528,FALSE
28-08-2013 09:30,503.5,0.0065,282.7656,FALSE
29-08-2013 09:30,436.1,0.0072,271.289088,FALSE
30-08-2013 09:30,459.9,0.0089,353.644704,FALSE
31-08-2013 09:30,453.4,0.0079,309.472704,FALSE
02-09-2013 09:30,539.9,0.0148,690.380928,FALSE
03-09-2013 10:00,298.6,0.0138,356.026752,FALSE
04-09-2013 09:30,551.6,0.008,381.26592,FALSE
05-09-2013 09:30,318.7,0.0093,256.081824,FALSE
06-09-2013 09:30,418.4,0.0092,332.577792,FALSE
07-09-2013 09:30,564.7,0.031,1512.49248,FALSE
10-09-2013 10:00,529.8,0.0247,1130.635584,FALSE
11-09-2013 09:30,438.4,0.0158,598.468608,FALSE
12-09-2013 10:00,424.8,0.0134,491.816448,FALSE
13-09-2013 09:30,679.2,0.0632,3708.758016,FALSE
14-09-2013 09:30,491,0.0264,1119.95136,FALSE
16-09-2013 10:00,478.6,0.0194,802.210176,FALSE
17-09-2013 09:30,413.7,0.0095,339.56496,FALSE
18-09-2013 10:30,1128,0.1323,12893.85216,FALSE
19-09-2013 09:30,1404.676,0.0992,12039.30943,FALSE
20-09-2013 10:00,1056,0.0742,6769.88928,FALSE
21-09-2013 10:00,1371,0.1056,12508.78464,FALSE
23-09-2013 10:00,606.7,0.0672,3522.548736,FALSE
24-09-2013 09:30,500.7,0.0215,930.10032,FALSE
25-09-2013 09:30,496.9,0.0186,798.538176,FALSE
26-09-2013 09:30,451,0.012,467.5968,FALSE
27-09-2013 09:45,413.9,0.0105,375.49008,FALSE
28-09-2013 09:30,359.9,0.0157,488.197152,FALSE
30-09-2013 10:00,412.6,0.0225,802.0944,FALSE
01-10-2013 09:30,410.5,0.0473,1677.59856,FALSE
03-10-2013 10:00,1088,0.0523,4916.36736,FALSE
04-10-2013 09:30,405.9,0.0133,466.427808,FALSE
05-10-2013 09:30,369.2,0.0237,756.003456,FALSE
07-10-2013 10:00,542.5,0.0333,1560.8376,FALSE
08-10-2013 09:16,629.7,0.0359,1953.178272,FALSE
09-10-2013 09:30,411.8,0.023,818.32896,FALSE
10-10-2013 10:00,462.3,0.0285,1138.36752,FALSE
11-10-2013 10:00,311.6,0.0242,651.518208,FALSE
12-10-2013 09:30,296.5,0.0074,189.57024,FALSE
14-10-2013 10:00,232.9,0.0133,267.630048,FALSE
15-10-2013 09:30,265.2,0.012,274.95936,FALSE
17-10-2013 10:00,444.6,0.0375,1440.504,FALSE
18-10-2013 09:30,396.8,0.0464,1590.755328,FALSE
19-10-2013 09:30,377.7,0.042,1370.59776,FALSE
21-10-2013 10:00,265.4,0.0235,538.86816,FALSE
22-10-2013 09:30,455.6,0.0156,614.075904,FALSE
23-10-2013 09:30,344,0.023,683.5968,FALSE
24-10-2013 09:30,412.6,0.0177,630.980928,FALSE
25-10-2013 09:30,533.1,0.0154,709.321536,FALSE
26-10-2013 09:30,435.5,0.0173,650.95056,FALSE
28-10-2013 09:30,248.6,0.0101,216.938304,FALSE
29-10-2013 09:30,203.8,0.0078,137.344896,FALSE
30-10-2013 10:00,306.3,0.0051,134.968032,FALSE
31-10-2013 10:00,401.5,0.0145,502.9992,FALSE
01-11-2013 09:30,190,0.02,328.32,FALSE
04-11-2013 09:30,221.5,0.0299,572.21424,FALSE
05-11-2013 09:30,197.4,0.0197,335.990592,FALSE
06-11-2013 09:30,112.1,0.0103,99.760032,FALSE
07-11-2013 09:30,184.5,0.005,79.704,FALSE
08-11-2013 09:30,116,0.0021,21.04704,FALSE
09-11-2013 09:30,182.7,0.0021,33.149088,FALSE
11-11-2013 10:00,112.3,0.0045,43.66224,FALSE
12-11-2013 09:30,105.1,0.0035,31.78224,FALSE
13-11-2013 09:30,113,0.015,146.448,FALSE
14-11-2013 09:30,213.2,0.0151,278.149248,FALSE
16-11-2013 09:30,104.8,0.0032,28.975104,FALSE
18-11-2013 09:30,99.01,0.0031,26.5188384,FALSE
21-11-2013 10:00,115.1,0.0022,21.878208,FALSE
25-11-2013 09:30,151.4,0.0034,44.475264,FALSE
27-11-2013 10:00,194.9,0.004,67.35744,FALSE
28-11-2013 09:30,116.3,0.0036,36.173952,FALSE
29-11-2013 10:00,127.8,0.003,33.12576,FALSE
30-11-2013 10:00,86.47,0.0035,26.148528,FALSE
03-12-2013 09:30,138.5,0.0029,34.70256,FALSE
04-12-2013 09:30,134.1,0.0035,40.55184,FALSE
05-12-2013 09:30,90.97,0.005,39.29904,FALSE
09-12-2013 09:30,66.61,0.0038,21.8693952,FALSE
10-12-2013 09:15,64.3,0.0047,26.110944,FALSE
11-12-2013 09:30,63.88,0.0048,26.4923136,FALSE
12-12-2013 09:30,61.92,0.0059,31.5643392,FALSE
13-12-2013 09:30,37.3,0.006,19.33632,FALSE
14-12-2013 10:00,35.8,0.007,21.65184,FALSE
16-12-2013 09:30,69.35,0.0055,32.95512,FALSE
21-12-2013 08:00,0,0,0,TRUE
22-12-2013 08:00,0,0,0,TRUE
23-12-2013 08:00,0,0,0,TRUE
24-12-2013 08:00,0,0,0,TRUE
25-12-2013 08:00,0,0,0,TRUE
26-12-2013 08:00,0,0,0,TRUE
27-12-2013 08:00,0,0,0,TRUE
28-12-2013 08:00,0,0,0,TRUE
29-12-2013 08:00,0,0,0,TRUE
30-12-2013 08:00,0,0,0,TRUE
31-12-2013 08:00,0,0,0,TRUE
01-01-2014 08:00,0,0,0,TRUE
02-01-2014 08:00,0,0,0,TRUE
03-01-2014 08:00,0,0,0,TRUE
04-01-2014 08:00,0,0,0,TRUE
05-01-2014 08:00,0,0,0,TRUE
06-01-2014 08:00,0,0,0,TRUE
07-01-2014 08:00,0,0,0,TRUE
08-01-2014 08:00,0,0,0,TRUE
09-01-2014 08:00,0,0,0,TRUE
10-01-2014 08:00,0,0,0,TRUE
11-01-2014 08:00,0,0,0,TRUE
12-01-2014 08:00,0,0,0,TRUE
13-01-2014 08:00,0,0,0,TRUE
14-01-2014 08:00,0,0,0,TRUE
15-01-2014 08:00,0,0,0,TRUE
16-01-2014 08:00,0,0,0,TRUE
17-01-2014 08:00,0,0,0,TRUE
18-01-2014 08:00,0,0,0,TRUE
19-01-2014 08:00,0,0,0,TRUE
20-01-2014 08:00,0,0,0,TRUE
21-01-2014 08:00,0,0,0,TRUE
22-01-2014 08:00,0,0,0,TRUE
23-01-2014 08:00,0,0,0,TRUE
24-01-2014 08:00,0,0,0,TRUE
25-01-2014 08:00,0,0,0,TRUE
26-01-2014 08:00,0,0,0,TRUE
27-01-2014 08:00,0,0,0,TRUE
28-01-2014 08:00,0,0,0,TRUE
29-01-2014 08:00,0,0,0,TRUE
30-01-2014 08:00,0,0,0,TRUE
31-01-2014 08:00,0,0,0,TRUE
01-02-2014 08:00,0,0,0,TRUE
02-02-2014 08:00,0,0,0,TRUE
03-02-2014 08:00,0,0,0,TRUE
04-02-2014 08:00,0,0,0,TRUE
05-02-2014 08:00,0,0,0,TRUE
06-02-2014 08:00,0,0,0,TRUE
07-02-2014 08:00,0,0,0,TRUE
08-02-2014 08:00,0,0,0,TRUE
09-02-2014 08:00,0,0,0,TRUE
10-02-2014 08:00,0,0,0,TRUE
11-02-2014 08:00,0,0,0,TRUE
12-02-2014 08:00,0,0,0,TRUE
13-02-2014 08:00,0,0,0,TRUE
14-02-2014 08:00,0,0,0,TRUE
15-02-2014 08:00,0,0,0,TRUE
16-02-2014 08:00,0,0,0,TRUE
17-02-2014 08:00,0,0,0,TRUE
18-02-2014 08:00,0,0,0,TRUE
19-02-2014 08:00,0,0,0,TRUE
20-02-2014 08:00,0,0,0,TRUE
21-02-2014 08:00,0,0,0,TRUE
22-02-2014 08:00,0,0,0,TRUE
23-02-2014 08:00,0,0,0,TRUE
24-02-2014 08:00,0,0,0,TRUE
25-02-2014 08:00,0,0,0,TRUE
26-02-2014 08:00,0,0,0,TRUE
27-02-2014 08:00,0,0,0,TRUE
28-02-2014 08:00,0,0,0,TRUE
01-03-2014 08:00,0,0,0,TRUE
02-03-2014 08:00,0,0,0,TRUE
03-03-2014 08:00,0,0,0,TRUE
04-03-2014 08:00,0,0,0,TRUE
05-03-2014 08:00,0,0,0,TRUE
06-03-2014 08:00,0,0,0,TRUE
07-03-2014 08:00,0,0,0,TRUE
08-03-2014 08:00,0,0,0,TRUE
09-03-2014 08:00,0,0,0,TRUE
10-03-2014 08:00,0,0,0,TRUE
11-03-2014 08:00,0,0,0,TRUE
12-03-2014 08:00,0,0,0,TRUE
13-03-2014 08:00,0,0,0,TRUE
14-03-2014 08:00,0,0,0,TRUE
15-03-2014 08:00,0,0,0,TRUE
16-03-2014 08:00,0,0,0,TRUE
17-03-2014 08:00,0,0,0,TRUE
18-03-2014 08:00,0,0,0,TRUE
19-03-2014 08:00,0,0,0,TRUE
20-03-2014 08:00,0,0,0,TRUE
21-03-2014 08:00,0,0,0,TRUE
22-03-2014 08:00,0,0,0,TRUE
23-03-2014 08:00,0,0,0,TRUE
24-03-2014 08:00,0,0,0,TRUE
25-03-2014 08:00,0,0,0,TRUE
26-03-2014 08:00,0,0,0,TRUE
27-03-2014 08:00,0,0,0,TRUE
28-03-2014 08:00,0,0,0,TRUE
29-03-2014 08:00,0,0,0,TRUE
30-03-2014 08:00,0,0,0,TRUE
31-03-2014 08:00,0,0,0,TRUE
01-04-2014 08:00,0,0,0,TRUE
02-04-2014 08:00,0,0,0,TRUE
03-04-2014 08:00,0,0,0,TRUE
04-04-2014 08:00,0,0,0,TRUE
05-04-2014 08:00,0,0,0,TRUE
06-04-2014 08:00,0,0,0,TRUE
07-04-2014 08:00,0,0,0,TRUE
08-04-2014 08:00,0,0,0,TRUE
09-04-2014 08:00,0,0,0,TRUE
10-04-2014 08:00,0,0,0,TRUE
11-04-2014 08:00,0,0,0,TRUE
12-04-2014 08:00,0,0,0,TRUE
13-04-2014 08:00,0,0,0,TRUE
14-04-2014 08:00,0,0,0,TRUE
15-04-2014 08:00,0,0,0,TRUE
16-04-2014 08:00,0,0,0,TRUE
17-04-2014 08:00,0,0,0,TRUE
18-04-2014 08:00,0,0,0,TRUE
19-04-2014 08:00,0,0,0,TRUE
20-04-2014 08:00,0,0,0,TRUE
21-04-2014 08:00,0,0,0,TRUE
22-04-2014 08:00,0,0,0,TRUE
23-04-2014 08:00,0,0,0,TRUE
24-04-2014 08:00,0,0,0,TRUE
25-04-2014 08:00,0,0,0,TRUE
26-04-2014 08:00,0,0,0,TRUE
27-04-2014 08:00,0,0,0,TRUE
28-04-2014 08:00,0,0,0,TRUE
29-04-2014 08:00,0,0,0,TRUE
30-04-2014 08:00,0,0,0,TRUE
01-05-2014 08:00,0,0,0,TRUE
02-05-2014 08:00,0,0,0,TRUE
03-05-2014 08:00,0,0,0,TRUE
04-05-2014 08:00,0,0,0,TRUE
05-05-2014 08:00,0,0,0,TRUE
06-05-2014 08:00,0,0,0,TRUE
07-05-2014 08:00,0,0,0,TRUE
08-05-2014 08:00,0,0,0,TRUE
09-05-2014 08:00,0,0,0,TRUE
10-05-2014 08:00,0,0,0,TRUE
11-05-2014 08:00,0,0,0,TRUE
12-05-2014 08:00,0,0,0,TRUE
13-05-2014 08:00,0,0,0,TRUE
14-05-2014 08:00,0,0,0,TRUE
15-05-2014 08:00,0,0,0,TRUE
16-05-2014 08:00,0,0,0,TRUE
17-05-2014 08:00,0,0,0,TRUE
18-05-2014 08:00,0,0,0,TRUE
19-05-2014 08:00,0,0,0,TRUE
20-05-2014 08:00,0,0,0,TRUE
21-05-2014 08:00,0,0,0,TRUE
22-05-2014 08:00,0,0,0,TRUE
23-05-2014 08:00,0,0,0,TRUE
24-05-2014 08:00,0,0,0,TRUE
25-05-2014 08:00,0,0,0,TRUE
26-05-2014 08:00,0,0,0,TRUE
27-05-2014 08:00,0,0,0,TRUE
28-05-2014 08:00,0,0,0,TRUE
29-05-2014 08:00,0,0,0,TRUE
30-05-2014 08:00,0,0,0,TRUE
31-05-2014 08:00,0,0,0,TRUE
06-06-2014 09:30,37.13,0.0046,14.7569472,FALSE
11-06-2014 09:30,1.6243056,0.0113,1.585842043,FALSE
12-06-2014 10:45,19.2,0.0241,39.979008,FALSE
13-06-2014 09:45,26.35,0.0217,49.403088,FALSE
14-06-2014 10:00,44.13,0.0285,108.665712,FALSE
16-06-2014 09:15,53.32,0.0129,59.4283392,FALSE
17-06-2014 09:30,104.9,0.0209,189.424224,FALSE
18-06-2014 10:00,220.9,0.0296,564.938496,FALSE
19-06-2014 09:30,484.9,0.0548,2295.865728,FALSE
20-06-2014 09:30,447.1,0.0259,1000.502496,FALSE
21-06-2014 09:30,462.2,0.0267,1066.239936,FALSE
23-06-2014 09:30,509.6,0.0166,730.888704,FALSE
24-06-2014 09:30,287.5,0.0151,375.084,FALSE
25-06-2014 09:30,177.7,0.0077,118.220256,FALSE
26-06-2014 09:30,169.6,0.0106,155.326464,FALSE
27-06-2014 10:00,129.1,0.0113,126.042912,FALSE
28-06-2014 09:30,110.9,0.0092,88.152192,FALSE
01-07-2014 09:30,121.9,0.0123,129.545568,FALSE
02-07-2014 09:30,151.8,0.006,78.69312,FALSE
03-07-2014 09:30,158.4,0.0161,220.340736,FALSE
07-07-2014 09:30,91.42,0.0311,245.6491968,FALSE
08-07-2014 09:30,186,0.014,224.9856,FALSE
09-07-2014 09:30,185.9,0.0149,239.320224,FALSE
10-07-2014 09:30,178.4,0.0149,229.665024,FALSE
11-07-2014 09:30,527.3,0.0234,1066.074048,FALSE
12-07-2014 09:30,564.6,0.02,975.6288,FALSE
14-07-2014 09:30,2466,0.0546,11633.20704,FALSE
15-07-2014 10:00,2274,0.0402,7898.23872,FALSE
16-07-2014 09:30,1946,0.0322,5413.92768,FALSE
17-07-2014 09:30,1829,0.0465,7348.1904,FALSE
18-07-2014 09:30,1328,0.0683,7836.68736,FALSE
19-07-2014 10:00,2864,0.0548,13560.23808,FALSE
20-07-2014 10:30,3562,0.1297,39916.05696,FALSE
21-07-2014 10:00,2849,0.0388,9550.75968,FALSE
22-07-2014 09:30,2296,0.0302,5990.90688,FALSE
23-07-2014 09:30,1987,0.0244,4188.91392,FALSE
24-07-2014 09:30,2683,0.0552,12795.97824,FALSE
25-07-2014 09:30,2108,0.0588,10709.31456,FALSE
26-07-2014 10:00,1995,0.0267,4602.2256,FALSE
28-07-2014 10:00,1846,0.0235,3748.1184,FALSE
30-07-2014 09:30,1222,0.0449,4740.57792,FALSE
31-07-2014 09:30,2426,0.05,10480.32,FALSE
01-08-2014 09:30,3949,0.0564,19243.31904,FALSE
02-08-2014 09:30,3546,0.0601,18413.10144,FALSE
04-08-2014 09:30,2396,0.0395,8177.0688,FALSE
05-08-2014 09:30,2674,0.0298,6884.80128,FALSE
06-08-2014 10:00,3562,1.1656,358721.3261,FALSE
07-08-2014 09:30,3497,0.0364,10997.92512,FALSE
08-08-2014 09:30,2379,0.0689,14162.09184,FALSE
09-08-2014 09:30,1798,0.0401,6229.42272,FALSE
11-08-2014 09:30,1443,0.0189,2356.36128,FALSE
12-08-2014 09:30,1592,0.0386,5309.38368,FALSE
13-08-2014 09:30,1201,0.0253,2625.28992,FALSE
14-08-2014 09:30,1153,0.0304,3028.42368,FALSE
16-08-2014 09:30,754.9,0.0228,1487.092608,FALSE
18-08-2014 09:30,654.7,0.0148,837.177984,FALSE
19-08-2014 09:30,671.6,0.0115,667.30176,FALSE
20-08-2014 10:00,600.6,0.0199,1032.647616,FALSE
21-08-2014 09:30,757.8,0.02,1309.4784,FALSE
22-08-2014 11:00,669.3,0.0258,1491.950016,FALSE
23-08-2014 09:30,804.9,0.0413,2872.140768,FALSE
25-08-2014 09:30,562.5,0.0246,1195.56,FALSE
26-08-2014 09:30,609,0.0136,715.59936,FALSE
27-08-2014 09:30,500.9,0.0209,904.505184,FALSE
28-08-2014 09:30,700.2,0.0188,1137.348864,FALSE
30-08-2014 10:00,1014,0.0224,1962.45504,FALSE
01-09-2014 09:30,1163,0.0162,1627.82784,FALSE
02-09-2014 09:30,1281,0.0148,1638.04032,FALSE
03-09-2014 09:30,1031,0.0178,1585.59552,FALSE
04-09-2014 10:00,1005,0.0288,2500.7616,FALSE
05-09-2014 09:30,1010,0.028,2443.392,FALSE
06-09-2014 09:30,986.8,0.0235,2003.59872,FALSE
08-09-2014 09:30,1120,0.0198,1916.0064,FALSE
09-09-2014 09:30,751.2,0.0139,902.161152,FALSE
10-09-2014 10:00,676.5,0.0106,619.56576,FALSE
11-09-2014 09:30,605.6,0.0131,685.442304,FALSE
12-09-2014 09:30,503,0.011,478.0512,FALSE
13-09-2014 10:00,481.5,0.0188,782.11008,FALSE
15-09-2014 09:30,647.5,0.0463,2590.2072,FALSE
16-09-2014 09:30,573.1,0.0162,802.156608,FALSE
17-09-2014 10:00,484.4,0.0148,619.411968,FALSE
18-09-2014 09:30,417.7,0.0069,249.016032,FALSE
19-09-2014 09:30,408.5,0.0099,349.41456,FALSE
20-09-2014 09:30,304.4,0.0091,239.331456,FALSE
22-09-2014 09:30,322.7,0.0037,103.160736,FALSE
23-09-2014 09:30,408,0.005,176.256,FALSE
24-09-2014 09:30,328.3,0.0135,382.92912,FALSE
25-09-2014 09:30,364.4,0.0054,170.014464,FALSE
26-09-2014 09:30,615.2,0.0391,2078.293248,FALSE
27-09-2014 09:30,311.2,0.0142,381.805056,FALSE
29-09-2014 10:00,502.7,0.0168,729.679104,FALSE
30-09-2014 10:00,378.4,0,0,TRUE
01-10-2014 09:30,435.7,0.0047,176.929056,FALSE
04-10-2014 10:00,272.1,0.0207,486.645408,FALSE
07-10-2014 09:30,404.6,0.0124,433.472256,FALSE
08-10-2014 09:30,374.3,0.0161,520.666272,FALSE
09-10-2014 10:00,307.9,0.015,399.0384,FALSE
10-10-2014 09:30,307.6,0.0134,356.126976,FALSE
11-10-2014 09:30,281.7,0.015,365.0832,FALSE
13-10-2014 10:00,214.4,0.0168,311.205888,FALSE
14-10-2014 10:00,148.4,0.0076,97.445376,FALSE
15-10-2014 09:30,219,0.0074,140.01984,FALSE
16-10-2014 09:30,185.5,0.0093,149.05296,FALSE
17-10-2014 09:30,183.9,0.0093,147.767328,FALSE
18-10-2014 09:30,192.1,0.0134,222.405696,FALSE
20-10-2014 09:30,219.8,0.0312,592.510464,FALSE
21-10-2014 09:30,215.6,0.0081,150.885504,FALSE
22-10-2014 09:30,224.3,0.0126,244.181952,FALSE
24-10-2014 09:30,443.7,0.0164,628.705152,FALSE
25-10-2014 09:30,361.9,0.0178,556.573248,FALSE
27-10-2014 09:30,223.8,0.0137,264.907584,FALSE
28-10-2014 09:30,266.4,0.0095,218.66112,FALSE
29-10-2014 09:30,170.9,0.0089,131.415264,FALSE
30-10-2014 09:30,160.1,0.0092,127.260288,FALSE
31-10-2014 09:30,157.5,0.0099,134.7192,FALSE
01-11-2014 09:30,139.4,0.0105,126.46368,FALSE
03-11-2014 09:30,134.6,0.0078,90.709632,FALSE
05-11-2014 09:30,167.7,0.0128,185.462784,FALSE
07-11-2014 09:30,163,0.0086,121.11552,FALSE
08-11-2014 09:30,123.1,0.0111,118.057824,FALSE
10-11-2014 09:30,109.8,0.0073,69.253056,FALSE
11-11-2014 10:00,121.5,0.0077,80.83152,FALSE
12-11-2014 09:30,94.95,0.0093,76.294224,FALSE
13-11-2014 09:30,106.3,0.0076,69.800832,FALSE
14-11-2014 09:30,83.83,0.0093,67.3590816,FALSE
15-11-2014 09:30,150,0.0146,189.216,FALSE
17-11-2014 09:30,104,0.0138,124.00128,FALSE
18-11-2014 10:00,95.27,0.0076,62.5580928,FALSE
19-11-2014 09:30,82.64,0.0088,62.8328448,FALSE
20-11-2014 09:30,78.95,0.0093,63.437904,FALSE
21-11-2014 09:30,73.88,0.0071,45.3209472,FALSE
22-11-2014 09:30,114.5,0.0066,65.29248,FALSE
24-11-2014 09:30,73.41,0.0091,57.7178784,FALSE
25-11-2014 09:30,72.9,0.01,62.9856,FALSE
26-11-2014 09:30,63.65,0.007,38.49552,FALSE
27-11-2014 09:30,65.78,0.0104,59.1072768,FALSE
28-11-2014 09:30,53.49,0.0071,32.8129056,FALSE
29-11-2014 09:30,64.31,0.0075,41.67288,FALSE
03-12-2014 09:30,37.66,0.0037,12.0391488,FALSE
04-12-2014 09:30,53.03,0.0022,10.0799424,FALSE
05-12-2014 09:30,52.6,0.0044,19.996416,FALSE
10-12-2014 08:00,89.66,0.0041,31.7611584,FALSE
16-12-2014 09:30,95.15,0.0085,69.87816,FALSE
19-12-2014 08:00,0,0,0,TRUE
20-12-2014 08:00,0,0,0,TRUE
21-12-2014 08:00,0,0,0,TRUE
22-12-2014 08:00,0,0,0,TRUE
23-12-2014 08:00,0,0,0,TRUE
24-12-2014 08:00,0,0,0,TRUE
25-12-2014 08:00,0,0,0,TRUE
26-12-2014 08:00,0,0,0,TRUE
27-12-2014 08:00,0,0,0,TRUE
28-12-2014 08:00,0,0,0,TRUE
29-12-2014 08:00,0,0,0,TRUE
30-12-2014 08:00,0,0,0,TRUE
31-12-2014 08:00,0,0,0,TRUE
01-01-2015 08:00,0,0,0,TRUE
02-01-2015 08:00,0,0,0,TRUE
03-01-2015 08:00,0,0,0,TRUE
04-01-2015 08:00,0,0,0,TRUE
05-01-2015 08:00,0,0,0,TRUE
06-01-2015 08:00,0,0,0,TRUE
07-01-2015 08:00,0,0,0,TRUE
08-01-2015 08:00,0,0,0,TRUE
09-01-2015 08:00,0,0,0,TRUE
10-01-2015 08:00,0,0,0,TRUE
11-01-2015 08:00,0,0,0,TRUE
12-01-2015 08:00,0,0,0,TRUE
13-01-2015 08:00,0,0,0,TRUE
14-01-2015 08:00,0,0,0,TRUE
15-01-2015 08:00,0,0,0,TRUE
16-01-2015 08:00,0,0,0,TRUE
17-01-2015 08:00,0,0,0,TRUE
18-01-2015 08:00,0,0,0,TRUE
19-01-2015 08:00,0,0,0,TRUE
20-01-2015 08:00,0,0,0,TRUE
21-01-2015 08:00,0,0,0,TRUE
22-01-2015 08:00,0,0,0,TRUE
23-01-2015 08:00,0,0,0,TRUE
24-01-2015 08:00,0,0,0,TRUE
25-01-2015 08:00,0,0,0,TRUE
26-01-2015 08:00,0,0,0,TRUE
27-01-2015 08:00,0,0,0,TRUE
28-01-2015 08:00,0,0,0,TRUE
29-01-2015 08:00,0,0,0,TRUE
30-01-2015 08:00,0,0,0,TRUE
31-01-2015 08:00,0,0,0,TRUE
01-02-2015 08:00,0,0,0,TRUE
02-02-2015 08:00,0,0,0,TRUE
03-02-2015 08:00,0,0,0,TRUE
04-02-2015 08:00,0,0,0,TRUE
05-02-2015 08:00,0,0,0,TRUE
06-02-2015 08:00,0,0,0,TRUE
07-02-2015 08:00,0,0,0,TRUE
08-02-2015 08:00,0,0,0,TRUE
09-02-2015 08:00,0,0,0,TRUE
10-02-2015 08:00,0,0,0,TRUE
12-02-2015 08:00,0,0,0,TRUE
13-02-2015 08:00,0,0,0,TRUE
14-02-2015 08:00,0,0,0,TRUE
15-02-2015 08:00,0,0,0,TRUE
16-02-2015 08:00,0,0,0,TRUE
17-02-2015 08:00,0,0,0,TRUE
18-02-2015 08:00,0,0,0,TRUE
19-02-2015 08:00,0,0,0,TRUE
20-02-2015 08:00,0,0,0,TRUE
21-02-2015 08:00,0,0,0,TRUE
22-02-2015 08:00,0,0,0,TRUE
23-02-2015 08:00,0,0,0,TRUE
24-02-2015 08:00,0,0,0,TRUE
25-02-2015 08:00,0,0,0,TRUE
26-02-2015 08:00,0,0,0,TRUE
27-02-2015 08:00,0,0,0,TRUE
28-02-2015 08:00,0,0,0,TRUE
01-03-2015 08:00,0,0,0,TRUE
02-03-2015 08:00,0,0,0,TRUE
03-03-2015 08:00,0,0,0,TRUE
04-03-2015 08:00,0,0,0,TRUE
05-03-2015 08:00,0,0,0,TRUE
06-03-2015 08:00,0,0,0,TRUE
07-03-2015 08:00,0,0,0,TRUE
08-03-2015 08:00,0,0,0,TRUE
09-03-2015 08:00,0,0,0,TRUE
10-03-2015 08:00,0,0,0,TRUE
12-03-2015 08:00,0,0,0,TRUE
13-03-2015 08:00,0,0,0,TRUE
14-03-2015 08:00,0,0,0,TRUE
15-03-2015 08:00,0,0,0,TRUE
16-03-2015 08:00,0,0,0,TRUE
17-03-2015 08:00,0,0,0,TRUE
18-03-2015 08:00,0,0,0,TRUE
19-03-2015 08:00,0,0,0,TRUE
20-03-2015 08:00,0,0,0,TRUE
22-03-2015 08:00,0,0,0,TRUE
23-03-2015 08:00,0,0,0,TRUE
24-03-2015 08:00,0,0,0,TRUE
25-03-2015 08:00,0,0,0,TRUE
26-03-2015 08:00,0,0,0,TRUE
27-03-2015 08:00,0,0,0,TRUE
28-03-2015 08:00,0,0,0,TRUE
29-03-2015 08:00,0,0,0,TRUE
30-03-2015 08:00,0,0,0,TRUE
31-03-2015 08:00,0,0,0,TRUE
02-04-2015 08:00,0,0,0,TRUE
03-04-2015 08:00,0,0,0,TRUE
04-04-2015 08:00,0,0,0,TRUE
05-04-2015 08:00,0,0,0,TRUE
06-04-2015 08:00,0,0,0,TRUE
07-04-2015 08:00,0,0,0,TRUE
08-04-2015 08:00,0,0,0,TRUE
09-04-2015 08:00,0,0,0,TRUE
10-04-2015 08:00,0,0,0,TRUE
11-04-2015 08:00,0,0,0,TRUE
12-04-2015 08:00,0,0,0,TRUE
13-04-2015 08:00,0,0,0,TRUE
14-04-2015 08:00,0,0,0,TRUE
15-04-2015 08:00,0,0,0,TRUE
16-04-2015 08:00,0,0,0,TRUE
17-04-2015 08:00,0,0,0,TRUE
18-04-2015 08:00,0,0,0,TRUE
19-04-2015 08:00,0,0,0,TRUE
20-04-2015 08:00,0,0,0,TRUE
22-04-2015 08:00,0,0,0,TRUE
23-04-2015 08:00,0,0,0,TRUE
24-04-2015 08:00,0,0,0,TRUE
25-04-2015 08:00,0,0,0,TRUE
26-04-2015 08:00,0,0,0,TRUE
27-04-2015 08:00,0,0,0,TRUE
28-04-2015 08:00,0,0,0,TRUE
29-04-2015 08:00,0,0,0,TRUE
01-05-2015 08:00,0,0,0,TRUE
02-05-2015 08:00,0,0,0,TRUE
03-05-2015 08:00,0,0,0,TRUE
04-05-2015 08:00,0,0,0,TRUE
05-05-2015 08:00,0,0,0,TRUE
06-05-2015 08:00,0,0,0,TRUE
07-05-2015 08:00,0,0,0,TRUE
08-05-2015 08:00,0,0,0,TRUE
09-05-2015 08:00,0,0,0,TRUE
10-05-2015 08:00,0,0,0,TRUE
11-05-2015 08:00,0,0,0,TRUE
12-05-2015 08:00,0,0,0,TRUE
13-05-2015 08:00,0,0,0,TRUE
14-05-2015 08:00,0,0,0,TRUE
15-05-2015 08:00,0,0,0,TRUE
16-05-2015 08:00,0,0,0,TRUE
17-05-2015 08:00,0,0,0,TRUE
18-05-2015 08:00,0,0,0,TRUE
19-05-2015 08:00,0,0,0,TRUE
20-05-2015 08:00,0,0,0,TRUE
21-05-2015 08:00,0,0,0,TRUE
22-05-2015 08:00,0,0,0,TRUE
23-05-2015 08:00,0,0,0,TRUE
24-05-2015 08:00,0,0,0,TRUE
25-05-2015 08:00,0,0,0,TRUE
26-05-2015 08:00,0,0,0,TRUE
27-05-2015 08:00,0,0,0,TRUE
28-05-2015 08:00,0,0,0,TRUE
29-05-2015 08:00,0,0,0,TRUE
30-05-2015 08:00,0,0,0,TRUE
31-05-2015 08:00,0,0,0,TRUE
02-06-2015 08:00,0,0,0,TRUE
03-06-2015 08:00,0,0,0,TRUE
04-06-2015 08:00,0,0,0,TRUE
05-06-2015 08:00,0,0,0,TRUE
06-06-2015 08:00,0,0,0,TRUE
07-06-2015 08:00,0,0,0,TRUE
08-06-2015 08:00,0,0,0,TRUE
09-06-2015 08:00,0,0,0,TRUE
10-06-2015 08:00,0,0,0,TRUE
11-06-2015 10:30,3.6676323,0.0154,4.880004833,FALSE
12-06-2015 10:00,172.3,0.0161,239.676192,FALSE
13-06-2015 10:00,264,0.0159,362.67264,FALSE
15-06-2015 10:00,142.8,0.0266,328.188672,FALSE
16-06-2015 09:30,97.59,0.016,134.908416,FALSE
17-06-2015 09:30,87.24,0.0231,174.1170816,FALSE
18-06-2015 09:30,162.5,0.0132,185.328,FALSE
19-06-2015 09:30,174,0.0457,687.03552,FALSE
20-06-2015 09:30,505.94122,0.0243,1062.23371,FALSE
22-06-2015 09:30,894.4,0.051,3941.08416,FALSE
23-06-2015 09:30,942.4,0.0464,3778.043904,FALSE
24-06-2015 09:45,1152,0.0676,6728.41728,FALSE
25-06-2015 09:45,1168,0.0403,4066.88256,FALSE
26-06-2015 09:30,2136,0.0432,7972.57728,FALSE
27-06-2015 09:30,1269,0.1197,13124.09952,FALSE
29-06-2015 09:30,524.3,0.0254,1150.607808,FALSE
30-06-2015 09:30,575.1,0.0154,765.205056,FALSE
01-07-2015 09:00,407.4,0.0158,556.149888,FALSE
02-07-2015 09:30,405.8,0.0153,536.435136,FALSE
03-07-2015 09:30,398.9,0.0087,299.845152,FALSE
04-07-2015 09:30,283.2,0.0098,239.791104,FALSE
06-07-2015 10:00,249.5,0.0046,99.16128,FALSE
07-07-2015 10:00,243.1,0.004,84.01536,FALSE
09-07-2015 09:30,1365,0.0359,4233.9024,FALSE
10-07-2015 10:00,1044,0.0243,2191.89888,FALSE
11-07-2015 09:30,1028,0.0246,2184.95232,FALSE
13-07-2015 09:30,798.6,0.0196,1352.381184,FALSE
14-07-2015 09:30,502.4,0.0084,364.621824,FALSE
15-07-2015 09:30,769.9,0.0309,2055.448224,FALSE
16-07-2015 09:30,576.8,0.0116,578.092032,FALSE
17-07-2015 09:30,757,0.039,2550.7872,FALSE
20-07-2015 09:30,2159,0.1089,20313.94464,FALSE
21-07-2015 10:00,1260,0.0258,2808.6912,FALSE
22-07-2015 09:30,1075,0.0484,4495.392,FALSE
23-07-2015 10:00,1115,0.0192,1849.6512,FALSE
24-07-2015 09:30,1027,0.0268,2378.03904,FALSE
25-07-2015 09:30,776.3,0.0364,2441.432448,FALSE
27-07-2015 09:30,625.8,0.0173,935.395776,FALSE
28-07-2015 09:30,607.5,0.0188,986.7744,FALSE
29-07-2015 09:30,502.4,0.0148,642.428928,FALSE
30-07-2015 09:30,462.4,0.0068,271.669248,FALSE
31-07-2015 10:00,474.6,0.0105,430.55712,FALSE
01-08-2015 09:30,474.4,0.0188,770.577408,FALSE
03-08-2015 09:30,421.9,0.0107,390.038112,FALSE
04-08-2015 09:30,657.3,0.0295,1675.32624,FALSE
05-08-2015 09:30,601.3,0.0187,971.508384,FALSE
06-08-2015 10:00,929.7,0.0216,1735.043328,FALSE
07-08-2015 09:30,1031,0.0542,4828.04928,FALSE
08-08-2015 10:00,1371,0.0816,9665.87904,FALSE
10-08-2015 09:30,909.1,0.037,2906.21088,FALSE
11-08-2015 09:30,1337,0.0408,4713.08544,FALSE
12-08-2015 09:30,1243,0.0308,3307.77216,FALSE
13-08-2015 09:30,1124,0.0114,1107.09504,FALSE
14-08-2015 09:30,1100,0.0239,2271.456,FALSE
17-08-2015 10:00,714.4,0.015,925.8624,FALSE
18-08-2015 09:30,615.8,0.0162,861.922944,FALSE
19-08-2015 09:30,542.4,0.0235,1101.28896,FALSE
20-08-2015 09:30,616.2,0.0242,1288.400256,FALSE
21-08-2015 09:30,427.8,0.0261,964.706112,FALSE
22-08-2015 09:30,606.4,0.0225,1178.8416,FALSE
24-08-2015 09:30,527.6,0.0137,624.509568,FALSE
25-08-2015 09:30,412,0.0134,476.99712,FALSE
26-08-2015 09:30,374.6,0.0146,472.535424,FALSE
27-08-2015 09:30,372.5,0.0097,312.1848,FALSE
28-08-2015 09:30,404.7,0.0091,318.191328,FALSE
29-08-2015 09:30,364.3,0.0101,317.902752,FALSE
31-08-2015 09:30,324.3,0.0087,243.769824,FALSE
01-09-2015 09:30,277.7,0.0075,179.9496,FALSE
02-09-2015 10:00,255.1,0.0056,123.427584,FALSE
03-09-2015 09:30,237.3,0.0054,110.714688,FALSE
04-09-2015 09:30,229,0.0037,73.20672,FALSE
05-09-2015 09:30,249.1,0.0052,111.915648,FALSE
07-09-2015 09:30,270.8,0.0059,138.043008,FALSE
08-09-2015 09:30,423.3,0.0072,263.326464,FALSE
09-09-2015 09:30,335.7,0.0102,295.845696,FALSE
10-09-2015 09:30,268.7,0.015,348.2352,FALSE
11-09-2015 09:30,268.2,0.0062,143.669376,FALSE
12-09-2015 10:00,227.6,0.0053,104.222592,FALSE
14-09-2015 09:30,210.2,0.0072,130.761216,FALSE
15-09-2015 09:30,238.5,0.0047,96.85008,FALSE
16-09-2015 09:30,330.4,0.0036,102.767616,FALSE
18-09-2015 09:30,230.9,0.008,159.59808,FALSE
19-09-2015 09:30,285.2,0.0056,137.991168,FALSE
21-09-2015 09:30,344.8,0.006,178.74432,FALSE
22-09-2015 09:30,200.7,0.0067,116.181216,FALSE
23-09-2015 09:30,247.6,0.0058,124.077312,FALSE
24-09-2015 09:30,227.3,0.0065,127.65168,FALSE
26-09-2015 10:00,245.8,0.0082,174.144384,FALSE
28-09-2015 09:30,331.1,0.0045,128.73168,FALSE
29-09-2015 09:30,202.7,0.0069,120.841632,FALSE
30-09-2015 09:30,263.6,0.0101,230.027904,FALSE
01-10-2015 09:30,359.7,0.0302,938.558016,FALSE
03-10-2015 09:30,213.8,0.0079,145.931328,FALSE
05-10-2015 10:00,276.8,0.0097,231.980544,FALSE
06-10-2015 09:30,385,0.0066,219.5424,FALSE
07-10-2015 09:30,265.1,0.0082,187.818048,FALSE
08-10-2015 09:30,258.8,0.0058,129.689856,FALSE
09-10-2015 09:30,247.5,0.0048,102.6432,FALSE
10-10-2015 09:30,243.8,0.0213,448.670016,FALSE
12-10-2015 10:00,188.2,0.0096,156.100608,FALSE
13-10-2015 09:30,239,0.0138,284.96448,FALSE
14-10-2015 09:30,231.9,0.0107,214.386912,FALSE
15-10-2015 09:30,195.2,0.0074,124.803072,FALSE
16-10-2015 09:30,139.2,0.0048,57.729024,FALSE
17-10-2015 09:30,142.2,0.0065,79.85952,FALSE
19-10-2015 09:30,144,0.0041,51.01056,FALSE
20-10-2015 09:30,135.57716,0.0055,64.42626643,FALSE
21-10-2015 09:30,125.96138,0.0059,64.21007307,FALSE
23-10-2015 10:00,147.4266,0.007,89.16360768,FALSE
26-10-2015 09:30,103.16829,0.0049,43.67732725,FALSE
27-10-2015 09:30,98.69283,0.0052,44.34071466,FALSE
28-10-2015 09:30,106.72305,0.0054,49.79270621,FALSE
29-10-2015 09:30,267.4996,0.0082,189.5181166,FALSE
30-10-2015 09:30,350.09906,0.0086,260.1376055,FALSE
02-11-2015 09:15,657.06647,0.1021,5796.272441,FALSE
05-11-2015 09:30,338.5,0.0339,991.45296,FALSE
06-11-2015 09:30,183.7,0.0103,163.478304,FALSE
07-11-2015 09:30,181.8,0.01,157.0752,FALSE
10-11-2015 09:30,104.8,0.0053,47.990016,FALSE
12-11-2015 09:30,131.4,0.0044,49.953024,FALSE
14-11-2015 09:30,112.2,0.0133,128.931264,FALSE
27-11-2015 12:00,53.32252,0.0066,30.4066338,FALSE
01-12-2015 09:30,59.1,0.0117,59.743008,FALSE
02-12-2015 09:30,54.75,0.0099,46.83096,FALSE
03-12-2015 10:30,95.06,0.0123,101.0221632,FALSE
04-12-2015 09:30,92.41,0.008,63.873792,FALSE
05-12-2015 09:30,91.86,0.0072,57.1442688,FALSE
08-12-2015 09:30,70.97,0.0055,33.724944,FALSE
09-12-2015 09:30,35.74,0.0099,30.5705664,FALSE
11-12-2015 09:30,38.58,0.0062,20.6665344,FALSE
15-12-2015 09:30,71.34,0.0042,25.8878592,FALSE
21-12-2015 09:30,33.84,0.0047,13.7417472,FALSE
22-12-2015 09:30,32.2,0.0046,12.797568,FALSE
23-12-2015 09:30,32.39,0.0043,12.0335328,FALSE
26-12-2015 09:30,44.68,0.004,15.441408,FALSE
28-12-2015 09:30,20.99,0.0034,6.1660224,FALSE
29-12-2015 09:30,21.81,0.0043,8.1028512,FALSE
03-01-2016 08:00,0,0,0,TRUE
04-01-2016 08:00,0,0,0,TRUE
05-01-2016 08:00,0,0,0,TRUE
06-01-2016 08:00,0,0,0,TRUE
07-01-2016 08:00,0,0,0,TRUE
08-01-2016 08:00,0,0,0,TRUE
09-01-2016 08:00,0,0,0,TRUE
10-01-2016 08:00,0,0,0,TRUE
11-01-2016 08:00,0,0,0,TRUE
12-01-2016 08:00,0,0,0,TRUE
13-01-2016 08:00,0,0,0,TRUE
14-01-2016 08:00,0,0,0,TRUE
15-01-2016 08:00,0,0,0,TRUE
16-01-2016 08:00,0,0,0,TRUE
17-01-2016 08:00,0,0,0,TRUE
18-01-2016 08:00,0,0,0,TRUE
19-01-2016 08:00,0,0,0,TRUE
20-01-2016 08:00,0,0,0,TRUE
21-01-2016 08:00,0,0,0,TRUE
22-01-2016 08:00,0,0,0,TRUE
23-01-2016 08:00,0,0,0,TRUE
24-01-2016 08:00,0,0,0,TRUE
25-01-2016 08:00,0,0,0,TRUE
26-01-2016 08:00,0,0,0,TRUE
27-01-2016 08:00,0,0,0,TRUE
28-01-2016 08:00,0,0,0,TRUE
29-01-2016 08:00,0,0,0,TRUE
30-01-2016 08:00,0,0,0,TRUE
31-01-2016 08:00,0,0,0,TRUE
01-02-2016 08:00,0,0,0,TRUE
02-02-2016 08:00,0,0,0,TRUE
03-02-2016 08:00,0,0,0,TRUE
04-02-2016 08:00,0,0,0,TRUE
05-02-2016 08:00,0,0,0,TRUE
06-02-2016 08:00,0,0,0,TRUE
07-02-2016 08:00,0,0,0,TRUE
08-02-2016 08:00,0,0,0,TRUE
09-02-2016 08:00,0,0,0,TRUE
10-02-2016 08:00,0,0,0,TRUE
11-02-2016 08:00,0,0,0,TRUE
12-02-2016 08:00,0,0,0,TRUE
13-02-2016 08:00,0,0,0,TRUE
14-02-2016 08:00,0,0,0,TRUE
15-02-2016 08:00,0,0,0,TRUE
16-02-2016 08:00,0,0,0,TRUE
17-02-2016 08:00,0,0,0,TRUE
18-02-2016 08:00,0,0,0,TRUE
19-02-2016 08:00,0,0,0,TRUE
20-02-2016 08:00,0,0,0,TRUE
21-02-2016 08:00,0,0,0,TRUE
22-02-2016 08:00,0,0,0,TRUE
23-02-2016 08:00,0,0,0,TRUE
24-02-2016 08:00,0,0,0,TRUE
25-02-2016 08:00,0,0,0,TRUE
26-02-2016 08:00,0,0,0,TRUE
27-02-2016 08:00,0,0,0,TRUE
28-02-2016 08:00,0,0,0,TRUE
29-02-2016 08:00,0,0,0,TRUE
01-03-2016 08:00,0,0,0,TRUE
02-03-2016 08:00,0,0,0,TRUE
03-03-2016 08:00,0,0,0,TRUE
04-03-2016 08:00,0,0,0,TRUE
05-03-2016 08:00,0,0,0,TRUE
06-03-2016 08:00,0,0,0,TRUE
07-03-2016 08:00,0,0,0,TRUE
08-03-2016 08:00,0,0,0,TRUE
09-03-2016 08:00,0,0,0,TRUE
10-03-2016 08:00,0,0,0,TRUE
11-03-2016 08:00,0,0,0,TRUE
12-03-2016 08:00,0,0,0,TRUE
13-03-2016 08:00,0,0,0,TRUE
14-03-2016 08:00,0,0,0,TRUE
15-03-2016 08:00,0,0,0,TRUE
16-03-2016 08:00,0,0,0,TRUE
17-03-2016 08:00,0,0,0,TRUE
18-03-2016 08:00,0,0,0,TRUE
19-03-2016 08:00,0,0,0,TRUE
20-03-2016 08:00,0,0,0,TRUE
21-03-2016 08:00,0,0,0,TRUE
23-03-2016 08:00,0,0,0,TRUE
24-03-2016 08:00,0,0,0,TRUE
25-03-2016 08:00,0,0,0,TRUE
26-03-2016 08:00,0,0,0,TRUE
27-03-2016 08:00,0,0,0,TRUE
28-03-2016 08:00,0,0,0,TRUE
29-03-2016 08:00,0,0,0,TRUE
30-03-2016 08:00,0,0,0,TRUE
31-03-2016 08:00,0,0,0,TRUE
02-04-2016 08:00,0,0,0,TRUE
03-04-2016 08:00,0,0,0,TRUE
04-04-2016 08:00,0,0,0,TRUE
05-04-2016 08:00,0,0,0,TRUE
06-04-2016 08:00,0,0,0,TRUE
07-04-2016 08:00,0,0,0,TRUE
08-04-2016 08:00,0,0,0,TRUE
09-04-2016 08:00,0,0,0,TRUE
10-04-2016 08:00,0,0,0,TRUE
11-04-2016 08:00,0,0,0,TRUE
13-04-2016 08:00,0,0,0,TRUE
14-04-2016 08:00,0,0,0,TRUE
15-04-2016 08:00,0,0,0,TRUE
16-04-2016 08:00,0,0,0,TRUE
17-04-2016 08:00,0,0,0,TRUE
18-04-2016 08:00,0,0,0,TRUE
19-04-2016 08:00,0,0,0,TRUE
20-04-2016 08:00,0,0,0,TRUE
23-04-2016 08:00,0,0,0,TRUE
24-04-2016 08:00,0,0,0,TRUE
25-04-2016 08:00,0,0,0,TRUE
26-04-2016 08:00,0,0,0,TRUE
27-04-2016 08:00,0,0,0,TRUE
28-04-2016 08:00,0,0,0,TRUE
29-04-2016 08:00,0,0,0,TRUE
30-04-2016 08:00,0,0,0,TRUE
01-05-2016 08:00,0,0,0,TRUE
02-05-2016 08:00,0,0,0,TRUE
03-05-2016 08:00,0,0,0,TRUE
04-05-2016 08:00,0,0,0,TRUE
05-05-2016 08:00,0,0,0,TRUE
06-05-2016 08:00,0,0,0,TRUE
07-05-2016 08:00,0,0,0,TRUE
08-05-2016 08:00,0,0,0,TRUE
09-05-2016 08:00,0,0,0,TRUE
10-05-2016 08:00,0,0,0,TRUE
11-05-2016 08:00,0,0,0,TRUE
12-05-2016 08:00,0,0,0,TRUE
13-05-2016 08:00,0,0,0,TRUE
14-05-2016 08:00,0,0,0,TRUE
15-05-2016 08:00,0,0,0,TRUE
16-05-2016 08:00,0,0,0,TRUE
17-05-2016 08:00,0,0,0,TRUE
18-05-2016 08:00,0,0,0,TRUE
19-05-2016 08:00,0,0,0,TRUE
20-05-2016 08:00,0,0,0,TRUE
21-05-2016 08:00,0,0,0,TRUE
22-05-2016 08:00,0,0,0,TRUE
24-05-2016 08:00,0,0,0,TRUE
25-05-2016 08:00,0,0,0,TRUE
26-05-2016 08:00,0,0,0,TRUE
27-05-2016 08:00,0,0,0,TRUE
28-05-2016 08:00,0,0,0,TRUE
29-05-2016 08:00,0,0,0,TRUE
30-05-2016 08:00,0,0,0,TRUE
31-05-2016 08:00,0,0,0,TRUE
10-06-2016 10:00,74.82,0.0102,65.9373696,FALSE
11-06-2016 10:30,239.3,0.0106,219.160512,FALSE
14-06-2016 09:30,67.76,0.0151,88.4024064,FALSE
15-06-2016 10:00,148,0.0132,168.79104,FALSE
16-06-2016 09:30,135.5,0.0173,202.53456,FALSE
17-06-2016 09:30,83.27,0.0232,166.9130496,FALSE
18-06-2016 09:30,167.4,0.0147,212.611392,FALSE
21-06-2016 10:00,217.9,0.0193,363.352608,FALSE
22-06-2016 09:30,315.8,0.0157,428.376384,FALSE
23-06-2016 09:15,436.9,0.0353,1332.510048,FALSE
24-06-2016 09:30,602.4,0.0246,1280.365056,FALSE
25-06-2016 11:00,384.5,0.031,1029.8448,FALSE
29-06-2016 11:00,2456,0.0998,21177.40032,FALSE
30-06-2016 10:00,1822,0.0564,8878.53312,FALSE
01-07-2016 09:30,1270,0.0292,3204.0576,FALSE
02-07-2016 09:30,1177,0.0327,3325.35456,FALSE
04-07-2016 09:30,1948,0.0506,8516.34432,FALSE
05-07-2016 09:30,1881,0.0272,4420.50048,FALSE
06-07-2016 10:00,1234,0.0505,5384.1888,FALSE
08-07-2016 09:30,1188,0.0234,2401.85088,FALSE
09-07-2016 09:30,1219,0.0218,2296.01088,FALSE
11-07-2016 09:30,1852,0.0276,4416.35328,FALSE
12-07-2016 09:30,1665,0.026,3740.256,FALSE
13-07-2016 09:30,1249,0.0475,5125.896,FALSE
14-07-2016 09:30,1191,0.0721,7419.26304,FALSE
16-07-2016 09:30,1298,0.0227,2545.74144,FALSE
18-07-2016 10:00,625.4,0.0164,886.166784,FALSE
19-07-2016 09:30,602.1,0.0119,619.055136,FALSE
20-07-2016 09:30,520.4,0.0083,373.189248,FALSE
21-07-2016 09:30,619,0.0121,647.12736,FALSE
22-07-2016 11:00,906.2,0.0251,1965.221568,FALSE
23-07-2016 10:00,655.7,0.0244,1382.320512,FALSE
25-07-2016 09:30,694.9,0.0112,672.440832,FALSE
26-07-2016 09:30,540.6,0.0187,873.436608,FALSE
27-07-2016 09:30,433.9,0.0127,476.109792,FALSE
28-07-2016 10:00,547.2,0.0112,529.514496,FALSE
29-07-2016 09:30,446.4,0.0156,601.675776,FALSE
30-07-2016 10:00,421.8,0.0115,419.10048,FALSE
01-08-2016 09:30,471.8,0.0126,513.620352,FALSE
03-08-2016 09:30,433,0.0121,452.67552,FALSE
04-08-2016 09:30,701.8,0.0138,836.770176,FALSE
05-08-2016 09:30,1227,0.0299,3169.78272,FALSE
06-08-2016 09:30,934.5,0.0135,1090.0008,FALSE
08-08-2016 09:30,1182,0.0134,1368.47232,FALSE
09-08-2016 09:30,884.2,0.0218,1665.408384,FALSE
10-08-2016 10:00,886.2,0.0165,1263.36672,FALSE
11-08-2016 09:30,899,0.0188,1460.26368,FALSE
12-08-2016 09:30,915.3,0.0207,1636.995744,FALSE
13-08-2016 10:00,1213,0.0273,2861.12736,FALSE
16-08-2016 09:30,1173,0.0276,2797.18272,FALSE
17-08-2016 09:30,1296,0.0278,3112.88832,FALSE
18-08-2016 09:30,1382,0.0278,3319.45344,FALSE
19-08-2016 09:30,1176,0.0274,2784.01536,FALSE
20-08-2016 09:30,809.1,0.0219,1530.946656,FALSE
22-08-2016 09:30,656,0.029,1643.6736,FALSE
23-08-2016 10:00,680.7,0.0216,1270.349568,FALSE
24-08-2016 09:30,1032,0.0274,2443.11552,FALSE
25-08-2016 09:30,783.3,0.0229,1549.806048,FALSE
26-08-2016 09:30,806.9,0.0236,1645.301376,FALSE
27-08-2016 09:30,648.2,0.0119,666.453312,FALSE
29-08-2016 09:30,536.5,0.0246,1140.29856,FALSE
30-08-2016 09:30,552.2,0.0231,1102.102848,FALSE
31-08-2016 09:30,556.67004,0.0267,1284.170982,FALSE
01-09-2016 09:30,583.8,0.0133,670.856256,FALSE
02-09-2016 10:00,541.8,0.0114,533.651328,FALSE
03-09-2016 09:30,545.2,0.0113,532.289664,FALSE
06-09-2016 09:30,354.7,0.0113,346.300704,FALSE
08-09-2016 09:30,353.4,0.0098,299.230848,FALSE
09-09-2016 09:30,343.2,0.0091,269.837568,FALSE
10-09-2016 09:30,343.4,0.0086,255.159936,FALSE
12-09-2016 09:30,313.3,0.008,216.55296,FALSE
14-09-2016 09:30,348.1,0.0078,234.591552,FALSE
15-09-2016 09:30,342.7,0.0082,242.796096,FALSE
16-09-2016 11:30,491.2,0.0133,564.447744,FALSE
17-09-2016 09:30,359.2,0.0081,251.382528,FALSE
19-09-2016 09:30,341.7,0.0091,268.658208,FALSE
20-09-2016 09:30,337.7,0.0101,294.690528,FALSE
21-09-2016 09:30,272.5,0.01,235.44,FALSE
22-09-2016 09:30,285,0.0097,238.8528,FALSE
23-09-2016 09:30,482.8,0.0083,346.225536,FALSE
24-09-2016 09:30,320.9,0.0079,219.033504,FALSE
27-09-2016 09:30,524.5,0.009,407.8512,FALSE
28-09-2016 10:00,379.4,0.0082,268.797312,FALSE
29-09-2016 09:30,349,0.0079,238.21344,FALSE
30-09-2016 09:30,268.7,0.0084,195.011712,FALSE
01-10-2016 09:30,350.8,0.0077,233.380224,FALSE
04-10-2016 09:30,252.2,0.0081,176.499648,FALSE
05-10-2016 09:30,237.5,0.0081,166.212,FALSE
06-10-2016 09:30,232.9,0.0079,158.968224,FALSE
07-10-2016 09:30,221,0.0071,135.57024,FALSE
08-10-2016 09:30,214,0.0068,125.72928,FALSE
13-10-2016 09:30,345.8,0.006,179.26272,FALSE
14-10-2016 09:30,205.8,0.0005,8.89056,FALSE
15-10-2016 09:30,351.4,0.0057,173.057472,FALSE
18-10-2016 09:30,107.7,0.0042,39.082176,FALSE
19-10-2016 09:30,111.8,0.0035,33.80832,FALSE
20-10-2016 10:00,115.5,0.0079,78.83568,FALSE
21-10-2016 09:30,108.4,0.007,65.56032,FALSE
25-10-2016 09:30,87.83,0.0051,38.7014112,FALSE
27-10-2016 09:30,77.35,0.0064,42.771456,FALSE
01-11-2016 09:30,67.95,0.0062,36.399456,FALSE
04-11-2016 09:30,79.18,0.0053,36.2581056,FALSE
07-11-2016 09:30,68.31,0.0047,27.7393248,FALSE
08-11-2016 09:15,50.58,0.0043,18.7914816,FALSE
10-11-2016 09:30,39.36,0.004,13.602816,FALSE
11-11-2016 09:30,57.53,0.0037,18.3911904,FALSE
12-11-2016 09:30,56.93,0.0034,16.7237568,FALSE
15-11-2016 09:30,38.09,0.0031,10.2020256,FALSE
16-11-2016 10:00,38.9,0.003,10.08288,FALSE
17-11-2016 09:30,37.36,0.0033,10.6520832,FALSE
18-11-2016 09:30,35.94,0.003,9.315648,FALSE
19-11-2016 09:30,28.27,0.0029,7.0833312,FALSE
21-11-2016 09:30,12.95,0.0023,2.573424,FALSE
22-11-2016 09:30,12.19,0.0024,2.5277184,FALSE
23-11-2016 09:30,11.84,0.0021,2.1482496,FALSE
24-11-2016 09:30,11.64,0.0018,1.8102528,FALSE
25-11-2016 09:30,11.42,0.0015,1.480032,FALSE
02-07-2019 09:00,151.518,0.0248,324.660649,FALSE
03-07-2019 09:00,194.301,0.0313,525.4520803,FALSE
04-07-2019 09:00,235.331,0.0251,510.3482198,FALSE
05-07-2019 09:00,292.009,0.0274,691.2904262,FALSE
06-07-2019 09:00,630.282,0.0295,1606.462762,FALSE
08-07-2019 09:00,478.171,0.0086,355.3001798,FALSE
09-07-2019 09:00,594.05,0.0086,441.402912,FALSE
10-07-2019 09:00,143.8,0.0493,612.518976,FALSE
11-07-2019 09:00,635.927,0.0594,3263.679112,FALSE
12-07-2019 09:00,488.356,0.0155,654.0063552,FALSE
13-07-2019 09:00,457.615,0.0285,1126.831176,FALSE
15-07-2019 09:00,366.356,0.0156,493.789271,FALSE
16-07-2019 09:00,400.408,0.0263,909.8551066,FALSE
17-07-2019 09:00,206.071,0.0278,494.9660563,FALSE
18-07-2019 09:00,215.503,0.0496,923.5251763,FALSE
19-07-2019 09:00,360.036,0.0239,743.4599386,FALSE
20-07-2019 09:00,521.05,0.0215,967.90248,FALSE
22-07-2019 09:00,946.416,21.037,1720202.693,FALSE
23-07-2019 09:00,1377.783,0.074,8808.993389,FALSE
24-07-2019 09:00,864.695,0.0119,889.0448112,FALSE
25-07-2019 09:00,984.795,0.0139,1182.699403,FALSE
26-07-2019 09:00,666.028,0.0283,1628.518383,FALSE
27-07-2019 09:00,623.713,0.0182,980.7762182,FALSE
29-07-2019 09:00,535.886,0.0074,342.624073,FALSE
30-07-2019 09:00,739.088,0.0051,325.6717363,FALSE
31-07-2019 09:00,515.239,0.0043,191.4215933,FALSE
01-08-2019 09:00,627.07,0.025,1354.4712,FALSE
02-08-2019 09:00,541.065,0.011,514.228176,FALSE
03-08-2019 09:00,559.165,0.148,7150.154688,FALSE
05-08-2019 09:00,1470.853,0.007,889.5718944,FALSE
06-08-2019 09:00,3292.608,0.0236,6713.759416,FALSE
07-08-2019 09:00,4583.201,0.101,39994.84521,FALSE
08-08-2019 09:00,3598.033,0.008,2486.96041,FALSE
09-08-2019 09:00,4565.209,0.0031,1222.745579,FALSE
13-08-2019 09:00,2195.043,0.0402,7623.998951,FALSE
14-08-2019 09:00,1926.291,0.019,3162.199306,FALSE
16-08-2019 09:00,1732.843,0.045,6737.293584,FALSE
17-08-2019 09:00,1668.759,0.079,11390.28143,FALSE
19-08-2019 09:00,778.204,0.007,470.6577792,FALSE
20-08-2019 09:00,573.49,0.05,2477.4768,FALSE
21-08-2019 09:00,542.529,0.023,1078.113629,FALSE
22-08-2019 09:00,783.353,0.04,2707.267968,FALSE
23-08-2019 09:00,1130.644,0.028,2735.253965,FALSE
24-08-2019 09:00,989.554,0.024,2051.939174,FALSE
26-08-2019 09:00,977.623,0,0,TRUE
27-08-2019 09:00,790.224,0.019,1297.231718,FALSE
28-08-2019 09:00,618.301,0.023,1228.687747,FALSE
29-08-2019 09:00,729.041,0.0261,1644.016617,FALSE
30-08-2019 09:00,928.744,0.0562,4509.683666,FALSE
31-08-2019 09:00,813.055,0.008,561.983616,FALSE
31-10-2019 09:00,407.57257,0.0033,116.2070912,FALSE
01-07-2020 14:00,261.94,0.002,45.263232,FALSE
22-07-2021 09:00,2060.982,0.0253,4505.141773,FALSE
23-07-2021 09:00,2142.196,0.0542,10031.6468,FALSE
24-07-2021 09:00,2007.948,0.0542,9402.97953,FALSE
26-07-2021 09:00,3279.158,0.1095,31023.45801,FALSE
27-07-2021 09:00,2179.73,0.0012,225.9944064,FALSE
28-07-2021 09:00,1762.35,0.0174,2649.446496,FALSE
29-07-2021 09:00,1531.21,0.0071,939.3054624,FALSE
30-07-2021 09:00,1545.321,0.0031,413.8987766,FALSE
31-07-2021 09:00,1516.054,0.017,2226.780115,FALSE
02-08-2021 09:00,1454.979,0.0081,1018.252503,FALSE
03-08-2021 09:00,1420.518,0.008,981.8620416,FALSE
04-08-2021 09:00,1766.502,0.0071,1083.642987,FALSE
05-08-2021 09:00,1504.941,0.044,5721.183706,FALSE
06-08-2021 09:00,1931.7,0.0241,4022.263008,FALSE
07-08-2021 09:00,3174.741,0.1096,30063.01942,FALSE
09-08-2021 09:00,1493.524,0.024,3096.971366,FALSE
10-08-2021 09:00,986.212,0.0091,775.3993229,FALSE
11-08-2021 09:00,1000.872,0.0141,1219.302305,FALSE
12-08-2021 09:00,1181.355,0.0151,1541.242987,FALSE
13-08-2021 09:00,1031.599,0.0191,1702.385934,FALSE
14-08-2021 09:00,1050.666,0.0211,1915.406145,FALSE
16-08-2021 09:00,1125.866,0.0293,2850.152296,FALSE
17-08-2021 09:00,1191.66,0.0252,2594.577485,FALSE
18-08-2021 09:00,1133.455,0.0181,1772.542267,FALSE
19-08-2021 09:00,1099.934,0.0132,1254.452728,FALSE
20-08-2021 09:00,1447.796,0.0191,2389.210871,FALSE
21-08-2021 09:00,1211.306,0.0171,1789.631937,FALSE
23-08-2021 09:00,1131.321,0.0102,997.0105709,FALSE
24-08-2021 09:00,901.24,0.006,467.202816,FALSE
25-08-2021 09:00,499.221,0.005,215.663472,FALSE
26-08-2021 09:00,659.052,0.0051,290.4046733,FALSE
27-08-2021 09:00,1001.556,0.02802,2424.694964,FALSE
28-08-2021 09:00,1134.966,0.0281,2755.515853,FALSE
30-08-2021 09:00,675.688,0.0191,1115.047365,FALSE
31-08-2021 09:00,1191.445,0.038,3911.752224,FALSE
01-09-2021 09:00,1161.293,0.0022,220.7385734,FALSE
02-09-2021 09:00,993.03,0.005,428.98896,FALSE
03-09-2021 09:00,1103.904,0.0321,3061.61151,FALSE
04-09-2021 09:00,1457.571,0.0261,3286.880908,FALSE
06-09-2021 09:00,1143.567,0.0191,1887.160006,FALSE
07-09-2021 10:00,1449.936,0.024,3006.58729,FALSE
08-09-2021 09:00,1858.437,0.0352,5652.027279,FALSE
09-09-2021 09:00,1755.816,0.018,2730.645043,FALSE
10-09-2021 09:00,999.376,0.026,2244.998246,FALSE
11-09-2021 08:00,1046.042,0.0031,280.1718893,FALSE
13-09-2021 09:00,1741.988,0.0211,3175.713804,FALSE
14-09-2021 09:00,1112.389,0.0101,970.715137,FALSE
15-09-2021 09:00,1108.016,0.0121,1158.364247,FALSE
16-09-2021 09:00,1063.549,0.0012,110.2687603,FALSE
17-09-2021 09:00,989.785,0.0011,94.0691664,FALSE
18-09-2021 09:00,935.263,0.0011,88.88739552,FALSE
20-09-2021 09:00,945.405,0.003,245.048976,FALSE
21-09-2021 09:00,881.895,0.0001,7.6195728,FALSE
22-09-2021 09:00,724.83,0.003,187.875936,FALSE
23-09-2021 09:00,959.473,0.0021,174.0867811,FALSE
24-09-2021 09:00,637.911,0.002,110.2310208,FALSE
25-09-2021 09:00,426.114,0.002,73.6324992,FALSE
27-09-2021 09:00,431.34,0.001,37.267776,FALSE
28-09-2021 09:00,1084.369,0.002,187.3789632,FALSE
29-09-2021 09:00,1025.291,0.0011,97.44365664,FALSE
30-09-2021 09:00,1032.149,0.006,535.0660416,FALSE
01-10-2021 09:00,629.318,0.0101,549.1680595,FALSE
02-10-2021 09:00,380.135,0.0131,430.2519984,FALSE
04-10-2021 09:00,722.132,0.0423,2639.190263,FALSE
05-10-2021 09:00,1135.122,0.0031,304.0310765,FALSE
06-10-2021 09:00,1174.575,0.037,3754.88136,FALSE
07-10-2021 08:00,1087.471,0.0292,2743.558836,FALSE
08-10-2021 09:00,925.35,0.0011,87.945264,FALSE
09-10-2021 09:00,984.587,0.0131,1114.39495,FALSE
11-10-2021 09:00,941.481,0.006,488.0637504,FALSE
12-10-2021 09:00,701.976,0.0011,66.71579904,FALSE
13-10-2021 09:00,1081.075,0.0131,1223.603928,FALSE
14-10-2021 09:00,753.725,0.0051,332.121384,FALSE
15-10-2021 09:00,780.777,0.0852,5747.518115,FALSE
16-10-2021 09:00,643.165,0.0548,3045.206189,FALSE
18-10-2021 09:00,523.33,0.2516,11376.27314,FALSE
19-10-2021 09:00,591.022,0.056,2859.600845,FALSE
20-10-2021 09:00,529.891,0.0511,2339.489961,FALSE
21-10-2021 09:00,579.404,0.0549,2748.321757,FALSE
22-10-2021 09:00,584.709,0.052,2626.980595,FALSE
23-10-2021 09:00,627.867,0.051,2766.633149,FALSE
25-10-2021 08:00,658.346,0.048,2730.292531,FALSE
26-10-2021 09:00,533.435,0.02709,1248.545159,FALSE
27-10-2021 09:00,483.34,0.01108,462.7071821,FALSE
28-10-2021 09:00,564.285,0.0106,516.7947744,FALSE
29-10-2021 09:00,465.48,0.0004,16.0869888,FALSE
30-10-2021 09:00,538.189,0.0064,297.5969894,FALSE
01-11-2021 09:00,649.459,0.0851,4775.238222,FALSE
02-11-2021 09:00,618.997,0.085,4545.913968,FALSE
03-11-2021 09:00,631.334,0.071,3872.85529,FALSE
04-11-2021 09:00,581.449,0.0658,3305.607339,FALSE
05-11-2021 09:00,701.342,0.032,1939.070362,FALSE
06-11-2021 09:00,648.811,0.0369,2068.513278,FALSE
08-11-2021 09:00,562.416,0.0254,1234.255657,FALSE
09-11-2021 09:00,527.497,0.0222,1011.781446,FALSE
10-11-2021 09:00,473.257,0.0182,744.1871674,FALSE
11-11-2021 09:00,483.556,0.0088,367.6572979,FALSE
12-11-2021 09:00,426.41,0.0065,239.471856,FALSE
13-11-2021 09:00,366.249,0.0055,174.0415248,FALSE
15-11-2021 09:00,530.078,0.0047,215.2540742,FALSE
16-11-2021 09:00,429.702,0.0516,1915.714644,FALSE
17-11-2021 09:00,457.81,0.009,355.993056,FALSE
18-11-2021 09:00,510.171,0.0071,312.9592982,FALSE
19-11-2021 09:00,556.876,0.0055,264.6274752,FALSE
20-11-2021 09:00,426.954,0.0046,169.6885978,FALSE
22-11-2021 09:00,429.526,0.0077,285.7550573,FALSE
23-11-2021 09:00,407.096,0.0065,228.6251136,FALSE
24-11-2021 09:00,443.412,0.0067,256.6823386,FALSE
25-11-2021 09:00,440.256,0.0008,30.43049472,FALSE
26-11-2021 09:00,477.41,0.0078,321.7361472,FALSE
27-11-2021 09:00,354.641,0.0054,165.461305,FALSE
29-11-2021 09:00,468.784,0.0077,311.8726195,FALSE
30-11-2021 09:00,426.103,0.0077,283.4778038,FALSE
01-12-2021 09:00,455.341,0.0064,251.7853594,FALSE
02-12-2021 09:00,422.524,0.0054,197.1327974,FALSE
03-12-2021 09:00,363.485,0.0055,172.728072,FALSE
04-12-2021 09:00,367.766,0.0054,171.584905,FALSE
06-12-2021 09:00,405.394,0.0025,87.565104,FALSE
07-12-2021 09:00,359.621,0.0024,74.57101056,FALSE
08-12-2021 08:00,327.503,0.0014,39.61476288,FALSE
09-12-2021 09:00,168.351,0.0014,20.36373696,FALSE
10-12-2021 09:00,168.487,0.0024,34.93746432,FALSE
11-12-2021 09:00,150.099,0.0024,31.12452864,FALSE
13-12-2021 09:00,138.037,0.0024,28.62335232,FALSE
14-12-2021 09:00,131.133,0.0024,27.19173888,FALSE
15-12-2021 09:00,127.003,0.0024,26.33534208,FALSE
16-12-2021 09:00,104.92,0.0024,21.7562112,FALSE
17-12-2021 09:00,100.121,0.0013,11.24559072,FALSE
18-12-2021 09:00,96.251,0.0013,10.81091232,FALSE
20-12-2021 09:00,94.717,0.0013,10.63861344,FALSE
21-12-2021 09:00,34.361,0.0024,7.12509696,FALSE
22-12-2021 09:00,21.469,0.0036,6.67771776,FALSE
23-12-2021 09:00,15.903,0.0078,10.71734976,FALSE
24-12-2021 09:00,7.918,0.0119,8.14097088,FALSE
25-12-2021 09:00,7.792,0.009,6.0590592,FALSE
01-06-2022 09:00,135.171,0.0272,317.6626637,FALSE
02-06-2022 09:00,131.652,0.0254,288.9182131,FALSE
03-06-2022 09:00,139.634,0.0256,308.8480666,FALSE
04-06-2022 09:00,138.104,0.0233,278.0199245,FALSE
06-06-2022 09:00,191.678,0.0384,635.9416013,FALSE
07-06-2022 09:00,143.619,0.025,310.21704,FALSE
08-06-2022 09:00,63.393,0.0243,133.0948714,FALSE
09-06-2022 09:00,83.813,0.0227,164.3807606,FALSE
10-06-2022 09:00,114.074,0.0265,261.1838304,FALSE
11-06-2022 09:00,93.763,0.035,283.539312,FALSE
13-06-2022 09:00,195.319,0.0264,445.5148262,FALSE
14-06-2022 09:00,188.889,0.0254,414.5282438,FALSE
15-06-2022 09:00,147.851,0.0264,337.242217,FALSE
16-06-2022 09:00,143.866,0.0294,365.4426586,FALSE
17-06-2022 09:00,150.217,0.0331,429.5965853,FALSE
18-06-2022 09:00,147.324,0.0298,379.3180493,FALSE
20-06-2022 09:00,179.174,0.0374,578.9756966,FALSE
21-06-2022 09:00,311.331,0.0934,2512.366451,FALSE
22-06-2022 09:00,200.297,0.0822,1422.525318,FALSE
23-06-2022 09:00,170.197,0.0981,1442.56254,FALSE
24-06-2022 09:00,160.509,0.0483,669.8233181,FALSE
25-06-2022 09:00,184.109,0.0509,809.6671958,FALSE
27-06-2022 09:00,166.321,0.1519,2182.823415,FALSE
28-06-2022 09:00,545.331,0.1315,6195.83269,FALSE
29-06-2022 09:00,858.43,0.1303,9664.136266,FALSE
30-06-2022 09:00,899.502,0.141,10958.09316,FALSE
01-07-2022 09:00,2172.723,0.2381,44696.90992,FALSE
02-07-2022 09:00,2394.471,0.237,49031.10377,FALSE
04-07-2022 09:00,2170.39,0.0909,17045.72217,FALSE
05-07-2022 09:00,2960.846,0.1048,26809.63149,FALSE
06-07-2022 09:00,3832.976,0.0843,27917.55736,FALSE
07-07-2022 09:00,4238.431,0.1111,40684.86871,FALSE
08-07-2022 09:00,3469.105,0.0831,24907.61884,FALSE
09-07-2022 09:00,2656.603,0.0689,15814.65139,FALSE
11-07-2022 09:00,3444.392,0.076,22617.25563,FALSE
12-07-2022 09:00,3517.955,0.0696,21155.01132,FALSE
13-07-2022 09:00,3471.985,0.1121,33627.7024,FALSE
14-07-2022 09:00,3754.676,0.0738,23941.01567,FALSE
15-07-2022 09:00,4520.7,0.0693,27067.78166,FALSE
16-07-2022 09:00,3663.962,0.0729,23077.68449,FALSE
18-07-2022 09:00,3230.729,0.0581,16217.74266,FALSE
19-07-2022 09:00,2934.438,0.0764,19370.10786,FALSE
20-07-2022 09:00,2380.079,0.1022,21016.28798,FALSE
21-07-2022 09:00,2310.649,0.0403,8045.494966,FALSE
22-07-2022 09:00,1561.642,0.032,4317.627802,FALSE
23-07-2022 09:00,1350.604,0.0341,3979.203529,FALSE
25-07-2022 09:00,942.829,0.0309,2517.127151,FALSE
26-07-2022 09:00,842.975,0.0121,881.279784,FALSE
27-07-2022 09:00,837.955,0.0099,716.7531888,FALSE
28-07-2022 09:00,858.932,0.0098,727.274903,FALSE
29-07-2022 09:00,849.981,0.0089,653.6013898,FALSE
30-07-2022 09:00,1605.365,0.0333,4618.827749,FALSE
01-08-2022 09:00,1921.988,0.2044,33942.6156,FALSE
02-08-2022 09:00,2224.341,0.1802,34631.38784,FALSE
03-08-2022 09:00,2771.858,0.1747,41838.6464,FALSE
04-08-2022 09:00,2703.848,0.1575,36793.96358,FALSE
05-08-2022 09:00,2976.273,0.1479,38032.48311,FALSE
06-08-2022 09:00,3342.596,0.0471,13602.49387,FALSE
08-08-2022 09:00,3713.128,0.058,18607.22703,FALSE
09-08-2022 09:00,3032.2,0.0791,20722.78253,FALSE
10-08-2022 08:00,2803.217,0.0854,20683.70483,FALSE
11-08-2022 09:00,2898.277,0.0451,11293.54209,FALSE
12-08-2022 09:00,2768.372,0.0371,8873.850344,FALSE
13-08-2022 09:00,2673.544,0.0399,9216.668644,FALSE
16-08-2022 09:00,1284.663,0.0174,1931.310968,FALSE
17-08-2022 09:00,725.69,0.0161,1009.463818,FALSE
18-08-2022 09:00,792.947,0.0168,1150.978429,FALSE
19-08-2022 09:00,825.831,0.0138,984.6548179,FALSE
20-08-2022 09:00,226.403,0.0148,289.5060442,FALSE
22-08-2022 09:00,336.095,0.0107,310.7131056,FALSE
23-08-2022 09:00,2718.006,0.0234,5495.155811,FALSE
24-08-2022 09:00,2627.925,0.056,12714.95232,FALSE
25-08-2022 09:00,1843.017,0.0663,10557.39114,FALSE
26-08-2022 09:00,1561.857,0.0615,8299.083355,FALSE
27-08-2022 09:00,1505.097,0.0595,7737.402658,FALSE
29-08-2022 09:00,1555.353,0.0556,7471.666956,FALSE
30-08-2022 09:00,1035.293,0.0447,3998.384389,FALSE
01-09-2022 09:00,955.738,0.1088,8984.243036,FALSE
02-09-2022 09:00,999.075,0.0989,8537.055912,FALSE
03-09-2022 09:00,1063.07,0.1024,9405.362995,FALSE
05-09-2022 09:00,686.335,0.0279,1654.451698,FALSE
06-09-2022 09:00,695.428,0.0317,1904.693841,FALSE
07-09-2022 09:00,733.992,0.098,6214.857062,FALSE
08-09-2022 09:00,1127.191,0.1012,9855.797403,FALSE
09-09-2022 09:00,1081.759,0.1109,10365.15512,FALSE
10-09-2022 09:00,1111.984,0.1186,11394.54453,FALSE
12-09-2022 09:00,1218.984,0.0857,9025.942648,FALSE
13-09-2022 09:00,1289.911,0.069,7689.933418,FALSE
14-09-2022 09:00,1271.936,0.0516,5670.595953,FALSE
15-09-2022 09:00,1309.723,0.028,3168.481882,FALSE
16-09-2022 09:00,1038.065,0.0362,3246.735139,FALSE
17-09-2022 09:00,602.906,0.0268,1396.040901,FALSE
19-09-2022 09:00,574.083,204.004,10118755.73,FALSE
20-09-2022 09:00,560.38,0.0233,1128.112186,FALSE
21-09-2022 09:00,450.393,0.0279,1085.69935,FALSE
22-09-2022 09:00,439.701,0.0252,957.3521933,FALSE
23-09-2022 09:00,195.605,0.0155,261.954216,FALSE
24-09-2022 09:00,302.647,0.0245,640.6431696,FALSE
26-09-2022 09:00,73.354,0.0269,170.4864326,FALSE
28-09-2022 09:00,282.457,0.0308,751.6519718,FALSE
29-09-2022 09:00,151.669,0.0307,402.2989891,FALSE
30-09-2022 09:00,140.948,0.031,377.5151232,FALSE
01-10-2022 09:00,151.883,0.0312,409.4279654,FALSE
03-10-2022 09:00,147.377,0.0305,388.3678704,FALSE
04-10-2022 09:00,155.685,0.0297,399.5001648,FALSE
06-10-2022 09:00,587.203,0.0662,3358.613255,FALSE
07-10-2022 09:00,525.932,0.0577,2621.918281,FALSE
08-10-2022 09:00,471.432,0.0507,2065.098447,FALSE
10-10-2022 09:00,564.561,0.0423,2063.312378,FALSE
11-10-2022 09:00,439.339,0.0169,641.5052342,FALSE
12-10-2022 09:00,251.753,0.018,391.5262656,FALSE
13-10-2022 09:00,218.67,0.0203,383.5296864,FALSE
14-10-2022 09:00,327.547,0.0402,1137.662444,FALSE
15-10-2022 09:00,390.155,0.0445,1500.067944,FALSE
17-10-2022 09:00,614.221,0.0493,2616.286634,FALSE
18-10-2022 08:00,345.817,0.0454,1356.487932,FALSE
19-10-2022 09:00,390.837,0.0483,1631.009701,FALSE
20-10-2022 09:00,423.869,0.0549,2010.56326,FALSE
21-10-2022 09:00,440.915,0.2,7619.0112,FALSE
22-10-2022 09:00,429.149,0.1532,5680.422156,FALSE
25-10-2022 09:00,410.607,0.0226,801.7676525,FALSE
26-10-2022 09:00,375.398,0.0159,515.7067565,FALSE
27-10-2022 09:00,404.863,0.0134,468.7341869,FALSE
28-10-2022 09:00,297.415,0.008,205.573248,FALSE
29-10-2022 09:00,284.67,0.0081,199.2234528,FALSE
31-10-2022 09:00,284.288,0.0102,250.5373286,FALSE
01-11-2022 09:00,117.525,0.0141,143.173656,FALSE
02-11-2022 09:00,119.32,0.0163,168.0407424,FALSE
03-11-2022 09:00,117.572,0.015,152.373312,FALSE
04-11-2022 09:00,109.066,0.0152,143.2341965,FALSE
05-11-2022 08:00,115.409,0.0135,134.6130576,FALSE
07-11-2022 09:00,122.035,0.0248,261.4868352,FALSE
09-11-2022 09:00,114.301,0.0225,222.201144,FALSE
10-11-2022 09:00,122.832,0.0267,283.3586842,FALSE
11-11-2022 09:00,122.081,0.0239,252.0923818,FALSE
12-11-2022 09:00,125.096,0.0258,278.8539955,FALSE
14-11-2022 09:00,137.048,0.0159,188.2710605,FALSE
15-11-2022 09:00,57.023,0.0149,73.40912928,FALSE
16-11-2022 09:00,80.426,0.015,104.232096,FALSE
17-11-2022 09:00,84.46,0.0148,108.0006912,FALSE
18-11-2022 09:00,72.896,0.0018,11.33678592,FALSE
19-11-2022 09:00,45.797,0.0018,7.12234944,FALSE
21-11-2022 09:00,39.012,0.0159,53.59312512,FALSE
22-11-2022 09:00,40.029,0.0106,36.66015936,FALSE
23-11-2022 09:00,76.24,0.0095,62.577792,FALSE
24-11-2022 09:00,187.431,0.0197,319.0225565,FALSE
25-11-2022 09:00,148.321,0.0167,214.0094045,FALSE
26-11-2022 09:00,142.498,0.0155,190.8333216,FALSE
28-11-2022 09:00,128.984,0.0133,148.2180941,FALSE
29-11-2022 09:00,130.007,0.0153,171.8588534,FALSE
30-11-2022 09:00,131.701,0.0144,163.8571162,FALSE
01-12-2022 09:00,114.283,0.0017,16.78588704,FALSE
02-12-2022 09:00,102.756,0.014,124.2936576,FALSE
03-12-2022 09:00,106.714,0.0142,130.9252723,FALSE
05-12-2022 09:00,115.464,0.0017,16.95935232,FALSE
06-12-2022 09:00,111.788,0.0174,168.0576077,FALSE
07-12-2022 09:00,86.036,0.014,104.0691456,FALSE
08-12-2022 09:00,88.322,0.0139,106.0711891,FALSE
09-12-2022 08:00,83.655,0.0128,92.5157376,FALSE
10-12-2022 09:00,55.928,0.0118,57.01971456,FALSE
12-12-2022 09:00,60.862,0.014,73.6186752,FALSE
13-12-2022 09:00,72.012,0.0141,87.72789888,FALSE
14-12-2022 09:00,69.282,0.0153,91.58526144,FALSE
15-12-2022 09:00,62.663,0.0253,136.976305,FALSE
16-12-2022 09:00,60.734,0.0241,126.4627642,FALSE
17-12-2022 08:00,84.736,0.0213,155.9413555,FALSE
19-12-2022 09:00,59.416,0.0189,97.02395136,FALSE
20-12-2022 09:00,41.019,0.0149,52.80621984,FALSE
21-12-2022 09:00,56.16,0.0168,81.5173632,FALSE
22-12-2022 09:00,107.707,0.0176,163.7835725,FALSE
23-12-2022 09:00,105.877,0.0163,149.1086966,FALSE
24-12-2022 09:00,72.305,0.0123,76.8399696,FALSE
26-12-2022 09:00,70.333,0.0136,82.64408832,FALSE
27-12-2022 09:00,70.458,0.0125,76.09464,FALSE
28-12-2022 09:00,66.252,0.0113,64.68315264,FALSE
29-12-2022 09:00,45.167,0.0102,39.80477376,FALSE
30-12-2022 09:00,44.977,0.0102,39.63733056,FALSE
31-12-2022 09:00,45.211,0.01,39.062304,FALSE
02-01-2023 09:00,24.809,0.0165,35.3677104,FALSE
03-01-2023 09:00,23.25,0.0162,32.54256,FALSE
04-01-2023 09:00,17.06,0.0232,34.1964288,FALSE
05-01-2023 08:00,16.809,0.022,31.9505472,FALSE
06-01-2023 09:00,11.748,0.0268,27.20272896,FALSE
07-01-2023 09:00,11.009,0.0202,19.21378752,FALSE
27-06-2023 09:00,21.229,0.009,16.5076704,FALSE
28-06-2023 08:00,183.064,0.0048,75.92030208,FALSE
30-06-2023 09:00,196.136,0.0043,72.86844672,FALSE
01-07-2023 09:00,154.468,0.0096,128.1219379,FALSE
03-07-2023 09:00,188.24,0.0089,144.7490304,FALSE
04-07-2023 09:00,178.774,0.0049,75.68576064,FALSE
05-07-2023 09:00,240.685,0.0096,199.6337664,FALSE
06-07-2023 09:00,312.313,0.0939,2533.782876,FALSE
07-07-2023 09:00,425.327,0.045,1653.671376,FALSE
08-07-2023 09:00,497.591,0.0135,580.3901424,FALSE
10-07-2023 09:00,471.101,0.018,732.6562752,FALSE
11-07-2023 09:00,289.932,0.017,425.8521216,FALSE
12-07-2023 09:00,271.154,0.003,70.2831168,FALSE
13-07-2023 09:00,270.952,0.015,351.153792,FALSE
14-07-2023 09:00,278.217,0.0227,545.6614378,FALSE
15-07-2023 09:00,264.496,0.0232,530.1769421,FALSE
17-07-2023 09:00,417.413,0.022,793.4186304,FALSE
18-07-2023 09:00,428.994,0.0545,2020.046947,FALSE
19-07-2023 09:00,584.654,0.022,1111.310323,FALSE
20-07-2023 09:00,601.309,0.0167,867.6167299,FALSE
21-07-2023 09:00,751.777,0.0223,1448.463781,FALSE
22-07-2023 09:00,944.232,0.0316,2577.979976,FALSE
24-07-2023 09:00,2370.808,0.0223,4567.88319,FALSE
25-07-2023 09:00,2655.835,0.0162,3717.319133,FALSE
26-07-2023 09:00,2311.346,0.0095,1897.152797,FALSE
27-07-2023 09:00,2203.215,0.0201,3826.191298,FALSE
28-07-2023 09:00,1361.413,0.0213,2505.435572,FALSE
31-07-2023 09:00,1133.867,0.0255,2498.135774,FALSE
01-08-2023 09:00,944.446,0.0147,1199.521976,FALSE
02-08-2023 09:00,926.499,0.0137,1096.678336,FALSE
03-08-2023 09:00,637.583,0.0144,793.2552653,FALSE
04-08-2023 09:00,590.168,0.0031,158.0705971,FALSE
05-08-2023 09:00,340.761,0.0164,482.8447066,FALSE
07-08-2023 09:00,481.447,0.0205,852.7389264,FALSE
08-08-2023 09:00,450.012,0.0156,606.5441741,FALSE
09-08-2023 09:00,388.039,0.0264,885.1014374,FALSE
10-08-2023 09:00,234.755,0.0048,97.3575936,FALSE
11-08-2023 09:00,196.329,0.0126,213.7316026,FALSE
12-08-2023 09:00,190.649,0.012,197.6648832,FALSE
14-08-2023 09:00,407.245,0.0189,665.0147952,FALSE
16-08-2023 09:00,387.184,0.0326,1090.557942,FALSE
17-08-2023 09:00,339.304,0.0304,891.2023142,FALSE
18-08-2023 09:00,300.455,0.0279,724.2648048,FALSE
19-08-2023 09:00,298.708,0.0213,549.7183066,FALSE
21-08-2023 09:00,604.097,0.0167,871.6394794,FALSE
22-08-2023 09:00,451.879,0.0234,913.590887,FALSE
23-08-2023 09:00,415.285,0.0228,818.0782272,FALSE
24-08-2023 09:00,314.015,0.0301,816.6399696,FALSE
25-08-2023 09:00,122.198,0.0171,180.5402131,FALSE
26-08-2023 09:00,113.606,0.0065,63.8011296,FALSE
28-08-2023 09:00,108.816,0.0091,85.55549184,FALSE
29-08-2023 09:00,103.482,0.0144,128.7481651,FALSE
30-08-2023 09:00,88.972,0.0053,40.74205824,FALSE
31-08-2023 09:00,210.899,0.0117,213.1935811,FALSE
01-09-2023 09:00,200.544,0.0159,275.4993254,FALSE
02-09-2023 09:00,197.309,0.0218,371.6354477,FALSE
04-09-2023 09:00,194.485,0.018,302.463072,FALSE
05-09-2023 09:00,180.686,0.021,327.8366784,FALSE
06-09-2023 09:00,179.424,0.0154,238.7343974,FALSE
07-09-2023 09:00,176.367,0.0179,272.7621475,FALSE
08-09-2023 09:00,165.044,0.0264,376.4587622,FALSE
09-09-2023 09:00,167.319,0.033,477.0599328,FALSE
11-09-2023 09:00,165.1,0.0258,368.027712,FALSE
12-09-2023 09:00,162.042,0.0247,345.8105914,FALSE
13-09-2023 09:00,164.64,0.0249,354.1999104,FALSE
14-09-2023 09:00,199.514,0.025,430.95024,FALSE
15-09-2023 09:00,210.175,0.0218,395.868816,FALSE
16-09-2023 09:00,242.223,0.0271,567.1506211,FALSE
18-09-2023 09:00,297.277,0.0213,547.0848086,FALSE
20-09-2023 08:15,555.517,0.0195,935.9350416,FALSE
21-09-2023 08:15,596.39,0.0171,881.1304416,FALSE
22-09-2023 09:00,591.388,0.0171,873.7402867,FALSE
23-09-2023 09:00,568.142,0.0147,721.5857914,FALSE
25-09-2023 09:00,605.427,0.0208,1088.02497,FALSE
26-09-2023 09:00,558.012,0.0204,983.5296307,FALSE
27-09-2023 09:00,546.034,0.0203,957.6999533,FALSE
29-09-2023 09:00,918.3,0.0205,1626.49296,FALSE
30-09-2023 09:00,829.997,0.0265,1900.361131,FALSE
03-10-2023 08:15,744.847,0.0236,1518.772827,FALSE
04-10-2023 09:00,734.505,0.0247,1567.49243,FALSE
05-10-2023 09:00,552.118,0.0323,1540.806745,FALSE
06-10-2023 08:15,559.53,0.0243,1174.744426,FALSE
07-10-2023 08:15,510.988,0.0198,874.1573914,FALSE
09-10-2023 09:00,905.591,0.0216,1690.050148,FALSE
10-10-2023 08:15,612.364,0.026,1375.61449,FALSE
11-10-2023 08:15,841.736,0.0296,2152.689316,FALSE
12-10-2023 09:00,725.47,0.0256,1604.623565,FALSE
13-10-2023 08:15,795.682,0.0253,1739.297197,FALSE
14-10-2023 08:15,414.737,0.032,1146.664858,FALSE
16-10-2023 08:15,465.004,0.0278,1116.902408,FALSE
17-10-2023 08:15,437.137,0.0287,1083.959876,FALSE
18-10-2023 08:15,418.316,0.027,975.8475648,FALSE
19-10-2023 08:15,442.233,0.0294,1123.342577,FALSE
20-10-2023 08:15,397.541,0.0323,1109.42562,FALSE
21-10-2023 08:15,431.45,0.0278,1036.308384,FALSE
25-10-2023 08:15,384.336,0.0242,803.6004557,FALSE
26-10-2023 08:15,378.436,0.0173,565.6558579,FALSE
27-10-2023 08:15,354.827,0.0246,754.1634989,FALSE
28-10-2023 08:15,345.49,0.0192,573.1264512,FALSE
30-10-2023 08:15,354.404,0.025,765.51264,FALSE
31-10-2023 08:15,309.17,0.0262,699.8619456,FALSE
01-11-2023 08:15,258.239,0.0288,642.5812685,FALSE
02-11-2023 08:15,229.239,0.0159,314.9193686,FALSE
03-11-2023 08:15,170.369,0.0276,406.2687322,FALSE
04-11-2023 08:15,164.056,0.0243,344.4388531,FALSE
06-11-2023 08:15,1171.915,0.0202,2045.319811,FALSE
07-11-2023 08:15,392.995,0.0311,1055.993285,FALSE
08-11-2023 08:15,408.447,0.0257,906.9483946,FALSE
09-11-2023 08:15,414.651,0.0302,1081.940561,FALSE
10-11-2023 08:15,378.606,0.0309,1010.787155,FALSE
11-11-2023 08:15,423.546,0.0274,1002.685859,FALSE
13-11-2023 08:15,398.177,0.0276,949.5088013,FALSE
14-11-2023 08:15,167.521,0.0369,534.0837514,FALSE
15-11-2023 08:15,147.765,0.0265,338.322744,FALSE
16-11-2023 08:15,158.45,0.0246,336.775968,FALSE
17-11-2023 08:15,201.308,0.0249,433.0859789,FALSE
18-11-2023 08:15,188.211,0.0302,491.0951981,FALSE
20-11-2023 08:15,175.405,0.027,409.184784,FALSE
21-11-2023 08:15,116.075,0.0265,265.76532,FALSE
22-11-2023 08:15,30.423,0.0308,80.95925376,FALSE
23-11-2023 08:15,70.631,0.0239,145.8501898,FALSE
24-11-2023 08:15,59.001,0.0319,162.6161962,FALSE
25-11-2023 08:15,88.974,0.0221,169.8905146,FALSE
28-11-2023 08:15,71.759,0.0211,130.8195274,FALSE
29-11-2023 08:15,62.768,0.6272,3401.402941,FALSE
30-11-2023 08:00,33.191,0.6392,1833.035374,FALSE
01-12-2023 08:00,23.388,0.0435,87.9014592,FALSE
02-12-2023 08:00,14.698,0.0667,84.70281024,FALSE
04-12-2023 08:00,9.975,0.0705,60.75972,FALSE
11-06-2024 08:15,571.848,0.0313,1546.459983,FALSE
12-06-2024 08:15,588.547,0.024,1220.411059,FALSE
13-06-2024 08:15,574.7,0.025,1241.352,FALSE
14-06-2024 08:15,526.3,0.0251,1141.355232,FALSE
15-06-2024 08:15,451.6,0.0325,1268.0928,FALSE
18-06-2024 08:15,224.859,0.0394,765.4560134,FALSE
19-06-2024 08:15,235.922,0.037,754.1954496,FALSE
20-06-2024 08:15,276.876,0.0283,676.9950451,FALSE
21-06-2024 08:15,277.744,0.0151,362.3559322,FALSE
22-06-2024 08:15,280.824,0.0235,570.1850496,FALSE
24-06-2024 08:15,332.027,0.0164,470.4689779,FALSE
25-06-2024 08:15,373.113,0.0034,109.6056749,FALSE
26-06-2024 08:15,528.265,0.0204,931.0987584,FALSE
27-06-2024 08:15,1228.961,0.0192,2038.698824,FALSE
28-06-2024 08:15,878.435,0.0233,1768.395067,FALSE
29-06-2024 08:15,435.092,0.0233,875.892407,FALSE
01-07-2024 08:15,540.191,0.026,1213.485062,FALSE
02-07-2024 08:15,623.204,0.028,1507.655117,FALSE
03-07-2024 08:15,571.267,0.0125,616.96836,FALSE
04-07-2024 08:15,1326.09,0.0133,1523.836541,FALSE
05-07-2024 08:00,1434.112,0.0167,2069.251523,FALSE
06-07-2024 08:15,1283.427,0.0199,2206.673047,FALSE
08-07-2024 08:00,1169.5586,0.0227,2293.831891,FALSE
09-07-2024 08:15,1313.031,0.0213,2416.39721,FALSE
10-07-2024 08:15,952.715,0.0195,1605.134232,FALSE
11-07-2024 08:00,674.623,0.032,1865.19767,FALSE
12-07-2024 08:15,657.988,0.0304,1728.244961,FALSE
13-07-2024 08:15,1065.405,0.0229,2107.967717,FALSE
15-07-2024 08:15,1932.186,0.0245,4090.051325,FALSE
16-07-2024 08:15,2303.287,0.0224,4457.689528,FALSE
18-07-2024 08:15,3805.228,0.0202,6641.188324,FALSE
19-07-2024 09:00,3862.023,0.0255,8508.809074,FALSE
20-07-2024 09:00,2923.059,0.0242,6111.765602,FALSE
22-07-2024 09:00,1701.269,0.0251,3689.440004,FALSE
23-07-2024 09:00,2305.821,0.0353,7032.569584,FALSE
24-07-2024 09:00,2422.608,0.0315,6593.369933,FALSE
25-07-2024 08:15,2689.52,0.0242,5623.463578,FALSE
26-07-2024 09:00,2744.941,0.0272,6450.830945,FALSE
27-07-2024 09:00,3044.126,0.0297,7811.470846,FALSE
29-07-2024 09:00,2128.096,0.0271,4982.809098,FALSE
30-07-2024 09:00,3637.202,0.0232,7290.698665,FALSE
01-08-2024 09:00,3345.126,0.0232,6705.238164,FALSE
02-08-2024 09:00,3093.796,0.0238,6361.834591,FALSE
03-08-2024 09:00,2037.056,0.02,3520.032768,FALSE
05-08-2024 09:00,1879.179,0.0229,3718.068402,FALSE
06-08-2024 09:00,1722.881,0.0261,3885.16557,FALSE
07-08-2024 09:00,1521.055,0.022,2891.221344,FALSE
08-08-2024 09:00,1416.504,0.0267,3267.704748,FALSE
09-08-2024 09:00,1328.721,0.0252,2892.997659,FALSE
10-08-2024 09:00,1130.02,0.0247,2411.553082,FALSE
12-08-2024 09:00,847.207,0.0264,1932.445279,FALSE
13-08-2024 09:00,753.913,0.0318,2071.391046,FALSE
14-08-2024 09:00,877.904,0.0267,2025.21918,FALSE
16-08-2024 09:00,906.463,0.0305,2388.711298,FALSE
17-08-2024 09:00,691.288,0.0318,1899.327606,FALSE
19-08-2024 09:00,637.696,0.0258,1421.500908,FALSE
20-08-2024 09:00,363.073,0.0296,928.5374131,FALSE
21-08-2024 09:00,575.369,0.0417,2072.985463,FALSE
22-08-2024 09:00,436.292,0.0397,1496.516463,FALSE
23-08-2024 09:00,238.573,0.0362,746.1800006,FALSE
24-08-2024 09:00,343.802,0.0406,1206.002408,FALSE
26-08-2024 09:00,210.815,0.0377,686.6834832,FALSE
27-08-2024 09:00,338.126,0.0376,1098.449649,FALSE
28-08-2024 09:00,308.361,0.0364,969.7830106,FALSE
29-08-2024 09:00,315.235,0.0339,923.3107056,FALSE
30-08-2024 09:00,326.859,0.0348,982.7734925,FALSE
31-08-2024 09:00,331.728,0.0324,928.6260941,FALSE
02-09-2024 09:00,311.308,0.0349,938.7056909,FALSE
03-09-2024 09:00,336.616,0.0406,1180.795069,FALSE
04-09-2024 09:00,412.353,0.0351,1250.518202,FALSE
05-09-2024 09:00,444.705,0.0353,1356.314674,FALSE
06-09-2024 09:00,1102.803,0.035,3334.876272,FALSE
09-09-2024 09:00,1083.031,0.0325,3041.151048,FALSE
10-09-2024 09:00,1055.373,0.0379,3455.882211,FALSE
11-09-2024 09:00,1118.099,0.0344,3323.169124,FALSE
12-09-2024 09:00,1053.857,0.0337,3068.49435,FALSE
13-09-2024 09:00,942.281,0.0308,2507.522815,FALSE
14-09-2024 09:00,922.347,0.0406,3235.4457,FALSE
17-09-2024 09:00,774.384,0.0359,2401.953316,FALSE
18-09-2024 09:00,508.323,0.0275,1207.775448,FALSE
19-09-2024 09:00,514.46,0.0364,1617.956122,FALSE
20-09-2024 09:00,505.412,0.0364,1589.500524,FALSE
21-09-2024 09:00,454.933,0.0295,1159.53323,FALSE
23-09-2024 09:00,472.356,0.0261,1065.181674,FALSE
24-09-2024 09:00,497.335,0.0249,1069.946626,FALSE
25-09-2024 08:00,730.781,0.0242,1527.975377,FALSE
26-09-2024 09:00,688.452,0.0255,1516.797446,FALSE
27-09-2024 09:00,570.404,0.0367,1808.682636,FALSE
28-09-2024 09:00,572.778,0.027,1336.176518,FALSE
30-09-2024 09:00,481.432,0.0252,1048.212265,FALSE
01-10-2024 09:00,479.285,0.0205,848.909592,FALSE
03-10-2024 09:00,200.988,0.0258,448.0263706,FALSE
04-10-2024 09:00,203.007,0.0335,587.5834608,FALSE
05-10-2024 09:00,163.177,0.0356,501.9063437,FALSE
07-10-2024 09:00,236.49,0.0367,749.8814112,FALSE
08-10-2024 08:00,584.444,0.0277,1398.738136,FALSE
09-10-2024 09:00,630.071,0.032,1742.020301,FALSE
10-10-2024 09:00,562.176,0.0449,2180.883087,FALSE
14-10-2024 09:00,504.441,0.0353,1538.504695,FALSE
15-10-2024 09:00,496.759,0.0396,1699.631113,FALSE
16-10-2024 09:00,485.781,0.0381,1599.113327,FALSE
17-10-2024 09:00,479.261,0.0312,1291.934292,FALSE
18-10-2024 09:00,484.887,0.031,1298.721341,FALSE
19-10-2024 09:00,443.285,0.0359,1374.963682,FALSE
21-10-2024 09:00,426.948,0.0342,1261.580106,FALSE
22-10-2024 09:00,474.595,0.0418,1714.009334,FALSE
23-10-2024 09:00,548.42,0.0329,1558.916755,FALSE
24-10-2024 09:00,497.435,0.034,1461.265056,FALSE
25-10-2024 09:00,797.334,0.0357,2459.360776,FALSE
26-10-2024 09:00,764.086,0.0356,2350.206282,FALSE
28-10-2024 09:00,607.071,0.0373,1956.419853,FALSE
29-10-2024 09:00,486.581,0.0327,1374.727568,FALSE
30-10-2024 09:00,342.064,0.0316,933.9168154,FALSE
01-11-2024 09:00,409.203,0.0309,1092.473801,FALSE
02-11-2024 09:00,360.97,0.0327,1019.841322,FALSE
04-11-2024 09:00,303.48,0.0317,831.1953024,FALSE
05-11-2024 09:00,311.927,0.0364,980.9979379,FALSE
06-11-2024 09:00,252.74,0.035,764.28576,FALSE
07-11-2024 09:00,208.178,0.0305,548.5906656,FALSE
08-11-2024 09:00,183.072,0.0352,556.7732122,FALSE
09-11-2024 09:00,188.227,0.0363,590.3401046,FALSE
11-11-2024 09:00,136.766,0.0405,478.5715872,FALSE
12-11-2024 09:00,255.367,0.0521,1149.519228,FALSE
13-11-2024 09:00,238.251,0.0443,911.9104675,FALSE
14-11-2024 09:00,184.763,0.0482,769.4418182,FALSE
16-11-2024 09:00,136.715,0.0425,502.01748,FALSE
18-11-2024 09:00,117.729,0.0386,392.6309242,FALSE
19-11-2024 09:00,204.37,0.0419,739.8520992,FALSE
20-11-2024 09:00,160.433,0.0439,608.5159517,FALSE
21-11-2024 09:00,113.114,0.048,469.1063808,FALSE
22-11-2024 09:00,80.394,0.0595,413.2894752,FALSE
23-11-2024 09:00,56.927,0.0703,345.7700438,FALSE
25-11-2024 09:00,28.256,0.0951,232.1693798,FALSE
03-12-2024 09:00,28.783,0,0,TRUE
