Timestamp,Discharge_m3_s,Sediment_g_L,Sediment_tonne_day,Column1
04-07-1972 08:00,1260,0.03472132,3779.90178,FALSE
08-07-1972 08:00,1550,0.03719558,4981.232074,FALSE
11-07-1972 08:00,915,0.0295,2332.152,FALSE
12-07-1972 08:00,945,0.028537134,2329.999917,FALSE
06-08-1972 08:00,955,0.031025678,2559.990743,FALSE
08-08-1972 08:00,1500,0.03842469,4979.839824,FALSE
09-08-1972 08:00,1070,0.029205,2699.94384,FALSE
10-08-1972 08:00,890,0.0286,2199.2256,FALSE
12-08-1972 08:00,935,0.03255,2629.5192,FALSE
20-08-1972 08:00,540,0.021861795,1019.983908,FALSE
21-08-1972 08:00,515,0.0209,929.9664,FALSE
22-08-1972 08:00,405,0.0188,657.8496,FALSE
23-08-1972 08:00,410,0.0186,658.8864,FALSE
24-08-1972 08:00,480,0.0194,804.5568,FALSE
25-08-1972 08:00,430,0.02,743.04,FALSE
26-08-1972 08:00,365,0.0173,545.5728,FALSE
27-08-1972 08:00,352,0.0169,513.97632,FALSE
10-10-1972 08:00,497,0.075,3220.56,FALSE
12-10-1972 08:00,405,0.0308,1077.7536,FALSE
13-10-1972 08:00,390,0.0289,973.8144,FALSE
11-12-1972 08:00,285,0.0161,396.4464,FALSE
12-12-1972 08:00,205,0.0157,278.0784,FALSE
05-04-1973 08:00,65,0.0027,15.1632,FALSE
22-04-1973 08:00,110,0.014835858,140.9999944,FALSE
07-06-1973 08:00,277.5,0.0102,244.5552,FALSE
08-06-1973 08:00,185,0.0104,166.2336,FALSE
13-06-1973 08:00,477.5,0.0103,424.9368,FALSE
15-06-1973 08:00,582,0.018,905.1264,FALSE
16-06-1973 08:00,572.5,0.0249,1231.6536,FALSE
17-06-1973 08:00,1130,0.03,2928.96,FALSE
18-06-1973 08:00,2385,0.0121,2493.3744,FALSE
19-06-1973 08:00,1752,0.0315,4768.2432,FALSE
20-06-1973 08:00,1325,0.1044,11951.712,FALSE
21-06-1973 08:00,780,0.0173,1165.8816,FALSE
22-06-1973 08:00,615,0.0487,2587.7232,FALSE
24-06-1973 08:00,410,0.0297,1052.0928,FALSE
10-07-1973 08:00,1670,0.0539,7777.1232,FALSE
13-07-1973 08:00,720,0.0162,1007.7696,FALSE
14-07-1973 08:00,590,0.0284,1447.7184,FALSE
17-07-1973 08:00,535,0.0256,1183.3344,FALSE
18-07-1973 08:00,540,0.0497,2318.8032,FALSE
21-07-1973 08:00,538,0.0118,548.50176,FALSE
22-07-1973 08:00,475,0.0209,857.736,FALSE
23-07-1973 08:00,505,0.0188,820.2816,FALSE
24-07-1973 08:00,435,0.0162,608.8608,FALSE
07-08-1973 08:00,715,0.0106,654.8256,FALSE
15-08-1973 08:00,845,0.0262,1912.8096,FALSE
19-08-1973 08:00,1280,0.03265,3610.8288,FALSE
29-08-1973 08:00,870,0.0555,4171.824,FALSE
30-08-1973 08:00,840,0.0335,2431.296,FALSE
03-09-1973 08:00,462.5,0.0486,1942.056,FALSE
04-09-1973 08:00,450,0.0392,1524.096,FALSE
05-09-1973 08:00,390,0.0276,930.0096,FALSE
06-09-1973 08:00,455,0.0178,699.7536,FALSE
07-09-1973 08:00,380,0.0081,265.9392,FALSE
29-09-1973 08:00,175,0.013,196.56,FALSE
30-10-1973 08:00,310,0.0155,415.152,FALSE
31-10-1973 08:00,280,0.017,411.264,FALSE
09-11-1973 08:00,190,0.0061,100.1376,FALSE
10-11-1973 08:00,200,0.0055,95.04,FALSE
20-12-1973 08:00,91,0.0038,29.87712,FALSE
30-12-1973 08:00,80,0.0027,18.6624,FALSE
26-01-1974 08:00,10,0.0023,1.9872,FALSE
25-04-1974 08:00,228,0.0019,37.42848,FALSE
22-06-1974 08:00,180.4,0.0066,102.871296,FALSE
08-07-1974 08:00,962.5,0.0299,2486.484,FALSE
10-07-1974 08:00,670.9,0.0299,1733.176224,FALSE
13-07-1974 08:00,965,0.0195,1625.832,FALSE
14-07-1974 08:00,1500,0.02748,3561.408,FALSE
21-07-1974 08:00,1040,0.0097,871.6032,FALSE
24-07-1974 08:00,1840,0.0641,10190.3616,FALSE
25-07-1974 08:00,2005,0.0566,9804.9312,FALSE
11-08-1974 08:00,1890,0.0481,7854.5376,FALSE
12-08-1974 08:00,2065,0.0631,11258.0496,FALSE
15-08-1974 08:00,1170,0.0484,4892.6592,FALSE
17-08-1974 08:00,3050,0.0713,18788.976,FALSE
21-08-1974 08:00,1775,0.0303,4646.808,FALSE
22-08-1974 08:00,1802.5,0.0333,5186.0088,FALSE
23-08-1974 08:00,1145,0.0349,3452.5872,FALSE
27-08-1974 08:00,545,0.0238,1120.6944,FALSE
10-11-1974 08:00,307.5,0.0081,215.2008,FALSE
10-12-1974 08:00,45.5,0.0023,9.04176,FALSE
01-01-1975 08:00,36,0.0019,5.90976,FALSE
02-01-1975 08:00,39,0.0021,7.07616,FALSE
03-01-1975 08:00,41,0.0011,3.89664,FALSE
05-01-1975 08:00,44,0.0016,6.08256,FALSE
06-01-1975 08:00,35,0.0013,3.9312,FALSE
07-01-1975 08:00,30.5,0.0019,5.00688,FALSE
08-01-1975 08:00,29,0.0019,4.76064,FALSE
09-01-1975 08:00,27,0.0017,3.96576,FALSE
26-01-1975 08:00,6.5,0.0018,1.01088,FALSE
22-04-1975 08:00,4,0.0029,1.00224,FALSE
18-05-1975 08:00,38.5,0.0021,6.98544,FALSE
25-05-1975 08:00,28.5,0.0016,3.93984,FALSE
15-06-1975 08:00,190,0.0118,193.7088,FALSE
20-06-1975 08:00,2240,0.1196,23146.9056,FALSE
15-08-1975 08:00,2780,0.2415,58006.368,FALSE
06-09-1975 08:00,290,0.0148,370.8288,FALSE
07-09-1975 08:00,250,0.0136,293.76,FALSE
08-09-1975 08:00,295,0.0148,377.2224,FALSE
09-09-1975 08:00,300,0.0148,383.616,FALSE
02-10-1975 08:00,450,0.0183,711.504,FALSE
05-10-1975 08:00,460,0.0197,782.9568,FALSE
11-10-1975 08:00,1265.9,0.0344,3762.457344,FALSE
12-10-1975 08:00,1160,0.0535,5361.984,FALSE
13-10-1975 08:00,580,0.0228,1142.5536,FALSE
04-01-1976 08:00,26.6,0.0056,12.870144,FALSE
11-01-1976 08:00,26,0.0058,13.02912,FALSE
18-01-1976 08:00,17.5,0.0046,6.9552,FALSE
25-01-1976 08:00,23,0.0055,10.9296,FALSE
26-01-1976 08:00,20,0.0046,7.9488,FALSE
08-02-1976 08:00,20.3,0.0046,8.068032,FALSE
22-02-1976 08:00,13.3,0.0034,3.907008,FALSE
29-02-1976 08:00,17.3,0.0047,7.025184,FALSE
07-03-1976 08:00,15,0.0039,5.0544,FALSE
21-03-1976 08:00,13,0.0044,4.94208,FALSE
11-04-1976 08:00,17.5,0.0046,6.9552,FALSE
15-08-1976 08:00,168,0.003,43.5456,FALSE
12-09-1976 08:00,315,0.007,190.512,FALSE
26-09-1976 08:00,75,0.0181,117.288,FALSE
01-10-1976 08:00,127.7,0.0143,157.775904,FALSE
17-10-1976 08:00,190,0.0153,251.1648,FALSE
31-10-1976 08:00,125,0.0074,79.92,FALSE
21-11-1976 08:00,520,0.0444,1994.8032,FALSE
05-12-1976 08:00,145,0.0037,46.3536,FALSE
26-12-1976 08:00,25,0.0032,6.912,FALSE
16-01-1977 08:00,10,0.0023,1.9872,FALSE
23-01-1977 08:00,13.5,0.0017,1.98288,FALSE
26-01-1977 08:00,8,0.0029,2.00448,FALSE
30-01-1977 08:00,12.5,0.0009,0.972,FALSE
19-03-1977 08:00,21,0.0028,5.08032,FALSE
19-06-1977 08:00,370,0.01748618,558.9982022,FALSE
21-06-1977 08:00,585.2,0.0311,1572.455808,FALSE
26-06-1977 08:00,1420,0.07376431,9049.995665,FALSE
03-07-1977 08:00,300,0.0131,339.552,FALSE
15-08-1977 08:00,265,0.0099,226.6704,FALSE
18-12-1977 08:00,48,0.0075,31.104,FALSE
22-12-1977 08:00,40,0.0069,23.8464,FALSE
01-01-1978 08:00,27,0.006,13.9968,FALSE
08-01-1978 08:00,21,0.005,9.072,FALSE
15-01-1978 08:00,19,0.0049,8.04384,FALSE
22-01-1978 08:00,22.5,0.0051,9.9144,FALSE
26-01-1978 08:00,19,0.0049,8.04384,FALSE
29-01-1978 08:00,21,0.005,9.072,FALSE
05-02-1978 08:00,21.5,0.0054,10.03104,FALSE
12-02-1978 08:00,18.5,0.005,7.992,FALSE
24-03-1978 08:00,15,0.0039,5.0544,FALSE
26-03-1978 08:00,13.5,0.0043,5.01552,FALSE
31-03-1978 08:45,14.5,0.015166028,18.99999988,FALSE
31-07-1978 08:00,1105,0.046505675,4439.989804,FALSE
01-08-1978 08:00,665,0.0331,1901.7936,FALSE
15-08-1978 08:00,715,0.0146,901.9296,FALSE
01-10-1978 08:00,110,0.0089,84.5856,FALSE
02-10-1978 08:00,210,0.0084,152.4096,FALSE
08-10-1978 08:00,105,0.0118,107.0496,FALSE
15-10-1978 08:00,162.5,0.0143,200.772,FALSE
14-01-1979 08:45,22,0.0042,7.98336,FALSE
21-01-1979 08:45,19,0.0043,7.05888,FALSE
26-01-1979 08:45,17,0.0068,9.98784,FALSE
28-01-1979 08:45,18,0.0058,9.02016,FALSE
04-02-1979 08:45,18,0.0013,2.02176,FALSE
11-02-1979 08:45,15,0.0031,4.0176,FALSE
13-04-1979 08:45,62,0.0084,44.99712,FALSE
15-04-1979 08:45,20,0.0058,10.0224,FALSE
18-06-1979 08:00,355,0.0232,711.5904,FALSE
22-06-1979 08:00,380,0.0277,909.4464,FALSE
21-07-1979 11:15,300,0.018788295,486.9926064,FALSE
08-08-1979 08:00,1600,0.0392,5419.008,FALSE
09-08-1979 08:00,1420,0.03162448,3879.944202,FALSE
17-08-1979 08:00,340,0.0084,246.7584,FALSE
20-08-1979 08:00,610,0.0477,2513.9808,FALSE
12-09-1979 08:00,420,0.0184,667.6992,FALSE
18-09-1979 08:00,195,0.0271,456.5808,FALSE
04-11-1979 08:00,200,0.0115,198.72,FALSE
01-12-1979 08:00,161,0.0093,129.36672,FALSE
02-12-1979 08:00,161,0.0093,129.36672,FALSE
08-12-1979 08:00,107,0.0031,28.65888,FALSE
09-12-1979 08:00,104,0.0061,54.81216,FALSE
11-12-1979 08:00,76.5,0.003,19.8288,FALSE
16-12-1979 08:00,65,0.0036,20.2176,FALSE
23-12-1979 08:00,55,0.0055,26.136,FALSE
25-12-1979 08:00,44,0.0039,14.82624,FALSE
28-12-1979 08:00,23,0.002,3.9744,FALSE
29-12-1979 08:00,23,0.005,9.936,FALSE
30-12-1979 08:00,27,0.003,6.9984,FALSE
31-12-1979 08:00,26,0.0009,2.02176,FALSE
01-01-1980 08:00,24,0.0039,8.08704,FALSE
06-01-1980 08:00,29,0.0032,8.01792,FALSE
26-01-1980 08:00,16,0.0058,8.01792,FALSE
27-01-1980 08:00,17,0.0061,8.95968,FALSE
02-02-1980 08:00,17.5,0.0013,1.9656,FALSE
03-02-1980 08:00,17,0.0013,1.90944,FALSE
09-02-1980 08:00,14,0.0041,4.95936,FALSE
10-02-1980 08:00,14,0.0041,4.95936,FALSE
16-02-1980 08:00,10,0.0081,6.9984,FALSE
17-02-1980 08:00,16,0.008,11.0592,FALSE
24-02-1980 08:00,13,0.0169,18.98208,FALSE
02-03-1980 08:00,10,0.0046,3.9744,FALSE
08-03-1980 08:00,12,0.0029,3.00672,FALSE
09-03-1980 08:00,8,0.0029,2.00448,FALSE
16-03-1980 08:00,15,0.0015,1.944,FALSE
23-03-1980 08:00,11,0.0084,7.98336,FALSE
29-03-1980 08:00,7,0.005,3.024,FALSE
30-03-1980 08:00,17,0.0068,9.98784,FALSE
04-04-1980 08:00,19,0.0018,2.95488,FALSE
06-04-1980 08:00,20.5,0.0017,3.01104,FALSE
12-04-1980 08:00,11,0.0032,3.04128,FALSE
13-04-1980 08:00,13,0.0053,5.95296,FALSE
15-04-1980 08:00,99,0.0054,46.18944,FALSE
20-04-1980 08:00,20,0.0012,2.0736,FALSE
27-04-1980 08:00,25,0.0028,6.048,FALSE
30-04-1980 08:00,30,0.0042,10.8864,FALSE
04-05-1980 08:00,45,0.0015,5.832,FALSE
25-05-1980 08:00,30,0.0046,11.9232,FALSE
01-06-1980 08:00,40,0.0071,24.5376,FALSE
02-06-1980 08:00,82.5,0.0418,297.9504,FALSE
03-06-1980 08:00,85,0.0308,226.1952,FALSE
08-06-1980 08:00,640,0.0298,1647.8208,FALSE
13-06-1980 08:00,230,0.016,317.952,FALSE
14-06-1980 08:00,170,0.014,205.632,FALSE
15-06-1980 08:00,155,0.0142,190.1664,FALSE
18-06-1980 08:00,465,0.0393,1578.9168,FALSE
27-06-1980 08:00,1090,0.026,2448.576,FALSE
04-07-1980 08:00,1540,0.0516,6865.6896,FALSE
15-07-1980 08:00,1030,0.0156,1388.2752,FALSE
20-07-1980 08:00,860,0.0149,1107.1296,FALSE
21-07-1980 08:00,630,0.0067,364.6944,FALSE
28-07-1980 08:00,1150,0.0486,4828.896,FALSE
29-07-1980 08:00,1100,0.0238,2261.952,FALSE
30-07-1980 08:00,990,0.0217,1856.1312,FALSE
31-07-1980 08:00,1070,0.0217,2006.1216,FALSE
01-08-1980 08:00,1000,0.009,777.6,FALSE
02-08-1980 08:00,690,0.0118,703.4688,FALSE
03-08-1980 08:00,480,0.0175,725.76,FALSE
06-08-1980 08:00,325,0.0077,216.216,FALSE
15-08-1980 08:00,800,0.04,2764.8,FALSE
20-08-1980 08:00,900,0.0058,451.008,FALSE
24-08-1980 08:00,595,0.0163,837.9504,FALSE
25-08-1980 08:00,575,0.0131,650.808,FALSE
31-08-1980 08:00,420,0.0163,591.4944,FALSE
25-09-1980 08:00,240,0.014,290.304,FALSE
26-09-1980 08:00,170,0.0141,207.1008,FALSE
01-10-1980 08:00,375,0.0221,716.04,FALSE
02-10-1980 08:00,575,0.0316,1569.888,FALSE
09-10-1980 08:00,320,0.0103,284.7744,FALSE
11-10-1980 08:00,580,0.0427,2139.7824,FALSE
12-10-1980 08:00,485,0.0401,1680.3504,FALSE
14-10-1980 08:00,580,0.0141,706.5792,FALSE
19-10-1980 08:00,200,0.0111,191.808,FALSE
09-11-1980 08:00,110,0.0101,95.9904,FALSE
17-11-1980 08:00,460,0.04,1589.76,FALSE
19-11-1980 08:00,550,0.0264,1254.528,FALSE
23-11-1980 08:00,195,0.0136,229.1328,FALSE
30-11-1980 08:00,90,0.0066,51.3216,FALSE
01-12-1980 08:00,125,0.005832775,62.99397,FALSE
03-12-1980 08:00,73,0.0121,76.31712,FALSE
04-12-1980 08:00,73,0.0121,76.31712,FALSE
05-12-1980 08:00,50,0.009,38.88,FALSE
07-12-1980 08:00,145,0.0127,159.1056,FALSE
08-12-1980 08:00,216,0.0136,253.80864,FALSE
10-12-1980 08:00,82,0.0142,100.60416,FALSE
11-12-1980 08:00,130,0.0034,38.1888,FALSE
13-12-1980 08:00,82,0.0102,72.26496,FALSE
14-12-1980 08:00,136,0.0101,118.67904,FALSE
21-12-1980 08:00,37,0.0085,27.1728,FALSE
25-12-1980 08:00,28,0.0095,22.9824,FALSE
28-12-1980 08:00,24,0.0048,9.95328,FALSE
02-01-1981 08:00,22,0.0074,14.06592,FALSE
04-01-1981 08:00,26,0.0089,19.99296,FALSE
11-01-1981 08:00,21,0.0089,16.14816,FALSE
12-01-1981 08:00,20,0.0047,8.1216,FALSE
18-01-1981 08:00,17.5,0.0093,14.0616,FALSE
21-01-1981 08:00,17,0.0095,13.9536,FALSE
22-01-1981 08:00,15,0.0084,10.8864,FALSE
24-01-1981 08:00,20,0.0064,11.0592,FALSE
25-01-1981 08:00,18,0.0064,9.95328,FALSE
26-01-1981 08:00,23,0.0111,22.05792,FALSE
01-02-1981 08:00,16,0.0058,8.01792,FALSE
08-02-1981 08:00,15,0.0093,12.0528,FALSE
15-02-1981 08:00,40,0.00695,24.0192,FALSE
22-02-1981 08:00,16,0.0087,12.02688,FALSE
23-02-1981 08:00,13,0.0013,1.46016,FALSE
01-03-1981 08:00,12,0.0039,4.04352,FALSE
15-03-1981 08:00,17.5,0.0132,19.9584,FALSE
22-03-1981 08:00,14.5,0.0069,8.64432,FALSE
24-03-1981 08:00,44,0.0037,14.06592,FALSE
29-03-1981 08:00,20,0.0087,15.0336,FALSE
05-04-1981 08:00,11.5,0.0121,12.02256,FALSE
12-04-1981 08:00,7,0.0083,5.01984,FALSE
17-04-1981 08:00,97,0.05238,438.986304,FALSE
19-04-1981 08:00,52,0.02,89.856,FALSE
26-04-1981 08:00,17,0.0082,12.04416,FALSE
03-05-1981 08:00,18,0.0077,11.97504,FALSE
07-05-1981 08:00,57,0.0159,78.30432,FALSE
10-05-1981 08:00,24,0.0039,8.08704,FALSE
12-05-1981 08:00,57,0.0154,75.84192,FALSE
15-05-1981 08:00,23,0.0169,33.58368,FALSE
18-05-1981 08:00,31,0.009,24.1056,FALSE
24-05-1981 08:00,11.5,0.0081,8.04816,FALSE
28-05-1981 08:00,8,0.0007,0.48384,FALSE
30-05-1981 08:00,10.5,0.0071,6.44112,FALSE
31-05-1981 08:00,157,0.01368,185.566464,FALSE
03-06-1981 08:00,250,0.0596,1287.36,FALSE
05-06-1981 08:00,1320,0.2069,23596.5312,FALSE
06-06-1981 08:00,830,0.1538,11029.3056,FALSE
13-06-1981 08:00,775,0.0312,2089.152,FALSE
14-06-1981 08:00,840,0.0323,2344.2048,FALSE
17-06-1981 08:00,1530,0.0971,12835.8432,FALSE
21-06-1981 08:00,1220,0.047,4954.176,FALSE
23-06-1981 08:00,960,0.0276,2289.2544,FALSE
28-06-1981 08:00,565,0.0162,790.8192,FALSE
05-07-1981 08:00,170,0.0029,42.5952,FALSE
06-07-1981 08:00,240,0.0041,85.0176,FALSE
12-07-1981 08:00,1630,0.0934639,13162.70796,FALSE
19-07-1981 08:00,325,0.0038,106.704,FALSE
23-07-1981 08:00,680,0.0474,2784.8448,FALSE
26-07-1981 08:00,735,0.0471,2991.0384,FALSE
27-07-1981 08:00,1300,0.0683,7671.456,FALSE
31-07-1981 08:00,773,0.012,801.4464,FALSE
11-08-1981 08:00,1940,0.0911,15269.8176,FALSE
12-08-1981 08:00,1635,0.0497,7020.8208,FALSE
13-08-1981 08:00,890,0.0192,1476.4032,FALSE
15-08-1981 08:00,515,0.014,622.944,FALSE
19-08-1981 08:30,1260,0.0578,6292.3392,FALSE
20-08-1981 08:00,1555,0.1218,16364.0736,FALSE
24-08-1981 08:00,770,0.016,1064.448,FALSE
26-08-1981 08:00,535,0.0131,605.5344,FALSE
27-08-1981 08:00,350,0.0065,196.56,FALSE
03-09-1981 08:00,385,0.0188,625.3632,FALSE
10-09-1981 08:00,1120,0.0877,8486.5536,FALSE
11-09-1981 08:00,860,0.0616,4577.1264,FALSE
12-09-1981 08:00,1020,0.0824,7261.7472,FALSE
13-09-1981 08:00,1270,0.0665,7296.912,FALSE
18-09-1981 08:00,1465,0.1058,13391.7408,FALSE
20-09-1981 08:00,855,0.0312218,2306.41681,FALSE
23-09-1981 08:00,1520,0.1191,15641.1648,FALSE
24-09-1981 08:00,1450,0.07870193,9859.77779,FALSE
02-10-1981 08:00,255,0.0075,165.24,FALSE
05-10-1981 08:00,270,0.0088,205.2864,FALSE
06-10-1981 08:00,230,0.008,158.976,FALSE
08-10-1981 08:00,180,0.0068,105.7536,FALSE
16-10-1981 08:00,210,0.0098,177.8112,FALSE
18-10-1981 08:00,410,0.0414,1466.5536,FALSE
01-11-1981 08:00,425,0.0341,1252.152,FALSE
08-11-1981 08:00,295,0.0249,634.6512,FALSE
19-11-1981 08:00,198,0.0239,408.86208,FALSE
28-11-1981 08:00,98,0.007,59.2704,FALSE
29-11-1981 08:00,99,0.0075,64.152,FALSE
30-11-1981 08:00,100,0.0086,74.304,FALSE
05-12-1981 08:00,111,0.0088,84.39552,FALSE
06-12-1981 08:00,82,0.0081,57.38688,FALSE
13-12-1981 08:00,46.5,0.0039,15.66864,FALSE
17-12-1981 08:00,38.3,0.006,19.85472,FALSE
19-12-1981 08:00,37.3,0.0081,26.104032,FALSE
20-12-1981 08:00,47.5,0.0088,36.1152,FALSE
21-12-1981 08:00,40.3,0.0047,16.365024,FALSE
23-12-1981 08:00,35.3,0.0053,16.164576,FALSE
24-12-1981 08:00,35.3,0.0053,16.164576,FALSE
25-12-1981 08:00,35.3,0.0053,16.164576,FALSE
26-12-1981 08:00,31,0.006,16.0704,FALSE
27-12-1981 08:00,31,0.006,16.0704,FALSE
28-12-1981 08:00,30,0.0063,16.3296,FALSE
03-01-1982 08:00,18,0.0087,13.53024,FALSE
17-01-1982 08:00,14.5,0.0054,6.76512,FALSE
24-01-1982 08:00,13.5,0.0081,9.44784,FALSE
26-01-1982 08:00,12,0.0054,5.59872,FALSE
31-01-1982 08:00,10.8,0.0082,7.651584,FALSE
07-02-1982 08:00,7.5,0.0109,7.0632,FALSE
08-02-1982 08:00,7.5,0.0124,8.0352,FALSE
14-02-1982 08:00,7,0.0057,3.44736,FALSE
21-02-1982 08:00,8,0.0095,6.5664,FALSE
28-02-1982 08:00,7.2,0.0088,5.474304,FALSE
05-03-1982 08:00,6.2,0.0062,3.321216,FALSE
06-03-1982 08:00,7,0.0138,8.34624,FALSE
07-03-1982 08:00,8,0.0126,8.70912,FALSE
14-03-1982 08:00,10.5,0.0039,3.53808,FALSE
21-03-1982 08:00,10,0.0075,6.48,FALSE
28-03-1982 08:00,14.5,0.008,10.0224,FALSE
03-04-1982 08:00,11.5,0.0102,10.13472,FALSE
04-04-1982 08:00,6.5,0.0111,6.23376,FALSE
06-04-1982 08:00,4,0.012,4.1472,FALSE
09-04-1982 08:00,3.5,0.0136,4.11264,FALSE
11-04-1982 08:00,6.5,0.0111,6.23376,FALSE
12-04-1982 08:00,4.5,0.0062,2.41056,FALSE
18-04-1982 08:00,4.3,0.0113,4.198176,FALSE
19-04-1982 08:00,5.8,0.0087,4.359744,FALSE
21-04-1982 08:00,22.3,0.0244,47.011968,FALSE
25-04-1982 08:00,19.5,0.0127,21.39696,FALSE
02-05-1982 08:00,42.3,0.0196,71.632512,FALSE
05-05-1982 08:00,18.8,0.0197,31.999104,FALSE
06-05-1982 08:00,17.3,0.0175,26.1576,FALSE
07-05-1982 08:00,15.5,0.0078,10.44576,FALSE
09-05-1982 08:00,14,0.0077,9.31392,FALSE
16-05-1982 08:00,19.5,0.014,23.5872,FALSE
23-05-1982 08:00,21.5,0.0084,15.60384,FALSE
28-05-1982 08:00,68.5,0.0178,105.34752,FALSE
30-05-1982 08:00,62,0.0104,55.71072,FALSE
01-06-1982 08:00,22,0.0112,21.28896,FALSE
06-06-1982 08:00,90.6,0.0088,68.884992,FALSE
20-06-1982 08:00,384,0.0251,832.75776,FALSE
27-06-1982 08:00,374,0.0541,1748.16576,FALSE
04-07-1982 08:00,116,0.0117,117.26208,FALSE
05-07-1982 08:00,125,0.0204,220.32,FALSE
07-07-1982 08:00,312,0.0272,733.22496,FALSE
10-07-1982 08:00,140,0.0167,202.0032,FALSE
11-07-1982 08:00,182,0.0241,378.96768,FALSE
13-07-1982 08:00,380,0.0249,817.5168,FALSE
17-07-1982 08:00,456,0.0413,1627.15392,FALSE
18-07-1982 08:00,688,0.06241776,3710.311391,FALSE
19-07-1982 08:00,480,0.0443,1837.2096,FALSE
20-07-1982 08:00,876,0.0813,6153.30432,FALSE
21-07-1982 08:00,1052,0.1029,9352.86912,FALSE
22-07-1982 08:00,900,0.0842,6547.392,FALSE
23-07-1982 08:00,664,0.0598,3430.70208,FALSE
28-07-1982 08:00,404,0.0349,1218.20544,FALSE
07-08-1982 08:30,524,0.0554,2508.15744,FALSE
08-08-1982 08:00,556,0.050987,2449.333901,FALSE
12-08-1982 08:00,520,0.0162,727.8336,FALSE
15-08-1982 08:00,870,0.043012857,3233.190435,FALSE
19-08-1982 08:00,502,0.023,997.5744,FALSE
20-08-1982 08:00,482,0.0229,953.66592,FALSE
01-09-1982 08:00,154,0.0065,86.4864,FALSE
03-09-1982 08:00,102,0.0028,24.67584,FALSE
12-09-1982 08:00,52,0.0039,17.52192,FALSE
19-09-1982 08:00,108,0.0084,78.38208,FALSE
24-10-1982 08:00,52,0.007560313,33.96697425,FALSE
26-10-1982 08:00,162,0.0278,389.11104,FALSE
30-10-1982 08:00,85,0.0167,122.6448,FALSE
07-11-1982 08:00,77,0.0084,55.88352,FALSE
12-11-1982 08:00,120,0.0178,184.5504,FALSE
05-12-1982 08:00,28.7,0.0065,16.11792,FALSE
12-12-1982 08:00,18.4,0.0027,4.292352,FALSE
19-12-1982 08:00,15.3,0.0055,7.27056,FALSE
25-12-1982 08:00,12.6,0.0066,7.185024,FALSE
26-12-1982 08:00,13.4,0.0071,8.220096,FALSE
27-12-1982 08:00,12,0.0052,5.39136,FALSE
28-12-1982 08:00,11,0.0065,6.1776,FALSE
29-12-1982 08:00,10,0.006,5.184,FALSE
30-12-1982 08:00,11,0.0034,3.23136,FALSE
31-12-1982 08:00,11.9,0.0068,6.991488,FALSE
02-01-1983 08:00,6.8,0.0104,6.110208,FALSE
09-01-1983 08:00,5.4,0.0088,4.105728,FALSE
16-01-1983 08:00,6.8,0.0087,5.111424,FALSE
23-01-1983 08:00,8.6,0.0139,10.328256,FALSE
26-01-1983 08:00,5.7,0.0064,3.151872,FALSE
30-01-1983 08:00,9.4,0.0088,7.147008,FALSE
06-02-1983 08:00,5.1,0.007,3.08448,FALSE
11-02-1983 08:00,3.8,0.0125,4.104,FALSE
13-02-1983 08:00,4.1,0.0116,4.109184,FALSE
20-02-1983 08:00,11.8,0.0063,6.422976,FALSE
27-02-1983 08:00,2,0.012,2.0736,FALSE
06-03-1983 08:00,3.6,0.0132,4.105728,FALSE
13-03-1983 08:00,9.6,0.0099,8.211456,FALSE
20-03-1983 08:00,3.8,0.0093,3.053376,FALSE
25-03-1983 08:00,19.8,0.01305,22.324896,FALSE
26-03-1983 08:00,14.8,0.01285,16.431552,FALSE
27-03-1983 08:00,16.4,0.0148,20.971008,FALSE
28-03-1983 08:00,14.8,0.0088,11.252736,FALSE
01-04-1983 08:00,8.6,0.007,5.20128,FALSE
03-04-1983 08:00,11.3,0.0105,10.25136,FALSE
10-04-1983 08:00,3.6,0.0098,3.048192,FALSE
24-04-1983 08:00,4.6,0.013,5.16672,FALSE
25-04-1983 08:00,5.1,0.0117,5.155488,FALSE
01-05-1983 08:00,17,0.0106,15.56928,FALSE
06-05-1983 08:00,16.4,0.0171,24.230016,FALSE
08-05-1983 08:00,5.4,0.0153,7.138368,FALSE
14-05-1983 08:00,3.8,0.0017,0.558144,FALSE
15-05-1983 08:00,3.8,0.0064,2.101248,FALSE
16-05-1983 08:00,3.8,0.0083,2.725056,FALSE
22-05-1983 08:00,4.6,0.0054,2.146176,FALSE
26-05-1983 08:00,25.2,0.014463,31.49000064,FALSE
27-05-1983 08:00,10.5,0.0109,9.88848,FALSE
28-05-1983 08:00,16.4,0.0073,10.343808,FALSE
29-05-1983 08:00,15.9,0.0086,11.814336,FALSE
30-05-1983 08:00,14.2,0.0102,12.514176,FALSE
31-05-1983 08:00,11.6,0.0074,7.416576,FALSE
05-06-1983 08:00,10,0.0061,5.2704,FALSE
11-06-1983 08:00,45,0.0183,71.1504,FALSE
19-06-1983 08:00,145,0.0132,165.3696,FALSE
20-06-1983 08:00,73,0.0091,57.39552,FALSE
27-06-1983 08:00,465,0.0201,807.5376,FALSE
03-07-1983 08:00,235,0.0096,194.9184,FALSE
25-07-1983 08:00,1035,0.0251,2244.5424,FALSE
27-07-1983 08:00,440.7,0.0091,346.495968,FALSE
15-08-1983 08:00,764,0.0249,1643.63904,FALSE
21-08-1983 08:00,1100,0.0634,6025.536,FALSE
22-08-1983 08:00,980,0.0555,4699.296,FALSE
16-09-1983 08:00,490,0.0086,364.0896,FALSE
27-09-1983 08:00,275,0.0044,104.544,FALSE
05-10-1983 08:00,480,0.0249,1032.6528,FALSE
09-10-1983 08:00,195,0.0045,75.816,FALSE
16-10-1983 08:00,113,0.0045,43.9344,FALSE
30-10-1983 08:00,145,0.0097,121.5216,FALSE
13-11-1983 08:00,118,0.0024,24.46848,FALSE
01-12-1983 08:00,32.5,0.0033,9.2664,FALSE
02-12-1983 08:00,32.5,0.0079,22.1832,FALSE
03-12-1983 08:00,31.5,0.0085,23.1336,FALSE
04-12-1983 08:00,37,0.0083,26.53344,FALSE
05-12-1983 08:00,30.5,0.0093,24.50736,FALSE
06-12-1983 08:00,31.5,0.0081,22.04496,FALSE
07-12-1983 08:00,37,0.0074,23.65632,FALSE
11-12-1983 08:00,44.8,0.0192,74.317824,FALSE
17-12-1983 08:00,19.5,0.0083,13.98384,FALSE
19-12-1983 08:00,14.5,0.0104,13.02912,FALSE
20-12-1983 08:00,16,0.0257,35.52768,FALSE
22-12-1983 08:00,13.5,0.0117,13.64688,FALSE
24-12-1983 08:00,13.5,0.0092,10.73088,FALSE
25-12-1983 08:00,31.5,0.0085,23.1336,FALSE
27-12-1983 08:00,31.5,0.0078,21.22848,FALSE
30-12-1983 08:00,31.5,0.01,27.216,FALSE
01-01-1984 08:00,74.5,0.021855356,140.6785555,FALSE
03-01-1984 08:00,18.7,0.0113,18.257184,FALSE
07-01-1984 08:00,12.9,0.0015,1.67184,FALSE
08-01-1984 08:00,16,0.006,8.2944,FALSE
15-01-1984 08:00,13.2,0.0055,6.27264,FALSE
22-01-1984 08:00,23.5,0.0076,15.43104,FALSE
26-01-1984 08:00,26.5,0.0081,18.54576,FALSE
28-01-1984 08:00,10.7,0.0066,6.101568,FALSE
29-01-1984 08:00,10.5,0.0056,5.08032,FALSE
05-02-1984 08:00,9.5,0.0112,9.19296,FALSE
12-02-1984 08:00,8.5,0.011,8.0784,FALSE
26-02-1984 08:00,8.5,0.0111,8.15184,FALSE
04-03-1984 08:00,9.5,0.0037,3.03696,FALSE
07-03-1984 08:00,31.5,0.0223,60.69168,FALSE
11-03-1984 08:00,53,0.0208,95.24736,FALSE
13-03-1984 08:00,22.5,0.0254,49.3776,FALSE
17-03-1984 08:00,14.5,0.0136,17.03808,FALSE
18-03-1984 08:00,12,0.0135,13.9968,FALSE
25-03-1984 08:00,6.5,0.0107,6.00912,FALSE
01-04-1984 08:00,5.7,0.0122,6.008256,FALSE
06-04-1984 08:00,23.5,0.0078,15.83712,FALSE
07-04-1984 08:00,23.5,0.006,12.1824,FALSE
13-04-1984 08:00,16,0.0203,28.06272,FALSE
14-04-1984 08:00,17.8,0.0234,35.987328,FALSE
15-04-1984 08:00,18.8,0.0234,38.009088,FALSE
20-04-1984 08:00,39,0.0208,70.08768,FALSE
22-04-1984 08:00,16.6,0.0139,19.935936,FALSE
29-04-1984 08:00,42.5,0.0084,30.8448,FALSE
01-05-1984 08:00,39,0.0088,29.65248,FALSE
06-05-1984 08:00,32.5,0.0093,26.1144,FALSE
12-05-1984 08:00,40,0.013,44.928,FALSE
13-05-1984 08:00,41,0.0141,49.94784,FALSE
20-05-1984 08:00,113,0.0226,220.64832,FALSE
10-06-1984 08:00,165,0.0237,337.8672,FALSE
14-06-1984 08:00,305,0.0268,706.2336,FALSE
21-06-1984 08:00,480,0.0267,1107.3024,FALSE
08-07-1984 08:00,690,0.0382,2277.3312,FALSE
12-07-1984 08:00,370,0.0204,652.1472,FALSE
15-07-1984 08:00,660,0.0379,2161.2096,FALSE
26-07-1984 08:00,470,0.0254,1031.4432,FALSE
27-07-1984 08:00,355,0.0191,585.8352,FALSE
01-08-1984 08:00,463,0.0129,516.04128,FALSE
03-08-1984 08:00,580,0.0182,912.0384,FALSE
15-08-1984 08:00,530,0.0154,705.1968,FALSE
18-08-1984 08:00,450,0.0094,365.472,FALSE
22-08-1984 08:00,303,0.0036,94.24512,FALSE
26-08-1984 08:00,343,0.0103,305.24256,FALSE
27-08-1984 08:00,265,0.0151,345.7296,FALSE
29-08-1984 08:00,200,0.0228,393.984,FALSE
31-08-1984 08:00,450,0.0202,785.376,FALSE
03-09-1984 08:00,400,0.0059,203.904,FALSE
04-09-1984 08:00,390,0.0069,232.5024,FALSE
06-09-1984 08:00,202,0.0042,73.30176,FALSE
07-09-1984 08:00,250,0.0065,140.4,FALSE
08-09-1984 08:00,230,0.0055,109.296,FALSE
09-09-1984 08:00,218,0.0048,90.40896,FALSE
23-09-1984 08:00,225,0.012,233.28,FALSE
28-09-1984 08:00,300,0.0477,1236.384,FALSE
29-09-1984 08:00,570,0.021767,1071.981216,FALSE
02-10-1984 08:00,305,0.0195,513.864,FALSE
03-10-1984 08:00,410,0.0153,541.9872,FALSE
04-10-1984 08:00,375,0.0093,301.32,FALSE
09-10-1984 08:00,610,0.013,685.152,FALSE
14-10-1984 08:00,255,0.0135,297.432,FALSE
21-10-1984 08:00,155,0.0077,103.1184,FALSE
22-10-1984 08:00,165,0.0062,88.3872,FALSE
23-10-1984 08:00,145,0.0072,90.2016,FALSE
28-10-1984 08:00,248.5,0.0215,461.6136,FALSE
01-11-1984 08:00,165,0.012,171.072,FALSE
03-11-1984 08:00,170,0.0131,192.4128,FALSE
04-11-1984 08:00,123,0.0134,142.40448,FALSE
18-11-1984 08:00,135,0.0132,153.9648,FALSE
25-11-1984 08:00,100,0.0143,123.552,FALSE
02-12-1984 08:00,73,0.0152,95.86944,FALSE
07-12-1984 08:00,44.5,0.0117,44.98416,FALSE
09-12-1984 08:00,33,0.012,34.2144,FALSE
14-12-1984 08:00,18,0.0055,8.5536,FALSE
16-12-1984 08:00,17.5,0.0093,14.0616,FALSE
23-12-1984 08:00,15.5,0.0179,23.97168,FALSE
24-12-1984 08:00,14.5,0.0128,16.03584,FALSE
25-12-1984 08:00,13.5,0.0103,12.01392,FALSE
26-12-1984 08:00,13,0.0089,9.99648,FALSE
27-12-1984 08:00,13.5,0.0103,12.01392,FALSE
28-12-1984 08:00,14,0.0119,14.39424,FALSE
29-12-1984 08:00,13.5,0.0201,23.44464,FALSE
30-12-1984 08:00,13.5,0.0197,22.97808,FALSE
31-12-1984 08:00,13,0.0196,22.01472,FALSE
06-01-1985 08:00,41.5,0.0125,44.82,FALSE
13-01-1985 08:00,16,0.0072,9.95328,FALSE
20-01-1985 08:00,14,0.0083,10.03968,FALSE
24-01-1985 08:00,13,0.0053,5.95296,FALSE
26-01-1985 08:00,13,0.0134,15.05088,FALSE
27-01-1985 08:00,12,0.0116,12.02688,FALSE
29-01-1985 08:00,10.5,0.0117,10.61424,FALSE
30-01-1985 08:00,11,0.0099,9.40896,FALSE
31-01-1985 08:00,10.5,0.0165,14.9688,FALSE
01-02-1985 08:00,10.5,0.0049,4.44528,FALSE
03-02-1985 08:00,10,0.0069,5.9616,FALSE
07-02-1985 08:00,5,0.0128,5.5296,FALSE
08-02-1985 08:00,5,0.0143,6.1776,FALSE
09-02-1985 08:00,5,0.0119,5.1408,FALSE
10-02-1985 08:00,6,0.0116,6.01344,FALSE
14-02-1985 08:00,3.8,0.0122,4.005504,FALSE
15-02-1985 08:00,4,0.0116,4.00896,FALSE
17-02-1985 08:00,6,0.0081,4.19904,FALSE
24-02-1985 08:00,7.5,0.0108,6.9984,FALSE
03-03-1985 08:00,6,0.0116,6.01344,FALSE
05-03-1985 08:00,14,0.0132,15.96672,FALSE
06-03-1985 08:00,13,0.01073,12.051936,FALSE
09-03-1985 08:00,5.5,0.0137,6.51024,FALSE
10-03-1985 08:00,6,0.0154,7.98336,FALSE
14-03-1985 08:00,7.2,0.0079,4.914432,FALSE
15-03-1985 08:00,7.2,0.015,9.3312,FALSE
16-03-1985 08:00,6,0.0085,4.4064,FALSE
17-03-1985 08:00,7.8,0.0074,4.987008,FALSE
19-03-1985 08:00,6.8,0.0073,4.288896,FALSE
21-03-1985 08:00,7.2,0.0076,4.727808,FALSE
22-03-1985 08:00,6.8,0.0102,5.992704,FALSE
23-03-1985 08:00,6.8,0.012,7.05024,FALSE
24-03-1985 08:00,8.8,0.0105,7.98336,FALSE
25-03-1985 08:00,7.8,0.0108,7.278336,FALSE
26-03-1985 08:00,6.8,0.0106,6.227712,FALSE
29-03-1985 08:00,6.5,0.0108,6.06528,FALSE
30-03-1985 08:00,7,0.0085,5.1408,FALSE
31-03-1985 08:00,11,0.0126,11.97504,FALSE
01-04-1985 08:00,8.2,0.009,6.37632,FALSE
02-04-1985 08:00,9.5,0.016,13.1328,FALSE
03-04-1985 08:00,7.2,0.0096,5.971968,FALSE
04-04-1985 08:00,8.2,0.0099,7.013952,FALSE
05-04-1985 08:00,10.8,0.0107,9.984384,FALSE
06-04-1985 08:00,12,0.0116,12.02688,FALSE
07-04-1985 08:00,25.5,0.0136,29.96352,FALSE
12-04-1985 08:00,8.2,0.0144,10.202112,FALSE
14-04-1985 08:00,12,0.0116,12.02688,FALSE
15-04-1985 08:00,8.2,0.0267,18.916416,FALSE
16-04-1985 08:00,7.5,0.0118,7.6464,FALSE
17-04-1985 08:00,7.5,0.011,7.128,FALSE
18-04-1985 08:00,7.2,0.0098,6.096384,FALSE
19-04-1985 08:00,6.8,0.0091,5.346432,FALSE
20-04-1985 08:00,6.8,0.0094,5.522688,FALSE
21-04-1985 08:00,7.8,0.0104,7.008768,FALSE
22-04-1985 08:00,7.2,0.0096,5.971968,FALSE
23-04-1985 08:00,6,0.0096,4.97664,FALSE
24-04-1985 08:00,7.5,0.0093,6.0264,FALSE
25-04-1985 08:00,7,0.0027,1.63296,FALSE
28-04-1985 08:00,41.5,0.017,60.9552,FALSE
04-05-1985 08:00,21,0.0116,21.04704,FALSE
05-05-1985 08:00,28,0.012,29.0304,FALSE
09-05-1985 08:00,14,0.0085,10.2816,FALSE
10-05-1985 08:00,13,0.0108,12.13056,FALSE
11-05-1985 08:00,15,0.0147,19.0512,FALSE
12-05-1985 08:00,18.5,0.01,15.984,FALSE
13-05-1985 08:00,16,0.0085,11.7504,FALSE
17-05-1985 08:00,21.5,0.0113,20.99088,FALSE
18-05-1985 08:00,21.5,0.0113,20.99088,FALSE
19-05-1985 08:00,28,0.0157,37.98144,FALSE
26-05-1985 08:00,68,0.0165,96.9408,FALSE
28-05-1985 08:00,121,0.018,188.1792,FALSE
02-06-1985 08:00,88,0.0221,168.03072,FALSE
05-06-1985 08:00,208,0.055,988.416,FALSE
09-06-1985 08:00,232,0.02355677,472.1907433,FALSE
17-06-1985 08:00,440,0.0523,1988.2368,FALSE
26-06-1985 08:00,2920,0.31789067,80200.00135,FALSE
27-06-1985 08:00,2744,0.157,37221.8112,FALSE
28-06-1985 08:00,1744,0.1038,15640.75008,FALSE
20-07-1985 08:00,640,0.0225,1244.16,FALSE
24-07-1985 08:00,304,0.0114,299.42784,FALSE
15-08-1985 08:00,724,0.0353,2208.14208,FALSE
23-08-1985 08:00,488,0.0374,1576.90368,FALSE
28-08-1985 08:00,440,0.03,1140.48,FALSE
01-09-1985 08:00,464,0.0279,1118.49984,FALSE
08-09-1985 08:00,200,0.0156,269.568,FALSE
15-09-1985 08:00,240,0.0129,267.4944,FALSE
22-09-1985 08:00,116,0.0127,127.28448,FALSE
28-09-1985 08:00,152,0.02,262.656,FALSE
02-10-1985 08:00,316,0.0308,840.91392,FALSE
03-10-1985 08:00,216,0.0188,350.85312,FALSE
13-10-1985 08:00,208,0.0163,292.93056,FALSE
20-10-1985 08:00,96,0.0113,93.72672,FALSE
23-10-1985 08:00,80,0.0106,73.2672,FALSE
27-10-1985 08:00,104,0.0128,115.01568,FALSE
03-11-1985 08:00,108,0.0134,125.03808,FALSE
10-11-1985 08:00,136,0.0128,150.40512,FALSE
17-11-1985 08:00,104,0.0138,124.00128,FALSE
24-11-1985 08:00,52,0.0087,39.08736,FALSE
01-12-1985 08:00,56,0.0106,51.28704,FALSE
03-12-1985 08:00,63,0.0129,70.21728,FALSE
08-12-1985 08:00,120,0.021025,217.9872,FALSE
09-12-1985 08:00,79,0.0178,121.49568,FALSE
10-12-1985 08:00,187,0.0266,429.77088,FALSE
15-12-1985 08:00,85,0.0175,128.52,FALSE
22-12-1985 08:00,37,0.0128,40.91904,FALSE
25-12-1985 08:00,40,0.0133,45.9648,FALSE
26-12-1985 08:00,24,0.0126,26.12736,FALSE
29-12-1985 08:00,34,0.0123,36.13248,FALSE
01-01-1986 08:00,27,0.0076,17.72928,FALSE
05-01-1986 08:00,22,0.01,19.008,FALSE
07-01-1986 08:00,55,0.005,23.76,FALSE
12-01-1986 08:00,37,0.0069,22.05792,FALSE
19-01-1986 08:00,41,0.0081,28.69344,FALSE
26-01-1986 08:00,54,0.0096,44.78976,FALSE
02-02-1986 08:00,40,0.0124,42.8544,FALSE
09-02-1986 08:00,37,0.0116,37.08288,FALSE
16-02-1986 08:00,37,0.0119,38.04192,FALSE
23-02-1986 08:00,28,0.0083,20.07936,FALSE
01-03-1986 08:00,19,0.0048,7.87968,FALSE
02-03-1986 08:00,24,0.0048,9.95328,FALSE
08-03-1986 08:00,7,0.0053,3.20544,FALSE
09-03-1986 08:00,20,0.0093,16.0704,FALSE
16-03-1986 08:00,52,0.0145,65.1456,FALSE
28-03-1986 08:00,21.5,0.0161,29.90736,FALSE
30-03-1986 08:00,22,0.0163,30.98304,FALSE
06-04-1986 08:00,13,0.0107,12.01824,FALSE
07-04-1986 08:00,10,0.011,9.504,FALSE
08-04-1986 08:00,10,0.008,6.912,FALSE
09-04-1986 08:00,9,0.0091,7.07616,FALSE
10-04-1986 08:00,9.5,0.0103,8.45424,FALSE
12-04-1986 08:00,18,0.0073,11.35296,FALSE
13-04-1986 08:00,25,0.013,28.08,FALSE
14-04-1986 08:00,23,0.0116,23.05152,FALSE
20-04-1986 08:00,23,0.0101,20.07072,FALSE
22-04-1986 08:00,21.5,0.0081,15.04656,FALSE
27-04-1986 08:00,27,0.0086,20.06208,FALSE
30-04-1986 08:00,32,0.0196,54.19008,FALSE
04-05-1986 08:00,32,0.0109,30.13632,FALSE
07-05-1986 08:00,30,0.0137,35.5104,FALSE
08-05-1986 08:00,55,0.0165,78.408,FALSE
09-05-1986 08:00,47,0.015,60.912,FALSE
11-05-1986 08:00,20,0.0139,24.0192,FALSE
14-05-1986 08:00,12,0.0104,10.78272,FALSE
18-05-1986 08:00,27,0.0158,36.85824,FALSE
23-05-1986 08:00,16,0.0137,18.93888,FALSE
25-05-1986 08:00,20,0.0116,20.0448,FALSE
01-06-1986 08:00,18,0.0103,16.01856,FALSE
08-06-1986 08:00,25,0.012,25.92,FALSE
09-06-1986 08:00,15,0.01,12.96,FALSE
15-06-1986 08:00,65,0.0173,97.1568,FALSE
22-06-1986 08:00,110,0.0106,100.7424,FALSE
28-06-1986 08:00,910,0.0486,3821.1264,FALSE
29-06-1986 08:00,725,0.0366,2292.624,FALSE
04-07-1986 08:00,180,0.0125,194.4,FALSE
06-07-1986 08:00,200,0.01556345,268.936416,FALSE
20-07-1986 08:00,540,0.0251,1171.0656,FALSE
21-07-1986 08:00,551,0.0269,1280.61216,FALSE
27-07-1986 08:00,400,0.027,933.12,FALSE
03-08-1986 08:00,650,0.042199,2369.89584,FALSE
09-08-1986 08:00,2745,0.326,77316.768,FALSE
15-08-1986 08:00,840,0.0383,2779.6608,FALSE
17-08-1986 08:00,590,0.0251,1279.4976,FALSE
24-08-1986 08:00,125,0.0113,122.04,FALSE
31-08-1986 08:00,70,0.0073,44.1504,FALSE
07-09-1986 08:00,50,0.0062,26.784,FALSE
14-09-1986 08:00,57,0.0128,63.03744,FALSE
15-09-1986 08:00,40,0.0096,33.1776,FALSE
21-09-1986 08:00,400,0.0357,1233.792,FALSE
28-09-1986 08:00,240,0.01745,361.8432,FALSE
29-09-1986 08:00,340,0.0295,866.592,FALSE
01-10-1986 08:00,940,0.086,6984.576,FALSE
02-10-1986 08:00,650,0.0487,2734.992,FALSE
05-10-1986 08:00,295,0.0131,333.8928,FALSE
12-10-1986 08:00,180,0.0134,208.3968,FALSE
19-10-1986 08:00,105,0.0133,120.6576,FALSE
26-10-1986 08:00,55,0.0087,41.3424,FALSE
01-11-1986 08:00,170,0.0148,217.3824,FALSE
02-11-1986 08:00,415,0.0275,986.04,FALSE
09-11-1986 08:00,435,0.0289,1086.1776,FALSE
16-11-1986 08:00,145,0.0081,101.4768,FALSE
23-11-1986 08:00,70,0.0096,58.0608,FALSE
30-11-1986 08:00,40,0.0084,29.0304,FALSE
03-12-1986 08:00,40,0.008,27.648,FALSE
06-12-1986 08:00,39,0.0014,4.71744,FALSE
07-12-1986 08:00,53,0.0094,43.04448,FALSE
14-12-1986 08:00,51.5,0.0094,41.82624,FALSE
21-12-1986 08:00,39,0.0131,44.14176,FALSE
25-12-1986 08:00,40,0.013,44.928,FALSE
28-12-1986 08:00,49,0.0161,68.16096,FALSE
04-01-1987 08:00,20,0.0087,15.0336,FALSE
11-01-1987 08:00,13,0.0142,15.94944,FALSE
18-01-1987 08:00,17.5,0.0086,13.0032,FALSE
25-01-1987 08:00,14.5,0.0144,18.04032,FALSE
26-01-1987 08:00,13,0.0142,15.94944,FALSE
01-02-1987 08:00,8.5,0.0163,11.97072,FALSE
08-02-1987 08:00,37.5,0.0191,61.884,FALSE
15-02-1987 08:00,30,0.0096,24.8832,FALSE
22-02-1987 08:00,32,0.0069,19.07712,FALSE
26-02-1987 08:00,35.5,0.0078,23.92416,FALSE
01-03-1987 08:00,29,0.01,25.056,FALSE
02-03-1987 08:00,21.3,0.0132,24.292224,FALSE
08-03-1987 08:00,74.5,0.0103,66.29904,FALSE
10-03-1987 08:00,30.4,0.0059,15.496704,FALSE
12-03-1987 08:00,17,0.0112,16.45056,FALSE
15-03-1987 08:00,23.5,0.0089,18.07056,FALSE
16-03-1987 08:00,52,0.0096,43.13088,FALSE
22-03-1987 08:00,8.7,0.0013,0.977184,FALSE
23-03-1987 08:00,35.5,0.0095,29.1384,FALSE
29-03-1987 08:00,81,0.0054,37.79136,FALSE
05-04-1987 08:00,92.7,0.0081,64.875168,FALSE
10-04-1987 08:00,78.2,0.0089,60.132672,FALSE
11-04-1987 08:00,34.4,0.0067,19.913472,FALSE
12-04-1987 08:00,69.5,0.0073,43.83504,FALSE
13-04-1987 08:00,81,0.0103,72.08352,FALSE
14-04-1987 08:00,87,0.0104,78.17472,FALSE
15-04-1987 08:00,34.5,0.0067,19.97136,FALSE
16-04-1987 08:00,71.5,0.0078,48.18528,FALSE
17-04-1987 08:00,66.5,0.007,40.2192,FALSE
18-04-1987 08:00,75.2,0.0083,53.927424,FALSE
19-04-1987 08:00,69.5,0.0073,43.83504,FALSE
26-04-1987 08:00,92.7,0.0057,45.652896,FALSE
03-05-1987 08:00,62.2,0.01,53.7408,FALSE
10-05-1987 08:00,84.2,0.0055,40.01184,FALSE
17-05-1987 08:00,88.5,0.0073,55.81872,FALSE
24-05-1987 08:00,91.5,0.0082,64.82592,FALSE
29-05-1987 08:00,71,0.0101,61.95744,FALSE
31-05-1987 08:00,135,0.0111,129.4704,FALSE
07-06-1987 08:00,150,0.022,285.12,FALSE
12-06-1987 08:00,140,0.0104,125.7984,FALSE
14-06-1987 08:00,142,0.0103,126.36864,FALSE
21-06-1987 08:00,207,0.017,304.0416,FALSE
28-06-1987 08:00,362.5,0.037,1158.84,FALSE
05-07-1987 08:00,297.5,0.02,514.08,FALSE
12-07-1987 08:00,254,0.01,219.456,FALSE
19-07-1987 08:00,197.5,0.0084,143.3376,FALSE
26-07-1987 08:00,230,0.015,298.08,FALSE
02-08-1987 08:00,118,0.007,71.3664,FALSE
06-08-1987 08:00,93.5,0.0104,84.01536,FALSE
09-08-1987 08:00,96,0.0073,60.54912,FALSE
15-08-1987 08:00,190,0.012,196.992,FALSE
16-08-1987 08:00,175,0.01,151.2,FALSE
23-08-1987 08:00,331,0.026,743.5584,FALSE
30-08-1987 08:00,373,0.013,418.9536,FALSE
05-09-1987 08:00,215,0.014,260.064,FALSE
06-09-1987 08:00,127.5,0.01,110.16,FALSE
13-09-1987 08:00,42.5,0.0034,12.4848,FALSE
20-09-1987 08:00,257,0.021,466.3008,FALSE
24-09-1987 08:00,570,0.147,7239.456,FALSE
27-09-1987 08:00,225,0.018,349.92,FALSE
01-10-1987 08:00,300,0.026,673.92,FALSE
02-10-1987 08:00,260,0.021,471.744,FALSE
04-10-1987 08:00,247.5,0.021,449.064,FALSE
11-10-1987 08:00,165,0.0203,289.3968,FALSE
15-10-1987 08:00,225,0.02,388.8,FALSE
18-10-1987 08:00,194,0.015,251.424,FALSE
22-10-1987 08:00,162.5,0.0212,297.648,FALSE
25-10-1987 08:00,47.5,0.0094,38.5776,FALSE
31-10-1987 08:00,182.5,0.021,331.128,FALSE
01-11-1987 08:00,228,0.031,610.6752,FALSE
02-11-1987 08:00,150,0.022,285.12,FALSE
05-11-1987 08:00,112,0.0174,168.37632,FALSE
08-11-1987 08:00,190,0.2238,3673.9008,FALSE
15-11-1987 08:00,97.5,0.009,75.816,FALSE
22-11-1987 08:00,262.5,0.0235,532.98,FALSE
29-11-1987 08:00,52,0.009,40.4352,FALSE
30-11-1987 08:00,111,0.012,115.0848,FALSE
01-12-1987 08:00,158,0.0084,114.67008,FALSE
06-12-1987 08:00,98,0.0107,90.59904,FALSE
12-12-1987 08:00,142,0.0124,152.13312,FALSE
13-12-1987 08:00,227.5,0.0165526,325.3579056,FALSE
20-12-1987 08:00,146,0.0118,148.84992,FALSE
24-12-1987 08:00,119.5,0.007,72.2736,FALSE
25-12-1987 08:00,96.5,0.006,50.0256,FALSE
27-12-1987 08:00,115,0.007,69.552,FALSE
03-01-1988 08:00,101,0.0056,48.86784,FALSE
10-01-1988 08:00,86,0.0087,64.64448,FALSE
17-01-1988 08:00,101,0.006,52.3584,FALSE
18-01-1988 08:00,42,0.006,21.7728,FALSE
22-01-1988 08:00,57,0.0026,12.80448,FALSE
24-01-1988 08:00,52.24,0.0026,11.7351936,FALSE
26-01-1988 08:00,55.5,0.0036,17.26272,FALSE
31-01-1988 08:00,35,0.005,15.12,FALSE
07-02-1988 08:00,26.75,0.008,18.4896,FALSE
14-02-1988 08:00,82,0.0076,53.84448,FALSE
16-02-1988 08:00,86,0.004,29.7216,FALSE
21-02-1988 08:00,89.5,0.0083,64.18224,FALSE
28-02-1988 08:00,48.25,0.0073,30.43224,FALSE
03-03-1988 08:00,102,0.0098,86.36544,FALSE
06-03-1988 08:00,59.5,0.0084,43.18272,FALSE
13-03-1988 08:00,75.2,0.0048,31.186944,FALSE
20-03-1988 08:00,70.2,0.006,36.39168,FALSE
27-03-1988 08:00,70.1,0.007,42.39648,FALSE
31-03-1988 08:00,21,0.006,10.8864,FALSE
01-04-1988 08:00,34.75,0.006,18.0144,FALSE
03-04-1988 08:00,44,0.005,19.008,FALSE
10-04-1988 08:00,59.5,0.0093,47.80944,FALSE
14-04-1988 08:00,59.5,0.005,25.704,FALSE
17-04-1988 08:00,116.5,0.0103,103.67568,FALSE
22-04-1988 08:00,142.5,0.014178,174.559536,FALSE
24-04-1988 08:00,55.5,0.002,9.5904,FALSE
27-04-1988 08:00,55.5,0.0103,49.39056,FALSE
01-05-1988 08:00,99,0.0124,106.06464,FALSE
08-05-1988 08:00,78.5,0.01,67.824,FALSE
14-05-1988 08:00,136.5,0.0139,163.93104,FALSE
15-05-1988 08:00,142,0.0144,176.67072,FALSE
18-05-1988 08:00,101,0.0097,84.64608,FALSE
22-05-1988 08:00,86,0.0084,62.41536,FALSE
29-05-1988 08:00,89.5,0.0106,81.96768,FALSE
30-05-1988 08:00,84.61,0.0115,84.068496,FALSE
05-06-1988 08:00,290.1,0.047,1178.03808,FALSE
12-06-1988 08:00,268,0.045,1041.984,FALSE
19-06-1988 08:00,125,0.0093,100.44,FALSE
26-06-1988 08:00,166,0.0123,176.41152,FALSE
03-07-1988 08:00,237.5,0.02,410.4,FALSE
10-07-1988 08:00,212.5,0.037,679.32,FALSE
17-07-1988 08:00,787.6,0.0895,6090.35328,FALSE
24-07-1988 08:00,565,0.024,1171.584,FALSE
25-07-1988 08:00,427.5,0.014,517.104,FALSE
26-07-1988 08:00,321,0.003,83.2032,FALSE
31-07-1988 08:00,240,0.0154,319.3344,FALSE
04-08-1988 08:00,1675,0.278141,40252.56552,FALSE
05-08-1988 08:00,1077,0.06532,6078.208896,FALSE
07-08-1988 08:00,475,0.022,902.88,FALSE
12-08-1988 08:00,216,0.009,167.9616,FALSE
14-08-1988 08:00,150,0.0063,81.648,FALSE
15-08-1988 08:00,160,0.0063,87.0912,FALSE
21-08-1988 08:00,430,0.022,817.344,FALSE
23-08-1988 08:00,620,0.03,1607.04,FALSE
26-08-1988 08:00,417.5,0.022,793.584,FALSE
27-08-1988 08:00,465,0.024,964.224,FALSE
28-08-1988 08:00,550,0.039,1853.28,FALSE
04-09-1988 08:00,540,0.061,2846.016,FALSE
11-09-1988 08:00,495,0.073,3122.064,FALSE
12-09-1988 08:00,515,0.041,1824.336,FALSE
15-09-1988 08:00,716.5,0.0906,5608.64736,FALSE
18-09-1988 08:00,385,0.02,665.28,FALSE
25-09-1988 08:00,366,0.014,442.7136,FALSE
02-10-1988 08:00,237.5,0.0106,217.512,FALSE
07-10-1988 08:00,214,0.009,166.4064,FALSE
08-10-1988 08:00,185,0.0105,167.832,FALSE
09-10-1988 08:00,162.5,0.0092,129.168,FALSE
10-10-1988 08:00,162,0.011,153.9648,FALSE
11-10-1988 08:00,150,0.009,116.64,FALSE
12-10-1988 08:00,151,0.008,104.3712,FALSE
14-10-1988 08:00,162,0.0069,96.57792,FALSE
16-10-1988 08:00,137.5,0.008,95.04,FALSE
17-10-1988 08:00,165,0.009,128.304,FALSE
20-10-1988 08:00,125,0.0054,58.32,FALSE
23-10-1988 08:00,122.5,0.0053,56.0952,FALSE
25-10-1988 08:00,145,0.01,125.28,FALSE
30-10-1988 08:00,113,0.0052,50.76864,FALSE
06-11-1988 08:00,113,0.0083,81.03456,FALSE
08-11-1988 08:00,45,0.0113,43.9344,FALSE
13-11-1988 08:00,100,0.0073,63.072,FALSE
14-11-1988 08:00,125,0.0095,102.6,FALSE
20-11-1988 08:00,100,0.0134,115.776,FALSE
23-11-1988 08:00,78,0.0123,82.89216,FALSE
27-11-1988 08:00,85,0.0133,97.6752,FALSE
04-12-1988 08:00,57.25,0.008,39.5712,FALSE
05-12-1988 08:00,59.25,0.0154,78.83568,FALSE
09-12-1988 08:00,74,0.0148,94.62528,FALSE
10-12-1988 08:00,35.75,0.01411,43.582968,FALSE
11-12-1988 08:00,57.5,0.007,34.776,FALSE
12-12-1988 08:00,43.25,0.007,26.1576,FALSE
13-12-1988 08:00,54.25,0.007,32.8104,FALSE
18-12-1988 08:00,67.5,0.006,34.992,FALSE
21-12-1988 08:00,43,0.008,29.7216,FALSE
23-12-1988 08:00,49.25,0.008,34.0416,FALSE
24-12-1988 08:00,37,0.008,25.5744,FALSE
25-12-1988 08:00,46.75,0.008,32.3136,FALSE
28-12-1988 08:00,33.25,0.008,22.9824,FALSE
30-12-1988 08:00,27,0.006,13.9968,FALSE
31-12-1988 08:00,25.7,0.006,13.32288,FALSE
01-01-1989 08:00,24.5,0.005,10.584,FALSE
08-01-1989 08:00,40,0.020285,70.10496,FALSE
15-01-1989 08:00,29.75,0.01,25.704,FALSE
22-01-1989 08:00,24.5,0.016,33.8688,FALSE
26-01-1989 08:00,33.25,0.012,34.4736,FALSE
29-01-1989 08:00,20.25,0.01,17.496,FALSE
05-02-1989 08:00,12,0.01383,14.338944,FALSE
09-02-1989 08:00,25.25,0.008,17.4528,FALSE
12-02-1989 08:00,22.5,0.008,15.552,FALSE
19-02-1989 08:00,24.75,0.011338,24.2451792,FALSE
26-02-1989 08:00,25.75,0.008,17.7984,FALSE
05-03-1989 08:00,22.25,0.009,17.3016,FALSE
06-03-1989 08:00,20.75,0.009,16.1352,FALSE
12-03-1989 08:00,26.75,0.008,18.4896,FALSE
19-03-1989 08:00,22.25,0.009,17.3016,FALSE
20-03-1989 08:00,25.25,0.01,21.816,FALSE
24-03-1989 08:00,61.5,0.00794,42.189984,FALSE
26-03-1989 08:00,64.5,0.007,39.0096,FALSE
01-04-1989 08:00,36.5,0.01,31.536,FALSE
02-04-1989 08:00,80,0.009,62.208,FALSE
09-04-1989 08:00,61.5,0.009,47.8224,FALSE
14-04-1989 08:00,75.5,0.01,65.232,FALSE
16-04-1989 08:00,67.5,0.009,52.488,FALSE
18-04-1989 08:00,69.25,0.01,59.832,FALSE
19-04-1989 08:00,70,0.011,66.528,FALSE
23-04-1989 08:00,92,0.017,135.1296,FALSE
24-04-1989 08:00,97.5,0.015,126.36,FALSE
30-04-1989 08:00,70.75,0.011,67.2408,FALSE
07-05-1989 08:00,92.75,0.01,80.136,FALSE
08-05-1989 08:00,100.5,0.01,86.832,FALSE
14-05-1989 08:00,90.75,0.0102,79.97616,FALSE
20-05-1989 08:00,72.25,0.0074,46.19376,FALSE
21-05-1989 08:00,146.8,0.012110958,153.609578,FALSE
28-05-1989 08:00,112.3,0.0104,100.908288,FALSE
04-06-1989 08:00,260,0.028,628.992,FALSE
06-06-1989 08:00,229,0.027,534.2112,FALSE
11-06-1989 08:00,290,0.032,801.792,FALSE
18-06-1989 08:00,415,0.0396,1419.8976,FALSE
25-06-1989 08:00,550,0.05184,2463.4368,FALSE
02-07-1989 08:00,262,0.0134,303.33312,FALSE
09-07-1989 08:00,320,0.0173,478.3104,FALSE
14-07-1989 08:00,290,0.0164,410.9184,FALSE
16-07-1989 08:00,280,0.0143,345.9456,FALSE
24-07-1989 08:00,2760,0.7394,176320.2816,FALSE
26-07-1989 08:00,1380,0.1454,17336.3328,FALSE
30-07-1989 08:00,500,0.0333,1438.56,FALSE
01-08-1989 08:00,290,0.016,400.896,FALSE
06-08-1989 08:00,415,0.025,896.4,FALSE
13-08-1989 08:00,235,0.007,142.128,FALSE
15-08-1989 08:00,320,0.017,470.016,FALSE
16-08-1989 08:00,290,0.016,400.896,FALSE
20-08-1989 08:00,660,0.03224,1838.45376,FALSE
27-08-1989 08:00,200,0.006,103.68,FALSE
30-08-1989 08:00,135,0.0044,51.3216,FALSE
03-09-1989 08:00,430,0.043,1597.536,FALSE
10-09-1989 08:00,185,0.01,159.84,FALSE
12-09-1989 08:00,185,0.01,159.84,FALSE
13-09-1989 08:00,518,0.024,1074.1248,FALSE
17-09-1989 08:00,285,0.016,393.984,FALSE
20-09-1989 08:00,1510,0.1734,22622.4576,FALSE
21-09-1989 08:00,770,0.061,4058.208,FALSE
24-09-1989 08:00,495,0.02,855.36,FALSE
01-10-1989 08:00,270,0.014,326.592,FALSE
02-10-1989 08:00,260,0.013,292.032,FALSE
05-10-1989 08:00,195,0.009,151.632,FALSE
08-10-1989 08:00,635,0.0435,2386.584,FALSE
10-10-1989 08:00,510,0.0315,1388.016,FALSE
15-10-1989 08:00,395,0.041,1399.248,FALSE
22-10-1989 08:00,428,0.026,961.4592,FALSE
28-10-1989 08:00,290,0.019,476.064,FALSE
29-10-1989 08:00,240,0.018,373.248,FALSE
05-11-1989 08:00,355,0.0182934,561.0951648,FALSE
12-11-1989 08:00,135,0.0104,121.3056,FALSE
13-11-1989 08:00,195,0.014,235.872,FALSE
14-11-1989 08:00,228,0.016,315.1872,FALSE
19-11-1989 08:00,150,0.011,142.56,FALSE
22-11-1989 08:00,103,0.0094,83.65248,FALSE
26-11-1989 08:00,110,0.009,85.536,FALSE
29-11-1989 08:00,108,0.008,74.6496,FALSE
03-12-1989 08:00,123,0.0058,61.63776,FALSE
10-12-1989 08:00,82.5,0.006,42.768,FALSE
17-12-1989 08:00,79,0.0138,94.19328,FALSE
18-12-1989 08:00,68,0.0085,49.9392,FALSE
23-12-1989 08:00,95.5,0.0105,86.6376,FALSE
24-12-1989 08:00,58,0.0095,47.6064,FALSE
25-12-1989 08:00,52,0.0085,38.1888,FALSE
26-12-1989 08:00,21.5,0.0075,13.932,FALSE
27-12-1989 08:00,53,0.0076,34.80192,FALSE
28-12-1989 08:00,73,0.0078,49.19616,FALSE
31-12-1989 08:00,67,0.01,57.888,FALSE
04-01-1990 08:00,73,0.0053,33.42816,FALSE
07-01-1990 08:00,54.75,0.0067,31.69368,FALSE
14-01-1990 08:00,57.5,0.0067,33.2856,FALSE
21-01-1990 08:00,92,0.0098,77.89824,FALSE
26-01-1990 08:00,86,0.0097,72.07488,FALSE
28-01-1990 08:00,65,0.0047,26.3952,FALSE
04-02-1990 08:00,87,0.010665,80.166672,FALSE
11-02-1990 08:00,82.5,0.0065,46.332,FALSE
18-02-1990 08:00,32,0.0046,12.71808,FALSE
23-02-1990 08:00,45,0.0047,18.2736,FALSE
25-02-1990 08:00,28.5,0.0045,11.0808,FALSE
04-03-1990 08:00,32,0.0069,19.07712,FALSE
11-03-1990 08:00,28,0.0055,13.3056,FALSE
18-03-1990 08:00,38,0.0077,25.28064,FALSE
25-03-1990 08:00,36.5,0.0066,20.81376,FALSE
01-04-1990 08:00,39,0.0067,22.57632,FALSE
07-04-1990 08:00,40,0.0065,22.464,FALSE
08-04-1990 08:00,40.5,0.0094,32.89248,FALSE
13-04-1990 08:00,40,0.0094,32.4864,FALSE
14-04-1990 08:00,53,0.0091,41.67072,FALSE
15-04-1990 08:00,40,0.0094,32.4864,FALSE
22-04-1990 08:00,50,0.0093,40.176,FALSE
27-04-1990 08:00,95,0.01,82.08,FALSE
29-04-1990 08:00,61,0.0095,50.0688,FALSE
01-05-1990 08:00,117.5,0.0105,106.596,FALSE
02-05-1990 08:00,78,0.0086,57.95712,FALSE
06-05-1990 08:00,57.5,0.0094,46.6992,FALSE
09-05-1990 08:00,113,0.0149,145.47168,FALSE
10-05-1990 08:00,120.5,0.0147,153.04464,FALSE
11-05-1990 08:00,122.5,0.0149,157.7016,FALSE
13-05-1990 08:00,129,0.0115,128.1744,FALSE
18-05-1990 08:00,150,0.0156,202.176,FALSE
20-05-1990 08:00,181.5,0.0145,227.3832,FALSE
21-05-1990 08:00,198,0.0141,241.21152,FALSE
22-05-1990 08:00,148,0.0114,145.77408,FALSE
23-05-1990 08:00,203,0.0141,247.30272,FALSE
25-05-1990 08:00,215,0.0148,274.9248,FALSE
26-05-1990 08:00,172,0.0125,185.76,FALSE
27-05-1990 08:00,185,0.0185,295.704,FALSE
29-05-1990 08:00,190,0.0235,385.776,FALSE
30-05-1990 08:00,187,0.0242,390.99456,FALSE
03-06-1990 08:00,245,0.0159,336.5712,FALSE
06-06-1990 08:00,227.5,0.013,255.528,FALSE
10-06-1990 08:00,290,0.0182,456.0192,FALSE
17-06-1990 08:00,590,0.0431,2197.0656,FALSE
20-06-1990 08:00,837.5,0.1250276,9046.997136,FALSE
24-06-1990 08:00,462.5,0.0297,1186.812,FALSE
28-06-1990 08:00,510,0.0374,1647.9936,FALSE
01-07-1990 08:00,320,0.022,608.256,FALSE
02-07-1990 08:00,620,0.0617,3305.1456,FALSE
04-07-1990 08:00,547.5,0.0406,1920.5424,FALSE
08-07-1990 08:00,932.5,0.07264,5852.45952,FALSE
09-07-1990 08:00,675,0.0505,2945.16,FALSE
15-07-1990 08:00,490,0.0186,787.4496,FALSE
18-07-1990 08:00,465,0.031,1245.456,FALSE
22-07-1990 08:00,407.5,0.032,1126.656,FALSE
26-07-1990 08:00,395,0.018,614.304,FALSE
29-07-1990 08:00,292.5,0.014,353.808,FALSE
02-08-1990 08:00,592.5,0.0445,2278.044,FALSE
04-08-1990 08:00,495,0.0348,1488.3264,FALSE
05-08-1990 08:00,417.5,0.0295,1064.124,FALSE
09-08-1990 08:00,685,0.0325,1923.48,FALSE
12-08-1990 08:00,617.5,0.0207,1104.3864,FALSE
13-08-1990 08:00,550,0.017,807.84,FALSE
14-08-1990 08:00,765,0.022,1454.112,FALSE
15-08-1990 08:00,760,0.0277,1818.8928,FALSE
19-08-1990 08:00,462.5,0.0137,547.452,FALSE
26-08-1990 08:00,267.5,0.007,161.784,FALSE
02-09-1990 08:00,165,0.0044,62.7264,FALSE
03-09-1990 08:00,162.5,0.0034,47.736,FALSE
08-09-1990 08:00,130,0.004,44.928,FALSE
09-09-1990 08:00,190,0.006,98.496,FALSE
16-09-1990 08:00,115,0.008,79.488,FALSE
19-09-1990 08:00,107.5,0.007,65.016,FALSE
23-09-1990 08:00,187.5,0.012,194.4,FALSE
28-09-1990 08:00,115,0.008,79.488,FALSE
29-09-1990 08:00,95,0.0054,44.3232,FALSE
30-09-1990 08:00,122.5,0.0094,99.4896,FALSE
02-10-1990 08:00,97,0.0053,44.41824,FALSE
03-10-1990 08:00,122.5,0.008,84.672,FALSE
05-10-1990 08:00,87.5,0.007,52.92,FALSE
07-10-1990 08:00,67.5,0.008,46.656,FALSE
14-10-1990 08:00,170,0.012,176.256,FALSE
17-10-1990 08:00,120,0.009,93.312,FALSE
21-10-1990 08:00,205,0.013,230.256,FALSE
23-10-1990 08:00,595,0.05067,2604.84336,FALSE
27-10-1990 08:00,312.5,0.031,837,FALSE
28-10-1990 08:00,502.5,0.036,1562.976,FALSE
29-10-1990 08:00,342.5,0.018,532.656,FALSE
30-10-1990 08:00,650,0.049,2751.84,FALSE
01-11-1990 08:00,620,0.048,2571.264,FALSE
02-11-1990 08:00,417.5,0.03,1082.16,FALSE
03-11-1990 08:00,317.5,0.021,576.072,FALSE
04-11-1990 08:00,860,0.0665,4941.216,FALSE
10-11-1990 08:00,182.5,0.013,204.984,FALSE
11-11-1990 08:00,185,0.013,207.792,FALSE
12-11-1990 08:00,140,0.009,108.864,FALSE
14-11-1990 08:00,132.5,0.007,80.136,FALSE
16-11-1990 08:00,97.5,0.008,67.392,FALSE
18-11-1990 08:00,170,0.011,161.568,FALSE
25-11-1990 08:00,110,0.015,142.56,FALSE
02-12-1990 08:00,63.5,0.01,54.864,FALSE
09-12-1990 08:00,36.5,0.008,25.2288,FALSE
16-12-1990 08:00,36.5,0.005,15.768,FALSE
23-12-1990 08:00,35,0.005,15.12,FALSE
25-12-1990 08:00,33,0.006,17.1072,FALSE
26-12-1990 08:00,33,0.006,17.1072,FALSE
27-12-1990 08:00,33,0.007,19.9584,FALSE
28-12-1990 08:00,31,0.007,18.7488,FALSE
30-12-1990 08:00,31.5,0.007,19.0512,FALSE
06-01-1991 08:00,33,0.005,14.256,FALSE
13-01-1991 08:00,34.5,0.008,23.8464,FALSE
15-01-1991 08:00,48,0.009,37.3248,FALSE
20-01-1991 08:00,60,0.009,46.656,FALSE
26-01-1991 08:00,49.5,0.007,29.9376,FALSE
27-01-1991 08:00,38.5,0.007,23.2848,FALSE
02-02-1991 08:00,49.5,0.006,25.6608,FALSE
03-02-1991 08:00,38.5,0.006,19.9584,FALSE
06-02-1991 08:00,140,0.0163,197.1648,FALSE
10-02-1991 08:00,65,0.007,39.312,FALSE
12-02-1991 08:00,48,0.006,24.8832,FALSE
14-02-1991 08:00,86,0.005,37.152,FALSE
17-02-1991 08:00,87.5,0.006,45.36,FALSE
24-02-1991 08:00,84.5,0.009,65.7072,FALSE
03-03-1991 08:00,42.5,0.007,25.704,FALSE
08-03-1991 08:00,30,0.005,12.96,FALSE
10-03-1991 08:00,31.5,0.004,10.8864,FALSE
17-03-1991 08:00,36.5,0.005,15.768,FALSE
19-03-1991 08:00,136,0.006,70.5024,FALSE
24-03-1991 08:00,86,0.006,44.5824,FALSE
28-03-1991 08:00,91,0.009,70.7616,FALSE
29-03-1991 08:00,72,0.009,55.9872,FALSE
31-03-1991 08:00,72,0.01,62.208,FALSE
07-04-1991 08:00,95,0.0058,47.6064,FALSE
11-04-1991 08:00,89,0.009,69.2064,FALSE
14-04-1991 08:00,82,0.0135,95.6448,FALSE
15-04-1991 08:00,63,0.0158,86.00256,FALSE
16-04-1991 08:00,63,0.007,38.1024,FALSE
21-04-1991 08:00,112.5,0.009,87.48,FALSE
22-04-1991 08:00,106,0.001,9.1584,FALSE
28-04-1991 08:00,86,0.01,74.304,FALSE
05-05-1991 08:00,81.5,0.009,63.3744,FALSE
06-05-1991 08:00,31.5,0.005,13.608,FALSE
12-05-1991 08:00,42.5,0.005,18.36,FALSE
14-05-1991 08:00,75,0.008,51.84,FALSE
19-05-1991 08:00,36.5,0.005,15.768,FALSE
21-05-1991 08:00,41.5,0.005,17.928,FALSE
22-05-1991 08:00,36.5,0.004,12.6144,FALSE
26-05-1991 08:00,36.5,0.006,18.9216,FALSE
27-05-1991 08:00,69,0.007,41.7312,FALSE
28-05-1991 08:00,52,0.007,31.4496,FALSE
01-06-1991 08:00,204.1,0.0065,114.62256,FALSE
02-06-1991 08:00,244.9,0.009,190.43424,FALSE
03-06-1991 08:00,798.2,0.034,2344.79232,FALSE
04-06-1991 08:00,476.6,0.021,864.74304,FALSE
05-06-1991 08:00,688.5,0.0292,1737.00288,FALSE
06-06-1991 08:00,870,0.0372,2796.2496,FALSE
07-06-1991 08:00,1120,0.0553,5351.2704,FALSE
08-06-1991 08:00,1201,0.0327,3393.16128,FALSE
09-06-1991 08:00,1062,0.02884,2646.266112,FALSE
10-06-1991 08:00,1481,0.0881,11273.13504,FALSE
11-06-1991 08:00,677.2,0.0433,2533.486464,FALSE
12-06-1991 08:00,497.3,0.0422,1813.195584,FALSE
13-06-1991 08:00,559.5,0.0382,1846.61856,FALSE
14-06-1991 08:00,406.4,0.035,1228.9536,FALSE
15-06-1991 08:00,676.5,0.0353,2063.27088,FALSE
16-06-1991 08:00,508.2,0.027,1185.52896,FALSE
17-06-1991 10:30,767.3,0.0841,5575.385952,FALSE
18-06-1991 09:00,508,0.022,965.6064,FALSE
19-06-1991 08:00,553,0.0123,587.68416,FALSE
20-06-1991 08:00,471.7,0.0115,468.68112,FALSE
21-06-1991 08:00,705.1,0.0154,938.177856,FALSE
22-06-1991 08:00,701,0.0264,1598.95296,FALSE
23-06-1991 08:00,649.6,0.04665,2618.251776,FALSE
24-06-1991 08:00,679,0.0688,4036.19328,FALSE
25-06-1991 08:00,817.4,0.0775,5473.3104,FALSE
26-06-1991 08:00,849,0.0666,4885.34976,FALSE
27-06-1991 08:00,954.5,0.0814,6712.96032,FALSE
28-06-1991 08:00,900,0.03487,2711.4912,FALSE
29-06-1991 08:00,874.2,0.0408,3081.659904,FALSE
30-06-1991 08:00,748,0.0354,2287.80288,FALSE
01-07-1991 08:00,1170,0.1837,18569.8656,FALSE
02-07-1991 08:00,787.3,0.0304,2067.890688,FALSE
03-07-1991 08:00,656.6,0.0341,1934.501184,FALSE
04-07-1991 08:00,628,0.0392,2126.96064,FALSE
05-07-1991 08:00,560.5,0.0421,2038.78512,FALSE
06-07-1991 08:00,544.2,0.0464,2181.676032,FALSE
07-07-1991 08:00,904.8,0.05,3908.736,FALSE
08-07-1991 08:00,997.1,0.055,4738.2192,FALSE
09-07-1991 08:00,834.7,0.053,3822.25824,FALSE
10-07-1991 08:00,877.9,0.051,3868.37856,FALSE
11-07-1991 08:00,919.5,0.049,3892.7952,FALSE
12-07-1991 08:00,902.4,0.04,3118.6944,FALSE
13-07-1991 08:00,771,0.031,2065.0464,FALSE
14-07-1991 08:00,704.1,0.021,1277.51904,FALSE
15-07-1991 08:00,629.7,0.012,652.87296,FALSE
16-07-1991 08:00,587.9,0.015,761.9184,FALSE
17-07-1991 08:00,561.5,0.018,873.2448,FALSE
18-07-1991 08:00,544.7,0.021,988.30368,FALSE
19-07-1991 08:00,572.7,0.023,1138.06944,FALSE
20-07-1991 08:00,554.3,0.0278,1331.384256,FALSE
21-07-1991 08:00,509.1,0.0199,875.326176,FALSE
22-07-1991 08:00,488,0.0116,489.09312,FALSE
23-07-1991 08:00,538.6,0.0123,572.380992,FALSE
24-07-1991 08:00,500.1,0.0117,505.541088,FALSE
25-07-1991 08:00,595.4,0.014,720.19584,FALSE
26-07-1991 08:00,1587,0.1551,21266.81568,FALSE
27-07-1991 08:00,1720,0.1244,18486.8352,FALSE
28-07-1991 08:00,1839,0.3134,49796.00064,FALSE
29-07-1991 08:00,2603,0.50013,112478.8369,FALSE
30-07-1991 08:00,1558,0.0982,13218.81984,FALSE
31-07-1991 08:00,1631,0.1071,15092.36064,FALSE
01-08-1991 08:00,2043,0.10715,18913.60368,FALSE
02-08-1991 08:00,1164,0.07715,7758.94464,FALSE
03-08-1991 08:00,890.7,0.046,3539.99808,FALSE
04-08-1991 08:00,799.6,0.0461,3184.838784,FALSE
05-08-1991 08:00,737.2,0.0461,2936.297088,FALSE
06-08-1991 08:00,609.3,0.0403,2121.533856,FALSE
07-08-1991 08:00,591.1,0.091,4647.46464,FALSE
08-08-1991 08:00,551.1,0.0227,1080.861408,FALSE
09-08-1991 08:00,519,0.0249,1116.55584,FALSE
10-08-1991 08:00,479.7,0.0172,712.872576,FALSE
11-08-1991 08:00,449.8,0.0178,691.756416,FALSE
12-08-1991 08:00,462.7,0.0285,1139.35248,FALSE
13-08-1991 08:00,828.7,0.0302,2162.310336,FALSE
14-08-1991 08:00,1027,0.11867,10529.92138,FALSE
15-08-1991 08:00,747,0.07,4517.856,FALSE
16-08-1991 08:00,735.6,0.0206,1309.250304,FALSE
17-08-1991 08:00,903,0.0174,1357.53408,FALSE
18-08-1991 08:00,1396,0.025462,3071.083853,FALSE
19-08-1991 08:00,982,0.027,2290.8096,FALSE
20-08-1991 08:00,758.3,0.0202,1323.445824,FALSE
21-08-1991 08:00,668.6,0.012,693.20448,FALSE
22-08-1991 08:00,630,0.0112,609.6384,FALSE
23-08-1991 08:00,703.8,0.011,668.89152,FALSE
24-08-1991 08:00,654.5,0.0122,689.89536,FALSE
25-08-1991 08:00,593.2,0.0113,579.153024,FALSE
26-08-1991 08:00,577.8,0.0115,574.10208,FALSE
27-08-1991 08:00,578.1,0.0111,554.421024,FALSE
28-08-1991 08:00,513.4,0.0109,483.499584,FALSE
29-08-1991 08:00,465.6,0.0106,426.415104,FALSE
30-08-1991 08:00,521.8,0.0109,491.410368,FALSE
31-08-1991 08:00,609.6,0.012,632.03328,FALSE
01-09-1991 08:00,447.9,0.0098,379.245888,FALSE
02-09-1991 08:00,411.7,0.0071,252.553248,FALSE
03-09-1991 08:00,376.6,0.0042,136.660608,FALSE
04-09-1991 08:00,344.1,0.0067,199.192608,FALSE
05-09-1991 08:00,345,0.0056,166.9248,FALSE
06-09-1991 08:00,303,0.0043,112.57056,FALSE
07-09-1991 08:00,324.1,0.007,196.01568,FALSE
08-09-1991 08:00,305.4,0.0059,155.680704,FALSE
09-09-1991 08:00,336.2,0.0051,148.143168,FALSE
10-09-1991 08:00,300.7,0.006,155.88288,FALSE
11-09-1991 08:00,297.1,0.0066,169.418304,FALSE
12-09-1991 08:00,285.1,0.0029,71.434656,FALSE
13-09-1991 08:00,290.1,0.0095,238.11408,FALSE
14-09-1991 08:00,283,0.0053,129.59136,FALSE
15-09-1991 08:00,291.6,0.0078,196.515072,FALSE
16-09-1991 08:00,294.6,0.0091,231.626304,FALSE
17-09-1991 08:00,289.5,0.0054,135.06912,FALSE
18-09-1991 08:00,282.4,0.0074,180.555264,FALSE
19-09-1991 08:00,273.7,0.0121,286.136928,FALSE
20-09-1991 08:00,282.4,0.0081,197.634816,FALSE
21-09-1991 08:00,244,0.005,105.408,FALSE
22-09-1991 08:00,249.4,0.0047,101.276352,FALSE
23-09-1991 08:00,234.4,0.0043,87.084288,FALSE
24-09-1991 08:00,242.6,0.0046,96.418944,FALSE
25-09-1991 08:00,288.4,0.0043,107.146368,FALSE
26-09-1991 08:00,212.8,0.0091,167.311872,FALSE
27-09-1991 08:00,239.9,0.0056,116.073216,FALSE
28-09-1991 08:00,327.8,0.0099,280.387008,FALSE
29-09-1991 08:00,290.8,0.011,276.37632,FALSE
30-09-1991 08:00,334.3,0.00873,252.1531296,FALSE
01-10-1991 08:00,594.8,0.0166,853.085952,FALSE
02-10-1991 08:00,409.4,0.0152,537.656832,FALSE
03-10-1991 08:00,329.9,0.0124,353.441664,FALSE
04-10-1991 08:00,326.4,0.0162,456.855552,FALSE
05-10-1991 08:00,336.5,0.0074,215.14464,FALSE
06-10-1991 08:00,273.2,0.0097,228.963456,FALSE
07-10-1991 08:00,331.1,0.0134,383.334336,FALSE
08-10-1991 08:00,483.8,0.017,710.60544,FALSE
09-10-1991 08:00,367,0.0205,650.0304,FALSE
10-10-1991 08:00,334.8,0.0056,161.989632,FALSE
11-10-1991 08:00,336.8,0.0083,241.526016,FALSE
12-10-1991 08:00,341,0.0082,241.59168,FALSE
13-10-1991 08:00,402.5,0.00963,334.89288,FALSE
14-10-1991 08:00,327.4,0.0096,271.558656,FALSE
15-10-1991 08:00,337.9,0.0109,318.220704,FALSE
16-10-1991 08:00,289.2,0.0038,94.950144,FALSE
17-10-1991 08:00,286.8,0.002,49.55904,FALSE
18-10-1991 08:00,301.4,0.0035,91.14336,FALSE
19-10-1991 08:00,284.4,0.003,73.71648,FALSE
20-10-1991 08:00,275.7,0.0072,171.507456,FALSE
21-10-1991 08:00,288.9,0.0098,244.617408,FALSE
22-10-1991 08:00,278.7,0.0034,81.870912,FALSE
23-10-1991 08:00,306,0.0172,454.74048,FALSE
24-10-1991 08:00,409.8,0.0124,439.043328,FALSE
25-10-1991 08:00,453.9,0.0152,596.097792,FALSE
26-10-1991 08:00,437.9,0.0106,401.046336,FALSE
27-10-1991 08:00,504.2,0.0127,553.248576,FALSE
28-10-1991 08:00,428.4,0.0097,359.033472,FALSE
29-10-1991 08:00,453.6,0.0091,356.638464,FALSE
30-10-1991 08:00,962.4,0.1562,12988.24243,FALSE
31-10-1991 08:00,649.9,0.0864,4851.477504,FALSE
01-11-1991 08:00,568.4,0.01003,492.5708928,FALSE
02-11-1991 08:00,488.9,0.0064,270.342144,FALSE
03-11-1991 08:00,447.3,0.0098,378.737856,FALSE
04-11-1991 08:00,426.4,0.0056,206.309376,FALSE
05-11-1991 08:00,416.5,0.0057,205.11792,FALSE
06-11-1991 08:00,415.8,0.0106,380.806272,FALSE
07-11-1991 08:00,410.9,0.0069,244.962144,FALSE
08-11-1991 08:00,540.3,0.0230279,1074.986586,FALSE
09-11-1991 08:00,549.8,0.0923,4384.501056,FALSE
10-11-1991 08:00,442.8,0.0558,2134.791936,FALSE
11-11-1991 08:00,455.3,0.0206,810.361152,FALSE
12-11-1991 08:00,364.1,0.0123,386.936352,FALSE
13-11-1991 08:00,391.2,0.004,135.19872,FALSE
14-11-1991 08:00,376.2,0.004,130.01472,FALSE
15-11-1991 08:00,367.7,0.004,127.07712,FALSE
16-11-1991 08:00,351.2,0.0026,78.893568,FALSE
17-11-1991 08:00,346.7,0.0029,86.869152,FALSE
18-11-1991 08:00,371,0.0036,115.39584,FALSE
19-11-1991 08:00,320.2,0.0033,91.295424,FALSE
20-11-1991 08:00,319.3,0.0027,74.486304,FALSE
21-11-1991 08:00,301.3,0.0025,65.0808,FALSE
22-11-1991 08:00,290.4,0.0038,95.344128,FALSE
23-11-1991 08:00,293.3,0.0041,103.898592,FALSE
24-11-1991 08:00,287.1,0.0039,96.741216,FALSE
25-11-1991 08:00,268,0.0036,83.35872,FALSE
26-11-1991 08:00,291.3,0.0034,85.572288,FALSE
27-11-1991 08:00,290.9,0.0039,98.021664,FALSE
28-11-1991 08:00,261.8,0.0035,79.16832,FALSE
29-11-1991 08:00,269.6,0.0034,79.197696,FALSE
30-11-1991 08:00,247.2,0.003,64.07424,FALSE
01-12-1991 08:00,81.72,0.0027,19.0636416,FALSE
02-12-1991 08:00,82.76,0.0029,20.7363456,FALSE
03-12-1991 08:00,124.2,0.004,42.92352,FALSE
04-12-1991 08:00,80.67,0.0037,25.7885856,FALSE
05-12-1991 08:00,68.05,0.0034,19.990368,FALSE
06-12-1991 08:00,63.71,0.0032,17.6145408,FALSE
07-12-1991 08:00,81.64,0.0031,21.8664576,FALSE
08-12-1991 08:00,68.27,0.0029,17.1057312,FALSE
09-12-1991 08:00,75.22,0.0028,18.1972224,FALSE
10-12-1991 08:00,56.73,0.0028,13.7241216,FALSE
11-12-1991 08:00,65.66,0.0021,11.9133504,FALSE
12-12-1991 08:00,59.58,0.0037,19.0465344,FALSE
13-12-1991 08:00,51.93,0.0017,7.6274784,FALSE
14-12-1991 08:00,73.69,0.0022,14.0069952,FALSE
15-12-1991 08:00,52.44,0.0021,9.5147136,FALSE
16-12-1991 08:00,64.12,0.0021,11.6339328,FALSE
17-12-1991 08:00,49.19,0.0017,7.2250272,FALSE
18-12-1991 08:00,47.22,0.0014,5.7117312,FALSE
19-12-1991 08:00,71.13,0.0018,11.0621376,FALSE
20-12-1991 08:00,53.43,0.0026,12.0025152,FALSE
21-12-1991 08:00,78.09,0.0071,47.9035296,FALSE
22-12-1991 08:00,75.77,0.007,45.825696,FALSE
23-12-1991 08:00,47.95,0.0047,19.471536,FALSE
24-12-1991 08:00,60.79,0.0038,19.9585728,FALSE
25-12-1991 08:00,90.51,0.0048,37.5363072,FALSE
26-12-1991 08:00,59.61,0.004,20.601216,FALSE
27-12-1991 08:00,60.03,0.006,31.119552,FALSE
28-12-1991 08:00,65.19,0.0067,37.7371872,FALSE
29-12-1991 08:00,63.88,0.0069,38.0827008,FALSE
30-12-1991 08:00,46.24,0.0043,17.1790848,FALSE
31-12-1991 08:00,45.26,0.0052,20.3344128,FALSE
01-01-1992 08:00,40.92,0.0056,19.7987328,FALSE
02-01-1992 08:00,40.45,0.005,17.4744,FALSE
03-01-1992 08:00,39.73,0.0057,19.5662304,FALSE
04-01-1992 08:00,39.26,0.00632,21.43784448,FALSE
05-01-1992 08:00,39.5,0.0066,22.52448,FALSE
06-01-1992 08:00,39.02,0.0048,16.1823744,FALSE
07-01-1992 08:00,38.32,0.006,19.865088,FALSE
08-01-1992 08:00,36.46,0.0036,11.3405184,FALSE
09-01-1992 08:00,37.85,0.0045,14.71608,FALSE
10-01-1992 08:00,37.62,0.0073,23.7276864,FALSE
11-01-1992 08:00,36.92,0.0077,24.5621376,FALSE
12-01-1992 08:00,37.62,0.0073,23.7276864,FALSE
13-01-1992 08:00,38.32,0.004,13.243392,FALSE
14-01-1992 08:00,37.38,0.0067,21.6385344,FALSE
15-01-1992 08:00,37.38,0.0075,24.22224,FALSE
16-01-1992 08:00,36.69,0.007,22.190112,FALSE
17-01-1992 08:00,35.99,0.006,18.657216,FALSE
18-01-1992 08:00,36.69,0.0052,16.4840832,FALSE
19-01-1992 08:00,36.22,0.0053,16.5858624,FALSE
20-01-1992 08:00,35.76,0.0082,25.3352448,FALSE
21-01-1992 08:00,35.76,0.0081,25.0262784,FALSE
22-01-1992 08:00,32.81,0.0085,24.095664,FALSE
23-01-1992 08:00,33.93,0.0077,22.5729504,FALSE
24-01-1992 08:00,34.61,0.0059,17.6427936,FALSE
25-01-1992 08:00,33.7,0.0118,34.357824,FALSE
26-01-1992 08:00,35.99,0.0101,31.4063136,FALSE
27-01-1992 08:00,35.99,0.0067,20.8338912,FALSE
28-01-1992 08:00,36.45,0.0063,19.840464,FALSE
29-01-1992 08:00,35.99,0.0063,19.5900768,FALSE
30-01-1992 08:00,35.99,0.0059,18.3462624,FALSE
31-01-1992 08:00,49.94,0.0058,25.0259328,FALSE
01-02-1992 08:00,58.24,0.0076,38.2427136,FALSE
02-02-1992 08:00,47.96,0.0061,25.2768384,FALSE
03-02-1992 08:00,49.44,0.0058,24.7753728,FALSE
04-02-1992 08:00,48.45,0.0049,20.511792,FALSE
05-02-1992 08:00,50.43,0.0067,29.1929184,FALSE
06-02-1992 08:00,38.79,0.0066,22.1196096,FALSE
07-02-1992 08:00,36.69,0.0064,20.2881024,FALSE
08-02-1992 08:00,36.69,0.0068,21.5561088,FALSE
09-02-1992 08:00,37.15,0.0074,23.752224,FALSE
10-02-1992 08:00,35.99,0.006,18.657216,FALSE
11-02-1992 08:00,35.99,0.0061,18.9681696,FALSE
12-02-1992 08:00,38.79,0.0062,20.7790272,FALSE
13-02-1992 08:00,35.99,0.0083,25.8091488,FALSE
14-02-1992 08:00,35.99,0.0055,17.102448,FALSE
15-02-1992 08:00,35.3,0.0164,50.018688,FALSE
16-02-1992 08:00,37.38,0.014,45.214848,FALSE
17-02-1992 08:00,34.84,0.006,18.061056,FALSE
18-02-1992 08:00,33.93,0.0058,17.0030016,FALSE
19-02-1992 08:00,34.16,0.0062,18.2988288,FALSE
20-02-1992 08:00,33.93,0.008,23.452416,FALSE
21-02-1992 08:00,33.48,0.0087,25.1662464,FALSE
22-02-1992 08:00,33.93,0.0096,28.1428992,FALSE
23-02-1992 08:00,33.48,0.0097,28.0589184,FALSE
24-02-1992 08:00,33.93,0.0108,31.6607616,FALSE
25-02-1992 08:00,33.25,0.0064,18.38592,FALSE
26-02-1992 08:00,33.25,0.0068,19.53504,FALSE
27-02-1992 08:00,33.03,0.0063,17.9788896,FALSE
28-02-1992 08:00,33.25,0.0063,18.09864,FALSE
29-02-1992 08:00,33.48,0.0045,13.017024,FALSE
01-03-1992 08:00,34.16,0.0062,18.2988288,FALSE
02-03-1992 08:00,30.57,0.0053,13.9986144,FALSE
03-03-1992 08:00,29.7,0.0066,16.936128,FALSE
04-03-1992 08:00,32.37,0.0064,17.8993152,FALSE
05-03-1992 08:00,85.09,0.0076,55.8734976,FALSE
06-03-1992 08:00,82.75,0.0075,53.622,FALSE
07-03-1992 08:00,55.52,0.0066,31.6597248,FALSE
08-03-1992 08:00,82.5,0.0059,42.0552,FALSE
09-03-1992 08:00,43.08,0.0046,17.1217152,FALSE
10-03-1992 08:00,33.36,0.0044,12.6821376,FALSE
11-03-1992 08:00,29.7,0.0057,14.626656,FALSE
12-03-1992 08:00,33.77,0.0085,24.800688,FALSE
13-03-1992 08:00,51.76,0.0078,34.8820992,FALSE
14-03-1992 08:00,57.22,0.0084,41.5279872,FALSE
15-03-1992 08:00,56.97,0.0062,30.5176896,FALSE
16-03-1992 08:00,28.39,0.0024,5.8869504,FALSE
17-03-1992 08:00,49.03,0.0022,9.3196224,FALSE
18-03-1992 08:00,33.82,0.0047,13.7336256,FALSE
19-03-1992 08:00,71.63,0.0068,42.0840576,FALSE
20-03-1992 08:00,41.16,0.0035,12.446784,FALSE
21-03-1992 08:00,54.06,0.0034,15.8806656,FALSE
22-03-1992 08:00,62.84,0.0054,29.3186304,FALSE
23-03-1992 08:00,38.82,0.0044,14.7578112,FALSE
24-03-1992 08:00,30.14,0.0051,13.2808896,FALSE
25-03-1992 08:00,29.92,0.0037,9.5648256,FALSE
26-03-1992 08:00,29.26,0.0046,11.6290944,FALSE
27-03-1992 08:00,40.92,0.0044,15.5561472,FALSE
28-03-1992 08:00,29.7,0.0056,14.370048,FALSE
29-03-1992 08:00,34.5,0.0051,15.20208,FALSE
30-03-1992 08:00,44.78,0.0048,18.5711616,FALSE
31-03-1992 08:00,27.96,0.0026,6.2809344,FALSE
01-04-1992 08:00,31.1,0.0048,12.897792,FALSE
02-04-1992 08:00,40.21,0.0055,19.107792,FALSE
03-04-1992 08:00,40.44,0.004,13.976064,FALSE
04-04-1992 08:00,39.26,0.0037,12.5506368,FALSE
05-04-1992 08:00,64.17,0.0044,24.3948672,FALSE
06-04-1992 08:00,42.6,0.0044,16.194816,FALSE
07-04-1992 08:00,54.5,0.0054,25.42752,FALSE
08-04-1992 08:00,51.26,0.0063,27.9018432,FALSE
09-04-1992 08:00,62.63,0.009848,53.28981274,FALSE
10-04-1992 08:00,37.85,0.0052,17.005248,FALSE
11-04-1992 08:00,37.15,0.0049,15.727824,FALSE
12-04-1992 08:00,35.99,0.0045,13.992912,FALSE
13-04-1992 08:00,35.99,0.0045,13.992912,FALSE
14-04-1992 08:00,35.99,0.0042,13.0600512,FALSE
15-04-1992 08:00,35.3,0.0041,12.504672,FALSE
16-04-1992 08:00,31.27,0.0083,22.4243424,FALSE
17-04-1992 08:00,49.44,0.0054,23.0667264,FALSE
18-04-1992 08:00,31.27,0.0045,12.157776,FALSE
19-04-1992 08:00,30.57,0.0041,10.8291168,FALSE
20-04-1992 08:00,55.45,0.0114,54.616032,FALSE
21-04-1992 08:00,50.72,0.0061,26.7314688,FALSE
22-04-1992 08:00,29.48,0.0065,16.555968,FALSE
23-04-1992 08:00,67.79,0.0079,46.2707424,FALSE
24-04-1992 08:00,50.43,0.0067,29.1929184,FALSE
25-04-1992 08:00,51.43,0.0065,28.883088,FALSE
26-04-1992 08:00,51.68,0.0066,29.4700032,FALSE
27-04-1992 08:00,51.93,0.0071,31.8559392,FALSE
28-04-1992 08:00,64.23,0.0075,41.62104,FALSE
29-04-1992 08:00,64.74,0.007,39.154752,FALSE
30-04-1992 08:00,50.18,0.0069,29.9153088,FALSE
01-05-1992 08:00,72.95,0.0072,45.380736,FALSE
02-05-1992 08:00,52.43,0.0056,25.3677312,FALSE
03-05-1992 08:00,52.43,0.0053,24.0087456,FALSE
04-05-1992 08:00,66.24,0.0091,52.0805376,FALSE
05-05-1992 08:00,92.07,0.007,55.683936,FALSE
06-05-1992 08:00,70.34,0.0048,29.1714048,FALSE
07-05-1992 08:00,59.66,0.0062,31.9586688,FALSE
08-05-1992 08:00,65.41,0.0084,47.4719616,FALSE
09-05-1992 08:00,70.83,0.0087,53.2414944,FALSE
10-05-1992 08:00,90.48,0.0102,79.7382144,FALSE
11-05-1992 08:00,100.8,0.0202,175.924224,FALSE
12-05-1992 08:00,58,0.0104,52.11648,FALSE
13-05-1992 08:00,88.19,0.0083,63.2428128,FALSE
14-05-1992 08:00,88.67,0.0086,65.8853568,FALSE
15-05-1992 08:00,70.05,0.0068,41.155776,FALSE
16-05-1992 08:00,85.76,0.0132,97.8075648,FALSE
17-05-1992 08:00,109.5,0.013,122.9904,FALSE
18-05-1992 08:00,98.71,0.0099,84.4325856,FALSE
19-05-1992 08:00,147.9,0.012,153.34272,FALSE
20-05-1992 08:00,165.6,0.0213,304.756992,FALSE
21-05-1992 08:00,116.3,0.0141,141.681312,FALSE
22-05-1992 08:00,115.9,0.0069,69.094944,FALSE
23-05-1992 08:00,113.9,0.0066,64.950336,FALSE
24-05-1992 08:00,109.2,0.007,66.04416,FALSE
25-05-1992 08:00,100.3,0.0068,58.928256,FALSE
26-05-1992 08:00,104.4,0.0106,95.613696,FALSE
27-05-1992 08:00,96.19,0.0108,89.7568128,FALSE
28-05-1992 08:00,98.24,0.0102,86.5769472,FALSE
29-05-1992 08:00,83.03,0.0082,58.8250944,FALSE
30-05-1992 08:00,88.4,0.013,99.29088,FALSE
31-05-1992 08:00,95.4,0.0107,88.195392,FALSE
01-06-1992 08:00,81.38,0.009,63.281088,FALSE
02-06-1992 08:00,97.59,0.0087,73.3564512,FALSE
03-06-1992 08:00,164.1,0.0293,415.422432,FALSE
04-06-1992 08:00,113.3,0.0116,113.553792,FALSE
05-06-1992 08:00,127.1,0.0113,124.090272,FALSE
06-06-1992 08:00,161.7,0.0096,134.120448,FALSE
07-06-1992 08:00,164.8,0.01,142.3872,FALSE
08-06-1992 08:00,322.9,0.0362,1009.927872,FALSE
09-06-1992 08:00,271.7,0.0249,584.524512,FALSE
10-06-1992 08:00,203.2,0.013,228.23424,FALSE
11-06-1992 08:00,182,0.0113,177.69024,FALSE
12-06-1992 08:00,158.1,0.0082,112.010688,FALSE
13-06-1992 08:00,377.5,0.0113,368.5608,FALSE
14-06-1992 08:00,329.4,0.0142,404.134272,FALSE
15-06-1992 08:00,339,0.0174,509.63904,FALSE
16-06-1992 08:00,438.8,0.05362,2032.858598,FALSE
17-06-1992 08:00,489.2,0.092,3888.55296,FALSE
18-06-1992 08:00,1041,0.323356,29083.41469,FALSE
19-06-1992 08:00,1186,0.2128,21805.70112,FALSE
20-06-1992 08:00,970,0.0844,7073.3952,FALSE
21-06-1992 08:00,1373,0.1293,15338.49696,FALSE
22-06-1992 08:00,1550,0.13767,18436.7664,FALSE
23-06-1992 08:00,1519,0.05362,7037.174592,FALSE
24-06-1992 08:00,890.6,0.0301,2316.129984,FALSE
25-06-1992 08:00,528.2,0.0227,1035.948096,FALSE
26-06-1992 08:00,400.4,0.0238,823.350528,FALSE
27-06-1992 08:00,346.6,0.0348,1042.129152,FALSE
28-06-1992 08:00,295.4,0.0467,1191.903552,FALSE
29-06-1992 08:00,441.2,0.0592,2256.685056,FALSE
30-06-1992 08:00,738.5,0.0769,4906.71216,FALSE
01-07-1992 08:00,883.8,0.0948,7238.958336,FALSE
02-07-1992 08:00,662.5,0.0421,2409.804,FALSE
03-07-1992 08:00,593,0.0228,1168.16256,FALSE
04-07-1992 08:00,535.5,0.0399,1846.06128,FALSE
05-07-1992 08:00,478.4,0.073,3017.36448,FALSE
06-07-1992 08:00,571.7,0.1054,5206.220352,FALSE
07-07-1992 08:00,547.7,0.0445,2105.79696,FALSE
08-07-1992 08:00,584.5,0.0252,1272.62016,FALSE
09-07-1992 08:00,563.3,0.0306,1489.275072,FALSE
10-07-1992 08:00,447.7,0.019,734.94432,FALSE
11-07-1992 08:00,374.1,0.0162,523.620288,FALSE
12-07-1992 08:00,349.2,0.014,422.39232,FALSE
13-07-1992 08:00,281.4,0.0117,284.461632,FALSE
14-07-1992 08:00,311.9,0.0256,689.872896,FALSE
15-07-1992 08:00,327.2,0.0242,684.135936,FALSE
16-07-1992 08:00,716.5,0.0625,3869.1,FALSE
17-07-1992 08:00,815.4,0.0644,4537.016064,FALSE
18-07-1992 08:00,611.9,0.0285,1506.74256,FALSE
19-07-1992 08:00,815,0.0345,2429.352,FALSE
20-07-1992 08:00,949.1,0.0406,3329.290944,FALSE
21-07-1992 08:00,656.1,0.0194,1099.728576,FALSE
22-07-1992 08:00,486.4,0.0152,638.779392,FALSE
23-07-1992 08:00,444.6,0.0223,856.619712,FALSE
24-07-1992 08:00,398.5,0.0168,578.43072,FALSE
25-07-1992 08:00,404.5,0.0237,828.28656,FALSE
26-07-1992 08:00,1038,0.0641,5748.69312,FALSE
27-07-1992 08:00,1490,0.1042,13414.2912,FALSE
28-07-1992 08:00,2555,0.3503,77329.4256,FALSE
29-07-1992 08:00,2462,0.28074,59718.11443,FALSE
30-07-1992 08:00,1816,0.1062,16663.03488,FALSE
31-07-1992 08:00,851.2,0.0579,4258.179072,FALSE
01-08-1992 08:00,1073,0.08433,7817.998176,FALSE
02-08-1992 08:00,816.8,0.0633,4467.177216,FALSE
03-08-1992 08:00,711.2,0.042,2580.80256,FALSE
04-08-1992 08:00,795.5,0.0623,4281.95376,FALSE
05-08-1992 08:00,686,0.0341,2021.12064,FALSE
06-08-1992 08:00,600,0.0436,2260.224,FALSE
07-08-1992 08:00,502.5,0.0307,1332.8712,FALSE
08-08-1992 08:00,522.4,0.0802,3619.855872,FALSE
09-08-1992 08:00,505.1,0.056,2443.87584,FALSE
10-08-1992 08:00,570.6,0.0318,1567.734912,FALSE
11-08-1992 08:00,675.1,0.0268,1563.207552,FALSE
12-08-1992 08:00,693,0.0592,3544.61184,FALSE
13-08-1992 08:00,488,0.0261,1100.45952,FALSE
14-08-1992 08:00,524.5,0.0188,851.95584,FALSE
15-08-1992 08:00,501.6,0.0194,840.761856,FALSE
16-08-1992 08:00,409.1,0.021,742.27104,FALSE
17-08-1992 08:00,638.3,0.0214,1180.191168,FALSE
18-08-1992 08:00,654.5,0.0626,3539.95488,FALSE
19-08-1992 08:00,592.4,0.029,1484.31744,FALSE
20-08-1992 08:00,559,0.021,1014.2496,FALSE
21-08-1992 08:00,441.4,0.0174,663.583104,FALSE
22-08-1992 08:00,396.2,0.0141,482.666688,FALSE
23-08-1992 08:00,377.9,0.0206,672.601536,FALSE
24-08-1992 08:00,381,0.0269,885.50496,FALSE
25-08-1992 08:00,342.4,0.0212,627.167232,FALSE
26-08-1992 08:00,305.1,0.0133,350.596512,FALSE
27-08-1992 08:00,300.6,0.0124,322.050816,FALSE
28-08-1992 08:00,431.3,0.054,2012.27328,FALSE
29-08-1992 08:00,441.1,0.0207,788.898528,FALSE
30-08-1992 08:00,516.2,0.0253,1128.371904,FALSE
31-08-1992 08:00,582.8,0.0286,1440.122112,FALSE
01-09-1992 08:00,675.7,0.04717,2753.807242,FALSE
02-09-1992 08:00,779.3,0.04366,2939.694163,FALSE
03-09-1992 08:00,697.2,0.0288,1734.856704,FALSE
04-09-1992 08:00,534.1,0.0112,516.837888,FALSE
05-09-1992 08:00,528,0.0182,830.26944,FALSE
06-09-1992 08:00,519.5,0.018,807.9264,FALSE
07-09-1992 08:00,520.7,0.0192,863.778816,FALSE
08-09-1992 08:00,400.1,0.0357,1234.100448,FALSE
09-09-1992 08:00,647.3,0.0584,3266.120448,FALSE
10-09-1992 08:00,557.6,0.0502,2418.467328,FALSE
11-09-1992 08:00,451.5,0.0322,1256.10912,FALSE
12-09-1992 08:00,380.4,0.0128,420.691968,FALSE
13-09-1992 08:00,315.6,0.0102,278.131968,FALSE
14-09-1992 08:00,216.5,0.0062,115.97472,FALSE
15-09-1992 08:00,263.9,0.0054,123.125184,FALSE
16-09-1992 08:00,222.5,0.0047,90.3528,FALSE
17-09-1992 08:00,223.2,0.0116,223.699968,FALSE
18-09-1992 08:00,241.4,0.0058,120.970368,FALSE
19-09-1992 08:00,202.9,0.0132,231.403392,FALSE
20-09-1992 08:00,237.7,0.0116,238.232448,FALSE
21-09-1992 08:00,224.1,0.0086,166.515264,FALSE
22-09-1992 08:00,259.8,0.0164,368.126208,FALSE
23-09-1992 08:00,242.6,0.0149,312.313536,FALSE
24-09-1992 08:00,551,0.0331,1575.77184,FALSE
25-09-1992 08:00,308,0.0253,673.26336,FALSE
26-09-1992 08:00,255.4,0.0164,361.891584,FALSE
27-09-1992 08:00,322.7,0.0191,532.532448,FALSE
28-09-1992 08:00,333,0.0219,630.08928,FALSE
29-09-1992 08:00,435.2,0.0435,1635.65568,FALSE
30-09-1992 08:00,419.6,0.0191,692.440704,FALSE
01-10-1992 08:00,267.2,0.01112,256.7172096,FALSE
02-10-1992 08:00,342.4,0.0163,482.208768,FALSE
03-10-1992 08:00,340.2,0.0216,634.894848,FALSE
04-10-1992 08:00,519.2,0.0327,1466.885376,FALSE
05-10-1992 08:00,415.7,0.0284,1020.028032,FALSE
06-10-1992 08:00,396,0.0241,824.56704,FALSE
07-10-1992 08:00,362.7,0.020346,637.5882989,FALSE
08-10-1992 08:00,367.9,0.0158,502.227648,FALSE
09-10-1992 08:00,405.8,0.0183,641.618496,FALSE
10-10-1992 08:00,1080,0.0461,4301.6832,FALSE
11-10-1992 08:00,689.7,0.0334,1990.308672,FALSE
12-10-1992 08:00,514.7,0.0201,893.848608,FALSE
13-10-1992 08:00,397.8,0.01921,660.2461632,FALSE
14-10-1992 08:00,371.9,0.0192,616.937472,FALSE
15-10-1992 08:00,359.4,0.0184,571.359744,FALSE
16-10-1992 08:00,303.3,0.0129,338.046048,FALSE
17-10-1992 08:00,316.3,0.0104,284.214528,FALSE
18-10-1992 08:00,227.7,0.0105,206.56944,FALSE
19-10-1992 08:00,210.6,0.0101,183.777984,FALSE
20-10-1992 08:00,194.1,0.0092,154.286208,FALSE
21-10-1992 08:00,185.1,0.0076,121.544064,FALSE
22-10-1992 08:00,185.4,0.0057,91.305792,FALSE
23-10-1992 08:00,161.3,0.0063,87.798816,FALSE
24-10-1992 08:00,152,0.0069,90.61632,FALSE
25-10-1992 08:00,144.2,0.0065,80.98272,FALSE
26-10-1992 08:00,145.1,0.0067,83.995488,FALSE
27-10-1992 08:00,149,0.006,77.2416,FALSE
28-10-1992 08:00,122.4,0.0095,100.46592,FALSE
29-10-1992 08:00,120.5,0.0071,73.91952,FALSE
30-10-1992 08:00,116.1,0.0065,65.20176,FALSE
31-10-1992 08:00,141.1,0.0068,82.899072,FALSE
01-11-1992 08:00,129.6,0.0063,70.543872,FALSE
02-11-1992 08:00,126.8,0.0069,75.593088,FALSE
03-11-1992 08:00,134.8,0.0075,87.3504,FALSE
04-11-1992 08:00,137.1,0.0126,149.252544,FALSE
05-11-1992 08:00,125.3,0.0072,77.946624,FALSE
06-11-1992 08:00,126.9,0.0152,166.655232,FALSE
07-11-1992 08:00,144.1,0.0072,89.641728,FALSE
08-11-1992 08:00,159.5,0.0139,191.55312,FALSE
09-11-1992 08:00,178.3,0.0209,321.967008,FALSE
10-11-1992 08:00,136.7,0.0149,175.982112,FALSE
11-11-1992 08:00,120.5,0.0077,80.16624,FALSE
12-11-1992 08:00,116.3,0.0081,81.391392,FALSE
13-11-1992 08:00,112,0.0104,100.63872,FALSE
14-11-1992 08:00,213.1,0.0067,123.359328,FALSE
15-11-1992 08:00,339.5,0.0393,1152.77904,FALSE
16-11-1992 08:00,243.9,0.0713,1502.502048,FALSE
17-11-1992 08:00,357.3,0.0475,1466.3592,FALSE
18-11-1992 08:00,425.1,0.0408,1498.528512,FALSE
19-11-1992 08:00,229.7,0.0339,672.782112,FALSE
20-11-1992 08:00,208,0.027,485.2224,FALSE
21-11-1992 08:00,301.6,0.0193,502.924032,FALSE
22-11-1992 08:00,352.2,0.023,699.89184,FALSE
23-11-1992 08:00,268.8,0.0252,585.252864,FALSE
24-11-1992 08:00,214,0.0194,358.69824,FALSE
25-11-1992 08:00,157.1,0.0135,183.24144,FALSE
26-11-1992 08:00,181.2,0.0111,173.778048,FALSE
27-11-1992 08:00,172.8,0.0111,165.722112,FALSE
28-11-1992 08:00,142.9,0.0066,81.487296,FALSE
29-11-1992 08:00,154.1,0.0069,91.868256,FALSE
30-11-1992 08:00,148.9,0.008,102.91968,FALSE
01-12-1992 08:00,93.69,0.0046,37.2361536,FALSE
02-12-1992 08:00,92.83,0.0076,60.9558912,FALSE
03-12-1992 08:00,93.28,0.0068,54.8038656,FALSE
04-12-1992 08:00,94.34,0.0093,75.8040768,FALSE
05-12-1992 08:00,93.44,0.0084,67.8150144,FALSE
06-12-1992 08:00,89.87,0.0089,69.1064352,FALSE
07-12-1992 08:00,83.37,0.0072,51.8628096,FALSE
08-12-1992 08:00,84.96,0.00929,68.19365376,FALSE
09-12-1992 08:00,69.68,0.0064,38.5302528,FALSE
10-12-1992 08:00,76.26,0.0093,61.2764352,FALSE
11-12-1992 08:00,62.55,0.0082,44.315424,FALSE
12-12-1992 08:00,62.82,0.0092,49.9343616,FALSE
13-12-1992 08:00,79.37,0.01,68.57568,FALSE
14-12-1992 08:00,65.26,0.0083,46.7992512,FALSE
15-12-1992 08:00,58.73,0.01,50.74272,FALSE
16-12-1992 08:00,81.31,0.009,63.226656,FALSE
17-12-1992 08:00,64.6,0.0087,48.558528,FALSE
18-12-1992 08:00,62.18,0.0074,39.7554048,FALSE
19-12-1992 08:00,90.22,0.0076,59.2420608,FALSE
20-12-1992 08:00,56.15,0.0073,35.414928,FALSE
21-12-1992 08:00,56.62,0.0069,33.7545792,FALSE
22-12-1992 08:00,78.42,0.0086,58.2691968,FALSE
23-12-1992 08:00,55.45,0.0072,34.494336,FALSE
24-12-1992 08:00,55.68,0.0067,32.2320384,FALSE
25-12-1992 08:00,55.91,0.0088,42.5094912,FALSE
26-12-1992 08:00,55.45,0.0094,45.034272,FALSE
27-12-1992 08:00,55.45,0.0094,45.034272,FALSE
28-12-1992 08:00,55.68,0.0069,33.1941888,FALSE
29-12-1992 08:00,55.68,0.0074,35.5995648,FALSE
30-12-1992 08:00,38.42,0.0081,26.8878528,FALSE
31-12-1992 08:00,48.63,0.009,37.814688,FALSE
01-01-1993 08:00,41.63,0.0085,30.573072,FALSE
02-01-1993 08:00,29.35,0.0083,21.047472,FALSE
03-01-1993 08:00,37.07,0.0083,26.5836384,FALSE
04-01-1993 08:00,42.52,0.0073,26.8182144,FALSE
05-01-1993 08:00,46.23,0.0087,34.7501664,FALSE
06-01-1993 08:00,31.92,0.0065,17.926272,FALSE
07-01-1993 08:00,32,0.0054,14.92992,FALSE
08-01-1993 08:00,28.56,0.0069,17.0263296,FALSE
09-01-1993 08:00,49.99,0.0072,31.0977792,FALSE
10-01-1993 08:00,35.21,0.0071,21.5992224,FALSE
11-01-1993 08:00,39.3,0.0068,23.089536,FALSE
12-01-1993 08:00,39.09,0.0067,22.6284192,FALSE
13-01-1993 08:00,38.67,0.0039,13.0302432,FALSE
14-01-1993 08:00,28.38,0.0062,15.2025984,FALSE
15-01-1993 08:00,27.02,0.00685,15.9915168,FALSE
16-01-1993 08:00,28.38,0.0061,14.9573952,FALSE
17-01-1993 08:00,37.68,0.0088,28.6488576,FALSE
18-01-1993 08:00,48.12,0.0158,65.6895744,FALSE
19-01-1993 08:00,71.17,0.0191,117.4475808,FALSE
20-01-1993 08:00,28.96,0.0101,25.2716544,FALSE
21-01-1993 08:00,26.82,0.0076,17.6110848,FALSE
22-01-1993 08:00,24.36,0.0054,11.3654016,FALSE
23-01-1993 08:00,31.9,0.0076,20.946816,FALSE
24-01-1993 08:00,32.72,0.0078,22.0506624,FALSE
25-01-1993 08:00,77.81,0.0092,61.8496128,FALSE
26-01-1993 08:00,42.72,0.0058,21.4078464,FALSE
27-01-1993 08:00,68.15,0.0031,18.253296,FALSE
28-01-1993 08:00,48.84,0.0059,24.8966784,FALSE
29-01-1993 08:00,47.07,0.0043,17.4874464,FALSE
30-01-1993 08:00,62.89,0.0071,38.5792416,FALSE
31-01-1993 08:00,46.89,0.0045,18.230832,FALSE
01-02-1993 08:00,43.65,0.0034,12.822624,FALSE
02-02-1993 08:00,41.01,0.0031,10.9841184,FALSE
03-02-1993 08:00,49.07,0.0043,18.2304864,FALSE
04-02-1993 08:00,54.07,0.0092,42.9791616,FALSE
05-02-1993 08:00,37.01,0.0049,15.6685536,FALSE
06-02-1993 08:00,71.44,0.0128,79.0069248,FALSE
07-02-1993 08:00,59.92,0.0113,58.5010944,FALSE
08-02-1993 08:00,80.07,0.0069,47.7345312,FALSE
09-02-1993 08:00,53.46,0.0101,46.6513344,FALSE
10-02-1993 08:00,66.93,0.0129,74.5975008,FALSE
11-02-1993 08:00,42.75,0.0118,43.58448,FALSE
12-02-1993 08:00,62.35,0.0079,42.557616,FALSE
13-02-1993 08:00,66.19,0.0087,49.7536992,FALSE
14-02-1993 08:00,64.49,0.008,44.575488,FALSE
15-02-1993 08:00,34.01,0.0045,13.223088,FALSE
16-02-1993 08:00,44.65,0.0051,19.674576,FALSE
17-02-1993 08:00,46.04,0.0062,24.6627072,FALSE
18-02-1993 08:00,38.77,0.0057,19.0934496,FALSE
19-02-1993 08:00,40.66,0.0071,24.9424704,FALSE
20-02-1993 08:00,62.84,0.0078,42.3491328,FALSE
21-02-1993 08:00,76.73,0.0087,57.6764064,FALSE
22-02-1993 08:00,62.12,0.006,32.203008,FALSE
23-02-1993 08:00,52.95,0.0055,25.16184,FALSE
24-02-1993 08:00,70.67,0.0049,29.9188512,FALSE
25-02-1993 08:00,58.26,0.0046,23.1548544,FALSE
26-02-1993 08:00,48.62,0.0045,18.903456,FALSE
27-02-1993 08:00,46.62,0.0044,17.7230592,FALSE
28-02-1993 08:00,68.16,0.0048,28.2673152,FALSE
01-03-1993 08:00,37,0.0053,16.94304,FALSE
02-03-1993 08:00,54.97,0.0069,32.7709152,FALSE
03-03-1993 08:00,56.67,0.0082,40.1495616,FALSE
04-03-1993 08:00,51.02,0.0042,18.5141376,FALSE
05-03-1993 08:00,50.92,0.0033,14.5183104,FALSE
06-03-1993 08:00,45.21,0.0082,32.0303808,FALSE
07-03-1993 08:00,28.58,0.0033,8.1487296,FALSE
08-03-1993 08:00,87.13,0.0082,61.7298624,FALSE
09-03-1993 08:00,39.21,0.0027,9.1469088,FALSE
10-03-1993 08:00,36.61,0.0046,14.5502784,FALSE
11-03-1993 08:00,72.21,0.0101,63.0133344,FALSE
12-03-1993 08:00,46.86,0.0084,34.0091136,FALSE
13-03-1993 08:00,49.52,0.003,12.835584,FALSE
14-03-1993 08:00,70.12,0.0036,21.8101248,FALSE
15-03-1993 08:00,50.1,0.0018,7.791552,FALSE
16-03-1993 08:00,89.57,0.0016,12.3821568,FALSE
17-03-1993 08:00,82.27,0.0015,10.662192,FALSE
18-03-1993 08:00,50.03,0.0013,5.6193696,FALSE
19-03-1993 08:00,49.16,0.0015,6.371136,FALSE
20-03-1993 08:00,86.52,0.00284,21.22993152,FALSE
21-03-1993 08:00,78.82,0.0042,28.6022016,FALSE
22-03-1993 08:00,57.08,0.0051,25.1517312,FALSE
23-03-1993 08:00,53.52,0.0013,6.0113664,FALSE
24-03-1993 08:00,72.52,0.0024,15.0377472,FALSE
25-03-1993 08:00,64.01,0.0054,29.8645056,FALSE
26-03-1993 08:00,27.02,0.0047,10.9722816,FALSE
27-03-1993 08:00,28.76,0.0047,11.6788608,FALSE
28-03-1993 08:00,78.36,0.0059,39.9447936,FALSE
29-03-1993 08:00,70.85,0.004,24.48576,FALSE
30-03-1993 08:00,71.69,0.0044,27.2536704,FALSE
31-03-1993 08:00,66.9,0.0026,15.028416,FALSE
01-04-1993 08:00,95.85,0.0098,81.158112,FALSE
02-04-1993 08:00,77.46,0.0054,36.1397376,FALSE
03-04-1993 08:00,53.37,0.0084,38.7338112,FALSE
04-04-1993 08:00,45.23,0.0074,28.9182528,FALSE
05-04-1993 08:00,48.64,0.0081,34.0402176,FALSE
06-04-1993 08:00,42.04,0.0078,28.3315968,FALSE
07-04-1993 08:00,73.33,0.004,25.342848,FALSE
08-04-1993 08:00,73.96,0.0038,24.2825472,FALSE
09-04-1993 08:00,67.19,0.0037,21.4792992,FALSE
10-04-1993 08:00,58.19,0.0056,28.1546496,FALSE
11-04-1993 08:00,88.18,0.0102,77.7112704,FALSE
12-04-1993 08:00,64.52,0.0078,43.4813184,FALSE
13-04-1993 08:00,57.39,0.0054,26.7758784,FALSE
14-04-1993 08:00,87.06,0.0074,55.6626816,FALSE
15-04-1993 08:00,88.69,0.0078,59.7699648,FALSE
16-04-1993 08:00,77.28,0.0071,47.4066432,FALSE
17-04-1993 08:00,83.85,0.00919,66.5782416,FALSE
18-04-1993 08:00,84.38,0.0095,69.259104,FALSE
19-04-1993 08:00,81.77,0.0097,68.5298016,FALSE
20-04-1993 08:00,58.86,0.0069,35.0899776,FALSE
21-04-1993 08:00,83.87,0.0058,42.0289344,FALSE
22-04-1993 08:00,84.64,0.007,51.190272,FALSE
23-04-1993 08:00,83.05,0.0041,29.419632,FALSE
24-04-1993 08:00,54.3,0.0056,26.272512,FALSE
25-04-1993 08:00,62.08,0.0107,57.3917184,FALSE
26-04-1993 08:00,35.37,0.0157,47.9786976,FALSE
27-04-1993 08:00,52.12,0.007,31.522176,FALSE
28-04-1993 08:00,65,0.012,67.392,FALSE
29-04-1993 08:00,31.02,0.0089,23.8531392,FALSE
30-04-1993 08:00,36.8,0.0057,18.123264,FALSE
01-05-1993 08:00,35.56,0.0059,18.1270656,FALSE
02-05-1993 08:00,48.42,0.0087,36.3963456,FALSE
03-05-1993 08:00,30.33,0.0075,19.65384,FALSE
04-05-1993 08:00,52.92,0.0108,49.3807104,FALSE
05-05-1993 08:00,56.86,0.0074,36.3540096,FALSE
06-05-1993 08:00,43.79,0.0058,21.9440448,FALSE
07-05-1993 08:00,46.87,0.0043,17.4131424,FALSE
08-05-1993 08:00,48.18,0.0114,47.4553728,FALSE
09-05-1993 08:00,36.59,0.0042,13.2777792,FALSE
10-05-1993 08:00,34.13,0.0059,17.3981088,FALSE
11-05-1993 08:00,33.13,0.0048,13.7396736,FALSE
12-05-1993 08:00,23.23,0.0019,3.8134368,FALSE
13-05-1993 08:00,24.73,0.0061,13.0336992,FALSE
14-05-1993 08:00,52.55,0.0089,40.408848,FALSE
15-05-1993 08:00,31.32,0.0095,25.707456,FALSE
16-05-1993 08:00,65,0.0108,60.6528,FALSE
17-05-1993 08:00,41,0.0084,29.75616,FALSE
18-05-1993 08:00,44.22,0.0071,27.1263168,FALSE
19-05-1993 08:00,27.6,0.0063,15.023232,FALSE
20-05-1993 08:00,64.59,0.0215,119.982384,FALSE
21-05-1993 08:00,37.26,0.0062,19.9594368,FALSE
22-05-1993 08:00,78.07,0.0139,93.7589472,FALSE
23-05-1993 08:00,57.09,0.0114,56.2313664,FALSE
24-05-1993 08:00,42.49,0.0082,30.1033152,FALSE
25-05-1993 08:00,67.54,0.007,40.848192,FALSE
26-05-1993 08:00,56.86,0.0083,40.7754432,FALSE
27-05-1993 08:00,46.84,0.0101,40.8744576,FALSE
28-05-1993 08:00,80.14,0.0079,54.7003584,FALSE
29-05-1993 08:00,87.62,0.0107,81.0029376,FALSE
30-05-1993 08:00,95.21,0.019,156.296736,FALSE
31-05-1993 08:00,77.56,0.0103,69.0221952,FALSE
01-06-1993 08:00,68.98,0.0087,51.8508864,FALSE
02-06-1993 08:00,61.48,0.0093,49.4004096,FALSE
03-06-1993 08:00,75.97,0.005,32.81904,FALSE
04-06-1993 08:00,69.96,0.0122,73.7434368,FALSE
05-06-1993 08:00,145.1,0.012,150.43968,FALSE
06-06-1993 08:00,335.4,0.037,1072.20672,FALSE
07-06-1993 08:00,425.3,0.0606,2226.802752,FALSE
08-06-1993 08:00,460.2,0.0127,504.968256,FALSE
09-06-1993 08:00,290.1,0.0086,215.555904,FALSE
10-06-1993 08:00,246.5,0.006,127.7856,FALSE
11-06-1993 08:00,244.8,0.008,169.20576,FALSE
12-06-1993 08:00,230.8,0.014,279.17568,FALSE
13-06-1993 08:00,295.6,0.017,434.17728,FALSE
14-06-1993 08:00,375.1,0.02,648.1728,FALSE
15-06-1993 08:00,295,0.014,356.832,FALSE
16-06-1993 08:00,318.1,0.0086,236.361024,FALSE
17-06-1993 08:00,307.2,0.014,371.58912,FALSE
18-06-1993 08:00,384.4,0.012,398.54592,FALSE
19-06-1993 08:00,425.2,0.01575,578.61216,FALSE
20-06-1993 08:00,363,0.013,407.7216,FALSE
21-06-1993 08:00,239.6,0.011,227.71584,FALSE
22-06-1993 08:00,263.1,0.009,204.58656,FALSE
23-06-1993 08:00,223.7,0.007,135.29376,FALSE
24-06-1993 08:00,201.2,0.009,156.45312,FALSE
25-06-1993 08:00,199.7,0.00606,104.5597248,FALSE
26-06-1993 08:00,175.3,0.008,121.16736,FALSE
27-06-1993 08:00,214,0.014,258.8544,FALSE
28-06-1993 08:00,321,0.018,499.2192,FALSE
29-06-1993 08:00,321.8,0.009,250.23168,FALSE
30-06-1993 08:00,475.5,0.016,657.3312,FALSE
01-07-1993 08:00,629.6,0.0223,1213.062912,FALSE
02-07-1993 08:00,781.5,0.0323,2180.94768,FALSE
03-07-1993 08:00,910.9,0.0177,1393.021152,FALSE
04-07-1993 08:00,637.9,0.0143,788.138208,FALSE
05-07-1993 08:00,438.9,0.0091,345.080736,FALSE
06-07-1993 08:00,367.3,0.0094,298.306368,FALSE
07-07-1993 08:00,328.1,0.0072,204.104448,FALSE
08-07-1993 08:00,396.4,0.0051,174.669696,FALSE
09-07-1993 08:00,471.7,0.0051,207.849888,FALSE
10-07-1993 08:00,543.7,0.0261,1226.065248,FALSE
11-07-1993 08:00,452.9,0.0541,2116.963296,FALSE
12-07-1993 08:00,437.8,0.0814,3079.029888,FALSE
13-07-1993 08:00,483.7,0.0454,1897.342272,FALSE
14-07-1993 08:00,553.4,0.045,2151.6192,FALSE
15-07-1993 08:00,661.3,0.10622,6069.01991,FALSE
16-07-1993 08:00,1164,0.1763,17730.42048,FALSE
17-07-1993 08:00,991.7,0.0642,5500.840896,FALSE
18-07-1993 08:00,605.1,0.0692,3617.820288,FALSE
19-07-1993 08:00,662.5,0.0743,4252.932,FALSE
20-07-1993 08:00,473.7,0.0262,1072.305216,FALSE
21-07-1993 08:00,589.6,0.0694,3535.335936,FALSE
22-07-1993 08:00,436.6,0.0251,946.828224,FALSE
23-07-1993 08:00,384.5,0.014,465.0912,FALSE
24-07-1993 08:00,445.9,0.033,1271.35008,FALSE
25-07-1993 08:00,584.2,0.034,1716.14592,FALSE
26-07-1993 08:00,710.1,0.036,2208.69504,FALSE
27-07-1993 08:00,726.4,0.035,2196.6336,FALSE
28-07-1993 08:00,642.5,0.042,2331.504,FALSE
29-07-1993 08:00,609.8,0.02,1053.7344,FALSE
30-07-1993 08:00,759.5,0.065,4265.352,FALSE
31-07-1993 08:00,1063,0.105,9643.536,FALSE
01-08-1993 08:00,1506,0.099,12881.7216,FALSE
02-08-1993 08:00,1305,0.086,9696.672,FALSE
03-08-1993 08:00,1124,0.053,5147.0208,FALSE
04-08-1993 08:00,1684,0.064,9311.8464,FALSE
05-08-1993 08:00,1100,0.062,5892.48,FALSE
06-08-1993 08:00,724.6,0.036,2253.79584,FALSE
07-08-1993 08:00,603.6,0.029,1512.38016,FALSE
08-08-1993 08:00,465.8,0.028,1126.86336,FALSE
09-08-1993 08:00,423.4,0.026,951.12576,FALSE
10-08-1993 08:00,339.9,0.024,704.81664,FALSE
11-08-1993 08:00,353.2,0.024,732.39552,FALSE
12-08-1993 08:00,377.1,0.032,1042.60608,FALSE
13-08-1993 08:00,338.3,0.018,526.12416,FALSE
14-08-1993 08:00,330.2,0.017,484.99776,FALSE
15-08-1993 08:00,360.1,0.019,591.14016,FALSE
16-08-1993 08:00,411.2,0.021,746.08128,FALSE
17-08-1993 08:00,400.8,0.017,588.69504,FALSE
18-08-1993 08:00,439.9,0.026,988.19136,FALSE
19-08-1993 08:00,330.2,0.017,484.99776,FALSE
20-08-1993 08:00,322.7,0.007,195.16896,FALSE
21-08-1993 08:00,290.1,0.01,250.6464,FALSE
22-08-1993 08:00,248.5,0.01,214.704,FALSE
23-08-1993 08:00,233.5,0.01,201.744,FALSE
24-08-1993 08:00,219.2,0.008,151.51104,FALSE
25-08-1993 08:00,275.2,0.016,380.43648,FALSE
26-08-1993 08:00,275.7,0.02,476.4096,FALSE
27-08-1993 08:00,251.7,0.008,173.97504,FALSE
28-08-1993 08:00,251.4,0.015,325.8144,FALSE
29-08-1993 08:00,359.8,0.022,683.90784,FALSE
30-08-1993 08:00,498,0.029,1247.7888,FALSE
31-08-1993 08:00,413.7,0.024,857.84832,FALSE
01-09-1993 08:00,794.7,0.0923,6337.509984,FALSE
02-09-1993 08:00,425.7,0.004,147.12192,FALSE
03-09-1993 08:00,371.9,0.008,257.05728,FALSE
04-09-1993 08:00,346.4,0.0049,146.651904,FALSE
05-09-1993 08:00,346.8,0.0076,227.722752,FALSE
06-09-1993 08:00,319.5,0.0137,378.18576,FALSE
07-09-1993 08:00,252.4,0.008,174.45888,FALSE
08-09-1993 08:00,282.5,0.0206,502.8048,FALSE
09-09-1993 08:00,240.4,0.012,249.24672,FALSE
10-09-1993 08:00,206.3,0.003,53.47296,FALSE
11-09-1993 08:00,203.2,0.003,52.66944,FALSE
12-09-1993 08:00,185.5,0.005,80.136,FALSE
13-09-1993 08:00,193.9,0.007,117.27072,FALSE
14-09-1993 08:00,203.2,0.005,87.7824,FALSE
15-09-1993 08:00,192.5,0.009,149.688,FALSE
16-09-1993 08:00,152.7,0.006,79.15968,FALSE
17-09-1993 08:00,145,0.007,87.696,FALSE
18-09-1993 08:00,146.1,0.008,100.98432,FALSE
19-09-1993 08:00,130.4,0.009,101.39904,FALSE
20-09-1993 08:00,143.2,0.009,111.35232,FALSE
21-09-1993 08:00,113.9,0.009,88.56864,FALSE
22-09-1993 08:00,122.6,0.009,95.33376,FALSE
23-09-1993 08:00,115.7,0.009,89.96832,FALSE
24-09-1993 08:00,112.6,0.009,87.55776,FALSE
25-09-1993 08:00,109.1,0.003,28.27872,FALSE
26-09-1993 08:00,103.2,0.003,26.74944,FALSE
27-09-1993 08:00,114.3,0.004,39.50208,FALSE
28-09-1993 08:00,100.3,0.005,43.3296,FALSE
29-09-1993 08:00,152.3,0.005,65.7936,FALSE
30-09-1993 08:00,100.7,0.0049,42.632352,FALSE
01-10-1993 08:00,139,0.007,84.0672,FALSE
02-10-1993 08:00,230.1,0.0106,210.734784,FALSE
03-10-1993 08:00,178,0.0158,242.99136,FALSE
04-10-1993 08:00,246.2,0.0186,395.653248,FALSE
05-10-1993 08:00,198.1,0.0058,99.271872,FALSE
06-10-1993 08:00,192.1,0.0048,79.667712,FALSE
07-10-1993 08:00,314.7,0.0157,426.884256,FALSE
08-10-1993 08:00,517,0.0358,1599.14304,FALSE
09-10-1993 08:00,388.6,0.02752,923.9851008,FALSE
10-10-1993 08:00,354.1,0.0197,602.706528,FALSE
11-10-1993 08:00,429.2,0.0116,430.161408,FALSE
12-10-1993 08:00,494.9,0.0286,1222.917696,FALSE
13-10-1993 08:00,402.5,0.0177,615.5352,FALSE
14-10-1993 08:00,433.5,0.0076,284.65344,FALSE
15-10-1993 08:00,322.4,0.0088,245.127168,FALSE
16-10-1993 08:00,263.7,0.0076,173.155968,FALSE
17-10-1993 08:00,232.1,0.012,240.64128,FALSE
18-10-1993 08:00,260.8,0.018,405.59616,FALSE
19-10-1993 08:00,381,0.022,724.2048,FALSE
20-10-1993 08:00,428.8,0.0337,1248.528384,FALSE
21-10-1993 08:00,384.8,0.0436,1449.556992,FALSE
22-10-1993 08:00,441.6,0.0436,1663.524864,FALSE
23-10-1993 08:00,334.5,0.044,1271.6352,FALSE
24-10-1993 08:00,292.6,0.0248,626.959872,FALSE
25-10-1993 08:00,255.4,0.0056,123.572736,FALSE
26-10-1993 08:00,226.5,0.0116,227.00736,FALSE
27-10-1993 08:00,201.5,0.0098,170.61408,FALSE
28-10-1993 08:00,201.1,0.005,86.8752,FALSE
29-10-1993 08:00,162.4,0.009,126.28224,FALSE
30-10-1993 08:00,155.8,0.01,134.6112,FALSE
31-10-1993 08:00,181.5,0.009,141.1344,FALSE
01-11-1993 08:00,164.7,0.008,113.84064,FALSE
02-11-1993 08:00,174.7,0.009,135.84672,FALSE
03-11-1993 08:00,157.8,0.01,136.3392,FALSE
04-11-1993 08:00,157.2,0.009,122.23872,FALSE
05-11-1993 08:00,148.6,0.01,128.3904,FALSE
06-11-1993 08:00,121.3,0.005,52.4016,FALSE
07-11-1993 08:00,125.8,0.006,65.21472,FALSE
08-11-1993 08:00,120.5,0.006,62.4672,FALSE
09-11-1993 08:00,210.5,0.0137,249.16464,FALSE
10-11-1993 08:00,316.6,0.0066,180.537984,FALSE
11-11-1993 08:00,200,0.006,103.68,FALSE
12-11-1993 08:00,343.8,0.0056,166.344192,FALSE
13-11-1993 08:00,184.5,0.006,95.6448,FALSE
14-11-1993 08:00,162.4,0.008,112.25088,FALSE
15-11-1993 08:00,167.8,0.009,130.48128,FALSE
16-11-1993 08:00,148.6,0.0138,177.178752,FALSE
17-11-1993 08:00,132.2,0.0024,27.412992,FALSE
18-11-1993 08:00,185.2,0.0088,140.811264,FALSE
19-11-1993 08:00,141.6,0.003,36.70272,FALSE
20-11-1993 08:00,115.8,0.0087,87.044544,FALSE
21-11-1993 08:00,132,0.007,79.8336,FALSE
22-11-1993 08:00,137.8,0.004,47.62368,FALSE
23-11-1993 08:00,122.5,0.007,74.088,FALSE
24-11-1993 08:00,107.4,0.003,27.83808,FALSE
25-11-1993 08:00,122.4,0.0068,71.912448,FALSE
26-11-1993 08:00,113.1,0.0026,25.406784,FALSE
27-11-1993 08:00,101.1,0.007,61.14528,FALSE
28-11-1993 08:00,114.1,0.0069,68.021856,FALSE
29-11-1993 08:00,101.4,0.0065,56.94624,FALSE
30-11-1993 08:00,84.08,0.0075,54.48384,FALSE
01-12-1993 08:00,89.74,0.003,23.260608,FALSE
02-12-1993 08:00,75.68,0.002,13.077504,FALSE
03-12-1993 08:00,111.4,0.0344,331.098624,FALSE
04-12-1993 08:00,87.34,0.0182,137.3404032,FALSE
05-12-1993 08:00,96.7,0.013,108.61344,FALSE
06-12-1993 08:00,99.01,0.005,42.77232,FALSE
07-12-1993 08:00,150.2,0.0153,198.552384,FALSE
08-12-1993 08:00,84.17,0.005,36.36144,FALSE
09-12-1993 08:00,102.5,0.007,61.992,FALSE
10-12-1993 08:00,98.31,0.007,59.457888,FALSE
11-12-1993 08:00,89.16,0.006,46.220544,FALSE
12-12-1993 08:00,87.79,0.006,45.510336,FALSE
13-12-1993 08:00,92.77,0.007,56.107296,FALSE
14-12-1993 08:00,82.15,0.005,35.4888,FALSE
15-12-1993 08:00,94.94,0.005,41.01408,FALSE
16-12-1993 08:00,89.61,0.006,46.453824,FALSE
17-12-1993 08:00,81.94,0.004,28.318464,FALSE
18-12-1993 08:00,87.86,0.003,22.773312,FALSE
19-12-1993 08:00,72.77,0.003,18.861984,FALSE
20-12-1993 08:00,73.88,0.003,19.149696,FALSE
21-12-1993 08:00,77,0.002,13.3056,FALSE
22-12-1993 08:00,71.67,0.008,49.538304,FALSE
23-12-1993 08:00,73.27,0.006,37.983168,FALSE
24-12-1993 08:00,50.75,0.007,30.6936,FALSE
25-12-1993 08:00,81.55,0.008,56.36736,FALSE
26-12-1993 08:00,68.19,0.006,35.349696,FALSE
27-12-1993 08:00,58.94,0.005,25.46208,FALSE
28-12-1993 08:00,45.58,0.008,31.504896,FALSE
29-12-1993 08:00,50.73,0.005,21.91536,FALSE
30-12-1993 08:00,58.3,0.006,30.22272,FALSE
31-12-1993 08:00,52.06,0.005,22.48992,FALSE
01-01-1994 08:00,43.87,0.003,11.371104,FALSE
02-01-1994 08:00,54.4,0.005,23.5008,FALSE
03-01-1994 08:00,72.99,0.0091,57.3876576,FALSE
04-01-1994 08:00,45.4,0.0073,28.634688,FALSE
05-01-1994 08:00,29.71,0.006,15.401664,FALSE
06-01-1994 08:00,35.39,0.0064,19.5692544,FALSE
07-01-1994 08:00,36.89,0.005,15.93648,FALSE
08-01-1994 08:00,28.87,0.004,9.977472,FALSE
09-01-1994 08:00,41.96,0.004,14.501376,FALSE
10-01-1994 08:00,34.54,0.004,11.937024,FALSE
11-01-1994 08:00,24.69,0.004,8.532864,FALSE
12-01-1994 08:00,22.19,0.006,11.503296,FALSE
13-01-1994 08:00,21.98,0.005,9.49536,FALSE
14-01-1994 08:00,34.99,0.005,15.11568,FALSE
15-01-1994 08:00,39.83,0.008,27.530496,FALSE
16-01-1994 08:00,50.09,0.009,38.949984,FALSE
17-01-1994 08:00,63.52,0.0124,68.0527872,FALSE
18-01-1994 08:00,66.59,0.01,57.53376,FALSE
19-01-1994 08:00,99.24,0.013,111.466368,FALSE
20-01-1994 08:00,52.88,0.007,31.981824,FALSE
21-01-1994 08:00,51.58,0.007,31.195584,FALSE
22-01-1994 08:00,46.86,0.002,8.097408,FALSE
23-01-1994 08:00,46.65,0.005,20.1528,FALSE
24-01-1994 08:00,46.65,0.006,24.18336,FALSE
25-01-1994 08:00,46.86,0.008,32.389632,FALSE
26-01-1994 08:00,46.43,0.008,32.092416,FALSE
27-01-1994 08:00,25.31,0.007,15.307488,FALSE
28-01-1994 08:00,38.98,0.011,37.046592,FALSE
29-01-1994 08:00,28.03,0.007,16.952544,FALSE
30-01-1994 08:00,25.73,0.008,17.784576,FALSE
31-01-1994 08:00,21.98,0.007,13.293504,FALSE
01-02-1994 08:00,19.28,0.007,11.660544,FALSE
02-02-1994 08:00,20.11,0.007,12.162528,FALSE
03-02-1994 08:00,33.7,0.005,14.5584,FALSE
04-02-1994 08:00,36.44,0.008,25.187328,FALSE
05-02-1994 08:00,21.56,0.005,9.31392,FALSE
06-02-1994 08:00,21.15,0.005,9.1368,FALSE
07-02-1994 08:00,19.9,0.006,10.31616,FALSE
08-02-1994 08:00,20.73,0.006,10.746432,FALSE
09-02-1994 08:00,19.9,0.006,10.31616,FALSE
10-02-1994 08:00,61.77,0.0107,57.1051296,FALSE
11-02-1994 08:00,32.02,0.008,22.132224,FALSE
12-02-1994 08:00,48.15,0.009,37.44144,FALSE
13-02-1994 08:00,47.5,0.009,36.936,FALSE
14-02-1994 08:00,28.67,0.008,19.816704,FALSE
15-02-1994 08:00,34.12,0.014,41.271552,FALSE
16-02-1994 08:00,32.66,0.007,19.752768,FALSE
17-02-1994 08:00,42.81,0.008,29.590272,FALSE
18-02-1994 08:00,23.44,0.008,16.201728,FALSE
19-02-1994 08:00,45.37,0.01,39.19968,FALSE
20-02-1994 08:00,47.08,0.01,40.67712,FALSE
21-02-1994 08:00,68.13,0.011,64.750752,FALSE
22-02-1994 08:00,35.85,0.003,9.29232,FALSE
23-02-1994 08:00,49.88,0.007,30.167424,FALSE
24-02-1994 08:00,52.48,0.007,31.739904,FALSE
25-02-1994 08:00,54.61,0.007,33.028128,FALSE
26-02-1994 08:00,59.38,0.011,56.434752,FALSE
27-02-1994 08:00,67.98,0.012,70.481664,FALSE
28-02-1994 08:00,43.87,0.013,49.274784,FALSE
01-03-1994 08:00,63.38,0.008,43.808256,FALSE
02-03-1994 08:00,33.1,0.008,22.87872,FALSE
03-03-1994 08:00,50.51,0.0085,37.094544,FALSE
04-03-1994 08:00,37.09,0.007,22.432032,FALSE
05-03-1994 08:00,24.06,0.008,16.630272,FALSE
06-03-1994 08:00,53.09,0.01,45.86976,FALSE
07-03-1994 08:00,23.65,0.004,8.17344,FALSE
08-03-1994 08:00,49.43,0.0066,28.1869632,FALSE
09-03-1994 08:00,51.59,0.0075,33.43032,FALSE
10-03-1994 08:00,44.3,0.0077,29.471904,FALSE
11-03-1994 08:00,44.51,0.0075,28.84248,FALSE
12-03-1994 08:00,44.3,0.0075,28.7064,FALSE
13-03-1994 08:00,44.72,0.0065,25.114752,FALSE
14-03-1994 08:00,45.15,0.0052,20.284992,FALSE
15-03-1994 08:00,44.08,0.0043,16.3766016,FALSE
16-03-1994 08:00,43.87,0.0051,19.3308768,FALSE
17-03-1994 08:00,34.12,0.0018,5.3063424,FALSE
18-03-1994 08:00,34.33,0.0036,10.6780032,FALSE
19-03-1994 08:00,59.16,0.0055,28.112832,FALSE
20-03-1994 08:00,28.67,0.003,7.431264,FALSE
21-03-1994 08:00,42.64,0.0096,35.3673216,FALSE
22-03-1994 08:00,29.92,0.007,18.095616,FALSE
23-03-1994 08:00,29.08,0.005,12.56256,FALSE
24-03-1994 08:00,46.43,0.0056,22.4646912,FALSE
25-03-1994 08:00,33.91,0.004,11.719296,FALSE
26-03-1994 08:00,34.12,0.006,17.687808,FALSE
27-03-1994 08:00,31.39,0.005,13.56048,FALSE
28-03-1994 08:00,40.06,0.0075,25.95888,FALSE
29-03-1994 08:00,43.93,0.006,22.773312,FALSE
30-03-1994 08:00,37.52,0.004,12.966912,FALSE
31-03-1994 08:00,42.18,0.009,32.799168,FALSE
01-04-1994 08:00,25.1,0.005,10.8432,FALSE
02-04-1994 08:00,42.17,0.006,21.860928,FALSE
03-04-1994 08:00,40.04,0.007,24.216192,FALSE
04-04-1994 08:00,65.75,0.011,62.4888,FALSE
05-04-1994 08:00,30.76,0.004,10.630656,FALSE
06-04-1994 08:00,63.77,0.004,22.038912,FALSE
07-04-1994 08:00,68.13,0.004,23.545728,FALSE
08-04-1994 08:00,63.43,0.005,27.40176,FALSE
09-04-1994 08:00,77.8,0.0058,38.987136,FALSE
10-04-1994 08:00,74.95,0.008,51.80544,FALSE
11-04-1994 08:00,58.19,0.007,35.193312,FALSE
12-04-1994 08:00,86,0.007,52.0128,FALSE
13-04-1994 08:00,58.07,0.007,35.120736,FALSE
14-04-1994 08:00,77.04,0.007,46.593792,FALSE
15-04-1994 08:00,48.36,0.007,29.248128,FALSE
16-04-1994 08:00,68.35,0.007,41.33808,FALSE
17-04-1994 08:00,80.57,0.007,48.728736,FALSE
18-04-1994 08:00,55.94,0.007,33.832512,FALSE
19-04-1994 08:00,51.37,0.006,26.630208,FALSE
20-04-1994 08:00,50.08,0.007,30.288384,FALSE
21-04-1994 08:00,64.53,0.01,55.75392,FALSE
22-04-1994 08:00,47.3,0.008,32.69376,FALSE
23-04-1994 08:00,50.08,0.007,30.288384,FALSE
24-04-1994 08:00,45.58,0.007,27.566784,FALSE
25-04-1994 08:00,42.81,0.008,29.590272,FALSE
26-04-1994 08:00,43.02,0.007,26.018496,FALSE
27-04-1994 08:00,43.02,0.007,26.018496,FALSE
28-04-1994 08:00,43.02,0.008,29.735424,FALSE
29-04-1994 08:00,38.13,0.006,19.766592,FALSE
30-04-1994 08:00,51.15,0.007,30.93552,FALSE
01-05-1994 08:00,50.29,0.0047,20.4217632,FALSE
02-05-1994 08:00,80.13,0.0056,38.7700992,FALSE
03-05-1994 08:00,56.43,0.0048,23.4026496,FALSE
04-05-1994 08:00,60.71,0.0057,29.8984608,FALSE
05-05-1994 08:00,51.8,0.0045,20.13984,FALSE
06-05-1994 08:00,42.82,0.0055,20.348064,FALSE
07-05-1994 08:00,64.61,0.007,39.076128,FALSE
08-05-1994 08:00,65.93,0.0056,31.8995712,FALSE
09-05-1994 08:00,62.86,0.0035,19.008864,FALSE
10-05-1994 08:00,56.12,0.0026,12.6067968,FALSE
11-05-1994 08:00,73.79,0.0072,45.9032832,FALSE
12-05-1994 08:00,72.99,0.0065,40.991184,FALSE
13-05-1994 08:00,48.58,0.0061,25.6036032,FALSE
14-05-1994 08:00,70.56,0.0067,40.8457728,FALSE
15-05-1994 08:00,72.33,0.006,37.495872,FALSE
16-05-1994 08:00,66.42,0.0041,23.5286208,FALSE
17-05-1994 08:00,76.77,0.0073,48.4203744,FALSE
18-05-1994 08:00,68.64,0.0067,39.7343232,FALSE
19-05-1994 08:00,67.91,0.0035,20.535984,FALSE
20-05-1994 08:00,68.57,0.0075,44.43336,FALSE
21-05-1994 08:00,71.44,0.0066,40.7379456,FALSE
22-05-1994 08:00,55.48,0.0075,35.95104,FALSE
23-05-1994 08:00,80.7,0.006,41.83488,FALSE
24-05-1994 08:00,83.5,0.007,50.5008,FALSE
25-05-1994 08:00,43.67,0.002,7.546176,FALSE
26-05-1994 08:00,64.19,0.003,16.638048,FALSE
27-05-1994 08:00,51.8,0.003,13.42656,FALSE
28-05-1994 08:00,112.7,0.0085,82.76688,FALSE
29-05-1994 08:00,89.71,0.00795,61.6200048,FALSE
30-05-1994 08:00,103.1,0.008,71.26272,FALSE
31-05-1994 08:00,112.1,0.01,96.8544,FALSE
01-06-1994 08:00,318.1,0.0168,461.728512,FALSE
05-06-1994 08:00,727.1,0.0444,2789.271936,FALSE
12-06-1994 08:00,1282,0.0944,10456.19712,FALSE
13-06-1994 08:00,803.2,0.0504,3497.582592,FALSE
14-06-1994 08:00,490.6,0.0274,1161.426816,FALSE
15-06-1994 08:00,516,0.0293,1306.26432,FALSE
16-06-1994 08:00,455.5,0.0252,991.75104,FALSE
17-06-1994 08:00,590.1,0.0343,1748.773152,FALSE
19-06-1994 08:00,445.2,0.0245,942.39936,FALSE
20-06-1994 08:00,384.4,0.0207,687.491712,FALSE
26-06-1994 08:00,467.6,0.0259,1046.376576,FALSE
03-07-1994 08:00,421.7,0.0186,677.688768,FALSE
10-07-1994 08:00,287.3,0.0125,310.284,FALSE
17-07-1994 08:00,1071,0.0737,6819.78528,FALSE
24-07-1994 08:00,563,0.0324,1576.03968,FALSE
25-07-1994 08:00,563,0.0324,1576.03968,FALSE
31-07-1994 08:00,1065,0.0731,6726.3696,FALSE
07-08-1994 08:00,696.8,0.0422,2540.588544,FALSE
13-08-1994 08:00,321,0.0169,468.71136,FALSE
14-08-1994 08:00,268.5,0.0139,322.45776,FALSE
15-08-1994 08:00,268.5,0.0139,322.45776,FALSE
20-08-1994 08:00,394,0.0212,721.68192,FALSE
21-08-1994 08:00,329.7,0.0174,495.657792,FALSE
28-08-1994 08:00,97.19,0.0051,42.8258016,FALSE
29-08-1994 08:00,290,0.0152,380.8512,FALSE
04-09-1994 08:00,521.5,0.025,1126.44,FALSE
10-09-1994 08:00,397.2,0.0215,737.83872,FALSE
11-09-1994 08:00,496,0.0279,1195.63776,FALSE
16-09-1994 08:00,223.3,0.0114,219.941568,FALSE
18-09-1994 08:00,184.5,0.0094,149.84352,FALSE
25-09-1994 08:00,209.2,0.0107,193.401216,FALSE
02-10-1994 08:00,359.6,0.0193,599.640192,FALSE
03-10-1994 08:00,191.1,0.0098,161.808192,FALSE
04-10-1994 08:00,309.5,0.0164,438.54912,FALSE
05-10-1994 08:00,298.3,0.0156,402.060672,FALSE
06-10-1994 08:00,323.8,0.0171,478.395072,FALSE
07-10-1994 08:00,237.9,0.0122,250.765632,FALSE
08-10-1994 08:00,265.9,0.0138,317.037888,FALSE
09-10-1994 08:00,206.9,0.0105,187.69968,FALSE
10-10-1994 08:00,258.1,0.0133,296.587872,FALSE
13-10-1994 08:00,309.5,0.0164,438.54912,FALSE
15-10-1994 08:00,400.4,0.0216,747.242496,FALSE
16-10-1994 08:00,312.4,0.0165,445.35744,FALSE
23-10-1994 08:00,292.8,0.0153,387.058176,FALSE
30-10-1994 08:00,555.3,0.0319,1530.495648,FALSE
01-11-1994 08:00,622,0.0366,1966.91328,FALSE
02-11-1994 08:00,446.9,0.0245,945.99792,FALSE
06-11-1994 08:00,626.1,0.0369,1996.106976,FALSE
13-11-1994 08:00,223.3,0.01,192.9312,FALSE
18-11-1994 08:00,145.7,0.007,88.11936,FALSE
20-11-1994 08:00,141.9,0.0068,83.369088,FALSE
27-11-1994 08:00,129,0.0056,62.41536,FALSE
04-12-1994 08:00,91.7,0.0044,34.860672,FALSE
11-12-1994 08:00,79,0.004,27.3024,FALSE
18-12-1994 08:00,75.33,0.0039,25.3831968,FALSE
25-12-1994 08:00,55.18,0.0033,15.7329216,FALSE
27-12-1994 08:00,66.6,0.0036,20.715264,FALSE
31-12-1994 08:00,48.09,0.0031,12.8804256,FALSE
01-01-1995 08:00,48.09,0.0031,12.8804256,FALSE
08-01-1995 08:00,58.02,0.005,25.06464,FALSE
15-01-1995 08:00,39.6,0.0029,9.922176,FALSE
22-01-1995 08:00,35.02,0.0027,8.1694656,FALSE
26-01-1995 08:00,42.44,0.0029,10.6337664,FALSE
29-01-1995 08:00,41.02,0.0029,10.2779712,FALSE
05-02-1995 08:00,46.68,0.0031,12.5027712,FALSE
12-02-1995 08:00,42.44,0.0029,10.6337664,FALSE
17-02-1995 08:00,108,0.0049,45.72288,FALSE
18-02-1995 08:00,62.3,0.0026,13.995072,FALSE
19-02-1995 08:00,43.85,0.003,11.36592,FALSE
26-02-1995 08:00,72.4,0.0038,23.770368,FALSE
27-02-1995 08:00,72.4,0.0038,23.770368,FALSE
03-03-1995 08:00,41.02,0.0029,10.2779712,FALSE
05-03-1995 08:00,39.77,0.0029,9.9647712,FALSE
12-03-1995 08:00,65.16,0.0036,20.2673664,FALSE
19-03-1995 08:00,39.6,0.0029,9.922176,FALSE
26-03-1995 08:00,35.02,0.0027,8.1694656,FALSE
02-04-1995 08:00,35.02,0.0027,8.1694656,FALSE
09-04-1995 08:00,52.34,0.0032,14.4709632,FALSE
11-04-1995 08:00,53.76,0.0033,15.3280512,FALSE
12-04-1995 08:00,55.18,0.0033,15.7329216,FALSE
13-04-1995 08:00,76.8,0.0039,25.878528,FALSE
14-04-1995 08:00,36.76,0.0028,8.8929792,FALSE
16-04-1995 08:00,38.18,0.0028,9.2365056,FALSE
23-04-1995 08:00,36.76,0.0028,8.8929792,FALSE
30-04-1995 08:00,96.63,0.0046,38.4046272,FALSE
01-05-1995 08:00,144.1,0.0061,75.946464,FALSE
07-05-1995 08:00,272,0.0132,310.21056,FALSE
10-05-1995 08:00,325.1,0.0081,227.517984,FALSE
14-05-1995 08:00,223.7,0.0089,172.016352,FALSE
21-05-1995 08:00,128.9,0.0056,62.366976,FALSE
28-05-1995 08:00,96.63,0.0046,38.4046272,FALSE
04-06-1995 08:00,90,0.0037,28.7712,FALSE
09-06-1995 08:00,260,0.0468,1051.3152,FALSE
11-06-1995 08:00,210,0.0391,709.4304,FALSE
12-06-1995 08:00,375,0.0235,761.4,FALSE
13-06-1995 08:00,590,0.0738,3762.0288,FALSE
14-06-1995 08:00,450,0.0619,2406.672,FALSE
15-06-1995 08:00,560,0.0222,1074.1248,FALSE
16-06-1995 08:00,530,0.0215,984.528,FALSE
17-06-1995 08:00,495,0.013,555.984,FALSE
18-06-1995 08:00,375,0.0573,1856.52,FALSE
19-06-1995 08:00,370,0.057,1822.176,FALSE
20-06-1995 08:00,305,0.0525,1383.48,FALSE
21-06-1995 08:00,560,0.0708,3425.5872,FALSE
22-06-1995 08:00,455,0.0622,2445.2064,FALSE
23-06-1995 08:00,350,0.0557,1684.368,FALSE
25-06-1995 08:00,270,0.0491,1145.4048,FALSE
30-06-1995 08:00,635,0.0573,3143.7072,FALSE
01-07-1995 08:00,1085,0.1743,16339.5792,FALSE
02-07-1995 08:00,777,0.0993,6666.28704,FALSE
09-07-1995 08:00,445,0.0575,2210.76,FALSE
16-07-1995 08:00,432,0.059,2202.1632,FALSE
23-07-1995 08:00,350,0.0706,2134.944,FALSE
24-07-1995 08:00,275,0.0592,1406.592,FALSE
30-07-1995 08:00,675,0.0864,5038.848,FALSE
06-08-1995 08:00,435,0.0559,2100.9456,FALSE
09-08-1995 08:00,410,0.0544,1927.0656,FALSE
13-08-1995 08:00,310,0.048,1285.632,FALSE
15-08-1995 08:00,255,0.0209,460.4688,FALSE
18-08-1995 08:00,227,0.0254,498.16512,FALSE
20-08-1995 08:00,285,0.0507,1248.4368,FALSE
27-08-1995 08:00,825,0.1126,8026.128,FALSE
03-09-1995 08:00,1265,0.2636,28810.4256,FALSE
06-09-1995 08:00,890,0.124,9535.104,FALSE
10-09-1995 08:00,450,0.0555,2157.84,FALSE
11-09-1995 08:00,180,0.0415,645.408,FALSE
17-09-1995 08:00,445,0.0593,2279.9664,FALSE
19-09-1995 08:00,310,0.0344,921.3696,FALSE
23-09-1995 08:00,290,0.0422,1057.3632,FALSE
24-09-1995 08:00,250,0.0435,939.6,FALSE
01-10-1995 08:00,180,0.0235,365.472,FALSE
02-10-1995 08:00,238,0.0373,767.00736,FALSE
03-10-1995 08:00,160,0.0153,211.5072,FALSE
08-10-1995 08:00,790,0.1002,6839.2512,FALSE
15-10-1995 08:00,145,0.0043,53.8704,FALSE
22-10-1995 08:00,155,0.0044,58.9248,FALSE
23-10-1995 08:00,260,0.0389,873.8496,FALSE
29-10-1995 08:00,162,0.0045,62.9856,FALSE
05-11-1995 08:00,180,0.0235,365.472,FALSE
07-11-1995 08:00,210,0.032,580.608,FALSE
12-11-1995 08:00,175,0.0046,69.552,FALSE
19-11-1995 08:00,145,0.0043,53.8704,FALSE
23-11-1995 08:00,150,0.0043,55.728,FALSE
26-11-1995 08:00,85,0.0036,26.4384,FALSE
01-12-1995 08:00,100,0.0026,22.464,FALSE
03-12-1995 08:00,96,0.0037,30.68928,FALSE
10-12-1995 08:00,68,0.0033,19.38816,FALSE
12-12-1995 08:00,49,0.0058,24.55488,FALSE
13-12-1995 08:00,41.5,0.0062,22.23072,FALSE
14-12-1995 08:00,48,0.0045,18.6624,FALSE
15-12-1995 08:00,43,0.0062,23.03424,FALSE
16-12-1995 08:00,59,0.0064,32.62464,FALSE
17-12-1995 08:00,59,0.0031,15.80256,FALSE
18-12-1995 08:00,62,0.0032,17.14176,FALSE
19-12-1995 08:00,44,0.0028,10.64448,FALSE
20-12-1995 08:00,43,0.0027,10.03104,FALSE
21-12-1995 08:00,42,0.0027,9.79776,FALSE
22-12-1995 08:00,38,0.0025,8.208,FALSE
23-12-1995 08:00,89,0.0085,65.3616,FALSE
24-12-1995 08:00,48,0.0029,12.02688,FALSE
25-12-1995 08:00,38,0.0025,8.208,FALSE
26-12-1995 08:00,38,0.0052,17.07264,FALSE
27-12-1995 08:00,38,0.004,13.1328,FALSE
28-12-1995 08:00,52,0.0037,16.62336,FALSE
29-12-1995 08:00,44,0.0026,9.88416,FALSE
30-12-1995 08:00,44,0.0028,10.64448,FALSE
31-12-1995 08:00,50,0.0029,12.528,FALSE
01-01-1996 08:00,49,0.0027,11.43072,FALSE
02-01-1996 08:00,46,0.0026,10.33344,FALSE
03-01-1996 08:00,49,0.0028,11.85408,FALSE
04-01-1996 08:00,42,0.0027,9.79776,FALSE
05-01-1996 08:00,42,0.0027,9.79776,FALSE
06-01-1996 08:00,43,0.0023,8.54496,FALSE
07-01-1996 08:00,40,0.0026,8.9856,FALSE
08-01-1996 08:00,36.5,0.0021,6.62256,FALSE
09-01-1996 08:00,37.5,0.0022,7.128,FALSE
10-01-1996 08:00,37.5,0.0027,8.748,FALSE
11-01-1996 08:00,37.5,0.0027,8.748,FALSE
12-01-1996 08:00,37.5,0.0025,8.1,FALSE
13-01-1996 08:00,37.5,0.003,9.72,FALSE
14-01-1996 08:00,44,0.0028,10.64448,FALSE
15-01-1996 08:00,44,0.0028,10.64448,FALSE
16-01-1996 08:00,89,0.0037,28.45152,FALSE
17-01-1996 08:00,52,0.0022,9.88416,FALSE
18-01-1996 08:00,50,0.0022,9.504,FALSE
19-01-1996 08:00,55,0.0029,13.7808,FALSE
20-01-1996 08:00,59,0.0021,10.70496,FALSE
21-01-1996 08:00,55,0.0031,14.7312,FALSE
26-01-1996 08:00,48,0.0029,12.02688,FALSE
28-01-1996 08:00,43,0.0027,10.03104,FALSE
04-02-1996 08:00,48,0.0029,12.02688,FALSE
11-02-1996 08:00,43,0.0027,10.03104,FALSE
18-02-1996 08:00,69,0.0033,19.67328,FALSE
21-02-1996 08:00,60,0.0032,16.5888,FALSE
25-02-1996 08:00,45,0.0028,10.8864,FALSE
03-03-1996 08:00,47,0.0029,11.77632,FALSE
10-03-1996 08:00,35,0.0024,7.2576,FALSE
17-03-1996 08:00,32,0.0023,6.35904,FALSE
24-03-1996 08:00,45,0.0028,10.8864,FALSE
31-03-1996 08:00,43,0.0027,10.03104,FALSE
01-04-1996 08:00,46,0.0028,11.12832,FALSE
05-04-1996 08:00,43,0.0027,10.03104,FALSE
07-04-1996 08:00,48,0.0029,12.02688,FALSE
08-04-1996 08:00,71,0.0034,20.85696,FALSE
09-04-1996 08:00,57,0.0031,15.26688,FALSE
13-04-1996 08:00,75,0.0031,20.088,FALSE
14-04-1996 08:00,62,0.0032,17.14176,FALSE
16-04-1996 08:00,73,0.0035,22.0752,FALSE
17-04-1996 08:00,119,0.0047,48.32352,FALSE
21-04-1996 08:00,68,0.0033,19.38816,FALSE
27-04-1996 08:00,83,0.0036,25.81632,FALSE
28-04-1996 08:00,73,0.0034,21.44448,FALSE
29-04-1996 08:00,45,0.0028,10.8864,FALSE
03-05-1996 08:00,35.5,0.0024,7.36128,FALSE
05-05-1996 08:00,48,0.0029,12.02688,FALSE
12-05-1996 08:00,58.4,0.0031,15.641856,FALSE
19-05-1996 08:00,65,0.0033,18.5328,FALSE
26-05-1996 08:00,46,0.0028,11.12832,FALSE
28-05-1996 08:00,62.8,0.0032,17.362944,FALSE
02-06-1996 08:00,82.5,0.0032,22.8096,FALSE
09-06-1996 08:00,92.5,0.0028,22.3776,FALSE
16-06-1996 08:00,390,0.07,2358.72,FALSE
23-06-1996 08:00,385,0.0554,1842.8256,FALSE
30-06-1996 08:00,120,0.0124,128.5632,FALSE
07-07-1996 08:00,167.5,0.016,231.552,FALSE
14-07-1996 08:00,287,0.0745,1847.3616,FALSE
21-07-1996 08:00,1475,0.2684,34204.896,FALSE
28-07-1996 08:00,760,0.0852,5594.5728,FALSE
29-07-1996 08:00,590,0.0656,3344.0256,FALSE
04-08-1996 08:00,280,0.0474,1146.7008,FALSE
11-08-1996 08:00,270,0.0388,905.1264,FALSE
15-08-1996 08:00,550,0.067,3183.84,FALSE
18-08-1996 08:00,560,0.0632,3057.8688,FALSE
25-08-1996 08:00,465,0.0661,2655.6336,FALSE
27-08-1996 08:00,410,0.0458,1622.4192,FALSE
28-08-1996 08:00,425,0.0457,1678.104,FALSE
01-09-1996 08:00,287,0.0319,791.01792,FALSE
02-09-1996 08:00,287,0.0319,791.01792,FALSE
03-09-1996 08:00,455,0.0511,2008.8432,FALSE
04-09-1996 08:00,435,0.0537,2018.2608,FALSE
06-09-1996 08:00,400,0.0696,2405.376,FALSE
08-09-1996 08:00,430,0.0481,1787.0112,FALSE
15-09-1996 08:00,335,0.0229,662.8176,FALSE
18-09-1996 08:00,365,0.0118,372.1248,FALSE
22-09-1996 08:00,320,0.0136,376.0128,FALSE
28-09-1996 08:45,535,0.0158,730.3392,FALSE
29-09-1996 08:00,1240,0.1475,15802.56,FALSE
02-10-1996 08:00,405,0.0084,293.9328,FALSE
06-10-1996 08:00,225,0.0079,153.576,FALSE
13-10-1996 08:00,350,0.0089,269.136,FALSE
20-10-1996 08:00,287,0.0303,751.34304,FALSE
21-10-1996 08:00,260,0.027,606.528,FALSE
27-10-1996 08:00,160,0.0042,58.0608,FALSE
28-10-1996 08:00,155,0.0041,54.9072,FALSE
30-10-1996 08:00,135,0.0023,26.8272,FALSE
01-11-1996 08:00,105,0.0015,13.608,FALSE
02-11-1996 08:00,122.5,0.0019,20.1096,FALSE
03-11-1996 08:00,115,0.0018,17.8848,FALSE
10-11-1996 08:00,75,0.0011,7.128,FALSE
11-11-1996 08:00,72.5,0.001,6.264,FALSE
12-11-1996 08:00,75,0.0011,7.128,FALSE
14-11-1996 08:00,72.5,0.0012,7.5168,FALSE
15-11-1996 08:00,100,0.0013,11.232,FALSE
17-11-1996 08:00,85,0.001,7.344,FALSE
18-11-1996 08:00,82,0.001,7.0848,FALSE
19-11-1996 08:00,72,0.001,6.2208,FALSE
20-11-1996 08:00,82.5,0.001,7.128,FALSE
21-11-1996 08:00,80,0.001,6.912,FALSE
22-11-1996 08:00,85,0.001,7.344,FALSE
23-11-1996 08:00,100,0.0019,16.416,FALSE
24-11-1996 08:00,50,0.001,4.32,FALSE
25-11-1996 08:00,57.5,0.0012,5.9616,FALSE
01-12-1996 08:00,86,0.001,7.4304,FALSE
08-12-1996 08:00,99,0.0011,9.40896,FALSE
10-12-1996 08:00,130.5,0.0012,13.53024,FALSE
13-12-1996 08:00,71,0.0013,7.97472,FALSE
14-12-1996 08:00,66.5,0.0013,7.46928,FALSE
15-12-1996 08:00,71,0.0016,9.81504,FALSE
21-12-1996 08:00,66.5,0.0015,8.6184,FALSE
22-12-1996 08:00,71,0.0013,7.97472,FALSE
23-12-1996 08:00,49,0.0011,4.65696,FALSE
24-12-1996 08:00,48,0.0008,3.31776,FALSE
25-12-1996 08:00,58,0.0011,5.51232,FALSE
29-12-1996 08:00,68,0.0013,7.63776,FALSE
05-01-1997 08:00,31,0.0012,3.21408,FALSE
09-01-1997 08:00,32,0.001,2.7648,FALSE
12-01-1997 08:00,30,0.0009,2.3328,FALSE
19-01-1997 08:00,30,0.0009,2.3328,FALSE
23-01-1997 08:00,28,0.001,2.4192,FALSE
26-01-1997 08:00,28,0.0008,1.93536,FALSE
02-02-1997 08:00,49,0.001,4.2336,FALSE
09-02-1997 08:00,27,0.0013,3.03264,FALSE
16-02-1997 08:00,41,0.0011,3.89664,FALSE
23-02-1997 08:00,64,0.0014,7.74144,FALSE
02-03-1997 08:00,53.5,0.0011,5.08464,FALSE
07-03-1997 08:00,46,0.0017,6.75648,FALSE
09-03-1997 08:00,39,0.0013,4.38048,FALSE
16-03-1997 08:00,58.5,0.0015,7.5816,FALSE
23-03-1997 08:00,45,0.0018,6.9984,FALSE
24-03-1997 08:00,51,0.0016,7.05024,FALSE
27-03-1997 08:00,73,0.0016,10.09152,FALSE
28-03-1997 08:00,53.5,0.0016,7.39584,FALSE
30-03-1997 08:00,34,0.0014,4.11264,FALSE
06-04-1997 08:00,41,0.0017,6.02208,FALSE
13-04-1997 08:00,39.5,0.0014,4.77792,FALSE
14-04-1997 08:00,37.5,0.0014,4.536,FALSE
16-04-1997 08:00,37,0.0013,4.15584,FALSE
18-04-1997 08:00,39.5,0.0012,4.09536,FALSE
19-04-1997 08:00,39.5,0.0012,4.09536,FALSE
20-04-1997 08:00,39.5,0.0012,4.09536,FALSE
27-04-1997 08:00,37,0.0011,3.51648,FALSE
04-05-1997 08:00,41,0.0018,6.37632,FALSE
10-05-1997 08:00,115,0.0058,57.6288,FALSE
11-05-1997 08:00,44,0.0022,8.36352,FALSE
17-05-1997 08:00,95,0.0045,36.936,FALSE
18-05-1997 08:00,82,0.0039,27.63072,FALSE
22-05-1997 08:00,103,0.0055,48.9456,FALSE
25-05-1997 08:00,89,0.0029,22.29984,FALSE
01-06-1997 08:00,95,0.0032,26.2656,FALSE
08-06-1997 08:00,60,0.0029,15.0336,FALSE
09-06-1997 09:15,68.92,0.0025,14.88672,FALSE
15-06-1997 08:00,70,0.0039,23.5872,FALSE
22-06-1997 08:00,25,0.0012,2.592,FALSE
29-06-1997 08:00,160,0.0045,62.208,FALSE
01-07-1997 08:00,643,0.0204,1133.32608,FALSE
06-07-1997 08:00,523,0.026,1174.8672,FALSE
09-07-1997 08:00,260,0.0168,377.3952,FALSE
11-07-1997 09:15,506,0.0289,1263.46176,FALSE
13-07-1997 08:00,270,0.0203,473.5584,FALSE
15-07-1997 08:00,540,0.0555,2589.408,FALSE
17-07-1997 08:00,620,0.073,3910.464,FALSE
19-07-1997 08:00,1310,0.1671,18913.0464,FALSE
20-07-1997 08:00,670,0.0854,4943.6352,FALSE
27-07-1997 08:00,850,0.0641,4707.504,FALSE
03-08-1997 08:00,650,0.0369,2072.304,FALSE
04-08-1997 08:00,600,0.0354,1835.136,FALSE
07-08-1997 08:00,500,0.0394,1702.08,FALSE
10-08-1997 08:00,380,0.0191,627.0912,FALSE
14-08-1997 08:00,320,0.017,470.016,FALSE
15-08-1997 08:00,260,0.0128,287.5392,FALSE
16-08-1997 08:00,225,0.0087,169.128,FALSE
17-08-1997 08:00,260,0.0085,190.944,FALSE
18-08-1997 08:00,260,0.0082,184.2048,FALSE
19-08-1997 08:00,210,0.0061,110.6784,FALSE
24-08-1997 08:00,485,0.0197,825.5088,FALSE
31-08-1997 08:00,490,0.0266,1126.1376,FALSE
07-09-1997 08:00,210,0.0034,61.6896,FALSE
14-09-1997 08:00,730,0.0141,889.3152,FALSE
21-09-1997 08:00,500,0.0177,764.64,FALSE
22-09-1997 08:00,450,0.0205,797.04,FALSE
28-09-1997 08:00,220,0.0028,53.2224,FALSE
02-10-1997 08:00,185,0.0016,25.5744,FALSE
05-10-1997 08:00,160,0.0016,22.1184,FALSE
07-10-1997 08:00,305,0.0025,65.88,FALSE
10-10-1997 08:00,135,0.0014,16.3296,FALSE
11-10-1997 08:00,135,0.0014,16.3296,FALSE
12-10-1997 08:00,130,0.0013,14.6016,FALSE
13-10-1997 08:00,90,0.0012,9.3312,FALSE
14-10-1997 08:00,213,0.0019,34.96608,FALSE
15-10-1997 08:00,200,0.0017,29.376,FALSE
17-10-1997 08:00,220,0.0015,28.512,FALSE
18-10-1997 08:00,190,0.0013,21.3408,FALSE
19-10-1997 08:00,125,0.0016,17.28,FALSE
20-10-1997 08:00,210,0.0019,34.4736,FALSE
21-10-1997 08:00,210,0.0019,34.4736,FALSE
22-10-1997 08:00,210,0.0019,34.4736,FALSE
23-10-1997 08:00,410,0.0037,131.0688,FALSE
24-10-1997 08:00,200,0.0018,31.104,FALSE
26-10-1997 08:00,260,0.004,89.856,FALSE
27-10-1997 08:00,155,0.0015,20.088,FALSE
30-10-1997 08:00,320,0.002,55.296,FALSE
02-11-1997 08:00,270,0.0052,121.3056,FALSE
08-11-1997 08:00,160,0.0056,77.4144,FALSE
09-11-1997 08:00,545,0.0102,480.2976,FALSE
14-11-1997 08:00,200,0.0026,44.928,FALSE
15-11-1997 08:00,154,0.0018,23.95008,FALSE
16-11-1997 08:00,220,0.0018,34.2144,FALSE
20-11-1997 08:00,171,0.002,29.5488,FALSE
21-11-1997 08:00,156,0.0015,20.2176,FALSE
22-11-1997 08:00,112,0.0009,8.70912,FALSE
23-11-1997 08:00,115,0.0009,8.9424,FALSE
24-11-1997 08:00,300,0.0123,318.816,FALSE
26-11-1997 08:00,260,0.0066,148.2624,FALSE
27-11-1997 08:00,235,0.006,121.824,FALSE
28-11-1997 08:00,300,0.0078,202.176,FALSE
29-11-1997 08:00,181,0.003,46.9152,FALSE
30-11-1997 08:00,110,0.0018,17.1072,FALSE
07-12-1997 08:00,147,0.0016,20.32128,FALSE
14-12-1997 08:00,71.5,0.0018,11.11968,FALSE
16-12-1997 08:00,80,0.0017,11.7504,FALSE
17-12-1997 08:00,117,0.0024,24.26112,FALSE
18-12-1997 08:00,88.5,0.0018,13.76352,FALSE
19-12-1997 08:00,201,0.0042,72.93888,FALSE
20-12-1997 08:00,104,0.0022,19.76832,FALSE
21-12-1997 08:00,168,0.0035,50.8032,FALSE
22-12-1997 08:00,168,0.0035,50.8032,FALSE
23-12-1997 08:00,173.5,0.0036,53.96544,FALSE
24-12-1997 08:00,151,0.0031,40.44384,FALSE
25-12-1997 08:00,129,0.0027,30.09312,FALSE
28-12-1997 08:00,112.5,0.0024,23.328,FALSE
30-12-1997 08:00,82.5,0.0019,13.5432,FALSE
31-12-1997 08:00,84,0.0019,13.78944,FALSE
04-01-1998 08:00,77,0.0014,9.31392,FALSE
05-01-1998 08:00,107.5,0.0019,17.6472,FALSE
06-01-1998 08:00,78,0.0014,9.43488,FALSE
08-01-1998 08:00,99.5,0.0022,18.91296,FALSE
09-01-1998 08:00,99.5,0.0022,18.91296,FALSE
10-01-1998 08:00,99.5,0.0022,18.91296,FALSE
11-01-1998 08:00,76,0.0017,11.16288,FALSE
12-01-1998 08:00,93,0.002,16.0704,FALSE
13-01-1998 08:00,73.4,0.0016,10.146816,FALSE
14-01-1998 08:00,78,0.0017,11.45664,FALSE
15-01-1998 08:00,71,0.0015,9.2016,FALSE
17-01-1998 08:00,47.5,0.001,4.104,FALSE
18-01-1998 08:00,107.5,0.0023,21.3624,FALSE
19-01-1998 08:00,88.5,0.0019,14.52816,FALSE
20-01-1998 08:00,56,0.0012,5.80608,FALSE
21-01-1998 08:00,56,0.0012,5.80608,FALSE
22-01-1998 08:00,78,0.0017,11.45664,FALSE
23-01-1998 08:00,78,0.0017,11.45664,FALSE
24-01-1998 08:00,77,0.0017,11.30976,FALSE
25-01-1998 08:00,77,0.0017,11.30976,FALSE
26-01-1998 08:00,77,0.0017,11.30976,FALSE
27-01-1998 08:00,60,0.0017,8.8128,FALSE
30-01-1998 08:00,77,0.0012,7.98336,FALSE
31-01-1998 08:00,78,0.0013,8.76096,FALSE
01-02-1998 08:00,52.5,0.001,4.536,FALSE
08-02-1998 08:00,80,0.002,13.824,FALSE
15-02-1998 08:00,65,0.0015,8.424,FALSE
22-02-1998 08:00,56,0.0013,6.28992,FALSE
25-02-1998 08:00,43,0.0011,4.08672,FALSE
28-02-1998 08:00,77,0.0023,15.30144,FALSE
01-03-1998 08:00,56,0.0011,5.32224,FALSE
08-03-1998 08:00,45.5,0.0011,4.32432,FALSE
15-03-1998 08:00,68,0.0017,9.98784,FALSE
16-03-1998 08:00,50,0.0013,5.616,FALSE
17-03-1998 08:00,50.2,0.0013,5.638464,FALSE
18-03-1998 08:00,38,0.001,3.2832,FALSE
19-03-1998 08:00,49,0.0012,5.08032,FALSE
20-03-1998 08:00,69,0.0017,10.13472,FALSE
21-03-1998 08:00,45.5,0.0011,4.32432,FALSE
22-03-1998 08:00,46,0.0012,4.76928,FALSE
23-03-1998 08:00,51,0.0013,5.72832,FALSE
24-03-1998 08:00,49,0.0012,5.08032,FALSE
25-03-1998 08:00,49,0.0012,5.08032,FALSE
26-03-1998 08:00,56,0.0014,6.77376,FALSE
27-03-1998 08:00,55,0.0014,6.6528,FALSE
28-03-1998 08:00,55,0.0014,6.6528,FALSE
29-03-1998 08:00,55,0.0014,6.6528,FALSE
05-04-1998 08:00,54,0.0013,6.06528,FALSE
07-04-1998 08:00,54,0.0015,6.9984,FALSE
09-04-1998 08:00,60,0.0017,8.8128,FALSE
10-04-1998 08:00,61,0.0017,8.95968,FALSE
12-04-1998 08:00,44.5,0.0014,5.38272,FALSE
14-04-1998 08:00,56,0.0014,6.77376,FALSE
19-04-1998 08:00,49,0.0015,6.3504,FALSE
20-04-1998 08:00,46,0.0017,6.75648,FALSE
21-04-1998 08:00,51,0.002,8.8128,FALSE
23-04-1998 08:00,54,0.0018,8.39808,FALSE
24-04-1998 08:00,69,0.0024,14.30784,FALSE
25-04-1998 08:00,55,0.0019,9.0288,FALSE
26-04-1998 08:00,78,0.0027,18.19584,FALSE
02-05-1998 08:00,59,0.0017,8.66592,FALSE
03-05-1998 08:00,57,0.0014,6.89472,FALSE
07-05-1998 08:00,57,0.0015,7.3872,FALSE
10-05-1998 08:00,57,0.0015,7.3872,FALSE
11-05-1998 08:00,63.5,0.0016,8.77824,FALSE
16-05-1998 08:00,144,0.0036,44.78976,FALSE
17-05-1998 08:00,69,0.0017,10.13472,FALSE
24-05-1998 08:00,52.5,0.0016,7.2576,FALSE
27-05-1998 08:00,134,0.0042,48.62592,FALSE
31-05-1998 08:00,32.2,0.0012,3.338496,FALSE
07-06-1998 08:00,36,0.0008,2.48832,FALSE
14-06-1998 08:00,54,0.0015,6.9984,FALSE
16-06-1998 08:00,180,0.0016,24.8832,FALSE
18-06-1998 08:00,175,0.0025,37.8,FALSE
19-06-1998 08:00,197,0.0026,44.25408,FALSE
20-06-1998 08:00,220,0.0039,74.1312,FALSE
21-06-1998 08:00,263,0.0041,93.16512,FALSE
22-06-1998 08:00,235,0.0043,87.3072,FALSE
23-06-1998 08:00,293,0.0084,212.64768,FALSE
24-06-1998 08:00,387,0.0135,451.3968,FALSE
25-06-1998 08:00,325,0.0088,247.104,FALSE
28-06-1998 08:00,910,0.101,7941.024,FALSE
30-06-1998 08:00,840,0.0938,6807.6288,FALSE
04-07-1998 08:00,925,0.1037,8287.704,FALSE
05-07-1998 08:00,560,0.0582,2815.9488,FALSE
06-07-1998 08:00,650.4,0.0537,3017.647872,FALSE
07-07-1998 08:00,415,0.033,1183.248,FALSE
10-07-1998 08:00,345,0.0241,718.3728,FALSE
12-07-1998 08:00,1060,0.1192,10916.8128,FALSE
15-07-1998 08:00,1245,0.1216,13080.2688,FALSE
19-07-1998 08:00,570,0.0484,2383.6032,FALSE
26-07-1998 08:00,660,0.0521,2970.9504,FALSE
27-07-1998 08:00,552,0.0454,2165.25312,FALSE
28-07-1998 08:00,540,0.0385,1796.256,FALSE
30-07-1998 08:00,760,0.0489,3210.9696,FALSE
31-07-1998 08:00,890,0.0488,3752.5248,FALSE
02-08-1998 08:00,752,0.0476,3092.70528,FALSE
09-08-1998 08:00,622,0.0439,2359.22112,FALSE
15-08-1998 08:00,475,0.0295,1210.68,FALSE
16-08-1998 08:00,590,0.0284,1447.7184,FALSE
17-08-1998 08:00,535,0.0271,1252.6704,FALSE
23-08-1998 08:00,495,0.031,1325.808,FALSE
28-08-1998 08:00,455,0.0237,931.6944,FALSE
29-08-1998 08:00,428,0.0209,772.86528,FALSE
30-08-1998 08:00,375,0.0157,508.68,FALSE
04-09-1998 08:00,517,0.0216,964.84608,FALSE
06-09-1998 08:00,522,0.0216,974.17728,FALSE
13-09-1998 08:00,655,0.0326,1844.8992,FALSE
20-09-1998 08:00,363,0.0155,486.1296,FALSE
27-09-1998 08:00,407,0.0165,580.2192,FALSE
01-10-1998 08:00,380,0.0118,387.4176,FALSE
02-10-1998 08:00,353,0.0097,295.84224,FALSE
03-10-1998 08:00,380,0.0119,390.7008,FALSE
04-10-1998 08:00,353,0.0092,280.59264,FALSE
11-10-1998 08:00,870,0.0957,7193.5776,FALSE
17-10-1998 08:00,615,0.0483,2566.4688,FALSE
18-10-1998 08:00,492,0.0451,1917.14688,FALSE
19-10-1998 08:00,559,0.0479,2313.45504,FALSE
25-10-1998 08:00,277,0.0084,201.03552,FALSE
01-11-1998 08:00,455,0.0115,452.088,FALSE
02-11-1998 08:00,290,0.0069,172.8864,FALSE
04-11-1998 08:00,267,0.0064,147.64032,FALSE
05-11-1998 08:00,275,0.0066,156.816,FALSE
06-11-1998 08:00,254,0.0059,129.47904,FALSE
07-11-1998 08:00,250,0.0051,110.16,FALSE
08-11-1998 08:00,278,0.0068,163.33056,FALSE
09-11-1998 08:00,103,0.0066,58.73472,FALSE
10-11-1998 08:00,340,0.0089,261.4464,FALSE
11-11-1998 08:00,480,0.0116,481.0752,FALSE
12-11-1998 08:00,330,0.0088,250.9056,FALSE
13-11-1998 08:00,225,0.0051,99.144,FALSE
14-11-1998 08:00,158,0.0031,42.31872,FALSE
15-11-1998 08:00,125,0.0018,19.44,FALSE
21-11-1998 08:00,221,0.0039,74.46816,FALSE
22-11-1998 08:00,172,0.0025,37.152,FALSE
23-11-1998 08:00,221,0.0039,74.46816,FALSE
24-11-1998 08:00,117,0.0028,28.30464,FALSE
25-11-1998 08:00,123,0.0014,14.87808,FALSE
26-11-1998 08:00,147,0.002,25.4016,FALSE
27-11-1998 08:00,187,0.003,48.4704,FALSE
28-11-1998 08:00,130,0.0016,17.9712,FALSE
29-11-1998 08:00,169,0.0024,35.04384,FALSE
30-11-1998 08:00,167,0.0025,36.072,FALSE
01-12-1998 08:00,112.2,0.002,19.38816,FALSE
02-12-1998 08:00,146.7,0.0025,31.6872,FALSE
03-12-1998 08:00,107.4,0.0019,17.630784,FALSE
04-12-1998 08:00,143.3,0.0025,30.9528,FALSE
05-12-1998 08:00,113.8,0.002,19.66464,FALSE
06-12-1998 08:00,120.3,0.0021,21.827232,FALSE
07-12-1998 08:00,107.4,0.0019,17.630784,FALSE
08-12-1998 08:00,107.4,0.0019,17.630784,FALSE
09-12-1998 08:00,105.8,0.0019,17.368128,FALSE
10-12-1998 08:00,107.4,0.0019,17.630784,FALSE
11-12-1998 08:00,130.1,0.0022,24.729408,FALSE
12-12-1998 08:00,138.3,0.0024,28.677888,FALSE
13-12-1998 08:00,186.1,0.0031,49.845024,FALSE
14-12-1998 08:00,131.7,0.0023,26.171424,FALSE
15-12-1998 08:00,105.8,0.0019,17.368128,FALSE
16-12-1998 08:00,107.4,0.0019,17.630784,FALSE
17-12-1998 08:00,104.2,0.0018,16.205184,FALSE
18-12-1998 08:00,94.7,0.0017,13.909536,FALSE
19-12-1998 08:00,101,0.0018,15.70752,FALSE
20-12-1998 08:00,85.3,0.0015,11.05488,FALSE
21-12-1998 08:00,72.9,0.0013,8.188128,FALSE
22-12-1998 08:00,85.3,0.0015,11.05488,FALSE
23-12-1998 08:00,74.4,0.0014,8.999424,FALSE
24-12-1998 08:00,89.9,0.0016,12.427776,FALSE
25-12-1998 08:00,101,0.0018,15.70752,FALSE
26-12-1998 08:00,82.2,0.0015,10.65312,FALSE
27-12-1998 08:00,85.3,0.0015,11.05488,FALSE
28-12-1998 08:00,74.44,0.0014,9.0042624,FALSE
29-12-1998 08:00,71.4,0.0013,8.019648,FALSE
30-12-1998 08:00,56.3,0.0012,5.837184,FALSE
31-12-1998 08:00,66.8,0.0011,6.348672,FALSE
01-01-1999 08:00,66.8,0.0012,6.925824,FALSE
02-01-1999 08:00,63.8,0.0012,6.614784,FALSE
03-01-1999 08:00,65.3,0.0012,6.770304,FALSE
04-01-1999 08:00,56.3,0.0011,5.350752,FALSE
05-01-1999 08:00,56.3,0.0011,5.350752,FALSE
06-01-1999 08:00,57.8,0.0011,5.493312,FALSE
07-01-1999 08:00,45.9,0.001,3.96576,FALSE
08-01-1999 08:00,44.4,0.001,3.83616,FALSE
09-01-1999 08:00,38.5,0.0009,2.99376,FALSE
10-01-1999 08:00,44.4,0.0009,3.452544,FALSE
11-01-1999 08:00,44.4,0.0009,3.452544,FALSE
12-01-1999 08:00,44.4,0.0009,3.452544,FALSE
13-01-1999 08:00,44.4,0.0009,3.452544,FALSE
14-01-1999 08:00,60.8,0.0009,4.727808,FALSE
15-01-1999 08:00,42.9,0.0009,3.335904,FALSE
16-01-1999 08:00,54.8,0.0009,4.261248,FALSE
17-01-1999 08:00,57.8,0.0009,4.494528,FALSE
19-01-1999 08:00,42.9,0.0008,2.965248,FALSE
24-01-1999 08:00,41.5,0.0007,2.50992,FALSE
26-01-1999 08:00,38.5,0.0007,2.32848,FALSE
31-01-1999 08:00,69.9,0.0013,7.851168,FALSE
03-02-1999 08:00,88.4,0.0012,9.165312,FALSE
04-02-1999 08:00,96.2,0.0013,10.805184,FALSE
05-02-1999 08:00,91.5,0.0013,10.27728,FALSE
06-02-1999 08:00,91.5,0.0013,10.27728,FALSE
07-02-1999 08:00,86.8,0.0012,8.999424,FALSE
08-02-1999 08:00,83.7,0.0011,7.954848,FALSE
09-02-1999 08:00,85.3,0.0012,8.843904,FALSE
10-02-1999 08:00,94.7,0.0013,10.636704,FALSE
11-02-1999 08:00,69.9,0.001,6.03936,FALSE
12-02-1999 08:00,88.4,0.0012,9.165312,FALSE
13-02-1999 08:00,93.1,0.0013,10.456992,FALSE
14-02-1999 08:00,74.4,0.0011,7.070976,FALSE
15-02-1999 08:00,66.8,0.001,5.77152,FALSE
21-02-1999 08:00,40,0.0006,2.0736,FALSE
23-02-1999 08:00,86.8,0.0006,4.499712,FALSE
28-02-1999 08:00,85.3,0.0009,6.632928,FALSE
02-03-1999 08:00,91.5,0.0013,10.27728,FALSE
03-03-1999 08:00,88.4,0.0013,9.929088,FALSE
05-03-1999 08:00,83.7,0.0012,8.678016,FALSE
06-03-1999 08:00,99.4,0.0014,12.023424,FALSE
07-03-1999 08:00,45.9,0.0006,2.379456,FALSE
08-03-1999 08:00,76,0.0011,7.22304,FALSE
10-03-1999 08:00,86.8,0.001,7.49952,FALSE
13-03-1999 08:00,83.7,0.0012,8.678016,FALSE
14-03-1999 08:00,77.5,0.0011,7.3656,FALSE
15-03-1999 08:00,63.8,0.0007,3.858624,FALSE
16-03-1999 08:00,62.3,0.0007,3.767904,FALSE
17-03-1999 08:00,63.8,0.0007,3.858624,FALSE
18-03-1999 08:00,65.3,0.0007,3.949344,FALSE
19-03-1999 08:00,65.3,0.0007,3.949344,FALSE
20-03-1999 08:00,62.3,0.0007,3.767904,FALSE
21-03-1999 08:00,62.3,0.0007,3.767904,FALSE
22-03-1999 08:00,93.1,0.0013,10.456992,FALSE
25-03-1999 08:00,74.4,0.0011,7.070976,FALSE
27-03-1999 08:00,77.5,0.0008,5.3568,FALSE
28-03-1999 08:00,59.3,0.0008,4.098816,FALSE
29-03-1999 08:00,53.3,0.0007,3.223584,FALSE
30-03-1999 08:00,80.6,0.0011,7.660224,FALSE
02-04-1999 08:00,45.9,0.0005,1.98288,FALSE
03-04-1999 08:00,76,0.0009,5.90976,FALSE
04-04-1999 08:00,51.8,0.0006,2.685312,FALSE
06-04-1999 08:00,85.3,0.0012,8.843904,FALSE
07-04-1999 08:00,80.6,0.0011,7.660224,FALSE
10-04-1999 08:00,82.2,0.0012,8.522496,FALSE
11-04-1999 08:00,57.8,0.0007,3.495744,FALSE
14-04-1999 08:00,42.9,0.0007,2.594592,FALSE
15-04-1999 08:00,45.9,0.0007,2.776032,FALSE
16-04-1999 08:00,66.8,0.0014,8.080128,FALSE
18-04-1999 08:00,41.5,0.0007,2.50992,FALSE
20-04-1999 08:00,80.6,0.001,6.96384,FALSE
21-04-1999 08:00,79.1,0.001,6.83424,FALSE
22-04-1999 08:00,63.8,0.0011,6.063552,FALSE
23-04-1999 08:00,69.9,0.0012,7.247232,FALSE
24-04-1999 08:00,85.3,0.0015,11.05488,FALSE
25-04-1999 08:00,146.7,0.0026,32.954688,FALSE
26-04-1999 08:00,130.1,0.0022,24.729408,FALSE
27-04-1999 08:00,110.6,0.0019,18.156096,FALSE
28-04-1999 08:00,120.3,0.0021,21.827232,FALSE
29-04-1999 08:00,88.4,0.0015,11.45664,FALSE
30-04-1999 08:00,69.9,0.0012,7.247232,FALSE
01-05-1999 08:00,63.8,0.0011,6.063552,FALSE
02-05-1999 08:00,68.3,0.0011,6.491232,FALSE
03-05-1999 08:00,66.8,0.0012,6.925824,FALSE
04-05-1999 08:00,85.3,0.0014,10.317888,FALSE
06-05-1999 08:00,76,0.001,6.5664,FALSE
07-05-1999 08:00,76,0.001,6.5664,FALSE
08-05-1999 08:00,89.9,0.0012,9.320832,FALSE
09-05-1999 08:00,107.4,0.0013,12.063168,FALSE
10-05-1999 08:00,79.1,0.001,6.83424,FALSE
14-05-1999 08:00,57.8,0.0009,4.494528,FALSE
15-05-1999 08:00,79.5,0.001,6.8688,FALSE
16-05-1999 08:00,48.8,0.0007,2.951424,FALSE
17-05-1999 08:00,76,0.0068,44.65152,FALSE
18-05-1999 08:00,88.4,0.0079,60.338304,FALSE
19-05-1999 08:00,86.8,0.0078,58.496256,FALSE
20-05-1999 08:00,72.9,0.0065,40.94064,FALSE
21-05-1999 08:00,121.9,0.011,115.85376,FALSE
22-05-1999 08:00,146.7,0.0131,166.040928,FALSE
23-05-1999 08:00,198.4,0.0177,303.409152,FALSE
24-05-1999 08:00,216.2,0.0193,360.517824,FALSE
25-05-1999 08:00,499.4,0.0517,2230.759872,FALSE
26-05-1999 08:00,601.2,0.0634,3293.229312,FALSE
27-05-1999 08:00,496,0.0514,2202.71616,FALSE
28-05-1999 08:00,320.1,0.0334,923.731776,FALSE
29-05-1999 08:00,207.3,0.0185,331.34832,FALSE
30-05-1999 08:00,130.1,0.0116,130.391424,FALSE
31-05-1999 08:00,318.1,0.0332,912.463488,FALSE
01-06-1999 08:00,362,0.0051,159.51168,FALSE
06-06-1999 08:00,398,0.0055,189.1296,FALSE
13-06-1999 08:00,578,0.0167,833.98464,FALSE
15-06-1999 08:00,462,0.0123,490.97664,FALSE
20-06-1999 08:00,594,0.0148,759.55968,FALSE
26-06-1999 08:00,210,0.0028,50.8032,FALSE
27-06-1999 08:00,183.5,0.0027,42.80688,FALSE
04-07-1999 08:00,140,0.0024,29.0304,FALSE
11-07-1999 08:00,248,0.0033,70.70976,FALSE
18-07-1999 08:00,1365,0.1141,13456.4976,FALSE
25-07-1999 08:00,527,0.0117,532.73376,FALSE
01-08-1999 08:00,1028,0.0734,6519.32928,FALSE
08-08-1999 08:00,385,0.0064,212.8896,FALSE
15-08-1999 08:00,260,0.003,67.392,FALSE
17-08-1999 08:00,385,0.006,199.584,FALSE
22-08-1999 08:00,226.5,0.0032,62.62272,FALSE
25-08-1999 08:00,220,0.0024,45.6192,FALSE
26-08-1999 08:00,230,0.0023,45.7056,FALSE
27-08-1999 08:00,249,0.0022,47.32992,FALSE
29-08-1999 08:00,213,0.002,36.8064,FALSE
03-09-1999 08:00,239,0.0018,37.16928,FALSE
05-09-1999 08:00,190,0.0017,27.9072,FALSE
11-09-1999 08:00,77,0.0015,9.9792,FALSE
12-09-1999 08:00,90,0.0017,13.2192,FALSE
18-09-1999 08:00,64,0.0014,7.74144,FALSE
19-09-1999 08:00,64,0.0012,6.63552,FALSE
26-09-1999 08:00,57,0.001,4.9248,FALSE
28-09-1999 08:00,108.1,0.0012,11.207808,FALSE
02-10-1999 08:00,154,0.0016,21.28896,FALSE
03-10-1999 08:00,168,0.0016,23.22432,FALSE
10-10-1999 08:00,173,0.0015,22.4208,FALSE
17-10-1999 08:00,345,0.0044,131.1552,FALSE
20-10-1999 08:00,595,0.0146,750.5568,FALSE
24-10-1999 08:00,570,0.0159,783.0432,FALSE
31-10-1999 08:00,255,0.0041,90.3312,FALSE
07-11-1999 08:00,244,0.0027,56.92032,FALSE
12-11-1999 08:00,450,0.0069,268.272,FALSE
14-11-1999 08:00,138,0.0011,13.11552,FALSE
15-11-1999 08:00,97,0.001,8.3808,FALSE
18-11-1999 08:00,101.5,0.0011,9.64656,FALSE
19-11-1999 08:00,203,0.0022,38.58624,FALSE
20-11-1999 08:00,65,0.0009,5.0544,FALSE
21-11-1999 08:00,198,0.002,34.2144,FALSE
23-11-1999 08:00,152,0.0016,21.01248,FALSE
28-11-1999 08:00,118,0.0013,13.25376,FALSE
05-12-1999 08:00,52,0.0007,3.14496,FALSE
12-12-1999 08:00,35,0.0006,1.8144,FALSE
13-12-1999 08:00,40,0.0006,2.0736,FALSE
19-12-1999 08:00,54.7,0.0004,1.890432,FALSE
25-12-1999 08:00,53.5,0.0006,2.77344,FALSE
26-12-1999 08:00,44.5,0.0006,2.30688,FALSE
27-12-1999 08:00,44.5,0.0006,2.30688,FALSE
02-01-2000 08:00,42.2,0.0005,1.82304,FALSE
08-01-2000 08:00,33.5,0.0005,1.4472,FALSE
09-01-2000 08:00,33.5,0.0005,1.4472,FALSE
14-01-2000 08:00,35,0.0005,1.512,FALSE
16-01-2000 08:00,33.5,0.0005,1.4472,FALSE
22-01-2000 08:00,35,0.0006,1.8144,FALSE
23-01-2000 08:00,35,0.0006,1.8144,FALSE
24-01-2000 08:00,35,0.0006,1.8144,FALSE
25-01-2000 08:00,77.5,0.001,6.696,FALSE
26-01-2000 08:00,35,0.0006,1.8144,FALSE
30-01-2000 08:00,31.2,0.0004,1.078272,FALSE
06-02-2000 08:00,36,0.0005,1.5552,FALSE
13-02-2000 08:00,36,0.0005,1.5552,FALSE
20-02-2000 08:00,32,0.0005,1.3824,FALSE
27-02-2000 08:00,27.2,0.0009,2.115072,FALSE
05-03-2000 08:00,28.2,0.0009,2.192832,FALSE
12-03-2000 08:00,26.2,0.0005,1.13184,FALSE
17-03-2000 08:00,25.7,0.0006,1.332288,FALSE
18-03-2000 08:00,25.7,0.0006,1.332288,FALSE
19-03-2000 08:00,25.7,0.0006,1.332288,FALSE
26-03-2000 08:00,25.7,0.0006,1.332288,FALSE
02-04-2000 08:00,29,0.0005,1.2528,FALSE
09-04-2000 08:00,29,0.0007,1.75392,FALSE
10-04-2000 08:00,29,0.0007,1.75392,FALSE
14-04-2000 08:00,27.2,0.0006,1.410048,FALSE
16-04-2000 08:00,27.2,0.0006,1.410048,FALSE
21-04-2000 08:00,27.2,0.0006,1.410048,FALSE
22-04-2000 08:00,27.2,0.0006,1.410048,FALSE
23-04-2000 08:00,29,0.0006,1.50336,FALSE
30-04-2000 08:00,25.7,0.0005,1.11024,FALSE
06-05-2000 08:00,52,0.0008,3.59424,FALSE
07-05-2000 08:00,35,0.0006,1.8144,FALSE
09-05-2000 08:00,52,0.0008,3.59424,FALSE
11-05-2000 08:00,53.5,0.0008,3.69792,FALSE
12-05-2000 08:00,52,0.0008,3.59424,FALSE
13-05-2000 08:00,43.5,0.0007,2.63088,FALSE
14-05-2000 08:00,40.5,0.0007,2.44944,FALSE
18-05-2000 08:00,27.2,0.0005,1.17504,FALSE
20-05-2000 08:00,25.2,0.0005,1.08864,FALSE
21-05-2000 08:00,25.7,0.0005,1.11024,FALSE
27-05-2000 08:00,77.5,0.001,6.696,FALSE
28-05-2000 08:00,86.7,0.0011,8.239968,FALSE
29-05-2000 08:00,60.7,0.0009,4.720032,FALSE
01-06-2000 08:00,65.46,0.0012,6.7868928,FALSE
02-06-2000 08:00,209.6,0.005,90.5472,FALSE
03-06-2000 08:00,129.3,0.0026,29.045952,FALSE
04-06-2000 08:00,60.3,0.0022,11.461824,FALSE
11-06-2000 08:00,288.9,0.0181,451.793376,FALSE
15-06-2000 08:00,347.9,0.0129,387.755424,FALSE
18-06-2000 08:00,347.9,0.0162,486.948672,FALSE
25-06-2000 08:00,362.9,0.0129,404.473824,FALSE
02-07-2000 08:00,597.5,0.0176,908.5824,FALSE
08-07-2000 08:00,522.2,0.0165,744.44832,FALSE
09-07-2000 08:00,459.7,0.0157,623.573856,FALSE
16-07-2000 08:00,381.1,0.0171,563.052384,FALSE
23-07-2000 08:00,222.1,0.0076,145.839744,FALSE
30-07-2000 08:00,281.6,0.0086,209.240064,FALSE
06-08-2000 08:00,646.9,0.0189,1056.361824,FALSE
12-08-2000 08:00,576.7,0.0173,862.005024,FALSE
13-08-2000 08:00,469.4,0.0162,657.009792,FALSE
15-08-2000 08:00,375,0.014,453.6,FALSE
20-08-2000 08:00,453.2,0.0154,603.009792,FALSE
22-08-2000 08:00,559.5,0.0172,831.46176,FALSE
27-08-2000 08:00,1749,0.025,3777.84,FALSE
01-09-2000 08:00,502.2,0.0163,707.258304,FALSE
03-09-2000 08:00,362.9,0.0136,426.422016,FALSE
09-09-2000 08:00,259.5,0.0115,257.8392,FALSE
10-09-2000 08:00,259.5,0.0115,257.8392,FALSE
11-09-2000 08:00,237.9,0.0112,230.211072,FALSE
12-09-2000 08:00,232.6,0.0109,219.053376,FALSE
13-09-2000 08:00,243.3,0.0112,235.436544,FALSE
17-09-2000 08:00,58.06,0.0029,14.5475136,FALSE
24-09-2000 08:00,387.2,0.0136,454.975488,FALSE
30-09-2000 08:00,365.9,0.0138,436.269888,FALSE
01-10-2000 08:00,365.9,0.0135,426.78576,FALSE
02-10-2000 08:00,372,0.0142,456.39936,FALSE
07-10-2000 08:00,235.3,0.0103,209.398176,FALSE
08-10-2000 08:00,278.8,0.0119,286.651008,FALSE
14-10-2000 08:00,217,0.0075,140.616,FALSE
15-10-2000 08:00,211.8,0.0072,131.756544,FALSE
21-10-2000 08:00,196.6,0.007,118.90368,FALSE
22-10-2000 08:00,227.4,0.007854487,154.3199337,FALSE
26-10-2000 08:00,181.7,0.0067,105.182496,FALSE
27-10-2000 08:00,157.6,0.0062,84.423168,FALSE
28-10-2000 08:00,119.1,0.0056,57.625344,FALSE
29-10-2000 08:00,143.7,0.006,74.49408,FALSE
03-11-2000 08:00,125.7,0.0057,61.904736,FALSE
04-11-2000 08:00,162.3,0.0058,81.331776,FALSE
05-11-2000 08:00,157.6,0.0058,78.976512,FALSE
11-11-2000 08:00,23.71,0.0096,19.6660224,FALSE
12-11-2000 08:00,46.18,0.0036,14.3638272,FALSE
15-11-2000 08:00,38.21,0.003,9.904032,FALSE
16-11-2000 08:00,72.57,0.0043,26.9612064,FALSE
19-11-2000 08:00,36.66,0.0032,10.1357568,FALSE
20-11-2000 08:00,36.67,0.0032,10.1385216,FALSE
21-11-2000 08:00,29.26,0.0028,7.0785792,FALSE
26-11-2000 08:00,26.44,0.0038,8.6807808,FALSE
02-12-2000 08:00,55.05,0.004,19.02528,FALSE
03-12-2000 08:00,53.71,0.004,18.562176,FALSE
04-12-2000 08:00,53.71,0.004,18.562176,FALSE
10-12-2000 08:00,39.17,0.0041,13.8755808,FALSE
17-12-2000 08:00,47.31,0.0042,17.1678528,FALSE
24-12-2000 08:00,30.05,0.0036,9.346752,FALSE
25-12-2000 08:00,30.05,0.0035,9.08712,FALSE
27-12-2000 08:00,44.89,0.0033,12.7990368,FALSE
30-12-2000 08:00,30.99,0.0036,9.6391296,FALSE
31-12-2000 08:00,42.54,0.0036,13.2316416,FALSE
07-01-2001 08:00,31.95,0.0046,12.698208,FALSE
09-01-2001 08:00,31.95,0.0047,12.974256,FALSE
13-01-2001 08:00,32.92,0.0036,10.2394368,FALSE
14-01-2001 08:00,31.95,0.0036,9.937728,FALSE
20-01-2001 08:00,29.12,0.0041,10.3154688,FALSE
21-01-2001 08:00,37.01,0.004,12.790656,FALSE
26-01-2001 08:00,32.92,0.0037,10.5238656,FALSE
28-01-2001 08:00,32.92,0.0032,9.1017216,FALSE
04-02-2001 08:00,30.05,0.0028,7.269696,FALSE
10-02-2001 08:00,31.95,0.0025,6.9012,FALSE
11-02-2001 08:00,33.92,0.0027,7.9128576,FALSE
18-02-2001 08:00,31.95,0.0026,7.177248,FALSE
21-02-2001 08:00,30.99,0.0029,7.7648544,FALSE
25-02-2001 08:00,71.15,0.0062,38.113632,FALSE
27-02-2001 08:00,82.74,0.0068,48.6114048,FALSE
04-03-2001 08:00,38.08,0.0031,10.1993472,FALSE
05-03-2001 08:00,84.48,0.0032,23.3570304,FALSE
06-03-2001 08:00,77.64,0.0033,22.1367168,FALSE
10-03-2001 08:00,33.92,0.0032,9.3782016,FALSE
11-03-2001 08:00,32.92,0.0033,9.3861504,FALSE
18-03-2001 08:00,37.01,0.0031,9.9127584,FALSE
19-03-2001 08:00,48.55,0.0031,13.003632,FALSE
20-03-2001 08:00,37.01,0.0031,9.9127584,FALSE
25-03-2001 08:00,53.71,0.0036,16.7059584,FALSE
28-03-2001 08:00,32.92,0.0033,9.3861504,FALSE
29-03-2001 08:00,34.93,0.0034,10.2610368,FALSE
01-04-2001 08:00,29.12,0.0037,9.3090816,FALSE
05-04-2001 08:00,27.33,0.0032,7.5561984,FALSE
06-04-2001 08:00,29.12,0.0033,8.3026944,FALSE
08-04-2001 08:00,31.95,0.0033,9.109584,FALSE
13-04-2001 08:00,43.71,0.0037,13.9732128,FALSE
14-04-2001 08:00,40.27,0.0036,12.5255808,FALSE
15-04-2001 08:00,55.05,0.0036,17.122752,FALSE
21-04-2001 08:00,107.2,0.0046,42.605568,FALSE
22-04-2001 08:00,462.6,0.0046,183.855744,FALSE
23-04-2001 08:00,462.6,0.0046,183.855744,FALSE
24-04-2001 08:00,513.9,0.0045,199.80432,FALSE
25-04-2001 08:00,462.6,0.0045,179.85888,FALSE
26-04-2001 08:00,111.3,0.0044,42.311808,FALSE
29-04-2001 08:00,508.6,0.0042,184.560768,FALSE
04-05-2001 08:00,84.48,0.0042,30.6561024,FALSE
06-05-2001 08:00,69.58,0.0042,25.2491904,FALSE
07-05-2001 08:00,56.41,0.0042,20.4700608,FALSE
10-05-2001 08:00,51.09,0.0043,18.9809568,FALSE
12-05-2001 08:00,55.05,0.0044,20.927808,FALSE
13-05-2001 08:00,49.81,0.0044,18.9357696,FALSE
20-05-2001 08:00,66.51,0.0044,25.2844416,FALSE
21-05-2001 08:00,89.84,0.0042,32.6011392,FALSE
26-05-2001 08:00,477.7,0.0048,198.111744,FALSE
27-05-2001 08:00,457.7,0.00462,182.6991936,FALSE
29-05-2001 08:00,356.9,0.0048,148.013568,FALSE
30-05-2001 08:00,220.6,0.0048,91.487232,FALSE
31-05-2001 08:00,289.3,0.0048,119.978496,FALSE
02-06-2001 08:00,106,0.0061,55.86624,FALSE
03-06-2001 08:00,282.1,0.0152,370.476288,FALSE
04-06-2001 08:00,131.7,0.0091,103.547808,FALSE
07-06-2001 08:00,279.5,0.0153,369.47664,FALSE
08-06-2001 08:00,358.8,0.0181,561.105792,FALSE
09-06-2001 08:00,258.8,0.0147,328.696704,FALSE
10-06-2001 08:00,328,0.0167,473.26464,FALSE
16-06-2001 08:00,487.8,0.0209,880.849728,FALSE
17-06-2001 08:00,350.3,0.0173,523.600416,FALSE
18-06-2001 08:00,548.9,0.0226,1071.804096,FALSE
24-06-2001 08:00,1190,0.0363,3732.2208,FALSE
26-06-2001 08:00,976.8,0.0329,2776.612608,FALSE
01-07-2001 08:00,447.5,0.0203,784.8792,FALSE
08-07-2001 08:00,1827,0.0251,3962.10528,FALSE
14-07-2001 08:00,453.6,0.0164,642.733056,FALSE
15-07-2001 08:00,364.5,0.0159,500.73552,FALSE
22-07-2001 08:00,197.6,0.0161,274.869504,FALSE
29-07-2001 08:00,444.4,0.0259,994.460544,FALSE
02-08-2001 08:00,575.2,0.0234,1162.916352,FALSE
05-08-2001 08:00,674.3,0.0251,1462.313952,FALSE
06-08-2001 08:00,472.2,0.0206,840.440448,FALSE
11-08-2001 08:00,319.7,0.0124,342.513792,FALSE
12-08-2001 08:00,295.4,0.0124,316.479744,FALSE
15-08-2001 08:00,287.4,0.0112,278.111232,FALSE
19-08-2001 08:00,420.2,0.0149,540.948672,FALSE
26-08-2001 08:00,432.3,0.0195,728.33904,FALSE
31-08-2001 08:00,282.1,0.01116,272.0075904,FALSE
01-09-2001 08:00,319.7,0.0172,475.099776,FALSE
02-09-2001 08:00,231.2,0.0135,269.67168,FALSE
03-09-2001 08:00,199.9,0.0125,215.892,FALSE
07-09-2001 08:00,123.6,0.0093,99.315072,FALSE
08-09-2001 08:00,152.7,0.0109,143.806752,FALSE
09-09-2001 08:00,161.4,0.0112,156.183552,FALSE
10-09-2001 08:00,131.7,0.0099,112.650912,FALSE
11-09-2001 08:00,146.3,0.0104,131.459328,FALSE
12-09-2001 08:00,135.8,0.01,117.3312,FALSE
13-09-2001 08:00,127.7,0.0093,102.609504,FALSE
14-09-2001 08:00,121.6,0.0094,98.758656,FALSE
15-09-2001 08:00,150.6,0.0109,141.829056,FALSE
16-09-2001 08:00,157,0.011,149.2128,FALSE
23-09-2001 08:00,202.3,0.0124,216.736128,FALSE
30-09-2001 08:00,364.5,0.01784,561.831552,FALSE
02-10-2001 08:00,555.4,0.0227,1089.294912,FALSE
07-10-2001 08:00,243.6,0.0133,279.925632,FALSE
13-10-2001 08:00,207,0.0125,223.56,FALSE
14-10-2001 08:00,353.2,0.0226,689.672448,FALSE
21-10-2001 08:00,328,0.0171,484.60032,FALSE
25-10-2001 08:00,117.7,0.009,91.52352,FALSE
26-10-2001 08:00,91.2,0.0078,61.461504,FALSE
28-10-2001 08:00,438.3,0.0169,639.988128,FALSE
29-10-2001 08:00,303.4,0.0159,416.798784,FALSE
30-10-2001 08:00,241.1,0.014,291.63456,FALSE
31-10-2001 08:00,168,0.0112,162.57024,FALSE
01-11-2001 08:00,188.3,0.0123,200.110176,FALSE
04-11-2001 08:00,282.1,0.0155,377.78832,FALSE
10-11-2001 08:00,306.1,0.0132,349.100928,FALSE
11-11-2001 08:00,204.7,0.0132,233.456256,FALSE
14-11-2001 08:00,209.4,0.0108,195.395328,FALSE
18-11-2001 08:00,209.4,0.0119,215.296704,FALSE
20-11-2001 08:00,179.2,0.0103,159.473664,FALSE
23-11-2001 08:00,231.2,0.0141,281.657088,FALSE
25-11-2001 08:00,163.6,0.0116,163.966464,FALSE
26-11-2001 08:00,125.6,0.0113,122.625792,FALSE
27-11-2001 08:00,109.9,0.0112,106.348032,FALSE
30-11-2001 08:00,142.1,0.0095,116.63568,FALSE
01-12-2001 08:00,77.17,0.0068,45.3389184,FALSE
02-12-2001 08:00,66.68,0.0059,33.9907968,FALSE
04-12-2001 08:00,66.68,0.0059,33.9907968,FALSE
05-12-2001 08:00,73.57,0.0065,41.316912,FALSE
06-12-2001 08:00,61.78,0.005,26.68896,FALSE
08-12-2001 08:00,48.42,0.0035,14.642208,FALSE
09-12-2001 08:00,101,0.0033,28.79712,FALSE
16-12-2001 08:00,47.06,0.0041,16.6705344,FALSE
23-12-2001 08:00,41.84,0.0038,13.7369088,FALSE
24-12-2001 08:00,55.6,0.0037,17.774208,FALSE
25-12-2001 08:00,63.39,0.0036,19.7168256,FALSE
26-12-2001 08:00,45.72,0.0035,13.825728,FALSE
30-12-2001 08:00,54.12,0.0037,17.3010816,FALSE
06-01-2002 08:00,71.81,0.0034,21.0949056,FALSE
12-01-2002 08:00,34.7,0.0035,10.49328,FALSE
13-01-2002 08:00,36.99,0.0034,10.8661824,FALSE
20-01-2002 08:00,27.38,0.0036,8.5162752,FALSE
26-01-2002 08:00,38.17,0.0035,11.542608,FALSE
27-01-2002 08:00,30.39,0.0034,8.9273664,FALSE
30-01-2002 08:00,31.43,0.0035,9.504432,FALSE
03-02-2002 08:00,35.84,0.0037,11.4573312,FALSE
09-02-2002 08:00,35.84,0.0032,9.9090432,FALSE
10-02-2002 08:00,29.36,0.0032,8.1174528,FALSE
15-02-2002 08:00,35.84,0.0029,8.9800704,FALSE
17-02-2002 08:00,33.59,0.0029,8.4163104,FALSE
19-02-2002 08:00,29.36,0.0031,7.8637824,FALSE
20-02-2002 08:00,29.36,0.0028,7.1027712,FALSE
21-02-2002 08:00,30.39,0.0029,7.6145184,FALSE
23-02-2002 08:00,29.36,0.0032,8.1174528,FALSE
24-02-2002 08:00,71.81,0.0034,21.0949056,FALSE
26-02-2002 08:00,66.68,0.005,28.80576,FALSE
27-02-2002 08:00,47.06,0.0034,13.8243456,FALSE
28-02-2002 08:00,48.42,0.0035,14.642208,FALSE
01-03-2002 08:00,51.22,0.0034,15.0463872,FALSE
02-03-2002 08:00,35.84,0.0036,11.1476736,FALSE
03-03-2002 08:00,32.5,0.0036,10.1088,FALSE
04-03-2002 08:00,79.01,0.0034,23.2099776,FALSE
05-03-2002 08:00,48.42,0.0035,14.642208,FALSE
06-03-2002 08:00,63.39,0.0034,18.6214464,FALSE
07-03-2002 08:00,48.42,0.0035,14.642208,FALSE
08-03-2002 08:00,41.84,0.0035,12.652416,FALSE
09-03-2002 08:00,48.42,0.0035,14.642208,FALSE
10-03-2002 08:00,48.42,0.0035,14.642208,FALSE
12-03-2002 08:00,63.39,0.0034,18.6214464,FALSE
13-03-2002 08:00,35.84,0.0036,11.1476736,FALSE
14-03-2002 08:00,48.42,0.0035,14.642208,FALSE
15-03-2002 08:00,41.84,0.0035,12.652416,FALSE
16-03-2002 08:00,79.01,0.0034,23.2099776,FALSE
17-03-2002 08:00,121.5,0.00303,31.807728,FALSE
19-03-2002 08:00,34.7,0.0035,10.49328,FALSE
20-03-2002 08:00,35.84,0.0036,11.1476736,FALSE
21-03-2002 08:00,48.42,0.0035,14.642208,FALSE
22-03-2002 08:00,30.39,0.0035,9.189936,FALSE
23-03-2002 08:00,35.84,0.0036,11.1476736,FALSE
24-03-2002 08:00,41.84,0.0035,12.652416,FALSE
26-03-2002 08:00,51.22,0.0034,15.0463872,FALSE
27-03-2002 08:00,41.84,0.0035,12.652416,FALSE
28-03-2002 08:00,52.66,0.0035,15.924384,FALSE
29-03-2002 08:00,43.11,0.0035,13.036464,FALSE
30-03-2002 08:00,71.81,0.0034,21.0949056,FALSE
31-03-2002 08:00,58.64,0.0035,17.732736,FALSE
02-04-2002 08:00,55.6,0.0035,16.81344,FALSE
03-04-2002 08:00,48.42,0.0035,14.642208,FALSE
04-04-2002 08:00,48.42,0.0035,14.642208,FALSE
05-04-2002 08:00,55.6,0.0035,16.81344,FALSE
06-04-2002 08:00,101.02,0.0033,28.8028224,FALSE
07-04-2002 08:00,35.84,0.0036,11.1476736,FALSE
13-04-2002 08:00,49.81,0.0031,13.3411104,FALSE
14-04-2002 08:00,55.6,0.0031,14.891904,FALSE
17-04-2002 08:00,51.22,0.0033,14.6038464,FALSE
21-04-2002 08:00,65.02,0.0045,25.279776,FALSE
22-04-2002 08:00,61.78,0.0037,19.7498304,FALSE
23-04-2002 08:00,51.22,0.0034,15.0463872,FALSE
24-04-2002 08:00,57.11,0.0034,16.7766336,FALSE
25-04-2002 08:00,60.2,0.0035,18.20448,FALSE
28-04-2002 08:00,47.06,0.0036,14.6375424,FALSE
05-05-2002 08:00,66.68,0.0035,20.164032,FALSE
11-05-2002 08:00,47.06,0.0034,13.8243456,FALSE
12-05-2002 08:00,60.2,0.0033,17.164224,FALSE
14-05-2002 08:00,221,0.0031,59.19264,FALSE
15-05-2002 08:00,149.8,0.0032,41.416704,FALSE
19-05-2002 08:00,1096,0.0028,265.14432,FALSE
22-05-2002 08:00,228,0.003,59.0976,FALSE
24-05-2002 08:00,265,0.0032,73.2672,FALSE
25-05-2002 08:00,90.61,0.0033,25.8347232,FALSE
26-05-2002 08:00,228,0.0034,66.97728,FALSE
27-05-2002 08:00,84.69,0.0034,24.8785344,FALSE
28-05-2002 08:00,80.88,0.0034,23.7593088,FALSE
29-05-2002 08:00,503.7,0.003,130.55904,FALSE
30-05-2002 08:00,210.7,0.0033,60.074784,FALSE
31-05-2002 08:00,71.81,0.0034,21.0949056,FALSE
01-06-2002 08:00,113.1,0.0071,69.380064,FALSE
02-06-2002 08:00,150.1,0.0076,98.561664,FALSE
05-06-2002 08:00,192.9,0.009,149.99904,FALSE
06-06-2002 08:00,184.1,0.0087,138.384288,FALSE
07-06-2002 08:00,202,0.0092,160.56576,FALSE
08-06-2002 08:00,225.3,0.0097,188.819424,FALSE
09-06-2002 08:00,279.6,0.0107,258.484608,FALSE
12-06-2002 08:00,242.1,0.01,209.1744,FALSE
13-06-2002 08:00,234.8,0.0099,200.838528,FALSE
16-06-2002 08:00,645.3,0.0162,903.213504,FALSE
19-06-2002 08:00,230,0.0079,156.9888,FALSE
22-06-2002 08:00,179.7,0.0069,107.129952,FALSE
23-06-2002 08:00,208.9,0.0074,133.562304,FALSE
30-06-2002 08:00,341,0.0119,350.60256,FALSE
03-07-2002 08:00,576.9,0.0152,757.631232,FALSE
04-07-2002 08:00,360.5,0.0122,379.99584,FALSE
07-07-2002 08:00,366.2,0.0117,370.184256,FALSE
13-07-2002 08:00,520.9,0.0144,648.082944,FALSE
14-07-2002 08:00,607.3,0.0157,823.790304,FALSE
21-07-2002 08:00,277.1,0.0087,208.290528,FALSE
24-07-2002 08:00,292.6,0.0088,222.469632,FALSE
25-07-2002 08:00,264.4,0.0084,191.890944,FALSE
28-07-2002 08:00,256.9,0.0086,190.886976,FALSE
04-08-2002 08:00,421.5,0.0126,458.86176,FALSE
06-08-2002 08:00,573.5,0.0155,768.0312,FALSE
07-08-2002 08:00,517.7,0.0144,644.101632,FALSE
08-08-2002 08:00,479.6,0.0142,588.411648,FALSE
09-08-2002 08:00,511.3,0.0144,636.139008,FALSE
10-08-2002 08:00,617.6,0.0159,848.434176,FALSE
11-08-2002 08:00,648.8,0.0163,913.718016,FALSE
12-08-2002 08:00,573.5,0.0155,768.0312,FALSE
15-08-2002 08:00,479.6,0.0156,646.424064,FALSE
18-08-2002 08:00,1251,0.0188,2032.02432,FALSE
21-08-2002 08:00,460.9,0.0155,617.23728,FALSE
25-08-2002 08:00,295.2,0.0135,344.32128,FALSE
30-08-2002 08:00,211.2,0.0096,175.177728,FALSE
31-08-2002 08:00,208.9,0.0094,169.660224,FALSE
01-09-2002 08:00,197.5,0.0087,148.4568,FALSE
02-09-2002 08:00,146,0.008,100.9152,FALSE
03-09-2002 08:00,171,0.0086,127.05984,FALSE
07-09-2002 08:00,202,0.0092,160.56576,FALSE
08-09-2002 08:00,195.2,0.0087,146.727936,FALSE
09-09-2002 08:00,225.3,0.0097,188.819424,FALSE
13-09-2002 08:00,179.7,0.0082,127.313856,FALSE
14-09-2002 08:00,171,0.0081,119.67264,FALSE
15-09-2002 08:00,173.2,0.008,119.71584,FALSE
20-09-2002 08:00,107.6,0.0044,40.905216,FALSE
21-09-2002 08:00,93.53,0.0042,33.9401664,FALSE
22-09-2002 08:00,93.53,0.0042,33.9401664,FALSE
23-09-2002 08:00,93.53,0.0042,33.9401664,FALSE
26-09-2002 08:00,63.04,0.0035,19.063296,FALSE
29-09-2002 08:00,81.79,0.004,28.266624,FALSE
02-10-2002 08:00,100.5,0.005,43.416,FALSE
05-10-2002 08:00,70.64,0.0036,21.9718656,FALSE
06-10-2002 08:00,95.26,0.0042,34.5679488,FALSE
12-10-2002 08:00,297.8,0.0113,290.748096,FALSE
13-10-2002 08:00,319.1,0.0117,322.571808,FALSE
14-10-2002 08:00,199.7,0.009,155.28672,FALSE
15-10-2002 08:00,403.7,0.0127,442.971936,FALSE
20-10-2002 08:00,479.6,0.0151,625.705344,FALSE
27-10-2002 08:00,148,0.0098,125.31456,FALSE
03-11-2002 08:00,96.99,0.0042,35.1957312,FALSE
04-11-2002 08:00,93.53,0.0041,33.1320672,FALSE
05-11-2002 08:00,102.3,0.0046,40.658112,FALSE
06-11-2002 08:00,150.1,0.0054,70.030656,FALSE
09-11-2002 08:00,134,0.0052,60.20352,FALSE
10-11-2002 08:00,154.2,0.0054,71.943552,FALSE
14-11-2002 08:00,162.5,0.0056,78.624,FALSE
15-11-2002 08:00,204.3,0.0063,111.204576,FALSE
16-11-2002 08:00,63.04,0.0033,17.9739648,FALSE
17-11-2002 08:00,76.94,0.0038,25.2609408,FALSE
19-11-2002 08:00,70.64,0.0045,27.464832,FALSE
21-11-2002 08:00,98.74,0.0043,36.6838848,FALSE
24-11-2002 08:00,132.1,0.005,57.0672,FALSE
29-11-2002 08:00,55.77,0.0031,14.9374368,FALSE
01-12-2002 08:00,74.8,0.0028,18.095616,FALSE
03-12-2002 08:00,51.37,0.0026,11.5397568,FALSE
04-12-2002 08:00,43.46,0.0025,9.38736,FALSE
06-12-2002 08:00,48.65,0.0033,13.871088,FALSE
08-12-2002 08:00,57.1,0.0032,15.787008,FALSE
12-12-2002 08:00,54.19,0.0027,12.6414432,FALSE
14-12-2002 08:00,54.19,0.0027,12.6414432,FALSE
15-12-2002 08:00,55.63,0.0027,12.9773664,FALSE
17-12-2002 08:00,44.72,0.0026,10.0459008,FALSE
19-12-2002 08:00,51.37,0.0027,11.9835936,FALSE
22-12-2002 08:00,58.59,0.0028,14.1740928,FALSE
25-12-2002 08:00,61.64,0.0027,14.3793792,FALSE
29-12-2002 08:00,64.79,0.0022,12.3152832,FALSE
05-01-2003 08:00,60.1,0.0023,11.943072,FALSE
09-01-2003 08:00,58.59,0.0022,11.1367872,FALSE
11-01-2003 08:00,57.1,0.0022,10.853568,FALSE
12-01-2003 08:00,71.37,0.0022,13.5660096,FALSE
17-01-2003 08:00,46.01,0.0021,8.3480544,FALSE
19-01-2003 08:00,54.19,0.0022,10.3004352,FALSE
26-01-2003 08:00,73.07,0.0028,17.6770944,FALSE
28-01-2003 08:00,50,0.0022,9.504,FALSE
31-01-2003 08:00,58.59,0.0023,11.6430048,FALSE
02-02-2003 08:00,58.59,0.0026,13.1616576,FALSE
08-02-2003 08:00,46.01,0.0023,9.1431072,FALSE
09-02-2003 08:00,78.34,0.0028,18.9520128,FALSE
12-02-2003 08:00,44.72,0.0023,8.8867584,FALSE
16-02-2003 08:00,47.32,0.0023,9.4034304,FALSE
19-02-2003 08:00,44.72,0.0023,8.8867584,FALSE
22-02-2003 08:00,51.37,0.0025,11.09592,FALSE
23-02-2003 08:00,51.37,0.0025,11.09592,FALSE
02-03-2003 08:00,57.1,0.0026,12.826944,FALSE
04-03-2003 08:00,43.46,0.0024,9.0118656,FALSE
05-03-2003 08:00,46.01,0.0025,9.93816,FALSE
06-03-2003 08:00,44.72,0.0024,9.2731392,FALSE
07-03-2003 08:00,51.37,0.0025,11.09592,FALSE
08-03-2003 08:00,54.19,0.0026,12.1732416,FALSE
09-03-2003 08:00,51.37,0.0025,11.09592,FALSE
10-03-2003 08:00,54.19,0.0026,12.1732416,FALSE
11-03-2003 08:00,52.77,0.0025,11.39832,FALSE
13-03-2003 08:00,44.72,0.0024,9.2731392,FALSE
14-03-2003 08:00,48.65,0.0024,10.088064,FALSE
15-03-2003 08:00,47.32,0.0024,9.8122752,FALSE
16-03-2003 08:00,41,0.0024,8.50176,FALSE
18-03-2003 08:00,43.46,0.0024,9.0118656,FALSE
19-03-2003 08:00,48.65,0.0025,10.5084,FALSE
20-03-2003 08:00,58.59,0.0027,13.6678752,FALSE
21-03-2003 08:00,54.19,0.0026,12.1732416,FALSE
22-03-2003 08:00,58.59,0.0027,13.6678752,FALSE
23-03-2003 08:00,52.77,0.0025,11.39832,FALSE
24-03-2003 08:00,58.59,0.0027,13.6678752,FALSE
25-03-2003 08:00,51.37,0.0026,11.5397568,FALSE
26-03-2003 08:00,54.19,0.0026,12.1732416,FALSE
27-03-2003 08:00,51.37,0.0026,11.5397568,FALSE
28-03-2003 08:00,50,0.0025,10.8,FALSE
29-03-2003 08:00,51.37,0.0026,11.5397568,FALSE
30-03-2003 08:00,48.65,0.0025,10.5084,FALSE
06-04-2003 08:00,54.19,0.0027,12.6414432,FALSE
09-04-2003 08:00,51.37,0.0027,11.9835936,FALSE
12-04-2003 08:00,52.77,0.0027,12.3101856,FALSE
13-04-2003 08:00,54.19,0.0027,12.6414432,FALSE
14-04-2003 08:00,66.39,0.0028,16.0610688,FALSE
15-04-2003 08:00,48.65,0.0026,10.928736,FALSE
18-04-2003 08:00,54.19,0.0027,12.6414432,FALSE
20-04-2003 08:00,63.2,0.0027,14.743296,FALSE
21-04-2003 08:00,58.59,0.0025,12.65544,FALSE
26-04-2003 08:00,51.37,0.0026,11.5397568,FALSE
27-04-2003 08:00,50,0.0026,11.232,FALSE
03-05-2003 08:00,55.63,0.0027,12.9773664,FALSE
04-05-2003 08:00,60.1,0.0027,14.020128,FALSE
07-05-2003 08:00,205,0.0025,44.28,FALSE
10-05-2003 08:00,60.1,0.0027,14.020128,FALSE
11-05-2003 08:00,57.1,0.0027,13.320288,FALSE
14-05-2003 08:00,44.72,0.0031,11.9778048,FALSE
16-05-2003 08:00,43.46,0.003,11.264832,FALSE
18-05-2003 08:00,54.19,0.0028,13.1096448,FALSE
25-05-2003 08:00,51.37,0.0028,12.4274304,FALSE
27-05-2003 08:00,38.63,0.0027,9.0116064,FALSE
28-05-2003 08:00,43.46,0.0027,10.1383488,FALSE
29-05-2003 08:00,36.34,0.0027,8.4773952,FALSE
30-05-2003 08:00,36.34,0.0027,8.4773952,FALSE
01-06-2003 08:00,45.52,0.0031,12.1920768,FALSE
06-06-2003 08:00,45.52,0.0036,14.1585408,FALSE
08-06-2003 08:00,44.25,0.0034,12.99888,FALSE
10-06-2003 08:00,44.25,0.0034,12.99888,FALSE
14-06-2003 08:00,52.07,0.0038,17.0956224,FALSE
15-06-2003 08:00,72.01,0.0044,27.3753216,FALSE
18-06-2003 08:00,82.81,0.0048,34.3429632,FALSE
19-06-2003 08:00,136.7,0.0059,69.684192,FALSE
20-06-2003 08:00,140.5,0.0062,75.26304,FALSE
21-06-2003 08:00,216.9,0.0098,183.653568,FALSE
22-06-2003 08:00,369.2,0.013,414.68544,FALSE
25-06-2003 08:00,444,0.0148,567.75168,FALSE
26-06-2003 08:00,282.1,0.0107,260.795808,FALSE
28-06-2003 08:00,279.7,0.0107,258.577056,FALSE
29-06-2003 08:00,446.8,0.0149,575.192448,FALSE
01-07-2003 08:00,223.6,0.0098,189.326592,FALSE
05-07-2003 08:00,270.1,0.0109,254.369376,FALSE
06-07-2003 08:00,382.6,0.0135,446.26464,FALSE
11-07-2003 08:00,230.4,0.0101,201.056256,FALSE
12-07-2003 08:00,223.6,0.01,193.1904,FALSE
13-07-2003 08:00,267.7,0.0108,249.796224,FALSE
19-07-2003 08:00,314.4,0.0123,334.119168,FALSE
20-07-2003 08:00,253.4,0.011,240.83136,FALSE
22-07-2003 08:00,282.1,0.0111,270.545184,FALSE
27-07-2003 08:00,358.5,0.0134,415.05696,FALSE
02-08-2003 08:00,322.1,0.0127,353.433888,FALSE
03-08-2003 08:00,309.4,0.012,320.78592,FALSE
04-08-2003 08:00,291.9,0.0118,297.597888,FALSE
09-08-2003 08:00,342.7,0.0126,373.076928,FALSE
10-08-2003 08:00,385.4,0.0138,459.520128,FALSE
11-08-2003 08:00,294.4,0.012,305.23392,FALSE
14-08-2003 08:00,246.4,0.0101,215.018496,FALSE
15-08-2003 08:00,334.9,0.0125,361.692,FALSE
17-08-2003 08:00,253.4,0.0107,234.263232,FALSE
20-08-2003 08:00,223.6,0.0096,185.462784,FALSE
23-08-2003 08:00,760.7,0.0199,1307.917152,FALSE
24-08-2003 08:00,771.7,0.0202,1346.832576,FALSE
25-08-2003 08:00,579.1,0.0174,870.595776,FALSE
29-08-2003 08:00,253.4,0.0126,275.861376,FALSE
31-08-2003 08:00,251.1,0.0106,229.967424,FALSE
04-09-2003 08:00,287,0.0134,332.27712,FALSE
07-09-2003 08:00,262.9,0.0106,240.774336,FALSE
08-09-2003 08:00,193,0.0072,120.06144,FALSE
09-09-2003 09:00,148.1,0.0063,80.613792,FALSE
10-09-2003 08:00,148.1,0.0063,80.613792,FALSE
11-09-2003 08:00,152,0.0073,95.86944,FALSE
12-09-2003 08:00,114.7,0.0055,54.50544,FALSE
13-09-2003 08:00,109.4,0.005,47.2608,FALSE
14-09-2003 08:00,162,0.0057,79.78176,FALSE
15-09-2003 08:00,106,0.005,45.792,FALSE
16-09-2003 08:00,99.14,0.005,42.82848,FALSE
17-09-2003 08:00,104.2,0.0051,45.914688,FALSE
18-09-2003 08:00,132.9,0.0052,59.709312,FALSE
19-09-2003 08:00,118.3,0.0049,50.083488,FALSE
20-09-2003 08:00,109.4,0.0048,45.370368,FALSE
21-09-2003 08:00,111.2,0.0046,44.195328,FALSE
27-09-2003 08:00,81.24,0.0037,25.9708032,FALSE
28-09-2003 08:00,52.07,0.0036,16.1958528,FALSE
02-10-2003 08:00,102.5,0.0051,45.1656,FALSE
03-10-2003 08:00,182.4,0.007,110.31552,FALSE
04-10-2003 08:00,369.2,0.0136,433.824768,FALSE
05-10-2003 08:00,216.9,0.0192,359.811072,FALSE
07-10-2003 08:00,643.1,0.0182,1011.261888,FALSE
08-10-2003 08:00,947.9,0.0231,1891.856736,FALSE
11-10-2003 08:00,311.9,0.0121,326.072736,FALSE
12-10-2003 08:00,258.1,0.0108,240.838272,FALSE
15-10-2003 08:00,348,0.0126,378.84672,FALSE
16-10-2003 08:00,277.3,0.0112,268.337664,FALSE
17-10-2003 08:00,272.5,0.0111,261.3384,FALSE
19-10-2003 08:00,248.8,0.0117,251.506944,FALSE
24-10-2003 08:00,267.7,0.01,231.2928,FALSE
25-10-2003 08:00,251.1,0.0095,206.10288,FALSE
26-10-2003 08:00,230.4,0.009,179.15904,FALSE
28-10-2003 08:00,182.4,0.007,110.31552,FALSE
29-10-2003 08:00,291.9,0.0088,221.937408,FALSE
30-10-2003 08:00,178.3,0.0068,104.754816,FALSE
02-11-2003 08:00,172.1,0.0068,101.112192,FALSE
06-11-2003 08:00,136.7,0.0061,72.046368,FALSE
08-11-2003 08:00,168,0.0067,97.25184,FALSE
09-11-2003 08:00,107.7,0.0054,50.248512,FALSE
12-11-2003 08:00,120.1,0.0056,58.109184,FALSE
13-11-2003 08:00,111.2,0.0054,51.881472,FALSE
14-11-2003 08:00,81.24,0.0047,32.9899392,FALSE
15-11-2003 08:00,75.05,0.0045,29.17944,FALSE
16-11-2003 08:00,86,0.0049,36.40896,FALSE
17-11-2003 08:00,70.52,0.0043,26.1995904,FALSE
18-11-2003 08:00,118.3,0.0055,56.21616,FALSE
19-11-2003 08:00,120.1,0.0056,58.109184,FALSE
20-11-2003 08:00,94.14,0.0051,41.4818496,FALSE
21-11-2003 08:00,31.11,0.003,8.063712,FALSE
22-11-2003 08:00,33.38,0.0032,9.2289024,FALSE
23-11-2003 08:00,41.74,0.0033,11.9009088,FALSE
24-11-2003 08:00,27.82,0.0026,6.2494848,FALSE
25-11-2003 08:00,92.49,0.0051,40.7547936,FALSE
26-11-2003 08:00,44.25,0.0034,12.99888,FALSE
30-11-2003 08:00,86,0.0049,36.40896,FALSE
01-12-2003 08:00,66.43,0.0078,44.7685056,FALSE
07-12-2003 08:00,24.17,0.0061,12.7385568,FALSE
12-12-2003 08:00,14.28,0.0053,6.5390976,FALSE
13-12-2003 08:00,17.78,0.0055,8.449056,FALSE
14-12-2003 08:00,22.48,0.0059,11.4594048,FALSE
19-12-2003 08:00,15.63,0.0054,7.2923328,FALSE
21-12-2003 08:00,20.06,0.0058,10.0524672,FALSE
23-12-2003 08:00,19.29,0.0057,9.4999392,FALSE
24-12-2003 08:00,17.05,0.0056,8.249472,FALSE
25-12-2003 08:00,22.48,0.0059,11.4594048,FALSE
28-12-2003 08:00,20.86,0.0055,9.912672,FALSE
02-01-2004 08:00,22.48,0.0059,11.4594048,FALSE
04-01-2004 08:00,20.86,0.0055,9.912672,FALSE
08-01-2004 08:00,20.06,0.0058,10.0524672,FALSE
09-01-2004 08:00,17.78,0.0055,8.449056,FALSE
10-01-2004 08:00,19.29,0.0057,9.4999392,FALSE
11-01-2004 08:00,20.86,0.0058,10.4533632,FALSE
13-01-2004 08:00,20.06,0.0058,10.0524672,FALSE
15-01-2004 08:00,18.53,0.0059,9.4458528,FALSE
16-01-2004 08:00,20.86,0.0058,10.4533632,FALSE
17-01-2004 08:00,20.06,0.0058,10.0524672,FALSE
18-01-2004 08:00,20.06,0.0058,10.0524672,FALSE
22-01-2004 08:00,28.67,0.0063,15.6056544,FALSE
25-01-2004 08:00,22.48,0.0059,11.4594048,FALSE
26-01-2004 08:00,20.06,0.0058,10.0524672,FALSE
29-01-2004 08:00,18.53,0.0059,9.4458528,FALSE
01-02-2004 08:00,17.05,0.0056,8.249472,FALSE
02-02-2004 08:00,17.05,0.0056,8.249472,FALSE
03-02-2004 08:00,18.53,0.0056,8.9655552,FALSE
04-02-2004 08:00,13.63,0.0054,6.3592128,FALSE
08-02-2004 08:00,14.28,0.0053,6.5390976,FALSE
10-02-2004 08:00,17.78,0.0055,8.449056,FALSE
12-02-2004 08:00,17.78,0.0055,8.449056,FALSE
14-02-2004 08:00,17.05,0.0056,8.249472,FALSE
15-02-2004 08:00,19.29,0.0057,9.4999392,FALSE
18-02-2004 08:00,18.53,0.0056,8.9655552,FALSE
22-02-2004 08:00,14.95,0.0053,6.845904,FALSE
24-02-2004 08:00,16.33,0.0053,7.4778336,FALSE
26-02-2004 08:00,51.69,0.0072,32.1553152,FALSE
29-02-2004 08:00,31.55,0.0064,17.445888,FALSE
02-03-2004 08:00,19.29,0.0057,9.4999392,FALSE
05-03-2004 08:00,46.79,0.00665,26.8836624,FALSE
07-03-2004 08:00,25.04,0.0062,13.4134272,FALSE
10-03-2004 08:00,22.48,0.0059,11.4594048,FALSE
13-03-2004 08:00,17.78,0.0055,8.449056,FALSE
14-03-2004 08:00,18.53,0.0056,8.9655552,FALSE
16-03-2004 08:00,18.53,0.0056,8.9655552,FALSE
21-03-2004 08:00,17.78,0.0055,8.449056,FALSE
28-03-2004 08:00,19.29,0.0057,9.4999392,FALSE
30-03-2004 08:00,25.93,0.006,13.442112,FALSE
31-03-2004 08:00,27.74,0.0062,14.8597632,FALSE
03-04-2004 08:00,18.53,0.0056,8.9655552,FALSE
04-04-2004 08:00,19.29,0.0057,9.4999392,FALSE
06-04-2004 08:00,17.78,0.0055,8.449056,FALSE
07-04-2004 08:00,17.78,0.0055,8.449056,FALSE
08-04-2004 08:00,20.86,0.0055,9.912672,FALSE
09-04-2004 08:00,19.29,0.0057,9.4999392,FALSE
10-04-2004 08:00,17.78,0.0055,8.449056,FALSE
11-04-2004 08:00,20.86,0.0055,9.912672,FALSE
14-04-2004 08:00,28.67,0.0063,15.6056544,FALSE
16-04-2004 08:00,145.9,0.01092,137.6548992,FALSE
17-04-2004 08:00,51.69,0.0072,32.1553152,FALSE
18-04-2004 08:00,56.84,0.0074,36.3412224,FALSE
21-04-2004 08:00,70.77,0.0079,48.3047712,FALSE
24-04-2004 08:00,19.29,0.0057,9.4999392,FALSE
25-04-2004 08:00,22.48,0.0059,11.4594048,FALSE
26-04-2004 08:00,23.32,0.006,12.089088,FALSE
27-04-2004 08:00,22.48,0.0059,11.4594048,FALSE
29-04-2004 08:00,24.17,0.0061,12.7385568,FALSE
02-05-2004 08:00,22.48,0.0059,11.4594048,FALSE
04-05-2004 08:00,37.71,0.0068,22.1553792,FALSE
06-05-2004 08:00,172.2,0.0112,166.634496,FALSE
08-05-2004 08:00,299.5,0.0136,351.92448,FALSE
09-05-2004 08:00,205.8,0.0124,220.485888,FALSE
10-05-2004 08:00,133.5,0.0109,125.72496,FALSE
11-05-2004 08:00,154.4,0.0118,157.413888,FALSE
12-05-2004 08:00,79.86,0.0095,65.549088,FALSE
13-05-2004 08:00,87.85,0.0098,74.384352,FALSE
14-05-2004 08:00,165.4,0.0118,168.628608,FALSE
15-05-2004 08:00,226.3,0.0126,246.359232,FALSE
16-05-2004 08:00,245,0.013,275.184,FALSE
17-05-2004 08:00,188.6,0.0121,197.169984,FALSE
18-05-2004 08:00,148,0.0116,148.33152,FALSE
20-05-2004 08:00,314.8,0.0127,345.423744,FALSE
23-05-2004 08:00,275.9,0.0135,321.80976,FALSE
25-05-2004 08:00,369.5,0.0144,459.71712,FALSE
26-05-2004 08:00,290.5,0.0136,341.34912,FALSE
29-05-2004 08:00,183.9,0.012,190.66752,FALSE
30-05-2004 08:00,299.5,0.0134,346.74912,FALSE
31-05-2004 08:00,92.83,0.0106,85.0174272,FALSE
02-06-2004 08:00,254.8,0.0119,261.975168,FALSE
03-06-2004 08:00,260.7,0.0128,288.313344,FALSE
06-06-2004 08:00,1006,0.0255,2216.4192,FALSE
07-06-2004 08:00,559.2,0.0164,792.364032,FALSE
12-06-2004 08:00,510.2,0.0152,670.035456,FALSE
13-06-2004 08:00,806.4,0.0212,1477.066752,FALSE
18-06-2004 08:00,846,0.0217,1586.14848,FALSE
19-06-2004 08:00,760.8,0.02,1314.6624,FALSE
20-06-2004 08:00,550.4,0.016,760.87296,FALSE
27-06-2004 08:00,229.9,0.0119,236.373984,FALSE
04-07-2004 08:00,421.8,0.0137,499.276224,FALSE
05-07-2004 08:00,595.1,0.0169,868.941216,FALSE
11-07-2004 08:00,434.6,0.0148,555.731712,FALSE
15-07-2004 08:00,299.9,0.0143,370.532448,FALSE
18-07-2004 08:00,550.4,0.0164,779.894784,FALSE
20-07-2004 08:00,607.4,0.0178,934.132608,FALSE
24-07-2004 08:00,353.5,0.0134,409.26816,FALSE
25-07-2004 08:00,469,0.0158,640.24128,FALSE
26-07-2004 08:00,460.9,0.0155,617.23728,FALSE
27-07-2004 08:00,524.4,0.016,724.93056,FALSE
01-08-2004 08:00,348.9,0.0117,352.696032,FALSE
07-08-2004 08:00,1252,0.0282,3050.47296,FALSE
08-08-2004 08:00,820.7,0.022,1559.98656,FALSE
12-08-2004 08:00,384.5,0.0128,425.22624,FALSE
13-08-2004 08:00,414.2,0.0127,454.493376,FALSE
14-08-2004 08:00,479.8,0.0125,518.184,FALSE
15-08-2004 08:00,460.9,0.0123,489.807648,FALSE
18-08-2004 08:00,358.2,0.0122,377.571456,FALSE
22-08-2004 08:00,291.4,0.01,251.7696,FALSE
27-08-2004 08:00,260.7,0.0083,186.953184,FALSE
28-08-2004 08:00,243.1,0.0079,165.930336,FALSE
29-08-2004 08:00,235.5,0.0077,156.67344,FALSE
30-08-2004 08:00,237.4,0.0077,157.937472,FALSE
31-08-2004 08:00,180.7,0.0062,96.797376,FALSE
05-09-2004 08:00,231.8,0.0045,90.12384,FALSE
07-09-2004 08:00,204.5,0.0046,81.27648,FALSE
09-09-2004 08:00,228,0.0045,88.6464,FALSE
11-09-2004 08:00,192.4,0.0047,78.129792,FALSE
12-09-2004 08:00,231.8,0.0048,96.132096,FALSE
19-09-2004 08:00,291.4,0.0106,266.875776,FALSE
21-09-2004 08:00,289.3,0.0076,189.965952,FALSE
25-09-2004 08:00,262.7,0.0091,206.545248,FALSE
26-09-2004 08:00,306.4,0.0108,285.907968,FALSE
02-10-2004 08:00,319.5,0.0109,300.89232,FALSE
03-10-2004 08:00,299.9,0.0105,272.06928,FALSE
09-10-2004 08:00,229.9,0.01,198.6336,FALSE
10-10-2004 08:00,252.8,0.0098,214.050816,FALSE
15-10-2004 08:00,391.8,0.0131,443.454912,FALSE
16-10-2004 08:00,411.7,0.0136,483.763968,FALSE
17-10-2004 08:00,266.7,0.0104,239.645952,FALSE
21-10-2004 08:00,274.8,0.0073,173.321856,FALSE
22-10-2004 08:00,226.2,0.0078,152.440704,FALSE
24-10-2004 08:00,194.1,0.0082,137.515968,FALSE
27-10-2004 08:00,192.4,0.0096,159.584256,FALSE
31-10-2004 08:00,233.6,0.0103,207.885312,FALSE
05-11-2004 08:00,215.2,0.0097,180.354816,FALSE
07-11-2004 08:00,317.3,0.011,301.56192,FALSE
12-11-2004 08:00,204.5,0.0059,104.24592,FALSE
13-11-2004 08:00,241.2,0.0061,127.122048,FALSE
14-11-2004 08:00,208.1,0.0063,113.272992,FALSE
15-11-2004 08:00,177.4,0.0065,99.62784,FALSE
17-11-2004 08:00,194.1,0.0054,90.559296,FALSE
18-11-2004 08:00,110.5,0.0036,34.36992,FALSE
19-11-2004 08:00,101.7,0.0035,30.75408,FALSE
20-11-2004 08:00,104.2,0.0036,32.410368,FALSE
21-11-2004 08:00,274.8,0.007,166.19904,FALSE
26-11-2004 08:00,161.5,0.0026,36.27936,FALSE
28-11-2004 08:00,158.4,0.0028,38.320128,FALSE
01-12-2004 08:00,98,0.0034,28.78848,FALSE
02-12-2004 08:00,100.3,0.0035,30.33072,FALSE
03-12-2004 08:00,20.36,0.003,5.277312,FALSE
05-12-2004 08:00,21.17,0.003,5.487264,FALSE
06-12-2004 08:00,21.17,0.003,5.487264,FALSE
09-12-2004 08:00,34.86,0.003,9.035712,FALSE
10-12-2004 08:00,28.45,0.003,7.37424,FALSE
11-12-2004 08:00,42.16,0.003,10.927872,FALSE
12-12-2004 08:00,38.4,0.003,9.95328,FALSE
15-12-2004 08:00,68.04,0.0032,18.8116992,FALSE
16-12-2004 08:00,47.53,0.003,12.319776,FALSE
17-12-2004 08:00,42.16,0.003,10.927872,FALSE
18-12-2004 08:00,43.46,0.003,11.264832,FALSE
19-12-2004 08:00,43.46,0.003,11.264832,FALSE
20-12-2004 08:00,44.79,0.003,11.609568,FALSE
21-12-2004 08:00,44.79,0.003,11.609568,FALSE
22-12-2004 08:00,29.46,0.003,7.636032,FALSE
23-12-2004 08:00,22,0.003,5.7024,FALSE
24-12-2004 08:00,20.36,0.003,5.277312,FALSE
25-12-2004 08:00,24.63,0.003,6.384096,FALSE
26-12-2004 08:00,42.16,0.003,10.927872,FALSE
27-12-2004 08:00,26.5,0.003,6.8688,FALSE
28-12-2004 08:00,24.63,0.003,6.384096,FALSE
29-12-2004 08:00,22,0.003,5.7024,FALSE
30-12-2004 08:00,26.5,0.003,6.8688,FALSE
31-12-2004 08:00,32.63,0.003,8.457696,FALSE
01-01-2005 08:00,24.63,0.003,6.384096,FALSE
02-01-2005 08:00,34.86,0.003,9.035712,FALSE
03-01-2005 08:00,42.16,0.003,10.927872,FALSE
04-01-2005 08:00,32.63,0.003,8.457696,FALSE
05-01-2005 08:00,37.19,0.003,9.639648,FALSE
08-01-2005 08:00,53.33,0.003,13.823136,FALSE
09-01-2005 08:00,37.19,0.003,9.639648,FALSE
12-01-2005 08:00,39.62,0.003,10.269504,FALSE
13-01-2005 08:00,48.94,0.003,12.685248,FALSE
14-01-2005 08:00,31.55,0.003,8.17776,FALSE
15-01-2005 08:00,42.16,0.003,10.927872,FALSE
16-01-2005 08:00,51.84,0.003,13.436928,FALSE
17-01-2005 08:00,43.46,0.003,11.264832,FALSE
18-01-2005 08:00,59.58,0.0031,15.9579072,FALSE
19-01-2005 08:00,34.86,0.003,9.035712,FALSE
20-01-2005 08:00,22.86,0.003,5.925312,FALSE
21-01-2005 08:00,104.9,0.0036,32.628096,FALSE
22-01-2005 08:00,28.45,0.003,7.37424,FALSE
23-01-2005 08:00,22.86,0.003,5.925312,FALSE
26-01-2005 08:00,30.49,0.003,7.903008,FALSE
30-01-2005 08:00,42.16,0.003,10.927872,FALSE
03-02-2005 08:00,28.45,0.003,7.37424,FALSE
06-02-2005 08:00,39.62,0.003,10.269504,FALSE
12-02-2005 08:00,34.86,0.003,9.035712,FALSE
13-02-2005 08:00,43.46,0.003,11.264832,FALSE
17-02-2005 08:00,36.02,0.003,9.336384,FALSE
19-02-2005 08:00,39.62,0.003,10.269504,FALSE
20-02-2005 08:00,38.4,0.003,9.95328,FALSE
22-02-2005 08:00,39.62,0.003,10.269504,FALSE
25-02-2005 08:00,34.86,0.003,9.035712,FALSE
26-02-2005 08:00,30.49,0.003,7.903008,FALSE
27-02-2005 08:00,36.02,0.003,9.336384,FALSE
01-03-2005 08:00,36.02,0.003,9.336384,FALSE
02-03-2005 08:00,30.49,0.003,7.903008,FALSE
03-03-2005 08:00,42.16,0.003,10.927872,FALSE
06-03-2005 08:00,47.53,0.003,12.319776,FALSE
08-03-2005 08:00,47.53,0.003,12.319776,FALSE
13-03-2005 08:00,37.19,0.003,9.639648,FALSE
18-03-2005 08:00,27.46,0.003,7.117632,FALSE
20-03-2005 08:00,42.16,0.003,10.927872,FALSE
24-03-2005 08:00,36.02,0.003,9.336384,FALSE
25-03-2005 08:00,53.33,0.003,13.823136,FALSE
27-03-2005 08:00,31.56,0.003,8.180352,FALSE
31-03-2005 08:00,34.86,0.003,9.035712,FALSE
03-04-2005 08:00,32.63,0.003,8.457696,FALSE
05-04-2005 08:00,42.16,0.003,10.927872,FALSE
09-04-2005 08:00,66.29,0.0032,18.3278592,FALSE
10-04-2005 08:00,51.84,0.003,13.436928,FALSE
14-04-2005 08:00,77.24,0.0033,22.0226688,FALSE
17-04-2005 08:00,44.79,0.003,11.609568,FALSE
21-04-2005 08:00,59.58,0.0031,15.9579072,FALSE
22-04-2005 08:00,50.38,0.003,13.058496,FALSE
24-04-2005 08:00,59.58,0.0031,15.9579072,FALSE
26-04-2005 08:00,47.53,0.003,12.319776,FALSE
27-04-2005 08:00,44.79,0.003,11.609568,FALSE
28-04-2005 08:00,47.53,0.003,12.319776,FALSE
01-05-2005 08:00,69.82,0.0032,19.3038336,FALSE
03-05-2005 08:00,138.3,0.0041,48.991392,FALSE
04-05-2005 08:00,132.7,0.004,45.86112,FALSE
05-05-2005 08:00,141.1,0.0042,51.202368,FALSE
06-05-2005 08:00,165,0.0046,65.5776,FALSE
07-05-2005 08:00,127.3,0.0039,42.895008,FALSE
08-05-2005 08:00,168.2,0.0046,66.849408,FALSE
11-05-2005 08:00,119.5,0.0038,39.23424,FALSE
14-05-2005 08:00,68.04,0.0032,18.8116992,FALSE
15-05-2005 08:00,66.29,0.0032,18.3278592,FALSE
18-05-2005 08:00,102.5,0.0036,31.8816,FALSE
19-05-2005 08:00,83.13,0.0034,24.4202688,FALSE
21-05-2005 08:00,56.4,0.0031,15.106176,FALSE
22-05-2005 08:00,73.47,0.0033,20.9477664,FALSE
23-05-2005 08:00,56.4,0.0031,15.106176,FALSE
26-05-2005 08:00,68.04,0.0032,18.8116992,FALSE
27-05-2005 08:00,59.58,0.0031,15.9579072,FALSE
28-05-2005 08:00,102.5,0.0036,31.8816,FALSE
29-05-2005 08:00,98,0.0036,30.48192,FALSE
01-06-2005 08:00,351.3,0.0095,288.34704,FALSE
02-06-2005 08:00,155.3,0.0032,42.937344,FALSE
03-06-2005 08:00,226.7,0.0058,113.603904,FALSE
04-06-2005 08:00,306.5,0.0082,217.14912,FALSE
05-06-2005 08:00,248.2,0.0064,137.244672,FALSE
06-06-2005 08:00,292.3,0.0078,196.986816,FALSE
07-06-2005 08:00,226.7,0.0058,113.603904,FALSE
11-06-2005 08:00,199.7,0.0048,82.819584,FALSE
12-06-2005 08:00,194.8,0.0047,79.104384,FALSE
19-06-2005 08:00,519.2,0.0148,663.911424,FALSE
22-06-2005 08:00,680.9,0.0158,929.510208,FALSE
23-06-2005 08:00,552.5,0.0148,706.4928,FALSE
26-06-2005 08:00,448.3,0.0153,592.616736,FALSE
28-06-2005 08:00,411.1,0.0145,515.02608,FALSE
29-06-2005 08:00,549.6,0.0186,883.229184,FALSE
03-07-2005 08:00,481.7,0.0166,690.873408,FALSE
09-07-2005 08:00,604.5,0.0191,997.57008,FALSE
10-07-2005 08:00,838,0.0196,1419.10272,FALSE
14-07-2005 08:00,662.1,0.0146,835.199424,FALSE
17-07-2005 08:00,399.4,0.013,448.60608,FALSE
23-07-2005 08:00,349.1,0.0146,440.368704,FALSE
24-07-2005 08:00,655.9,0.0168,952.051968,FALSE
28-07-2005 08:00,1249,0.0348,3755.39328,FALSE
29-07-2005 08:00,1545,0.0329,4391.7552,FALSE
31-07-2005 08:00,1738,0.0341,5120.56512,FALSE
04-08-2005 08:00,921.2,0.0264,2101.220352,FALSE
05-08-2005 08:00,758.9,0.0223,1462.187808,FALSE
07-08-2005 08:00,428.4,0.0163,603.324288,FALSE
13-08-2005 08:00,263.1,0.0114,259.142976,FALSE
14-08-2005 08:00,268.8,0.0127,294.948864,FALSE
15-08-2005 08:00,351.3,0.014,424.93248,FALSE
20-08-2005 08:00,308.6,0.0068,181.308672,FALSE
21-08-2005 08:00,270.7,0.0065,152.02512,FALSE
25-08-2005 08:00,213,0.0056,103.05792,FALSE
27-08-2005 08:00,288.3,0.0075,186.8184,FALSE
28-08-2005 08:00,349.1,0.0091,274.476384,FALSE
04-09-2005 08:00,607.4,0.0178,934.132608,FALSE
10-09-2005 08:00,936.2,0.018,1455.97824,FALSE
11-09-2005 08:00,1430,0.0184,2273.3568,FALSE
15-09-2005 08:00,827.4,0.0138,986.525568,FALSE
16-09-2005 08:00,684.1,0.0114,673.811136,FALSE
18-09-2005 08:00,397.1,0.0092,315.646848,FALSE
22-09-2005 08:00,443.3,0.0096,367.690752,FALSE
25-09-2005 08:00,282.4,0.0063,153.715968,FALSE
27-09-2005 08:00,240.9,0.0061,126.963936,FALSE
02-10-2005 08:00,202.9,0.0055,96.41808,FALSE
05-10-2005 08:00,250,0.0056,120.96,FALSE
08-10-2005 08:00,223.2,0.0052,100.279296,FALSE
09-10-2005 08:00,233.8,0.0055,111.10176,FALSE
11-10-2005 08:00,244.5,0.0063,133.08624,FALSE
12-10-2005 08:00,294.3,0.0069,175.449888,FALSE
15-10-2005 08:00,255.6,0.0061,134.711424,FALSE
16-10-2005 08:00,226.7,0.0061,119.479968,FALSE
23-10-2005 08:00,294.3,0.0059,150.022368,FALSE
25-10-2005 08:00,325.3,0.0062,174.256704,FALSE
26-10-2005 08:00,248.2,0.0061,130.811328,FALSE
27-10-2005 08:00,253.7,0.0062,135.902016,FALSE
28-10-2005 08:00,239.1,0.0061,126.015264,FALSE
29-10-2005 08:00,198,0.0061,104.35392,FALSE
30-10-2005 08:00,216.3,0.006,112.12992,FALSE
01-11-2005 08:00,244.5,0.0066,139.42368,FALSE
03-11-2005 08:00,202.9,0.007,122.71392,FALSE
05-11-2005 08:00,219.8,0.0068,129.136896,FALSE
06-11-2005 08:00,226.7,0.0072,141.025536,FALSE
12-11-2005 08:00,228.5,0.0067,132.27408,FALSE
13-11-2005 08:00,253.7,0.0071,155.629728,FALSE
15-11-2005 08:00,413.8,0.0089,318.195648,FALSE
19-11-2005 08:00,263.1,0.0078,177.308352,FALSE
20-11-2005 08:00,213,0.008,147.2256,FALSE
27-11-2005 08:00,191.6,0.0079,130.778496,FALSE
29-11-2005 08:00,198,0.0072,123.17184,FALSE
30-11-2005 08:00,226.7,0.0072,141.025536,FALSE
03-12-2005 08:00,199.1,0.0089,153.099936,FALSE
04-12-2005 08:00,559.1,0.0096,463.739904,FALSE
07-12-2005 08:00,202.2,0.0089,155.483712,FALSE
08-12-2005 08:00,306.2,0.0089,235.455552,FALSE
09-12-2005 08:00,160.3,0.0086,119.109312,FALSE
10-12-2005 08:00,211.6,0.0085,155.39904,FALSE
11-12-2005 08:00,137.9,0.0083,98.890848,FALSE
15-12-2005 08:00,132.5,0.005,57.24,FALSE
16-12-2005 08:00,143.4,0.0053,65.665728,FALSE
17-12-2005 08:00,119.2,0.0046,47.374848,FALSE
18-12-2005 08:00,157.4,0.0056,76.156416,FALSE
20-12-2005 08:00,73.6,0.0032,20.348928,FALSE
23-12-2005 08:00,151.7,0.0055,72.08784,FALSE
25-12-2005 08:00,52.78,0.0024,10.9444608,FALSE
27-12-2005 08:00,82.58,0.0035,24.972192,FALSE
28-12-2005 08:00,127.1,0.0048,52.710912,FALSE
01-01-2006 08:00,91.9,0.0038,30.172608,FALSE
03-01-2006 08:00,84.88,0.0036,26.4010752,FALSE
08-01-2006 08:00,87.19,0.0036,27.1195776,FALSE
09-01-2006 08:00,89.54,0.0037,28.6241472,FALSE
10-01-2006 08:00,78.05,0.0034,22.927968,FALSE
14-01-2006 08:00,35.49,0.0023,7.0525728,FALSE
15-01-2006 08:00,17.22,0.0018,2.6780544,FALSE
18-01-2006 08:00,23.54,0.002,4.067712,FALSE
19-01-2006 08:00,76.81,0.0034,22.5637056,FALSE
20-01-2006 08:00,60.84,0.003,15.769728,FALSE
21-01-2006 08:00,35.49,0.0023,7.0525728,FALSE
22-01-2006 08:00,28.12,0.0021,5.1020928,FALSE
24-01-2006 08:00,6.797,0,0,TRUE
25-01-2006 08:00,0.011,0,0,TRUE
26-01-2006 08:00,0.011,0,0,TRUE
29-01-2006 08:00,15.26,0.0018,2.3732352,FALSE
03-02-2006 08:00,11.6,0.0016,1.603584,FALSE
04-02-2006 08:00,67.07,0.0031,17.9640288,FALSE
05-02-2006 08:00,23.54,0.002,4.067712,FALSE
09-02-2006 08:00,57.79,0.0029,14.4798624,FALSE
10-02-2006 08:00,23.54,0.002,4.067712,FALSE
11-02-2006 08:00,57.79,0.0029,14.4798624,FALSE
12-02-2006 08:00,70.27,0.0032,19.4282496,FALSE
14-02-2006 08:00,25.8,0.002,4.45824,FALSE
15-02-2006 08:00,38.07,0.0024,7.8941952,FALSE
16-02-2006 08:00,57.79,0.0029,14.4798624,FALSE
19-02-2006 08:00,11.6,0.0016,1.603584,FALSE
21-02-2006 08:00,60.84,0.003,15.769728,FALSE
22-02-2006 08:00,54.81,0.0028,13.2596352,FALSE
23-02-2006 08:00,38.07,0.0024,7.8941952,FALSE
26-02-2006 08:00,46.18,0.0026,10.3738752,FALSE
02-03-2006 08:00,86.99,0.0037,27.8089632,FALSE
03-03-2006 08:00,123.9,0.0046,49.242816,FALSE
05-03-2006 08:00,101.2,0.004,34.97472,FALSE
07-03-2006 08:00,76.81,0.0034,22.5637056,FALSE
08-03-2006 08:00,86.99,0.0037,27.8089632,FALSE
11-03-2006 08:00,112.4,0.0043,41.758848,FALSE
12-03-2006 08:00,38.07,0.0024,7.8941952,FALSE
19-03-2006 08:00,6.797,0.0015,0.8808912,FALSE
21-03-2006 08:00,60.84,0.0029,15.2440704,FALSE
22-03-2006 08:00,28.12,0.0021,5.1020928,FALSE
26-03-2006 08:00,70.27,0.0032,19.4282496,FALSE
02-04-2006 08:00,63.93,0.003,16.570656,FALSE
05-04-2006 08:00,70.27,0.0032,19.4282496,FALSE
06-04-2006 08:00,60.84,0.0029,15.2440704,FALSE
08-04-2006 08:00,63.93,0.003,16.570656,FALSE
09-04-2006 08:00,63.93,0.003,16.570656,FALSE
11-04-2006 08:00,67.07,0.0031,17.9640288,FALSE
14-04-2006 08:00,46.18,0.0026,10.3738752,FALSE
16-04-2006 08:00,46.18,0.0026,10.3738752,FALSE
19-04-2006 08:00,108.6,0.0042,39.408768,FALSE
20-04-2006 08:00,210,0.0084,152.4096,FALSE
23-04-2006 08:00,131.8,0.0049,55.798848,FALSE
26-04-2006 08:00,76.81,0.0034,22.5637056,FALSE
27-04-2006 08:00,46.18,0.0026,10.3738752,FALSE
28-04-2006 08:00,73.51,0.0033,20.9591712,FALSE
29-04-2006 08:00,40.71,0.0024,8.4416256,FALSE
30-04-2006 08:00,83.55,0.0036,25.987392,FALSE
01-05-2006 08:00,40.71,0.0024,8.4416256,FALSE
02-05-2006 08:00,49,0.0027,11.43072,FALSE
05-05-2006 08:00,43.42,0.0025,9.37872,FALSE
06-05-2006 08:00,63.93,0.0031,17.1230112,FALSE
07-05-2006 08:00,76.81,0.0034,22.5637056,FALSE
12-05-2006 08:00,60.84,0.0029,15.2440704,FALSE
13-05-2006 08:00,46.18,0.0026,10.3738752,FALSE
14-05-2006 08:00,67.07,0.0031,17.9640288,FALSE
18-05-2006 08:00,94.01,0.0038,30.8653632,FALSE
20-05-2006 08:00,169.3,0.0068,99.467136,FALSE
21-05-2006 08:00,210,0.008,145.152,FALSE
22-05-2006 08:00,112.4,0.0043,41.758848,FALSE
23-05-2006 08:00,108.6,0.0042,39.408768,FALSE
26-05-2006 08:00,173.7,0.0074,111.056832,FALSE
28-05-2006 08:00,1288,0.0173,1925.19936,FALSE
03-06-2006 08:00,267.4,0.01,231.0336,FALSE
04-06-2006 08:00,269.7,0.008,186.41664,FALSE
09-06-2006 08:00,178.3,0.004,61.62048,FALSE
10-06-2006 08:00,158.5,0.004,54.7776,FALSE
11-06-2006 08:00,104,0.004,35.9424,FALSE
15-06-2006 08:00,82.87,0.003,21.479904,FALSE
17-06-2006 08:00,116,0.003,30.0672,FALSE
18-06-2006 08:00,116,0.003,30.0672,FALSE
19-06-2006 08:00,72.19,0.003,18.711648,FALSE
21-06-2006 08:00,128.5,0.005,55.512,FALSE
25-06-2006 08:00,1006,0.0295,2564.0928,FALSE
28-06-2006 08:00,399.2,0.011,379.39968,FALSE
29-06-2006 08:00,388.6,0.011,369.32544,FALSE
01-07-2006 08:00,638.5,0.014,772.3296,FALSE
02-07-2006 08:00,717.7,0.015,930.1392,FALSE
03-07-2006 08:00,651,0.015,843.696,FALSE
05-07-2006 08:00,538.9,0.014,651.85344,FALSE
06-07-2006 08:00,478.5,0.013,537.4512,FALSE
07-07-2006 08:00,409.8,0.012,424.88064,FALSE
08-07-2006 08:00,399.2,0.012,413.89056,FALSE
09-07-2006 08:00,334.8,0.012,347.12064,FALSE
11-07-2006 08:00,544.8,0.014,658.99008,FALSE
12-07-2006 08:00,530.1,0.014,641.20896,FALSE
13-07-2006 08:00,644.8,0.014,779.95008,FALSE
14-07-2006 08:00,604.7,0.014,731.44512,FALSE
15-07-2006 08:00,688.9,0.014,833.29344,FALSE
16-07-2006 08:00,941.2,0.016,1301.11488,FALSE
18-07-2006 08:00,1013,0.016,1400.3712,FALSE
19-07-2006 08:00,833.7,0.016,1152.50688,FALSE
20-07-2006 08:00,595.6,0.014,720.43776,FALSE
21-07-2006 08:00,660.4,0.013,741.76128,FALSE
22-07-2006 08:00,434.1,0.013,487.58112,FALSE
23-07-2006 08:00,339.8,0.013,381.66336,FALSE
25-07-2006 08:00,237.8,0.01,205.4592,FALSE
26-07-2006 08:00,231.2,0.01,199.7568,FALSE
27-07-2006 08:00,300.4,0.011,285.50016,FALSE
28-07-2006 08:00,399.2,0.011,379.39968,FALSE
29-07-2006 08:00,365.2,0.011,347.08608,FALSE
30-07-2006 08:00,339.8,0.011,322.94592,FALSE
01-08-2006 08:00,244.5,0.01,211.248,FALSE
02-08-2006 08:00,240.1,0.01,207.4464,FALSE
03-08-2006 08:00,198.9,0.008,137.47968,FALSE
04-08-2006 08:00,229,0.008,158.2848,FALSE
05-08-2006 08:00,235.6,0.008,162.84672,FALSE
06-08-2006 08:00,137.6,0.005,59.4432,FALSE
08-08-2006 08:00,92.42,0.005,39.92544,FALSE
09-08-2006 08:00,112.5,0.005,48.6,FALSE
10-08-2006 08:00,139.5,0.005,60.264,FALSE
11-08-2006 08:00,305.3,0.01,263.7792,FALSE
12-08-2006 08:00,315,0.01,272.16,FALSE
13-08-2006 08:00,436.9,0.013,490.72608,FALSE
15-08-2006 08:00,740.4,0.022,1407.35232,FALSE
16-08-2006 08:00,1094,0.031,2930.1696,FALSE
17-08-2006 08:00,1150,0.032,3179.52,FALSE
18-08-2006 08:00,780,0.023,1550.016,FALSE
19-08-2006 08:00,669.8,0.019,1099.54368,FALSE
20-08-2006 08:00,512.7,0.017,753.05376,FALSE
22-08-2006 08:00,388.6,0.012,402.90048,FALSE
23-08-2006 08:00,293.2,0.011,278.65728,FALSE
24-08-2006 08:00,240.1,0.009,186.70176,FALSE
25-08-2006 08:00,220.2,0.009,171.22752,FALSE
26-08-2006 08:00,198.9,0.006,103.10976,FALSE
27-08-2006 08:00,188.5,0.006,97.7184,FALSE
29-08-2006 08:00,158.5,0.005,68.472,FALSE
30-08-2006 08:00,172.3,0.005,74.4336,FALSE
31-08-2006 08:00,160.4,0.005,69.2928,FALSE
01-09-2006 08:00,130.3,0.005,56.2896,FALSE
02-09-2006 08:00,160.4,0.005,69.2928,FALSE
03-09-2006 08:00,249.1,0.006,129.13344,FALSE
05-09-2006 08:00,116,0.005,50.112,FALSE
06-09-2006 08:00,87.6,0.005,37.8432,FALSE
07-09-2006 08:00,76.71,0.005,33.13872,FALSE
08-09-2006 08:00,260.4,0.014,314.97984,FALSE
09-09-2006 08:00,237.8,0.014,287.64288,FALSE
10-09-2006 08:00,224.6,0.014,271.67616,FALSE
12-09-2006 08:00,367.8,0.017,540.22464,FALSE
13-09-2006 08:00,378.2,0.017,555.50016,FALSE
15-09-2006 08:00,322.4,0.015,417.8304,FALSE
16-09-2006 08:00,342.3,0.015,443.6208,FALSE
17-09-2006 08:00,616.9,0.017,906.10272,FALSE
19-09-2006 08:00,583.5,0.017,857.0448,FALSE
20-09-2006 08:00,393.9,0.014,476.46144,FALSE
21-09-2006 08:00,475.7,0.016,657.60768,FALSE
22-09-2006 08:00,160.4,0.006,83.15136,FALSE
23-09-2006 08:00,362.7,0.014,438.72192,FALSE
24-09-2006 08:00,288.5,0.013,324.0432,FALSE
26-09-2006 08:00,518.5,0.017,761.5728,FALSE
27-09-2006 08:00,431.4,0.015,559.0944,FALSE
28-09-2006 08:00,258.2,0.013,290.01024,FALSE
29-09-2006 08:00,233.4,0.012,241.98912,FALSE
30-09-2006 08:00,222.4,0.012,230.58432,FALSE
01-10-2006 08:00,211.6,0.006,109.69344,FALSE
02-10-2006 08:00,178.3,0.006,92.43072,FALSE
04-10-2006 08:00,147,0.005,63.504,FALSE
05-10-2006 08:00,148.9,0.005,64.3248,FALSE
06-10-2006 08:00,207.4,0.005,89.5968,FALSE
07-10-2006 08:00,194.7,0.005,84.1104,FALSE
08-10-2006 08:00,721,0.028,1744.2432,FALSE
10-10-2006 08:00,417.9,0.015,541.5984,FALSE
11-10-2006 08:00,763.4,0.026,1714.90176,FALSE
12-10-2006 08:00,484.1,0.018,752.87232,FALSE
13-10-2006 08:00,401.8,0.014,486.01728,FALSE
14-10-2006 08:00,349.9,0.012,362.77632,FALSE
15-10-2006 08:00,357.5,0.012,370.656,FALSE
17-10-2006 08:00,415.2,0.015,538.0992,FALSE
18-10-2006 08:00,347.4,0.013,390.19968,FALSE
19-10-2006 08:00,283.7,0.012,294.14016,FALSE
20-10-2006 08:00,312.6,0.011,297.09504,FALSE
21-10-2006 08:00,317.5,0.011,301.752,FALSE
22-10-2006 08:00,283.7,0.011,269.62848,FALSE
24-10-2006 08:00,249.1,0.009,193.70016,FALSE
25-10-2006 08:00,255.9,0.009,198.98784,FALSE
26-10-2006 08:00,233.4,0.008,161.32608,FALSE
27-10-2006 08:00,218.1,0.008,150.75072,FALSE
28-10-2006 08:00,255.9,0.01,221.0976,FALSE
29-10-2006 08:00,337.3,0.012,349.71264,FALSE
31-10-2006 08:00,237.8,0.01,205.4592,FALSE
01-11-2006 08:00,495.5,0.016,684.9792,FALSE
02-11-2006 08:00,450.6,0.015,583.9776,FALSE
03-11-2006 08:00,352.4,0.013,395.81568,FALSE
04-11-2006 08:00,310.1,0.013,348.30432,FALSE
05-11-2006 08:00,312.6,0.013,351.11232,FALSE
07-11-2006 08:00,312.6,0.012,324.10368,FALSE
08-11-2006 08:00,290.9,0.01,251.3376,FALSE
09-11-2006 08:00,317.5,0.012,329.184,FALSE
10-11-2006 08:00,319.9,0.012,331.67232,FALSE
11-11-2006 08:00,283.7,0.01,245.1168,FALSE
12-11-2006 08:00,253.6,0.009,197.19936,FALSE
14-11-2006 08:00,194.7,0.008,134.57664,FALSE
15-11-2006 08:00,209.5,0.008,144.8064,FALSE
16-11-2006 08:00,190.6,0.008,131.74272,FALSE
17-11-2006 08:00,180.3,0.008,124.62336,FALSE
18-11-2006 08:00,184.4,0.008,127.45728,FALSE
19-11-2006 08:00,283.7,0.009,220.60512,FALSE
21-11-2006 08:00,260.4,0.009,202.48704,FALSE
22-11-2006 08:00,436.9,0.014,528.47424,FALSE
23-11-2006 08:00,286.1,0.012,296.62848,FALSE
24-11-2006 08:00,194.7,0.008,134.57664,FALSE
25-11-2006 08:00,272,0.01,235.008,FALSE
26-11-2006 08:00,203.1,0.008,140.38272,FALSE
28-11-2006 08:00,186.5,0.007,112.7952,FALSE
29-11-2006 08:00,196.8,0.007,119.02464,FALSE
30-11-2006 08:00,114.3,0.005,49.3776,FALSE
01-06-2007 08:00,97.51,0.0058,48.8642112,FALSE
02-06-2007 08:00,105.5,0.0061,55.60272,FALSE
03-06-2007 08:00,188,0.0082,133.19424,FALSE
06-06-2007 08:00,108.5,0.0063,59.05872,FALSE
07-06-2007 08:00,164.2,0.0075,106.4016,FALSE
08-06-2007 08:00,136.8,0.0069,81.554688,FALSE
09-06-2007 08:00,160.7,0.0076,105.522048,FALSE
10-06-2007 08:00,119.2,0.0063,64.882944,FALSE
12-06-2007 08:00,102.6,0.0061,54.074304,FALSE
13-06-2007 08:00,166,0.0076,109.00224,FALSE
14-06-2007 08:00,193.7,0.0084,140.579712,FALSE
15-06-2007 08:00,175,0.0079,119.448,FALSE
16-06-2007 08:00,289.5,0.0104,260.13312,FALSE
17-06-2007 08:00,594.9,0.0154,791.550144,FALSE
19-06-2007 08:00,372.7,0.012,386.41536,FALSE
20-06-2007 08:00,370.2,0.0116,371.029248,FALSE
21-06-2007 08:00,486.8,0.0134,563.597568,FALSE
22-06-2007 08:00,848.1,0.0187,1370.258208,FALSE
24-06-2007 08:00,1044,0.0209,1885.21344,FALSE
26-06-2007 08:00,403.3,0.0128,446.017536,FALSE
27-06-2007 08:00,167.8,0.0079,114.533568,FALSE
28-06-2007 08:00,227.2,0.0087,170.781696,FALSE
29-06-2007 08:00,1005,0.0211,1832.1552,FALSE
30-06-2007 08:00,967.9,0.0208,1739.432448,FALSE
01-07-2007 08:00,1264,0.0239,2610.10944,FALSE
03-07-2007 08:00,1543,0.0232,3092.91264,FALSE
04-07-2007 08:00,1719,0.0241,3579.37056,FALSE
05-07-2007 08:00,941.9,0.0214,1741.535424,FALSE
06-07-2007 08:00,953,0.0208,1712.65536,FALSE
07-07-2007 08:00,1616,0.0225,3141.504,FALSE
08-07-2007 08:00,1048,0.0218,1973.92896,FALSE
10-07-2007 08:00,919.9,0.0204,1621.378944,FALSE
11-07-2007 08:00,934.6,0.0193,1558.464192,FALSE
12-07-2007 08:00,1182,0.0214,2185.47072,FALSE
13-07-2007 08:00,919.9,0.0203,1613.431008,FALSE
14-07-2007 08:00,1174,0.0212,2150.39232,FALSE
15-07-2007 08:00,865.9,0.0181,1354.129056,FALSE
17-07-2007 08:00,2391,0.0306,6321.42144,FALSE
18-07-2007 08:00,1781,0.0283,4354.75872,FALSE
19-07-2007 08:00,1075,0.021,1950.48,FALSE
20-07-2007 08:00,785.6,0.0189,1282.853376,FALSE
21-07-2007 08:00,820.1,0.0194,1374.618816,FALSE
22-07-2007 08:00,650.8,0.0175,984.0096,FALSE
24-07-2007 08:00,503.7,0.0151,657.147168,FALSE
25-07-2007 08:00,529.6,0.0153,700.088832,FALSE
26-07-2007 08:00,506.6,0.0149,652.176576,FALSE
27-07-2007 08:00,495.2,0.0149,637.500672,FALSE
28-07-2007 08:00,492.4,0.0149,633.896064,FALSE
29-07-2007 08:00,403.3,0.0127,442.533024,FALSE
31-07-2007 08:00,343.2,0.0103,305.420544,FALSE
02-08-2007 08:00,400.7,0.0125,432.756,FALSE
03-08-2007 08:00,445.6,0.0133,512.047872,FALSE
04-08-2007 08:00,375.3,0.0121,392.353632,FALSE
05-08-2007 08:00,365.3,0.0124,391.367808,FALSE
07-08-2007 08:00,467.4,0.0132,533.060352,FALSE
08-08-2007 08:00,495.2,0.0136,581.879808,FALSE
09-08-2007 08:00,666.6,0.0168,967.583232,FALSE
10-08-2007 08:00,1630,0.0277,3901.0464,FALSE
11-08-2007 08:00,1219,0.0231,2432.92896,FALSE
12-08-2007 08:00,768.6,0.0181,1201.967424,FALSE
14-08-2007 08:00,442.9,0.0127,485.985312,FALSE
15-08-2007 08:00,365.3,0.0124,391.367808,FALSE
16-08-2007 08:00,331.2,0.0117,334.803456,FALSE
17-08-2007 08:00,291.7,0.0106,267.150528,FALSE
18-08-2007 08:00,262.9,0.0102,231.688512,FALSE
19-08-2007 08:00,250.1,0.0102,220.408128,FALSE
21-08-2007 08:00,233.4,0.0092,185.524992,FALSE
22-08-2007 08:00,405.9,0.0124,434.865024,FALSE
24-08-2007 08:00,239.6,0.009,186.31296,FALSE
25-08-2007 08:00,795.9,0.018,1237.78368,FALSE
26-08-2007 08:00,426.9,0.0127,468.428832,FALSE
27-08-2007 08:00,367.8,0.0122,387.690624,FALSE
29-08-2007 08:00,692.4,0.0169,1011.014784,FALSE
30-08-2007 08:00,532.5,0.0151,694.7208,FALSE
31-08-2007 08:00,851.7,0.0194,1427.585472,FALSE
01-09-2007 08:00,635,0.0161,883.3104,FALSE
02-09-2007 08:00,453.7,0.0136,533.115648,FALSE
04-09-2007 08:00,390.4,0.0122,411.512832,FALSE
05-09-2007 08:00,235.4,0.0094,191.182464,FALSE
06-09-2007 08:00,558.9,0.0151,729.163296,FALSE
07-09-2007 08:00,464.6,0.0135,541.90944,FALSE
08-09-2007 08:00,387.9,0.0123,412.229088,FALSE
09-09-2007 08:00,512.3,0.0144,637.383168,FALSE
11-09-2007 08:00,715.2,0.0172,1062.844416,FALSE
12-09-2007 08:00,880.1,0.0197,1498.000608,FALSE
13-09-2007 08:00,741.7,0.0176,1127.858688,FALSE
14-09-2007 08:00,731.7,0.0177,1118.974176,FALSE
15-09-2007 08:00,660.3,0.0169,964.143648,FALSE
16-09-2007 08:00,453.7,0.0135,529.19568,FALSE
18-09-2007 08:00,550,0.0128,608.256,FALSE
19-09-2007 08:00,795.9,0.0181,1244.660256,FALSE
20-09-2007 08:00,927.3,0.0199,1594.362528,FALSE
21-09-2007 08:00,731.7,0.0176,1112.652288,FALSE
22-09-2007 08:00,625.7,0.0163,881.185824,FALSE
23-09-2007 08:00,735.1,0.0177,1124.173728,FALSE
25-09-2007 08:00,898.1,0.0199,1544.157216,FALSE
26-09-2007 08:00,960.5,0.0212,1759.32864,FALSE
27-09-2007 08:00,641.3,0.0159,880.992288,FALSE
28-09-2007 08:00,555.9,0.0126,605.174976,FALSE
29-09-2007 08:00,411.1,0.0123,436.884192,FALSE
30-09-2007 08:00,355.4,0.0117,359.266752,FALSE
02-10-2007 08:00,350.5,0.0119,360.37008,FALSE
03-10-2007 08:00,317,0.0107,293.06016,FALSE
04-10-2007 08:00,262.9,0.0096,218.059776,FALSE
05-10-2007 08:00,258.6,0.0095,212.25888,FALSE
07-10-2007 08:00,229.3,0.0089,176.322528,FALSE
09-10-2007 08:00,223.2,0.0091,175.488768,FALSE
10-10-2007 08:00,195.6,0.0079,133.508736,FALSE
11-10-2007 08:00,227.2,0.009,176.67072,FALSE
12-10-2007 08:00,225.2,0.009,175.11552,FALSE
13-10-2007 08:00,267.3,0.0094,217.090368,FALSE
14-10-2007 08:00,258.6,0.0095,212.25888,FALSE
16-10-2007 08:00,291.7,0.0108,272.191104,FALSE
17-10-2007 08:00,223.2,0.0091,175.488768,FALSE
18-10-2007 08:00,298.5,0.0105,270.7992,FALSE
19-10-2007 08:00,331.2,0.012,343.38816,FALSE
20-10-2007 08:00,484,0.0134,560.35584,FALSE
21-10-2007 08:00,451,0.0136,529.94304,FALSE
23-10-2007 08:00,953,0.0206,1696.18752,FALSE
24-10-2007 08:00,573.8,0.0158,783.305856,FALSE
25-10-2007 08:00,411.1,0.0131,465.299424,FALSE
26-10-2007 08:00,544.1,0.013,611.13312,FALSE
27-10-2007 08:00,561.8,0.0157,762.070464,FALSE
28-10-2007 08:00,695.6,0.0168,1009.677312,FALSE
30-10-2007 08:00,930.9,0.0215,1729.23984,FALSE
31-10-2007 08:00,598,0.0154,795.67488,FALSE
01-11-2007 08:00,432.2,0.0125,466.776,FALSE
02-11-2007 08:00,350.5,0.0127,384.59664,FALSE
03-11-2007 08:00,352.9,0.0126,384.181056,FALSE
04-11-2007 08:00,328.8,0.0118,335.218176,FALSE
06-11-2007 08:00,303.1,0.0105,274.97232,FALSE
07-11-2007 08:00,424.2,0.0128,469.131264,FALSE
08-11-2007 08:00,314.7,0.0108,293.652864,FALSE
09-11-2007 08:00,289.5,0.0105,262.6344,FALSE
10-11-2007 08:00,298.5,0.0102,263.06208,FALSE
11-11-2007 08:00,271.7,0.0106,248.833728,FALSE
13-11-2007 08:00,276.1,0.0104,248.092416,FALSE
14-11-2007 08:00,250.1,0.0102,220.408128,FALSE
15-11-2007 08:00,254.3,0.0101,221.912352,FALSE
16-11-2007 08:00,254.3,0.0101,221.912352,FALSE
17-11-2007 08:00,241.7,0.0102,213.005376,FALSE
18-11-2007 08:00,248,0.0102,218.55744,FALSE
20-11-2007 08:00,201.4,0.0085,147.90816,FALSE
21-11-2007 08:00,201.4,0.0085,147.90816,FALSE
22-11-2007 08:00,215.1,0.0084,156.110976,FALSE
23-11-2007 08:00,182.4,0.0083,130.802688,FALSE
24-11-2007 08:00,215.1,0.0084,156.110976,FALSE
25-11-2007 08:00,231.3,0.0094,187.852608,FALSE
27-11-2007 08:00,215.1,0.0084,156.110976,FALSE
28-11-2007 08:00,225.2,0.0095,184.84416,FALSE
29-11-2007 08:00,235.4,0.0091,185.080896,FALSE
30-11-2007 08:00,229.3,0.0094,186.228288,FALSE
01-06-2008 08:00,116.5,0.003,30.1968,FALSE
03-06-2008 08:00,48.94,0.0023,9.7253568,FALSE
05-06-2008 08:00,60.09,0.0026,13.4986176,FALSE
07-06-2008 08:00,108.2,0.0029,27.110592,FALSE
08-06-2008 08:00,110.3,0.0029,27.636768,FALSE
10-06-2008 08:00,102.2,0.0029,25.607232,FALSE
12-06-2008 08:00,185.2,0.0052,83.206656,FALSE
14-06-2008 08:00,133.7,0.0039,45.051552,FALSE
15-06-2008 08:00,65.11,0.004,22.502016,FALSE
17-06-2008 08:00,135.9,0.004,46.96704,FALSE
18-06-2008 08:00,170.6,0.0072,106.126848,FALSE
20-06-2008 08:00,77.39,0.0028,18.7221888,FALSE
21-06-2008 08:00,98.19,0.0033,27.9959328,FALSE
22-06-2008 08:00,250.9,0.0098,212.442048,FALSE
24-06-2008 08:00,177.9,0.0074,113.742144,FALSE
26-06-2008 08:00,205.5,0.008,142.0416,FALSE
28-06-2008 08:00,338.7,0.0118,345.311424,FALSE
29-06-2008 08:00,631.2,0.0161,878.024448,FALSE
01-07-2008 08:00,515.7,0.0144,641.613312,FALSE
03-07-2008 08:00,185.2,0.0078,124.809984,FALSE
05-07-2008 08:00,82.88,0.003,21.482496,FALSE
06-07-2008 08:00,73.8,0.0027,17.216064,FALSE
08-07-2008 08:00,70.28,0.0026,15.7876992,FALSE
10-07-2008 08:00,96.22,0.0033,27.4342464,FALSE
12-07-2008 08:00,73.8,0.0027,17.216064,FALSE
13-07-2008 08:00,102.2,0.0035,30.90528,FALSE
15-07-2008 08:00,112.3,0.006,58.21632,FALSE
17-07-2008 08:00,317.3,0.0108,296.078976,FALSE
19-07-2008 08:00,276.2,0.0097,231.477696,FALSE
20-07-2008 08:00,428.9,0.0127,470.623392,FALSE
22-07-2008 08:00,250.9,0.0095,205.93872,FALSE
24-07-2008 08:00,295.6,0.0105,268.16832,FALSE
26-07-2008 08:00,252.5,0.0095,207.252,FALSE
27-07-2008 08:00,470.8,0.013,528.80256,FALSE
29-07-2008 08:00,1116,0.0166,1600.61184,FALSE
31-07-2008 08:00,1169,0.0212,2141.23392,FALSE
02-08-2008 08:00,678.7,0.0162,949.962816,FALSE
03-08-2008 08:00,425.9,0.0128,471.011328,FALSE
05-08-2008 08:00,340.8,0.0103,303.284736,FALSE
07-08-2008 08:00,264.9,0.0102,233.451072,FALSE
09-08-2008 08:00,202.6,0.0085,148.78944,FALSE
10-08-2008 08:00,235.5,0.0076,154.63872,FALSE
12-08-2008 08:00,810.1,0.0188,1315.861632,FALSE
14-08-2008 08:00,601,0.0154,799.66656,FALSE
15-08-2008 08:00,637.8,0.0159,876.184128,FALSE
17-08-2008 08:00,483,0.0134,559.19808,FALSE
19-08-2008 08:00,228.3,0.0091,179.498592,FALSE
21-08-2008 08:00,240.3,0.0102,211.771584,FALSE
23-08-2008 08:00,207.2,0.0085,152.16768,FALSE
24-08-2008 08:00,178,0.0079,121.49568,FALSE
26-08-2008 08:00,162.9,0.0075,105.5592,FALSE
28-08-2008 08:00,437.7,0.0137,518.096736,FALSE
30-08-2008 08:00,411.3,0.0123,437.096736,FALSE
31-08-2008 08:00,627.7,0.0163,884.002464,FALSE
02-09-2008 08:00,440.7,0.0127,483.571296,FALSE
04-09-2008 08:00,443.7,0.0127,486.863136,FALSE
06-09-2008 08:00,308.6,0.0105,279.96192,FALSE
07-09-2008 08:00,440.7,0.0117,445.494816,FALSE
09-09-2008 08:00,960.8,0.0212,1759.878144,FALSE
11-09-2008 08:00,682.1,0.0169,995.975136,FALSE
12-09-2008 08:00,621,0.0163,874.56672,FALSE
13-09-2008 08:00,539.3,0.0151,703.592352,FALSE
14-09-2008 08:00,365.7,0.0122,385.477056,FALSE
16-09-2008 08:00,354.6,0.0117,358.458048,FALSE
18-09-2008 08:00,280.1,0.0105,254.10672,FALSE
20-09-2008 08:00,237.9,0.0073,150.048288,FALSE
21-09-2008 08:00,252.5,0.0097,211.6152,FALSE
23-09-2008 08:00,175.8,0.0075,113.9184,FALSE
25-09-2008 08:00,124.3,0.0062,66.585024,FALSE
27-09-2008 08:00,171.5,0.0074,109.65024,FALSE
28-09-2008 08:00,225.9,0.008,156.14208,FALSE
30-09-2008 08:00,169.3,0.0071,103.855392,FALSE
01-10-2008 08:00,140.1,0.0066,79.890624,FALSE
02-10-2008 08:00,142.1,0.0066,81.031104,FALSE
04-10-2008 08:00,182.4,0.0078,122.923008,FALSE
05-10-2008 08:00,211.8,0.008,146.39616,FALSE
07-10-2008 08:00,186.8,0.0078,125.888256,FALSE
08-10-2008 08:00,182.4,0.0078,122.923008,FALSE
09-10-2008 08:00,225.9,0.0091,177.611616,FALSE
11-10-2008 08:00,182.4,0.0078,122.923008,FALSE
12-10-2008 08:00,245.2,0.0097,205.497216,FALSE
14-10-2008 08:00,290.4,0.01,250.9056,FALSE
16-10-2008 08:00,252.5,0.0098,213.7968,FALSE
18-10-2008 08:00,295.6,0.01,255.3984,FALSE
19-10-2008 08:00,287.8,0.01,248.6592,FALSE
21-10-2008 08:00,221.2,0.0083,158.626944,FALSE
23-10-2008 08:00,204.9,0.008,141.62688,FALSE
25-10-2008 08:00,399.7,0.0125,431.676,FALSE
26-10-2008 08:00,631,0.0161,877.74624,FALSE
27-10-2008 08:00,399.7,0.0125,431.676,FALSE
30-10-2008 08:00,150.3,0.0071,92.200032,FALSE
01-11-2008 08:00,158.7,0.0036,49.362048,FALSE
02-11-2008 08:00,189,0.0066,107.77536,FALSE
04-11-2008 08:00,173.6,0.0063,94.493952,FALSE
05-11-2008 08:00,175.8,0.006,91.13472,FALSE
08-11-2008 08:00,132.1,0.0035,39.94704,FALSE
09-11-2008 08:00,165,0.0047,67.0032,FALSE
11-11-2008 08:00,156.6,0.0038,51.414912,FALSE
13-11-2008 08:00,180.2,0.0054,84.074112,FALSE
15-11-2008 08:00,186.8,0.0063,101.678976,FALSE
16-11-2008 08:00,169.3,0.0045,65.82384,FALSE
18-11-2008 08:00,178,0.0045,69.2064,FALSE
20-11-2008 08:00,169.3,0.004,58.51008,FALSE
22-11-2008 08:00,165,0.0039,55.5984,FALSE
23-11-2008 08:00,152.4,0.0037,48.719232,FALSE
25-11-2008 08:00,202.6,0.0042,73.519488,FALSE
27-11-2008 08:00,156.6,0.0041,55.473984,FALSE
29-11-2008 08:00,167.2,0.0044,63.562752,FALSE
30-11-2008 08:00,165,0.0043,61.3008,FALSE
01-06-2009 08:00,91.99,0.0045,35.765712,FALSE
03-06-2009 08:00,57.02,0.0028,13.7942784,FALSE
04-06-2009 08:00,49.55,0.0024,10.274688,FALSE
05-06-2009 08:00,49.55,0.0024,10.274688,FALSE
06-06-2009 08:00,97.43,0.0048,40.4061696,FALSE
07-06-2009 08:00,397.4,0.0196,672.973056,FALSE
08-06-2009 08:00,684.5,0.337,19930.4496,FALSE
09-06-2009 08:00,500.9,0.0247,1068.960672,FALSE
13-06-2009 08:00,114.3,0.0022,21.726144,FALSE
14-06-2009 08:00,168,0.0081,117.57312,FALSE
16-06-2009 08:00,95.61,0.0008,6.6085632,FALSE
21-06-2009 08:00,134.2,0.0034,39.422592,FALSE
22-06-2009 08:00,130.1,0.0033,37.094112,FALSE
23-06-2009 08:00,218.6,0.0115,217.20096,FALSE
24-06-2009 08:00,126.1,0.0032,34.864128,FALSE
28-06-2009 08:00,174.7,0.0048,72.451584,FALSE
05-07-2009 08:00,785.1,0.0197,1336.303008,FALSE
11-07-2009 08:00,482.1,0.0051,212.432544,FALSE
12-07-2009 08:00,374.2,0.0008,25.864704,FALSE
19-07-2009 08:00,1282,0.0216,2392.51968,FALSE
25-07-2009 08:00,286.3,0.0065,160.78608,FALSE
02-08-2009 08:00,296.9,0.0026,66.695616,FALSE
08-08-2009 08:00,202,0.0124,216.41472,FALSE
09-08-2009 08:00,174.7,0.0012,18.112896,FALSE
15-08-2009 08:00,475.9,0.005,205.5888,FALSE
16-08-2009 08:00,281.1,0.003,72.86112,FALSE
22-08-2009 08:00,488.4,0.0258,1088.702208,FALSE
23-08-2009 08:00,409.2,0.0171,604.568448,FALSE
24-08-2009 08:00,397.4,0.0158,542.498688,FALSE
25-08-2009 08:00,362.8,0.012,376.15104,FALSE
30-08-2009 08:00,235.5,0.003,61.0416,FALSE
02-09-2009 08:00,520,0.0019,85.3632,FALSE
06-09-2009 08:00,1068,0.0131,1208.80512,FALSE
13-09-2009 08:00,323.8,0.0145,405.65664,FALSE
20-09-2009 08:00,354.3,0.0197,603.046944,FALSE
21-09-2009 08:00,409.2,0.0228,806.091264,FALSE
27-09-2009 08:00,304.9,0.0082,216.015552,FALSE
28-09-2009 08:00,469.7,0.0126,511.334208,FALSE
02-10-2009 08:00,491.5,0.0217,921.50352,FALSE
10-10-2009 08:00,294.2,0.0032,81.340416,FALSE
11-10-2009 08:00,265.6,0.0029,66.548736,FALSE
17-10-2009 08:00,281.1,0.0131,318.160224,FALSE
18-10-2009 08:00,245.4,0.0115,243.82944,FALSE
25-10-2009 08:00,183.6,0.003,47.58912,FALSE
01-11-2009 08:00,97.43,0.003,25.253856,FALSE
02-11-2009 08:00,110.5,0.0035,33.4152,FALSE
03-11-2009 08:00,126.1,0.0039,42.490656,FALSE
04-11-2009 08:00,142.4,0.0045,55.36512,FALSE
08-11-2009 08:00,235.5,0.0028,56.97216,FALSE
15-11-2009 08:00,211.4,0.0078,142.466688,FALSE
22-11-2009 08:00,238,0.0101,207.68832,FALSE
27-11-2009 08:00,130.1,0.0024,26.977536,FALSE
29-11-2009 08:00,106.7,0.0024,22.125312,FALSE
06-12-2009 08:00,155.4,0.0062,83.244672,FALSE
13-12-2009 08:00,76.93,0.0017,11.2994784,FALSE
20-12-2009 08:00,76.93,0.0006,3.9880512,FALSE
25-12-2009 08:00,95.07,0.0008,6.5712384,FALSE
26-12-2009 08:00,95.07,0.0008,6.5712384,FALSE
27-12-2009 08:00,85.75,0.0007,5.18616,FALSE
03-01-2010 08:00,39,0.0004,1.34784,FALSE
05-01-2010 08:00,43.41,0.0039,14.6274336,FALSE
10-01-2010 08:00,23.19,0.0021,4.2075936,FALSE
16-01-2010 08:00,44.94,0.0025,9.70704,FALSE
17-01-2010 08:00,27.1,0.0041,9.599904,FALSE
24-01-2010 08:00,35.55,0.0032,9.828864,FALSE
26-01-2010 08:00,35.55,0.0032,9.828864,FALSE
31-01-2010 08:00,33.59,0.0031,8.9967456,FALSE
07-02-2010 08:00,38.73,0.0035,11.711952,FALSE
12-02-2010 08:00,40.79,0.0037,13.0397472,FALSE
14-02-2010 08:00,45.09,0.0041,15.9726816,FALSE
21-02-2010 08:00,41.63,0.0038,13.6679616,FALSE
23-02-2010 08:00,37.53,0.0034,11.0248128,FALSE
24-02-2010 08:00,45.09,0.0041,15.9726816,FALSE
25-02-2010 08:00,40.37,0.0037,12.9054816,FALSE
26-02-2010 08:00,39.14,0.0036,12.1741056,FALSE
28-02-2010 08:00,44.21,0.004,15.278976,FALSE
07-03-2010 08:00,86.33,0.0089,66.3843168,FALSE
09-03-2010 08:00,19.29,0.002,3.333312,FALSE
10-03-2010 08:00,61.1,0.0063,33.257952,FALSE
11-03-2010 08:00,19.29,0.002,3.333312,FALSE
12-03-2010 08:00,27.52,0.0028,6.6576384,FALSE
13-03-2010 08:00,32.03,0.0033,9.1323936,FALSE
14-03-2010 08:00,58.17,0.006,30.155328,FALSE
15-03-2010 08:00,58.17,0.006,30.155328,FALSE
16-03-2010 08:00,29.74,0.0031,7.9655616,FALSE
17-03-2010 08:00,44.38,0.0046,17.6383872,FALSE
18-03-2010 08:00,118.4,0.0122,124.803072,FALSE
19-03-2010 08:00,73.31,0.0076,48.1382784,FALSE
20-03-2010 08:00,52.49,0.0054,24.4897344,FALSE
21-03-2010 08:00,61.1,0.0063,33.257952,FALSE
23-03-2010 08:00,34.38,0.0025,7.42608,FALSE
25-03-2010 08:00,49.73,0.003,12.890016,FALSE
27-03-2010 08:00,47.03,0.0029,11.7838368,FALSE
28-03-2010 08:00,27.52,0.0023,5.4687744,FALSE
30-03-2010 08:00,61.1,0.0034,17.948736,FALSE
02-04-2010 08:00,58.17,0.0033,16.5854304,FALSE
04-04-2010 08:00,44.38,0.0028,10.7364096,FALSE
11-04-2010 08:00,21.24,0.0021,3.8537856,FALSE
13-04-2010 08:00,58.87,0.003,15.259104,FALSE
14-04-2010 08:00,38.29,0.002,6.616512,FALSE
18-04-2010 08:00,44.69,0.0023,8.8807968,FALSE
02-05-2010 08:00,51.55,0.0022,9.798624,FALSE
08-05-2010 08:00,44.69,0.0014,5.4057024,FALSE
16-05-2010 08:00,25.17,0.005,10.87344,FALSE
23-05-2010 08:00,44.6,0.004,15.41376,FALSE
27-05-2010 08:00,115.6,0.0007,6.991488,FALSE
30-05-2010 08:00,46.93,0.0039,15.8135328,FALSE
03-06-2010 08:00,260.2,0.0104,233.805312,FALSE
04-06-2010 08:00,230.9,0.0095,189.52272,FALSE
05-06-2010 08:00,230.9,0.0093,185.532768,FALSE
06-06-2010 08:00,307.5,0.0123,326.7864,FALSE
13-06-2010 08:00,1392,0.0257,3090.90816,FALSE
20-06-2010 08:00,380.6,0.0113,371.587392,FALSE
27-06-2010 08:00,525.5,0.0064,290.58048,FALSE
04-07-2010 08:00,342.2,0.0063,186.266304,FALSE
11-07-2010 08:00,362.4,0.0042,131.507712,FALSE
18-07-2010 08:00,546.5,0.0035,165.2616,FALSE
25-07-2010 08:00,351.1,0.0026,78.871104,FALSE
26-07-2010 08:00,320.4,0.0024,66.438144,FALSE
01-08-2010 08:00,340,0.0057,167.4432,FALSE
08-08-2010 08:00,254.2,0.0047,103.225536,FALSE
15-08-2010 08:00,366.9,0.0096,304.321536,FALSE
22-08-2010 08:00,413.4,0.0045,160.72992,FALSE
23-08-2010 08:00,230.9,0.0025,49.8744,FALSE
27-08-2010 08:00,464.5,0.0055,220.7304,FALSE
29-08-2010 08:00,326.9,0.0042,118.625472,FALSE
05-09-2010 08:00,219.6,0.0019,36.049536,FALSE
06-09-2010 08:00,212.2,0.0018,33.001344,FALSE
10-09-2010 08:00,194,0.0017,28.49472,FALSE
12-09-2010 08:00,260.2,0.0025,56.2032,FALSE
19-09-2010 08:00,280.4,0.003,72.67968,FALSE
26-09-2010 08:00,406.3,0.0087,305.407584,FALSE
30-09-2010 08:00,297,0.0023,59.01984,FALSE
02-10-2010 08:00,313.9,0.0035,94.92336,FALSE
03-10-2010 08:00,423,0.0067,244.86624,FALSE
10-10-2010 08:00,622.4,0.0086,462.468096,FALSE
15-10-2010 08:00,309.7,0.0043,115.059744,FALSE
17-10-2010 08:00,208.5,0.0032,57.64608,FALSE
24-10-2010 08:00,238.6,0.0015,30.92256,FALSE
31-10-2010 08:00,444.7,0.0147,564.804576,FALSE
04-11-2010 08:00,262.2,0.0047,106.474176,FALSE
05-11-2010 08:00,294.9,0.0053,135.040608,FALSE
07-11-2010 08:00,340,0.0042,123.3792,FALSE
14-11-2010 08:00,337.8,0.0061,178.034112,FALSE
15-11-2010 08:00,355.6,0.0064,196.632576,FALSE
16-11-2010 08:00,316.1,0.0057,155.672928,FALSE
17-11-2010 08:00,360.1,0.0095,295.57008,FALSE
21-11-2010 08:00,454.6,0.0064,251.375616,FALSE
28-11-2010 08:00,399.2,0.0037,127.616256,FALSE
04-12-2010 08:00,392.4,0.0039,132.223104,FALSE
05-12-2010 08:00,268.5,0.0027,62.63568,FALSE
07-12-2010 08:00,248.8,0.0022,47.291904,FALSE
09-12-2010 08:00,182.3,0.0018,28.351296,FALSE
10-12-2010 08:00,369.9,0.0037,118.249632,FALSE
11-12-2010 08:00,309.4,0.0031,82.869696,FALSE
12-12-2010 08:00,378.8,0.0038,124.367616,FALSE
16-12-2010 08:00,248.8,0.0022,47.291904,FALSE
19-12-2010 08:00,207.3,0.0021,37.612512,FALSE
25-12-2010 08:00,189.3,0.0019,31.075488,FALSE
26-12-2010 08:00,171.9,0.0017,25.248672,FALSE
09-01-2011 08:00,111.1,0.001,9.59904,FALSE
10-01-2011 09:45,67.45,0.0007,4.079376,FALSE
16-01-2011 08:00,75.07,0.001,6.486048,FALSE
23-01-2011 08:00,36.57,0.0006,1.8957888,FALSE
26-01-2011 08:00,34.26,0.0003,0.8880192,FALSE
27-01-2011 08:00,34.26,0.0003,0.8880192,FALSE
28-01-2011 08:00,35.99,0.0003,0.9328608,FALSE
29-01-2011 08:00,34.26,0.0003,0.8880192,FALSE
30-01-2011 08:00,39.58,0.0003,1.0259136,FALSE
31-01-2011 08:00,40.83,0.0004,1.4110848,FALSE
01-02-2011 08:00,44.02,0.0004,1.5213312,FALSE
03-02-2011 08:00,47.35,0.0004,1.636416,FALSE
06-02-2011 08:00,46.68,0.0004,1.6132608,FALSE
13-02-2011 08:00,44.02,0.0004,1.5213312,FALSE
15-02-2011 08:00,44.02,0.0004,1.5213312,FALSE
20-02-2011 08:00,61.05,0.0005,2.63736,FALSE
27-02-2011 08:00,80.15,0.0007,4.847472,FALSE
02-03-2011 08:00,99.26,0.0009,7.7184576,FALSE
06-03-2011 08:00,36.16,0.0003,0.9372672,FALSE
13-03-2011 08:00,47.18,0.0004,1.6305408,FALSE
16-03-2011 08:00,40.1,0.0003,1.039392,FALSE
20-03-2011 08:00,36.16,0.0003,0.9372672,FALSE
27-03-2011 08:00,48.67,0.0003,1.2615264,FALSE
03-04-2011 08:00,44.27,0.0004,1.5299712,FALSE
10-04-2011 08:00,20.75,0.0002,0.35856,FALSE
13-04-2011 08:00,54.91,0.0005,2.372112,FALSE
14-04-2011 08:00,38.76,0.0003,1.0046592,FALSE
15-04-2011 08:00,41.46,0.0004,1.4328576,FALSE
16-04-2011 08:00,44.27,0.0004,1.5299712,FALSE
17-04-2011 08:00,40.1,0.0003,1.039392,FALSE
22-04-2011 08:00,86.26,0.0007,5.2170048,FALSE
24-04-2011 08:00,562.7,0.0048,233.362944,FALSE
26-04-2011 08:00,125.3,0.0011,11.908512,FALSE
27-04-2011 08:00,95.97,0.0008,6.6334464,FALSE
01-05-2011 08:00,52.25,0.0004,1.80576,FALSE
08-05-2011 08:00,62.86,0.0017,9.2328768,FALSE
15-05-2011 08:00,52.25,0.0014,6.32016,FALSE
16-05-2011 08:00,44.83,0.0012,4.6479744,FALSE
17-05-2011 08:00,58.79,0.0016,8.1271296,FALSE
18-05-2011 08:00,69.88,0.0019,11.4715008,FALSE
22-05-2011 08:00,77.2,0.001,6.67008,FALSE
29-05-2011 08:00,332.3,0.0054,155.037888,FALSE
05-06-2011 08:00,625.3,0.0067,361.973664,FALSE
12-06-2011 08:00,248.6,0.0027,57.993408,FALSE
19-06-2011 08:00,559,0.005,241.488,FALSE
26-06-2011 08:00,257.8,0.002,44.54784,FALSE
03-07-2011 08:00,252.3,0.0019,41.417568,FALSE
10-07-2011 08:00,243.2,0.0029,60.936192,FALSE
17-07-2011 08:00,737.6,0.007,446.10048,FALSE
24-07-2011 08:00,368.7,0.0029,92.381472,FALSE
31-07-2011 08:00,416.1,0.0026,93.472704,FALSE
14-08-2011 08:00,753,0.0116,754.68672,FALSE
15-08-2011 08:00,476.3,0.0096,395.062272,FALSE
21-08-2011 08:00,386.4,0.0055,183.61728,FALSE
28-08-2011 08:00,551,0.0117,556.99488,FALSE
31-08-2011 08:00,701.1,0.0167,1011.603168,FALSE
04-09-2011 08:00,832.6,0.0152,1093.436928,FALSE
09-09-2011 08:00,349.2,0.0073,220.247424,FALSE
11-09-2011 08:00,940.2,0.0178,1445.952384,FALSE
18-09-2011 08:00,459,0.0092,364.84992,FALSE
25-09-2011 08:00,225.6,0.0032,62.373888,FALSE
02-10-2011 08:00,69.47,0.0018,10.8039744,FALSE
06-10-2011 08:00,60.37,0.0012,6.2591616,FALSE
09-10-2011 08:00,38.72,0.0006,2.0072448,FALSE
16-10-2011 08:00,64.85,0.001,5.60304,FALSE
23-10-2011 08:00,110,0.0018,17.1072,FALSE
25-10-2011 08:00,209.2,0.0039,70.492032,FALSE
26-10-2011 08:00,220.4,0.0048,91.404288,FALSE
27-10-2011 08:00,145.2,0.0032,40.144896,FALSE
30-10-2011 08:00,206.4,0.0048,85.598208,FALSE
06-11-2011 08:00,299.9,0.0062,160.650432,FALSE
07-11-2011 08:00,203.7,0.0041,72.158688,FALSE
10-11-2011 08:00,214.8,0.0037,68.667264,FALSE
13-11-2011 08:00,212,0.0035,64.1088,FALSE
20-11-2011 08:00,116.3,0.0022,22.106304,FALSE
27-11-2011 08:00,133.7,0.0028,32.344704,FALSE
01-12-2011 08:00,172.3,0.004,59.54688,FALSE
02-12-2011 08:00,238.6,0.006,123.69024,FALSE
04-12-2011 08:00,64.86,0.0021,11.7681984,FALSE
06-12-2011 08:00,100.2,0.0032,27.703296,FALSE
10-12-2011 08:00,69.57,0.0022,13.2238656,FALSE
11-12-2011 08:00,86.96,0.0025,18.78336,FALSE
12-12-2011 08:00,92.18,0.0028,22.3001856,FALSE
18-12-2011 08:00,80.04,0.002,13.830912,FALSE
25-12-2011 08:00,72.36,0.002,12.503808,FALSE
26-12-2011 08:00,58.13,0.0014,7.0314048,FALSE
27-12-2011 08:00,47.4,0.0012,4.914432,FALSE
28-12-2011 08:00,39.58,0.0008,2.7357696,FALSE
01-01-2012 08:00,88.08,0.0032,24.3523584,FALSE
08-01-2012 08:00,21.57,0.0014,2.6091072,FALSE
11-01-2012 08:00,53.1,0.002,9.17568,FALSE
12-01-2012 08:00,49.46,0.0016,6.8373504,FALSE
13-01-2012 08:00,51.57,0.0021,9.3568608,FALSE
15-01-2012 08:00,62.71,0.0024,13.0035456,FALSE
26-01-2012 08:00,82.68,0.0026,18.5732352,FALSE
29-01-2012 08:00,108.3,0.0036,33.685632,FALSE
05-02-2012 08:00,96.49,0.0026,21.6755136,FALSE
12-02-2012 08:00,85.36,0.0034,25.0753536,FALSE
19-02-2012 08:00,158.2,0.005,68.3424,FALSE
20-02-2012 08:00,120.7,0.0038,39.628224,FALSE
26-02-2012 08:00,105.3,0.0031,28.203552,FALSE
04-03-2012 08:00,120.7,0.0038,39.628224,FALSE
11-03-2012 08:00,58.13,0.0028,14.0628096,FALSE
18-03-2012 08:00,130.5,0.0035,39.4632,FALSE
20-03-2012 08:00,43.41,0.002,7.501248,FALSE
25-03-2012 08:00,173,0.0056,83.70432,FALSE
01-04-2012 08:00,67.45,0.0024,13.986432,FALSE
05-04-2012 08:00,105.3,0.0027,24.564384,FALSE
06-04-2012 08:00,90.85,0.0024,18.838656,FALSE
07-04-2012 08:00,120.7,0.0036,37.542528,FALSE
08-04-2012 08:00,169.3,0.0046,67.286592,FALSE
09-04-2012 08:00,137.1,0.0037,43.828128,FALSE
10-04-2012 08:00,140.6,0.004,48.59136,FALSE
13-04-2012 08:00,105.3,0.0038,34.572096,FALSE
14-04-2012 08:00,117.5,0.0042,42.6384,FALSE
15-04-2012 08:00,105.3,0.004,36.39168,FALSE
22-04-2012 08:00,99.5,0.003,25.7904,FALSE
26-04-2012 08:00,158.8,0.0041,56.253312,FALSE
28-04-2012 08:00,540,0.0109,508.5504,FALSE
29-04-2012 08:00,75.96,0.0052,34.1273088,FALSE
30-04-2012 08:00,26.46,0.0024,5.4867456,FALSE
06-05-2012 08:00,138.8,0.0032,38.375424,FALSE
13-05-2012 08:00,138.8,0.0033,39.574656,FALSE
14-05-2012 08:00,144.1,0.0035,43.57584,FALSE
20-05-2012 08:00,124.3,0.0026,27.922752,FALSE
26-05-2012 08:00,127.3,0.0025,27.4968,FALSE
27-05-2012 08:00,131.4,0.0023,26.111808,FALSE
28-05-2012 08:00,114.5,0.0019,18.79632,FALSE
31-05-2012 08:00,150.7,0.003,39.06144,FALSE
01-06-2012 08:00,102.4,0.0002,1.769472,FALSE
03-06-2012 08:00,117.8,0.0002,2.035584,FALSE
10-06-2012 08:00,168.8,0.0002,2.916864,FALSE
11-06-2012 08:00,137.4,0.0002,2.374272,FALSE
17-06-2012 08:00,298.6,0.0003,7.739712,FALSE
24-06-2012 08:00,265.8,0.0007,16.075584,FALSE
01-07-2012 08:00,111.6,0.0002,1.928448,FALSE
08-07-2012 08:00,293,0.0002,5.06304,FALSE
15-07-2012 08:00,390.2,0.0002,6.742656,FALSE
22-07-2012 08:00,224.4,0.0002,3.877632,FALSE
29-07-2012 08:00,224.4,0.0002,3.877632,FALSE
05-08-2012 08:00,167.6,0.0002,2.896128,FALSE
12-08-2012 08:00,334.8,0.0003,8.678016,FALSE
15-08-2012 08:00,308.9,0.0003,8.006688,FALSE
19-08-2012 08:00,756.4,0.0003,19.605888,FALSE
20-08-2012 08:00,444.7,0.0002,7.684416,FALSE
26-08-2012 08:00,559.4,0.0003,14.499648,FALSE
29-08-2012 08:00,300.5,0.0002,5.19264,FALSE
30-08-2012 08:00,441.2,0.0003,11.435904,FALSE
31-08-2012 08:00,551.4,0.0003,14.292288,FALSE
01-09-2012 08:00,643.3,0.0004,22.232448,FALSE
02-09-2012 08:00,500.4,0.0003,12.970368,FALSE
09-09-2012 08:00,257.8,0.0003,6.682176,FALSE
16-09-2012 08:00,213.5,0.0005,9.2232,FALSE
23-09-2012 08:00,151.7,0.0002,2.621376,FALSE
30-09-2012 08:00,69.41,0.0001,0.5997024,FALSE
02-10-2012 08:00,39.73,0.0001,0.3432672,FALSE
07-10-2012 08:00,126.7,0.0002,2.189376,FALSE
14-10-2012 08:00,48.8,0.0001,0.421632,FALSE
21-10-2012 08:00,203.1,0.0036,63.172224,FALSE
24-10-2012 08:00,126.7,0.0025,27.3672,FALSE
25-10-2012 08:00,105.3,0.0019,17.286048,FALSE
26-10-2012 08:00,147.4,0.0019,24.197184,FALSE
27-10-2012 08:00,175.5,0.0034,51.55488,FALSE
28-10-2012 08:00,98.68,0.0018,15.3467136,FALSE
29-10-2012 08:00,100.9,0.0012,10.461312,FALSE
30-10-2012 08:00,72.41,0.0008,5.0049792,FALSE
31-10-2012 08:00,90.15,0.0001,0.778896,FALSE
04-11-2012 08:00,80.05,0.0003,2.074896,FALSE
07-11-2012 08:00,94.37,0.0005,4.076784,FALSE
11-11-2012 08:00,63.43,0.0005,2.740176,FALSE
13-11-2012 08:00,51.88,0.0006,2.6894592,FALSE
18-11-2012 08:00,84.01,0.0007,5.0809248,FALSE
23-11-2012 08:00,78.1,0.0009,6.073056,FALSE
24-11-2012 08:00,82.02,0.0008,5.6692224,FALSE
25-11-2012 08:00,48.8,0.0003,1.264896,FALSE
28-11-2012 08:00,45.82,0.0008,3.1670784,FALSE
02-12-2012 08:00,65.48,0.0009,5.0917248,FALSE
23-12-2012 08:00,29.04,0.0039,9.7853184,FALSE
25-12-2012 08:00,11.88,0.0016,1.6422912,FALSE
29-12-2012 08:00,6.11,0.0009,0.4751136,FALSE
30-12-2012 08:00,11.88,0.0012,1.2317184,FALSE
31-12-2012 08:00,24.05,0.0032,6.649344,FALSE
10-02-2013 08:00,17.85,0.003,4.62672,FALSE
17-02-2013 08:00,8.872,0.006,4.5992448,FALSE
10-03-2013 08:00,70.51,0.0028,17.0577792,FALSE
16-03-2013 08:00,33.95,0.0036,10.559808,FALSE
17-03-2013 08:00,88.35,0.003,22.90032,FALSE
24-03-2013 08:00,54.48,0.0024,11.2969728,FALSE
29-03-2013 08:00,76.58,0.0056,37.0524672,FALSE
31-03-2013 08:00,55.23,0.0051,24.3365472,FALSE
07-04-2013 08:00,23.9,0.0037,7.640352,FALSE
02-06-2013 08:00,312.4,0.0134,361.684224,FALSE
09-06-2013 08:00,280.7,0.0248,601.461504,FALSE
16-06-2013 08:00,1365,0.032,3773.952,FALSE
23-06-2013 08:00,1230,0.0373,3963.9456,FALSE
30-06-2013 08:00,421.3,0.0017,61.880544,FALSE
07-07-2013 08:00,888.6,0.0185,1420.33824,FALSE
14-07-2013 08:00,624.1,0.0102,550.006848,FALSE
18-07-2013 08:00,1177,0.033,3355.8624,FALSE
21-07-2013 08:00,1092,0.0099,934.05312,FALSE
28-07-2013 08:00,579.1,0.0041,205.140384,FALSE
04-08-2013 08:00,828.9,0.0277,1983.789792,FALSE
09-08-2013 08:00,1097,0.0316,2995.07328,FALSE
11-08-2013 08:00,579.1,0.0133,665.455392,FALSE
15-08-2013 08:00,329.3,0.011,312.96672,FALSE
18-08-2013 08:00,280.1,0.0077,186.344928,FALSE
25-08-2013 08:00,254.4,0.003,65.94048,FALSE
01-09-2013 08:00,237.4,0.0412,845.068032,FALSE
08-09-2013 08:00,307.3,0.0065,172.57968,FALSE
09-09-2013 08:00,413.5,0.0086,307.24704,FALSE
15-09-2013 08:00,542.1,0.022,1030.42368,FALSE
16-09-2013 08:00,551.2,0.0223,1062.008064,FALSE
22-09-2013 08:00,760.5,0.0118,775.34496,FALSE
29-09-2013 08:00,230.1,0.004,79.52256,FALSE
02-10-2013 08:00,205.6,0.0072,127.899648,FALSE
06-10-2013 08:00,200.6,0.0018,31.197312,FALSE
08-10-2013 08:00,190.7,0.0035,57.66768,FALSE
13-10-2013 08:00,219.4,0.003,56.86848,FALSE
16-10-2013 08:00,168.9,0.0042,61.290432,FALSE
18-10-2013 08:00,241,0.0155,322.7472,FALSE
20-10-2013 08:00,300.9,0.0135,350.96976,FALSE
27-10-2013 08:00,260.2,0.0112,251.790336,FALSE
02-11-2013 08:00,262.1,0.0064,144.930816,FALSE
03-11-2013 08:00,250.6,0.0062,134.241408,FALSE
10-11-2013 08:00,237.4,0.003,61.53408,FALSE
14-11-2013 08:00,164.4,0.0025,35.5104,FALSE
17-11-2013 08:00,122.3,0.0027,28.530144,FALSE
24-11-2013 08:00,284.2,0.0095,233.27136,FALSE
01-12-2013 08:00,113.8,0.0053,52.111296,FALSE
08-12-2013 08:00,346.1,0.0034,101.670336,FALSE
19-01-2014 08:00,23.43,0.002,4.048704,FALSE
26-01-2014 08:00,35.89,0.0007,2.1706272,FALSE
02-02-2014 08:00,23.43,0.0007,1.4170464,FALSE
09-02-2014 08:00,32.53,0.0005,1.405296,FALSE
23-02-2014 08:00,24.91,0.0013,2.7978912,FALSE
27-02-2014 08:00,94.49,0.0006,4.8983616,FALSE
02-03-2014 08:00,12.25,0.0006,0.63504,FALSE
09-03-2014 08:00,57.28,0.0006,2.9693952,FALSE
16-03-2014 08:00,33,0.0006,1.71072,FALSE
23-03-2014 08:00,73.22,0.0009,5.6935872,FALSE
30-03-2014 08:00,127,0.0054,59.25312,FALSE
06-04-2014 08:00,169,0.0023,33.58368,FALSE
10-04-2014 08:00,37.69,0.0004,1.3025664,FALSE
18-04-2014 08:00,97.82,0.0034,28.7356032,FALSE
20-04-2014 08:00,113.8,0.0015,14.74848,FALSE
27-04-2014 08:00,66.77,0.0008,4.6151424,FALSE
04-05-2014 08:00,69.89,0.0032,19.3231872,FALSE
11-05-2014 08:00,109.1,0.0031,29.221344,FALSE
14-05-2014 08:00,126.8,0.0006,6.573312,FALSE
18-05-2014 08:00,66.81,0.0012,6.9268608,FALSE
25-05-2014 08:00,106.5,0.0049,45.08784,FALSE
29-05-2014 08:00,189.1,0.0057,93.127968,FALSE
01-06-2014 08:00,172.2,0.0057,84.805056,FALSE
03-06-2014 08:00,246.9,0.01,213.3216,FALSE
04-06-2014 08:00,234.5,0.0092,186.39936,FALSE
05-06-2014 08:00,197.5,0.0066,112.6224,FALSE
06-06-2014 08:00,192,0.0073,121.09824,FALSE
07-06-2014 08:00,228.5,0.0089,175.70736,FALSE
08-06-2014 08:00,242.7,0.0098,205.498944,FALSE
09-06-2014 08:00,240.7,0.0096,199.646208,FALSE
10-06-2014 08:00,281.1,0.0115,279.30096,FALSE
15-06-2014 08:00,140.5,0.0046,55.84032,FALSE
22-06-2014 08:00,1054,0.0354,3223.72224,FALSE
29-06-2014 08:00,165.3,0.0062,88.547904,FALSE
06-07-2014 08:00,444.6,0.0156,599.249664,FALSE
13-07-2014 08:00,801.7,0.0213,1475.384544,FALSE
20-07-2014 08:00,512.8,0.0137,606.991104,FALSE
21-07-2014 08:00,689.6,0.0183,1090.340352,FALSE
27-07-2014 08:00,706.5,0.0191,1165.89456,FALSE
28-07-2014 08:00,504,0.0133,579.15648,FALSE
03-08-2014 08:00,1083,0.027,2526.4224,FALSE
10-08-2014 08:00,579.3,0.0176,880.906752,FALSE
15-08-2014 08:00,604.4,0.0194,1013.071104,FALSE
17-08-2014 08:00,433.7,0.0313,1172.863584,FALSE
18-08-2014 08:00,431,0.0311,1158.11424,FALSE
24-08-2014 08:00,816.2,0.027,1904.03136,FALSE
29-08-2014 08:00,365.9,0.0119,376.203744,FALSE
31-08-2014 08:00,1108,0.0363,3475.04256,FALSE
07-09-2014 08:00,409.6,0.0131,463.601664,FALSE
14-09-2014 08:00,285.6,0.0152,375.072768,FALSE
21-09-2014 08:00,201.3,0.0021,36.523872,FALSE
28-09-2014 08:00,506.9,0.0567,2483.242272,FALSE
02-10-2014 08:00,341.3,0.0173,510.147936,FALSE
03-10-2014 08:00,278.9,0.0141,339.767136,FALSE
05-10-2014 08:00,274.5,0.0139,329.66352,FALSE
06-10-2014 08:00,270.2,0.0135,315.16128,FALSE
12-10-2014 08:00,348.6,0.0125,376.488,FALSE
19-10-2014 08:00,290,0.0146,365.8176,FALSE
22-10-2014 08:00,287.8,0.0133,330.716736,FALSE
26-10-2014 08:00,489.5,0.0251,1061.54928,FALSE
02-11-2014 08:00,407,0.0214,752.52672,FALSE
03-11-2014 08:00,303.6,0.0161,422.319744,FALSE
06-11-2014 08:00,265.9,0.013,298.65888,FALSE
09-11-2014 08:00,246.9,0.0155,330.64848,FALSE
16-11-2014 08:00,185.4,0.0102,163.389312,FALSE
23-11-2014 08:00,122.8,0.0067,71.086464,FALSE
30-11-2014 08:00,149.9,0.0075,97.1352,FALSE
07-12-2014 08:00,8.301,0.0003,0.21516192,FALSE
14-12-2014 08:00,93.68,0.0031,25.0912512,FALSE
21-12-2014 08:00,44.93,0.0015,5.822928,FALSE
24-12-2014 08:00,47.94,0.0016,6.6272256,FALSE
25-12-2014 08:00,89.75,0.003,23.2632,FALSE
26-12-2014 08:00,93.68,0.0031,25.0912512,FALSE
27-12-2014 08:00,85.88,0.0028,20.7760896,FALSE
28-12-2014 08:00,165.3,0.0055,78.55056,FALSE
04-01-2015 08:00,51.03,0.0017,7.4952864,FALSE
11-01-2015 08:00,67.56,0.0022,12.8418048,FALSE
18-01-2015 08:00,55.36,0.0018,8.6095872,FALSE
25-01-2015 08:00,62.79,0.0021,11.3926176,FALSE
26-01-2015 08:00,67.97,0.0022,12.9197376,FALSE
01-02-2015 08:00,38.72,0.0013,4.3490304,FALSE
08-02-2015 08:00,48.38,0.00016,0.66880512,FALSE
15-02-2015 08:00,52.98,0.0018,8.2394496,FALSE
17-02-2015 08:00,73.35,0.0024,15.209856,FALSE
22-02-2015 08:00,27.33,0.0009,2.1251808,FALSE
01-03-2015 08:00,18.94,0.0006,0.9818496,FALSE
08-03-2015 08:00,98.71,0.0006,5.1171264,FALSE
15-03-2015 08:00,110,0.0008,7.6032,FALSE
22-03-2015 08:00,86.6,0.0006,4.489344,FALSE
29-03-2015 08:00,72.34,0.0005,3.125088,FALSE
02-04-2015 08:00,152.6,0.005,65.9232,FALSE
03-04-2015 08:00,75.84,0.0025,16.38144,FALSE
05-04-2015 08:00,54.21,0.0018,8.4307392,FALSE
12-04-2015 08:00,134.9,0.0045,52.44912,FALSE
14-04-2015 08:00,46.6,0.0015,6.03936,FALSE
15-04-2015 08:00,115.9,0.0018,18.024768,FALSE
19-04-2015 08:00,84.83,0.0028,20.5220736,FALSE
26-04-2015 08:00,83,0.0027,19.36224,FALSE
03-05-2015 08:00,60.59,0.002,10.469952,FALSE
04-05-2015 08:00,68.91,0.003,17.861472,FALSE
10-05-2015 08:00,122.1,0.004,42.19776,FALSE
17-05-2015 08:00,192.8,0.0038,63.300096,FALSE
24-05-2015 08:00,143.7,0.0038,47.179584,FALSE
31-05-2015 08:00,161.8,0.0054,75.489408,FALSE
04-06-2015 08:00,172.7,0.002,29.84256,FALSE
05-06-2015 08:00,147.8,0.0017,21.708864,FALSE
07-06-2015 08:00,119.7,0.0014,14.478912,FALSE
14-06-2015 08:00,226.3,0.0115,224.85168,FALSE
21-06-2015 08:00,297,0.01,256.608,FALSE
28-06-2015 08:00,981.5,0.0307,2603.40912,FALSE
05-07-2015 08:00,240.2,0.0088,182.628864,FALSE
12-07-2015 08:00,274.6,0.0063,149.470272,FALSE
18-07-2015 08:00,863.6,0.0243,1813.145472,FALSE
19-07-2015 08:00,790.3,0.0223,1522.686816,FALSE
26-07-2015 08:00,502.1,0.0166,720.131904,FALSE
09-08-2015 08:00,178.6,0.0035,54.00864,FALSE
15-08-2015 08:00,379.2,0.0113,370.220544,FALSE
16-08-2015 08:00,459.8,0.0137,544.256064,FALSE
23-08-2015 08:00,287.9,0.0089,221.383584,FALSE
28-08-2015 08:00,162.9,0.0029,40.816224,FALSE
30-08-2015 08:00,157.2,0.0035,47.53728,FALSE
06-09-2015 08:00,273.3,0.0207,488.791584,FALSE
13-09-2015 08:00,151.6,0.0032,41.914368,FALSE
20-09-2015 08:00,249.8,0.0021,45.323712,FALSE
24-09-2015 08:00,176.6,0.0037,56.455488,FALSE
27-09-2015 08:00,280.6,0.0122,295.774848,FALSE
02-10-2015 08:00,231.9,0.0186,372.672576,FALSE
04-10-2015 08:00,288,0.0227,564.84864,FALSE
11-10-2015 08:00,141.5,0.0054,66.01824,FALSE
18-10-2015 08:00,227.3,0.0036,70.699392,FALSE
23-10-2015 08:00,141.5,0.018,220.0608,FALSE
24-10-2015 08:00,171.9,0.0219,325.262304,FALSE
25-10-2015 08:00,90.62,0.0115,90.040032,FALSE
01-11-2015 08:00,193.4,0.0113,188.820288,FALSE
08-11-2015 08:00,209,0.009,162.5184,FALSE
10-11-2015 08:00,109.6,0.0069,65.339136,FALSE
15-11-2015 08:00,113.2,0.0039,38.143872,FALSE
22-11-2015 08:00,159.5,0.0138,190.17504,FALSE
25-11-2015 08:00,137.6,0.0037,43.987968,FALSE
29-11-2015 08:00,171.9,0.0039,57.923424,FALSE
06-12-2015 08:00,163.1,0.006,84.55104,FALSE
13-12-2015 08:00,169.3,0.0099,144.812448,FALSE
18-12-2015 08:00,121.7,0.0017,17.875296,FALSE
19-12-2015 08:00,47.28,0.0007,2.8594944,FALSE
20-12-2015 08:00,39.44,0.0006,2.0445696,FALSE
21-12-2015 08:00,11.04,0.0002,0.1907712,FALSE
22-12-2015 08:00,57.94,0.0008,4.0048128,FALSE
23-12-2015 08:00,55.73,0.0008,3.8520576,FALSE
24-12-2015 08:00,51.43,0.0007,3.1104864,FALSE
25-12-2015 08:00,17.02,0.0002,0.2941056,FALSE
26-12-2015 08:00,17.02,0.0002,0.2941056,FALSE
27-12-2015 08:00,30.51,0.0004,1.0544256,FALSE
28-12-2015 08:00,41.34,0.0006,2.1430656,FALSE
29-12-2015 08:00,106.7,0.0015,13.82832,FALSE
30-12-2015 08:00,55.73,0.0008,3.8520576,FALSE
31-12-2015 08:00,49.34,0.0007,2.9840832,FALSE
03-01-2016 08:00,24.1,0.0023,4.789152,FALSE
14-01-2016 08:00,21.03,0.003,5.450976,FALSE
17-01-2016 08:00,24.55,0.0045,9.54504,FALSE
24-01-2016 08:00,25.92,0.0057,12.7650816,FALSE
26-01-2016 08:00,24.1,0.0053,11.035872,FALSE
31-01-2016 08:00,21.03,0.0052,9.4483584,FALSE
14-02-2016 08:00,25.46,0.0016,3.5195904,FALSE
21-02-2016 08:00,17.75,0.0032,4.90752,FALSE
27-02-2016 08:00,24.55,0.001,2.12112,FALSE
28-02-2016 08:00,25.46,0.0011,2.4197184,FALSE
13-03-2016 08:00,27.33,0.003,7.083936,FALSE
01-04-2016 08:00,25.46,0.0037,8.1390528,FALSE
02-04-2016 08:00,28.28,0.0041,10.0179072,FALSE
03-04-2016 08:00,30.23,0.0044,11.4922368,FALSE
04-04-2016 08:00,35.85,0.0052,16.106688,FALSE
05-04-2016 08:00,27.8,0.004,9.60768,FALSE
06-04-2016 08:00,30.23,0.0044,11.4922368,FALSE
07-04-2016 08:00,39.63,0.0057,19.5169824,FALSE
08-04-2016 08:00,25,0.0036,7.776,FALSE
09-04-2016 08:00,33.24,0.0048,13.7852928,FALSE
10-04-2016 08:00,23.65,0.0034,6.947424,FALSE
11-04-2016 08:00,26.39,0.0038,8.6643648,FALSE
12-04-2016 08:00,24.55,0.0036,7.636032,FALSE
13-04-2016 08:00,15.44,0.0022,2.9348352,FALSE
14-04-2016 08:00,15.44,0.0022,2.9348352,FALSE
15-04-2016 08:00,18.55,0.0027,4.327344,FALSE
16-04-2016 08:00,21.03,0.003,5.450976,FALSE
17-04-2016 08:00,22.76,0.0033,6.4893312,FALSE
18-04-2016 08:00,24.1,0.0035,7.28784,FALSE
19-04-2016 08:00,24.55,0.0036,7.636032,FALSE
20-04-2016 08:00,25.46,0.0037,8.1390528,FALSE
21-04-2016 08:00,29.25,0.0042,10.61424,FALSE
22-04-2016 08:00,18.95,0.0027,4.420656,FALSE
23-04-2016 08:00,22.76,0.0033,6.4893312,FALSE
24-04-2016 08:00,25.92,0.0038,8.5100544,FALSE
25-04-2016 08:00,26.85,0.0039,9.047376,FALSE
26-04-2016 08:00,26.85,0.0039,9.047376,FALSE
27-04-2016 08:00,24.55,0.0036,7.636032,FALSE
28-04-2016 08:00,25,0.0036,7.776,FALSE
29-04-2016 08:00,25.46,0.0037,8.1390528,FALSE
30-04-2016 08:00,25.46,0.0037,8.1390528,FALSE
01-05-2016 08:00,27.33,0.004,9.445248,FALSE
02-05-2016 08:00,28.28,0.0041,10.0179072,FALSE
03-05-2016 08:00,27.33,0.004,9.445248,FALSE
04-05-2016 08:00,30.23,0.0044,11.4922368,FALSE
05-05-2016 08:00,33.24,0.0048,13.7852928,FALSE
06-05-2016 08:00,35.85,0.0052,16.106688,FALSE
07-05-2016 08:00,26.39,0.0038,8.6643648,FALSE
08-05-2016 08:00,30.72,0.0045,11.943936,FALSE
09-05-2016 08:00,30.72,0.0045,11.943936,FALSE
10-05-2016 08:00,29.73,0.0043,11.0452896,FALSE
11-05-2016 08:00,31.22,0.0045,12.138336,FALSE
12-05-2016 08:00,13.97,0.002,2.414016,FALSE
13-05-2016 08:00,14.33,0.0021,2.6000352,FALSE
14-05-2016 08:00,15.06,0.0022,2.8626048,FALSE
15-05-2016 08:00,16.96,0.0025,3.66336,FALSE
18-05-2016 08:00,24.1,0.0035,7.28784,FALSE
19-05-2016 08:00,26.39,0.0038,8.6643648,FALSE
20-05-2016 08:00,31.72,0.0046,12.6067968,FALSE
21-05-2016 08:00,34.28,0.005,14.80896,FALSE
22-05-2016 08:00,25.92,0.0038,8.5100544,FALSE
23-05-2016 08:00,27.33,0.004,9.445248,FALSE
24-05-2016 08:00,23.2,0.0034,6.815232,FALSE
25-05-2016 08:00,25.92,0.0038,8.5100544,FALSE
26-05-2016 08:00,62.8,0.0091,49.375872,FALSE
27-05-2016 08:00,24.55,0.0036,7.636032,FALSE
28-05-2016 08:00,37.45,0.0054,17.472672,FALSE
29-05-2016 08:00,54.38,0.0079,37.1176128,FALSE
30-05-2016 08:00,37.99,0.0055,18.052848,FALSE
31-05-2016 08:00,25.92,0.0038,8.5100544,FALSE
05-06-1972 08:45,46.5,0.0037,14.86512,FALSE
06-06-1972 08:45,41.7,0.0033,11.889504,FALSE
07-06-1972 08:45,23.7,0.0024,4.914432,FALSE
08-06-1972 08:45,26.4,0.0026,5.930496,FALSE
09-06-1972 08:45,20.4,0.0023,4.053888,FALSE
10-06-1972 08:45,18.2,0.0019,2.987712,FALSE
11-06-1972 08:45,16.9,0.0021,3.066336,FALSE
12-06-1972 08:45,13.8,0.0017,2.026944,FALSE
13-06-1972 08:45,18.5,0.0019,3.03696,FALSE
14-06-1972 08:45,27.4,0.0029,6.865344,FALSE
15-06-1972 08:45,27.7,0.0029,6.940512,FALSE
16-06-1972 08:45,38.8,0.0045,15.08544,FALSE
17-06-1972 08:45,29.2,0.0028,7.064064,FALSE
18-06-1972 08:45,107,0.0061,56.39328,FALSE
19-06-1972 08:45,89,0.0052,39.98592,FALSE
20-06-1972 08:45,68.1,0.0042,24.712128,FALSE
21-06-1972 08:45,30.2,0.0027,7.045056,FALSE
22-06-1972 08:45,29,0.0028,7.01568,FALSE
23-06-1972 08:45,33,0.0031,8.83872,FALSE
24-06-1972 08:45,95.1,0.0054,44.369856,FALSE
25-06-1972 08:45,172.2,0.011954518,177.8602752,FALSE
26-06-1972 08:45,176.9,0.0116,177.296256,FALSE
27-06-1972 08:45,187.3,0.0117,189.337824,FALSE
28-06-1972 08:45,444.6,0.0173,664.552512,FALSE
29-06-1972 08:45,448.8,0.0203,787.159296,FALSE
30-06-1972 08:45,881.9,0.0207,1577.260512,FALSE
01-07-1972 08:45,1033.2,0.030679,2738.667698,FALSE
02-07-1972 08:45,824.9,0.027360205,1949.99902,FALSE
03-07-1972 08:45,1266.6,0.034554854,3781.484186,FALSE
05-07-1972 08:45,846.7,0.02665133,1949.674848,FALSE
06-07-1972 08:45,752.9,0.024297189,1580.545751,FALSE
07-07-1972 08:45,1543.5,0.03734336,4980.05074,FALSE
09-07-1972 08:45,1464.3,0.039357364,4979.317372,FALSE
10-07-1972 08:45,954,0.028257698,2329.157712,FALSE
13-07-1972 08:45,1124.3,0.032951,3200.844324,FALSE
14-07-1972 08:45,1067.9,0.029258,2699.535012,FALSE
15-07-1972 08:45,1249.3,0.035205387,3800.052574,FALSE
16-07-1972 08:45,1910.6,0.04482788,7399.999946,FALSE
17-07-1972 08:45,2610.7,0.049475975,11160.02257,FALSE
18-07-1972 08:45,1766.9,0.040811665,6230.315309,FALSE
19-07-1972 08:45,1158.3,0.031980734,3200.539754,FALSE
20-07-1972 08:45,880.3,0.027610298,2099.981836,FALSE
21-07-1972 08:45,724.6,0.024907663,1559.355201,FALSE
22-07-1972 08:45,671.2,0.024744762,1434.99032,FALSE
23-07-1972 08:45,555.8,0.02203197,1057.999875,FALSE
24-07-1972 08:45,599.1,0.0229,1185.355296,FALSE
25-07-1972 08:45,500.3,0.02,864.5184,FALSE
26-07-1972 08:45,442.5,0.0206,787.5792,FALSE
27-07-1972 08:45,526.3,0.0215,977.65488,FALSE
28-07-1972 08:45,580.8,0.021527812,1080.289717,FALSE
29-07-1972 08:45,394.5,0.0194,661.24512,FALSE
30-07-1972 08:45,370.1,0.017,543.60288,FALSE
31-07-1972 08:45,355.3,0.0175,537.2136,FALSE
01-08-1972 08:45,306.1,0.0147,388.771488,FALSE
02-08-1972 08:45,533.3,0.0209,963.011808,FALSE
03-08-1972 08:45,584,0.0214,1079.79264,FALSE
04-08-1972 08:45,773.5,0.02678855,1790.289512,FALSE
05-08-1972 08:45,602.2,0.0236,1227.909888,FALSE
07-08-1972 08:45,781.6,0.026950886,1819.9998,FALSE
11-08-1972 08:45,706.9,0.0237,1447.504992,FALSE
13-08-1972 08:45,576.2,0.0237,1179.873216,FALSE
14-08-1972 08:45,559.7,0.02191981,1059.999926,FALSE
15-08-1972 08:45,449.6,0.019822145,769.9999443,FALSE
16-08-1972 08:45,405.4,0.0185,647.99136,FALSE
17-08-1972 08:45,425.4,0.0189,694.661184,FALSE
18-08-1972 08:45,410.2,0.0172,609.590016,FALSE
19-08-1972 08:45,401.3,0.019,658.77408,FALSE
28-08-1972 08:45,212.5,0.0131,240.516,FALSE
29-08-1972 08:45,194,0.0126,211.19616,FALSE
30-08-1972 08:45,320,0.0164,453.4272,FALSE
31-08-1972 08:45,239.4,0.0139,287.509824,FALSE
01-09-1972 08:45,218.3,0.0145,273.48624,FALSE
02-09-1972 08:45,206,0.01337192,237.9987809,FALSE
03-09-1972 08:45,191.6,0.0128089,212.0416047,FALSE
04-09-1972 08:45,163.1,0.0112,157.828608,FALSE
05-09-1972 08:45,178.6,0.0113,174.370752,FALSE
06-09-1972 08:45,157.3,0.0117,159.011424,FALSE
07-09-1972 08:45,140,0.010329,124.939584,FALSE
08-09-1972 08:45,201.6,0.012,209.01888,FALSE
09-09-1972 08:45,219.7,0.0134,254.359872,FALSE
10-09-1972 08:45,178.6,0.0113,174.370752,FALSE
11-09-1972 08:45,136,0.0103,121.02912,FALSE
12-09-1972 08:45,118.6,0.0086,88.124544,FALSE
13-09-1972 08:45,118.8,0.0087,89.299584,FALSE
14-09-1972 08:45,161.3,0.0114,158.874048,FALSE
15-09-1972 08:45,145.4,0.0116,145.725696,FALSE
16-09-1972 08:45,214.7,0.0142,263.411136,FALSE
17-09-1972 08:45,183.5,0.012,190.2528,FALSE
18-09-1972 08:45,166.1,0.0111,159.296544,FALSE
19-09-1972 08:45,219.6,0.0134,254.244096,FALSE
20-09-1972 08:45,217.2,0.0136,255.218688,FALSE
21-09-1972 08:45,200.3,0.0122,211.132224,FALSE
22-09-1972 08:45,229.5,0.014,277.6032,FALSE
23-09-1972 08:45,183.6,0.012,190.35648,FALSE
24-09-1972 08:45,194.8,0.0126,212.067072,FALSE
25-09-1972 08:45,186.3,0.0117,188.326944,FALSE
26-09-1972 08:45,336.4,0.003,87.19488,FALSE
27-09-1972 08:45,366.5,0.0152802,483.8567011,FALSE
28-09-1972 08:00,399.7,0.01329,458.9579232,FALSE
29-09-1972 08:45,321.3,0.0134,371.988288,FALSE
30-09-1972 08:45,210.7,0.0628,1143.241344,FALSE
01-10-1972 08:45,432.7,0.061,2280.50208,FALSE
02-10-1972 08:45,271,0.0694,1624.95936,FALSE
03-10-1972 08:45,260.4,0.0236,530.966016,FALSE
04-10-1972 08:45,317,0.0031,84.90528,FALSE
05-10-1972 08:45,459.6,0.0267,1060.242048,FALSE
06-10-1972 08:45,335.8,0.0239,693.413568,FALSE
07-10-1972 08:45,479.4,0.0435,1801.77696,FALSE
08-10-1972 08:45,390.5,0.0131,441.98352,FALSE
09-10-1972 08:45,750.7,0.0257,1666.914336,FALSE
11-10-1972 08:45,544.3,0.0581,2732.298912,FALSE
14-10-1972 08:45,342.4,0.0721,2132.960256,FALSE
15-10-1972 08:45,345,0.021,625.968,FALSE
16-10-1972 08:00,453.4,0.0331,1296.651456,FALSE
17-10-1972 08:45,330.8,0.0306,874.582272,FALSE
18-10-1972 08:45,378.3,0.0343,1121.099616,FALSE
19-10-1972 08:45,280.6,0.0079,191.526336,FALSE
20-10-1972 08:45,276.8,0.0125,298.944,FALSE
21-10-1972 08:45,288.1,0.0356,886.149504,FALSE
22-10-1972 08:45,367.2,0.0226,717.009408,FALSE
23-10-1972 08:45,276.1,0.021078,502.8165331,FALSE
24-10-1972 08:45,258.8,0.0105,234.78336,FALSE
25-10-1972 08:45,241.4,0.0146,304.511616,FALSE
26-10-1972 04:35,380.2,0.0418,1373.099904,FALSE
27-10-1972 08:45,257.9,0.0151,336.466656,FALSE
28-10-1972 08:45,283.5,0.0165,404.1576,FALSE
29-10-1972 08:45,523.8,0.0457,2068.213824,FALSE
30-10-1972 08:45,366.2,0.0143,452.447424,FALSE
31-10-1972 08:45,273.1,0.0173,408.208032,FALSE
01-11-1972 08:45,264.6,0.0119,272.051136,FALSE
02-11-1972 08:45,534.2,0.0789,3641.620032,FALSE
03-11-1972 08:45,517.6,0.0613,2741.375232,FALSE
04-11-1972 08:45,394.1,0.0251,854.661024,FALSE
05-11-1972 08:45,277.8,0.0292,700.856064,FALSE
06-11-1972 08:45,269.7,0.0385,897.13008,FALSE
07-11-1972 08:45,211.9,0.0097,177.589152,FALSE
08-11-1972 08:45,276.2,0.0511,1219.434048,FALSE
09-11-1972 08:45,302.1,0.0689,1798.389216,FALSE
10-11-1972 08:45,393.7,0.013875952,471.9999429,FALSE
11-11-1972 08:00,274.7,0.00837329,198.7323347,FALSE
12-11-1972 08:45,153.6,0.0111,147.308544,FALSE
13-11-1972 08:45,160.2,0.0126,174.400128,FALSE
14-11-1972 08:45,267.1,0.0155,357.70032,FALSE
15-11-1972 08:45,327.4,0.01391247,393.5470474,FALSE
16-11-1972 08:45,348.7,0.0385,1159.91568,FALSE
17-11-1972 08:45,415,0.0374,1341.0144,FALSE
18-11-1972 08:45,320.1,0.0527,1457.504928,FALSE
19-11-1972 08:45,236.9,0.0551,1127.795616,FALSE
20-11-1972 08:45,159,0.0474,651.16224,FALSE
21-11-1972 08:45,135.2,0.0508,593.409024,FALSE
22-11-1972 08:45,128.2,0.10319075,1142.990279,FALSE
23-11-1972 08:45,118.6,0.06772683,693.9995361,FALSE
24-11-1972 08:45,132.1,0.0055,62.77392,FALSE
25-11-1972 08:45,110.8,0.0263,251.773056,FALSE
26-11-1972 08:45,146.6,0.026053509,329.9999978,FALSE
27-11-1972 08:45,128.3,0.0211,233.896032,FALSE
28-11-1972 08:45,132.4,0.0122,139.560192,FALSE
29-11-1972 08:45,117.8,0.0244,248.341248,FALSE
30-11-1972 08:45,104.9,0.0159,144.107424,FALSE
01-12-1972 08:45,97.6,0.0264,222.621696,FALSE
02-12-1972 08:45,99.9,0.0185,159.68016,FALSE
03-12-1972 08:45,93.9,0.0185,150.08976,FALSE
04-12-1972 08:45,102.3,0.0148,130.813056,FALSE
05-12-1972 08:45,72.9,0.0097,61.096032,FALSE
06-12-1972 08:45,85.3,0.007,51.58944,FALSE
07-12-1972 08:45,75.2,0.1477,959.648256,FALSE
08-12-1972 08:45,371.6,0.0188,603.597312,FALSE
09-12-1972 08:45,404.4,0.028,978.32448,FALSE
10-12-1972 08:45,415.2,0.0141,505.813248,FALSE
13-12-1972 08:45,161.2,0.1927,2683.863936,FALSE
14-12-1972 08:45,156.8,0.0217,293.981184,FALSE
15-12-1972 08:45,140.9,0.0255,310.43088,FALSE
16-12-1972 08:45,112.6,0.0119,115.770816,FALSE
17-12-1972 08:45,99.8,0.0141,121.580352,FALSE
18-12-1972 08:45,102.6,0.0108,95.738112,FALSE
19-12-1972 08:45,82.7,0.0151,107.893728,FALSE
20-12-1972 08:45,81.4,0.0145,101.97792,FALSE
21-12-1972 08:45,75,0.0035,22.68,FALSE
22-12-1972 08:45,76.7,0.0143,94.764384,FALSE
23-12-1972 08:45,79.4,0.0112,76.833792,FALSE
24-12-1972 08:45,80.9,0.0198,138.397248,FALSE
25-12-1972 08:45,80.4,0.0168,116.702208,FALSE
26-12-1972 08:45,92.1,0.0215,171.08496,FALSE
27-12-1972 08:45,85.1,0.0133,97.790112,FALSE
28-12-1972 08:45,86.9,0.0113,84.842208,FALSE
29-12-1972 08:45,73.7,0.0093,59.219424,FALSE
30-12-1972 08:45,81,0.019,132.9696,FALSE
31-12-1972 08:45,75.3,0.01,65.0592,FALSE
01-01-1973 08:45,75.1,0.0066,42.825024,FALSE
02-01-1973 08:45,83.9,0.0101,73.214496,FALSE
03-01-1973 08:45,87.1,0.0133,100.088352,FALSE
04-01-1973 08:45,76.9,0.019,126.23904,FALSE
05-01-1973 08:45,52.9,0.0308,140.773248,FALSE
06-01-1973 08:45,56.4,0.032,155.93472,FALSE
07-01-1973 08:45,53.2,0.0265,121.80672,FALSE
08-01-1973 08:45,49.1,0.0179,75.936096,FALSE
09-01-1973 08:45,50,0.0086,37.152,FALSE
10-01-1973 08:45,51.5,0.017,75.6432,FALSE
11-01-1973 08:45,31.6,0.0054,14.743296,FALSE
12-01-1973 08:45,30.5,0.0118,31.09536,FALSE
13-01-1973 08:45,28.4,0.0098,24.046848,FALSE
14-01-1973 08:45,28.1,0.0168,40.787712,FALSE
15-01-1973 08:45,27.8,0.01,24.0192,FALSE
16-01-1973 08:45,25.6,0.0448,99.090432,FALSE
17-01-1973 08:45,26.6,0.0122,28.038528,FALSE
18-01-1973 08:45,25.1,0.0235,50.96304,FALSE
19-01-1973 08:45,27.3,0.0102,24.058944,FALSE
20-01-1973 08:45,24.7,0.0028,5.975424,FALSE
21-01-1973 08:45,26.4,0.0303,69.113088,FALSE
22-01-1973 08:45,26.4,0.0088,20.072448,FALSE
23-01-1973 08:45,24.7,0.0136,29.023488,FALSE
24-01-1973 08:45,25.5,0.0045,9.9144,FALSE
25-01-1973 08:45,24.9,0.0079,16.995744,FALSE
26-01-1973 08:45,25.9,0.0103,23.048928,FALSE
27-01-1973 08:45,25,0.006,12.96,FALSE
28-01-1973 08:45,32,0.0105,29.0304,FALSE
29-01-1973 08:45,26.9,0.0185,42.99696,FALSE
30-01-1973 08:45,28.3,0.0175,42.7896,FALSE
31-01-1973 08:45,28.7,0.0028,6.943104,FALSE
01-02-1973 08:45,23.9,0.0082,16.932672,FALSE
02-02-1973 08:45,23.4,0.0099,20.015424,FALSE
03-02-1973 08:45,24.6,0.0061,12.965184,FALSE
04-02-1973 08:45,22.3,0.0057,10.982304,FALSE
05-02-1973 08:45,24.8,0.0028,5.999616,FALSE
06-02-1973 08:45,21.9,0.0058,10.974528,FALSE
07-02-1973 08:45,22.6,0.0076,14.840064,FALSE
08-02-1973 08:45,19.8,0.0063,10.777536,FALSE
09-02-1973 08:45,22.1,0.0047,8.974368,FALSE
10-02-1973 08:45,23.1,0.0085,16.96464,FALSE
11-02-1973 08:45,20.6,0.0138,24.561792,FALSE
12-02-1973 08:45,13.8,0.0084,10.015488,FALSE
13-02-1973 08:45,16.5,0.0112,15.96672,FALSE
14-02-1973 08:45,10.6,0.0098,8.975232,FALSE
15-02-1973 08:45,15.5,0.012,16.0704,FALSE
16-02-1973 08:45,14.5,0.0227,28.43856,FALSE
17-02-1973 08:45,12,0.0171,17.72928,FALSE
18-02-1973 08:45,12.8,0.031,34.28352,FALSE
19-02-1973 08:45,11.1,0.0114,10.933056,FALSE
20-02-1973 08:45,11.6,0.011,11.02464,FALSE
21-02-1973 08:45,11.9,0.0029,2.981664,FALSE
22-02-1973 08:45,12.3,0.0028,2.975616,FALSE
23-02-1973 08:45,14.3,0.00245,3.027024,FALSE
24-02-1973 08:45,14.3,0.0024,2.965248,FALSE
25-02-1973 08:45,15.6,0.003,4.04352,FALSE
26-02-1973 08:45,15.4,0.0045,5.98752,FALSE
27-02-1973 08:45,15.4,0.0038,5.056128,FALSE
28-02-1973 08:45,18.8,0.0074,12.019968,FALSE
01-03-1973 08:45,15.4,0.0083,11.043648,FALSE
02-03-1973 08:45,14.6,0.0008,1.009152,FALSE
03-03-1973 08:45,14.1,0.0016,1.949184,FALSE
04-03-1973 08:45,15.7,0.0007,0.949536,FALSE
05-03-1973 08:45,17.1,0.002,2.95488,FALSE
06-03-1973 08:45,14.5,0.0008,1.00224,FALSE
07-03-1973 08:45,18.1,0.0019,2.971296,FALSE
08-03-1973 08:45,18.9,0.0031,5.062176,FALSE
09-03-1973 08:45,15.9,0.0007,0.961632,FALSE
10-03-1973 08:45,17.9,0.0019,2.938464,FALSE
11-03-1973 08:45,18.5,0.0019,3.03696,FALSE
12-03-1973 08:45,17.2,0.0013,1.931904,FALSE
13-03-1973 08:45,14.4,0.0008,0.995328,FALSE
14-03-1973 08:45,15,0.0008,1.0368,FALSE
15-03-1973 08:45,13.5,0.0103,12.01392,FALSE
16-03-1973 08:45,14.3,0.0121,14.949792,FALSE
17-03-1973 08:45,14,0.0091,11.00736,FALSE
18-03-1973 08:45,13.4,0.0138,15.977088,FALSE
19-03-1973 08:45,13.2,0.0061,6.956928,FALSE
20-03-1973 08:45,16.2,0.0171,23.934528,FALSE
21-03-1973 08:45,16.2,0.0071,9.937728,FALSE
22-03-1973 08:45,16.1,0.0093,12.936672,FALSE
23-03-1973 08:45,15.2,0.0076,9.980928,FALSE
24-03-1973 08:45,15.8,0.0011,1.501632,FALSE
25-03-1973 08:45,15.7,0.0044,5.968512,FALSE
26-03-1973 08:45,15,0.0062,8.0352,FALSE
27-03-1973 08:45,14.4,0.0032,3.981312,FALSE
28-03-1973 08:45,13.9,0.0017,2.041632,FALSE
29-03-1973 08:45,13.9,0.0042,5.044032,FALSE
30-03-1973 08:45,13.7,0.0052,6.155136,FALSE
31-03-1973 08:45,15.7,0.0029,3.933792,FALSE
01-04-1973 08:45,16.8,0.0048,6.967296,FALSE
02-04-1973 08:45,16,0.0022,3.04128,FALSE
03-04-1973 08:45,16.7,0.0028,4.040064,FALSE
04-04-1973 08:45,47.4,0.0032,13.105152,FALSE
06-04-1973 08:45,57.7,0.0026,12.961728,FALSE
07-04-1973 08:45,35.3,0.003,9.14976,FALSE
08-04-1973 08:45,40.1,0.002,6.92928,FALSE
09-04-1973 08:45,42.1,0.00082,2.9827008,FALSE
10-04-1973 08:45,41.4,0.0008387,2.999996352,FALSE
11-04-1973 08:45,42.3,0.0036,13.156992,FALSE
12-04-1973 08:45,33.9,0.0014,4.100544,FALSE
13-04-1973 08:45,26.8,0.0026,6.020352,FALSE
14-04-1973 08:45,30.5,0.0011,2.89872,FALSE
15-04-1973 08:45,25.2,0.0014,3.048192,FALSE
16-04-1973 08:45,23.2,0.0075,15.0336,FALSE
17-04-1973 08:45,22.7,0.002,3.92256,FALSE
18-04-1973 08:45,22.1,0.0005,0.95472,FALSE
19-04-1973 08:45,22.4,0.0005,0.96768,FALSE
20-04-1973 08:45,21.1,0.0088,16.042752,FALSE
21-04-1973 08:45,200.6,0.0171,296.374464,FALSE
23-04-1973 08:45,67.4,0.0065,37.85184,FALSE
24-04-1973 08:45,54.4,0.0038,17.860608,FALSE
25-04-1973 08:45,54.8,0.0019,8.995968,FALSE
26-04-1973 08:45,23,0.008,15.8976,FALSE
27-04-1973 08:45,34.3,0.0037,10.965024,FALSE
28-04-1973 08:45,32.2,0.0007,1.947456,FALSE
29-04-1973 08:45,31.5,0.0007,1.90512,FALSE
30-04-1973 08:45,28.1,0.0016,3.884544,FALSE
01-05-1973 08:45,27.5,0.0059,14.0184,FALSE
02-05-1973 08:45,24.1,0.0062,12.909888,FALSE
03-05-1973 08:45,21.6,0.0021,3.919104,FALSE
04-05-1973 08:45,20,0.0075,12.96,FALSE
05-05-1973 08:45,22.4,0.0005,0.96768,FALSE
06-05-1973 08:45,27.3,0.0013,3.066336,FALSE
07-05-1973 08:45,29,0.0012,3.00672,FALSE
08-05-1973 08:45,29.2,0.0004,1.009152,FALSE
09-05-1973 08:45,26,0.0013,2.92032,FALSE
10-05-1973 08:45,22.5,0.0021,4.0824,FALSE
11-05-1973 08:45,24.9,0.0032,6.884352,FALSE
12-05-1973 08:45,24.6,0.0014,2.975616,FALSE
13-05-1973 08:45,23.7,0.0039,7.985952,FALSE
14-05-1973 08:45,23.4,0.003,6.06528,FALSE
15-05-1973 08:45,24.1,0.0034,7.079616,FALSE
16-05-1973 08:45,24.6,0.0009,1.912896,FALSE
17-05-1973 08:45,24.6,0.0014,2.975616,FALSE
18-05-1973 08:45,23.3,0.0035,7.04592,FALSE
19-05-1973 08:45,23.7,0.0044,9.009792,FALSE
20-05-1973 08:45,28.2,0.0025,6.0912,FALSE
21-05-1973 08:45,33.9,0.0038,11.130048,FALSE
22-05-1973 08:45,34.4,0.001,2.97216,FALSE
23-05-1973 08:45,44.6,0.0052,20.037888,FALSE
24-05-1973 08:45,37.3,0.0059,19.014048,FALSE
25-05-1973 08:45,32.1,0.005,13.8672,FALSE
26-05-1973 08:45,14.6,0.004,5.04576,FALSE
27-05-1973 08:45,15.5,0.0067,8.97264,FALSE
28-05-1973 08:45,15.8,0.0037,5.050944,FALSE
29-05-1973 08:45,15.4,0.006,7.98336,FALSE
30-05-1973 08:45,14.8,0.0047,6.009984,FALSE
31-05-1973 08:45,14.6,0.0071,8.956224,FALSE
01-06-1973 08:45,22.1,0.0026,4.964544,FALSE
02-06-1973 08:45,14.7,0.0118,14.986944,FALSE
03-06-1973 08:45,23.2,0.0125,25.056,FALSE
04-06-1973 08:45,22.4,0.0041,7.934976,FALSE
05-06-1973 08:45,41.7,0.0075,27.0216,FALSE
06-06-1973 08:45,66.5,0.0092,52.85952,FALSE
09-06-1973 08:45,68.9,0.0208,123.821568,FALSE
10-06-1973 08:45,69.8,0.0114,68.750208,FALSE
11-06-1973 08:45,367.5,0.0041,130.1832,FALSE
12-06-1973 08:45,511.6,0.0076,335.937024,FALSE
14-06-1973 08:45,419.3,0.0097,351.406944,FALSE
23-06-1973 08:45,488.1,0.0165,695.83536,FALSE
25-06-1973 08:45,538.2,0.0334,1553.116032,FALSE
26-06-1973 08:45,564.6,0.0348,1697.594112,FALSE
27-06-1973 08:45,681.1,0.041,2412.72864,FALSE
28-06-1973 08:45,653.2,0.0155,874.76544,FALSE
29-06-1973 08:45,559.3,0.042459,2051.768336,FALSE
30-06-1973 08:45,525.8,0.0368,1671.791616,FALSE
01-07-1973 08:45,538.5,0.0172,800.25408,FALSE
02-07-1973 08:45,608.5,0.022,1156.6368,FALSE
03-07-1973 08:45,578.8,0.0216,1080.179712,FALSE
04-07-1973 08:45,1371.2,0.0359,4253.133312,FALSE
05-07-1973 08:00,1406.7,0.0493,5991.866784,FALSE
06-07-1973 08:45,2150.6,0.04434485,8239.798173,FALSE
07-07-1973 08:45,1707.8,0.0363,5356.207296,FALSE
08-07-1973 08:45,2523.1,0.0403,8785.232352,FALSE
09-07-1973 08:45,2199.9,0.0322,6120.297792,FALSE
11-07-1973 08:45,1141.3,0.027,2662.42464,FALSE
12-07-1973 08:45,926.2,0.0636,5089.506048,FALSE
15-07-1973 08:45,700.9,0.0212,1283.824512,FALSE
16-07-1973 08:45,727.7,0.0217,1364.350176,FALSE
19-07-1973 08:45,617.3,0.0151,805.354272,FALSE
20-07-1973 08:45,599.8,0.0219,1134.917568,FALSE
25-07-1973 08:00,390.6,0.0209,705.329856,FALSE
26-07-1973 08:45,565.5,0.018,879.4656,FALSE
27-07-1973 08:45,430.2,0.0142,527.803776,FALSE
28-07-1973 08:45,327,0.0145,409.6656,FALSE
29-07-1973 08:45,269.8,0.0159,370.640448,FALSE
30-07-1973 08:45,465.5,0.0208,836.55936,FALSE
31-07-1973 08:45,619.9,0.0277,1483.594272,FALSE
01-08-1973 08:45,626.5,0.0212,1147.54752,FALSE
02-08-1973 08:45,788,0.0162,1102.94784,FALSE
03-08-1973 08:45,599,0.0279,1443.92544,FALSE
04-08-1973 08:45,586.7,0.0299,1515.657312,FALSE
05-08-1973 08:45,474.3,0.0257,1053.173664,FALSE
06-08-1973 08:45,616.3,0.0223,1187.437536,FALSE
08-08-1973 08:45,503.5,0.0199,865.69776,FALSE
09-08-1973 08:45,737.7,0.0321,2045.966688,FALSE
10-08-1973 08:45,764.8,0.0243,1605.712896,FALSE
11-08-1973 08:45,592.4,0.0102,522.070272,FALSE
12-08-1973 08:45,627.9,0.0156,846.308736,FALSE
13-08-1973 08:45,906.7,0.0251,1966.305888,FALSE
14-08-1973 08:45,827.2,0.0241,1722.428928,FALSE
16-08-1973 08:45,1028.1,0.0268,2380.586112,FALSE
17-08-1973 08:45,1208.6,0.0387,4041.171648,FALSE
18-08-1973 08:45,1205.4,0.0272,2832.786432,FALSE
20-08-1973 08:45,988.5,0.0413,3527.28432,FALSE
21-08-1973 08:45,742.6,0.0224,1437.198336,FALSE
22-08-1973 08:45,590.2,0.0255,1300.32864,FALSE
23-08-1973 08:45,614,0.0307,1628.62272,FALSE
24-08-1973 08:45,762.7,0.0355,2339.35344,FALSE
25-08-1973 08:45,665.5,0.0282,1621.47744,FALSE
26-08-1973 08:45,579.3,0.0227,1136.169504,FALSE
27-08-1973 08:45,916.8,0.035,2772.4032,FALSE
28-08-1973 08:45,1173.9,0.036,3651.29856,FALSE
31-08-1973 08:45,851,0.0402,2955.76128,FALSE
01-09-1973 08:45,629.9,0.0273,1485.757728,FALSE
02-09-1973 08:45,576.3,0.0492,2449.782144,FALSE
08-09-1973 08:45,405.1,0.0121,423.507744,FALSE
09-09-1973 08:45,330.7,0.0205,585.73584,FALSE
10-09-1973 08:45,364.8,0.0256,806.879232,FALSE
11-09-1973 08:45,343.7,0.024,712.69632,FALSE
12-09-1973 08:45,312.2,0.0303,817.314624,FALSE
13-09-1973 08:45,281.3,0.0403,979.464096,FALSE
14-09-1973 08:45,258.5,0.0155,346.1832,FALSE
15-09-1973 08:45,312,0.027,727.8336,FALSE
16-09-1973 08:45,295.9,0.0189,483.192864,FALSE
17-09-1973 08:45,183.5,0.019,301.2336,FALSE
18-09-1973 08:45,159.4,0.0115,158.37984,FALSE
19-09-1973 08:45,266.1,0.0132,303.481728,FALSE
20-09-1973 08:45,222.1,0.0119,228.354336,FALSE
21-09-1973 08:45,202.1,0.0123,214.775712,FALSE
22-09-1973 08:45,155.3,0.0128,171.749376,FALSE
23-09-1973 08:45,182.6,0.0106,167.232384,FALSE
24-09-1973 08:45,173.2,0.0104,155.630592,FALSE
25-09-1973 08:45,136,0.00927628,109.0000005,FALSE
26-09-1973 08:45,206.7,0.0099,176.802912,FALSE
27-09-1973 08:45,350.7,0.0303,918.104544,FALSE
28-09-1973 08:45,349.5,0.0162,489.18816,FALSE
30-09-1973 08:45,392.7,0.0177,600.548256,FALSE
01-10-1973 08:45,175.4,0.012,181.85472,FALSE
02-10-1973 08:45,201.2,0.0042,73.011456,FALSE
03-10-1973 08:45,181.3,0.0019,29.762208,FALSE
04-10-1973 08:45,200.2,0.0038,65.729664,FALSE
05-10-1973 08:45,164.2,0.005,70.9344,FALSE
06-10-1973 08:45,162.3,0.0023,32.252256,FALSE
07-10-1973 08:45,162.2,0.0017,23.823936,FALSE
08-10-1973 08:45,96.1,0.0061,50.648544,FALSE
09-10-1973 08:45,94.2,0.0031,25.230528,FALSE
10-10-1973 08:45,166.1,0.0066,94.716864,FALSE
11-10-1973 08:45,240.5,0.006,124.6752,FALSE
12-10-1973 08:45,114.2,0.0051,50.321088,FALSE
13-10-1973 08:45,570.5,0.0186,916.81632,FALSE
14-10-1973 08:45,311.7,0.0269,724.440672,FALSE
15-10-1973 08:45,318.7,0.0185,509.41008,FALSE
16-10-1973 08:45,270.7,0.0166,388.248768,FALSE
17-10-1973 08:45,391.7,0.0273,923.910624,FALSE
18-10-1973 08:45,260.1,0.0109,244.951776,FALSE
19-10-1973 08:45,310.8,0.0132,354.461184,FALSE
20-10-1973 08:45,191.2,0.004,66.07872,FALSE
21-10-1973 08:45,186.5,0.0088,141.79968,FALSE
22-10-1973 08:45,233,0.0133,267.74496,FALSE
23-10-1973 08:45,338.7,0.0098,286.784064,FALSE
24-10-1973 08:45,216.3,0.0071,132.687072,FALSE
25-10-1973 08:45,290.8,0.0141,354.264192,FALSE
26-10-1973 08:45,339.9,0.0075,220.2552,FALSE
27-10-1973 08:45,256,0.0104,230.03136,FALSE
28-10-1973 08:45,283.1,0.012,293.51808,FALSE
29-10-1973 08:45,385.6,0.0188,626.337792,FALSE
01-11-1973 08:45,266.7,0.0105,241.95024,FALSE
02-11-1973 08:45,310.7,0.0218,585.209664,FALSE
03-11-1973 08:45,327.9,0.0299,847.083744,FALSE
04-11-1973 08:45,371.2,0.0254,814.620672,FALSE
05-11-1973 08:45,313.8,0.0165,447.35328,FALSE
06-11-1973 08:45,274,0.0146,345.63456,FALSE
07-11-1973 08:45,219.8,0.0143,271.567296,FALSE
08-11-1973 08:45,199.5,0.0104,179.26272,FALSE
11-11-1973 08:45,113.9,0.0051,50.188896,FALSE
12-11-1973 08:45,114.7,0.0086,85.226688,FALSE
13-11-1973 08:45,110,0.0038,36.1152,FALSE
14-11-1973 08:45,124.3,0.0032,34.366464,FALSE
15-11-1973 08:45,123,0.0033,35.06976,FALSE
16-11-1973 08:45,122.3,0.0021,22.190112,FALSE
17-11-1973 08:45,196.8,0.0037,62.913024,FALSE
18-11-1973 08:45,136.8,0.0046,54.369792,FALSE
19-11-1973 08:45,94.8,0.0046,37.677312,FALSE
20-11-1973 08:45,112.7,0.0044,42.844032,FALSE
21-11-1973 08:45,114.1,0.003,29.57472,FALSE
22-11-1973 08:45,88.3,0.0047,35.856864,FALSE
23-11-1973 08:45,97.9,0.0035,29.60496,FALSE
24-11-1973 08:45,82.1,0.0025,17.7336,FALSE
25-11-1973 08:45,79.9,0.0025,17.2584,FALSE
26-11-1973 08:45,51.2,0.0045,19.90656,FALSE
27-11-1973 08:45,48.2,0.0026,10.827648,FALSE
28-11-1973 08:45,49.8,0.0035,15.05952,FALSE
29-11-1973 08:45,49.4,0.003,12.80448,FALSE
30-11-1973 08:45,47.3,0.002,8.17344,FALSE
01-12-1973 08:45,50.6,0.0023,10.055232,FALSE
02-12-1973 08:45,47.4,0.0032,13.105152,FALSE
03-12-1973 08:45,59.5,0.0025,12.852,FALSE
04-12-1973 08:45,133.5,0.0022,25.37568,FALSE
05-12-1973 08:45,104,0.0043,38.63808,FALSE
06-12-1973 08:45,64.8,0.0048,26.873856,FALSE
07-12-1973 08:45,66.1,0.0032,18.275328,FALSE
08-12-1973 08:45,62.2,0.0037,19.884096,FALSE
09-12-1973 08:45,33.6,0.0038,11.031552,FALSE
10-12-1973 08:45,32.6,0.0014,3.943296,FALSE
11-12-1973 08:45,30.7,0.0045,11.93616,FALSE
12-12-1973 08:45,36.4,0.0025,7.8624,FALSE
13-12-1973 08:45,36.3,0.0022,6.899904,FALSE
14-12-1973 08:45,35.9,0.0032,9.925632,FALSE
15-12-1973 08:45,37,0.0025,7.992,FALSE
16-12-1973 08:45,33.8,0.0034,9.929088,FALSE
17-12-1973 08:45,30.9,0.003,8.00928,FALSE
18-12-1973 08:45,42.8,0.0024,8.875008,FALSE
19-12-1973 08:45,106.7,0.0043,39.641184,FALSE
21-12-1973 08:45,39,0.0021,7.07616,FALSE
22-12-1973 08:45,35.4,0.0029,8.869824,FALSE
23-12-1973 08:45,33.6,0.0024,6.967296,FALSE
24-12-1973 08:45,31.1,0.0022,5.911488,FALSE
25-12-1973 08:45,29.4,0.0024,6.096384,FALSE
26-12-1973 08:45,28.3,0.0033,8.068896,FALSE
27-12-1973 08:45,27.4,0.003,7.10208,FALSE
28-12-1973 08:45,26.5,0.0021,4.80816,FALSE
29-12-1973 08:45,33.5,0.0024,6.94656,FALSE
31-12-1973 08:45,34.9,0.0033,9.950688,FALSE
01-01-1974 08:45,33.1,0.0021,6.005664,FALSE
02-01-1974 08:45,31.4,0.0022,5.968512,FALSE
03-01-1974 08:45,29.7,0.0027,6.928416,FALSE
04-01-1974 08:45,24.6,0.0033,7.013952,FALSE
05-01-1974 08:45,23,0.003,5.9616,FALSE
06-01-1974 08:45,22,0.0032,6.08256,FALSE
07-01-1974 08:45,18.7,0.0025,4.0392,FALSE
08-01-1974 08:45,18.3,0.0044,6.956928,FALSE
09-01-1974 08:45,17.2,0.0027,4.012416,FALSE
10-01-1974 08:45,17.3,0.0027,4.035744,FALSE
11-01-1974 08:45,15.5,0.0052,6.96384,FALSE
12-01-1974 08:45,15.3,0.003,3.96576,FALSE
13-01-1974 08:45,15.1,0.0023,3.000672,FALSE
14-01-1974 08:45,15.2,0.0023,3.020544,FALSE
15-01-1974 08:45,8.9,0.0039,2.998944,FALSE
16-01-1974 08:45,9.1,0.0038,2.987712,FALSE
17-01-1974 08:45,9.2,0.0038,3.020544,FALSE
18-01-1974 08:45,9.4,0.0025,2.0304,FALSE
19-01-1974 08:45,9.5,0.0025,2.052,FALSE
20-01-1974 08:45,9.3,0.0025,2.0088,FALSE
21-01-1974 08:45,9.2,0.0025,1.9872,FALSE
22-01-1974 08:45,9.1,0.0025,1.9656,FALSE
23-01-1974 08:45,9.3,0.0025,2.0088,FALSE
24-01-1974 08:45,9.3,0.0025,2.0088,FALSE
25-01-1974 08:45,9,0.0026,2.02176,FALSE
27-01-1974 08:45,8.4,0.0028,2.032128,FALSE
28-01-1974 08:45,8.3,0.0028,2.007936,FALSE
29-01-1974 08:45,8.8,0.0026,1.976832,FALSE
30-01-1974 08:45,8.4,0.0028,2.032128,FALSE
31-01-1974 08:45,10.2,0.0023,2.026944,FALSE
01-02-1974 08:45,11.3,0.002,1.95264,FALSE
02-02-1974 08:45,11.3,0.002,1.95264,FALSE
03-02-1974 08:45,10.7,0.0022,2.033856,FALSE
04-02-1974 08:45,9.9,0.0023,1.967328,FALSE
05-02-1974 08:45,9.7,0.0023,1.927584,FALSE
06-02-1974 08:45,10.1,0.0023,2.007072,FALSE
07-02-1974 08:45,10.1,0.0011,0.959904,FALSE
08-02-1974 08:45,9.8,0.0023,1.947456,FALSE
09-02-1974 08:45,9.5,0.0012,0.98496,FALSE
10-02-1974 08:45,10.6,0.0033,3.022272,FALSE
11-02-1974 08:45,9.9,0.0012,1.026432,FALSE
12-02-1974 08:45,9.5,0.0024,1.96992,FALSE
13-02-1974 08:45,10,0.0023,1.9872,FALSE
14-02-1974 08:45,10.3,0.0023,2.046816,FALSE
15-02-1974 08:45,10.3,0.0023,2.046816,FALSE
16-02-1974 08:45,10.1,0.0023,2.007072,FALSE
17-02-1974 08:45,9.8,0.0024,2.032128,FALSE
18-02-1974 08:45,10.2,0.0023,2.026944,FALSE
19-02-1974 08:45,9.6,0.0024,1.990656,FALSE
20-02-1974 08:45,10.2,0.0023,2.026944,FALSE
21-02-1974 08:45,9.5,0.0024,1.96992,FALSE
22-02-1974 08:45,10.7,0.0022,2.033856,FALSE
23-02-1974 08:45,9.5,0.0024,1.96992,FALSE
24-02-1974 08:45,9.5,0.0024,1.96992,FALSE
25-02-1974 08:45,10.1,0.0023,2.007072,FALSE
26-02-1974 08:45,9.8,0.0024,2.032128,FALSE
27-02-1974 08:45,9.4,0.0024,1.949184,FALSE
28-02-1974 08:45,8.9,0.0026,1.999296,FALSE
01-03-1974 08:45,22.8,0.0015,2.95488,FALSE
02-03-1974 08:45,23.4,0.002,4.04352,FALSE
03-03-1974 08:45,13.4,0.0017,1.968192,FALSE
04-03-1974 08:45,13.2,0.0017,1.938816,FALSE
05-03-1974 08:45,9.7,0.0024,2.011392,FALSE
06-03-1974 08:45,9.9,0.0012,1.026432,FALSE
07-03-1974 08:45,12.3,0.0019,2.019168,FALSE
08-03-1974 08:45,9.4,0.0025,2.0304,FALSE
09-03-1974 08:45,11.8,0.0029,2.956608,FALSE
10-03-1974 08:45,9.9,0.0024,2.052864,FALSE
11-03-1974 08:45,11.8,0.002,2.03904,FALSE
12-03-1974 08:45,9.5,0.0012,0.98496,FALSE
13-03-1974 08:45,9.5,0.0025,2.052,FALSE
14-03-1974 08:45,8.7,0.0027,2.029536,FALSE
15-03-1974 08:45,8.8,0.0013,0.988416,FALSE
16-03-1974 08:45,8.9,0.0027,2.076192,FALSE
17-03-1974 08:45,8.8,0.0027,2.052864,FALSE
18-03-1974 08:45,8.9,0.0013,0.999648,FALSE
19-03-1974 08:45,8.9,0.0013,0.999648,FALSE
20-03-1974 08:45,8.4,0.0014,1.016064,FALSE
21-03-1974 08:45,9,0.0014,1.08864,FALSE
22-03-1974 08:45,8.8,0.0013,0.988416,FALSE
23-03-1974 08:45,9.5,0.0012,0.98496,FALSE
24-03-1974 08:45,10,0.0023,1.9872,FALSE
25-03-1974 08:45,9.9,0.0024,2.052864,FALSE
26-03-1974 08:45,9.8,0.0012,1.016064,FALSE
27-03-1974 08:45,9.3,0.0012,0.964224,FALSE
28-03-1974 08:45,9,0.0027,2.09952,FALSE
29-03-1974 08:45,9.2,0.0027,2.146176,FALSE
30-03-1974 08:45,9.1,0.0013,1.022112,FALSE
31-03-1974 08:45,10.3,0.0011,0.978912,FALSE
01-04-1974 08:45,12.3,0.0019,2.019168,FALSE
02-04-1974 08:45,11.5,0.001,0.9936,FALSE
03-04-1974 08:45,11.9,0.0019,1.953504,FALSE
04-04-1974 08:45,10.3,0.0011,0.978912,FALSE
05-04-1974 08:45,9.6,0.0024,1.990656,FALSE
06-04-1974 08:45,11.3,0.002,1.95264,FALSE
07-04-1974 08:45,13.2,0.0017,1.938816,FALSE
08-04-1974 08:45,10.7,0.0011,1.016928,FALSE
09-04-1974 08:45,8.8,0.0013,0.988416,FALSE
10-04-1974 08:45,8.3,0.0014,1.003968,FALSE
11-04-1974 08:45,11.2,0.001,0.96768,FALSE
12-04-1974 08:45,9.5,0.0012,0.98496,FALSE
13-04-1974 08:45,9.4,0.0012,0.974592,FALSE
14-04-1974 08:45,10.8,0.0021,1.959552,FALSE
15-04-1974 08:45,9.7,0.0024,2.011392,FALSE
16-04-1974 08:45,9.7,0.0012,1.005696,FALSE
17-04-1974 08:45,12.7,0.0009,0.987552,FALSE
18-04-1974 08:45,13.7,0.0017,2.012256,FALSE
19-04-1974 08:45,11.8,0.0019,1.937088,FALSE
20-04-1974 08:45,9.7,0.0012,1.005696,FALSE
21-04-1974 08:45,10.1,0.0012,1.047168,FALSE
22-04-1974 08:45,9.9,0.0012,1.026432,FALSE
23-04-1974 08:45,9.5,0.0012,0.98496,FALSE
24-04-1974 08:45,57.1,0.0016,7.893504,FALSE
26-04-1974 08:45,24.5,0.0024,5.08032,FALSE
27-04-1974 08:45,16.8,0.0021,3.048192,FALSE
28-04-1974 08:45,21,0.0022,3.99168,FALSE
29-04-1974 08:45,20,0.0017,2.9376,FALSE
30-04-1974 08:45,20.7,0.0017,3.040416,FALSE
01-05-1974 08:45,20.3,0.0017,2.981664,FALSE
02-05-1974 08:45,20.9,0.0017,3.069792,FALSE
03-05-1974 08:45,18.3,0.0019,3.004128,FALSE
04-05-1974 08:45,16.7,0.0021,3.030048,FALSE
05-05-1974 08:45,15.1,0.0015,1.95696,FALSE
06-05-1974 08:45,15.9,0.0022,3.022272,FALSE
07-05-1974 08:45,17,0.002,2.9376,FALSE
08-05-1974 08:45,15.2,0.0023,3.020544,FALSE
09-05-1974 08:45,15.5,0.0023,3.08016,FALSE
10-05-1974 08:45,14.6,0.0024,3.027456,FALSE
11-05-1974 08:45,17,0.002,2.9376,FALSE
12-05-1974 08:45,15,0.0023,2.9808,FALSE
13-05-1974 08:45,16.1,0.0022,3.060288,FALSE
14-05-1974 08:45,19.9,0.0017,2.922912,FALSE
15-05-1974 08:45,22.4,0.0021,4.064256,FALSE
16-05-1974 08:45,22.5,0.0021,4.0824,FALSE
17-05-1974 08:45,19.6,0.0017,2.878848,FALSE
18-05-1974 08:45,21.3,0.0022,4.048704,FALSE
19-05-1974 08:45,20.3,0.0017,2.981664,FALSE
20-05-1974 08:45,22.9,0.0021,4.154976,FALSE
21-05-1974 08:45,25.4,0.0023,5.047488,FALSE
22-05-1974 08:45,32.6,0.0021,5.914944,FALSE
23-05-1974 08:45,55.2,0.0015,7.15392,FALSE
24-05-1974 08:45,48.8,0.0024,10.119168,FALSE
25-05-1974 08:45,59.1,0.0027,13.786848,FALSE
26-05-1974 08:45,54.3,0.0028,13.136256,FALSE
27-05-1974 08:45,76.1,0.0021,13.807584,FALSE
28-05-1974 08:45,53.7,0.0021,9.743328,FALSE
29-05-1974 08:45,49,0.0019,8.04384,FALSE
30-05-1974 08:45,51.4,0.0025,11.1024,FALSE
31-05-1974 08:45,177.5,0.0019,29.1384,FALSE
01-06-1974 08:45,86.3,0.0031,23.114592,FALSE
02-06-1974 08:45,130.8,0.0021,23.732352,FALSE
03-06-1974 08:45,150.8,0.0022,28.664064,FALSE
04-06-1974 08:45,80.6,0.0021,14.624064,FALSE
05-06-1974 08:45,45.6,0.002,7.87968,FALSE
06-06-1974 08:45,45.3,0.002,7.82784,FALSE
07-06-1974 08:45,46.5,0.0017,6.82992,FALSE
08-06-1974 08:45,32.6,0.0021,5.914944,FALSE
09-06-1974 08:45,32.3,0.0025,6.9768,FALSE
10-06-1974 08:45,32.3,0.0021,5.860512,FALSE
11-06-1974 08:45,31.9,0.0015,4.13424,FALSE
12-06-1974 08:45,50.3,0.0057,24.771744,FALSE
13-06-1974 08:45,54.5,0.0036,16.95168,FALSE
14-06-1974 08:45,118.3,0.0034,34.751808,FALSE
15-06-1974 08:45,148.6,0.0067,86.021568,FALSE
16-06-1974 08:45,147.8,0.0131,167.285952,FALSE
17-06-1974 08:45,209.4,0.0109,197.204544,FALSE
18-06-1974 08:45,202.9,0.0121,212.119776,FALSE
19-06-1974 08:45,239.8,0.0035,72.51552,FALSE
20-06-1974 08:45,218.9,0.0029,54.847584,FALSE
21-06-1974 08:45,224.5,0.0027,52.37136,FALSE
23-06-1974 08:45,203.8,0.0045,79.23744,FALSE
24-06-1974 08:45,207.5,0.0037,66.3336,FALSE
25-06-1974 08:45,158.3,0.0055,75.22416,FALSE
26-06-1974 08:45,183.4,0.0036,57.044736,FALSE
27-06-1974 08:45,196.4,0.0039,66.178944,FALSE
28-06-1974 08:45,144.6,0.0047,58.719168,FALSE
29-06-1974 08:45,289.6,0.0036,90.077184,FALSE
30-06-1974 08:45,288.5,0.0073,181.96272,FALSE
01-07-1974 08:45,214.8,0.0037,68.667264,FALSE
02-07-1974 08:45,409.3,0.0055,194.49936,FALSE
03-07-1974 08:45,303.8,0.0048,125.991936,FALSE
04-07-1974 08:45,238.2,0.0053,109.076544,FALSE
05-07-1974 08:45,459.6,0.0058,230.314752,FALSE
06-07-1974 08:45,812.4,0.0164,1151.138304,FALSE
07-07-1974 08:45,2639.6,0.0135,3078.82944,FALSE
09-07-1974 08:45,789.9,0.0362,2470.554432,FALSE
11-07-1974 08:45,1224.3,0.0218,2305.993536,FALSE
12-07-1974 08:45,863.4,0.0231,1723.208256,FALSE
15-07-1974 08:45,1221.2,0.0146,1540.470528,FALSE
16-07-1974 08:45,825.8,0.0127,906.133824,FALSE
17-07-1974 08:45,662.4,0.0155,887.08608,FALSE
18-07-1974 08:45,839.4,0.0222,1610.036352,FALSE
19-07-1974 08:45,748.6,0.0219,1416.470976,FALSE
20-07-1974 08:45,711.8,0.0128,787.193856,FALSE
22-07-1974 08:45,767.1,0.009,596.49696,FALSE
23-07-1974 08:45,752.2,0.0395,2567.10816,FALSE
26-07-1974 08:00,2565,0.0277,6138.7632,FALSE
27-07-1974 09:45,3299.6,0.6103,173987.644,FALSE
28-07-1974 08:45,3080.3,0.019,5056.62048,FALSE
29-07-1974 08:45,1827.5,0.0634,10010.6064,FALSE
30-07-1974 08:45,1778,0.0295,4531.7664,FALSE
31-07-1974 08:45,1851.1,0.0317,5069.940768,FALSE
01-08-1974 08:45,1835,0.0221,3503.8224,FALSE
02-08-1974 08:45,1804.2,0.0234,3647.659392,FALSE
03-08-1974 08:45,1744.1,0.0654,9855.141696,FALSE
04-08-1974 08:45,1508.7,0.0189,2463.646752,FALSE
05-08-1974 08:45,1233.4,0.017,1811.61792,FALSE
06-08-1974 08:45,859.1,0.0279,2070.912096,FALSE
07-08-1974 08:45,690.8,0.0248,1480.190976,FALSE
08-08-1974 08:45,572.8,0.0102,504.797184,FALSE
09-08-1974 08:45,583.6,0.0231,1164.772224,FALSE
10-08-1974 08:45,1103.7,0.0358,3413.876544,FALSE
13-08-1974 08:45,1790,0.03,4639.68,FALSE
14-08-1974 08:45,1267.9,0.0486,5323.962816,FALSE
16-08-1974 08:45,1741.9,0.1056,15892.8169,FALSE
18-08-1974 08:45,2507.9,0.0649,14062.69814,FALSE
19-08-1974 08:45,2607,0.0693,15609.46464,FALSE
20-08-1974 08:45,2703.1,0.0679,15857.89834,FALSE
24-08-1974 08:45,818.4,0.0275,1944.5184,FALSE
25-08-1974 08:45,664.2,0.0222,1273.988736,FALSE
26-08-1974 08:45,592.1,0.0229,1171.505376,FALSE
28-08-1974 08:45,413.5,0.0226,807.41664,FALSE
29-08-1974 08:45,392.2,0.0165,559.12032,FALSE
30-08-1974 08:45,393.1,0.0184,624.934656,FALSE
31-08-1974 08:45,371.7,0.0176,565.221888,FALSE
01-09-1974 08:45,346.2,0.0136,406.798848,FALSE
02-09-1974 08:45,316.2,0.0135,368.81568,FALSE
03-09-1974 08:45,301.9,0.0129,336.485664,FALSE
04-09-1974 08:45,271,0.0102,238.82688,FALSE
05-09-1974 08:45,242.7,0.008,167.75424,FALSE
06-09-1974 08:45,295.6,0.0062,158.347008,FALSE
07-09-1974 08:45,328,0.0061,172.86912,FALSE
08-09-1974 08:45,249.3,0.0041,88.312032,FALSE
09-09-1974 08:45,237.3,0.0046,94.312512,FALSE
10-09-1974 08:45,293.7,0.0049,124.340832,FALSE
11-09-1974 08:45,302.7,0.0054,141.227712,FALSE
12-09-1974 13:45,249.7,0.0058,125.129664,FALSE
13-09-1974 08:45,247.9,0.005,107.0928,FALSE
14-09-1974 08:45,362.5,0.0108,338.256,FALSE
15-09-1974 08:45,379.9,0.0115,377.46864,FALSE
16-09-1974 08:45,389.3,0.0151,507.896352,FALSE
17-09-1974 08:45,665.9,0.0249,1432.590624,FALSE
18-09-1974 08:45,636.9,0.0162,891.456192,FALSE
19-09-1974 08:45,632.1,0.0208,1135.959552,FALSE
20-09-1974 08:45,474.8,0.0131,537.397632,FALSE
21-09-1974 08:45,487.2,0.0126,530.385408,FALSE
22-09-1974 08:45,363.6,0.0121,380.121984,FALSE
23-09-1974 08:45,406.7,0.0149,523.569312,FALSE
24-09-1974 08:45,669.9,0.0194,1122.859584,FALSE
25-09-1974 08:45,1830.5,0.071437,11298.13302,FALSE
26-09-1974 08:45,1341.2,0.0323,3742.913664,FALSE
27-09-1974 08:45,893.3,0.0211,1628.521632,FALSE
28-09-1974 08:45,845.8,0.0185,1351.92672,FALSE
29-09-1974 08:45,696.4,0.0155,932.61888,FALSE
30-09-1974 08:45,799.3,0.0148,1022.080896,FALSE
01-10-1974 08:45,748.9,0.0161,1041.749856,FALSE
02-10-1974 08:45,1156.3,0.0173,1728.344736,FALSE
03-10-1974 08:45,684.8,0.0128,757.334016,FALSE
04-10-1974 08:45,628.1,0.0119,645.787296,FALSE
05-10-1974 08:45,625.2,0.0116,626.600448,FALSE
06-10-1974 08:45,577,0.0106,528.43968,FALSE
07-10-1974 08:45,545.3,0.0111,522.964512,FALSE
08-10-1974 08:45,566.4,0.0083,406.176768,FALSE
09-10-1974 08:45,435.7,0.0076,286.098048,FALSE
10-10-1974 08:45,466.3,0.0089,358.566048,FALSE
11-10-1974 08:45,393.5,0.0087,295.78608,FALSE
12-10-1974 08:45,367.3,0.0088,279.265536,FALSE
13-10-1974 08:45,354.7,0.0114,349.365312,FALSE
14-10-1974 08:45,554.8,0.0113,541.662336,FALSE
15-10-1974 08:45,393.3,0.0086,292.237632,FALSE
16-10-1974 08:45,304.7,0.0087,229.036896,FALSE
17-10-1974 08:45,295.6,0.0077,196.656768,FALSE
18-10-1974 08:45,310.9,0.0077,206.835552,FALSE
19-10-1974 08:45,205.7,0.0065,115.52112,FALSE
20-10-1974 08:45,208.1,0.0067,120.464928,FALSE
21-10-1974 08:45,201,0.0054,93.77856,FALSE
22-10-1974 08:45,181.5,0.0058,90.95328,FALSE
23-10-1974 08:45,165.1,0.0051,72.749664,FALSE
24-10-1974 08:45,158.8,0.0056,76.833792,FALSE
25-10-1974 08:45,148.7,0.006,77.08608,FALSE
26-10-1974 08:45,139.2,0.0041,49.310208,FALSE
27-10-1974 08:45,158,0.0062,84.63744,FALSE
28-10-1974 08:45,181.3,0.0065,101.81808,FALSE
29-10-1974 08:45,167.6,0.0058,83.987712,FALSE
30-10-1974 08:45,139.2,0.0066,79.377408,FALSE
31-10-1974 08:45,125.6,0.0055,59.68512,FALSE
01-11-1974 08:45,141.9,0.0067,82.143072,FALSE
02-11-1974 08:45,139.2,0.0117,140.714496,FALSE
03-11-1974 08:45,147.1,0.0043,54.650592,FALSE
04-11-1974 08:45,123.7,0.0059,63.057312,FALSE
05-11-1974 08:45,117.3,0.0037,37.498464,FALSE
06-11-1974 08:45,107.2,0.0058,53.720064,FALSE
07-11-1974 08:45,123.3,0.0058,61.788096,FALSE
08-11-1974 08:45,108.5,0.004,37.4976,FALSE
09-11-1974 08:45,286.6,0.0068,168.383232,FALSE
11-11-1974 08:45,159.3,0.0109,150.022368,FALSE
12-11-1974 08:45,167.3,0.0041,59.264352,FALSE
13-11-1974 08:45,132.8,0.0061,69.990912,FALSE
14-11-1974 08:45,222.1,0.0042,80.595648,FALSE
15-11-1974 08:45,207.7,0.0058,104.082624,FALSE
16-11-1974 08:45,220.7,0.0073,139.199904,FALSE
17-11-1974 08:45,196.4,0.0056,95.026176,FALSE
18-11-1974 08:45,130.6,0.0085,95.91264,FALSE
19-11-1974 08:45,110.6,0.0059,56.379456,FALSE
20-11-1974 08:45,103.6,0.0041,36.699264,FALSE
21-11-1974 08:45,103.8,0.0028,25.111296,FALSE
22-11-1974 08:45,105.1,0.0032,29.058048,FALSE
23-11-1974 08:45,99.4,0.0043,36.929088,FALSE
24-11-1974 08:45,103.2,0.005,44.5824,FALSE
25-11-1974 08:45,155.7,0.0053,71.298144,FALSE
26-11-1974 08:45,119,0.0044,45.23904,FALSE
27-11-1974 08:45,87.5,0.006,45.36,FALSE
28-11-1974 08:45,102.5,0.0053,46.9368,FALSE
29-11-1974 08:45,71,0.0044,26.99136,FALSE
30-11-1974 08:45,81.2,0.0044,30.868992,FALSE
01-12-1974 08:45,99.7,0.0078,67.189824,FALSE
02-12-1974 08:45,77.9,0.0021,14.134176,FALSE
03-12-1974 08:45,78.7,0.0021,14.279328,FALSE
04-12-1974 08:45,66,0.0021,11.97504,FALSE
05-12-1974 08:45,63.2,0.002,10.92096,FALSE
06-12-1974 08:45,62.9,0.0022,11.956032,FALSE
07-12-1974 08:45,58.5,0.0024,12.13056,FALSE
08-12-1974 08:45,63.4,0.0024,13.146624,FALSE
09-12-1974 08:45,42.6,0.0022,8.097408,FALSE
11-12-1974 08:45,32.6,0.0021,5.914944,FALSE
12-12-1974 08:45,32.6,0.0025,7.0416,FALSE
13-12-1974 08:45,38.2,0.0064,21.123072,FALSE
14-12-1974 08:45,32.1,0.0025,6.9336,FALSE
15-12-1974 08:45,32.3,0.0021,5.860512,FALSE
16-12-1974 08:45,32.3,0.0025,6.9768,FALSE
17-12-1974 08:45,28,0.0025,6.048,FALSE
18-12-1974 08:45,32.4,0.0025,6.9984,FALSE
19-12-1974 08:45,33.3,0.0024,6.905088,FALSE
20-12-1974 08:45,27.8,0.0025,6.0048,FALSE
21-12-1974 08:45,24.6,0.0024,5.101056,FALSE
22-12-1974 08:45,28.6,0.004,9.88416,FALSE
23-12-1974 08:45,26.4,0.0026,5.930496,FALSE
24-12-1974 08:45,28.5,0.0024,5.90976,FALSE
25-12-1974 08:45,27.9,0.0029,6.990624,FALSE
26-12-1974 08:45,24,0.0024,4.97664,FALSE
27-12-1974 08:45,25.1,0.0014,3.036096,FALSE
28-12-1974 08:45,26.3,0.0014,3.181248,FALSE
29-12-1974 08:45,29,0.0024,6.01344,FALSE
30-12-1974 08:45,24.9,0.0014,3.011904,FALSE
31-12-1974 08:45,23.3,0.0014,2.818368,FALSE
04-01-1975 08:00,34,0.0014,4.11264,FALSE
10-01-1975 08:45,7.3,0.0016,1.009152,FALSE
11-01-1975 08:45,7.2,0.0016,0.995328,FALSE
12-01-1975 08:45,7,0.0066,3.99168,FALSE
13-01-1975 08:45,6.9,0.0016,0.953856,FALSE
14-01-1975 08:45,7,0.0066,3.99168,FALSE
15-01-1975 08:45,4.8,0.0024,0.995328,FALSE
16-01-1975 08:45,4.9,0.0024,1.016064,FALSE
17-01-1975 08:45,4.6,0.005,1.9872,FALSE
18-01-1975 08:45,5.4,0.0021,0.979776,FALSE
19-01-1975 08:45,5.1,0.0023,1.013472,FALSE
20-01-1975 08:45,5.1,0.0023,1.013472,FALSE
21-01-1975 08:45,5.8,0.002,1.00224,FALSE
22-01-1975 08:45,5.6,0.0041,1.983744,FALSE
23-01-1975 08:45,8.2,0.0042,2.975616,FALSE
24-01-1975 08:45,7.4,0.0016,1.022976,FALSE
25-01-1975 08:45,7,0.0016,0.96768,FALSE
27-01-1975 08:45,5.6,0.0021,1.016064,FALSE
28-01-1975 08:45,6.6,0.0018,1.026432,FALSE
29-01-1975 08:45,6.5,0.0018,1.01088,FALSE
30-01-1975 08:45,6.8,0.0018,1.057536,FALSE
31-01-1975 08:45,5.8,0.002,1.00224,FALSE
01-02-1975 08:45,5.5,0.0021,0.99792,FALSE
02-02-1975 08:45,5.8,0.002,1.00224,FALSE
03-02-1975 08:45,6.6,0.0018,1.026432,FALSE
04-02-1975 08:45,5.9,0.002,1.01952,FALSE
05-02-1975 08:45,10.3,0.0011,0.978912,FALSE
06-02-1975 08:45,10,0.0011,0.9504,FALSE
07-02-1975 08:45,9.3,0.0062,4.981824,FALSE
08-02-1975 08:45,8.7,0.0013,0.977184,FALSE
09-02-1975 08:45,10.1,0.0023,2.007072,FALSE
10-02-1975 08:45,10.6,0.0044,4.029696,FALSE
11-02-1975 08:45,6.6,0.0018,1.026432,FALSE
12-02-1975 08:45,7.1,0.0016,0.981504,FALSE
13-02-1975 08:45,10.4,0.0023,2.066688,FALSE
14-02-1975 08:45,11.5,0.002,1.9872,FALSE
15-02-1975 08:45,13.7,0.0017,2.012256,FALSE
16-02-1975 08:45,14.9,0.0023,2.960928,FALSE
17-02-1975 08:45,15.5,0.0022,2.94624,FALSE
18-02-1975 08:45,15.2,0.0022,2.889216,FALSE
19-02-1975 08:45,10.7,0.0023,2.126304,FALSE
20-02-1975 08:45,9.3,0.0025,2.0088,FALSE
21-02-1975 08:45,8.6,0.0013,0.965952,FALSE
22-02-1975 08:45,6.4,0.0018,0.995328,FALSE
23-02-1975 08:45,6.8,0.0018,1.057536,FALSE
24-02-1975 08:45,8.3,0.0014,1.003968,FALSE
25-02-1975 08:45,6.1,0.0018,0.948672,FALSE
26-02-1975 08:45,7.5,0.0016,1.0368,FALSE
27-02-1975 08:45,7,0.0016,0.96768,FALSE
28-02-1975 08:45,7.2,0.0032,1.990656,FALSE
01-03-1975 08:45,7.1,0.0016,0.981504,FALSE
02-03-1975 08:45,8.3,0.0014,1.003968,FALSE
03-03-1975 08:45,9.1,0.0013,1.022112,FALSE
04-03-1975 08:45,8,0.0014,0.96768,FALSE
05-03-1975 08:45,9.3,0.0025,2.0088,FALSE
06-03-1975 08:45,11.5,0.006,5.9616,FALSE
07-03-1975 08:45,33.8,0.0044,12.849408,FALSE
08-03-1975 08:45,37.2,0.0044,14.141952,FALSE
09-03-1975 08:45,32.3,0.005,13.9536,FALSE
10-03-1975 08:45,37.7,0.0071,23.126688,FALSE
11-03-1975 08:45,43.9,0.0055,20.86128,FALSE
12-03-1975 08:45,41.3,0.0039,13.916448,FALSE
13-03-1975 08:45,33.1,0.0035,10.00944,FALSE
14-03-1975 08:45,12.4,0.0019,2.035584,FALSE
15-03-1975 08:45,15.8,0.0022,3.003264,FALSE
16-03-1975 08:45,12.7,0.0019,2.084832,FALSE
17-03-1975 08:45,12.6,0.0019,2.068416,FALSE
18-03-1975 08:45,11.4,0.002,1.96992,FALSE
19-03-1975 08:45,11.7,0.002,2.02176,FALSE
20-03-1975 08:45,12.1,0.0019,1.986336,FALSE
21-03-1975 08:45,9.2,0.0013,1.033344,FALSE
22-03-1975 08:45,9.3,0.0013,1.044576,FALSE
23-03-1975 08:45,9.3,0.0013,1.044576,FALSE
24-03-1975 08:45,8.7,0.0027,2.029536,FALSE
25-03-1975 08:45,9.4,0.0013,1.055808,FALSE
26-03-1975 08:45,10.4,0.0056,5.031936,FALSE
27-03-1975 08:45,10.4,0.0011,0.988416,FALSE
28-03-1975 08:45,10.5,0.0033,2.99376,FALSE
29-03-1975 08:45,10.1,0.0023,2.007072,FALSE
30-03-1975 08:45,9.9,0.0012,1.026432,FALSE
31-03-1975 08:45,11,0.0021,1.99584,FALSE
01-04-1975 08:45,9.8,0.0024,2.032128,FALSE
02-04-1975 08:45,9.2,0.0012,0.953856,FALSE
03-04-1975 08:45,9.7,0.0024,2.011392,FALSE
04-04-1975 08:45,7.9,0.0015,1.02384,FALSE
05-04-1975 08:45,8.7,0.0013,0.977184,FALSE
06-04-1975 08:45,10,0.0012,1.0368,FALSE
07-04-1975 08:45,10.3,0.0022,1.957824,FALSE
08-04-1975 08:45,10.2,0.0011,0.969408,FALSE
09-04-1975 08:45,10.6,0.0011,1.007424,FALSE
10-04-1975 08:45,10.5,0.0022,1.99584,FALSE
11-04-1975 08:45,10.3,0.0022,1.957824,FALSE
12-04-1975 08:45,13.6,0.0017,1.997568,FALSE
13-04-1975 08:45,10.7,0.0022,2.033856,FALSE
14-04-1975 08:45,13.7,0.0017,2.012256,FALSE
15-04-1975 08:45,13.8,0.0033,3.934656,FALSE
16-04-1975 08:45,32.8,0.0021,5.951232,FALSE
17-04-1975 08:45,14.6,0.0016,2.018304,FALSE
18-04-1975 08:45,12,0.0019,1.96992,FALSE
19-04-1975 08:45,10.3,0.0022,1.957824,FALSE
20-04-1975 08:45,10.9,0.0022,2.071872,FALSE
21-04-1975 08:45,9.6,0.0024,1.990656,FALSE
23-04-1975 08:45,6,0.0019,0.98496,FALSE
24-04-1975 08:45,111.7,0.0151,145.728288,FALSE
25-04-1975 08:45,23.4,0.0025,5.0544,FALSE
26-04-1975 08:45,20.6,0.0028,4.983552,FALSE
27-04-1975 08:45,22.3,0.0021,4.046112,FALSE
28-04-1975 08:45,18.6,0.0019,3.053376,FALSE
29-04-1975 08:45,40.9,0.0037,13.074912,FALSE
30-04-1975 08:45,120.9,0.0185,193.24656,FALSE
01-05-1975 08:45,44.8,0.0047,18.192384,FALSE
02-05-1975 08:45,32.9,0.0028,7.959168,FALSE
03-05-1975 08:45,25.6,0.0027,5.971968,FALSE
04-05-1975 08:45,23.5,0.0025,5.076,FALSE
05-05-1975 08:45,19,0.0018,2.95488,FALSE
06-05-1975 08:45,15.2,0.0015,1.96992,FALSE
07-05-1975 08:45,12.1,0.0048,5.018112,FALSE
08-05-1975 08:45,11.7,0.001,1.01088,FALSE
09-05-1975 08:45,14.6,0.0016,2.018304,FALSE
10-05-1975 08:45,13.3,0.0017,1.953504,FALSE
11-05-1975 08:45,13,0.0027,3.03264,FALSE
12-05-1975 08:45,11.7,0.002,2.02176,FALSE
13-05-1975 08:45,20.2,0.0017,2.966976,FALSE
14-05-1975 08:45,16.1,0.0014,1.947456,FALSE
15-05-1975 08:45,15,0.0039,5.0544,FALSE
16-05-1975 08:45,19.9,0.0017,2.922912,FALSE
17-05-1975 08:45,19,0.0012,1.96992,FALSE
19-05-1975 08:45,21.2,0.0011,2.014848,FALSE
20-05-1975 08:45,33.6,0.0017,4.935168,FALSE
21-05-1975 08:45,19.8,0.0035,5.98752,FALSE
22-05-1975 08:45,33.9,0.0017,4.979232,FALSE
23-05-1975 08:45,27.4,0.0013,3.077568,FALSE
24-05-1975 08:45,27.4,0.0017,4.024512,FALSE
26-05-1975 08:45,28,0.0012,2.90304,FALSE
27-05-1975 08:45,27.3,0.0021,4.953312,FALSE
28-05-1975 08:45,24.9,0.0023,4.948128,FALSE
29-05-1975 08:45,25.6,0.0023,5.087232,FALSE
30-05-1975 08:45,25.7,0.0014,3.108672,FALSE
31-05-1975 08:45,23.2,0.0015,3.00672,FALSE
01-06-1975 08:45,23.6,0.0039,7.952256,FALSE
02-06-1975 08:45,43.7,0.0026,9.816768,FALSE
03-06-1975 08:45,149.8,0.003,38.82816,FALSE
04-06-1975 08:45,65.4,0.0074,41.814144,FALSE
05-06-1975 08:45,56.4,0.0057,27.775872,FALSE
06-06-1975 08:45,66.5,0.0063,36.19728,FALSE
07-06-1975 08:45,187.6,0.0063,102.114432,FALSE
08-06-1975 08:00,115,0.0101,100.3536,FALSE
09-06-1975 08:45,79.6,0.006,41.26464,FALSE
10-06-1975 08:45,66.5,0.0045,25.8552,FALSE
11-06-1975 08:45,68.4,0.0035,20.68416,FALSE
12-06-1975 08:45,76.6,0.0032,21.178368,FALSE
13-06-1975 08:45,81.5,0.0028,19.71648,FALSE
14-06-1975 08:45,345.9,0.0095,283.91472,FALSE
16-06-1975 16:00,225.5,0.0357,695.55024,FALSE
17-06-1975 16:00,166.8,0.0194,279.583488,FALSE
18-06-1975 08:45,994.3,0.043,3694.02336,FALSE
19-06-1975 08:45,407.5,0.0407,1432.9656,FALSE
21-06-1975 15:00,2231.3,0.1182,22787.10662,FALSE
22-06-1975 08:45,1665.2,0.023,3309.08544,FALSE
23-06-1975 08:45,1054.1,0.0099,901.634976,FALSE
24-06-1975 08:45,956.7,0.0178,1471.328064,FALSE
25-06-1975 16:00,1959.1,0.0485,8209.41264,FALSE
26-06-1975 08:45,1763.8,0.0536,8168.228352,FALSE
27-06-1975 08:45,1596,0.088,12134.7072,FALSE
28-06-1975 08:45,1563.4,0.0448,6051.483648,FALSE
29-06-1975 08:45,1187.4,0.0352,3611.215872,FALSE
30-06-1975 08:45,1121.6,0.0172,1666.787328,FALSE
01-07-1975 08:45,794.4,0.0151,1036.406016,FALSE
02-07-1975 08:45,645.9,0.0125,697.572,FALSE
03-07-1975 08:45,572.7,0.0046,227.613888,FALSE
04-07-1975 08:45,517.7,0.0107,478.603296,FALSE
05-07-1975 08:45,476.8,0.0085,350.16192,FALSE
06-07-1975 08:45,393.9,0.0089,302.893344,FALSE
07-07-1975 08:45,433.5,0.0073,273.41712,FALSE
08-07-1975 08:45,410.9,0.0109,386.969184,FALSE
09-07-1975 08:45,390.1,0.0064,215.709696,FALSE
10-07-1975 08:45,547.4,0.0077,364.174272,FALSE
11-07-1975 08:45,1256.3,0.0236,2561.645952,FALSE
12-07-1975 08:45,1120.8,0.0197,1907.691264,FALSE
13-07-1975 08:45,2102.7,0.0204,3706.134912,FALSE
14-07-1975 08:45,1329.9,0.012447939,1430.310016,FALSE
15-07-1975 08:00,1103.2,0.0141,1343.962368,FALSE
16-07-1975 08:45,967.6,0.0122,1019.927808,FALSE
17-07-1975 08:45,1177.3,0.0109,1108.734048,FALSE
18-07-1975 08:45,836.9,0.0065,470.00304,FALSE
19-07-1975 08:45,1150.7,0.0157,1560.901536,FALSE
20-07-1975 08:45,889.9,0.009,691.98624,FALSE
21-07-1975 08:45,642.8,0.0076,422.088192,FALSE
22-07-1975 08:45,972,0.009,755.8272,FALSE
23-07-1975 15:00,848.7,0.0248,1818.526464,FALSE
24-07-1975 08:45,979.9,0.0169,1430.810784,FALSE
25-07-1975 08:45,1133.9,0.0205,2008.36368,FALSE
26-07-1975 08:45,783.4,0.0138,934.063488,FALSE
27-07-1975 08:45,575,0.0099,491.832,FALSE
28-07-1975 08:45,497.9,0.0129,554.939424,FALSE
29-07-1975 08:45,487.4,0.0111,467.436096,FALSE
30-07-1975 08:45,388.5,0.0127,426.29328,FALSE
31-07-1975 08:45,507.2,0.013,569.68704,FALSE
01-08-1975 08:45,789.6,0.0116,791.368704,FALSE
02-08-1975 08:45,491.1,0.0055,233.37072,FALSE
03-08-1975 15:00,486.6,0.0078,327.929472,FALSE
04-08-1975 08:45,707,0.012,733.0176,FALSE
05-08-1975 15:00,598.9,0.0155,802.04688,FALSE
06-08-1975 08:45,810.9,0.0218,1527.346368,FALSE
07-08-1975 08:45,1007.1,0.1377,11981.75069,FALSE
08-08-1975 08:45,2553.6,0.21152,46667.87758,FALSE
09-08-1975 08:45,1196.3,0.1431,14790.86179,FALSE
10-08-1975 08:45,1924.8,0.2123,35306.06746,FALSE
11-08-1975 08:45,3422.1,0.1929,57034.63498,FALSE
12-08-1975 16:00,2871.6,0.2217,55005.15341,FALSE
13-08-1975 08:45,3495.7,0.3616,109213.4984,FALSE
14-08-1975 16:00,3101.2,0.24916545,66762.3076,FALSE
16-08-1975 08:45,3502.4,0.2047,61943.72659,FALSE
17-08-1975 08:45,2540.6,0.0551,12094.88198,FALSE
18-08-1975 16:00,1405.9,0.0529,6425.750304,FALSE
19-08-1975 16:00,1078.7,0.0378,3522.947904,FALSE
20-08-1975 08:45,869.6,0.0251,1885.849344,FALSE
21-08-1975 08:45,730.7,0.0251,1584.625248,FALSE
22-08-1975 08:45,584.8,0.0319,1611.802368,FALSE
23-08-1975 08:45,617.4,0.026793,1429.228644,FALSE
24-08-1975 08:45,582.5,0.0197,991.4616,FALSE
25-08-1975 08:45,598.8,0.0187,967.469184,FALSE
26-08-1975 08:45,589.6,0.0232,1181.841408,FALSE
27-08-1975 08:45,1180.3,0.0762,7770.717504,FALSE
28-08-1975 08:45,2199.4,0.139,26413.91424,FALSE
29-08-1975 08:45,1394.4,0.0567,6830.998272,FALSE
30-08-1975 08:45,1438.4,0.0481,5977.760256,FALSE
31-08-1975 08:45,1185.8,0.0384,3934.199808,FALSE
01-09-1975 08:45,1038.8,0.0296,2656.668672,FALSE
02-09-1975 08:45,578.8,0.0237,1185.197184,FALSE
03-09-1975 08:45,475.5,0.0201,825.77232,FALSE
04-09-1975 08:45,460.7,0.0305,1214.03664,FALSE
05-09-1975 08:45,472.2,0.0344,1403.453952,FALSE
10-09-1975 08:45,448.3,0.0326,1262.699712,FALSE
11-09-1975 08:45,902.2,0.0274,2135.832192,FALSE
12-09-1975 08:45,547.5,0.0292,1381.2768,FALSE
13-09-1975 08:45,433.8,0.028,1049.44896,FALSE
14-09-1975 08:45,395.5,0.0309,1055.89008,FALSE
15-09-1975 08:45,387.5,0.0335,1121.58,FALSE
16-09-1975 08:45,648.6,0.046,2577.79584,FALSE
17-09-1975 08:45,578.3,0.0292,1458.981504,FALSE
18-09-1975 08:45,441.9,0.0395,1508.11632,FALSE
19-09-1975 08:45,360.2,0.0359,1117.253952,FALSE
20-09-1975 08:45,610.8,0.0514,2712.538368,FALSE
21-09-1975 08:45,537.3,0.0261,1211.632992,FALSE
22-09-1975 08:45,570.5,0.0392,1932.21504,FALSE
23-09-1975 08:45,513.8,0.0969,4301.615808,FALSE
24-09-1975 08:45,697.9,0.0771,4649.018976,FALSE
25-09-1975 08:45,494.7,0.0714,3051.784512,FALSE
26-09-1975 08:45,1353.9,0.067,7837.45632,FALSE
27-09-1975 08:45,896.4,0.0634,4910.264064,FALSE
28-09-1975 08:45,708.3,0.0851,5207.874912,FALSE
29-09-1975 08:45,715.2,0.0478,2953.718784,FALSE
30-09-1975 08:45,610,0.0565,2977.776,FALSE
01-10-1975 08:45,487.3,0.0542,2281.967424,FALSE
03-10-1975 08:45,364.4,0.0182,573.011712,FALSE
04-10-1975 08:45,347.8,0.0164,492.818688,FALSE
06-10-1975 08:45,497.9,0.0194,834.560064,FALSE
07-10-1975 08:45,557.2,0.0283,1362.420864,FALSE
08-10-1975 08:45,657.2,0.0297,1686.427776,FALSE
09-10-1975 08:45,480.6,0.0271,1125.296064,FALSE
10-10-1975 08:45,1065.8,0.0407,3747.864384,FALSE
14-10-1975 08:45,608.9,0.0322,1694.008512,FALSE
15-10-1975 08:45,474.5,0.0254,1041.31872,FALSE
16-10-1975 08:45,465.1,0.0267,1072.929888,FALSE
17-10-1975 08:45,371.6,0.0196,629.282304,FALSE
18-10-1975 08:45,297.5,0.0205,526.932,FALSE
19-10-1975 16:00,312.2,0.0213,574.547904,FALSE
20-10-1975 08:45,297.4,0.0169,434.251584,FALSE
21-10-1975 08:45,255.9,0.0177,391.342752,FALSE
22-10-1975 08:45,468.1,0.0227,918.075168,FALSE
23-10-1975 08:45,376.4,0.0324,1053.679104,FALSE
24-10-1975 08:45,435.6,0.035,1317.2544,FALSE
25-10-1975 08:45,335.6,0.0266,771.289344,FALSE
26-10-1975 08:45,257,0.023,510.7104,FALSE
27-10-1975 08:45,444.7,0.0295,1133.45136,FALSE
28-10-1975 08:45,392.6,0.0254,861.584256,FALSE
29-10-1975 08:45,371.8,0.0172,552.524544,FALSE
30-10-1975 08:45,388.3,0.0177,593.819424,FALSE
31-10-1975 08:45,296.2,0.0331,847.084608,FALSE
01-11-1975 08:45,486.9,0.0254,1068.531264,FALSE
02-11-1975 08:45,429.3,0.0264,979.216128,FALSE
03-11-1975 08:45,945.6,0.0406,3317.013504,FALSE
04-11-1975 08:45,604.2,0.0266,1388.596608,FALSE
05-11-1975 16:00,383.7,0.0221,732.652128,FALSE
06-11-1975 08:45,402.7,0.0217,755.014176,FALSE
07-11-1975 08:45,365.9,0.0163,515.304288,FALSE
08-11-1975 08:45,428.4,0.0294,1088.204544,FALSE
09-11-1975 08:45,260.2,0.0172,386.678016,FALSE
10-11-1975 16:00,234.2,0.0197,398.627136,FALSE
11-11-1975 08:45,244.4,0.014,295.62624,FALSE
12-11-1975 08:45,287.7,0.0162,402.687936,FALSE
13-11-1975 08:45,218.3,0.0207,390.425184,FALSE
14-11-1975 08:45,177.2,0.0235,359.78688,FALSE
15-11-1975 08:45,197.4,0.0152,259.241472,FALSE
16-11-1975 08:45,280.6,0.0189,458.208576,FALSE
17-11-1975 08:45,167.1,0.0153,220.892832,FALSE
18-11-1975 08:45,172.5,0.0052,77.5008,FALSE
19-11-1975 08:45,198,0.0074,126.59328,FALSE
20-11-1975 10:00,153.5,0.0079,104.77296,FALSE
21-11-1975 08:45,112.1,0.0084,81.357696,FALSE
22-11-1975 08:45,105.8,0.0086,78.613632,FALSE
23-11-1975 08:45,106.6,0.0097,89.339328,FALSE
24-11-1975 08:45,105.3,0.0086,78.242112,FALSE
25-11-1975 08:45,99.6,0.008,68.84352,FALSE
26-11-1975 08:45,96.2,0.0079,65.662272,FALSE
27-11-1975 08:45,71,0.0081,49.68864,FALSE
28-11-1975 08:45,67.5,0.0093,54.2376,FALSE
29-11-1975 08:45,79.6,0.0076,52.268544,FALSE
30-11-1975 08:45,78.5,0.0077,52.22448,FALSE
01-12-1975 08:45,75.7,0.0044,28.778112,FALSE
02-12-1975 08:45,53,0.0105,48.0816,FALSE
03-12-1975 08:45,52.8,0.0077,35.126784,FALSE
04-12-1975 08:45,54.8,0.0089,42.139008,FALSE
05-12-1975 08:45,53.7,0.0056,25.982208,FALSE
06-12-1975 08:45,54.9,0.0086,40.792896,FALSE
07-12-1975 08:45,55.5,0.0035,16.7832,FALSE
08-12-1975 08:45,53.2,0.0024,11.031552,FALSE
09-12-1975 08:45,51.2,0.0018,7.962624,FALSE
10-12-1975 08:45,47.3,0.0039,15.938208,FALSE
11-12-1975 08:45,42,0.0063,22.86144,FALSE
12-12-1975 08:45,42.1,0.022,80.02368,FALSE
13-12-1975 08:45,35.6,0.0155,47.67552,FALSE
14-12-1975 08:45,36.8,0.0085,27.02592,FALSE
15-12-1975 08:45,30.4,0.0084,22.063104,FALSE
16-12-1975 08:45,40.6,0.0131,45.952704,FALSE
17-12-1975 08:45,35.9,0.0074,22.953024,FALSE
18-12-1975 08:45,46.5,0.0057,22.90032,FALSE
19-12-1975 08:45,32.5,0.0078,21.9024,FALSE
20-12-1975 08:45,25.3,0.0073,15.957216,FALSE
21-12-1975 08:45,25.8,0.0018,4.012416,FALSE
22-12-1975 08:45,24,0.0024,4.97664,FALSE
23-12-1975 08:45,26.5,0.0017,3.89232,FALSE
24-12-1975 08:45,28.1,0.0054,13.110336,FALSE
25-12-1975 08:45,21.3,0.0043,7.913376,FALSE
26-12-1975 08:45,20,0.0046,7.9488,FALSE
27-12-1975 08:45,18.1,0.0064,10.008576,FALSE
28-12-1975 08:45,17.9,0.0045,6.95952,FALSE
29-12-1975 08:45,17.8,0.0098,15.071616,FALSE
30-12-1975 08:45,18.2,0.0032,5.031936,FALSE
31-12-1975 08:45,33.2,0.0052,14.916096,FALSE
01-01-1976 08:45,30.6,0.0034,8.989056,FALSE
02-01-1976 08:45,28.4,0.0049,12.023424,FALSE
03-01-1976 08:45,26.5,0.0048,10.99008,FALSE
05-01-1976 08:45,25,0.0046,9.936,FALSE
06-01-1976 08:45,24.7,0.0052,11.097216,FALSE
07-01-1976 08:45,28.6,0.0028,6.918912,FALSE
08-01-1976 08:45,24.6,0.0047,9.989568,FALSE
09-01-1976 08:45,21.4,0.0027,4.992192,FALSE
10-01-1976 08:45,32.5,0.0043,12.0744,FALSE
12-01-1976 08:45,23.8,0.0029,5.963328,FALSE
13-01-1976 08:45,22,0.0037,7.03296,FALSE
14-01-1976 08:45,21.3,0.0027,4.968864,FALSE
15-01-1976 08:45,24.2,0.0048,10.036224,FALSE
16-01-1976 08:45,21.8,0.0037,6.969024,FALSE
17-01-1976 08:45,22,0.0037,7.03296,FALSE
19-01-1976 08:45,16.5,0.0028,3.99168,FALSE
20-01-1976 08:45,17.4,0.0046,6.915456,FALSE
21-01-1976 08:45,18,0.0064,9.95328,FALSE
22-01-1976 08:45,20.8,0.005,8.9856,FALSE
23-01-1976 08:45,24.5,0.0076,16.08768,FALSE
24-01-1976 08:45,21.8,0.0074,13.938048,FALSE
27-01-1976 08:45,18.5,0.0025,3.996,FALSE
28-01-1976 08:45,20.8,0.005,8.9856,FALSE
29-01-1976 08:45,20.5,0.004,7.0848,FALSE
30-01-1976 08:45,22.9,0.0066,13.058496,FALSE
31-01-1976 08:45,20.7,0.005,8.9424,FALSE
01-02-1976 08:45,18.7,0.0074,11.956032,FALSE
02-02-1976 08:45,15,0.0077,9.9792,FALSE
03-02-1976 08:45,15.5,0.009,12.0528,FALSE
04-02-1976 08:45,25.6,0.005,11.0592,FALSE
05-02-1976 08:45,13.9,0.0091,10.928736,FALSE
06-02-1976 08:45,14.2,0.0073,8.956224,FALSE
07-02-1976 08:45,13.9,0.0058,6.965568,FALSE
09-02-1976 08:45,13.3,0.007,8.04384,FALSE
10-02-1976 08:45,12.3,0.0038,4.038336,FALSE
11-02-1976 08:45,13,0.0053,5.95296,FALSE
12-02-1976 08:45,12.6,0.0028,3.048192,FALSE
13-02-1976 08:45,15.6,0.0037,4.987008,FALSE
14-02-1976 08:45,19,0.0049,8.04384,FALSE
15-02-1976 08:45,17.1,0.0034,5.023296,FALSE
16-02-1976 08:45,18.6,0.0056,8.999424,FALSE
17-02-1976 08:45,17.6,0.0046,6.994944,FALSE
18-02-1976 08:45,16.3,0.0057,8.027424,FALSE
19-02-1976 08:45,11.6,0.005,5.0112,FALSE
20-02-1976 08:45,10.9,0.0053,4.991328,FALSE
21-02-1976 08:45,10.8,0.0064,5.971968,FALSE
23-02-1976 08:45,14.5,0.0048,6.01344,FALSE
24-02-1976 08:45,12.9,0.0054,6.018624,FALSE
25-02-1976 08:45,14.2,0.0057,6.993216,FALSE
26-02-1976 08:45,17.1,0.0054,7.978176,FALSE
27-02-1976 08:45,17.4,0.0027,4.059072,FALSE
28-02-1976 08:45,17.2,0.004,5.94432,FALSE
01-03-1976 08:45,14.6,0.0024,3.027456,FALSE
02-03-1976 08:45,12.3,0.0028,2.975616,FALSE
03-03-1976 08:45,12.5,0.0046,4.968,FALSE
04-03-1976 08:45,13.3,0.0052,5.975424,FALSE
05-03-1976 08:45,12.2,0.0038,4.005504,FALSE
06-03-1976 08:45,12.2,0.0038,4.005504,FALSE
08-03-1976 08:45,12.4,0.0028,2.999808,FALSE
09-03-1976 08:45,12.8,0.0045,4.97664,FALSE
10-03-1976 08:45,9.7,0.0048,4.022784,FALSE
11-03-1976 08:45,14.2,0.0041,5.030208,FALSE
12-03-1976 08:45,12.8,0.0054,5.971968,FALSE
13-03-1976 08:45,11.5,0.003,2.9808,FALSE
14-03-1976 08:45,11.9,0.003,3.08448,FALSE
15-03-1976 08:45,12.4,0.0045,4.82112,FALSE
16-03-1976 08:45,12.4,0.0045,4.82112,FALSE
17-03-1976 08:45,11.9,0.0049,5.037984,FALSE
18-03-1976 08:45,12.1,0.0057,5.959008,FALSE
19-03-1976 08:45,11.1,0.0021,2.013984,FALSE
20-03-1976 08:45,12.2,0.0047,4.954176,FALSE
22-03-1976 08:45,10.6,0.0033,3.022272,FALSE
23-03-1976 08:45,10.3,0.0045,4.00464,FALSE
24-03-1976 08:45,9.7,0.0036,3.017088,FALSE
25-03-1976 08:45,10.6,0.0055,5.03712,FALSE
26-03-1976 08:45,11.1,0.0042,4.027968,FALSE
27-03-1976 08:45,11.9,0.0047,4.832352,FALSE
28-03-1976 08:45,15.6,0.003,4.04352,FALSE
29-03-1976 08:45,13.7,0.0034,4.024512,FALSE
30-03-1976 08:45,12.5,0.0037,3.996,FALSE
31-03-1976 08:45,11.6,0.007,7.01568,FALSE
01-04-1976 08:45,11.6,0.005,5.0112,FALSE
02-04-1976 08:45,11.8,0.0078,7.952256,FALSE
03-04-1976 08:45,13.6,0.0076,8.930304,FALSE
04-04-1976 08:45,30.8,0.0068,18.095616,FALSE
05-04-1976 08:45,33.7,0.0072,20.964096,FALSE
06-04-1976 08:45,18.1,0.0064,10.008576,FALSE
07-04-1976 08:45,16.3,0.0092,12.956544,FALSE
08-04-1976 08:45,25.5,0.0068,14.98176,FALSE
09-04-1976 08:45,21.9,0.009,17.02944,FALSE
10-04-1976 08:45,19.8,0.0053,9.066816,FALSE
12-04-1976 08:45,11.7,0.0059,5.964192,FALSE
13-04-1976 08:45,10.7,0.0043,3.975264,FALSE
14-04-1976 08:45,13.3,0.0035,4.02192,FALSE
15-04-1976 08:45,13.2,0.0035,3.99168,FALSE
16-04-1976 08:45,26.6,0.003,6.89472,FALSE
17-04-1976 08:45,27.8,0.0037,8.887104,FALSE
18-04-1976 08:45,26.9,0.0034,7.902144,FALSE
19-04-1976 08:45,26.9,0.003,6.97248,FALSE
20-04-1976 08:45,15.7,0.0022,2.984256,FALSE
21-04-1976 08:45,15.9,0.0029,3.983904,FALSE
22-04-1976 08:45,14.6,0.0032,4.036608,FALSE
23-04-1976 08:45,19.2,0.0036,5.971968,FALSE
24-04-1976 08:45,21.8,0.0037,6.969024,FALSE
25-04-1976 08:45,29.1,0.0032,8.045568,FALSE
26-04-1976 08:45,13.8,0.0034,4.053888,FALSE
27-04-1976 08:45,28.3,0.0037,9.046944,FALSE
28-04-1976 08:45,60.1,0.0035,18.17424,FALSE
29-04-1976 08:45,62.5,0.0039,21.06,FALSE
30-04-1976 08:45,55.8,0.0037,17.838144,FALSE
01-05-1976 08:45,53.2,0.0041,18.845568,FALSE
02-05-1976 08:45,30.7,0.003,7.95744,FALSE
03-05-1976 08:45,17.3,0.0027,4.035744,FALSE
04-05-1976 08:45,14.1,0.0033,4.020192,FALSE
05-05-1976 08:45,13.8,0.0042,5.007744,FALSE
06-05-1976 08:45,16.4,0.0035,4.95936,FALSE
07-05-1976 08:45,15.2,0.0046,6.041088,FALSE
08-05-1976 08:45,11.7,0.004,4.04352,FALSE
09-05-1976 08:45,15.9,0.0036,4.945536,FALSE
10-05-1976 08:45,16.1,0.0029,4.034016,FALSE
11-05-1976 08:45,12.4,0.0028,2.999808,FALSE
12-05-1976 08:45,9.1,0.0025,1.9656,FALSE
13-05-1976 08:45,18.6,0.0056,8.999424,FALSE
14-05-1976 08:45,19.3,0.0042,7.003584,FALSE
15-05-1976 08:45,97.1,0.019,159.39936,FALSE
16-05-1976 08:45,32,0.0083,22.94784,FALSE
17-05-1976 08:45,31.9,0.0054,14.883264,FALSE
18-05-1976 08:45,45.9,0.0033,13.087008,FALSE
19-05-1976 08:45,28.7,0.004,9.91872,FALSE
20-05-1976 08:45,20.1,0.0023,3.994272,FALSE
21-05-1976 08:45,16,0.0014,1.93536,FALSE
22-05-1976 08:45,14.3,0.0024,2.965248,FALSE
23-05-1976 08:45,15.7,0.0022,2.984256,FALSE
24-05-1976 08:45,16.9,0.0048,7.008768,FALSE
25-05-1976 08:45,15.3,0.0038,5.023296,FALSE
26-05-1976 08:45,9.5,0.0012,0.98496,FALSE
27-05-1976 08:45,14.3,0.0024,2.965248,FALSE
28-05-1976 08:45,9.5,0.0012,0.98496,FALSE
29-05-1976 08:45,9.1,0.0012,0.943488,FALSE
30-05-1976 08:45,14.4,0.008,9.95328,FALSE
31-05-1976 08:45,16.8,0.0043,6.241536,FALSE
01-06-1976 08:45,39.4,0.0044,14.978304,FALSE
02-06-1976 08:45,37.6,0.0055,17.86752,FALSE
03-06-1976 08:45,31.7,0.0032,8.764416,FALSE
04-06-1976 08:45,25.8,0.0013,2.897856,FALSE
05-06-1976 08:45,28.2,0.0016,3.898368,FALSE
06-06-1976 08:45,22.7,0.002,3.92256,FALSE
07-06-1976 08:45,24.3,0.0014,2.939328,FALSE
08-06-1976 08:45,30.8,0.0022,5.854464,FALSE
09-06-1976 08:45,27.1,0.0038,8.897472,FALSE
10-06-1976 08:45,25.1,0.0014,3.036096,FALSE
11-06-1976 08:45,39.5,0.0038,12.96864,FALSE
12-06-1976 08:45,40,0.0047,16.2432,FALSE
13-06-1976 08:45,43,0.0029,10.77408,FALSE
14-06-1976 08:45,34.4,0.002,5.94432,FALSE
15-06-1976 08:45,20.3,0.0023,4.034016,FALSE
16-06-1976 08:45,16.6,0.0007,1.003968,FALSE
17-06-1976 08:45,8.8,0.0013,0.988416,FALSE
18-06-1976 08:45,11.2,0.001,0.96768,FALSE
19-06-1976 08:45,7.6,0.0015,0.98496,FALSE
20-06-1976 08:45,9.9,0.0023,1.967328,FALSE
21-06-1976 08:45,6.5,0.0018,1.01088,FALSE
22-06-1976 08:45,8.7,0.0027,2.029536,FALSE
23-06-1976 08:45,11.8,0.001,1.01952,FALSE
24-06-1976 08:45,16.2,0.0029,4.059072,FALSE
25-06-1976 08:45,276.2,0.2646,6314.329728,FALSE
26-06-1976 08:45,153.8,0.0221,293.671872,FALSE
27-06-1976 10:00,111.6,0.0073,70.388352,FALSE
28-06-1976 09:45,138,0.0075,89.424,FALSE
29-06-1976 08:45,199.5,0.0223,384.38064,FALSE
30-06-1976 08:45,113.1,0.0074,72.311616,FALSE
01-08-1976 08:45,305.6,0.0417,1101.040128,FALSE
02-08-1976 08:45,330.5,0.0589,1681.90128,FALSE
03-08-1976 08:45,1449.4,0.0795,9955.63872,FALSE
04-08-1976 08:45,1503,0.1129,14661.10368,FALSE
05-08-1976 08:45,1732.4,0.1335,19982.19456,FALSE
06-08-1976 08:45,614.2,0.0551,2923.985088,FALSE
07-08-1976 08:45,446.1,0.045,1734.4368,FALSE
08-08-1976 08:45,339.3,0.0451,1322.129952,FALSE
09-08-1976 08:45,287.3,0.0444,1102.128768,FALSE
10-08-1976 08:45,242.6,0.0085,178.16544,FALSE
11-08-1976 08:45,207.5,0.0112,200.7936,FALSE
12-08-1976 08:45,212.3,0.007,128.39904,FALSE
13-08-1976 08:45,164.9,0.0069,98.306784,FALSE
14-08-1976 08:45,155.3,0.004,53.67168,FALSE
16-08-1976 08:45,159.4,0.0023,31.675968,FALSE
17-08-1976 08:45,127.7,0.0062,68.406336,FALSE
18-08-1976 08:45,146.1,0.0074,93.410496,FALSE
19-08-1976 08:45,131.1,0.0065,73.62576,FALSE
20-08-1976 08:45,237.5,0.0059,121.068,FALSE
21-08-1976 08:45,205.3,0.006,106.42752,FALSE
22-08-1976 08:45,218,0.0042,79.10784,FALSE
23-08-1976 08:45,263.7,0.0309,704.015712,FALSE
24-08-1976 08:45,355.7,0.0502,1542.770496,FALSE
25-08-1976 08:45,753.7,0.0359,2337.796512,FALSE
26-08-1976 08:45,527.5,0.0286,1303.4736,FALSE
27-08-1976 08:45,720.2,0.0217,1350.288576,FALSE
28-08-1976 08:45,515.2,0.0328,1460.035584,FALSE
29-08-1976 08:45,516.7,0.016664,743.9289523,FALSE
30-08-1976 08:45,538.5,0.0131,609.49584,FALSE
31-08-1976 08:45,584,0.0195,983.9232,FALSE
01-09-1976 08:45,476.4,0.0149,613.298304,FALSE
02-09-1976 08:45,440.1,0.0266,1011.455424,FALSE
03-09-1976 08:45,513,0.0279,1236.61728,FALSE
04-09-1976 08:45,468.9,0.041144,1666.865226,FALSE
05-09-1976 08:45,399.9,0.0163,563.187168,FALSE
06-09-1976 08:45,310.2,0.0154,412.739712,FALSE
07-09-1976 08:45,337.6,0.008,233.34912,FALSE
08-09-1976 08:45,286.3,0.0124,306.730368,FALSE
09-09-1976 08:45,253.7,0.0175,383.5944,FALSE
10-09-1976 08:45,223,0.0104,200.37888,FALSE
11-09-1976 08:45,181,0.0113,176.71392,FALSE
13-09-1976 08:45,269.5,0.0088,204.90624,FALSE
14-09-1976 08:45,232,0.0121,242.54208,FALSE
15-09-1976 08:45,243.3,0.0106,222.823872,FALSE
16-09-1976 08:45,178.4,0.0172,265.116672,FALSE
17-09-1976 08:45,179.2,0.0094,145.539072,FALSE
18-09-1976 08:45,151.1,0.0078,101.829312,FALSE
19-09-1976 08:45,124.8,0.0043,46.365696,FALSE
20-09-1976 08:45,73.6,0.0097,61.682688,FALSE
21-09-1976 08:45,80.2,0.0032,22.173696,FALSE
22-09-1976 08:45,94.8,0.0034,27.848448,FALSE
23-09-1976 08:45,91.2,0.0051,40.186368,FALSE
24-09-1976 08:45,83.3,0.0138,99.320256,FALSE
25-09-1976 08:45,61.6,0.0109,58.012416,FALSE
27-09-1976 08:45,261.8,0.0178,402.627456,FALSE
28-09-1976 08:45,111.1,0.0099,95.030496,FALSE
29-09-1976 08:45,103.6,0.0131,117.258624,FALSE
30-09-1976 08:45,77.9,0.0025,16.8264,FALSE
02-10-1976 08:45,51.8,0.0187,83.692224,FALSE
03-10-1976 08:45,85.6,0.0181,133.864704,FALSE
04-10-1976 08:45,120.2,0.018,186.93504,FALSE
05-10-1976 08:45,99.8,0.0078,67.257216,FALSE
06-10-1976 08:45,82.2,0.0186,132.098688,FALSE
07-10-1976 08:45,92.6,0.0152,121.609728,FALSE
08-10-1976 08:45,126.1,0.0186,202.647744,FALSE
09-10-1976 08:45,135.8,0.0096,112.637952,FALSE
10-10-1976 08:45,189.2,0.0135,220.68288,FALSE
11-10-1976 08:45,282.5,0.0279,680.9832,FALSE
12-10-1976 08:45,373.5,0.1813,5850.62352,FALSE
13-10-1976 08:45,308.9,0.0279,744.621984,FALSE
14-10-1976 08:45,218.3,0.061,1150.52832,FALSE
15-10-1976 08:45,144.2,0.0237,295.275456,FALSE
16-10-1976 08:45,131.7,0.0235,267.40368,FALSE
18-10-1976 08:45,187.2,0.0143,231.289344,FALSE
19-10-1976 08:45,222,0.0079,151.52832,FALSE
20-10-1976 08:45,250,0.0061,131.76,FALSE
21-10-1976 08:45,231.4,0.0095,189.93312,FALSE
22-10-1976 08:45,136.3,0.007,82.43424,FALSE
23-10-1976 08:45,132.3,0.0061,69.727392,FALSE
24-10-1976 08:45,126.9,0.0094,103.063104,FALSE
25-10-1976 08:45,96.5,0.0096,80.04096,FALSE
26-10-1976 08:45,137.3,0.0176,208.783872,FALSE
27-10-1976 08:45,150.1,0.0056,72.624384,FALSE
28-10-1976 08:45,100.7,0.0058,50.462784,FALSE
29-10-1976 08:45,79,0.0092,62.79552,FALSE
30-10-1976 08:45,109.9,0.0117,111.095712,FALSE
01-11-1976 08:45,90.3,0.0061,47.591712,FALSE
02-11-1976 08:45,187.5,0.0102,165.24,FALSE
03-11-1976 08:45,137.3,0.0111,131.676192,FALSE
04-11-1976 08:45,117.8,0.0046,46.818432,FALSE
05-11-1976 08:45,134.6,0.0183,212.818752,FALSE
06-11-1976 08:45,88.4,0.0121,92.416896,FALSE
07-11-1976 08:45,193,0.0102,170.08704,FALSE
08-11-1976 08:45,282.4,0.0503,1227.287808,FALSE
09-11-1976 08:45,390.4,0.0435,1467.27936,FALSE
10-11-1976 08:45,279.9,0.0286,691.644096,FALSE
11-11-1976 08:45,254.1,0.0985,2162.49264,FALSE
12-11-1976 08:45,295.8,0.0545,1392.86304,FALSE
13-11-1976 08:45,204.6,0.0322,569.213568,FALSE
14-11-1976 08:45,229.3,0.0183,362.550816,FALSE
15-11-1976 08:45,159.6,0.0078,107.557632,FALSE
16-11-1976 08:45,169.2,0.0181,264.601728,FALSE
17-11-1976 08:45,227,0.0117,229.46976,FALSE
18-11-1976 08:45,253.2,0.0214,468.156672,FALSE
19-11-1976 08:45,430.4,0.0376,1398.214656,FALSE
20-11-1976 08:45,404.8,0.10315776,3607.913772,FALSE
22-11-1976 08:45,448.3,0.0105,406.69776,FALSE
23-11-1976 08:45,217.9,0.0145,272.98512,FALSE
24-11-1976 08:45,229.2,0.0033,65.349504,FALSE
25-11-1976 08:45,197.6,0.0152,259.504128,FALSE
26-11-1976 08:45,184.2,0.0093,148.008384,FALSE
27-11-1976 08:45,182,0.0098,154.10304,FALSE
28-11-1976 08:45,188,0.015,243.648,FALSE
29-11-1976 08:45,188.3,0.0061,99.241632,FALSE
30-11-1976 08:45,226.9,0.0123,241.131168,FALSE
01-12-1976 08:45,217.2,0.0347,651.182976,FALSE
02-12-1976 08:45,166.1,0.023,330.07392,FALSE
03-12-1976 08:45,130.5,0.0215,242.4168,FALSE
04-12-1976 08:45,128.6,0.0063,69.999552,FALSE
06-12-1976 08:45,128.4,0.0022,24.406272,FALSE
07-12-1976 08:45,139.7,0.0029,35.003232,FALSE
08-12-1976 08:45,116.4,0.0019,19.108224,FALSE
09-12-1976 08:45,76.7,0.005,33.1344,FALSE
10-12-1976 08:45,106.9,0.0082,75.736512,FALSE
11-12-1976 08:45,79.5,0.0078,53.57664,FALSE
12-12-1976 08:45,65.4,0.0057,32.208192,FALSE
13-12-1976 08:45,47.7,0.0036,14.836608,FALSE
14-12-1976 08:45,58.5,0.002,10.1088,FALSE
15-12-1976 08:45,46.3,0.0045,18.00144,FALSE
16-12-1976 08:45,65.4,0.0022,12.431232,FALSE
17-12-1976 08:45,43.8,0.0022,8.325504,FALSE
18-12-1976 08:45,45.5,0.003,11.7936,FALSE
19-12-1976 08:45,45.1,0.0043,16.755552,FALSE
20-12-1976 08:45,48.5,0.008,33.5232,FALSE
21-12-1976 08:45,33.9,0.0039,11.422944,FALSE
22-12-1976 08:45,37.6,0.0015,4.87296,FALSE
23-12-1976 08:45,39.7,0.0009,3.087072,FALSE
24-12-1976 08:45,30.9,0.0011,2.936736,FALSE
25-12-1976 08:45,27.4,0.0038,8.995968,FALSE
27-12-1976 08:45,25.7,0.0018,3.996864,FALSE
28-12-1976 08:45,15.8,0.0029,3.958848,FALSE
29-12-1976 08:45,19.5,0.0024,4.04352,FALSE
30-12-1976 08:45,34.3,0.0013,3.852576,FALSE
31-12-1976 08:45,29.9,0.0042,10.850112,FALSE
01-01-1977 08:45,17.6,0.0007,1.064448,FALSE
02-01-1977 08:45,18,0.0007,1.08864,FALSE
03-01-1977 08:45,12.1,0.002,2.09088,FALSE
04-01-1977 08:45,15.8,0.0001,0.136512,FALSE
05-01-1977 08:45,12.3,0.0009,0.956448,FALSE
06-01-1977 08:45,13.3,0.0017,1.953504,FALSE
07-01-1977 08:45,13.9,0,0,TRUE
08-01-1977 08:45,13.3,0,0,TRUE
09-01-1977 08:45,14,0,0,TRUE
10-01-1977 08:45,12.7,0,0,TRUE
11-01-1977 08:45,13.1,0,0,TRUE
12-01-1977 08:45,9.3,0,0,TRUE
13-01-1977 08:45,8.3,0,0,TRUE
14-01-1977 08:45,8.8,0.0013,0.988416,FALSE
15-01-1977 08:45,9,0.0013,1.01088,FALSE
17-01-1977 08:45,10.3,0.0023,2.046816,FALSE
18-01-1977 08:45,16.5,0.0021,2.99376,FALSE
19-01-1977 08:45,11.3,0.002,1.95264,FALSE
20-01-1977 08:45,6.9,0.00838,4.9958208,FALSE
21-01-1977 08:45,7.6,0.0061,4.005504,FALSE
22-01-1977 08:45,9.6,0.0013,1.078272,FALSE
24-01-1977 08:45,11.7,0.003,3.03264,FALSE
25-01-1977 08:45,10.6,0.0011,1.007424,FALSE
27-01-1977 08:45,11.7,0.003,3.03264,FALSE
28-01-1977 08:45,12.2,0.0019,2.002752,FALSE
29-01-1977 08:45,9.8,0.0012,1.016064,FALSE
31-01-1977 08:45,10.5,0,0,TRUE
01-02-1977 08:45,9,0,0,TRUE
02-02-1977 08:45,19.3,0.0066,11.005632,FALSE
03-02-1977 08:45,17.6,0.0013,1.976832,FALSE
04-02-1977 08:45,11,0,0,TRUE
05-02-1977 08:45,22.2,0.0031,5.946048,FALSE
06-02-1977 08:45,25.6,0.0018,3.981312,FALSE
07-02-1977 08:45,14.1,0.0025,3.0456,FALSE
08-02-1977 08:45,8.9,0.0026,1.999296,FALSE
09-02-1977 08:45,8.9,0.0026,1.999296,FALSE
10-02-1977 08:45,6.3,0.0018,0.979776,FALSE
11-02-1977 08:45,10.4,0.001,0.89856,FALSE
12-02-1977 08:45,7.7,0,0,TRUE
13-02-1977 08:45,5.5,0.0021,0.99792,FALSE
14-02-1977 08:45,5.5,0,0,TRUE
15-02-1977 08:45,5.4,0,0,TRUE
16-02-1977 08:45,18.3,0.0025,3.9528,FALSE
17-02-1977 08:45,17.1,0.0034,5.023296,FALSE
18-02-1977 08:45,15.4,0.0008,1.064448,FALSE
19-02-1977 08:45,10.1,0.0011,0.959904,FALSE
20-02-1977 08:45,10.2,0,0,TRUE
21-02-1977 08:45,13.5,0.0017,1.98288,FALSE
22-02-1977 08:45,10,0.0011,0.9504,FALSE
23-02-1977 08:45,9.5,0.0011,0.90288,FALSE
24-02-1977 08:45,8.3,0.0011,0.788832,FALSE
25-02-1977 08:45,7.7,0,0,TRUE
26-02-1977 08:45,9.4,0.001,0.81216,FALSE
27-02-1977 08:45,12.6,0.0009,0.979776,FALSE
28-02-1977 08:45,9,0.001,0.7776,FALSE
01-03-1977 08:45,9.3,0.0062,4.981824,FALSE
02-03-1977 08:45,15.2,0.003,3.93984,FALSE
03-03-1977 08:45,15.9,0.0065,8.92944,FALSE
04-03-1977 08:45,17.3,0.0007,1.046304,FALSE
05-03-1977 08:45,11.7,0,0,TRUE
06-03-1977 08:45,10.6,0.0033,3.022272,FALSE
07-03-1977 08:45,7.2,0,0,TRUE
08-03-1977 08:45,10.3,0.0011,0.978912,FALSE
09-03-1977 08:45,9.6,0.0011,0.912384,FALSE
10-03-1977 08:45,9.7,0,0,TRUE
11-03-1977 08:45,13.4,0.0051,5.904576,FALSE
12-03-1977 08:45,13.1,0.001,1.13184,FALSE
13-03-1977 08:45,14.5,0.0032,4.00896,FALSE
14-03-1977 08:45,11.6,0.003,3.00672,FALSE
15-03-1977 08:45,8.8,0,0,TRUE
16-03-1977 08:45,7.7,0.0015,0.99792,FALSE
17-03-1977 08:45,12.3,0.0038,4.038336,FALSE
18-03-1977 08:45,17.3,0.0013,1.943136,FALSE
20-03-1977 08:45,12,0.0068,7.05024,FALSE
21-03-1977 08:45,18.4,0.0031,4.928256,FALSE
22-03-1977 08:45,14.7,0.0016,2.032128,FALSE
23-03-1977 08:45,20.2,0.0011,1.919808,FALSE
24-03-1977 08:45,15.4,0.0038,5.056128,FALSE
25-03-1977 08:45,10.9,0.0053,4.991328,FALSE
26-03-1977 08:45,9.8,0.0035,2.96352,FALSE
27-03-1977 08:45,9.3,0.0035,2.81232,FALSE
28-03-1977 08:45,10.8,0.0011,1.026432,FALSE
29-03-1977 08:45,9,0.0038,2.95488,FALSE
30-03-1977 08:45,9.2,0.0012,0.953856,FALSE
31-03-1977 08:45,8.5,0.0109,8.00496,FALSE
01-04-1977 08:45,8.3,0.0014,1.003968,FALSE
02-04-1977 08:45,8.7,0.0027,2.029536,FALSE
03-04-1977 08:45,24.5,0.0038,8.04384,FALSE
04-04-1977 08:45,16.6,0.0049,7.027776,FALSE
05-04-1977 08:45,10.1,0.0057,4.974048,FALSE
06-04-1977 08:45,6.9,0.0101,6.021216,FALSE
07-04-1977 08:45,9.9,0.0082,7.013952,FALSE
08-04-1977 08:45,8.8,0.0026,1.976832,FALSE
09-04-1977 08:45,7.8,0.0015,1.01088,FALSE
10-04-1977 08:45,9.4,0.0062,5.035392,FALSE
11-04-1977 08:45,8.8,0.0039,2.965248,FALSE
12-04-1977 08:45,17.6,0.0039,5.930496,FALSE
13-04-1977 08:45,28.1,0.0016,3.884544,FALSE
14-04-1977 08:45,45.7,0.0058,22.901184,FALSE
15-04-1977 08:45,15.2,0.0091,11.950848,FALSE
16-04-1977 08:45,11,0.0105,9.9792,FALSE
17-04-1977 08:45,14.9,0.0082,10.556352,FALSE
18-04-1977 08:45,13.3,0.0052,5.975424,FALSE
19-04-1977 08:45,107.8,0.053,493.63776,FALSE
20-04-1977 08:45,75.2,0.0105,68.22144,FALSE
21-04-1977 08:45,34.7,0.0053,15.889824,FALSE
22-04-1977 08:45,25.2,0.0023,5.007744,FALSE
23-04-1977 08:45,19.4,0.0006,1.005696,FALSE
24-04-1977 08:45,39.2,0.0242,81.962496,FALSE
25-04-1977 08:45,34.1,0.0098,28.873152,FALSE
26-04-1977 08:45,44.7,0.0085,32.82768,FALSE
27-04-1977 08:45,52.3,0.0077,34.794144,FALSE
28-04-1977 08:45,42.2,0.0049,17.865792,FALSE
29-04-1977 08:45,71.4,0.0128,78.962688,FALSE
30-04-1977 08:45,55.2,0.0172,82.031616,FALSE
01-05-1977 08:45,39.7,0.0111,38.073888,FALSE
02-05-1977 08:45,40.4,0.0166,57.943296,FALSE
03-05-1977 08:45,101.8,0.0645,567.31104,FALSE
04-05-1977 08:45,84.7,0.025,182.952,FALSE
05-05-1977 08:45,154.2,0.04905,653.487264,FALSE
06-05-1977 08:45,100.2,0.0604,522.899712,FALSE
07-05-1977 08:45,85.5,0.0887,655.24464,FALSE
08-05-1977 08:45,136.4,0.0631,743.630976,FALSE
09-05-1977 08:45,83.9,0.049,355.19904,FALSE
10-05-1977 08:45,78.8,0.0076,51.743232,FALSE
11-05-1977 08:45,123.7,0.0599,640.192032,FALSE
12-05-1977 08:45,99.2,0.0348,298.266624,FALSE
13-05-1977 08:45,62.4,0.0441,237.758976,FALSE
14-05-1977 08:45,81,0.0482,337.32288,FALSE
15-05-1977 08:45,68.9,0.0247,147.038112,FALSE
16-05-1977 08:45,56.9,0.0262,128.803392,FALSE
17-05-1977 08:45,73.5,0.0376,238.77504,FALSE
18-05-1977 08:45,135.9,0.037,434.44512,FALSE
19-05-1977 08:45,80.8,0.0238,166.150656,FALSE
20-05-1977 08:45,65.3,0.0175,98.7336,FALSE
21-05-1977 08:45,59.1,0.021,107.23104,FALSE
22-05-1977 08:45,58.8,0.0201,102.114432,FALSE
23-05-1977 08:45,51.3,0.0129,57.176928,FALSE
24-05-1977 08:45,43.4,0.0173,64.870848,FALSE
25-05-1977 08:45,36.6,0.0177,55.971648,FALSE
26-05-1977 08:45,50.8,0.0123,53.986176,FALSE
27-05-1977 08:45,47.2,0.0076,30.993408,FALSE
28-05-1977 08:45,43.9,0.0063,23.895648,FALSE
29-05-1977 08:45,42.3,0.0159,58.110048,FALSE
30-05-1977 08:45,44.9,0.0131,50.819616,FALSE
31-05-1977 08:45,40.6,0.0077,27.010368,FALSE
01-06-1977 08:45,68.3,0.0039,23.014368,FALSE
02-06-1977 08:45,56,0.0023,11.12832,FALSE
03-06-1977 08:45,51.1,0.0054,23.841216,FALSE
04-06-1977 08:45,43.6,0.0109,41.060736,FALSE
05-06-1977 08:45,49.3,0.0101,43.021152,FALSE
06-06-1977 08:45,38,0.0094,30.86208,FALSE
07-06-1977 08:45,46.3,0.0025,10.0008,FALSE
08-06-1977 08:45,69.1,0.0046,27.463104,FALSE
09-06-1977 08:45,68.7,0.0155,92.00304,FALSE
10-06-1977 08:45,53.7,0.008,37.11744,FALSE
11-06-1977 08:45,59.1,0.008,40.84992,FALSE
12-06-1977 08:45,60.4,0.0101,52.707456,FALSE
13-06-1977 08:45,40.7,0.0065,22.85712,FALSE
14-06-1977 08:45,34.7,0.0127,38.075616,FALSE
15-06-1977 08:45,100.8,0.0254,221.211648,FALSE
16-06-1977 08:45,206.4,0.0426,759.684096,FALSE
17-06-1977 08:45,221,0.0237,452.53728,FALSE
18-06-1977 08:45,145.2,0.0235,294.81408,FALSE
20-06-1977 08:45,361.2,0.0417,1301.360256,FALSE
22-06-1977 08:45,365,0.03586369,1130.997328,FALSE
23-06-1977 08:45,514.8,0.04143496,1842.973984,FALSE
24-06-1977 08:45,370.6,0.0310735,994.9684982,FALSE
25-06-1977 08:45,635.1,0.0566,3105.791424,FALSE
27-06-1977 08:45,460,0.030495167,1211.999917,FALSE
28-06-1977 08:45,316.4,0.0083,226.896768,FALSE
29-06-1977 08:45,471.3,0.012426119,505.995542,FALSE
30-06-1977 08:45,404.9,0.011719857,409.9999766,FALSE
01-07-1977 08:45,316.5,0.0065,177.7464,FALSE
02-07-1977 08:45,260,0.012,269.568,FALSE
04-07-1977 08:45,324.7,0.0058,162.713664,FALSE
05-07-1977 08:45,314.1,0.0097,263.240928,FALSE
06-07-1977 08:45,366.6,0.0158,500.452992,FALSE
07-07-1977 08:45,463.1,0.0172,688.203648,FALSE
08-07-1977 08:45,417.2,0.010125926,364.9999387,FALSE
09-07-1977 08:45,346,0.0051,152.46144,FALSE
10-07-1977 08:45,310.9,0.0064,171.915264,FALSE
11-07-1977 08:45,328.4,0.0119,337.647744,FALSE
12-07-1977 08:45,243.8,0.0092,193.791744,FALSE
13-07-1977 08:45,284.9,0.0087,214.153632,FALSE
14-07-1977 08:45,192.7,0.0057,94.900896,FALSE
15-07-1977 08:45,239.7,0.0152,314.793216,FALSE
16-07-1977 08:45,270.7,0.0109,254.934432,FALSE
17-07-1977 08:45,306.4,0.0132,349.443072,FALSE
18-07-1977 08:45,302.2,0.0121,315.931968,FALSE
19-07-1977 08:45,666.3,0.01943777,1118.999763,FALSE
20-07-1977 08:45,550.7,0.021797175,1037.120049,FALSE
21-07-1977 08:45,945.7,0.04177045,3412.999978,FALSE
22-07-1977 08:45,1007.3,0.0496,4316.723712,FALSE
23-07-1977 08:45,1419.6,0.060929943,7473.267108,FALSE
24-07-1977 08:45,1155.4,0.025244704,2520.091959,FALSE
25-07-1977 08:45,1514.4,0.039858468,5215.247764,FALSE
26-07-1977 08:45,1147,0.0463,4588.36704,FALSE
27-07-1977 08:45,1101.8,0.0228,2170.457856,FALSE
28-07-1977 08:45,635.6,0.0324,1779.273216,FALSE
29-07-1977 08:45,565.3,0.0146,713.092032,FALSE
30-07-1977 08:45,533.8,0.0134,618.012288,FALSE
31-07-1977 08:45,435,0.0268,1007.2512,FALSE
01-08-1977 08:45,393,0.0268,909.99936,FALSE
02-08-1977 08:45,318.7,0.0232,638.827776,FALSE
03-08-1977 08:45,246.5,0.0268,570.77568,FALSE
04-08-1977 08:45,271.6,0.0253,593.695872,FALSE
05-08-1977 08:45,226.1,0.0166,324.281664,FALSE
06-08-1977 08:45,182.3,0.0157,247.286304,FALSE
07-08-1977 08:45,222.3,0.0263,505.136736,FALSE
08-08-1977 08:45,225.1,0.0187,363.689568,FALSE
09-08-1977 08:45,286.1,0.033129,818.9170762,FALSE
10-08-1977 08:45,286.3,0.0327,808.877664,FALSE
11-08-1977 08:45,233.9,0.0161,325.364256,FALSE
12-08-1977 08:45,196.7,0.0231,392.581728,FALSE
13-08-1977 08:45,171.6,0.0078,115.644672,FALSE
14-08-1977 08:45,301.7,0.0147,383.183136,FALSE
16-08-1977 08:45,384.1,0.0224299,744.3640446,FALSE
17-08-1977 08:45,277.5,0.027,647.352,FALSE
18-08-1977 08:45,211.3,0.0141,257.414112,FALSE
19-08-1977 08:45,454.4,0.0291,1142.470656,FALSE
20-08-1977 08:45,314.3,0.0161,437.203872,FALSE
21-08-1977 08:45,515.5,0.0272,1211.46624,FALSE
22-08-1977 08:45,354.4,0.017269848,528.8055089,FALSE
23-08-1977 08:45,312.5,0.0126185,340.6995,FALSE
24-08-1977 08:45,441.6,0.0142,541.790208,FALSE
25-08-1977 08:45,415.6,0.02484137,891.9999393,FALSE
26-08-1977 08:45,532.1,0.01387122,637.7077004,FALSE
27-08-1977 08:45,342.3,0.012277477,363.1029298,FALSE
28-08-1977 08:45,392.9,0.0145,492.22512,FALSE
29-08-1977 08:45,286.9,0.0184,456.102144,FALSE
30-08-1977 08:45,315.5,0.0165,449.7768,FALSE
31-08-1977 08:45,307,0.0181,480.09888,FALSE
01-09-1977 08:45,259.1,0.009,201.47616,FALSE
02-09-1977 08:45,491.1,0.0176,746.786304,FALSE
03-09-1977 08:45,571.7,0.0241,1190.416608,FALSE
04-09-1977 08:45,726.5,0.0247,1550.40912,FALSE
05-09-1977 08:45,468.4,0.0229,926.757504,FALSE
06-09-1977 08:45,393.3,0.0207,703.409184,FALSE
07-09-1977 08:45,398,0.0192,660.23424,FALSE
08-09-1977 08:45,370.3,0.0122,390.325824,FALSE
09-09-1977 08:45,269.7,0.0179,417.107232,FALSE
10-09-1977 08:45,342.1,0.0136,401.981184,FALSE
11-09-1977 08:45,364.3,0.0146,459.542592,FALSE
12-09-1977 08:45,262.2,0.0158,357.934464,FALSE
13-09-1977 08:45,245.3,0.0074,156.835008,FALSE
14-09-1977 08:45,214,0.0156,288.43776,FALSE
15-09-1977 08:45,206.6,0.0108,192.782592,FALSE
16-09-1977 08:45,189,0.0129,210.65184,FALSE
17-09-1977 08:45,182,0.0106,166.68288,FALSE
18-09-1977 08:45,182.8,0.0148,233.750016,FALSE
19-09-1977 08:45,154,0.0103,137.04768,FALSE
20-09-1977 08:45,173.7,0.011,165.08448,FALSE
21-09-1977 08:45,238,0.0117,240.58944,FALSE
22-09-1977 08:45,139.2,0.0084,101.025792,FALSE
23-09-1977 08:45,132,0.0045,51.3216,FALSE
24-09-1977 08:45,127.1,0.0107,117.501408,FALSE
25-09-1977 08:45,149.2,0.0088,113.439744,FALSE
26-09-1977 08:45,145.5,0.0107,134.51184,FALSE
27-09-1977 08:45,348.4,0.1504,4527.304704,FALSE
28-09-1977 08:45,236.2,0.0178,363.256704,FALSE
29-09-1977 08:45,315.1,0.03,816.7392,FALSE
30-09-1977 08:45,353.1,0.0404,1232.516736,FALSE
01-10-1977 08:45,304.1,0.0436,1145.556864,FALSE
02-10-1977 08:45,296.8,0.0189,484.662528,FALSE
03-10-1977 08:45,212.1,0.0697,1277.283168,FALSE
04-10-1977 08:45,252.3,0.0401,874.128672,FALSE
05-10-1977 08:45,274.4,0.0227,538.175232,FALSE
06-10-1977 08:45,198.7,0.0135,231.76368,FALSE
07-10-1977 08:45,340.7,0.0243,715.306464,FALSE
08-10-1977 08:45,570.4,0.0456,2247.284736,FALSE
09-10-1977 08:45,371.5,0.0455,1460.4408,FALSE
10-10-1977 08:45,428.4,0.0215,795.79584,FALSE
11-10-1977 08:45,242.5,0.019,398.088,FALSE
12-10-1977 08:45,340.1,0.0108,317.354112,FALSE
13-10-1977 08:45,296.1,0.0251,642.134304,FALSE
14-10-1977 08:45,262.6,0.0137,310.834368,FALSE
15-10-1977 08:45,374.7,0.0137,443.524896,FALSE
16-10-1977 08:45,285.9,0.0241,595.312416,FALSE
17-10-1977 08:45,456,0.0174,685.53216,FALSE
18-10-1977 08:45,520.2,0.0144,647.212032,FALSE
19-10-1977 08:45,360.2,0.0182,566.407296,FALSE
20-10-1977 08:45,614.2,0.0266,1411.579008,FALSE
21-10-1977 08:45,376.5,0.0194,631.07424,FALSE
22-10-1977 08:45,477.3,0.0354,1459.850688,FALSE
23-10-1977 08:45,300.7,0.0575,1493.8776,FALSE
24-10-1977 08:45,705.8,0.0809,4933.372608,FALSE
25-10-1977 08:45,360.6,0.1024,3190.358016,FALSE
26-10-1977 08:45,490.5,0.0898,3805.65216,FALSE
27-10-1977 08:45,499.4,0.0754,3253.371264,FALSE
28-10-1977 08:45,611.6,0.0661,3492.872064,FALSE
29-10-1977 08:45,330.8,0.0527,1506.225024,FALSE
30-10-1977 08:45,298.7,0.0398,1027.145664,FALSE
31-10-1977 08:45,228.5,0.0353,696.90672,FALSE
01-11-1977 08:45,249.4,0.0161,346.925376,FALSE
02-11-1977 08:45,327.2,0.0175,494.7264,FALSE
03-11-1977 08:45,249.1,0.0152,327.138048,FALSE
04-11-1977 08:45,298.8,0.0213,549.887616,FALSE
05-11-1977 08:45,276.6,0.0252,602.235648,FALSE
06-11-1977 08:45,323.9,0.0746,2087.678016,FALSE
07-11-1977 08:45,321.9,0.068,1891.22688,FALSE
08-11-1977 08:45,404.4,0.0416,1453.510656,FALSE
09-11-1977 08:45,486.6,0.0234,983.788416,FALSE
10-11-1977 08:45,311.2,0.0314,844.273152,FALSE
11-11-1977 08:45,231.6,0.02,400.2048,FALSE
12-11-1977 08:45,208.1,0.0098,176.202432,FALSE
13-11-1977 08:45,249.3,0.0193,415.712736,FALSE
14-11-1977 08:45,290.6,0.0114,286.229376,FALSE
15-11-1977 08:45,254,0.0253,555.22368,FALSE
16-11-1977 08:45,259.4,0.0127,284.634432,FALSE
17-11-1977 08:45,253.4,0.0255,558.29088,FALSE
18-11-1977 08:45,201.9,0.0398,694.277568,FALSE
19-11-1977 08:45,162.9,0.0135,190.00656,FALSE
20-11-1977 08:45,156.5,0.0161,217.69776,FALSE
21-11-1977 08:45,142,0.0296,363.15648,FALSE
22-11-1977 08:45,331.1,0.0174,497.762496,FALSE
23-11-1977 08:45,233,0.016,322.0992,FALSE
24-11-1977 08:45,197,0.0098,166.80384,FALSE
25-11-1977 08:45,259.9,0.0105,235.78128,FALSE
26-11-1977 08:45,220.2,0.0056,106.541568,FALSE
27-11-1977 08:45,207.8,0.0139,249.559488,FALSE
28-11-1977 08:45,294.8,0.0222,565.449984,FALSE
29-11-1977 08:45,221.3,0.014,267.68448,FALSE
30-11-1977 08:45,178.1,0.0067,103.098528,FALSE
01-12-1977 08:45,152.3,0.0038,50.003136,FALSE
02-12-1977 08:45,131.6,0.005,56.8512,FALSE
03-12-1977 08:45,134.5,0.005,58.104,FALSE
04-12-1977 08:45,122.2,0.0033,34.841664,FALSE
05-12-1977 08:45,101.6,0.0034,29.846016,FALSE
06-12-1977 08:45,98.4,0.0127,107.972352,FALSE
07-12-1977 08:45,88.8,0.0064,49.102848,FALSE
08-12-1977 08:45,85.4,0.001,7.37856,FALSE
09-12-1977 08:45,96.5,0.0084,70.03584,FALSE
10-12-1977 08:45,69.7,0.0066,39.745728,FALSE
11-12-1977 08:45,71.8,0.0029,17.990208,FALSE
12-12-1977 08:45,67.1,0.0038,22.030272,FALSE
13-12-1977 08:45,60.9,0.0036,18.942336,FALSE
14-12-1977 08:45,60.3,0.0084,43.763328,FALSE
15-12-1977 08:45,51.6,0.0076,33.882624,FALSE
16-12-1977 08:45,45.4,0.0069,27.065664,FALSE
17-12-1977 08:45,46.2,0.007,27.94176,FALSE
19-12-1977 08:45,45.6,0.0043,16.941312,FALSE
20-12-1977 08:45,40.9,0.0051,18.022176,FALSE
21-12-1977 08:45,38.7,0.0057,19.058976,FALSE
23-12-1977 08:45,29.4,0.0094,23.877504,FALSE
24-12-1977 08:45,25.9,0.0062,13.874112,FALSE
25-12-1977 08:45,36.5,0.0063,19.86768,FALSE
26-12-1977 08:45,33.6,0.0065,18.86976,FALSE
27-12-1977 08:45,33.8,0.0038,11.097216,FALSE
28-12-1977 08:45,38.5,0.0054,17.96256,FALSE
29-12-1977 08:45,30.7,0.0049,12.997152,FALSE
30-12-1977 08:45,30.3,0.0061,15.969312,FALSE
31-12-1977 08:45,29,0.0036,9.02016,FALSE
02-01-1978 08:45,25.9,0.0054,12.083904,FALSE
03-01-1978 08:45,27.3,0.0068,16.039296,FALSE
04-01-1978 08:45,26.5,0.0061,13.96656,FALSE
05-01-1978 08:45,26.2,0.0048,10.865664,FALSE
06-01-1978 08:45,24.8,0.0056,11.999232,FALSE
07-01-1978 08:45,23.3,0.005,10.0656,FALSE
09-01-1978 08:45,19.5,0.0047,7.91856,FALSE
10-01-1978 08:45,14.7,0.0087,11.049696,FALSE
11-01-1978 08:45,18.7,0.00495,7.997616,FALSE
12-01-1978 08:45,15.5,0.0045,6.0264,FALSE
13-01-1978 08:45,17.2,0.0046,6.835968,FALSE
14-01-1978 08:45,15.2,0.0068,8.930304,FALSE
16-01-1978 08:45,15.6,0.0022,2.965248,FALSE
17-01-1978 08:45,14.5,0.0024,3.00672,FALSE
18-01-1978 08:45,14.1,0.0041,4.994784,FALSE
19-01-1978 08:45,14,0.0041,4.95936,FALSE
20-01-1978 08:45,14.2,0.0033,4.048704,FALSE
21-01-1978 08:45,20.5,0.0073,12.92976,FALSE
23-01-1978 08:45,23,0.005,9.936,FALSE
24-01-1978 08:45,28.8,0.0032,7.962624,FALSE
25-01-1978 08:45,18.5,0.0019,3.03696,FALSE
27-01-1978 08:45,13.5,0.0026,3.03264,FALSE
28-01-1978 08:45,16.2,0.0043,6.018624,FALSE
30-01-1978 08:45,14.7,0.0039,4.953312,FALSE
31-01-1978 08:45,14.5,0.0039,4.88592,FALSE
01-02-1978 08:45,14.2,0.0024,2.944512,FALSE
02-02-1978 08:45,13.8,0.0042,5.007744,FALSE
03-02-1978 08:45,19.9,0.0035,6.01776,FALSE
04-02-1978 08:45,19.6,0.0024,4.064256,FALSE
06-02-1978 08:45,16.6,0.0042,6.023808,FALSE
07-02-1978 08:45,22,0.0063,11.97504,FALSE
08-02-1978 08:45,22.5,0.0057,11.0808,FALSE
09-02-1978 08:45,14.8,0.0016,2.045952,FALSE
10-02-1978 08:45,14.3,0.0032,3.953664,FALSE
11-02-1978 08:45,14.5,0.0048,6.01344,FALSE
13-02-1978 08:45,15.3,0.0023,3.040416,FALSE
14-02-1978 08:45,13.2,0.0018,2.052864,FALSE
15-02-1978 08:45,13.2,0.0044,5.018112,FALSE
16-02-1978 08:45,13.4,0.0017,1.968192,FALSE
17-02-1978 08:45,13.9,0.0017,2.041632,FALSE
18-02-1978 08:45,13.4,0.0009,1.041984,FALSE
19-02-1978 08:45,13.9,0.0025,3.0024,FALSE
20-02-1978 08:45,23.2,0.0005,1.00224,FALSE
21-02-1978 08:45,22,0.0042,7.98336,FALSE
22-02-1978 08:45,24.7,0.0052,11.097216,FALSE
23-02-1978 08:45,16.4,0.0021,2.975616,FALSE
24-02-1978 08:45,16.7,0.0014,2.020032,FALSE
25-02-1978 08:45,16.3,0.0021,2.957472,FALSE
26-02-1978 08:45,14.2,0.0008,0.981504,FALSE
27-02-1978 08:45,13.1,0.005,5.6592,FALSE
28-02-1978 08:45,12.9,0.0027,3.009312,FALSE
01-03-1978 08:45,12.1,0.0029,3.031776,FALSE
02-03-1978 08:45,11.8,0.0029,2.956608,FALSE
03-03-1978 08:45,12,0.0058,6.01344,FALSE
04-03-1978 08:45,12.4,0.0075,8.0352,FALSE
05-03-1978 08:45,16.9,0.0034,4.964544,FALSE
06-03-1978 08:45,13.8,0.0033,3.934656,FALSE
07-03-1978 08:45,12.5,0.0028,3.024,FALSE
08-03-1978 08:45,16.7,0.0083,11.975904,FALSE
09-03-1978 08:45,13.3,0.0035,4.02192,FALSE
10-03-1978 08:45,14.4,0.0064,7.962624,FALSE
11-03-1978 08:45,17.3,0.0054,8.071488,FALSE
12-03-1978 08:45,26.1,0.0062,13.981248,FALSE
13-03-1978 08:45,16.6,0.0021,3.011904,FALSE
14-03-1978 08:45,14.6,0.0087,10.974528,FALSE
15-03-1978 08:45,12.4,0.0037,3.964032,FALSE
16-03-1978 08:45,13.6,0.0051,5.992704,FALSE
17-03-1978 08:45,11.1,0.0063,6.041952,FALSE
18-03-1978 08:45,13.7,0.0076,8.995968,FALSE
19-03-1978 08:45,18.3,0.0038,6.008256,FALSE
20-03-1978 08:45,20.2,0.0063,10.995264,FALSE
21-03-1978 08:45,20.6,0.0056,9.967104,FALSE
22-03-1978 08:45,20,0.0087,15.0336,FALSE
23-03-1978 08:45,13.7,0.0017,2.012256,FALSE
25-03-1978 08:45,18.7,0.008,12.92544,FALSE
27-03-1978 08:45,14,0.0025,3.024,FALSE
28-03-1978 08:45,14.1,0.0057,6.943968,FALSE
29-03-1978 08:45,14.8,0.0057,7.288704,FALSE
30-03-1978 08:45,20.2,0.0023,4.014144,FALSE
01-04-1978 08:45,14.1,0.0008,0.974592,FALSE
02-04-1978 08:45,16,0.0065,8.9856,FALSE
03-04-1978 08:45,13.5,0.0017,1.98288,FALSE
04-04-1978 08:45,13,0.0027,3.03264,FALSE
05-04-1978 08:45,12.4,0.0028,2.999808,FALSE
06-04-1978 08:45,10.1,0.0034,2.966976,FALSE
07-04-1978 08:45,9.6,0.006,4.97664,FALSE
08-04-1978 08:45,9.4,0.0037,3.004992,FALSE
09-04-1978 08:45,11.8,0.0069,7.034688,FALSE
10-04-1978 08:45,15.1,0.013,16.96032,FALSE
11-04-1978 08:45,15.2,0.0015,1.96992,FALSE
12-04-1978 08:45,15.1,0.0061,7.958304,FALSE
13-04-1978 08:45,11,0.0021,1.99584,FALSE
14-04-1978 08:45,9,0.0064,4.97664,FALSE
15-04-1978 08:45,9.8,0.0035,2.96352,FALSE
16-04-1978 08:45,10.8,0.0032,2.985984,FALSE
17-04-1978 08:45,8.8,0.0145,11.02464,FALSE
18-04-1978 08:45,8.1,0.0028,1.959552,FALSE
19-04-1978 08:45,7.7,0.0015,0.99792,FALSE
20-04-1978 08:45,7.1,0.0015,0.92016,FALSE
21-04-1978 08:45,6.5,0.0018,1.01088,FALSE
22-04-1978 08:45,7.2,0.0015,0.93312,FALSE
23-04-1978 08:45,9.2,0.0038,3.020544,FALSE
24-04-1978 08:45,13.8,0.0017,2.026944,FALSE
25-04-1978 08:45,43.8,0.0055,20.81376,FALSE
26-04-1978 08:45,68.2,0.0037,21.802176,FALSE
27-04-1978 08:45,44.3,0.0052,19.903104,FALSE
28-04-1978 08:45,22.1,0.0073,13.938912,FALSE
29-04-1978 08:45,13.9,0.005,6.0048,FALSE
30-04-1978 08:45,16.1,0.0043,5.981472,FALSE
01-05-1978 08:45,20.9,0.0072,13.001472,FALSE
02-05-1978 08:45,15.9,0.0102,14.012352,FALSE
03-05-1978 08:45,14.3,0.0024,2.965248,FALSE
04-05-1978 08:45,12.8,0.0027,2.985984,FALSE
05-05-1978 08:45,22.7,0.0194,38.048832,FALSE
06-05-1978 08:45,21.1,0.0203,37.007712,FALSE
07-05-1978 08:45,34.7,0.0123,36.876384,FALSE
08-05-1978 08:45,32.5,0.0096,26.9568,FALSE
09-05-1978 08:45,29.7,0.0109,27.970272,FALSE
10-05-1978 08:45,17.5,0.006,9.072,FALSE
11-05-1978 08:45,14.1,0.0041,4.994784,FALSE
12-05-1978 08:45,32.9,0.0292,83.002752,FALSE
13-05-1978 08:45,31.9,0.0105,28.93968,FALSE
14-05-1978 08:45,31.3,0.0085,22.98672,FALSE
15-05-1978 08:45,52,0.0498,223.74144,FALSE
16-05-1978 08:45,56.6,0.009,44.01216,FALSE
17-05-1978 08:45,57.4,0.0197,97.699392,FALSE
18-05-1978 08:45,70.2,0.0269,163.156032,FALSE
19-05-1978 08:45,76.5,0.036764704,242.9999876,FALSE
20-05-1978 08:45,97.8,0.036,304.19712,FALSE
21-05-1978 10:00,98.3,0.0107,90.876384,FALSE
22-05-1978 08:45,61.3,0.0177,93.744864,FALSE
23-05-1978 08:45,61.4,0.0096,50.927616,FALSE
24-05-1978 08:45,44.8,0.0057,22.063104,FALSE
25-05-1978 08:45,53.3,0.0009,4.144608,FALSE
26-05-1978 08:45,62.4,0.0185,99.74016,FALSE
27-05-1978 08:45,109.2,0.0185,174.54528,FALSE
28-05-1978 08:45,69.8,0.0182,109.759104,FALSE
29-05-1978 08:45,73.4,0.0137,86.882112,FALSE
30-05-1978 08:45,107.9,0.0189,176.196384,FALSE
31-05-1978 08:45,110.9,0.0243,232.836768,FALSE
01-06-1978 09:45,135.4,0.0251,293.633856,FALSE
02-06-1978 08:45,318.8,0.212,5839.39584,FALSE
03-06-1978 08:45,276.6,0.0647,1546.216128,FALSE
04-06-1978 08:45,256,0.0523,1156.79232,FALSE
05-06-1978 08:45,254.2,0.031,680.84928,FALSE
06-06-1978 08:45,278.6,0.0391,941.177664,FALSE
07-06-1978 08:45,310.5,0.073,1958.3856,FALSE
08-06-1978 08:45,288.6,0.0336,837.817344,FALSE
09-06-1978 08:45,299.2,0.0259,669.537792,FALSE
10-06-1978 08:45,328.4,0.045,1276.8192,FALSE
11-06-1978 08:30,376,0.0553,1796.49792,FALSE
12-06-1978 09:45,310.3,0.0884,2369.996928,FALSE
13-06-1978 09:00,291.4,0.0168,422.972928,FALSE
14-06-1978 08:45,331.3,0.0299,855.867168,FALSE
15-06-1978 08:45,418.7,0.0393,1421.704224,FALSE
16-06-1978 08:45,646.1,0.0689,3846.207456,FALSE
17-06-1978 08:45,1019.3,0.1874795,16510.85462,FALSE
18-06-1978 08:45,868.7,0.1398162,10493.99997,FALSE
19-06-1978 08:45,571.5,0.0269,1328.25744,FALSE
20-06-1978 08:45,366.5,0.0199,630.14544,FALSE
21-06-1978 08:45,300.5,0.0091,236.26512,FALSE
22-06-1978 08:45,249.8,0.0185,399.28032,FALSE
23-06-1978 08:45,234.9,0.0219,444.468384,FALSE
24-06-1978 08:45,377.2,0.03602129,1173.936723,FALSE
25-06-1978 08:45,412.4,0.0189,673.432704,FALSE
26-06-1978 08:45,609.6,0.030964386,1630.876871,FALSE
27-06-1978 08:45,1256.3,0.0332,3603.671424,FALSE
28-06-1978 08:45,687.1,0.0164,973.593216,FALSE
29-06-1978 08:45,695.7,0.01671972,1004.996955,FALSE
30-06-1978 08:45,491.2,0.0203,861.525504,FALSE
01-07-1978 08:45,429.3,0.025,927.288,FALSE
02-07-1978 08:45,436.3,0.0077,290.261664,FALSE
03-07-1978 08:45,447.4,0.0112,432.940032,FALSE
04-07-1978 08:45,510.2,0.0227,1000.645056,FALSE
05-07-1978 08:45,401.3,0.0226,783.594432,FALSE
06-07-1978 08:45,357.6,0.0187,577.767168,FALSE
07-07-1978 08:45,353.9,0.0146,446.423616,FALSE
08-07-1978 08:45,731.3,0.0811,5124.248352,FALSE
09-07-1978 08:45,618.9,0.0315,1684.39824,FALSE
10-07-1978 08:45,843.6,0.0284,2069.991936,FALSE
11-07-1978 08:45,2041.4,0.067930184,11981.31935,FALSE
12-07-1978 08:45,1504.6,0.0203,2638.948032,FALSE
13-07-1978 08:45,1151.2,0.022841396,2271.889302,FALSE
14-07-1978 08:45,969.1,0.0137,1147.104288,FALSE
15-07-1978 08:45,640.3,0.0536,2965.254912,FALSE
16-07-1978 08:45,925.3,0.0546,4365.047232,FALSE
17-07-1978 08:45,452.8,0.0359,1404.476928,FALSE
18-07-1978 08:45,1614.2,0.41074127,57284.80341,FALSE
19-07-1978 08:45,658.8,0.039,2219.89248,FALSE
20-07-1978 08:45,671.6,0.0177,1027.064448,FALSE
21-07-1978 08:45,392.4,0.0116,393.278976,FALSE
22-07-1978 08:45,521.3,0.0102,459.411264,FALSE
23-07-1978 08:45,856.7,0.0363,2686.885344,FALSE
24-07-1978 08:45,767.7,0.0219,1452.611232,FALSE
25-07-1978 08:45,1401.8,0.06288,7615.743898,FALSE
26-07-1978 08:45,1239.7,0.02024779,2168.742407,FALSE
27-07-1978 08:45,1387.7,0.0258,3093.349824,FALSE
28-07-1978 08:45,1547.8,0.0311,4159.000512,FALSE
29-07-1978 08:45,1991.9,0.11868234,20425.2497,FALSE
30-07-1978 08:45,1517.2,0.0412,5400.746496,FALSE
02-08-1978 08:45,720,0.0353,2195.9424,FALSE
03-08-1978 08:45,479.4,0.0267,1105.918272,FALSE
04-08-1978 08:45,419.5,0.0247,895.24656,FALSE
05-08-1978 08:45,404.6,0.0323,1129.125312,FALSE
06-08-1978 08:45,547.4,0.0289,1366.835904,FALSE
07-08-1978 08:45,727,0.0324,2035.13472,FALSE
08-08-1978 08:45,643.7,0.0303,1685.155104,FALSE
09-08-1978 08:45,860.2,0.0376,2794.480128,FALSE
10-08-1978 08:45,807.5,0.039,2720.952,FALSE
11-08-1978 08:45,1242.9,0.055,5906.2608,FALSE
12-08-1978 08:45,1109,0.01796,1720.884096,FALSE
13-08-1978 08:45,1000,0.0085,734.4,FALSE
14-08-1978 08:45,784.5,0.016,1084.4928,FALSE
16-08-1978 08:45,1157.4,0.0129,1289.991744,FALSE
17-08-1978 08:45,873.9,0.0285,2151.89136,FALSE
18-08-1978 08:45,657.9,0.0312,1773.487872,FALSE
19-08-1978 08:45,777.1,0.0395,2652.08688,FALSE
20-08-1978 08:45,690,0.0398,2372.7168,FALSE
21-08-1978 08:45,852.1,0.028,2061.40032,FALSE
22-08-1978 08:45,904.4,0.0143,1117.404288,FALSE
23-08-1978 08:45,683.7,0.0247,1459.070496,FALSE
24-08-1978 08:45,1058.3,0.0419,3831.215328,FALSE
25-08-1978 08:45,809.4,0.0121,846.179136,FALSE
26-08-1978 08:45,658.1,0.0129,733.491936,FALSE
27-08-1978 08:45,715.9,0.0136,841.211136,FALSE
28-08-1978 08:45,871.9,0.023,1732.63968,FALSE
29-08-1978 08:45,1217.5,0.0253,2661.3576,FALSE
30-08-1978 08:45,1115.6,0.0137,1320.513408,FALSE
31-08-1978 08:45,886.3,0.0074,566.664768,FALSE
01-09-1978 08:45,744,0.027,1735.6032,FALSE
02-09-1978 08:45,594.4,0.0182,934.682112,FALSE
03-09-1978 08:45,479.7,0.0279,1156.345632,FALSE
04-09-1978 08:45,410.7,0.0153,542.912544,FALSE
05-09-1978 08:45,346.8,0.0127,380.536704,FALSE
06-09-1978 08:45,321.9,0.0211,586.836576,FALSE
07-09-1978 08:45,356.8,0.0175,539.4816,FALSE
08-09-1978 08:45,231,0.0181,361.24704,FALSE
09-09-1978 08:45,324.1,0.0171,478.838304,FALSE
10-09-1978 08:45,212.2,0.0159,291.511872,FALSE
11-09-1978 08:45,194,0.0163,273.21408,FALSE
12-09-1978 08:45,200.4,0.01572,272.1848832,FALSE
13-09-1978 08:45,178.5,0.016,246.7584,FALSE
14-09-1978 08:45,218.6,0.0197,372.074688,FALSE
15-09-1978 08:45,216.8,0.018,337.16736,FALSE
16-09-1978 08:45,195.7,0.0213,360.150624,FALSE
17-09-1978 08:45,177.1,0.0395,604.40688,FALSE
18-09-1978 08:45,166.7,0.0078,112.342464,FALSE
19-09-1978 08:45,191.7,0.0122,202.067136,FALSE
20-09-1978 08:45,271.4,0.0106,248.558976,FALSE
21-09-1978 08:45,204.3,0.0081,142.977312,FALSE
22-09-1978 08:45,233.1,0.0124,249.734016,FALSE
23-09-1978 08:45,156.3,0.0305,411.88176,FALSE
24-09-1978 08:45,157.5,0.0226,307.5408,FALSE
25-09-1978 08:45,196.4,0.0066,111.995136,FALSE
26-09-1978 08:45,155.7,0.0122,164.120256,FALSE
27-09-1978 08:45,530,0.0304,1392.0768,FALSE
28-09-1978 08:45,322.1,0.0334,929.503296,FALSE
29-09-1978 08:45,315.1,0.0108,294.026112,FALSE
30-09-1978 08:45,203.7,0.0148,260.475264,FALSE
03-10-1978 08:45,190.4,0.0083,136.539648,FALSE
04-10-1978 08:45,152.1,0.0147,193.179168,FALSE
05-10-1978 08:45,138.2,0.0131,156.420288,FALSE
06-10-1978 08:45,114.2,0.0181,178.590528,FALSE
07-10-1978 08:45,129.3,0.011,122.88672,FALSE
09-10-1978 08:45,141.9,0.006,73.56096,FALSE
10-10-1978 08:45,216.5,0.0111,207.63216,FALSE
11-10-1978 08:45,258.2,0.0168,374.782464,FALSE
12-10-1978 08:45,188.8,0.0202,329.508864,FALSE
13-10-1978 08:45,132.2,0.0108,123.358464,FALSE
14-10-1978 08:45,193.6,0.0111,185.670144,FALSE
16-10-1978 08:45,170.3,0.012,176.56704,FALSE
17-10-1978 08:45,172.8,0.0161,240.371712,FALSE
18-10-1978 08:45,222.6,0.0154,296.182656,FALSE
19-10-1978 08:45,322.4,0.0745,2075.22432,FALSE
20-10-1978 08:45,221.9,0.0144,276.079104,FALSE
21-10-1978 08:45,577.5,0.0869,4335.9624,FALSE
22-10-1978 08:45,339.3,0.0417,1222.457184,FALSE
23-10-1978 08:45,250.4,0.0255,551.68128,FALSE
24-10-1978 08:45,259.4,0.0382,856.144512,FALSE
25-10-1978 08:45,306.8,0.0339,898.604928,FALSE
26-10-1978 08:45,226.3,0.032,625.67424,FALSE
27-10-1978 08:45,197.3,0.0491,836.993952,FALSE
28-10-1978 08:45,190,0.0307,503.9712,FALSE
29-10-1978 08:45,208.9,0.0338,610.054848,FALSE
30-10-1978 08:45,210.1,0.03035,550.932624,FALSE
31-10-1978 08:45,157,0.0381,516.81888,FALSE
01-11-1978 08:45,196.1,0.0265,448.99056,FALSE
02-11-1978 08:45,130.1,0.0103,115.778592,FALSE
03-11-1978 08:45,160.9,0.0134,186.283584,FALSE
04-11-1978 08:45,106.1,0.0245,224.59248,FALSE
05-11-1978 08:45,666.1,0.0315,1812.85776,FALSE
06-11-1978 08:45,821.2,0.0407369,2890.351493,FALSE
07-11-1978 08:45,681.8,0.0154,907.175808,FALSE
08-11-1978 08:45,543.4,0.0156,732.416256,FALSE
09-11-1978 08:45,337.3,0.0134,390.512448,FALSE
10-11-1978 08:45,326.9,0.0185016,522.5621507,FALSE
11-11-1978 08:45,224.6,0.0033,64.037952,FALSE
12-11-1978 08:45,332.9,0.0257,739.197792,FALSE
13-11-1978 08:45,140.5,0.0046,55.84032,FALSE
14-11-1978 08:45,151.6,0.01,130.9824,FALSE
15-11-1978 08:45,190.7,0.0097,159.821856,FALSE
16-11-1978 08:45,126.9,0.0125,137.052,FALSE
17-11-1978 08:45,146.1,0.0068,85.836672,FALSE
18-11-1978 08:45,101.7,0.0102,89.626176,FALSE
19-11-1978 08:45,110,0.0075,71.28,FALSE
20-11-1978 08:45,84.8,0.0052,38.098944,FALSE
21-11-1978 08:45,81.6,0.0031,21.855744,FALSE
22-11-1978 08:45,78.2,0.0059,39.863232,FALSE
23-11-1978 08:45,64.4,0.002,11.12832,FALSE
24-11-1978 08:45,68,0.0066,38.77632,FALSE
25-11-1978 08:45,80.8,0.0064,44.679168,FALSE
26-11-1978 08:45,310.1,0.1199,3212.437536,FALSE
27-11-1978 08:45,171.4,0.1112,1646.756352,FALSE
28-11-1978 08:45,161.8,0.0608745,850.9962902,FALSE
29-11-1978 08:45,87.6,0.0228,172.564992,FALSE
30-11-1978 08:45,88.1,0.0315,239.77296,FALSE
01-12-1978 08:45,61.5,0.0331,175.88016,FALSE
02-12-1978 08:45,86.5,0.0286,213.74496,FALSE
03-12-1978 08:45,86.5,0.0363,271.29168,FALSE
04-12-1978 08:45,47.1,0.0383,155.859552,FALSE
05-12-1978 08:45,68.4,0.0244,144.198144,FALSE
06-12-1978 08:45,52.6,0.0068,30.903552,FALSE
07-12-1978 08:45,59.9,0.0122,63.139392,FALSE
08-12-1978 08:45,41.6,0.0125,44.928,FALSE
09-12-1978 08:45,46.5,0.0127,51.02352,FALSE
10-12-1978 08:45,51,0.0118,51.99552,FALSE
11-12-1978 08:45,38.2,0.0133,43.896384,FALSE
12-12-1978 08:45,48.6,0.0164,68.864256,FALSE
13-12-1978 08:45,49.1,0.0085,36.05904,FALSE
14-12-1978 08:45,42.4,0.006,21.98016,FALSE
15-12-1978 08:45,35.9,0.0048,14.888448,FALSE
16-12-1978 08:45,37.1,0.0056,17.950464,FALSE
17-12-1978 08:45,27.7,0.0046,11.009088,FALSE
18-12-1978 08:45,32.5,0.0057,16.0056,FALSE
19-12-1978 08:45,35.1,0.0079,23.957856,FALSE
20-12-1978 08:45,24.9,0.0065,13.98384,FALSE
21-12-1978 08:45,28.7,0.0125,30.996,FALSE
22-12-1978 08:45,20.2,0.004,6.98112,FALSE
23-12-1978 08:45,20.9,0.0066,11.918016,FALSE
24-12-1978 08:45,20.3,0.0063,11.049696,FALSE
25-12-1978 08:45,20.5,0.0045,7.9704,FALSE
26-12-1978 08:45,20.8,0.0039,7.008768,FALSE
27-12-1978 08:45,24,0.0068,14.10048,FALSE
28-12-1978 08:45,74,0.02,127.872,FALSE
29-12-1978 08:45,96.8,0.01924,160.9141248,FALSE
30-12-1978 08:45,56.6,0.0134,65.529216,FALSE
31-12-1978 08:45,47.6,0.0136,55.931904,FALSE
01-01-1979 08:45,29.9,0.0089,22.991904,FALSE
02-01-1979 08:45,27.8,0.0145,34.82784,FALSE
03-01-1979 08:45,24.6,0.0118,25.080192,FALSE
04-01-1979 08:45,24.2,0.0072,15.054336,FALSE
05-01-1979 08:45,14.1,0.0124,15.106176,FALSE
06-01-1979 08:45,24.7,0.0094,20.060352,FALSE
07-01-1979 08:45,22.4,0.0088,17.031168,FALSE
08-01-1979 08:45,24.7,0.0089,18.993312,FALSE
09-01-1979 08:45,18.4,0.0082,13.036032,FALSE
10-01-1979 08:45,25.8,0.0081,18.055872,FALSE
11-01-1979 08:45,22.9,0.0065,12.86064,FALSE
12-01-1979 08:45,17.8,0.002,3.07584,FALSE
13-01-1979 08:45,16.9,0.0027,3.942432,FALSE
15-01-1979 08:45,22.1,0.0016,3.055104,FALSE
16-01-1979 08:45,18,0.0019,2.95488,FALSE
17-01-1979 08:45,16.9,0.002,2.92032,FALSE
18-01-1979 08:45,15.4,0.0143,19.027008,FALSE
19-01-1979 08:45,18.8,0.0092,14.943744,FALSE
20-01-1979 08:45,14.8,0.007,8.95104,FALSE
22-01-1979 08:45,16,0.0036,4.97664,FALSE
23-01-1979 08:45,15.8,0,0,TRUE
24-01-1979 08:45,15.5,0.006,8.0352,FALSE
25-01-1979 08:45,14.9,0.007,9.01152,FALSE
27-01-1979 08:45,14.4,0.0064,7.962624,FALSE
29-01-1979 08:45,13.9,0.0058,6.965568,FALSE
30-01-1979 08:45,12.4,0.0009,0.964224,FALSE
31-01-1979 08:45,12.9,0.0071,7.913376,FALSE
01-02-1979 08:45,12.7,0.0009,0.987552,FALSE
02-02-1979 08:45,12.3,0.0009,0.956448,FALSE
03-02-1979 08:45,12.3,0.0009,0.956448,FALSE
05-02-1979 08:45,5.4,0,0,TRUE
06-02-1979 08:45,4.9,0.0024,1.016064,FALSE
07-02-1979 08:45,5.6,0.0041,1.983744,FALSE
08-02-1979 08:45,6.8,0,0,TRUE
09-02-1979 08:45,17,0.0034,4.99392,FALSE
10-02-1979 08:45,13.3,0.0009,1.034208,FALSE
12-02-1979 08:45,11.3,0.0009,0.878688,FALSE
13-02-1979 08:45,11,0.0031,2.94624,FALSE
14-02-1979 08:45,20.8,0.005,8.9856,FALSE
15-02-1979 08:45,20.2,0.0034,5.933952,FALSE
16-02-1979 08:45,20.2,0.0023,4.014144,FALSE
17-02-1979 08:45,19.8,0.0029,4.961088,FALSE
18-02-1979 08:45,14.6,0.0032,4.036608,FALSE
19-02-1979 08:45,11.7,0.002,2.02176,FALSE
20-02-1979 08:45,16,0.0014,1.93536,FALSE
21-02-1979 08:45,32.9,0.0053,15.065568,FALSE
22-02-1979 08:45,21.2,0.006,10.99008,FALSE
23-02-1979 08:45,29.4,0.0153,38.864448,FALSE
24-02-1979 08:45,21,0.0011,1.99584,FALSE
25-02-1979 08:45,20.9,0.0028,5.056128,FALSE
26-02-1979 08:45,28.7,0.0024,5.951232,FALSE
27-02-1979 08:45,27.1,0.0026,6.087744,FALSE
28-02-1979 08:45,35.3,0.0039,11.894688,FALSE
01-03-1979 08:45,21.4,0.0038,7.026048,FALSE
02-03-1979 08:45,34.1,0.0047,13.847328,FALSE
03-03-1979 08:45,15.8,0.0066,9.009792,FALSE
04-03-1979 08:45,15.4,0.0022,2.927232,FALSE
05-03-1979 08:45,14.3,0.004,4.94208,FALSE
06-03-1979 08:45,13.1,0.0035,3.96144,FALSE
07-03-1979 08:45,13.1,0.0053,5.998752,FALSE
08-03-1979 08:45,14.1,0.0049,5.969376,FALSE
09-03-1979 08:45,33.3,0.0038,10.933056,FALSE
10-03-1979 08:45,15.5,0.0015,2.0088,FALSE
11-03-1979 08:45,21.9,0.0069,13.055904,FALSE
12-03-1979 08:45,20.9,0.0006,1.083456,FALSE
13-03-1979 08:45,20.4,0.0006,1.057536,FALSE
14-03-1979 08:45,14.7,0.0008,1.016064,FALSE
15-03-1979 08:45,13.5,0.0008,0.93312,FALSE
16-03-1979 08:45,13.3,0.0017,1.953504,FALSE
17-03-1979 08:45,14.9,0.0031,3.990816,FALSE
18-03-1979 08:45,14.8,0.0031,3.964032,FALSE
19-03-1979 08:45,10.6,0.0033,3.022272,FALSE
20-03-1979 08:45,10.2,0.0023,2.026944,FALSE
21-03-1979 08:45,9.9,0.0012,1.026432,FALSE
22-03-1979 08:45,9.8,0.0012,1.016064,FALSE
23-03-1979 08:45,11.1,0.0021,2.013984,FALSE
24-03-1979 08:45,12.6,0.0018,1.959552,FALSE
25-03-1979 08:45,12.1,0.0038,3.972672,FALSE
26-03-1979 08:45,10.9,0.0032,3.013632,FALSE
27-03-1979 08:45,12.5,0.0028,3.024,FALSE
28-03-1979 08:45,12.2,0.0066,6.956928,FALSE
29-03-1979 08:45,11.1,0.0062,5.946048,FALSE
30-03-1979 08:45,11,0.0031,2.94624,FALSE
31-03-1979 08:45,11.2,0.0031,2.999808,FALSE
01-04-1979 08:45,11.4,0.001,0.98496,FALSE
02-04-1979 08:45,10.9,0.0053,4.991328,FALSE
03-04-1979 08:45,9.8,0.0024,2.032128,FALSE
04-04-1979 08:45,11,0.0021,1.99584,FALSE
05-04-1979 08:45,11,0.0073,6.93792,FALSE
06-04-1979 08:45,11.1,0.0042,4.027968,FALSE
07-04-1979 08:45,10.5,0.0055,4.9896,FALSE
08-04-1979 08:45,11.9,0.0049,5.037984,FALSE
09-04-1979 08:45,10.2,0.0011,0.969408,FALSE
10-04-1979 08:45,10.3,0.0079,7.030368,FALSE
11-04-1979 08:45,9.7,0.0036,3.017088,FALSE
12-04-1979 08:45,9.1,0.0076,5.975424,FALSE
14-04-1979 08:45,63.5,0.0084,46.08576,FALSE
16-04-1979 08:45,27.4,0.011,26.04096,FALSE
17-04-1979 08:45,22.9,0.003,5.93568,FALSE
18-04-1979 08:45,35,0.003,9.072,FALSE
19-04-1979 08:45,20.4,0,0,TRUE
20-04-1979 08:45,18.1,0.0045,7.03728,FALSE
21-04-1979 08:45,15.3,0.0008,1.057536,FALSE
22-04-1979 08:45,15,0.0039,5.0544,FALSE
23-04-1979 08:45,20.8,0.0033,5.930496,FALSE
24-04-1979 08:45,15.7,0.0029,3.933792,FALSE
25-04-1979 08:45,19.3,0.0012,2.001024,FALSE
26-04-1979 08:45,22.7,0.0036,7.060608,FALSE
27-04-1979 08:45,20.8,0.0022,3.953664,FALSE
28-04-1979 08:45,18.7,0.0025,4.0392,FALSE
29-04-1979 08:45,17.8,0.0033,5.075136,FALSE
30-04-1979 08:45,16.8,0.0069,10.015488,FALSE
01-05-1979 08:45,14.2,0.0008,0.981504,FALSE
02-05-1979 08:45,16,0.0036,4.97664,FALSE
03-05-1979 08:45,16.5,0.007,9.9792,FALSE
04-05-1979 08:45,22.9,0.0071,14.047776,FALSE
05-05-1979 08:45,15.6,0.0104,14.017536,FALSE
06-05-1979 08:45,21.3,0.0027,4.968864,FALSE
07-05-1979 08:45,22.9,0.0071,14.047776,FALSE
08-05-1979 08:45,18.7,0.0037,5.978016,FALSE
09-05-1979 08:45,14,0.0016,1.93536,FALSE
10-05-1979 08:45,16,0.0043,5.94432,FALSE
11-05-1979 08:45,16.1,0.0029,4.034016,FALSE
12-05-1979 08:45,18.7,0.005,8.0784,FALSE
13-05-1979 08:45,1092.5,0.43746,41292.72432,FALSE
14-05-1979 08:45,172.3,0.1979,2946.081888,FALSE
15-05-1979 08:45,74.8,0.0798,515.725056,FALSE
16-05-1979 08:45,61.9,0.4171,2230.717536,FALSE
17-05-1979 08:45,53.8,0.0239,111.094848,FALSE
18-05-1979 08:45,43.9,0.0129,48.929184,FALSE
19-05-1979 08:45,41.1,0.0158,56.106432,FALSE
20-05-1979 08:45,65.9,0.0126,71.741376,FALSE
21-05-1979 08:45,60.5,0.0099,51.74928,FALSE
22-05-1979 08:45,67.3,0.0287,166.882464,FALSE
23-05-1979 08:45,57.7,0.0016,7.976448,FALSE
24-05-1979 08:45,49.5,0.0068,29.08224,FALSE
25-05-1979 08:45,46.6,0.0162,65.225088,FALSE
26-05-1979 08:45,37.3,0.0174,56.075328,FALSE
27-05-1979 08:45,39.5,0.0126,43.00128,FALSE
28-05-1979 08:45,42,0.0066,23.95008,FALSE
29-05-1979 08:45,40.3,0.0089,30.989088,FALSE
30-05-1979 08:45,41.3,0.009,32.11488,FALSE
31-05-1979 08:45,68,0.0131,76.96512,FALSE
01-06-1979 08:45,45.91,0.0217,86.0757408,FALSE
02-06-1979 08:45,34.29,0.0054,15.9983424,FALSE
03-06-1979 08:45,40.26,0.0029,10.0875456,FALSE
04-06-1979 08:45,43.5,0.0085,31.9464,FALSE
05-06-1979 08:45,22.2,0.0198,37.977984,FALSE
06-06-1979 08:45,32.84,0.0194,55.0450944,FALSE
07-06-1979 08:45,28.43,0.0139,34.1432928,FALSE
08-06-1979 08:45,31,0.0153,40.97952,FALSE
09-06-1979 08:45,45.4,0.012,47.07072,FALSE
10-06-1979 08:45,27,0.0107,24.96096,FALSE
11-06-1979 08:30,43.81,0.0112,42.3940608,FALSE
12-06-1979 08:30,83.91,0.0119,86.2729056,FALSE
13-06-1979 08:45,37.63,0.0086,27.9605952,FALSE
14-06-1979 08:30,40.59,0.0365,128.004624,FALSE
15-06-1979 08:30,128.58,0.04705,522.6931296,FALSE
16-06-1979 08:30,127.29,0.0416,457.5108096,FALSE
17-06-1979 08:30,534.4,0.0357,1648.346112,FALSE
19-06-1979 08:30,165.94,0.018,258.069888,FALSE
20-06-1979 08:30,131.25,0.0112,127.008,FALSE
21-06-1979 08:30,648.54,0.101,5659.419456,FALSE
23-06-1979 10:15,508.95,0.0276,1213.662528,FALSE
24-06-1979 12:15,682.76,0.0717,4229.616269,FALSE
25-06-1979 11:00,783.69,0.0802,5430.407443,FALSE
26-06-1979 11:45,809.34,0.0344,2405.487974,FALSE
27-06-1979 10:15,656.8,0.0514,2916.822528,FALSE
28-06-1979 08:30,800.7,0.0841,5818.078368,FALSE
29-06-1979 09:15,945.1,0.0756,6173.241984,FALSE
30-06-1979 08:30,789.7,0.1032,7041.344256,FALSE
01-07-1979 12:30,939.2,0.0921,7473.627648,FALSE
02-07-1979 10:15,814.16,0.0554,3897.02569,FALSE
03-07-1979 10:30,885.57,0.0485,3710.892528,FALSE
04-07-1979 10:45,640,0.0272,1504.0512,FALSE
05-07-1979 10:45,493.92,0.0155,661.457664,FALSE
06-07-1979 09:15,529.5,0.0255,1166.5944,FALSE
07-07-1979 08:15,654.3,0.0313,1769.436576,FALSE
08-07-1979 11:15,956.68,0.022,1818.457344,FALSE
09-07-1979 09:15,1387.09,0.09110066,10917.91997,FALSE
10-07-1979 09:45,1330,0.1046,12019.7952,FALSE
11-07-1979 11:15,1652.89,0.1622262,23167.47431,FALSE
12-07-1979 11:15,1025.08,0.0541,4791.469939,FALSE
13-07-1979 12:15,1464.81,0.14544237,18407.12584,FALSE
14-07-1979 10:45,795.83,0.033,2269.070496,FALSE
15-07-1979 10:45,736.08,0.044593077,2835.999831,FALSE
16-07-1979 12:15,680.48,0.0147,864.2640384,FALSE
17-07-1979 12:15,570,0.0252,1241.0496,FALSE
18-07-1979 09:15,471.87,0.0143,583.0048224,FALSE
19-07-1979 08:15,364.45,0.0123,387.308304,FALSE
20-07-1979 12:00,324.5,0.01768926,495.9502448,FALSE
22-07-1979 10:00,582.61,0.0405,2038.668912,FALSE
23-07-1979 10:30,424.62,0.0235,862.148448,FALSE
24-07-1979 08:45,416.7,0.0245,882.07056,FALSE
25-07-1979 08:45,785.18,0.0346,2347.248499,FALSE
26-07-1979 10:45,567.46,0.0101,495.1882944,FALSE
27-07-1979 09:15,460.18,0.011,437.355072,FALSE
28-07-1979 11:15,540,0.0214,998.4384,FALSE
29-07-1979 09:00,826.94,0.0238,1700.453261,FALSE
30-07-1979 11:30,1187.31,0.0708,7262.917747,FALSE
31-07-1979 12:30,1441.53,0.0337,4197.27407,FALSE
01-08-1979 11:45,2570.13,0.1855,41191.98754,FALSE
02-08-1979 12:45,2075.74,0.0686,12302.99401,FALSE
03-08-1979 08:30,2271.88,0.0907,17803.54218,FALSE
04-08-1979 10:45,2027.7,0.0538,9425.398464,FALSE
05-08-1979 09:45,1625.45,0.0324,4550.219712,FALSE
06-08-1979 08:15,1919.36,0.0402,6666.474701,FALSE
07-08-1979 08:45,2474.15,0.06378919,13635.99571,FALSE
10-08-1979 12:15,1429.2,0.0331,4087.283328,FALSE
11-08-1979 08:30,1064.3,0.0106,974.728512,FALSE
12-08-1979 08:30,834.3,0.0192,1384.003584,FALSE
13-08-1979 08:30,688.1,0.0201,1194.981984,FALSE
14-08-1979 08:30,584.9,0.0085,429.55056,FALSE
15-08-1979 08:30,480,0.0104,431.3088,FALSE
16-08-1979 08:30,404.7,0.0134,468.545472,FALSE
18-08-1979 11:15,357.6,0.017,525.24288,FALSE
19-08-1979 08:30,368.1,0.027,858.70368,FALSE
21-08-1979 08:30,606,0.0632,3309.05088,FALSE
22-08-1979 08:30,528.3,0.0381,1739.079072,FALSE
23-08-1979 08:30,359.2,0.0127,394.142976,FALSE
24-08-1979 08:30,250.6,0.0195,422.21088,FALSE
25-08-1979 08:00,223.1,0.0236,454.909824,FALSE
26-08-1979 08:30,236.4,0.0108,220.589568,FALSE
27-08-1979 08:30,218.9,0.0077,145.629792,FALSE
28-08-1979 08:30,192.7,0.0073,121.539744,FALSE
29-08-1979 08:30,169.3,0.0039,57.047328,FALSE
30-08-1979 08:30,146,0.0013,16.39872,FALSE
31-08-1979 08:30,130.6,0,0,TRUE
01-09-1979 08:45,149,0.0059,75.95424,FALSE
02-09-1979 08:30,145.9,0.0016,20.169216,FALSE
03-09-1979 08:30,162.1,0.0035,49.01904,FALSE
04-09-1979 09:00,216.7,0.0024,44.934912,FALSE
05-09-1979 08:45,111.6,0.0063,60.746112,FALSE
06-09-1979 08:30,143.4,0.006,74.33856,FALSE
07-09-1979 08:30,158.9,0.0086,118.069056,FALSE
08-09-1979 08:30,141.2,0.0095,115.89696,FALSE
09-09-1979 08:30,119.8,0.0067,69.349824,FALSE
10-09-1979 08:30,151.1,0.0066,86.163264,FALSE
11-09-1979 08:30,208,0.0103,185.10336,FALSE
13-09-1979 08:30,177.8,0.009,138.25728,FALSE
14-09-1979 08:30,254.7,0.0212,466.528896,FALSE
15-09-1979 08:30,255.4,0.0089,196.392384,FALSE
16-09-1979 08:30,193.6,0.0224,374.685696,FALSE
17-09-1979 08:30,161.1,0.0248,345.192192,FALSE
19-09-1979 08:30,270.1,0.0102,238.033728,FALSE
20-09-1979 08:30,224.1,0.0029,56.150496,FALSE
21-09-1979 08:30,178.9,0.0048,74.193408,FALSE
22-09-1979 08:30,181.2,0.0051,79.843968,FALSE
23-09-1979 08:30,181.5,0.0013,20.38608,FALSE
24-09-1979 08:30,196.1,0.0042,71.160768,FALSE
25-09-1979 08:30,234.3,0.0046,93.120192,FALSE
26-09-1979 08:30,235.6,0.0037,75.316608,FALSE
27-09-1979 08:30,294.2,0.0072,183.015936,FALSE
28-09-1979 08:30,387.7,0.0076,254.579328,FALSE
29-09-1979 08:30,462,0.0243,969.97824,FALSE
30-09-1979 08:30,251.4,0.0119,258.479424,FALSE
01-10-1979 08:00,227.4,0.0028,55.012608,FALSE
02-10-1979 08:00,245,0.0028,59.2704,FALSE
03-10-1979 08:00,216.9,0.0023,43.102368,FALSE
04-10-1979 08:00,180.9,0.0038,59.393088,FALSE
05-10-1979 08:00,124.7,0.0047,50.638176,FALSE
06-10-1979 08:00,155.2,0.008,107.27424,FALSE
07-10-1979 08:00,198,0.007,119.7504,FALSE
08-10-1979 08:00,136.3,0.0091,107.164512,FALSE
09-10-1979 08:00,121.2,0.0044,46.075392,FALSE
10-10-1979 08:00,254.7,0.0317,697.592736,FALSE
11-10-1979 08:00,207,0.0156,279.00288,FALSE
12-10-1979 08:00,198.6,0.0134,229.931136,FALSE
13-10-1979 08:00,215.3,0.0121,225.083232,FALSE
14-10-1979 08:00,186.8,0.0141,227.567232,FALSE
15-10-1979 08:00,219.8,0.0069,131.035968,FALSE
16-10-1979 08:00,219.8,0.02522845,479.10643,FALSE
17-10-1979 08:00,200,0.0131,226.368,FALSE
18-10-1979 08:00,158.6,0.0103,141.141312,FALSE
19-10-1979 08:00,131.2,0.0048,54.411264,FALSE
20-10-1979 08:00,100.7,0.0055,47.85264,FALSE
21-10-1979 08:00,113.9,0.0161,158.439456,FALSE
22-10-1979 08:00,83.5,0.0155,111.8232,FALSE
23-10-1979 08:00,98.8,0.0018,15.365376,FALSE
24-10-1979 08:00,123.3,0.0014,14.914368,FALSE
25-10-1979 08:00,93,0.0022,17.67744,FALSE
26-10-1979 08:00,110.4,0.0044,41.969664,FALSE
27-10-1979 08:00,202.1,0.0137,239.221728,FALSE
28-10-1979 08:00,323.2,0.0124,346.263552,FALSE
29-10-1979 08:00,280,0.0157,379.8144,FALSE
30-10-1979 08:00,213.9,0.0127,234.708192,FALSE
31-10-1979 08:00,155.5,0.012,161.2224,FALSE
01-11-1979 08:30,130.4,0.0055,61.96608,FALSE
02-11-1979 08:30,142.3,0.0056,68.850432,FALSE
03-11-1979 08:30,172.9,0.0113,168.805728,FALSE
05-11-1979 08:30,243.1,0.0076,159.629184,FALSE
06-11-1979 08:30,130.6,0.0076,85.757184,FALSE
07-11-1979 08:30,144.7,0.0167,208.784736,FALSE
08-11-1979 08:30,130,0.0086,96.5952,FALSE
09-11-1979 08:30,159,0.0092,126.38592,FALSE
10-11-1979 08:30,282.6,0.0123,300.324672,FALSE
11-11-1979 08:30,187.3,0.004,64.73088,FALSE
12-11-1979 08:30,221.9,0.012,230.06592,FALSE
13-11-1979 08:30,442.1,0.0297,1134.463968,FALSE
14-11-1979 08:30,265.7,0.0191,438.468768,FALSE
15-11-1979 08:30,354.4,0.0283,866.550528,FALSE
16-11-1979 08:30,327.7,0.014,396.38592,FALSE
17-11-1979 08:30,410.3,0.0218,772.808256,FALSE
18-11-1979 08:30,468.9,0.0627,2540.162592,FALSE
19-11-1979 08:30,443.5,0.0281,1076.74704,FALSE
20-11-1979 08:30,766.6,0.0864,5722.638336,FALSE
21-11-1979 09:15,466,0.0581,2339.24544,FALSE
22-11-1979 08:30,432.9,0.0346,1294.128576,FALSE
23-11-1979 09:15,380.9,0.0359,1181.460384,FALSE
24-11-1979 08:30,429.2,0.0348,1290.484224,FALSE
25-11-1979 09:15,330.4,0.0277,790.739712,FALSE
26-11-1979 08:30,218.9,0.0273,516.323808,FALSE
27-11-1979 08:30,241,0.0145,301.9248,FALSE
28-11-1979 08:30,278.3,0.0117,281.327904,FALSE
29-11-1979 08:30,208.8,0.0117,211.071744,FALSE
30-11-1979 08:30,175.9,0.0037,56.231712,FALSE
03-12-1979 08:00,130.5,0.0091,102.60432,FALSE
04-12-1979 08:00,112.8,0.0114,111.103488,FALSE
05-12-1979 08:00,106.1,0.0076,69.669504,FALSE
06-12-1979 08:00,128.3,0.0046,50.991552,FALSE
07-12-1979 08:00,126,0.0089,96.88896,FALSE
10-12-1979 08:00,102,0.0093,81.95904,FALSE
12-12-1979 08:00,95.6,0.0041,33.865344,FALSE
13-12-1979 08:00,84,0.0034,24.67584,FALSE
14-12-1979 08:00,72.5,0.0051,31.9464,FALSE
15-12-1979 08:00,62.5,0.0044,23.76,FALSE
17-12-1979 08:00,54.9,0.0013,6.166368,FALSE
18-12-1979 08:00,64.1,0.0056,31.014144,FALSE
19-12-1979 08:00,50,0.0042,18.144,FALSE
20-12-1979 08:00,50.6,0.0032,13.989888,FALSE
21-12-1979 08:00,48.7,0.0057,23.983776,FALSE
22-12-1979 08:00,58.7,0.0043,21.808224,FALSE
24-12-1979 08:00,53.5,0.0067,30.97008,FALSE
26-12-1979 08:00,42.1,0.0005,1.81872,FALSE
27-12-1979 08:00,27.9,0.0016,3.856896,FALSE
02-01-1980 08:00,33.4,0.0028,8.080128,FALSE
03-01-1980 08:00,28,0.0025,6.048,FALSE
04-01-1980 08:00,28.1,0.0008,1.942272,FALSE
05-01-1980 08:00,25.4,0.005,10.9728,FALSE
07-01-1980 08:00,25,0.0014,3.024,FALSE
08-01-1980 08:00,25.1,0,0,TRUE
09-01-1980 08:00,23,0.003,5.9616,FALSE
10-01-1980 08:00,22.3,0.0135,26.01072,FALSE
11-01-1980 08:00,20.9,0.0077,13.904352,FALSE
12-01-1980 08:00,18.9,0.0085,13.88016,FALSE
13-01-1980 08:00,22.4,0.0057,11.031552,FALSE
14-01-1980 08:00,21.9,0.0032,6.054912,FALSE
15-01-1980 08:00,18.2,0.0025,3.9312,FALSE
16-01-1980 08:00,17.3,0.0073,10.911456,FALSE
17-01-1980 08:00,18.4,0.0057,9.061632,FALSE
18-01-1980 08:00,15,0.0062,8.0352,FALSE
19-01-1980 08:00,17.3,0.002,2.98944,FALSE
20-01-1980 08:00,21.5,0.0022,4.08672,FALSE
21-01-1980 08:00,18.4,0.0019,3.020544,FALSE
22-01-1980 08:00,13.6,0.0119,13.982976,FALSE
23-01-1980 08:00,27.5,0.0021,4.9896,FALSE
24-01-1980 08:00,13.9,0.005,6.0048,FALSE
25-01-1980 08:00,13.9,0.0042,5.044032,FALSE
28-01-1980 08:00,14.8,0.0078,9.974016,FALSE
29-01-1980 08:00,16.5,0.0042,5.98752,FALSE
30-01-1980 08:00,15.8,0.0015,2.04768,FALSE
31-01-1980 08:00,20.8,0.0033,5.930496,FALSE
01-02-1980 08:00,22.5,0.001,1.944,FALSE
04-02-1980 08:00,14.5,0.0008,1.00224,FALSE
05-02-1980 08:00,15.2,0.0015,1.96992,FALSE
06-02-1980 08:00,14.5,0.0016,2.00448,FALSE
07-02-1980 08:00,17.7,0.0007,1.070496,FALSE
08-02-1980 08:00,15,0.0023,2.9808,FALSE
11-02-1980 08:00,14.2,0.0065,7.97472,FALSE
12-02-1980 08:00,11,0,0,TRUE
13-02-1980 08:00,12.7,0.0064,7.022592,FALSE
14-02-1980 08:00,18,0,0,TRUE
15-02-1980 08:00,14.1,0.0008,0.974592,FALSE
18-02-1980 08:00,14.8,0.0148,18.925056,FALSE
19-02-1980 08:00,11.6,0.001,1.00224,FALSE
20-02-1980 08:00,13.8,0.0008,0.953856,FALSE
21-02-1980 08:00,12.8,0,0,TRUE
22-02-1980 08:00,9,0.0077,5.98752,FALSE
23-02-1980 08:00,12.8,0.0172,19.021824,FALSE
25-02-1980 08:00,12.1,0.0048,5.018112,FALSE
26-02-1980 08:00,10.9,0,0,TRUE
27-02-1980 08:00,10.5,0.0033,2.99376,FALSE
28-02-1980 08:00,11.6,0.001,1.00224,FALSE
29-02-1980 08:00,9.1,0,0,TRUE
01-03-1980 08:00,10.2,0.0079,6.962112,FALSE
03-03-1980 08:00,10,0.0046,3.9744,FALSE
04-03-1980 08:00,11.8,0.0039,3.976128,FALSE
05-03-1980 08:00,14.3,0.0016,1.976832,FALSE
06-03-1980 08:00,11,0.0021,1.99584,FALSE
07-03-1980 08:00,12.4,0.0028,2.999808,FALSE
10-03-1980 08:00,8.2,0.0042,2.975616,FALSE
11-03-1980 08:00,9.1,0.0013,1.022112,FALSE
12-03-1980 08:00,18.4,0.0006,0.953856,FALSE
13-03-1980 08:00,20.9,0.0028,5.056128,FALSE
14-03-1980 08:00,21.8,0.0016,3.013632,FALSE
15-03-1980 08:00,16.9,0.0014,2.044224,FALSE
17-03-1980 08:00,13.7,0.0025,2.9592,FALSE
18-03-1980 08:00,13.9,0.0083,9.967968,FALSE
19-03-1980 08:00,14.8,0.007,8.95104,FALSE
20-03-1980 08:00,14.9,0.0016,2.059776,FALSE
21-03-1980 08:00,15.9,0.0029,3.983904,FALSE
22-03-1980 08:00,11.4,0.0102,10.046592,FALSE
24-03-1980 08:00,9.4,0.0061,4.954176,FALSE
25-03-1980 08:00,8.8,0.0053,4.029696,FALSE
26-03-1980 08:00,7.3,0.0048,3.027456,FALSE
27-03-1980 08:00,7.8,0,0,TRUE
28-03-1980 08:00,6.7,0.0052,3.010176,FALSE
31-03-1980 08:00,20.8,0.0067,12.040704,FALSE
01-04-1980 08:00,14.4,0.0008,0.995328,FALSE
02-04-1980 08:00,14.6,0.004,5.04576,FALSE
03-04-1980 08:00,14.9,0.0023,2.960928,FALSE
05-04-1980 08:00,15.9,0.0015,2.06064,FALSE
07-04-1980 08:00,13.9,0.0017,2.041632,FALSE
08-04-1980 08:00,23.6,0.0005,1.01952,FALSE
09-04-1980 08:00,19.4,0.0042,7.039872,FALSE
10-04-1980 08:00,17.2,0.0034,5.052672,FALSE
11-04-1980 08:00,11.7,0.003,3.03264,FALSE
14-04-1980 08:00,12.5,0.0055,5.94,FALSE
16-04-1980 08:00,75.8,0.0024,15.717888,FALSE
17-04-1980 08:00,22.7,0.0015,2.94192,FALSE
18-04-1980 08:00,19.4,0.0018,3.017088,FALSE
19-04-1980 08:00,19.4,0.0006,1.005696,FALSE
21-04-1980 08:00,27.8,0.0017,4.083264,FALSE
22-04-1980 08:00,30.7,0.0004,1.060992,FALSE
23-04-1980 08:00,33.4,0.0003,0.865728,FALSE
24-04-1980 08:00,28.3,0.002,4.89024,FALSE
25-04-1980 08:00,24.2,0.0019,3.972672,FALSE
26-04-1980 08:00,24.7,0.0047,10.030176,FALSE
28-04-1980 08:00,24.7,0.0009,1.920672,FALSE
29-04-1980 08:00,31.4,0.0041,11.123136,FALSE
01-05-1980 08:00,38.3,0.0045,14.89104,FALSE
02-05-1980 08:00,31.8,0.0025,6.8688,FALSE
03-05-1980 08:00,32.8,0.0028,7.934976,FALSE
05-05-1980 08:00,48.4,0.000478267,1.99999781,FALSE
06-05-1980 08:00,31.9,0.0029,7.992864,FALSE
07-05-1980 08:00,31.9,0.0033,9.095328,FALSE
08-05-1980 08:00,36.5,0.0089,28.06704,FALSE
09-05-1980 08:00,28.2,0.0037,9.014976,FALSE
10-05-1980 08:00,27,0.0034,7.93152,FALSE
11-05-1980 08:00,26,0.0031,6.96384,FALSE
12-05-1980 08:00,29.6,0.0047,12.019968,FALSE
13-05-1980 08:00,33,0,0,TRUE
14-05-1980 08:00,25,0.0005,1.08,FALSE
15-05-1980 08:00,26.1,0.0031,6.990624,FALSE
16-05-1980 08:00,20.2,0.0029,5.061312,FALSE
17-05-1980 08:00,54.2,0.0092,43.082496,FALSE
18-05-1980 08:00,32,0.0108,29.85984,FALSE
19-05-1980 08:00,47,0.0123,49.94784,FALSE
20-05-1980 08:00,207,0.0251,448.90848,FALSE
21-05-1980 08:00,64.1,0.0182,100.795968,FALSE
22-05-1980 08:00,59.8,0.0006,3.100032,FALSE
23-05-1980 08:00,43,0.0019,7.05888,FALSE
24-05-1980 08:00,34,0.0041,12.04416,FALSE
26-05-1980 08:00,26,0.0053,11.90592,FALSE
27-05-1980 08:00,26,0.0018,4.04352,FALSE
28-05-1980 08:00,27.3,0.0038,8.963136,FALSE
29-05-1980 08:00,21,0.0017,3.08448,FALSE
30-05-1980 08:00,23,0.0015,2.9808,FALSE
31-05-1980 08:00,22,0.001,1.9008,FALSE
04-06-1980 08:30,281.8,0.0652,1587.458304,FALSE
05-06-1980 08:30,207.7,0.0146,262.001088,FALSE
06-06-1980 08:30,366,0.0358,1132.08192,FALSE
07-06-1980 08:30,428.3,0.0281,1039.843872,FALSE
09-06-1980 08:30,409,0.0275,971.784,FALSE
10-06-1980 08:30,265,0.0184,421.2864,FALSE
11-06-1980 08:30,253.2,0.0125,273.456,FALSE
12-06-1980 08:30,294,0.0488,1239.59808,FALSE
16-06-1980 08:30,344,0.0204,606.32064,FALSE
17-06-1980 08:30,395.3,0.0271,925.571232,FALSE
19-06-1980 08:30,676.3,0.0255,1490.02416,FALSE
20-06-1980 08:45,1152,0.0423,4210.23744,FALSE
21-06-1980 08:30,1205.3,0.06718965,6996.990397,FALSE
22-06-1980 08:30,1399.1,0.13413236,16214.22013,FALSE
23-06-1980 08:30,700.9,0.0147,890.199072,FALSE
24-06-1980 09:15,899.4,0.0111,862.560576,FALSE
25-06-1980 08:30,631.2,0.0071,387.203328,FALSE
26-06-1980 09:00,952,0.0234,1924.71552,FALSE
28-06-1980 08:30,669.2,0.0042,242.839296,FALSE
29-06-1980 08:30,723.3,0.0156,974.892672,FALSE
30-06-1980 08:30,813.9,0.0197,1385.322912,FALSE
01-07-1980 08:30,1433.2,0.0601,7442.091648,FALSE
02-07-1980 08:30,2175,0.11996275,22543.39998,FALSE
03-07-1980 08:30,2035.7,0.1125,19787.004,FALSE
05-07-1980 08:30,939.5,0.0186,1509.81408,FALSE
06-07-1980 08:30,731.7,0.0131,828.167328,FALSE
07-07-1980 08:30,894.5,0.0105,811.4904,FALSE
08-07-1980 08:45,1314.9,0.0139,1579.142304,FALSE
09-07-1980 08:30,1838.2,0.0283,4494.619584,FALSE
10-07-1980 08:30,1279,0.0127,1403.42112,FALSE
11-07-1980 08:30,1015.9,0.0149,1307.829024,FALSE
12-07-1980 08:30,791.1,0.0198,1353.350592,FALSE
13-07-1980 08:30,928.7,0.0164,1315.930752,FALSE
14-07-1980 08:30,726.1,0.0138,865.743552,FALSE
16-07-1980 08:30,1350.8,0.0357,4166.515584,FALSE
17-07-1980 08:30,693,0.0101,604.73952,FALSE
18-07-1980 08:30,604.1,0.0243,1268.320032,FALSE
19-07-1980 08:30,506.1,0.0166,725.868864,FALSE
22-07-1980 08:30,657.1,0.0116,658.571904,FALSE
23-07-1980 08:50,529.2,0.0178,813.867264,FALSE
24-07-1980 08:30,912.9,0.0303,2389.899168,FALSE
25-07-1980 08:30,580.1,0.0301,1508.631264,FALSE
26-07-1980 08:30,778.1,0.0349,2346.251616,FALSE
27-07-1980 08:30,1317,0.0247,2810.58336,FALSE
04-08-1980 08:30,443,0.0091,348.30432,FALSE
05-08-1980 08:30,398.2,0.0077,264.914496,FALSE
07-08-1980 08:30,233.1,0.0131,263.831904,FALSE
08-08-1980 08:30,201.9,0.0035,61.05456,FALSE
09-08-1980 08:30,202.5,0.0118,206.4528,FALSE
10-08-1980 08:30,246.2,0.0311,661.549248,FALSE
11-08-1980 08:30,377.9,0.0376,1227.661056,FALSE
12-08-1980 08:30,531.5,0.02112,969.864192,FALSE
13-08-1980 08:30,338.2,0.0195,569.79936,FALSE
14-08-1980 08:30,562.4,0.024,1166.19264,FALSE
16-08-1980 08:30,1000.9,0.04864807,4206.976122,FALSE
17-08-1980 08:30,1004.1,0.01711,1484.365046,FALSE
18-08-1980 08:30,892.4,0.0104,801.874944,FALSE
19-08-1980 08:30,1344.1,0.033067737,3840.164234,FALSE
21-08-1980 08:30,870.9,0.0157,1181.358432,FALSE
22-08-1980 09:30,767.5,0.0155,1027.836,FALSE
23-08-1980 08:30,742.5,0.0179,1148.3208,FALSE
26-08-1980 08:30,602,0.0306,1591.59168,FALSE
27-08-1980 08:30,757.5,0.0188,1230.4224,FALSE
28-08-1980 08:30,549.9,0.0165,783.93744,FALSE
29-08-1980 08:30,503.4,0.0174,756.791424,FALSE
30-08-1980 08:30,494.7,0.015,641.1312,FALSE
01-09-1980 08:30,398.4,0.0152,523.210752,FALSE
02-09-1980 08:30,412.5,0.0105,374.22,FALSE
03-09-1980 10:00,261.7,0.0189,427.345632,FALSE
04-09-1980 08:30,236.9,0.0083,169.885728,FALSE
05-09-1980 08:30,246.4,0.0135,287.40096,FALSE
06-09-1980 09:30,334.9,0.0102,295.140672,FALSE
07-09-1980 10:30,396.8,0.0106,363.405312,FALSE
08-09-1980 09:30,262.4,0.0093,210.843648,FALSE
09-09-1980 09:30,218.8,0.0088,166.358016,FALSE
10-09-1980 10:00,233.4,0.0046,92.762496,FALSE
11-09-1980 09:30,234,0.0051,103.10976,FALSE
12-09-1980 09:30,183,0.0078,123.32736,FALSE
13-09-1980 09:30,131.7,0.0162,184.337856,FALSE
14-09-1980 09:00,104.6,0.013,117.48672,FALSE
15-09-1980 08:30,125.5,0.0072,78.07104,FALSE
16-09-1980 08:30,110.5,0.0032,30.55104,FALSE
17-09-1980 08:30,106.3,0.0099,90.924768,FALSE
18-09-1980 08:30,108,0.0084,78.38208,FALSE
19-09-1980 09:00,79.6,0.0071,48.829824,FALSE
20-09-1980 09:30,92.3,0.0044,35.088768,FALSE
21-09-1980 08:30,106.1,0.0128,117.338112,FALSE
22-09-1980 08:30,136.3,0.011,129.53952,FALSE
23-09-1980 10:15,170.6,0.0071,104.652864,FALSE
24-09-1980 10:00,194.1,0.0408,684.225792,FALSE
27-09-1980 08:30,362.5,0.009,281.88,FALSE
28-09-1980 09:30,569.1,0.028,1376.76672,FALSE
29-09-1980 09:00,242.1,0.019261,402.8908118,FALSE
30-09-1980 08:30,290.4,0.0139,348.758784,FALSE
03-10-1980 08:45,566.6,0.0107,523.810368,FALSE
04-10-1980 08:45,412.9,0.0257,916.836192,FALSE
05-10-1980 09:00,246.9,0.0173,369.046368,FALSE
06-10-1980 08:45,394.1,0.0232,789.965568,FALSE
07-10-1980 08:45,280.2,0.0178,430.925184,FALSE
08-10-1980 08:45,343.2,0.0165,489.26592,FALSE
10-10-1980 08:45,370.9,0.0189,605.664864,FALSE
13-10-1980 08:45,559.8,0.0608,2940.696576,FALSE
15-10-1980 08:30,360.3,0.0172,535.434624,FALSE
16-10-1980 08:30,283.3,0.0161,394.081632,FALSE
17-10-1980 08:30,264.4,0.0124,283.267584,FALSE
18-10-1980 08:30,293,0.016,405.0432,FALSE
20-10-1980 08:30,286.3,0.0145,358.67664,FALSE
21-10-1980 08:30,228.9,0.0123,243.256608,FALSE
22-10-1980 08:30,340.8,0.0144,424.009728,FALSE
23-10-1980 08:30,315.3,0.0279,760.049568,FALSE
24-10-1980 08:30,276.3,0.022,525.19104,FALSE
25-10-1980 08:30,327.6,0.0115,325.50336,FALSE
26-10-1980 08:30,332.3,0.0295,846.96624,FALSE
27-10-1980 08:30,234.4,0.0187,378.715392,FALSE
28-10-1980 08:30,194.2,0.0355,595.65024,FALSE
29-10-1980 08:30,235.5,0.0192,390.66624,FALSE
30-10-1980 08:30,160.5,0.0122,169.17984,FALSE
31-10-1980 08:30,179.2,0.0124,191.987712,FALSE
01-11-1980 08:30,89.2,0.0109,84.004992,FALSE
02-11-1980 08:30,105.5,0.0063,57.42576,FALSE
03-11-1980 08:30,176.9,0.0084,128.386944,FALSE
04-11-1980 08:30,251.3,0.0168,364.766976,FALSE
05-11-1980 08:30,226.5,0.0055,107.6328,FALSE
06-11-1980 08:30,189.2,0.0257,420.114816,FALSE
07-11-1980 08:30,153.1,0.0167,220.904928,FALSE
08-11-1980 08:30,196.8,0.0625,1062.72,FALSE
10-11-1980 08:30,92.4,0.0093,74.245248,FALSE
11-11-1980 08:30,78.1,0.0044,29.690496,FALSE
12-11-1980 08:30,351.8,0.033,1003.05216,FALSE
13-11-1980 08:30,197.9,0.0325,555.7032,FALSE
14-11-1980 08:30,198.2,0.0263,450.373824,FALSE
15-11-1980 08:30,266.3,0.0135,310.61232,FALSE
16-11-1980 08:30,216.9,0.0247,462.881952,FALSE
18-11-1980 08:30,311.4,0.0166,446.622336,FALSE
20-11-1980 08:30,225,0.0134,260.496,FALSE
21-11-1980 08:30,241,0.005,104.112,FALSE
22-11-1980 08:30,203.4,0.0118,207.370368,FALSE
24-11-1980 08:30,160.3,0.0213,295.003296,FALSE
25-11-1980 08:30,171.2,0.0122,180.458496,FALSE
26-11-1980 08:30,153.9,0.0079,105.045984,FALSE
27-11-1980 08:30,130,0.0034,38.1888,FALSE
28-11-1980 08:30,123,0.0075,79.704,FALSE
29-11-1980 08:30,87,0.0066,49.61088,FALSE
02-12-1980 08:00,71.9,0.0076,47.212416,FALSE
06-12-1980 08:00,61.6,0.0147,78.236928,FALSE
09-12-1980 08:00,305.3,0.0149,393.031008,FALSE
12-12-1980 08:00,60.9,0.00634,33.3595584,FALSE
15-12-1980 08:00,75.3,0.0064,41.637888,FALSE
16-12-1980 08:00,47.9,0.0037,15.312672,FALSE
17-12-1980 08:00,45.9,0.0095,37.67472,FALSE
18-12-1980 08:00,105.2,0.013,118.16064,FALSE
19-12-1980 08:00,52.3,0.0163,73.655136,FALSE
20-12-1980 08:00,62.6,0.0094,50.841216,FALSE
22-12-1980 08:00,25.5,0.0069,15.20208,FALSE
23-12-1980 08:00,28.3,0.0084,20.539008,FALSE
24-12-1980 08:00,53.5,0.0135,62.4024,FALSE
26-12-1980 08:00,52.9,0.0115,52.56144,FALSE
27-12-1980 08:00,50.7,0.005,21.9024,FALSE
29-12-1980 08:00,32.6,0.0084,23.659776,FALSE
30-12-1980 08:00,30.5,0.0049,12.91248,FALSE
31-12-1980 08:00,21.1,0.0093,16.954272,FALSE
01-01-1981 08:00,21.7,0.0065,12.18672,FALSE
03-01-1981 08:00,24.6,0.0055,11.68992,FALSE
05-01-1981 08:00,22.1,0.0096,18.330624,FALSE
06-01-1981 08:00,23.3,0.0023,4.630176,FALSE
07-01-1981 08:00,22.1,0.0124,23.677056,FALSE
08-01-1981 08:00,20.4,0.0013,2.291328,FALSE
09-01-1981 08:00,16.2,0.0011,1.539648,FALSE
10-01-1981 08:00,15.7,0.0082,11.123136,FALSE
13-01-1981 08:00,17.4,0.0058,8.719488,FALSE
14-01-1981 08:00,17.1,0.0033,4.875552,FALSE
15-01-1981 08:00,12.9,0.0021,2.340576,FALSE
16-01-1981 08:00,12.4,0.0081,8.678016,FALSE
17-01-1981 08:00,12.4,0.0019,2.035584,FALSE
19-01-1981 08:00,12.5,0.0081,8.748,FALSE
20-01-1981 08:00,13.8,0.0075,8.9424,FALSE
23-01-1981 08:00,13.5,0.0208,24.26112,FALSE
27-01-1981 08:00,13.4,0.0066,7.641216,FALSE
28-01-1981 08:00,22.5,0.0094424,18.3560256,FALSE
29-01-1981 08:00,12,0.0031,3.21408,FALSE
30-01-1981 08:00,12,0.0038,3.93984,FALSE
31-01-1981 08:00,12.2,0.0035,3.68928,FALSE
02-02-1981 08:00,12.8,0.0039,4.313088,FALSE
03-02-1981 08:00,12,0.0097,10.05696,FALSE
04-02-1981 08:00,17.1,0.0086,12.705984,FALSE
05-02-1981 08:00,11.2,0.0024,2.322432,FALSE
06-02-1981 08:00,12.8,0.0114,12.607488,FALSE
07-02-1981 08:00,12.8,0.01,11.0592,FALSE
09-02-1981 08:00,13.1,0.0076,8.601984,FALSE
10-02-1981 08:00,12.2,0.0022,2.318976,FALSE
11-02-1981 08:00,14.4,0.0028,3.483648,FALSE
12-02-1981 08:00,14.8,0.007,8.95104,FALSE
13-02-1981 08:00,11.4,0.0071,6.993216,FALSE
14-02-1981 08:00,25.8,0.0077,17.164224,FALSE
16-02-1981 08:00,14.1,0.0031,3.776544,FALSE
17-02-1981 08:00,17,0.002,2.9376,FALSE
18-02-1981 08:00,16,0.0023,3.17952,FALSE
19-02-1981 08:00,13.5,0.0076,8.86464,FALSE
20-02-1981 08:00,13.2,0.0015,1.71072,FALSE
21-02-1981 08:00,10.6,0.008133,7.44852672,FALSE
24-02-1981 08:00,8.6,0.0043,3.195072,FALSE
25-02-1981 08:00,9.9,0.0031,2.651616,FALSE
26-02-1981 08:00,8.8,0.0098,7.451136,FALSE
27-02-1981 08:00,9.5,0.0049,4.02192,FALSE
28-02-1981 08:00,11.5,0.0032,3.17952,FALSE
02-03-1981 08:00,12.3,0.0041,4.357152,FALSE
03-03-1981 08:00,9.9,0.0042,3.592512,FALSE
04-03-1981 08:00,8.9,0.0084,6.459264,FALSE
05-03-1981 08:00,7.4,0.0032,2.045952,FALSE
06-03-1981 08:00,9.1,0.0054,4.245696,FALSE
07-03-1981 08:00,9,0.0029,2.25504,FALSE
08-03-1981 08:00,10,0.0031,2.6784,FALSE
09-03-1981 08:00,12.2,0.012,12.64896,FALSE
10-03-1981 08:00,8.8,0.0013,0.988416,FALSE
11-03-1981 08:00,8.1,0.0071,4.968864,FALSE
12-03-1981 08:00,9,0.0037,2.87712,FALSE
13-03-1981 08:00,10,0.0051,4.4064,FALSE
14-03-1981 08:00,10.8,0.0102,9.517824,FALSE
16-03-1981 08:00,12.9,0.0158,17.610048,FALSE
17-03-1981 08:00,11,0.0076,7.22304,FALSE
18-03-1981 08:00,11.5,0.0035,3.4776,FALSE
19-03-1981 08:00,11,0.0046,4.37184,FALSE
20-03-1981 08:00,13.3,0.0064,7.354368,FALSE
21-03-1981 08:00,13.5,0.0063,7.34832,FALSE
23-03-1981 08:00,11.8,0.0004,0.407808,FALSE
25-03-1981 08:00,15.2,0.0017,2.232576,FALSE
26-03-1981 08:00,11,0.0093,8.83872,FALSE
27-03-1981 08:00,9.6,0.0072,5.971968,FALSE
28-03-1981 08:00,10.5,0.008,7.2576,FALSE
30-03-1981 08:00,12.8,0.008,8.84736,FALSE
31-03-1981 08:00,10.6,0.0014,1.282176,FALSE
01-04-1981 08:00,9.6,0.0032,2.654208,FALSE
02-04-1981 08:00,10.1,0.0017,1.483488,FALSE
03-04-1981 08:00,11.4,0.0033,3.250368,FALSE
04-04-1981 08:00,9.9,0.0012,1.026432,FALSE
06-04-1981 08:00,9.9,0.0114,9.751104,FALSE
07-04-1981 08:00,8.6,0.0066,4.904064,FALSE
08-04-1981 08:00,10.6,0.0026,2.381184,FALSE
09-04-1981 08:00,7.9,0.0007,0.477792,FALSE
10-04-1981 08:00,7.3,0.0013,0.819936,FALSE
11-04-1981 08:00,6.5,0.0023,1.29168,FALSE
13-04-1981 08:00,14.9,0.0082,10.556352,FALSE
14-04-1981 08:00,19.2,0.0073,12.109824,FALSE
15-04-1981 08:00,15.7,0.0113,15.328224,FALSE
16-04-1981 08:00,12.3,0.0026,2.763072,FALSE
18-04-1981 08:00,83.9,0.0519,376.221024,FALSE
20-04-1981 08:00,18.2,0.0127,19.970496,FALSE
21-04-1981 08:00,17.6,0.0066,10.036224,FALSE
22-04-1981 08:00,20.5,0.002,3.5424,FALSE
23-04-1981 08:00,22.8,0.0116,22.851072,FALSE
24-04-1981 08:00,32.1,0.0047,13.035168,FALSE
25-04-1981 08:00,18.1,0.004,6.25536,FALSE
27-04-1981 08:00,13.8,0.0085,10.13472,FALSE
28-04-1981 08:00,14.2,0.0102,12.514176,FALSE
29-04-1981 08:00,15.8,0.0092,12.559104,FALSE
30-04-1981 08:00,13.1,0.0036,4.074624,FALSE
01-05-1981 08:00,13,0.0048,5.39136,FALSE
02-05-1981 08:00,20.8,0.0074,13.298688,FALSE
04-05-1981 08:00,18.6,0.0083,13.338432,FALSE
05-05-1981 08:00,26.2,0.0036,8.149248,FALSE
06-05-1981 08:00,23.5,0.0062,12.58848,FALSE
08-05-1981 08:00,39.2,0.0085,28.78848,FALSE
09-05-1981 08:00,28.6,0.0037,9.142848,FALSE
11-05-1981 08:00,31.8,0.0032,8.792064,FALSE
13-05-1981 08:00,82.8,0.0121,86.562432,FALSE
14-05-1981 08:00,32.4,0.0124,34.712064,FALSE
16-05-1981 08:00,22.9,0.0081,16.026336,FALSE
17-05-1981 08:00,35.2,0.0095,28.89216,FALSE
19-05-1981 08:00,22,0.008,15.2064,FALSE
20-05-1981 08:00,20.6,0.0058,10.323072,FALSE
21-05-1981 08:00,18.6,0.0077,12.374208,FALSE
22-05-1981 08:00,18.2,0.0105,16.51104,FALSE
23-05-1981 08:00,15.2,0.0062,8.142336,FALSE
25-05-1981 08:00,14.2,0.0066,8.097408,FALSE
26-05-1981 08:00,13,0.0058,6.51456,FALSE
27-05-1981 08:00,11.4,0.0042,4.136832,FALSE
29-05-1981 08:00,11.4,0.0041,4.038336,FALSE
01-06-1981 08:00,46.6,0.008,32.20992,FALSE
02-06-1981 08:00,128.2,0.0129,142.886592,FALSE
04-06-1981 08:00,335,0.0487,1409.5728,FALSE
07-06-1981 08:00,619.9,0.046,2463.73056,FALSE
08-06-1981 08:00,626.3,0.016,865.79712,FALSE
09-06-1981 08:00,585.3,0.016,809.11872,FALSE
10-06-1981 08:00,303.8,0.0197,517.091904,FALSE
11-06-1981 08:00,326.6,0.0187,527.681088,FALSE
12-06-1981 08:00,1253.8,0.234,25348.82688,FALSE
15-06-1981 08:00,960,0.0322,2670.7968,FALSE
16-06-1981 08:00,2117.4,0.1759,32179.73702,FALSE
18-06-1981 08:00,1970,0.0902,15352.7616,FALSE
19-06-1981 08:00,1298.2,0.0423,4744.557504,FALSE
20-06-1981 08:00,1113.3,0.03551,3415.675651,FALSE
22-06-1981 08:00,1553.6,0.0453,6080.666112,FALSE
24-06-1981 08:00,2092.3,0.1194,21584.50157,FALSE
25-06-1981 08:00,1181.5,0.0435,4440.5496,FALSE
26-06-1981 08:00,985.6,0.0255,2171.47392,FALSE
27-06-1981 08:00,675.2,0.0207,1207.581696,FALSE
29-06-1981 08:00,386.2,0.0127,423.769536,FALSE
30-06-1981 08:00,334.7,0.008,231.34464,FALSE
01-07-1981 08:00,245.6,0.0251,532.617984,FALSE
02-07-1981 08:00,239.3,0.0068,140.593536,FALSE
03-07-1981 08:00,184.6,0.0037,59.012928,FALSE
04-07-1981 08:00,207.4,0.0055,98.55648,FALSE
07-07-1981 08:00,544.6,0.0249,1171.630656,FALSE
08-07-1981 08:00,716.3,0.0294,1819.516608,FALSE
09-07-1981 08:00,837.7,0.0172,1244.889216,FALSE
10-07-1981 08:00,536.5,0.017,788.0112,FALSE
11-07-1981 08:00,697.2,0.0207,1246.928256,FALSE
13-07-1981 08:00,778.4,0.0176,1183.666176,FALSE
14-07-1981 08:00,785.7,0.0195,1323.74736,FALSE
15-07-1981 08:00,509.3,0.0082,360.828864,FALSE
16-07-1981 08:00,561.2,0.0105,509.12064,FALSE
17-07-1981 08:00,473.6,0.0104,425.558016,FALSE
18-07-1981 08:00,391.2,0.0046,155.478528,FALSE
20-07-1981 08:00,231.8,0.0042,84.115584,FALSE
21-07-1981 08:00,226.1,0.0082,160.187328,FALSE
22-07-1981 08:00,343.6,0.0055,163.27872,FALSE
24-07-1981 08:00,636.1,0.0289,1588.316256,FALSE
25-07-1981 08:00,477.8,0.0112,462.357504,FALSE
28-07-1981 08:00,1055.6,0.0898,8190.104832,FALSE
29-07-1981 08:00,916,0.023,1820.2752,FALSE
30-07-1981 08:00,651,0.0181,1018.05984,FALSE
01-08-1981 08:30,565.7,0.0136,664.720128,FALSE
02-08-1981 08:30,592.8,0.0079,404.621568,FALSE
03-08-1981 08:30,589.4,0.0145,738.40032,FALSE
04-08-1981 08:30,458.7,0.0164,649.959552,FALSE
05-08-1981 08:30,352.1,0.0118,358.972992,FALSE
06-08-1981 08:30,321.6,0.0062,172.274688,FALSE
07-08-1981 08:30,317.8,0.0049,134.543808,FALSE
08-08-1981 08:30,514.2,0.0219,972.948672,FALSE
09-08-1981 08:30,510.1,0.00725,319.52664,FALSE
10-08-1981 08:30,1477.3,0.0877,11193.91574,FALSE
14-08-1981 08:30,627.8,0.0129,699.720768,FALSE
16-08-1981 08:30,830.7,0.0469,3366.129312,FALSE
17-08-1981 08:30,1798.1,0.1102,17120.21357,FALSE
18-08-1981 08:30,1141.9,0.0439,4331.181024,FALSE
21-08-1981 08:30,825,0.0253,1803.384,FALSE
22-08-1981 09:30,946.2,0.0297,2428.024896,FALSE
23-08-1981 08:30,987.6,0.0349,2977.969536,FALSE
25-08-1981 08:00,654.2,0.0297,1678.729536,FALSE
28-08-1981 08:00,352,0.0085,258.5088,FALSE
29-08-1981 08:00,322.9,0.0141,393.369696,FALSE
30-08-1981 08:00,445.5,0.0122,469.59264,FALSE
31-08-1981 08:00,517.7,0.0198,885.639744,FALSE
01-09-1981 08:00,399.4,0.0068,234.655488,FALSE
02-09-1981 08:00,481.2,0.0483,2008.105344,FALSE
04-09-1981 08:00,357.7,0.0154,475.941312,FALSE
05-09-1981 08:00,365.2,0.0327,1031.792256,FALSE
06-09-1981 08:00,696,0.0685,4119.2064,FALSE
07-09-1981 08:00,786.7,0.14789,10052.21344,FALSE
08-09-1981 08:00,573.3,0.0193,955.989216,FALSE
09-09-1981 08:00,711.5,0.0752,4622.81472,FALSE
14-09-1981 08:00,823.3,0.0328,2333.166336,FALSE
15-09-1981 08:00,647.6,0.012,671.43168,FALSE
16-09-1981 08:00,478.9,0.0105,434.45808,FALSE
17-09-1981 08:00,574.9,0.1286,6387.736896,FALSE
19-09-1981 08:00,700.8,0.0199,1204.927488,FALSE
21-09-1981 08:00,1044.9,0.0337,3042.414432,FALSE
22-09-1981 08:00,1080.6,0.0501,4677.528384,FALSE
25-09-1981 08:00,709.7,0.0438,2685.731904,FALSE
26-09-1981 08:00,638.1,0.0407,2243.865888,FALSE
27-09-1981 08:00,488.5,0.0193,814.58352,FALSE
28-09-1981 08:00,456.9,0.0112,442.132992,FALSE
29-09-1981 08:00,355,0.0091,279.1152,FALSE
30-09-1981 08:00,354.5,0.0082,251.15616,FALSE
01-10-1981 08:00,287.6,0.0049,121.758336,FALSE
03-10-1981 08:00,182.7,0.0081,127.860768,FALSE
04-10-1981 08:00,205.4,0.008,141.97248,FALSE
07-10-1981 08:00,173.7,0.0097,145.574496,FALSE
09-10-1981 08:00,144.3,0.0036,44.883072,FALSE
10-10-1981 08:00,242.2,0.0174,364.113792,FALSE
11-10-1981 08:00,291.5,0.054603,1375.209317,FALSE
12-10-1981 08:00,220.6,0.0143,272.555712,FALSE
13-10-1981 08:00,265.4,0.0416,953.911296,FALSE
14-10-1981 08:00,226.9,0.0315,617.53104,FALSE
15-10-1981 08:00,215,0.0098,182.0448,FALSE
17-10-1981 08:00,257,0.0265,588.4272,FALSE
19-10-1981 08:00,272.3,0.0218,512.882496,FALSE
20-10-1981 08:00,375.6,0.0284,921.632256,FALSE
21-10-1981 08:45,630.1,0.0555,3021.45552,FALSE
22-10-1981 08:00,310.1,0.0574,1537.897536,FALSE
23-10-1981 09:30,320,0.0484,1338.1632,FALSE
24-10-1981 08:45,289.6,0.0197,492.922368,FALSE
25-10-1981 08:45,267.8,0.0704,1628.909568,FALSE
26-10-1981 08:45,323.9,0.0273,763.989408,FALSE
27-10-1981 08:00,198.1,0.0288,492.936192,FALSE
28-10-1981 08:00,262.8,0.0135,306.52992,FALSE
29-10-1981 08:00,251.1,0.012,260.34048,FALSE
30-10-1981 08:00,341.9,0.0117,345.619872,FALSE
31-10-1981 08:00,348,0.0215,646.4448,FALSE
02-11-1981 08:00,554.1,0.0397,1900.607328,FALSE
03-11-1981 08:00,373.9,0.0339,1095.138144,FALSE
04-11-1981 08:00,313.3,0.0191,517.020192,FALSE
05-11-1981 08:00,336.3,0.0108,313.808256,FALSE
06-11-1981 08:00,179.2,0.008,123.86304,FALSE
07-11-1981 08:00,216.3,0.0102,190.620864,FALSE
09-11-1981 08:00,364.4,0.0332,1045.274112,FALSE
10-11-1981 08:00,354.7,0.0376,1152.292608,FALSE
11-11-1981 08:00,303.6,0.0446,1169.904384,FALSE
12-11-1981 08:00,316,0.0119,324.89856,FALSE
13-11-1981 08:00,318.9,0.0239,658.515744,FALSE
14-11-1981 08:00,228.7,0.0295,582.91056,FALSE
15-11-1981 08:00,154.2,0.0203,270.454464,FALSE
16-11-1981 08:00,161.2,0.0161,224.235648,FALSE
17-11-1981 08:00,246.1,0.0222,472.039488,FALSE
18-11-1981 08:00,229.6,0.0141,279.707904,FALSE
20-11-1981 08:00,146.2,0.0137,173.054016,FALSE
21-11-1981 08:00,149.4,0.0192,247.836672,FALSE
22-11-1981 08:00,125,0.0129,139.32,FALSE
23-11-1981 08:00,124.1,0.0129,138.316896,FALSE
24-11-1981 08:00,111,0.0074,70.96896,FALSE
25-11-1981 08:00,88.7,0.0119,91.197792,FALSE
26-11-1981 08:00,169.1,0.0125,182.628,FALSE
27-11-1981 08:00,139.9,0.0069,83.402784,FALSE
01-12-1981 08:00,109,0.0122,114.89472,FALSE
02-12-1981 08:00,93.7,0.0061,49.383648,FALSE
03-12-1981 08:00,86.3,0.0105,78.29136,FALSE
04-12-1981 08:00,125.1,0.0094,101.601216,FALSE
07-12-1981 08:00,79.5,0.006,41.2128,FALSE
08-12-1981 08:00,69.9,0.0063,38.047968,FALSE
09-12-1981 08:00,63.7,0.0086,47.331648,FALSE
10-12-1981 08:00,63.5,0.0053,29.07792,FALSE
11-12-1981 08:00,52.7,0.0066,30.051648,FALSE
12-12-1981 08:00,43.8,0.0038,14.380416,FALSE
14-12-1981 08:00,43.2,0.004,14.92992,FALSE
15-12-1981 08:00,41.2,0.0095,33.81696,FALSE
16-12-1981 08:00,37.8,0.0051,16.656192,FALSE
18-12-1981 08:00,40.9,0.0033,11.661408,FALSE
22-12-1981 08:00,37.3,0.0055,17.72496,FALSE
29-12-1981 08:00,22.5,0.0064,12.4416,FALSE
30-12-1981 08:00,21.8,0.0031,5.838912,FALSE
31-12-1981 08:00,21.3,0.0027,4.968864,FALSE
01-01-1982 08:00,21.3,0.0086,15.826752,FALSE
02-01-1982 08:00,16.8,0.0028,4.064256,FALSE
04-01-1982 08:00,23,0.007,13.9104,FALSE
05-01-1982 08:00,18.8,0.0045,7.30944,FALSE
06-01-1982 08:00,16.7,0.005,7.2144,FALSE
07-01-1982 08:00,13,0.0034,3.81888,FALSE
08-01-1982 08:00,12.9,0.0047,5.238432,FALSE
09-01-1982 08:00,12.6,0.0084443,9.192802752,FALSE
10-01-1982 08:00,14,0.0086,10.40256,FALSE
11-01-1982 08:00,14.1,0.0068,8.284032,FALSE
12-01-1982 08:00,13.2,0.0035,3.99168,FALSE
13-01-1982 08:00,15,0.0055,7.128,FALSE
14-01-1982 08:00,15.2,0.0087,11.425536,FALSE
15-01-1982 08:00,15.8,0.0053,7.235136,FALSE
16-01-1982 08:00,14.1,0.0054,6.578496,FALSE
18-01-1982 08:00,15.8,0.0086,11.740032,FALSE
19-01-1982 08:00,17.6,0.0061,9.275904,FALSE
20-01-1982 08:00,13.1,0.0073,8.262432,FALSE
21-01-1982 08:00,11.6,0.0062,6.213888,FALSE
22-01-1982 08:00,11.6,0.0045,4.51008,FALSE
23-01-1982 08:00,15.5,0.0099,13.25808,FALSE
25-01-1982 08:00,12.8,0.0063,6.967296,FALSE
27-01-1982 08:00,11.7,0.006,6.06528,FALSE
28-01-1982 08:00,11.4,0.0056,5.515776,FALSE
29-01-1982 08:00,11.7,0.0113,11.422944,FALSE
30-01-1982 08:00,11.5,0.0153,15.20208,FALSE
01-02-1982 08:00,10.6,0.0082,7.509888,FALSE
02-02-1982 08:00,12.4,0.0084,8.999424,FALSE
03-02-1982 08:00,11.3,0.0091,8.884512,FALSE
04-02-1982 08:00,10.2,0.0058,5.111424,FALSE
05-02-1982 08:00,10.3,0.0096,8.543232,FALSE
06-02-1982 08:00,6.8,0.0088,5.170176,FALSE
09-02-1982 08:00,8.1,0.0093,6.508512,FALSE
10-02-1982 08:00,7.3,0.0123,7.757856,FALSE
11-02-1982 08:00,7.4,0.0119,7.608384,FALSE
12-02-1982 08:00,5.7,0.0082,4.038336,FALSE
13-02-1982 08:00,4,0.0116,4.00896,FALSE
15-02-1982 08:00,6.9,0.0149,8.882784,FALSE
16-02-1982 08:00,6.5,0.0111,6.23376,FALSE
17-02-1982 08:00,7.2,0.0135,8.39808,FALSE
18-02-1982 08:00,7.1,0.011,6.74784,FALSE
19-02-1982 08:00,7.3,0.0155,9.77616,FALSE
20-02-1982 08:00,7.5,0.0102,6.6096,FALSE
22-02-1982 08:00,7.9,0.0078,5.323968,FALSE
23-02-1982 08:00,6.5,0.0147,8.25552,FALSE
24-02-1982 08:00,8.6,0.0096,7.133184,FALSE
25-02-1982 08:00,6.7,0.0073,4.225824,FALSE
26-02-1982 08:00,6.5,0.0108,6.06528,FALSE
27-02-1982 08:00,7.3,0.0091,5.739552,FALSE
01-03-1982 08:00,6.7,0.0134,7.756992,FALSE
02-03-1982 08:00,5.7,0.0069,3.398112,FALSE
03-03-1982 08:00,5.7,0.0116,5.712768,FALSE
04-03-1982 08:00,6.2,0.0066,3.535488,FALSE
08-03-1982 08:00,6.4,0.0081,4.478976,FALSE
09-03-1982 08:00,6.2,0.0113,6.053184,FALSE
10-03-1982 08:00,6.4,0.013,7.18848,FALSE
11-03-1982 08:00,6.5,0.013,7.3008,FALSE
12-03-1982 08:00,6.7,0.0081,4.688928,FALSE
13-03-1982 08:00,9.2,0.0048,3.815424,FALSE
15-03-1982 08:00,10.5,0.0038,3.44736,FALSE
16-03-1982 08:00,9.4,0.0053,4.304448,FALSE
17-03-1982 08:00,9.3,0.0123,9.883296,FALSE
18-03-1982 08:00,10.3,0.0094,8.365248,FALSE
19-03-1982 08:00,11.7,0.017,17.18496,FALSE
20-03-1982 08:00,10.3,0.0111,9.878112,FALSE
22-03-1982 08:00,10.6,0.0081,7.418304,FALSE
23-03-1982 08:00,9.2,0.01,7.9488,FALSE
24-03-1982 08:00,14,0.0122,14.75712,FALSE
25-03-1982 08:00,14.5,0.0139,17.41392,FALSE
26-03-1982 08:00,15.7,0.012,16.27776,FALSE
27-03-1982 08:00,14.3,0.0151,18.656352,FALSE
29-03-1982 08:00,13.7,0.0112,13.257216,FALSE
30-03-1982 08:00,14.5,0.0057,7.14096,FALSE
31-03-1982 08:00,14.2,0.0057,6.993216,FALSE
01-04-1982 08:00,12.7,0.0063,6.912864,FALSE
02-04-1982 08:00,12.1,0.0133,13.904352,FALSE
05-04-1982 08:00,3.4,0.0091,2.673216,FALSE
07-04-1982 08:00,3.1,0.013,3.48192,FALSE
08-04-1982 08:00,3.1,0.0109,2.919456,FALSE
10-04-1982 08:00,2.9,0.0159,3.983904,FALSE
13-04-1982 08:00,2.7,0.0141,3.289248,FALSE
14-04-1982 08:00,3,0.0048,1.24416,FALSE
15-04-1982 08:00,3.3,0.0061,1.739232,FALSE
16-04-1982 08:00,6.2,0.0073,3.910464,FALSE
17-04-1982 08:00,5.1,0.0124,5.463936,FALSE
20-04-1982 08:00,11.4,0.0135,13.29696,FALSE
22-04-1982 08:00,48,0.0023,9.53856,FALSE
23-04-1982 08:00,81.5,0.0257,180.96912,FALSE
24-04-1982 08:00,21.5,0.0169,31.39344,FALSE
26-04-1982 08:00,17.6,0.0046,6.994944,FALSE
27-04-1982 08:00,17.3,0.0125,18.684,FALSE
28-04-1982 08:00,18.1,0.0295,46.13328,FALSE
29-04-1982 08:00,15.8,0.0072,9.828864,FALSE
30-04-1982 08:00,21.5,0.0055,10.2168,FALSE
01-05-1982 08:00,15.3,0.0146,19.300032,FALSE
03-05-1982 08:00,30.6,0.0107,28.289088,FALSE
04-05-1982 08:00,26.6,0.0111,25.510464,FALSE
08-05-1982 08:00,11.7,0.011,11.11968,FALSE
10-05-1982 08:00,20.9,0.0166,29.975616,FALSE
11-05-1982 08:00,19.9,0.0201,34.559136,FALSE
12-05-1982 08:00,15.3,0.0238,31.461696,FALSE
13-05-1982 08:00,13.2,0.0138,15.738624,FALSE
14-05-1982 08:00,15.7,0.0082,11.123136,FALSE
15-05-1982 08:00,14.8,0.0135,17.26272,FALSE
17-05-1982 08:00,19.6,0.0074,12.531456,FALSE
18-05-1982 08:00,19.5,0.0137,23.08176,FALSE
19-05-1982 08:00,27.4,0.0099,23.436864,FALSE
20-05-1982 08:00,23.3,0.0109,21.943008,FALSE
21-05-1982 08:00,24,0.0077,15.96672,FALSE
22-05-1982 08:00,30.3,0.0065,17.01648,FALSE
24-05-1982 08:00,20.9,0.0129,23.294304,FALSE
25-05-1982 08:00,24,0.0064,13.27104,FALSE
26-05-1982 08:00,16,0.0179,24.74496,FALSE
27-05-1982 08:00,37.3,0.0172,55.430784,FALSE
29-05-1982 08:00,103.8,0.0095,85.19904,FALSE
31-05-1982 08:00,34.5,0.0061,18.18288,FALSE
02-06-1982 08:00,133.3,0.0093,107.109216,FALSE
03-06-1982 08:00,147.4,0.0049,62.403264,FALSE
04-06-1982 08:00,135,0.0084,97.9776,FALSE
05-06-1982 08:00,108.8,0.0191,179.546112,FALSE
07-06-1982 08:00,75.7,0.0072,47.091456,FALSE
08-06-1982 08:00,85.8,0.0111,82.285632,FALSE
09-06-1982 08:00,153.4,0.0349,462.556224,FALSE
10-06-1982 08:00,138.6,0.0059,70.652736,FALSE
11-06-1982 08:00,169.1,0.0044,64.285056,FALSE
12-06-1982 08:00,115.4,0.0176,175.481856,FALSE
13-06-1982 08:00,85.9,0.0139,103.162464,FALSE
14-06-1982 08:00,66.1,0.0056,31.981824,FALSE
15-06-1982 08:00,106.6,0.0117,107.759808,FALSE
16-06-1982 08:00,432,0.1318,4919.40864,FALSE
17-06-1982 08:00,342.3,0.0556,1644.354432,FALSE
18-06-1982 08:00,354.5,0.0578,1770.34464,FALSE
19-06-1982 08:00,633.6,0.2057,11260.64333,FALSE
21-06-1982 08:00,405.9,0.0511,1792.064736,FALSE
22-06-1982 08:00,278.2,0.032,769.16736,FALSE
23-06-1982 08:00,271.5,0.0291,682.61616,FALSE
24-06-1982 08:00,449.9,0.0911,3541.180896,FALSE
25-06-1982 08:00,402,0.0503,1747.05984,FALSE
26-06-1982 08:00,339.8,0.0872,2560.080384,FALSE
28-06-1982 08:00,341.4,0.0479,1412.904384,FALSE
29-06-1982 08:00,268,0.0285,659.9232,FALSE
30-06-1982 08:00,194.6,0.0174,292.553856,FALSE
01-07-1982 08:00,161.1,0.0202,281.164608,FALSE
02-07-1982 08:00,153.2,0.0146,193.252608,FALSE
03-07-1982 08:00,127.3,0.0135,148.48272,FALSE
06-07-1982 08:00,73.7,0.0346,220.321728,FALSE
08-07-1982 08:00,188.8,0.0138,225.110016,FALSE
09-07-1982 08:00,167.5,0.0172,248.9184,FALSE
12-07-1982 08:00,270.2,0.0298,695.689344,FALSE
14-07-1982 08:00,362,0.0213,666.19584,FALSE
15-07-1982 08:00,628,0.0608,3298.95936,FALSE
16-07-1982 08:00,559.5,0.0499,2412.20592,FALSE
24-07-1982 08:00,420.9,0.0131,476.391456,FALSE
25-07-1982 08:00,344.5,0.0137,407.77776,FALSE
26-07-1982 08:00,192.6,0.0079,131.461056,FALSE
27-07-1982 08:00,227.1,0.0124,243.305856,FALSE
29-07-1982 08:00,314.9,0.0261,710.112096,FALSE
30-07-1982 08:00,513,0.036585618,1621.591664,FALSE
31-07-1982 08:00,524.7,0.0215,974.68272,FALSE
01-08-1982 08:00,649.5,0.020421691,1145.99995,FALSE
02-08-1982 08:00,939.7,0.0478,3880.885824,FALSE
03-08-1982 08:00,664.6,0.0209,1200.108096,FALSE
04-08-1982 12:30,374.3,0.0125,404.244,FALSE
05-08-1982 08:00,452.6,0.0214,836.839296,FALSE
06-08-1982 08:00,403.4,0.01,348.5376,FALSE
09-08-1982 08:00,548.3,0.0326,1544.363712,FALSE
10-08-1982 08:00,373.4,0.015312244,493.999941,FALSE
11-08-1982 08:00,359,0.0116,359.80416,FALSE
13-08-1982 08:00,871.6,0.0475,3577.0464,FALSE
14-08-1982 08:00,627,0.0265,1435.5792,FALSE
16-08-1982 08:00,859.7,0.038,2822.56704,FALSE
17-08-1982 08:00,832.1,0.035,2516.2704,FALSE
18-08-1982 08:00,731.1,0.03438467,2171.977825,FALSE
21-08-1982 08:00,574.5,0.01752639,869.9539152,FALSE
22-08-1982 08:00,579.1,0.019677136,984.5305451,FALSE
23-08-1982 08:00,437.8,0.0177,669.518784,FALSE
24-08-1982 08:00,408.5,0.0124,437.65056,FALSE
25-08-1982 08:00,420.3,0.0097,352.245024,FALSE
26-08-1982 08:00,313.3,0.0115,311.29488,FALSE
27-08-1982 08:00,276.5,0.0061,145.72656,FALSE
28-08-1982 08:00,203,0.0047,82.43424,FALSE
29-08-1982 08:00,180.6,0.0035,54.61344,FALSE
30-08-1982 08:00,169.5,0.001636566,23.96718176,FALSE
31-08-1982 08:00,152,0.0079,103.74912,FALSE
02-09-1982 08:00,114.2,0.004,39.46752,FALSE
04-09-1982 08:00,120.5,0.0044,45.80928,FALSE
05-09-1982 08:00,107.4,0.0026,24.126336,FALSE
06-09-1982 08:00,87.3,0.0049,36.959328,FALSE
07-09-1982 08:00,78.6,0.0037,25.126848,FALSE
08-09-1982 08:00,68.1,0.0054,31.772736,FALSE
09-09-1982 08:00,74.4,0.0037,23.784192,FALSE
10-09-1982 08:00,36,0.0053,16.48512,FALSE
11-09-1982 08:00,29.2,0.0046,11.605248,FALSE
13-09-1982 08:00,63.9,0.0022,12.146112,FALSE
14-09-1982 08:00,79,0.0091,62.11296,FALSE
15-09-1982 08:00,108.9,0.0102,95.971392,FALSE
16-09-1982 08:00,67.3,0.0088,51.169536,FALSE
17-09-1982 08:00,65.3,0.0018,10.155456,FALSE
18-09-1982 08:00,96,0.0072,59.71968,FALSE
20-09-1982 08:00,164.9,0.0094,133.925184,FALSE
21-09-1982 08:00,122.6,0.0119,126.052416,FALSE
22-09-1982 08:00,132.6,0.0076,87.070464,FALSE
23-09-1982 08:00,136.6,0.0164,193.556736,FALSE
24-09-1982 08:00,178,0.007,107.6544,FALSE
25-09-1982 08:00,111.7,0.0051,49.219488,FALSE
26-09-1982 08:00,100.8,0.0062,53.996544,FALSE
27-09-1982 08:00,76.5,0.0008,5.28768,FALSE
28-09-1982 08:00,101.5,0.0088,77.17248,FALSE
29-09-1982 08:00,63.6,0.0109,59.895936,FALSE
30-09-1982 08:00,60.2,0.0056,29.127168,FALSE
01-10-1982 08:00,35.6,0.0109,33.526656,FALSE
02-10-1982 08:00,45.9,0.0033,13.087008,FALSE
03-10-1982 08:00,62.8,0.0151,81.931392,FALSE
04-10-1982 08:00,54.9,0.0116,55.022976,FALSE
05-10-1982 08:00,57,0.012,59.0976,FALSE
06-10-1982 08:00,58.1,0.0178,89.353152,FALSE
07-10-1982 08:00,106.3,0.0092,84.495744,FALSE
08-10-1982 08:00,77,0.0267,177.62976,FALSE
09-10-1982 08:00,88.4,0.0155,118.38528,FALSE
10-10-1982 08:00,74.9,0.0094,60.830784,FALSE
11-10-1982 08:00,105.3,0.0073,66.414816,FALSE
12-10-1982 08:00,113,0.0098,95.67936,FALSE
13-10-1982 08:00,93.4,0.0088,71.013888,FALSE
14-10-1982 08:00,95.3,0.0312,256.898304,FALSE
15-10-1982 08:00,96.5,0.0185,154.2456,FALSE
16-10-1982 08:00,76.5,0.0194,128.22624,FALSE
17-10-1982 08:00,93,0.0109,87.58368,FALSE
18-10-1982 08:00,64.7,0.0099,55.341792,FALSE
19-10-1982 08:00,56,0.0047,22.74048,FALSE
20-10-1982 08:00,47.9,0.0079,32.694624,FALSE
21-10-1982 08:00,29.1,0.0084,21.119616,FALSE
22-10-1982 08:00,27.3,0.004,9.43488,FALSE
23-10-1982 08:00,26.2,0.0061,13.808448,FALSE
25-10-1982 08:00,54.4,0.0083,39.011328,FALSE
27-10-1982 08:00,75.3,0.0086,55.950912,FALSE
28-10-1982 08:00,122.7,0.013885084,147.1996633,FALSE
29-10-1982 08:00,104,0.0079,70.98624,FALSE
31-10-1982 08:00,57.8,0.0096,47.941632,FALSE
01-11-1982 08:00,39.4,0.0081,27.573696,FALSE
02-11-1982 08:00,42.4,0.0067,24.544512,FALSE
03-11-1982 08:00,49.6,0.0068,29.140992,FALSE
04-11-1982 08:00,88.1,0.0057,43.387488,FALSE
05-11-1982 08:00,204.2,0.0128,225.828864,FALSE
06-11-1982 08:00,163.4,0.0075,105.8832,FALSE
08-11-1982 08:30,96.6,0.0108,90.139392,FALSE
09-11-1982 09:00,235.3,0.0199,404.565408,FALSE
10-11-1982 08:00,208,0.0815,1464.6528,FALSE
11-11-1982 08:00,224.6,0.0222,430.800768,FALSE
13-11-1982 08:00,153.7,0.0181,240.362208,FALSE
14-11-1982 08:00,168,0.0178,258.37056,FALSE
15-11-1982 08:00,164.1,0.0219,310.503456,FALSE
16-11-1982 08:00,149.6,0.0258,333.476352,FALSE
17-11-1982 08:00,109.3,0.0144,135.986688,FALSE
18-11-1982 08:00,115,0.0063,62.5968,FALSE
19-11-1982 08:00,109.6,0.0085,80.49024,FALSE
20-11-1982 08:00,73.6,0.0115,73.12896,FALSE
21-11-1982 08:00,102.3,0.0065,57.45168,FALSE
22-11-1982 08:00,75.3,0.0092,59.854464,FALSE
23-11-1982 08:00,78.5,0.0086,58.32864,FALSE
24-11-1982 08:00,66.1,0.0031,17.704224,FALSE
25-11-1982 08:00,55.7,0.0028,13.474944,FALSE
26-11-1982 08:00,57.5,0.0057,28.3176,FALSE
27-11-1982 08:00,36.3,0.0013,4.077216,FALSE
28-11-1982 08:00,34.2,0.0104,30.730752,FALSE
29-11-1982 08:00,37.4,0.0123,39.745728,FALSE
30-11-1982 08:00,35.4,0.009,27.52704,FALSE
01-12-1982 08:00,32.5,0.00425,11.934,FALSE
02-12-1982 08:00,31,0.0053,14.19552,FALSE
03-12-1982 08:00,27.2,0.0073,17.155584,FALSE
04-12-1982 08:00,27.4,0.00646,15.2931456,FALSE
06-12-1982 08:00,27.1,0.0088,20.604672,FALSE
07-12-1982 08:00,27,0.0059,13.76352,FALSE
08-12-1982 08:00,18.4,0.0086,13.671936,FALSE
09-12-1982 08:00,20.2,0.0106,18.499968,FALSE
10-12-1982 08:00,18.1,0.0045,7.03728,FALSE
11-12-1982 08:00,18.2,0.003,4.71744,FALSE
13-12-1982 08:00,14.5,0.0032,4.00896,FALSE
14-12-1982 08:00,16.2,0.0025,3.4992,FALSE
15-12-1982 08:00,16.3,0.0051,7.182432,FALSE
16-12-1982 08:00,13.9,0.0016,1.921536,FALSE
17-12-1982 08:00,13.6,0.0022,2.585088,FALSE
18-12-1982 08:00,12.7,0.0052,5.705856,FALSE
20-12-1982 08:00,13.7,0.0054,6.391872,FALSE
21-12-1982 08:00,12.8,0.0037,4.091904,FALSE
22-12-1982 08:00,11.7,0.0062,6.267456,FALSE
23-12-1982 08:00,11.7,0.0059,5.964192,FALSE
24-12-1982 08:00,11.7,0.0059,5.964192,FALSE
01-01-1983 08:00,6.8,0.0097,5.698944,FALSE
03-01-1983 08:00,5,0.0048,2.0736,FALSE
04-01-1983 08:00,4.9,0.0063,2.667168,FALSE
05-01-1983 08:00,4.8,0.0033,1.368576,FALSE
06-01-1983 08:00,5.1,0.0099,4.362336,FALSE
07-01-1983 08:00,4.4,0.0084,3.193344,FALSE
08-01-1983 08:00,4.5,0.0082,3.18816,FALSE
10-01-1983 08:00,4.1,0.0085,3.01104,FALSE
11-01-1983 08:00,3.9,0.0036,1.213056,FALSE
12-01-1983 08:00,3.9,0.0077,2.594592,FALSE
13-01-1983 08:00,4,0.0114,3.93984,FALSE
14-01-1983 08:00,6.6,0.0081,4.618944,FALSE
15-01-1983 08:00,6.5,0.0073,4.09968,FALSE
17-01-1983 08:00,4,0.0107,3.69792,FALSE
18-01-1983 08:00,4.3,0.0151,5.609952,FALSE
19-01-1983 08:00,7.4,0.0108,6.905088,FALSE
20-01-1983 08:00,7.9,0.0099,6.757344,FALSE
21-01-1983 08:00,7.5,0.0096,6.2208,FALSE
22-01-1983 08:00,7.6,0.0134,8.798976,FALSE
24-01-1983 08:00,6.7,0.0137,7.930656,FALSE
25-01-1983 08:00,6.2,0.0043,2.303424,FALSE
27-01-1983 08:00,6.4,0.009,4.97664,FALSE
28-01-1983 08:00,6.5,0.0113,6.34608,FALSE
29-01-1983 08:00,6.7,0.0085,4.92048,FALSE
31-01-1983 08:00,6.6,0.0071,4.048704,FALSE
01-02-1983 08:00,7.1,0.0066,4.048704,FALSE
02-02-1983 08:00,9.1,0.0037,2.909088,FALSE
03-02-1983 08:00,6.1,0.0089,4.690656,FALSE
04-02-1983 08:00,5.4,0.0071,3.312576,FALSE
05-02-1983 08:00,4.5,0.0067,2.60496,FALSE
07-02-1983 08:00,4.3,0.0112,4.161024,FALSE
08-02-1983 08:00,3.9,0.0073,2.459808,FALSE
09-02-1983 08:00,3.5,0.0043,1.30032,FALSE
10-02-1983 08:00,3.4,0.0108,3.172608,FALSE
12-02-1983 08:00,4.1,0.0171,6.057504,FALSE
14-02-1983 08:00,5.2,0.0087,3.908736,FALSE
15-02-1983 08:00,8.5,0.0061,4.47984,FALSE
16-02-1983 08:00,5.3,0.01,4.5792,FALSE
17-02-1983 08:00,7.1,0.0074,4.539456,FALSE
18-02-1983 08:00,15.2,0.0094,12.344832,FALSE
19-02-1983 08:00,14.4,0.0082,10.202112,FALSE
21-02-1983 08:00,8.2,0.0023,1.629504,FALSE
22-02-1983 08:00,2.8,0.0063,1.524096,FALSE
23-02-1983 08:00,2,0.0095,1.6416,FALSE
24-02-1983 08:00,1.7,0.0042,0.616896,FALSE
25-02-1983 08:00,1.6,0.0041,0.566784,FALSE
26-02-1983 08:00,1.7,0.005,0.7344,FALSE
28-02-1983 08:00,1.7,0.0102,1.498176,FALSE
01-03-1983 08:30,17,0.0162,23.79456,FALSE
02-03-1983 08:30,12.9,0.0033,3.678048,FALSE
03-03-1983 08:30,2.5,0.0053,1.1448,FALSE
04-03-1983 08:30,1.6,0.0103,1.423872,FALSE
05-03-1983 08:30,3.7,0.013,4.15584,FALSE
07-03-1983 08:30,1.6,0.015,2.0736,FALSE
08-03-1983 08:30,1.7,0.0126,1.850688,FALSE
09-03-1983 08:30,3.7,0.0041,1.310688,FALSE
10-03-1983 08:30,3.8,0.0113,3.710016,FALSE
11-03-1983 08:30,3.8,0.0102,3.348864,FALSE
12-03-1983 08:30,4.1,0.0113,4.002912,FALSE
14-03-1983 08:30,11.5,0.0104,10.33344,FALSE
15-03-1983 08:30,12.3,0.0104,11.052288,FALSE
16-03-1983 08:30,9.3,0.0075,6.0264,FALSE
17-03-1983 08:30,4,0.0067,2.31552,FALSE
18-03-1983 08:30,3.9,0.0041,1.381536,FALSE
19-03-1983 08:30,3.9,0.0081,2.729376,FALSE
21-03-1983 08:30,4.2,0.0059,2.140992,FALSE
22-03-1983 08:30,3.8,0.0093,3.053376,FALSE
23-03-1983 08:30,3.9,0.0027,0.909792,FALSE
24-03-1983 08:30,4,0.0107,3.69792,FALSE
29-03-1983 08:30,8.6,0.011,8.17344,FALSE
30-03-1983 08:30,3.9,0.0149,5.020704,FALSE
31-03-1983 08:30,3.9,0.012,4.04352,FALSE
02-04-1983 08:30,10.4,0.0056,5.031936,FALSE
04-04-1983 08:30,11.7,0.0105,10.61424,FALSE
05-04-1983 08:30,4.3,0.0106,3.938112,FALSE
06-04-1983 08:30,3.4,0.0104,3.055104,FALSE
07-04-1983 08:30,3.3,0.0092,2.623104,FALSE
08-04-1983 08:30,3.3,0.0109,3.107808,FALSE
09-04-1983 08:30,3.4,0.0052,1.527552,FALSE
11-04-1983 08:30,4.1,0.0122,4.321728,FALSE
12-04-1983 08:30,3.6,0.016,4.97664,FALSE
13-04-1983 08:30,3.8,0.0084,2.757888,FALSE
14-04-1983 08:30,3.6,0.0077,2.395008,FALSE
15-04-1983 08:30,3.7,0.0091,2.909088,FALSE
16-04-1983 08:30,3.6,0.0092,2.861568,FALSE
17-04-1983 08:30,3.8,0.0093,3.053376,FALSE
18-04-1983 08:30,3.7,0.0115,3.67632,FALSE
19-04-1983 08:30,4.2,0.0156,5.660928,FALSE
20-04-1983 08:30,4,0.0136,4.70016,FALSE
21-04-1983 08:30,3.7,0.009,2.87712,FALSE
22-04-1983 08:30,4.6,0.0105,4.17312,FALSE
23-04-1983 08:30,4.4,0.0138,5.246208,FALSE
26-04-1983 08:30,4.6,0.012,4.76928,FALSE
27-04-1983 08:30,5.5,0.0071,3.37392,FALSE
28-04-1983 08:30,5.5,0.0186,8.83872,FALSE
29-04-1983 08:30,5.3,0.0195,8.92944,FALSE
30-04-1983 08:30,8,0.0129,8.91648,FALSE
02-05-1983 08:30,23.9,0.0084,17.345664,FALSE
03-05-1983 08:30,24.1,0.0152,31.650048,FALSE
04-05-1983 08:30,13.5,0.0142,16.56288,FALSE
05-05-1983 08:30,7.6,0.0157,10.309248,FALSE
07-05-1983 08:30,9.7,0.014,11.73312,FALSE
09-05-1983 08:30,5.4,0.0151,7.045056,FALSE
10-05-1983 08:30,5.6,0.0096,4.644864,FALSE
11-05-1983 08:30,2.2,0.0153,2.908224,FALSE
12-05-1983 08:30,1.6,0.0108,1.492992,FALSE
13-05-1983 08:30,1.5,0.0144,1.86624,FALSE
17-05-1983 08:30,5.5,0.0055,2.6136,FALSE
18-05-1983 08:30,8.2,0.0158,11.193984,FALSE
19-05-1983 08:30,8.3,0.02,14.3424,FALSE
20-05-1983 08:30,8.1,0.0198,13.856832,FALSE
21-05-1983 08:30,6,0.0074,3.83616,FALSE
23-05-1983 08:30,25,0.01505,32.508,FALSE
24-05-1983 08:30,8.3,0.012,8.60544,FALSE
25-05-1983 08:30,8.2,0.0042,2.975616,FALSE
01-06-1983 08:30,12.8,0.0051,5.640192,FALSE
02-06-1983 08:30,12.9,0.0096,10.699776,FALSE
03-06-1983 08:30,11.8,0.0135,13.76352,FALSE
04-06-1983 08:30,12.1,0.0131,13.695264,FALSE
06-06-1983 08:30,10,0.0065,5.616,FALSE
07-06-1983 08:30,13.8,0.0104,12.400128,FALSE
08-06-1983 08:30,12.9,0.0065,7.24464,FALSE
09-06-1983 08:30,12.3,0.0075,7.9704,FALSE
10-06-1983 08:30,93.3,0.0093,74.968416,FALSE
12-06-1983 08:30,100.4,0.0197,170.888832,FALSE
13-06-1983 08:30,25.2,0.0157,34.183296,FALSE
14-06-1983 08:30,124,0.0224,239.98464,FALSE
15-06-1983 08:30,88.3,0.0317,241.843104,FALSE
16-06-1983 10:30,582.4,0.0768,3864.526848,FALSE
17-06-1983 08:30,138.2,0.0208,248.361984,FALSE
18-06-1983 08:30,178.6,0.014,216.03456,FALSE
21-06-1983 08:30,36.8,0.0055,17.48736,FALSE
22-06-1983 08:30,59.1,0.0105,53.61552,FALSE
23-06-1983 08:30,34.6,0.0079,23.616576,FALSE
24-06-1983 08:30,98.1,0.0054,45.769536,FALSE
25-06-1983 12:00,486.9,0.0372,1564.935552,FALSE
26-06-1983 10:00,340.7,0.0253,744.742944,FALSE
28-06-1983 08:30,387.3,0.0327,1094.230944,FALSE
29-06-1983 11:00,767.1,0.0561,3718.164384,FALSE
30-06-1983 10:00,663.2,0.0358,2051.357184,FALSE
01-07-1983 08:30,427.9,0.0262,968.628672,FALSE
02-07-1983 08:30,313.8,0.0101,273.834432,FALSE
04-07-1983 08:30,151.8,0.0076,99.677952,FALSE
05-07-1983 08:30,123.4,0.0063,67.169088,FALSE
06-07-1983 08:30,105.4,0.0047,42.800832,FALSE
07-07-1983 08:30,176.9,0.0058,88.648128,FALSE
08-07-1983 08:30,113.2,0.0035,34.23168,FALSE
09-07-1983 08:30,101.4,0.006952567,60.91116138,FALSE
10-07-1983 12:30,254.1,0.0095,208.56528,FALSE
11-07-1983 08:30,199.1,0.0093,159.980832,FALSE
12-07-1983 08:30,379.4,0.0232,760.499712,FALSE
13-07-1983 08:30,456.7,0.019,749.71872,FALSE
14-07-1983 08:30,1020.5,0.0754,6648.10848,FALSE
15-07-1983 08:30,1105.1,0.05724739,5466.017436,FALSE
16-07-1983 08:30,779.9,0.0289,1947.379104,FALSE
17-07-1983 10:00,476.1,0.0186,765.111744,FALSE
18-07-1983 08:30,423.6,0.0152,556.305408,FALSE
19-07-1983 08:00,497.8,0.013578055,583.9910593,FALSE
20-07-1983 08:30,548.9,0.0471,2233.715616,FALSE
21-07-1983 08:30,1056.5,0.058,5294.3328,FALSE
22-07-1983 08:30,1284.9,0.0552,6128.047872,FALSE
23-07-1983 08:30,1037.8,0.0492,4411.563264,FALSE
24-07-1983 08:30,722.8,0.017,1061.64864,FALSE
26-07-1983 08:30,595.5,0.0159,818.07408,FALSE
28-07-1983 08:30,365,0.0082,258.5952,FALSE
29-07-1983 08:30,252.2,0.0049,106.771392,FALSE
30-07-1983 08:30,216.6,0.009,168.42816,FALSE
31-07-1983 08:30,210,0.0101,183.2544,FALSE
01-08-1983 08:00,194.5,0.0127,213.42096,FALSE
02-08-1983 08:00,284.2,0.0314,771.023232,FALSE
03-08-1983 08:00,501.5,0.0214,927.25344,FALSE
04-08-1983 08:00,401.3,0.0192,665.708544,FALSE
05-08-1983 08:00,282.7,0.0117,285.775776,FALSE
06-08-1983 08:00,324.8,0.0134,376.040448,FALSE
07-08-1983 08:00,239.3,0.0138,285.322176,FALSE
08-08-1983 08:00,281.1,0.0055,133.57872,FALSE
09-08-1983 09:30,457.7,0.0144,569.452032,FALSE
10-08-1983 09:15,645,0.0381,2123.2368,FALSE
11-08-1983 08:00,705,0.0253,1541.0736,FALSE
12-08-1983 08:00,690.2,0.0134,799.085952,FALSE
13-08-1983 08:00,627.8,0.0164,889.567488,FALSE
14-08-1983 08:00,522.1,0.0149,672.130656,FALSE
16-08-1983 08:00,934.6,0.0284,2293.284096,FALSE
17-08-1983 08:00,1383.3,0.0784,9370.142208,FALSE
18-08-1983 08:00,1862,0.2821373,45389.34598,FALSE
19-08-1983 08:00,1436.3,0.0889,11032.16285,FALSE
20-08-1983 08:00,1664.3,0.1594,22921.00589,FALSE
23-08-1983 08:00,740,0.0126,805.5936,FALSE
24-08-1983 08:00,472,0.0144,587.24352,FALSE
25-08-1983 08:00,406.4,0.0123,431.889408,FALSE
26-08-1983 08:00,358.4,0.0152,470.679552,FALSE
27-08-1983 08:00,323.3,0.0085,237.43152,FALSE
28-08-1983 08:00,630.7,0.024,1307.81952,FALSE
29-08-1983 08:00,393,0.0279,947.35008,FALSE
30-08-1983 08:00,285,0.0126,310.2624,FALSE
31-08-1983 08:00,312.5,0.0122,329.4,FALSE
01-09-1983 10:00,409.4,0.006,212.23296,FALSE
02-09-1983 08:00,291.7,0.0143,360.401184,FALSE
03-09-1983 08:00,310.3,0.0134,359.252928,FALSE
04-09-1983 08:00,242.6,0.0108,226.374912,FALSE
05-09-1983 08:00,291,0.0178,447.53472,FALSE
06-09-1983 08:00,310.7,0.0101,271.129248,FALSE
07-09-1983 08:00,272.2,0.012,282.21696,FALSE
08-09-1983 08:00,436.3,0.0112,422.198784,FALSE
09-09-1983 08:00,296.9,0.0077,197.521632,FALSE
10-09-1983 08:00,337.6,0.0318,927.562752,FALSE
11-09-1983 08:00,654.6,0.0399,2256.641856,FALSE
12-09-1983 08:00,552.9,0.0343,1638.530208,FALSE
13-09-1983 08:00,528.2,0.0151,689.110848,FALSE
14-09-1983 08:00,364.7,0.017,535.67136,FALSE
15-09-1983 08:00,427.3,0.0129,476.251488,FALSE
17-09-1983 08:00,531.5,0.0198,909.24768,FALSE
18-09-1983 08:00,413.5,0.016,571.6224,FALSE
19-09-1983 08:00,567.1,0.0289,1416.026016,FALSE
20-09-1983 08:00,391.3,0.0078,263.704896,FALSE
21-09-1983 08:00,398.5,0.0153,526.78512,FALSE
22-09-1983 08:00,360.6,0.0078,243.015552,FALSE
23-09-1983 10:00,843,0.03881365,2826.99996,FALSE
24-09-1983 08:00,459.3,0.010280841,407.9799594,FALSE
25-09-1983 08:00,374.9,0.028310014,916.9998551,FALSE
26-09-1983 08:00,307.2,0.0076,201.719808,FALSE
28-09-1983 08:00,241.3,0.0068,141.768576,FALSE
29-09-1983 08:00,260.7,0.0115,259.03152,FALSE
30-09-1983 08:00,260.6,0.011766815,264.9397238,FALSE
01-10-1983 08:00,247.9,0.01,214.1856,FALSE
02-10-1983 08:00,209.7,0.0163,295.324704,FALSE
03-10-1983 08:00,237.4,0.0041,84.096576,FALSE
04-10-1983 08:00,277.4,0.0069,165.374784,FALSE
06-10-1983 08:00,294.4,0.0158,401.891328,FALSE
07-10-1983 08:00,225.4,0.007,136.32192,FALSE
08-10-1983 08:00,192.6,0.0059,98.179776,FALSE
10-10-1983 08:00,183.2,0.0041,64.896768,FALSE
11-10-1983 08:00,167.4,0.0062,89.672832,FALSE
12-10-1983 08:00,156.7,0.0079,106.957152,FALSE
13-10-1983 08:00,141,0.0031,37.76544,FALSE
14-10-1983 08:00,114.9,0.0071,70.484256,FALSE
15-10-1983 08:00,106.6,0.0064,58.945536,FALSE
17-10-1983 08:00,109.9,0.0016,15.192576,FALSE
18-10-1983 08:00,107.4,0.0014,12.991104,FALSE
19-10-1983 08:00,184,0.0046,73.12896,FALSE
20-10-1983 08:00,127.7,0.0058,63.993024,FALSE
21-10-1983 08:00,175.4,0.0035,53.04096,FALSE
22-10-1983 08:00,173.5,0.002,29.9808,FALSE
23-10-1983 08:00,137.3,0.0022,26.097984,FALSE
24-10-1983 08:00,89.8,0.0016,12.413952,FALSE
25-10-1983 08:00,100.4,0.0038,32.963328,FALSE
26-10-1983 08:00,163.5,0.0032,45.20448,FALSE
27-10-1983 08:00,145.6,0.0017,21.385728,FALSE
28-10-1983 08:00,104.1,0.0046,41.373504,FALSE
29-10-1983 08:00,189,0.0168,274.33728,FALSE
31-10-1983 08:00,208.4,0.0078,140.444928,FALSE
01-11-1983 08:00,177.6,0.0023,35.292672,FALSE
02-11-1983 10:00,388.9,0.0102488,344.3695188,FALSE
03-11-1983 08:00,214.5,0.014,259.4592,FALSE
04-11-1983 08:00,262.5,0.0053,120.204,FALSE
05-11-1983 08:00,185.5,0.0035,56.0952,FALSE
06-11-1983 08:00,224.9,0.0066,128.246976,FALSE
07-11-1983 08:00,278.9,0.0055,132.53328,FALSE
08-11-1983 08:00,205.8,0.0066,117.355392,FALSE
09-11-1983 08:00,197.1,0.0054,91.958976,FALSE
10-11-1983 08:00,183.9,0.0082,130.289472,FALSE
11-11-1983 08:00,139.4,0.0023,27.701568,FALSE
12-11-1983 08:00,146.5,0.0029,36.70704,FALSE
14-11-1983 08:00,108.4,0.0022,20.604672,FALSE
15-11-1983 08:00,140.1,0.0042,50.839488,FALSE
16-11-1983 08:00,94.6,0.0058,47.405952,FALSE
17-11-1983 08:00,96,0.0025,20.736,FALSE
18-11-1983 08:00,71.5,0.0025,15.444,FALSE
19-11-1983 08:00,79,0.004,27.3024,FALSE
20-11-1983 08:00,74.5,0.0065,41.8392,FALSE
21-11-1983 08:00,74.3,0.005,32.0976,FALSE
22-11-1983 08:00,69.4,0.0036,21.586176,FALSE
23-11-1983 08:00,67.8,0.0034,19.916928,FALSE
24-11-1983 08:00,77.7,0.0013,8.727264,FALSE
25-11-1983 08:00,83.2,0.0023,16.533504,FALSE
26-11-1983 08:00,127.1,0.0031,34.042464,FALSE
27-11-1983 08:00,129.2,0.0029,32.372352,FALSE
28-11-1983 08:00,45.9,0.0043,17.052768,FALSE
29-11-1983 08:00,51.9,0.005,22.4208,FALSE
30-11-1983 08:00,50.1,0.003,12.98592,FALSE
08-12-1983 08:00,29,0.0083,20.79648,FALSE
09-12-1983 08:00,24.1,0.0019,3.956256,FALSE
10-12-1983 08:00,24.6,0.007,14.87808,FALSE
12-12-1983 08:00,27.5,0.0187,44.4312,FALSE
13-12-1983 08:00,24.1,0.0155,32.27472,FALSE
14-12-1983 08:00,24.1,0.0075,15.6168,FALSE
15-12-1983 08:00,24.6,0.0075,15.9408,FALSE
16-12-1983 08:00,25.3,0.0047,10.273824,FALSE
18-12-1983 08:00,17,0.0089,13.07232,FALSE
21-12-1983 08:00,13.2,0.0039,4.447872,FALSE
23-12-1983 08:00,13.2,0.0059,6.728832,FALSE
26-12-1983 08:00,25.6,0.0067,14.819328,FALSE
28-12-1983 08:00,24.2,0.0051,10.663488,FALSE
29-12-1983 08:00,24.1,0.0143,29.776032,FALSE
31-12-1983 08:00,24.1,0.0092,19.156608,FALSE
02-01-1984 08:00,23.7,0.0011,2.252448,FALSE
04-01-1984 08:00,23,0.0084,16.69248,FALSE
05-01-1984 08:00,12.4,0.0047,5.035392,FALSE
06-01-1984 08:00,18.2,0.006,9.43488,FALSE
09-01-1984 08:00,13,0.0051,5.72832,FALSE
10-01-1984 08:00,12.1,0.0077,8.049888,FALSE
11-01-1984 08:00,11.4,0.0069,6.796224,FALSE
12-01-1984 08:00,11.4,0.0018,1.772928,FALSE
13-01-1984 08:00,10.9,0.0029,2.731104,FALSE
14-01-1984 08:00,10.8,0.0052,4.852224,FALSE
16-01-1984 08:00,11.7,0.0074,7.480512,FALSE
17-01-1984 08:00,11.1,0.0094,9.014976,FALSE
18-01-1984 08:00,10.7,0.0104,9.614592,FALSE
19-01-1984 08:00,22.2,0.0094,18.029952,FALSE
20-01-1984 08:00,26.1,0.0093,20.971872,FALSE
21-01-1984 08:00,19.6,0.0066,11.176704,FALSE
23-01-1984 08:00,19.9,0.0042,7.221312,FALSE
24-01-1984 08:00,11.1,0.0085,8.15184,FALSE
25-01-1984 08:00,11.3,0.0156,15.230592,FALSE
27-01-1984 08:00,11.9,0.0099,10.178784,FALSE
30-01-1984 08:00,13,0.0117,13.14144,FALSE
31-01-1984 08:00,13.5,0.0083,9.68112,FALSE
01-02-1984 08:00,10.6,0.0097,8.883648,FALSE
02-02-1984 08:00,10.3,0.0094,8.365248,FALSE
03-02-1984 08:00,9.9,0.0137,11.718432,FALSE
04-02-1984 08:00,10.2,0.0155,13.65984,FALSE
06-02-1984 08:00,8.2,0.0056,3.967488,FALSE
07-02-1984 08:00,8.2,0.0075,5.3136,FALSE
08-02-1984 08:00,7.5,0.0066,4.2768,FALSE
09-02-1984 08:00,8.2,0.0194,13.744512,FALSE
10-02-1984 08:00,9.1,0.0095,7.46928,FALSE
11-02-1984 08:00,8.2,0.0098,6.943104,FALSE
13-02-1984 08:00,19.7,0.014,23.82912,FALSE
14-02-1984 08:00,22.6,0.03,58.5792,FALSE
15-02-1984 08:00,19.7,0.0143,24.339744,FALSE
16-02-1984 08:00,15.6,0.0141,19.004544,FALSE
17-02-1984 08:00,11.2,0.0033,3.193344,FALSE
18-02-1984 08:00,30.1,0.0118,30.687552,FALSE
19-02-1984 08:00,61.5,0.02025,107.6004,FALSE
20-02-1984 08:00,35.4,0.0087,26.609472,FALSE
21-02-1984 08:00,27.8,0.0037,8.887104,FALSE
22-02-1984 08:00,17.4,0.00399,5.9984064,FALSE
23-02-1984 08:00,9.3,0.0067,5.383584,FALSE
24-02-1984 08:00,8.8,0.0056,4.257792,FALSE
25-02-1984 08:00,7.6,0.0213,13.986432,FALSE
27-02-1984 08:00,7.5,0.0113,7.3224,FALSE
28-02-1984 08:00,6,0.0133,6.89472,FALSE
29-02-1984 08:00,6.9,0.011,6.55776,FALSE
01-03-1984 08:00,8.8,0.0099,7.527168,FALSE
02-03-1984 08:00,7.6,0.0093,6.106752,FALSE
03-03-1984 08:00,7.5,0.0049,3.1752,FALSE
05-03-1984 08:00,9.3,0.0032,2.571264,FALSE
06-03-1984 08:00,9.8,0.0083,7.027776,FALSE
08-03-1984 08:00,86.2,0.0218,162.359424,FALSE
09-03-1984 08:00,54.8,0.0079,37.404288,FALSE
10-03-1984 08:00,50.3,0.0211,91.698912,FALSE
12-03-1984 08:00,28.6,0.0233,57.575232,FALSE
14-03-1984 08:00,18,0.0275,42.768,FALSE
15-03-1984 08:00,18.8,0.0166,26.963712,FALSE
16-03-1984 08:00,28.5,0.0137,33.73488,FALSE
19-03-1984 08:00,15.6,0.0178,23.991552,FALSE
20-03-1984 08:00,10.5,0.0113,10.25136,FALSE
21-03-1984 08:00,6.1,0.0112,5.902848,FALSE
22-03-1984 08:00,6,0.0138,7.15392,FALSE
23-03-1984 08:00,5.8,0.0117,5.863104,FALSE
24-03-1984 08:00,6.1,0.0163,8.590752,FALSE
26-03-1984 08:00,6.3,0.0076,4.136832,FALSE
27-03-1984 08:00,4.8,0.0104,4.313088,FALSE
28-03-1984 08:00,6,0.01,5.184,FALSE
29-03-1984 08:00,3.7,0.0061,1.950048,FALSE
30-03-1984 08:00,4.3,0.0108,4.012416,FALSE
31-03-1984 08:00,3.6,0.0081,2.519424,FALSE
02-04-1984 08:00,7.4,0.0034,2.173824,FALSE
03-04-1984 08:00,15.9,0.007,9.61632,FALSE
04-04-1984 08:00,28.3,0.0103,25.184736,FALSE
05-04-1984 08:00,30.3,0.0134,35.080128,FALSE
08-04-1984 08:00,20.5,0.0068,12.04416,FALSE
09-04-1984 08:00,10,0.0071,6.1344,FALSE
10-04-1984 08:00,9.9,0.0101,8.639136,FALSE
11-04-1984 08:00,9.3,0.0121,9.722592,FALSE
12-04-1984 08:00,18.9,0.022,35.92512,FALSE
16-04-1984 08:00,47.2,0.0348,141.917184,FALSE
17-04-1984 08:00,40.9,0.0093,32.863968,FALSE
18-04-1984 08:00,40.2,0.0115,39.94272,FALSE
19-04-1984 08:00,46.5,0.025,100.44,FALSE
21-04-1984 08:00,26.7,0.0093,21.453984,FALSE
23-04-1984 08:00,32.1,0.0101,28.011744,FALSE
24-04-1984 08:00,69.3,0.0188,112.565376,FALSE
25-04-1984 08:00,66.5,0.0227,130.42512,FALSE
26-04-1984 08:00,64.9,0.0085,47.66256,FALSE
27-04-1984 08:00,171.6,0.0388,575.258112,FALSE
28-04-1984 08:00,41.2,0.0081,28.833408,FALSE
30-04-1984 08:00,36.9,0.0095,30.28752,FALSE
02-05-1984 08:00,34.6,0.0013,3.886272,FALSE
03-05-1984 08:00,33.8,0.0046,13.433472,FALSE
04-05-1984 08:00,42.9,0.0005,1.85328,FALSE
05-05-1984 08:00,36,0.011,34.2144,FALSE
07-05-1984 08:00,27.3,0.0065,15.33168,FALSE
08-05-1984 08:00,24.9,0.0069,14.844384,FALSE
09-05-1984 08:00,25.6,0.0142,31.408128,FALSE
10-05-1984 08:00,23.7,0.0061,12.490848,FALSE
11-05-1984 08:00,23.8,0.007,14.39424,FALSE
14-05-1984 08:00,42.5,0.0184,67.5648,FALSE
15-05-1984 08:00,43.6,0.0186,70.066944,FALSE
16-05-1984 08:00,40.6,0.01,35.0784,FALSE
17-05-1984 08:00,36.5,0.0102,32.16672,FALSE
18-05-1984 08:00,42.7,0.0107,39.475296,FALSE
19-05-1984 08:00,69.1,0.0199,118.807776,FALSE
21-05-1984 08:00,65.8,0.0087,49.460544,FALSE
22-05-1984 08:00,47.1,0.0082,33.369408,FALSE
23-05-1984 08:00,45.1,0.0102,39.745728,FALSE
24-05-1984 08:00,45.9,0.0119,47.192544,FALSE
25-05-1984 08:00,40.6,0.0096,33.675264,FALSE
26-05-1984 08:00,37.1,0.009,28.84896,FALSE
27-05-1984 08:00,41.2,0.0183,65.142144,FALSE
28-05-1984 08:00,37.7,0.0151,49.184928,FALSE
29-05-1984 08:00,38.1,0.0199,65.507616,FALSE
30-05-1984 08:00,41,0.0113,40.02912,FALSE
31-05-1984 08:00,47.3,0.0087,35.554464,FALSE
01-06-1984 08:00,62.3,0.0092,49.521024,FALSE
02-06-1984 08:00,268.8,0.066,1532.80512,FALSE
03-06-1984 08:00,397,0.2349,8057.25792,FALSE
04-06-1984 08:00,209.4,0.0451,815.956416,FALSE
05-06-1984 08:00,124.5,0.0206,221.59008,FALSE
06-06-1984 08:00,94.8,0.0192,157.261824,FALSE
07-06-1984 08:00,98.8,0.0132,112.679424,FALSE
08-06-1984 08:00,213.1,0.0299,550.514016,FALSE
09-06-1984 08:00,194.5,0.0294,494.06112,FALSE
11-06-1984 08:00,142.1,0.0177,217.310688,FALSE
12-06-1984 08:00,226.8,0.0284,556.512768,FALSE
13-06-1984 08:00,354.9,0.0298,913.768128,FALSE
15-06-1984 10:00,868.4,0.0511,3834.020736,FALSE
16-06-1984 08:00,1164.2,0.0684,6880.142592,FALSE
17-06-1984 10:30,1548.7,0.0954,12765.25267,FALSE
18-06-1984 08:00,981.9,0.0553,4691.439648,FALSE
19-06-1984 08:00,642,0.036,1996.8768,FALSE
20-06-1984 08:00,540.1,0.0306,1427.937984,FALSE
22-06-1984 08:00,402.6,0.0219,761.783616,FALSE
23-06-1984 08:00,435,0.0239,898.2576,FALSE
24-06-1984 08:00,350.8,0.0189,572.842368,FALSE
25-06-1984 08:00,809.3,0.0478,3342.344256,FALSE
26-06-1984 08:00,549.8,0.031184115,1481.330283,FALSE
27-06-1984 08:00,422.7,0.0233,850.945824,FALSE
28-06-1984 08:00,408.7,0.0224,790.981632,FALSE
29-06-1984 08:00,383,0.0214,708.15168,FALSE
30-06-1984 08:00,864,0.0496,3702.62016,FALSE
01-07-1984 08:00,881.7,0.05,3808.944,FALSE
02-07-1984 08:00,1039.2,0.0631,5665.552128,FALSE
03-07-1984 08:00,776,0.0448,3003.67872,FALSE
04-07-1984 08:00,750.8,0.042935025,2785.157289,FALSE
05-07-1984 08:00,799,0.0469,3237.67584,FALSE
06-07-1984 08:00,703,0.0394,2393.12448,FALSE
07-07-1984 08:00,803,0.0466,3233.07072,FALSE
09-07-1984 08:00,558.2,0.0319,1538.488512,FALSE
10-07-1984 08:00,399.3,0.022,758.98944,FALSE
11-07-1984 08:00,391.2,0.0217,733.453056,FALSE
13-07-1984 08:00,354,0.0191,584.18496,FALSE
14-07-1984 08:00,1132.6,0.0672,6575.966208,FALSE
16-07-1984 08:00,911,0.052597877,4139.999938,FALSE
17-07-1984 08:00,1114,0.066,6352.4736,FALSE
18-07-1984 08:00,1319.4,0.078821026,8985.294291,FALSE
19-07-1984 08:00,1185.5,0.0684,7006.02048,FALSE
20-07-1984 08:00,898.6,0.0517,4013.938368,FALSE
21-07-1984 08:00,875.3,0.0502,3796.421184,FALSE
22-07-1984 08:00,499.1,0.0308,1328.164992,FALSE
23-07-1984 08:00,1225.8,0.0668,7074.729216,FALSE
24-07-1984 08:00,570.6,0.0402,1981.853568,FALSE
25-07-1984 08:00,346.3,0.0189,565.494048,FALSE
28-07-1984 08:00,363.9,0.0195,613.09872,FALSE
29-07-1984 08:00,402.6,0.0216,751.348224,FALSE
30-07-1984 08:45,497.5,0.0265,1139.076,FALSE
31-07-1984 09:30,477.2,0.0139,573.098112,FALSE
02-08-1984 08:45,785.5,0.026,1764.5472,FALSE
04-08-1984 15:30,483.8,0.0139,581.024448,FALSE
05-08-1984 08:45,563.8,0.0168,818.366976,FALSE
06-08-1984 08:45,603,0.018,937.7856,FALSE
07-08-1984 08:45,466,0.013,523.4112,FALSE
08-08-1984 08:45,577.1,0.0173,862.602912,FALSE
09-08-1984 08:45,594.9,0.0177,909.768672,FALSE
10-08-1984 08:45,636.4,0.019936427,1096.203641,FALSE
11-08-1984 08:45,510.4,0.015,661.4784,FALSE
12-08-1984 08:45,428,0.0121,447.44832,FALSE
13-08-1984 08:45,416.6,0.0118,424.732032,FALSE
14-08-1984 08:45,384.9,0.0105,349.18128,FALSE
16-08-1984 08:45,460.1,0.0132,524.734848,FALSE
17-08-1984 08:45,389.4,0.0108,363.356928,FALSE
19-08-1984 08:45,345.5,0.0096,286.57152,FALSE
20-08-1984 08:45,353.7,0.0099,302.540832,FALSE
21-08-1984 08:45,331,0.0129,368.91936,FALSE
23-08-1984 08:45,288,0.0129,320.99328,FALSE
24-08-1984 08:45,290.3,0.0089,223.229088,FALSE
25-08-1984 08:45,367.4,0.0103,326.956608,FALSE
28-08-1984 08:45,256.3,0.0079,174.940128,FALSE
30-08-1984 08:45,334.1,0.0131,378.147744,FALSE
01-09-1984 08:45,434.9,0.0127,477.207072,FALSE
02-09-1984 08:45,374.9,0.0112,362.783232,FALSE
05-09-1984 09:05,318.6,0.0096,264.259584,FALSE
10-09-1984 11:30,194.3,0.0041,68.828832,FALSE
11-09-1984 09:45,244.9,0.0044,93.101184,FALSE
12-09-1984 09:30,230.4,0.002,39.81312,FALSE
13-09-1984 08:45,195.8,0.021,355.25952,FALSE
14-09-1984 08:45,189.1,0.0077,125.804448,FALSE
15-09-1984 08:45,135.6,0.0008,9.372672,FALSE
16-09-1984 08:45,169.9,0.0003,4.403808,FALSE
17-09-1984 08:45,148,0.0034,43.47648,FALSE
18-09-1984 08:45,180.1,0.0028,43.569792,FALSE
19-09-1984 08:45,167.7,0.0003,4.346784,FALSE
20-09-1984 08:45,176.2,0.0049,74.596032,FALSE
21-09-1984 08:45,170.4,0.0051,75.085056,FALSE
22-09-1984 08:45,206.7,0.0059,105.367392,FALSE
24-09-1984 08:45,133.7,0.0224,258.757632,FALSE
25-09-1984 08:45,162.9,0.0124,174.524544,FALSE
26-09-1984 11:30,279.7,0.0145,350.40816,FALSE
27-09-1984 10:30,401.4,0.0257,891.300672,FALSE
30-09-1984 10:30,306.4,0.0133,352.090368,FALSE
01-10-1984 08:00,296.3,0.0314,803.850048,FALSE
05-10-1984 08:00,326.4,0.013,366.61248,FALSE
06-10-1984 08:00,536.3,0.0215,996.23088,FALSE
07-10-1984 08:00,468.6,0.0351,1421.095104,FALSE
08-10-1984 08:00,1054.3,0.072465,6600.946997,FALSE
10-10-1984 08:00,592.5,0.0101,517.0392,FALSE
11-10-1984 08:00,520.6,0.0121,544.256064,FALSE
12-10-1984 08:00,402,0.009,312.5952,FALSE
13-10-1984 08:00,373.6,0.0049,158.167296,FALSE
15-10-1984 08:00,248.6,0.0156,335.073024,FALSE
16-10-1984 08:00,245.5,0.0078,165.44736,FALSE
17-10-1984 08:00,216.8,0.0048,89.911296,FALSE
18-10-1984 08:00,227.7,0.0057,112.137696,FALSE
19-10-1984 08:00,198.9,0.007,120.29472,FALSE
20-10-1984 08:00,205.3,0.021,372.49632,FALSE
24-10-1984 08:00,181.9,0.0084,132.015744,FALSE
25-10-1984 08:00,200.8,0.0123,213.394176,FALSE
26-10-1984 08:00,201.5,0.0151,262.88496,FALSE
27-10-1984 08:00,320.6,0.036,997.19424,FALSE
29-10-1984 08:00,220.4,0.0134,255.170304,FALSE
30-10-1984 08:00,217.9,0.0173,325.699488,FALSE
31-10-1984 08:00,170.4,0.0085,125.14176,FALSE
02-11-1984 08:45,161.6,0.0113,157.773312,FALSE
05-11-1984 09:30,236.9,0.011432845,234.0093007,FALSE
06-11-1984 08:45,74.7,0.0105,67.76784,FALSE
07-11-1984 09:30,119.5,0.0122,125.96256,FALSE
08-11-1984 09:30,72.4,0.0053,33.153408,FALSE
09-11-1984 08:00,85.8,0.0172,127.505664,FALSE
10-11-1984 08:30,92.1,0.008,63.65952,FALSE
11-11-1984 08:30,67.8,0.0089,52.135488,FALSE
12-11-1984 08:30,65.3,0.0038,21.439296,FALSE
13-11-1984 09:00,46.3,0.0027,10.800864,FALSE
14-11-1984 08:30,49.3,0.007,29.81664,FALSE
15-11-1984 08:30,69.4,0.0069,41.373504,FALSE
16-11-1984 09:30,77.6,0.0079,52.966656,FALSE
17-11-1984 08:45,125.8,0.0128,139.124736,FALSE
19-11-1984 09:15,86.4,0.0082,61.212672,FALSE
20-11-1984 09:30,56,0.0027,13.06368,FALSE
21-11-1984 09:15,49.8,0.0075,32.2704,FALSE
22-11-1984 08:45,75.3,0.0077,50.095584,FALSE
23-11-1984 08:45,95.7,0.0079,65.320992,FALSE
24-11-1984 09:30,92.9,0.0111,89.094816,FALSE
26-11-1984 09:15,73,0.0141,88.93152,FALSE
27-11-1984 09:00,38.3,0.012,39.70944,FALSE
28-11-1984 08:30,55.7,0.0059,28.393632,FALSE
29-11-1984 08:45,42.1,0.0129,46.922976,FALSE
30-11-1984 09:15,38.7,0.0095,31.76496,FALSE
01-12-1984 08:00,31.6,0.0118,32.216832,FALSE
03-12-1984 08:00,71.9,0.011,68.33376,FALSE
04-12-1984 08:00,33.4,0.0101,29.146176,FALSE
05-12-1984 08:00,31.8,0.0083,22.804416,FALSE
06-12-1984 08:00,31.9,0.0094,25.907904,FALSE
08-12-1984 08:00,32.2,0.0135,37.55808,FALSE
10-12-1984 08:00,30.2,0.0065,16.96032,FALSE
11-12-1984 08:00,23.8,0.0103,21.180096,FALSE
12-12-1984 08:00,22.9,0.0098,19.389888,FALSE
13-12-1984 08:00,22.8,0.0043,8.470656,FALSE
15-12-1984 08:00,13.2,0.0101,11.518848,FALSE
17-12-1984 08:00,11.9,0.0081,8.328096,FALSE
18-12-1984 08:00,11.8,0.0007,0.713664,FALSE
19-12-1984 08:00,12.2,0.0056,5.902848,FALSE
20-12-1984 08:00,11,0.0056,5.32224,FALSE
21-12-1984 08:00,13.7,0.0167,19.767456,FALSE
22-12-1984 08:00,15.5,0.0179,23.97168,FALSE
01-01-1985 08:00,14.8,0.0124,15.856128,FALSE
02-01-1985 08:00,23.5,0.0118,23.95872,FALSE
03-01-1985 08:00,96.7,0.0147,122.816736,FALSE
04-01-1985 08:00,57.4,0.0119,59.016384,FALSE
05-01-1985 08:00,55.5,0.0132,63.29664,FALSE
07-01-1985 08:00,24.9,0.0115,24.74064,FALSE
08-01-1985 08:00,38.9,0.0107,35.962272,FALSE
09-01-1985 08:00,36.2,0.0101,31.589568,FALSE
10-01-1985 08:00,51.4,0.0093,41.300928,FALSE
11-01-1985 08:00,18,0.0114,17.72928,FALSE
12-01-1985 08:00,15.5,0.0058,7.76736,FALSE
14-01-1985 08:00,12.5,0.008,8.64,FALSE
15-01-1985 08:00,12.6,0.0044,4.790016,FALSE
16-01-1985 08:00,14.6,0.0149,18.795456,FALSE
17-01-1985 08:00,17.1,0.0084,12.410496,FALSE
18-01-1985 08:00,14.4,0.0084,10.450944,FALSE
19-01-1985 08:00,13.8,0.0086,10.253952,FALSE
21-01-1985 08:00,11.8,0.0108,11.010816,FALSE
22-01-1985 08:00,10.7,0.0118,10.908864,FALSE
23-01-1985 08:00,13.3,0.0117,13.444704,FALSE
25-01-1985 08:00,12.9,0.0139,15.492384,FALSE
28-01-1985 08:00,8.7,0.0052,3.908736,FALSE
02-02-1985 08:00,9.5,0.0077,6.32016,FALSE
04-02-1985 08:00,5,0.0128,5.5296,FALSE
05-02-1985 08:00,4.5,0.0115,4.4712,FALSE
06-02-1985 08:00,4.2,0.0136,4.935168,FALSE
11-02-1985 08:00,5.5,0.0111,5.27472,FALSE
12-02-1985 08:00,5.2,0.0136,6.110208,FALSE
13-02-1985 08:00,3.1,0.0134,3.589056,FALSE
16-02-1985 08:00,4.6,0.0097,3.855168,FALSE
18-02-1985 08:00,5.5,0.0081,3.84912,FALSE
19-02-1985 08:00,8.4,0.0061,4.427136,FALSE
20-02-1985 08:00,6.1,0.0206,10.857024,FALSE
21-02-1985 08:00,5.5,0.0117,5.55984,FALSE
22-02-1985 08:00,6.7,0.0101,5.846688,FALSE
23-02-1985 08:00,7.4,0.0107,6.841152,FALSE
25-02-1985 08:00,6.2,0.0085,4.55328,FALSE
26-02-1985 08:00,5.8,0.0075,3.7584,FALSE
27-02-1985 08:00,6.5,0.0098,5.50368,FALSE
28-02-1985 08:00,5.2,0.0089,3.998592,FALSE
01-03-1985 08:00,5.8,0.0092,4.610304,FALSE
02-03-1985 08:00,5.1,0.0109,4.802976,FALSE
04-03-1985 08:00,9.2,0.0118,9.379584,FALSE
07-03-1985 08:00,9.5,0.0101,8.29008,FALSE
08-03-1985 08:00,7,0.0148,8.95104,FALSE
11-03-1985 08:00,15,0.0143,18.5328,FALSE
12-03-1985 08:00,8.4,0.0028,2.032128,FALSE
13-03-1985 08:00,7.2,0.0089,5.536512,FALSE
18-03-1985 08:00,8.9,0.0064,4.921344,FALSE
20-03-1985 08:00,9.1,0.0064,5.031936,FALSE
27-03-1985 08:00,9.2,0.0111,8.823168,FALSE
28-03-1985 08:00,7.9,0.0076,5.187456,FALSE
08-04-1985 08:00,14.1,0.0084,10.233216,FALSE
09-04-1985 08:00,22.1,0.0123,23.486112,FALSE
10-04-1985 08:00,11.4,0.0094,9.258624,FALSE
11-04-1985 08:00,13.9,0.0093,11.168928,FALSE
13-04-1985 08:00,24.6,0.0063,13.390272,FALSE
26-04-1985 08:00,15.1,0.0148,19.308672,FALSE
27-04-1985 08:00,24.4,0.014,29.51424,FALSE
29-04-1985 08:00,108.9,0.0238,223.933248,FALSE
30-04-1985 08:00,30.7,0.0089,23.607072,FALSE
01-05-1985 08:00,23.2,0.0113,22.650624,FALSE
02-05-1985 08:00,24.7,0.0173,36.919584,FALSE
03-05-1985 08:00,23.6,0.0124,25.284096,FALSE
06-05-1985 08:00,22.6,0.0082,16.011648,FALSE
07-05-1985 08:00,22.2,0.0114,21.866112,FALSE
08-05-1985 08:00,19.6,0.0102,17.273088,FALSE
14-05-1985 08:00,22.5,0.0069,13.4136,FALSE
15-05-1985 08:00,26.5,0.0126,28.84896,FALSE
16-05-1985 08:00,26.2,0.0162,36.671616,FALSE
20-05-1985 08:00,26.7,0.0174,40.139712,FALSE
21-05-1985 08:00,26.1,0.0094,21.197376,FALSE
22-05-1985 08:00,21,0.0035,6.3504,FALSE
23-05-1985 08:00,24.4,0.0111,23.400576,FALSE
24-05-1985 08:00,94,0.0298,242.02368,FALSE
25-05-1985 08:00,47.5,0.0122,50.0688,FALSE
27-05-1985 08:00,88.5,0.0166,126.93024,FALSE
29-05-1985 08:00,118.6,0.0267,273.595968,FALSE
30-05-1985 08:00,88.7,0.0123,94.263264,FALSE
31-05-1985 08:00,65,0.0145,81.432,FALSE
01-06-1985 08:30,64.9,0.0118,66.166848,FALSE
03-06-1985 09:00,183.4,0.035,554.6016,FALSE
04-06-1985 09:00,129.6,0.0211,236.265984,FALSE
06-06-1985 09:30,302.4,0.0601,1570.254336,FALSE
07-06-1985 08:45,243.9,0.0356,750.197376,FALSE
08-06-1985 09:00,259.7,0.0351,787.576608,FALSE
10-06-1985 09:00,245.3,0.0277,587.071584,FALSE
11-06-1985 09:15,264.6,0.0302,690.415488,FALSE
12-06-1985 09:30,324.6,0.035,981.5904,FALSE
13-06-1985 09:30,308,0.0188,500.29056,FALSE
14-06-1985 08:30,226.6,0.0187,366.113088,FALSE
15-06-1985 08:30,314.9,0.0403,1096.456608,FALSE
16-06-1985 09:30,268.8,0.023,534.15936,FALSE
18-06-1985 09:30,495.1,0.0596,2549.487744,FALSE
19-06-1985 08:30,364.7,0.0267,841.319136,FALSE
20-06-1985 09:30,309.3,0.0156,416.886912,FALSE
21-06-1985 09:00,316.2,0.0203,554.589504,FALSE
22-06-1985 08:30,419,0.043,1556.6688,FALSE
23-06-1985 09:30,743,0.0917,5886.69984,FALSE
24-06-1985 09:15,1241,0.2507,26880.65568,FALSE
25-06-1985 10:15,1780.1,0.306,47062.99584,FALSE
29-06-1985 09:00,1375.4,0.0667,7926.265152,FALSE
30-06-1985 09:00,1270.9,0.0734,8059.742784,FALSE
01-07-1985 08:30,1150.2,0.0779,7741.490112,FALSE
02-07-1985 08:30,1243.8,0.0674,7243.095168,FALSE
03-07-1985 08:30,810.9,0.0573494,4017.999899,FALSE
04-07-1985 08:30,624,0.0494,2663.33184,FALSE
05-07-1985 08:30,903,0.1085,8465.0832,FALSE
06-07-1985 08:30,1055.2,0.0906,8259.936768,FALSE
07-07-1985 08:30,706.4,0.0511,3118.784256,FALSE
08-07-1985 08:30,518.9,0.0501,2246.131296,FALSE
09-07-1985 08:30,1672.7,0.16407108,23711.76249,FALSE
10-07-1985 08:30,780.7,0.0934,6300.061632,FALSE
11-07-1985 08:30,689.7,0.0533,3176.151264,FALSE
12-07-1985 08:30,539.1,0.0441,2054.100384,FALSE
13-07-1985 08:30,526.5,0.0619,2815.80624,FALSE
14-07-1985 08:30,484.4,0.0405,1695.01248,FALSE
15-07-1985 08:30,472.4,0.0253,1032.628608,FALSE
16-07-1985 08:30,518,0.033,1476.9216,FALSE
17-07-1985 08:30,542.1,0.0214,1002.321216,FALSE
18-07-1985 08:30,389.4,0.0202,679.612032,FALSE
19-07-1985 08:30,474.7,0.0292,1197.611136,FALSE
21-07-1985 09:30,349.4,0.0289,872.437824,FALSE
22-07-1985 08:30,369.1,0.0178,567.646272,FALSE
23-07-1985 08:30,323.5,0.0115,321.4296,FALSE
25-07-1985 08:30,325.7,0.0294,827.330112,FALSE
26-07-1985 08:30,356.2,0.0268,824.788224,FALSE
27-07-1985 08:30,363.4,0.0193,605.976768,FALSE
28-07-1985 08:30,294.5,0.0181,460.55088,FALSE
29-07-1985 08:30,332.2,0.0101,289.891008,FALSE
30-07-1985 08:30,231.5,0.0112,224.01792,FALSE
31-07-1985 08:30,292.2,0.0182,459.478656,FALSE
01-08-1985 08:30,424,0.0165,604.4544,FALSE
02-08-1985 08:30,470.7,0.0189,768.634272,FALSE
03-08-1985 08:30,554.7,0.0272,1303.589376,FALSE
04-08-1985 08:30,365.4,0.0195,615.62592,FALSE
05-08-1985 08:30,460.3,0.0179,711.881568,FALSE
06-08-1985 08:30,368.4,0.0106,337.395456,FALSE
07-08-1985 08:30,448.9,0.0236,915.325056,FALSE
08-08-1985 08:30,471.2,0.0274,1115.500032,FALSE
09-08-1985 09:30,380.6,0.0173,568.890432,FALSE
10-08-1985 08:30,492.4,0.0206,876.393216,FALSE
11-08-1985 08:30,545.4,0.0483,2276.019648,FALSE
12-08-1985 08:30,780.1,0.0578,3895.756992,FALSE
13-08-1985 08:30,676,0.0383,2236.96512,FALSE
14-08-1985 08:30,786.6,0.038855996,2640.740526,FALSE
16-08-1985 08:30,880.5,0.0469,3567.92688,FALSE
17-08-1985 08:30,989.2,0.0459,3922.929792,FALSE
18-08-1985 08:00,604.6,0.0242,1264.146048,FALSE
19-08-1985 08:30,1000.2,0.0444,3836.927232,FALSE
20-08-1985 08:30,579.1,0.0288,1440.986112,FALSE
21-08-1985 08:30,573.8,0.0263,1303.857216,FALSE
22-08-1985 08:30,494,0.0179,764.00064,FALSE
24-08-1985 08:30,449.3,0.0317,1230.578784,FALSE
25-08-1985 08:00,313.6,0.0155,419.97312,FALSE
26-08-1985 08:30,356.4,0.0163,501.925248,FALSE
27-08-1985 08:30,330.9,0.0207,591.808032,FALSE
29-08-1985 08:30,337,0.0213,620.18784,FALSE
30-08-1985 08:30,339.9,0.0155,455.19408,FALSE
31-08-1985 08:30,324.7,0.0176,493.751808,FALSE
02-09-1985 08:30,380.9,0.0215,707.55984,FALSE
03-09-1985 08:30,314.4,0.0249,676.387584,FALSE
04-09-1985 08:30,259.7,0.0195,437.54256,FALSE
05-09-1985 08:30,294.6,0.0248,631.245312,FALSE
06-09-1985 08:30,267.3,0.0174,401.848128,FALSE
07-09-1985 08:30,217.7,0.0142,267.091776,FALSE
09-09-1985 08:30,255.4,0.0159,350.858304,FALSE
10-09-1985 08:30,285.5,0.0165,407.0088,FALSE
11-09-1985 08:30,238.3,0.0212,436.489344,FALSE
12-09-1985 08:30,308.1,0.0271,721.397664,FALSE
13-09-1985 08:30,338.7,0.025,731.592,FALSE
14-09-1985 08:30,245.9,0.007,148.72032,FALSE
16-09-1985 08:30,198.6,0.0108,185.317632,FALSE
17-09-1985 08:30,198,0.007,119.7504,FALSE
18-09-1985 08:30,140.2,0.006,72.67968,FALSE
19-09-1985 08:30,140.2,0.0089,107.808192,FALSE
20-09-1985 08:30,124.8,0.0117,126.157824,FALSE
21-09-1985 08:30,104.8,0.0124,112.278528,FALSE
23-09-1985 08:30,101.5,0.0117,102.60432,FALSE
24-09-1985 08:30,104.4,0.0135,121.77216,FALSE
25-09-1985 08:30,153.6,0.0159,211.009536,FALSE
26-09-1985 08:30,100.9,0.0181,157.791456,FALSE
27-09-1985 08:30,102.1,0.0074,65.278656,FALSE
29-09-1985 08:30,184.9,0.01,159.7536,FALSE
30-09-1985 08:30,298.9,0.04,1032.9984,FALSE
01-10-1985 09:15,598.5,0.1006486,5204.579365,FALSE
04-10-1985 08:30,372.5,0.0212,682.3008,FALSE
05-10-1985 08:30,333.4,0.0274,789.277824,FALSE
06-10-1985 08:30,285.2,0.0217,534.715776,FALSE
07-10-1985 08:30,261.3,0.0084,189.641088,FALSE
08-10-1985 08:30,216.7,0.0061,114.209568,FALSE
09-10-1985 08:30,192.2,0.0132,219.200256,FALSE
10-10-1985 08:30,199,0.0124,213.20064,FALSE
11-10-1985 08:30,181.4,0.0142,222.556032,FALSE
12-10-1985 08:30,166.5,0.0117,168.31152,FALSE
14-10-1985 08:30,148.8,0.0108,138.848256,FALSE
15-10-1985 08:30,125.6,0.0166,180.140544,FALSE
16-10-1985 08:30,139.5,0.0106,127.75968,FALSE
17-10-1985 08:30,118.6,0.011,112.71744,FALSE
18-10-1985 08:30,110.3,0.0156,148.666752,FALSE
19-10-1985 08:30,105.9,0.0106,96.987456,FALSE
21-10-1985 08:30,100.4,0.0105,91.08288,FALSE
22-10-1985 08:30,123.9,0.0111,118.825056,FALSE
24-10-1985 08:30,162.1,0.0235,329.12784,FALSE
25-10-1985 08:30,90.4,0.0143,111.691008,FALSE
26-10-1985 08:00,116.7,0.0127,128.052576,FALSE
28-10-1985 08:30,187.8,0.0284,460.816128,FALSE
29-10-1985 08:30,147.6,0.0442,563.666688,FALSE
30-10-1985 08:30,183.3,0.0389,616.063968,FALSE
31-10-1985 08:30,159.8,0.0185,255.42432,FALSE
01-11-1985 08:30,154.5,0.0106,141.49728,FALSE
02-11-1985 08:30,128.5,0.0139,154.32336,FALSE
04-11-1985 08:30,99.1,0.0132,113.021568,FALSE
05-11-1985 08:30,107.2,0.0132,122.259456,FALSE
06-11-1985 08:30,194,0.0094,157.55904,FALSE
07-11-1985 08:30,196.9,0.0159,270.493344,FALSE
08-11-1985 08:30,213.3,0.0185,340.93872,FALSE
09-11-1985 08:30,157,0.011,149.2128,FALSE
11-11-1985 08:30,156.7,0.0072,97.479936,FALSE
12-11-1985 08:30,115.5,0.0117,116.75664,FALSE
13-11-1985 08:30,139.2,0.0088,105.836544,FALSE
14-11-1985 08:30,109.9,0.0156,148.127616,FALSE
15-11-1985 08:30,83.6,0.0189,136.515456,FALSE
16-11-1985 08:30,62.6,0.0123,66.526272,FALSE
18-11-1985 08:30,61.9,0.0088,47.063808,FALSE
19-11-1985 08:30,71.8,0.0095,58.93344,FALSE
20-11-1985 08:30,59.9,0.0094,48.648384,FALSE
21-11-1985 08:30,50.9,0.009,39.57984,FALSE
22-11-1985 08:30,62.6,0.0146,78.966144,FALSE
23-11-1985 08:30,56.5,0.0086,41.98176,FALSE
25-11-1985 08:30,60.1,0.0119,61.792416,FALSE
26-11-1985 08:30,30.1,0.0118,30.687552,FALSE
27-11-1985 08:30,39.5,0.0128,43.68384,FALSE
28-11-1985 08:30,34.3,0.0122,36.154944,FALSE
29-11-1985 08:30,35.3,0.0121,36.904032,FALSE
30-11-1985 08:30,24.8,0.0115,24.64128,FALSE
02-12-1985 08:30,58,0.0101,50.61312,FALSE
04-12-1985 08:30,54.3,0.0201,94.299552,FALSE
05-12-1985 08:30,60.1,0.0131,68.023584,FALSE
06-12-1985 08:30,67.7,0.0114,66.681792,FALSE
07-12-1985 08:30,67,0.0094,54.41472,FALSE
11-12-1985 08:30,231.9,0.030443978,609.9804142,FALSE
12-12-1985 08:30,134.1,0.0224,259.531776,FALSE
13-12-1985 08:30,107.8,0.0189,176.033088,FALSE
14-12-1985 08:30,108.9,0.0267,251.219232,FALSE
16-12-1985 08:30,104.9,0.012,108.76032,FALSE
17-12-1985 08:30,60.2,0.0051,26.526528,FALSE
18-12-1985 08:30,64.1,0.0116,64.243584,FALSE
19-12-1985 08:30,42.8,0.0099,36.609408,FALSE
20-12-1985 08:30,47.8,0.0043,17.758656,FALSE
21-12-1985 08:30,27.8,0.0098,23.538816,FALSE
23-12-1985 08:30,25.8,0.0113,25.189056,FALSE
24-12-1985 08:30,24.5,0.0091,19.26288,FALSE
27-12-1985 08:30,30.9,0.0145,38.71152,FALSE
28-12-1985 08:30,22.5,0.0099,19.2456,FALSE
30-12-1985 08:30,17.3,0.0071,10.612512,FALSE
31-12-1985 08:30,14.7,0.0105,13.33584,FALSE
02-01-1986 08:00,15.9,0.0102,14.012352,FALSE
03-01-1986 08:00,16.7,0.0097,13.995936,FALSE
04-01-1986 08:00,17.3,0.0085,12.70512,FALSE
06-01-1986 08:00,124.4,0.0175,188.0928,FALSE
08-01-1986 08:00,41.8,0.0087,31.420224,FALSE
09-01-1986 08:00,63.1,0.0089,48.521376,FALSE
10-01-1986 08:00,54.1,0.0064,29.915136,FALSE
11-01-1986 08:00,31.8,0.0077,21.155904,FALSE
13-01-1986 08:00,42.1,0.008,29.09952,FALSE
14-01-1986 08:00,42.3,0.0076,27.775872,FALSE
15-01-1986 08:00,62.8,0.0079,42.864768,FALSE
16-01-1986 08:00,60.2,0.0085,44.21088,FALSE
17-01-1986 08:00,50.3,0.0098,42.590016,FALSE
18-01-1986 08:00,36.7,0.009,28.53792,FALSE
20-01-1986 08:00,38.8,0.005,16.7616,FALSE
21-01-1986 08:00,42.4,0.0059,21.613824,FALSE
22-01-1986 08:00,37.7,0.0057,18.566496,FALSE
23-01-1986 08:00,48.2,0.0061,25.403328,FALSE
24-01-1986 08:00,22.5,0.006,11.664,FALSE
25-01-1986 08:00,21.5,0.0066,12.26016,FALSE
27-01-1986 08:00,41.6,0.0082,29.472768,FALSE
28-01-1986 08:00,15.4,0.0039,5.189184,FALSE
29-01-1986 08:00,28.1,0.0077,18.694368,FALSE
30-01-1986 08:00,30.3,0.0038,9.948096,FALSE
31-01-1986 09:00,24.4,0.0066,13.913856,FALSE
01-02-1986 08:00,20.6,0.0073,12.992832,FALSE
03-02-1986 08:00,32.6,0.0072,20.279808,FALSE
04-02-1986 08:00,34.8,0.0062,18.641664,FALSE
05-02-1986 08:00,47,0.0105,42.6384,FALSE
06-02-1986 08:00,37.7,0.0084,27.361152,FALSE
07-02-1986 08:00,39.9,0.0133,45.849888,FALSE
08-02-1986 08:00,20.4,0.0095,16.74432,FALSE
10-02-1986 08:00,33,0.0089,25.37568,FALSE
11-02-1986 08:00,34,0.0109,32.01984,FALSE
12-02-1986 08:00,35.5,0.0113,34.65936,FALSE
13-02-1986 08:00,35.6,0.0093,28.605312,FALSE
14-02-1986 08:00,30.8,0.0098,26.078976,FALSE
15-02-1986 08:00,14.8,0.0077,9.846144,FALSE
17-02-1986 08:00,21.8,0.0067,12.619584,FALSE
18-02-1986 08:00,16.5,0.0113,16.10928,FALSE
19-02-1986 08:00,14.3,0.007,8.64864,FALSE
20-02-1986 08:00,40.5,0.0146,51.08832,FALSE
21-02-1986 08:00,27.4,0.0078,18.465408,FALSE
22-02-1986 08:00,27.3,0.0069,16.275168,FALSE
24-02-1986 08:00,14.1,0.0078,9.502272,FALSE
25-02-1986 08:00,22.7,0.0078,15.297984,FALSE
26-02-1986 08:00,25.3,0.0077,16.831584,FALSE
27-02-1986 08:00,37,0.0095,30.3696,FALSE
28-02-1986 08:00,27.3,0.0056,13.208832,FALSE
03-03-1986 08:00,27.7,0.0051,12.205728,FALSE
04-03-1986 08:00,20.5,0.0059,10.45008,FALSE
05-03-1986 08:00,37,0.0088,28.13184,FALSE
06-03-1986 08:00,35.7,0.0095,29.30256,FALSE
07-03-1986 08:00,12.1,0.0062,6.481728,FALSE
10-03-1986 08:00,24.6,0.01,21.2544,FALSE
11-03-1986 08:00,31.5,0.0096,26.12736,FALSE
12-03-1986 08:00,37.2,0.0089,28.605312,FALSE
13-03-1986 08:00,23.4,0.0135,27.29376,FALSE
14-03-1986 08:00,31.8,0.0147,40.388544,FALSE
15-03-1986 08:00,18.9,0.0104,16.982784,FALSE
17-03-1986 08:00,11.8,0.0113,11.520576,FALSE
18-03-1986 08:00,28,0.0154,37.25568,FALSE
19-03-1986 08:00,21.9,0.0097,18.353952,FALSE
20-03-1986 08:00,24.5,0.0114,24.13152,FALSE
21-03-1986 08:00,32.6,0.0097,27.321408,FALSE
22-03-1986 08:00,21.9,0.0091,17.218656,FALSE
23-03-1986 08:00,24,0.0101,20.94336,FALSE
24-03-1986 08:00,30.5,0.0131,34.52112,FALSE
25-03-1986 08:00,20.3,0.0094,16.486848,FALSE
26-03-1986 08:00,11.6,0.011,11.02464,FALSE
27-03-1986 08:00,15.9,0.013,17.85888,FALSE
29-03-1986 08:00,19.3,0.0165,27.51408,FALSE
31-03-1986 08:00,21.2,0.0142,26.009856,FALSE
01-04-1986 08:00,21.3,0.0058,10.673856,FALSE
02-04-1986 08:00,15.4,0.0077,10.245312,FALSE
03-04-1986 08:00,13.5,0.0122,14.23008,FALSE
04-04-1986 08:00,14.1,0.0114,13.887936,FALSE
05-04-1986 08:00,14,0.0111,13.42656,FALSE
11-04-1986 08:00,16.5,0.0119,16.96464,FALSE
15-04-1986 08:00,22.5,0.0111,21.5784,FALSE
16-04-1986 08:00,16.7,0.0093,13.418784,FALSE
17-04-1986 08:00,16,0.008,11.0592,FALSE
18-04-1986 08:00,25.9,0.0077,17.230752,FALSE
19-04-1986 08:00,30.1,0.0116,30.167424,FALSE
21-04-1986 08:00,19.3,0.0084,14.007168,FALSE
23-04-1986 08:00,27.1,0.0089,20.838816,FALSE
24-04-1986 08:00,30,0.0068,17.6256,FALSE
25-04-1986 08:00,27.6,0.012,28.61568,FALSE
26-04-1986 08:00,29.7,0.0072,18.475776,FALSE
28-04-1986 08:00,23.1,0.01,19.9584,FALSE
29-04-1986 08:00,20.2,0.0093,16.231104,FALSE
01-05-1986 08:00,39.2,0.0116,39.287808,FALSE
02-05-1986 08:00,41.1,0.0132,46.873728,FALSE
03-05-1986 08:00,35.2,0.0106,32.237568,FALSE
05-05-1986 08:00,22.8,0.0097,19.108224,FALSE
06-05-1986 08:00,19.8,0.0089,15.225408,FALSE
10-05-1986 08:00,38.4,0.0134,44.457984,FALSE
12-05-1986 08:00,16.6,0.0141,20.222784,FALSE
13-05-1986 08:00,14.7,0.0099,12.573792,FALSE
15-05-1986 08:00,11.7,0.0202,20.419776,FALSE
16-05-1986 08:00,10.4,0.0182,16.353792,FALSE
17-05-1986 08:00,12.3,0.0124,13.177728,FALSE
19-05-1986 08:00,15.4,0.016,21.28896,FALSE
20-05-1986 08:00,12.1,0.0205,21.43152,FALSE
21-05-1986 08:00,11.2,0.0131,12.676608,FALSE
22-05-1986 08:00,9.7,0.0134,11.230272,FALSE
24-05-1986 08:00,14.4,0.0111,13.810176,FALSE
26-05-1986 08:00,24.1,0.0151,31.441824,FALSE
27-05-1986 08:00,15.4,0.0159,21.155904,FALSE
28-05-1986 08:00,17.9,0.0173,26.755488,FALSE
29-05-1986 08:00,13.4,0.0152,17.597952,FALSE
30-05-1986 08:00,19.9,0.0072,12.379392,FALSE
31-05-1986 08:00,20,0.0123,21.2544,FALSE
02-06-1986 08:30,25.5,0.0155,34.1496,FALSE
03-06-1986 08:30,18.9,0.0052,8.491392,FALSE
04-06-1986 08:30,14.9,0.0129,16.606944,FALSE
05-06-1986 08:30,17.4,0.0122,18.340992,FALSE
06-06-1986 08:30,20.3,0.0105,18.41616,FALSE
07-06-1986 08:30,51,0.0126,55.52064,FALSE
10-06-1986 08:30,11.8,0.0078,7.952256,FALSE
11-06-1986 08:30,14,0.0099,11.97504,FALSE
12-06-1986 08:30,10.9,0.0095,8.94672,FALSE
13-06-1986 08:30,26.3,0.0105,23.85936,FALSE
14-06-1986 08:30,43,0.0188,69.84576,FALSE
16-06-1986 08:30,109.4,0.0159,150.289344,FALSE
17-06-1986 08:30,123.4,0.0134,142.867584,FALSE
18-06-1986 11:45,213.6,0.0287,529.659648,FALSE
19-06-1986 08:30,175.3,0.0234,354.414528,FALSE
20-06-1986 08:30,420.7,0.027098,984.971111,FALSE
21-06-1986 08:30,190.1,0.0106,174.101184,FALSE
23-06-1986 08:30,102.4,0.0096,84.934656,FALSE
24-06-1986 08:30,191.8,0.0144,238.629888,FALSE
25-06-1986 08:30,796.4,0.0532,3660.636672,FALSE
26-06-1986 15:00,500.8,0.044,1903.84128,FALSE
27-06-1986 08:30,426.3,0.0234,861.876288,FALSE
30-06-1986 08:30,347.5,0.0106,318.2544,FALSE
01-07-1986 08:30,334.5,0.0098,283.22784,FALSE
02-07-1986 08:30,207.5,0.0105,188.244,FALSE
03-07-1986 08:30,273.8,0.0163,385.598016,FALSE
05-07-1986 15:30,172.8,0.0138,206.032896,FALSE
07-07-1986 08:30,114.9,0.0135,134.01936,FALSE
08-07-1986 08:30,205.4,0.0071,126.000576,FALSE
09-07-1986 08:30,152.5,0.0059,77.7384,FALSE
10-07-1986 08:30,117.9,0.0069,70.287264,FALSE
11-07-1986 08:30,119.8,0.0163,168.716736,FALSE
12-07-1986 08:30,147.8,0.0155,197.93376,FALSE
13-07-1986 09:30,331.8,0.0361,1034.897472,FALSE
14-07-1986 08:30,251.9,0.0266,578.926656,FALSE
15-07-1986 08:30,614.7,0.0309,1641.101472,FALSE
16-07-1986 08:30,727.9,0.07642497,4806.409161,FALSE
17-07-1986 08:30,595.1,0.0326,1676.182464,FALSE
18-07-1986 08:30,312.5,0.018493,499.311,FALSE
19-07-1986 08:30,321.8,0.0132,367.006464,FALSE
22-07-1986 08:30,400.7,0.0134,463.914432,FALSE
23-07-1986 08:30,444.3,0.0164,629.555328,FALSE
24-07-1986 08:30,474.1,0.0212,868.399488,FALSE
25-07-1986 08:30,465.7,0.019,764.49312,FALSE
26-07-1986 08:30,663.2,0.0272,1558.573056,FALSE
28-07-1986 08:30,349.7,0.0187769,567.3267588,FALSE
29-07-1986 08:30,297.7,0.0114,293.222592,FALSE
30-07-1986 08:30,278.9,0.0109,262.656864,FALSE
31-07-1986 08:30,405.1,0.0179,626.511456,FALSE
01-08-1986 08:30,197.7,0.0262,447.529536,FALSE
02-08-1986 08:30,209.6,0.0054,97.790976,FALSE
04-08-1986 08:30,275.5,0.0667,1587.67344,FALSE
05-08-1986 08:30,485,0.0394,1651.0176,FALSE
06-08-1986 08:30,530.9,0.0276,1266.005376,FALSE
07-08-1986 08:30,1588.8,0.1871,25683.65107,FALSE
08-08-1986 08:30,1795.7,0.1713,26576.93462,FALSE
10-08-1986 08:30,2368.9,0.1446,29595.71002,FALSE
11-08-1986 08:30,2282,0.1529,30146.49792,FALSE
12-08-1986 08:30,1868.3,0.0839,13543.23197,FALSE
13-08-1986 08:30,1495.3,0.069727995,9008.433008,FALSE
14-08-1986 08:30,1131.9,0.051,4987.60416,FALSE
16-08-1986 08:30,715.3,0.0264,1631.570688,FALSE
18-08-1986 08:30,331.2,0.0258,738.284544,FALSE
19-08-1986 08:30,204.6,0.0194,342.942336,FALSE
20-08-1986 08:30,203.5,0.0217,381.53808,FALSE
21-08-1986 08:30,128.4,0.0103,114.265728,FALSE
22-08-1986 08:30,152,0.012,157.5936,FALSE
23-08-1986 08:30,111.6,0.0092,88.708608,FALSE
25-08-1986 08:30,133.1,0.0071,81.648864,FALSE
26-08-1986 08:30,67.7,0.007,40.94496,FALSE
27-08-1986 08:30,81.1,0.0098,68.668992,FALSE
28-08-1986 08:30,107.4,0.0106,98.361216,FALSE
29-08-1986 08:30,78.8,0.0066,44.934912,FALSE
30-08-1986 08:30,37.1,0.0095,30.45168,FALSE
01-09-1986 08:30,62.3,0.0074,39.832128,FALSE
02-09-1986 08:30,76.5,0.0096,63.45216,FALSE
03-09-1986 08:30,64.5,0.0095,52.9416,FALSE
04-09-1986 08:30,69,0.0097,57.82752,FALSE
05-09-1986 08:30,60.6,0.0066,34.556544,FALSE
06-09-1986 08:30,86.3,0.0055,41.00976,FALSE
08-09-1986 08:30,47,0.0063,25.58304,FALSE
09-09-1986 08:30,54.6,0.0069,32.550336,FALSE
10-09-1986 08:30,53,0.0089,40.75488,FALSE
11-09-1986 08:30,45.5,0.0095,37.3464,FALSE
12-09-1986 08:30,55.2,0.0121,57.708288,FALSE
13-09-1986 08:30,46.7,0.0051,20.577888,FALSE
16-09-1986 09:15,230.1,0.0641,1274.349024,FALSE
17-09-1986 08:30,144.4,0.0134,167.180544,FALSE
18-09-1986 08:30,181.9,0.0199,312.751584,FALSE
19-09-1986 08:30,140.7,0.0127,154.387296,FALSE
20-09-1986 08:30,227.2,0.0194,380.823552,FALSE
22-09-1986 08:30,551.5,0.0399,1901.21904,FALSE
23-09-1986 08:30,256.8,0.0178,394.937856,FALSE
24-09-1986 08:30,261,0.0203,457.77312,FALSE
25-09-1986 08:45,482.7,0.0331,1380.444768,FALSE
26-09-1986 08:30,262.2,0.0172,389.650176,FALSE
27-09-1986 08:30,225.7,0.0113,220.355424,FALSE
30-09-1986 08:30,425.3,0.0401,1473.511392,FALSE
03-10-1986 08:30,432.9,0.0195,729.34992,FALSE
04-10-1986 08:30,298.8,0.0132,340.775424,FALSE
06-10-1986 08:30,237.5,0.0107,219.564,FALSE
07-10-1986 08:30,315,0.0131,356.5296,FALSE
08-10-1986 08:30,239.7,0.0114,236.094912,FALSE
09-10-1986 08:30,263.1,0.0126,286.421184,FALSE
10-10-1986 08:30,276,0.0102,243.23328,FALSE
11-10-1986 08:30,211.3,0.013,237.33216,FALSE
13-10-1986 08:30,228.9,0.0093,183.925728,FALSE
14-10-1986 08:30,193.2,0.0124,206.986752,FALSE
15-10-1986 08:30,167.8,0.0103,149.328576,FALSE
16-10-1986 08:30,188,0.0155,251.7696,FALSE
17-10-1986 08:30,138.9,0.0123,147.611808,FALSE
18-10-1986 08:30,222,0.0228,437.32224,FALSE
20-10-1986 08:30,95.1,0.0104,85.453056,FALSE
21-10-1986 08:30,80.1,0.0118,81.663552,FALSE
22-10-1986 08:30,84.9,0.0146,107.096256,FALSE
23-10-1986 08:30,37.3,0.0123,39.639456,FALSE
24-10-1986 08:30,61.2,0.0108,57.106944,FALSE
25-10-1986 08:30,84.2,0.0085,61.83648,FALSE
27-10-1986 08:30,167.4,0.0182,263.233152,FALSE
28-10-1986 08:30,170.4,0.0129,189.921024,FALSE
29-10-1986 08:30,182.5,0.0232,365.8176,FALSE
30-10-1986 08:30,206.7,0.0341,608.987808,FALSE
31-10-1986 08:30,202.4,0.027,472.15872,FALSE
03-11-1986 08:30,196.2,0.0237,401.754816,FALSE
04-11-1986 08:30,239.2,0.0231,477.404928,FALSE
05-11-1986 08:30,180.6,0.0169,263.704896,FALSE
06-11-1986 08:30,260.2,0.0156,350.707968,FALSE
07-11-1986 08:30,838.3,0.0808,5852.272896,FALSE
08-11-1986 08:30,492.3,0.0401,1705.642272,FALSE
10-11-1986 08:30,375,0.0229,741.96,FALSE
11-11-1986 08:30,337.5,0.0139,405.324,FALSE
12-11-1986 08:30,343.8,0.0201,597.056832,FALSE
13-11-1986 08:30,326.9,0.0141,398.242656,FALSE
14-11-1986 08:30,232.3,0.0165,331.16688,FALSE
15-11-1986 08:30,195.7,0.0088,148.794624,FALSE
17-11-1986 08:30,132.6,0.0078,89.361792,FALSE
18-11-1986 08:30,136.4,0.0108,127.277568,FALSE
19-11-1986 08:30,72.1,0.0083,51.704352,FALSE
20-11-1986 08:30,73.1,0.0062,39.158208,FALSE
21-11-1986 08:30,71.4,0.0058,35.779968,FALSE
22-11-1986 08:30,67.2,0.0053,30.772224,FALSE
24-11-1986 08:30,172.2,0.0222,330.293376,FALSE
25-11-1986 08:30,44.3,0.0077,29.471904,FALSE
26-11-1986 08:30,108.9,0.0138,129.843648,FALSE
27-11-1986 08:30,25.5,0.0071,15.64272,FALSE
28-11-1986 08:30,21.3,0.0083,15.274656,FALSE
29-11-1986 08:30,66.2,0.0085,48.61728,FALSE
01-12-1986 08:30,46.4,0.0099,39.688704,FALSE
02-12-1986 08:30,28,0.0076,18.38592,FALSE
04-12-1986 08:30,44.9,0.0046,17.845056,FALSE
05-12-1986 08:30,50.1,0.0101,43.719264,FALSE
08-12-1986 08:30,43,0.0094,34.92288,FALSE
09-12-1986 08:30,44.1,0.0103,39.245472,FALSE
10-12-1986 08:30,42.4,0.0065,23.81184,FALSE
11-12-1986 08:30,44.6,0.0084,32.368896,FALSE
12-12-1986 08:30,71.5,0.0125,77.22,FALSE
13-12-1986 08:30,63.4,0.0139,76.140864,FALSE
15-12-1986 08:30,55.3,0.0096,45.868032,FALSE
16-12-1986 08:30,52.7,0.0118,53.728704,FALSE
17-12-1986 08:30,35.5,0.0072,22.08384,FALSE
18-12-1986 08:30,33,0.0088,25.09056,FALSE
19-12-1986 08:30,26.5,0.0145,33.1992,FALSE
20-12-1986 08:30,37.4,0.0127,41.038272,FALSE
22-12-1986 08:30,38.9,0.0129,43.356384,FALSE
23-12-1986 08:30,45,0.0137,53.2656,FALSE
24-12-1986 08:30,35.2,0.0105,31.93344,FALSE
26-12-1986 08:30,26.5,0.0085,19.4616,FALSE
27-12-1986 08:30,40.1,0.0118,40.882752,FALSE
29-12-1986 08:30,40.3,0.0119,41.434848,FALSE
30-12-1986 08:30,28.7,0.0049,12.150432,FALSE
31-12-1986 08:30,28.5,0.013,32.0112,FALSE
01-01-1987 08:00,28.5,0.0093,22.90032,FALSE
02-01-1987 08:00,21.1,0.0098,17.865792,FALSE
03-01-1987 08:00,17.5,0.0074,11.1888,FALSE
05-01-1987 08:00,17.7,0.0105,16.05744,FALSE
06-01-1987 08:00,15.3,0.0067,8.856864,FALSE
07-01-1987 08:00,15.3,0.012,15.86304,FALSE
08-01-1987 08:00,14.8,0.0139,17.774208,FALSE
09-01-1987 08:00,13.2,0.0104,11.860992,FALSE
10-01-1987 08:00,14.4,0.0032,3.981312,FALSE
12-01-1987 08:00,11.6,0.0128,12.828672,FALSE
13-01-1987 08:00,11.1,0.018,17.26272,FALSE
14-01-1987 08:00,11.4,0.0148,14.577408,FALSE
15-01-1987 08:00,14.1,0.0113,13.766112,FALSE
16-01-1987 08:00,13.7,0.013,15.38784,FALSE
17-01-1987 08:00,19.3,0.0055,9.17136,FALSE
19-01-1987 08:00,11.7,0.0104,10.513152,FALSE
20-01-1987 08:00,9.9,0.0147,12.573792,FALSE
21-01-1987 08:00,11,0.0173,16.44192,FALSE
22-01-1987 08:00,11.1,0.0159,15.248736,FALSE
23-01-1987 08:00,13.7,0.0155,18.34704,FALSE
24-01-1987 08:00,13.5,0.0111,12.94704,FALSE
27-01-1987 08:00,8.2,0.017,12.04416,FALSE
28-01-1987 08:00,10.4,0.0156,14.017536,FALSE
29-01-1987 08:00,8.9,0.0092,7.074432,FALSE
30-01-1987 08:00,8.2,0.0146,10.343808,FALSE
31-01-1987 08:00,7.9,0.0157,10.716192,FALSE
02-02-1987 08:00,9.6,0.0141,11.695104,FALSE
03-02-1987 08:00,14.3,0.0145,17.91504,FALSE
04-02-1987 08:00,12.1,0.0169,17.667936,FALSE
05-02-1987 08:00,9.3,0.0165,13.25808,FALSE
06-02-1987 08:00,9.2,0.0102,8.107776,FALSE
07-02-1987 08:00,28.7,0.0179,44.386272,FALSE
09-02-1987 08:00,27.6,0.0168,40.061952,FALSE
10-02-1987 08:00,33.7,0.0137,39.890016,FALSE
11-02-1987 08:00,19.1,0.0122,20.132928,FALSE
12-02-1987 08:00,29.5,0.0108,27.52704,FALSE
13-02-1987 08:00,21.2,0.0106,19.415808,FALSE
14-02-1987 08:00,10.4,0.0099,8.895744,FALSE
16-02-1987 08:00,28.2,0.0089,21.684672,FALSE
17-02-1987 08:00,30,0.0087,22.5504,FALSE
18-02-1987 08:00,30.2,0.0077,20.091456,FALSE
19-02-1987 08:00,47,0.0092,37.35936,FALSE
20-02-1987 08:00,45.5,0.0099,38.91888,FALSE
21-02-1987 08:00,28.9,0.0057,14.232672,FALSE
23-02-1987 08:00,35.7,0.0077,23.750496,FALSE
24-02-1987 08:00,21.9,0.0048,9.082368,FALSE
25-02-1987 08:00,29.4,0.0076,19.305216,FALSE
27-02-1987 08:00,29.3,0.0072,18.226944,FALSE
28-02-1987 08:00,42.9,0.0081,30.023136,FALSE
03-03-1987 08:00,35.7,0.0062,19.123776,FALSE
04-03-1987 08:00,71.4,0.0107,66.007872,FALSE
05-03-1987 08:00,63.8,0.0113,62.289216,FALSE
06-03-1987 08:00,71.1,0.0104,63.887616,FALSE
07-03-1987 08:00,67.7,0.0103,60.247584,FALSE
09-03-1987 08:00,23,0.0063,12.51936,FALSE
11-03-1987 08:00,27.6,0.0088,20.984832,FALSE
13-03-1987 08:00,32.4,0.007,19.59552,FALSE
14-03-1987 08:00,19,0.0039,6.40224,FALSE
17-03-1987 08:00,31.1,0.0152,40.843008,FALSE
18-03-1987 08:00,23.3,0.0102,20.533824,FALSE
19-03-1987 08:00,35.5,0.0094,28.83168,FALSE
20-03-1987 08:00,29.2,0.0101,25.481088,FALSE
21-03-1987 08:00,13,0.0011,1.23552,FALSE
24-03-1987 08:00,33.1,0.0096,27.454464,FALSE
25-03-1987 08:00,32.3,0.0081,22.604832,FALSE
26-03-1987 08:00,36.6,0.0085,26.87904,FALSE
27-03-1987 08:00,26.3,0.0073,16.587936,FALSE
28-03-1987 08:00,27.3,0.0053,12.501216,FALSE
30-03-1987 08:00,33.1,0.0048,13.727232,FALSE
31-03-1987 08:00,81.2,0.0054,37.884672,FALSE
01-04-1987 08:00,77.4,0.008,53.49888,FALSE
02-04-1987 08:00,82,0.0096,68.01408,FALSE
03-04-1987 08:00,99.5,0.0081,69.63408,FALSE
04-04-1987 08:00,79.2,0.0038,26.002944,FALSE
06-04-1987 08:00,58.4,0.0053,26.742528,FALSE
07-04-1987 08:00,98.6,0.008,68.15232,FALSE
08-04-1987 08:00,79.8,0.0113,77.910336,FALSE
09-04-1987 08:00,77.3,0.0102,68.122944,FALSE
20-04-1987 08:00,82.4,0.0067,47.699712,FALSE
21-04-1987 08:00,72.9,0.0079,49.758624,FALSE
22-04-1987 08:00,86.3,0.0054,40.264128,FALSE
23-04-1987 08:00,78.5,0.0082,55.61568,FALSE
24-04-1987 08:00,81.8,0.0061,43.111872,FALSE
25-04-1987 08:00,101,0.006,52.3584,FALSE
27-04-1987 08:00,85.7,0.0056,41.465088,FALSE
28-04-1987 08:00,18.6,0.0034,5.463936,FALSE
29-04-1987 08:00,18.7,0.007,11.30976,FALSE
30-04-1987 08:00,24,0.0055,11.4048,FALSE
01-05-1987 08:00,85.8,0.0095,70.42464,FALSE
02-05-1987 08:00,95.2,0.0124,101.993472,FALSE
04-05-1987 08:00,85.3,0.0109,80.332128,FALSE
05-05-1987 08:00,98.1,0.01,84.7584,FALSE
06-05-1987 08:00,77.6,0.0041,27.489024,FALSE
07-05-1987 08:00,87.5,0.0073,55.188,FALSE
08-05-1987 08:00,87.1,0.0104,78.264576,FALSE
09-05-1987 08:00,65.7,0.0064,36.329472,FALSE
11-05-1987 08:00,86.5,0.0057,42.59952,FALSE
12-05-1987 08:00,77.3,0.005,33.3936,FALSE
13-05-1987 08:00,89.8,0.0059,45.776448,FALSE
14-05-1987 08:00,104.7,0.0124,112.171392,FALSE
15-05-1987 08:00,115.1,0.0114,113.368896,FALSE
16-05-1987 08:00,102.1,0.0111,97.917984,FALSE
18-05-1987 08:00,92.3,0.0072,57.417984,FALSE
19-05-1987 08:00,90,0.0137,106.5312,FALSE
20-05-1987 08:00,102.1,0.0088,77.628672,FALSE
21-05-1987 08:00,98.9,0.0095,81.17712,FALSE
22-05-1987 08:00,127.7,0.0114,125.779392,FALSE
23-05-1987 08:00,116.8,0.0044,44.402688,FALSE
25-05-1987 08:00,58.7,0.0121,61.367328,FALSE
26-05-1987 08:00,57.4,0.0078,38.683008,FALSE
27-05-1987 08:00,77.5,0.0095,63.612,FALSE
28-05-1987 08:00,118,0.011,112.1472,FALSE
30-05-1987 08:00,107.7,0.0086,80.025408,FALSE
01-06-1987 08:30,85.5,0.01,73.872,FALSE
02-06-1987 08:30,128.6,0.017,188.88768,FALSE
03-06-1987 08:30,350,0.081,2449.44,FALSE
04-06-1987 08:30,161,0.033,459.0432,FALSE
05-06-1987 08:30,183.4,0.037,586.29312,FALSE
06-06-1987 08:30,235.6,0.042,854.94528,FALSE
08-06-1987 08:30,126.6,0.011,120.32064,FALSE
09-06-1987 08:30,140.3,0.0123,149.099616,FALSE
10-06-1987 08:30,118.7,0.0084,86.147712,FALSE
11-06-1987 08:30,154.9,0.0111,148.555296,FALSE
13-06-1987 08:30,161.4,0.0134,186.862464,FALSE
15-06-1987 08:30,197.6,0.0101,172.433664,FALSE
16-06-1987 08:30,292.7,0.04,1011.5712,FALSE
17-06-1987 11:30,234.6,0.041,831.04704,FALSE
18-06-1987 08:30,639,0.1512,8347.69152,FALSE
19-06-1987 08:30,295.4,0.064,1633.44384,FALSE
20-06-1987 08:30,261.3,0.03,677.2896,FALSE
22-06-1987 08:00,187.8,0.0084,136.297728,FALSE
23-06-1987 08:30,333.7,0.066,1902.89088,FALSE
24-06-1987 08:30,328.2,0.06,1701.3888,FALSE
25-06-1987 08:30,260.3,0.0244,548.754048,FALSE
26-06-1987 08:30,293.3,0.03,760.2336,FALSE
27-06-1987 08:30,454.5,0.051,2002.7088,FALSE
29-06-1987 08:30,264.9,0.024,549.29664,FALSE
30-06-1987 08:30,274.8,0.018,427.36896,FALSE
01-07-1987 09:00,341,0.027,795.4848,FALSE
02-07-1987 08:45,385,0.029,964.656,FALSE
03-07-1987 08:45,310.4,0.023,616.82688,FALSE
04-07-1987 08:45,271.5,0.011,258.0336,FALSE
06-07-1987 08:45,320,0.024,663.552,FALSE
07-07-1987 08:45,458.6,0.02,792.4608,FALSE
08-07-1987 09:15,564.3,0.031,1511.42112,FALSE
09-07-1987 09:15,570.1,0.042,2068.77888,FALSE
10-07-1987 08:45,507.4,0.025,1095.984,FALSE
11-07-1987 09:00,395.9,0.011,376.26336,FALSE
13-07-1987 08:45,263.1,0.005,113.6592,FALSE
14-07-1987 09:15,252,0.011,239.5008,FALSE
15-07-1987 08:45,281.8,0.015,365.2128,FALSE
16-07-1987 08:30,247.4,0.007,149.62752,FALSE
17-07-1987 08:30,221,0.0064,122.20416,FALSE
18-07-1987 08:45,210.5,0.013,236.4336,FALSE
20-07-1987 08:45,191.3,0.0064,105.781248,FALSE
21-07-1987 10:00,157.2,0.0063,85.567104,FALSE
22-07-1987 08:45,156.7,0.01,135.3888,FALSE
23-07-1987 08:00,145.5,0.008,100.5696,FALSE
24-07-1987 08:45,165.5,0.0067,95.80464,FALSE
25-07-1987 09:45,234.3,0.014,283.40928,FALSE
27-07-1987 08:45,200.9,0.015,260.3664,FALSE
28-07-1987 08:45,138.6,0.011,131.72544,FALSE
29-07-1987 08:45,126.8,0.009,98.59968,FALSE
30-07-1987 09:00,147.5,0.009,114.696,FALSE
31-07-1987 08:45,158.9,0.01,137.2896,FALSE
01-08-1987 08:45,156.9,0.009,122.00544,FALSE
03-08-1987 09:30,124,0.008,85.7088,FALSE
04-08-1987 08:45,146.7,0.011,139.42368,FALSE
05-08-1987 08:45,86.61,0.0094,70.3411776,FALSE
07-08-1987 08:45,139.2,0.0141,169.579008,FALSE
08-08-1987 08:45,134.8,0.008,93.17376,FALSE
10-08-1987 08:45,118.1,0.0073,74.488032,FALSE
11-08-1987 08:45,125.5,0.0054,58.55328,FALSE
12-08-1987 08:45,131.6,0.0074,84.139776,FALSE
13-08-1987 08:45,181.8,0.0107,168.070464,FALSE
14-08-1987 08:45,158.5,0.0094,128.72736,FALSE
17-08-1987 08:45,183.7,0.01,158.7168,FALSE
18-08-1987 08:45,336.7,0.018,523.63584,FALSE
19-08-1987 08:45,512.4,0.0492,2178.150912,FALSE
20-08-1987 11:00,458.5,0.031,1228.0464,FALSE
21-08-1987 08:45,487.3,0.025,1052.568,FALSE
22-08-1987 08:45,477.1,0.023,948.09312,FALSE
24-08-1987 08:45,960.8,0.113,9380.48256,FALSE
25-08-1987 08:45,685.7,0.044,2606.75712,FALSE
26-08-1987 08:45,742.5,0.051,3271.752,FALSE
27-08-1987 08:45,590.1,0.02,1019.6928,FALSE
28-08-1987 08:45,466.4,0.018,725.34528,FALSE
29-08-1987 08:45,448.7,0.013,503.97984,FALSE
31-08-1987 08:45,266.2,0.009,206.99712,FALSE
01-09-1987 08:45,220,0.005,95.04,FALSE
02-09-1987 08:45,185.6,0.009,144.32256,FALSE
03-09-1987 08:45,161.9,0.0063,88.125408,FALSE
04-09-1987 08:45,178.8,0.009,139.03488,FALSE
07-09-1987 08:45,160.8,0.0094,130.595328,FALSE
08-09-1987 08:45,147.2,0.0054,68.677632,FALSE
09-09-1987 08:45,93.25,0.005,40.284,FALSE
10-09-1987 08:45,76.77,0.0054,35.8178112,FALSE
11-09-1987 08:45,72.54,0.004,25.069824,FALSE
12-09-1987 08:45,68.98,0.0044,26.2234368,FALSE
14-09-1987 08:45,66.1,0.0054,30.839616,FALSE
15-09-1987 08:45,100.8,0.008,69.67296,FALSE
16-09-1987 08:45,127.2,0.009,98.91072,FALSE
17-09-1987 09:30,110.7,0.01,95.6448,FALSE
18-09-1987 08:45,160.5,0.024,332.8128,FALSE
19-09-1987 08:45,182,0.012,188.6976,FALSE
21-09-1987 08:45,187,0.015,242.352,FALSE
22-09-1987 08:45,220.8,0.023,438.77376,FALSE
23-09-1987 08:45,135,0.015,174.96,FALSE
25-09-1987 09:00,357.3,0.03062,945.2614464,FALSE
26-09-1987 08:45,249.4,0.025,538.704,FALSE
28-09-1987 08:45,234.7,0.008,162.22464,FALSE
29-09-1987 08:45,225.4,0.03,584.2368,FALSE
30-09-1987 08:45,164.1,0.013,184.31712,FALSE
03-10-1987 08:45,195.2,0.0143,241.173504,FALSE
05-10-1987 08:45,251.7,0.021,456.68448,FALSE
06-10-1987 08:45,240.3,0.028,581.33376,FALSE
07-10-1987 08:45,211.6,0.026,475.33824,FALSE
08-10-1987 08:45,240.9,0.028,582.78528,FALSE
09-10-1987 09:30,261.2,0.025,564.192,FALSE
10-10-1987 08:45,220.5,0.03545,675.36504,FALSE
12-10-1987 08:45,246.5,0.021,447.2496,FALSE
13-10-1987 08:45,222.2,0.0142,272.612736,FALSE
14-10-1987 08:45,208.9,0.0162,292.393152,FALSE
16-10-1987 15:30,207.9,0.043,772.39008,FALSE
17-10-1987 08:45,272.4,0.049,1153.23264,FALSE
19-10-1987 08:45,203.9,0.017,299.48832,FALSE
20-10-1987 08:45,233,0.0202,406.65024,FALSE
21-10-1987 08:45,157.2,0.0212,287.940096,FALSE
23-10-1987 08:45,256.2,0.0182,402.869376,FALSE
24-10-1987 08:45,142.1,0.0134,164.517696,FALSE
26-10-1987 08:45,37.6,0.0084,27.288576,FALSE
27-10-1987 08:45,118.7,0.02,205.1136,FALSE
28-10-1987 08:45,210.6,0.02,363.9168,FALSE
29-10-1987 08:45,135.9,0.021,246.57696,FALSE
30-10-1987 08:45,396,0.05,1710.72,FALSE
03-11-1987 08:00,127.5,0.0184,202.6944,FALSE
04-11-1987 10:45,122.1,0.018,189.88992,FALSE
06-11-1987 08:45,134.6,0.02,232.5888,FALSE
07-11-1987 09:00,105.8,0.016,146.25792,FALSE
09-11-1987 08:45,203.5,0.241,4237.3584,FALSE
10-11-1987 08:45,269,0.0556,1292.23296,FALSE
11-11-1987 08:45,164.7,0.026,369.98208,FALSE
12-11-1987 08:45,118.6,0.0194,198.792576,FALSE
13-11-1987 08:45,128.5,0.013,144.3312,FALSE
14-11-1987 08:45,103.8,0.012,107.61984,FALSE
16-11-1987 08:45,91.79,0.0063,49.9631328,FALSE
17-11-1987 08:45,94.8,0.0032,26.210304,FALSE
18-11-1987 08:45,133.1,0.005,57.4992,FALSE
19-11-1987 08:45,57.51,0.019,94.408416,FALSE
20-11-1987 08:45,414.7,0.0355,1271.96784,FALSE
21-11-1987 09:30,336.6,0.0215,625.26816,FALSE
23-11-1987 09:15,204.4,0.0278,490.952448,FALSE
24-11-1987 09:15,152.4,0.0207,272.564352,FALSE
25-11-1987 08:45,162.8,0.022,309.45024,FALSE
26-11-1987 08:45,145,0.011,137.808,FALSE
27-11-1987 08:45,289.9,0.017,425.80512,FALSE
28-11-1987 09:15,157,0.013,176.3424,FALSE
02-12-1987 08:00,205.3,0.0058,102.879936,FALSE
03-12-1987 08:00,174.2,0.0132,198.671616,FALSE
04-12-1987 08:00,146.6,0.0124,157.061376,FALSE
05-12-1987 08:00,114.1,0.0084,82.809216,FALSE
07-12-1987 08:00,171.5,0.0164,243.00864,FALSE
08-12-1987 08:00,117.4,0.0086,87.232896,FALSE
09-12-1987 08:00,124,0.0087,93.20832,FALSE
10-12-1987 08:00,166.5,0.0217,312.16752,FALSE
11-12-1987 08:00,100.8,0.0144,125.411328,FALSE
14-12-1987 08:00,171.2,0.0164,242.583552,FALSE
15-12-1987 08:00,135.4,0.0164,191.856384,FALSE
16-12-1987 08:00,161.6,0.0088,122.867712,FALSE
17-12-1987 08:00,176.6,0.014,213.61536,FALSE
18-12-1987 08:00,123.6,0.0097,103.586688,FALSE
19-12-1987 08:00,139,0.0128,153.72288,FALSE
21-12-1987 08:00,123.4,0.0058,61.838208,FALSE
22-12-1987 08:00,127.9,0.0104,114.925824,FALSE
23-12-1987 08:00,131.5,0.0067,76.12272,FALSE
26-12-1987 08:00,92.77,0.006,48.091968,FALSE
28-12-1987 08:00,90.76,0.0073,57.2441472,FALSE
29-12-1987 08:00,100.9,0.0073,63.639648,FALSE
30-12-1987 08:00,85.77,0.006,44.463168,FALSE
31-12-1987 08:00,78.15,0.0074,49.965984,FALSE
01-01-1988 08:00,60.73,0.0024,12.5929728,FALSE
02-01-1988 08:00,46.28,0.0044,17.5938048,FALSE
04-01-1988 08:00,54.72,0.0024,11.3467392,FALSE
05-01-1988 08:00,26.64,0.0054,12.4291584,FALSE
06-01-1988 08:00,100.7,0.0067,58.293216,FALSE
07-01-1988 08:00,103.4,0.0067,59.856192,FALSE
08-01-1988 08:00,67.77,0.0057,33.3753696,FALSE
09-01-1988 08:00,90.2,0.0107,83.388096,FALSE
11-01-1988 08:00,86.2,0.0057,42.451776,FALSE
12-01-1988 08:00,51.33,0.0084,37.2532608,FALSE
13-01-1988 08:00,64.27,0.0054,29.9858112,FALSE
14-01-1988 08:00,49.95,0.0034,14.673312,FALSE
15-01-1988 08:00,38.34,0.003,9.937728,FALSE
16-01-1988 08:00,39.6,0.005,17.1072,FALSE
19-01-1988 08:00,29.06,0.005,12.55392,FALSE
20-01-1988 08:00,29.54,0.006,15.313536,FALSE
21-01-1988 08:00,74.09,0.0056,35.8477056,FALSE
23-01-1988 08:00,79.23,0.0036,24.6436992,FALSE
25-01-1988 08:00,55.24,0.0046,21.9545856,FALSE
27-01-1988 08:00,64.71,0.0073,40.8138912,FALSE
28-01-1988 08:00,27.96,0.007,16.910208,FALSE
29-01-1988 08:00,26.52,0.008,18.330624,FALSE
30-01-1988 08:00,31.1,0.005,13.4352,FALSE
01-02-1988 08:00,44.66,0.005,19.29312,FALSE
02-02-1988 08:00,51.73,0.0073,32.6271456,FALSE
03-02-1988 08:00,56.16,0.0083,40.2734592,FALSE
04-02-1988 08:00,57.48,0.0083,41.2200576,FALSE
05-02-1988 08:00,21.09,0.009,16.399584,FALSE
06-02-1988 08:00,27.27,0.008,18.849024,FALSE
08-02-1988 08:00,26.63,0.008,18.406656,FALSE
09-02-1988 08:00,41.38,0.0085,30.389472,FALSE
10-02-1988 08:00,52.8,0.0121,55.199232,FALSE
11-02-1988 08:00,63.02,0.0093,50.6378304,FALSE
12-02-1988 08:00,114.4,0.0118,116.633088,FALSE
13-02-1988 08:00,82.91,0.0096,68.7688704,FALSE
15-02-1988 08:00,28.79,0.005,12.43728,FALSE
17-02-1988 08:00,31.85,0.005,13.7592,FALSE
18-02-1988 08:00,84.24,0.0073,53.1318528,FALSE
19-02-1988 08:00,107.8,0.0078,72.648576,FALSE
20-02-1988 08:00,98.81,0.0073,62.3214432,FALSE
22-02-1988 08:00,81.92,0.0083,58.7464704,FALSE
23-02-1988 08:00,66.17,0.008,45.736704,FALSE
24-02-1988 08:00,25.78,0.0093,20.7147456,FALSE
25-02-1988 08:00,58.65,0.0093,47.126448,FALSE
26-02-1988 08:00,62.97,0.009,48.965472,FALSE
27-02-1988 08:00,46.27,0.006,23.986368,FALSE
29-02-1988 08:00,66.9,0.0101,58.379616,FALSE
01-03-1988 08:00,54.4,0.007,32.90112,FALSE
02-03-1988 08:00,74.34,0.0093,59.7336768,FALSE
04-03-1988 08:00,111.3,0.0096,92.316672,FALSE
05-03-1988 08:00,81.06,0.0107,74.9383488,FALSE
07-03-1988 08:00,52.8,0.0074,33.758208,FALSE
08-03-1988 08:00,78.88,0.0075,51.11424,FALSE
09-03-1988 08:00,35.27,0.008,24.378624,FALSE
10-03-1988 08:00,55.89,0.0064,30.9049344,FALSE
11-03-1988 08:00,57.51,0.006,29.813184,FALSE
12-03-1988 08:00,76.22,0.0048,31.6099584,FALSE
14-03-1988 08:00,86.43,0.0044,32.8572288,FALSE
15-03-1988 08:00,68.51,0.0084,49.7218176,FALSE
16-03-1988 08:00,31.1,0.007,18.80928,FALSE
17-03-1988 08:00,45.26,0.009,35.194176,FALSE
18-03-1988 08:00,86.17,0.0083,61.7942304,FALSE
19-03-1988 08:00,40.49,0.012,41.980032,FALSE
21-03-1988 08:00,85.03,0.0054,39.6715968,FALSE
22-03-1988 08:00,26.2,0.009,20.37312,FALSE
23-03-1988 08:00,58.44,0.01,50.49216,FALSE
24-03-1988 08:00,59.53,0.009,46.290528,FALSE
25-03-1988 08:00,44.9,0.005,19.3968,FALSE
26-03-1988 08:00,44.08,0.006,22.851072,FALSE
28-03-1988 08:00,40.94,0.007,24.760512,FALSE
29-03-1988 08:00,27.87,0.006,14.447808,FALSE
30-03-1988 08:00,23.92,0.008,16.533504,FALSE
02-04-1988 08:00,36.8,0.006,19.07712,FALSE
04-04-1988 08:00,38.46,0.007,23.260608,FALSE
05-04-1988 08:00,39.71,0.008,27.447552,FALSE
06-04-1988 08:00,57.88,0.006,30.004992,FALSE
07-04-1988 08:00,97.1,0.0119,99.834336,FALSE
08-04-1988 08:00,57.34,0.0088,43.5967488,FALSE
09-04-1988 08:00,37.35,0.006,19.36224,FALSE
11-04-1988 08:00,93.86,0.015,121.64256,FALSE
12-04-1988 08:00,76.74,0.01,66.30336,FALSE
13-04-1988 08:00,73.31,0.007,44.337888,FALSE
15-04-1988 08:00,70.23,0.006,36.407232,FALSE
16-04-1988 08:00,89.16,0.0063,48.5315712,FALSE
18-04-1988 08:00,84.22,0.016,116.425728,FALSE
19-04-1988 08:00,88.95,0.009,69.16752,FALSE
20-04-1988 08:00,86,0.017,126.3168,FALSE
21-04-1988 08:00,83.74,0.007,50.645952,FALSE
23-04-1988 08:00,63.53,0.002,10.977984,FALSE
25-04-1988 08:00,32.85,0.0189,53.642736,FALSE
26-04-1988 08:00,50.75,0.0123,53.93304,FALSE
28-04-1988 08:00,91.03,0.0124,97.5259008,FALSE
29-04-1988 08:00,88.36,0.006,45.805824,FALSE
30-04-1988 08:00,88.67,0.003,22.983264,FALSE
02-05-1988 08:30,85.65,0.0113,83.621808,FALSE
03-05-1988 08:30,77.49,0.0097,64.9428192,FALSE
04-05-1988 08:30,79.26,0.0126,86.2856064,FALSE
05-05-1988 08:30,114.2,0.0083,81.895104,FALSE
06-05-1988 08:30,110.5,0.01,95.472,FALSE
07-05-1988 08:30,62.33,0.01,53.85312,FALSE
09-05-1988 08:30,55.38,0.0044,21.0532608,FALSE
10-05-1988 08:30,85.7,0.0156,115.509888,FALSE
11-05-1988 08:30,78.1,0.0117,78.949728,FALSE
12-05-1988 08:30,100.7,0.0087,75.694176,FALSE
13-05-1988 09:00,131.8,0.017,193.58784,FALSE
16-05-1988 08:30,104.8,0.0087,78.776064,FALSE
17-05-1988 08:30,98.9,0.0098,83.740608,FALSE
19-05-1988 08:30,87.26,0.0103,77.6544192,FALSE
20-05-1988 08:30,86.26,0.013,96.887232,FALSE
21-05-1988 08:30,84.08,0.0104,75.5509248,FALSE
23-05-1988 08:30,81.31,0.006,42.151104,FALSE
24-05-1988 08:30,79.82,0.008,55.171584,FALSE
25-05-1988 08:30,96.29,0.0073,60.7320288,FALSE
26-05-1988 08:30,96.9,0.0133,111.349728,FALSE
27-05-1988 08:30,102,0.0067,59.04576,FALSE
28-05-1988 08:30,95.04,0.0115,94.431744,FALSE
31-05-1988 08:30,103.2,0.0257,229.153536,FALSE
01-06-1988 08:45,85.42,0.0074,54.6141312,FALSE
02-06-1988 08:45,93.22,0.0104,83.7637632,FALSE
03-06-1988 08:45,158.2,0.02,273.3696,FALSE
04-06-1988 08:45,175.1,0.04,605.1456,FALSE
06-06-1988 08:45,165.6,0.018,257.54112,FALSE
07-06-1988 08:45,202.9,0.032,560.97792,FALSE
08-06-1988 08:45,453.4,0.12797447,5013.241174,FALSE
09-06-1988 08:45,503.5,0.1135,4937.5224,FALSE
10-06-1988 08:45,417.1,0.071,2558.65824,FALSE
11-06-1988 08:45,415,0.06,2151.36,FALSE
13-06-1988 08:45,197,0.017,289.3536,FALSE
14-06-1988 08:45,153.4,0.016,212.06016,FALSE
15-06-1988 08:45,142.7,0.0074,91.236672,FALSE
16-06-1988 08:45,127.8,0.007,77.29344,FALSE
17-06-1988 08:45,131.4,0.025,283.824,FALSE
18-06-1988 08:45,131.6,0.0104,118.250496,FALSE
20-06-1988 08:45,108.8,0.0083,78.022656,FALSE
21-06-1988 08:45,122.5,0.014,148.176,FALSE
22-06-1988 08:45,110.7,0.0104,99.470592,FALSE
23-06-1988 08:45,108.6,0.0233,218.624832,FALSE
24-06-1988 08:45,117.5,0.011,111.672,FALSE
25-06-1988 08:45,175.7,0.0193,292.983264,FALSE
27-06-1988 08:45,145.6,0.0063,79.252992,FALSE
28-06-1988 08:45,136.2,0.0033,38.833344,FALSE
29-06-1988 08:45,140.4,0.007,84.91392,FALSE
30-06-1988 08:45,143.2,0.0081,100.217088,FALSE
01-07-1988 08:45,264.6,0.041,937.31904,FALSE
02-07-1988 08:45,267,0.027,622.8576,FALSE
04-07-1988 08:45,176.5,0.012,182.9952,FALSE
05-07-1988 08:45,147.8,0.008,102.15936,FALSE
06-07-1988 08:45,145.8,0.006,75.58272,FALSE
07-07-1988 08:45,235,0.019,385.776,FALSE
08-07-1988 08:45,169.7,0.022,322.56576,FALSE
09-07-1988 08:45,298.5,0.072,1856.9088,FALSE
11-07-1988 08:45,292.6,0.042,1061.78688,FALSE
12-07-1988 08:45,256.6,0.037,820.29888,FALSE
13-07-1988 08:45,325.3,0.028,786.96576,FALSE
14-07-1988 08:45,236.4,0.009,183.82464,FALSE
15-07-1988 08:45,249.6,0.014,301.91616,FALSE
16-07-1988 08:45,307.6,0.019,504.95616,FALSE
18-07-1988 08:45,1421,0.31450805,38613.53713,FALSE
19-07-1988 08:45,1017,0.08317,7308.048096,FALSE
20-07-1988 08:45,631,0.0427,2327.93568,FALSE
21-07-1988 08:45,543.2,0.0215,1009.04832,FALSE
22-07-1988 08:45,516.2,0.0378,1685.867904,FALSE
23-07-1988 08:45,483.9,0.019,794.37024,FALSE
27-07-1988 08:45,366,0.02,632.448,FALSE
28-07-1988 08:45,372.9,0.018,579.93408,FALSE
29-07-1988 08:45,280.3,0.01,242.1792,FALSE
30-07-1988 08:45,241.9,0.0153,319.772448,FALSE
01-08-1988 08:45,183.7,0.0103,163.478304,FALSE
02-08-1988 08:45,192.5,0.0064,106.4448,FALSE
03-08-1988 08:45,204.8,0.0053,93.782016,FALSE
06-08-1988 08:45,572.4,0.026,1285.83936,FALSE
08-08-1988 08:45,353.1,0.0174,530.836416,FALSE
09-08-1988 08:45,306.8,0.009,238.56768,FALSE
10-08-1988 08:45,240.2,0.008,166.02624,FALSE
11-08-1988 08:45,238.7,0.01,206.2368,FALSE
13-08-1988 08:45,183.2,0.0074,117.130752,FALSE
16-08-1988 08:45,190.3,0.011,180.86112,FALSE
17-08-1988 08:45,586.7,0.035,1774.1808,FALSE
18-08-1988 08:45,379.8,0.022,721.92384,FALSE
19-08-1988 08:45,361.3,0.01,312.1632,FALSE
20-08-1988 08:45,374.8,0.022,712.41984,FALSE
22-08-1988 08:45,281.6,0.016,389.28384,FALSE
24-08-1988 08:45,1251,0.171,18482.7744,FALSE
25-08-1988 08:45,374.7,0.021,679.85568,FALSE
29-08-1988 08:45,448,0.035,1354.752,FALSE
30-08-1988 08:45,735.5,0.054,3431.5488,FALSE
31-08-1988 08:45,378.9,0.034,1113.05664,FALSE
01-09-1988 08:45,394.9,0.018,614.14848,FALSE
02-09-1988 08:45,419,0.019,687.8304,FALSE
03-09-1988 08:45,1236,0.13866821,14808.43361,FALSE
05-09-1988 08:45,347,0.013,389.7504,FALSE
06-09-1988 08:45,890.1,0.08,6152.3712,FALSE
07-09-1988 08:45,435.3,0.026,977.85792,FALSE
08-09-1988 08:45,382.4,0.02,660.7872,FALSE
09-09-1988 08:45,234.6,0.02,405.3888,FALSE
10-09-1988 08:45,471.4,0.11,4480.1856,FALSE
13-09-1988 08:45,524.2,0.043,1947.50784,FALSE
14-09-1988 08:45,609.1,0.0985,5183.68464,FALSE
16-09-1988 08:45,477.2,0.0518,2135.718144,FALSE
17-09-1988 08:45,583,0.024,1208.9088,FALSE
19-09-1988 08:45,606.5,0.02901,1520.170416,FALSE
20-09-1988 08:45,704.8,0.04,2435.7888,FALSE
21-09-1988 08:45,544,0.019,893.0304,FALSE
22-09-1988 08:45,634.8,0.025,1371.168,FALSE
23-09-1988 08:45,398.6,0.022,757.65888,FALSE
24-09-1988 08:45,342.2,0.012,354.79296,FALSE
26-09-1988 08:45,515.6,0.018,801.86112,FALSE
27-09-1988 08:45,359.2,0.019,589.66272,FALSE
28-09-1988 08:45,327.1,0.015,423.9216,FALSE
29-09-1988 08:45,311.9,0.009,242.53344,FALSE
30-09-1988 08:45,278.5,0.007,168.4368,FALSE
01-10-1988 08:45,289.6,0.006,150.12864,FALSE
03-10-1988 08:45,237.9,0.0106,217.878336,FALSE
04-10-1988 08:45,239.4,0.0094173,194.78894,FALSE
05-10-1988 08:45,249,0.0116,249.55776,FALSE
06-10-1988 08:45,231.9,0.009,180.32544,FALSE
13-10-1988 08:45,155.7,0.0084,113.000832,FALSE
15-10-1988 08:45,158.2,0.01,136.6848,FALSE
18-10-1988 08:45,148,0.007,89.5104,FALSE
19-10-1988 08:45,143.6,0.0074,91.812096,FALSE
21-10-1988 08:45,143.8,0.008,99.39456,FALSE
22-10-1988 08:45,132.2,0.0064,73.101312,FALSE
24-10-1988 08:45,128.6,0.008,88.88832,FALSE
26-10-1988 08:45,128.8,0.0083,92.365056,FALSE
27-10-1988 08:45,112.5,0.0083,80.676,FALSE
28-10-1988 08:45,100.4,0.0053,45.975168,FALSE
29-10-1988 08:45,124.9,0.0053,57.194208,FALSE
31-10-1988 08:45,159.2,0.011,151.30368,FALSE
01-11-1988 08:45,153.9,0.013,172.86048,FALSE
02-11-1988 08:45,140.7,0.013,158.03424,FALSE
03-11-1988 08:45,121.9,0.011,115.85376,FALSE
04-11-1988 08:45,163.2,0.01,141.0048,FALSE
05-11-1988 08:45,132.6,0.0114,130.605696,FALSE
07-11-1988 08:45,118.6,0.0094,96.322176,FALSE
09-11-1988 08:45,118.7,0.01554,159.3732672,FALSE
10-11-1988 08:45,81.13,0.0113,79.2088416,FALSE
11-11-1988 08:45,106.1,0.0119,109.087776,FALSE
12-11-1988 08:45,108.2,0.009,84.13632,FALSE
15-11-1988 08:45,108.5,0.011,103.1184,FALSE
16-11-1988 08:45,84.92,0.013,95.382144,FALSE
17-11-1988 08:45,106.8,0.017,156.86784,FALSE
18-11-1988 08:45,96.66,0.0133,111.0739392,FALSE
19-11-1988 08:30,85.3,0.0094,69.277248,FALSE
21-11-1988 08:45,72.34,0.0134,83.7523584,FALSE
22-11-1988 08:45,96.35,0.0123,102.393072,FALSE
24-11-1988 08:45,46.34,0.012,48.045312,FALSE
25-11-1988 08:45,59.11,0.0103,52.6031712,FALSE
26-11-1988 08:45,65.7,0.0094,53.358912,FALSE
28-11-1988 08:45,81.38,0.0123,86.4841536,FALSE
29-11-1988 08:45,63.57,0.0113,62.0646624,FALSE
30-11-1988 08:45,64.97,0.0084,47.1526272,FALSE
01-12-1988 08:45,46.8,0.012,48.52224,FALSE
02-12-1988 08:45,37.06,0.012,38.423808,FALSE
03-12-1988 08:45,43.1,0.008,29.79072,FALSE
06-12-1988 08:45,44.95,0.008,31.06944,FALSE
07-12-1988 08:45,58.45,0.006,30.30048,FALSE
08-12-1988 08:45,70.87,0.00748994,45.86216093,FALSE
14-12-1988 08:45,49.45,0.007,29.90736,FALSE
15-12-1988 08:45,39.45,0.01,34.0848,FALSE
16-12-1988 08:45,40.23,0.006,20.855232,FALSE
17-12-1988 08:45,49.45,0.006,25.63488,FALSE
19-12-1988 08:45,50.92,0.007,30.796416,FALSE
20-12-1988 08:45,32.62,0.008,22.546944,FALSE
22-12-1988 08:45,37.83,0.006,19.611072,FALSE
26-12-1988 08:45,36.11,0.008,24.959232,FALSE
27-12-1988 08:45,29.43,0.005,12.71376,FALSE
29-12-1988 08:45,22.66,0.005,9.78912,FALSE
02-01-1989 08:45,24.62,0.005,10.63584,FALSE
03-01-1989 08:45,22.31,0.006,11.565504,FALSE
04-01-1989 08:45,21.96,0.007,13.281408,FALSE
05-01-1989 08:45,19.2,0.008,13.27104,FALSE
06-01-1989 08:45,22.58,0.0102,19.8993024,FALSE
07-01-1989 08:45,23.95,0.0114,23.589792,FALSE
09-01-1989 08:45,37.54,0.008,25.947648,FALSE
10-01-1989 08:45,35.69,0.008,24.668928,FALSE
11-01-1989 08:45,29.28,0.01,25.29792,FALSE
12-01-1989 08:45,27.82,0.012,28.843776,FALSE
13-01-1989 08:45,26.09,0.008,18.033408,FALSE
14-01-1989 08:45,29.51,0.009,22.946976,FALSE
16-01-1989 08:45,29.8,0.013,33.47136,FALSE
17-01-1989 08:45,21.62,0.014,26.151552,FALSE
18-01-1989 08:45,19.98,0.014,24.167808,FALSE
19-01-1989 08:45,20.3,0.013,22.80096,FALSE
20-01-1989 08:45,23.55,0.014,28.48608,FALSE
21-01-1989 08:45,25.42,0.016,35.140608,FALSE
23-01-1989 08:45,36.2,0.016,50.04288,FALSE
24-01-1989 08:45,20.83,0.014,25.195968,FALSE
25-01-1989 08:45,28.68,0.014,34.691328,FALSE
27-01-1989 08:45,29.2,0.0135,34.05888,FALSE
28-01-1989 08:45,29.13,0.01,25.16832,FALSE
30-01-1989 08:00,14.89,0.012,15.437952,FALSE
31-01-1989 08:00,16.17,0.012,16.765056,FALSE
01-02-1989 08:45,16.87,0.017,24.778656,FALSE
02-02-1989 08:45,15.63,0.013,17.555616,FALSE
03-02-1989 08:45,17.7,0.011,16.82208,FALSE
04-02-1989 08:45,20.18,0.0147,25.6302144,FALSE
06-02-1989 08:45,11.83,0.01,10.22112,FALSE
07-02-1989 08:45,20.78,0.011,19.749312,FALSE
08-02-1989 08:45,25.2,0.011,23.95008,FALSE
10-02-1989 08:45,23.11,0.008,15.973632,FALSE
11-02-1989 08:45,25,0.008,17.28,FALSE
13-02-1989 08:45,28.77,0.008,19.885824,FALSE
14-02-1989 08:45,24.03,0.01,20.76192,FALSE
15-02-1989 08:45,24.55,0.008,16.96896,FALSE
16-02-1989 08:45,24.51,0.008,16.941312,FALSE
17-02-1989 08:45,27.37,0.01,23.64768,FALSE
18-02-1989 08:45,29.11,0.007,17.605728,FALSE
20-02-1989 08:45,22.02,0.011628,22.12259558,FALSE
21-02-1989 08:45,21.91,0.0116,21.9590784,FALSE
22-02-1989 08:45,26.03,0.01,22.48992,FALSE
23-02-1989 08:45,25.96,0.008,17.943552,FALSE
24-02-1989 08:45,29.89,0.008,20.659968,FALSE
25-02-1989 08:45,34.85,0.0083,24.991632,FALSE
27-02-1989 08:45,24.53,0.008,16.955136,FALSE
28-02-1989 08:45,20.6,0.009,16.01856,FALSE
01-03-1989 08:45,18.94,0.009,14.727744,FALSE
02-03-1989 08:45,20.16,0.009,15.676416,FALSE
03-03-1989 08:45,21.33,0.01,18.42912,FALSE
04-03-1989 08:45,22.97,0.009,17.861472,FALSE
07-03-1989 08:45,20.23,0.011,19.226592,FALSE
08-03-1989 08:45,19.5,0.007,11.7936,FALSE
09-03-1989 08:45,21.3,0.009,16.56288,FALSE
10-03-1989 08:45,26.86,0.011,25.527744,FALSE
11-03-1989 08:45,23.65,0.01,20.4336,FALSE
13-03-1989 08:45,27.16,0.007,16.426368,FALSE
14-03-1989 08:45,26.56,0.009,20.653056,FALSE
15-03-1989 08:45,26.66,0.007,16.123968,FALSE
16-03-1989 08:45,22.46,0.008,15.524352,FALSE
17-03-1989 08:45,22.6,0.007,13.66848,FALSE
18-03-1989 08:45,20.79,0.007,12.573792,FALSE
21-03-1989 08:45,99.77,0.019,163.782432,FALSE
22-03-1989 08:45,80.88,0.01,69.88032,FALSE
23-03-1989 08:45,58.5,0.008,40.4352,FALSE
25-03-1989 08:45,56.4,0.007,34.11072,FALSE
27-03-1989 08:45,74.13,0.01109,71.02958688,FALSE
28-03-1989 08:45,15.36,0.009,11.943936,FALSE
29-03-1989 08:45,51.02,0.008,35.265024,FALSE
30-03-1989 08:45,48.42,0.009,37.651392,FALSE
31-03-1989 08:45,24.59,0.007,14.872032,FALSE
03-04-1989 08:30,69.42,0.006,35.987328,FALSE
04-04-1989 08:30,99.93,0.01,86.33952,FALSE
05-04-1989 08:30,112,0.012,116.1216,FALSE
06-04-1989 08:30,83.86,0.008,57.964032,FALSE
07-04-1989 08:30,56.62,0.006,29.351808,FALSE
08-04-1989 08:30,58.53,0.008,40.455936,FALSE
10-04-1989 08:30,67.47,0.009,52.464672,FALSE
11-04-1989 08:30,60.65,0.007,36.68112,FALSE
12-04-1989 08:30,64.49,0.007,39.003552,FALSE
13-04-1989 08:30,63.82,0.008,44.112384,FALSE
15-04-1989 08:30,72,0.009,55.9872,FALSE
17-04-1989 08:30,63.44,0.006,32.887296,FALSE
20-04-1989 08:30,115.5,0.0148,147.69216,FALSE
21-04-1989 08:30,76.02,0.007,45.976896,FALSE
22-04-1989 08:30,154.3,0.01825,243.30024,FALSE
25-04-1989 08:30,83.16,0.009,64.665216,FALSE
26-04-1989 08:30,82.77,0.008,57.210624,FALSE
27-04-1989 08:30,83.54,0.01,72.17856,FALSE
28-04-1989 08:30,80.8,0.011,76.79232,FALSE
29-04-1989 08:30,90.01,0.011,85.545504,FALSE
01-05-1989 08:30,84.44,0.011,80.251776,FALSE
02-05-1989 08:30,62.47,0.008,43.179264,FALSE
03-05-1989 08:30,79.16,0.008,54.715392,FALSE
04-05-1989 08:30,99.61,0.011,94.669344,FALSE
05-05-1989 08:30,91.67,0.01,79.20288,FALSE
06-05-1989 08:30,72.68,0.009,56.515968,FALSE
09-05-1989 08:30,88.8,0.0112,85.929984,FALSE
10-05-1989 08:30,113,0.0126,123.01632,FALSE
11-05-1989 08:30,84.22,0.01,72.76608,FALSE
12-05-1989 08:30,185.5,0.0144,230.79168,FALSE
13-05-1989 08:30,86.48,0.0113,84.4321536,FALSE
15-05-1989 08:30,93.08,0.0083,66.7495296,FALSE
16-05-1989 08:30,100,0.008,69.12,FALSE
17-05-1989 08:30,103.9,0.007,62.83872,FALSE
18-05-1989 08:30,95.18,0.008,65.788416,FALSE
19-05-1989 08:30,86.37,0.006,44.774208,FALSE
22-05-1989 08:30,105.8,0.0154,140.773248,FALSE
23-05-1989 08:30,99.37,0.0164,140.8033152,FALSE
24-05-1989 08:30,102.9,0.0104,92.461824,FALSE
25-05-1989 08:30,124.2,0.0154,165.255552,FALSE
26-05-1989 08:30,112,0.0104,100.63872,FALSE
27-05-1989 08:30,108,0.0094,87.71328,FALSE
29-05-1989 08:30,109.6,0.0074,70.073856,FALSE
30-05-1989 08:30,109.3,0.0134,126.543168,FALSE
31-05-1989 08:30,122.2,0.0084,88.687872,FALSE
01-06-1989 08:00,100.4,0.0064,55.517184,FALSE
02-06-1989 08:00,112.6,0.0091,88.530624,FALSE
03-06-1989 08:00,118.2,0.011,112.33728,FALSE
05-06-1989 08:00,142.7,0.022,271.24416,FALSE
07-06-1989 08:00,232.2,0.029,581.80032,FALSE
08-06-1989 08:00,178.6,0.02,308.6208,FALSE
09-06-1989 08:00,224.9,0.03,582.9408,FALSE
10-06-1989 08:00,195.8,0.018,304.50816,FALSE
12-06-1989 08:00,288.2,0.046,1145.42208,FALSE
13-06-1989 08:00,434.7,0.094,3530.45952,FALSE
14-06-1989 08:00,959.2,0.26,21547.4688,FALSE
15-06-1989 08:00,509.8,0.072,3171.36384,FALSE
16-06-1989 08:00,537,0.051,2366.2368,FALSE
17-06-1989 08:00,327.2,0.033,932.91264,FALSE
19-06-1989 08:00,248.5,0.025,536.76,FALSE
20-06-1989 08:00,275.9,0.028,667.45728,FALSE
21-06-1989 08:00,515.4,0.109,4853.83104,FALSE
22-06-1989 08:00,668.2,0.09,5195.9232,FALSE
23-06-1989 08:00,847.1,0.1395,10209.92688,FALSE
24-06-1989 08:00,698.1,0.0666,4017.034944,FALSE
26-06-1989 08:00,483.1,0.052,2170.47168,FALSE
27-06-1989 08:00,440.8,0.029,1104.46848,FALSE
28-06-1989 08:00,374.8,0.022,712.41984,FALSE
29-06-1989 08:00,355,0.022,674.784,FALSE
30-06-1989 08:00,272.8,0.017,400.68864,FALSE
01-07-1989 08:00,257.7,0.0143,318.393504,FALSE
03-07-1989 08:00,71.53,0.0063,38.9352096,FALSE
04-07-1989 08:00,145.8,0.0052,65.505024,FALSE
05-07-1989 08:00,144.3,0.0072,89.766144,FALSE
06-07-1989 08:00,252.1,0.0134,291.871296,FALSE
07-07-1989 08:00,524,0.0693,3137.46048,FALSE
08-07-1989 08:00,701.3,0.0812,4920.096384,FALSE
10-07-1989 08:00,389,0.0184,618.41664,FALSE
11-07-1989 09:00,477.9,0.01925,794.84328,FALSE
12-07-1989 09:00,508.3,0.0542,2380.307904,FALSE
13-07-1989 08:00,486.2,0.0224,940.972032,FALSE
15-07-1989 08:00,290.3,0.0084,210.688128,FALSE
17-07-1989 08:00,801.6,0.0603,4176.271872,FALSE
18-07-1989 10:00,1067,0.0914,8426.05632,FALSE
19-07-1989 08:30,787.2,0.0324,2203.656192,FALSE
20-07-1989 08:00,868.3,0.0383,2873.308896,FALSE
21-07-1989 10:00,1150,0.1063,10561.968,FALSE
22-07-1989 12:00,1650,0.3312,47215.872,FALSE
23-07-1989 09:30,2398,0.4064,84200.87808,FALSE
25-07-1989 09:30,2426,0.27838,58350.22963,FALSE
27-07-1989 09:15,1892,0.1343,21953.85984,FALSE
28-07-1989 08:00,891.5,0.0553,4259.51568,FALSE
29-07-1989 08:00,760.7,0.0474,3115.340352,FALSE
31-07-1989 08:00,343.5,0.0213,632.14992,FALSE
02-08-1989 08:00,182.6,0.011,173.54304,FALSE
03-08-1989 08:00,242.7,0.009,188.72352,FALSE
04-08-1989 08:00,159,0.007,96.1632,FALSE
05-08-1989 08:00,615.6,0.031,1648.82304,FALSE
07-08-1989 08:00,332.4,0.012,344.63232,FALSE
08-08-1989 08:00,282,0.01,243.648,FALSE
09-08-1989 08:00,238.8,0.008,165.05856,FALSE
10-08-1989 08:00,243.1,0.007,147.02688,FALSE
11-08-1989 08:00,326.2,0.013,366.38784,FALSE
12-08-1989 08:00,280,0.007,169.344,FALSE
14-08-1989 08:00,191.6,0.006,99.32544,FALSE
17-08-1989 08:00,544.4,0.01994,937.9010304,FALSE
18-08-1989 08:00,771.3,0.038,2532.33216,FALSE
19-08-1989 08:00,704.6,0.036,2191.58784,FALSE
21-08-1989 08:00,445.2,0.012,461.58336,FALSE
22-08-1989 08:00,384.2,0.007,232.36416,FALSE
23-08-1989 08:00,302.6,0.007,183.01248,FALSE
24-08-1989 08:00,337.7,0.01,291.7728,FALSE
25-08-1989 08:00,338.5,0.005,146.232,FALSE
26-08-1989 08:00,251.5,0.006,130.3776,FALSE
28-08-1989 08:00,199,0.006,103.1616,FALSE
29-08-1989 08:00,189.2,0.007,114.42816,FALSE
31-08-1989 08:00,171.1,0.007,103.48128,FALSE
01-09-1989 08:00,409.7,0.009,318.58272,FALSE
02-09-1989 08:00,191.2,0.014,231.27552,FALSE
04-09-1989 08:00,321.4,0.036,999.68256,FALSE
05-09-1989 08:00,294.6,0.037,941.77728,FALSE
06-09-1989 08:00,234.6,0.022,445.92768,FALSE
07-09-1989 08:00,205.8,0.012,213.37344,FALSE
08-09-1989 08:00,221.2,0.009,172.00512,FALSE
09-09-1989 08:00,183.3,0.011,174.20832,FALSE
11-09-1989 08:00,166.5,0.009,129.4704,FALSE
14-09-1989 08:00,359,0.024,744.4224,FALSE
15-09-1989 08:00,266.8,0.01,230.5152,FALSE
16-09-1989 08:00,427.5,0.02,738.72,FALSE
18-09-1989 08:00,340.7,0.023,677.03904,FALSE
19-09-1989 08:00,1043,0.1104,9948.71808,FALSE
22-09-1989 08:00,681,0.025,1470.96,FALSE
23-09-1989 08:00,611.2,0.015,792.1152,FALSE
25-09-1989 08:00,463.1,0.026,1040.30784,FALSE
26-09-1989 08:00,388.6,0.036,1208.70144,FALSE
27-09-1989 08:00,453.4,0.02,783.4752,FALSE
28-09-1989 08:00,378.8,0.017,556.38144,FALSE
29-09-1989 08:00,393.1,0.014,475.49376,FALSE
30-09-1989 08:00,322,0.01097,305.194176,FALSE
03-10-1989 08:00,244.4,0.009,190.04544,FALSE
04-10-1989 08:00,234,0.01,202.176,FALSE
06-10-1989 08:00,318,0.018,494.5536,FALSE
07-10-1989 08:00,396.9,0.032,1097.34912,FALSE
09-10-1989 08:00,604.1,0.0356,1858.114944,FALSE
11-10-1989 08:00,343.2,0.013,385.48224,FALSE
12-10-1989 08:00,304,0.007,183.8592,FALSE
13-10-1989 08:00,332.2,0.019,545.33952,FALSE
14-10-1989 08:00,380,0.034,1116.288,FALSE
16-10-1989 08:00,256.7,0.022,487.93536,FALSE
17-10-1989 08:00,281.2,0.025,607.392,FALSE
18-10-1989 08:00,384.4,0.087,2889.45792,FALSE
19-10-1989 08:00,250,0.078,1684.8,FALSE
20-10-1989 08:00,455.9,0.08437,3323.314051,FALSE
21-10-1989 08:00,505.1,0.047,2051.11008,FALSE
23-10-1989 08:00,496.2,0.027,1157.53536,FALSE
24-10-1989 08:00,328.5,0.019,539.2656,FALSE
25-10-1989 08:00,231.9,0.013,260.47008,FALSE
26-10-1989 08:00,448.7,0.021,814.12128,FALSE
27-10-1989 08:00,242.3,0.024,502.43328,FALSE
30-10-1989 08:00,250.3,0.02,432.5184,FALSE
31-10-1989 08:00,256,0.019,420.2496,FALSE
01-11-1989 08:00,305,0.02838,747.86976,FALSE
02-11-1989 08:00,259,0.026,581.8176,FALSE
03-11-1989 08:00,227.5,0.013,255.528,FALSE
04-11-1989 08:00,237.7,0.0123,252.608544,FALSE
06-11-1989 09:45,236.2,0.022,448.96896,FALSE
07-11-1989 09:00,206.4,0.0234,417.291264,FALSE
08-11-1989 08:00,165.3,0.033,471.30336,FALSE
09-11-1989 08:00,153.8,0.0104,138.198528,FALSE
10-11-1989 08:00,172.3,0.011,163.75392,FALSE
11-11-1989 08:00,178.4,0.014,215.79264,FALSE
15-11-1989 08:00,198.9,0.022,378.06912,FALSE
16-11-1989 08:00,166,0.0114,163.50336,FALSE
17-11-1989 08:00,136.5,0.011,129.7296,FALSE
18-11-1989 08:00,162.9,0.011,154.82016,FALSE
20-11-1989 08:00,185.9,0.011,176.67936,FALSE
21-11-1989 08:00,147.3,0.011,139.99392,FALSE
23-11-1989 08:00,119.2,0.01,102.9888,FALSE
24-11-1989 08:00,119.1,0.012,123.48288,FALSE
25-11-1989 08:00,130.5,0.01,112.752,FALSE
27-11-1989 08:00,91.26,0.008,63.078912,FALSE
28-11-1989 08:00,89.61,0.006,46.453824,FALSE
30-11-1989 08:00,95.91,0.0064,53.0343936,FALSE
01-12-1989 08:00,103.5,0.0084,75.11616,FALSE
02-12-1989 08:00,126.7,0.0065,71.15472,FALSE
04-12-1989 08:00,90.57,0.0053,41.4738144,FALSE
05-12-1989 08:00,110.2,0.0065,61.88832,FALSE
06-12-1989 08:00,102.2,0.0065,57.39552,FALSE
07-12-1989 08:00,97.4,0.0064,53.858304,FALSE
08-12-1989 08:00,85.69,0.0075,55.52712,FALSE
09-12-1989 08:00,89.47,0.006,46.381248,FALSE
11-12-1989 08:00,69.54,0.0062,37.2511872,FALSE
12-12-1989 08:00,106.6,0.006,55.26144,FALSE
13-12-1989 08:00,43.62,0.0047,17.7132096,FALSE
14-12-1989 08:00,69.97,0.0111,67.1040288,FALSE
15-12-1989 08:00,39.98,0.0056,19.3439232,FALSE
16-12-1989 08:00,54.18,0.0195,91.282464,FALSE
19-12-1989 08:00,19.94,0.0075,12.92112,FALSE
20-12-1989 08:00,10.5,0.0066,5.98752,FALSE
21-12-1989 08:00,43.59,0.0097,36.5319072,FALSE
22-12-1989 08:00,48.08,0.0106,44.0335872,FALSE
29-12-1989 08:00,50.37,0.0067,29.1581856,FALSE
30-12-1989 08:00,62.58,0.0095,51.365664,FALSE
01-01-1990 08:00,51.65,0.0079,35.254224,FALSE
02-01-1990 08:00,63.73,0.0062,34.1388864,FALSE
03-01-1990 08:00,68.61,0.0081,48.0160224,FALSE
05-01-1990 08:00,48.95,0.0079,33.411312,FALSE
06-01-1990 08:00,84.92,0.007,51.359616,FALSE
08-01-1990 08:00,79.82,0.0092,63.4473216,FALSE
09-01-1990 08:00,68.6,0.0058,34.376832,FALSE
10-01-1990 08:00,84.48,0.0083,60.5822976,FALSE
11-01-1990 08:00,102.8,0.0065,57.73248,FALSE
12-01-1990 08:00,110.6,0.0087,83.135808,FALSE
13-01-1990 08:00,110.5,0.0095,90.6984,FALSE
15-01-1990 08:00,96.62,0.0079,65.9489472,FALSE
16-01-1990 08:00,80.01,0.005,34.56432,FALSE
17-01-1990 08:00,60.07,0.0087,45.1534176,FALSE
18-01-1990 08:00,116.7,0.0076,76.629888,FALSE
19-01-1990 08:00,100,0.0087,75.168,FALSE
20-01-1990 08:00,99.65,0.0085,73.18296,FALSE
22-01-1990 08:00,19.93,0.0071,12.2258592,FALSE
23-01-1990 08:00,86.27,0.0066,49.1946048,FALSE
24-01-1990 08:00,58.53,0.0086,43.4901312,FALSE
25-01-1990 08:00,69.71,0.0062,37.3422528,FALSE
27-01-1990 08:00,56.47,0.0051,24.8829408,FALSE
29-01-1990 08:00,33.5,0.0033,9.55152,FALSE
30-01-1990 08:00,48.67,0.0057,23.9690016,FALSE
31-01-1990 08:00,42.86,0.0064,23.6998656,FALSE
01-02-1990 08:00,72.99,0.0062,39.0992832,FALSE
02-02-1990 08:00,85.36,0.0056,41.3005824,FALSE
03-02-1990 08:00,75.56,0.0091,59.4082944,FALSE
05-02-1990 08:00,32.62,0.0077,21.7014336,FALSE
06-02-1990 08:00,58.71,0.0047,23.8409568,FALSE
07-02-1990 08:00,72.07,0.0062,38.6064576,FALSE
08-02-1990 08:00,28.07,0.005,12.12624,FALSE
09-02-1990 08:00,83.62,0.0083,59.9655744,FALSE
10-02-1990 08:00,76.89,0.0072,47.8317312,FALSE
12-02-1990 08:00,74.13,0.0052,33.3051264,FALSE
13-02-1990 08:00,29.31,0.0066,16.7137344,FALSE
14-02-1990 08:00,28.04,0.0063,15.2627328,FALSE
15-02-1990 08:00,44.33,0.0049,18.7675488,FALSE
16-02-1990 08:00,43.03,0.0062,23.0503104,FALSE
17-02-1990 08:00,73.2,0.0076,48.066048,FALSE
19-02-1990 08:00,42.76,0.0037,13.6695168,FALSE
20-02-1990 08:00,25.34,0.0052,11.3847552,FALSE
21-02-1990 08:00,36.42,0.0083,26.1175104,FALSE
22-02-1990 08:00,57.18,0.0058,28.6540416,FALSE
24-02-1990 08:00,48.86,0.0037,15.6195648,FALSE
26-02-1990 08:00,21.18,0.0065,11.894688,FALSE
27-02-1990 08:00,19.65,0.0068,11.544768,FALSE
28-02-1990 08:00,19.09,0.0086,14.1846336,FALSE
01-03-1990 08:00,28.64,0.0053,13.1148288,FALSE
02-03-1990 08:00,24.06,0.0072,14.9672448,FALSE
03-03-1990 08:00,27.08,0.0059,13.8043008,FALSE
05-03-1990 08:00,25.65,0.006,13.29696,FALSE
06-03-1990 08:00,29.04,0.0076,19.0688256,FALSE
07-03-1990 08:00,40.4,0.0067,23.386752,FALSE
08-03-1990 08:00,35.32,0.0064,19.5305472,FALSE
09-03-1990 08:00,28.01,0.0061,14.7623904,FALSE
10-03-1990 08:00,29.82,0.0082,21.1268736,FALSE
12-03-1990 08:00,42.4,0.0057,20.881152,FALSE
13-03-1990 08:00,31.81,0.0038,10.4438592,FALSE
14-03-1990 08:00,41.19,0.0076,27.0470016,FALSE
15-03-1990 08:00,51.24,0.0095,42.057792,FALSE
16-03-1990 08:00,51.62,0.0081,36.1257408,FALSE
17-03-1990 08:00,56.22,0.008,38.859264,FALSE
19-03-1990 08:00,40.2,0.0098,34.038144,FALSE
20-03-1990 08:00,48.34,0.0084,35.0832384,FALSE
21-03-1990 08:00,33.86,0.0066,19.3083264,FALSE
22-03-1990 08:00,35.52,0.0096,29.4617088,FALSE
23-03-1990 08:00,37.79,0.0076,24.8144256,FALSE
24-03-1990 08:00,44.19,0.0068,25.9625088,FALSE
26-03-1990 08:00,47.9,0.0074,30.625344,FALSE
27-03-1990 08:00,48.96,0.0093,39.3403392,FALSE
28-03-1990 08:00,36.06,0.0068,21.1859712,FALSE
29-03-1990 08:00,33.25,0.0087,24.99336,FALSE
30-03-1990 08:00,39.88,0.0065,22.396608,FALSE
31-03-1990 08:00,40.23,0.007,24.331104,FALSE
02-04-1990 08:00,49.94,0.0068,29.3407488,FALSE
03-04-1990 08:00,54.23,0.0069,32.3297568,FALSE
04-04-1990 08:00,32.55,0.0074,20.811168,FALSE
05-04-1990 08:00,44.44,0.0087,33.4046592,FALSE
06-04-1990 08:00,42.91,0.0022,8.1563328,FALSE
09-04-1990 08:00,43.73,0.0096,36.2714112,FALSE
10-04-1990 08:00,44.93,0.0092,35.7139584,FALSE
11-04-1990 08:00,46.05,0.0092,36.604224,FALSE
12-04-1990 08:00,50.72,0.0101,44.2603008,FALSE
16-04-1990 08:00,53.12,0.0099,45.4367232,FALSE
17-04-1990 08:00,58.79,0.0051,25.9052256,FALSE
18-04-1990 08:00,51.2,0.0114,50.429952,FALSE
19-04-1990 08:00,40.13,0.013,45.074016,FALSE
20-04-1990 08:00,51.71,0.0101,45.1242144,FALSE
21-04-1990 08:00,68.44,0.0097,57.3581952,FALSE
23-04-1990 08:00,57.18,0.0104,51.3796608,FALSE
24-04-1990 08:00,94.3,0.0125,101.844,FALSE
25-04-1990 08:00,64.71,0.0072,40.2547968,FALSE
26-04-1990 08:00,84.18,0.0103,74.9134656,FALSE
28-04-1990 08:00,86.1,0.0118,87.780672,FALSE
30-04-1990 08:00,67.83,0.0119,69.7400928,FALSE
03-05-1990 08:00,129.4,0.0103,115.155648,FALSE
04-05-1990 08:00,103.9,0.0094,84.383424,FALSE
05-05-1990 08:00,124.1,0.0113,121.161312,FALSE
07-05-1990 08:00,57.34,0.0082,40.6242432,FALSE
08-05-1990 08:00,54.81,0.0106,50.1971904,FALSE
12-05-1990 08:00,103.2,0.0113,100.756224,FALSE
14-05-1990 08:00,113,0.011,107.3952,FALSE
15-05-1990 08:00,95.91,0.0079,65.4643296,FALSE
16-05-1990 08:00,79.49,0.0081,55.6302816,FALSE
17-05-1990 08:00,83.66,0.0079,57.1029696,FALSE
19-05-1990 08:00,82.42,0.0061,43.4386368,FALSE
24-05-1990 08:00,128.5,0.0092,102.14208,FALSE
28-05-1990 08:00,212,0.0299,547.67232,FALSE
31-05-1990 08:00,341.2,0.04726,1393.209677,FALSE
01-06-1990 08:00,365.6,0.06,1895.2704,FALSE
02-06-1990 08:00,271,0.0259,606.43296,FALSE
04-06-1990 08:00,288,0.033,821.1456,FALSE
05-06-1990 08:00,247,0.0196,418.27968,FALSE
07-06-1990 08:00,218.8,0.0167,315.702144,FALSE
08-06-1990 08:00,232.8,0.017,341.93664,FALSE
09-06-1990 08:00,243.9,0.018,379.31328,FALSE
11-06-1990 08:00,245.6,0.013,275.85792,FALSE
12-06-1990 08:00,287.5,0.02,496.8,FALSE
13-06-1990 08:00,441.5,0.04,1525.824,FALSE
14-06-1990 08:00,481.3,0.064,2661.39648,FALSE
15-06-1990 08:00,1019,0.229,20161.5264,FALSE
16-06-1990 08:00,891.4,0.19161,14757.21971,FALSE
18-06-1990 08:00,533.1,0.0313,1441.672992,FALSE
19-06-1990 08:00,526.2,0.038,1727.61984,FALSE
21-06-1990 08:00,719.7,0.076,4725.83808,FALSE
22-06-1990 08:00,658.9,0.046,2618.73216,FALSE
23-06-1990 08:00,529,0.032,1462.5792,FALSE
25-06-1990 08:00,373.1,0.025,805.896,FALSE
26-06-1990 08:00,350.8,0.0202,612.244224,FALSE
27-06-1990 08:00,768.2,0.088,5840.77824,FALSE
29-06-1990 08:00,427.8,0.022,813.16224,FALSE
30-06-1990 08:00,355.6,0.019,583.75296,FALSE
03-07-1990 08:00,683.3,0.0635,3748.85712,FALSE
05-07-1990 08:00,751.5,0.0547,3551.64912,FALSE
06-07-1990 08:00,684.8,0.038,2248.33536,FALSE
07-07-1990 08:00,538.1,0.034,1580.72256,FALSE
10-07-1990 08:00,672.2,0.0425,2468.3184,FALSE
11-07-1990 08:00,614.6,0.036,1911.65184,FALSE
12-07-1990 08:00,735.8,0.032,2034.33984,FALSE
13-07-1990 08:00,569.7,0.036,1771.99488,FALSE
14-07-1990 08:00,571.4,0.0206,1017.000576,FALSE
16-07-1990 08:00,470.3,0.0189,767.981088,FALSE
17-07-1990 08:00,427.3,0.03,1107.5616,FALSE
19-07-1990 08:00,405,0.0334,1168.7328,FALSE
20-07-1990 08:00,432.5,0.031,1158.408,FALSE
21-07-1990 08:00,411.6,0.033,1173.55392,FALSE
23-07-1990 08:00,539.2,0.032,1490.78016,FALSE
24-07-1990 08:00,440.5,0.023,875.3616,FALSE
25-07-1990 08:00,428.6,0.021,777.65184,FALSE
27-07-1990 08:00,302.5,0.012,313.632,FALSE
28-07-1990 08:00,329.8,0.014,398.92608,FALSE
30-07-1990 08:00,252.8,0.015,327.6288,FALSE
31-07-1990 08:00,274.5,0.017,403.1856,FALSE
01-08-1990 10:30,392.8,0.027,916.32384,FALSE
03-08-1990 09:15,555.7,0.0407,1954.107936,FALSE
06-08-1990 11:30,487.6,0.0326,1373.393664,FALSE
07-08-1990 10:30,813.8,0.0615,4324.20768,FALSE
08-08-1990 09:30,467.6,0.0385,1555.42464,FALSE
10-08-1990 09:15,551.4,0.0215,1024.28064,FALSE
11-08-1990 08:00,923.1,0.0365,2911.08816,FALSE
16-08-1990 09:30,911.2,0.0565,4448.11392,FALSE
17-08-1990 09:30,791.9,0.0309,2114.182944,FALSE
18-08-1990 09:00,621.9,0.0131675,707.5182168,FALSE
20-08-1990 09:00,443.8,0.0085,325.92672,FALSE
21-08-1990 09:00,370.9,0.0087,278.798112,FALSE
22-08-1990 09:15,268.8,0.007,162.57024,FALSE
23-08-1990 08:30,372.4,0.0095,305.66592,FALSE
24-08-1990 09:00,277,0.005,119.664,FALSE
25-08-1990 09:00,263.9,0.007,159.60672,FALSE
27-08-1990 09:00,250.6,0.007,151.56288,FALSE
28-08-1990 09:15,221,0.015,286.416,FALSE
29-08-1990 09:00,204.2,0.005,88.2144,FALSE
30-08-1990 09:00,201.6,0.007,121.92768,FALSE
31-08-1990 09:00,204.1,0.005,88.1712,FALSE
01-09-1990 08:00,164.6,0.0034,48.352896,FALSE
04-09-1990 08:00,125.9,0.008,87.02208,FALSE
05-09-1990 08:00,159.3,0.006,82.58112,FALSE
06-09-1990 08:00,203.2,0.006,105.33888,FALSE
07-09-1990 08:00,177.4,0.005,76.6368,FALSE
10-09-1990 08:00,182.9,0.007,110.61792,FALSE
11-09-1990 08:00,154.7,0.004,53.46432,FALSE
12-09-1990 08:00,150,0.004,51.84,FALSE
13-09-1990 08:00,133.9,0.004,46.27584,FALSE
14-09-1990 08:00,128.5,0.005,55.512,FALSE
15-09-1990 08:00,100.6,0.003,26.07552,FALSE
17-09-1990 08:00,118.3,0.008,81.76896,FALSE
18-09-1990 08:00,145,0.01,125.28,FALSE
20-09-1990 08:00,101,0.007,61.0848,FALSE
21-09-1990 08:00,148.2,0.0199,254.809152,FALSE
22-09-1990 08:00,146.7,0.0087,110.271456,FALSE
24-09-1990 08:00,118.5,0.007,71.6688,FALSE
25-09-1990 08:00,130.1,0.005,56.2032,FALSE
26-09-1990 08:00,142.1,0.006,73.66464,FALSE
27-09-1990 08:00,134.9,0.009,104.89824,FALSE
01-10-1990 08:00,101.5,0.008,70.1568,FALSE
04-10-1990 08:00,130,0.012,134.784,FALSE
06-10-1990 08:00,89.13,0.008,61.606656,FALSE
08-10-1990 08:00,78.8,0.008,54.46656,FALSE
09-10-1990 08:00,57.08,0.008,39.453696,FALSE
10-10-1990 08:00,90.37,0.007,54.655776,FALSE
11-10-1990 08:00,94.45,0.006,48.96288,FALSE
12-10-1990 08:00,115.2,0.014,139.34592,FALSE
13-10-1990 08:00,92.58,0.007,55.992384,FALSE
15-10-1990 08:00,147.9,0.013,166.12128,FALSE
16-10-1990 08:00,329.8,0.025,712.368,FALSE
18-10-1990 08:00,29.23,0.012,30.305664,FALSE
19-10-1990 08:00,101.2,0.013,113.66784,FALSE
20-10-1990 08:00,130.3,0.002,22.51584,FALSE
22-10-1990 08:00,125.6,0.009,97.66656,FALSE
24-10-1990 08:00,211.5,0.021,383.7456,FALSE
25-10-1990 08:00,165,0.015,213.84,FALSE
26-10-1990 08:00,149.5,0.013,167.9184,FALSE
31-10-1990 08:00,444.2,0.021,805.95648,FALSE
05-11-1990 08:00,368.7,0.029,923.81472,FALSE
06-11-1990 08:00,290.9,0.018,452.40768,FALSE
07-11-1990 08:00,252.2,0.013,283.27104,FALSE
08-11-1990 08:00,201.6,0.007,121.92768,FALSE
09-11-1990 08:00,154.4,0.005,66.7008,FALSE
13-11-1990 08:00,141.1,0.011,134.10144,FALSE
15-11-1990 08:00,119.4,0.008,82.52928,FALSE
17-11-1990 08:00,96.83,0.008,66.928896,FALSE
19-11-1990 08:00,107.9,0.009,83.90304,FALSE
20-11-1990 08:00,123.7,0.0074,79.088832,FALSE
21-11-1990 08:00,101.8,0.0113,99.389376,FALSE
22-11-1990 08:00,99.37,0.017,145.954656,FALSE
23-11-1990 08:00,95.34,0.014,115.323264,FALSE
24-11-1990 08:00,94.09,0.011,89.423136,FALSE
26-11-1990 08:00,82.3,0.008,56.88576,FALSE
27-11-1990 08:00,126,0.01,108.864,FALSE
28-11-1990 08:00,78.72,0.008,54.411264,FALSE
29-11-1990 08:00,78.24,0.01,67.59936,FALSE
30-11-1990 08:00,66.74,0.01,57.66336,FALSE
01-12-1990 08:00,82.02,0.01,70.86528,FALSE
03-12-1990 08:00,89.39,0.0078369,60.52669842,FALSE
04-12-1990 08:00,71.08,0.008,49.130496,FALSE
05-12-1990 08:00,49.9,0.011,47.42496,FALSE
06-12-1990 08:00,58.9,0.008,40.71168,FALSE
07-12-1990 08:00,32.1,0.009,24.96096,FALSE
08-12-1990 08:00,36.15,0.01,31.2336,FALSE
10-12-1990 08:00,32.52,0.004,11.238912,FALSE
11-12-1990 08:00,45.76,0.006,23.721984,FALSE
12-12-1990 08:00,61.63,0.008,42.598656,FALSE
13-12-1990 08:00,34.77,0.007,21.028896,FALSE
14-12-1990 08:00,30.85,0.004,10.66176,FALSE
15-12-1990 08:00,33.63,0.004,11.622528,FALSE
17-12-1990 08:00,30.86,0.005,13.33152,FALSE
18-12-1990 08:00,47.31,0.006,24.525504,FALSE
19-12-1990 08:00,33.84,0.004,11.695104,FALSE
20-12-1990 08:00,36.7,0.005,15.8544,FALSE
21-12-1990 08:00,33.66,0.007,20.357568,FALSE
22-12-1990 08:00,32.54,0.004,11.245824,FALSE
24-12-1990 08:00,32.27,0.006,16.728768,FALSE
29-12-1990 08:00,31.45,0.007,19.02096,FALSE
31-12-1990 08:00,32.94,0.008,22.768128,FALSE
01-01-1991 08:00,39.75,0.01,34.344,FALSE
02-01-1991 08:00,36.5,0.005,15.768,FALSE
03-01-1991 08:00,34.62,0.006,17.947008,FALSE
04-01-1991 08:00,36.1,0.005,15.5952,FALSE
05-01-1991 08:00,34.84,0.004,12.040704,FALSE
07-01-1991 08:00,46.62,0.007,28.195776,FALSE
08-01-1991 08:00,55,0.012,57.024,FALSE
09-01-1991 08:00,68.77,0.011,65.359008,FALSE
10-01-1991 08:00,64.78,0.008,44.775936,FALSE
11-01-1991 08:00,70.47,0.009,54.797472,FALSE
12-01-1991 08:00,73.99,0.008,51.141888,FALSE
14-01-1991 08:00,52.73,0.009,41.002848,FALSE
16-01-1991 08:00,62.62,0.007,37.872576,FALSE
17-01-1991 08:00,65.89,0.01,56.92896,FALSE
18-01-1991 08:00,69.02,0.006,35.779968,FALSE
19-01-1991 08:00,63.87,0.008,44.146944,FALSE
21-01-1991 08:00,55.73,0.008,38.520576,FALSE
22-01-1991 08:00,77.37,0.006,40.108608,FALSE
23-01-1991 08:00,84.9,0.0075,55.0152,FALSE
24-01-1991 08:00,66.19,0.008,45.750528,FALSE
25-01-1991 08:00,70.35,0.008,48.62592,FALSE
28-01-1991 08:00,36.86,0.007,22.292928,FALSE
29-01-1991 08:00,34.35,0.005,14.8392,FALSE
30-01-1991 08:00,36.58,0.008,25.284096,FALSE
31-01-1991 08:00,39.84,0.01,34.42176,FALSE
01-02-1991 08:00,68.43,0.008,47.298816,FALSE
04-02-1991 08:00,38.03,0.008,26.286336,FALSE
05-02-1991 08:00,75.88,0.009677844,63.44825496,FALSE
07-02-1991 08:00,66.08,0.007,39.965184,FALSE
08-02-1991 08:00,51.88,0.008,35.859456,FALSE
09-02-1991 08:00,61.54,0.008,42.536448,FALSE
11-02-1991 08:00,39.83,0.005,17.20656,FALSE
13-02-1991 08:00,42.57,0.006,22.068288,FALSE
15-02-1991 08:00,62.54,0.008,43.227648,FALSE
16-02-1991 08:00,61.56,0.006,31.912704,FALSE
18-02-1991 08:00,63.3,0.006,32.81472,FALSE
19-02-1991 08:00,77.07,0.007,46.611936,FALSE
20-02-1991 08:00,78.02,0.005,33.70464,FALSE
21-02-1991 08:00,87.34,0.008,60.369408,FALSE
22-02-1991 08:00,80.25,0.008,55.4688,FALSE
23-02-1991 08:00,86.01,0.009,66.881376,FALSE
25-02-1991 08:00,70.17,0.008,48.501504,FALSE
26-02-1991 08:00,76.26,0.006,39.533184,FALSE
27-02-1991 08:00,85.83,0.007,51.909984,FALSE
28-02-1991 08:00,87.12,0.006,45.163008,FALSE
01-03-1991 08:00,81.89,0.02056,145.4680858,FALSE
02-03-1991 08:00,78.94,0.008,54.563328,FALSE
04-03-1991 08:00,52.41,0.007,31.697568,FALSE
05-03-1991 08:00,51,0.006,26.4384,FALSE
06-03-1991 08:00,51.16,0.006,26.521344,FALSE
07-03-1991 08:00,34.24,0.006,17.750016,FALSE
09-03-1991 08:00,34.26,0.005,14.80032,FALSE
11-03-1991 08:00,34.2,0.005,14.7744,FALSE
12-03-1991 08:00,31.56,0.005,13.63392,FALSE
13-03-1991 08:00,36.98,0.004,12.780288,FALSE
14-03-1991 08:00,35.49,0.003,9.199008,FALSE
15-03-1991 08:00,87.57,0.006,45.396288,FALSE
16-03-1991 08:00,48.3,0.006,25.03872,FALSE
18-03-1991 08:00,34.39,0.005,14.85648,FALSE
20-03-1991 08:00,81.97,0.009,63.739872,FALSE
21-03-1991 08:00,83.06,0.006,43.058304,FALSE
22-03-1991 08:00,75.97,0.007,45.946656,FALSE
23-03-1991 08:00,92.33,0.007,55.841184,FALSE
25-03-1991 08:00,63.05,0.005,27.2376,FALSE
26-03-1991 08:00,78.08,0.007,47.222784,FALSE
27-03-1991 08:00,87.71,0.008,60.625152,FALSE
30-03-1991 08:00,83.73,0.01,72.34272,FALSE
01-04-1991 08:00,78.57,0.011,74.672928,FALSE
02-04-1991 08:00,63.94,0.009,49.719744,FALSE
03-04-1991 08:00,75.16,0.008,51.950592,FALSE
04-04-1991 08:00,78.75,0.008,54.432,FALSE
05-04-1991 08:00,49.64,0.0065,27.877824,FALSE
06-04-1991 08:00,77.29,0.00874623,58.40606448,FALSE
08-04-1991 08:00,91.84,0.0088,69.8277888,FALSE
09-04-1991 08:00,83.74,0.0141,102.0154176,FALSE
10-04-1991 08:00,77.77,0.007,47.035296,FALSE
12-04-1991 08:00,96.89,0.009,75.341664,FALSE
13-04-1991 08:00,88.67,0.007,53.627616,FALSE
17-04-1991 08:00,82.72,0.007,50.029056,FALSE
18-04-1991 08:00,85.86,0.005,37.09152,FALSE
19-04-1991 08:00,78.25,0.009,60.8472,FALSE
20-04-1991 08:00,86.93,0.009,67.596768,FALSE
23-04-1991 08:00,114.8,0.007,69.43104,FALSE
24-04-1991 08:00,70.68,0.008,48.854016,FALSE
25-04-1991 08:00,91.21,0.007,55.163808,FALSE
26-04-1991 08:00,92.68,0.01,80.07552,FALSE
27-04-1991 08:00,90.06,0.01,77.81184,FALSE
29-04-1991 08:00,47.26,0.009,36.749376,FALSE
30-04-1991 08:00,92.6,0.009,72.00576,FALSE
01-05-1991 08:00,100.2,0.00791,68.4790848,FALSE
02-05-1991 08:00,84.21,0.009,65.481696,FALSE
03-05-1991 08:00,69.42,0.009,53.980992,FALSE
04-05-1991 08:00,33.83,0.009,26.306208,FALSE
07-05-1991 08:00,43.28,0.009,33.654528,FALSE
08-05-1991 08:00,35.61,0.006,18.460224,FALSE
09-05-1991 08:00,34.53,0.003,8.950176,FALSE
10-05-1991 08:00,35.2,0.003,9.12384,FALSE
11-05-1991 08:00,36.51,0.005,15.77232,FALSE
13-05-1991 08:00,35.99,0.005,15.54768,FALSE
15-05-1991 08:00,39.41,0.008,27.240192,FALSE
16-05-1991 08:00,35.68,0.006,18.496512,FALSE
17-05-1991 08:00,36.23,0.004,12.521088,FALSE
18-05-1991 08:00,56.4,0.006,29.23776,FALSE
20-05-1991 08:00,39.25,0.005,16.956,FALSE
23-05-1991 08:00,61.67,0.005,26.64144,FALSE
24-05-1991 08:00,36.91,0.005,15.94512,FALSE
25-05-1991 08:00,41.72,0.006,21.627648,FALSE
29-05-1991 08:00,47.64,0.008,32.928768,FALSE
30-05-1991 08:00,60.32,0.004,20.846592,FALSE
31-05-1991 08:00,38.28,0.004,13.229568,FALSE
02-06-1994 09:15,357.2,0.0222,685.138176,FALSE
03-06-1994 09:00,668.8,0.0311,1797.092352,FALSE
04-06-1994 09:00,603.8,0.0407,2123.250624,FALSE
06-06-1994 09:00,710.9,0.0375,2303.316,FALSE
07-06-1994 09:00,1256,0.0524,5686.36416,FALSE
08-06-1994 09:00,439.5,0.0078,296.18784,FALSE
09-06-1994 09:00,537.6,0.0141,654.925824,FALSE
10-06-1994 09:00,638.4,0.014,772.20864,FALSE
11-06-1994 09:00,422.8,0.0362,1322.383104,FALSE
18-06-1994 10:00,504.8,0.0174,758.896128,FALSE
21-06-1994 09:00,281.8,0.0065,158.25888,FALSE
22-06-1994 09:00,283.2,0.0056,137.023488,FALSE
23-06-1994 09:00,274.3,0.003,71.09856,FALSE
24-06-1994 09:00,238.8,0.0067,138.236544,FALSE
25-06-1994 09:00,307.9,0.0046,122.371776,FALSE
27-06-1994 09:00,446.5,0.0083,320.19408,FALSE
28-06-1994 08:45,315.9,0.0073,199.244448,FALSE
29-06-1994 09:00,722.7,0.021,1311.26688,FALSE
30-06-1994 09:00,1223,0.239,25254.4608,FALSE
01-07-1994 09:00,609,0.0674,3546.42624,FALSE
02-07-1994 09:00,465.2,0.0349,1402.745472,FALSE
04-07-1994 09:00,443.3,0.0435,1666.09872,FALSE
05-07-1994 09:30,391.6,0.0197,666.534528,FALSE
06-07-1994 08:45,388.5,0.021,704.8944,FALSE
07-07-1994 09:00,434.5,0.0643,2413.87344,FALSE
08-07-1994 08:45,307,0.0139,368.69472,FALSE
09-07-1994 09:15,292.5,0.0126,318.4272,FALSE
11-07-1994 09:15,303.1,0.0157,411.149088,FALSE
12-07-1994 09:00,1004,0.1366,11849.44896,FALSE
13-07-1994 09:00,1167,0.0768,7743.65184,FALSE
14-07-1994 09:15,2401,0.1725,35784.504,FALSE
15-07-1994 09:15,1872,0.1462,23646.50496,FALSE
16-07-1994 09:00,1235,0.0887,9464.6448,FALSE
18-07-1994 09:00,913.7,0.0253,1997.275104,FALSE
19-07-1994 09:00,860.2,0.0426,3166.086528,FALSE
20-07-1994 09:00,834.8,0.0573,4132.861056,FALSE
21-07-1994 09:00,811.8,0.0303,2125.227456,FALSE
22-07-1994 09:00,648.8,0.0358,2006.816256,FALSE
23-07-1994 09:00,576.9,0.0246,1226.166336,FALSE
26-07-1994 09:00,563.5,0.0275,1338.876,FALSE
27-07-1994 09:00,585.1,0.026,1314.36864,FALSE
28-07-1994 09:00,1108,0.0487,4662.10944,FALSE
29-07-1994 09:00,1302,0.0627,7053.29856,FALSE
30-07-1994 09:00,1276,0.1098,12105.05472,FALSE
01-08-1994 10:15,1710,0.1079,15941.5776,FALSE
02-08-1994 09:00,1988,0.2316,39780.35712,FALSE
03-08-1994 09:00,1938,0.2633,44087.79456,FALSE
04-08-1994 09:00,1226,0.0938,9935.89632,FALSE
05-08-1994 09:00,1367,0.0937,11066.79456,FALSE
06-08-1994 09:15,775.1,0.1049,7025.010336,FALSE
08-08-1994 09:15,527.4,0.0422,1922.942592,FALSE
09-08-1994 09:15,447.8,0.0257,994.330944,FALSE
10-08-1994 09:15,422.6,0.0146,533.084544,FALSE
11-08-1994 09:15,336,0.0254,737.37216,FALSE
12-08-1994 09:15,323.3,0.0139,388.270368,FALSE
16-08-1994 09:15,311,0.0198,532.03392,FALSE
17-08-1994 09:15,265.5,0.0239,548.24688,FALSE
18-08-1994 09:15,277.8,0.0211,506.440512,FALSE
19-08-1994 09:30,321.6,0.0367,1019.755008,FALSE
22-08-1994 09:15,410.2,0.0265,939.19392,FALSE
23-08-1994 09:15,358.8,0.0183,567.305856,FALSE
24-08-1994 09:15,318.6,0.0331,911.145024,FALSE
25-08-1994 09:15,331.1,0.0181,517.787424,FALSE
26-08-1994 09:15,331.1,0.0187,534.951648,FALSE
27-08-1994 09:15,259.6,0.0252,565.221888,FALSE
30-08-1994 09:00,309.4,0.054,1443.53664,FALSE
31-08-1994 09:15,391.9,0.0279,944.698464,FALSE
01-09-1994 09:15,773.5,0.0386,2579.65344,FALSE
02-09-1994 10:15,1046,0.0548,4952.51712,FALSE
03-09-1994 09:00,764.2,0.0116,765.911808,FALSE
05-09-1994 11:00,298.4,0.0123,317.115648,FALSE
06-09-1994 09:15,518.6,0.0311,1393.498944,FALSE
07-09-1994 09:15,1198,0.0508,5258.16576,FALSE
08-09-1994 09:15,546.9,0.04,1890.0864,FALSE
09-09-1994 09:15,478.3,0.0211,871.960032,FALSE
12-09-1994 09:15,362.7,0.0227,711.356256,FALSE
13-09-1994 09:15,323.4,0.0179,500.157504,FALSE
14-09-1994 09:00,233.3,0.0126,253.979712,FALSE
15-09-1994 08:45,257.9,0.014,311.95584,FALSE
17-09-1994 09:15,236.7,0.0164,335.394432,FALSE
19-09-1994 09:15,201.6,0.0145,252.56448,FALSE
20-09-1994 09:15,199.1,0.0234,402.532416,FALSE
21-09-1994 09:15,165.7,0.0131,187.545888,FALSE
22-09-1994 09:15,193.7,0.0235,393.28848,FALSE
23-09-1994 09:15,156.9,0.012,162.67392,FALSE
24-09-1994 09:15,149.4,0.0095,122.62752,FALSE
26-09-1994 09:15,150.8,0.0156,203.254272,FALSE
27-09-1994 09:15,255.6,0.0083,183.295872,FALSE
28-09-1994 09:15,191.8,0.0092,152.457984,FALSE
29-09-1994 09:15,168.7,0.0101,147.214368,FALSE
30-09-1994 09:15,221.6,0.0183,350.376192,FALSE
01-10-1994 09:15,166.7,0.0141,203.080608,FALSE
11-10-1994 09:15,225.6,0.0083,161.782272,FALSE
12-10-1994 09:15,302.4,0.0123,321.366528,FALSE
14-10-1994 09:45,598,0.073,3771.7056,FALSE
17-10-1994 09:30,345.6,0.0057,170.201088,FALSE
18-10-1994 09:15,360.7,0.0124,386.439552,FALSE
19-10-1994 09:15,379.6,0.0117,383.730048,FALSE
20-10-1994 09:15,347.7,0.0221,663.912288,FALSE
21-10-1994 09:15,229.5,0.0133,263.72304,FALSE
22-10-1994 09:15,277.9,0.0078,187.282368,FALSE
24-10-1994 09:15,283.6,0.0097,237.679488,FALSE
25-10-1994 09:15,250,0.0118,254.88,FALSE
26-10-1994 09:15,314.8,0.0186,505.896192,FALSE
27-10-1994 09:15,764.6,0.0231,1526.019264,FALSE
28-10-1994 09:15,359.3,0.0182,564.992064,FALSE
29-10-1994 09:15,368.2,0.0095,302.21856,FALSE
31-10-1994 09:15,679.9,0.022,1292.35392,FALSE
03-11-1994 09:15,715.9,0.0395,2443.22352,FALSE
04-11-1994 09:15,366.9,0.0379,1201.436064,FALSE
05-11-1994 09:15,555.2,0.0236,1132.075008,FALSE
07-11-1994 09:15,366.5,0.0213,674.47728,FALSE
08-11-1994 09:15,286.3,0.0216,534.304512,FALSE
09-11-1994 09:15,373,0.0213,686.43936,FALSE
10-11-1994 09:15,289,0.0104,259.68384,FALSE
11-11-1994 09:15,280.6,0.0062,150.311808,FALSE
12-11-1994 09:15,285.2,0.0079,194.666112,FALSE
14-11-1994 09:15,154.9,0.0101,135.171936,FALSE
15-11-1994 09:15,208.2,0.0085,152.90208,FALSE
16-11-1994 09:15,164.8,0.0051,72.617472,FALSE
17-11-1994 09:15,161.9,0.0047,65.744352,FALSE
19-11-1994 09:15,204.4,0.0054,95.364864,FALSE
21-11-1994 09:15,167.5,0.002,28.944,FALSE
22-11-1994 09:15,164.4,0.005,71.0208,FALSE
23-11-1994 09:15,84.55,0.0038,27.759456,FALSE
24-11-1994 09:15,120.2,0.0072,74.774016,FALSE
25-11-1994 09:15,111.7,0.0078,75.276864,FALSE
26-11-1994 09:15,118.4,0.0057,58.309632,FALSE
28-11-1994 09:15,133.4,0.0054,62.239104,FALSE
29-11-1994 09:15,98.91,0.0053,45.2928672,FALSE
30-11-1994 09:15,93.03,0.0087,69.9287904,FALSE
01-12-1994 08:00,93.13,0.0067,53.9110944,FALSE
02-12-1994 08:00,90.4,0.0087,67.951872,FALSE
03-12-1994 08:00,91.79,0.0082,65.0313792,FALSE
05-12-1994 08:00,90.99,0.0108,84.9045888,FALSE
06-12-1994 08:00,73.62,0.0108,68.6962944,FALSE
07-12-1994 08:00,75.8,0.0106,69.420672,FALSE
08-12-1994 08:00,77.9,0.0059,39.710304,FALSE
09-12-1994 08:00,134.2,0.0045,52.17696,FALSE
10-12-1994 08:00,58.15,0.0069,34.666704,FALSE
12-12-1994 08:00,72.25,0.0061,38.07864,FALSE
13-12-1994 08:00,84.03,0.0058,42.1091136,FALSE
14-12-1994 08:00,59.07,0.0068,34.7048064,FALSE
15-12-1994 08:00,74.35,0.0052,33.403968,FALSE
16-12-1994 08:00,72.59,0.0056,35.1219456,FALSE
17-12-1994 08:00,74.38,0.0059,37.9159488,FALSE
19-12-1994 08:00,72.85,0.0063,39.653712,FALSE
20-12-1994 08:00,74.59,0.0053,34.1562528,FALSE
21-12-1994 08:00,73.36,0.0056,35.4945024,FALSE
22-12-1994 08:00,61.95,0.0053,28.368144,FALSE
23-12-1994 08:00,72.12,0.0049,30.5327232,FALSE
24-12-1994 08:00,60.62,0.0054,28.2828672,FALSE
26-12-1994 08:00,60.94,0.0048,25.2730368,FALSE
28-12-1994 08:00,71.09,0.0043,26.4113568,FALSE
29-12-1994 08:00,62.58,0.0046,24.8717952,FALSE
30-12-1994 08:00,62.68,0.0046,24.9115392,FALSE
02-01-1995 08:00,72.2,0.0049,30.566592,FALSE
03-01-1995 08:00,64.04,0.005,27.66528,FALSE
04-01-1995 08:00,61.45,0.0042,22.298976,FALSE
05-01-1995 08:00,62.45,0.0047,25.359696,FALSE
06-01-1995 08:00,59.5,0.0044,22.61952,FALSE
07-01-1995 08:00,58.92,0.0053,26.9806464,FALSE
09-01-1995 08:00,57.13,0.0048,23.6929536,FALSE
10-01-1995 08:00,37.49,0.0058,18.7869888,FALSE
11-01-1995 08:00,56.46,0.0036,17.5613184,FALSE
12-01-1995 08:00,59.28,0.0022,11.2679424,FALSE
13-01-1995 08:00,68.89,0.0031,18.4514976,FALSE
14-01-1995 08:00,40.76,0.003,10.564992,FALSE
16-01-1995 08:00,41.69,0.0029,10.4458464,FALSE
17-01-1995 08:00,65.09,0.0031,17.4337056,FALSE
18-01-1995 08:00,49.76,0.0035,15.047424,FALSE
19-01-1995 08:00,33.89,0.0038,11.1267648,FALSE
20-01-1995 08:00,33.99,0.0032,9.3975552,FALSE
21-01-1995 08:00,33.4,0.0032,9.234432,FALSE
23-01-1995 08:00,52.47,0.0024,10.8801792,FALSE
24-01-1995 08:00,58.42,0.0026,13.1234688,FALSE
25-01-1995 08:00,45.43,0.0026,10.2053952,FALSE
27-01-1995 08:00,50.52,0.0025,10.91232,FALSE
28-01-1995 08:00,47.82,0.0027,11.1554496,FALSE
30-01-1995 08:00,42.26,0.003,10.953792,FALSE
31-01-1995 08:00,36.52,0.0027,8.5193856,FALSE
01-02-1995 08:00,44.28,0.003,11.477376,FALSE
02-02-1995 08:00,47.19,0.0024,9.7853184,FALSE
03-02-1995 08:00,44.32,0.0026,9.9560448,FALSE
04-02-1995 08:00,49.18,0.0025,10.62288,FALSE
06-02-1995 08:00,64.69,0.0031,17.3265696,FALSE
07-02-1995 08:00,61.53,0.003,15.948576,FALSE
08-02-1995 08:00,54.17,0.0033,15.4449504,FALSE
09-02-1995 08:00,101.3,0.0024,21.005568,FALSE
10-02-1995 08:00,48.42,0.0021,8.7853248,FALSE
11-02-1995 08:00,45.49,0.0025,9.82584,FALSE
13-02-1995 08:00,46.76,0.0025,10.10016,FALSE
14-02-1995 08:00,45.55,0.0026,10.232352,FALSE
15-02-1995 08:00,30.78,0.0026,6.9144192,FALSE
16-02-1995 08:00,54.69,0.0026,12.2855616,FALSE
20-02-1995 08:00,73.61,0.0025,15.89976,FALSE
21-02-1995 08:00,63.99,0.0033,18.2448288,FALSE
22-02-1995 08:00,73.3,0.0025,15.8328,FALSE
23-02-1995 08:00,73.98,0.0025,15.97968,FALSE
24-02-1995 08:00,69.88,0.0024,14.4903168,FALSE
25-02-1995 08:00,58.2,0.0021,10.559808,FALSE
28-02-1995 08:00,59.18,0.0023,11.7602496,FALSE
01-03-1995 08:00,63.57,0.0022,12.0833856,FALSE
02-03-1995 08:00,64.12,0.0022,12.1879296,FALSE
04-03-1995 08:00,33.87,0.0024,7.0232832,FALSE
06-03-1995 08:00,37.42,0.0028,9.0526464,FALSE
07-03-1995 08:00,41.68,0.0029,10.4433408,FALSE
08-03-1995 08:00,65.75,0.0035,19.8828,FALSE
09-03-1995 08:00,70.98,0.0033,20.2378176,FALSE
10-03-1995 08:00,60.63,0.0027,14.1437664,FALSE
11-03-1995 08:00,58.6,0.0027,13.670208,FALSE
13-03-1995 08:00,78.31,0.0028,18.9447552,FALSE
14-03-1995 08:00,65.54,0.0018,10.1927808,FALSE
15-03-1995 08:00,59.03,0.0019,9.6903648,FALSE
16-03-1995 08:00,40.16,0.0028,9.7155072,FALSE
17-03-1995 08:00,40.32,0.0017,5.9222016,FALSE
18-03-1995 08:00,40.26,0.002,6.956928,FALSE
20-03-1995 08:00,40.4,0.0022,7.679232,FALSE
21-03-1995 08:00,39.79,0.0025,8.59464,FALSE
22-03-1995 08:00,34.89,0.0021,6.3304416,FALSE
23-03-1995 08:00,35.69,0.0019,5.8588704,FALSE
24-03-1995 08:00,35,0.0024,7.2576,FALSE
25-03-1995 08:00,35.57,0.0021,6.4538208,FALSE
27-03-1995 08:00,66.24,0.0023,13.1632128,FALSE
28-03-1995 08:00,67.66,0.0028,16.3683072,FALSE
29-03-1995 08:00,55.43,0.002,9.578304,FALSE
30-03-1995 08:00,40.86,0.0022,7.7666688,FALSE
31-03-1995 08:00,36.29,0.003,9.406368,FALSE
01-04-1995 08:00,36.68,0.0027,8.5567104,FALSE
03-04-1995 08:00,38.23,0.0036,11.8910592,FALSE
04-04-1995 08:00,41.28,0.0028,9.9864576,FALSE
05-04-1995 08:00,80.13,0.004,27.692928,FALSE
06-04-1995 08:00,58.28,0.0034,17.1203328,FALSE
07-04-1995 08:00,84.85,0.0051,37.388304,FALSE
08-04-1995 08:00,83.12,0.0042,30.1625856,FALSE
10-04-1995 08:00,69.97,0.0047,28.4134176,FALSE
15-04-1995 08:00,40.92,0.0021,7.4245248,FALSE
17-04-1995 08:00,68.83,0.0024,14.2725888,FALSE
18-04-1995 08:00,59.52,0.0022,11.3135616,FALSE
19-04-1995 08:00,63.73,0.0025,13.76568,FALSE
20-04-1995 08:00,76.3,0.0027,17.799264,FALSE
21-04-1995 08:00,63.84,0.0037,20.4083712,FALSE
22-04-1995 08:00,90.42,0.0046,35.9365248,FALSE
24-04-1995 08:00,42.04,0.003,10.896768,FALSE
25-04-1995 08:00,38.5,0.0024,7.98336,FALSE
26-04-1995 08:00,65.15,0.0028,15.761088,FALSE
27-04-1995 08:00,104.3,0.0058,52.266816,FALSE
28-04-1995 08:00,70.9,0.0025,15.3144,FALSE
29-04-1995 08:00,98.89,0.0059,50.4101664,FALSE
02-05-1995 08:00,104,0.0106,95.24736,FALSE
03-05-1995 08:00,70.85,0.0095,58.15368,FALSE
04-05-1995 08:00,86.67,0.0091,68.1434208,FALSE
05-05-1995 08:00,74.2,0.0058,37.183104,FALSE
06-05-1995 08:00,106.4,0.005,45.9648,FALSE
08-05-1995 08:00,153.3,0.0217,287.419104,FALSE
09-05-1995 08:00,326,0.0107,301.38048,FALSE
11-05-1995 08:00,479,0.0061,252.45216,FALSE
12-05-1995 08:00,334,0.0083,239.51808,FALSE
13-05-1995 08:00,229.1,0.0044,87.094656,FALSE
15-05-1995 08:00,219.5,0.0062,117.58176,FALSE
16-05-1995 08:00,316,0.0082,223.87968,FALSE
17-05-1995 08:00,222.3,0.0034,65.302848,FALSE
18-05-1995 08:00,214.5,0.0039,72.27792,FALSE
19-05-1995 08:00,159.4,0.0037,50.956992,FALSE
20-05-1995 08:00,216.2,0.0038,70.982784,FALSE
22-05-1995 08:00,106.7,0.003,27.65664,FALSE
23-05-1995 08:00,85.28,0.0032,23.5782144,FALSE
24-05-1995 08:00,90.59,0.0042,32.8732992,FALSE
25-05-1995 08:00,103.2,0.0062,55.282176,FALSE
26-05-1995 08:00,82.75,0.0066,47.18736,FALSE
27-05-1995 08:00,106.4,0.012,110.31552,FALSE
29-05-1995 08:00,233.7,0.0048,96.920064,FALSE
30-05-1995 08:00,178.6,0.0026,40.120704,FALSE
31-05-1995 08:00,106.6,0.0041,37.761984,FALSE
01-06-1995 09:15,88.57,0.0115,88.003152,FALSE
02-06-1995 09:15,95.11,0.0144,118.3320576,FALSE
03-06-1995 09:15,110.6,0.0089,85.046976,FALSE
05-06-1995 09:15,148.5,0.0081,103.92624,FALSE
06-06-1995 09:15,73.66,0.0143,91.0084032,FALSE
07-06-1995 09:15,119.3,0.0136,140.182272,FALSE
08-06-1995 09:15,76.62,0.009,59.579712,FALSE
10-06-1995 09:15,131.5,0.0197,223.82352,FALSE
24-06-1995 09:15,417.8,0.0553,1996.214976,FALSE
26-06-1995 09:30,313.2,0.0476,1288.078848,FALSE
27-06-1995 09:15,354.2,0.072,2203.40736,FALSE
28-06-1995 09:15,229,0.0408,807.25248,FALSE
29-06-1995 09:15,374,0.0708,2287.80288,FALSE
03-07-1995 09:15,553.7,0.0394,1884.883392,FALSE
04-07-1995 09:15,419.7,0.038,1377.95904,FALSE
05-07-1995 09:15,360.5,0.0369,1149.33168,FALSE
06-07-1995 09:15,409.4,0.0696,2461.902336,FALSE
07-07-1995 09:15,584,0.0715,3607.7184,FALSE
08-07-1995 09:15,404.6,0.0723,2527.422912,FALSE
10-07-1995 09:15,517.6,0.0592,2647.461888,FALSE
11-07-1995 09:15,761,0.066,4339.5264,FALSE
12-07-1995 09:15,1126,0.116,11285.2224,FALSE
13-07-1995 09:15,841.4,0.0547,3976.523712,FALSE
14-07-1995 09:15,690.4,0.0947,5648.908032,FALSE
15-07-1995 09:15,515.8,0.0473,2107.930176,FALSE
17-07-1995 09:15,619.7,0.1001,5359.562208,FALSE
18-07-1995 09:15,485.7,0.0321,1347.059808,FALSE
19-07-1995 09:15,524.4,0.0653,2958.622848,FALSE
20-07-1995 09:15,535.4,0.0821,3797.827776,FALSE
21-07-1995 09:15,495.2,0.0444,1899.666432,FALSE
22-07-1995 09:15,395.9,0.0841,2876.704416,FALSE
25-07-1995 09:15,765.8,0.1093,7231.847616,FALSE
26-07-1995 09:15,480.8,0.0532,2209.987584,FALSE
27-07-1995 09:15,379.4,0.0526,1724.236416,FALSE
28-07-1995 09:15,358.7,0.071,2200.40928,FALSE
29-07-1995 09:15,729.7,0.0717,4520.403936,FALSE
31-07-1995 09:15,651.7,0.1515,8530.49232,FALSE
01-08-1995 09:15,486.9,0.029,1219.97664,FALSE
02-08-1995 09:15,396.8,0.0191,654.815232,FALSE
03-08-1995 09:15,351.9,0.0402,1222.247232,FALSE
04-08-1995 09:15,337.2,0.0242,705.044736,FALSE
05-08-1995 10:30,603.9,0.0733,3824.571168,FALSE
07-08-1995 09:15,447.2,0.0573,2213.961984,FALSE
08-08-1995 09:15,412.5,0.0205,730.62,FALSE
10-08-1995 09:15,350,0.0267,807.408,FALSE
11-08-1995 09:15,428.6,0.0234,866.526336,FALSE
12-08-1995 09:15,444.7,0.0448,1721.309184,FALSE
14-08-1995 09:15,330.8,0.0274,783.122688,FALSE
16-08-1995 09:15,208.6,0.0109,196.451136,FALSE
17-08-1995 09:15,205.1,0.0134,237.456576,FALSE
19-08-1995 09:15,263.8,0.0214,487.755648,FALSE
21-08-1995 09:15,277.2,0.0087,208.365696,FALSE
22-08-1995 09:15,407,0.1066,3748.56768,FALSE
23-08-1995 09:30,380.6,0.0678,2229.524352,FALSE
24-08-1995 09:15,584.1,0.1053,5314.095072,FALSE
25-08-1995 09:15,530.6,0.1159,5313.301056,FALSE
26-08-1995 09:15,533.9,0.0976,4502.186496,FALSE
28-08-1995 09:15,677,0.1925,11259.864,FALSE
29-08-1995 09:15,893.5,0.2013,15540.03792,FALSE
30-08-1995 09:15,950.6,0.2075,17042.3568,FALSE
31-08-1995 09:15,1427,0.3709,45729.29952,FALSE
01-09-1995 09:15,1416,0.3662,44801.78688,FALSE
02-09-1995 09:15,1455,0.377,47393.424,FALSE
04-09-1995 09:15,1307,0.2055,23206.0464,FALSE
05-09-1995 09:15,1185,0.2012,20599.6608,FALSE
07-09-1995 09:15,719.3,0.1278,7942.453056,FALSE
08-09-1995 09:15,569.4,0.0974,4791.705984,FALSE
09-09-1995 09:15,471.6,0.0314,1279.431936,FALSE
12-09-1995 09:15,298.6,0.0463,1194.495552,FALSE
13-09-1995 09:15,277.4,0.0328,786.129408,FALSE
14-09-1995 09:15,313.8,0.0693,1878.883776,FALSE
15-09-1995 09:15,247.3,0.0535,1143.11952,FALSE
16-09-1995 09:15,449.3,0.0879,3412.235808,FALSE
18-09-1995 09:15,412.5,0.0669,2384.316,FALSE
20-09-1995 09:15,217.4,0.0233,437.652288,FALSE
21-09-1995 09:15,212.9,0.0146,268.560576,FALSE
22-09-1995 09:15,620.7,0.093,4987.44864,FALSE
25-09-1995 09:15,229.2,0.0315,623.79072,FALSE
26-09-1995 09:15,182.9,0.0092,145.383552,FALSE
27-09-1995 09:15,183.2,0.0118,186.776064,FALSE
28-09-1995 09:00,150.2,0.0101,131.070528,FALSE
29-09-1995 09:15,174,0.0056,84.18816,FALSE
30-09-1995 09:15,175.6,0.0048,72.824832,FALSE
04-10-1995 09:15,286.1,0.0056,138.426624,FALSE
05-10-1995 09:15,380.1,0.0084,275.861376,FALSE
06-10-1995 09:15,308,0.0067,178.29504,FALSE
07-10-1995 09:15,311.2,0.0057,153.259776,FALSE
09-10-1995 09:15,241.4,0.0052,108.456192,FALSE
10-10-1995 09:15,201,0.0042,72.93888,FALSE
11-10-1995 09:15,229,0.0039,77.16384,FALSE
12-10-1995 09:15,172.6,0.0033,49.211712,FALSE
13-10-1995 09:15,124.4,0.0023,24.720768,FALSE
14-10-1995 09:15,134.1,0.0019,22.013856,FALSE
16-10-1995 09:15,140.7,0.0022,26.744256,FALSE
17-10-1995 09:15,90.94,0.0034,26.7145344,FALSE
18-10-1995 09:15,117.9,0.0023,23.429088,FALSE
19-10-1995 09:15,121.5,0.0086,90.27936,FALSE
20-10-1995 09:15,125.9,0.0095,103.33872,FALSE
21-10-1995 08:45,201.9,0.0073,127.342368,FALSE
24-10-1995 14:30,132.1,0.0119,135.819936,FALSE
25-10-1995 09:15,130,0.0067,75.2544,FALSE
26-10-1995 09:15,179.5,0.0065,100.8072,FALSE
27-10-1995 09:15,94.59,0.0117,95.6191392,FALSE
28-10-1995 09:15,179.7,0.007,108.68256,FALSE
30-10-1995 09:15,118.7,0.0103,105.633504,FALSE
31-10-1995 09:15,135.4,0.0057,66.681792,FALSE
01-11-1995 09:15,161.6,0.0059,82.377216,FALSE
02-11-1995 09:15,361.5,0.0218,680.89248,FALSE
03-11-1995 09:15,189.7,0.0105,172.09584,FALSE
04-11-1995 09:15,292.5,0.0131,331.0632,FALSE
06-11-1995 09:15,277.6,0.0415,995.36256,FALSE
08-11-1995 14:45,205,0.0177,313.5024,FALSE
09-11-1995 09:15,192.2,0.0175,290.6064,FALSE
10-11-1995 09:15,276,0.0165,393.4656,FALSE
11-11-1995 09:15,181.4,0.0072,112.845312,FALSE
13-11-1995 09:15,131.1,0.0056,63.431424,FALSE
14-11-1995 09:15,134.7,0.0072,83.794176,FALSE
15-11-1995 09:15,135.2,0.0082,95.786496,FALSE
16-11-1995 09:15,128.3,0.0074,82.029888,FALSE
17-11-1995 09:15,122.8,0.0054,57.293568,FALSE
18-11-1995 09:15,155.6,0.0071,95.451264,FALSE
20-11-1995 09:15,152.3,0.005,65.7936,FALSE
21-11-1995 09:15,101.2,0.0083,72.572544,FALSE
22-11-1995 09:15,96.08,0.02,166.02624,FALSE
24-11-1995 09:15,110.5,0.006,57.2832,FALSE
25-11-1995 09:15,110.5,0.0043,41.05296,FALSE
27-11-1995 09:15,98.7,0.0053,45.196704,FALSE
28-11-1995 09:15,81.97,0.0045,31.869936,FALSE
29-11-1995 09:15,92.25,0.0057,45.43128,FALSE
30-11-1995 09:15,83.31,0.0051,36.7097184,FALSE
02-12-1995 08:00,94.75,0.0057,46.66248,FALSE
04-12-1995 08:00,84.24,0.0028,20.3793408,FALSE
05-12-1995 08:00,83.16,0.0026,18.6810624,FALSE
06-12-1995 08:00,63.51,0.003,16.461792,FALSE
07-12-1995 08:00,70.88,0.0031,18.9844992,FALSE
08-12-1995 08:00,80.64,0.0031,21.5986176,FALSE
09-12-1995 08:00,65.92,0.0033,18.7951104,FALSE
11-12-1995 08:00,82.85,0.0031,22.190544,FALSE
22-01-1996 08:00,54.04,0.0024,11.2057344,FALSE
23-01-1996 08:00,42.25,0.0026,9.49104,FALSE
24-01-1996 08:00,40,0.0023,7.9488,FALSE
25-01-1996 08:00,48.24,0.0024,10.0030464,FALSE
27-01-1996 08:00,45.96,0.0023,9.1331712,FALSE
29-01-1996 08:00,48.43,0.0024,10.0424448,FALSE
30-01-1996 08:00,39.88,0.0027,9.3032064,FALSE
31-01-1996 08:00,45.58,0.0024,9.4514688,FALSE
01-02-1996 08:00,48.15,0.0025,10.4004,FALSE
02-02-1996 08:00,49.25,0.0025,10.638,FALSE
03-02-1996 08:00,40.9,0.0024,8.481024,FALSE
05-02-1996 08:00,44.5,0.0026,9.99648,FALSE
06-02-1996 08:00,42.46,0.0028,10.2719232,FALSE
07-02-1996 08:00,42.33,0.0023,8.4118176,FALSE
08-02-1996 08:00,43.68,0.0024,9.0574848,FALSE
09-02-1996 08:00,41.65,0.0025,8.9964,FALSE
10-02-1996 08:00,43.02,0.0023,8.5489344,FALSE
12-02-1996 08:00,41.89,0.0024,8.6863104,FALSE
13-02-1996 08:00,41.59,0.0028,10.0614528,FALSE
14-02-1996 08:00,42.2,0.003,10.93824,FALSE
15-02-1996 08:00,45.48,0.0029,11.3954688,FALSE
16-02-1996 08:00,42.79,0.0024,8.8729344,FALSE
17-02-1996 08:00,42.02,0.0024,8.7132672,FALSE
19-02-1996 08:00,42.24,0.0026,9.4887936,FALSE
20-02-1996 08:00,42.16,0.0027,9.8350848,FALSE
22-02-1996 08:00,42.43,0.0029,10.6312608,FALSE
23-02-1996 08:00,46.37,0.0028,11.2178304,FALSE
24-02-1996 08:00,42.05,0.0026,9.446112,FALSE
26-02-1996 08:00,38.72,0.0023,7.6944384,FALSE
27-02-1996 08:00,32.18,0.0024,6.6728448,FALSE
28-02-1996 08:00,31.1,0.0025,6.7176,FALSE
29-02-1996 08:00,38.61,0.0025,8.33976,FALSE
01-03-1996 08:00,42.47,0.0026,9.5404608,FALSE
02-03-1996 08:00,42.5,0.0023,8.4456,FALSE
04-03-1996 08:00,32.77,0.0024,6.7951872,FALSE
05-03-1996 08:00,42.57,0.0025,9.19512,FALSE
06-03-1996 08:00,30.95,0.0025,6.6852,FALSE
07-03-1996 08:00,41.37,0.0025,8.93592,FALSE
08-03-1996 08:00,30.79,0.0024,6.3846144,FALSE
09-03-1996 08:00,43.01,0.0026,9.6617664,FALSE
11-03-1996 08:00,38.02,0.0024,7.8838272,FALSE
12-03-1996 08:00,43.05,0.0024,8.926848,FALSE
13-03-1996 08:00,40.34,0.0027,9.4105152,FALSE
14-03-1996 08:00,50.37,0.0025,10.87992,FALSE
15-03-1996 08:00,55.3,0.0023,10.989216,FALSE
16-03-1996 08:00,36.95,0.0025,7.9812,FALSE
18-03-1996 08:00,41.34,0.0024,8.5722624,FALSE
19-03-1996 08:00,41.68,0.0023,8.2826496,FALSE
20-03-1996 08:00,54.26,0.0025,11.72016,FALSE
21-03-1996 08:00,43.07,0.0028,10.4194944,FALSE
22-03-1996 08:00,45.19,0.0028,10.9323648,FALSE
23-03-1996 08:00,35.87,0.0025,7.74792,FALSE
25-03-1996 08:00,53.36,0.0027,12.4478208,FALSE
26-03-1996 08:00,42.49,0.0026,9.5449536,FALSE
27-03-1996 08:00,35.05,0.0025,7.5708,FALSE
28-03-1996 08:00,38.11,0.0024,7.9024896,FALSE
29-03-1996 08:00,37.5,0.0025,8.1,FALSE
30-03-1996 08:00,45.48,0.0026,10.2166272,FALSE
02-04-1996 08:00,45.28,0.0023,8.9980416,FALSE
03-04-1996 08:00,56.16,0.0026,12.6157824,FALSE
04-04-1996 08:00,44.73,0.0029,11.2075488,FALSE
06-04-1996 08:00,45.38,0.0028,10.9783296,FALSE
10-04-1996 08:00,61.14,0.0031,16.3757376,FALSE
11-04-1996 08:00,47.63,0.0024,9.8765568,FALSE
12-04-1996 08:00,44.12,0.0025,9.52992,FALSE
15-04-1996 08:00,53.29,0.0026,11.9710656,FALSE
18-04-1996 08:00,185.3,0.0046,73.645632,FALSE
19-04-1996 08:00,121.7,0.0032,33.647616,FALSE
20-04-1996 08:00,56.29,0.0032,15.5630592,FALSE
22-04-1996 08:00,83.32,0.0031,22.3164288,FALSE
23-04-1996 08:00,50.08,0.0032,13.8461184,FALSE
24-04-1996 08:00,66.15,0.0037,21.146832,FALSE
25-04-1996 08:00,48.04,0.0028,11.6218368,FALSE
26-04-1996 08:00,49.63,0.0025,10.72008,FALSE
30-04-1996 08:00,48.53,0.0025,10.48248,FALSE
01-05-1996 08:00,52.35,0.0027,12.212208,FALSE
02-05-1996 08:00,49.23,0.0025,10.63368,FALSE
04-05-1996 08:00,37.98,0.0024,7.8755328,FALSE
06-05-1996 08:00,63.4,0.0029,15.885504,FALSE
07-05-1996 08:00,62.59,0.0026,14.0602176,FALSE
08-05-1996 08:00,64.88,0.0035,19.619712,FALSE
09-05-1996 08:00,41.55,0.0026,9.333792,FALSE
10-05-1996 08:00,74.46,0.0036,23.1600384,FALSE
11-05-1996 08:00,39.58,0.0025,8.54928,FALSE
13-05-1996 08:00,59.36,0.0027,13.8475008,FALSE
14-05-1996 08:00,56.31,0.0026,12.6494784,FALSE
15-05-1996 08:00,69.34,0.0029,17.3738304,FALSE
16-05-1996 08:00,43.11,0.0023,8.5668192,FALSE
17-05-1996 08:00,60.84,0.0031,16.2953856,FALSE
18-05-1996 08:00,32.5,0.0027,7.5816,FALSE
20-05-1996 08:00,54.54,0.0028,13.1943168,FALSE
21-05-1996 08:00,68,0.003,17.6256,FALSE
22-05-1996 08:00,67.36,0.0031,18.0417024,FALSE
23-05-1996 08:00,33.47,0.0027,7.8078816,FALSE
24-05-1996 08:00,60.84,0.0031,16.2953856,FALSE
25-05-1996 08:00,55.03,0.0029,13.7883168,FALSE
27-05-1996 08:00,73.14,0.0027,17.0620992,FALSE
29-05-1996 08:00,51.99,0.0028,12.5774208,FALSE
30-05-1996 08:00,86.39,0.0035,26.124336,FALSE
31-05-1996 08:00,73.47,0.0034,21.5825472,FALSE
01-06-1996 08:00,64.98,0.003,16.842816,FALSE
03-06-1996 08:00,68.34,0.0034,20.0755584,FALSE
04-06-1996 08:00,72.69,0.0032,20.0973312,FALSE
05-06-1996 08:00,76.25,0.0028,18.4464,FALSE
06-06-1996 08:00,73.96,0.0031,19.8094464,FALSE
07-06-1996 08:00,66.37,0.0027,15.4827936,FALSE
08-06-1996 08:00,73.65,0.0028,17.817408,FALSE
10-06-1996 08:00,75.4,0.0028,18.240768,FALSE
11-06-1996 08:00,88.15,0.0034,25.894944,FALSE
12-06-1996 08:00,82.74,0.003,21.446208,FALSE
13-06-1996 08:00,82.09,0.0027,19.1499552,FALSE
14-06-1996 08:00,274.4,0.0629,1491.243264,FALSE
15-06-1996 08:00,387.3,0.068,2275.46496,FALSE
17-06-1996 08:00,512.7,0.072,3189.40416,FALSE
18-06-1996 08:00,375.9,0.0652,2117.549952,FALSE
19-06-1996 08:00,893.2,0.1281,9885.794688,FALSE
20-06-1996 08:00,672.7,0.0858,4986.805824,FALSE
21-06-1996 08:00,610.2,0.0857,4518.213696,FALSE
22-06-1996 08:00,494.4,0.0695,2968.77312,FALSE
24-06-1996 08:00,227.9,0.0508,1000.280448,FALSE
25-06-1996 08:00,197.7,0.0337,575.639136,FALSE
26-06-1996 08:00,150.7,0.0226,294.262848,FALSE
27-06-1996 08:00,117.2,0.0222,224.798976,FALSE
28-06-1996 08:00,113.2,0.0226,221.038848,FALSE
29-06-1996 08:00,107.1,0.0226,209.127744,FALSE
01-07-1996 08:00,98.38,0.0023,19.5500736,FALSE
02-07-1996 08:00,79.14,0.0024,16.4104704,FALSE
03-07-1996 08:00,75.74,0.0051,33.3740736,FALSE
04-07-1996 08:00,71.82,0.0047,29.1646656,FALSE
05-07-1996 08:00,72.03,0.005,31.11696,FALSE
06-07-1996 08:00,76.05,0.0055,36.13896,FALSE
08-07-1996 08:00,97.45,0.0066,55.569888,FALSE
09-07-1996 08:00,299.9,0.074,1917.44064,FALSE
10-07-1996 08:00,242.7,0.07,1467.8496,FALSE
11-07-1996 08:00,360.7,0.0728,2268.774144,FALSE
12-07-1996 08:00,366.2,0.0737,2331.844416,FALSE
13-07-1996 08:00,384.2,0.0805,2672.18784,FALSE
15-07-1996 08:00,303,0.0684,1790.65728,FALSE
16-07-1996 08:00,360.3,0.0721,2244.467232,FALSE
17-07-1996 08:00,529.6,0.0823,3765.837312,FALSE
18-07-1996 08:00,544.5,0.0768,3613.04064,FALSE
19-07-1996 08:00,786.9,0.0869,5908.171104,FALSE
20-07-1996 08:00,1134,0.2,19595.52,FALSE
22-07-1996 08:00,1039,0.1421,12756.26016,FALSE
23-07-1996 08:00,1193,0.2019,20810.88288,FALSE
24-07-1996 08:00,888.1,0.1115,8555.60016,FALSE
25-07-1996 08:00,1083,0.1105,10339.6176,FALSE
26-07-1996 08:00,1134,0.1157,11336.00832,FALSE
27-07-1996 08:00,912.4,0.1073,8458.604928,FALSE
30-07-1996 08:00,780.3,0.0997,6721.566624,FALSE
31-07-1996 08:00,495,0.0868,3712.2624,FALSE
01-08-1996 08:00,453.5,0.0669,2621.30256,FALSE
02-08-1996 08:00,430,0.0599,2225.4048,FALSE
03-08-1996 08:00,319.1,0.0555,1530.14832,FALSE
05-08-1996 08:00,245.4,0.0395,837.50112,FALSE
06-08-1996 08:00,310.5,0.042,1126.7424,FALSE
07-08-1996 08:00,374.7,0.0408,1320.862464,FALSE
08-08-1996 08:00,267.6,0.0382,883.208448,FALSE
09-08-1996 08:00,223,0.0322,620.40384,FALSE
10-08-1996 08:00,205.7,0.0289,513.624672,FALSE
12-08-1996 08:00,308.5,0.0406,1082.16864,FALSE
13-08-1996 08:00,791.7,0.0914,6252.023232,FALSE
14-08-1996 08:00,468.3,0.0611,2472.174432,FALSE
16-08-1996 08:00,632.1,0.0822,4489.224768,FALSE
17-08-1996 08:00,479.3,0.0607,2513.679264,FALSE
19-08-1996 08:00,451.6,0.0582,2270.861568,FALSE
20-08-1996 08:00,378.3,0.0387,1264.914144,FALSE
21-08-1996 08:00,296.4,0.0348,891.191808,FALSE
22-08-1996 08:00,379.3,0.0356,1166.666112,FALSE
23-08-1996 08:00,529.9,0.0611,2797.363296,FALSE
24-08-1996 08:00,697.2,0.0814,4903.379712,FALSE
26-08-1996 08:00,427.9,0.0596,2203.445376,FALSE
29-08-1996 08:00,329.9,0.0331,943.461216,FALSE
30-08-1996 08:00,309.3,0.0312,833.773824,FALSE
31-08-1996 08:00,239.5,0.0206,426.27168,FALSE
05-09-1996 08:00,343.1,0.0332,984.175488,FALSE
07-09-1996 08:00,642.8,0.0695,3859.88544,FALSE
09-09-1996 08:00,303.3,0.0331,867.389472,FALSE
10-09-1996 08:00,300.9,0.0332,863.125632,FALSE
11-09-1996 08:00,292.9,0.0299,756.666144,FALSE
12-09-1996 08:00,425.8,0.0366,1346.481792,FALSE
13-09-1996 08:00,372.6,0.0321,1033.383744,FALSE
14-09-1996 08:00,366.4,0.033,1044.67968,FALSE
16-09-1996 08:00,388.5,0.0127,426.29328,FALSE
17-09-1996 08:00,376.4,0.0122,396.755712,FALSE
19-09-1996 08:00,378.6,0.0109,356.550336,FALSE
20-09-1996 08:00,616.1,0.0269,1431.914976,FALSE
21-09-1996 08:00,329.5,0.0137,390.02256,FALSE
23-09-1996 08:00,275,0.0135,320.76,FALSE
24-09-1996 08:00,279.9,0.0103,249.088608,FALSE
25-09-1996 08:00,393,0.0317,1076.37984,FALSE
26-09-1996 08:00,362.7,0.0307,962.054496,FALSE
27-09-1996 10:00,300.1,0.0179,464.122656,FALSE
30-09-1996 17:00,597.7,0.0117,604.202976,FALSE
01-10-1996 08:00,513.8,0.0106,470.558592,FALSE
03-10-1996 08:00,364.1,0.0059,185.603616,FALSE
04-10-1996 08:00,283.7,0.0131,321.103008,FALSE
05-10-1996 08:00,318.2,0.0168,461.873664,FALSE
07-10-1996 08:00,219.9,0.006,113.99616,FALSE
08-10-1996 08:00,248.2,0.0073,156.544704,FALSE
09-10-1996 08:00,257.6,0.0073,162.473472,FALSE
10-10-1996 08:00,312.8,0.0112,302.690304,FALSE
11-10-1996 08:00,367.3,0.03,952.0416,FALSE
12-10-1996 08:00,299.9,0.0078,202.108608,FALSE
14-10-1996 08:00,309.7,0.0078,208.713024,FALSE
15-10-1996 08:00,417.2,0.0414,1492.307712,FALSE
16-10-1996 08:00,384.4,0.0658,2185.360128,FALSE
17-10-1996 08:00,443.6,0.0394,1510.085376,FALSE
18-10-1996 08:00,391.1,0.0475,1605.0744,FALSE
19-10-1996 08:00,465.3,0.0496,1994.015232,FALSE
22-10-1996 08:00,264,0.0109,248.62464,FALSE
23-10-1996 08:00,241.2,0.0077,160.465536,FALSE
24-10-1996 08:00,219.9,0.0134,254.591424,FALSE
25-10-1996 08:00,194.9,0.0116,195.336576,FALSE
26-10-1996 08:00,191.3,0.0053,87.600096,FALSE
29-10-1996 08:00,164.6,0.0031,44.086464,FALSE
31-10-1996 08:00,151.9,0.0025,32.8104,FALSE
04-11-1996 08:00,140.8,0.0017,20.680704,FALSE
05-11-1996 08:00,38.65,0.0012,4.007232,FALSE
06-11-1996 08:00,30.81,0.0011,2.9281824,FALSE
07-11-1996 08:00,34.35,0.0012,3.561408,FALSE
08-11-1996 08:00,53.4,0.0012,5.536512,FALSE
09-11-1996 08:00,125,0.0012,12.96,FALSE
13-11-1996 08:00,156.4,0.0013,17.566848,FALSE
16-11-1996 08:00,38.7,0.0009,3.009312,FALSE
26-11-1996 08:00,157.3,0.0018,24.463296,FALSE
27-11-1996 08:00,61.99,0.0012,6.4271232,FALSE
28-11-1996 08:00,81.02,0.002,14.000256,FALSE
29-11-1996 08:00,108.3,0.0011,10.292832,FALSE
30-11-1996 08:00,106.3,0.0012,11.021184,FALSE
02-12-1996 08:00,80.21,0.0009,6.2371296,FALSE
03-12-1996 08:00,80.22,0.0011,7.6241088,FALSE
04-12-1996 08:00,112.3,0.0012,11.643264,FALSE
05-12-1996 08:00,75.58,0.001,6.530112,FALSE
06-12-1996 08:00,53.13,0.0011,5.0494752,FALSE
07-12-1996 08:00,75.49,0.001,6.522336,FALSE
09-12-1996 08:00,53.94,0.0011,5.1264576,FALSE
11-12-1996 08:00,81.29,0.0014,9.8328384,FALSE
12-12-1996 08:00,140.6,0.0013,15.792192,FALSE
16-12-1996 08:00,295.2,0.0019,48.460032,FALSE
17-12-1996 08:00,135.2,0.0016,18.690048,FALSE
18-12-1996 08:00,83.19,0.002,14.375232,FALSE
19-12-1996 08:00,109.3,0.0019,17.942688,FALSE
20-12-1996 08:00,82.25,0.0021,14.92344,FALSE
26-12-1996 08:00,54.6,0.0014,6.604416,FALSE
27-12-1996 08:00,50.46,0.0013,5.6676672,FALSE
28-12-1996 08:00,55.74,0.0015,7.223904,FALSE
30-12-1996 08:00,37.5,0.0011,3.564,FALSE
31-12-1996 08:00,48.53,0.0013,5.4508896,FALSE
01-01-1997 08:00,48.19,0.0012,4.9963392,FALSE
02-01-1997 08:00,47.39,0.0013,5.3228448,FALSE
03-01-1997 08:00,46.5,0.0012,4.82112,FALSE
04-01-1997 08:00,46.34,0.0013,5.2049088,FALSE
06-01-1997 08:00,38.82,0.0011,3.6894528,FALSE
07-01-1997 08:00,38.67,0.0009,3.0069792,FALSE
08-01-1997 08:00,45.7,0.0012,4.738176,FALSE
10-01-1997 08:00,29.83,0.0009,2.3195808,FALSE
11-01-1997 08:00,30.17,0.0009,2.3460192,FALSE
13-01-1997 08:00,30.09,0.0009,2.3397984,FALSE
14-01-1997 08:00,29.78,0.0008,2.0583936,FALSE
15-01-1997 08:00,68.76,0.0013,7.7231232,FALSE
16-01-1997 08:00,30.97,0.0008,2.1406464,FALSE
17-01-1997 08:00,33.54,0.0009,2.6080704,FALSE
18-01-1997 08:00,33.33,0.0009,2.5917408,FALSE
20-01-1997 08:00,30.37,0.0009,2.3615712,FALSE
21-01-1997 08:00,30.84,0.0009,2.3981184,FALSE
22-01-1997 08:00,29.5,0.0009,2.29392,FALSE
24-01-1997 08:00,27.93,0.0009,2.1718368,FALSE
25-01-1997 08:00,27.97,0.0008,1.9332864,FALSE
27-01-1997 08:00,28.47,0.0008,1.9678464,FALSE
28-01-1997 08:00,29.05,0.0008,2.007936,FALSE
29-01-1997 08:00,29.58,0.0008,2.0445696,FALSE
30-01-1997 08:00,48.64,0.001,4.202496,FALSE
31-01-1997 08:00,47.4,0.0012,4.914432,FALSE
01-02-1997 08:00,47.89,0.001,4.137696,FALSE
03-02-1997 08:00,52.24,0.001,4.513536,FALSE
04-02-1997 08:00,34.47,0.0008,2.3825664,FALSE
05-02-1997 08:00,34.69,0.0009,2.6974944,FALSE
06-02-1997 08:00,48.61,0.0009,3.7799136,FALSE
07-02-1997 08:00,49.59,0.0009,3.8561184,FALSE
08-02-1997 08:00,58.97,0.0011,5.6045088,FALSE
10-02-1997 08:00,60.25,0.0015,7.8084,FALSE
11-02-1997 08:00,32.12,0.0015,4.162752,FALSE
12-02-1997 08:00,31.6,0.0009,2.457216,FALSE
13-02-1997 08:00,35.12,0.001,3.034368,FALSE
14-02-1997 08:00,43.34,0.0011,4.1190336,FALSE
15-02-1997 08:00,43.16,0.0011,4.1019264,FALSE
17-02-1997 08:00,44.17,0.0011,4.1979168,FALSE
18-02-1997 08:00,34.35,0.001,2.96784,FALSE
19-02-1997 08:00,31.86,0.0011,3.0279744,FALSE
20-02-1997 08:00,33.47,0.001,2.891808,FALSE
21-02-1997 08:00,37.58,0.0011,3.5716032,FALSE
22-02-1997 08:00,57.16,0.0012,5.9263488,FALSE
24-02-1997 08:00,52.73,0.0015,6.833808,FALSE
25-02-1997 08:00,33.97,0.0013,3.8155104,FALSE
26-02-1997 08:00,54.92,0.0016,7.5921408,FALSE
27-02-1997 08:00,55.4,0.0018,8.615808,FALSE
28-02-1997 08:00,37.23,0.0012,3.8600064,FALSE
01-03-1997 08:00,37.48,0.0011,3.5620992,FALSE
03-03-1997 08:00,31.88,0.0011,3.0298752,FALSE
04-03-1997 08:00,40.92,0.0013,4.5961344,FALSE
05-03-1997 08:00,50.56,0.0014,6.1157376,FALSE
06-03-1997 08:00,65.16,0.0024,13.5115776,FALSE
08-03-1997 08:00,43.67,0.0013,4.9050144,FALSE
10-03-1997 08:00,62.11,0.0014,7.5128256,FALSE
11-03-1997 08:00,39.97,0.0012,4.1440896,FALSE
12-03-1997 08:00,61.89,0.0014,7.4862144,FALSE
13-03-1997 08:00,43.24,0.0011,4.1095296,FALSE
14-03-1997 08:00,61.54,0.0014,7.4438784,FALSE
15-03-1997 08:00,43.15,0.0015,5.59224,FALSE
17-03-1997 08:00,40.17,0.0014,4.8589632,FALSE
18-03-1997 08:00,44.3,0.0014,5.358528,FALSE
19-03-1997 08:00,46.13,0.0017,6.7755744,FALSE
20-03-1997 08:00,67.94,0.002,11.740032,FALSE
21-03-1997 08:00,61.93,0.002,10.701504,FALSE
22-03-1997 08:00,62.77,0.0021,11.3889888,FALSE
25-03-1997 08:00,40.78,0.0014,4.9327488,FALSE
26-03-1997 08:00,45.37,0.0016,6.2719488,FALSE
29-03-1997 08:00,40.59,0.0016,5.6111616,FALSE
31-03-1997 08:00,39.37,0.0012,4.0818816,FALSE
01-04-1997 08:00,34.5,0.001,2.9808,FALSE
02-04-1997 08:00,44.43,0.0014,5.3742528,FALSE
03-04-1997 08:00,49.17,0.0015,6.372432,FALSE
04-04-1997 08:00,47.65,0.0014,5.763744,FALSE
05-04-1997 08:00,44.08,0.0015,5.712768,FALSE
07-04-1997 08:00,62.76,0.002,10.844928,FALSE
08-04-1997 08:00,43.07,0.0014,5.2097472,FALSE
09-04-1997 08:00,42.85,0.0014,5.183136,FALSE
10-04-1997 08:00,42.38,0.0014,5.1262848,FALSE
11-04-1997 08:00,40.52,0.0014,4.9012992,FALSE
12-04-1997 08:00,41.7,0.0014,5.044032,FALSE
15-04-1997 08:00,39.15,0.0014,4.735584,FALSE
17-04-1997 08:00,40.02,0.0012,4.1492736,FALSE
21-04-1997 08:00,40.41,0.0013,4.5388512,FALSE
22-04-1997 08:00,38.65,0.0012,4.007232,FALSE
23-04-1997 08:00,37.31,0.0012,3.8683008,FALSE
24-04-1997 08:00,37.49,0.0012,3.8869632,FALSE
25-04-1997 08:00,35.8,0.001,3.09312,FALSE
26-04-1997 08:00,36.25,0.0009,2.8188,FALSE
28-04-1997 08:00,36.86,0.0012,3.8216448,FALSE
29-04-1997 08:00,38.93,0.0012,4.0362624,FALSE
30-04-1997 08:00,43.54,0.0018,6.7713408,FALSE
01-05-1997 08:00,47.81,0.0018,7.4354112,FALSE
02-05-1997 08:00,41.05,0.0017,6.029424,FALSE
03-05-1997 08:00,41.54,0.0018,6.4603008,FALSE
05-05-1997 08:00,43.44,0.0018,6.7557888,FALSE
06-05-1997 08:00,49.45,0.0019,8.117712,FALSE
07-05-1997 08:00,80.52,0.0048,33.3932544,FALSE
08-05-1997 08:00,114.4,0.0055,54.36288,FALSE
09-05-1997 08:00,90.38,0.0046,35.9206272,FALSE
12-05-1997 08:00,75.51,0.003,19.572192,FALSE
13-05-1997 08:00,83.13,0.0043,30.8844576,FALSE
14-05-1997 08:00,67.79,0.0033,19.3282848,FALSE
15-05-1997 08:00,60.55,0.0035,18.31032,FALSE
16-05-1997 08:00,84.36,0.004,29.154816,FALSE
19-05-1997 08:00,47.96,0.0023,9.5306112,FALSE
20-05-1997 08:00,71.35,0.0037,22.809168,FALSE
21-05-1997 08:00,41.4,0.0022,7.869312,FALSE
23-05-1997 08:00,38.93,0.0022,7.3998144,FALSE
24-05-1997 08:00,34.17,0.0018,5.3141184,FALSE
26-05-1997 08:00,108.8,0.0036,33.841152,FALSE
27-05-1997 08:00,34.59,0.0017,5.0805792,FALSE
28-05-1997 08:00,74.16,0.0024,15.3778176,FALSE
29-05-1997 08:00,78.27,0.0022,14.8775616,FALSE
30-05-1997 08:00,45.43,0.0016,6.2802432,FALSE
31-05-1997 08:00,81.52,0.0029,20.4256512,FALSE
02-06-1997 09:15,74.2,0.0025,16.0272,FALSE
03-06-1997 09:15,52.53,0.0018,8.1694656,FALSE
04-06-1997 10:15,121,0.0035,36.5904,FALSE
05-06-1997 09:15,82.63,0.0029,20.7037728,FALSE
06-06-1997 09:15,34.17,0.0015,4.428432,FALSE
07-06-1997 09:15,41.4,0.0015,5.36544,FALSE
10-06-1997 09:15,69.45,0.0024,14.401152,FALSE
11-06-1997 09:15,46.91,0.0017,6.8901408,FALSE
12-06-1997 09:15,66.19,0.0023,13.1532768,FALSE
13-06-1997 09:15,72.8,0.0025,15.7248,FALSE
14-06-1997 08:30,41.66,0.0023,8.2786752,FALSE
16-06-1997 09:15,32.19,0.0019,5.2843104,FALSE
17-06-1997 09:15,36.61,0.0024,7.5914496,FALSE
18-06-1997 09:15,38.81,0.0023,7.7123232,FALSE
19-06-1997 09:15,47.04,0.0022,8.9413632,FALSE
20-06-1997 09:15,34.44,0.0015,4.463424,FALSE
21-06-1997 09:15,33.76,0.0012,3.5002368,FALSE
23-06-1997 09:15,34.9,0.0011,3.316896,FALSE
24-06-1997 09:15,42.67,0.0015,5.530032,FALSE
25-06-1997 09:15,82.82,0.0022,15.7424256,FALSE
26-06-1997 09:15,82.2,0.0022,15.624576,FALSE
27-06-1997 09:15,49.34,0.0024,10.2311424,FALSE
28-06-1997 09:15,116.2,0.003,30.11904,FALSE
30-06-1997 09:15,762.4,0.0282,1857.572352,FALSE
02-07-1997 09:15,677,0.0215,1257.5952,FALSE
03-07-1997 09:15,366.7,0.0165,522.76752,FALSE
04-07-1997 09:15,313.3,0.0162,438.519744,FALSE
05-07-1997 09:15,323.1,0.0176,491.318784,FALSE
07-07-1997 09:15,664.6,0.0329,1889.165376,FALSE
08-07-1997 09:15,385.4,0.0204,679.290624,FALSE
10-07-1997 09:15,252.1,0.0161,350.681184,FALSE
12-07-1997 09:15,250.2,0.0189,408.566592,FALSE
14-07-1997 09:15,457.8,0.0276,1091.688192,FALSE
16-07-1997 09:15,799,0.0825,5695.272,FALSE
18-07-1997 09:15,684.4,0.0636,3760.805376,FALSE
21-07-1997 09:15,627.7,0.0797,4322.392416,FALSE
22-07-1997 09:15,1762,0.1997,30401.68896,FALSE
23-07-1997 09:15,755.7,0.0968,6320.312064,FALSE
24-07-1997 10:00,1928,0.2212,36847.31904,FALSE
25-07-1997 09:15,1718,0.1529,22695.74208,FALSE
26-07-1997 09:15,960.2,0.0856,7101.485568,FALSE
28-07-1997 09:15,707.6,0.0426,2604.420864,FALSE
29-07-1997 09:15,480.9,0.0206,855.925056,FALSE
30-07-1997 09:15,460.6,0.0205,815.81472,FALSE
31-07-1997 09:45,691.2,0.0243,1451.188224,FALSE
01-08-1997 09:15,600.2,0.0205,1063.07424,FALSE
02-08-1997 09:15,873.9,0.0386,2914.491456,FALSE
05-08-1997 09:15,507.6,0.031,1359.55584,FALSE
06-08-1997 09:15,417.5,0.0205,739.476,FALSE
08-08-1997 09:15,762.9,0.0398,2623.399488,FALSE
09-08-1997 09:15,494.8,0.0223,953.341056,FALSE
11-08-1997 11:15,406.6,0.0201,706.117824,FALSE
12-08-1997 09:15,332.6,0.0172,494.270208,FALSE
13-08-1997 09:15,364.2,0.0168,528.643584,FALSE
20-08-1997 09:15,273.4,0.004,94.48704,FALSE
21-08-1997 09:15,314.2,0.0075,203.6016,FALSE
22-08-1997 09:15,805.4,0.0397,2762.586432,FALSE
23-08-1997 09:15,582,0.0242,1216.89216,FALSE
25-08-1997 09:15,376.8,0.0152,494.843904,FALSE
26-08-1997 09:15,314.6,0.0112,304.432128,FALSE
27-08-1997 09:15,376.5,0.0135,439.1496,FALSE
28-08-1997 12:00,451.6,0.0254,991.063296,FALSE
29-08-1997 09:15,659.9,0.0359,2046.851424,FALSE
30-08-1997 09:15,714.3,0.0387,2388.390624,FALSE
01-09-1997 09:15,409.7,0.0196,693.802368,FALSE
02-09-1997 09:15,317.3,0.0109,298.820448,FALSE
03-09-1997 09:00,302.7,0.0069,180.457632,FALSE
04-09-1997 09:00,274.1,0.0051,120.779424,FALSE
05-09-1997 09:00,238.7,0.0032,65.995776,FALSE
06-09-1997 09:15,262.9,0.0033,74.958048,FALSE
08-09-1997 09:15,269.6,0.0036,83.856384,FALSE
09-09-1997 09:15,215.9,0.0019,35.442144,FALSE
10-09-1997 09:15,207.1,0.002,35.78688,FALSE
11-09-1997 09:15,227.2,0.0019,37.297152,FALSE
12-09-1997 09:15,360.3,0.0176,547.886592,FALSE
13-09-1997 09:15,227.8,0.0044,86.600448,FALSE
15-09-1997 09:15,228.6,0.0045,88.87968,FALSE
16-09-1997 09:15,585.5,0.0145,733.5144,FALSE
17-09-1997 09:15,303.7,0.0094,246.652992,FALSE
18-09-1997 09:15,341.3,0.011,324.37152,FALSE
19-09-1997 09:15,455.6,0.0144,566.839296,FALSE
20-09-1997 09:15,464.6,0.0149,598.107456,FALSE
23-09-1997 15:45,451.6,0.0235,916.92864,FALSE
24-09-1997 09:15,446.3,0.0064,246.786048,FALSE
25-09-1997 09:15,335.3,0.0044,127.467648,FALSE
26-09-1997 09:15,309.9,0.0044,117.811584,FALSE
27-09-1997 09:15,241.4,0.003,62.57088,FALSE
29-09-1997 09:15,217,0.0026,48.74688,FALSE
30-09-1997 09:15,237,0.0018,36.85824,FALSE
01-10-1997 09:15,231.8,0.0018,36.049536,FALSE
03-10-1997 09:15,31.86,0.0014,3.8537856,FALSE
04-10-1997 09:15,68.26,0.0014,8.2567296,FALSE
06-10-1997 09:15,223.6,0.0018,34.774272,FALSE
08-10-1997 09:15,223.1,0.0019,36.624096,FALSE
09-10-1997 09:15,226.2,0.002,39.08736,FALSE
16-10-1997 09:15,291.8,0.0017,42.859584,FALSE
25-10-1997 09:15,363.9,0.0066,207.510336,FALSE
28-10-1997 09:15,333.1,0.0033,94.973472,FALSE
29-10-1997 09:15,202.4,0.0014,24.482304,FALSE
31-10-1997 09:15,380.1,0.0025,82.1016,FALSE
01-11-1997 09:15,456.5,0.0043,169.59888,FALSE
03-11-1997 09:15,567.2,0.01,490.0608,FALSE
04-11-1997 10:15,375.4,0.0077,249.746112,FALSE
05-11-1997 09:15,310,0.0056,149.9904,FALSE
06-11-1997 09:15,323.7,0.0059,165.009312,FALSE
07-11-1997 09:15,321.5,0.0046,127.77696,FALSE
10-11-1997 16:15,364.3,0.0091,286.427232,FALSE
11-11-1997 11:45,249.8,0.0063,135.971136,FALSE
12-11-1997 09:15,311.3,0.0092,247.446144,FALSE
13-11-1997 09:15,233.4,0.0034,68.563584,FALSE
17-11-1997 09:15,219.2,0.0018,34.089984,FALSE
18-11-1997 09:15,323.7,0.0038,106.277184,FALSE
19-11-1997 09:15,221,0.0019,36.27936,FALSE
25-11-1997 09:15,601.9,0.0257,1336.506912,FALSE
01-12-1997 08:30,155.8,0.0016,21.537792,FALSE
02-12-1997 08:30,94.12,0.0012,9.7583616,FALSE
03-12-1997 09:00,184.8,0.002,31.93344,FALSE
04-12-1997 08:30,97.86,0.0013,10.9916352,FALSE
05-12-1997 08:30,95.04,0.0015,12.317184,FALSE
06-12-1997 08:30,94.72,0.0015,12.275712,FALSE
08-12-1997 09:30,154.3,0.0017,22.663584,FALSE
09-12-1997 09:00,156.4,0.0026,35.133696,FALSE
10-12-1997 08:30,143.5,0.0023,28.51632,FALSE
11-12-1997 08:30,91.3,0.0019,14.987808,FALSE
12-12-1997 08:30,144.7,0.0022,27.504576,FALSE
13-12-1997 08:30,90.03,0.0018,14.0014656,FALSE
15-12-1997 09:00,91.56,0.0019,15.0304896,FALSE
26-12-1997 08:30,97.8,0.0019,16.054848,FALSE
27-12-1997 08:30,92.41,0.0028,22.3558272,FALSE
29-12-1997 09:30,83.9,0.0019,13.773024,FALSE
01-01-1998 08:30,116.2,0.0013,13.051584,FALSE
02-01-1998 09:00,69.35,0.0013,7.789392,FALSE
03-01-1998 08:30,72.09,0.0013,8.0971488,FALSE
07-01-1998 08:30,64.49,0.0015,8.357904,FALSE
16-01-1998 10:00,57.45,0.0012,5.956416,FALSE
28-01-1998 08:30,41.8,0.0009,3.250368,FALSE
29-01-1998 08:30,68.48,0.001,5.916672,FALSE
02-02-1998 09:00,66.65,0.0012,6.910272,FALSE
03-02-1998 08:30,64.06,0.0014,7.7486976,FALSE
04-02-1998 08:30,44.97,0.0011,4.2739488,FALSE
05-02-1998 08:30,58.59,0.0014,7.0870464,FALSE
06-02-1998 08:30,86.14,0.0019,14.1407424,FALSE
07-02-1998 08:30,58.86,0.0015,7.628256,FALSE
09-02-1998 08:30,45.47,0.001,3.928608,FALSE
10-02-1998 08:30,57,0.0012,5.90976,FALSE
11-02-1998 08:30,51.52,0.0012,5.3415936,FALSE
12-02-1998 08:30,38.68,0.0008,2.6735616,FALSE
13-02-1998 08:30,50.83,0.001,4.391712,FALSE
14-02-1998 08:30,36.11,0.0008,2.4959232,FALSE
16-02-1998 09:30,39.58,0.0009,3.0777408,FALSE
17-02-1998 08:30,37.03,0.0008,2.5595136,FALSE
18-02-1998 08:30,103.9,0.0024,21.544704,FALSE
19-02-1998 08:30,48.79,0.0009,3.7939104,FALSE
20-02-1998 08:30,40.03,0.0009,3.1127328,FALSE
21-02-1998 08:30,51.96,0.0012,5.3872128,FALSE
23-02-1998 09:30,51.39,0.0012,5.3281152,FALSE
24-02-1998 08:30,42.03,0.001,3.631392,FALSE
26-02-1998 08:30,48.88,0.0011,4.6455552,FALSE
27-02-1998 08:30,40.5,0.0012,4.19904,FALSE
02-03-1998 09:00,59.46,0.0011,5.6510784,FALSE
03-03-1998 08:30,40.84,0.0011,3.8814336,FALSE
04-03-1998 08:30,49.45,0.001,4.27248,FALSE
05-03-1998 08:30,35.92,0.0009,2.7931392,FALSE
06-03-1998 08:30,48.23,0.0011,4.5837792,FALSE
07-03-1998 08:30,60.83,0.0015,7.883568,FALSE
09-03-1998 08:30,66.11,0.002,11.423808,FALSE
10-03-1998 08:30,40.7,0.0012,4.219776,FALSE
11-03-1998 08:30,48.2,0.0012,4.997376,FALSE
12-03-1998 08:30,48.04,0.0011,4.5657216,FALSE
13-03-1998 08:30,61.72,0.0015,7.998912,FALSE
14-03-1998 08:30,47.79,0.0012,4.9548672,FALSE
30-03-1998 09:00,61.02,0.0017,8.9626176,FALSE
31-03-1998 08:30,59.65,0.0012,6.184512,FALSE
01-04-1998 08:30,57.69,0.0013,6.4797408,FALSE
02-04-1998 08:30,64.6,0.0017,9.488448,FALSE
03-04-1998 08:30,56.67,0.0014,6.8548032,FALSE
04-04-1998 08:30,57.42,0.0014,6.9455232,FALSE
06-04-1998 08:30,62.5,0.0017,9.18,FALSE
08-04-1998 08:30,59.9,0.0017,8.798112,FALSE
11-04-1998 08:30,53.84,0.0017,7.9080192,FALSE
13-04-1998 08:30,49.82,0.0012,5.1653376,FALSE
15-04-1998 08:30,56.52,0.0015,7.324992,FALSE
16-04-1998 08:30,54.01,0.0013,6.0664032,FALSE
17-04-1998 08:30,55.74,0.0014,6.7423104,FALSE
18-04-1998 08:30,68.73,0.0013,7.7197536,FALSE
22-04-1998 09:00,64.11,0.0022,12.1860288,FALSE
27-04-1998 09:00,71.95,0.0025,15.5412,FALSE
28-04-1998 08:30,47.14,0.0011,4.4801856,FALSE
29-04-1998 08:30,48.8,0.0013,5.481216,FALSE
30-04-1998 08:30,68.59,0.0018,10.6671168,FALSE
01-05-1998 08:30,56.66,0.0015,7.343136,FALSE
04-05-1998 09:00,64.45,0.0016,8.909568,FALSE
05-05-1998 08:30,62.19,0.0016,8.5971456,FALSE
06-05-1998 08:30,63.17,0.0017,9.2784096,FALSE
08-05-1998 08:30,62.46,0.0018,9.7137792,FALSE
09-05-1998 08:30,62.78,0.0016,8.6787072,FALSE
12-05-1998 08:30,73.9,0.0021,13.408416,FALSE
13-05-1998 08:30,71.46,0.002,12.348288,FALSE
14-05-1998 08:30,63.37,0.0017,9.3077856,FALSE
15-05-1998 08:30,79.65,0.002,13.76352,FALSE
18-05-1998 08:30,72.73,0.0019,11.9393568,FALSE
19-05-1998 08:30,61.16,0.0016,8.4547584,FALSE
20-05-1998 08:30,45.78,0.0011,4.3509312,FALSE
21-05-1998 08:30,72.86,0.0021,13.2197184,FALSE
22-05-1998 08:30,73.8,0.002,12.75264,FALSE
23-05-1998 08:30,73,0.0018,11.35296,FALSE
25-05-1998 10:00,70.76,0.0021,12.8386944,FALSE
26-05-1998 08:30,54.31,0.0017,7.9770528,FALSE
28-05-1998 08:30,64.62,0.0017,9.4913856,FALSE
29-05-1998 08:30,35.88,0.0011,3.4100352,FALSE
30-05-1998 08:30,38.17,0.0014,4.6170432,FALSE
01-06-1998 08:00,62.94,0.0011,5.9818176,FALSE
02-06-1998 08:00,36.57,0.0013,4.1075424,FALSE
03-06-1998 08:00,45.39,0.0012,4.7060352,FALSE
04-06-1998 08:00,36.41,0.0011,3.4604064,FALSE
05-06-1998 08:00,39.34,0.0011,3.7388736,FALSE
06-06-1998 08:00,34.75,0.0008,2.40192,FALSE
08-06-1998 08:00,34.89,0.0008,2.4115968,FALSE
09-06-1998 08:00,34.38,0.0008,2.3763456,FALSE
10-06-1998 08:00,36.24,0.0013,4.0704768,FALSE
11-06-1998 08:00,72.814,0.0017,10.69492032,FALSE
12-06-1998 08:00,73,0.0017,10.72224,FALSE
13-06-1998 08:00,55.6,0.0013,6.244992,FALSE
15-06-1998 08:00,71,0.0016,9.81504,FALSE
17-06-1998 08:00,69.4,0.0015,8.99424,FALSE
26-06-1998 08:00,1003,0.0969,8397.27648,FALSE
27-06-1998 08:00,603.8,0.0601,3135.316032,FALSE
29-06-1998 08:00,1178,0.1191,12121.90272,FALSE
01-07-1998 08:00,1178,0.1159,11796.20928,FALSE
02-07-1998 08:00,737,0.0633,4030.74144,FALSE
03-07-1998 08:00,677.3,0.0668,3909.050496,FALSE
08-07-1998 08:00,357.3,0.0215,663.72048,FALSE
09-07-1998 08:00,306.5,0.0205,542.8728,FALSE
11-07-1998 08:00,676.9,0.0559,3269.264544,FALSE
13-07-1998 08:00,1302,0.1552,17458.88256,FALSE
14-07-1998 08:00,781.3,0.0616,4158.266112,FALSE
16-07-1998 08:00,582.5,0.0475,2390.58,FALSE
17-07-1998 08:00,633.1,0.0494,2702.172096,FALSE
18-07-1998 08:00,699.6,0.0466,2816.757504,FALSE
20-07-1998 08:00,637.8,0.05,2755.296,FALSE
21-07-1998 08:00,503.8,0.0271,1179.617472,FALSE
22-07-1998 08:00,392.1,0.0175,592.8552,FALSE
23-07-1998 08:00,408.4,0.016,564.57216,FALSE
24-07-1998 10:30,358.9,0.0118,365.905728,FALSE
25-07-1998 10:00,956.5,0.0713,5892.34608,FALSE
29-07-1998 08:00,720.6,0.0455,2832.82272,FALSE
01-08-1998 08:00,774.1,0.0483,3230.412192,FALSE
03-08-1998 08:00,611.3,0.0468,2471.803776,FALSE
04-08-1998 08:00,524.4,0.0302,1368.306432,FALSE
05-08-1998 08:00,707.2,0.0455,2780.14464,FALSE
06-08-1998 08:00,599.9,0.0404,2093.986944,FALSE
07-08-1998 08:00,509.8,0.0273,1202.475456,FALSE
08-08-1998 08:00,591.2,0.0348,1777.572864,FALSE
10-08-1998 08:00,651.2,0.044,2475.60192,FALSE
11-08-1998 08:00,673.1,0.0363,2111.056992,FALSE
12-08-1998 08:00,848.9,0.0454,3329.861184,FALSE
13-08-1998 08:00,688.7,0.03,1785.1104,FALSE
14-08-1998 08:00,624.6,0.0307,1656.739008,FALSE
18-08-1998 08:00,515.3,0.0224,997.291008,FALSE
19-08-1998 08:00,571,0.025,1233.36,FALSE
20-08-1998 08:00,541.6,0.0211,987.358464,FALSE
21-08-1998 08:00,638,0.0339,1868.67648,FALSE
22-08-1998 08:00,636.2,0.0353,1940.359104,FALSE
24-08-1998 08:00,731.1,0.0325,2052.9288,FALSE
25-08-1998 08:00,964.9,0.0545,4543.52112,FALSE
26-08-1998 08:00,628.5,0.0277,1504.17648,FALSE
27-08-1998 08:00,495.1,0.0198,846.977472,FALSE
31-08-1998 08:00,358.7,0.0148,458.676864,FALSE
01-09-1998 08:00,482.6,0.0186,775.557504,FALSE
02-09-1998 08:00,454.1,0.0172,674.828928,FALSE
03-09-1998 08:00,342.9,0.0106,314.041536,FALSE
05-09-1998 08:00,509.5,0.0194,854.00352,FALSE
07-09-1998 08:00,457.9,0.0088,348.150528,FALSE
08-09-1998 08:00,452.7,0.0099,387.221472,FALSE
09-09-1998 10:30,1067,0.0779,7181.50752,FALSE
10-09-1998 08:00,734.2,0.0529,3355.705152,FALSE
11-09-1998 09:30,541.4,0.0267,1248.944832,FALSE
12-09-1998 08:00,509.5,0.0257,1131.33456,FALSE
14-09-1998 08:00,613.4,0.0307,1627.031232,FALSE
15-09-1998 08:00,593,0.0284,1455.07968,FALSE
16-09-1998 08:00,586.4,0.0273,1383.153408,FALSE
17-09-1998 08:00,542.4,0.0253,1185.643008,FALSE
18-09-1998 08:00,465.5,0.0205,824.4936,FALSE
19-09-1998 08:00,417.5,0.019,685.368,FALSE
21-09-1998 08:00,359.6,0.0137,425.651328,FALSE
22-09-1998 08:00,342.9,0.0201,595.493856,FALSE
23-09-1998 08:00,682.4,0.0287,1692.133632,FALSE
24-09-1998 08:00,641.2,0.0245,1357.29216,FALSE
25-09-1998 08:00,446.1,0.0178,686.066112,FALSE
26-09-1998 08:00,543.8,0.0184,864.511488,FALSE
28-09-1998 08:00,448.1,0.0146,565.251264,FALSE
29-09-1998 08:00,460.5,0.0199,791.76528,FALSE
30-09-1998 08:00,458,0.0142,561.91104,FALSE
05-10-1998 08:00,354.4,0.0105,321.51168,FALSE
06-10-1998 08:00,348.2,0.0096,288.811008,FALSE
07-10-1998 08:00,335.3,0.0097,281.008224,FALSE
08-10-1998 08:00,359.9,0.01,310.9536,FALSE
09-10-1998 08:00,370.1,0.0103,329.359392,FALSE
10-10-1998 08:00,474.8,0.0254,1041.977088,FALSE
12-10-1998 08:00,1784,0.1796,27683.11296,FALSE
13-10-1998 08:00,945,0.0927,7568.7696,FALSE
14-10-1998 08:00,1235,0.1017,10851.7968,FALSE
15-10-1998 08:00,1231,0.1059,11263.35456,FALSE
16-10-1998 08:00,815.5,0.0632,4453.02144,FALSE
20-10-1998 08:00,385.4,0.0212,705.929472,FALSE
21-10-1998 08:00,383.4,0.014,463.76064,FALSE
22-10-1998 08:00,332.3,0.0099,284.236128,FALSE
23-10-1998 08:00,289.2,0.0094,234.876672,FALSE
24-10-1998 08:00,276.2,0.0076,181.363968,FALSE
26-10-1998 08:00,361.8,0.0092,287.587584,FALSE
27-10-1998 08:00,376,0.0089,289.12896,FALSE
28-10-1998 08:00,342.4,0.0079,233.708544,FALSE
29-10-1998 08:00,369.8,0.0088,281.166336,FALSE
30-10-1998 08:00,333.3,0.007,201.57984,FALSE
31-10-1998 08:00,265.1,0.0068,155.751552,FALSE
03-11-1998 08:00,345,0.0088,262.3104,FALSE
16-11-1998 08:00,177.3,0.004,61.27488,FALSE
17-11-1998 08:00,153.1,0.0023,30.424032,FALSE
18-11-1998 08:00,197.5,0.004,68.256,FALSE
19-11-1998 08:00,175,0.0034,51.408,FALSE
20-11-1998 08:00,149.5,0.0025,32.292,FALSE
18-01-1999 08:00,63.8,0.0009,4.961088,FALSE
20-01-1999 08:00,40.81,0.0007,2.4681888,FALSE
21-01-1999 08:00,41.33,0.0007,2.4996384,FALSE
22-01-1999 08:00,39.54,0.0007,2.3913792,FALSE
23-01-1999 08:00,40.03,0.0007,2.4210144,FALSE
25-01-1999 08:00,37.89,0.0006,1.9642176,FALSE
27-01-1999 08:00,37.43,0.0007,2.2637664,FALSE
28-01-1999 08:00,36.94,0.0006,1.9149696,FALSE
29-01-1999 08:00,35.94,0.0007,2.1736512,FALSE
30-01-1999 08:00,36.73,0.0007,2.2214304,FALSE
01-02-1999 08:00,71.46,0.0009,5.5567296,FALSE
02-02-1999 08:00,62.72,0.0011,5.9609088,FALSE
16-02-1999 08:00,66.89,0.0009,5.2013664,FALSE
17-02-1999 08:00,60.99,0.0009,4.7425824,FALSE
18-02-1999 08:00,42.46,0.0007,2.5679808,FALSE
19-02-1999 08:00,35.28,0.0005,1.524096,FALSE
20-02-1999 08:00,35.18,0.0006,1.8237312,FALSE
22-02-1999 08:00,63.53,0.0006,3.2933952,FALSE
24-02-1999 08:00,35.9,0.0006,1.861056,FALSE
25-02-1999 08:00,55.29,0.0008,3.8216448,FALSE
26-02-1999 08:00,57.19,0.0009,4.4470944,FALSE
27-02-1999 08:00,57.49,0.0006,2.9802816,FALSE
01-03-1999 08:00,55.28,0.0008,3.8209536,FALSE
04-03-1999 08:00,61.97,0.0009,4.8187872,FALSE
09-03-1999 08:00,52.25,0.0006,2.70864,FALSE
11-03-1999 08:00,57.45,0.0007,3.474576,FALSE
12-03-1999 08:00,57.71,0.0008,3.9889152,FALSE
23-03-1999 08:00,52.43,0.0007,3.1709664,FALSE
24-03-1999 08:00,54.56,0.0008,3.7711872,FALSE
26-03-1999 08:00,57.28,0.0008,3.9591936,FALSE
31-03-1999 08:00,48.71,0.0006,2.5251264,FALSE
01-04-1999 08:00,34.91,0.0004,1.2064896,FALSE
05-04-1999 08:00,51.66,0.0007,3.1243968,FALSE
08-04-1999 08:00,61.7,0.0009,4.797792,FALSE
09-04-1999 08:00,60.65,0.0009,4.716144,FALSE
12-04-1999 08:00,44.83,0.0006,2.3239872,FALSE
13-04-1999 08:00,43.74,0.0007,2.6453952,FALSE
17-04-1999 08:00,55.26,0.0008,3.8195712,FALSE
19-04-1999 08:00,44.58,0.0007,2.6961984,FALSE
05-05-1999 08:00,44.52,0.0005,1.923264,FALSE
11-05-1999 08:00,47.49,0.0003,1.2309408,FALSE
12-05-1999 08:00,48.2,0.0005,2.08224,FALSE
13-05-1999 08:00,48.03,0.0004,1.6599168,FALSE
02-06-1999 10:30,281.4,0.0027,65.644992,FALSE
03-06-1999 10:30,265.7,0.0024,55.095552,FALSE
04-06-1999 10:30,237.3,0.0019,38.955168,FALSE
05-06-1999 10:30,187.3,0.0019,30.747168,FALSE
07-06-1999 10:30,794.6,0.0746,5121.546624,FALSE
08-06-1999 10:30,542,0.0224,1048.96512,FALSE
09-06-1999 10:30,510,0.0222,978.2208,FALSE
10-06-1999 10:30,570,0.0207,1019.4336,FALSE
11-06-1999 10:30,513,0.0174,771.22368,FALSE
12-06-1999 10:30,542,0.0157,735.21216,FALSE
14-06-1999 10:30,473,0.0174,711.08928,FALSE
16-06-1999 10:30,709.8,0.0134,821.778048,FALSE
17-06-1999 10:30,387,0.0079,264.15072,FALSE
18-06-1999 10:30,635,0.0141,773.5824,FALSE
19-06-1999 10:30,681,0.0182,1070.85888,FALSE
21-06-1999 10:30,510,0.0102,449.4528,FALSE
22-06-1999 09:30,400,0.0082,283.392,FALSE
23-06-1999 09:30,308.1,0.0042,111.803328,FALSE
24-06-1999 09:30,291,0.0033,82.96992,FALSE
25-06-1999 10:30,228.5,0.0028,55.27872,FALSE
28-06-1999 10:30,186.3,0.0027,43.460064,FALSE
29-06-1999 09:30,192.4,0.0026,43.220736,FALSE
30-06-1999 09:30,181.9,0.0025,39.2904,FALSE
01-07-1999 08:30,123,0.0021,22.31712,FALSE
02-07-1999 08:30,166.3,0.0027,38.794464,FALSE
03-07-1999 08:30,166.9,0.003,43.26048,FALSE
05-07-1999 08:30,325,0.0068,190.944,FALSE
06-07-1999 08:00,291,0.0038,95.54112,FALSE
07-07-1999 08:30,316.7,0.0041,112.187808,FALSE
08-07-1999 08:30,286.4,0.0029,71.760384,FALSE
09-07-1999 08:00,333.1,0.004,115.11936,FALSE
10-07-1999 08:30,281.8,0.0033,80.346816,FALSE
12-07-1999 08:30,271.7,0.0033,77.467104,FALSE
13-07-1999 08:00,289.6,0.0026,65.055744,FALSE
14-07-1999 08:30,259,0.0029,64.89504,FALSE
15-07-1999 08:30,248.7,0.0028,60.165504,FALSE
16-07-1999 10:30,452,0.0058,226.50624,FALSE
17-07-1999 10:30,792.2,0.014,958.24512,FALSE
19-07-1999 09:30,1047,0.0275,2487.672,FALSE
20-07-1999 10:30,809,0.0202,1411.93152,FALSE
21-07-1999 10:30,642,0.0185,1026.1728,FALSE
22-07-1999 09:00,626.1,0.0147,795.197088,FALSE
23-07-1999 08:30,632.6,0.013,710.53632,FALSE
24-07-1999 09:00,707,0.0238,1453.81824,FALSE
26-07-1999 08:30,639.4,0.013,718.17408,FALSE
27-07-1999 09:00,1182,0.0694,7087.46112,FALSE
28-07-1999 08:30,892.4,0.0379,2922.217344,FALSE
29-07-1999 08:30,961.3,0.0535,4443.51312,FALSE
30-07-1999 08:30,765.8,0.0294,1945.254528,FALSE
31-07-1999 09:00,1120,0.0722,6986.6496,FALSE
02-08-1999 09:30,1069,0.0739,6825.52224,FALSE
03-08-1999 09:30,663,0.047,2692.3104,FALSE
04-08-1999 10:30,657,0.0259,1470.20832,FALSE
05-08-1999 09:30,456,0.0189,744.62976,FALSE
06-08-1999 09:30,694,0.023,1379.1168,FALSE
07-08-1999 09:30,487,0.016,673.2288,FALSE
09-08-1999 09:30,349,0.0049,147.75264,FALSE
10-08-1999 09:30,513,0.0142,629.38944,FALSE
11-08-1999 09:30,415,0.0061,218.7216,FALSE
12-08-1999 09:30,343,0.0071,210.40992,FALSE
13-08-1999 09:30,325.8,0.0065,182.96928,FALSE
14-08-1999 09:30,301.1,0.0049,127.473696,FALSE
16-08-1999 09:30,266.1,0.0038,87.365952,FALSE
18-08-1999 10:30,297.4,0.0051,131.046336,FALSE
19-08-1999 09:30,307.5,0.0049,130.1832,FALSE
20-08-1999 09:30,288.8,0.0055,137.23776,FALSE
21-08-1999 09:30,239.7,0.0039,80.769312,FALSE
23-08-1999 09:30,234.9,0.0025,50.7384,FALSE
24-08-1999 10:30,205.1,0.0025,44.3016,FALSE
28-08-1999 10:30,218.8,0.0021,39.699072,FALSE
30-08-1999 10:30,190.5,0.0019,31.27248,FALSE
31-08-1999 09:30,203.4,0.002,35.14752,FALSE
01-09-1999 09:30,203.4,0.002,35.14752,FALSE
02-09-1999 09:30,174.9,0.0016,24.178176,FALSE
04-09-1999 10:30,218.2,0.002,37.70496,FALSE
06-09-1999 10:30,74.9,0.0014,9.059904,FALSE
07-09-1999 10:30,80,0.0015,10.368,FALSE
08-09-1999 09:00,57.51,0.0013,6.4595232,FALSE
09-09-1999 09:30,132,0.0013,14.82624,FALSE
10-09-1999 08:30,80,0.0013,8.9856,FALSE
13-09-1999 09:30,232,0.0018,36.08064,FALSE
14-09-1999 09:00,66.56,0.0012,6.9009408,FALSE
15-09-1999 09:00,107.2,0.0021,19.450368,FALSE
16-09-1999 09:00,74.58,0.0014,9.0211968,FALSE
17-09-1999 09:30,136.5,0.0015,17.6904,FALSE
20-09-1999 10:00,73.45,0.001,6.34608,FALSE
21-09-1999 10:30,75.16,0.0011,7.1432064,FALSE
22-09-1999 09:00,82.29,0.0012,8.5318272,FALSE
23-09-1999 09:00,40,0.0012,4.1472,FALSE
24-09-1999 09:00,42.51,0.001,3.672864,FALSE
25-09-1999 09:00,43.11,0.001,3.724704,FALSE
27-09-1999 10:30,59.64,0.001,5.152896,FALSE
29-09-1999 09:00,87.67,0.0018,13.6344384,FALSE
30-09-1999 09:00,92.23,0.0018,14.3436096,FALSE
01-10-1999 08:30,131,0.0016,18.10944,FALSE
04-10-1999 08:30,161.9,0.0016,22.381056,FALSE
05-10-1999 09:30,272.9,0.0019,44.799264,FALSE
06-10-1999 08:30,189.8,0.0017,27.877824,FALSE
07-10-1999 08:00,192.7,0.0017,28.303776,FALSE
08-10-1999 08:30,232.1,0.002,40.10688,FALSE
09-10-1999 08:30,228.4,0.002,39.46752,FALSE
11-10-1999 08:00,160.2,0.0022,30.450816,FALSE
12-10-1999 08:00,188.5,0.0026,42.34464,FALSE
13-10-1999 09:00,187,0.0026,42.00768,FALSE
14-10-1999 09:30,287.9,0.0039,97.010784,FALSE
15-10-1999 08:30,386.6,0.0053,177.031872,FALSE
16-10-1999 08:30,235.4,0.0034,69.151104,FALSE
18-10-1999 10:30,902.4,0.0237,1847.826432,FALSE
19-10-1999 09:30,703,0.0155,941.4576,FALSE
21-10-1999 08:00,566.1,0.0137,670.081248,FALSE
22-10-1999 08:00,401.1,0.0082,284.171328,FALSE
23-10-1999 08:00,319.5,0.006,165.6288,FALSE
25-10-1999 08:30,492.4,0.01,425.4336,FALSE
26-10-1999 08:00,477.5,0.0213,878.7528,FALSE
27-10-1999 10:00,508.1,0.0293,1286.265312,FALSE
28-10-1999 08:30,432.7,0.0133,497.224224,FALSE
29-10-1999 08:30,537.5,0.0279,1295.676,FALSE
30-10-1999 08:00,473.4,0.0072,294.492672,FALSE
01-11-1999 08:30,303.9,0.0058,152.290368,FALSE
02-11-1999 08:00,306.4,0.0027,71.476992,FALSE
03-11-1999 08:30,221.8,0.0021,40.243392,FALSE
04-11-1999 09:30,189,0.0017,27.76032,FALSE
05-11-1999 08:30,257.7,0.0027,60.116256,FALSE
06-11-1999 08:30,192,0.0021,34.83648,FALSE
08-11-1999 10:30,159,0.0013,17.85888,FALSE
09-11-1999 08:00,222,0.0021,40.27968,FALSE
10-11-1999 09:30,123.9,0.0019,20.339424,FALSE
11-11-1999 08:30,204.6,0.002,35.35488,FALSE
13-11-1999 08:30,167.8,0.0012,17.397504,FALSE
16-11-1999 08:00,115.9,0.0009,9.012384,FALSE
17-11-1999 08:30,71.18,0.0008,4.9199616,FALSE
22-11-1999 08:30,56.67,0.0007,3.4274016,FALSE
24-11-1999 08:30,84.49,0.0011,8.0299296,FALSE
25-11-1999 08:30,134.3,0.0012,13.924224,FALSE
26-11-1999 08:30,78,0.0009,6.06528,FALSE
27-11-1999 08:00,81.83,0.0011,7.7771232,FALSE
29-11-1999 09:30,95.28,0.0011,9.0554112,FALSE
30-11-1999 08:00,107.4,0.0009,8.351424,FALSE
01-12-1999 09:00,113.9,0.001,9.84096,FALSE
02-12-1999 09:30,91.34,0.001,7.891776,FALSE
03-12-1999 09:00,96.1,0.0013,10.793952,FALSE
04-12-1999 09:00,86.03,0.0006,4.4597952,FALSE
06-12-1999 11:00,110.7,0.0011,10.520928,FALSE
07-12-1999 09:00,70.5,0.0008,4.87296,FALSE
08-12-1999 09:30,77.16,0.0007,4.6666368,FALSE
09-12-1999 09:00,71.35,0.0007,4.315248,FALSE
10-12-1999 09:00,52,0.0008,3.59424,FALSE
11-12-1999 08:30,31.5,0.0005,1.3608,FALSE
14-12-1999 10:30,60.7,0.0007,3.671136,FALSE
15-12-1999 10:00,38.54,0.0003,0.9989568,FALSE
16-12-1999 09:00,67.2,0.0006,3.483648,FALSE
17-12-1999 09:00,48.52,0.0008,3.3537024,FALSE
18-12-1999 08:30,53.5,0.0005,2.3112,FALSE
20-12-1999 10:30,43.2,0.0003,1.119744,FALSE
21-12-1999 09:00,60.7,0.0007,3.671136,FALSE
22-12-1999 09:00,43.2,0.0005,1.86624,FALSE
23-12-1999 09:00,62.63,0.0007,3.7878624,FALSE
24-12-1999 08:30,41.2,0.0005,1.77984,FALSE
28-12-1999 09:30,44.5,0.0006,2.30688,FALSE
29-12-1999 09:00,44.5,0.0005,1.9224,FALSE
30-12-1999 09:00,45.7,0.0005,1.97424,FALSE
31-12-1999 08:30,39.6,0.0005,1.71072,FALSE
01-01-2000 09:00,35.93,0.0005,1.552176,FALSE
03-01-2000 10:00,36.86,0.0004,1.2738816,FALSE
04-01-2000 09:00,35.28,0.0005,1.524096,FALSE
05-01-2000 09:30,38.29,0.0006,1.9849536,FALSE
06-01-2000 09:00,36.02,0.0006,1.8672768,FALSE
07-01-2000 09:00,35.59,0.0005,1.537488,FALSE
10-01-2000 10:00,35.82,0.0005,1.547424,FALSE
11-01-2000 09:30,35.39,0.0006,1.8346176,FALSE
12-01-2000 09:00,35.12,0.0004,1.2137472,FALSE
13-01-2000 09:00,34.17,0.0006,1.7713728,FALSE
15-01-2000 09:00,34.74,0.0005,1.500768,FALSE
17-01-2000 10:15,33.87,0.0005,1.463184,FALSE
18-01-2000 09:30,33.95,0.0005,1.46664,FALSE
19-01-2000 09:15,35.6,0.0005,1.53792,FALSE
20-01-2000 09:00,33.68,0.0006,1.7459712,FALSE
21-01-2000 09:00,34.68,0.0006,1.7978112,FALSE
27-01-2000 10:00,34.95,0.0006,1.811808,FALSE
28-01-2000 09:00,35.61,0.0004,1.2306816,FALSE
29-01-2000 09:00,32.54,0.0004,1.1245824,FALSE
31-01-2000 09:30,29.35,0.0004,1.014336,FALSE
01-02-2000 09:00,29.01,0.0009,2.2558176,FALSE
02-02-2000 09:00,29.34,0.0006,1.5209856,FALSE
03-02-2000 09:00,31.6,0.0005,1.36512,FALSE
04-02-2000 09:00,31.05,0.0005,1.34136,FALSE
05-02-2000 09:00,35.49,0.0006,1.8398016,FALSE
07-02-2000 09:30,32.94,0.0005,1.423008,FALSE
08-02-2000 09:00,31.14,0.0006,1.6142976,FALSE
09-02-2000 09:00,29.71,0.0005,1.283472,FALSE
10-02-2000 09:00,30.07,0.0004,1.0392192,FALSE
11-02-2000 09:00,29.77,0.0006,1.5432768,FALSE
12-02-2000 09:00,36,0.0005,1.5552,FALSE
14-02-2000 09:30,28.06,0.0005,1.212192,FALSE
15-02-2000 09:00,28.96,0.0005,1.251072,FALSE
16-02-2000 09:15,28.28,0.0005,1.221696,FALSE
17-02-2000 09:00,27.04,0.0005,1.168128,FALSE
18-02-2000 09:00,31.39,0.0007,1.8984672,FALSE
19-02-2000 09:00,28.3,0.0005,1.22256,FALSE
21-02-2000 09:00,29.93,0.0015,3.878928,FALSE
22-02-2000 09:00,29.1,0.0011,2.765664,FALSE
23-02-2000 09:00,29,0.0011,2.75616,FALSE
24-02-2000 09:00,29.9,0.0011,2.841696,FALSE
25-02-2000 09:00,28.98,0.0009,2.2534848,FALSE
26-02-2000 09:00,27.74,0.0008,1.9173888,FALSE
28-02-2000 10:00,30.33,0.001,2.620512,FALSE
29-02-2000 09:00,30.58,0.001,2.642112,FALSE
01-03-2000 09:00,29.5,0.0009,2.29392,FALSE
02-03-2000 09:00,29,0.0008,2.00448,FALSE
03-03-2000 09:00,32.57,0.001,2.814048,FALSE
04-03-2000 09:00,32.35,0.0009,2.515536,FALSE
06-03-2000 09:00,27.2,0.0009,2.115072,FALSE
07-03-2000 09:00,27.2,0.0008,1.880064,FALSE
08-03-2000 09:00,27.8,0.0007,1.681344,FALSE
09-03-2000 09:00,26.54,0.0008,1.8344448,FALSE
10-03-2000 09:00,26.14,0.0006,1.3550976,FALSE
11-03-2000 09:00,25.38,0.0005,1.096416,FALSE
13-03-2000 09:45,26.68,0.0006,1.3830912,FALSE
14-03-2000 09:00,27.64,0.0005,1.194048,FALSE
15-03-2000 09:00,27.22,0.0008,1.8814464,FALSE
16-03-2000 09:00,26.87,0.0006,1.3929408,FALSE
20-03-2000 10:00,26.23,0.0007,1.5863904,FALSE
21-03-2000 09:00,27.05,0.0008,1.869696,FALSE
22-03-2000 09:00,25.42,0.0009,1.9766592,FALSE
23-03-2000 09:00,25.85,0.0006,1.340064,FALSE
24-03-2000 09:00,25.09,0.0006,1.3006656,FALSE
25-03-2000 09:00,27.16,0.0006,1.4079744,FALSE
27-03-2000 10:00,24.87,0.0006,1.2892608,FALSE
28-03-2000 09:00,24.24,0.0006,1.2566016,FALSE
29-03-2000 09:00,24.4,0.0006,1.264896,FALSE
30-03-2000 09:00,23.81,0.0007,1.4400288,FALSE
31-03-2000 09:00,23.36,0.0006,1.2109824,FALSE
01-04-2000 09:00,23.29,0.0005,1.006128,FALSE
03-04-2000 09:30,28.35,0.0005,1.22472,FALSE
04-04-2000 09:00,31.47,0.0007,1.9033056,FALSE
05-04-2000 09:00,26.24,0.0008,1.8137088,FALSE
06-04-2000 09:00,30.46,0.0005,1.315872,FALSE
07-04-2000 09:00,29.1,0.0007,1.759968,FALSE
08-04-2000 09:00,29.39,0.0008,2.0314368,FALSE
11-04-2000 09:00,29.24,0.0006,1.5158016,FALSE
12-04-2000 09:00,27.23,0.0005,1.176336,FALSE
13-04-2000 09:00,27.44,0.0005,1.185408,FALSE
15-04-2000 09:00,28.37,0.0006,1.4707008,FALSE
17-04-2000 09:30,26.7,0.0006,1.384128,FALSE
18-04-2000 09:00,28.81,0.0006,1.4935104,FALSE
19-04-2000 09:00,27.2,0.0006,1.410048,FALSE
20-04-2000 09:00,26.2,0.0006,1.358208,FALSE
24-04-2000 09:00,31.01,0.0007,1.8754848,FALSE
25-04-2000 09:00,31.42,0.0006,1.6288128,FALSE
26-04-2000 09:00,30.76,0.0005,1.328832,FALSE
27-04-2000 08:00,29.76,0.0005,1.285632,FALSE
28-04-2000 08:00,28.62,0.0005,1.236384,FALSE
29-04-2000 08:00,29.1,0.0005,1.25712,FALSE
01-05-2000 09:00,26.2,0.0005,1.13184,FALSE
02-05-2000 09:00,27.51,0.0006,1.4261184,FALSE
03-05-2000 09:00,27.1,0.0006,1.404864,FALSE
04-05-2000 09:00,26.71,0.0006,1.3846464,FALSE
05-05-2000 09:00,25.89,0.0007,1.5658272,FALSE
08-05-2000 09:00,38.56,0.0007,2.3321088,FALSE
10-05-2000 09:00,40.39,0.0005,1.744848,FALSE
15-05-2000 09:30,24.63,0.0005,1.064016,FALSE
16-05-2000 09:00,22.5,0.0005,0.972,FALSE
17-05-2000 09:00,23.54,0.0005,1.016928,FALSE
19-05-2000 09:00,26.2,0.0005,1.13184,FALSE
22-05-2000 09:30,24.64,0.0005,1.064448,FALSE
23-05-2000 09:00,23.7,0.0005,1.02384,FALSE
24-05-2000 09:00,23.29,0.0006,1.2073536,FALSE
25-05-2000 09:00,25.67,0.0005,1.108944,FALSE
26-05-2000 09:00,26.92,0.0005,1.162944,FALSE
30-05-2000 09:30,27.35,0.0006,1.417824,FALSE
31-05-2000 09:00,28.13,0.0006,1.4582592,FALSE
05-06-2000 09:30,42.74,0.0021,7.7547456,FALSE
06-06-2000 09:00,173.06236,0.0026,38.87672855,FALSE
07-06-2000 09:00,352.53256,0.0079,240.6246242,FALSE
08-06-2000 09:30,639.6971,0.0134,740.6157145,FALSE
09-06-2000 08:30,791.7847,0.0219,1498.183338,FALSE
10-06-2000 09:00,457.85266,0.0193,763.4784676,FALSE
12-06-2000 09:30,237.329,0.0172,352.6898803,FALSE
13-06-2000 08:30,363.8554,0.0132,414.9698066,FALSE
14-06-2000 09:00,352.75052,0.0127,387.0660906,FALSE
16-06-2000 09:30,237.4657,0.0152,311.8589545,FALSE
17-06-2000 08:30,321.80148,0.0138,383.6903406,FALSE
19-06-2000 09:30,377.92096,0.0186,607.3340996,FALSE
20-06-2000 08:30,533.82544,0.0161,742.5725401,FALSE
21-06-2000 09:30,472.31906,0.0148,603.9638284,FALSE
22-06-2000 08:30,400.9733,0.0181,627.0580855,FALSE
23-06-2000 08:30,419.69327,0.0165,598.3147257,FALSE
24-06-2000 08:30,342.4851,0.014,414.269977,FALSE
26-06-2000 08:30,288.50024,0.0133,331.5213958,FALSE
27-06-2000 08:30,520.4926,0.0163,733.0201384,FALSE
28-06-2000 08:30,443.50168,0.0154,590.1055953,FALSE
29-06-2000 08:30,334.63803,0.0191,552.2330626,FALSE
30-06-2000 08:30,415.6387,0.0247,887.0062369,FALSE
01-07-2000 08:30,517.98285,0.0177,792.1408128,FALSE
03-07-2000 08:30,529.5327,0.017,777.7776298,FALSE
04-07-2000 08:30,466.91855,0.0154,621.2631459,FALSE
05-07-2000 08:30,456.18976,0.0148,583.3389699,FALSE
06-07-2000 08:30,388.5482,0.0119,399.4897173,FALSE
07-07-2000 08:30,586.0728,0.0171,865.8873976,FALSE
10-07-2000 09:30,359.70914,0.0127,394.7016451,FALSE
11-07-2000 08:30,386.05563,0.0164,547.0253855,FALSE
12-07-2000 08:30,899.98676,0.0212,1648.487749,FALSE
13-07-2000 08:30,644.18616,0.0169,940.6148634,FALSE
14-07-2000 08:30,485.74915,0.0162,679.8933703,FALSE
15-07-2000 08:30,450.79886,0.0176,685.5027785,FALSE
17-07-2000 09:30,339.8293,0.0168,493.2690255,FALSE
18-07-2000 08:30,307.8736,0.0142,377.7239624,FALSE
19-07-2000 08:30,270.58276,0.0147,343.6617518,FALSE
20-07-2000 08:30,273.89713,0.0092,217.7153507,FALSE
21-07-2000 08:30,200.30838,0.0099,171.3357759,FALSE
22-07-2000 08:30,176.317,0.0103,156.9080246,FALSE
24-07-2000 08:30,153.34415,0.0061,80.81850082,FALSE
25-07-2000 08:30,145.05576,0.0061,76.45018775,FALSE
26-07-2000 08:30,151.67006,0.0061,79.93618842,FALSE
27-07-2000 08:30,143.76917,0.006,74.52993773,FALSE
28-07-2000 08:30,140.09525,0.0059,71.41495464,FALSE
29-07-2000 08:30,144.5933,0.006,74.95716672,FALSE
31-07-2000 08:30,145.48349,0.006,75.41864122,FALSE
01-08-2000 09:30,373.6312,0.0138,445.4879524,FALSE
02-08-2000 08:30,34.79388,0.0023,6.914239834,FALSE
03-08-2000 08:30,35.372124,0.0023,7.029148481,FALSE
04-08-2000 08:30,252.07318,0.0117,254.8157362,FALSE
05-08-2000 08:30,145.12286,0.0062,77.73941364,FALSE
07-08-2000 08:30,396.04358,0.0147,503.0070301,FALSE
08-08-2000 08:30,455.24014,0.0251,987.2519772,FALSE
09-08-2000 08:30,431.731,0.0214,798.2533498,FALSE
10-08-2000 08:30,443.04446,0.0213,815.3435806,FALSE
11-08-2000 08:30,579.14056,0.01914,957.7224275,FALSE
14-08-2000 08:30,296.60504,0.0138,353.6481213,FALSE
16-08-2000 08:30,425.0081,0.0204,749.1022767,FALSE
17-08-2000 08:30,290.08264,0.0133,333.3397633,FALSE
18-08-2000 08:30,497.47363,0.015,644.7258245,FALSE
19-08-2000 08:30,721.2171,0.0228,1420.73999,FALSE
21-08-2000 08:30,563.7913,0.019,925.5197981,FALSE
23-08-2000 12:00,937.7702,0.0235,1904.048614,FALSE
24-08-2000 08:30,1173.9359,0.0266,2697.986443,FALSE
25-08-2000 08:30,1901.2867,0.0271,4451.748731,FALSE
26-08-2000 08:00,1711,0.0238,3518.36352,FALSE
28-08-2000 08:30,993.821,0.0268,2301.212402,FALSE
29-08-2000 08:30,912.15326,0.0225,1773.225937,FALSE
30-08-2000 08:30,695.2354,0.0167,1003.141254,FALSE
31-08-2000 08:30,582.8398,0.0143,720.1102297,FALSE
02-09-2000 08:30,387.08847,0.0144,481.5999908,FALSE
04-09-2000 08:30,373.5003,0.0126,406.6073666,FALSE
05-09-2000 08:30,403.97678,0.0131,457.2370787,FALSE
06-09-2000 08:30,411.42874,0.0128,455.0072721,FALSE
07-09-2000 08:30,333.41187,0.0116,334.1587126,FALSE
08-09-2000 08:30,321.70187,0.0136,378.0125653,FALSE
14-09-2000 08:30,239.62537,0.0109,225.6695885,FALSE
15-09-2000 08:30,394.52,0.0111,378.3604608,FALSE
16-09-2000 08:30,559.9981,0.0177,856.3938944,FALSE
18-09-2000 08:30,241.34076,0.0146,304.4368883,FALSE
19-09-2000 09:30,212.92307,0.013,239.1551922,FALSE
20-09-2000 08:30,244.92407,0.0124,262.4018516,FALSE
21-09-2000 08:30,583.0148,0.0174,876.4811297,FALSE
22-09-2000 08:30,387.14847,0.0133,444.8800498,FALSE
23-09-2000 08:30,438.1285,0.0162,613.2396989,FALSE
25-09-2000 08:30,432.81854,0.0139,519.7977538,FALSE
26-09-2000 08:30,602.6248,0.0171,890.3419845,FALSE
27-09-2000 08:30,383.05048,0.0145,479.8856413,FALSE
28-09-2000 08:30,379.3752,0.0133,435.9476298,FALSE
29-09-2000 08:30,347.41763,0.0137,411.2313003,FALSE
03-10-2000 09:30,379.51266,0.0133,436.1055879,FALSE
04-10-2000 08:30,398.66348,0.0133,458.1121781,FALSE
05-10-2000 08:30,383.0761,0.0152,503.0861806,FALSE
06-10-2000 08:30,240.61665,0.0095,197.4981463,FALSE
09-10-2000 08:30,314.45798,0.0105,285.2762795,FALSE
10-10-2000 08:30,239.76369,0.0096,198.869595,FALSE
11-10-2000 08:30,221.50133,0.005,95.68857456,FALSE
12-10-2000 08:30,259.2026,0.0053,118.6940546,FALSE
13-10-2000 08:30,260.6843,0.006,135.1387411,FALSE
16-10-2000 08:30,242.6827,0.0054,113.2260405,FALSE
17-10-2000 08:30,274.02618,0.0065,153.8931027,FALSE
18-10-2000 09:30,212.6388,0.0052,95.53436006,FALSE
19-10-2000 08:30,207.61705,0.005,89.6905656,FALSE
20-10-2000 08:30,219.81415,0.0051,96.85890706,FALSE
23-10-2000 08:30,195.74098,0.0055,93.0161137,FALSE
24-10-2000 08:30,179.1659,0.0052,80.49565555,FALSE
25-10-2000 08:30,181.0705,0.0047,73.52910864,FALSE
30-10-2000 08:30,151.78273,0.0054,70.81575051,FALSE
31-10-2000 08:30,209.8999,0.006,108.8121082,FALSE
01-11-2000 08:30,169.26268,0.0059,86.28334376,FALSE
02-11-2000 08:30,141.11723,0.0056,68.27816056,FALSE
06-11-2000 08:30,173.99553,0.0059,88.69596137,FALSE
07-11-2000 08:30,170.20021,0.0059,86.76125905,FALSE
08-11-2000 08:30,167.89964,0.0041,59.47676847,FALSE
09-11-2000 09:00,28.499199,0.0034,8.371924698,FALSE
10-11-2000 09:00,28.223927,0.004,9.754189171,FALSE
13-11-2000 09:00,28.49642,0.0032,7.878690202,FALSE
14-11-2000 09:00,36.960033,0.0038,12.13471803,FALSE
18-11-2000 09:00,26.723803,0.0039,9.004852659,FALSE
22-11-2000 09:00,25.951218,0.0044,9.865615035,FALSE
23-11-2000 09:00,36.487034,0.0041,12.92516692,FALSE
24-11-2000 09:00,38.09515,0.0033,10.86168917,FALSE
25-11-2000 09:00,37.048874,0.004,12.80409085,FALSE
27-11-2000 09:00,36.924503,0.0036,11.48499741,FALSE
28-11-2000 09:00,35.83901,0.0036,11.14736567,FALSE
29-11-2000 09:00,30.713215,0.0038,10.08376275,FALSE
30-11-2000 09:00,39.044052,0.0034,11.46958072,FALSE
01-12-2000 09:00,40.48452,0.0039,13.64166386,FALSE
05-12-2000 09:00,33.282978,0.004,11.5025972,FALSE
06-12-2000 09:00,38.087788,0.0041,13.49221802,FALSE
07-12-2000 09:00,36.46209,0.0041,12.91633076,FALSE
08-12-2000 09:00,37.529766,0.0041,13.29454431,FALSE
09-12-2000 09:00,36.355457,0.0041,12.87855709,FALSE
11-12-2000 09:00,30.076702,0.0041,10.65437092,FALSE
12-12-2000 09:00,30.919825,0.0041,10.95303881,FALSE
13-12-2000 09:00,28.866829,0.0041,10.2257855,FALSE
14-12-2000 09:00,42.58765,0.0042,15.45420643,FALSE
15-12-2000 09:00,42.403725,0.0042,15.38746373,FALSE
16-12-2000 09:00,47.210777,0.0042,17.13184676,FALSE
18-12-2000 09:00,41.602005,0.0042,15.09653557,FALSE
19-12-2000 09:00,30.70954,0.0042,11.14387788,FALSE
20-12-2000 09:00,28.982088,0.004,10.01620961,FALSE
21-12-2000 08:00,24.76,0.0039,8.3431296,FALSE
22-12-2000 09:00,29.066738,0.0038,9.54319142,FALSE
23-12-2000 09:00,21.874979,0.0037,6.992993287,FALSE
26-12-2000 09:00,28.872707,0.0034,8.481646408,FALSE
28-12-2000 09:00,24.688135,0.0032,6.825775565,FALSE
29-12-2000 09:00,31.460983,0.0037,10.05744705,FALSE
01-01-2001 09:15,30.034014,0.0041,10.63924912,FALSE
02-01-2001 09:15,47.260803,0.0041,16.74166685,FALSE
03-01-2001 09:00,42.121853,0.0043,15.64911083,FALSE
04-01-2001 09:00,41.500317,0.0049,17.56957421,FALSE
05-01-2001 09:00,37.00954,0.0043,13.7497843,FALSE
06-01-2001 09:00,36.12474,0.0046,14.35741667,FALSE
08-01-2001 09:00,36.09179,0.0046,14.34432102,FALSE
10-01-2001 09:00,35.383827,0.0049,14.980097,FALSE
11-01-2001 09:00,36.28782,0.0037,11.6004903,FALSE
12-01-2001 09:00,36.485962,0.0035,11.03335491,FALSE
15-01-2001 09:00,39.011295,0.0037,12.47113079,FALSE
16-01-2001 09:00,37.65856,0.0037,12.03868846,FALSE
17-01-2001 09:00,34.613743,0.0044,13.15876054,FALSE
18-01-2001 09:00,37.12898,0.0047,15.0773362,FALSE
19-01-2001 09:00,33.60651,0.0042,12.19513035,FALSE
22-01-2001 09:00,33.036114,0.0039,11.13184897,FALSE
23-01-2001 09:00,34.31069,0.0044,13.04355191,FALSE
24-01-2001 09:00,34.18133,0.0046,13.5850278,FALSE
25-01-2001 09:00,31.655994,0.0043,11.76083489,FALSE
27-01-2001 08:00,35.02,0.0032,9.6823296,FALSE
29-01-2001 09:00,31.24591,0.0033,8.908833859,FALSE
30-01-2001 09:00,32.149597,0.0027,7.499857988,FALSE
31-01-2001 09:00,30.011488,0.0028,7.260379177,FALSE
01-02-2001 09:00,29.022615,0.003,7.522661808,FALSE
02-02-2001 09:00,31.169624,0.0026,7.001944335,FALSE
03-02-2001 09:00,32.292007,0.0027,7.533079393,FALSE
05-02-2001 09:00,31.423866,0.0029,7.873563865,FALSE
06-02-2001 09:00,29.581352,0.0031,7.92306932,FALSE
07-02-2001 09:00,29.577686,0.0025,6.388780176,FALSE
08-02-2001 09:00,27.99142,0.0029,7.013530195,FALSE
09-02-2001 09:00,30.776314,0.0024,6.381776471,FALSE
12-02-2001 09:00,33.017704,0.0029,8.272915914,FALSE
13-02-2001 09:00,30.199244,0.0026,6.783958172,FALSE
14-02-2001 09:00,30.385223,0.0031,8.138378128,FALSE
15-02-2001 09:00,30.254644,0.0032,8.364803973,FALSE
16-02-2001 09:00,33.120323,0.0031,8.870947312,FALSE
17-02-2001 09:00,33.66509,0.0025,7.27165944,FALSE
19-02-2001 09:00,29.479681,0.0028,7.131724428,FALSE
20-02-2001 09:00,30.302004,0.0029,7.592470122,FALSE
22-02-2001 09:00,31.221077,0.003,8.092503158,FALSE
23-02-2001 07:30,34.00019,0.0026,7.637802682,FALSE
24-02-2001 09:00,35.6963,0.0031,9.560896992,FALSE
26-02-2001 09:00,34.186024,0.0028,8.270282926,FALSE
28-02-2001 09:00,38.48022,0.0029,9.641603923,FALSE
01-03-2001 09:00,41.907963,0.0031,11.22462881,FALSE
02-03-2001 09:00,34.72955,0.003,9.00189936,FALSE
03-03-2001 09:00,44.857113,0.0031,12.01452915,FALSE
07-03-2001 09:00,42.67691,0.0033,12.16804058,FALSE
08-03-2001 09:00,33.87836,0.0032,9.366688973,FALSE
09-03-2001 09:00,32.90998,0.0031,8.814609043,FALSE
12-03-2001 09:00,33.68922,0.0034,9.896545267,FALSE
13-03-2001 09:00,31.797686,0.0032,8.791424225,FALSE
14-03-2001 09:00,31.404976,0.0031,8.411508772,FALSE
15-03-2001 09:00,33.417572,0.003,8.661834662,FALSE
16-03-2001 09:00,31.231316,0.003,8.095157107,FALSE
17-03-2001 09:00,36.241867,0.003,9.393891926,FALSE
21-03-2001 09:00,42.276318,0.0032,11.6885564,FALSE
22-03-2001 09:00,36.768406,0.0032,10.16572889,FALSE
23-03-2001 09:00,38.068237,0.0031,10.1961966,FALSE
24-03-2001 09:00,33.15379,0.0037,10.59860359,FALSE
26-03-2001 09:00,25.578907,0.0035,7.735061477,FALSE
27-03-2001 09:00,25.444357,0.0031,6.815016579,FALSE
30-03-2001 09:00,33.665367,0.0035,10.18040698,FALSE
31-03-2001 09:00,33.135483,0.0029,8.30242662,FALSE
02-04-2001 09:00,28.204086,0.0037,9.016282212,FALSE
03-04-2001 09:00,28.184278,0.0032,7.792389181,FALSE
04-04-2001 09:00,27.636286,0.0031,7.402102842,FALSE
07-04-2001 09:00,32.450943,0.0034,9.532789016,FALSE
09-04-2001 09:00,31.318846,0.0032,8.659034542,FALSE
10-04-2001 09:00,29.034342,0.0032,8.027414876,FALSE
11-04-2001 09:00,32.756603,0.0031,8.773528548,FALSE
12-04-2001 09:00,32.92728,0.0037,10.52619287,FALSE
16-04-2001 09:00,31.446669,0.0035,9.509472706,FALSE
17-04-2001 09:00,48.1535,0.004,16.6418496,FALSE
18-04-2001 09:00,46.95979,0.0035,14.2006405,FALSE
19-04-2001 09:00,49.546093,0.0042,17.97928623,FALSE
20-04-2001 09:00,51.46286,0.0046,20.45339908,FALSE
27-04-2001 09:00,52.50793,0.0044,19.96141467,FALSE
28-04-2001 09:00,50.523876,0.004,17.46105155,FALSE
30-04-2001 09:00,51.239468,0.0043,19.03648715,FALSE
01-05-2001 09:00,50.8065,0.004,17.5587264,FALSE
02-05-2001 09:00,51.468636,0.0048,21.34507272,FALSE
03-05-2001 09:00,52.772503,0.0043,19.60604031,FALSE
05-05-2001 09:00,51.67787,0.0041,18.30636867,FALSE
08-05-2001 09:00,50.91521,0.0042,18.4761114,FALSE
09-05-2001 09:00,51.073498,0.0042,18.53355095,FALSE
11-05-2001 09:00,47.157444,0.0044,17.92737391,FALSE
14-05-2001 09:00,59.40168,0.0044,22.58214267,FALSE
15-05-2001 09:00,53.41302,0.0052,23.99740163,FALSE
16-05-2001 09:00,52.280964,0.0051,23.03708398,FALSE
17-05-2001 09:00,47.779408,0.0042,17.33819158,FALSE
18-05-2001 09:00,54.711716,0.0047,22.21733363,FALSE
19-05-2001 09:00,51.6893,0.0048,21.4365865,FALSE
22-05-2001 09:00,46.82346,0.004,16.18218778,FALSE
23-05-2001 09:00,30.64024,0.0045,11.91292531,FALSE
24-05-2001 09:00,35.737064,0.0047,14.51210695,FALSE
25-05-2001 09:00,56.05169,0.0047,22.76147028,FALSE
28-05-2001 09:00,57.21467,0.0048,23.72806794,FALSE
01-06-2001 09:00,57.14708,0.0048,23.70003702,FALSE
05-06-2001 09:00,58.307335,0.0048,24.18121797,FALSE
06-06-2001 09:00,57.31627,0.005,24.76062864,FALSE
11-06-2001 08:30,415.59973,0.0209,750.4733684,FALSE
12-06-2001 09:30,492.39267,0.0239175,1017.515666,FALSE
13-06-2001 08:30,1132.2684,0.0287,2807.663306,FALSE
14-06-2001 08:30,609.738,0.0187,985.1414918,FALSE
15-06-2001 08:30,546.2907,0.0228,1076.148976,FALSE
19-06-2001 09:30,412.99152,0.0152,542.3735034,FALSE
20-06-2001 08:30,379.33633,0.0193,632.550917,FALSE
21-06-2001 08:30,419.5791,0.0205,743.1585019,FALSE
22-06-2001 09:30,330.31458,0.0274,781.9735241,FALSE
23-06-2001 08:30,665.2163,0.0251,1442.614677,FALSE
25-06-2001 09:30,563.51166,0.0276,1343.772445,FALSE
27-06-2001 09:30,530.1912,0.0261,1195.602364,FALSE
28-06-2001 09:30,578.9183,0.0306,1530.567358,FALSE
29-06-2001 09:30,402.7305,0.0257,894.2550206,FALSE
30-06-2001 09:30,466.9618,0.0228,919.8773891,FALSE
02-07-2001 08:30,338.25394,0.0249,727.7059964,FALSE
03-07-2001 08:30,461.5944,0.026,1036.92566,FALSE
04-07-2001 09:30,508.94876,0.0224,984.9990722,FALSE
05-07-2001 08:30,672.2815,0.0231,1341.766309,FALSE
06-07-2001 08:30,694.23737,0.0232,1391.584923,FALSE
07-07-2001 09:30,1388.9088,0.0219,2628.037675,FALSE
09-07-2001 08:30,2536.6465,0.0281,6158.571839,FALSE
10-07-2001 08:30,1426.7185,0.024,2958.443482,FALSE
11-07-2001 08:30,1191.7883,0.0214,2203.568895,FALSE
12-07-2001 08:30,791.537,0.0229,1566.103447,FALSE
13-07-2001 08:30,615.16266,0.017,903.550915,FALSE
16-07-2001 08:30,356.39035,0.0154,474.1987441,FALSE
17-07-2001 08:30,321.91583,0.018,500.6434988,FALSE
18-07-2001 08:30,298.4811,0.0201,518.3542175,FALSE
19-07-2001 08:30,216.07472,0.0148,276.299066,FALSE
20-07-2001 08:30,192.17857,0.0194,322.1220319,FALSE
21-07-2001 08:30,184.5365,0.0144,229.5929318,FALSE
23-07-2001 08:30,174.97498,0.0177,267.5857374,FALSE
24-07-2001 08:30,265.76538,0.0207,475.3160668,FALSE
25-07-2001 09:00,283.76526,0.0115,281.9491623,FALSE
26-07-2001 09:00,288.28955,0.0119,296.4077837,FALSE
27-07-2001 09:00,279.8782,0.0223,539.2469255,FALSE
28-07-2001 09:00,258.51608,0.0253,565.0954696,FALSE
30-07-2001 09:00,322.66177,0.0265,738.7663886,FALSE
31-07-2001 09:30,439.3225,0.0271,1028.647274,FALSE
01-08-2001 09:00,395.46628,0.0138,471.522355,FALSE
03-08-2001 09:00,520,0.0149,669.4272,FALSE
04-08-2001 09:00,543.8307,0.016,751.7915597,FALSE
07-08-2001 10:00,405.30212,0.0132,462.2389618,FALSE
08-08-2001 09:00,377.53464,0.0132,430.5707062,FALSE
09-08-2001 09:00,358.77924,0.0144,446.3787792,FALSE
10-08-2001 09:00,312.2181,0.0124,334.4979836,FALSE
13-08-2001 09:00,288.29208,0.0125,311.3554464,FALSE
14-08-2001 09:00,274.295,0.0107,253.5802416,FALSE
16-08-2001 09:00,298.0162,0.0116,298.6837563,FALSE
17-08-2001 09:00,323.487,0.0122,340.981177,FALSE
18-08-2001 09:00,400.24442,0.0146,504.8843212,FALSE
20-08-2001 09:00,427.1997,0.0152,561.032822,FALSE
21-08-2001 09:00,405.02853,0.0135,472.4252774,FALSE
22-08-2001 11:13,415.69223,0.0155,556.6950344,FALSE
23-08-2001 09:00,426.25702,0.0146,537.6976553,FALSE
24-08-2001 09:00,420.55887,0.0151,548.6779242,FALSE
25-08-2001 09:00,504.31366,0.0157,684.0913935,FALSE
27-08-2001 09:00,501.45963,0.0154,667.2221253,FALSE
28-08-2001 09:00,375.8875,0.0137,444.930516,FALSE
29-08-2001 09:00,348.36865,0.0126,379.2480471,FALSE
30-08-2001 09:00,326.7299,0.013,366.9830237,FALSE
04-09-2001 09:00,259.7694,0.0107,240.1516149,FALSE
05-09-2001 09:00,245.69,0.0114,241.9948224,FALSE
06-09-2001 09:00,223.68263,0.01,193.2617923,FALSE
17-09-2001 09:00,195.66132,0.0118,199.480629,FALSE
18-09-2001 09:00,191.28293,0.0104,171.8791896,FALSE
19-09-2001 09:00,164.83482,0.0085,121.0546918,FALSE
20-09-2001 09:00,284.83817,0.01,246.1001789,FALSE
21-09-2001 09:00,202.21675,0.0105,183.4510356,FALSE
22-09-2001 09:00,186.15176,0.0095,152.7933646,FALSE
24-09-2001 09:00,317.035,0.0129,353.3545296,FALSE
25-09-2001 09:00,282.24023,0.0119,290.1881149,FALSE
26-09-2001 09:00,306.8596,0.0126,334.0596349,FALSE
27-09-2001 09:00,233.83887,0.0129,260.6274509,FALSE
28-09-2001 09:00,239.67636,0.0133,275.4168988,FALSE
29-09-2001 09:00,209.36288,0.0084,151.9472038,FALSE
01-10-2001 09:00,718.07684,0.0234,1451.779032,FALSE
03-10-2001 09:00,360.12048,0.0155,482.2733468,FALSE
04-10-2001 08:00,309.4317,0.0138,368.9416045,FALSE
05-10-2001 09:00,254.80557,0.0127,279.5930558,FALSE
06-10-2001 09:00,245.05539,0.0152,321.8263426,FALSE
08-10-2001 09:00,244.30379,0.0115,242.7402457,FALSE
09-10-2001 09:00,229.00694,0.0129,255.241975,FALSE
10-10-2001 09:00,194.66377,0.0133,223.6920314,FALSE
11-10-2001 09:00,338.62292,0.0155,453.4838145,FALSE
12-10-2001 09:00,230.43922,0.0126,250.8653525,FALSE
15-10-2001 09:00,618.187,0.0161,859.9228445,FALSE
16-10-2001 09:00,418.09674,0.0152,549.0780867,FALSE
17-10-2001 09:00,314.3842,0.0178,483.4977489,FALSE
18-10-2001 09:00,430.54126,0.0152,565.4212259,FALSE
19-10-2001 09:00,310.51935,0.0172,461.4565956,FALSE
20-10-2001 09:00,459.2696,0.021,833.2987622,FALSE
22-10-2001 09:00,287.92438,0.0148,368.1746632,FALSE
23-10-2001 09:00,286.66782,0.0134,331.8925353,FALSE
24-10-2001 09:00,237.71124,0.0137,281.3740406,FALSE
27-10-2001 09:00,450.6635,0.0173,673.6157467,FALSE
02-11-2001 09:00,174.68477,0.0115,173.5667875,FALSE
03-11-2001 09:00,235.97096,0.014,285.4304732,FALSE
05-11-2001 09:00,272.40955,0.0137,322.4457361,FALSE
06-11-2001 09:00,453.4666,0.0184,720.903062,FALSE
07-11-2001 09:00,688.8557,0.0195,1160.584083,FALSE
08-11-2001 09:00,386.25546,0.0136,453.8656157,FALSE
09-11-2001 09:00,356.79626,0.0134,413.084438,FALSE
12-11-2001 09:00,238.56812,0.0132,272.0821695,FALSE
13-11-2001 09:00,141.82094,0.0097,118.8572934,FALSE
15-11-2001 09:00,117.59517,0.0095,96.52211554,FALSE
16-11-2001 09:00,243.15784,0.0108,226.8954437,FALSE
17-11-2001 09:00,317.5297,0.0126,345.6755326,FALSE
19-11-2001 09:00,224.10677,0.0106,205.2459442,FALSE
21-11-2001 09:00,149.36142,0.0106,136.7911629,FALSE
22-11-2001 09:00,153.9323,0.0115,152.9471333,FALSE
24-11-2001 09:00,183.01682,0.0118,186.5893083,FALSE
28-11-2001 08:45,132.3311,0.0111,126.9108181,FALSE
29-11-2001 08:45,127.47146,0.0054,59.47308438,FALSE
03-12-2001 08:45,59.031662,0.0052,26.5217451,FALSE
07-12-2001 08:30,54.61448,0.0044,20.76224072,FALSE
10-12-2001 08:45,36.85666,0.0039,12.41922015,FALSE
11-12-2001 08:45,36.70543,0.0037,11.73399186,FALSE
12-12-2001 08:45,37.01385,0.0034,10.87318858,FALSE
13-12-2001 08:45,37.434807,0.0038,12.29059583,FALSE
14-12-2001 08:45,38.357708,0.0035,11.5993709,FALSE
15-12-2001 08:45,41.317764,0.0045,16.06434664,FALSE
17-12-2001 08:45,40.978935,0.0037,13.10014594,FALSE
18-12-2001 08:45,47.2828,0.0036,14.70684211,FALSE
19-12-2001 08:45,54.215366,0.005,23.42103811,FALSE
20-12-2001 08:45,51.748386,0.0044,19.67266642,FALSE
21-12-2001 08:45,40.532772,0.0042,14.7085323,FALSE
22-12-2001 08:45,132.28436,0.004,45.71747482,FALSE
27-12-2001 08:45,125.501495,0.0034,36.86731917,FALSE
28-12-2001 08:45,135.1542,0.0035,40.87063008,FALSE
29-12-2001 08:45,39.238255,0.0036,12.20466684,FALSE
31-12-2001 08:45,40.31967,0.0037,12.88939211,FALSE
01-01-2002 08:45,54.14092,0.0046,21.51776724,FALSE
02-01-2002 08:45,54.77311,0.0043,20.34930583,FALSE
03-01-2002 08:45,40.61869,0.0034,11.93214637,FALSE
04-01-2002 08:45,40.868176,0.0033,11.65233434,FALSE
05-01-2002 08:45,40.412758,0.0036,12.56998425,FALSE
07-01-2002 08:45,42.49399,0.0035,12.85018258,FALSE
08-01-2002 08:45,33.150013,0.0038,10.88381227,FALSE
09-01-2002 08:45,31.103718,0.0037,9.94323657,FALSE
10-01-2002 08:45,34.101448,0.0038,11.19618741,FALSE
11-01-2002 08:45,31.171516,0.0035,9.426266438,FALSE
14-01-2002 08:45,33.712875,0.0033,9.61221492,FALSE
15-01-2002 08:45,34.11029,0.0035,10.3149517,FALSE
16-01-2002 08:45,31.233454,0.0032,8.635425362,FALSE
17-01-2002 08:45,32.22051,0.0034,9.465097018,FALSE
18-01-2002 08:45,31.808912,0.0035,9.619014989,FALSE
19-01-2002 08:45,32.226513,0.0036,10.0237346,FALSE
21-01-2002 08:45,31.424486,0.0036,9.774272125,FALSE
22-01-2002 08:45,32.17696,0.0035,9.730312704,FALSE
23-01-2002 08:45,33.917286,0.0035,10.25658729,FALSE
24-01-2002 08:45,32.295406,0.0036,10.04516308,FALSE
25-01-2002 08:00,32,0.0036,9.95328,FALSE
28-01-2002 08:45,32.606445,0.0033,9.296749598,FALSE
29-01-2002 08:45,34.507336,0.0032,9.540588257,FALSE
31-01-2002 08:45,32.690495,0.0037,10.45049744,FALSE
01-02-2002 08:45,33.647392,0.0035,10.17497134,FALSE
02-02-2002 08:45,34.354393,0.0037,10.98241235,FALSE
04-02-2002 08:45,35.475407,0.0036,11.03427059,FALSE
05-02-2002 08:45,36.275547,0.0039,12.22340832,FALSE
06-02-2002 08:45,31.84355,0.0034,9.354361248,FALSE
07-02-2002 08:45,37.052765,0.0036,11.52489203,FALSE
08-02-2002 08:45,31.77173,0.0034,9.333263405,FALSE
11-02-2002 08:45,33.67481,0.0029,8.437560394,FALSE
12-02-2002 08:45,34.252293,0.0029,8.582254534,FALSE
13-02-2002 08:30,34.946068,0.0031,9.359954853,FALSE
14-02-2002 08:45,35.07641,0.0028,8.485685107,FALSE
16-02-2002 08:45,35.855373,0.0029,8.983922259,FALSE
18-02-2002 08:45,39.230972,0.0029,9.829712344,FALSE
22-02-2002 08:45,34.49472,0.0029,8.642997043,FALSE
25-02-2002 08:45,36.44331,0.0035,11.02045694,FALSE
11-03-2002 08:45,41.360687,0.0035,12.50747175,FALSE
18-03-2002 08:45,37.13079,0.0036,11.54916092,FALSE
25-03-2002 08:45,60.543526,0.0034,17.7852662,FALSE
01-04-2002 08:45,58.367947,0.0035,17.65046717,FALSE
08-04-2002 08:45,58.96054,0.0025,12.73547664,FALSE
09-04-2002 08:45,58.363113,0.0029,14.62346159,FALSE
10-04-2002 08:45,58.316135,0.0027,13.60398797,FALSE
11-04-2002 08:45,59.656296,0.003,15.46291192,FALSE
12-04-2002 08:45,62.22078,0.0031,16.66521372,FALSE
15-04-2002 08:45,58.278824,0.0032,16.11292926,FALSE
16-04-2002 08:45,59.39793,0.0034,17.44873592,FALSE
18-04-2002 08:45,61.693577,0.0031,16.52400766,FALSE
19-04-2002 08:45,58.58406,0.0035,17.71581974,FALSE
20-04-2002 08:45,62.214584,0.0031,16.66355418,FALSE
26-04-2002 08:45,62.49583,0.0034,18.35877502,FALSE
27-04-2002 08:45,58.248238,0.0036,18.11753195,FALSE
29-04-2002 08:45,62.74709,0.0037,20.05898973,FALSE
30-04-2002 08:45,62.866108,0.0035,19.01071106,FALSE
01-05-2002 08:45,55.16937,0.0037,17.6365442,FALSE
02-05-2002 08:45,59.142822,0.0028,14.3078315,FALSE
03-05-2002 08:45,63.17687,0.0036,19.65053364,FALSE
04-05-2002 08:45,62.87816,0.0036,19.55762289,FALSE
06-05-2002 08:45,55.583107,0.0033,15.84785547,FALSE
07-05-2002 08:45,63.277393,0.0036,19.68180032,FALSE
08-05-2002 08:45,55.802208,0.0032,15.42819447,FALSE
09-05-2002 08:45,60.94522,0.0035,18.42983453,FALSE
10-05-2002 08:45,60.75089,0.0034,17.84618145,FALSE
13-05-2002 08:45,55.306557,0.0032,15.29115688,FALSE
16-05-2002 08:45,137.8479,0.0032,38.11218739,FALSE
17-05-2002 08:45,137.16658,0.0028,33.18333903,FALSE
18-05-2002 09:00,172.16895,0.0024,35.70095347,FALSE
20-05-2002 09:00,240.68555,0.0032,66.54474086,FALSE
21-05-2002 09:00,241.71991,0.003,62.65380067,FALSE
23-05-2002 09:00,223.77434,0.003,58.00230893,FALSE
03-06-2002 09:00,81.60717,0.0034,23.97292226,FALSE
04-06-2002 09:00,168.22958,0.0052,75.5821857,FALSE
10-06-2002 09:00,344.8062,0.0102,303.8708079,FALSE
11-06-2002 09:00,287.10947,0.0097,240.6207046,FALSE
14-06-2002 09:00,640.7416,0.0195,1079.521448,FALSE
15-06-2002 09:00,892.0201,0.0209,1610.774216,FALSE
17-06-2002 09:00,371.9876,0.0099,318.1833135,FALSE
18-06-2002 09:00,248.94795,0.0062,133.3564379,FALSE
20-06-2002 09:00,130.61522,0.0084,94.79530207,FALSE
21-06-2002 09:00,135.05623,0.0039,45.50854726,FALSE
24-06-2002 09:00,358.35214,0.0082,253.8853241,FALSE
25-06-2002 09:00,704.08167,0.0144,875.9902505,FALSE
26-06-2002 09:00,454.26758,0.0123,482.7592426,FALSE
27-06-2002 09:00,439.99323,0.0119,452.3834394,FALSE
28-06-2002 09:00,454.17905,0.0145,568.9955138,FALSE
29-06-2002 09:00,459.34726,0.0141,559.595206,FALSE
01-07-2002 09:00,285.9293,0.0081,200.1047613,FALSE
02-07-2002 09:00,355.77658,0.0102,313.5387844,FALSE
05-07-2002 09:00,358.0814,0.0099,306.2885063,FALSE
06-07-2002 09:00,409.99945,0.0124,439.2570108,FALSE
08-07-2002 09:00,277.0322,0.0086,205.8460059,FALSE
09-07-2002 15:00,259.62057,0.0085,190.6653466,FALSE
10-07-2002 09:00,226.21745,0.0092,179.8157267,FALSE
11-07-2002 09:00,212.25323,0.009,165.0481116,FALSE
12-07-2002 09:00,426.32977,0.0111,408.8673026,FALSE
15-07-2002 09:00,491.74466,0.0114,484.3488203,FALSE
16-07-2002 09:00,376.06503,0.0103,334.6677915,FALSE
17-07-2002 09:00,376.39725,0.0101,328.4592962,FALSE
18-07-2002 09:00,346.0541,0.0084,251.1522236,FALSE
19-07-2002 09:00,323.83246,0.0089,249.0142084,FALSE
20-07-2002 09:00,305.27136,0.0085,224.1912868,FALSE
22-07-2002 09:00,459.73904,0.0117,464.7410008,FALSE
23-07-2002 09:00,381.76355,0.0096,316.6499589,FALSE
26-07-2002 09:00,252.16977,0.0082,178.6572386,FALSE
27-07-2002 09:00,234.62863,0.0077,156.093735,FALSE
29-07-2002 09:00,259.72653,0.0094,210.9394986,FALSE
30-07-2002 09:00,437.67773,0.0104,393.2797011,FALSE
31-07-2002 09:00,366.35413,0.0104,329.1911671,FALSE
01-08-2002 09:00,675.0914,0.015,874.9184544,FALSE
02-08-2002 09:00,490.6828,0.011,466.3449331,FALSE
03-08-2002 09:00,378.62372,0.0116,379.4718371,FALSE
05-08-2002 09:00,464.92926,0.0139,558.3614441,FALSE
13-08-2002 09:00,444.0455,0.0137,525.6077774,FALSE
14-08-2002 09:00,465.1307,0.015,602.8093872,FALSE
16-08-2002 09:00,640.6963,0.017,941.0547254,FALSE
17-08-2002 09:00,1292.0905,0.019,2121.095765,FALSE
19-08-2002 09:00,734.327,0.017,1078.579498,FALSE
20-08-2002 09:00,560.10815,0.0164,793.6508442,FALSE
22-08-2002 09:00,405.03192,0.0146,510.9234652,FALSE
23-08-2002 09:00,380.75372,0.0137,450.6905633,FALSE
24-08-2002 09:00,342.17642,0.0148,437.5478318,FALSE
26-08-2002 09:00,292.70306,0.0124,313.5903504,FALSE
27-08-2002 09:00,278.82474,0.0112,269.8131244,FALSE
28-08-2002 09:00,268.55606,0.0106,245.954382,FALSE
29-08-2002 09:00,278.15668,0.0106,254.7470138,FALSE
04-09-2002 09:00,240.08728,0.0092,190.8405771,FALSE
05-09-2002 09:00,227.78246,0.0087,171.2195195,FALSE
06-09-2002 09:00,224.16335,0.0085,164.6255642,FALSE
10-09-2002 10:15,608.8,0.0177,931.025664,FALSE
11-09-2002 09:00,377.24042,0.0147,479.1255126,FALSE
12-09-2002 09:00,240.57216,0.0087,180.8332812,FALSE
16-09-2002 09:00,227.3832,0.0083,163.0610404,FALSE
17-09-2002 09:00,230.08687,0.0067,133.1926873,FALSE
18-09-2002 09:00,141.36594,0.0042,51.29887231,FALSE
19-09-2002 09:00,131.10077,0.0042,47.57384742,FALSE
24-09-2002 08:30,91.32439,0.0042,33.13979464,FALSE
25-09-2002 08:30,82.08307,0.004,28.36790899,FALSE
27-09-2002 08:30,105.74547,0.0044,40.20019788,FALSE
28-09-2002 08:30,98.90704,0.0043,36.7459435,FALSE
30-09-2002 08:30,92.1334,0.0039,31.04527046,FALSE
01-10-2002 08:30,92.72226,0.0046,36.85153501,FALSE
03-10-2002 08:30,90.5364,0.0045,35.20055232,FALSE
04-10-2002 09:00,84.0283,0.0042,30.4921895,FALSE
07-10-2002 08:30,93.24147,0.0037,29.80743313,FALSE
08-10-2002 08:30,103.459145,0.0049,43.80046363,FALSE
09-10-2002 08:30,45.941216,0.003,11.90796319,FALSE
10-10-2002 08:30,62.65204,0.0046,24.90042678,FALSE
11-10-2002 08:30,61.887127,0.0034,18.17996243,FALSE
16-10-2002 09:00,442.1156,0.0124,473.6649692,FALSE
17-10-2002 09:00,332.94406,0.0125,359.5795848,FALSE
18-10-2002 09:00,322.969,0.0115,320.9019984,FALSE
19-10-2002 09:00,428.22424,0.014,517.9800407,FALSE
21-10-2002 09:00,214.51553,0.0127,235.3836008,FALSE
22-10-2002 09:00,245.5828,0.0127,269.4730948,FALSE
23-10-2002 09:00,223.04733,0.0115,221.6198271,FALSE
24-10-2002 09:00,323.98633,0.0124,347.1059945,FALSE
25-10-2002 09:00,211.33229,0.0104,189.8947425,FALSE
26-10-2002 09:15,234.69318,0.0105,212.9136529,FALSE
28-10-2002 09:00,231.56346,0.0099,198.0701211,FALSE
29-10-2002 09:00,221.19807,0.0081,154.8032573,FALSE
30-10-2002 09:00,214.55368,0.0069,127.9083219,FALSE
31-10-2002 09:00,234.60988,0.0077,156.081261,FALSE
01-11-2002 09:00,228.44724,0.0078,153.955164,FALSE
02-11-2002 09:00,217.1161,0.0074,138.8153497,FALSE
07-11-2002 09:00,232.28754,0.0093,186.6476841,FALSE
08-11-2002 09:00,218.14648,0.0072,135.7045623,FALSE
11-11-2002 09:00,124.378334,0.0075,80.59716043,FALSE
12-11-2002 09:00,162.21147,0.0073,102.3100184,FALSE
13-11-2002 09:00,218.22383,0.0073,137.6381341,FALSE
18-11-2002 08:45,59.84384,0.0044,22.75023421,FALSE
20-11-2002 08:45,67.95857,0.0045,26.42229202,FALSE
22-11-2002 08:45,66.52207,0.0043,24.71427945,FALSE
23-11-2002 08:45,70.14141,0.0043,26.05893664,FALSE
25-11-2002 08:45,60.787697,0.0044,23.10905089,FALSE
26-11-2002 08:45,70.2051,0.0034,20.62345018,FALSE
27-11-2002 08:45,52.6852,0.0032,14.5664041,FALSE
28-11-2002 08:45,60.722004,0.0035,18.36233401,FALSE
30-11-2002 08:45,61.923504,0.003,16.05057224,FALSE
02-12-2002 09:00,87.46858,0.0029,21.9161274,FALSE
05-12-2002 08:45,45.161396,0.0033,12.87641723,FALSE
07-12-2002 09:00,61.873096,0.0032,17.10667358,FALSE
09-12-2002 08:45,46.639088,0.0032,12.89477505,FALSE
10-12-2002 08:45,45.35634,0.0031,12.14824211,FALSE
11-12-2002 08:45,89.48481,0.0076,58.75930564,FALSE
13-12-2002 08:45,45.73273,0.0021,8.297746531,FALSE
16-12-2002 07:45,52.668896,0.0023,10.46636301,FALSE
18-12-2002 08:45,52.73681,0.0027,12.30244304,FALSE
20-12-2002 08:45,54.34964,0.0027,12.67868402,FALSE
21-12-2002 08:45,55.963757,0.0027,13.05522523,FALSE
23-12-2002 08:45,52.84502,0.0027,12.32768627,FALSE
24-12-2002 08:45,81.907196,0.0028,19.81498886,FALSE
26-12-2002 08:45,65.22149,0.0022,12.39730082,FALSE
27-12-2002 08:45,56.43666,0.0022,10.72748033,FALSE
28-12-2002 08:45,55.036606,0.0022,10.46135807,FALSE
30-12-2002 08:45,82.421875,0.0022,15.66675,FALSE
31-12-2002 08:45,55.11776,0.0021,10.00056637,FALSE
01-01-2003 08:45,63.9294,0.0022,12.15170035,FALSE
02-01-2003 08:45,85.35309,0.0022,16.22391535,FALSE
03-01-2003 08:45,50.618034,0.0022,9.621475903,FALSE
04-01-2003 08:45,86.07247,0.0024,17.84798738,FALSE
06-01-2003 08:45,86.42072,0.0023,17.17352548,FALSE
07-01-2003 08:45,87.21577,0.0023,17.33151781,FALSE
08-01-2003 08:45,82.51592,0.0022,15.68462607,FALSE
10-01-2003 08:45,82.69733,0.0023,16.43361342,FALSE
13-01-2003 08:45,50.671852,0.0022,9.631705628,FALSE
14-01-2003 08:45,54.8918,0.0022,10.43383334,FALSE
15-01-2003 08:45,50.175247,0.0021,9.103796816,FALSE
16-01-2003 08:45,49.295383,0.0021,8.944154292,FALSE
18-01-2003 08:45,57.530827,0.0022,10.9354596,FALSE
20-01-2003 08:45,52.871,0.0022,10.04971968,FALSE
21-01-2003 08:45,53.421158,0.0022,10.15429371,FALSE
22-01-2003 08:45,53.244026,0.0022,10.12062446,FALSE
23-01-2003 08:45,58.662502,0.0023,11.6574124,FALSE
24-01-2003 08:45,53.109337,0.0022,10.09502278,FALSE
25-01-2003 08:45,58.65951,0.0023,11.65681783,FALSE
27-01-2003 08:45,46.498123,0.0021,8.436619437,FALSE
29-01-2003 08:45,45.81112,0.0021,8.311969613,FALSE
30-01-2003 08:45,57.093258,0.0023,11.34557223,FALSE
01-02-2003 08:45,47.214725,0.0024,9.790445376,FALSE
03-02-2003 08:45,45.336605,0.0023,9.009290146,FALSE
04-02-2003 08:45,44.03977,0.0024,9.132086707,FALSE
05-02-2003 08:45,43.9513,0.0023,8.734002336,FALSE
06-02-2003 08:45,44.02509,0.0023,8.748665885,FALSE
07-02-2003 08:45,44.38527,0.0023,8.820240854,FALSE
10-02-2003 08:45,46.64729,0.0023,9.269749469,FALSE
11-02-2003 08:45,45.684128,0.0023,9.078349916,FALSE
13-02-2003 08:45,46.686264,0.0024,9.680863703,FALSE
14-02-2003 08:45,52.522083,0.0024,10.89097913,FALSE
15-02-2003 08:45,52.47905,0.0023,10.42863682,FALSE
17-02-2003 08:45,49.121727,0.0024,10.18588131,FALSE
18-02-2003 08:45,47.760265,0.0023,9.490919861,FALSE
20-02-2003 08:45,49.15859,0.0024,10.19352522,FALSE
21-02-2003 08:45,48.951702,0.0025,10.57356763,FALSE
24-02-2003 08:45,49.42402,0.0022,9.394517722,FALSE
25-02-2003 08:45,48.81317,0.0024,10.12189893,FALSE
26-02-2003 08:45,49.985264,0.0025,10.79681702,FALSE
27-02-2003 08:45,50.899754,0.0025,10.99434686,FALSE
28-02-2003 08:45,60.518227,0.0027,14.11769199,FALSE
01-03-2003 08:45,49.357494,0.0024,10.23476996,FALSE
03-03-2003 08:45,47.138363,0.0024,9.774610952,FALSE
12-03-2003 08:45,52.994213,0.0025,11.44675001,FALSE
17-03-2003 08:45,45.02714,0.0024,9.33682775,FALSE
31-03-2003 08:45,47.85768,0.0024,9.923768525,FALSE
01-04-2003 08:45,48.65151,0.0031,13.03082044,FALSE
02-04-2003 08:45,48.381783,0.0027,11.28650234,FALSE
03-04-2003 08:45,47.825413,0.0028,11.56992391,FALSE
04-04-2003 08:45,48.36226,0.0029,12.11764787,FALSE
05-04-2003 08:45,49.744568,0.0024,10.31503362,FALSE
07-04-2003 08:45,48.51147,0.0028,11.73589482,FALSE
08-04-2003 08:45,48.474895,0.0025,10.47057732,FALSE
10-04-2003 08:45,46.29223,0.0026,10.39908655,FALSE
11-04-2003 08:45,48.94064,0.0025,10.57117824,FALSE
16-04-2003 08:45,49.572433,0.0026,11.13595135,FALSE
17-04-2003 08:45,49.255688,0.0028,11.91593604,FALSE
19-04-2003 08:45,50.145206,0.0025,10.8313645,FALSE
22-04-2003 08:45,52.671104,0.0023,10.46680179,FALSE
23-04-2003 08:45,49.8779,0.0028,12.06646157,FALSE
24-04-2003 08:45,49.29544,0.0025,10.64781504,FALSE
25-04-2003 08:45,52.386757,0.0025,11.31553951,FALSE
28-04-2003 08:45,49.606438,0.0027,11.57218986,FALSE
29-04-2003 08:45,42.738472,0.0027,9.970030748,FALSE
30-04-2003 08:45,44.502552,0.0029,11.15055943,FALSE
01-05-2003 08:45,48.20571,0.0027,11.24542803,FALSE
02-05-2003 08:45,47.147457,0.0027,10.99855877,FALSE
05-05-2003 08:45,46.53797,0.0028,11.2584657,FALSE
06-05-2003 08:45,55.509357,0.0025,11.99002111,FALSE
08-05-2003 08:45,56.122032,0.0024,11.63746456,FALSE
09-05-2003 08:45,58.586708,0.0024,12.14853977,FALSE
12-05-2003 08:45,46.865345,0.0031,12.552414,FALSE
13-05-2003 08:45,44.423336,0.0033,12.66598156,FALSE
15-05-2003 08:45,44.9923,0.003,11.66200416,FALSE
17-05-2003 08:45,44.96911,0.003,11.65599331,FALSE
19-05-2003 08:45,58.08254,0.0027,13.54949493,FALSE
20-05-2003 09:00,51.962852,0.0023,10.32605795,FALSE
21-05-2003 08:45,53.464073,0.003,13.85788772,FALSE
22-05-2003 08:45,53.713398,0.0029,13.458429,FALSE
23-05-2003 08:45,54.50477,0.0029,13.65671517,FALSE
24-05-2003 08:45,51.69265,0.0029,12.95211038,FALSE
26-05-2003 08:45,41.94435,0.0027,9.784777968,FALSE
31-05-2003 08:45,43.17303,0.0028,10.44441942,FALSE
02-06-2003 08:45,44.048794,0.0031,11.79802898,FALSE
03-06-2003 08:45,42.105873,0.003,10.91384228,FALSE
04-06-2003 09:00,41.652496,0.0031,11.15620453,FALSE
05-06-2003 09:00,41.607292,0.0034,12.2225581,FALSE
07-06-2003 09:00,41.055256,0.003,10.64152236,FALSE
09-06-2003 08:45,41.854168,0.003,10.84860035,FALSE
11-06-2003 08:45,41.126385,0.0028,9.949295059,FALSE
12-06-2003 08:45,41.76956,0.003,10.82666995,FALSE
13-06-2003 08:45,41.942776,0.003,10.87156754,FALSE
16-06-2003 08:45,56.151222,0.0026,12.61381051,FALSE
17-06-2003 08:45,57.149998,0.0025,12.34439957,FALSE
23-06-2003 10:00,542.53345,0.0167,782.8106643,FALSE
24-06-2003 10:00,275.10742,0.0114,270.9698044,FALSE
27-06-2003 09:00,217.11266,0.0091,170.7026578,FALSE
30-06-2003 09:00,207.94699,0.01,179.6661994,FALSE
02-07-2003 09:15,210.38481,0.00975,177.2281639,FALSE
03-07-2003 09:00,174.86108,0.01,151.0799731,FALSE
04-07-2003 09:00,183.64888,0.0091,144.3920954,FALSE
07-07-2003 09:15,309.19495,0.0119,317.9018798,FALSE
08-07-2003 09:00,262.92157,0.0118,268.053799,FALSE
09-07-2003 09:00,208.81628,0.0103,185.8297839,FALSE
10-07-2003 08:00,270.1,0.0109,254.369376,FALSE
14-07-2003 09:00,437.02182,0.014,528.6215935,FALSE
15-07-2003 09:00,547.63824,0.0136,643.4968375,FALSE
16-07-2003 09:00,306.92426,0.0117,310.2635959,FALSE
17-07-2003 09:00,440.33142,0.0148,563.0605934,FALSE
18-07-2003 09:00,307.93878,0.0111,295.3256076,FALSE
21-07-2003 09:00,247.10931,0.0099,211.3674194,FALSE
23-07-2003 14:30,174.48816,0.0092,138.6971486,FALSE
24-07-2003 12:15,266.9597,0.0101,232.9597126,FALSE
25-07-2003 09:00,405.97745,0.0141,494.5779687,FALSE
26-07-2003 09:00,379.84845,0.0126,413.5182166,FALSE
28-07-2003 10:00,459.2199,0.0149,591.1813305,FALSE
29-07-2003 13:00,327.14966,0.0118,333.5356214,FALSE
30-07-2003 09:00,235.42465,0.011,223.7475874,FALSE
31-07-2003 08:15,253.01532,0.011,240.4657601,FALSE
01-08-2003 09:00,430.36685,0.0161,598.657503,FALSE
05-08-2003 09:00,228.61876,0.0127,250.858793,FALSE
06-08-2003 09:00,297.65216,0.0095,244.3128929,FALSE
07-08-2003 09:00,294.22293,0.0102,259.2927838,FALSE
08-08-2003 09:00,511.08716,0.0171,755.1006137,FALSE
12-08-2003 09:00,252.51419,0.0109,237.8077636,FALSE
13-08-2003 09:00,317.05383,0.0124,339.6787913,FALSE
16-08-2003 08:30,424.20352,0.0142,520.4468146,FALSE
18-08-2003 16:37,198.12683,0.0091,155.7752388,FALSE
19-08-2003 08:00,286.98962,0.0106,262.8365736,FALSE
21-08-2003 09:00,301.79858,0.0116,302.4746088,FALSE
22-08-2003 17:00,1489.5917,0.0287,3693.710747,FALSE
26-08-2003 09:00,539.9641,0.0172,802.4298497,FALSE
27-08-2003 09:00,397.07275,0.0145,497.4527412,FALSE
28-08-2003 09:00,383.56882,0.0132,437.4525678,FALSE
30-08-2003 09:00,231.34657,0.0138,275.8391423,FALSE
01-09-2003 09:00,351.28555,0.0154,467.4065014,FALSE
02-09-2003 09:00,304.527,0.0127,334.1513866,FALSE
03-09-2003 09:00,429.97214,0.015,557.2438934,FALSE
05-09-2003 09:00,255.69846,0.012,265.1081633,FALSE
06-09-2003 09:00,254.01418,0.011,241.4150767,FALSE
22-09-2003 08:30,99.38,0.004,34.345728,FALSE
23-09-2003 08:30,101.23942,0.0036,31.4895092,FALSE
24-09-2003 08:30,91.31934,0.0037,29.19296661,FALSE
25-09-2003 08:45,105.89487,0.0034,31.10767701,FALSE
26-09-2003 08:45,86.779366,0.0038,28.49140145,FALSE
29-09-2003 08:30,84.78857,0.0035,25.64006357,FALSE
30-09-2003 08:30,86.7959,0.0037,27.74691331,FALSE
01-10-2003 08:30,88.58163,0.0038,29.08312076,FALSE
06-10-2003 09:00,889.5711,0.0185,1421.890446,FALSE
09-10-2003 08:45,477.4673,0.0158,651.8001606,FALSE
10-10-2003 08:45,372.02856,0.0147,472.5060335,FALSE
13-10-2003 09:00,350.03897,0.0128,387.1150977,FALSE
14-10-2003 09:00,470.7087,0.0144,585.6369362,FALSE
18-10-2003 09:00,340.71994,0.0127,373.8651758,FALSE
20-10-2003 09:00,233.89146,0.0106,214.2071547,FALSE
21-10-2003 09:00,294.78842,0.0145,369.3109326,FALSE
22-10-2003 09:00,338.65128,0.0128,374.5212236,FALSE
23-10-2003 09:00,347.82782,0.0111,333.5807925,FALSE
27-10-2003 08:45,168.11667,0.0066,95.8668499,FALSE
31-10-2003 08:45,154.53029,0.0069,92.12477769,FALSE
01-11-2003 08:45,156.17923,0.0057,76.91514719,FALSE
03-11-2003 08:45,168.49094,0.0042,61.14199231,FALSE
04-11-2003 09:15,175.37135,0.0069,104.549384,FALSE
05-11-2003 08:45,171.8202,0.0068,100.9478039,FALSE
07-11-2003 08:45,172.30658,0.0068,101.2335619,FALSE
10-11-2003 08:45,170.40543,0.0067,98.64429532,FALSE
11-11-2003 08:45,160.83206,0.0065,90.3232849,FALSE
27-11-2003 09:00,82.85794,0.0048,34.36284488,FALSE
28-11-2003 09:00,80.419624,0.0047,32.65680091,FALSE
29-11-2003 09:00,82.6525,0.0048,34.2776448,FALSE
02-12-2003 09:00,20.737797,0.0056,10.0337757,FALSE
03-12-2003 09:00,17.823656,0.0055,8.469801331,FALSE
04-12-2003 09:00,23.518446,0.0062,12.59836115,FALSE
05-12-2003 09:00,22.929407,0.0058,11.49038444,FALSE
06-12-2003 09:00,23.421186,0.0062,12.54626092,FALSE
08-12-2003 09:00,24.256985,0.0061,12.78440137,FALSE
09-12-2003 09:00,25.992811,0.0062,13.923829,FALSE
10-12-2003 09:00,20.264746,0.0057,9.97998211,FALSE
11-12-2003 09:00,22.234325,0.006,11.52627408,FALSE
15-12-2003 09:00,26.66956,0.0063,14.5167749,FALSE
16-12-2003 09:00,21.726261,0.0056,10.51203412,FALSE
17-12-2003 09:00,20.687943,0.0056,10.00965434,FALSE
18-12-2003 09:00,21.004421,0.0058,10.52573545,FALSE
20-12-2003 09:00,21.494524,0.0057,10.58562318,FALSE
22-12-2003 09:00,22.07389,0.006,11.44310458,FALSE
26-12-2003 09:00,21.306292,0.0057,10.49292268,FALSE
27-12-2003 09:00,21.28959,0.0059,10.8525814,FALSE
29-12-2003 09:00,20.376514,0.0057,10.03502561,FALSE
30-12-2003 09:00,22.701569,0.0059,11.57235181,FALSE
31-12-2003 09:00,17.267305,0.0057,8.503802366,FALSE
01-01-2004 09:00,18.359228,0.0059,9.358800065,FALSE
03-01-2004 09:00,17.863398,0.0055,8.48868673,FALSE
05-01-2004 09:00,17.553837,0.0056,8.493248494,FALSE
06-01-2004 09:00,18.173912,0.0057,8.950288182,FALSE
07-01-2004 09:00,18.612535,0.0059,9.487925842,FALSE
12-01-2004 09:00,18.047184,0.0058,9.043804846,FALSE
14-01-2004 09:00,16.000616,0.0056,7.741738045,FALSE
19-01-2004 09:00,16.76084,0.0055,7.964751168,FALSE
20-01-2004 09:00,16.150583,0.0055,7.674757042,FALSE
21-01-2004 09:00,16.868076,0.0055,8.015709715,FALSE
23-01-2004 09:00,17.102926,0.0056,8.275079716,FALSE
24-01-2004 09:00,17.620531,0.0056,8.525517719,FALSE
27-01-2004 09:00,16.654736,0.0054,7.770433628,FALSE
28-01-2004 09:00,17.460403,0.0056,8.448041388,FALSE
30-01-2004 09:00,17.926403,0.0055,8.518626706,FALSE
31-01-2004 09:00,17.607658,0.0056,8.519289247,FALSE
05-02-2004 09:00,16.687895,0.0053,7.641720878,FALSE
06-02-2004 09:00,16.792665,0.0053,7.689697157,FALSE
07-02-2004 09:00,16.712006,0.0053,7.652761788,FALSE
09-02-2004 09:00,16.81353,0.0055,7.989789456,FALSE
11-02-2004 09:00,16.52719,0.0053,7.568130845,FALSE
13-02-2004 09:00,16.946684,0.0055,8.053064237,FALSE
16-02-2004 09:00,16.593075,0.0054,7.741665072,FALSE
17-02-2004 09:00,16.583748,0.0054,7.737313467,FALSE
19-02-2004 09:00,16.9755,0.0055,8.0667576,FALSE
20-02-2004 09:00,16.694536,0.0055,7.933243507,FALSE
21-02-2004 09:00,15.48192,0.0052,6.955717018,FALSE
23-02-2004 09:00,16.479883,0.0053,7.546468023,FALSE
25-02-2004 09:00,14.994536,0.0053,6.866297925,FALSE
27-02-2004 09:00,17.563406,0.0056,8.497878359,FALSE
28-02-2004 09:00,16.925768,0.0055,8.043124954,FALSE
01-03-2004 09:00,17.634562,0.0056,8.532306478,FALSE
03-03-2004 09:00,15.310411,0.0054,7.143225356,FALSE
04-03-2004 09:00,15.868172,0.0058,7.951858353,FALSE
06-03-2004 09:00,15.635953,0.0054,7.295110232,FALSE
08-03-2004 09:00,15.739933,0.0054,7.34362314,FALSE
09-03-2004 09:00,17.094704,0.0056,8.271101583,FALSE
11-03-2004 09:00,15.780402,0.0054,7.362504357,FALSE
12-03-2004 09:00,15.8696,0.0053,7.267007232,FALSE
15-03-2004 09:00,16.040352,0.0056,7.760963912,FALSE
17-03-2004 09:00,15.43334,0.0055,7.333923168,FALSE
18-03-2004 09:00,14.710353,0.0054,6.863262296,FALSE
19-03-2004 09:00,18.468838,0.0056,8.935962578,FALSE
20-03-2004 09:00,18.465662,0.0056,8.934425902,FALSE
22-03-2004 09:00,16.073933,0.0055,7.638332962,FALSE
23-03-2004 09:00,16.121342,0.0055,7.660861718,FALSE
24-03-2004 09:00,16.139683,0.0055,7.669577362,FALSE
25-03-2004 09:00,16.207386,0.0055,7.701749827,FALSE
26-03-2004 09:00,16.320587,0.0055,7.755542942,FALSE
27-03-2004 09:00,15.776933,0.0054,7.36088586,FALSE
29-03-2004 09:00,18.279928,0.0057,9.002498941,FALSE
01-04-2004 09:00,45.01851,0.0096,37.34015293,FALSE
02-04-2004 09:00,18.641193,0.0056,9.019354821,FALSE
05-04-2004 09:00,19.43088,0.0057,9.569319782,FALSE
12-04-2004 09:00,14.983611,0.0053,6.861295149,FALSE
13-04-2004 09:00,37.99787,0.007,22.98111178,FALSE
15-04-2004 09:00,34.216354,0.0066,19.5115337,FALSE
19-04-2004 09:00,38.30883,0.0069,22.83819209,FALSE
20-04-2004 09:00,33.97879,0.0065,19.08248846,FALSE
22-04-2004 09:00,37.871353,0.0067,21.92296882,FALSE
23-04-2004 09:00,36.683853,0.0065,20.60165184,FALSE
28-04-2004 09:00,33.273872,0.0064,18.39912026,FALSE
30-04-2004 09:00,34.1788,0.0066,19.49011891,FALSE
01-05-2004 09:00,36.43599,0.0064,20.14764503,FALSE
03-05-2004 09:00,38.674126,0.007,23.3901114,FALSE
05-05-2004 09:00,38.72949,0.007,23.42359555,FALSE
07-05-2004 09:00,413.70966,0.0128,457.5297872,FALSE
19-05-2004 09:00,316.67377,0.0127,347.4797943,FALSE
21-05-2004 14:30,397.17584,0.0127,435.8131057,FALSE
22-05-2004 09:00,414.04324,0.0147,525.8680383,FALSE
24-05-2004 09:00,402.49194,0.0125,434.6912952,FALSE
27-05-2004 09:00,516.68,0.0157,700.8660864,FALSE
28-05-2004 09:00,219.31323,0.0127,240.648021,FALSE
01-06-2004 09:00,228.69913,0.0104,205.4998903,FALSE
04-06-2004 09:15,418.9134,0.0138,499.4788251,FALSE
05-06-2004 09:15,946.03564,0.0175,1430.405888,FALSE
08-06-2004 09:00,449.82812,0.0142,551.8851239,FALSE
09-06-2004 08:45,302.1815,0.0138,360.2970461,FALSE
10-06-2004 08:45,597.70984,0.0158,815.9456568,FALSE
11-06-2004 08:45,351.486,0.0144,437.3048218,FALSE
14-06-2004 08:45,833.6437,0.0221,1591.792627,FALSE
15-06-2004 08:45,436.8981,0.013,490.7239459,FALSE
16-06-2004 08:45,817.3024,0.0195,1376.991084,FALSE
17-06-2004 08:45,747.7264,0.021,1356.67478,FALSE
21-06-2004 08:45,401.74515,0.0137,475.5376992,FALSE
22-06-2004 08:45,392.56937,0.013,440.9339164,FALSE
23-06-2004 08:45,283.47787,0.012,293.9098556,FALSE
24-06-2004 08:45,328.10574,0.0109,308.9968617,FALSE
25-06-2004 08:45,230.33392,0.0108,214.9291874,FALSE
26-06-2004 08:45,227.6343,0.011,216.3436387,FALSE
28-06-2004 10:15,319.93323,0.0158,436.7472509,FALSE
29-06-2004 08:45,295.85513,0.0134,342.5292353,FALSE
30-06-2004 08:45,432.2317,0.0174,649.7998485,FALSE
01-07-2004 08:45,411.3489,0.0142,504.6757384,FALSE
02-07-2004 08:45,407.08035,0.0153,538.1276563,FALSE
03-07-2004 08:45,405.02695,0.0129,451.4268374,FALSE
06-07-2004 08:45,506.76505,0.0153,669.9028549,FALSE
07-07-2004 08:45,446.7206,0.0149,575.0902316,FALSE
08-07-2004 08:45,365.42502,0.0138,435.7035598,FALSE
09-07-2004 08:45,373.03497,0.0138,444.7770554,FALSE
10-07-2004 08:45,419.7988,0.0156,565.8216146,FALSE
12-07-2004 08:45,411.4369,0.0139,494.1192594,FALSE
13-07-2004 08:45,310.12872,0.0121,324.220969,FALSE
14-07-2004 08:45,298.62683,0.0133,343.1580629,FALSE
16-07-2004 08:45,452.80072,0.0155,606.3907242,FALSE
17-07-2004 08:45,443.21353,0.0132,505.4761667,FALSE
19-07-2004 08:45,445.73752,0.0156,600.782859,FALSE
21-07-2004 08:45,496.42014,0.0171,733.4309716,FALSE
22-07-2004 08:45,419.39334,0.0141,510.9217425,FALSE
23-07-2004 08:45,455.75903,0.0165,649.7300732,FALSE
28-07-2004 08:45,405.0126,0.014,489.903241,FALSE
29-07-2004 08:45,432.62247,0.0147,549.4651467,FALSE
30-07-2004 08:45,504.95132,0.0176,767.8491752,FALSE
31-07-2004 08:45,380.94214,0.0134,441.039572,FALSE
02-08-2004 08:45,400.7434,0.0129,446.6525639,FALSE
03-08-2004 08:45,402.36557,0.0122,424.1255,FALSE
04-08-2004 09:00,2074.0544,0.0591,10590.61954,FALSE
05-08-2004 09:00,1424.5486,0.0313,3852.43527,FALSE
06-08-2004 09:00,1207.7814,0.0252,2629.678287,FALSE
09-08-2004 08:45,658.6975,0.0209,1189.449598,FALSE
10-08-2004 08:45,698.3569,0.0194,1170.557902,FALSE
11-08-2004 08:45,705.2899,0.0162,987.1801672,FALSE
16-08-2004 08:45,459.46207,0.0121,480.3400265,FALSE
17-08-2004 08:45,459.78162,0.0116,460.8115308,FALSE
19-08-2004 08:45,354.3981,0.0129,394.9979463,FALSE
20-08-2004 08:45,320.20447,0.0128,354.1205275,FALSE
21-08-2004 08:45,317.9066,0.0119,326.8588499,FALSE
23-08-2004 08:45,306.93243,0.0075,198.8922146,FALSE
24-08-2004 08:45,256.61343,0.0077,170.7197827,FALSE
25-08-2004 08:45,256.28323,0.0065,143.928662,FALSE
26-08-2004 08:45,255.9525,0.0084,185.7600864,FALSE
01-09-2004 08:45,210.10829,0.0056,101.658795,FALSE
02-09-2004 08:45,188.25494,0.0049,79.6996114,FALSE
03-09-2004 08:45,186.39963,0.0044,70.86168334,FALSE
04-09-2004 08:45,183.87347,0.0043,68.31267157,FALSE
06-09-2004 08:45,242.55582,0.0048,100.5927497,FALSE
08-09-2004 08:45,228.6839,0.0044,86.93647142,FALSE
10-09-2004 08:45,189.45183,0.0045,73.6588715,FALSE
13-09-2004 08:45,221.82042,0.0049,93.90989301,FALSE
14-09-2004 10:00,252.10036,0.0053,115.4417969,FALSE
15-09-2004 08:45,216.62468,0.0064,119.7847831,FALSE
16-09-2004 08:45,308.76678,0.0051,136.0549939,FALSE
17-09-2004 08:45,242.194,0.0061,127.6459258,FALSE
18-09-2004 08:45,365.96942,0.012,379.4370947,FALSE
20-09-2004 08:45,300.0405,0.0092,238.4961926,FALSE
22-09-2004 08:45,216.57062,0.004,74.84680627,FALSE
23-09-2004 08:45,220.65651,0.0037,70.53947312,FALSE
24-09-2004 08:45,165.07835,0.0035,49.91969304,FALSE
27-09-2004 08:45,346.35556,0.0129,386.034053,FALSE
28-09-2004 08:45,387.2561,0.0127,424.9283734,FALSE
29-09-2004 08:45,278.8579,0.0113,272.2545449,FALSE
30-09-2004 08:45,264.50427,0.0104,237.6729569,FALSE
01-10-2004 08:45,247.58124,0.01,213.9101914,FALSE
04-10-2004 08:45,813.7216,0.0153,1075.674857,FALSE
05-10-2004 08:45,530.29224,0.01107,507.1969524,FALSE
06-10-2004 08:45,434.1931,0.0102,382.6456952,FALSE
07-10-2004 09:45,270.13577,0.0112,261.4049819,FALSE
08-10-2004 08:45,239.76462,0.0099,205.0850654,FALSE
11-10-2004 08:45,213.62332,0.0072,132.8907949,FALSE
12-10-2004 08:45,291.6661,0.0067,168.839672,FALSE
13-10-2004 08:45,244.1254,0.0078,164.5209896,FALSE
14-10-2004 08:45,363.36093,0.0129,404.9875581,FALSE
18-10-2004 08:45,222.76321,0.0103,198.2414358,FALSE
19-10-2004 08:45,265.52307,0.0117,268.411961,FALSE
20-10-2004 08:45,339.9092,0.0068,199.7034532,FALSE
23-10-2004 08:45,241.35011,0.0083,173.0769909,FALSE
25-10-2004 08:45,186.50142,0.008,128.9097815,FALSE
26-10-2004 08:45,214.08707,0.0096,177.5723793,FALSE
28-10-2004 08:45,224.34157,0.0097,188.016183,FALSE
29-10-2004 08:45,272.33118,0.0151,355.2941507,FALSE
30-10-2004 08:45,199.76411,0.01,172.596191,FALSE
01-11-2004 08:30,241.83829,0.0113,236.1115593,FALSE
02-11-2004 08:45,272.21497,0.0111,261.0650448,FALSE
03-11-2004 08:45,290.06226,0.0096,240.5892409,FALSE
04-11-2004 08:45,264.37433,0.009,205.577479,FALSE
06-11-2004 08:45,261.36783,0.0105,237.1128954,FALSE
08-11-2004 08:45,239.49838,0.0068,140.7100882,FALSE
09-11-2004 08:45,275.1864,0.0096,228.2506076,FALSE
10-11-2004 08:45,215.68239,0.0062,115.5367427,FALSE
11-11-2004 08:45,211.9542,0.0057,104.3832044,FALSE
16-11-2004 08:45,256.54977,0.0066,146.2949408,FALSE
22-11-2004 08:45,198.49014,0.0054,92.60755972,FALSE
23-11-2004 08:45,224.0579,0.0062,120.0233359,FALSE
24-11-2004 08:45,158.45872,0.0037,50.65608361,FALSE
25-11-2004 08:45,158.93968,0.0025,34.33097088,FALSE
27-11-2004 08:45,194.04088,0.0027,45.26585649,FALSE
29-11-2004 08:45,158.61795,0.0028,38.37285446,FALSE
30-11-2004 08:45,155.59744,0.0025,33.60904704,FALSE
04-12-2004 08:45,26.381096,0.003,6.837980083,FALSE
07-12-2004 08:45,30.236061,0.003,7.837187011,FALSE
08-12-2004 08:45,29.806673,0.003,7.725889642,FALSE
13-12-2004 08:45,54.21907,0.003,14.05358294,FALSE
14-12-2004 09:00,27.802448,0.003,7.206394522,FALSE
06-01-2005 08:45,27.303205,0.003,7.076990736,FALSE
07-01-2005 08:45,27.494795,0.003,7.126650864,FALSE
10-01-2005 08:45,51.993706,0.003,13.4767686,FALSE
11-01-2005 08:45,51.216427,0.003,13.27529788,FALSE
24-01-2005 08:45,25.46706,0.003,6.601061952,FALSE
25-01-2005 08:45,25.695534,0.003,6.660282413,FALSE
27-01-2005 08:45,27.486166,0.003,7.124414227,FALSE
28-01-2005 08:45,26.479393,0.003,6.863458666,FALSE
29-01-2005 08:45,28.383944,0.003,7.357118285,FALSE
31-01-2005 08:45,43.356796,0.003,11.23808152,FALSE
01-02-2005 08:45,44.46756,0.003,11.52599155,FALSE
02-02-2005 08:45,27.307652,0.003,7.078143398,FALSE
04-02-2005 08:45,26.897259,0.003,6.971769533,FALSE
05-02-2005 08:45,51.927513,0.003,13.45961137,FALSE
07-02-2005 08:45,32.21429,0.003,8.349943968,FALSE
08-02-2005 08:45,31.674608,0.003,8.210058394,FALSE
09-02-2005 08:45,27.406462,0.003,7.10375495,FALSE
10-02-2005 08:45,27.952433,0.003,7.245270634,FALSE
11-02-2005 08:45,50.836815,0.003,13.17690245,FALSE
14-02-2005 08:45,49.270763,0.003,12.77098177,FALSE
15-02-2005 08:45,51.636017,0.003,13.38405561,FALSE
16-02-2005 08:45,32.294556,0.003,8.370748915,FALSE
18-02-2005 08:45,32.60067,0.003,8.450093664,FALSE
21-02-2005 08:45,51.04472,0.003,13.23079142,FALSE
23-02-2005 08:45,32.54315,0.003,8.43518448,FALSE
24-02-2005 08:00,32.465748,0.003,8.415121882,FALSE
28-02-2005 08:45,32.466763,0.003,8.41538497,FALSE
04-03-2005 08:45,33.312065,0.003,8.634487248,FALSE
05-03-2005 08:45,32.495525,0.003,8.42284008,FALSE
07-03-2005 08:45,33.30284,0.003,8.632096128,FALSE
09-03-2005 08:45,33.746094,0.003,8.746987565,FALSE
10-03-2005 08:45,28.72698,0.003,7.446033216,FALSE
11-03-2005 08:45,32.785835,0.003,8.498088432,FALSE
12-03-2005 08:45,31.007957,0.003,8.037262454,FALSE
14-03-2005 08:45,30.246998,0.003,7.840021882,FALSE
15-03-2005 08:45,32.598278,0.003,8.449473658,FALSE
16-03-2005 08:45,30.443785,0.003,7.891029072,FALSE
17-03-2005 08:45,31.28531,0.003,8.109152352,FALSE
19-03-2005 08:45,30.744698,0.003,7.969025722,FALSE
21-03-2005 08:45,32.90252,0.003,8.528333184,FALSE
22-03-2005 08:45,33.18522,0.003,8.601609024,FALSE
23-03-2005 08:45,32.34195,0.003,8.38303344,FALSE
26-03-2005 08:45,33.357338,0.003,8.64622201,FALSE
28-03-2005 08:45,34.17391,0.003,8.857877472,FALSE
29-03-2005 08:45,30.551802,0.003,7.919027078,FALSE
30-03-2005 08:45,33.105274,0.003,8.580887021,FALSE
01-04-2005 08:45,33.060036,0.003,8.569161331,FALSE
02-04-2005 08:45,31.516273,0.003,8.169017962,FALSE
04-04-2005 08:45,50.674362,0.003,13.13479463,FALSE
06-04-2005 08:45,33.118206,0.003,8.584238995,FALSE
07-04-2005 08:45,50.05798,0.003,12.97502842,FALSE
08-04-2005 08:45,49.271538,0.003,12.77118265,FALSE
11-04-2005 08:45,47.22871,0.003,12.24168163,FALSE
12-04-2005 08:45,47.148243,0.003,12.22082459,FALSE
13-04-2005 08:45,51.338497,0.003,13.30693842,FALSE
15-04-2005 08:45,51.36687,0.003,13.3142927,FALSE
16-04-2005 08:45,55.321537,0.0031,14.81732047,FALSE
18-04-2005 08:45,51.776184,0.003,13.42038689,FALSE
19-04-2005 08:45,55.088303,0.0031,14.75485108,FALSE
20-04-2005 08:45,51.894306,0.003,13.45100412,FALSE
23-04-2005 08:45,55.790874,0.0031,14.94302769,FALSE
25-04-2005 08:45,54.9308,0.003,14.23806336,FALSE
29-04-2005 08:45,55.53378,0.0031,14.87416764,FALSE
30-04-2005 08:45,54.269634,0.003,14.06668913,FALSE
02-05-2005 08:45,55.5973,0.0031,14.89118083,FALSE
09-05-2005 08:45,47.47408,0.003,12.30528154,FALSE
10-05-2005 08:45,45.884438,0.003,11.89324633,FALSE
12-05-2005 08:45,64.38572,0.0032,17.80136387,FALSE
13-05-2005 08:45,94.99105,0.0034,27.90457085,FALSE
16-05-2005 08:45,77.029724,0.0033,21.96271491,FALSE
17-05-2005 08:45,63.518658,0.0032,17.56163856,FALSE
20-05-2005 08:45,64.76696,0.0032,17.9067691,FALSE
24-05-2005 08:45,94.7902,0.0034,27.84556915,FALSE
25-05-2005 08:45,55.105892,0.0031,14.75956211,FALSE
30-05-2005 08:45,256.23065,0.0069,152.7544643,FALSE
31-05-2005 08:45,206.94432,0.0056,100.1279398,FALSE
08-06-2005 09:15,210.53603,0.0057,103.6847841,FALSE
09-06-2005 09:15,223.33286,0.0058,111.9165628,FALSE
10-06-2005 09:00,263.878,0.0064,145.9139789,FALSE
13-06-2005 09:00,223.72331,0.0059,114.0451945,FALSE
14-06-2005 09:00,224.94579,0.0059,114.6683659,FALSE
15-06-2005 09:00,224.85843,0.0059,114.6238333,FALSE
16-06-2005 09:00,229.20775,0.0061,120.8016526,FALSE
17-06-2005 09:15,370.18784,0.0099,316.6438708,FALSE
18-06-2005 09:30,455.403,0.0132,519.3780134,FALSE
20-06-2005 09:00,789.06506,0.0161,1097.621061,FALSE
21-06-2005 09:00,648.88043,0.0167,936.2565948,FALSE
24-06-2005 09:00,359.33377,0.0138,428.4408406,FALSE
25-06-2005 09:00,468.1231,0.0164,663.3117078,FALSE
27-06-2005 09:00,359.39325,0.0139,431.6169175,FALSE
30-06-2005 08:00,500.3,0.0174,752.131008,FALSE
02-07-2005 09:00,684.8614,0.0178,1053.262044,FALSE
04-07-2005 09:00,450.60675,0.0152,591.7728326,FALSE
05-07-2005 09:00,752.4227,0.0196,1274.182697,FALSE
06-07-2005 09:00,636.4785,0.0177,973.3538405,FALSE
07-07-2005 09:00,726.47736,0.0184,1154.924648,FALSE
08-07-2005 09:00,675.11664,0.0186,1084.939445,FALSE
11-07-2005 09:00,763.9575,0.0201,1326.719153,FALSE
12-07-2005 09:00,678.5658,0.0167,979.0890215,FALSE
13-07-2005 09:00,474.7166,0.0151,619.334265,FALSE
15-07-2005 09:00,387.79868,0.014,469.0812833,FALSE
16-07-2005 09:00,434.17383,0.0145,543.9329742,FALSE
18-07-2005 09:00,484.40274,0.0114,477.1173228,FALSE
19-07-2005 09:00,356.20657,0.0118,363.1597222,FALSE
20-07-2005 09:00,370.2615,0.0118,377.4890045,FALSE
21-07-2005 09:00,413.12592,0.0135,481.8700731,FALSE
22-07-2005 09:00,363.12122,0.0124,389.0335503,FALSE
25-07-2005 09:00,1002.55493,0.019,1645.794173,FALSE
26-07-2005 09:15,1849.0245,0.0436,6965.349252,FALSE
27-07-2005 09:15,1808.5684,0.0366,5719.127337,FALSE
30-07-2005 09:15,1306,0.031,3497.9904,FALSE
01-08-2005 09:15,2391.4058,0.0369,7624.184315,FALSE
02-08-2005 09:15,1713.1234,0.0359,5313.697637,FALSE
03-08-2005 09:15,1411.1877,0.0304,3706.569165,FALSE
06-08-2005 09:00,567.6587,0.0182,892.6319526,FALSE
08-08-2005 09:00,372.74182,0.0143,460.5299734,FALSE
09-08-2005 09:00,374.89804,0.0115,372.4986925,FALSE
10-08-2005 10:30,313.41855,0.011,297.8729899,FALSE
11-08-2005 09:00,316.6138,0.0108,295.4386691,FALSE
12-08-2005 09:00,327.80966,0.0102,288.8920972,FALSE
16-08-2005 09:00,794.0146,0.0152,1042.763494,FALSE
17-08-2005 09:00,425.18033,0.0122,448.1740822,FALSE
18-08-2005 09:00,424.28458,0.0094,344.5869645,FALSE
19-08-2005 09:00,360.63657,0.0068,211.8811976,FALSE
22-08-2005 12:30,251.8002,0.0065,141.4109923,FALSE
23-08-2005 09:00,225.60199,0.0055,107.2060656,FALSE
24-08-2005 09:00,239.96274,0.006,124.3966844,FALSE
26-08-2005 09:00,273.63916,0.0051,120.5763595,FALSE
29-08-2005 09:00,356.30875,0.0087,267.8301612,FALSE
30-08-2005 09:00,312.6376,0.0073,197.1867871,FALSE
31-08-2005 09:00,323.63028,0.0096,268.4318994,FALSE
01-09-2005 09:00,538.16797,0.0115,534.723695,FALSE
02-09-2005 09:00,542.2624,0.0127,595.0136863,FALSE
03-09-2005 09:00,495.96866,0.011,471.3686145,FALSE
05-09-2005 09:00,968.18256,0.0244,2041.083746,FALSE
06-09-2005 09:00,804.6354,0.0168,1167.944376,FALSE
07-09-2005 09:00,1438.3453,0.0195,2423.324161,FALSE
08-09-2005 09:00,1334.7091,0.0187,2156.462799,FALSE
09-09-2005 09:00,1191.5068,0.0172,1770.674425,FALSE
12-09-2005 09:00,1401.5209,0.0189,2288.627569,FALSE
13-09-2005 09:00,1173.0074,0.017,1722.913269,FALSE
14-09-2005 09:00,1173.5422,0.0159,1612.165333,FALSE
17-09-2005 09:00,537.7375,0.0091,422.790732,FALSE
19-09-2005 09:00,365.25003,0.0093,293.4857041,FALSE
20-09-2005 10:15,341.2383,0.0099,291.8815923,FALSE
21-09-2005 09:00,583.9553,0.0111,560.0364909,FALSE
23-09-2005 09:00,352.3303,0.008,243.5307034,FALSE
24-09-2005 09:45,341.00912,0.0063,185.6180842,FALSE
26-09-2005 09:00,260.18332,0.0062,139.3750009,FALSE
28-09-2005 09:00,245.7042,0.0058,123.1272887,FALSE
29-09-2005 09:00,223.16916,0.0059,113.762711,FALSE
30-09-2005 09:00,224.0144,0.006,116.129065,FALSE
01-10-2005 09:00,216.33875,0.0054,100.9350072,FALSE
03-10-2005 09:00,217.5756,0.0055,103.3919251,FALSE
04-10-2005 09:00,217.30536,0.0055,103.2635071,FALSE
06-10-2005 09:00,204.9868,0.0056,99.18081331,FALSE
07-10-2005 09:00,219.65851,0.0051,96.79032585,FALSE
10-10-2005 09:00,249.37216,0.0057,122.8108014,FALSE
13-10-2005 09:00,304.3789,0.0076,199.8673609,FALSE
14-10-2005 09:00,276.10178,0.006,143.1311628,FALSE
17-10-2005 09:00,216.29031,0.0062,115.8623933,FALSE
18-10-2005 09:00,209.62889,0.0054,97.80445492,FALSE
19-10-2005 09:00,195.86427,0.0051,86.30563193,FALSE
20-10-2005 09:00,210.3504,0.005,90.8713728,FALSE
21-10-2005 09:00,221.9895,0.0063,120.8333246,FALSE
22-10-2005 09:00,403.73215,0.0054,188.3652719,FALSE
24-10-2005 09:00,284.32477,0.0062,152.3070928,FALSE
31-10-2005 09:00,222.18233,0.0059,113.2596645,FALSE
02-11-2005 09:00,213.44746,0.0074,136.469768,FALSE
04-11-2005 09:00,235.6615,0.0065,132.3474984,FALSE
07-11-2005 08:45,199.63834,0.0075,129.3656443,FALSE
08-11-2005 08:45,218.08769,0.0074,139.4365455,FALSE
09-11-2005 08:45,200.81342,0.0071,123.1869844,FALSE
10-11-2005 08:45,197.92207,0.0076,129.963548,FALSE
11-11-2005 08:45,190.3072,0.0063,103.5880151,FALSE
14-11-2005 08:45,284.52594,0.0075,184.3728091,FALSE
16-11-2005 08:45,319.84747,0.0101,279.1116962,FALSE
17-11-2005 08:45,284.16666,0.0088,216.0575949,FALSE
18-11-2005 08:45,272.23724,0.0076,178.7618613,FALSE
21-11-2005 08:45,225.03604,0.0083,161.377845,FALSE
22-11-2005 08:45,224.89398,0.0098,190.4222307,FALSE
23-11-2005 08:45,181.21141,0.0087,136.2129927,FALSE
24-11-2005 08:45,224.31789,0.0086,166.677165,FALSE
25-11-2005 08:45,197.11241,0.007,119.2135856,FALSE
26-11-2005 08:45,217.82503,0.0086,161.8527103,FALSE
28-11-2005 08:45,188.66884,0.0072,117.367112,FALSE
01-12-2005 08:45,190.80792,0.0073,120.3463713,FALSE
02-12-2005 08:45,197.97057,0.0082,140.2581894,FALSE
05-12-2005 08:45,273.1972,0.0109,257.2861951,FALSE
06-12-2005 08:45,224.32138,0.0091,176.3704418,FALSE
12-12-2005 08:31,182.13513,0.0082,129.0390969,FALSE
13-12-2005 08:45,206.3644,0.0087,155.1199922,FALSE
19-12-2005 08:45,89.34,0.0037,28.5602112,FALSE
21-12-2005 08:45,91.87,0.0038,30.1627584,FALSE
22-12-2005 08:45,87.23453,0.0036,27.13342821,FALSE
24-12-2005 08:45,88.9158,0.0037,28.42460294,FALSE
26-12-2005 08:45,87.59843,0.0036,27.24661567,FALSE
29-12-2005 08:45,180.8186,0.0081,126.544089,FALSE
30-12-2005 08:45,88.371826,0.0037,28.25070534,FALSE
31-12-2005 08:45,88.35873,0.0037,28.24651881,FALSE
02-01-2006 08:45,89.84364,0.0037,28.72121484,FALSE
04-01-2006 08:45,86.95345,0.0036,27.04600109,FALSE
05-01-2006 08:45,94.77626,0.0038,31.11694168,FALSE
06-01-2006 08:45,88.86306,0.0037,28.40774302,FALSE
07-01-2006 08:45,91.04619,0.0038,29.8922851,FALSE
11-01-2006 08:45,88.96,0.0034,26.1328896,FALSE
12-01-2006 08:45,87.29154,0.0036,27.1511606,FALSE
13-01-2006 08:45,87.22614,0.0036,27.13081859,FALSE
16-01-2006 09:15,28.3289,0.0021,5.139995616,FALSE
17-01-2006 08:45,31.292841,0.0022,5.948143217,FALSE
23-01-2006 08:45,18.735912,0.0018,2.913809034,FALSE
27-01-2006 08:45,19.913631,0.0019,3.269021665,FALSE
28-01-2006 08:45,19.211485,0.0019,3.153757378,FALSE
30-01-2006 08:45,17.6852,0.0018,2.750402304,FALSE
31-01-2006 08:45,21.784357,0.0019,3.576120045,FALSE
01-02-2006 08:45,16.68493,0.0018,2.594840314,FALSE
02-02-2006 08:45,18.125732,0.0018,2.818913841,FALSE
06-02-2006 08:45,20.692352,0.0019,3.396856504,FALSE
07-02-2006 08:45,16.514877,0.0018,2.568393671,FALSE
08-02-2006 08:45,20.438776,0.0019,3.355229468,FALSE
13-02-2006 08:45,19.85779,0.0018,3.088283501,FALSE
17-02-2006 08:45,21.636633,0.0019,3.551869673,FALSE
18-02-2006 08:45,23.284155,0.002,4.023501984,FALSE
24-02-2006 08:45,86.86956,0.0037,27.77046094,FALSE
25-02-2006 08:45,91.23667,0.0038,29.95482349,FALSE
27-02-2006 08:45,79.20476,0.0035,23.95151942,FALSE
28-02-2006 08:45,91.59984,0.0038,30.07405947,FALSE
01-03-2006 08:45,78.61213,0.0034,23.09309931,FALSE
04-03-2006 08:45,86.74,0.0037,27.7290432,FALSE
06-03-2006 08:45,80.91335,0.0035,24.46819704,FALSE
09-03-2006 12:30,63.983887,0.003,16.58462351,FALSE
10-03-2006 08:45,63.688652,0.003,16.5080986,FALSE
14-03-2006 08:45,66.61185,0.0031,17.8413179,FALSE
15-03-2006 08:45,63.820995,0.003,16.5424019,FALSE
16-03-2006 08:45,65.98061,0.0031,17.67224658,FALSE
18-03-2006 08:45,65.252075,0.0031,17.47711577,FALSE
20-03-2006 08:45,64.12375,0.0031,17.1749052,FALSE
23-03-2006 08:45,57.70236,0.0029,14.45790332,FALSE
24-03-2006 08:45,65.38792,0.0031,17.51350049,FALSE
25-03-2006 08:45,61.575077,0.003,15.96025996,FALSE
27-03-2006 08:45,60.841022,0.0029,15.24432647,FALSE
28-03-2006 08:45,66.113205,0.0031,17.70776083,FALSE
29-03-2006 08:45,61.96034,0.003,16.06012013,FALSE
30-03-2006 08:45,59.78772,0.0029,14.98041112,FALSE
31-03-2006 08:45,62.867466,0.003,16.29524719,FALSE
01-04-2006 08:45,63.064983,0.003,16.34644359,FALSE
03-04-2006 08:45,65.240944,0.0031,17.47413444,FALSE
04-04-2006 08:45,63.78117,0.003,16.53207926,FALSE
07-04-2006 08:45,62.512066,0.003,16.20312751,FALSE
10-04-2006 08:45,63.11238,0.003,16.3587289,FALSE
12-04-2006 08:45,65.52536,0.0031,17.55031242,FALSE
13-04-2006 08:45,61.20115,0.003,15.86333808,FALSE
15-04-2006 08:45,80.832375,0.0035,24.4437102,FALSE
17-04-2006 08:45,133.22275,0.0049,56.40118344,FALSE
18-04-2006 08:45,137.01343,0.005,59.18980176,FALSE
21-04-2006 08:45,140.33623,0.0052,63.05026141,FALSE
22-04-2006 08:45,120.93669,0.0046,48.06507807,FALSE
24-04-2006 08:45,131.17354,0.0049,55.53362989,FALSE
25-04-2006 08:45,122.585304,0.0046,48.72030322,FALSE
03-05-2006 08:45,65.80393,0.0031,17.62492461,FALSE
04-05-2006 08:45,131.1416,0.0048,54.38704435,FALSE
08-05-2006 08:45,65.45564,0.0031,17.53163862,FALSE
09-05-2006 10:15,86.30524,0.0036,26.84438185,FALSE
10-05-2006 08:45,89.24276,0.0037,28.52912552,FALSE
11-05-2006 08:45,88.68761,0.0037,28.35165516,FALSE
15-05-2006 08:45,90.5137,0.0038,29.71745798,FALSE
16-05-2006 08:45,84.267395,0.0036,26.21053054,FALSE
17-05-2006 08:45,65.6459,0.0031,17.58259786,FALSE
19-05-2006 08:45,137.98782,0.005,59.61073824,FALSE
24-05-2006 08:45,90.42461,0.0038,29.68820796,FALSE
25-05-2006 08:45,231.8485,0.0099,198.313933,FALSE
27-05-2006 08:45,762.1613,0.0186,1224.823696,FALSE
01-06-2006 09:00,696.1597,0.017,1022.519367,FALSE
02-06-2006 09:00,552.1883,0.014,667.9269677,FALSE
05-06-2006 09:00,226.28014,0.005,97.75302048,FALSE
06-06-2006 09:00,285.4148,0.005,123.2991936,FALSE
07-06-2006 09:00,286.24185,0.007,173.1190709,FALSE
08-06-2006 08:45,137.63779,0.003,35.67571517,FALSE
12-06-2006 08:45,99.38834,0.004,34.3486103,FALSE
13-06-2006 08:45,58.17519,0.002,10.05267283,FALSE
14-06-2006 08:45,54.79023,0.002,9.467751744,FALSE
16-06-2006 08:45,129.28337,0.003,33.5102495,FALSE
20-06-2006 09:00,263.12296,0.006,136.4029425,FALSE
22-06-2006 09:00,268.83298,0.008,185.8173558,FALSE
24-06-2006 09:00,514.442,0.015,666.716832,FALSE
26-06-2006 09:00,552.49585,0.016,763.770263,FALSE
27-06-2006 09:00,441.47894,0.011,419.5815846,FALSE
30-06-2006 09:00,581.11676,0.011,552.2933687,FALSE
04-07-2006 09:00,610.65234,0.015,791.4054326,FALSE
10-07-2006 09:00,349.47586,0.012,362.3365716,FALSE
17-07-2006 09:00,1120.1012,0.016,1548.427899,FALSE
24-07-2006 09:15,261.41455,0.01,225.8621712,FALSE
31-07-2006 09:15,285.73428,0.011,271.5618597,FALSE
07-08-2006 09:00,166.66586,0.005,71.99965152,FALSE
14-08-2006 09:00,559.0433,0.017,821.122799,FALSE
21-08-2006 09:00,432.25815,0.013,485.5123541,FALSE
28-08-2006 09:00,195.20044,0.006,101.1919081,FALSE
04-09-2006 09:00,189.13797,0.006,98.04912365,FALSE
11-09-2006 09:00,270.63892,0.015,350.7480403,FALSE
14-09-2006 11:00,319.35034,0.015,413.8780406,FALSE
18-09-2006 09:00,460.83203,0.015,597.2383109,FALSE
25-09-2006 09:00,379.476,0.013,426.2274432,FALSE
03-10-2006 09:00,148.81847,0.005,64.28957904,FALSE
09-10-2006 09:00,518.5427,0.021,940.8438749,FALSE
16-10-2006 09:00,368.40527,0.012,381.9625839,FALSE
23-10-2006 09:00,258.51398,0.009,201.0204708,FALSE
30-10-2006 09:00,327.9741,0.013,368.3805091,FALSE
06-11-2006 09:00,293.70676,0.01,253.7626406,FALSE
13-11-2006 09:00,268.162,0.009,208.5227712,FALSE
20-11-2006 09:00,267.305,0.009,207.856368,FALSE
27-11-2006 09:00,195.3671,0.007,118.1580221,FALSE
05-06-2007 10:45,169.61589,0.0075,109.9110967,FALSE
11-06-2007 09:00,137.51935,0.007,83.17170288,FALSE
18-06-2007 09:00,277.61392,0.0102,244.6555954,FALSE
23-06-2007 09:00,2474.079,0.0353,7545.743024,FALSE
25-06-2007 09:00,448.12378,0.0154,596.2555767,FALSE
02-07-2007 09:00,1911.6438,0.0232,3831.851764,FALSE
09-07-2007 09:00,551.7793,0.0169,805.6860627,FALSE
16-07-2007 09:00,1132.3656,0.0166,1624.084038,FALSE
23-07-2007 09:00,552.1,0.016,763.22304,FALSE
30-07-2007 09:00,396.1393,0.0107,366.2228601,FALSE
01-08-2007 09:00,457.13696,0.0127,501.6072435,FALSE
06-08-2007 09:00,544.8012,0.0136,640.163202,FALSE
13-08-2007 09:00,561.9011,0.0137,665.111094,FALSE
20-08-2007 09:00,278.2288,0.0097,233.1779927,FALSE
23-08-2007 16:00,229.8555,0.0092,182.7075398,FALSE
28-08-2007 09:00,381.1736,0.0123,405.0808082,FALSE
03-09-2007 09:00,433.18454,0.0137,512.7518763,FALSE
10-09-2007 09:00,676.44977,0.0167,976.0358441,FALSE
17-09-2007 09:15,615.70807,0.0121,643.6858447,FALSE
24-09-2007 09:00,711.68115,0.0191,1174.444701,FALSE
01-10-2007 09:00,405.52393,0.0129,451.9807514,FALSE
06-10-2007 09:15,248.35837,0.0094,201.7067338,FALSE
08-10-2007 09:00,273.2625,0.0084,198.322992,FALSE
15-10-2007 09:00,293.474,0.0102,258.6327667,FALSE
22-10-2007 09:00,484.71423,0.0124,519.3034375,FALSE
05-11-2007 09:00,296.34268,0.0106,271.4024801,FALSE
12-11-2007 09:00,252.16368,0.0104,226.5841963,FALSE
19-11-2007 09:00,236.26717,0.0076,155.1424745,FALSE
26-11-2007 09:00,236.0063,0.007,142.7366102,FALSE
02-06-2008 09:00,147.06224,0.0039,49.55409239,FALSE
04-06-2008 09:00,145.31625,0.0038,47.7102312,FALSE
06-06-2008 09:00,141.32289,0.004,48.84119078,FALSE
09-06-2008 09:30,149.35402,0.0037,47.74549311,FALSE
11-06-2008 09:30,133.07893,0.0037,42.54267234,FALSE
13-06-2008 09:00,154.51892,0.004,53.40173875,FALSE
16-06-2008 09:00,133.70549,0.0039,45.05340191,FALSE
23-06-2008 05:00,131.90918,0.0037,42.16872666,FALSE
27-06-2008 09:00,157.22137,0.0036,48.90213492,FALSE
30-06-2008 09:00,536.6716,0.0136,630.6105969,FALSE
02-07-2008 09:00,526.8711,0.0133,605.4381184,FALSE
04-07-2008 09:00,151.49004,0.0057,74.6058149,FALSE
09-07-2008 09:00,131.92693,0.0066,75.23001256,FALSE
11-07-2008 09:00,135.11795,0.0058,67.7103071,FALSE
14-07-2008 09:00,143.84692,0.0065,80.78443027,FALSE
16-07-2008 09:00,795.3959,0.016,1099.555292,FALSE
23-07-2008 09:00,153.7566,0.0098,130.1887884,FALSE
25-07-2008 09:00,274.65857,0.011,261.0355049,FALSE
30-07-2008 09:00,777.4443,0.0173,1162.061544,FALSE
01-08-2008 09:00,696.54974,0.016,962.9103606,FALSE
04-08-2008 09:00,407.53046,0.012,422.5275809,FALSE
06-08-2008 09:00,283.44327,0.0102,249.792885,FALSE
08-08-2008 09:00,298.31427,0.011,283.5178822,FALSE
11-08-2008 09:00,977.09314,0.0209,1764.395708,FALSE
13-08-2008 09:00,661.26624,0.0142,811.2943245,FALSE
16-08-2008 09:00,529.72394,0.014,640.7540778,FALSE
18-08-2008 09:00,410.01724,0.0121,428.6484234,FALSE
20-08-2008 09:00,385.0824,0.01,332.7111936,FALSE
22-08-2008 09:00,280.74313,0.0099,240.1364437,FALSE
25-08-2008 09:00,276.82767,0.0093,222.4365694,FALSE
27-08-2008 09:00,286.0756,0.0096,237.2825457,FALSE
29-08-2008 09:00,330.60577,0.011,314.2077238,FALSE
01-09-2008 09:00,299.8989,0.011,285.0239146,FALSE
03-09-2008 09:00,263.95465,0.0103,234.8985221,FALSE
05-09-2008 09:00,375.4718,0.0135,437.9503075,FALSE
08-09-2008 09:00,683.79755,0.0145,856.6615706,FALSE
10-09-2008 09:00,643.62714,0.0133,739.6048191,FALSE
15-09-2008 09:00,327.978,0.0108,306.0428314,FALSE
17-09-2008 09:00,350.15607,0.0119,360.0164649,FALSE
19-09-2008 09:00,264.26144,0.0104,237.4547595,FALSE
22-09-2008 09:00,242.28252,0.0088,184.2122456,FALSE
24-09-2008 09:00,256.07733,0.0099,219.038305,FALSE
26-09-2008 09:00,241.13107,0.0087,181.2534027,FALSE
29-09-2008 09:00,255.40398,0.0104,229.4958003,FALSE
03-10-2008 09:00,241.17609,0.0089,185.4547662,FALSE
06-10-2008 09:00,247.34569,0.007,149.5946733,FALSE
10-10-2008 09:00,244.73473,0.0065,137.4430244,FALSE
13-10-2008 09:00,342.8035,0.0116,343.5713798,FALSE
15-10-2008 09:00,250.57904,0.0074,160.210215,FALSE
17-10-2008 09:00,252.9992,0.0067,146.4561769,FALSE
20-10-2008 09:00,247.12622,0.0063,134.5157441,FALSE
22-10-2008 09:00,645.2889,0.0137,763.8155652,FALSE
24-10-2008 09:00,527.52747,0.0128,583.4031796,FALSE
28-10-2008 09:00,329.19888,0.0112,318.5591722,FALSE
29-10-2008 15:30,157.89778,0.0073,99.5892878,FALSE
31-10-2008 09:00,157.98285,0.0053,72.34350667,FALSE
03-11-2008 09:00,153.85634,0.0035,46.52615722,FALSE
06-11-2008 09:00,156.65819,0.0039,52.7875437,FALSE
07-11-2008 09:00,158.83171,0.0036,49.40301508,FALSE
10-11-2008 09:00,157.5351,0.0036,48.9997175,FALSE
12-11-2008 09:00,156.29002,0.0036,48.61244782,FALSE
14-11-2008 09:00,155.41231,0.0037,49.68220726,FALSE
17-11-2008 09:00,153.34068,0.0036,47.69508511,FALSE
19-11-2008 14:00,157.19846,0.0036,48.895009,FALSE
21-11-2008 09:00,159.3462,0.0037,50.93979322,FALSE
24-11-2008 09:00,157.53598,0.0036,48.99999122,FALSE
26-11-2008 09:00,250.81262,0.0052,112.6850939,FALSE
28-11-2008 09:00,155.40828,0.0039,52.36637403,FALSE
02-06-2009 09:00,81.27055,0.004,28.08710208,FALSE
10-06-2009 09:00,277.66144,0.0048,115.1517524,FALSE
11-06-2009 09:30,124.695946,0.0033,35.55330812,FALSE
12-06-2009 09:30,125.016914,0.0033,35.64482252,FALSE
17-06-2009 09:30,105.71586,0.002,18.26770061,FALSE
19-06-2009 09:00,115.15844,0.0039,38.80378794,FALSE
20-06-2009 09:00,205.33365,0.0052,92.25230227,FALSE
25-06-2009 09:30,213.84473,0.0092,169.980899,FALSE
26-06-2009 09:30,170.48944,0.0022,32.40663276,FALSE
27-06-2009 09:30,336.2955,0.0079,229.5418565,FALSE
29-06-2009 09:30,227.79323,0.0074,145.6418795,FALSE
01-07-2009 09:30,745.2702,0.0219,1410.170462,FALSE
02-07-2009 09:30,564.8845,0.019,927.3143952,FALSE
03-07-2009 09:30,790.9361,0.0261,1783.592543,FALSE
04-07-2009 09:16,773.5262,0.0242,1617.350461,FALSE
06-07-2009 09:00,356.04837,0.0018,55.3726425,FALSE
07-07-2009 09:30,665.41833,0.0367,2109.961674,FALSE
08-07-2009 09:30,516.1524,0.0231,1030.157606,FALSE
09-07-2009 09:15,542.7722,0.0229,1073.907364,FALSE
10-07-2009 09:00,543.1855,0.0048,225.2698906,FALSE
13-07-2009 09:00,338.4595,0.0069,201.7760155,FALSE
14-07-2009 09:00,699.5205,0.0195,1178.552138,FALSE
15-07-2009 09:00,737.75684,0.0178,1134.610999,FALSE
16-07-2009 09:00,1538.3152,0.036,4784.775598,FALSE
17-07-2009 09:15,1639.1425,0.0429,6075.580025,FALSE
18-07-2009 09:15,2303.0098,0.0316,6287.769476,FALSE
20-07-2009 09:00,661.38477,0.0173,988.5850434,FALSE
21-07-2009 09:00,546.6748,0.0181,854.9119192,FALSE
22-07-2009 09:00,493.9433,0.0176,751.1099397,FALSE
23-07-2009 09:00,429.35577,0.0075,278.222539,FALSE
24-07-2009 09:00,352.88773,0.008,243.915999,FALSE
26-07-2009 09:30,272.91562,0.0061,143.8374484,FALSE
27-07-2009 09:00,233.4982,0.0041,82.71440237,FALSE
28-07-2009 09:00,277.39377,0.0018,43.14027911,FALSE
29-07-2009 09:00,273.7663,0.0034,80.42158829,FALSE
30-07-2009 09:00,351.62848,0.0046,139.7512231,FALSE
31-07-2009 09:00,254.86655,0.0078,171.7596654,FALSE
01-08-2009 09:00,329.0775,0.0028,79.6104288,FALSE
03-08-2009 09:00,269.94363,0.0024,55.97551112,FALSE
04-08-2009 09:00,224.82854,0.0004,7.770074342,FALSE
05-08-2009 09:00,248.52197,0.0015,32.20844731,FALSE
06-08-2009 09:00,239.99396,0.0025,51.83869536,FALSE
07-08-2009 09:00,220.12907,0.0002,3.80383033,FALSE
11-08-2009 09:00,288.4577,0.0052,129.5982755,FALSE
12-08-2009 09:00,290.9711,0.0055,138.2694667,FALSE
13-08-2009 09:00,236.29497,0.0054,110.2457812,FALSE
14-08-2009 09:00,324.00922,0.0013,36.39271559,FALSE
17-08-2009 09:00,1016.6232,0.0228,2002.666374,FALSE
18-08-2009 09:00,405.91187,0.0011,38.57786412,FALSE
19-08-2009 09:00,422.6311,0.0161,587.8967653,FALSE
20-08-2009 09:00,495.46362,0.0018,77.05450218,FALSE
21-08-2009 09:16,658.18005,0.0445,2530.570656,FALSE
26-08-2009 16:00,308.9155,0.0061,162.8108251,FALSE
27-08-2009 09:30,309.4985,0.0051,136.377419,FALSE
28-08-2009 09:00,313.49503,0.0045,121.8868677,FALSE
29-08-2009 09:00,308.4231,0.0035,93.26714544,FALSE
31-08-2009 09:00,279.7855,0.0038,91.85917536,FALSE
01-09-2009 09:00,301.4222,0.0012,31.2514537,FALSE
03-09-2009 09:00,400.51678,0.0013,44.98604473,FALSE
04-09-2009 09:00,511.3523,0.0103,455.0626388,FALSE
05-09-2009 09:00,1243.6971,0.0177,1901.961101,FALSE
07-09-2009 09:00,1028.2751,0.009,799.5867178,FALSE
08-09-2009 09:00,752.7763,0.003,195.119617,FALSE
09-09-2009 09:00,586.3578,0.0022,111.4548906,FALSE
10-09-2009 09:00,493.63156,0.0044,187.6589738,FALSE
11-09-2009 09:00,416.71524,0.0007,25.20293772,FALSE
12-09-2009 09:00,362.67218,0.007,219.3441345,FALSE
14-09-2009 09:00,383.38885,0.0263,871.1821516,FALSE
15-09-2009 09:00,273.2662,0.0094,221.935877,FALSE
16-09-2009 09:00,296.3025,0.0088,225.2847168,FALSE
17-09-2009 09:00,304.84512,0.0035,92.18516429,FALSE
18-09-2009 09:00,312.69397,0.0023,62.13854572,FALSE
19-09-2009 09:00,560.11334,0.0312,1509.886328,FALSE
22-09-2009 09:00,448.84967,0.0097,376.1719314,FALSE
23-09-2009 09:00,369.3974,0.0073,232.9863281,FALSE
24-09-2009 09:00,322.4361,0.0072,200.5810491,FALSE
25-09-2009 08:45,315.71393,0.0069,188.2160165,FALSE
26-09-2009 09:00,325.0116,0.0054,151.6374121,FALSE
29-09-2009 09:00,413.8039,0.0194,693.601545,FALSE
30-09-2009 09:00,371.6512,0.0063,202.2971812,FALSE
01-10-2009 09:00,338.21707,0.0139,406.1851724,FALSE
03-10-2009 09:00,1250.8455,0.0602,6505.997682,FALSE
04-10-2009 09:00,1710.9038,0.1104,16319.55855,FALSE
05-10-2009 09:00,706.74963,0.0321,1960.127694,FALSE
06-10-2009 09:00,585.9529,0.0206,1042.90241,FALSE
07-10-2009 09:00,450.39178,0.0288,1120.718874,FALSE
08-10-2009 09:00,348.2697,0.0022,66.19910458,FALSE
09-10-2009 09:00,344.30545,0.0037,110.0675663,FALSE
12-10-2009 09:00,293.09055,0.0028,70.90446586,FALSE
13-10-2009 09:00,320.2644,0.0008,22.13667533,FALSE
14-10-2009 08:45,286.24695,0.0276,682.5959268,FALSE
15-10-2009 09:00,276.77936,0.0025,59.78434176,FALSE
16-10-2009 09:00,250.43835,0.0117,253.1631192,FALSE
19-10-2009 09:00,237.8539,0.0036,73.98207706,FALSE
20-10-2009 09:00,234.42676,0.0022,44.55983854,FALSE
21-10-2009 09:00,238.66693,0.0033,68.04871508,FALSE
22-10-2009 09:00,213.9939,0.0014,25.88470214,FALSE
23-10-2009 09:00,205.80037,0.0015,26.67172795,FALSE
24-10-2009 09:00,166.47054,0.0025,35.95763664,FALSE
26-10-2009 09:00,187.71059,0.0032,51.89822392,FALSE
27-10-2009 09:00,211.83202,0.0025,45.75571632,FALSE
28-10-2009 09:00,191.31877,0.0028,46.28383684,FALSE
29-10-2009 09:00,164.82816,0.0021,29.90642135,FALSE
30-10-2009 09:00,142.0994,0.0016,19.64382106,FALSE
31-10-2009 09:00,179.08656,0.0056,86.64924119,FALSE
05-11-2009 09:00,115.37012,0.0051,50.83668968,FALSE
07-11-2009 09:00,169.13585,0.0014,20.45867242,FALSE
09-11-2009 09:00,389.33557,0.0059,198.4677002,FALSE
11-11-2009 09:00,242.67804,0.0818,1715.131901,FALSE
12-11-2009 09:00,219.50092,0.0264,500.6728185,FALSE
13-11-2009 09:00,127.671,0.0085,93.7615824,FALSE
14-11-2009 09:00,217.25264,0.0113,212.1080975,FALSE
16-11-2009 09:00,385.98306,0.01,333.4893638,FALSE
18-11-2009 09:00,248.62141,0.0011,23.62897881,FALSE
19-11-2009 09:00,188.56201,0.0009,14.6625819,FALSE
21-11-2009 09:00,306.81323,0.0167,442.6946733,FALSE
24-11-2009 09:00,298.98663,0.0015,38.74866725,FALSE
25-11-2009 09:00,262.70874,0.0056,127.1089968,FALSE
26-11-2009 09:00,221.55588,0.0067,128.2542678,FALSE
28-11-2009 09:00,260.27957,0.0024,53.97157164,FALSE
30-11-2009 09:00,136.41115,0.0064,75.4299095,FALSE
01-12-2009 09:00,85.49508,0.0034,25.1150347,FALSE
02-12-2009 09:00,62.183407,0.0025,13.43161591,FALSE
03-12-2009 09:00,61.141083,0.0024,12.67821497,FALSE
04-12-2009 09:00,155.39444,0.0062,83.24169362,FALSE
05-12-2009 09:00,114.76106,0.0045,44.61910013,FALSE
07-12-2009 13:15,67.64765,0.0015,8.76713544,FALSE
08-12-2009 09:00,96.97155,0.0021,17.59451803,FALSE
09-12-2009 09:00,93.97671,0.0021,17.05113426,FALSE
10-12-2009 09:00,97.453476,0.0022,18.52395672,FALSE
11-12-2009 09:00,104.18628,0.0023,20.70389756,FALSE
12-12-2009 09:00,96.90037,0.0021,17.58160313,FALSE
14-12-2009 09:00,102.51556,0.0008,7.085875507,FALSE
15-12-2009 09:00,67.85765,0.0005,2.93145048,FALSE
16-12-2009 09:00,58.383358,0.0004,2.017728852,FALSE
17-12-2009 09:00,100.54574,0.0008,6.949721549,FALSE
18-12-2009 09:00,59.699974,0.0004,2.063231101,FALSE
19-12-2009 09:00,68.72346,0.0005,2.968853472,FALSE
21-12-2009 09:00,126.41553,0.001,10.92230179,FALSE
22-12-2009 09:00,102.46893,0.0008,7.082652442,FALSE
23-12-2009 09:00,103.429794,0.0008,7.149067361,FALSE
24-12-2009 09:00,94.417755,0.0007,5.710385822,FALSE
28-12-2009 09:00,108.75108,0.001,9.396093312,FALSE
29-12-2009 09:00,130.95934,0.0012,13.57786437,FALSE
31-12-2009 09:15,57.09112,0.0005,2.466336384,FALSE
01-01-2010 09:00,49.157894,0.0005,2.123621021,FALSE
02-01-2010 09:00,48.29815,0.0004,1.669184064,FALSE
04-01-2010 09:00,34.66421,0.0018,5.390977939,FALSE
06-01-2010 09:00,41.865955,0.0038,13.74543035,FALSE
07-01-2010 09:00,46.95027,0.0043,17.44296431,FALSE
08-01-2010 09:00,59.01213,0.0064,32.6313474,FALSE
09-01-2010 09:00,37.399868,0.0034,10.98658522,FALSE
11-01-2010 09:00,34.005642,0.0009,2.644278722,FALSE
12-01-2010 08:00,28.9,0.0031,7.740576,FALSE
13-01-2010 09:00,48.078014,0.0026,10.80024506,FALSE
14-01-2010 09:00,28.9,0.0044,10.986624,FALSE
18-01-2010 08:00,0,0,0,TRUE
19-01-2010 08:00,0,0,0,TRUE
21-01-2010 09:00,40.541245,0.0037,12.9602252,FALSE
23-01-2010 09:00,40.682827,0.0037,13.00548614,FALSE
25-01-2010 09:00,32.97365,0.003,8.54677008,FALSE
27-01-2010 09:00,39.44423,0.0036,12.2687333,FALSE
28-01-2010 09:00,27.1,0.0025,5.8536,FALSE
29-01-2010 08:00,0,0,0,TRUE
30-01-2010 08:00,0,0,0,TRUE
01-02-2010 09:00,32.901264,0.0048,13.64481221,FALSE
02-02-2010 09:00,0,0,0,TRUE
03-02-2010 09:00,0,0,0,TRUE
04-02-2010 09:00,0,0,0,TRUE
05-02-2010 09:00,0,0,0,TRUE
06-02-2010 09:00,37.057716,0.0034,10.88607465,FALSE
08-02-2010 09:00,34.002197,0.0036,10.57604335,FALSE
09-02-2010 09:00,39.241886,0.0036,12.20579622,FALSE
10-02-2010 09:00,40.578533,0.0037,12.97214543,FALSE
11-02-2010 09:00,38.333694,0.0035,11.59210907,FALSE
13-02-2010 09:00,37.873646,0.0034,11.12576225,FALSE
15-02-2010 09:00,49.798058,0.0034,14.62867752,FALSE
16-02-2010 09:00,37.902447,0.0034,11.13422283,FALSE
18-02-2010 09:00,49.823105,0.0045,19.37122322,FALSE
19-02-2010 09:00,37.420315,0.0034,10.99259173,FALSE
22-02-2010 09:00,41.685036,0.0033,11.88523746,FALSE
27-02-2010 09:00,52.59697,0.0048,21.8130154,FALSE
03-03-2010 08:00,11.248359,0.0012,1.166229861,FALSE
06-03-2010 09:00,37.99388,0.0039,12.8024178,FALSE
08-03-2010 09:00,32.878822,0.0034,9.658482751,FALSE
24-03-2010 09:00,38.62967,0.0026,8.677769069,FALSE
26-03-2010 09:00,44.881805,0.0029,11.24558506,FALSE
31-03-2010 09:00,43.754524,0.0028,10.58509445,FALSE
03-04-2010 09:00,43.093422,0.0028,10.42516065,FALSE
05-04-2010 09:00,42.717926,0.0026,9.596154897,FALSE
06-04-2010 09:00,102.50208,0.0048,42.50966262,FALSE
07-04-2010 09:00,47.39557,0.0029,11.87543402,FALSE
08-04-2010 09:00,61.766445,0.0034,18.14451088,FALSE
09-04-2010 09:00,98.91777,0.0047,40.16852804,FALSE
10-04-2010 09:00,94.74702,0.0045,36.83764138,FALSE
12-04-2010 09:00,48.947083,0.0025,10.57256993,FALSE
15-04-2010 09:00,47.28924,0.0024,9.805896806,FALSE
16-04-2010 09:00,53.70702,0.0027,12.52877363,FALSE
17-04-2010 11:00,39.78845,0.002,6.87544416,FALSE
19-04-2010 08:00,0,0.0015,0,TRUE
20-04-2010 09:00,42.451157,0.0022,8.069115923,FALSE
21-04-2010 09:00,67.48547,0.0034,19.82453167,FALSE
22-04-2010 09:00,0,0,0,TRUE
23-04-2010 09:00,25.17,0.0013,2.8270944,FALSE
24-04-2010 09:00,37.86902,0.0019,6.216578323,FALSE
25-04-2010 08:00,0,0,0,TRUE
26-04-2010 09:00,16.87,0.0022,3.2066496,FALSE
27-04-2010 09:00,0,0,0,TRUE
28-04-2010 09:00,46.897964,0.0061,24.71710295,FALSE
29-04-2010 09:00,38.552322,0.005,16.6546031,FALSE
30-04-2010 09:00,54.95816,0.0072,34.18837217,FALSE
01-05-2010 09:00,150.36652,0.0009,11.6925006,FALSE
03-05-2010 09:00,95.669525,0.0016,13.22535514,FALSE
04-05-2010 09:00,94.059685,0.0017,13.81548653,FALSE
05-05-2010 09:00,71.687515,0.0027,16.7232635,FALSE
06-05-2010 08:00,0,0,0,TRUE
07-05-2010 09:00,0,0,0,TRUE
09-05-2010 08:00,0,0,0,TRUE
10-05-2010 08:00,0,0,0,TRUE
11-05-2010 08:00,0,0,0,TRUE
12-05-2010 08:00,0,0,0,TRUE
13-05-2010 11:30,0,0,0,TRUE
14-05-2010 09:00,49.05593,0.0038,16.10604294,FALSE
15-05-2010 09:00,36.946144,0.0044,14.0454461,FALSE
17-05-2010 09:00,36.75862,0.0044,13.97415698,FALSE
20-05-2010 09:00,40.58331,0.0042,14.72687153,FALSE
21-05-2010 09:00,79.23497,0.0024,16.43016338,FALSE
22-05-2010 09:00,83.19623,0.0022,15.8139394,FALSE
24-05-2010 09:15,51.805176,0.0019,8.504337692,FALSE
25-05-2010 09:00,57.19489,0.0034,16.80157089,FALSE
26-05-2010 09:00,48.296368,0.0039,16.27394416,FALSE
28-05-2010 09:00,84.39293,0.0021,15.31225322,FALSE
29-05-2010 09:00,72.650024,0.0027,16.9477976,FALSE
31-05-2010 09:00,100.894035,0.0015,13.07586694,FALSE
01-06-2010 09:00,9.659923,0.0016,1.335387756,FALSE
02-06-2010 09:00,8.204761,0.0014,0.992447891,FALSE
07-06-2010 09:00,306.3076,0.0123,325.5192127,FALSE
08-06-2010 09:00,350.62665,0.0169,511.9710093,FALSE
10-06-2010 09:00,306.26022,0.0069,182.5800928,FALSE
11-06-2010 09:00,212.03795,0.0034,62.28826819,FALSE
12-06-2010 09:00,391.9902,0.0248,839.9252413,FALSE
14-06-2010 09:00,724.98267,0.0758,4747.998504,FALSE
15-06-2010 09:00,730.5456,0.054,3408.433551,FALSE
16-06-2010 09:00,390.05795,0.0099,333.6399681,FALSE
17-06-2010 09:00,403.32275,0.0113,393.7720673,FALSE
18-06-2010 09:00,383.2528,0.0045,149.0086886,FALSE
19-06-2010 09:00,346.96533,0.0177,530.6071399,FALSE
21-06-2010 09:00,305.654,0.0037,97.71147072,FALSE
22-06-2010 09:00,308.788,0.0241,642.9707251,FALSE
23-06-2010 09:00,227.79636,0.0096,188.9434128,FALSE
24-06-2010 09:00,378.9491,0.0046,150.6095303,FALSE
25-06-2010 10:00,325.2535,0.0041,115.2177998,FALSE
26-06-2010 09:00,334.4665,0.0048,138.7099469,FALSE
28-06-2010 09:00,278.903,0.0034,81.93054528,FALSE
29-06-2010 09:00,1030.1938,0.0551,4904.381812,FALSE
30-06-2010 09:00,610.51373,0.027,1424.206429,FALSE
01-07-2010 09:00,461.11563,0.0071,282.8667721,FALSE
02-07-2010 09:00,445.4287,0.0053,203.9707103,FALSE
03-07-2010 09:00,385.6191,0.004,133.269961,FALSE
05-07-2010 09:00,506.56653,0.0096,420.1665426,FALSE
06-07-2010 12:00,477.17252,0.0047,193.7702169,FALSE
07-07-2010 09:00,385.74457,0.0028,93.31932637,FALSE
08-07-2010 09:00,361.32495,0.003,93.65542704,FALSE
09-07-2010 09:00,784.13727,0.0537,3638.146009,FALSE
10-07-2010 09:00,251.89046,0.0044,95.75867727,FALSE
12-07-2010 09:00,285.79922,0.004,98.77221043,FALSE
13-07-2010 09:00,335.82608,0.0043,124.7661052,FALSE
14-07-2010 09:00,187.00082,0.0032,51.70198671,FALSE
15-07-2010 09:00,423.89185,0.0031,113.5351931,FALSE
16-07-2010 09:00,396.11398,0.0031,106.0951684,FALSE
17-07-2010 09:00,461.58856,0.0031,123.6318799,FALSE
19-07-2010 09:00,469.59177,0.0031,125.7754597,FALSE
20-07-2010 09:00,730.5915,0.0031,195.6816274,FALSE
21-07-2010 09:00,731.0833,0.0031,195.8133511,FALSE
22-07-2010 09:00,549.4251,0.0003,14.24109859,FALSE
23-07-2010 09:00,535.78815,0.009,416.6288654,FALSE
24-07-2010 09:00,489.15366,0.003,126.7886287,FALSE
27-07-2010 09:00,335.17422,0.0031,89.77306308,FALSE
28-07-2010 09:00,387.03467,0.0043,143.7911206,FALSE
29-07-2010 09:00,521.03015,0.0085,382.6445422,FALSE
30-07-2010 09:00,748.52264,0.0065,420.3703146,FALSE
31-07-2010 09:00,509.1461,0.0059,259.5423159,FALSE
02-08-2010 09:00,365.38004,0.0044,138.902876,FALSE
03-08-2010 09:00,289.21722,0.003,74.96510342,FALSE
04-08-2010 09:00,540.43243,0.0069,322.1841975,FALSE
05-08-2010 09:00,391.92944,0.0024,81.27048868,FALSE
06-08-2010 09:00,405.50635,0.0044,154.157294,FALSE
07-08-2010 09:00,284.93176,0.0043,105.8578475,FALSE
09-08-2010 09:00,256.38406,0.0049,108.5427556,FALSE
10-08-2010 09:00,325.19125,0.0022,61.8123528,FALSE
11-08-2010 09:00,208.81659,0.0032,57.7336108,FALSE
12-08-2010 09:00,233.06717,0.0032,64.43841116,FALSE
13-08-2010 09:00,339.57294,0.0035,102.6868571,FALSE
14-08-2010 09:00,271.2206,0.0042,98.42053133,FALSE
16-08-2010 09:00,639.6924,0.0099,547.1672913,FALSE
17-08-2010 09:00,576.71106,0.0073,363.7431998,FALSE
18-08-2010 09:00,361.10062,0.0136,424.3076725,FALSE
19-08-2010 09:00,515.9087,0.0064,285.2768748,FALSE
20-08-2010 09:00,331.07547,0.0003,8.581476182,FALSE
21-08-2010 09:00,242.73598,0.003,62.91716602,FALSE
24-08-2010 09:00,313.51447,0.003,81.26295062,FALSE
25-08-2010 09:00,274.32724,0.0003,7.110562061,FALSE
26-08-2010 09:00,346.7994,0.0036,107.8684854,FALSE
28-08-2010 09:00,453.77667,0.0014,54.888826,FALSE
30-08-2010 09:00,461.2059,0.0043,171.347216,FALSE
31-08-2010 09:00,488.92917,0.0052,219.6660975,FALSE
01-09-2010 09:00,457.09848,0.0064,252.7571755,FALSE
02-09-2010 09:00,316.38022,0.0032,87.47280323,FALSE
03-09-2010 09:00,292.5361,0.0027,68.24282141,FALSE
04-09-2010 09:00,336.7189,0.0035,101.8237954,FALSE
07-09-2010 09:00,207.22379,0.0031,55.50281991,FALSE
08-09-2010 09:00,194.52287,0.003,50.4203279,FALSE
09-09-2010 09:00,312.16284,0.0036,97.09512975,FALSE
11-09-2010 09:00,305.84467,0.0016,42.27996718,FALSE
13-09-2010 09:00,175.72874,0.0033,50.10377835,FALSE
14-09-2010 09:00,473.59213,0.0064,261.8775042,FALSE
15-09-2010 09:00,281.8499,0.0046,112.0184243,FALSE
16-09-2010 09:00,309.7535,0.0036,96.34572864,FALSE
17-09-2010 09:00,348.27435,0.0037,111.3363442,FALSE
18-09-2010 09:00,275.66266,0.0031,73.83348685,FALSE
20-09-2010 09:00,266.54504,0.0028,64.48257608,FALSE
21-09-2010 09:00,208.73022,0.0025,45.08572752,FALSE
22-09-2010 09:00,309.52017,0.0017,45.46232257,FALSE
23-09-2010 09:00,342.01544,0.0022,65.01029484,FALSE
24-09-2010 09:00,723.45984,0.0141,881.3477155,FALSE
25-09-2010 09:00,432.41577,0.0102,381.0793698,FALSE
27-09-2010 09:00,352.0372,0.0072,218.9953014,FALSE
28-09-2010 09:00,324.59247,0.006,168.2687364,FALSE
29-09-2010 09:00,321.63644,0.0018,50.02089915,FALSE
01-10-2010 10:00,254.0525,0.0028,61.4603808,FALSE
04-10-2010 09:00,702.3467,0.0174,1055.879935,FALSE
05-10-2010 09:00,370.9119,0.0086,275.6023782,FALSE
06-10-2010 09:00,337.96014,0.0078,227.7580975,FALSE
07-10-2010 09:00,503.32108,0.0138,600.1197901,FALSE
08-10-2010 09:00,634.97876,0.0163,894.2532873,FALSE
09-10-2010 09:00,508.73303,0.0063,276.9135629,FALSE
11-10-2010 09:00,492.2086,0.0075,318.9511728,FALSE
12-10-2010 09:00,393.27295,0.0195,662.5862662,FALSE
13-10-2010 09:00,300.16287,0.01,259.3407197,FALSE
14-10-2010 09:00,278.20734,0.0032,76.91876536,FALSE
16-10-2010 09:00,300.43887,0.0054,140.1727592,FALSE
18-10-2010 09:00,243.62895,0.001,21.04954128,FALSE
19-10-2010 11:30,194.74962,0.0055,92.54501942,FALSE
20-10-2010 09:30,277.1345,0.0115,275.3608392,FALSE
21-10-2010 09:30,260.30005,0.0013,29.23690162,FALSE
22-10-2010 09:00,207.45555,0.0013,23.30140738,FALSE
23-10-2010 09:00,224.1585,0.0015,29.0509416,FALSE
25-10-2010 09:00,241.19366,0.0014,29.17478511,FALSE
26-10-2010 09:00,230.29988,0.0009,17.90811867,FALSE
28-10-2010 09:00,501.8897,0.0024,104.0718482,FALSE
29-10-2010 09:00,348.12247,0.0099,297.7700359,FALSE
30-10-2010 09:00,249.81445,0.0106,228.7900659,FALSE
01-11-2010 09:00,263.1284,0.0134,304.6395364,FALSE
02-11-2010 09:00,272.6997,0.0099,233.2564154,FALSE
03-11-2010 09:00,265.89676,0.003,68.92044019,FALSE
06-11-2010 09:00,358.10632,0.0059,182.5482777,FALSE
08-11-2010 09:00,276.1816,0.004,95.44836096,FALSE
09-11-2010 09:00,253.75371,0.0064,140.3156515,FALSE
10-11-2010 09:00,342.88858,0.0066,195.5287839,FALSE
11-11-2010 09:00,785.9186,0.0098,665.452997,FALSE
12-11-2010 09:00,495.26334,0.0045,192.5583866,FALSE
13-11-2010 09:00,349.94357,0.0063,190.481284,FALSE
18-11-2010 09:00,390.7447,0.0088,297.0910103,FALSE
19-11-2010 09:00,414.03867,0.0024,85.85505861,FALSE
20-11-2010 09:00,438.8925,0.0045,170.641404,FALSE
22-11-2010 09:00,870.2324,0.01,751.8807936,FALSE
23-11-2010 09:00,532.9382,0.0097,446.6448467,FALSE
24-11-2010 09:00,495.07047,0.0083,355.0249354,FALSE
25-11-2010 09:00,364.40955,0.0055,173.1674182,FALSE
26-11-2010 09:00,266.74084,0.011,253.5104943,FALSE
27-11-2010 09:00,268.98828,0.002,46.48117478,FALSE
29-11-2010 09:00,324.66708,0.0078,218.7996386,FALSE
30-11-2010 09:00,265.4364,0.0017,38.98729843,FALSE
01-12-2010 09:00,273.12234,0.0021,49.55531737,FALSE
02-12-2010 09:00,269.0544,0.0106,246.4107817,FALSE
03-12-2010 09:00,279.30386,0.0089,214.7734962,FALSE
06-12-2010 09:00,247.96507,0.0021,44.9907823,FALSE
08-12-2010 09:00,147.38727,0.0022,28.01537228,FALSE
13-12-2010 09:00,272.7815,0.0022,51.85030752,FALSE
14-12-2010 09:00,300.64084,0.0041,106.4990112,FALSE
15-12-2010 09:00,178.26059,0.0023,35.42394444,FALSE
17-12-2010 09:00,178.7494,0.0021,32.43229114,FALSE
18-12-2010 09:00,252.85841,0.0022,48.06332657,FALSE
20-12-2010 09:00,180.9079,0.002,31.26088512,FALSE
21-12-2010 09:00,254.16127,0.002,43.91906746,FALSE
22-12-2010 09:00,125.51064,0.0021,22.77265052,FALSE
23-12-2010 09:00,257.96194,0.0022,49.03340556,FALSE
24-12-2010 09:00,258.27002,0.0021,46.86051243,FALSE
27-12-2010 09:00,142.41808,0.0022,27.07082865,FALSE
28-12-2010 09:00,181.50815,0.0019,29.7963779,FALSE
29-12-2010 09:00,130.13199,0.002,22.48680787,FALSE
30-12-2010 09:00,251.96513,0.0021,45.71655319,FALSE
31-12-2010 09:00,244.08632,0.0021,44.2870219,FALSE
08-01-2011 09:00,125.68608,0.002,21.71855462,FALSE
11-01-2011 09:00,82.70243,0.0008,5.716391962,FALSE
12-01-2011 09:00,88.262405,0.0008,6.100697434,FALSE
13-01-2011 09:00,174.32405,0.0011,16.56775771,FALSE
14-01-2011 09:00,79.19648,0.0008,5.474060698,FALSE
15-01-2011 09:00,99.62829,0.0011,9.468672682,FALSE
17-01-2011 08:00,0,0.0006,0,TRUE
18-01-2011 08:00,0,0.0007,0,TRUE
19-01-2011 08:00,0,0.0008,0,TRUE
20-01-2011 09:00,59.171436,0.0015,7.668618106,FALSE
25-01-2011 09:00,24.132158,0.0002,0.41700369,FALSE
02-02-2011 09:00,44.673294,0.0004,1.543909041,FALSE
04-02-2011 09:00,45.891415,0.0004,1.586007302,FALSE
05-02-2011 09:00,48.19016,0.0004,1.66545193,FALSE
07-02-2011 09:00,50.892796,0.0004,1.75885503,FALSE
08-02-2011 09:00,55.571217,0.0005,2.400676574,FALSE
09-02-2011 09:00,52.46159,0.0005,2.266340688,FALSE
10-02-2011 09:00,63.920498,0.0005,2.761365514,FALSE
11-02-2011 09:00,52.77597,0.0005,2.279921904,FALSE
12-02-2011 09:00,51.474876,0.0004,1.778971715,FALSE
14-02-2011 09:00,48.382298,0.0004,1.672092219,FALSE
16-02-2011 09:00,41.487038,0.0004,1.433792033,FALSE
17-02-2011 09:00,67.87041,0.0006,3.518402054,FALSE
18-02-2011 09:00,63.998356,0.0006,3.317674775,FALSE
19-02-2011 09:00,66.40778,0.0006,3.442579315,FALSE
21-02-2011 09:00,55.569107,0.0005,2.400585422,FALSE
22-02-2011 09:00,60.372124,0.0005,2.608075757,FALSE
23-02-2011 09:00,55.152935,0.0005,2.382606792,FALSE
24-02-2011 09:00,51.605724,0.0004,1.783493821,FALSE
25-02-2011 09:00,78.85681,0.0007,4.769259869,FALSE
26-02-2011 09:00,81.25745,0.0007,4.914450576,FALSE
28-02-2011 09:00,109.05298,0.0009,8.479959725,FALSE
01-03-2011 09:00,110.28027,0.0009,8.575393795,FALSE
03-03-2011 09:00,108.54566,0.0009,8.440510522,FALSE
04-03-2011 09:00,26.010128,0.0002,0.449455012,FALSE
05-03-2011 09:00,26.775576,0.0002,0.462681953,FALSE
07-03-2011 09:00,106.39552,0.0009,8.273315635,FALSE
08-03-2011 09:00,49.29782,0.0004,1.703732659,FALSE
09-03-2011 09:00,46.969982,0.0004,1.623282578,FALSE
10-03-2011 09:00,48.223705,0.0004,1.666611245,FALSE
11-03-2011 09:00,46.51823,0.0004,1.607670029,FALSE
12-03-2011 09:00,44.68552,0.0004,1.544331571,FALSE
14-03-2011 09:00,48.264824,0.0004,1.668032317,FALSE
15-03-2011 09:00,43.9432,0.0004,1.518676992,FALSE
17-03-2011 09:00,54.0667,0.0005,2.33568144,FALSE
18-03-2011 09:00,43.215237,0.0004,1.493518591,FALSE
19-03-2011 09:00,33.976982,0.0003,0.880683373,FALSE
21-03-2011 09:00,43.397804,0.0004,1.499828106,FALSE
22-03-2011 09:00,40.753777,0.0004,1.408450533,FALSE
23-03-2011 09:00,46.218872,0.0004,1.597324216,FALSE
24-03-2011 09:00,43.941822,0.0004,1.518629368,FALSE
25-03-2011 09:00,41.12219,0.0004,1.421182886,FALSE
26-03-2011 09:00,38.64379,0.0003,1.001647037,FALSE
28-03-2011 09:00,39.69953,0.0004,1.372015757,FALSE
29-03-2011 09:00,101.881996,0.0003,2.640781336,FALSE
30-03-2011 09:00,85.510414,0.0009,6.649289793,FALSE
31-03-2011 09:00,39.80174,0.0007,2.407209235,FALSE
01-04-2011 08:00,34.9,0.0003,0.904608,FALSE
02-04-2011 09:00,38.18411,0.0003,0.989732131,FALSE
04-04-2011 09:00,42.17567,0.0004,1.457591155,FALSE
05-04-2011 09:00,39.237026,0.0003,1.017023714,FALSE
06-04-2011 09:00,59.13514,0.0005,2.554638048,FALSE
08-04-2011 09:00,64.7504,0.0006,3.356660736,FALSE
09-04-2011 09:00,43.011387,0.0004,1.486473535,FALSE
11-04-2011 09:00,45.79698,0.0004,1.582743629,FALSE
12-04-2011 09:00,38.105556,0.0003,0.987696012,FALSE
18-04-2011 09:00,76.07602,0.0007,4.60107769,FALSE
19-04-2011 09:00,78.138824,0.0007,4.725836076,FALSE
20-04-2011 09:00,78.610214,0.0007,4.754345743,FALSE
21-04-2011 09:00,72.59009,0.0006,3.763070266,FALSE
23-04-2011 09:00,210.12161,0.0018,32.67811279,FALSE
25-04-2011 09:00,187.11652,0.0016,25.86698772,FALSE
29-04-2011 09:00,97.294365,0.0008,6.724986509,FALSE
03-05-2011 09:00,55.319294,0.0018,8.603256603,FALSE
05-05-2011 09:00,47.949165,0.0012,4.971369427,FALSE
06-05-2011 09:00,50.09912,0.0007,3.029994778,FALSE
07-05-2011 09:00,28.01941,0.0007,1.694613917,FALSE
09-05-2011 09:00,55.258755,0.0015,7.161534648,FALSE
10-05-2011 09:00,54.822647,0.0002,0.94733534,FALSE
11-05-2011 09:00,56.40389,0.0021,10.2339218,FALSE
12-05-2011 09:00,61.261204,0.0009,4.763671223,FALSE
13-05-2011 09:00,73.42414,0.0009,5.709461126,FALSE
14-05-2011 09:00,57.47056,0.0009,4.468910746,FALSE
19-05-2011 09:00,68.301994,0.0001,0.590129228,FALSE
20-05-2011 09:00,87.30594,0.0001,0.754323322,FALSE
21-05-2011 09:00,95.482185,0.0008,6.599728627,FALSE
23-05-2011 09:00,61.329685,0.0013,6.888550219,FALSE
24-05-2011 09:00,84.29901,0.0011,8.01177791,FALSE
25-05-2011 09:00,99.63852,0.0009,7.747891315,FALSE
26-05-2011 09:00,81.41143,0.0016,11.25431608,FALSE
27-05-2011 09:30,59.083244,0.0005,2.552396141,FALSE
28-05-2011 09:00,72.168144,0.0011,6.858860406,FALSE
30-05-2011 09:00,89.77772,0.001,7.756795008,FALSE
31-05-2011 09:00,281.28094,0.0006,14.58160393,FALSE
01-06-2011 09:00,196.4006,0.0041,69.57294854,FALSE
02-06-2011 09:00,1220.3414,0.0127,1339.056211,FALSE
03-06-2011 09:00,530.2964,0.008,366.5408717,FALSE
04-06-2011 09:00,693.0818,0.0095,568.8815414,FALSE
06-06-2011 09:00,364.44617,0.0051,160.5895603,FALSE
07-06-2011 09:00,494.49667,0.0067,286.2542323,FALSE
08-06-2011 09:00,263.43454,0.003,68.28223277,FALSE
09-06-2011 09:00,318.59918,0.0041,112.8605735,FALSE
10-06-2011 09:00,241.17084,0.0028,58.34404961,FALSE
11-06-2011 09:00,233.66246,0.0022,44.4145604,FALSE
13-06-2011 09:00,282.1345,0.0035,85.3174728,FALSE
15-06-2011 09:00,499.73782,0.0054,233.1576773,FALSE
16-06-2011 09:00,304.57623,0.0041,107.8930837,FALSE
17-06-2011 09:00,582.4875,0.0064,322.092288,FALSE
18-06-2011 09:00,648.6677,0.0071,397.9187139,FALSE
20-06-2011 09:00,334.7142,0.0032,92.54178202,FALSE
21-06-2011 09:00,407.0391,0.0046,161.7736199,FALSE
22-06-2011 09:00,228.35866,0.0023,45.37943292,FALSE
23-06-2011 09:00,172.38644,0.0012,17.8730261,FALSE
24-06-2011 09:00,341.081,0.004,117.8775936,FALSE
25-06-2011 09:00,239.05844,0.0026,53.70208796,FALSE
27-06-2011 09:00,401.25497,0.0035,121.3395029,FALSE
28-06-2011 09:00,475.40317,0.0043,176.6217857,FALSE
29-06-2011 09:00,305.4113,0.0031,81.80136259,FALSE
30-06-2011 09:00,375.19742,0.0034,110.2179941,FALSE
01-07-2011 09:00,295.8396,0.004,102.2421658,FALSE
02-07-2011 09:00,284.6297,0.0024,59.02081459,FALSE
04-07-2011 09:00,207.71506,0.0038,68.1970085,FALSE
05-07-2011 09:00,231.05925,0.0036,71.86866912,FALSE
06-07-2011 09:00,329.5696,0.0035,99.66184704,FALSE
07-07-2011 09:00,400.5524,0.0045,155.7347731,FALSE
08-07-2011 09:00,245.49731,0.0053,112.4181282,FALSE
09-07-2011 09:00,227.38844,0.0022,43.22199468,FALSE
11-07-2011 09:00,258.59348,0.0035,78.19866835,FALSE
12-07-2011 09:00,369.40967,0.0045,143.6264797,FALSE
13-07-2011 09:00,643.2053,0.0067,372.3386841,FALSE
14-07-2011 09:00,391.20508,0.0034,114.9204043,FALSE
15-07-2011 09:00,523.28143,0.0044,198.9306684,FALSE
16-07-2011 09:00,583.46954,0.0056,282.3059022,FALSE
18-07-2011 09:00,856.82477,0.0097,718.0877032,FALSE
19-07-2011 09:00,1017.5154,0.0153,1345.073958,FALSE
20-07-2011 09:00,637.69543,0.0117,644.6335563,FALSE
21-07-2011 09:00,571.4605,0.0083,409.8057538,FALSE
22-07-2011 09:00,453.54703,0.0056,219.444195,FALSE
23-07-2011 09:00,423.22144,0.0029,106.042364,FALSE
25-07-2011 09:00,787.4497,0.0075,510.2674056,FALSE
26-07-2011 09:00,887.02026,0.0097,743.3939395,FALSE
27-07-2011 09:00,821.0713,0.0069,489.4898662,FALSE
28-07-2011 09:00,516.0122,0.0044,196.167198,FALSE
29-07-2011 09:00,536.04803,0.005,231.572749,FALSE
30-07-2011 09:00,436.31448,0.0036,135.7112559,FALSE
01-08-2011 09:00,476.32962,0.0036,148.157565,FALSE
02-08-2011 09:00,345.79312,0.0021,62.74070369,FALSE
03-08-2011 09:00,498.8542,0.0035,150.8535101,FALSE
04-08-2011 09:00,362.80255,0.002,62.69228064,FALSE
05-08-2011 09:00,431.41794,0.0039,145.3705891,FALSE
06-08-2011 09:00,687.44385,0.0076,451.4031297,FALSE
07-08-2011 16:00,1395.3063,0.0205,2471.366519,FALSE
08-08-2011 09:00,793.2565,0.0114,781.3259222,FALSE
09-08-2011 09:00,644.61786,0.0086,478.9768547,FALSE
10-08-2011 09:00,778.6139,0.0106,713.0857542,FALSE
11-08-2011 09:00,644.4112,0.008,445.4170214,FALSE
12-08-2011 09:30,621.8017,0.0069,370.6933015,FALSE
13-08-2011 09:00,638.3491,0.0093,512.9262688,FALSE
16-08-2011 09:00,668.991,0.0115,664.7094576,FALSE
17-08-2011 09:00,446.7436,0.009,347.3878234,FALSE
18-08-2011 09:00,531.9045,0.0109,500.9263819,FALSE
19-08-2011 09:00,482.54834,0.0081,337.7066303,FALSE
20-08-2011 09:00,470.3699,0.0068,276.3517236,FALSE
22-08-2011 09:00,381.90613,0.0057,188.0811309,FALSE
23-08-2011 09:00,893.61536,0.0177,1366.588098,FALSE
24-08-2011 09:00,519.785,0.0136,610.7681664,FALSE
25-08-2011 09:00,501.28894,0.0119,515.4052366,FALSE
26-08-2011 09:00,527.2708,0.0132,601.341802,FALSE
27-08-2011 09:00,481.4855,0.0096,399.3633331,FALSE
29-08-2011 09:00,445.3149,0.0081,311.6491796,FALSE
30-08-2011 09:00,575.2698,0.0133,661.0540326,FALSE
01-09-2011 09:00,797.49146,0.0186,1281.600676,FALSE
02-09-2011 09:00,756.08344,0.0163,1064.80743,FALSE
03-09-2011 12:00,1209.3989,0.0218,2277.927016,FALSE
05-09-2011 09:00,625.77997,0.013,702.8760623,FALSE
06-09-2011 09:00,485.09668,0.0118,494.5657672,FALSE
07-09-2011 09:00,446.80072,0.01,386.0358221,FALSE
08-09-2011 09:00,359.0733,0.0081,251.2938583,FALSE
10-09-2011 09:00,344.01868,0.0067,199.1455335,FALSE
12-09-2011 09:00,611.6615,0.0129,681.7334414,FALSE
13-09-2011 09:00,485.71344,0.0113,474.2117457,FALSE
14-09-2011 09:00,650.28546,0.0138,775.3483597,FALSE
15-09-2011 09:00,570.909,0.0116,572.1878362,FALSE
16-09-2011 09:00,629.052,0.0136,739.1612621,FALSE
17-09-2011 09:00,583.50745,0.0112,564.6484892,FALSE
19-09-2011 09:00,363.7847,0.0078,245.161785,FALSE
20-09-2011 09:00,333.52075,0.0067,193.0684918,FALSE
21-09-2011 09:00,332.02893,0.0061,174.9925273,FALSE
22-09-2011 09:00,290.74307,0.0049,123.0889861,FALSE
23-09-2011 09:00,266.7492,0.0039,89.88381043,FALSE
24-09-2011 09:00,253.09546,0.0034,74.34932233,FALSE
26-09-2011 09:00,235.78122,0.0034,69.26309119,FALSE
27-09-2011 09:00,231.2254,0.0029,57.93583622,FALSE
28-09-2011 09:00,210.71492,0.0028,50.97615345,FALSE
29-09-2011 09:00,200.53398,0.0024,41.58272609,FALSE
30-09-2011 09:00,200.62334,0.0022,38.13448447,FALSE
01-10-2011 09:00,203.67195,0.0025,43.9931412,FALSE
03-10-2011 09:00,70.02678,0.0018,10.89056483,FALSE
04-10-2011 09:00,57.174267,0.0014,6.915799336,FALSE
05-10-2011 09:00,59.501083,0.0012,6.169072285,FALSE
07-10-2011 09:00,41.700333,0.0008,2.882327017,FALSE
08-10-2011 09:00,38.591545,0.0006,2.000585693,FALSE
10-10-2011 09:00,47.96836,0.0008,3.315573043,FALSE
11-10-2011 09:00,54.959072,0.0012,5.698156585,FALSE
12-10-2011 09:00,62.964314,0.0014,7.616163421,FALSE
13-10-2011 09:00,28.469189,0.0008,1.967790344,FALSE
14-10-2011 09:00,64.887405,0.001,5.606271792,FALSE
15-10-2011 09:00,55.7482,0.0008,3.853315584,FALSE
17-10-2011 09:00,52.40728,0.001,4.527988992,FALSE
18-10-2011 09:00,212.07549,0.0048,87.95194721,FALSE
19-10-2011 09:00,132.31529,0.0032,36.58253138,FALSE
20-10-2011 09:00,129.3138,0.0028,31.2835945,FALSE
21-10-2011 09:00,289.78976,0.0041,102.6551246,FALSE
22-10-2011 09:00,267.62427,0.0035,80.92957925,FALSE
24-10-2011 09:00,372.6302,0.0054,173.8543461,FALSE
28-10-2011 09:00,229.93054,0.0054,107.2763927,FALSE
29-10-2011 09:00,197.24313,0.0039,66.46304508,FALSE
31-10-2011 09:00,208.89249,0.0052,93.85121791,FALSE
01-11-2011 09:00,167.3457,0.0034,49.15947283,FALSE
02-11-2011 09:00,305.6704,0.006,158.4595354,FALSE
03-11-2011 09:00,352.6078,0.0076,231.5363858,FALSE
04-11-2011 09:00,286.8683,0.0055,136.3198162,FALSE
05-11-2011 09:00,211.18834,0.0045,82.11002659,FALSE
08-11-2011 09:00,350.45456,0.0068,205.8990631,FALSE
09-11-2011 09:00,274.30917,0.005,118.5015614,FALSE
11-11-2011 09:00,200.24557,0.0027,46.71328657,FALSE
14-11-2011 09:00,161.63098,0.0042,58.65265002,FALSE
15-11-2011 09:00,151.49496,0.0018,23.56049618,FALSE
16-11-2011 09:00,209.4748,0.0031,56.10573043,FALSE
18-11-2011 09:00,93.24864,0.0017,13.69636024,FALSE
19-11-2011 09:15,185.03513,0.0026,41.5662916,FALSE
21-11-2011 09:15,124.271736,0.0023,24.69527938,FALSE
22-11-2011 09:00,109.161415,0.0022,20.74940176,FALSE
23-11-2011 09:00,63.246513,0.0014,7.650298212,FALSE
24-11-2011 09:00,199.9731,0.0024,41.46642202,FALSE
25-11-2011 09:00,130.432,0.0018,20.28478464,FALSE
26-11-2011 09:00,51.70328,0.0011,4.913879731,FALSE
28-11-2011 09:00,251.94731,0.0062,134.963135,FALSE
29-11-2011 09:00,167.31888,0.0042,60.71667517,FALSE
30-11-2011 09:00,151.22568,0.003,39.19769626,FALSE
07-12-2011 09:00,89.07482,0.0026,20.00976756,FALSE
08-12-2011 09:00,90.29855,0.0028,21.84502522,FALSE
09-12-2011 09:00,63.768887,0.002,11.01926367,FALSE
13-12-2011 09:00,140.23637,0.0051,61.79375408,FALSE
22-12-2011 09:00,72.75429,0.0016,10.05755305,FALSE
23-12-2011 09:00,43.859898,0.0012,4.547394225,FALSE
24-12-2011 09:00,64.83798,0.0018,10.08360265,FALSE
29-12-2011 09:00,41.80389,0.0008,2.889484877,FALSE
30-12-2011 09:00,59.749638,0.001,5.162368723,FALSE
31-12-2011 09:00,79.48994,0.0016,10.98868931,FALSE
02-01-2012 09:00,96.21477,0.0039,32.4205289,FALSE
03-01-2012 09:00,113.10863,0.0046,44.95389391,FALSE
04-01-2012 09:00,104.576805,0.0037,33.43111302,FALSE
05-01-2012 09:00,78.755844,0.0028,19.05261378,FALSE
09-01-2012 09:00,49.50384,0.0018,7.698837197,FALSE
10-01-2012 09:00,51.45822,0.002,8.891980416,FALSE
14-01-2012 09:00,37.059593,0.0016,5.123118136,FALSE
16-01-2012 09:00,39.416702,0.002,6.811206106,FALSE
17-01-2012 09:00,30.10928,0.0016,4.162306867,FALSE
18-01-2012 08:00,0,0,0,TRUE
19-01-2012 08:00,0,0,0,TRUE
20-01-2012 08:00,0,0,0,TRUE
21-01-2012 08:00,0,0,0,TRUE
22-01-2012 08:00,0,0,0,TRUE
23-01-2012 08:00,0,0,0,TRUE
24-01-2012 08:00,0,0,0,TRUE
25-01-2012 08:00,0,0,0,TRUE
27-01-2012 09:00,63.05595,0.0026,14.16488861,FALSE
28-01-2012 09:00,89.55404,0.003,23.21240717,FALSE
30-01-2012 09:00,105.04636,0.0032,29.04321761,FALSE
31-01-2012 09:00,97.114006,0.0028,23.49382033,FALSE
01-02-2012 09:00,92.13703,0.0024,19.10553454,FALSE
02-02-2012 09:00,107.40704,0.0028,25.98391112,FALSE
03-02-2012 09:00,111.761185,0.0034,32.83096571,FALSE
04-02-2012 09:00,126.325516,0.0043,46.9324557,FALSE
06-02-2012 09:00,126.467865,0.0037,40.42924708,FALSE
07-02-2012 09:00,67.89143,0.0028,16.42429475,FALSE
08-02-2012 09:00,140.21657,0.004,48.45884659,FALSE
09-02-2012 09:00,73.82356,0.0032,20.41073787,FALSE
10-02-2012 09:00,43.792973,0.002,7.567425734,FALSE
11-02-2012 09:00,71.34958,0.0028,17.26089039,FALSE
13-02-2012 09:00,70.94415,0.003,18.38872368,FALSE
14-02-2012 09:00,62.429115,0.0026,14.02407639,FALSE
15-02-2012 09:00,57.29359,0.0024,11.88039882,FALSE
17-02-2012 09:00,122.6189,0.0035,37.07995536,FALSE
18-02-2012 09:00,133.69917,0.0041,47.36159398,FALSE
21-02-2012 09:00,58.687847,0.0026,13.18363795,FALSE
23-02-2012 09:00,0,0,0,TRUE
25-02-2012 09:00,124.53103,0.0038,40.88602777,FALSE
27-02-2012 09:00,106.889244,0.0031,28.62921511,FALSE
28-02-2012 09:00,102.17485,0.0031,27.36651182,FALSE
29-02-2012 09:00,119.213745,0.0036,37.08024324,FALSE
01-03-2012 09:00,106.67838,0.0031,28.5727373,FALSE
02-03-2012 09:00,114.36594,0.0035,34.58426026,FALSE
03-03-2012 09:00,56.669117,0.0026,12.73015044,FALSE
05-03-2012 09:00,104.298744,0.0032,28.83651674,FALSE
06-03-2012 09:00,99.116165,0.003,25.69090997,FALSE
07-03-2012 09:00,161.12347,0.005,69.60533904,FALSE
08-03-2012 09:00,176.4778,0.0058,88.43655514,FALSE
09-03-2012 09:00,53.838345,0.0031,14.42006232,FALSE
10-03-2012 09:00,56.68342,0.003,14.69234246,FALSE
12-03-2012 09:00,148.3348,0.0042,53.82773222,FALSE
13-03-2012 09:00,63.601738,0.003,16.48557049,FALSE
14-03-2012 09:00,93.63483,0.0034,27.50616766,FALSE
15-03-2012 09:00,125.912155,0.0042,45.69100281,FALSE
16-03-2012 09:00,105.39576,0.0034,30.96105846,FALSE
17-03-2012 09:00,92.81511,0.003,24.05767651,FALSE
19-03-2012 09:00,59.773827,0.0027,13.94403836,FALSE
21-03-2012 09:00,60.749313,0.0024,12.59697754,FALSE
22-03-2012 09:00,76.1644,0.003,19.74181248,FALSE
23-03-2012 09:00,94.92326,0.0036,29.52493079,FALSE
24-03-2012 09:00,157.4086,0.0048,65.28049459,FALSE
26-03-2012 09:00,73.44184,0.0032,20.30519992,FALSE
27-03-2012 09:00,75.73153,0.0032,20.93825341,FALSE
28-03-2012 09:00,97.20339,0.0036,30.23414243,FALSE
29-03-2012 09:00,77.313,0.0034,22.71146688,FALSE
30-03-2012 09:00,116.22787,0.0042,42.17676947,FALSE
31-03-2012 09:00,63.534466,0.0027,14.82132023,FALSE
02-04-2012 09:00,124.983154,0.0028,30.23592462,FALSE
03-04-2012 09:00,91.34123,0.0026,20.51889391,FALSE
04-04-2012 09:00,84.10448,0.002,14.53325414,FALSE
11-04-2012 09:00,83.47205,0.0034,24.52074941,FALSE
12-04-2012 09:00,102.531845,0.0038,33.66325535,FALSE
16-04-2012 09:00,105.44617,0.0038,34.62008653,FALSE
17-04-2012 09:00,49.063404,0.0018,7.63034059,FALSE
18-04-2012 09:00,84.22007,0.0026,18.91919652,FALSE
19-04-2012 09:00,92.114525,0.0027,21.48847639,FALSE
20-04-2012 09:00,103.38769,0.0031,27.69135889,FALSE
21-04-2012 09:00,159.05283,0.0039,53.5944416,FALSE
23-04-2012 09:00,115.27539,0.0035,34.85927794,FALSE
24-04-2012 09:00,161.80193,0.0043,60.11265303,FALSE
25-04-2012 09:00,140.77477,0.0036,43.78658446,FALSE
27-04-2012 09:00,307.74988,0.0074,196.7629633,FALSE
05-05-2012 09:00,274.44275,0.0044,104.3321558,FALSE
08-05-2012 09:00,148.13805,0.0033,42.23712082,FALSE
10-05-2012 09:00,141.55872,0.0033,40.36122225,FALSE
11-05-2012 09:00,130.73764,0.0026,29.36890345,FALSE
12-05-2012 09:00,181.23343,0.0042,65.76598708,FALSE
15-05-2012 09:00,141.3985,0.0032,39.09385728,FALSE
16-05-2012 09:00,148.912,0.0035,45.0309888,FALSE
17-05-2012 09:00,131.21202,0.0031,35.14382744,FALSE
18-05-2012 09:00,117.88106,0.0024,24.4438166,FALSE
19-05-2012 09:00,140.0942,0.0031,37.52283053,FALSE
23-05-2012 09:00,143.97519,0.0033,41.05020617,FALSE
24-05-2012 09:00,137.15556,0.0028,33.18067308,FALSE
29-05-2012 10:00,117.38971,0.0019,19.27069479,FALSE
02-06-2012 09:00,91.32256,0.0002,1.578053837,FALSE
04-06-2012 09:00,139.05412,0.0002,2.402855194,FALSE
07-06-2012 09:00,156.75684,0.0001,1.354379098,FALSE
08-06-2012 09:00,251.36493,0.0003,6.515378986,FALSE
09-06-2012 09:00,209.88155,0.0002,3.626753184,FALSE
12-06-2012 09:00,132.17853,0.0002,2.284044998,FALSE
14-06-2012 09:00,204.26611,0.0002,3.529718381,FALSE
16-06-2012 09:00,236.98703,0.0002,4.095135878,FALSE
18-06-2012 09:00,373.67828,0.0002,6.457160678,FALSE
19-06-2012 09:00,473.1982,0.0008,32.70745958,FALSE
20-06-2012 09:00,529.9423,0.0018,82.4166265,FALSE
21-06-2012 09:00,493.86804,0.0011,46.93721852,FALSE
22-06-2012 09:00,317.14072,0.0007,19.18067075,FALSE
23-06-2012 09:00,297.8625,0.0007,18.014724,FALSE
25-06-2012 09:00,180.51796,0.0002,3.119350349,FALSE
26-06-2012 09:00,263.10522,0.0002,4.546458202,FALSE
27-06-2012 09:00,190.52582,0.0002,3.29228617,FALSE
28-06-2012 09:00,172.56953,0.0002,2.982001478,FALSE
29-06-2012 09:00,236.06697,0.0002,4.079237242,FALSE
30-06-2012 09:00,161.87021,0.0003,4.195675843,FALSE
02-07-2012 09:00,471.85355,0.0011,44.84496139,FALSE
03-07-2012 09:00,601.2297,0.0007,36.36237226,FALSE
04-07-2012 09:00,455.41772,0.0013,51.15251831,FALSE
05-07-2012 09:00,317.9169,0.0011,30.21482218,FALSE
06-07-2012 09:00,241.0234,0.0009,18.74197958,FALSE
07-07-2012 09:00,252.92299,0.001,21.85254634,FALSE
09-07-2012 09:00,318.41852,0.001,27.51136013,FALSE
10-07-2012 09:00,769.3384,0.0013,86.41208909,FALSE
11-07-2012 09:00,386.21155,0.0013,43.3792813,FALSE
12-07-2012 09:00,387.04892,0.0009,30.09692402,FALSE
13-07-2012 09:00,374.66052,0.0011,35.60773582,FALSE
14-07-2012 09:00,436.23218,0.0008,30.15236828,FALSE
16-07-2012 09:00,297.97174,0.0006,15.446855,FALSE
17-07-2012 09:00,233.17284,0.0007,14.10229336,FALSE
18-07-2012 09:00,250.59222,0.0002,4.330233562,FALSE
19-07-2012 09:00,227.6725,0.0001,1.9670904,FALSE
20-07-2012 09:00,187.83406,0.0001,1.622886278,FALSE
21-07-2012 09:00,181.23778,0.0002,3.131788838,FALSE
23-07-2012 09:00,748.9815,0.0016,103.5392026,FALSE
24-07-2012 09:00,540.4979,0.0013,60.70872413,FALSE
25-07-2012 09:00,377.30045,0.001,32.59875888,FALSE
26-07-2012 09:00,372.91397,0.0005,16.1098835,FALSE
27-07-2012 09:00,341.89612,0.0004,11.81592991,FALSE
28-07-2012 09:00,312.88092,0.0002,5.406582298,FALSE
30-07-2012 09:00,242.99684,0.0002,4.198985395,FALSE
31-07-2012 09:00,230.33301,0.0001,1.990077206,FALSE
01-08-2012 09:00,203.74168,0.0002,3.52065623,FALSE
02-08-2012 09:00,125.85183,0.0002,2.174719622,FALSE
03-08-2012 09:00,106.3501,0.0002,1.837729728,FALSE
04-08-2012 09:00,140.71538,0.0001,1.215780883,FALSE
06-08-2012 09:00,166.03587,0.0002,2.869099834,FALSE
08-08-2012 09:00,276.9389,0.0007,16.74926467,FALSE
09-08-2012 09:00,409.31897,0.0009,31.82864311,FALSE
10-08-2012 09:00,334.43848,0.0007,20.22683927,FALSE
11-08-2012 09:00,310.46155,0.0008,21.45910234,FALSE
13-08-2012 09:00,294.9792,0.0001,2.548620288,FALSE
14-08-2012 09:00,254.92796,0.0008,17.6206206,FALSE
16-08-2012 09:00,530.82086,0.0014,64.20809123,FALSE
17-08-2012 09:00,1034.9576,0.0017,152.0145723,FALSE
21-08-2012 09:00,371.7239,0.0012,38.54033395,FALSE
22-08-2012 09:00,307.76895,0.0017,45.20510338,FALSE
23-08-2012 09:00,255.82463,0.0012,26.52389764,FALSE
24-08-2012 09:00,282.51743,0.0008,19.52760476,FALSE
25-08-2012 09:00,258.6422,0.0008,17.87734886,FALSE
27-08-2012 09:00,249.0086,0.0012,25.81721165,FALSE
28-08-2012 09:00,356.40625,0.0004,12.3174,FALSE
03-09-2012 09:00,393.3618,0.0003,10.19593786,FALSE
04-09-2012 09:00,632.1352,0.0016,87.38637005,FALSE
05-09-2012 09:00,761.4773,0.0017,111.8457858,FALSE
06-09-2012 09:00,393.34424,0.0012,40.7819308,FALSE
07-09-2012 09:00,344.66483,0.0016,47.6464661,FALSE
08-09-2012 09:00,288.3144,0.0012,29.89243699,FALSE
10-09-2012 09:00,269.31207,0.0013,30.2491317,FALSE
11-09-2012 09:00,262.42758,0.0004,9.069497165,FALSE
12-09-2012 09:00,238.53839,0.0005,10.30485845,FALSE
13-09-2012 09:00,253.30463,0.0005,10.94276002,FALSE
14-09-2012 09:00,231.42505,0.0003,5.998537296,FALSE
19-09-2012 09:00,183.56747,0.0012,19.03227529,FALSE
20-09-2012 09:00,141.06168,0.0007,8.531410406,FALSE
21-09-2012 09:00,142.48207,0.0002,2.46209017,FALSE
22-09-2012 09:00,144.47917,0.0002,2.496600058,FALSE
24-09-2012 09:00,121.57742,0.0002,2.100857818,FALSE
25-09-2012 09:00,113.04024,0.0002,1.953335347,FALSE
26-09-2012 09:00,101.91724,0.0001,0.880564954,FALSE
27-09-2012 09:00,39.39474,0.0001,0.340370554,FALSE
01-10-2012 09:00,54.3697,0.0001,0.469754208,FALSE
10-10-2012 09:00,85.11979,0.0001,0.735434986,FALSE
11-10-2012 09:00,108.016846,0.0001,0.933265549,FALSE
13-10-2012 09:00,90.06345,0.0001,0.778148208,FALSE
15-10-2012 09:00,259.60544,0.0009,20.18691901,FALSE
16-10-2012 09:00,351.98273,0.0013,39.53470023,FALSE
17-10-2012 09:00,320.4119,0.0015,41.52538224,FALSE
18-10-2012 09:00,131.6226,0.0019,21.60716602,FALSE
19-10-2012 09:00,163.23326,0.0018,25.3860366,FALSE
20-10-2012 09:00,125.5346,0.0022,23.86161677,FALSE
22-10-2012 09:00,112.07045,0.0021,20.33406245,FALSE
23-10-2012 09:00,110.94504,0.0022,21.0884332,FALSE
01-11-2012 09:00,128.7175,0.0012,13.3454304,FALSE
02-11-2012 09:00,234.33821,0.0015,30.37023202,FALSE
03-11-2012 09:00,127.54716,0.0006,6.612044774,FALSE
05-11-2012 09:00,82.12961,0.0003,2.128799491,FALSE
06-11-2012 09:00,110.11542,0.0005,4.756986144,FALSE
08-11-2012 09:00,345.1155,0.003,89.4539376,FALSE
09-11-2012 09:00,128.929,0.0014,15.59525184,FALSE
10-11-2012 09:00,80.027374,0.0007,4.84005558,FALSE
12-11-2012 09:00,76.69423,0.0009,5.963743325,FALSE
14-11-2012 09:00,80.67696,0.0009,6.27344041,FALSE
15-11-2012 09:00,46.441105,0.0009,3.611260325,FALSE
16-11-2012 09:00,64.11463,0.0013,7.201355242,FALSE
17-11-2012 09:00,60.92459,0.001,5.263884576,FALSE
19-11-2012 09:00,54.807213,0.0018,8.523617766,FALSE
26-11-2012 09:00,44.905254,0.0016,6.207702313,FALSE
29-11-2012 09:00,46.772293,0.0017,6.869914396,FALSE
01-12-2012 09:00,49.74345,0.0008,3.438267264,FALSE
03-12-2012 09:00,51.883743,0.0012,5.379306474,FALSE
05-12-2012 09:00,5.029195,0.0009,0.391070203,FALSE
06-12-2012 09:00,5.6531773,0.0009,0.439591067,FALSE
08-12-2012 08:00,0,0,0,TRUE
09-12-2012 08:00,0,0,0,TRUE
10-12-2012 08:00,0,0,0,TRUE
11-12-2012 08:00,0,0,0,TRUE
12-12-2012 08:00,0,0,0,TRUE
13-12-2012 08:00,0,0,0,TRUE
14-12-2012 08:00,0,0,0,TRUE
15-12-2012 08:00,0,0,0,TRUE
16-12-2012 08:00,0,0,0,TRUE
17-12-2012 09:00,50.254078,0.0011,4.776147573,FALSE
20-12-2012 08:00,0,0,0,TRUE
21-12-2012 08:00,0,0,0,TRUE
22-12-2012 08:00,0,0,0,TRUE
26-12-2012 09:00,26.67762,0.0024,5.531871283,FALSE
27-12-2012 09:00,24.42253,0.0014,2.954149229,FALSE
28-12-2012 08:00,0,0,0,TRUE
01-01-2013 09:00,15.2615795,0.0017,2.241620797,FALSE
02-01-2013 08:00,0,0,0,TRUE
03-01-2013 08:00,0,0,0,TRUE
04-01-2013 08:00,0,0,0,TRUE
05-01-2013 08:00,0,0,0,TRUE
06-01-2013 08:00,0,0,0,TRUE
07-01-2013 09:00,29.089064,0.0023,5.780578798,FALSE
08-01-2013 08:00,0,0,0,TRUE
09-01-2013 08:00,0,0,0,TRUE
10-01-2013 09:00,33.598106,0.0018,5.225177445,FALSE
11-01-2013 09:00,27.800406,0.0025,6.004887696,FALSE
12-01-2013 08:00,0,0,0,TRUE
13-01-2013 08:00,0,0,0,TRUE
14-01-2013 08:00,0,0,0,TRUE
15-01-2013 08:00,0,0,0,TRUE
16-01-2013 08:00,0,0,0,TRUE
17-01-2013 08:00,0,0,0,TRUE
18-01-2013 08:00,0,0,0,TRUE
19-01-2013 08:00,0,0,0,TRUE
20-01-2013 08:00,0,0,0,TRUE
21-01-2013 08:00,0,0,0,TRUE
22-01-2013 08:00,0,0,0,TRUE
23-01-2013 08:00,0,0,0,TRUE
24-01-2013 08:00,0,0,0,TRUE
25-01-2013 08:00,0,0,0,TRUE
26-01-2013 08:00,0,0,0,TRUE
27-01-2013 08:00,0,0,0,TRUE
28-01-2013 08:00,0,0,0,TRUE
29-01-2013 08:00,0,0,0,TRUE
30-01-2013 08:00,0,0,0,TRUE
31-01-2013 08:00,0,0,0,TRUE
01-02-2013 08:00,0,0,0,TRUE
02-02-2013 08:00,0,0,0,TRUE
03-02-2013 08:00,0,0,0,TRUE
04-02-2013 08:00,0,0,0,TRUE
05-02-2013 08:00,0,0,0,TRUE
06-02-2013 08:00,0,0,0,TRUE
07-02-2013 08:00,0,0,0,TRUE
13-02-2013 09:00,15.252096,0.004,5.271124378,FALSE
14-02-2013 09:00,9.731714,0.0046,3.867772412,FALSE
15-02-2013 08:00,0,0,0,TRUE
16-02-2013 08:00,0,0,0,TRUE
18-02-2013 09:00,12.690546,0.0017,1.863987396,FALSE
20-02-2013 09:00,23.801527,0.002,4.112903866,FALSE
22-02-2013 08:00,0,0,0,TRUE
23-02-2013 08:00,0,0,0,TRUE
24-02-2013 08:00,0,0,0,TRUE
25-02-2013 08:00,0,0,0,TRUE
26-02-2013 08:00,0,0,0,TRUE
27-02-2013 08:00,0,0,0,TRUE
28-02-2013 08:00,0,0,0,TRUE
01-03-2013 08:00,0,0,0,TRUE
02-03-2013 08:00,0,0,0,TRUE
03-03-2013 08:00,0,0,0,TRUE
04-03-2013 08:00,0,0,0,TRUE
05-03-2013 08:00,0,0,0,TRUE
06-03-2013 08:00,0,0,0,TRUE
07-03-2013 08:00,0,0,0,TRUE
08-03-2013 08:00,0,0,0,TRUE
09-03-2013 08:00,0,0,0,TRUE
12-03-2013 08:00,0,0,0,TRUE
13-03-2013 08:00,0,0,0,TRUE
14-03-2013 08:00,0,0,0,TRUE
15-03-2013 09:00,92.798035,0.0013,10.42307529,FALSE
19-03-2013 09:00,77.04624,0.0021,13.97926979,FALSE
21-03-2013 09:00,35.90019,0.0019,5.89337519,FALSE
22-03-2013 09:00,72.74506,0.0032,20.11255419,FALSE
25-03-2013 09:00,46.015015,0.002,7.951394592,FALSE
26-03-2013 09:00,93.607506,0.0031,25.07183441,FALSE
28-03-2013 09:00,32.170174,0.007,19.45652124,FALSE
30-03-2013 09:00,43.486435,0.004,15.02891194,FALSE
01-04-2013 09:00,55.938766,0.003,14.49932815,FALSE
02-04-2013 09:00,93.22428,0.0031,24.96919116,FALSE
03-04-2013 08:30,65.07804,0.0067,37.6723758,FALSE
05-04-2013 09:00,38.700962,0.0046,15.38131034,FALSE
06-04-2013 09:00,26.872583,0.0042,9.751522919,FALSE
08-04-2013 09:00,13.843649,0.0048,5.741238113,FALSE
09-04-2013 08:00,0,0,0,TRUE
10-04-2013 08:00,0,0,0,TRUE
11-04-2013 08:00,0,0,0,TRUE
12-04-2013 08:00,0,0,0,TRUE
13-04-2013 08:00,0,0,0,TRUE
14-04-2013 08:00,0,0,0,TRUE
15-04-2013 08:00,0,0,0,TRUE
16-04-2013 08:00,0,0,0,TRUE
17-04-2013 08:00,0,0,0,TRUE
18-04-2013 08:00,0,0,0,TRUE
19-04-2013 08:00,0,0,0,TRUE
20-04-2013 08:00,0,0,0,TRUE
21-04-2013 08:00,0,0,0,TRUE
22-04-2013 08:00,0,0,0,TRUE
23-04-2013 08:00,0,0,0,TRUE
24-04-2013 08:00,0,0,0,TRUE
25-04-2013 08:00,0,0,0,TRUE
26-04-2013 08:00,0,0,0,TRUE
27-04-2013 08:00,0,0,0,TRUE
28-04-2013 08:00,0,0,0,TRUE
29-04-2013 08:00,0,0,0,TRUE
30-04-2013 08:00,0,0,0,TRUE
02-05-2013 08:00,0,0,0,TRUE
03-05-2013 08:00,0,0,0,TRUE
04-05-2013 08:00,0,0,0,TRUE
05-05-2013 08:00,0,0,0,TRUE
06-05-2013 08:00,0,0,0,TRUE
07-05-2013 08:00,0,0,0,TRUE
08-05-2013 08:00,0,0,0,TRUE
09-05-2013 08:00,0,0,0,TRUE
11-05-2013 08:00,0,0,0,TRUE
12-05-2013 08:00,0,0,0,TRUE
13-05-2013 08:00,0,0,0,TRUE
14-05-2013 08:00,0,0,0,TRUE
15-05-2013 08:00,0,0,0,TRUE
16-05-2013 08:00,0,0,0,TRUE
17-05-2013 08:00,0,0,0,TRUE
18-05-2013 08:00,0,0,0,TRUE
19-05-2013 08:00,0,0,0,TRUE
20-05-2013 08:00,0,0,0,TRUE
21-05-2013 08:00,0,0,0,TRUE
22-05-2013 08:00,0,0,0,TRUE
23-05-2013 08:00,0,0,0,TRUE
24-05-2013 08:00,0,0,0,TRUE
25-05-2013 08:00,0,0,0,TRUE
26-05-2013 08:00,0,0,0,TRUE
27-05-2013 08:00,0,0,0,TRUE
28-05-2013 08:00,0,0,0,TRUE
29-05-2013 08:00,0,0,0,TRUE
30-05-2013 08:00,0,0,0,TRUE
31-05-2013 08:00,0,0,0,TRUE
03-06-2013 09:00,189.52591,0.0064,104.8002472,FALSE
04-06-2013 09:00,250.89119,0.0082,177.7513903,FALSE
05-06-2013 08:00,0,0,0,TRUE
06-06-2013 08:00,0,0,0,TRUE
07-06-2013 09:00,206.94923,0.0067,119.7987703,FALSE
08-06-2013 10:00,162.12914,0.0143,200.3137951,FALSE
10-06-2013 09:00,216.54604,0.004,74.83831142,FALSE
11-06-2013 09:00,127.627846,0.0042,46.31359276,FALSE
12-06-2013 09:00,379.76065,0.0053,173.8999968,FALSE
13-06-2013 09:00,239.0105,0.0053,109.4476882,FALSE
14-06-2013 09:00,516.119,0.0088,392.4155981,FALSE
15-06-2013 09:00,828.6834,0.0195,1396.165792,FALSE
17-06-2013 09:00,964.50104,0.0083,691.6629858,FALSE
18-06-2013 09:00,1163.4691,0.0044,442.3044131,FALSE
19-06-2013 09:00,520.11505,0.002,89.87588064,FALSE
20-06-2013 09:00,565.0661,0.0054,263.6372396,FALSE
21-06-2013 09:00,539.1652,0.0028,130.4348452,FALSE
24-06-2013 09:00,1101.3212,0.0064,608.9865708,FALSE
29-06-2013 09:00,627.40204,0.0024,130.098087,FALSE
01-07-2013 09:00,448.10037,0.0042,162.6066623,FALSE
02-07-2013 09:00,404.45032,0.0069,241.1171028,FALSE
03-07-2013 09:00,705.2548,0.014,853.0762061,FALSE
04-07-2013 09:00,1216.1289,0.0142,1492.044225,FALSE
05-07-2013 09:00,950.55835,0.015,1231.923622,FALSE
06-07-2013 09:00,1290.975,0.0269,3000.432456,FALSE
08-07-2013 09:00,472.02682,0.01,407.8311725,FALSE
09-07-2013 09:00,839.14,0.0085,616.264416,FALSE
10-07-2013 09:00,764.8858,0.0109,720.338851,FALSE
11-07-2013 09:00,806.7775,0.0115,801.614124,FALSE
12-07-2013 09:00,769.66125,0.0081,538.6397292,FALSE
13-07-2013 09:00,725.4721,0.0118,739.6333154,FALSE
15-07-2013 09:00,524.9472,0.0033,149.6729457,FALSE
16-07-2013 09:00,594.3478,0.0075,385.1373744,FALSE
17-07-2013 09:00,748.31494,0.021,1357.742627,FALSE
19-07-2013 09:00,1208.4916,0.0156,1628.853318,FALSE
20-07-2013 09:00,970.7181,0.0088,738.0563858,FALSE
22-07-2013 09:00,736.87915,0.0372,2368.388538,FALSE
23-07-2013 09:00,925.7967,0.009,719.8995139,FALSE
24-07-2013 09:00,1080.765,0.0189,1764.846014,FALSE
25-07-2013 09:00,1294.9768,0.0232,2595.755096,FALSE
26-07-2013 09:00,899.4475,0.0086,668.3254704,FALSE
27-07-2013 09:00,898.8958,0.0064,497.0534216,FALSE
29-07-2013 09:00,674.09326,0.006,349.449946,FALSE
30-07-2013 09:00,463.03464,0.0034,136.0210558,FALSE
31-07-2013 09:00,482.0201,0.0042,174.9154539,FALSE
01-08-2013 09:00,425.38425,0.0012,44.10383904,FALSE
05-08-2013 09:00,6323.5474,0.2455,134130.0286,FALSE
06-08-2013 09:00,2863.5798,0.0727,17986.94653,FALSE
07-08-2013 09:00,1233.4357,0.0431,4593.117197,FALSE
08-08-2013 09:00,1050.9596,0.0303,2751.328156,FALSE
10-08-2013 09:00,935.1762,0.0215,1737.183309,FALSE
12-08-2013 09:00,565.5237,0.0179,874.6163335,FALSE
13-08-2013 09:00,435.10928,0.0141,530.0675293,FALSE
14-08-2013 09:00,461.17865,0.0154,613.6258645,FALSE
20-08-2013 09:00,300.82147,0.0082,213.1259951,FALSE
21-08-2013 09:00,391.92645,0.01,338.6244528,FALSE
22-08-2013 09:00,337.54337,0.006,174.982483,FALSE
23-08-2013 09:00,279.90097,0.0028,67.71364266,FALSE
24-08-2013 09:00,295.02124,0.0035,89.21442298,FALSE
26-08-2013 09:00,327.3624,0.0149,421.4332593,FALSE
27-08-2013 09:00,275.07935,0.0125,297.085698,FALSE
29-08-2013 09:00,293.55524,0.0086,218.1232855,FALSE
30-08-2013 09:00,282.0218,0.0204,497.0803438,FALSE
31-08-2013 09:00,333.10657,0.0156,448.9743593,FALSE
03-09-2013 09:00,287.687,0.0064,159.0794035,FALSE
04-09-2013 11:00,289.54343,0.0066,165.1092455,FALSE
05-09-2013 09:00,240.80551,0.0075,156.0419705,FALSE
06-09-2013 09:00,315.39746,0.006,163.5020433,FALSE
07-09-2013 09:00,291.57758,0.0061,153.6730478,FALSE
10-09-2013 09:00,384.34317,0.016,531.3159982,FALSE
11-09-2013 09:00,325.2953,0.0177,497.4675964,FALSE
12-09-2013 09:30,310.66498,0.0095,254.9938156,FALSE
13-09-2013 09:00,439.35867,0.026,986.9753163,FALSE
14-09-2013 09:00,562.6111,0.0228,1108.298858,FALSE
17-09-2013 09:00,796.6289,0.0277,1906.556014,FALSE
18-09-2013 09:00,1053.4604,0.0365,3322.192717,FALSE
19-09-2013 09:00,953.4992,0.0497,4094.401845,FALSE
20-09-2013 09:00,1252.4758,0.0223,2413.170173,FALSE
21-09-2013 09:00,1059.2122,0.0163,1491.709726,FALSE
23-09-2013 09:00,536.463,0.0077,356.8981046,FALSE
24-09-2013 09:00,439.0738,0.0086,326.2493964,FALSE
25-09-2013 09:00,345.4102,0.0066,196.9667124,FALSE
26-09-2013 09:00,336.04745,0.0046,133.5586985,FALSE
27-09-2013 09:00,280.83548,0.0064,155.290787,FALSE
28-09-2013 09:00,259.09802,0.0045,100.7373102,FALSE
30-09-2013 09:00,221.98535,0.0116,222.4825972,FALSE
01-10-2013 09:00,250.35187,0.0087,188.1844936,FALSE
03-10-2013 09:00,218.91135,0.002,37.82788128,FALSE
05-10-2013 09:00,211.85535,0.0018,32.94774403,FALSE
07-10-2013 09:00,204.43695,0.0038,67.12073942,FALSE
09-10-2013 09:00,251.99854,0.0033,71.84982372,FALSE
10-10-2013 09:00,186.1437,0.0016,25.73250509,FALSE
11-10-2013 09:00,224.76035,0.0038,73.79331811,FALSE
12-10-2013 09:00,241.63739,0.0035,73.07114674,FALSE
14-10-2013 09:00,176.4966,0.0029,44.2229881,FALSE
15-10-2013 09:00,155.9833,0.0039,52.56013277,FALSE
17-10-2013 09:00,459.73,0.0654,2597.731949,FALSE
19-10-2013 09:00,245.47127,0.0107,226.9332797,FALSE
21-10-2013 09:00,235.40538,0.0034,69.15268443,FALSE
22-10-2013 09:00,359.53076,0.0275,854.2450858,FALSE
23-10-2013 09:00,317.38464,0.0176,482.627779,FALSE
24-10-2013 09:00,298.20563,0.0108,278.2616375,FALSE
25-10-2013 09:00,343.13446,0.0264,782.6759779,FALSE
26-10-2013 09:00,284.26205,0.0121,297.1789176,FALSE
28-10-2013 09:00,204.35704,0.0082,144.7828757,FALSE
29-10-2013 09:00,188.04323,0.0035,56.86427275,FALSE
30-10-2013 09:00,225.85829,0.0033,64.39671564,FALSE
31-10-2013 09:00,197.11456,0.0052,88.55962952,FALSE
01-11-2013 09:00,312.07608,0.0077,207.6179745,FALSE
04-11-2013 09:00,198.1509,0.0081,138.6739259,FALSE
05-11-2013 09:00,209.05518,0.0023,41.54344537,FALSE
06-11-2013 09:00,230.22879,0.0092,183.0042606,FALSE
07-11-2013 09:00,172.47209,0.0043,64.07683088,FALSE
08-11-2013 09:00,159.65408,0.0039,53.7970388,FALSE
09-11-2013 09:00,215.95262,0.0027,50.37742719,FALSE
12-11-2013 09:00,167.24577,0.0031,44.79510704,FALSE
13-11-2013 09:00,172.7009,0.0027,40.28766595,FALSE
15-11-2013 09:00,228.16995,0.0052,102.5121951,FALSE
19-11-2013 09:00,216.9082,0.0094,176.1641637,FALSE
20-11-2013 09:00,135.78113,0.004,46.92595853,FALSE
21-11-2013 09:00,144.40308,0.0044,54.89627489,FALSE
22-11-2013 09:00,296.5364,0.0083,212.6521832,FALSE
25-11-2013 09:00,189.60179,0.0055,90.09877061,FALSE
26-11-2013 09:00,135.19107,0.0028,32.70542365,FALSE
27-11-2013 09:00,281.4655,0.0065,158.0710248,FALSE
29-11-2013 09:00,156.22255,0.004,53.99051328,FALSE
30-11-2013 09:00,244.78287,0.0052,109.9760478,FALSE
04-12-2013 09:00,128.74391,0.0022,24.47164241,FALSE
05-12-2013 09:00,102.50157,0.0029,25.68279338,FALSE
06-12-2013 09:00,119.37334,0.0032,33.00434104,FALSE
10-12-2013 09:00,0,0,0,TRUE
11-12-2013 09:00,0,0,0,TRUE
12-12-2013 08:00,0,0,0,TRUE
13-12-2013 09:00,0,0,0,TRUE
14-12-2013 08:00,0,0,0,TRUE
15-12-2013 08:00,0,0,0,TRUE
16-12-2013 08:00,0,0,0,TRUE
17-12-2013 08:00,0,0,0,TRUE
18-12-2013 08:00,0,0,0,TRUE
19-12-2013 08:00,0,0,0,TRUE
20-12-2013 08:00,0,0,0,TRUE
21-12-2013 08:00,0,0,0,TRUE
22-12-2013 08:00,0,0,0,TRUE
23-12-2013 08:00,0,0,0,TRUE
24-12-2013 08:00,0,0,0,TRUE
25-12-2013 08:00,0,0,0,TRUE
26-12-2013 08:00,0,0,0,TRUE
27-12-2013 08:00,0,0,0,TRUE
28-12-2013 08:00,0,0,0,TRUE
29-12-2013 08:00,0,0,0,TRUE
30-12-2013 08:00,0,0,0,TRUE
31-12-2013 08:00,0,0,0,TRUE
01-01-2014 08:00,0,0,0,TRUE
02-01-2014 08:00,0,0,0,TRUE
03-01-2014 08:00,0,0,0,TRUE
04-01-2014 08:00,0,0,0,TRUE
05-01-2014 08:00,0,0,0,TRUE
06-01-2014 08:00,0,0,0,TRUE
10-01-2014 09:00,41.982048,0.0012,4.352698737,FALSE
11-01-2014 09:00,15.025849,0.0043,5.58240342,FALSE
12-01-2014 08:00,0,0,0,TRUE
13-01-2014 09:00,0,0,0,TRUE
14-01-2014 08:00,0,0,0,TRUE
15-01-2014 08:00,0,0,0,TRUE
20-01-2014 09:00,0,0,0,TRUE
21-01-2014 08:00,0,0,0,TRUE
22-01-2014 08:00,0,0,0,TRUE
23-01-2014 08:00,0,0,0,TRUE
24-01-2014 08:00,0,0,0,TRUE
25-01-2014 08:00,0,0,0,TRUE
28-01-2014 09:00,21.46303,0.0006,1.112643475,FALSE
29-01-2014 09:00,38.003216,0.0011,3.611825649,FALSE
31-01-2014 09:00,23.751345,0.0008,1.641692966,FALSE
01-02-2014 09:00,29.270271,0.0009,2.276056273,FALSE
03-02-2014 09:00,22.771326,0.0014,2.754419593,FALSE
04-02-2014 09:00,14.220925,0.0013,1.597294296,FALSE
05-02-2014 09:00,12.778644,0.001,1.104074842,FALSE
07-02-2014 09:00,61.515163,0.0009,4.783419075,FALSE
08-02-2014 09:00,48.544807,0.0008,3.35541706,FALSE
11-02-2014 08:00,0,0,0,TRUE
12-02-2014 08:00,0,0,0,TRUE
13-02-2014 08:00,0,0,0,TRUE
14-02-2014 09:00,0,0,0,TRUE
15-02-2014 08:00,0,0,0,TRUE
16-02-2014 08:00,0,0,0,TRUE
17-02-2014 09:00,57.525314,0.0006,2.982112278,FALSE
18-02-2014 09:00,42.876286,0.0005,1.852255555,FALSE
19-02-2014 09:00,17.884771,0.0007,1.08167095,FALSE
21-02-2014 09:00,20.806694,0.001,1.797698362,FALSE
22-02-2014 09:00,20.595493,0.0011,1.957395655,FALSE
25-02-2014 09:00,72.478165,0.0005,3.131056728,FALSE
26-02-2014 09:00,81.37507,0.0005,3.515403024,FALSE
28-02-2014 09:00,22.47661,0.0008,1.553583283,FALSE
03-03-2014 09:00,40.256428,0.0007,2.434708765,FALSE
06-03-2014 09:00,60.35264,0.0008,4.171574477,FALSE
07-03-2014 09:00,49.333225,0.0005,2.13119532,FALSE
08-03-2014 09:00,54.081406,0.0005,2.336316739,FALSE
10-03-2014 09:00,77.96389,0.0008,5.388864077,FALSE
11-03-2014 09:00,40.298897,0.0006,2.08909482,FALSE
12-03-2014 09:00,28.080997,0.0006,1.455718884,FALSE
13-03-2014 09:00,27.564121,0.0011,2.61969406,FALSE
14-03-2014 09:00,30.549023,0.0007,1.847604911,FALSE
15-03-2014 09:00,33.47632,0.0006,1.735412429,FALSE
17-03-2014 09:00,36.89329,0.0009,2.86882223,FALSE
18-03-2014 09:00,30.53207,0.0009,2.374173763,FALSE
20-03-2014 09:00,38.03102,0.0013,4.271644166,FALSE
21-03-2014 09:00,62.955906,0.0011,5.983329306,FALSE
22-03-2014 09:00,66.892456,0.0008,4.623606559,FALSE
24-03-2014 09:00,86.70796,0.0035,26.2204871,FALSE
25-03-2014 09:00,73.71651,0.003,19.10731939,FALSE
27-03-2014 09:00,80.87247,0.0043,30.04574005,FALSE
31-03-2014 09:00,85.79497,0.002,14.82537082,FALSE
01-04-2014 09:00,131.09705,0.0035,39.64374792,FALSE
02-04-2014 09:00,140.09845,0.0018,21.78811094,FALSE
05-04-2014 09:00,95.13992,0.0013,10.68611581,FALSE
07-04-2014 09:00,84.878296,0.0006,4.400090865,FALSE
08-04-2014 09:00,82.25076,0.0008,5.685172531,FALSE
09-04-2014 09:00,60.92557,0.0007,3.684778474,FALSE
11-04-2014 09:00,0,0,0,TRUE
12-04-2014 08:00,0,0,0,TRUE
13-04-2014 08:00,0,0,0,TRUE
14-04-2014 08:00,0,0,0,TRUE
15-04-2014 08:00,0,0,0,TRUE
16-04-2014 08:00,0,0,0,TRUE
17-04-2014 09:00,22.83193,0.0008,1.578143002,FALSE
22-04-2014 09:00,68.5266,0.0012,7.104837888,FALSE
23-04-2014 09:00,80.155304,0.0022,15.23592018,FALSE
24-04-2014 09:00,175.97015,0.0025,38.0095524,FALSE
02-05-2014 09:00,32.124966,0.0016,4.4409553,FALSE
03-05-2014 09:00,30.238354,0.0014,3.6576313,FALSE
06-05-2014 09:00,22.961851,0.0018,3.571027068,FALSE
08-05-2014 09:00,75.83619,0.0023,15.07016768,FALSE
12-05-2014 09:00,138.22592,0.0023,27.46825482,FALSE
13-05-2014 08:30,119.57632,0.0006,6.198836429,FALSE
16-05-2014 09:00,71.66898,0.0023,14.24205971,FALSE
17-05-2014 09:00,89.09947,0.0016,12.31711073,FALSE
19-05-2014 09:00,56.341072,0.0024,11.68288469,FALSE
20-05-2014 09:00,52.350876,0.0032,14.4739702,FALSE
21-05-2014 09:00,67.67276,0.0041,23.9723985,FALSE
22-05-2014 09:00,80.757416,0.004,27.90976297,FALSE
23-05-2014 09:00,60.30888,0.0036,18.75847404,FALSE
26-05-2014 09:00,68.89189,0.0021,12.49974452,FALSE
27-05-2014 09:00,54.652813,0.0027,12.74940822,FALSE
28-05-2014 09:00,72.87574,0.0022,13.85222066,FALSE
30-05-2014 09:00,88.07569,0.0017,12.93655735,FALSE
31-05-2014 09:00,65.0117,0.0022,12.35742394,FALSE
11-06-2014 09:00,146.57152,0.0028,35.45858212,FALSE
12-06-2014 09:00,247.36064,0.0052,111.1341883,FALSE
13-06-2014 09:00,127.17561,0.0082,90.10137617,FALSE
14-06-2014 09:00,293.8906,0.001,25.39214784,FALSE
16-06-2014 09:00,127.57617,0.0061,67.23774464,FALSE
19-06-2014 09:00,312.60977,0.0095,256.5900992,FALSE
20-06-2014 09:00,521.137,0.015,675.393552,FALSE
21-06-2014 09:00,1440.1711,0.0759,9444.296433,FALSE
23-06-2014 09:00,462.975,0.0149,596.015496,FALSE
24-06-2014 09:00,416.41446,0.0113,406.5537656,FALSE
25-06-2014 09:00,320.38974,0.0096,265.7440659,FALSE
26-06-2014 09:00,227.9559,0.0047,92.56833187,FALSE
28-06-2014 09:00,242.42064,0.0021,43.98480092,FALSE
01-07-2014 09:00,286.85065,0.0032,79.30846771,FALSE
02-07-2014 09:00,271.65466,0.0058,136.1315832,FALSE
03-07-2014 09:00,216.09459,0.0057,106.4222637,FALSE
04-07-2014 09:00,174.21298,0.0056,84.29120824,FALSE
05-07-2014 09:00,118.976555,0.001,10.27957435,FALSE
07-07-2014 09:00,155.11975,0.0074,99.17736336,FALSE
08-07-2014 09:00,164.87827,0.0054,76.92560565,FALSE
09-07-2014 09:00,155.6282,0.0051,68.57601005,FALSE
10-07-2014 09:00,742.46625,0.0248,1590.897283,FALSE
11-07-2014 09:00,612.15546,0.012,634.6827809,FALSE
12-07-2014 09:00,530.6712,0.0069,316.3649426,FALSE
14-07-2014 09:00,976.67535,0.0276,2329.019107,FALSE
15-07-2014 09:00,1298.4481,0.0128,1435.979723,FALSE
16-07-2014 09:00,1627.2885,0.0268,3768.019068,FALSE
17-07-2014 09:00,834.28906,0.0103,742.4505203,FALSE
18-07-2014 09:00,451.7242,0.0073,284.9114874,FALSE
19-07-2014 09:00,484.63403,0.0052,217.736377,FALSE
22-07-2014 09:00,655.65106,0.0099,560.8176907,FALSE
23-07-2014 09:00,1009.427,0.0142,1238.445798,FALSE
24-07-2014 09:00,898.5786,0.0115,892.827697,FALSE
25-07-2014 09:00,632.4531,0.0088,480.866741,FALSE
26-07-2014 09:00,609.38245,0.0142,747.6391403,FALSE
29-07-2014 09:00,578.10333,0.0046,229.7613875,FALSE
30-07-2014 09:00,508.70087,0.0132,580.1631682,FALSE
31-07-2014 09:00,642.9543,0.0146,811.0482722,FALSE
01-08-2014 09:00,1089.9656,0.0249,2344.908393,FALSE
02-08-2014 09:00,1346.0621,0.0288,3349.433245,FALSE
04-08-2014 09:00,1820.3717,0.045,7077.60517,FALSE
05-08-2014 09:00,1405.4254,0.0258,3132.861868,FALSE
06-08-2014 09:00,1424.4987,0.0269,3310.762899,FALSE
07-08-2014 09:00,976.5096,0.02,1687.408589,FALSE
08-08-2014 09:00,617.1547,0.0159,847.8224407,FALSE
09-08-2014 09:00,688.79346,0.0189,1124.772168,FALSE
11-08-2014 09:00,546.5964,0.0178,840.6215355,FALSE
12-08-2014 09:00,612.787,0.0191,1011.245619,FALSE
13-08-2014 09:00,430.4615,0.0099,368.1995486,FALSE
14-08-2014 09:00,403.17365,0.0083,289.1238879,FALSE
16-08-2014 09:00,627.9529,0.0493,2674.777937,FALSE
19-08-2014 09:00,419.724,0.0278,1008.14347,FALSE
20-08-2014 09:00,404.9773,0.0375,1312.126452,FALSE
21-08-2014 09:00,488.09418,0.075,3162.850286,FALSE
22-08-2014 09:00,444.61478,0.0802,3080.860303,FALSE
23-08-2014 09:00,575.82495,0.0346,1721.394139,FALSE
25-08-2014 09:00,417.29044,0.0136,490.3329586,FALSE
26-08-2014 09:00,396.9422,0.0073,250.3593844,FALSE
27-08-2014 09:00,351.2487,0.007,212.4352138,FALSE
28-08-2014 09:00,285.04297,0.0065,160.080132,FALSE
30-08-2014 09:00,639.0911,0.0151,833.7838127,FALSE
01-09-2014 09:00,1122.5563,0.0364,3530.394661,FALSE
02-09-2014 09:00,925.2156,0.0294,2350.195658,FALSE
03-09-2014 09:00,816.2585,0.0219,1544.491683,FALSE
04-09-2014 09:00,585.7976,0.0112,566.8646216,FALSE
05-09-2014 09:00,496.30762,0.007,300.1668486,FALSE
06-09-2014 09:00,541.65485,0.0164,767.5032563,FALSE
08-09-2014 09:00,374.41034,0.0139,449.6518419,FALSE
09-09-2014 09:00,487.78995,0.0193,813.3994974,FALSE
10-09-2014 09:00,388.2687,0.0365,1224.444172,FALSE
11-09-2014 09:00,350.22415,0.0106,320.7492855,FALSE
12-09-2014 09:00,291.53815,0.0116,292.1911955,FALSE
13-09-2014 09:00,268.52393,0.0149,345.6869665,FALSE
15-09-2014 09:00,348.63507,0.0357,1075.357901,FALSE
16-09-2014 09:00,249.9126,0.0229,494.4670739,FALSE
17-09-2014 09:00,234.16385,0.0117,236.7115527,FALSE
18-09-2014 09:00,289.964,0.0094,235.4971622,FALSE
20-09-2014 09:00,271.8194,0.0027,63.41002963,FALSE
22-09-2014 09:00,262.26907,0.0036,81.57617153,FALSE
23-09-2014 09:00,261.6529,0.0037,83.64519907,FALSE
24-09-2014 09:00,225.28882,0.0031,60.34135755,FALSE
25-09-2014 09:00,251.40285,0.0077,167.253288,FALSE
26-09-2014 09:00,313.87582,0.0115,311.8670148,FALSE
27-09-2014 09:00,323.20096,0.0235,656.2272292,FALSE
29-09-2014 09:00,404.07797,0.0605,2112.196365,FALSE
30-09-2014 09:00,437.63806,0.0284,1073.858766,FALSE
01-10-2014 09:00,381.36813,0.012,395.4024772,FALSE
04-10-2014 09:00,296.6098,0.0228,584.2975772,FALSE
07-10-2014 09:00,212.73262,0.0157,288.5675444,FALSE
09-10-2014 09:00,375.6148,0.0208,675.0248694,FALSE
10-10-2014 09:00,424.6295,0.0529,1940.794608,FALSE
11-10-2014 09:00,361.48563,0.0125,390.4044804,FALSE
13-10-2014 09:00,299.38882,0.0109,281.9524151,FALSE
14-10-2014 09:00,237.22337,0.0071,145.5223041,FALSE
15-10-2014 09:00,319.18463,0.0259,714.2585976,FALSE
16-10-2014 09:00,338.5329,0.0276,807.2790947,FALSE
17-10-2014 09:00,304.42505,0.0185,486.5929999,FALSE
18-10-2014 09:00,319.41235,0.0209,576.7820451,FALSE
20-10-2014 09:00,320.4675,0.0165,456.858468,FALSE
21-10-2014 09:00,324.30054,0.013,364.2543665,FALSE
23-10-2014 09:00,411.38132,0.0403,1432.396846,FALSE
24-10-2014 09:00,458.0536,0.0276,1092.292937,FALSE
25-10-2014 09:00,388.34857,0.0222,744.8836251,FALSE
27-10-2014 09:00,482.98752,0.0322,1343.70992,FALSE
28-10-2014 09:00,470.6857,0.0222,902.8128275,FALSE
29-10-2014 09:00,368.0671,0.0237,753.6836393,FALSE
30-10-2014 09:00,339.743,0.019,557.7221088,FALSE
31-10-2014 09:00,319.2648,0.0508,1401.291519,FALSE
01-11-2014 09:00,326.35382,0.0131,369.3803076,FALSE
04-11-2014 09:00,316.20633,0.0253,691.2017409,FALSE
05-11-2014 09:00,241.35158,0.0225,469.1874715,FALSE
07-11-2014 09:00,202.59612,0.0191,334.3322211,FALSE
08-11-2014 09:00,207.16983,0.0134,239.8529424,FALSE
10-11-2014 09:00,208.71095,0.007,126.2283826,FALSE
11-11-2014 09:00,223.38095,0.0056,108.0806388,FALSE
12-11-2014 09:00,208.82771,0.0048,86.60502789,FALSE
13-11-2014 09:00,188.46584,0.007,113.98414,FALSE
14-11-2014 09:00,231.18301,0.0109,217.7189115,FALSE
15-11-2014 09:00,184.59697,0.0109,173.8460425,FALSE
17-11-2014 09:00,128.55583,0.0068,75.52912124,FALSE
18-11-2014 09:00,90.88472,0.0011,8.637683789,FALSE
19-11-2014 09:00,134.86429,0.0021,24.46977678,FALSE
20-11-2014 09:00,119.15051,0.0031,31.9132726,FALSE
21-11-2014 09:00,70.751686,0.0014,8.558123939,FALSE
22-11-2014 09:00,70.751686,0.0181,110.6443166,FALSE
24-11-2014 09:00,116.575905,0.005,50.36079096,FALSE
25-11-2014 09:00,113.380714,0.0088,86.20562447,FALSE
26-11-2014 09:00,77.09931,0.0076,50.62649092,FALSE
27-11-2014 09:00,199.88399,0.0057,98.4388674,FALSE
29-11-2014 09:00,103.035545,0.0048,42.73090122,FALSE
02-12-2014 09:00,257.18005,0.0069,153.3204586,FALSE
03-12-2014 09:00,63.576485,0.0054,29.66224484,FALSE
08-12-2014 09:00,8.102725,0.0019,1.330143336,FALSE
11-12-2014 09:00,127.11655,0.002,21.96573984,FALSE
12-12-2014 09:00,26.69188,0.0031,7.149153139,FALSE
13-12-2014 09:00,131.26582,0.0021,23.81687038,FALSE
16-12-2014 09:00,101.56207,0.0061,53.52727337,FALSE
17-12-2014 09:00,77.033394,0.011,73.21253766,FALSE
18-12-2014 08:30,59.30536,0.0036,18.44633917,FALSE
19-12-2014 09:00,68.77488,0.004,23.76859853,FALSE
22-12-2014 09:00,82.53353,0.0043,30.66285707,FALSE
23-12-2014 09:00,135.52829,0.0021,24.59025294,FALSE
31-12-2014 09:00,109.01006,0.0044,41.44126441,FALSE
01-01-2015 09:00,88.80504,0.0078,59.84749256,FALSE
02-01-2015 09:00,96.08788,0.0042,34.86836989,FALSE
03-01-2015 09:00,87.31044,0.0062,46.7704565,FALSE
09-01-2015 09:00,59.831158,0.005,25.84706026,FALSE
12-01-2015 09:00,37.65767,0.006,19.52173613,FALSE
13-01-2015 09:00,83.49401,0.0065,46.89023602,FALSE
14-01-2015 09:00,60.44934,0.0015,7.834234464,FALSE
15-01-2015 09:00,34.399094,0.0015,4.458122582,FALSE
17-01-2015 09:00,69.5211,0.0011,6.607285344,FALSE
19-01-2015 09:00,37.645123,0.0017,5.529315666,FALSE
20-01-2015 09:00,51.431366,0.0018,7.99860604,FALSE
21-01-2015 09:00,35.297825,0.0017,5.184544536,FALSE
22-01-2015 09:00,40.776608,0.0032,11.27391658,FALSE
24-01-2015 09:00,42.00018,0.0077,27.94187975,FALSE
27-01-2015 09:00,67.48131,0.0065,37.8975037,FALSE
02-02-2015 09:00,32.261013,0.0006,1.672410914,FALSE
03-02-2015 09:00,29.098679,0.002,5.028251731,FALSE
04-02-2015 09:00,28.113068,0.0007,1.700278353,FALSE
05-02-2015 09:00,20.903736,0.0015,2.709124186,FALSE
06-02-2015 09:00,20.07098,0.0012,2.080959206,FALSE
07-02-2015 09:00,23.493689,0.0015,3.044782094,FALSE
09-02-2015 09:00,76.39946,0.0008,5.280730675,FALSE
12-02-2015 09:00,42.041187,0.001,3.632358557,FALSE
16-02-2015 09:00,59.134254,0.0011,5.6201195,FALSE
20-02-2015 09:00,25.100895,0.0017,3.686819458,FALSE
23-02-2015 09:00,31.862106,0.0012,3.30346315,FALSE
24-02-2015 09:00,27.954006,0.0012,2.898271342,FALSE
25-02-2015 09:00,23.109255,0.0015,2.994959448,FALSE
26-02-2015 09:00,20.340897,0.0008,1.405962801,FALSE
27-02-2015 09:00,21.460762,0.0015,2.781314755,FALSE
28-02-2015 09:00,20.945395,0.0017,3.076459618,FALSE
02-03-2015 09:00,22.913906,0.0017,3.365594513,FALSE
03-03-2015 09:00,17.539686,0.001,1.51542887,FALSE
04-03-2015 09:00,16.403774,0.001,1.417286074,FALSE
11-03-2015 09:00,110.19477,0.0006,5.712496877,FALSE
12-03-2015 09:00,123.4701,0.0008,8.534253312,FALSE
13-03-2015 09:00,88.66551,0.0006,4.596420038,FALSE
14-03-2015 09:00,120.87554,0.0009,9.39928199,FALSE
17-03-2015 09:00,85.16331,0.0007,5.150676989,FALSE
18-03-2015 09:00,113.305244,0.0008,7.831658465,FALSE
19-03-2015 09:00,113.24143,0.0005,4.892029776,FALSE
20-03-2015 09:00,124.35436,0.001,10.7442167,FALSE
21-03-2015 09:00,88.276184,0.0007,5.338943608,FALSE
23-03-2015 09:00,84.90673,0.0009,6.602347325,FALSE
24-03-2015 09:00,72.92343,0.0009,5.670525917,FALSE
25-03-2015 09:00,74.62466,0.0009,5.802813562,FALSE
26-03-2015 09:00,79.21475,0.0007,4.79090808,FALSE
27-03-2015 09:00,77.29381,0.0006,4.00691111,FALSE
30-03-2015 09:00,75.86531,0.0006,3.93285767,FALSE
01-04-2015 09:00,69.79266,0.001,6.030085824,FALSE
04-04-2015 09:00,61.887913,0.0013,6.951250388,FALSE
07-04-2015 09:00,115.33531,0.0012,11.95796494,FALSE
08-04-2015 09:00,95.72883,0.0017,14.06065055,FALSE
10-04-2015 09:00,99.90547,0.0023,19.853215,FALSE
11-04-2015 09:00,91.36214,0.0023,18.15548446,FALSE
13-04-2015 09:00,99.45561,0.0021,18.04522588,FALSE
16-04-2015 09:00,126.319244,0.0015,16.37097402,FALSE
17-04-2015 09:00,219.52939,0.0075,142.2550447,FALSE
18-04-2015 09:00,113.050995,0.0023,22.46549373,FALSE
20-04-2015 09:00,138.9183,0.0083,99.6210913,FALSE
23-04-2015 09:00,133.7716,0.0073,84.37242355,FALSE
24-04-2015 09:00,56.43072,0.0027,13.16415836,FALSE
25-04-2015 09:00,90.68018,0.0037,28.98863994,FALSE
27-04-2015 09:00,91.99013,0.0049,38.94494144,FALSE
28-04-2015 09:00,61.095787,0.0058,30.61632078,FALSE
05-05-2015 09:00,73.80091,0.0031,19.76683573,FALSE
07-05-2015 09:00,149.33113,0.0059,76.12303683,FALSE
09-05-2015 09:00,161.54417,0.005,69.78708144,FALSE
11-05-2015 09:00,180.97241,0.0057,89.12529248,FALSE
12-05-2015 09:00,152.74422,0.0033,43.55043201,FALSE
13-05-2015 09:00,113.80407,0.0015,14.74900747,FALSE
14-05-2015 09:00,229.6656,0.0029,57.54501274,FALSE
15-05-2015 09:00,266.71182,0.0073,168.2204791,FALSE
16-05-2015 09:00,70.289276,0.0031,18.82627968,FALSE
18-05-2015 09:00,223.42725,0.0063,121.6159207,FALSE
19-05-2015 09:00,252.99966,0.0067,146.4564432,FALSE
20-05-2015 09:00,313.35873,0.0063,170.5674239,FALSE
21-05-2015 09:00,153.25502,0.0013,17.21360385,FALSE
23-05-2015 09:00,175.23833,0.0054,81.75919524,FALSE
25-05-2015 09:00,205.88243,0.0108,192.1130131,FALSE
27-05-2015 08:30,146.44818,0.0014,17.71437185,FALSE
28-05-2015 09:00,197.8903,0.0033,56.42248234,FALSE
01-06-2015 09:00,113.06471,0.0018,17.5838237,FALSE
02-06-2015 09:00,184.00984,0.0021,33.38674537,FALSE
03-06-2015 09:00,204.02245,0.0023,40.54334126,FALSE
06-06-2015 09:00,155.28394,0.0019,25.49141159,FALSE
08-06-2015 09:00,168.94395,0.0019,27.73383883,FALSE
09-06-2015 09:00,171.43066,0.0021,31.10437895,FALSE
10-06-2015 09:00,117.115036,0.0016,16.18998258,FALSE
11-06-2015 09:00,56.096764,0.0067,32.47329474,FALSE
12-06-2015 10:00,273.11206,0.0135,318.5579068,FALSE
13-06-2015 09:00,192.37683,0.0074,122.99805,FALSE
15-06-2015 09:00,102.21234,0.0076,67.11671094,FALSE
17-06-2015 09:00,98.71436,0.0018,15.35205727,FALSE
18-06-2015 09:00,193.05927,0.0049,81.73357255,FALSE
19-06-2015 09:00,263.05746,0.004,90.91265818,FALSE
20-06-2015 09:00,537.5188,0.0098,455.1279183,FALSE
22-06-2015 09:00,1236.88,0.0499,5332.634957,FALSE
23-06-2015 09:00,745.61786,0.0375,2415.801866,FALSE
24-06-2015 09:00,674.3592,0.0261,1520.70697,FALSE
25-06-2015 09:00,784.9954,0.0217,1471.772176,FALSE
26-06-2015 09:00,836.8673,0.0156,1127.963222,FALSE
27-06-2015 09:00,1725.9359,0.0616,9185.845084,FALSE
29-06-2015 09:00,484.27722,0.0074,309.6274834,FALSE
30-06-2015 09:00,483.27734,0.0067,279.7595866,FALSE
01-07-2015 09:00,279.59293,0.0055,132.8625603,FALSE
02-07-2015 09:00,261.77774,0.005,113.0879837,FALSE
03-07-2015 09:00,281.92395,0.0053,129.0986152,FALSE
04-07-2015 09:00,241.3303,0.0118,246.0410675,FALSE
06-07-2015 09:00,190.8478,0.0042,69.25484966,FALSE
07-07-2015 09:00,217.00967,0.007,131.2474484,FALSE
08-07-2015 09:00,184.01106,0.0052,82.67248904,FALSE
09-07-2015 10:37,359.2854,0.0075,232.8169392,FALSE
10-07-2015 09:00,487.05707,0.0095,399.7764431,FALSE
11-07-2015 09:00,274.3111,0.0085,201.4540718,FALSE
13-07-2015 09:00,412.41833,0.0078,277.936961,FALSE
14-07-2015 09:00,277.04224,0.0013,31.1173844,FALSE
16-07-2015 09:00,308.4593,0.0058,154.5751244,FALSE
17-07-2015 09:00,504.08762,0.0069,300.5168755,FALSE
20-07-2015 09:00,549.1522,0.0228,1081.785902,FALSE
22-07-2015 09:00,1045.8636,0.0474,4283.187953,FALSE
23-07-2015 09:00,576.02856,0.0171,851.0476357,FALSE
24-07-2015 09:00,917.1221,0.0374,2963.551669,FALSE
25-07-2015 09:00,605.93256,0.0198,1036.580949,FALSE
27-07-2015 09:00,347.18704,0.0118,353.964131,FALSE
28-07-2015 09:00,402.7665,0.0066,229.673569,FALSE
29-07-2015 09:00,345.87195,0.0049,146.4283488,FALSE
30-07-2015 09:00,324.90402,0.0005,14.03585366,FALSE
31-07-2015 09:00,293.5282,0.0076,192.7423572,FALSE
02-08-2015 08:00,0,0,0,TRUE
03-08-2015 09:00,181.00215,0.0023,35.96874725,FALSE
06-08-2015 09:00,204.61499,0.0041,72.48281406,FALSE
07-08-2015 09:00,160.70631,0.0016,22.21604029,FALSE
08-08-2015 09:00,166.34781,0.0063,90.54643994,FALSE
10-08-2015 09:00,198.83307,0.0008,13.7433418,FALSE
13-08-2015 09:00,567.6207,0.0271,1329.049812,FALSE
14-08-2015 09:00,259.30856,0.01,224.0425958,FALSE
18-08-2015 09:00,282.7225,0.0081,197.8605144,FALSE
19-08-2015 09:00,303.51123,0.0097,254.3666916,FALSE
20-08-2015 09:00,370.5006,0.0239,765.068919,FALSE
21-08-2015 09:00,272.57925,0.0178,419.2050802,FALSE
22-08-2015 09:00,298.1096,0.0096,247.2640266,FALSE
24-08-2015 09:00,335.88123,0.0114,330.8295763,FALSE
25-08-2015 09:00,244.01341,0.0057,120.1717242,FALSE
26-08-2015 09:00,245.52666,0.0034,72.12591164,FALSE
27-08-2015 09:00,231.40329,0.0034,67.97703047,FALSE
31-08-2015 09:00,141.56532,0.0031,37.91685531,FALSE
01-09-2015 09:00,162.57372,0.0039,54.78084069,FALSE
02-09-2015 09:00,189.32707,0.0025,40.89464712,FALSE
03-09-2015 09:00,147.7024,0.0029,37.00831334,FALSE
04-09-2015 09:00,194.96321,0.0021,35.37412482,FALSE
05-09-2015 09:00,347.6153,0.0093,279.3158459,FALSE
07-09-2015 09:00,358.58948,0.0441,1366.31198,FALSE
08-09-2015 09:00,319.20895,0.012,330.9558394,FALSE
09-09-2015 09:00,267.74796,0.0061,141.1138848,FALSE
10-09-2015 09:00,260.2569,0.0067,150.6575143,FALSE
11-09-2015 09:00,160.33936,0.0021,29.09197348,FALSE
12-09-2015 09:00,146.17966,0.0053,66.93858991,FALSE
14-09-2015 09:00,228.97324,0.0026,51.43654863,FALSE
15-09-2015 09:00,303.21378,0.0027,70.7337106,FALSE
16-09-2015 09:00,88.447044,0.004,30.56729841,FALSE
17-09-2015 09:00,239.5575,0.0019,39.3257592,FALSE
18-09-2015 09:00,219.74458,0.0028,53.16060879,FALSE
19-09-2015 09:00,230.50558,0.0016,31.86509138,FALSE
21-09-2015 09:00,157.39027,0.0016,21.75763092,FALSE
22-09-2015 09:00,155.1496,0.0035,46.91723904,FALSE
23-09-2015 09:00,200.1025,0.0047,81.2576232,FALSE
25-09-2015 09:00,247.88454,0.0048,102.8026764,FALSE
26-09-2015 09:00,192.10121,0.0035,58.0914059,FALSE
28-09-2015 09:00,292.20148,0.0209,527.6457445,FALSE
29-09-2015 09:00,249.9293,0.0126,272.0830332,FALSE
30-09-2015 09:00,207.48816,0.0162,290.4170278,FALSE
01-10-2015 09:00,512.5701,0.0387,1713.870392,FALSE
03-10-2015 09:00,236.46004,0.0214,437.2051556,FALSE
05-10-2015 09:00,330.286,0.0232,662.0516813,FALSE
06-10-2015 09:00,281.2011,0.0098,238.0985954,FALSE
07-10-2015 09:00,291.94315,0.0048,121.0746632,FALSE
08-10-2015 09:00,257.41263,0.0044,97.85798542,FALSE
09-10-2015 09:00,175.6917,0.0039,59.20107523,FALSE
10-10-2015 09:00,210.7592,0.0018,32.77727078,FALSE
12-10-2015 09:00,337.80658,0.0193,563.2992283,FALSE
13-10-2015 09:00,259.77173,0.011,246.8870522,FALSE
14-10-2015 09:00,258.68567,0.0061,136.3376955,FALSE
15-10-2015 09:00,203.8409,0.0101,177.879723,FALSE
16-10-2015 09:00,162.30019,0.0061,85.53869214,FALSE
17-10-2015 09:00,147.82341,0.0011,14.04913689,FALSE
20-10-2015 09:00,181.30038,0.002,31.32870566,FALSE
21-10-2015 09:00,205.30328,0.0037,65.63135255,FALSE
22-10-2015 09:00,126.843185,0.0031,33.97367867,FALSE
26-10-2015 09:00,72.48085,0.0222,139.0240688,FALSE
27-10-2015 09:00,135.14267,0.0104,121.4337976,FALSE
28-10-2015 09:00,120.24694,0.0029,30.12907329,FALSE
29-10-2015 09:00,159.7633,0.004,55.21419648,FALSE
30-10-2015 09:00,177.35643,0.0089,136.3800004,FALSE
31-10-2015 09:00,150.59851,0.0081,105.3948612,FALSE
02-11-2015 09:00,162.65598,0.0102,143.3454621,FALSE
03-11-2015 09:00,226.47852,0.0066,129.1471112,FALSE
04-11-2015 09:00,149.79749,0.0047,60.82976474,FALSE
05-11-2015 09:00,216.12706,0.0027,50.41812056,FALSE
07-11-2015 09:00,144.82198,0.0046,57.55804773,FALSE
09-11-2015 09:00,164.9556,0.0088,125.4190418,FALSE
13-11-2015 09:00,304.15543,0.0074,194.4648157,FALSE
14-11-2015 09:00,199.86089,0.0058,100.1542892,FALSE
16-11-2015 09:00,133.92044,0.0058,67.11021089,FALSE
17-11-2015 09:00,245.36308,0.0064,135.6759687,FALSE
18-11-2015 09:00,183.34544,0.0048,76.03702088,FALSE
19-11-2015 09:00,203.49504,0.005,87.90985728,FALSE
20-11-2015 09:00,142.26389,0.0065,79.89540062,FALSE
21-11-2015 09:00,225.04645,0.026,505.5443453,FALSE
23-11-2015 09:00,134.2332,0.005,57.9887424,FALSE
24-11-2015 09:00,220.81123,0.0056,106.8373055,FALSE
26-11-2015 09:00,164.49687,0.0049,69.64139488,FALSE
27-11-2015 09:00,179.5469,0.0046,71.35911994,FALSE
28-11-2015 09:00,196.67224,0.0046,78.16541507,FALSE
30-11-2015 09:00,194.33136,0.0043,72.19798687,FALSE
01-12-2015 09:00,171.87796,0.004,59.40102298,FALSE
02-12-2015 09:00,221.51122,0.0033,63.15727905,FALSE
03-12-2015 09:00,312.32175,0.0382,1030.811689,FALSE
04-12-2015 09:00,232.98624,0.0169,340.1971882,FALSE
05-12-2015 09:00,170.17184,0.011,161.7313167,FALSE
07-12-2015 09:00,159.35344,0.0011,15.14495094,FALSE
08-12-2015 09:00,193.81305,0.0062,103.8217746,FALSE
09-12-2015 09:00,117.97261,0.0024,24.46280041,FALSE
10-12-2015 09:00,94.98119,0.0019,15.59211215,FALSE
11-12-2015 09:00,140.3604,0.0108,130.9730964,FALSE
12-12-2015 09:00,201.27943,0.0033,57.38879108,FALSE
14-12-2015 09:00,209.43279,0.0206,372.756857,FALSE
15-12-2015 09:00,277.20346,0.0164,392.7862147,FALSE
16-12-2015 09:00,145.03563,0.0049,61.40228432,FALSE
17-12-2015 09:00,136.25752,0.0016,18.83623956,FALSE
01-01-2016 09:00,18.979448,0.0006,0.983894584,FALSE
02-01-2016 09:00,30.622877,0.003,7.937449718,FALSE
04-01-2016 09:00,25.709726,0.0023,5.109036751,FALSE
05-01-2016 09:00,17.44941,0.003,4.522887072,FALSE
06-01-2016 09:00,64.3162,0.0013,7.223995584,FALSE
07-01-2016 09:00,9.785909,0.0036,3.043809135,FALSE
08-01-2016 08:00,0,0,0,TRUE
09-01-2016 08:00,0,0,0,TRUE
10-01-2016 08:00,0,0,0,TRUE
11-01-2016 08:00,0,0,0,TRUE
13-01-2016 09:00,21.264315,0.0037,6.797776219,FALSE
15-01-2016 09:00,25.136894,0.0029,6.298300161,FALSE
16-01-2016 09:00,28.588552,0.0043,10.62121884,FALSE
18-01-2016 09:00,11.7529745,0.0031,3.14791669,FALSE
19-01-2016 08:00,0,0,0,TRUE
20-01-2016 08:00,0,0,0,TRUE
21-01-2016 09:00,16.264174,0.0045,6.323510851,FALSE
23-01-2016 09:00,22.519432,0.0057,11.09036987,FALSE
27-01-2016 09:00,19.325365,0.0049,8.181586526,FALSE
28-01-2016 09:00,23.723825,0.0026,5.329320048,FALSE
29-01-2016 09:00,14.814283,0.0064,8.191705928,FALSE
30-01-2016 09:00,20.84825,0.0098,17.65263024,FALSE
01-02-2016 09:00,23.12152,0.001,1.997699328,FALSE
02-02-2016 09:00,28.217123,0.0036,8.776653938,FALSE
05-02-2016 09:00,22.436625,0.0015,2.9077866,FALSE
06-02-2016 08:00,0,0,0,TRUE
07-02-2016 08:00,0,0,0,TRUE
08-02-2016 08:00,0,0,0,TRUE
09-02-2016 08:00,0,0,0,TRUE
10-02-2016 08:00,0,0,0,TRUE
11-02-2016 08:00,0,0,0,TRUE
12-02-2016 08:00,0,0,0,TRUE
16-02-2016 08:00,0,0,0,TRUE
17-02-2016 08:00,0,0,0,TRUE
18-02-2016 08:00,0,0,0,TRUE
19-02-2016 09:00,16.272873,0.0014,1.968366718,FALSE
20-02-2016 09:00,20.045769,0.002,3.463908883,FALSE
23-02-2016 09:00,24.998987,0.0055,11.87951862,FALSE
25-02-2016 09:00,28.226997,0.0023,5.609268844,FALSE
26-02-2016 09:00,19.550678,0.0013,2.195932153,FALSE
29-02-2016 09:00,37.787506,0.0011,3.59132457,FALSE
02-03-2016 09:00,24.952175,0.0029,6.252016968,FALSE
03-03-2016 08:00,0,0,0,TRUE
04-03-2016 08:00,0,0,0,TRUE
05-03-2016 08:00,0,0,0,TRUE
06-03-2016 08:00,0,0,0,TRUE
07-03-2016 08:00,0,0,0,TRUE
08-03-2016 08:00,0,0,0,TRUE
09-03-2016 08:00,0,0,0,TRUE
10-03-2016 08:00,0,0,0,TRUE
11-03-2016 09:00,21.382793,0.0048,8.867871913,FALSE
12-03-2016 09:00,24.73598,0.0041,8.762473555,FALSE
14-03-2016 08:00,0,0,0,TRUE
15-03-2016 08:00,0,0,0,TRUE
16-03-2016 09:00,25.097675,0.0013,2.818970856,FALSE
17-03-2016 08:00,0,0,0,TRUE
18-03-2016 08:00,0,0,0,TRUE
19-03-2016 09:00,31.457321,0.0069,18.75359649,FALSE
20-03-2016 08:00,0,0,0,TRUE
21-03-2016 08:00,0,0,0,TRUE
22-03-2016 08:00,0,0,0,TRUE
23-03-2016 08:00,0,0,0,TRUE
24-03-2016 08:00,0,0,0,TRUE
25-03-2016 08:00,0,0,0,TRUE
26-03-2016 08:00,0,0,0,TRUE
27-03-2016 08:00,0,0,0,TRUE
28-03-2016 08:00,0,0,0,TRUE
29-03-2016 08:00,0,0,0,TRUE
30-03-2016 08:00,0,0,0,TRUE
31-03-2016 08:00,0,0,0,TRUE
16-05-2016 08:00,21.03,0.003,5.450976,FALSE
17-05-2016 08:00,26.39,0.0038,8.6643648,FALSE
15-06-2016 08:45,281.5181,0.0016,38.91706214,FALSE
16-06-2016 09:00,172.23196,0.0036,53.57102884,FALSE
17-06-2016 09:00,408.51877,0.0072,254.1313564,FALSE
18-06-2016 09:00,341.17828,0.0063,185.7101614,FALSE
20-06-2016 09:00,264.39728,0.0228,520.8414898,FALSE
21-06-2016 09:00,180.36905,0.0142,221.2911801,FALSE
22-06-2016 09:00,186.85641,0.0042,67.80645406,FALSE
23-06-2016 09:00,350.3644,0.043,1301.673819,FALSE
24-06-2016 09:00,259.33554,0.0102,228.5472247,FALSE
25-06-2016 09:00,238.09111,0.0089,183.0825399,FALSE
27-06-2016 09:00,177.27065,0.0021,32.16398674,FALSE
28-06-2016 09:00,334.22073,0.0221,638.1744307,FALSE
29-06-2016 09:00,556.2631,0.0608,2922.116816,FALSE
30-06-2016 09:00,469.85812,0.0237,962.1190752,FALSE
01-07-2016 09:00,366.2914,0.0217,686.75242,FALSE
02-07-2016 09:00,277.0648,0.0099,236.9901473,FALSE
04-07-2016 09:00,170.93376,0.002,29.53735373,FALSE
05-07-2016 09:00,293.11203,0.0053,134.2218608,FALSE
07-07-2016 09:00,256.19028,0.0019,42.05619636,FALSE
08-07-2016 09:00,267.17178,0.0087,200.8276836,FALSE
09-07-2016 09:00,447.71252,0.0083,321.0636023,FALSE
12-07-2016 09:00,653.0328,0.0226,1275.137967,FALSE
14-07-2016 09:00,503.35574,0.0105,456.6443273,FALSE
15-07-2016 09:00,458.27618,0.0104,411.7886443,FALSE
16-07-2016 09:00,472.91815,0.0369,1507.738729,FALSE
18-07-2016 09:00,509.53772,0.038,1672.914242,FALSE
19-07-2016 09:00,421.21384,0.0185,673.2682019,FALSE
20-07-2016 09:30,303.57483,0.0098,257.0428801,FALSE
21-07-2016 09:15,286.56674,0.0067,165.8877545,FALSE
22-07-2016 09:15,225.40958,0.0023,44.79339174,FALSE
23-07-2016 09:00,323.7123,0.0057,159.4218335,FALSE
25-07-2016 09:00,524.3322,0.0278,1259.403998,FALSE
26-07-2016 09:00,390.46622,0.0185,624.121206,FALSE
27-07-2016 09:00,302.24948,0.0048,125.3489043,FALSE
28-07-2016 09:00,426.317,0.0139,511.9896643,FALSE
29-07-2016 09:00,306.63525,0.0113,299.3741273,FALSE
30-07-2016 09:00,275.53946,0.0066,157.1236217,FALSE
01-08-2016 09:00,248.1116,0.0056,120.0463165,FALSE
02-08-2016 09:00,255.65804,0.0051,112.6531587,FALSE
03-08-2016 09:00,223.36397,0.0056,108.0724232,FALSE
04-08-2016 09:00,213.77347,0.0079,145.9132197,FALSE
05-08-2016 09:00,222.59018,0.0053,101.9284952,FALSE
06-08-2016 09:00,230.24281,0.006,119.3578727,FALSE
08-08-2016 09:00,211.39835,0.0082,149.771503,FALSE
09-08-2016 09:00,242.50438,0.0064,134.095222,FALSE
10-08-2016 09:00,237.15164,0.0068,139.3313315,FALSE
11-08-2016 09:00,212.73283,0.0055,101.0906408,FALSE
12-08-2016 09:00,190.32117,0.0076,124.9724931,FALSE
13-08-2016 09:00,247.57628,0.0102,218.184024,FALSE
16-08-2016 09:00,234.72173,0.0085,172.3796385,FALSE
17-08-2016 09:00,255.38335,0.0116,255.9554087,FALSE
18-08-2016 09:00,304.3214,0.0168,441.7285985,FALSE
19-08-2016 09:00,410.81332,0.0274,972.5430212,FALSE
20-08-2016 09:00,290.31485,0.0108,270.8985928,FALSE
22-08-2016 09:00,213.9391,0.0072,133.0872353,FALSE
23-08-2016 09:00,249.94817,0.0045,97.1798485,FALSE
24-08-2016 09:00,284.07886,0.0187,458.9805325,FALSE
25-08-2016 09:00,247.6398,0.0048,102.7011779,FALSE
26-08-2016 09:00,233.02632,0.0118,237.5749938,FALSE
27-08-2016 09:00,283.9767,0.0117,287.0663665,FALSE
29-08-2016 09:00,319.48212,0.0222,612.7922647,FALSE
30-08-2016 09:00,321.9614,0.007,194.7222547,FALSE
31-08-2016 09:00,326.33105,0.0114,321.423031,FALSE
01-09-2016 09:00,332.98355,0.0056,161.1107608,FALSE
02-09-2016 09:00,247.1326,0.0067,143.0601195,FALSE
03-09-2016 09:00,223.6805,0.0046,88.89957792,FALSE
05-09-2016 09:00,207.82068,0.0035,62.84497363,FALSE
06-09-2016 09:00,215.54317,0.0021,39.10815276,FALSE
07-09-2016 09:00,197.86383,0.0045,76.9294571,FALSE
08-09-2016 09:00,184.60661,0.0028,44.66003109,FALSE
09-09-2016 09:00,179.04863,0.0035,54.14430571,FALSE
10-09-2016 09:00,153.87213,0.0045,59.82548414,FALSE
17-09-2016 09:00,146.83054,0.0052,65.96802501,FALSE
19-09-2016 09:00,185.81589,0.0067,107.5651024,FALSE
20-09-2016 09:00,167.3964,0.0054,78.10046438,FALSE
21-09-2016 09:00,155.6517,0.0025,33.6207672,FALSE
22-09-2016 09:00,162.05844,0.0047,65.80869132,FALSE
23-09-2016 09:00,152.77676,0.0053,69.95953394,FALSE
24-09-2016 09:00,120.40562,0.0087,90.50649644,FALSE
26-09-2016 09:00,69.86302,0.0022,13.27956284,FALSE
27-09-2016 09:00,99.2196,0.0063,54.00721267,FALSE
28-09-2016 09:00,143.92415,0.0032,39.79214899,FALSE
29-09-2016 09:00,165.28517,0.0054,77.11544892,FALSE
30-09-2016 09:00,242.65862,0.0134,280.9404439,FALSE
01-10-2016 09:00,176.15308,0.0111,168.9378498,FALSE
03-10-2016 09:00,118.743744,0.0023,23.59675681,FALSE
04-10-2016 09:00,121.244675,0.0045,47.13992964,FALSE
05-10-2016 09:00,138.30421,0.0025,29.87370936,FALSE
06-10-2016 09:00,121.40088,0.0016,16.78245765,FALSE
07-10-2016 09:00,113.46103,0.0024,23.52727918,FALSE
08-10-2016 09:00,122.235306,0.0052,54.91787828,FALSE
13-10-2016 09:00,95.814964,0.0074,61.26025538,FALSE
14-10-2016 09:00,264.0523,0.0203,463.12661,FALSE
15-10-2016 09:00,197.94945,0.018,307.8509846,FALSE
17-10-2016 09:00,121.18832,0.0083,86.90656804,FALSE
18-10-2016 09:00,165.85635,0.0057,81.68093525,FALSE
19-10-2016 09:00,160.27663,0.0036,49.852443,FALSE
20-10-2016 09:00,151.45207,0.0101,132.1631344,FALSE
21-10-2016 09:00,172.03297,0.0027,40.13185124,FALSE
22-10-2016 09:00,171.80014,0.0059,87.57683937,FALSE
24-10-2016 09:00,58.650433,0.0059,29.89764473,FALSE
25-10-2016 09:00,63.925526,0.003,16.56949634,FALSE
26-10-2016 09:00,72.379265,0.0049,30.64248563,FALSE
27-10-2016 09:00,44.445484,0.0068,26.11261076,FALSE
28-10-2016 09:00,46.562683,0.0078,31.37952333,FALSE
31-10-2016 09:00,61.79659,0.0057,30.43358464,FALSE
01-11-2016 09:00,55.2116,0.0072,34.34603213,FALSE
02-11-2016 09:00,127.64394,0.008,88.22749133,FALSE
03-11-2016 09:00,61.768265,0.0043,22.94814581,FALSE
04-11-2016 09:00,45.222744,0.0017,6.642316639,FALSE
05-11-2016 09:00,47.00001,0.0029,11.77632251,FALSE
07-11-2016 09:00,44.488148,0.0026,9.993817567,FALSE
08-11-2016 09:00,26.641182,0.0028,6.445034749,FALSE
09-11-2016 09:00,27.428122,0.0043,10.19009589,FALSE
10-11-2016 09:00,24.344357,0.0065,13.67179089,FALSE
11-11-2016 09:00,22.283855,0.0047,9.049027838,FALSE
12-11-2016 09:00,21.608368,0.0082,15.30909656,FALSE
15-11-2016 09:00,50.596855,0.0043,18.79774357,FALSE
16-11-2016 09:00,51.810387,0.0059,26.41086288,FALSE
17-11-2016 08:30,32.910645,0.0025,7.10869932,FALSE
18-11-2016 09:00,26.42553,0.0039,8.904346589,FALSE
19-11-2016 09:00,28.61101,0.002,4.943982528,FALSE
21-11-2016 09:00,28.726341,0.0043,10.67241021,FALSE
22-11-2016 09:00,21.10829,0.0034,6.20077127,FALSE
23-11-2016 09:00,24.481478,0.0038,8.037758857,FALSE
24-11-2016 08:45,21.994057,0.003,5.700859574,FALSE
25-11-2016 09:00,19.692175,0.0068,11.56954666,FALSE
26-11-2016 09:00,19.625574,0.0039,6.613033415,FALSE
28-11-2016 09:00,18.95237,0.0024,3.929963443,FALSE
29-11-2016 09:00,17.858965,0.0047,7.252168507,FALSE
30-11-2016 09:00,17.42709,0.0035,5.269952016,FALSE
01-12-2016 09:00,16.841898,0.0043,6.257101945,FALSE
02-12-2016 09:00,19.861898,0.0046,7.893912741,FALSE
03-12-2016 09:00,19.633448,0.0049,8.312016545,FALSE
05-12-2016 09:00,21.465986,0.0063,11.6843655,FALSE
06-12-2016 09:00,21.03242,0.0088,15.99136957,FALSE
08-12-2016 09:00,19.323053,0.0084,14.02389895,FALSE
09-12-2016 09:00,19.406488,0.0018,3.018097014,FALSE
10-12-2016 09:00,19.467918,0.0025,4.205070288,FALSE
20-12-2016 09:00,13.490123,0.0009,1.048991964,FALSE
21-12-2016 09:00,11.030593,0.0025,2.382608088,FALSE
22-12-2016 09:00,14.722548,0.0025,3.180070368,FALSE
23-12-2016 09:00,16.179136,0.0089,12.44110842,FALSE
24-12-2016 09:00,18.298645,0.0091,14.38712664,FALSE
26-12-2016 09:00,19.066784,0.0022,3.624214303,FALSE
27-12-2016 09:00,18.41535,0.0052,8.273648448,FALSE
28-12-2016 09:00,19.88405,0.0023,3.951358416,FALSE
02-01-2017 09:00,21.474342,0.0038,7.050455965,FALSE
03-01-2017 09:00,14.481739,0.002,2.502444499,FALSE
04-01-2017 09:00,14.995037,0.0009,1.166014077,FALSE
05-01-2017 09:00,14.978467,0.001,1.294139549,FALSE
06-01-2017 09:00,11.436855,0.0006,0.592886563,FALSE
07-01-2017 09:00,9.000413,0.0006,0.46658141,FALSE
09-01-2017 09:00,13.032567,0.0006,0.675608273,FALSE
10-01-2017 08:45,13.084988,0.0006,0.678325778,FALSE
11-01-2017 08:45,10.461161,0.0018,1.626919759,FALSE
12-01-2017 08:45,10.112563,0.0012,1.048470532,FALSE
13-01-2017 08:45,8.624852,0.0019,1.415855704,FALSE
14-01-2017 08:45,8.437522,0.0029,2.114105512,FALSE
16-01-2017 08:45,8.905376,0.0049,3.770179983,FALSE
17-01-2017 08:45,3.888588,0.0044,1.478285614,FALSE
18-01-2017 08:45,3.8200576,0.0049,1.617259586,FALSE
28-01-2017 09:00,15.484493,0.0053,7.090659035,FALSE
30-01-2017 09:00,13.949262,0.0035,4.218256829,FALSE
31-01-2017 09:00,13.907037,0.0058,6.969094381,FALSE
01-02-2017 09:00,13.672486,0.0028,3.307647813,FALSE
02-02-2017 09:00,13.414293,0.0034,3.940582712,FALSE
03-02-2017 09:00,15.566638,0.0061,8.204240892,FALSE
04-02-2017 09:00,13.462428,0.0027,3.140515204,FALSE
06-03-2017 09:00,21.24057,0.0046,8.441852141,FALSE
07-03-2017 09:00,25.6149,0.0024,5.311505664,FALSE
08-03-2017 09:00,20.649889,0.0026,4.638791065,FALSE
09-03-2017 09:00,10.440832,0.0031,2.796472443,FALSE
10-03-2017 09:00,9.926764,0.0041,3.516456879,FALSE
11-03-2017 09:00,9.723783,0.0052,4.368701226,FALSE
13-03-2017 09:00,22.375847,0.0035,6.766456133,FALSE
14-03-2017 09:00,13.654998,0.0058,6.842792598,FALSE
21-03-2017 09:00,57.053505,0.0019,9.365903381,FALSE
22-03-2017 09:00,65.383995,0.0022,12.42818977,FALSE
23-03-2017 09:00,62.997734,0.0016,8.708806748,FALSE
24-03-2017 09:00,29.286764,0.0019,4.807715178,FALSE
25-03-2017 09:00,28.339197,0.0037,9.059474497,FALSE
27-03-2017 09:00,33.572556,0.0022,6.381471444,FALSE
28-03-2017 09:00,59.410633,0.0028,14.37262034,FALSE
29-03-2017 09:00,106.60235,0.0042,38.68386077,FALSE
30-03-2017 09:00,117.09571,0.0028,28.32779416,FALSE
31-03-2017 09:00,123.417534,0.0041,43.71942724,FALSE
01-04-2017 09:00,71.01828,0.0042,25.77111345,FALSE
03-04-2017 09:00,74.015915,0.0026,16.62693515,FALSE
04-04-2017 09:00,81.56641,0.0031,21.84674725,FALSE
05-04-2017 09:00,83.134605,0.0026,18.67535767,FALSE
06-04-2017 09:00,123.26449,0.0033,35.14517139,FALSE
07-04-2017 09:30,67.59063,0.0014,8.175762605,FALSE
08-04-2017 09:00,57.44207,0.0024,11.91118764,FALSE
10-04-2017 09:00,31.67543,0.0172,47.07222301,FALSE
11-04-2017 09:00,12.30173,0.0039,4.145190941,FALSE
12-04-2017 09:00,11.803408,0.0071,7.240682604,FALSE
13-04-2017 09:00,18.030334,0.0047,7.321758031,FALSE
15-04-2017 09:00,82.16151,0.0027,19.16663705,FALSE
17-04-2017 09:00,20.238033,0.0014,2.447992472,FALSE
18-04-2017 09:00,8.992382,0.0051,3.962403204,FALSE
20-04-2017 09:00,53.88006,0.0013,6.051808339,FALSE
22-04-2017 09:00,60.044304,0.0021,10.89443852,FALSE
24-04-2017 09:00,58.600136,0.0013,6.581967276,FALSE
25-04-2017 09:00,49.357857,0.0011,4.690970729,FALSE
26-04-2017 09:00,61.98878,0.0014,7.498162829,FALSE
27-04-2017 09:00,19.018396,0.0013,2.136146239,FALSE
28-04-2017 09:00,15.384348,0.003,3.987623002,FALSE
29-04-2017 09:00,13.705642,0.0037,4.381419635,FALSE
01-05-2017 09:00,50.790173,0.0035,15.35894832,FALSE
02-05-2017 09:00,33.893734,0.0035,10.24946516,FALSE
03-05-2017 09:00,30.129988,0.0022,5.727108119,FALSE
04-05-2017 09:00,18.664734,0.0019,3.064002733,FALSE
08-05-2017 09:00,10.047031,0.0036,3.125028522,FALSE
12-05-2017 09:00,18.206514,0.0064,10.06747398,FALSE
13-05-2017 09:00,131.40019,0.0012,13.6235717,FALSE
15-05-2017 09:00,100.20018,0.0052,45.01793687,FALSE
16-05-2017 09:00,58.128742,0.0096,48.21430376,FALSE
17-05-2017 09:00,88.78754,0.0013,9.972616493,FALSE
18-05-2017 09:00,86.25443,0.0056,41.73334341,FALSE
19-05-2017 09:00,55.07859,0.0024,11.42109642,FALSE
20-05-2017 09:30,47.139114,0.0071,28.91701809,FALSE
22-05-2017 09:00,17.662596,0.0009,1.373443465,FALSE
23-05-2017 09:00,17.03157,0.005,7.35763824,FALSE
25-05-2017 09:00,104.22587,0.0048,43.22455281,FALSE
26-05-2017 09:00,100.37289,0.0018,15.60999185,FALSE
27-05-2017 09:00,48.884644,0.0095,40.1245158,FALSE
30-05-2017 09:00,43.821983,0.0114,43.16290038,FALSE
31-05-2017 09:00,96.08716,0.0107,88.83065768,FALSE
21-07-2017 09:00,437.914,0.021,794.5511616,FALSE
24-07-2017 09:00,206.013,0.002,35.5990464,FALSE
25-07-2017 09:00,202.825,0.004,70.09632,FALSE
26-07-2017 09:00,187.917,0.006,97.4161728,FALSE
01-08-2017 09:00,376.156,0.043,1397.494771,FALSE
02-08-2017 09:00,390.138,0.054,1820.227853,FALSE
03-08-2017 09:00,295.248,0.016,408.1508352,FALSE
04-08-2017 09:00,281.81,0.014,340.877376,FALSE
05-08-2017 09:00,430.161,0.019,706.1522976,FALSE
09-08-2017 09:00,522.134,0.007,315.7866432,FALSE
10-08-2017 09:00,416.725,0.01,360.0504,FALSE
11-08-2017 09:00,369.392,0.031,989.3795328,FALSE
12-08-2017 09:00,322.727,0.007,195.1852896,FALSE
14-08-2017 09:00,240.424,0.003,62.3179008,FALSE
16-08-2017 09:00,245.11,0.001,21.177504,FALSE
17-08-2017 09:00,211.509,0.002,36.5487552,FALSE
18-08-2017 09:00,240.025,0.012,248.85792,FALSE
19-08-2017 09:00,576.578,0.02,996.326784,FALSE
21-08-2017 09:00,599.249,0.044,2278.104998,FALSE
22-08-2017 09:00,845.582,0.059,4310.438803,FALSE
23-08-2017 09:00,493.54,0.02,852.83712,FALSE
24-08-2017 09:00,430.458,0.013,483.4904256,FALSE
25-08-2017 09:00,310.837,0.004,107.4252672,FALSE
26-08-2017 09:00,272.268,0.006,141.1437312,FALSE
28-08-2017 09:00,422.025,0.021,765.72216,FALSE
29-08-2017 09:00,583.429,0.058,2923.679405,FALSE
30-08-2017 09:00,879.634,0.066,5016.024922,FALSE
31-08-2017 09:00,486.455,0.015,630.44568,FALSE
02-09-2017 09:00,537.144,0.034,1577.914214,FALSE
05-09-2017 09:00,336.217,0.014,406.6880832,FALSE
06-09-2017 09:00,360.234,0.023,715.8570048,FALSE
07-09-2017 09:00,294.756,0.018,458.4045312,FALSE
08-09-2017 09:00,389.267,0.084,2825.144179,FALSE
09-09-2017 09:00,461.675,0.074,2951.76528,FALSE
11-09-2017 09:00,308.376,0.013,346.3679232,FALSE
12-09-2017 09:00,260.926,0.013,293.0720832,FALSE
13-09-2017 09:00,231.966,0.003,60.1255872,FALSE
14-09-2017 09:00,321.708,0.037,1028.436134,FALSE
15-09-2017 09:00,280.023,0.016,387.1037952,FALSE
16-09-2017 09:00,227.904,0.015,295.363584,FALSE
18-09-2017 09:00,1433.336,0.157,19442.91617,FALSE
19-09-2017 09:00,781.071,0.037,2496.927773,FALSE
20-09-2017 09:00,498.677,0.013,560.1140064,FALSE
21-09-2017 09:00,396.98,0.02,685.98144,FALSE
22-09-2017 09:00,411.332,0.01,355.390848,FALSE
25-09-2017 09:00,273.017,0.007,165.1206816,FALSE
26-09-2017 09:00,321.258,0.011,305.3236032,FALSE
27-09-2017 09:00,274.364,0.011,260.7555456,FALSE
28-09-2017 09:00,275.85,0.016,381.33504,FALSE
04-10-2017 09:30,241.222,0.008,166.7326464,FALSE
05-10-2017 09:00,168.548,0.003,43.6876416,FALSE
06-10-2017 09:00,262.405,0.009,204.046128,FALSE
07-10-2017 09:00,231.207,0.005,99.881424,FALSE
10-10-2017 09:00,203.974,0,0,TRUE
11-10-2017 09:00,164.184,0.003,42.5564928,FALSE
12-10-2017 09:00,436.97,0.148,5587.622784,FALSE
19-10-2017 09:00,235.708,0.004,81.4606848,FALSE
20-10-2017 09:00,209.621,0.006,108.6675264,FALSE
21-10-2017 09:00,239.28,0.003,62.021376,FALSE
23-10-2017 09:00,174.168,0.004,60.1924608,FALSE
24-10-2017 09:00,183.019,0.007,110.6898912,FALSE
27-10-2017 09:00,299.346,0.034,879.3588096,FALSE
28-10-2017 09:00,233.076,0.039,785.3728896,FALSE
31-10-2017 09:00,162.038,0.006,84.0004992,FALSE
01-11-2017 09:00,238.266,0.02,411.723648,FALSE
02-11-2017 09:00,175.778,0.011,167.0594112,FALSE
03-11-2017 09:00,276.414,0.037,883.6402752,FALSE
08-11-2017 09:00,207.896,0.009,161.6599296,FALSE
09-11-2017 09:00,227.247,0.01,196.341408,FALSE
10-11-2017 09:00,218.989,0.01,189.206496,FALSE
22-11-2017 09:00,151.815,0.003,39.350448,FALSE
23-11-2017 09:00,160.653,0.01,138.804192,FALSE
24-11-2017 09:00,152.03,0.007,91.947744,FALSE
25-11-2017 09:00,132.878,0.002,22.9613184,FALSE
28-11-2017 09:00,111.048,0.002,19.1890944,FALSE
29-11-2017 09:00,127.807,0.003,33.1275744,FALSE
30-11-2017 09:00,124.938,0.004,43.1785728,FALSE
01-12-2017 09:00,82.741,0.002,14.2976448,FALSE
04-12-2017 09:00,123.535,0.002,21.346848,FALSE
14-12-2017 09:00,151.44,0.006,78.506496,FALSE
15-12-2017 09:00,126,0.003,32.6592,FALSE
16-12-2017 09:00,102.016,0.005,44.070912,FALSE
18-12-2017 09:00,125.677,0.006,65.1509568,FALSE
19-12-2017 09:00,115.166,0.003,29.8510272,FALSE
20-12-2017 09:00,134.771,0.004,46.5768576,FALSE
21-12-2017 09:00,126.643,0.004,43.7678208,FALSE
22-12-2017 09:00,124.814,0.003,32.3517888,FALSE
23-12-2017 09:00,133.704,0.006,69.3121536,FALSE
27-12-2017 09:00,103.366,0.008,71.4465792,FALSE
28-12-2017 09:00,85.23,0.006,44.183232,FALSE
29-12-2017 09:00,71.844,0.01,62.073216,FALSE
05-01-2018 09:00,12.16,0,0,TRUE
06-01-2018 09:00,15.667,0.01,13.536288,FALSE
08-01-2018 09:00,20.981,0.01,18.127584,FALSE
09-01-2018 09:00,18.516,0.008,12.7982592,FALSE
10-01-2018 09:00,16.159,0.007,9.7729632,FALSE
11-01-2018 09:00,12.883,0.007,7.7916384,FALSE
12-01-2018 09:00,12.836,0.006,6.6541824,FALSE
13-01-2018 09:00,10.611,0.006,5.5007424,FALSE
15-01-2018 09:00,11.409,0.01,9.857376,FALSE
16-01-2018 09:00,11.494,0.007,6.9515712,FALSE
17-01-2018 09:00,13.534,0.002,2.3386752,FALSE
18-01-2018 09:00,11.483,0.003,2.9763936,FALSE
19-01-2018 09:00,12.723,0.002,2.1985344,FALSE
20-01-2018 09:00,9.186,0.002,1.5873408,FALSE
24-01-2018 09:00,15.059,0.014,18.2153664,FALSE
25-01-2018 09:00,14.494,0.017,21.2887872,FALSE
27-01-2018 09:00,22.163,0.007,13.4041824,FALSE
29-01-2018 09:00,26.581,0.005,11.482992,FALSE
30-01-2018 09:00,20.236,0.005,8.741952,FALSE
31-01-2018 09:00,20.45,0.007,12.36816,FALSE
01-03-2018 08:30,42.429,0.001,3.6658656,FALSE
06-03-2018 08:30,38.432,0,0,TRUE
07-03-2018 08:30,35.49,0,0,TRUE
09-03-2018 08:30,65.256,0.001,5.6381184,FALSE
10-03-2018 08:30,41.06,0.001,3.547584,FALSE
13-03-2018 08:30,67.331,0.007,40.7217888,FALSE
15-03-2018 08:30,66.589,0.004,23.0131584,FALSE
17-03-2018 08:30,74.534,0.005,32.198688,FALSE
21-03-2018 09:00,65.648,0.002,11.3439744,FALSE
22-03-2018 09:00,77.045,0.002,13.313376,FALSE
23-03-2018 09:00,71.302,0.002,12.3209856,FALSE
24-03-2018 09:00,68.023,0.003,17.6315616,FALSE
27-03-2018 09:00,60.91,0.005,26.31312,FALSE
02-04-2018 09:00,76.951,0,0,TRUE
03-04-2018 09:00,45.873,0.004,15.8537088,FALSE
05-04-2018 09:00,44.308,0.004,15.3128448,FALSE
06-04-2018 08:30,35.621,0.004,12.3106176,FALSE
07-04-2018 08:30,48.734,0.006,25.2637056,FALSE
09-04-2018 08:30,70.916,0.003,18.3814272,FALSE
11-04-2018 09:00,70.114,0.003,18.1735488,FALSE
12-04-2018 09:00,35.842,0.006,18.5804928,FALSE
17-04-2018 09:00,84.453,0.004,29.1869568,FALSE
19-04-2018 09:00,58.91,0.002,10.179648,FALSE
20-04-2018 09:00,55.589,0.004,19.2115584,FALSE
21-04-2018 09:00,59.613,0.004,20.6022528,FALSE
23-04-2018 09:00,63.082,0.004,21.8011392,FALSE
24-04-2018 09:00,53.98,0.004,18.655488,FALSE
25-04-2018 09:00,59.339,0.012,61.5226752,FALSE
26-04-2018 09:00,46.676,0.012,48.3936768,FALSE
01-05-2018 09:00,73.632,0.005,31.809024,FALSE
02-05-2018 09:00,48.971,0.006,25.3865664,FALSE
03-05-2018 09:00,38.682,0.003,10.0263744,FALSE
04-05-2018 09:00,43.568,0.006,22.5856512,FALSE
08-05-2018 09:00,54.4,0.013,61.10208,FALSE
10-05-2018 09:00,178.032,0.012,184.5835776,FALSE
14-05-2018 09:00,89.397,0.006,46.3434048,FALSE
15-05-2018 09:00,77.887,0.013,87.4826784,FALSE
16-05-2018 09:00,160.074,0.01,138.303936,FALSE
17-05-2018 09:00,134.251,0.007,81.1950048,FALSE
18-05-2018 09:00,157.667,0.013,177.0915744,FALSE
21-05-2018 09:00,72.991,0.007,44.1449568,FALSE
22-05-2018 09:00,78.442,0.005,33.886944,FALSE
25-05-2018 09:00,147.94,0.011,140.602176,FALSE
28-05-2018 09:00,150.8,0.009,117.26208,FALSE
31-05-2018 09:00,347.186,0.03,899.906112,FALSE
01-06-2018 09:00,356.923,0.006,185.0288832,FALSE
02-06-2018 09:00,255.151,0.004,88.1801856,FALSE
04-06-2018 09:00,148.358,0.008,102.5450496,FALSE
05-06-2018 09:00,156.192,0.003,40.4849664,FALSE
06-06-2018 09:00,218.502,0.007,132.1500096,FALSE
07-06-2018 09:00,247.424,0.004,85.5097344,FALSE
08-06-2018 09:00,342.908,0.013,385.1542656,FALSE
12-06-2018 09:00,1526.089,0.066,8702.369914,FALSE
13-06-2018 09:00,1301.921,0.023,2587.177411,FALSE
18-06-2018 09:00,316.98,0.012,328.644864,FALSE
19-06-2018 09:00,308.914,0.004,106.7606784,FALSE
20-06-2018 09:00,374.542,0.009,291.2438592,FALSE
21-06-2018 09:00,505.801,0.013,568.1156832,FALSE
22-06-2018 09:00,497.468,0.005,214.906176,FALSE
25-06-2018 09:00,315.32,0.005,136.21824,FALSE
26-06-2018 09:00,392.445,0.01,339.07248,FALSE
27-06-2018 09:00,340.447,0.022,647.1216576,FALSE
28-06-2018 09:00,435.779,0.016,602.4208896,FALSE
29-06-2018 09:00,373.505,0.015,484.06248,FALSE
30-06-2018 09:00,386.001,0.017,566.9582688,FALSE
02-07-2018 09:00,376.875,0.01,325.62,FALSE
03-07-2018 09:00,434.127,0.042,1575.360058,FALSE
04-07-2018 09:00,301.734,0.008,208.5585408,FALSE
05-07-2018 09:00,262.605,0.016,363.025152,FALSE
06-07-2018 09:00,250.344,0.012,259.5566592,FALSE
07-07-2018 09:00,222.5,0.007,134.568,FALSE
09-07-2018 09:00,635.904,0.022,1208.726323,FALSE
10-07-2018 09:00,877.179,0.027,2046.283171,FALSE
11-07-2018 09:00,1517.811,0.079,10359.97076,FALSE
12-07-2018 09:00,1128.315,0.034,3314.538144,FALSE
13-07-2018 09:00,1085.605,0.059,5533.980048,FALSE
16-07-2018 16:30,2907.978,0.066,16582.45375,FALSE
17-07-2018 09:00,1797.959,0.063,9786.650429,FALSE
18-07-2018 09:00,1916.824,0.075,12421.01952,FALSE
19-07-2018 09:00,1263.169,0.078,8512.748525,FALSE
20-07-2018 09:00,1399.671,0.056,6772.168166,FALSE
21-07-2018 09:00,1034.944,0.02,1788.383232,FALSE
23-07-2018 09:00,672.096,0.013,754.8982272,FALSE
24-07-2018 09:00,1384.933,0.054,6461.543405,FALSE
25-07-2018 09:00,2410.477,0.138,28740.59937,FALSE
26-07-2018 09:00,1429.411,0.041,5063.545526,FALSE
27-07-2018 09:00,950.905,0.049,4025.751408,FALSE
28-07-2018 09:00,705.744,0.053,3231.742925,FALSE
30-07-2018 09:00,827.317,0.029,2072.925475,FALSE
31-07-2018 09:00,860.868,0.023,1710.71689,FALSE
01-08-2018 09:00,705.436,0.021,1279.943078,FALSE
02-08-2018 09:00,577.445,0.023,1147.498704,FALSE
03-08-2018 09:00,468.652,0.011,445.4068608,FALSE
06-08-2018 09:00,329.006,0.008,227.4089472,FALSE
07-08-2018 09:00,340.04,0.065,1909.66464,FALSE
08-08-2018 09:00,800.654,0.041,2836.23673,FALSE
09-08-2018 09:15,4620.676,0.421,168074.3171,FALSE
10-08-2018 09:00,3309.942,0.111,31743.66776,FALSE
13-08-2018 09:15,2520.788,0.217,47261.75005,FALSE
14-08-2018 09:15,2279.095,0.188,37019.7959,FALSE
28-08-2018 09:00,649.185,0.062,3477.554208,FALSE
29-08-2018 09:15,666.643,0.048,2764.70185,FALSE
30-08-2018 09:15,597.297,0.023,1186.948598,FALSE
31-08-2018 09:15,593.096,0.017,871.1394048,FALSE
03-09-2018 09:15,408.542,0.304,10730.60076,FALSE
04-09-2018 09:15,376.892,0.203,6610.384166,FALSE
05-09-2018 09:15,362.739,0.196,6142.767322,FALSE
06-09-2018 09:15,368.603,0.154,4904.484077,FALSE
07-09-2018 09:15,315.859,0.122,3329.406547,FALSE
10-09-2018 09:30,134.247,0.032,371.1661056,FALSE
11-09-2018 09:22,162.15,0.025,350.244,FALSE
12-09-2018 09:15,194.698,0.025,420.54768,FALSE
13-09-2018 09:15,170.171,0.023,338.1638112,FALSE
14-09-2018 09:15,146.187,0.011,138.9361248,FALSE
21-09-2018 09:15,185.998,0.007,112.4915904,FALSE
24-09-2018 09:15,321.265,0.034,943.748064,FALSE
25-09-2018 09:15,309.425,0.048,1283.24736,FALSE
26-09-2018 09:15,168.998,0.04,584.057088,FALSE
27-09-2018 09:15,216.288,0.024,448.4947968,FALSE
28-09-2018 09:15,205.168,0.021,372.2568192,FALSE
01-10-2018 09:15,294.502,0.09,2290.047552,FALSE
03-10-2018 09:15,271.341,0.025,586.09656,FALSE
04-10-2018 09:15,300.139,0.038,985.4163648,FALSE
05-10-2018 09:15,279.136,0.026,627.0511104,FALSE
06-10-2018 09:15,284.672,0.033,811.6568064,FALSE
08-10-2018 09:15,284.071,0.028,687.2245632,FALSE
09-10-2018 09:15,409.79,0.124,4390.326144,FALSE
10-10-2018 09:15,358.776,0.088,2727.845683,FALSE
11-10-2018 09:15,381.604,0.075,2472.79392,FALSE
12-10-2018 09:15,321.364,0.038,1055.102285,FALSE
13-10-2018 09:15,282.395,0.03,731.96784,FALSE
15-10-2018 09:15,323.857,0.102,2854.08697,FALSE
16-10-2018 09:15,272.461,0.028,659.1376512,FALSE
17-10-2018 09:15,482.619,0.112,4670.207539,FALSE
20-10-2018 09:15,285.672,0.042,1036.646554,FALSE
22-10-2018 09:15,279.189,0.055,1326.706128,FALSE
23-10-2018 09:15,324.16,0.05,1400.3712,FALSE
24-10-2018 09:15,284.353,0.033,810.7472736,FALSE
25-10-2018 09:15,217.933,0.019,357.7588128,FALSE
26-10-2018 09:15,234.469,0.008,162.0649728,FALSE
27-10-2018 09:15,209.183,0.008,144.5872896,FALSE
29-10-2018 09:15,178.143,0.008,123.1324416,FALSE
30-10-2018 09:15,185.955,0.01,160.66512,FALSE
31-10-2018 09:15,147.287,0.01,127.255968,FALSE
01-11-2018 09:15,194.636,0.024,403.5972096,FALSE
02-11-2018 09:15,153.625,0.017,225.6444,FALSE
03-11-2018 09:15,141.491,0.017,207.8219808,FALSE
05-11-2018 09:15,125.419,0.006,65.0172096,FALSE
07-11-2018 09:15,160.363,0.013,180.1197216,FALSE
08-11-2018 09:15,132.596,0.007,80.1940608,FALSE
09-11-2018 09:15,157.557,0.011,149.7421728,FALSE
10-11-2018 09:15,129.778,0.011,123.3410112,FALSE
12-11-2018 09:15,116.733,0.006,60.5143872,FALSE
13-11-2018 09:15,151.978,0.007,91.9162944,FALSE
14-11-2018 09:15,121.062,0.005,52.298784,FALSE
15-11-2018 09:15,19.903,0.005,8.598096,FALSE
16-11-2018 09:15,100.59,0.005,43.45488,FALSE
17-11-2018 09:15,313.715,0.011,298.154736,FALSE
19-11-2018 09:15,126.045,0.113,1230.602544,FALSE
21-11-2018 09:15,181.601,0.025,392.25816,FALSE
22-11-2018 09:15,139.891,0.04,483.463296,FALSE
24-11-2018 09:15,229.51,0.031,614.719584,FALSE
26-11-2018 09:15,45.014,0.008,31.1136768,FALSE
27-11-2018 09:15,235.321,0.011,223.6490784,FALSE
28-11-2018 09:15,146.428,0.01,126.513792,FALSE
29-11-2018 09:15,151.164,0.007,91.4239872,FALSE
30-11-2018 09:15,156.421,0.008,108.1181952,FALSE
01-12-2018 09:15,152.899,0.004,52.8418944,FALSE
03-12-2018 09:15,32.867,0.007,19.8779616,FALSE
04-12-2018 09:15,46.185,0.008,31.923072,FALSE
05-12-2018 09:15,45.744,0.007,27.6659712,FALSE
06-12-2018 09:15,62.198,0.004,21.4956288,FALSE
07-12-2018 09:15,89.036,0.005,38.463552,FALSE
08-12-2018 09:15,82.929,0.019,136.1362464,FALSE
11-12-2018 09:15,48.028,0.008,33.1969536,FALSE
12-12-2018 09:15,44.04,0.015,57.07584,FALSE
13-12-2018 09:15,95.734,0.017,140.6140992,FALSE
14-12-2018 09:15,86.187,0.017,126.5914656,FALSE
15-12-2018 09:15,17.076,0.016,23.6058624,FALSE
17-12-2018 09:15,7.666,0.01,6.623424,FALSE
18-12-2018 09:15,7.451,0.017,10.9440288,FALSE
19-12-2018 09:15,38.845,0.006,20.137248,FALSE
20-12-2018 09:15,75.03,0.012,77.791104,FALSE
21-12-2018 09:15,89.413,0.006,46.3516992,FALSE
22-12-2018 09:15,59.539,0.003,15.4325088,FALSE
29-12-2018 09:15,19.951,0.003,5.1712992,FALSE
31-12-2018 09:15,48.602,0.003,12.5976384,FALSE
08-01-2019 09:15,10.382,0.009,8.0730432,FALSE
09-01-2019 09:15,14.895,0.012,15.443136,FALSE
10-01-2019 09:15,12.118,0.008,8.3759616,FALSE
11-01-2019 09:15,15.565,0.007,9.413712,FALSE
12-01-2019 09:15,16.838,0.019,27.6412608,FALSE
14-01-2019 09:00,12.267,0.011,11.6585568,FALSE
15-01-2019 09:15,17.032,0.01,14.715648,FALSE
16-01-2019 09:15,17.7,0.01,15.2928,FALSE
17-01-2019 09:15,8.736,0.003,2.2643712,FALSE
18-01-2019 09:15,10.342,0.016,14.2967808,FALSE
19-01-2019 09:00,10.925,0.012,11.32704,FALSE
21-01-2019 09:00,16.884,0.011,16.0465536,FALSE
22-01-2019 09:15,17.179,0.009,13.3583904,FALSE
23-01-2019 09:00,11.077,0.017,16.2698976,FALSE
24-01-2019 09:15,11.93,0.015,15.46128,FALSE
25-01-2019 09:15,13.157,0.011,12.5044128,FALSE
28-01-2019 09:15,11.468,0.013,12.8808576,FALSE
29-01-2019 09:15,18.613,0.014,22.5142848,FALSE
30-01-2019 09:15,12.449,0.008,8.6047488,FALSE
31-01-2019 09:15,16.556,0.013,18.5956992,FALSE
01-02-2019 09:15,26.088,0.008,18.0320256,FALSE
02-02-2019 09:15,12.336,0.01,10.658304,FALSE
04-02-2019 09:15,10.42,0.008,7.202304,FALSE
05-02-2019 09:15,32.423,0.006,16.8080832,FALSE
06-02-2019 09:15,49.809,0.005,21.517488,FALSE
07-02-2019 09:15,50.596,0.003,13.1144832,FALSE
08-02-2019 09:15,55.187,0.005,23.840784,FALSE
09-02-2019 09:15,45.986,0.017,67.5442368,FALSE
11-02-2019 09:15,19.444,0.004,6.7198464,FALSE
12-02-2019 09:15,23.004,0.003,5.9626368,FALSE
13-02-2019 09:15,29.004,0.007,17.5416192,FALSE
14-02-2019 09:30,19.079,0.003,4.9452768,FALSE
15-02-2019 09:15,23.703,0.001,2.0479392,FALSE
16-02-2019 09:15,25.575,0.011,24.30648,FALSE
18-02-2019 09:15,30.156,0.006,15.6328704,FALSE
19-02-2019 09:15,31.042,0.007,18.7742016,FALSE
20-02-2019 09:15,33.15,0.006,17.18496,FALSE
21-02-2019 09:15,31.22,0.007,18.881856,FALSE
22-02-2019 09:15,20.991,0.009,16.3226016,FALSE
23-02-2019 09:15,25.332,0.01,21.886848,FALSE
25-02-2019 09:15,21.994,0.005,9.501408,FALSE
26-02-2019 09:15,26.044,0.03,67.506048,FALSE
27-02-2019 09:15,33.234,0.036,103.3710336,FALSE
28-02-2019 09:15,28.841,0.01,24.918624,FALSE
01-03-2019 09:15,32.571,0.013,36.5837472,FALSE
04-03-2019 09:15,49.073,0.007,29.6793504,FALSE
05-03-2019 09:15,25.84,0.008,17.860608,FALSE
06-03-2019 09:15,44.703,0.007,27.0363744,FALSE
07-03-2019 09:00,34.024,0.008,23.5173888,FALSE
08-03-2019 09:15,34.048,0.012,35.3009664,FALSE
09-03-2019 09:15,60.677,0.008,41.9399424,FALSE
11-03-2019 09:15,32.996,0.006,17.1051264,FALSE
12-03-2019 09:15,31.198,0.008,21.5640576,FALSE
13-03-2019 09:15,30.266,0.009,23.5348416,FALSE
14-03-2019 09:15,38.163,0.01,32.972832,FALSE
15-03-2019 09:15,35.319,0.009,27.4640544,FALSE
16-03-2019 09:15,33.143,0.013,37.2262176,FALSE
18-03-2019 09:15,26.132,0.006,13.5468288,FALSE
19-03-2019 09:15,27.206,0.005,11.752992,FALSE
20-03-2019 09:15,22.946,0.005,9.912672,FALSE
21-03-2019 09:15,50.593,0.008,34.9698816,FALSE
22-03-2019 09:15,46.565,0.008,32.185728,FALSE
23-03-2019 09:15,36.723,0.014,44.4201408,FALSE
25-03-2019 09:15,28.62,0.011,27.200448,FALSE
26-03-2019 09:15,28.36,0.007,17.152128,FALSE
27-03-2019 09:15,41.378,0.011,39.3256512,FALSE
28-03-2019 09:00,44.62,0.013,50.117184,FALSE
29-03-2019 09:15,35.566,0.009,27.6561216,FALSE
02-04-2019 09:15,38.074,0.007,23.0271552,FALSE
03-04-2019 09:15,35.843,0.003,9.2905056,FALSE
04-04-2019 09:15,34.539,0.011,32.8258656,FALSE
05-04-2019 09:15,31.271,0.004,10.8072576,FALSE
06-04-2019 09:15,33.405,0.003,8.658576,FALSE
08-04-2019 09:15,37.594,0.002,6.4962432,FALSE
11-04-2019 09:15,33.01,0.007,19.964448,FALSE
12-04-2019 09:15,31.379,0.01,27.111456,FALSE
13-04-2019 09:15,33.709,0.023,66.9865248,FALSE
16-04-2019 09:15,34.752,0.014,42.0360192,FALSE
22-04-2019 09:15,44.841,0.012,46.4911488,FALSE
24-04-2019 09:15,36.829,0.011,35.0022816,FALSE
25-04-2019 09:15,37.394,0.007,22.6158912,FALSE
26-04-2019 09:30,65.282,0.006,33.8421888,FALSE
27-04-2019 09:30,91.944,0.006,47.6637696,FALSE
29-04-2019 09:30,79.018,0.006,40.9629312,FALSE
30-04-2019 09:30,67.407,0.005,29.119824,FALSE
01-05-2019 09:30,74.932,0.002,12.9482496,FALSE
02-05-2019 09:30,85.667,0.003,22.2048864,FALSE
03-05-2019 09:15,53.038,0.007,32.0773824,FALSE
04-05-2019 09:15,55.904,0.003,14.4903168,FALSE
06-05-2019 09:15,39.869,0.006,20.6680896,FALSE
08-05-2019 09:30,69.182,0.011,65.7505728,FALSE
13-05-2019 09:30,69.171,0.012,71.7164928,FALSE
14-05-2019 09:15,40.682,0.008,28.1193984,FALSE
15-05-2019 09:30,35.196,0.024,72.9824256,FALSE
16-05-2019 09:30,42.228,0.015,54.727488,FALSE
17-05-2019 09:30,84.248,0.015,109.185408,FALSE
20-05-2019 09:30,44.679,0.016,61.7642496,FALSE
21-05-2019 09:30,69.365,0.014,83.903904,FALSE
22-05-2019 09:30,67.375,0.007,40.7484,FALSE
23-05-2019 09:30,65.478,0.009,50.9156928,FALSE
24-05-2019 09:30,53.953,0.013,60.6000096,FALSE
25-05-2019 09:30,85.249,0.007,51.5585952,FALSE
27-05-2019 09:30,75.495,0.012,78.273216,FALSE
28-05-2019 09:30,40.729,0.007,24.6328992,FALSE
29-05-2019 09:30,69.394,0.011,65.9520576,FALSE
30-05-2019 09:30,40.162,0.025,86.74992,FALSE
31-05-2019 09:30,64.267,0.007,38.8686816,FALSE
11-06-2019 09:00,44.966,0.014,54.3908736,FALSE
12-06-2019 09:30,31.401,0.012,32.5565568,FALSE
13-06-2019 09:00,168.462,0.019,276.5472192,FALSE
14-06-2019 09:00,230.553,0.007,139.4384544,FALSE
17-06-2019 09:00,129.074,0.016,178.4318976,FALSE
18-06-2019 09:00,104.807,0.006,54.3319488,FALSE
19-06-2019 09:00,93.585,0.004,32.342976,FALSE
20-06-2019 09:00,65.333,0.006,33.8686272,FALSE
22-06-2019 09:00,126.402,0.013,141.9747264,FALSE
24-06-2019 09:00,127.918,0.006,66.3126912,FALSE
25-06-2019 09:00,88.574,0.009,68.8751424,FALSE
27-06-2019 09:00,106.63,0.006,55.276992,FALSE
28-06-2019 09:00,115.542,0.002,19.9656576,FALSE
29-06-2019 09:00,68.364,0.006,35.4398976,FALSE
01-02-2023 09:04,83.2,0.001,7.18848,FALSE
01-06-2023 09:10,108,0.015,139.968,FALSE
02-06-2023 09:05,105,0.017,154.224,FALSE
03-06-2023 09:03,105,0.017,154.224,FALSE
05-06-2023 09:16,69.9,0.013,78.51168,FALSE
06-06-2023 08:26,80.4,0.013,90.30528,FALSE
07-06-2023 09:06,120,0.015,155.52,FALSE
08-06-2023 08:28,239,0.02,412.992,FALSE
09-06-2023 09:06,238,0.288,5922.2016,FALSE
10-06-2023 09:03,380,0.025,820.8,FALSE
12-06-2023 09:14,102,0.01,88.128,FALSE
13-06-2023 09:10,179,0.011,170.1216,FALSE
14-06-2023 08:24,193,0.005,83.376,FALSE
15-06-2023 08:29,214,0.042,776.5632,FALSE
16-06-2023 08:29,200,0.009,155.52,FALSE
17-06-2023 08:24,129,0.011,122.6016,FALSE
19-06-2023 09:00,250,0.021,453.6,FALSE
20-06-2023 09:00,195,0.018,303.264,FALSE
21-06-2023 08:25,166,0.016,229.4784,FALSE
22-06-2023 08:28,104,0.016,143.7696,FALSE
23-06-2023 09:05,104,0.01,89.856,FALSE
24-06-2023 08:29,41,0.013,46.0512,FALSE
26-06-2023 09:04,80,0.017,117.504,FALSE
27-06-2023 09:16,100,0.02,172.8,FALSE
28-06-2023 08:28,127,0.019,208.4832,FALSE
30-06-2023 08:29,109,0.012,113.0112,FALSE
01-07-2023 09:06,69.7,0.012,72.26496,FALSE
03-07-2023 09:08,274,0.021,497.1456,FALSE
04-07-2023 09:07,528,0.1198,5465.18016,FALSE
05-07-2023 09:09,1028,0.6482,57572.60544,FALSE
06-07-2023 09:08,969,0.0491,4110.73056,FALSE
07-07-2023 09:09,938,0.0375,3039.12,FALSE
08-07-2023 10:17,730,0.028,1766.016,FALSE
10-07-2023 09:12,456,0.0137,539.75808,FALSE
11-07-2023 09:12,376,0.0246,799.16544,FALSE
12-07-2023 09:29,232,0.047,942.1056,FALSE
13-07-2023 09:12,237,0.0102,208.86336,FALSE
14-07-2023 09:08,237,0.0194,397.24992,FALSE
15-07-2023 09:10,215,0.024,445.824,FALSE
17-07-2023 09:13,171,0.0142,209.79648,FALSE
18-07-2023 09:15,185,0.0147,234.9648,FALSE
19-07-2023 09:00,196,0.025,423.36,FALSE
20-07-2023 09:00,246,0.0231,490.97664,FALSE
21-07-2023 09:02,277,0.0232,555.24096,FALSE
22-07-2023 09:01,213,0.022,404.8704,FALSE
24-07-2023 09:10,535,0.0568,2625.5232,FALSE
25-07-2023 09:03,681,0.0694,4083.38496,FALSE
26-07-2023 09:02,637,0.0367,2019.85056,FALSE
27-07-2023 09:12,503,0.02634,1144.715328,FALSE
29-07-2023 09:02,246,0.0166,352.82304,FALSE
31-07-2023 09:01,198,0.021,359.2512,FALSE
01-08-2023 09:08,212,0.0039,71.43552,FALSE
02-08-2023 09:07,203,0.02,350.784,FALSE
03-08-2023 09:08,171,0.006,88.6464,FALSE
04-08-2023 09:04,138,0.012,143.0784,FALSE
05-08-2023 08:26,154,0.0201,267.44256,FALSE
07-08-2023 09:06,108,0.152,1418.3424,FALSE
08-08-2023 09:10,54.3,0.008,37.53216,FALSE
09-08-2023 09:05,60,0.006,31.104,FALSE
10-08-2023 09:06,60.9,0,0,TRUE
11-08-2023 09:07,434,0.0047,176.23872,FALSE
12-08-2023 09:04,301,0.019,494.1216,FALSE
14-08-2023 09:04,202,0.004,69.8112,FALSE
16-08-2023 09:07,152,0.003,39.3984,FALSE
17-08-2023 09:04,187,0.006,96.9408,FALSE
18-08-2023 09:00,158,0.005,68.256,FALSE
19-08-2023 09:00,189,0.003,48.9888,FALSE
21-08-2023 09:06,136,0.008,94.0032,FALSE
22-08-2023 08:27,27.3,0.011,25.94592,FALSE
23-08-2023 09:01,173,0.009,134.5248,FALSE
24-08-2023 09:26,95.8,0.014,115.87968,FALSE
25-08-2023 08:29,100,0.009,77.76,FALSE
26-08-2023 09:06,161,0.013,180.8352,FALSE
28-08-2023 08:15,35.6,0.014,43.06176,FALSE
01-09-2023 09:15,198,0.0093,159.09696,FALSE
02-09-2023 09:03,35.2,0.029,88.19712,FALSE
04-09-2023 09:12,67.4,0.032,186.34752,FALSE
07-09-2023 09:23,173,0.029,433.4688,FALSE
08-09-2023 09:11,354,0.0303,926.74368,FALSE
11-09-2023 09:15,480,0.0449,1862.0928,FALSE
12-09-2023 09:09,321,0.0012,33.28128,FALSE
13-09-2023 09:04,154,0.0009,11.97504,FALSE
15-09-2023 09:08,275,0.0028,66.528,FALSE
19-09-2023 10:00,268.107,0.006,138.9866688,FALSE
20-09-2023 09:28,265,0.0024,54.9504,FALSE
21-09-2023 09:17,233,0.0032,64.41984,FALSE
22-09-2023 09:20,239,0.0024,49.55904,FALSE
23-09-2023 09:07,343,0.0061,180.77472,FALSE
25-09-2023 09:12,276,0.0006,14.30784,FALSE
29-09-2023 09:11,343,0.0052,154.10304,FALSE
30-09-2023 09:07,269,0.0009,20.91744,FALSE
