Timestamp,Discharge_m3_s,Sediment_g_L,Sediment_tonne_day,Column1
09-06-1980 08:00,76,0,0,TRUE
15-06-1980 08:00,15,0,0,TRUE
16-06-1980 08:00,19,0,0,TRUE
22-06-1980 08:00,125,0,0,TRUE
27-06-1980 08:00,172,0,0,TRUE
06-07-1980 08:00,148,0,0,TRUE
24-08-1980 08:00,64,0,0,TRUE
02-10-1980 08:00,93,0,0,TRUE
21-11-1980 08:00,42,0,0,TRUE
05-12-1980 08:00,13,0,0,TRUE
14-12-1980 08:00,41,0,0,TRUE
17-12-1980 08:00,15.4,0,0,TRUE
21-12-1980 08:00,11,0,0,TRUE
28-12-1980 08:00,8,0,0,TRUE
04-01-1981 08:00,7,0,0,TRUE
08-01-1981 08:00,5.4,0,0,TRUE
09-01-1981 08:00,5.2,0,0,TRUE
11-01-1981 08:00,4.6,0,0,TRUE
18-01-1981 08:00,3.2,0,0,TRUE
19-01-1981 08:00,3.1,0,0,TRUE
25-01-1981 08:00,2.5,0,0,TRUE
26-01-1981 08:00,2.7,0,0,TRUE
01-02-1981 08:00,2,0,0,TRUE
03-02-1981 08:00,2.4,0,0,TRUE
08-02-1981 08:00,1.9,0,0,TRUE
15-02-1981 08:00,1.2,0,0,TRUE
22-02-1981 08:00,0.6,0,0,TRUE
01-03-1981 08:00,0.5,0,0,TRUE
08-03-1981 08:00,0.3,0,0,TRUE
15-03-1981 08:00,0.4,0,0,TRUE
22-03-1981 08:00,0.6,0,0,TRUE
29-03-1981 08:00,2,0.0174,3.00672,FALSE
05-04-1981 08:00,0.8,0.0145,1.00224,FALSE
12-04-1981 08:00,1.1,0.021,1.99584,FALSE
14-04-1981 08:00,10,0.1808,156.2112,FALSE
16-04-1981 08:00,4,0.0253,8.74368,FALSE
17-04-1981 08:00,2.6,0.0223,5.009472,FALSE
19-04-1981 08:00,1.4,0.0083,1.003968,FALSE
26-04-1981 08:00,3,0.0309,8.00928,FALSE
01-05-1981 08:00,3.4,0.019,5.58144,FALSE
02-05-1981 08:00,3.5,0.0259,7.83216,FALSE
03-05-1981 08:00,2.7,0.03,6.9984,FALSE
04-05-1981 08:00,3.6,0.0151,4.696704,FALSE
05-05-1981 08:00,7.2,0.0406,25.256448,FALSE
06-05-1981 08:00,28.4,0.1293,317.271168,FALSE
07-05-1981 08:00,24.2,0.1545,323.04096,FALSE
08-05-1981 08:00,16.2,0.0323,45.209664,FALSE
09-05-1981 08:00,10.4,0.0277,24.890112,FALSE
10-05-1981 08:00,7.2,0.0354,22.021632,FALSE
11-05-1981 08:00,6.2,0.0188,10.070784,FALSE
12-05-1981 08:00,12.4,0.0412,44.140032,FALSE
13-05-1981 08:00,10.2,0.0684,60.279552,FALSE
14-05-1981 08:00,6,0.016,8.2944,FALSE
15-05-1981 08:00,4.4,0.0125,4.752,FALSE
16-05-1981 08:00,3.4,0.0091,2.673216,FALSE
17-05-1981 08:00,2.8,0.0124,2.999808,FALSE
18-05-1981 08:00,2.4,0.0125,2.592,FALSE
19-05-1981 08:00,2.5,0.0113,2.4408,FALSE
20-05-1981 08:00,2.2,0.0095,1.80576,FALSE
21-05-1981 08:00,2,0.0079,1.36512,FALSE
22-05-1981 08:00,1.8,0.01,1.5552,FALSE
23-05-1981 08:00,1.4,0.0102,1.233792,FALSE
24-05-1981 08:00,1.3,0.0089,0.999648,FALSE
31-05-1981 08:00,10.2,0.0465,40.97952,FALSE
03-06-1981 08:00,21,0.0822,149.14368,FALSE
20-06-1981 08:00,193,0.0379,631.99008,FALSE
22-06-1981 08:00,107,0.0414,382.73472,FALSE
23-06-1981 08:00,93,0.0303,243.46656,FALSE
24-06-1981 08:00,99,0.0636,544.00896,FALSE
05-07-1981 08:00,21.5,0.0081,15.04656,FALSE
17-07-1981 08:00,69,0.0403,240.25248,FALSE
19-07-1981 08:00,42.5,0.0128,47.0016,FALSE
21-07-1981 08:00,50.5,0.0319,139.18608,FALSE
30-07-1981 08:00,204.5,0.0169,298.60272,FALSE
31-07-1981 08:00,143.5,0.0244,302.52096,FALSE
02-08-1981 08:00,78,0.0148,99.74016,FALSE
09-08-1981 08:00,36,0.0184,57.23136,FALSE
15-08-1981 08:00,90,0.032,248.832,FALSE
16-08-1981 08:00,105,0.0329,298.4688,FALSE
21-08-1981 08:00,150,0.0259,335.664,FALSE
23-08-1981 08:00,191,0.0509,839.97216,FALSE
30-08-1981 08:00,62.5,0.0287,154.98,FALSE
06-09-1981 08:00,45,0.0512,199.0656,FALSE
07-09-1981 08:00,43,0.0533,198.02016,FALSE
08-09-1981 08:00,49,0.0836,353.92896,FALSE
10-09-1981 08:00,169.5,0.2185,3199.8888,FALSE
11-09-1981 08:00,164,0.2202,3120.14592,FALSE
13-09-1981 08:00,318,0.2327,6393.47904,FALSE
15-09-1981 08:00,256,0.0628,1389.03552,FALSE
20-09-1981 08:00,391,0.0503,1699.25472,FALSE
21-09-1981 08:00,397,0.0513,1759.63104,FALSE
24-09-1981 08:00,341,0.0425,1252.152,FALSE
25-09-1981 08:00,265,0.0355,812.808,FALSE
26-09-1981 08:00,186.5,0.0435,700.9416,FALSE
27-09-1981 08:00,133,0.0327,375.76224,FALSE
28-09-1981 08:00,103,0.0377,335.49984,FALSE
30-09-1981 08:00,69,0.0379,225.94464,FALSE
01-10-1981 08:00,60,0.0382,198.0288,FALSE
02-10-1981 08:00,52.5,0.036,163.296,FALSE
03-10-1981 08:00,46.5,0.0348,139.81248,FALSE
04-10-1981 08:00,42,0.0221,80.19648,FALSE
08-10-1981 08:00,31,0.0366,98.02944,FALSE
09-10-1981 08:00,29,0.0347,86.94432,FALSE
11-10-1981 08:00,50,0.0852,368.064,FALSE
18-10-1981 08:00,96.5,0.2129,1775.07504,FALSE
25-10-1981 08:00,90.5,0.0369,288.52848,FALSE
26-10-1981 08:00,116,0.0918,920.05632,FALSE
01-11-1981 08:00,104.5,0.0923,833.35824,FALSE
07-11-1981 08:00,89.5,0.1828,1413.55584,FALSE
08-11-1981 08:00,70,0.0336,203.2128,FALSE
11-11-1981 08:00,43,0.0239,88.79328,FALSE
15-11-1981 08:00,35.5,0.0235,72.0792,FALSE
18-11-1981 08:00,63.5,0.0299,164.04336,FALSE
22-11-1981 08:00,24.5,0.0185,39.1608,FALSE
29-11-1981 08:00,20,0.0232,40.0896,FALSE
06-12-1981 08:00,12.6,0.0119,12.954816,FALSE
07-12-1981 08:00,11.9,0.0144,14.805504,FALSE
08-12-1981 08:00,11.1,0.0134,12.851136,FALSE
11-12-1981 08:00,9.3,0.0109,8.758368,FALSE
12-12-1981 08:00,9,0.0114,8.86464,FALSE
13-12-1981 08:00,8.5,0.0109,8.00496,FALSE
14-12-1981 08:00,7.8,0.0108,7.278336,FALSE
16-12-1981 08:00,7.2,0.0094,5.847552,FALSE
17-12-1981 08:00,7.1,0.0149,9.140256,FALSE
18-12-1981 08:00,7.3,0.0072,4.541184,FALSE
19-12-1981 08:00,7,0.0068,4.11264,FALSE
20-12-1981 08:00,9,0.0116,9.02016,FALSE
21-12-1981 08:00,8.2,0.0112,7.934976,FALSE
25-12-1981 08:00,6.3,0.0129,7.021728,FALSE
26-12-1981 08:00,5.9,0.0061,3.109536,FALSE
27-12-1981 08:00,5.7,0.0061,3.004128,FALSE
28-12-1981 08:00,5.3,0.0068,3.113856,FALSE
31-12-1981 08:00,4.2,0.014,5.08032,FALSE
03-01-1982 08:00,3.7,0.0094,3.004992,FALSE
10-01-1982 08:00,2.4,0.0096,1.990656,FALSE
17-01-1982 08:00,1.8,0.0257,3.996864,FALSE
24-01-1982 08:00,1.7,0.0136,1.997568,FALSE
26-01-1982 08:00,1.4,0,0,TRUE
30-01-1982 08:00,1.2,0,0,TRUE
31-01-1982 08:00,1.2,0,0,TRUE
07-02-1982 08:00,1.1,0,0,TRUE
14-02-1982 08:00,0.7,0,0,TRUE
21-02-1982 08:00,0.4,0,0,TRUE
28-02-1982 08:00,0.3,0,0,TRUE
07-03-1982 08:00,0.3,0,0,TRUE
14-03-1982 08:00,0.2,0,0,TRUE
21-03-1982 08:00,0.7,0.0165,0.99792,FALSE
28-03-1982 08:00,2.7,0.0343,8.001504,FALSE
02-04-1982 08:00,2.2,0.0263,4.999104,FALSE
04-04-1982 08:00,1.7,0.0136,1.997568,FALSE
06-04-1982 08:00,1,0,0,TRUE
09-04-1982 08:00,0.5,0,0,TRUE
11-04-1982 08:00,0.5,0,0,TRUE
18-04-1982 08:00,1.8,0.0193,3.001536,FALSE
23-04-1982 08:00,3.6,0.0129,4.012416,FALSE
25-04-1982 08:00,2.4,0.0096,1.990656,FALSE
26-04-1982 08:00,6.2,0.0212,11.356416,FALSE
29-04-1982 08:00,6.3,0.1059,57.643488,FALSE
30-04-1982 08:00,5.4,0.0317,14.789952,FALSE
02-05-1982 08:00,4.2,0.0416,15.095808,FALSE
03-05-1982 08:00,3.1,0.0338,9.052992,FALSE
04-05-1982 08:00,3.1,0.0422,11.302848,FALSE
05-05-1982 08:00,2.4,0.0232,4.810752,FALSE
07-05-1982 08:00,1.3,0.0267,2.998944,FALSE
09-05-1982 08:00,1,0.0231,1.99584,FALSE
15-05-1982 08:00,1.2,0.0289,2.996352,FALSE
16-05-1982 08:00,1.2,0.0289,2.996352,FALSE
17-05-1982 08:00,4.7,0.0578,23.471424,FALSE
18-05-1982 08:00,4.5,0.0343,13.33584,FALSE
19-05-1982 08:00,7.9,0.0586,39.998016,FALSE
20-05-1982 08:00,9.9,0.1119,95.714784,FALSE
21-05-1982 08:00,8.7,0.0592,44.499456,FALSE
22-05-1982 08:00,6.7,0.0391,22.634208,FALSE
23-05-1982 08:00,14.2,0.0685,84.04128,FALSE
24-05-1982 08:00,7.5,0.0313,20.2824,FALSE
25-05-1982 08:00,13.9,0.0676,81.184896,FALSE
26-05-1982 08:00,9.9,0.0389,33.273504,FALSE
30-05-1982 08:00,23,0.0347,68.95584,FALSE
31-05-1982 08:00,17.2,0.0327,48.594816,FALSE
02-06-1982 08:00,66.5,0.1068,613.63008,FALSE
03-06-1982 08:00,63.5,0.0986,540.95904,FALSE
04-06-1982 08:00,54.2,0.1192,558.199296,FALSE
06-06-1982 08:00,64.5,0.0678,377.83584,FALSE
09-06-1982 08:00,64.8,0.1805,1010.56896,FALSE
11-06-1982 08:00,58.5,0.0371,187.51824,FALSE
13-06-1982 08:00,34.8,0.0376,113.052672,FALSE
20-06-1982 08:00,133,0.1345,1545.5664,FALSE
22-06-1982 08:00,76,0.0818,537.13152,FALSE
26-06-1982 08:00,133,0.09,1034.208,FALSE
27-06-1982 08:00,114,0.0774,762.35904,FALSE
28-06-1982 08:00,150.5,0.088,1144.2816,FALSE
30-06-1982 08:00,109.5,0.0335,316.9368,FALSE
03-07-1982 08:00,46,0.031,123.2064,FALSE
04-07-1982 08:00,41,0.0299,105.91776,FALSE
05-07-1982 08:00,35.5,0.0187,57.35664,FALSE
11-07-1982 08:00,38.5,0.0267,88.81488,FALSE
18-07-1982 08:00,67.5,0.0727,423.9864,FALSE
19-07-1982 08:00,113.5,0.0755,740.3832,FALSE
23-07-1982 08:00,82,0.0395,279.8496,FALSE
25-07-1982 08:00,48.5,0.0196,82.13184,FALSE
01-08-1982 08:00,76,0.0417,273.81888,FALSE
15-08-1982 08:00,91,0.0466,366.38784,FALSE
01-09-1982 08:00,17,0.0156,22.91328,FALSE
09-10-1982 08:00,17.8,0.0634,97.504128,FALSE
10-10-1982 08:00,15,0.0594,76.9824,FALSE
17-10-1982 08:00,22,0.0526,99.98208,FALSE
23-10-1982 08:00,10.3,0.0143,12.725856,FALSE
30-10-1982 08:00,19,0.0203,33.32448,FALSE
31-10-1982 08:00,17.3,0.0118,17.637696,FALSE
01-11-1982 08:00,14.8,0.013,16.62336,FALSE
02-11-1982 08:00,12,0.0081,8.39808,FALSE
03-11-1982 08:00,16.5,0.0151,21.52656,FALSE
04-11-1982 08:00,88.7,0.3768,2887.674624,FALSE
08-11-1982 08:00,40,0.0531,183.5136,FALSE
09-11-1982 08:00,32,0.026,71.8848,FALSE
11-11-1982 08:00,54,0.0447,208.55232,FALSE
14-11-1982 08:00,63.5,0.0701,384.59664,FALSE
21-11-1982 08:00,25.5,0.0132,29.08224,FALSE
27-11-1982 08:00,17,0.0109,16.00992,FALSE
28-11-1982 08:00,13.5,0.0086,10.03104,FALSE
29-11-1982 08:00,11,0.0074,7.03296,FALSE
30-11-1982 08:00,9.5,0.0057,4.67856,FALSE
05-12-1982 08:00,38.8,0.0263,88.166016,FALSE
12-12-1982 08:00,7.1,0.0065,3.98736,FALSE
19-12-1982 08:00,4.9,0.0047,1.989792,FALSE
25-12-1982 08:00,3.5,0.0066,1.99584,FALSE
26-12-1982 08:00,3.3,0.007,1.99584,FALSE
29-12-1982 08:00,2.9,0.012,3.00672,FALSE
02-01-1983 08:00,2.5,0.0139,3.0024,FALSE
09-01-1983 08:00,1.8,0.0064,0.995328,FALSE
16-01-1983 08:00,1.4,0.0083,1.003968,FALSE
23-01-1983 08:00,0.8,0.0145,1.00224,FALSE
26-01-1983 08:00,0.8,0.0145,1.00224,FALSE
30-01-1983 08:00,1,0,0,TRUE
06-02-1983 08:00,0.5,0,0,TRUE
11-02-1983 08:00,0.5,0,0,TRUE
13-02-1983 08:00,0.5,0,0,TRUE
20-02-1983 08:00,0.2,0,0,TRUE
27-02-1983 08:00,0.1,0,0,TRUE
06-03-1983 08:00,0.1,0,0,TRUE
22-05-1983 08:00,0.8,0,0,TRUE
26-05-1983 08:00,0.3,0,0,TRUE
29-05-1983 08:00,0.2,0,0,TRUE
22-06-1983 08:00,1.9,0.0153,2.511648,FALSE
24-06-1983 08:00,4,0.0129,4.45824,FALSE
24-07-1983 08:00,97.3,0.0336,282.465792,FALSE
15-08-1983 08:00,80,0.0235,162.432,FALSE
22-08-1983 08:00,263,0.0233,529.45056,FALSE
23-08-1983 08:00,151,0.0194,253.10016,FALSE
24-08-1983 08:00,102,0.0173,152.46144,FALSE
30-08-1983 08:00,36,0.0081,25.19424,FALSE
01-09-1983 08:00,30,0.0071,18.4032,FALSE
02-09-1983 08:00,21.9,0.0052,9.839232,FALSE
03-09-1983 08:00,29,0.0087,21.79872,FALSE
04-09-1983 08:00,25,0.0056,12.096,FALSE
05-09-1983 08:00,33,0.0305,86.9616,FALSE
06-09-1983 08:00,34.1,0.0158,46.550592,FALSE
30-09-1983 08:00,48,0.0117,48.52224,FALSE
02-10-1983 08:00,36,0.0085,26.4384,FALSE
05-10-1983 08:00,29,0.0075,18.792,FALSE
08-10-1983 08:00,22,0.0051,9.69408,FALSE
09-10-1983 08:00,20.2,0.0064,11.169792,FALSE
10-10-1983 08:00,18.8,0.007,11.37024,FALSE
11-10-1983 08:00,17.5,0.007,10.584,FALSE
12-10-1983 08:00,16.5,0.0073,10.40688,FALSE
13-10-1983 08:00,15,0.0038,4.9248,FALSE
14-10-1983 08:00,14,0.0025,3.024,FALSE
15-10-1983 08:00,12.5,0.0011,1.188,FALSE
16-10-1983 08:00,12,0.001,1.0368,FALSE
17-10-1983 08:00,14,0.0045,5.4432,FALSE
18-10-1983 08:00,12,0.0061,6.32448,FALSE
19-10-1983 08:00,15,0.0055,7.128,FALSE
23-10-1983 08:00,22.3,0.0152,29.286144,FALSE
26-11-1983 08:00,14,0.0102,12.33792,FALSE
27-11-1983 08:00,16,0.0281,38.84544,FALSE
11-12-1983 08:00,5.1,0.0113,4.979232,FALSE
18-12-1983 08:00,4,0.0116,4.00896,FALSE
25-12-1983 08:00,5.2,0.0134,6.020352,FALSE
01-01-1984 08:00,15.5,0.0261,34.95312,FALSE
06-01-1984 08:00,5.2,0.014,6.28992,FALSE
07-01-1984 08:00,4.8,0.009,3.73248,FALSE
08-01-1984 08:00,4.2,0.0082,2.975616,FALSE
12-01-1984 08:00,3,0.0136,3.52512,FALSE
14-01-1984 08:00,2.9,0.008,2.00448,FALSE
15-01-1984 08:00,3.3,0.007,1.99584,FALSE
17-01-1984 08:00,3.2,0.0075,2.0736,FALSE
25-01-1984 08:00,2.2,0.0041,0.779328,FALSE
26-01-1984 08:00,2,0.0058,1.00224,FALSE
29-01-1984 08:00,1.6,0.0072,0.995328,FALSE
31-01-1984 08:00,1.5,0.0077,0.99792,FALSE
03-02-1984 08:00,1.4,0.0104,1.257984,FALSE
05-02-1984 08:00,1.1,0.0105,0.99792,FALSE
06-02-1984 08:00,1.3,0.012,1.34784,FALSE
12-02-1984 08:00,1.5,0.0077,0.99792,FALSE
15-02-1984 08:00,4.6,0.0129,5.126976,FALSE
16-02-1984 08:00,2.6,0.0142,3.189888,FALSE
18-02-1984 08:00,16.1,0.0103,14.327712,FALSE
19-02-1984 08:00,7.3,0.0127,8.010144,FALSE
24-02-1984 08:00,3.8,0.0148,4.859136,FALSE
25-02-1984 08:00,3,0.0152,3.93984,FALSE
26-02-1984 08:00,2.3,0.0101,2.007072,FALSE
29-02-1984 08:00,1.4,0.0115,1.39104,FALSE
04-03-1984 08:00,1.9,0.0061,1.001376,FALSE
11-03-1984 08:00,9.3,0.0211,16.954272,FALSE
17-03-1984 08:00,3.2,0.0105,2.90304,FALSE
25-03-1984 08:00,1.3,0.0089,0.999648,FALSE
30-03-1984 08:00,1.8,0.0129,2.006208,FALSE
01-04-1984 08:00,9.3,0.0199,15.990048,FALSE
08-04-1984 08:00,11.4,0.0355,34.96608,FALSE
13-04-1984 08:00,7,0.0248,14.99904,FALSE
15-04-1984 08:00,29.8,0.0415,106.85088,FALSE
20-04-1984 08:00,55.7,0.0355,170.84304,FALSE
22-04-1984 08:00,23.5,0.0232,47.10528,FALSE
29-04-1984 08:00,16.4,0.0205,29.04768,FALSE
06-05-1984 08:00,17.6,0.0552,83.939328,FALSE
11-05-1984 08:00,13,0.0115,12.9168,FALSE
13-05-1984 08:00,9.8,0.0142,12.023424,FALSE
15-05-1984 08:00,5.8,0.006,3.00672,FALSE
16-05-1984 08:00,4.7,0.004,1.62432,FALSE
17-05-1984 08:00,4,0.0059,2.03904,FALSE
18-05-1984 08:00,3.8,0.0061,2.002752,FALSE
19-05-1984 08:00,6.6,0.0082,4.675968,FALSE
20-05-1984 08:00,10.7,0.0119,11.001312,FALSE
21-05-1984 08:00,7.5,0.0101,6.5448,FALSE
22-05-1984 08:00,4.8,0.0068,2.820096,FALSE
23-05-1984 08:00,3.6,0.0066,2.052864,FALSE
24-05-1984 08:00,2.9,0.0096,2.405376,FALSE
25-05-1984 08:00,2.4,0.0114,2.363904,FALSE
26-05-1984 08:00,2.2,0.0074,1.406592,FALSE
27-05-1984 08:00,2,0.0058,1.00224,FALSE
28-05-1984 08:00,1.8,0.0113,1.757376,FALSE
29-05-1984 08:00,1.9,0.0065,1.06704,FALSE
30-05-1984 08:00,4.8,0.0143,5.930496,FALSE
31-05-1984 08:00,4,0.0078,2.69568,FALSE
13-06-1984 08:00,39.5,0.067,228.6576,FALSE
14-07-1984 08:00,149,0.0758,975.81888,FALSE
26-07-1984 08:00,57,0.0146,71.90208,FALSE
15-08-1984 08:00,25,0.0144,31.104,FALSE
02-09-1984 08:00,12.3,0.0053,5.632416,FALSE
27-09-1984 08:00,38,0.0295,96.8544,FALSE
02-10-1984 08:00,103.5,0.0507,453.37968,FALSE
07-10-1984 08:00,119,0.0179,184.04064,FALSE
01-11-1984 08:00,18,0.0142,22.08384,FALSE
07-11-1984 08:00,35.5,0.0353,108.27216,FALSE
12-11-1984 08:00,25.8,0.0121,26.972352,FALSE
24-11-1984 08:00,15.5,0.0183,24.50736,FALSE
02-12-1984 08:00,7.8,0.0044,2.965248,FALSE
09-12-1984 08:00,4.8,0.0096,3.981312,FALSE
16-12-1984 08:00,3.4,0.0068,1.997568,FALSE
23-12-1984 08:00,2.5,0.0093,2.0088,FALSE
24-12-1984 08:00,2.4,0.0096,1.990656,FALSE
25-12-1984 08:00,2.3,0.0101,2.007072,FALSE
30-12-1984 08:00,7.2,0.0161,10.015488,FALSE
06-01-1985 08:00,31.8,0.0433,118.967616,FALSE
13-01-1985 08:00,5.4,0.0043,2.006208,FALSE
16-01-1985 08:00,4.2,0.0053,1.923264,FALSE
18-01-1985 08:00,4.2,0.0083,3.011904,FALSE
20-01-1985 08:00,3.4,0.0068,1.997568,FALSE
21-01-1985 08:00,3.1,0.0053,1.419552,FALSE
22-01-1985 08:00,2.9,0.0085,2.12976,FALSE
23-01-1985 08:00,2.7,0.0128,2.985984,FALSE
25-01-1985 08:00,2.5,0.0078,1.6848,FALSE
26-01-1985 08:00,2.3,0.0101,2.007072,FALSE
27-01-1985 08:00,2.2,0.0105,1.99584,FALSE
03-02-1985 08:00,1.6,0.0082,1.133568,FALSE
10-02-1985 08:00,1.4,0.0083,1.003968,FALSE
17-02-1985 08:00,3,0.0154,3.99168,FALSE
24-02-1985 08:00,1,0.0116,1.00224,FALSE
03-03-1985 08:00,0.6,0.0193,1.000512,FALSE
10-03-1985 08:00,0.5,0.0166,0.71712,FALSE
17-03-1985 08:00,0.8,0.0188,1.299456,FALSE
24-03-1985 08:00,0.4,0.0076,0.262656,FALSE
31-03-1985 08:00,0.6,0.0193,1.000512,FALSE
02-04-1985 08:00,4.6,0.0176,6.994944,FALSE
03-04-1985 08:00,2.8,0.0165,3.99168,FALSE
05-04-1985 08:00,1.4,0.0165,1.99584,FALSE
07-04-1985 08:00,8.4,0.0179,12.991104,FALSE
11-04-1985 08:00,3.7,0.0088,2.813184,FALSE
14-04-1985 08:00,2,0.0116,2.00448,FALSE
21-04-1985 08:00,0.6,0.0231,1.197504,FALSE
28-04-1985 08:00,0.5,0.0231,0.99792,FALSE
04-05-1985 08:00,0.4,0,0,TRUE
05-05-1985 08:00,0.4,0,0,TRUE
12-05-1985 08:00,0.3,0,0,TRUE
19-05-1985 08:00,0.2,0,0,TRUE
26-05-1985 08:00,2.5,0.0139,3.0024,FALSE
27-05-1985 08:00,7.4,0.0134,8.567424,FALSE
26-06-1985 08:00,404,0.0736,2569.05216,FALSE
27-06-1985 08:00,426,0.0405,1490.6592,FALSE
28-07-1985 08:00,29,0.0126,31.57056,FALSE
29-07-1985 08:00,26.5,0.0115,26.3304,FALSE
30-07-1985 08:00,24,0.0069,14.30784,FALSE
31-07-1985 08:00,25,0.0096,20.736,FALSE
02-08-1985 08:00,22.5,0.0075,14.58,FALSE
03-08-1985 08:00,30,0.0315,81.648,FALSE
05-08-1985 08:00,32,0.0601,166.16448,FALSE
15-08-1985 08:00,32,0.0192,53.08416,FALSE
02-10-1985 08:00,40,0.0368,127.1808,FALSE
01-12-1985 08:00,11.9,0.0088,9.047808,FALSE
08-12-1985 08:00,8,0.013,8.9856,FALSE
15-12-1985 08:00,6.5,0.0125,7.02,FALSE
22-12-1985 08:00,7,0.0132,7.98336,FALSE
25-12-1985 08:00,5.4,0.0129,6.018624,FALSE
29-12-1985 08:00,4.5,0.0129,5.01552,FALSE
04-01-1986 08:00,3.1,0.0082,2.196288,FALSE
08-01-1986 08:00,2.9,0.0171,4.284576,FALSE
09-01-1986 08:00,2.8,0.0083,2.007936,FALSE
10-01-1986 08:00,2.9,0.0099,2.480544,FALSE
12-01-1986 08:00,3.2,0.0145,4.00896,FALSE
13-01-1986 08:00,3,0.007,1.8144,FALSE
14-01-1986 08:00,3,0.0152,3.93984,FALSE
15-01-1986 08:00,3,0.0167,4.32864,FALSE
16-01-1986 08:00,2.9,0.015,3.7584,FALSE
17-01-1986 08:00,2.8,0.0113,2.733696,FALSE
19-01-1986 08:00,2.4,0.0145,3.00672,FALSE
26-01-1986 08:00,1.3,0.0089,0.999648,FALSE
02-02-1986 08:00,1.3,0.0178,1.999296,FALSE
09-02-1986 08:00,0.9,0.0129,1.003104,FALSE
10-02-1986 08:00,0.9,0.0129,1.003104,FALSE
11-02-1986 08:00,0.8,0.0129,0.891648,FALSE
12-02-1986 08:00,0.9,0.0129,1.003104,FALSE
16-02-1986 08:00,3.7,0.0219,7.000992,FALSE
23-02-1986 08:00,4.7,0.0468,19.004544,FALSE
02-03-1986 08:00,1.3,0.0089,0.999648,FALSE
09-03-1986 08:00,0.6,0.015,0.7776,FALSE
16-03-1986 08:00,1.2,0.0193,2.001024,FALSE
23-03-1986 08:00,0.7,0.0165,0.99792,FALSE
28-03-1986 08:00,0.5,0.0133,0.57456,FALSE
30-03-1986 08:00,0.4,0.0073,0.252288,FALSE
01-04-1986 08:00,0.3,0,0,TRUE
06-04-1986 08:00,0.6,0.012,0.62208,FALSE
13-04-1986 08:00,0.7,0.014,0.84672,FALSE
14-04-1986 08:00,0.8,0.0145,1.00224,FALSE
16-04-1986 08:00,2.2,0.029,5.51232,FALSE
17-04-1986 08:00,3.3,0.0179,5.103648,FALSE
20-04-1986 08:00,1.3,0.0089,0.999648,FALSE
22-04-1986 08:00,1.7,0.0136,1.997568,FALSE
27-04-1986 08:00,1.5,0.0154,1.99584,FALSE
01-05-1986 08:00,7.6,0.0313,20.552832,FALSE
02-05-1986 08:00,16.4,0.0675,95.6448,FALSE
03-05-1986 08:00,15,0.0884,114.5664,FALSE
04-05-1986 08:00,28.1,0.0959,232.829856,FALSE
05-05-1986 08:00,15,0.0537,69.5952,FALSE
06-05-1986 08:00,9.9,0.0218,18.646848,FALSE
09-05-1986 08:00,4.2,0.0165,5.98752,FALSE
10-05-1986 08:00,3.7,0.0151,4.827168,FALSE
11-05-1986 08:00,2.6,0.0178,3.998592,FALSE
13-05-1986 08:00,1.8,0.0117,1.819584,FALSE
18-05-1986 08:00,1.4,0.014,1.69344,FALSE
23-05-1986 08:00,0.7,0.0135,0.81648,FALSE
03-07-1986 08:00,14,0.0135,16.3296,FALSE
30-07-1986 08:00,14,0.0036,4.35456,FALSE
01-08-1986 08:00,12,0.0096,9.95328,FALSE
02-08-1986 08:00,10.8,0.0035,3.26592,FALSE
15-08-1986 08:00,125,0.0243,262.44,FALSE
20-08-1986 08:00,39.5,0.0102,34.81056,FALSE
21-08-1986 08:00,34,0.0109,32.01984,FALSE
22-08-1986 08:00,30,0.0137,35.5104,FALSE
23-08-1986 08:00,26,0.0059,13.25376,FALSE
26-08-1986 08:00,18,0.0055,8.5536,FALSE
29-09-1986 08:00,23,0.0328,65.18016,FALSE
02-10-1986 08:00,41,0.0291,103.08384,FALSE
25-11-1986 08:00,11.9,0.0096,9.870336,FALSE
26-11-1986 08:00,10.8,0.0082,7.651584,FALSE
27-11-1986 08:00,10,0.0091,7.8624,FALSE
29-11-1986 08:00,8,0.0088,6.08256,FALSE
30-11-1986 08:00,7,0.0061,3.68928,FALSE
07-12-1986 08:00,7.2,0.0064,3.981312,FALSE
14-12-1986 08:00,6.5,0.0071,3.98736,FALSE
21-12-1986 08:00,3.7,0.0094,3.004992,FALSE
25-12-1986 08:00,3,0.0116,3.00672,FALSE
28-12-1986 08:00,2.8,0.0083,2.007936,FALSE
04-01-1987 08:00,2,0.0116,2.00448,FALSE
11-01-1987 08:00,1.9,0.0122,2.002752,FALSE
18-01-1987 08:00,1.7,0.0068,0.998784,FALSE
25-01-1987 08:00,1,0.0116,1.00224,FALSE
26-01-1987 08:00,1,0.0116,1.00224,FALSE
01-02-1987 08:00,1.3,0.0089,0.999648,FALSE
08-02-1987 08:00,0.5,0,0,TRUE
22-02-1987 08:00,0.3,0,0,TRUE
26-02-1987 08:00,0.5,0,0,TRUE
08-03-1987 08:00,0.1,0,0,TRUE
22-03-1987 08:00,0.5,0,0,TRUE
29-03-1987 08:00,0.1,0,0,TRUE
03-05-1987 08:00,1.6,0.0072,0.995328,FALSE
10-05-1987 08:00,0.1,0,0,TRUE
13-05-1987 08:00,0.3,0,0,TRUE
17-05-1987 08:00,5.6,0.0207,10.015488,FALSE
24-05-1987 08:00,8.5,0.0231,16.96464,FALSE
29-05-1987 08:00,6,0.0212,10.99008,FALSE
31-05-1987 08:00,6.3,0.022,11.97504,FALSE
19-07-1987 08:00,11,0.01,9.504,FALSE
26-07-1987 08:00,6.5,0.006,3.3696,FALSE
02-08-1987 08:00,0.5,0.0004,0.01728,FALSE
06-08-1987 08:00,6.5,0.008,4.4928,FALSE
09-08-1987 08:00,1,0.0004,0.03456,FALSE
15-08-1987 08:00,5.5,0.01,4.752,FALSE
16-08-1987 08:00,5,0.01,4.32,FALSE
23-08-1987 08:00,40,0.032,110.592,FALSE
30-08-1987 08:00,76,0.023,151.0272,FALSE
04-09-1987 08:00,23,0.011,21.8592,FALSE
05-09-1987 08:00,22,0.011,20.9088,FALSE
06-09-1987 08:00,18.5,0.01,15.984,FALSE
13-09-1987 08:00,7,0.01,6.048,FALSE
20-09-1987 08:00,72.5,0.05,313.2,FALSE
27-09-1987 08:00,53,0.02,91.584,FALSE
02-10-1987 08:00,27,0.021,48.9888,FALSE
04-10-1987 08:00,22.5,0.015,29.16,FALSE
11-10-1987 08:00,48,0.038,157.5936,FALSE
18-10-1987 08:00,111,0.069,661.7376,FALSE
22-10-1987 08:00,72,0.021,130.6368,FALSE
25-10-1987 08:00,46,0.02,79.488,FALSE
01-11-1987 08:00,164,0.092,1303.6032,FALSE
05-11-1987 08:00,60,0.044,228.096,FALSE
08-11-1987 08:00,72,0.109,678.0672,FALSE
15-11-1987 08:00,40,0.019,65.664,FALSE
21-11-1987 08:00,136,0.121,1421.7984,FALSE
29-11-1987 08:00,28.5,0.011,27.0864,FALSE
06-12-1987 08:00,41,0.0729,258.24096,FALSE
13-12-1987 08:00,32.8,0.108,306.06336,FALSE
20-12-1987 08:00,44,0.0207,78.69312,FALSE
25-12-1987 08:00,22.8,0.0142,27.972864,FALSE
27-12-1987 08:00,16.51,0.0128,18.2587392,FALSE
03-01-1988 08:00,8,0.0031,2.14272,FALSE
10-01-1988 08:00,5.75,0.0058,2.88144,FALSE
17-01-1988 08:00,3.75,0.009,2.916,FALSE
22-01-1988 08:00,2.75,0.0103,2.44728,FALSE
24-01-1988 08:00,2.49,0.0101,2.1728736,FALSE
31-01-1988 08:00,1.5,0.0077,0.99792,FALSE
07-02-1988 08:00,0.95,0.011,0.90288,FALSE
14-02-1988 08:00,0.5,0.0232,1.00224,FALSE
16-02-1988 08:00,6,0.022,11.4048,FALSE
21-02-1988 08:00,0.75,0.0118,0.76464,FALSE
28-02-1988 08:00,1,0.0118,1.01952,FALSE
06-03-1988 08:00,3.7,0.0086,2.749248,FALSE
13-03-1988 08:00,7.5,0.0116,7.5168,FALSE
20-03-1988 08:00,2.48,0.0106,2.2712832,FALSE
27-03-1988 08:00,1.2,0.0076,0.787968,FALSE
31-03-1988 08:00,0.5,0.0032,0.13824,FALSE
01-04-1988 08:00,0.9,0.016,1.24416,FALSE
03-04-1988 08:00,0.25,0.0064,0.13824,FALSE
07-04-1988 08:00,1.25,0.0117,1.2636,FALSE
10-04-1988 08:00,2,0.018,3.1104,FALSE
14-04-1988 08:00,2.2,0.0112,2.128896,FALSE
17-04-1988 08:00,8.25,0.0401,28.58328,FALSE
24-04-1988 08:00,10,0.023,19.872,FALSE
01-05-1988 08:00,20.65,0.0408,72.793728,FALSE
08-05-1988 08:00,22.9,0.0246,48.672576,FALSE
15-05-1988 08:00,5.25,0.004,1.8144,FALSE
18-05-1988 08:00,5,0.0054,2.3328,FALSE
22-05-1988 08:00,2.85,0.0051,1.255824,FALSE
29-05-1988 08:00,4.25,0.0114,4.18608,FALSE
05-06-1988 08:00,13,0.013,14.6016,FALSE
12-06-1988 08:00,96,0.0417,345.87648,FALSE
18-06-1988 08:00,22,0.007,13.3056,FALSE
19-06-1988 08:00,17,0.006,8.8128,FALSE
26-06-1988 08:00,31.5,0.025,68.04,FALSE
01-07-1988 08:00,108.3,0.157,1469.06784,FALSE
03-07-1988 08:00,84,0.024,174.1824,FALSE
10-07-1988 08:00,32.5,0.008,22.464,FALSE
17-07-1988 08:00,32.5,0.0074,20.7792,FALSE
31-07-1988 08:00,29.75,0.013,33.4152,FALSE
07-08-1988 08:00,85,0.026,190.944,FALSE
14-08-1988 08:00,29.5,0.0064,16.31232,FALSE
15-08-1988 08:00,30.5,0.0064,16.86528,FALSE
21-08-1988 08:00,55,0.017,80.784,FALSE
26-08-1988 08:00,61,0.02,105.408,FALSE
28-08-1988 08:00,51,0.0124,54.63936,FALSE
11-09-1988 08:00,100,0.0376,324.864,FALSE
25-09-1988 08:00,93.5,0.03,242.352,FALSE
02-10-1988 08:00,37,0.017,54.3456,FALSE
09-10-1988 08:00,24.5,0.02,42.336,FALSE
16-10-1988 08:00,13,0.008,8.9856,FALSE
20-10-1988 08:00,23,0.02,39.744,FALSE
30-10-1988 08:00,13,0.013,14.6016,FALSE
03-11-1988 08:00,21.5,0.028,52.0128,FALSE
06-11-1988 08:00,33,0.071,202.4352,FALSE
08-11-1988 08:00,36.5,0.069,217.5984,FALSE
10-11-1988 08:00,32,0.045,124.416,FALSE
13-11-1988 08:00,24,0.02,41.472,FALSE
14-11-1988 08:00,23,0.019,37.7568,FALSE
20-11-1988 08:00,16,0.01,13.824,FALSE
23-11-1988 08:00,14.75,0.015,19.116,FALSE
27-11-1988 08:00,14.75,0.016,20.3904,FALSE
04-12-1988 08:00,7.3,0.0078,4.919616,FALSE
11-12-1988 08:00,6.6,0.0074,4.219776,FALSE
18-12-1988 08:00,4.45,0.0063,2.422224,FALSE
25-12-1988 08:00,2.8,0.0067,1.620864,FALSE
01-01-1989 08:00,1.9,0.013,2.13408,FALSE
08-01-1989 08:00,1.9,0.0085,1.39536,FALSE
15-01-1989 08:00,0.9,0.009,0.69984,FALSE
22-01-1989 08:00,0.8,0.0106,0.732672,FALSE
26-01-1989 08:00,2.05,0.011,1.94832,FALSE
29-01-1989 08:00,0.9,0.01,0.7776,FALSE
05-02-1989 08:00,0.4,0.0108,0.373248,FALSE
12-02-1989 08:00,0.25,0.0162,0.34992,FALSE
19-02-1989 08:00,0.1,0.018,0.15552,FALSE
26-02-1989 08:00,0.375,0.018,0.5832,FALSE
05-03-1989 08:00,0.1,0.0104,0.089856,FALSE
12-03-1989 08:00,2.4,0.0143,2.965248,FALSE
19-03-1989 08:00,0.4,0.0117,0.404352,FALSE
24-03-1989 08:00,0.4,0.0098,0.338688,FALSE
25-03-1989 08:00,0.42,0.011,0.399168,FALSE
27-03-1989 08:00,0.3,0.01,0.2592,FALSE
02-04-1989 08:00,1.1,0.0084,0.798336,FALSE
09-04-1989 08:00,0.3,0.0096,0.248832,FALSE
14-04-1989 08:00,0.55,0.0108,0.513216,FALSE
16-04-1989 08:00,0.3,0.0133,0.344736,FALSE
17-04-1989 08:00,0.1,0.0139,0.120096,FALSE
18-04-1989 08:00,0.7,0.0129,0.780192,FALSE
23-04-1989 08:00,5.3,0.018,8.24256,FALSE
05-05-1989 08:00,4.5,0.0184,7.15392,FALSE
07-05-1989 08:00,10.7,0.0474,43.820352,FALSE
08-05-1989 08:00,6.4,0.056,30.96576,FALSE
14-05-1989 08:00,3.5,0.0164,4.95936,FALSE
17-05-1989 08:00,1.65,0.0092,1.311552,FALSE
18-05-1989 08:00,1.4,0.0092,1.112832,FALSE
19-05-1989 08:00,1.5,0.0076,0.98496,FALSE
20-05-1989 08:00,2,0.0083,1.43424,FALSE
21-05-1989 08:00,2.45,0.0098,2.074464,FALSE
25-05-1989 08:00,5.1,0.0171,7.534944,FALSE
26-05-1989 08:00,5.6,0.0174,8.418816,FALSE
01-06-1989 08:00,17,0.013,19.0944,FALSE
04-06-1989 08:00,21.5,0.015,27.864,FALSE
05-06-1989 08:00,26.5,0.028,64.1088,FALSE
06-06-1989 08:00,89,0.023,176.8608,FALSE
08-06-1989 08:00,50.5,0.019,82.9008,FALSE
10-06-1989 08:00,30.5,0.016,42.1632,FALSE
11-06-1989 08:00,45.5,0.017,66.8304,FALSE
18-06-1989 08:00,64,0.021,116.1216,FALSE
21-06-1989 08:00,111,0.026,249.3504,FALSE
22-06-1989 08:00,215,0.028,520.128,FALSE
23-06-1989 08:00,252,0.035,762.048,FALSE
02-07-1989 08:00,51.5,0.02,88.992,FALSE
09-07-1989 08:00,36.5,0.017,53.6112,FALSE
10-07-1989 08:00,36,0.017,52.8768,FALSE
14-07-1989 08:00,57,0.02,98.496,FALSE
16-07-1989 08:00,40,0.017,58.752,FALSE
18-07-1989 08:00,202.5,0.028,489.888,FALSE
21-07-1989 08:00,205.1,0.028,496.17792,FALSE
22-07-1989 08:00,262.2,0.03,679.6224,FALSE
23-07-1989 08:00,330.9,0.0324,926.308224,FALSE
24-07-1989 08:00,346.6,0.0323,967.263552,FALSE
30-07-1989 08:00,120.5,0.025,260.28,FALSE
06-08-1989 08:00,74.5,0.0306,196.96608,FALSE
13-08-1989 08:00,69.5,0.0216,129.70368,FALSE
15-08-1989 08:00,54,0.013,60.6528,FALSE
18-08-1989 08:00,140,0.0656,793.4976,FALSE
27-08-1989 08:00,38,0.0086,28.23552,FALSE
03-09-1989 08:00,22,0.011,20.9088,FALSE
10-09-1989 08:00,16,0.009,12.4416,FALSE
12-09-1989 08:00,18,0.009,13.9968,FALSE
17-09-1989 08:00,24.5,0.027,57.1536,FALSE
24-09-1989 08:00,207.5,0.35056,6284.83968,FALSE
01-10-1989 08:00,60.5,0.025,130.68,FALSE
02-10-1989 08:00,50,0.022,95.04,FALSE
08-10-1989 08:00,67,0.028,162.0864,FALSE
09-10-1989 08:00,111,0.042,402.7968,FALSE
10-10-1989 08:00,84,0.033,239.5008,FALSE
15-10-1989 08:00,84,0.117,849.1392,FALSE
22-10-1989 08:00,149,0.226,2909.4336,FALSE
28-10-1989 08:00,243,0.085,1784.592,FALSE
29-10-1989 08:00,166.5,0.062,891.9072,FALSE
30-10-1989 08:00,221,0.226,4315.3344,FALSE
05-11-1989 08:00,66,0.034,193.8816,FALSE
12-11-1989 08:00,28,0.016,38.7072,FALSE
13-11-1989 08:00,39.5,0.017,58.0176,FALSE
14-11-1989 08:00,32.5,0.017,47.736,FALSE
19-11-1989 08:00,42,0.018,65.3184,FALSE
22-11-1989 08:00,32,0.045,124.416,FALSE
26-11-1989 08:00,17.5,0.016,24.192,FALSE
02-12-1989 08:00,11.4,0.013,12.80448,FALSE
03-12-1989 08:00,11.8,0.02365,24.111648,FALSE
10-12-1989 08:00,7.2,0.011,6.84288,FALSE
17-12-1989 08:00,4.9,0.01,4.2336,FALSE
24-12-1989 08:00,3.5,0.013,3.9312,FALSE
25-12-1989 08:00,3.5,0.013,3.9312,FALSE
31-12-1989 08:00,4,0.01,3.456,FALSE
07-01-1990 08:00,3.1,0.015,4.0176,FALSE
14-01-1990 08:00,3.9,0.01,3.3696,FALSE
21-01-1990 08:00,1.9,0.005,0.8208,FALSE
26-01-1990 08:00,1.5,0.006,0.7776,FALSE
28-01-1990 08:00,1.5,0.009,1.1664,FALSE
04-02-1990 08:00,1,0.011,0.9504,FALSE
11-02-1990 08:00,0.7,0.015,0.9072,FALSE
18-02-1990 08:00,0.5,0.015,0.648,FALSE
23-02-1990 08:00,1,0.013,1.1232,FALSE
25-02-1990 08:00,0.5,0.012,0.5184,FALSE
04-03-1990 08:00,0.2,0.014,0.24192,FALSE
11-03-1990 08:00,0.1,0,0,TRUE
18-03-1990 08:00,1.2,0.018,1.86624,FALSE
25-03-1990 08:00,1.4,0.016,1.93536,FALSE
01-04-1990 08:00,0.3,0.013,0.33696,FALSE
07-04-1990 08:00,1,0.013,1.1232,FALSE
08-04-1990 08:00,1.1,0.016,1.52064,FALSE
13-04-1990 08:00,0.3,0.008,0.20736,FALSE
14-04-1990 08:00,0.5,0.007,0.3024,FALSE
15-04-1990 08:00,0.45,0.006,0.23328,FALSE
22-04-1990 08:00,0.6,0.008,0.41472,FALSE
27-04-1990 08:00,0.175,0.009,0.13608,FALSE
29-04-1990 08:00,0.05,0.009,0.03888,FALSE
01-05-1990 08:00,1.2,0.012,1.24416,FALSE
03-05-1990 08:00,1.6,0.014,1.93536,FALSE
06-05-1990 08:00,0.5,0.01,0.432,FALSE
09-05-1990 08:00,7.5,0.03,19.44,FALSE
10-05-1990 08:00,3.5,0.023,6.9552,FALSE
11-05-1990 08:00,3.1,0.007,1.87488,FALSE
12-05-1990 08:00,2.6,0.013,2.92032,FALSE
13-05-1990 08:00,4,0.02,6.912,FALSE
14-05-1990 08:00,2,0.018,3.1104,FALSE
15-05-1990 08:00,1.5,0.011,1.4256,FALSE
16-05-1990 08:00,2.6,0.018,4.04352,FALSE
17-05-1990 08:00,2,0.009,1.5552,FALSE
20-05-1990 08:00,21.7,0.045,84.3696,FALSE
26-05-1990 08:00,10,0.011,9.504,FALSE
27-05-1990 08:00,19.1,0.017,28.05408,FALSE
29-05-1990 08:00,14.9,0.019,24.45984,FALSE
30-05-1990 08:00,17,0.021,30.8448,FALSE
31-05-1990 08:00,26.6,0.032,73.54368,FALSE
03-06-1990 08:00,27.5,0.014,33.264,FALSE
10-06-1990 08:00,37,0.013,41.5584,FALSE
12-06-1990 08:00,20.5,0.011,19.4832,FALSE
14-06-1990 08:00,103,0.0264,234.93888,FALSE
17-06-1990 08:00,78,0.0234,157.69728,FALSE
24-06-1990 08:00,69,0.0213,126.98208,FALSE
28-06-1990 08:00,90,0.0304,236.3904,FALSE
01-07-1990 08:00,43.5,0.0173,65.02032,FALSE
04-07-1990 08:00,135,0.0414,482.8896,FALSE
08-07-1990 08:00,151,0.0493,643.18752,FALSE
15-07-1990 08:00,69.5,0.0184,110.48832,FALSE
22-07-1990 08:00,39.5,0.01,34.128,FALSE
29-07-1990 08:00,26.5,0.006,13.7376,FALSE
02-08-1990 08:00,74.5,0.032,205.9776,FALSE
05-08-1990 08:00,64,0.012,66.3552,FALSE
12-08-1990 08:00,85,0.027,198.288,FALSE
15-08-1990 08:00,57,0.013,64.0224,FALSE
19-08-1990 08:00,39.5,0.012,40.9536,FALSE
26-08-1990 08:00,16.5,0.005,7.128,FALSE
02-09-1990 08:00,9,0.008,6.2208,FALSE
03-09-1990 08:00,8,0.008,5.5296,FALSE
09-09-1990 08:00,8,0.012,8.2944,FALSE
16-09-1990 08:00,5,0.007,3.024,FALSE
23-09-1990 08:00,7,0.008,4.8384,FALSE
28-09-1990 08:00,6,0.007,3.6288,FALSE
29-09-1990 08:00,5,0.007,3.024,FALSE
30-09-1990 08:00,3,0.006,1.5552,FALSE
02-10-1990 08:00,3,0.006,1.5552,FALSE
07-10-1990 08:00,2.5,0.005,1.08,FALSE
14-10-1990 08:00,11.5,0.01,9.936,FALSE
17-10-1990 08:00,24.5,0.033,69.8544,FALSE
21-10-1990 08:00,56,0.039,188.6976,FALSE
28-10-1990 08:00,151.5,0.053,693.7488,FALSE
02-11-1990 08:00,154,0.097,1290.6432,FALSE
11-11-1990 08:00,43,0.018,66.8736,FALSE
18-11-1990 08:00,45,0.019,73.872,FALSE
25-11-1990 08:00,31,0.0565,151.3296,FALSE
02-12-1990 08:00,17.2,0.0116,17.238528,FALSE
09-12-1990 08:00,11.6,0.005,5.0112,FALSE
10-12-1990 08:00,10,0.003,2.592,FALSE
12-12-1990 08:00,8.1,0.006,4.19904,FALSE
16-12-1990 08:00,6,0.008,4.1472,FALSE
23-12-1990 08:00,4.4,0.006,2.28096,FALSE
25-12-1990 08:00,4.3,0.007,2.60064,FALSE
30-12-1990 08:00,3,0.009,2.3328,FALSE
06-01-1991 08:00,20.6,0.0313,55.708992,FALSE
09-01-1991 08:00,5.5,0.017,8.0784,FALSE
10-01-1991 08:00,5.5,0.02,9.504,FALSE
13-01-1991 08:00,3.9,0.006,2.02176,FALSE
20-01-1991 08:00,2.8,0.005,1.2096,FALSE
26-01-1991 08:00,1.75,0.009,1.3608,FALSE
27-01-1991 08:00,1.7,0.009,1.32192,FALSE
03-02-1991 08:00,1.3,0.008,0.89856,FALSE
10-02-1991 08:00,0.8,0.006,0.41472,FALSE
12-02-1991 08:00,0.95,0.013,1.06704,FALSE
17-02-1991 08:00,0.85,0.012,0.88128,FALSE
24-02-1991 08:00,0.6,0.01,0.5184,FALSE
03-03-1991 08:00,0.85,0.008,0.58752,FALSE
10-03-1991 08:00,2.1,0.018,3.26592,FALSE
17-03-1991 08:00,0.6,0.008,0.41472,FALSE
24-03-1991 08:00,0.3,0.008,0.20736,FALSE
28-03-1991 08:00,0.5,0.01,0.432,FALSE
29-03-1991 08:00,0.3,0.01,0.2592,FALSE
31-03-1991 08:00,0.6,0.014,0.72576,FALSE
07-04-1991 08:00,1.5,0.009,1.1664,FALSE
14-04-1991 08:00,8.2,0.061,43.21728,FALSE
15-04-1991 08:00,6,0.043,22.2912,FALSE
16-04-1991 08:00,3.7,0.0314,10.037952,FALSE
21-04-1991 08:00,1.6,0.012,1.65888,FALSE
23-04-1991 08:00,0.9,0.011,0.85536,FALSE
28-04-1991 08:00,1,0.009,0.7776,FALSE
05-05-1991 08:00,2.6,0.028,6.28992,FALSE
07-05-1991 08:00,0.9,0.011,0.85536,FALSE
12-05-1991 08:00,2.6,0.012,2.69568,FALSE
18-05-1991 08:00,6,0.011,5.7024,FALSE
19-05-1991 08:00,3.6,0.011,3.42144,FALSE
21-05-1991 08:00,15,0.0144,18.6624,FALSE
22-05-1991 08:00,6.2,0.016,8.57088,FALSE
26-05-1991 08:00,2.6,0.01,2.2464,FALSE
28-05-1991 08:00,5,0.009,3.888,FALSE
01-06-1991 08:00,8.857,0.008,6.1219584,FALSE
02-06-1991 08:00,10.21,0.009,7.939296,FALSE
03-06-1991 08:00,119.7,0.201,2078.75808,FALSE
04-06-1991 08:00,242.4,0.076,1591.69536,FALSE
05-06-1991 08:00,329,0.08,2274.048,FALSE
06-06-1991 08:00,361.2,0.117,3651.29856,FALSE
07-06-1991 08:00,453.7,0.082,3214.37376,FALSE
08-06-1991 08:00,551.2,0.195,9286.6176,FALSE
09-06-1991 08:00,572.3,0.202606,10018.20215,FALSE
10-06-1991 08:00,533,0.049,2256.5088,FALSE
11-06-1991 08:00,437.8,0.047,1777.81824,FALSE
12-06-1991 08:00,402.6,0.046,1600.09344,FALSE
13-06-1991 08:00,360.6,0.044,1370.85696,FALSE
14-06-1991 08:00,274.6,0.038,901.56672,FALSE
15-06-1991 08:00,177.7,0.039,598.77792,FALSE
16-06-1991 08:00,152.9,0.042,554.84352,FALSE
17-06-1991 08:00,127.7,0.046,507.53088,FALSE
18-06-1991 08:00,141.2,0.048,585.58464,FALSE
19-06-1991 08:00,239.4,0.082,1696.10112,FALSE
20-06-1991 08:00,246.3,0.035,744.8112,FALSE
21-06-1991 08:00,170.8,0.021,309.89952,FALSE
22-06-1991 08:00,138.3,0.026,310.67712,FALSE
23-06-1991 08:00,114.3,0.025,246.888,FALSE
24-06-1991 08:00,113.8,0.024,235.97568,FALSE
25-06-1991 08:00,223.8,0.173,3345.18336,FALSE
26-06-1991 08:00,258,0.051,1136.8512,FALSE
27-06-1991 08:00,214.1,0.04,739.9296,FALSE
28-06-1991 08:00,183.4,0.041,649.67616,FALSE
29-06-1991 08:00,214.5,0.062,1149.0336,FALSE
30-06-1991 08:00,200.1,0.054,933.58656,FALSE
01-07-1991 08:00,220.6,0.079,1505.72736,FALSE
02-07-1991 08:00,163.4,0.027,381.17952,FALSE
03-07-1991 08:00,116,0.028,280.6272,FALSE
04-07-1991 08:00,92.25,0.037,294.9048,FALSE
05-07-1991 08:00,74.39,0.027,173.536992,FALSE
06-07-1991 08:00,63.96,0.019,104.996736,FALSE
07-07-1991 08:00,102.9,0.062,551.21472,FALSE
08-07-1991 08:00,195.2,0.103,1737.12384,FALSE
09-07-1991 08:00,183.5,0.044,697.5936,FALSE
10-07-1991 08:00,169.6,0.03,439.6032,FALSE
11-07-1991 08:00,198.2,0.027,462.36096,FALSE
12-07-1991 08:00,288.8,0.04844,1208.690381,FALSE
13-07-1991 08:00,197.6,0.038,648.76032,FALSE
14-07-1991 08:00,168.2,0.035,508.6368,FALSE
15-07-1991 08:00,149.2,0.031,399.61728,FALSE
16-07-1991 08:00,110.2,0.027,257.07456,FALSE
17-07-1991 08:00,88.77,0.018,138.055104,FALSE
18-07-1991 08:00,72.02,0.029,180.453312,FALSE
19-07-1991 08:00,78.94,0.05,341.0208,FALSE
20-07-1991 08:00,66.06,0.025,142.6896,FALSE
21-07-1991 08:00,53.71,0.022,102.091968,FALSE
22-07-1991 08:00,46.11,0.019,75.694176,FALSE
23-07-1991 08:00,43.48,0.018,67.620096,FALSE
24-07-1991 08:00,39.04,0.012,40.476672,FALSE
25-07-1991 08:00,37.38,0.014,45.214848,FALSE
26-07-1991 08:00,59.41,0.035,179.65584,FALSE
27-07-1991 08:00,101.4,0.079,692.11584,FALSE
28-07-1991 08:00,131.7,0.068,773.76384,FALSE
29-07-1991 08:00,144.1,0.058,722.11392,FALSE
30-07-1991 08:00,131,0.022,249.0048,FALSE
31-07-1991 08:00,179.9,0.038,590.64768,FALSE
01-08-1991 08:00,317.6,0.085,2332.4544,FALSE
02-08-1991 08:00,246.2,0.0265,563.69952,FALSE
03-08-1991 08:00,155.7,0.0263,353.800224,FALSE
04-08-1991 08:00,110,0.021,199.584,FALSE
05-08-1991 08:00,85.26,0.019,139.962816,FALSE
06-08-1991 08:00,68.08,0.013,76.467456,FALSE
07-08-1991 08:00,58.71,0.015,76.08816,FALSE
08-08-1991 08:00,51.15,0.01,44.1936,FALSE
09-08-1991 08:00,44.73,0.016,61.834752,FALSE
10-08-1991 08:00,40.91,0.015,53.01936,FALSE
11-08-1991 08:00,35.67,0.014,43.146432,FALSE
12-08-1991 08:00,33.68,0.013,37.829376,FALSE
13-08-1991 08:00,50.81,0.032,140.479488,FALSE
14-08-1991 08:00,60.93,0.029,152.666208,FALSE
15-08-1991 08:00,43.13,0.02,74.52864,FALSE
16-08-1991 08:00,38.95,0.018,60.57504,FALSE
17-08-1991 08:00,56.03,0.07,338.86944,FALSE
18-08-1991 08:00,118,0.0525,535.248,FALSE
19-08-1991 08:00,107.9,0.0371,345.866976,FALSE
20-08-1991 08:00,76.64,0.022,145.677312,FALSE
21-08-1991 08:00,57.44,0.014,69.479424,FALSE
22-08-1991 08:00,49.29,0.017,72.397152,FALSE
23-08-1991 08:00,47.21,0.012,48.947328,FALSE
24-08-1991 08:00,40.18,0.012,41.658624,FALSE
25-08-1991 08:00,38.23,0.013,42.939936,FALSE
26-08-1991 08:00,33.96,0.014,41.078016,FALSE
27-08-1991 08:00,36.91,0.014,44.646336,FALSE
28-08-1991 08:00,30.55,0.011,29.03472,FALSE
29-08-1991 08:00,37.44,0.027,87.340032,FALSE
30-08-1991 08:00,35.72,0.01,30.86208,FALSE
31-08-1991 08:00,30.63,0.028,74.100096,FALSE
01-09-1991 08:00,26.47,0.0133,30.4172064,FALSE
02-09-1991 08:00,23.16,0.014,28.014336,FALSE
03-09-1991 08:00,20.61,0.007,12.464928,FALSE
04-09-1991 08:00,18.83,0.007,11.388384,FALSE
05-09-1991 08:00,17.35,0.011,16.48944,FALSE
06-09-1991 08:00,16.06,0.007,9.713088,FALSE
07-09-1991 08:00,14.78,0.007,8.938944,FALSE
08-09-1991 08:00,13.68,0.007,8.273664,FALSE
09-09-1991 08:00,12.94,0.007,7.826112,FALSE
10-09-1991 08:00,12.18,0.004,4.209408,FALSE
11-09-1991 08:00,11.55,0.006,5.98752,FALSE
12-09-1991 08:00,11.56,0.004,3.995136,FALSE
13-09-1991 08:00,10.89,0.004,3.763584,FALSE
14-09-1991 08:00,10.23,0.004,3.535488,FALSE
15-09-1991 08:00,9.919,0.006,5.1420096,FALSE
16-09-1991 08:00,10.41,0.008,7.195392,FALSE
17-09-1991 08:00,11.14,0.006,5.774976,FALSE
18-09-1991 08:00,9.708,0.004,3.3550848,FALSE
19-09-1991 08:00,8.601,0.005,3.715632,FALSE
20-09-1991 08:00,7.968,0.004,2.7537408,FALSE
21-09-1991 08:00,7.486,0.005,3.233952,FALSE
22-09-1991 08:00,7.087,0.006,3.6739008,FALSE
23-09-1991 08:00,6.846,0.007,4.1404608,FALSE
24-09-1991 08:00,6.508,0.012,6.7474944,FALSE
25-09-1991 08:00,6.345,0.011,6.030288,FALSE
26-09-1991 08:00,6.143,0.007,3.7152864,FALSE
27-09-1991 08:00,5.802,0.011,5.5142208,FALSE
28-09-1991 08:00,7.805,0.014,9.440928,FALSE
29-09-1991 08:00,12.92,0.02,22.32576,FALSE
30-09-1991 08:00,13.29,0.027,31.002912,FALSE
01-10-1991 08:00,11.19,0.009,8.701344,FALSE
02-10-1991 08:00,9.033,0.011,8.5849632,FALSE
03-10-1991 08:00,8.26,0.013,9.277632,FALSE
04-10-1991 08:00,13.23,0.017,19.432224,FALSE
05-10-1991 08:00,12.72,0.034,37.366272,FALSE
06-10-1991 08:00,13.04,0.027,30.419712,FALSE
07-10-1991 08:00,13.91,0.019,22.834656,FALSE
08-10-1991 08:00,10.46,0.016,14.459904,FALSE
09-10-1991 08:00,13.62,0.018,21.181824,FALSE
10-10-1991 08:00,10.46,0.017,15.363648,FALSE
11-10-1991 08:00,9.562,0.01,8.261568,FALSE
12-10-1991 08:00,12,0.017,17.6256,FALSE
13-10-1991 08:00,14.81,0.022,28.150848,FALSE
14-10-1991 08:00,117.8,0.5008,5097.102336,FALSE
15-10-1991 08:00,57.83,0.078,389.727936,FALSE
16-10-1991 08:00,38.63,0.0368,122.8248576,FALSE
17-10-1991 08:00,39.83,0.059,203.037408,FALSE
18-10-1991 08:00,30.38,0.0344,90.2942208,FALSE
19-10-1991 08:00,26.02,0.029,65.195712,FALSE
20-10-1991 08:00,23.86,0.024,49.476096,FALSE
21-10-1991 08:00,22.04,0.018,34.276608,FALSE
22-10-1991 08:00,48.17,0.06,249.71328,FALSE
23-10-1991 08:00,44.63,0.077,296.914464,FALSE
24-10-1991 08:00,41.7,0.031,111.68928,FALSE
25-10-1991 08:00,56.78,0.102,500.390784,FALSE
26-10-1991 08:00,45.57,0.019,74.807712,FALSE
27-10-1991 08:00,35.85,0.021,65.04624,FALSE
28-10-1991 08:00,31.49,0.023,62.576928,FALSE
29-10-1991 08:00,191.9,0.513,8505.62208,FALSE
30-10-1991 08:00,137.2,0.085,1007.5968,FALSE
31-10-1991 08:00,148.1,0.06,767.7504,FALSE
01-11-1991 08:00,131,0.053,599.8752,FALSE
02-11-1991 08:00,88.82,0.026,199.525248,FALSE
03-11-1991 08:00,68.26,0.03,176.92992,FALSE
04-11-1991 08:00,49.51,0.034,145.440576,FALSE
05-11-1991 08:00,55.61,0.044,211.406976,FALSE
06-11-1991 08:00,50.55,0.054,235.84608,FALSE
07-11-1991 08:00,41.86,0.025,90.4176,FALSE
08-11-1991 08:00,33.87,0.022,64.380096,FALSE
09-11-1991 08:00,70.57,0.09,548.75232,FALSE
10-11-1991 08:00,48.65,0.051,214.37136,FALSE
11-11-1991 08:00,37.82,0.013,42.479424,FALSE
12-11-1991 08:00,32.38,0.021,58.750272,FALSE
13-11-1991 08:00,28.54,0.021,51.782976,FALSE
14-11-1991 08:00,34.84,0.02467,74.26104192,FALSE
15-11-1991 08:00,28.65,0.018,44.55648,FALSE
16-11-1991 08:00,27.75,0.025,59.94,FALSE
17-11-1991 08:00,23.89,0.067,138.294432,FALSE
18-11-1991 08:00,35.75,0.111,342.8568,FALSE
19-11-1991 08:00,37.74,0.048,156.515328,FALSE
20-11-1991 08:00,26.61,0.011,25.290144,FALSE
21-11-1991 08:00,22.37,0.013,25.125984,FALSE
22-11-1991 08:00,14.94,0.015,19.36224,FALSE
23-11-1991 08:00,16.65,0.007,10.06992,FALSE
24-11-1991 08:00,15.82,0.007,9.567936,FALSE
25-11-1991 08:00,16.49,0.008,11.397888,FALSE
26-11-1991 08:00,13.28,0.01,11.47392,FALSE
27-11-1991 08:00,12.79,0.006,6.630336,FALSE
28-11-1991 08:00,11.38,0.008,7.865856,FALSE
29-11-1991 08:00,10.24,0.006,5.308416,FALSE
30-11-1991 08:00,9.457,0.005,4.085424,FALSE
01-12-1991 08:00,9.402,0.0055,4.4678304,FALSE
02-12-1991 08:00,8.784,0.0045,3.4152192,FALSE
03-12-1991 08:00,8.397,0.006,4.3530048,FALSE
04-12-1991 08:00,7.913,0.006,4.1020992,FALSE
05-12-1991 08:00,7.086,0.004,2.4489216,FALSE
06-12-1991 08:00,6.934,0.006,3.5945856,FALSE
07-12-1991 08:00,6.205,0.006,3.216672,FALSE
08-12-1991 08:00,5.783,0.005,2.498256,FALSE
09-12-1991 08:00,5.333,0.005,2.303856,FALSE
10-12-1991 08:00,5.029,0.003,1.3035168,FALSE
11-12-1991 08:00,4.901,0.005,2.117232,FALSE
12-12-1991 08:00,4.611,0.005,1.991952,FALSE
13-12-1991 08:00,4.169,0.005,1.801008,FALSE
14-12-1991 08:00,4.015,0.007,2.428272,FALSE
15-12-1991 08:00,3.976,0.006,2.0611584,FALSE
16-12-1991 08:00,3.826,0.006,1.9833984,FALSE
17-12-1991 08:00,3.715,0.005,1.60488,FALSE
18-12-1991 08:00,4.737,0.003,1.2278304,FALSE
19-12-1991 08:00,3.573,0.01,3.087072,FALSE
20-12-1991 08:00,4.132,0.019,6.7830912,FALSE
21-12-1991 08:00,3.427,0.004,1.1843712,FALSE
22-12-1991 08:00,3.322,0.007,2.0091456,FALSE
23-12-1991 08:00,3.019,0.009,2.3475744,FALSE
24-12-1991 08:00,2.986,0.006,1.5479424,FALSE
25-12-1991 08:00,2.921,0.006,1.5142464,FALSE
26-12-1991 08:00,2.763,0.006,1.4323392,FALSE
27-12-1991 08:00,2.347,0.007,1.4194656,FALSE
28-12-1991 08:00,2.127,0.004,0.7350912,FALSE
29-12-1991 08:00,1.995,0.008,1.378944,FALSE
30-12-1991 08:00,1.774,0.011,1.6860096,FALSE
31-12-1991 08:00,1.658,0.01,1.432512,FALSE
01-01-1992 08:00,2.375,0.007,1.4364,FALSE
02-01-1992 08:00,2.521,0.008,1.7425152,FALSE
03-01-1992 08:00,2.073,0.007,1.2537504,FALSE
04-01-1992 08:00,1.728,0.006,0.8957952,FALSE
05-01-1992 08:00,1.505,0.006,0.780192,FALSE
06-01-1992 08:00,1.383,0.005,0.597456,FALSE
07-01-1992 08:00,1.161,0.007,0.7021728,FALSE
08-01-1992 08:00,1.128,0.009,0.8771328,FALSE
09-01-1992 08:00,1.111,0.011,1.0558944,FALSE
10-01-1992 08:00,1.032,0.011,0.9808128,FALSE
11-01-1992 08:00,0.959,0.01,0.828576,FALSE
12-01-1992 08:00,0.905,0.01,0.78192,FALSE
13-01-1992 08:00,0.808,0.011,0.7679232,FALSE
14-01-1992 08:00,0.785,0.011,0.746064,FALSE
15-01-1992 08:00,0.775,0.01,0.6696,FALSE
16-01-1992 08:00,0.735,0.013,0.825552,FALSE
17-01-1992 08:00,0.674,0.012,0.6988032,FALSE
18-01-1992 08:00,0.69,0.013,0.775008,FALSE
19-01-1992 08:00,0.644,0.012,0.6676992,FALSE
20-01-1992 08:00,0.631,0.012,0.6542208,FALSE
21-01-1992 08:00,0.579,0.014,0.7003584,FALSE
22-01-1992 08:00,0.597,0.014,0.7221312,FALSE
23-01-1992 08:00,0.575,0.011,0.54648,FALSE
24-01-1992 08:00,0.572,0.011,0.5436288,FALSE
25-01-1992 08:00,0.575,0.011,0.54648,FALSE
26-01-1992 08:00,0.568,0.011,0.5398272,FALSE
27-01-1992 08:00,0.555,0.011,0.527472,FALSE
28-01-1992 08:00,0.551,0.01,0.476064,FALSE
29-01-1992 08:00,0.548,0.009,0.4261248,FALSE
30-01-1992 08:00,0.548,0.008,0.3787776,FALSE
31-01-1992 08:00,0.55,0.014,0.66528,FALSE
01-02-1992 08:00,0.552,0.014,0.6676992,FALSE
02-02-1992 08:00,0.549,0.012,0.5692032,FALSE
03-02-1992 08:00,0.55,0.011,0.52272,FALSE
04-02-1992 08:00,0.549,0.009,0.4269024,FALSE
05-02-1992 08:00,0.558,0.012,0.5785344,FALSE
06-02-1992 08:00,0.563,0.007,0.3405024,FALSE
07-02-1992 08:00,0.552,0.007,0.3338496,FALSE
08-02-1992 08:00,0.549,0.008,0.3794688,FALSE
09-02-1992 08:00,0.549,0.007,0.3320352,FALSE
10-02-1992 08:00,0.563,0.006,0.2918592,FALSE
11-02-1992 08:00,0.552,0.007,0.3338496,FALSE
12-02-1992 08:00,0.553,0.006,0.2866752,FALSE
13-02-1992 08:00,0.563,0.007,0.3405024,FALSE
14-02-1992 08:00,0.575,0.008,0.39744,FALSE
15-02-1992 08:00,0.549,0.007,0.3320352,FALSE
16-02-1992 08:00,0.549,0.008,0.3794688,FALSE
17-02-1992 08:00,0.549,0.01,0.474336,FALSE
18-02-1992 08:00,0.554,0.011,0.5265216,FALSE
19-02-1992 08:00,0.558,0.011,0.5303232,FALSE
20-02-1992 08:00,0.549,0.007,0.3320352,FALSE
21-02-1992 08:00,0.549,0.008,0.3794688,FALSE
22-02-1992 08:00,0.549,0.013,0.6166368,FALSE
23-02-1992 08:00,0.549,0.012,0.5692032,FALSE
24-02-1992 08:00,0.56,0.011,0.532224,FALSE
25-02-1992 08:00,0.552,0.01,0.476928,FALSE
26-02-1992 08:00,0.552,0.009,0.4292352,FALSE
27-02-1992 08:00,0.558,0.011,0.5303232,FALSE
28-02-1992 08:00,0.56,0.009,0.435456,FALSE
29-02-1992 08:00,0.552,0.013,0.6200064,FALSE
01-03-1992 08:00,0.554,0.005,0.239328,FALSE
02-03-1992 08:00,0.589,0.005,0.254448,FALSE
03-03-1992 08:00,0.613,0.01,0.529632,FALSE
04-03-1992 08:00,0.678,0.011,0.6443712,FALSE
05-03-1992 08:00,0.694,0.012,0.7195392,FALSE
06-03-1992 08:00,0.694,0.012,0.7195392,FALSE
07-03-1992 08:00,0.742,0.014,0.8975232,FALSE
08-03-1992 08:00,0.773,0.014,0.9350208,FALSE
09-03-1992 08:00,0.752,0.012,0.7796736,FALSE
10-03-1992 08:00,0.752,0.012,0.7796736,FALSE
11-03-1992 08:00,0.773,0.013,0.8682336,FALSE
12-03-1992 08:00,0.763,0.012,0.7910784,FALSE
13-03-1992 08:00,0.831,0.014,1.0051776,FALSE
14-03-1992 08:00,0.857,0.014,1.0366272,FALSE
15-03-1992 08:00,0.87,0.014,1.052352,FALSE
16-03-1992 08:00,0.87,0.013,0.977184,FALSE
17-03-1992 08:00,0.831,0.015,1.076976,FALSE
18-03-1992 08:00,0.897,0.015,1.162512,FALSE
19-03-1992 08:00,0.897,0.014,1.0850112,FALSE
20-03-1992 08:00,1.015,0.016,1.403136,FALSE
21-03-1992 08:00,0.834,0.015,1.080864,FALSE
22-03-1992 08:00,0.831,0.014,1.0051776,FALSE
23-03-1992 08:00,0.857,0.014,1.0366272,FALSE
24-03-1992 08:00,1.015,0.016,1.403136,FALSE
25-03-1992 08:00,1.098,0.016,1.5178752,FALSE
26-03-1992 08:00,1.227,0.018,1.9082304,FALSE
27-03-1992 08:00,1.134,0.017,1.6656192,FALSE
28-03-1992 08:00,1.153,0.017,1.6935264,FALSE
29-03-1992 08:00,1.392,0.018,2.1648384,FALSE
30-03-1992 08:00,0.808,0.015,1.047168,FALSE
31-03-1992 08:00,0.939,0.016,1.2980736,FALSE
01-04-1992 08:00,0.808,0.016,1.1169792,FALSE
02-04-1992 08:00,0.897,0.017,1.3175136,FALSE
03-04-1992 08:00,0.939,0.018,1.4603328,FALSE
04-04-1992 08:00,0.897,0.017,1.3175136,FALSE
05-04-1992 08:00,0.984,0.019,1.6153344,FALSE
06-04-1992 08:00,0.87,0.018,1.353024,FALSE
07-04-1992 08:00,0.939,0.019,1.5414624,FALSE
08-04-1992 08:00,1.081,0.026,2.4283584,FALSE
09-04-1992 08:00,1.015,0.015,1.31544,FALSE
10-04-1992 08:00,0.819,0.014,0.9906624,FALSE
11-04-1992 08:00,0.844,0.017,1.2396672,FALSE
12-04-1992 08:00,0.694,0.016,0.9593856,FALSE
13-04-1992 08:00,0.686,0.015,0.889056,FALSE
14-04-1992 08:00,0.575,0.014,0.69552,FALSE
15-04-1992 08:00,0.588,0.014,0.7112448,FALSE
16-04-1992 08:00,0.712,0.016,0.9842688,FALSE
17-04-1992 08:00,0.586,0.012,0.6075648,FALSE
18-04-1992 08:00,0.659,0.013,0.7401888,FALSE
19-04-1992 08:00,0.831,0.013,0.9333792,FALSE
20-04-1992 08:00,0.549,0.013,0.6166368,FALSE
21-04-1992 08:00,0.788,0.013,0.8850816,FALSE
22-04-1992 08:00,0.88,0.011,0.836352,FALSE
23-04-1992 08:00,0.625,0.011,0.594,FALSE
24-04-1992 08:00,0.602,0.012,0.6241536,FALSE
25-04-1992 08:00,0.588,0.014,0.7112448,FALSE
26-04-1992 08:00,0.592,0.015,0.767232,FALSE
27-04-1992 08:00,2.155,0.016,2.979072,FALSE
28-04-1992 08:00,1.728,0.014,2.0901888,FALSE
29-04-1992 08:00,1.68,0.011,1.596672,FALSE
30-04-1992 08:00,0.779,0.011,0.7403616,FALSE
01-05-1992 08:00,0.699,0.016,0.9662976,FALSE
02-05-1992 08:00,1.29,0.017,1.894752,FALSE
03-05-1992 08:00,5.425,0.017,7.96824,FALSE
04-05-1992 08:00,1.751,0.017,2.5718688,FALSE
05-05-1992 08:00,3.981,0.016,5.5033344,FALSE
06-05-1992 08:00,6.119,0.013,6.8728608,FALSE
07-05-1992 08:00,4.287,0.013,4.8151584,FALSE
08-05-1992 08:00,8.904,0.035,26.925696,FALSE
09-05-1992 08:00,6.028,0.015,7.812288,FALSE
10-05-1992 08:00,20.98,0.111,201.206592,FALSE
11-05-1992 08:00,12.19,0.03,31.59648,FALSE
12-05-1992 08:00,5.379,0.019,8.8301664,FALSE
13-05-1992 08:00,5.742,0.023,11.4105024,FALSE
14-05-1992 08:00,6.885,0.027,16.061328,FALSE
15-05-1992 08:00,7.188,0.02,12.420864,FALSE
16-05-1992 08:00,7.298,0.023,14.5025856,FALSE
17-05-1992 08:00,9.006,0.03,23.343552,FALSE
18-05-1992 08:00,12,0.027,27.9936,FALSE
19-05-1992 08:00,139.4,0.451,5431.91616,FALSE
20-05-1992 08:00,72.93,0.086,541.899072,FALSE
21-05-1992 08:00,30.73,0.033,87.617376,FALSE
22-05-1992 08:00,17.79,0.011,16.907616,FALSE
23-05-1992 08:00,12.13,0.008,8.384256,FALSE
24-05-1992 08:00,8.694,0.007,5.2581312,FALSE
25-05-1992 08:00,7.086,0.006,3.6733824,FALSE
26-05-1992 08:00,5.648,0.006,2.9279232,FALSE
27-05-1992 08:00,4.533,0.006,2.3499072,FALSE
28-05-1992 08:00,4.092,0.006,2.1212928,FALSE
29-05-1992 08:00,5.783,0.11,54.961632,FALSE
30-05-1992 08:00,12.78,0.101,111.523392,FALSE
31-05-1992 08:00,8.381,0.0411,29.76126624,FALSE
01-06-1992 08:00,13.48,0.023,26.787456,FALSE
02-06-1992 08:00,11.95,0.013,13.42224,FALSE
03-06-1992 08:00,20.06,0.036,62.394624,FALSE
04-06-1992 08:00,15.42,0.024,31.974912,FALSE
05-06-1992 08:00,13.61,0.012,14.110848,FALSE
06-06-1992 08:00,14.57,0.014,17.623872,FALSE
07-06-1992 08:00,24.36,0.024,50.512896,FALSE
08-06-1992 08:00,108.1,0.1604,1498.110336,FALSE
09-06-1992 08:00,94.15,0.043,349.78608,FALSE
10-06-1992 08:00,149.6,0.173,2236.10112,FALSE
11-06-1992 08:00,130,0.059,662.688,FALSE
12-06-1992 08:00,95.52,0.034,280.599552,FALSE
13-06-1992 08:00,91.4,0.035,276.3936,FALSE
14-06-1992 08:00,92.68,0.04,320.30208,FALSE
15-06-1992 08:00,85.04,0.046,337.982976,FALSE
16-06-1992 08:00,68.99,0.018,107.293248,FALSE
17-06-1992 08:00,77.96,0.041,276.165504,FALSE
18-06-1992 08:00,122.9,0.085,902.5776,FALSE
19-06-1992 08:00,184.3,0.114,1815.28128,FALSE
20-06-1992 08:00,207.2,0.063,1127.83104,FALSE
21-06-1992 08:00,218.2,0.0503713,949.6239258,FALSE
22-06-1992 08:00,191,0.036,594.0864,FALSE
23-06-1992 08:00,159.3,0.048,660.64896,FALSE
24-06-1992 08:00,160,0.034,470.016,FALSE
25-06-1992 08:00,96.21,0.019,157.938336,FALSE
26-06-1992 08:00,68.75,0.024,142.56,FALSE
27-06-1992 08:00,57.38,0.031,153.686592,FALSE
28-06-1992 08:00,43.83,0.024,90.885888,FALSE
29-06-1992 08:00,39.99,0.016,55.282176,FALSE
30-06-1992 08:00,85.64,0.072,532.749312,FALSE
01-07-1992 08:00,147,0.098,1244.6784,FALSE
02-07-1992 08:00,149.9,0.057,738.22752,FALSE
03-07-1992 08:00,111.1,0.031,297.57024,FALSE
04-07-1992 08:00,78.6,0.023,156.19392,FALSE
05-07-1992 08:00,112.5,0.029,281.88,FALSE
06-07-1992 08:00,102.6,0.035,310.2624,FALSE
07-07-1992 08:00,152.9,0.057,753.00192,FALSE
08-07-1992 08:00,190.7,0.07,1153.3536,FALSE
09-07-1992 08:00,214.7,0.048,890.40384,FALSE
10-07-1992 08:00,160.1,0.047,650.13408,FALSE
11-07-1992 08:00,107.7,0.039,362.90592,FALSE
12-07-1992 08:00,105,0.029,263.088,FALSE
13-07-1992 08:00,78.63,0.02,135.87264,FALSE
14-07-1992 08:00,63.68,0.011,60.521472,FALSE
15-07-1992 08:00,58.87,0.015,76.29552,FALSE
16-07-1992 08:00,99.6,0.053,456.08832,FALSE
17-07-1992 08:00,139,0.046,552.4416,FALSE
18-07-1992 08:00,106.1,0.0315,288.76176,FALSE
19-07-1992 08:00,109.9,0.0608,577.317888,FALSE
20-07-1992 08:00,158.5,0.09,1232.496,FALSE
21-07-1992 08:00,112,0.038,367.7184,FALSE
22-07-1992 08:00,81.15,0.026,182.29536,FALSE
23-07-1992 08:00,62.97,0.02,108.81216,FALSE
24-07-1992 08:00,53.48,0.018,83.172096,FALSE
25-07-1992 08:00,52.12,0.019,85.560192,FALSE
26-07-1992 08:00,92.68,0.045,360.33984,FALSE
27-07-1992 08:00,151.4,0.071,928.74816,FALSE
28-07-1992 08:00,309.6,0.234,6259.36896,FALSE
29-07-1992 08:00,435.2,0.089,3346.51392,FALSE
30-07-1992 08:00,400.3,0.052,1798.46784,FALSE
31-07-1992 08:00,233.7,0.026,524.98368,FALSE
01-08-1992 08:00,211.2,0.05,912.384,FALSE
02-08-1992 08:00,184,0.029,461.0304,FALSE
03-08-1992 08:00,140.8,0.032,389.28384,FALSE
04-08-1992 08:00,191.4,0.07985,1320.476256,FALSE
05-08-1992 08:00,241,0.032,666.3168,FALSE
06-08-1992 08:00,178.8,0.021,324.41472,FALSE
07-08-1992 08:00,126.4,0.02,218.4192,FALSE
08-08-1992 08:00,103.2,0.0185,164.95488,FALSE
09-08-1992 08:00,86.23,0.019,141.555168,FALSE
10-08-1992 08:00,77.32,0.019,126.928512,FALSE
11-08-1992 08:00,76.26,0.019,125.188416,FALSE
12-08-1992 08:00,71.08,0.017,104.402304,FALSE
13-08-1992 08:00,59.15,0.016,81.76896,FALSE
14-08-1992 08:00,56.08,0.017,82.370304,FALSE
15-08-1992 08:00,56.4,0.015,73.0944,FALSE
16-08-1992 08:00,53.2,0.014,64.35072,FALSE
17-08-1992 08:00,47.01,0.013,52.801632,FALSE
18-08-1992 08:00,44.39,0.013,49.858848,FALSE
19-08-1992 08:00,42.05,0.015,54.4968,FALSE
20-08-1992 08:00,38.83,0.019,63.743328,FALSE
21-08-1992 08:00,34.87,0.009,27.114912,FALSE
22-08-1992 08:00,31.58,0.007,19.099584,FALSE
23-08-1992 08:00,30.11,0.008,20.812032,FALSE
24-08-1992 08:00,28.31,0.009,22.013856,FALSE
25-08-1992 08:00,26.69,0.006,13.836096,FALSE
26-08-1992 08:00,25.81,0.008,17.839872,FALSE
27-08-1992 08:00,25.03,0.009,19.463328,FALSE
28-08-1992 08:00,25.38,0.004,8.771328,FALSE
29-08-1992 08:00,28.13,0.006,14.582592,FALSE
30-08-1992 08:00,39.01,0.009,30.334176,FALSE
31-08-1992 08:00,56.91,0.035,172.09584,FALSE
01-09-1992 08:00,75.53,0.035,228.40272,FALSE
02-09-1992 08:00,73.57,0.03,190.69344,FALSE
03-09-1992 08:00,117.9,0.0944,961.611264,FALSE
04-09-1992 08:00,93.88,0.02236986,181.4471243,FALSE
05-09-1992 08:00,69.78,0.028,168.811776,FALSE
06-09-1992 08:00,67.18,0.029,168.326208,FALSE
07-09-1992 08:00,63.29,0.03,164.04768,FALSE
08-09-1992 08:00,55.89,0.014,67.604544,FALSE
09-09-1992 08:00,91.59,0.017,134.527392,FALSE
10-09-1992 08:00,99.04,0.02,171.14112,FALSE
11-09-1992 08:00,78.59,0.022,149.383872,FALSE
12-09-1992 08:00,62.76,0.014,75.914496,FALSE
13-09-1992 08:00,51.74,0.012,53.644032,FALSE
14-09-1992 08:00,46.94,0.012,48.667392,FALSE
15-09-1992 08:00,39.63,0.016,54.784512,FALSE
16-09-1992 08:00,34.26,0.009,26.640576,FALSE
17-09-1992 08:00,31.36,0.009,24.385536,FALSE
18-09-1992 08:00,28.48,0.008,19.685376,FALSE
19-09-1992 08:00,26.88,0.008,18.579456,FALSE
20-09-1992 08:00,32.24,0.013,36.211968,FALSE
21-09-1992 08:00,26.09,0.019,42.829344,FALSE
22-09-1992 08:00,47.23,0.042,171.388224,FALSE
23-09-1992 08:00,47.84,0.062,256.269312,FALSE
24-09-1992 08:00,162.3,0.332,4655.54304,FALSE
25-09-1992 08:00,172.6,0.132,1968.46848,FALSE
26-09-1992 08:00,188.1,0.171,2779.06464,FALSE
27-09-1992 08:00,214.3,0.147,2721.78144,FALSE
28-09-1992 08:00,185.4,0.125,2002.32,FALSE
29-09-1992 08:00,144.5,0.04,499.392,FALSE
30-09-1992 08:00,103,0.019,169.0848,FALSE
01-10-1992 08:00,76.44,0.026,171.714816,FALSE
02-10-1992 08:00,79.01,0.026,177.488064,FALSE
03-10-1992 08:00,79.16,0.026,177.825024,FALSE
04-10-1992 08:00,115.8,0.038,380.19456,FALSE
05-10-1992 08:00,132.6,0.051,584.28864,FALSE
06-10-1992 08:00,151.3,0.063,823.55616,FALSE
07-10-1992 08:00,158.8,0.087,1193.66784,FALSE
08-10-1992 08:00,125.1,0.031,335.06784,FALSE
09-10-1992 08:00,289.4,0.175,4375.728,FALSE
10-10-1992 08:00,496.8,0.145,6223.9104,FALSE
11-10-1992 08:00,679.9,0.108685,6384.522082,FALSE
12-10-1992 08:00,595.6,0.07,3602.1888,FALSE
13-10-1992 08:00,343.3,0.06,1779.6672,FALSE
14-10-1992 08:00,206.6,0.034,606.90816,FALSE
15-10-1992 08:00,127.3,0.046,505.94112,FALSE
16-10-1992 08:00,104.8,0.079,715.32288,FALSE
17-10-1992 08:00,82.85,0.036,257.69664,FALSE
18-10-1992 08:00,68.27,0.032,188.752896,FALSE
19-10-1992 08:00,58.45,0.033,166.65264,FALSE
20-10-1992 08:00,52,0.046,206.6688,FALSE
21-10-1992 08:00,46.8,0.022,88.95744,FALSE
22-10-1992 08:00,56.96,0.026,127.954944,FALSE
23-10-1992 08:00,45.68,0.052,205.231104,FALSE
24-10-1992 08:00,41.36,0.031,110.778624,FALSE
25-10-1992 08:00,54.53,0.077,362.777184,FALSE
26-10-1992 08:00,46.14,0.124,494.325504,FALSE
27-10-1992 08:00,55.47,0.138,661.379904,FALSE
28-10-1992 08:00,42.68,0.042,154.877184,FALSE
29-10-1992 08:00,43.96,0.093,353.227392,FALSE
30-10-1992 08:00,33.98,0.029,85.140288,FALSE
31-10-1992 08:00,45.6,0.0443,174.534912,FALSE
01-11-1992 08:00,56.58,0.044,215.094528,FALSE
02-11-1992 08:00,69.88,0.055,332.06976,FALSE
03-11-1992 08:00,61.13,0.062,327.461184,FALSE
04-11-1992 08:00,78.92,0.142,968.253696,FALSE
05-11-1992 08:00,63.9,0.066,364.38336,FALSE
06-11-1992 08:00,64.65,0.353,1971.77328,FALSE
07-11-1992 08:00,65.5,0.065,367.848,FALSE
08-11-1992 08:00,80.39,0.066,458.415936,FALSE
09-11-1992 08:00,61.32,0.068,360.267264,FALSE
10-11-1992 08:00,59.58,0.085,437.55552,FALSE
11-11-1992 08:00,96.37,0.102,849.289536,FALSE
12-11-1992 08:00,61.09,0.04,211.12704,FALSE
13-11-1992 08:00,49.87,0.005,21.54384,FALSE
14-11-1992 08:00,429.3,0.116,4302.61632,FALSE
15-11-1992 08:00,699,0.223,13467.7728,FALSE
16-11-1992 08:00,624.9,0.3294,17784.75398,FALSE
17-11-1992 08:00,407.7,0.455,16027.5024,FALSE
18-11-1992 08:00,249.4,0.209,4503.56544,FALSE
19-11-1992 08:00,159,0.171,2349.1296,FALSE
20-11-1992 08:00,164.7,0.316,4496.70528,FALSE
21-11-1992 08:00,178.5,0.363,5598.3312,FALSE
22-11-1992 08:00,169.5,0.239,3500.1072,FALSE
23-11-1992 08:00,112.3,0.115,1115.8128,FALSE
24-11-1992 08:00,89.76,0.11,853.07904,FALSE
25-11-1992 08:00,75.04,0.092,596.477952,FALSE
26-11-1992 08:00,66.48,0.093,534.180096,FALSE
27-11-1992 08:00,57.48,0.065,322.80768,FALSE
28-11-1992 08:00,50.91,0.072,316.700928,FALSE
29-11-1992 08:00,45.93,0.064,253.974528,FALSE
30-11-1992 08:00,42.69,0.056,206.551296,FALSE
01-12-1992 08:00,23.88,0.039,80.466048,FALSE
02-12-1992 08:00,28.22,0.035129,85.65180883,FALSE
03-12-1992 08:00,26.03,0.037,83.212704,FALSE
04-12-1992 08:00,25.08,0.03777,81.84426624,FALSE
05-12-1992 08:00,21.07,0.038,69.177024,FALSE
06-12-1992 08:00,18.59,0.0316418,50.82229976,FALSE
07-12-1992 08:00,16.83,0.033,47.985696,FALSE
08-12-1992 08:00,15.56,0.029,38.987136,FALSE
09-12-1992 08:00,14.2,0.024,29.44512,FALSE
10-12-1992 08:00,13.36,0.019,21.931776,FALSE
11-12-1992 08:00,12.34,0.027,28.786752,FALSE
12-12-1992 08:00,11.61,0.017,17.052768,FALSE
13-12-1992 08:00,10.47,0.016,14.473728,FALSE
14-12-1992 08:00,10.22,0.023,20.309184,FALSE
15-12-1992 08:00,10.09,0.019,16.563744,FALSE
16-12-1992 08:00,9.487,0.013,10.6557984,FALSE
17-12-1992 08:00,8.667,0.01,7.488288,FALSE
18-12-1992 08:00,8.046,0.007,4.8662208,FALSE
19-12-1992 08:00,8.102,0.016,11.2002048,FALSE
20-12-1992 08:00,9.489,0.012,9.8381952,FALSE
21-12-1992 08:00,8.048,0.006,4.1720832,FALSE
22-12-1992 08:00,7.026,0.011,6.6775104,FALSE
23-12-1992 08:00,5.992,0.02,10.354176,FALSE
24-12-1992 08:00,6.023,0.014,7.2854208,FALSE
25-12-1992 08:00,5.69,0.012,5.899392,FALSE
26-12-1992 08:00,5.277,0.009,4.1033952,FALSE
27-12-1992 08:00,5.231,0.01,4.519584,FALSE
28-12-1992 08:00,4.751,0.011,4.5153504,FALSE
29-12-1992 08:00,4.499,0.008,3.1097088,FALSE
30-12-1992 08:00,4.456,0.008,3.0799872,FALSE
31-12-1992 08:00,3.977,0.017,5.8414176,FALSE
01-01-1993 08:00,3.748,0.015,4.857408,FALSE
02-01-1993 08:00,3.564,0.011,3.3872256,FALSE
03-01-1993 08:00,3.315,0.011,3.150576,FALSE
04-01-1993 08:00,3.28,0.012,3.400704,FALSE
05-01-1993 08:00,3.11,0.008,2.149632,FALSE
06-01-1993 08:00,2.978,0.007,1.8010944,FALSE
07-01-1993 08:00,2.817,0.008,1.9471104,FALSE
08-01-1993 08:00,2.663,0.01,2.300832,FALSE
09-01-1993 08:00,2.372,0.015,3.074112,FALSE
10-01-1993 08:00,2.289,0.014,2.7687744,FALSE
11-01-1993 08:00,2.208,0.014,2.6707968,FALSE
12-01-1993 08:00,2.207,0.015,2.860272,FALSE
13-01-1993 08:00,2.128,0.011,2.0224512,FALSE
14-01-1993 08:00,2.077,0.011,1.9739808,FALSE
15-01-1993 08:00,1.977,0.01,1.708128,FALSE
16-01-1993 08:00,1.929,0.012,1.9999872,FALSE
17-01-1993 08:00,1.811,0.015,2.347056,FALSE
18-01-1993 08:00,1.792,0.018,2.7869184,FALSE
19-01-1993 08:00,1.575,0.015,2.0412,FALSE
20-01-1993 08:00,1.496,0.011,1.4217984,FALSE
21-01-1993 08:00,1.458,0.01,1.259712,FALSE
22-01-1993 08:00,1.422,0.013,1.5971904,FALSE
23-01-1993 08:00,1.386,0.013,1.5567552,FALSE
24-01-1993 08:00,1.44,0.013,1.617408,FALSE
25-01-1993 08:00,1.404,0.013,1.5769728,FALSE
26-01-1993 08:00,1.253,0.013,1.4073696,FALSE
27-01-1993 08:00,1.122,0.013,1.2602304,FALSE
28-01-1993 08:00,1.071,0.009,0.8328096,FALSE
29-01-1993 08:00,1.083,0.007,0.6549984,FALSE
30-01-1993 08:00,1.058,0.007,0.6398784,FALSE
31-01-1993 08:00,1.058,0.007,0.6398784,FALSE
01-02-1993 08:00,1.001,0.01,0.864864,FALSE
02-02-1993 08:00,0.941,0.01,0.813024,FALSE
03-02-1993 08:00,0.857,0.011,0.8144928,FALSE
04-02-1993 08:00,0.819,0.009,0.6368544,FALSE
05-02-1993 08:00,0.794,0.008,0.5488128,FALSE
06-02-1993 08:00,0.785,0.01,0.67824,FALSE
07-02-1993 08:00,0.783,0.014,0.9471168,FALSE
08-02-1993 08:00,0.784,0.018,1.2192768,FALSE
09-02-1993 08:00,0.783,0.01,0.676512,FALSE
10-02-1993 08:00,0.792,0.006,0.4105728,FALSE
11-02-1993 08:00,0.788,0.004,0.2723328,FALSE
12-02-1993 08:00,0.794,0.009,0.6174144,FALSE
13-02-1993 08:00,0.803,0.009,0.6244128,FALSE
14-02-1993 08:00,0.811,0.014,0.9809856,FALSE
15-02-1993 08:00,0.788,0.019,1.2935808,FALSE
16-02-1993 08:00,0.79,0.013,0.887328,FALSE
17-02-1993 08:00,0.792,0.019,1.3001472,FALSE
18-02-1993 08:00,0.803,0.018,1.2488256,FALSE
19-02-1993 08:00,0.828,0.018,1.2877056,FALSE
20-02-1993 08:00,0.785,0.011,0.746064,FALSE
21-02-1993 08:00,0.788,0.014,0.9531648,FALSE
22-02-1993 08:00,0.987,0.017,1.4497056,FALSE
23-02-1993 08:00,1.006,0.017,1.4776128,FALSE
24-02-1993 08:00,1.79,0.017,2.629152,FALSE
25-02-1993 08:00,8.974,0.0444,34.42569984,FALSE
26-02-1993 08:00,4.218,0.029,10.5686208,FALSE
27-02-1993 08:00,2.459,0.022,4.6740672,FALSE
28-02-1993 08:00,1.301,0.022,2.4729408,FALSE
01-03-1993 08:00,1.047,0.016,1.4473728,FALSE
02-03-1993 08:00,0.846,0.008,0.5847552,FALSE
03-03-1993 08:00,13.95,0.043,51.82704,FALSE
04-03-1993 08:00,10.19,0.22367913,196.9306849,FALSE
05-03-1993 08:00,3.735,0.1215,39.208536,FALSE
06-03-1993 08:00,2.43,0.055,11.54736,FALSE
07-03-1993 08:00,1.505,0.042,5.461344,FALSE
08-03-1993 08:00,1.129,0.028,2.7312768,FALSE
09-03-1993 08:00,0.971,0.016,1.3423104,FALSE
10-03-1993 08:00,0.864,0.011,0.8211456,FALSE
11-03-1993 08:00,0.811,0.015,1.051056,FALSE
12-03-1993 08:00,0.786,0.022,1.4940288,FALSE
13-03-1993 08:00,0.901,0.016,1.2455424,FALSE
14-03-1993 08:00,2.027,0.017,2.9772576,FALSE
15-03-1993 08:00,1.482,0.018,2.3048064,FALSE
16-03-1993 08:00,1.166,0.019,1.9141056,FALSE
17-03-1993 08:00,1.109,0.016,1.5330816,FALSE
18-03-1993 08:00,0.894,0.022,1.6993152,FALSE
19-03-1993 08:00,0.846,0.022,1.6080768,FALSE
20-03-1993 08:00,0.935,0.017,1.373328,FALSE
21-03-1993 08:00,0.793,0.013,0.8906976,FALSE
22-03-1993 08:00,0.789,0.01,0.681696,FALSE
23-03-1993 08:00,0.79,0.011,0.750816,FALSE
24-03-1993 08:00,1.122,0.022,2.1326976,FALSE
25-03-1993 08:00,1.026,0.023,2.0388672,FALSE
26-03-1993 08:00,0.877,0.023,1.7427744,FALSE
27-03-1993 08:00,0.811,0.019,1.3313376,FALSE
28-03-1993 08:00,0.785,0.019,1.288656,FALSE
29-03-1993 08:00,1.11,0.02,1.91808,FALSE
30-03-1993 08:00,0.839,0.019,1.3773024,FALSE
31-03-1993 08:00,0.783,0.019,1.2853728,FALSE
01-04-1993 08:00,0.798,0.019,1.3099968,FALSE
02-04-1993 08:00,0.784,0.013,0.8805888,FALSE
03-04-1993 08:00,0.802,0.01,0.692928,FALSE
04-04-1993 08:00,0.911,0.012,0.9445248,FALSE
05-04-1993 08:00,1.009,0.014,1.2204864,FALSE
06-04-1993 08:00,1.083,0.016,1.4971392,FALSE
07-04-1993 08:00,1.781,0.016,2.4620544,FALSE
08-04-1993 08:00,1.368,0.02,2.363904,FALSE
09-04-1993 08:00,1.262,0.02,2.180736,FALSE
10-04-1993 08:00,0.794,0.02,1.372032,FALSE
11-04-1993 08:00,1.807,0.031,4.8398688,FALSE
12-04-1993 08:00,9.019,0.042,32.7281472,FALSE
13-04-1993 08:00,5.108,0.069,30.4518528,FALSE
14-04-1993 08:00,1.946,0.082,13.7870208,FALSE
15-04-1993 08:00,13.01,0.1,112.4064,FALSE
16-04-1993 08:00,5.116,0.044,19.4489856,FALSE
17-04-1993 08:00,5.283,0.027,12.3241824,FALSE
18-04-1993 08:00,2.857,0.022,5.4305856,FALSE
19-04-1993 08:00,1.634,0.016,2.2588416,FALSE
20-04-1993 08:00,1.813,0.02,3.132864,FALSE
21-04-1993 08:00,3.508,0.025,7.57728,FALSE
22-04-1993 08:00,1.513,0.022,2.8759104,FALSE
23-04-1993 08:00,1.024,0.018,1.5925248,FALSE
24-04-1993 08:00,0.793,0.016,1.0962432,FALSE
25-04-1993 08:00,0.794,0.022,1.5092352,FALSE
26-04-1993 08:00,5.786,0.033,16.4970432,FALSE
27-04-1993 08:00,16.75,0.0421,60.92712,FALSE
28-04-1993 08:00,9.974,0.075,64.63152,FALSE
29-04-1993 08:00,4.635,0.038,15.217632,FALSE
30-04-1993 08:00,2.493,0.022,4.7386944,FALSE
01-05-1993 08:00,2.033,0.012,2.1078144,FALSE
02-05-1993 08:00,1.404,0.01,1.213056,FALSE
03-05-1993 08:00,8.227,0.028,19.9027584,FALSE
04-05-1993 08:00,3.505,0.032,9.690624,FALSE
05-05-1993 08:00,5.504,0.036,17.1196416,FALSE
06-05-1993 08:00,6.616,0.037,21.1500288,FALSE
07-05-1993 08:00,4.626,0.037,14.7883968,FALSE
08-05-1993 08:00,2.52,0.013,2.830464,FALSE
09-05-1993 08:00,1.905,0.013,2.139696,FALSE
10-05-1993 08:00,1.406,0.012,1.4577408,FALSE
11-05-1993 08:00,1.036,0.012,1.0741248,FALSE
12-05-1993 08:00,0.908,0.01,0.784512,FALSE
13-05-1993 08:00,1.025,0.009,0.79704,FALSE
14-05-1993 08:00,0.934,0.013,1.0490688,FALSE
15-05-1993 08:00,11.64,0.01,10.05696,FALSE
16-05-1993 08:00,8.405,0.018,13.071456,FALSE
17-05-1993 08:00,13.27,0.025,28.6632,FALSE
18-05-1993 08:00,5.572,0.016,7.7027328,FALSE
19-05-1993 08:00,3.871,0.025,8.36136,FALSE
20-05-1993 08:00,3.319,0.021,6.0219936,FALSE
21-05-1993 08:00,2.235,0.019,3.668976,FALSE
22-05-1993 08:00,13.05,0.121,136.42992,FALSE
23-05-1993 08:00,11.29,0.1,97.5456,FALSE
24-05-1993 08:00,33.7,0.253,736.65504,FALSE
25-05-1993 08:00,11.67,0.046,46.381248,FALSE
26-05-1993 08:00,9.557,0.031,25.5974688,FALSE
27-05-1993 08:00,28.58,0.168,414.844416,FALSE
28-05-1993 08:00,16.31,0.044,62.004096,FALSE
29-05-1993 08:00,56.32,0.148,720.175104,FALSE
30-05-1993 08:00,33.96,0.0967,283.7317248,FALSE
31-05-1993 08:00,22.71,0.032,62.788608,FALSE
01-06-1993 08:00,26.06,0.022,49.534848,FALSE
02-06-1993 08:00,20.3,0.017,29.81664,FALSE
03-06-1993 08:00,40.01,0.037,127.903968,FALSE
04-06-1993 08:00,57.57,0.096,477.508608,FALSE
05-06-1993 08:00,92.82,0.27,2165.30496,FALSE
06-06-1993 08:00,239.6,0.25947,5371.402637,FALSE
07-06-1993 08:00,400.6,0.249,8618.34816,FALSE
08-06-1993 08:00,381.8,0.054,1781.32608,FALSE
09-06-1993 08:00,218.5,0.055,1038.312,FALSE
10-06-1993 08:00,138.5,0.043,514.5552,FALSE
11-06-1993 08:00,106.4,0.049,450.45504,FALSE
12-06-1993 08:00,81.26,0.047,329.980608,FALSE
13-06-1993 08:00,72.82,0.081,509.623488,FALSE
14-06-1993 08:00,144.4,0.118,1472.18688,FALSE
15-06-1993 08:00,151,0.068,887.1552,FALSE
16-06-1993 08:00,110.5,0.032,305.5104,FALSE
17-06-1993 08:00,85.85,0.032,237.35808,FALSE
18-06-1993 08:00,77.16,0.019,126.665856,FALSE
19-06-1993 08:00,102.3,0.137,1210.90464,FALSE
20-06-1993 08:00,96.15,0.083,689.51088,FALSE
21-06-1993 08:00,79.22,0.03,205.33824,FALSE
22-06-1993 08:00,67.77,0.024,140.527872,FALSE
23-06-1993 08:00,59.85,0.017,87.90768,FALSE
24-06-1993 08:00,52.63,0.034,154.605888,FALSE
25-06-1993 08:00,44.87,0.018,69.781824,FALSE
26-06-1993 08:00,38.51,0.021,69.872544,FALSE
27-06-1993 08:00,50.22,0.03,130.17024,FALSE
28-06-1993 08:00,49.26,0.039,165.986496,FALSE
29-06-1993 08:00,44.86,0.022,85.269888,FALSE
30-06-1993 08:00,59.37,0.028,143.627904,FALSE
01-07-1993 08:00,93.87,0.119,965.133792,FALSE
02-07-1993 08:00,151.4,0.121,1582.79616,FALSE
03-07-1993 08:00,216.5,0.12,2244.672,FALSE
04-07-1993 08:00,255,0.083,1828.656,FALSE
05-07-1993 08:00,184.2,0.0792567,1261.36087,FALSE
06-07-1993 08:00,124.6,0.032,344.49408,FALSE
07-07-1993 08:00,116.8,0.026,262.37952,FALSE
08-07-1993 08:00,156.3,0.034,459.14688,FALSE
09-07-1993 08:00,110.7,0.02,191.2896,FALSE
10-07-1993 08:00,109.9,0.039,370.31904,FALSE
11-07-1993 08:00,115.8,0.047,470.24064,FALSE
12-07-1993 08:00,134.9,0.055,641.0448,FALSE
13-07-1993 08:00,138.2,0.03,358.2144,FALSE
14-07-1993 08:00,141.6,0.052,636.18048,FALSE
15-07-1993 08:00,163.7,0.048,678.89664,FALSE
16-07-1993 08:00,228.7,0.069,1363.41792,FALSE
17-07-1993 08:00,323.2,0.15,4188.672,FALSE
18-07-1993 08:00,238.3,0.047,967.68864,FALSE
19-07-1993 08:00,186.1,0.07,1125.5328,FALSE
20-07-1993 08:00,135,0.032,373.248,FALSE
21-07-1993 08:00,131.7,0.167,1900.27296,FALSE
22-07-1993 08:00,103.8,0.038,340.79616,FALSE
23-07-1993 08:00,86.04,0.035,260.18496,FALSE
24-07-1993 08:00,98.79,0.137,1169.357472,FALSE
25-07-1993 08:00,136.7,0.103,1216.52064,FALSE
26-07-1993 08:00,145.3,0.069,866.22048,FALSE
27-07-1993 08:00,132.9,0.044,505.23264,FALSE
28-07-1993 08:00,115.9,0.04,400.5504,FALSE
29-07-1993 08:00,93.96,0.031,251.662464,FALSE
30-07-1993 08:00,87.09,0.031,233.261856,FALSE
31-07-1993 08:00,98.87,0.023,196.474464,FALSE
01-08-1993 08:00,149.6,0.079,1021.10976,FALSE
02-08-1993 08:00,148.8,0.078,1002.79296,FALSE
03-08-1993 08:00,127.2,0.041,450.59328,FALSE
04-08-1993 08:00,143.8,0.0512,636.125184,FALSE
05-08-1993 08:00,158.9,0.0763,1047.519648,FALSE
06-08-1993 08:00,131,0.0415,469.7136,FALSE
07-08-1993 08:00,106.6,0.022,202.62528,FALSE
08-08-1993 08:00,82.49,0.021,149.669856,FALSE
09-08-1993 08:00,69.25,0.02,119.664,FALSE
10-08-1993 08:00,56.36,0.019,92.520576,FALSE
11-08-1993 08:00,48.46,0.026,108.860544,FALSE
12-08-1993 08:00,45.49,0.024,94.328064,FALSE
13-08-1993 08:00,37.59,0.015,48.71664,FALSE
14-08-1993 08:00,35.5,0.021,64.4112,FALSE
15-08-1993 08:00,32.54,0.02,56.22912,FALSE
16-08-1993 08:00,35.05,0.021,63.59472,FALSE
17-08-1993 08:00,32.93,0.022,62.593344,FALSE
18-08-1993 08:00,32.17,0.027,75.046176,FALSE
19-08-1993 08:00,27.27,0.019,44.766432,FALSE
20-08-1993 08:00,30.83,0.064,170.477568,FALSE
21-08-1993 08:00,25.78,0.02,44.54784,FALSE
22-08-1993 08:00,22.25,0.021,40.3704,FALSE
23-08-1993 08:00,20.75,0.022,39.4416,FALSE
24-08-1993 08:00,19.7,0.018,30.63744,FALSE
25-08-1993 08:00,34.95,0.038,114.74784,FALSE
26-08-1993 08:00,35.32,0.057,173.943936,FALSE
27-08-1993 08:00,30.75,0.039,103.6152,FALSE
28-08-1993 08:00,24.73,0.014,29.913408,FALSE
29-08-1993 08:00,25.93,0.014,31.364928,FALSE
30-08-1993 08:00,29.78,0.016,41.167872,FALSE
31-08-1993 08:00,28.61,0.016,39.550464,FALSE
01-09-1993 08:00,39.52,0.03329,113.6696371,FALSE
02-09-1993 08:00,33.92,0.031,90.851328,FALSE
03-09-1993 08:00,26.85,0.012,27.83808,FALSE
04-09-1993 08:00,29.32,0.012,30.398976,FALSE
05-09-1993 08:00,42.4,0.018,65.94048,FALSE
06-09-1993 08:00,33,0.025,71.28,FALSE
07-09-1993 08:00,28.23,0.013,31.707936,FALSE
08-09-1993 08:00,24.17,0.01,20.88288,FALSE
09-09-1993 08:00,21.22,0.013,23.834304,FALSE
10-09-1993 08:00,18.04,0.01,15.58656,FALSE
11-09-1993 08:00,16.08,0.015,20.83968,FALSE
12-09-1993 08:00,14.72,0.014,17.805312,FALSE
13-09-1993 08:00,14.39,0.013,16.162848,FALSE
14-09-1993 08:00,13.42,0.009,10.435392,FALSE
15-09-1993 08:00,11.52,0.009,8.957952,FALSE
16-09-1993 08:00,9.972,0.009,7.7542272,FALSE
17-09-1993 08:00,9.122,0.008,6.3051264,FALSE
18-09-1993 08:00,7.894,0.007,4.7742912,FALSE
19-09-1993 08:00,9.922,0.009,7.7153472,FALSE
20-09-1993 08:00,8.937,0.011,8.4937248,FALSE
21-09-1993 08:00,7.607,0.008,5.2579584,FALSE
22-09-1993 08:00,7.946,0.009,6.1788096,FALSE
23-09-1993 08:00,6.967,0.008,4.8155904,FALSE
24-09-1993 08:00,6.127,0.005,2.646864,FALSE
25-09-1993 08:00,5.411,0.012,5.6101248,FALSE
26-09-1993 08:00,5.053,0.01,4.365792,FALSE
27-09-1993 08:00,5.364,0.008,3.7075968,FALSE
28-09-1993 08:00,6.378,0.01,5.510592,FALSE
29-09-1993 08:00,26.8,0.091,210.71232,FALSE
30-09-1993 08:00,22.63,0.088,172.060416,FALSE
01-10-1993 08:00,48.4,0.213,890.71488,FALSE
02-10-1993 08:00,33.31,0.171,492.135264,FALSE
03-10-1993 08:00,152.6,0.136,1793.11104,FALSE
04-10-1993 08:00,187.2,0.099,1601.23392,FALSE
05-10-1993 08:00,113.3,0.0562,550.148544,FALSE
06-10-1993 08:00,85.06,0.038,279.268992,FALSE
07-10-1993 08:00,121.6,0.097,1019.10528,FALSE
08-10-1993 08:00,135.9,0.066,774.95616,FALSE
09-10-1993 08:00,116,0.035,350.784,FALSE
10-10-1993 08:00,88.87,0.045,345.52656,FALSE
11-10-1993 08:00,109.3,0.055,519.3936,FALSE
12-10-1993 08:00,129.7,0.091,1019.75328,FALSE
13-10-1993 08:00,110.1,0.044,418.55616,FALSE
14-10-1993 08:00,84.74,0.027,197.681472,FALSE
15-10-1993 08:00,76.23,0.025,164.6568,FALSE
16-10-1993 08:00,57.9,0.056,280.14336,FALSE
17-10-1993 08:00,45.95,0.035,138.9528,FALSE
18-10-1993 08:00,40.18,0.012,41.658624,FALSE
19-10-1993 08:00,66.42,0.113,648.471744,FALSE
20-10-1993 08:00,83.84,0.231,1673.312256,FALSE
21-10-1993 08:00,90.65,0.093,728.39088,FALSE
22-10-1993 08:00,86.34,0.067,499.804992,FALSE
23-10-1993 08:00,66.25,0.04,228.96,FALSE
24-10-1993 08:00,52.28,0.045,203.26464,FALSE
25-10-1993 08:00,47.13,0.05,203.6016,FALSE
26-10-1993 08:00,40.72,0.034,119.619072,FALSE
27-10-1993 08:00,37.19,0.027,86.756832,FALSE
28-10-1993 08:00,35.9,0.058,179.90208,FALSE
29-10-1993 08:00,29.96,0.019,49.182336,FALSE
30-10-1993 08:00,35.3,0.1,304.992,FALSE
31-10-1993 08:00,54.13,0.154,720.232128,FALSE
01-11-1993 08:00,53.95,0.058,270.35424,FALSE
02-11-1993 08:00,39.31,0.026,88.305984,FALSE
03-11-1993 08:00,35.02,0.042,127.080576,FALSE
04-11-1993 08:00,30.37,0.026,68.223168,FALSE
05-11-1993 08:00,27.92,0.041,98.903808,FALSE
06-11-1993 08:00,23.02,0.019,37.789632,FALSE
07-11-1993 08:00,24.97,0.036,77.666688,FALSE
08-11-1993 08:00,41.27,0.054,192.549312,FALSE
09-11-1993 08:00,67.77,0.068,398.162304,FALSE
10-11-1993 08:00,60.35,0.1195,623.10168,FALSE
11-11-1993 08:00,74.86,0.075,485.0928,FALSE
12-11-1993 08:00,91.01,0.078,613.334592,FALSE
13-11-1993 08:00,97.18,0.065,545.76288,FALSE
14-11-1993 08:00,79.28,0.052,356.189184,FALSE
15-11-1993 08:00,64.3,0.04,222.2208,FALSE
16-11-1993 08:00,55.4,0.075,358.992,FALSE
17-11-1993 08:00,71.57,0.126,779.139648,FALSE
18-11-1993 08:00,76.03,0.163,1070.745696,FALSE
19-11-1993 08:00,66.01,0.076,433.448064,FALSE
20-11-1993 08:00,50.67,0.079,345.853152,FALSE
21-11-1993 08:00,55.27,0.066,315.171648,FALSE
22-11-1993 08:00,55.64,0.054,259.593984,FALSE
23-11-1993 08:00,36.81,0.026,82.689984,FALSE
24-11-1993 08:00,30.23,0.013,33.954336,FALSE
25-11-1993 08:00,27.04,0.016,37.380096,FALSE
26-11-1993 08:00,26.22,0.016,36.246528,FALSE
27-11-1993 08:00,22.63,0.01,19.55232,FALSE
28-11-1993 08:00,20.71,0.0104,18.6091776,FALSE
29-11-1993 08:00,17.6,0.0124,18.855936,FALSE
30-11-1993 08:00,15.55,0.013,17.46576,FALSE
01-12-1993 08:00,17.94,0.021,32.550336,FALSE
02-12-1993 08:00,16.62,0.011,15.795648,FALSE
03-12-1993 08:00,15.66,0.024,32.472576,FALSE
04-12-1993 08:00,21.77,0.067,126.022176,FALSE
05-12-1993 08:00,18.96,0.04605,75.4365312,FALSE
06-12-1993 08:00,15.41,0.026,34.617024,FALSE
07-12-1993 08:00,14.04,0.012,14.556672,FALSE
08-12-1993 08:00,15.66,0.015,20.29536,FALSE
09-12-1993 08:00,13.38,0.014,16.184448,FALSE
10-12-1993 08:00,11.53,0.011,10.958112,FALSE
11-12-1993 08:00,10.59,0.009,8.234784,FALSE
12-12-1993 08:00,10.38,0.009,8.071488,FALSE
13-12-1993 08:00,9.281,0.008,6.4150272,FALSE
14-12-1993 08:00,8.728,0.013,9.8032896,FALSE
15-12-1993 08:00,8.189,0.008,5.6602368,FALSE
16-12-1993 08:00,7.435,0.007,4.496688,FALSE
17-12-1993 08:00,7.026,0.012,7.2845568,FALSE
18-12-1993 08:00,6.937,0.005,2.996784,FALSE
19-12-1993 08:00,7.026,0.007,4.2493248,FALSE
20-12-1993 08:00,6.892,0.009,5.3592192,FALSE
21-12-1993 08:00,6.803,0.007,4.1144544,FALSE
22-12-1993 08:00,7.345,0.006,3.807648,FALSE
23-12-1993 08:00,16.9,0.009,13.14144,FALSE
24-12-1993 08:00,12.12,0.0255,26.702784,FALSE
25-12-1993 08:00,8.055,0.019,13.223088,FALSE
26-12-1993 08:00,7.027,0.014,8.4998592,FALSE
27-12-1993 08:00,6.541,0.009,5.0862816,FALSE
28-12-1993 08:00,5.661,0.011,5.3802144,FALSE
29-12-1993 08:00,5.381,0.01,4.649184,FALSE
30-12-1993 08:00,8.992,0.02,15.538176,FALSE
31-12-1993 08:00,6.585,0.012,6.827328,FALSE
01-01-1994 00:00,5.46,0.009,4.245696,FALSE
02-01-1994 00:00,4.731,0.008,3.2700672,FALSE
03-01-1994 00:00,4.474,0.008,3.0924288,FALSE
04-01-1994 00:00,4.121,0.009,3.2044896,FALSE
05-01-1994 00:00,3.816,0.007,2.3079168,FALSE
06-01-1994 00:00,3.619,0.006,1.8760896,FALSE
07-01-1994 00:00,3.587,0.004,1.2396672,FALSE
08-01-1994 00:00,3.334,0.004,1.1522304,FALSE
09-01-1994 00:00,3.151,0.004,1.0889856,FALSE
10-01-1994 00:00,3.151,0.007,1.9057248,FALSE
11-01-1994 00:00,2.974,0.008,2.0556288,FALSE
12-01-1994 00:00,2.773,0.011,2.6354592,FALSE
13-01-1994 00:00,2.69,0.012,2.788992,FALSE
14-01-1994 00:00,2.527,0.016,3.4933248,FALSE
15-01-1994 00:00,2.581,0.011,2.4529824,FALSE
16-01-1994 00:00,2.974,0.011,2.8264896,FALSE
17-01-1994 00:00,4.55,0.011,4.32432,FALSE
18-01-1994 00:00,8.482,0.0268,19.64024064,FALSE
19-01-1994 00:00,5.99,0.016,8.280576,FALSE
20-01-1994 00:00,4.297,0.009,3.3413472,FALSE
21-01-1994 00:00,3.182,0.01,2.749248,FALSE
22-01-1994 00:00,2.802,0.012,2.9051136,FALSE
23-01-1994 00:00,2.581,0.009,2.0069856,FALSE
24-01-1994 00:00,2.369,0.006,1.2280896,FALSE
25-01-1994 00:00,2.268,0.007,1.3716864,FALSE
26-01-1994 00:00,2.095,0.007,1.267056,FALSE
27-01-1994 00:00,1.931,0.01,1.668384,FALSE
28-01-1994 00:00,1.796,0.007,1.0862208,FALSE
29-01-1994 00:00,1.688,0.007,1.0209024,FALSE
30-01-1994 00:00,1.625,0.007,0.9828,FALSE
31-01-1994 00:00,1.646,0.009,1.2799296,FALSE
01-02-1994 08:00,1.544,0.011,1.4674176,FALSE
02-02-1994 08:00,1.504,0.015,1.949184,FALSE
03-02-1994 08:00,2.321,0.018,3.6096192,FALSE
04-02-1994 08:00,2.168,0.012,2.2477824,FALSE
05-02-1994 08:00,1.605,0.015,2.08008,FALSE
06-02-1994 08:00,1.504,0.012,1.5593472,FALSE
07-02-1994 08:00,1.504,0.009,1.1695104,FALSE
08-02-1994 08:00,1.485,0.015,1.92456,FALSE
09-02-1994 08:00,1.962,0.014,2.3732352,FALSE
10-02-1994 08:00,2.887,0.007,1.7460576,FALSE
11-02-1994 08:00,10.03,0.027,23.397984,FALSE
12-02-1994 08:00,4.696,0.015,6.086016,FALSE
13-02-1994 08:00,9.861,0.022,18.7437888,FALSE
14-02-1994 08:00,15.72,0.031,42.104448,FALSE
15-02-1994 08:00,12.04,0.0351,36.5129856,FALSE
16-02-1994 08:00,11.6,0.037,37.08288,FALSE
17-02-1994 08:00,6.761,0.022,12.8513088,FALSE
18-02-1994 08:00,5.07,0.018,7.884864,FALSE
19-02-1994 08:00,4.191,0.011,3.9831264,FALSE
20-02-1994 08:00,3.685,0.011,3.502224,FALSE
21-02-1994 08:00,3.555,0.011,3.378672,FALSE
22-02-1994 08:00,3.491,0.013,3.9210912,FALSE
23-02-1994 08:00,2.83,0.008,1.956096,FALSE
24-02-1994 08:00,2.5,0.008,1.728,FALSE
25-02-1994 08:00,2.268,0.008,1.5676416,FALSE
26-02-1994 08:00,1.931,0.008,1.3347072,FALSE
27-02-1994 08:00,1.585,0.008,1.095552,FALSE
28-02-1994 08:00,1.465,0.016,2.025216,FALSE
01-03-1994 08:00,1.352,0.013,1.5185664,FALSE
02-03-1994 08:00,1.297,0.015,1.680912,FALSE
03-03-1994 08:00,1.209,0.013,1.3579488,FALSE
04-03-1994 08:00,1.142,0.014,1.3813632,FALSE
05-03-1994 08:00,1.077,0.015,1.395792,FALSE
06-03-1994 08:00,1.046,0.015,1.355616,FALSE
07-03-1994 08:00,0.985,0.016,1.361664,FALSE
08-03-1994 08:00,0.927,0.016,1.2814848,FALSE
09-03-1994 08:00,0.872,0.0336,2.53145088,FALSE
10-03-1994 08:00,0.733,0.007,0.4433184,FALSE
11-03-1994 08:00,0.745,0.012,0.772416,FALSE
12-03-1994 08:00,0.677,0.014,0.8188992,FALSE
13-03-1994 08:00,0.614,0.017,0.9018432,FALSE
14-03-1994 08:00,0.595,0.018,0.925344,FALSE
15-03-1994 08:00,0.577,0.019,0.9472032,FALSE
16-03-1994 08:00,0.624,0.017,0.9165312,FALSE
17-03-1994 08:00,1.823,0.02,3.150144,FALSE
18-03-1994 08:00,1.194,0.012,1.2379392,FALSE
19-03-1994 08:00,1.263,0.019,2.0733408,FALSE
20-03-1994 08:00,1.093,0.018,1.6998336,FALSE
21-03-1994 08:00,1.046,0.024,2.1689856,FALSE
22-03-1994 08:00,0.913,0.011,0.8677152,FALSE
23-03-1994 08:00,0.722,0.01,0.623808,FALSE
24-03-1994 08:00,0.699,0.009,0.5435424,FALSE
25-03-1994 08:00,0.595,0.018,0.925344,FALSE
26-03-1994 08:00,0.493,0.018,0.7667136,FALSE
27-03-1994 08:00,0.606,0.02,1.047168,FALSE
28-03-1994 08:00,1.799,0.021,3.2641056,FALSE
29-03-1994 08:00,1.352,0.014,1.6353792,FALSE
30-03-1994 08:00,1.061,0.017,1.5583968,FALSE
31-03-1994 08:00,0.899,0.014,1.0874304,FALSE
01-04-1994 08:00,1.002,0.014,1.2120192,FALSE
02-04-1994 08:00,1.736,0.015,2.249856,FALSE
03-04-1994 08:00,2.027,0.013,2.2767264,FALSE
04-04-1994 08:00,2.027,0.011,1.9264608,FALSE
05-04-1994 08:00,1.977,0.014,2.3913792,FALSE
06-04-1994 08:00,1.626,0.02,2.809728,FALSE
07-04-1994 08:00,3.72,0.018,5.785344,FALSE
08-04-1994 08:00,2.448,0.017,3.5956224,FALSE
09-04-1994 08:00,2.87,0.017,4.215456,FALSE
10-04-1994 08:00,6.431,0.0172,9.55698048,FALSE
11-04-1994 08:00,5.51,0.02,9.52128,FALSE
12-04-1994 08:00,3.718,0.012,3.8548224,FALSE
13-04-1994 08:00,5.54,0.012,5.743872,FALSE
14-04-1994 08:00,3.784,0.011,3.5963136,FALSE
15-04-1994 08:00,3.213,0.009,2.4984288,FALSE
16-04-1994 08:00,2.218,0.007,1.3414464,FALSE
17-04-1994 08:00,3.952,0.015,5.121792,FALSE
18-04-1994 08:00,6.332,0.024,13.1300352,FALSE
19-04-1994 08:00,7.447,0.035,22.519728,FALSE
20-04-1994 08:00,3.886,0.025,8.39376,FALSE
21-04-1994 08:00,2.608,0.014,3.1546368,FALSE
22-04-1994 08:00,2.558,0.012,2.6521344,FALSE
23-04-1994 08:00,1.887,0.013,2.1194784,FALSE
24-04-1994 08:00,1.585,0.01,1.36944,FALSE
25-04-1994 08:00,1.932,0.01,1.669248,FALSE
26-04-1994 08:00,1.299,0.009,1.0101024,FALSE
27-04-1994 08:00,1.356,0.008,0.9372672,FALSE
28-04-1994 08:00,1.864,0.008,1.2883968,FALSE
29-04-1994 08:00,3.183,0.008,2.2000896,FALSE
30-04-1994 08:00,2.049,0.011,1.9473696,FALSE
01-05-1994 08:00,2.502,0.023,4.9719744,FALSE
02-05-1994 08:00,7.507,0.085,55.131408,FALSE
03-05-1994 08:00,4.483,0.027,10.4579424,FALSE
04-05-1994 08:00,3.246,0.021,5.8895424,FALSE
05-05-1994 08:00,2.528,0.019,4.1499648,FALSE
06-05-1994 08:00,2.421,0.018,3.7651392,FALSE
07-05-1994 08:00,2.448,0.015,3.172608,FALSE
08-05-1994 08:00,3.246,0.019,5.3286336,FALSE
09-05-1994 08:00,6.035,0.023,11.992752,FALSE
10-05-1994 08:00,4.23,0.02,7.30944,FALSE
11-05-1994 08:00,3.004,0.016,4.1527296,FALSE
12-05-1994 08:00,2.528,0.009,1.9657728,FALSE
13-05-1994 08:00,2.003,0.009,1.5575328,FALSE
14-05-1994 08:00,3.131,0.014,3.7872576,FALSE
15-05-1994 08:00,3.218,0.014,3.8924928,FALSE
16-05-1994 08:00,1.932,0.013,2.1700224,FALSE
17-05-1994 08:00,1.281,0.014,1.5494976,FALSE
18-05-1994 08:00,2.946,0.01,2.545344,FALSE
19-05-1994 08:00,2.124,0.015,2.752704,FALSE
20-05-1994 08:00,1.485,0.009,1.154736,FALSE
21-05-1994 08:00,1.504,0.01,1.299456,FALSE
22-05-1994 08:00,1.407,0.009,1.0940832,FALSE
23-05-1994 08:00,2.146,0.013,2.4103872,FALSE
24-05-1994 08:00,3.308,0.01,2.858112,FALSE
25-05-1994 08:00,2.642,0.009,2.0544192,FALSE
26-05-1994 08:00,3.487,0.008,2.4102144,FALSE
27-05-1994 08:00,11.28,0.023,22.415616,FALSE
28-05-1994 08:00,10.65,0.02,18.4032,FALSE
29-05-1994 08:00,34.43,0.03,89.24256,FALSE
30-05-1994 08:00,22.51,0.015,29.17296,FALSE
31-05-1994 08:00,36.69,0.0205,64.985328,FALSE
05-06-1994 08:00,43.73,0.0282,106.5472704,FALSE
12-06-1994 08:00,75.26,0.0397,258.1478208,FALSE
19-06-1994 08:00,54.81,0.0322,152.4858048,FALSE
26-06-1994 08:00,29.53,0.023,58.682016,FALSE
03-07-1994 08:00,82.23,0.0422,299.8171584,FALSE
10-07-1994 08:00,33.98,0.0245,71.928864,FALSE
17-07-1994 08:00,291.9,0.1191,3003.721056,FALSE
24-07-1994 08:00,73.02,0.0388,244.7864064,FALSE
31-07-1994 08:00,169.6,0.0743,1088.750592,FALSE
01-08-1994 08:00,319.8,0.2054,5675.349888,FALSE
03-08-1994 08:00,720.6,0.2763,17202.39379,FALSE
04-08-1994 08:00,688,0.2643,15710.83776,FALSE
07-08-1994 08:00,175.2,0.0763,1154.974464,FALSE
14-08-1994 08:00,45.04,0.0287,111.6847872,FALSE
15-08-1994 08:00,40.24,0.0269,93.5241984,FALSE
19-08-1994 08:00,33.98,0.0241,70.7545152,FALSE
21-08-1994 08:00,28.99,0.0224,56.1060864,FALSE
28-08-1994 08:00,30.21,0.0228,59.5112832,FALSE
04-09-1994 08:00,83.5,0.0308,222.20352,FALSE
11-09-1994 08:00,51.55,0.0111,49.438512,FALSE
16-09-1994 08:00,25.33,0.0061,13.3499232,FALSE
18-09-1994 08:00,21.59,0.0061,11.3787936,FALSE
25-09-1994 08:00,87.32,0.0441,332.7101568,FALSE
02-10-1994 08:00,99.98,0.0488,421.5476736,FALSE
09-10-1994 08:00,73.47,0.0391,248.1992928,FALSE
13-10-1994 08:00,105.9,0.0509,465.722784,FALSE
14-10-1994 08:00,75.4,0.0398,259.279488,FALSE
16-10-1994 08:00,98.72,0.0483,411.9704064,FALSE
23-10-1994 08:00,94.93,0.0469,384.6715488,FALSE
30-10-1994 08:00,199.8,0.0853,1472.510016,FALSE
02-11-1994 08:00,142.7,0.0645,795.23856,FALSE
06-11-1994 08:00,115.9,0.0547,547.752672,FALSE
13-11-1994 08:00,36.6,0.0255,80.63712,FALSE
18-11-1994 08:00,19.19,0.0189,31.3365024,FALSE
20-11-1994 08:00,15.49,0.0176,23.5547136,FALSE
27-11-1994 08:00,24.31,0.0207,43.4779488,FALSE
04-12-1994 08:00,10.27,0.0062,5.5014336,FALSE
11-12-1994 08:00,6.262,0.006,3.2462208,FALSE
18-12-1994 08:00,4.657,0.0135,5.4319248,FALSE
25-12-1994 08:00,2.994,0.0058,1.50035328,FALSE
27-12-1994 08:00,2.722,0.0129,3.03383232,FALSE
01-01-1995 08:00,2.381,0.0128,2.63319552,FALSE
08-01-1995 08:00,1.986,0.0127,2.17919808,FALSE
15-01-1995 08:00,5.127,0.0137,6.06872736,FALSE
22-01-1995 08:00,2.218,0.0128,2.45293056,FALSE
26-01-1995 08:00,1.309,0.0125,1.41372,FALSE
29-01-1995 08:00,1.193,0.0124,1.27813248,FALSE
05-02-1995 08:00,1.496,0.0125,1.61568,FALSE
12-02-1995 08:00,1.082,0.0124,1.15921152,FALSE
19-02-1995 08:00,1.496,0.0125,1.61568,FALSE
26-02-1995 08:00,1.629,0.0126,1.77339456,FALSE
27-02-1995 08:00,3.886,0.0133,4.46548032,FALSE
03-03-1995 08:00,0.928,0.0124,0.99422208,FALSE
05-03-1995 08:00,1.136,0.0124,1.21706496,FALSE
12-03-1995 08:00,6.8,0.0142,8.342784,FALSE
19-03-1995 08:00,1.082,0.0124,1.15921152,FALSE
26-03-1995 08:00,0.833,0.0123,0.88524576,FALSE
02-04-1995 08:00,1.911,0.0127,2.09690208,FALSE
09-04-1995 08:00,14.72,0.0167,21.2391936,FALSE
11-04-1995 08:00,5.007,0.0136,5.88342528,FALSE
12-04-1995 08:00,13.96,0.0164,19.7807616,FALSE
13-04-1995 08:00,7.935,0.0146,10.0095264,FALSE
14-04-1995 08:00,10.44,0.0153,13.8008448,FALSE
16-04-1995 08:00,8.838,0.0148,11.30132736,FALSE
23-04-1995 08:00,5.007,0.0136,5.88342528,FALSE
30-04-1995 08:00,5.494,0.0138,6.55060608,FALSE
07-05-1995 08:00,71.54,0.0345,213.246432,FALSE
14-05-1995 08:00,109.2,0.0364,343.429632,FALSE
21-05-1995 08:00,31.7,0.022,60.25536,FALSE
28-05-1995 08:00,20,0.0183,31.6224,FALSE
04-06-1995 08:00,12,0.015,15.552,FALSE
09-06-1995 08:00,10,0.0137,11.8368,FALSE
11-06-1995 08:00,15,0.0168,21.7728,FALSE
18-06-1995 08:00,170,0.057,837.216,FALSE
25-06-1995 08:00,44.5,0.0209,80.35632,FALSE
02-07-1995 08:00,175,0.0534,807.408,FALSE
09-07-1995 08:00,70,0.0278,168.1344,FALSE
16-07-1995 08:00,94,0.0452,367.09632,FALSE
17-07-1995 08:00,186,0.0554,890.30016,FALSE
18-07-1995 08:00,128,0.0498,550.74816,FALSE
23-07-1995 08:00,90,0.0312,242.6112,FALSE
30-07-1995 08:00,196,0.0563,953.40672,FALSE
02-08-1995 08:00,184.5,0.05,797.04,FALSE
06-08-1995 08:00,107,0.0471,435.43008,FALSE
09-08-1995 08:00,134,0.0504,583.51104,FALSE
13-08-1995 08:00,52,0.0184,82.66752,FALSE
15-08-1995 08:00,40,0.0176,60.8256,FALSE
18-08-1995 08:00,41,0.031,109.8144,FALSE
20-08-1995 08:00,41,0.031,109.8144,FALSE
27-08-1995 08:00,223,0.0586,1129.05792,FALSE
03-09-1995 08:00,248,0.0605,1296.3456,FALSE
05-09-1995 08:00,180,0.055,855.36,FALSE
06-09-1995 08:00,172,0.0541,803.96928,FALSE
07-09-1995 08:00,213,0.0577,1061.86464,FALSE
09-09-1995 08:00,112,0.0478,462.55104,FALSE
10-09-1995 08:00,87,0.0442,332.24256,FALSE
16-09-1995 08:00,56,0.0553,267.56352,FALSE
17-09-1995 08:00,144,0.062,771.3792,FALSE
23-09-1995 08:00,98,0.0459,388.64448,FALSE
24-09-1995 08:00,76,0.0421,276.44544,FALSE
01-10-1995 08:00,24,0.0163,33.79968,FALSE
02-10-1995 08:00,25,0.0178,38.448,FALSE
03-10-1995 08:00,20,0.0236,40.7808,FALSE
08-10-1995 08:00,43,0.0351,130.40352,FALSE
14-10-1995 08:00,36,0.0316,98.28864,FALSE
15-10-1995 08:00,27,0.0269,62.75232,FALSE
22-10-1995 08:00,59,0.0362,184.53312,FALSE
23-10-1995 08:00,66,0.038,216.6912,FALSE
29-10-1995 08:00,53,0.0362,165.76704,FALSE
30-10-1995 08:00,37,0.032,102.2976,FALSE
01-11-1995 08:00,73,0.0415,261.7488,FALSE
05-11-1995 08:00,113,0.0479,467.65728,FALSE
07-11-1995 08:00,81,0.0431,301.63104,FALSE
11-11-1995 08:00,68,0.0404,237.35808,FALSE
12-11-1995 08:00,55,0.0369,175.3488,FALSE
19-11-1995 08:00,35,0.0178,53.8272,FALSE
26-11-1995 08:00,18,0.0052,8.08704,FALSE
03-12-1995 08:00,11.2,0.0057,5.515776,FALSE
07-12-1995 08:00,8,0.0064,4.42368,FALSE
09-12-1995 08:00,7.2,0.007,4.35456,FALSE
10-12-1995 08:00,6.5,0.0069,3.87504,FALSE
16-12-1995 08:00,4.8,0.0063,2.612736,FALSE
17-12-1995 08:00,4.5,0.0065,2.5272,FALSE
19-12-1995 08:00,4,0.0058,2.00448,FALSE
20-12-1995 08:00,3.8,0.0051,1.674432,FALSE
23-12-1995 08:00,3.2,0.0062,1.714176,FALSE
24-12-1995 08:00,3,0.0057,1.47744,FALSE
25-12-1995 08:00,2.8,0.0051,1.233792,FALSE
28-12-1995 08:00,2.4,0.0037,0.767232,FALSE
29-12-1995 08:00,2.2,0.0028,0.532224,FALSE
31-12-1995 08:00,2,0.0018,0.31104,FALSE
07-01-1996 08:00,2,0.0018,0.31104,FALSE
13-01-1996 08:00,1.6,0.004,0.55296,FALSE
14-01-1996 08:00,1.5,0.0035,0.4536,FALSE
15-01-1996 08:00,1.6,0.004,0.55296,FALSE
21-01-1996 08:00,1.6,0.004,0.55296,FALSE
26-01-1996 08:00,1.2,0.0034,0.352512,FALSE
28-01-1996 08:00,1,0.0022,0.19008,FALSE
04-02-1996 08:00,0.76,0.0005,0.032832,FALSE
10-02-1996 08:00,0.4,0.0004,0.013824,FALSE
11-02-1996 08:00,0.4,0.0004,0.013824,FALSE
18-02-1996 08:00,0.6,0.0006,0.031104,FALSE
21-02-1996 08:00,0.3,0.0004,0.010368,FALSE
25-02-1996 08:00,0.4,0.0005,0.01728,FALSE
03-03-1996 08:00,1,0.0022,0.19008,FALSE
09-03-1996 08:00,0.6,0.0006,0.031104,FALSE
10-03-1996 08:00,0.7,0.0007,0.042336,FALSE
14-03-1996 08:00,0.5,0.0005,0.0216,FALSE
17-03-1996 08:00,0.5,0.0005,0.0216,FALSE
24-03-1996 08:00,0.5,0.0005,0.0216,FALSE
31-03-1996 08:00,0.2,0.0002,0.003456,FALSE
01-04-1996 08:00,1.6,0.0069,0.953856,FALSE
05-04-1996 08:00,1.4,0.004,0.48384,FALSE
07-04-1996 08:00,1,0.0035,0.3024,FALSE
13-04-1996 08:00,1.8,0.0039,0.606528,FALSE
14-04-1996 08:00,3.8,0.0075,2.4624,FALSE
21-04-1996 08:00,40.1,0.0684,236.981376,FALSE
27-04-1996 08:00,8.5,0.0122,8.95968,FALSE
28-04-1996 08:00,10.1,0.0138,12.042432,FALSE
29-04-1996 08:00,4.8,0.0091,3.773952,FALSE
03-05-1996 08:00,27.2,0.0207,48.646656,FALSE
05-05-1996 08:00,10.5,0.0075,6.804,FALSE
11-05-1996 08:00,2.7,0.0048,1.119744,FALSE
12-05-1996 08:00,2,0.0038,0.65664,FALSE
17-05-1996 08:00,1.3,0.0041,0.460512,FALSE
19-05-1996 08:00,1,0.009,0.7776,FALSE
26-05-1996 08:00,1.2,0.0055,0.57024,FALSE
28-05-1996 08:00,1.3,0.0041,0.460512,FALSE
02-06-1996 08:00,6,0.0085,4.4064,FALSE
08-06-1996 08:00,4.8,0.0044,1.824768,FALSE
09-06-1996 08:00,11,0.0123,11.68992,FALSE
11-06-1996 08:00,56,0.0235,113.7024,FALSE
15-06-1996 08:00,79,0.0282,192.48192,FALSE
16-06-1996 08:00,57,0.0187,92.09376,FALSE
17-06-1996 08:00,66,0.0376,214.41024,FALSE
20-06-1996 08:00,85,0.0571,419.3424,FALSE
23-06-1996 08:00,102,0.0208,183.30624,FALSE
24-06-1996 08:00,65,0.0171,96.0336,FALSE
25-06-1996 08:00,46,0.0122,48.48768,FALSE
30-06-1996 08:00,20,0.001,1.728,FALSE
07-07-1996 08:00,15,0.0055,7.128,FALSE
13-07-1996 08:00,30,0.0022,5.7024,FALSE
14-07-1996 08:00,42,0.0161,58.42368,FALSE
20-07-1996 08:00,149,0.151,1943.9136,FALSE
21-07-1996 08:00,184,0.0937,1489.60512,FALSE
28-07-1996 08:00,154,0.0308,409.81248,FALSE
29-07-1996 08:00,102,0.0227,200.05056,FALSE
01-08-1996 08:00,86,0.0266,197.64864,FALSE
02-08-1996 08:00,63,0.0153,83.28096,FALSE
03-08-1996 08:00,42,0.0154,55.88352,FALSE
04-08-1996 08:00,37,0.015,47.952,FALSE
10-08-1996 08:00,22,0.0095,18.0576,FALSE
11-08-1996 08:00,23,0.0098,19.47456,FALSE
15-08-1996 08:00,59,0.0409,208.49184,FALSE
18-08-1996 08:00,113,0.0518,505.73376,FALSE
19-08-1996 08:00,80,0.0234,161.7408,FALSE
20-08-1996 08:00,66,0.0235,134.0064,FALSE
21-08-1996 08:00,46,0.0229,91.01376,FALSE
22-08-1996 08:00,38,0.0197,64.67904,FALSE
23-08-1996 08:00,86,0.0701,520.87104,FALSE
25-08-1996 08:00,88,0.085,646.272,FALSE
26-08-1996 08:00,67,0.0644,372.79872,FALSE
27-08-1996 08:00,60,0.0599,310.5216,FALSE
28-08-1996 08:00,68,0.0679,398.92608,FALSE
01-09-1996 08:00,30,0.0152,39.3984,FALSE
04-09-1996 08:00,30,0.0169,43.8048,FALSE
08-09-1996 08:00,38,0.0147,48.26304,FALSE
14-09-1996 08:00,32,0.0134,37.04832,FALSE
15-09-1996 08:00,32.2,0.0135,37.55808,FALSE
18-09-1996 08:00,45,0.0369,143.4672,FALSE
22-09-1996 08:00,35,0.0113,34.1712,FALSE
24-09-1996 08:00,49,0.0881,372.98016,FALSE
25-09-1996 08:00,66,0.0971,553.70304,FALSE
28-09-1996 08:00,148,0.2108,2695.54176,FALSE
29-09-1996 08:00,234,0.2919,5901.51744,FALSE
01-10-1996 08:00,93,0.0354,284.44608,FALSE
02-10-1996 08:00,72,0.031,192.8448,FALSE
06-10-1996 08:00,30,0.0132,34.2144,FALSE
10-10-1996 08:00,103,0.0944,840.08448,FALSE
11-10-1996 08:00,77,0.0567,377.21376,FALSE
12-10-1996 08:00,96,0.071,588.9024,FALSE
13-10-1996 08:00,198,0.1307,2235.91104,FALSE
20-10-1996 08:00,258,0.2868,6393.11616,FALSE
21-10-1996 08:00,152,0.1709,2244.39552,FALSE
22-10-1996 08:00,106,0.0794,727.17696,FALSE
23-10-1996 08:00,115,0.0407,404.3952,FALSE
24-10-1996 08:00,82,0.0486,344.32128,FALSE
25-10-1996 08:00,62,0.0448,239.98464,FALSE
27-10-1996 08:00,38,0.0344,112.94208,FALSE
03-11-1996 08:00,19.5,0.0118,19.88064,FALSE
09-11-1996 08:00,14,0.0088,10.64448,FALSE
10-11-1996 08:00,13,0.0082,9.21024,FALSE
17-11-1996 08:00,12,0.0086,8.91648,FALSE
23-11-1996 08:00,18,0.0156,24.26112,FALSE
24-11-1996 08:00,33,0.0347,98.93664,FALSE
25-11-1996 08:00,27,0.026,60.6528,FALSE
01-12-1996 08:00,26,0.0136,30.55104,FALSE
06-12-1996 08:00,12.2,0.0097,10.224576,FALSE
08-12-1996 08:00,9.8,0.0069,5.842368,FALSE
12-12-1996 08:00,10.2,0.0059,5.199552,FALSE
14-12-1996 08:00,24,0.0118,24.46848,FALSE
15-12-1996 08:00,22,0.0109,20.71872,FALSE
20-12-1996 08:00,9.4,0.0049,3.979584,FALSE
21-12-1996 08:00,8.8,0.0046,3.497472,FALSE
22-12-1996 08:00,7.6,0.0039,2.560896,FALSE
25-12-1996 08:00,7,0.0061,3.68928,FALSE
27-12-1996 08:00,5.6,0.006,2.90304,FALSE
28-12-1996 08:00,5.2,0.0063,2.830464,FALSE
29-12-1996 08:00,4.9,0.0066,2.794176,FALSE
05-01-1997 08:00,3.6,0.0033,1.026432,FALSE
11-01-1997 08:00,3,0.0032,0.82944,FALSE
12-01-1997 08:00,2.9,0.002,0.50112,FALSE
19-01-1997 08:00,2.4,0.0031,0.642816,FALSE
23-01-1997 08:00,2,0.0039,0.67392,FALSE
26-01-1997 08:00,1.8,0.004,0.62208,FALSE
02-02-1997 08:00,1.2,0.0023,0.238464,FALSE
08-02-1997 08:00,1.2,0.0042,0.435456,FALSE
09-02-1997 08:00,1.2,0.0039,0.404352,FALSE
12-02-1997 08:00,1,0.0046,0.39744,FALSE
16-02-1997 08:00,0.8,0.0054,0.373248,FALSE
23-02-1997 08:00,1,0.0075,0.648,FALSE
28-02-1997 08:00,0.9449,0.0046,0.375541056,FALSE
02-03-1997 08:00,0.7,0.0044,0.266112,FALSE
07-03-1997 08:00,2,0.0101,1.74528,FALSE
08-03-1997 08:00,1.7,0.0086,1.263168,FALSE
09-03-1997 08:00,1,0.005,0.432,FALSE
16-03-1997 08:00,0.3,0.0015,0.03888,FALSE
23-03-1997 08:00,2.5,0.004,0.864,FALSE
28-03-1997 08:00,0.8,0.0045,0.31104,FALSE
30-03-1997 08:00,1,0.0056,0.48384,FALSE
06-04-1997 08:00,6,0.0093,4.82112,FALSE
12-04-1997 08:00,2.8,0.0036,0.870912,FALSE
13-04-1997 08:00,2.4,0.003,0.62208,FALSE
14-04-1997 08:00,1.8,0.0023,0.357696,FALSE
18-04-1997 08:00,4,0.0144,4.97664,FALSE
20-04-1997 08:00,1.8,0.013,2.02176,FALSE
23-04-1997 08:00,3.4,0.011,3.23136,FALSE
27-04-1997 08:00,1.6,0.0048,0.663552,FALSE
04-05-1997 08:00,11,0.0346,32.88384,FALSE
10-05-1997 08:00,30,0.0596,154.4832,FALSE
11-05-1997 08:00,32.2,0.0639,177.774912,FALSE
17-05-1997 08:00,14,0.0046,5.56416,FALSE
18-05-1997 08:00,10.4,0.0047,4.223232,FALSE
22-05-1997 08:00,4.4,0.0042,1.596672,FALSE
25-05-1997 08:00,2.4,0.0041,0.850176,FALSE
01-06-1997 08:00,2,0.0048,0.82944,FALSE
08-06-1997 08:00,2,0.01,1.728,FALSE
14-06-1997 08:00,23,0.0081,16.09632,FALSE
15-06-1997 08:00,17,0.0057,8.37216,FALSE
22-06-1997 08:00,4,0.002,0.6912,FALSE
29-06-1997 08:00,30,0.0207,53.6544,FALSE
06-07-1997 08:00,35,0.0063,19.0512,FALSE
12-07-1997 08:00,31,0.0135,36.1584,FALSE
13-07-1997 08:00,26,0.0103,23.13792,FALSE
17-07-1997 08:00,22,0.006,11.4048,FALSE
20-07-1997 08:00,47,0.0443,179.89344,FALSE
27-07-1997 08:00,179,0.0409,632.54304,FALSE
03-08-1997 08:00,58,0.0402,201.45024,FALSE
09-08-1997 08:00,42,0.0152,55.15776,FALSE
10-08-1997 08:00,36,0.0123,38.25792,FALSE
15-08-1997 08:00,18,0.0078,12.13056,FALSE
17-08-1997 08:00,12,0.005,5.184,FALSE
24-08-1997 08:00,48,0.0313,129.80736,FALSE
25-08-1997 08:00,38,0.0202,66.32064,FALSE
31-08-1997 08:00,112,0.0477,461.58336,FALSE
07-09-1997 08:00,22.5,0.0045,8.748,FALSE
13-09-1997 08:00,35.5,0.0317,97.23024,FALSE
14-09-1997 08:00,40,0.0356,123.0336,FALSE
15-09-1997 08:00,47.5,0.0423,173.5992,FALSE
21-09-1997 08:00,158,0.0239,326.26368,FALSE
28-09-1997 08:00,65,0.0199,111.7584,FALSE
02-10-1997 08:00,29,0.0039,9.77184,FALSE
05-10-1997 08:00,42,0.0489,177.44832,FALSE
10-10-1997 08:00,44,0.0526,199.96416,FALSE
11-10-1997 08:00,38,0.0393,129.02976,FALSE
12-10-1997 08:00,33,0.026,74.1312,FALSE
19-10-1997 08:00,78,0.0659,444.11328,FALSE
26-10-1997 08:00,49,0.0296,125.31456,FALSE
30-10-1997 08:00,150,0.0797,1032.912,FALSE
02-11-1997 08:00,138,0.1398,1666.86336,FALSE
08-11-1997 08:00,176,0.0695,1056.8448,FALSE
09-11-1997 08:00,263,0.0819,1861.03008,FALSE
14-11-1997 08:00,61.5,0.0267,141.87312,FALSE
16-11-1997 08:00,119,0.0773,794.76768,FALSE
23-11-1997 08:00,32,0.031,85.7088,FALSE
30-11-1997 08:00,28.5,0.0278,68.45472,FALSE
03-12-1997 08:00,24.8,0.0123,26.355456,FALSE
07-12-1997 08:00,35.2,0.0192,58.392576,FALSE
12-12-1997 08:00,23,0.0371,73.72512,FALSE
13-12-1997 08:00,20.5,0.0315,55.7928,FALSE
14-12-1997 08:00,18,0.0259,40.27968,FALSE
18-12-1997 08:00,13.6,0.0132,15.510528,FALSE
19-12-1997 08:00,30,0.014,36.288,FALSE
21-12-1997 08:00,18,0.0135,20.9952,FALSE
23-12-1997 08:00,15.2,0.013,17.07264,FALSE
24-12-1997 08:00,14.5,0.0138,17.28864,FALSE
25-12-1997 08:00,14.1,0.0146,17.786304,FALSE
28-12-1997 08:00,9.4,0.012,9.74592,FALSE
30-12-1997 08:00,8.2,0.0109,7.722432,FALSE
04-01-1998 08:00,6.3,0.0105,5.71536,FALSE
10-01-1998 08:00,4.9,0.0101,4.275936,FALSE
11-01-1998 08:00,4.4,0.01,3.8016,FALSE
18-01-1998 08:00,3.2,0.0096,2.654208,FALSE
25-01-1998 08:00,3.6,0.006,1.86624,FALSE
26-01-1998 08:00,3.2,0.0058,1.603584,FALSE
30-01-1998 08:00,2.4,0.0038,0.787968,FALSE
01-02-1998 08:00,2,0.0046,0.79488,FALSE
08-02-1998 08:00,1.4,0.007,0.84672,FALSE
14-02-1998 08:00,1.1,0.0088,0.836352,FALSE
15-02-1998 08:00,0.95,0.0097,0.796176,FALSE
22-02-1998 08:00,1.4,0.011,1.33056,FALSE
25-02-1998 08:00,0.95,0.011,0.90288,FALSE
28-02-1998 08:00,0.75,0.0095,0.6156,FALSE
01-03-1998 08:00,0.6,0.0076,0.393984,FALSE
08-03-1998 08:00,0.3,0.0038,0.098496,FALSE
09-03-1998 08:00,0.25,0.0032,0.06912,FALSE
10-03-1998 08:00,0.25,0.0032,0.06912,FALSE
11-03-1998 08:00,0.2,0.0025,0.0432,FALSE
12-03-1998 08:00,0.2,0.0025,0.0432,FALSE
13-03-1998 08:00,0.1,0.0013,0.011232,FALSE
14-03-1998 08:00,0.2,0.0025,0.0432,FALSE
15-03-1998 08:00,0.5,0.0063,0.27216,FALSE
19-03-1998 08:00,0.4063,0.0051,0.179032032,FALSE
22-03-1998 08:00,0.25,0.0032,0.06912,FALSE
05-04-1998 08:00,1.31,0.0059,0.6677856,FALSE
08-04-1998 08:00,0.5,0.0022,0.09504,FALSE
09-04-1998 08:00,0.75,0.0034,0.22032,FALSE
10-04-1998 08:00,0.5,0.0022,0.09504,FALSE
19-04-1998 08:00,1.8,0.0028,0.435456,FALSE
26-04-1998 08:00,0.8,0.0019,0.131328,FALSE
03-05-1998 08:00,0.95,0.0023,0.188784,FALSE
06-05-1998 08:00,7.2,0.0085,5.28768,FALSE
07-05-1998 08:00,11.1,0.0072,6.905088,FALSE
08-05-1998 08:00,6.5,0.0059,3.31344,FALSE
09-05-1998 08:00,5.2,0.0047,2.111616,FALSE
10-05-1998 08:00,8,0.0073,5.04576,FALSE
11-05-1998 08:00,7,0.0064,3.87072,FALSE
12-05-1998 08:00,23.8,0.0073,15.011136,FALSE
13-05-1998 08:00,21.3,0.0063,11.594016,FALSE
14-05-1998 08:00,20.4,0.0062,10.927872,FALSE
15-05-1998 08:00,15.2,0.0046,6.041088,FALSE
16-05-1998 08:00,31.2,0.0085,22.91328,FALSE
17-05-1998 08:00,22.1,0.0063,12.029472,FALSE
18-05-1998 08:00,18,0.0055,8.5536,FALSE
19-05-1998 08:00,11.4,0.0029,2.856384,FALSE
20-05-1998 08:00,8.3,0.0026,1.864512,FALSE
24-05-1998 08:00,4.9,0.001,0.42336,FALSE
31-05-1998 08:00,4,0.0013,0.44928,FALSE
07-06-1998 08:00,4,0.0035,1.2096,FALSE
13-06-1998 08:00,15,0.0023,2.9808,FALSE
14-06-1998 08:00,12,0.0026,2.69568,FALSE
21-06-1998 08:00,24,0.0018,3.73248,FALSE
28-06-1998 08:00,141,0.0102,124.26048,FALSE
05-07-1998 08:00,88,0.0048,36.49536,FALSE
07-07-1998 08:00,48.2,0.004,16.65792,FALSE
11-07-1998 08:00,27,0.0043,10.03104,FALSE
12-07-1998 08:00,28,0.0052,12.57984,FALSE
19-07-1998 08:00,176,0.0136,206.80704,FALSE
26-07-1998 08:00,68,0.0086,50.52672,FALSE
02-08-1998 08:00,65,0.005,28.08,FALSE
08-08-1998 08:00,41,0.0066,23.37984,FALSE
09-08-1998 08:00,39.5,0.0061,20.81808,FALSE
14-08-1998 08:00,54,0.008,37.3248,FALSE
15-08-1998 08:00,44,0.0078,29.65248,FALSE
16-08-1998 08:00,89,0.0076,58.44096,FALSE
17-08-1998 08:00,76,0.0074,48.59136,FALSE
23-08-1998 08:00,135,0.1807,2107.6848,FALSE
30-08-1998 08:00,47,0.0075,30.456,FALSE
03-09-1998 08:00,68,0.0053,31.13856,FALSE
04-09-1998 08:00,66.2,0.0048,27.454464,FALSE
06-09-1998 08:00,122.5,0.0117,123.8328,FALSE
10-09-1998 08:00,341,0.021,618.7104,FALSE
12-09-1998 08:00,135,0.0119,138.8016,FALSE
13-09-1998 08:00,141,0.0124,151.06176,FALSE
20-09-1998 08:00,50,0.0044,19.008,FALSE
27-09-1998 08:00,68,0.0054,31.72608,FALSE
01-10-1998 08:00,70,0.0042,25.4016,FALSE
02-10-1998 08:00,55.5,0.0039,18.70128,FALSE
04-10-1998 08:00,42,0.0035,12.7008,FALSE
10-10-1998 08:00,70,0.0065,39.312,FALSE
11-10-1998 08:00,296,0.0267,682.83648,FALSE
13-10-1998 08:00,800,0.1702,11764.224,FALSE
18-10-1998 08:00,130,0.0045,50.544,FALSE
19-10-1998 08:00,99.5,0.0044,37.82592,FALSE
25-10-1998 08:00,31.5,0.0055,14.9688,FALSE
01-11-1998 08:00,90,0.009,69.984,FALSE
04-11-1998 08:00,42,0.0049,17.78112,FALSE
08-11-1998 08:00,107,0.112,1035.4176,FALSE
15-11-1998 08:00,124,0.0375,401.76,FALSE
22-11-1998 08:00,31,0.0026,6.96384,FALSE
29-11-1998 08:00,20,0.0023,3.9744,FALSE
04-12-1998 08:00,25,0.0191,41.256,FALSE
06-12-1998 08:00,30,0.0135,34.992,FALSE
12-12-1998 08:00,22,0.0015,2.8512,FALSE
13-12-1998 08:00,21,0.0015,2.7216,FALSE
18-12-1998 08:00,18,0.0041,6.37632,FALSE
20-12-1998 08:00,21.5,0.0052,9.65952,FALSE
22-12-1998 08:00,20,0.0049,8.4672,FALSE
25-12-1998 08:00,13.8,0.002,2.38464,FALSE
27-12-1998 08:00,11.5,0.0022,2.18592,FALSE
30-12-1998 08:00,8.7,0.0059,4.434912,FALSE
03-01-1999 08:00,7.05,0.0048,2.923776,FALSE
09-01-1999 08:00,5.05,0.0027,1.178064,FALSE
10-01-1999 08:00,4.85,0.003,1.25712,FALSE
17-01-1999 08:00,3.8,0.0025,0.8208,FALSE
19-01-1999 08:00,3.4,0.0027,0.793152,FALSE
24-01-1999 08:00,3,0.0011,0.28512,FALSE
26-01-1999 08:00,3.15,0.0011,0.299376,FALSE
31-01-1999 08:00,2.6,0.0005,0.11232,FALSE
07-02-1999 08:00,7.3,0.0015,0.94608,FALSE
13-02-1999 08:00,5.9,0.0014,0.713664,FALSE
14-02-1999 08:00,4.55,0.0013,0.511056,FALSE
21-02-1999 08:00,1.9,0.0013,0.213408,FALSE
28-02-1999 08:00,1.2,0.0015,0.15552,FALSE
07-03-1999 08:00,1.9,0.0013,0.213408,FALSE
13-03-1999 08:00,1.8,0.0014,0.217728,FALSE
14-03-1999 08:00,1.8,0.0011,0.171072,FALSE
21-03-1999 08:00,1.5,0.0004,0.05184,FALSE
26-03-1999 08:00,1.6,0.0004,0.055296,FALSE
28-03-1999 08:00,1.3,0.0004,0.044928,FALSE
29-03-1999 08:00,1.25,0.0004,0.0432,FALSE
30-03-1999 08:00,1.15,0.0004,0.039744,FALSE
02-04-1999 08:00,1.4,0.0009,0.108864,FALSE
04-04-1999 08:00,1.5,0.0012,0.15552,FALSE
10-04-1999 08:00,2.35,0.0017,0.345168,FALSE
11-04-1999 08:00,2,0.0018,0.31104,FALSE
14-04-1999 08:00,2.25,0.004,0.7776,FALSE
15-04-1999 08:00,2,0.0027,0.46656,FALSE
18-04-1999 08:00,1.5,0.0015,0.1944,FALSE
25-04-1999 08:00,32.7,0.002,5.65056,FALSE
26-04-1999 08:00,31,0.0018,4.82112,FALSE
30-04-1999 08:00,13.7,0.0012,1.420416,FALSE
02-05-1999 08:00,8.4,0.0012,0.870912,FALSE
08-05-1999 08:00,13.7,0.0015,1.77552,FALSE
09-05-1999 08:00,10.3,0.0012,1.067904,FALSE
16-05-1999 08:00,9.5,0.001,0.8208,FALSE
23-05-1999 08:00,24.5,0.01,21.168,FALSE
25-05-1999 08:00,66,0.0062,35.35488,FALSE
28-05-1999 08:00,122,0.0092,96.97536,FALSE
29-05-1999 08:00,118,0.0137,139.67424,FALSE
30-05-1999 08:00,180,0.0147,228.6144,FALSE
06-06-1999 08:00,156.5,0.0153,206.88048,FALSE
12-06-1999 08:00,278,0.0354,850.27968,FALSE
13-06-1999 08:00,246.5,0.027,575.0352,FALSE
20-06-1999 08:00,74,0.0226,144.49536,FALSE
26-06-1999 08:00,35,0.0146,44.1504,FALSE
27-06-1999 08:00,31,0.014,37.4976,FALSE
04-07-1999 08:00,20.5,0.0092,16.29504,FALSE
10-07-1999 08:00,64,0.0116,64.14336,FALSE
11-07-1999 08:00,57,0.011,54.1728,FALSE
18-07-1999 08:00,89,0.0162,124.57152,FALSE
25-07-1999 08:00,52.5,0.0106,48.0816,FALSE
01-08-1999 08:00,95,0.014,114.912,FALSE
08-08-1999 08:00,46,0.0112,44.51328,FALSE
14-08-1999 08:00,32,0.0104,28.75392,FALSE
15-08-1999 08:00,28.5,0.01,24.624,FALSE
22-08-1999 08:00,28,0.0103,24.91776,FALSE
25-08-1999 08:00,20,0.0108,18.6624,FALSE
26-08-1999 08:00,22,0.0112,21.28896,FALSE
29-08-1999 08:00,26.5,0.0115,26.3304,FALSE
03-09-1999 08:00,24,0.012,24.8832,FALSE
05-09-1999 08:00,20,0.0098,16.9344,FALSE
11-09-1999 08:00,13,0.0082,9.21024,FALSE
12-09-1999 08:00,12,0.007,7.2576,FALSE
18-09-1999 08:00,9.5,0.0034,2.79072,FALSE
19-09-1999 08:00,8,0.0031,2.14272,FALSE
26-09-1999 08:00,10,0.003,2.592,FALSE
02-10-1999 08:00,65,0.0128,71.8848,FALSE
03-10-1999 08:00,33,0.0081,23.09472,FALSE
09-10-1999 08:00,72,0.0106,65.94048,FALSE
10-10-1999 08:00,51,0.0086,37.89504,FALSE
15-10-1999 08:00,95,0.0208,170.7264,FALSE
16-10-1999 08:00,87.5,0.0198,149.688,FALSE
17-10-1999 08:00,364,0.0494,1553.61024,FALSE
20-10-1999 08:00,371,0.0503,1612.33632,FALSE
24-10-1999 08:00,202,0.018,314.1504,FALSE
27-10-1999 08:00,110.7,0.0151,144.423648,FALSE
28-10-1999 08:00,115,0.0154,153.0144,FALSE
29-10-1999 08:00,99,0.0137,117.18432,FALSE
30-10-1999 08:00,82,0.0118,83.60064,FALSE
31-10-1999 08:00,68,0.0104,61.10208,FALSE
07-11-1999 08:00,32,0.0046,12.71808,FALSE
13-11-1999 08:00,17,0.0048,7.05024,FALSE
14-11-1999 08:00,20,0.0048,8.2944,FALSE
21-11-1999 08:00,16.5,0.0051,7.27056,FALSE
23-11-1999 08:00,60,0.0065,33.696,FALSE
28-11-1999 08:00,18,0.0053,8.24256,FALSE
05-12-1999 08:00,14.7,0.0055,6.98544,FALSE
11-12-1999 08:00,8.3,0.0038,2.725056,FALSE
12-12-1999 08:00,8,0.0038,2.62656,FALSE
19-12-1999 08:00,5.1,0.0034,1.498176,FALSE
24-12-1999 08:00,3.7,0.0031,0.991008,FALSE
25-12-1999 08:00,3.7,0.0031,0.991008,FALSE
26-12-1999 08:00,3.7,0.0032,1.022976,FALSE
30-12-1999 08:00,2.5,0.0028,0.6048,FALSE
02-01-2000 08:00,2.2,0.003,0.57024,FALSE
08-01-2000 08:00,2.2,0.002,0.38016,FALSE
09-01-2000 08:00,2.3,0.002,0.39744,FALSE
14-01-2000 08:00,3.4,0.0021,0.616896,FALSE
16-01-2000 08:00,2.3,0.0026,0.516672,FALSE
23-01-2000 08:00,1.4,0.0023,0.278208,FALSE
26-01-2000 08:00,1.3,0.002,0.22464,FALSE
30-01-2000 08:00,1.05,0.0021,0.190512,FALSE
06-02-2000 08:00,0.8,0.0019,0.131328,FALSE
12-02-2000 08:00,38.4,0.0063,20.901888,FALSE
13-02-2000 08:00,35.1,0.0061,18.499104,FALSE
20-02-2000 08:00,2.6,0.003,0.67392,FALSE
27-02-2000 08:00,9.3,0.0035,2.81232,FALSE
05-03-2000 08:00,3.2,0.0035,0.96768,FALSE
11-03-2000 08:00,2.6,0.0027,0.606528,FALSE
12-03-2000 08:00,2.4,0.0027,0.559872,FALSE
17-03-2000 08:00,3.6,0.003,0.93312,FALSE
19-03-2000 08:00,2.3,0.0028,0.556416,FALSE
26-03-2000 08:00,1,0.0017,0.14688,FALSE
02-04-2000 08:00,1.3,0.0014,0.157248,FALSE
08-04-2000 08:00,7.1,0.0036,2.208384,FALSE
09-04-2000 08:00,6,0.0032,1.65888,FALSE
14-04-2000 08:00,1.5,0.0028,0.36288,FALSE
16-04-2000 08:00,0.9,0.0029,0.225504,FALSE
21-04-2000 08:00,1.6,0.0026,0.359424,FALSE
23-04-2000 08:00,4.1,0.0027,0.956448,FALSE
30-04-2000 08:00,0.9,0.0026,0.202176,FALSE
07-05-2000 08:00,0.8,0.002,0.13824,FALSE
13-05-2000 08:00,1.28,0.0024,0.2654208,FALSE
14-05-2000 08:00,0.95,0.0021,0.172368,FALSE
18-05-2000 08:00,1.3,0.0015,0.16848,FALSE
21-05-2000 08:00,1.7,0.0013,0.190944,FALSE
28-05-2000 08:00,4.8,0.0023,0.953856,FALSE
02-06-2000 08:00,8.307,0.002,1.4354496,FALSE
03-06-2000 08:00,4.848,0.0018,0.75396096,FALSE
04-06-2000 08:00,5.653,0.0019,0.92799648,FALSE
10-06-2000 08:00,77.82,0.0078,52.4444544,FALSE
11-06-2000 08:00,60.52,0.0073,38.1711744,FALSE
15-06-2000 08:00,29.22,0.0016,4.0393728,FALSE
18-06-2000 08:00,21.46,0.0045,8.343648,FALSE
25-06-2000 08:00,38.27,0.0068,22.4843904,FALSE
02-07-2000 08:00,143.5,0.0118,146.30112,FALSE
08-07-2000 08:00,54.49,0.0088,41.4298368,FALSE
09-07-2000 08:00,56.87,0.0087,42.7480416,FALSE
16-07-2000 08:00,35.42,0.0072,22.0340736,FALSE
23-07-2000 08:00,13.99,0.0063,7.6150368,FALSE
30-07-2000 08:00,10.26,0.0057,5.0528448,FALSE
06-08-2000 08:00,14.18,0.0064,7.8409728,FALSE
09-08-2000 08:00,63.61,0.0099,54.4094496,FALSE
12-08-2000 08:00,52.14,0.0073,32.8857408,FALSE
13-08-2000 08:00,43.37,0.0075,28.10376,FALSE
15-08-2000 08:00,38.8,0.0075,25.1424,FALSE
20-08-2000 08:00,51.6,0.0074,32.990976,FALSE
22-08-2000 08:00,86.7,0.0095,71.16336,FALSE
27-08-2000 08:00,542.8,0.0738,3461.066496,FALSE
01-09-2000 08:00,85.97,0.0081,60.1652448,FALSE
03-09-2000 08:00,55.08,0.0074,35.2159488,FALSE
09-09-2000 08:00,30.18,0.0069,17.9921088,FALSE
10-09-2000 08:00,36.96,0.0075,23.95008,FALSE
11-09-2000 08:00,24.11,0.0067,13.9567968,FALSE
17-09-2000 08:00,36.7,0.0076,24.098688,FALSE
24-09-2000 08:00,61.13,0.0076,40.1404032,FALSE
01-10-2000 08:00,140.3,0.0117,141.826464,FALSE
02-10-2000 08:00,274.9,0.0212,503.528832,FALSE
07-10-2000 08:00,71.24,0.0077,47.3945472,FALSE
08-10-2000 08:00,66.75,0.0094,54.21168,FALSE
14-10-2000 08:00,38.53,0.0084,27.9635328,FALSE
15-10-2000 08:00,40.93,0.0074,26.1690048,FALSE
22-10-2000 08:00,41.47,0.0074,26.5142592,FALSE
26-10-2000 08:00,27.79,0.0071,17.0474976,FALSE
29-10-2000 08:00,23.22,0.0067,13.4415936,FALSE
05-11-2000 08:00,15.32,0.0026,3.4414848,FALSE
11-11-2000 08:00,7.085,0.0015,0.918216,FALSE
12-11-2000 08:00,6.79,0.0016,0.9386496,FALSE
19-11-2000 08:00,4.209,0.0016,0.58185216,FALSE
26-11-2000 08:00,15.71,0.0025,3.39336,FALSE
30-11-2000 08:00,6.5,0.0023,1.29168,FALSE
03-12-2000 08:00,6.295,0.002,1.087776,FALSE
09-12-2000 08:00,5.14,0.0018,0.7993728,FALSE
10-12-2000 08:00,4.497,0.0017,0.66051936,FALSE
17-12-2000 08:00,2.718,0.0015,0.3522528,FALSE
24-12-2000 08:00,1.874,0.0014,0.22667904,FALSE
25-12-2000 08:00,1.874,0.0014,0.22667904,FALSE
26-12-2000 08:00,1.735,0.0015,0.224856,FALSE
27-12-2000 08:00,2.474,0.0016,0.34200576,FALSE
30-12-2000 08:00,24.12,0.0038,7.9190784,FALSE
31-12-2000 08:00,19.5,0.0034,5.72832,FALSE
07-01-2001 08:00,15.69,0.003,4.066848,FALSE
10-01-2001 08:00,8.914,0.0022,1.69437312,FALSE
11-01-2001 08:00,7.818,0.0022,1.48604544,FALSE
12-01-2001 08:00,7.038,0.0022,1.33778304,FALSE
13-01-2001 08:00,6.787,0.0023,1.34871264,FALSE
14-01-2001 08:00,6.056,0.0024,1.25577216,FALSE
21-01-2001 08:00,4.09,0.0019,0.6714144,FALSE
26-01-2001 08:00,3.327,0.0017,0.48866976,FALSE
28-01-2001 08:00,4.291,0.0016,0.59318784,FALSE
04-02-2001 08:00,7.038,0.0016,0.97293312,FALSE
10-02-2001 08:00,2.474,0.0015,0.3206304,FALSE
11-02-2001 08:00,2.165,0.0015,0.280584,FALSE
18-02-2001 08:00,1.874,0.0013,0.21048768,FALSE
21-02-2001 08:00,5.821,0.0022,1.10645568,FALSE
22-02-2001 08:00,4.291,0.0022,0.81563328,FALSE
23-02-2001 08:00,3.148,0.0018,0.48957696,FALSE
24-02-2001 08:00,2.474,0.0019,0.40613184,FALSE
25-02-2001 08:00,2.017,0.0011,0.19169568,FALSE
28-02-2001 08:00,1.23,0.0011,0.1168992,FALSE
01-03-2001 08:00,1.23,0.001,0.106272,FALSE
02-03-2001 08:00,1.289,0.0009,0.10023264,FALSE
03-03-2001 08:00,1.116,0.0009,0.08678016,FALSE
04-03-2001 08:00,1.23,0.0009,0.0956448,FALSE
05-03-2001 08:00,0.902,0.0009,0.07013952,FALSE
06-03-2001 08:00,0.803,0.001,0.0693792,FALSE
10-03-2001 08:00,1.349,0.001,0.1165536,FALSE
11-03-2001 08:00,1.473,0.001,0.1272672,FALSE
18-03-2001 08:00,1.116,0.001,0.0964224,FALSE
25-03-2001 08:00,0.62,0.0009,0.0482112,FALSE
01-04-2001 08:00,0.111,0.0009,0.00863136,FALSE
05-04-2001 08:00,0.62,0.0009,0.0482112,FALSE
06-04-2001 08:00,1.23,0.001,0.106272,FALSE
08-04-2001 08:00,3.7,0.0013,0.415584,FALSE
10-04-2001 08:30,5.59,0.0016,0.7727616,FALSE
13-04-2001 08:00,16.06,0.0046,6.3828864,FALSE
14-04-2001 08:00,30.61,0.0049,12.9590496,FALSE
15-04-2001 08:00,34.12,0.0056,16.5086208,FALSE
22-04-2001 08:00,25.9,0.0036,8.055936,FALSE
29-04-2001 08:00,17.55,0.0048,7.278336,FALSE
06-05-2001 08:00,12.91,0.003,3.346272,FALSE
07-05-2001 08:00,10.68,0.0029,2.6759808,FALSE
10-05-2001 08:00,13.24,0.0031,3.5462016,FALSE
12-05-2001 08:00,8.358,0.0025,1.805328,FALSE
13-05-2001 08:00,6.787,0.0022,1.29007296,FALSE
20-05-2001 08:00,2.165,0.0028,0.5237568,FALSE
21-05-2001 08:00,2.017,0.0026,0.45309888,FALSE
22-05-2001 08:00,1.874,0.0027,0.43716672,FALSE
23-05-2001 08:00,1.874,0.0026,0.42097536,FALSE
27-05-2001 08:00,4.707,0.0034,1.38272832,FALSE
03-06-2001 08:00,20.98,0.004,7.250688,FALSE
04-06-2001 08:00,18.26,0.004,6.310656,FALSE
09-06-2001 08:00,54.32,0.0062,29.0981376,FALSE
10-06-2001 08:00,48.83,0.0048,20.2507776,FALSE
17-06-2001 08:00,47.64,0.0085,34.986816,FALSE
24-06-2001 08:00,131.4,0.0196,222.518016,FALSE
01-07-2001 08:00,60.62,0.0101,52.8994368,FALSE
08-07-2001 08:00,213.9,0.026,480.50496,FALSE
14-07-2001 08:00,182.6,0.0121,190.897344,FALSE
15-07-2001 08:00,114.7,0.0114,112.974912,FALSE
22-07-2001 08:00,29.04,0.0052,13.0470912,FALSE
29-07-2001 08:00,35.65,0.0055,16.94088,FALSE
05-08-2001 08:00,70.46,0.0099,60.2686656,FALSE
11-08-2001 08:00,23.82,0.0041,8.4379968,FALSE
12-08-2001 08:00,20.98,0.0038,6.8881536,FALSE
15-08-2001 08:00,14.81,0.0029,3.7107936,FALSE
19-08-2001 08:00,33.49,0.0055,15.914448,FALSE
26-08-2001 08:00,66.47,0.0033,18.9519264,FALSE
31-08-2001 08:00,42.95,0.0033,12.245904,FALSE
01-09-2001 08:00,35.11,0.0033,10.0105632,FALSE
02-09-2001 08:00,28.79,0.0033,8.2086048,FALSE
08-09-2001 08:00,13.17,0.0029,3.2998752,FALSE
09-09-2001 08:00,12.37,0.0027,2.8856736,FALSE
16-09-2001 08:00,0.1943,0.0027,0.045326304,FALSE
23-09-2001 08:00,21.45,0.0031,5.745168,FALSE
30-09-2001 08:00,96.54,0.0158,131.7886848,FALSE
02-10-2001 08:00,117.9,0.0093,94.735008,FALSE
07-10-2001 08:00,31.9,0.0058,15.985728,FALSE
13-10-2001 08:00,19.83,0.0033,5.6539296,FALSE
14-10-2001 08:00,33.49,0.0055,15.914448,FALSE
21-10-2001 08:00,66.47,0.0108,62.0244864,FALSE
25-10-2001 08:00,77.26,0.0224,149.5259136,FALSE
26-10-2001 08:00,63.85,0.0186,102.609504,FALSE
28-10-2001 08:00,233.87,0.0844,1705.417459,FALSE
04-11-2001 08:00,77.95,0.038,255.92544,FALSE
10-11-2001 08:00,199,0.0253,434.99808,FALSE
11-11-2001 08:00,162.4,0.0223,312.899328,FALSE
14-11-2001 08:00,64.5,0.0107,59.62896,FALSE
18-11-2001 08:00,209.2,0.1038,1876.172544,FALSE
24-11-2001 08:00,46.45,0.007,28.09296,FALSE
25-11-2001 08:00,38.97,0.0062,20.8754496,FALSE
30-11-2001 08:00,25.28,0.0043,9.3920256,FALSE
02-12-2001 08:00,13.19,0.0054,6.1539264,FALSE
08-12-2001 08:00,8.85,0.0012,0.917568,FALSE
09-12-2001 08:00,8.154,0.0012,0.84540672,FALSE
10-12-2001 08:00,7.493,0.0013,0.84161376,FALSE
11-12-2001 08:00,7.072,0.001,0.6110208,FALSE
12-12-2001 08:00,6.666,0.0009,0.51834816,FALSE
16-12-2001 08:00,5.715,0.0008,0.3950208,FALSE
17-12-2001 08:00,5.187,0.0008,0.35852544,FALSE
18-12-2001 08:00,5.019,0.0009,0.39027744,FALSE
19-12-2001 08:00,5.019,0.001,0.4336416,FALSE
20-12-2001 08:00,4.853,0.0009,0.37736928,FALSE
21-12-2001 08:00,4.692,0.0009,0.36484992,FALSE
23-12-2001 08:00,4.226,0.0008,0.29210112,FALSE
24-12-2001 08:00,4.078,0.0008,0.28187136,FALSE
25-12-2001 08:00,3.933,0.0008,0.27184896,FALSE
29-12-2001 08:00,3.193,0.0008,0.22070016,FALSE
30-12-2001 08:00,2.888,0.0008,0.19961856,FALSE
06-01-2002 08:00,1.942,0.0007,0.11745216,FALSE
11-01-2002 08:00,2.438,0.0007,0.14745024,FALSE
12-01-2002 08:00,2.036,0.0007,0.12313728,FALSE
13-01-2002 08:00,1.763,0.0007,0.10662624,FALSE
20-01-2002 08:00,1.514,0.0006,0.07848576,FALSE
26-01-2002 08:00,1.594,0.0007,0.09640512,FALSE
27-01-2002 08:00,1.514,0.0007,0.09156672,FALSE
03-02-2002 08:00,1.554,0.0006,0.08055936,FALSE
09-02-2002 08:00,1.851,0.0005,0.0799632,FALSE
10-02-2002 08:00,1.514,0.0005,0.0654048,FALSE
17-02-2002 08:00,0.847,0.0005,0.0365904,FALSE
23-02-2002 08:00,1.15,0.0005,0.04968,FALSE
24-02-2002 08:00,1.085,0.0005,0.046872,FALSE
21-04-2002 08:00,1,0.0034,0.29376,FALSE
19-05-2002 08:00,54.52,0.0021,9.8921088,FALSE
24-05-2002 08:00,14.12,0.0015,1.829952,FALSE
26-05-2002 08:00,10.88,0.0014,1.3160448,FALSE
30-05-2002 08:00,11.72,0.0014,1.4176512,FALSE
02-06-2002 08:00,14.32,0.0023,2.8456704,FALSE
08-06-2002 08:00,11.78,0.0037,3.7658304,FALSE
09-06-2002 08:00,12.14,0.0035,3.671136,FALSE
16-06-2002 08:00,83.47,0.0052,37.5014016,FALSE
23-06-2002 08:00,18.2,0.0048,7.547904,FALSE
30-06-2002 08:00,15.84,0.0022,3.0108672,FALSE
07-07-2002 08:00,31.37,0.003,8.131104,FALSE
13-07-2002 08:00,80.31,0.0305,211.632912,FALSE
14-07-2002 08:00,95.83,0.0373,308.8332576,FALSE
21-07-2002 08:00,31.13,0.0034,9.1447488,FALSE
28-07-2002 08:00,18.6,0.0023,3.696192,FALSE
04-08-2002 08:00,50.27,0.0045,19.544976,FALSE
10-08-2002 08:00,44.9,0.0046,17.845056,FALSE
11-08-2002 08:00,47.56,0.0049,20.1350016,FALSE
13-08-2002 08:00,40.23,0.0067,23.2883424,FALSE
15-08-2002 08:00,30.42,0.0073,19.1865024,FALSE
18-08-2002 08:00,94.51,0.0029,23.6804256,FALSE
21-08-2002 08:00,49.72,0.0022,9.4507776,FALSE
22-08-2002 08:00,40.74,0.0021,7.3918656,FALSE
23-08-2002 08:00,35.47,0.002,6.129216,FALSE
25-08-2002 08:00,26.74,0.0026,6.0068736,FALSE
30-08-2002 08:00,15.46,0.0023,3.0722112,FALSE
01-09-2002 08:00,11.78,0.0018,1.8320256,FALSE
08-09-2002 08:00,10.06,0.002,1.738368,FALSE
14-09-2002 08:00,6.15,0.0025,1.3284,FALSE
15-09-2002 08:00,5.44,0.0025,1.17504,FALSE
22-09-2002 08:00,2.013,0.0024,0.41741568,FALSE
28-09-2002 08:00,0.46,0.0022,0.0874368,FALSE
29-09-2002 08:00,0.334,0.0022,0.06348672,FALSE
02-10-2002 08:00,10.74,0.0021,1.9486656,FALSE
06-10-2002 08:00,12.49,0.0022,2.3740992,FALSE
13-10-2002 08:00,29.49,0.0051,12.9944736,FALSE
14-10-2002 08:00,28.56,0.0048,11.8444032,FALSE
15-10-2002 08:00,55.82,0.0083,40.0296384,FALSE
20-10-2002 08:00,56.95,0.0085,41.82408,FALSE
27-10-2002 08:00,44.9,0.0069,26.767584,FALSE
03-11-2002 08:00,61.54,0.0109,57.9559104,FALSE
04-11-2002 08:00,51.37,0.0077,34.1754336,FALSE
09-11-2002 08:00,79.68,0.0213,146.6366976,FALSE
10-11-2002 08:00,160.8,0.2431,3377.417472,FALSE
17-11-2002 08:00,49.72,0.0112,48.1130496,FALSE
19-11-2002 08:00,38.2,0.0065,21.45312,FALSE
24-11-2002 08:00,54.14,0.0075,35.08272,FALSE
01-12-2002 08:00,16.22,0.0049,6.8668992,FALSE
06-12-2002 08:00,11.94,0.0041,4.2296256,FALSE
07-12-2002 08:00,10.3,0.0041,3.648672,FALSE
08-12-2002 08:00,11.27,0.0041,3.9922848,FALSE
11-12-2002 08:00,7.842,0.0038,2.57468544,FALSE
14-12-2002 08:00,6.704,0.0039,2.25897984,FALSE
15-12-2002 08:00,6.43,0.0039,2.1666528,FALSE
19-12-2002 08:00,4.622,0.0035,1.3976928,FALSE
22-12-2002 08:00,3.912,0.0033,1.11538944,FALSE
25-12-2002 08:00,2.621,0.0033,0.74729952,FALSE
27-12-2002 08:00,2.231,0.0035,0.6746544,FALSE
28-12-2002 08:00,2.045,0.0036,0.6360768,FALSE
29-12-2002 08:00,1.864,0.0037,0.59588352,FALSE
12-04-2003 08:00,9.661,0.0034,2.83801536,FALSE
13-04-2003 08:00,7.842,0.0033,2.23591104,FALSE
14-04-2003 08:00,6.983,0.0033,1.99099296,FALSE
15-04-2003 08:00,4.622,0.0032,1.27789056,FALSE
18-04-2003 08:00,3.244,0.0032,0.89690112,FALSE
20-04-2003 08:00,13.67,0.0036,4.2519168,FALSE
04-05-2003 08:00,15.11,0.0035,4.569264,FALSE
10-05-2003 08:00,4.622,0.0027,1.07822016,FALSE
11-05-2003 08:00,3.684,0.0029,0.92306304,FALSE
14-05-2003 08:00,8.136,0.003,2.1088512,FALSE
16-05-2003 08:00,5.117,0.0028,1.23790464,FALSE
18-05-2003 08:00,4.144,0.0027,0.96671232,FALSE
22-06-2003 08:00,23.25,0.0035,7.0308,FALSE
29-06-2003 08:00,27.22,0.0031,7.2906048,FALSE
06-07-2003 08:00,33.79,0.0047,13.7214432,FALSE
13-07-2003 08:00,20.94,0.0104,18.8158464,FALSE
20-07-2003 08:00,60.41,0.0461,240.6154464,FALSE
27-07-2003 08:00,25.19,0.0081,17.6289696,FALSE
03-08-2003 08:00,47.81,0.0066,27.2631744,FALSE
09-08-2003 08:00,25.69,0.0042,9.3223872,FALSE
10-08-2003 08:00,28.26,0.0041,10.0108224,FALSE
15-08-2003 08:00,53.55,0.017,78.65424,FALSE
17-08-2003 08:00,45.07,0.01,38.94048,FALSE
20-08-2003 08:00,25.19,0.0069,15.0172704,FALSE
24-08-2003 08:00,73.71,0.0349,222.2621856,FALSE
31-08-2003 08:00,26.45,0.004,9.14112,FALSE
03-09-2003 08:00,27.22,0.0038,8.9368704,FALSE
07-09-2003 08:00,15.72,0.0035,4.753728,FALSE
08-09-2003 08:00,12.21,0.0034,3.5868096,FALSE
09-09-2003 08:00,11.54,0.0033,3.2902848,FALSE
11-09-2003 08:00,8.515,0.0033,2.4277968,FALSE
13-09-2003 08:00,6.445,0.0034,1.8932832,FALSE
14-09-2003 08:00,5.748,0.0034,1.68853248,FALSE
16-09-2003 08:00,5.525,0.0033,1.575288,FALSE
21-09-2003 08:00,4.383,0.0032,1.21181184,FALSE
28-09-2003 08:00,1.789,0.0029,0.44825184,FALSE
02-10-2003 08:00,8.515,0.0022,1.6185312,FALSE
03-10-2003 08:00,54.29,0.0194,90.9987264,FALSE
04-10-2003 08:00,39.84,0.0233,80.2027008,FALSE
05-10-2003 08:00,25.69,0.0274,60.8174784,FALSE
11-10-2003 08:00,65.24,0.0074,41.7118464,FALSE
12-10-2003 08:00,49.21,0.0086,36.5649984,FALSE
19-10-2003 08:00,98.79,0.0136,116.0822016,FALSE
24-10-2003 08:00,87.22,0.0114,85.9082112,FALSE
26-10-2003 08:00,94.88,0.011,90.173952,FALSE
02-11-2003 08:00,71.11,0.0104,63.8966016,FALSE
08-11-2003 08:00,32.64,0.0039,10.9983744,FALSE
09-11-2003 08:00,30.96,0.0038,10.1647872,FALSE
16-11-2003 08:00,17.92,0.0038,5.8834944,FALSE
23-11-2003 08:00,11.22,0.0032,3.1021056,FALSE
25-11-2003 08:00,9.966,0.003,2.5831872,FALSE
30-11-2003 08:00,9.966,0.003,2.5831872,FALSE
07-12-2003 08:00,5.637,0.0028,1.36370304,FALSE
14-12-2003 08:00,0.63,0.0014,0.0762048,FALSE
28-12-2003 08:00,14.38,0.0048,5.9636736,FALSE
25-04-2004 08:00,5.101,0.0035,1.5425424,FALSE
30-04-2004 08:00,19.42,0.0054,9.0605952,FALSE
01-05-2004 08:00,27.04,0.006,14.017536,FALSE
02-05-2004 08:00,34.48,0.005,14.89536,FALSE
04-05-2004 08:00,57.44,0.0078,38.7099648,FALSE
05-05-2004 08:00,38.18,0.007,23.091264,FALSE
06-05-2004 08:00,97.82,0.0217,183.4007616,FALSE
09-05-2004 08:00,191.9,0.0352,583.621632,FALSE
10-05-2004 08:00,96.15,0.0214,177.777504,FALSE
16-05-2004 08:00,18.1,0.0087,13.605408,FALSE
23-05-2004 08:00,84.75,0.0144,105.44256,FALSE
30-05-2004 08:00,54.74,0.0075,35.47152,FALSE
06-06-2004 08:00,90.48,0.0193,150.8772096,FALSE
13-06-2004 08:00,150.1,0.0116,150.436224,FALSE
20-06-2004 08:00,164.4,0.0346,491.463936,FALSE
27-06-2004 08:00,32.54,0.009,25.303104,FALSE
04-07-2004 08:00,62.41,0.0152,81.9618048,FALSE
11-07-2004 08:00,68.72,0.016,94.998528,FALSE
18-07-2004 08:00,53.99,0.009,41.982624,FALSE
25-07-2004 08:00,38.2,0.0234,77.231232,FALSE
01-08-2004 08:00,26.69,0.0182,41.9694912,FALSE
08-08-2004 08:00,154.8,0.0252,337.042944,FALSE
15-08-2004 08:00,61.72,0.0173,92.2541184,FALSE
22-08-2004 08:00,27.21,0.0114,26.8007616,FALSE
28-08-2004 08:00,15.01,0.0098,12.7092672,FALSE
29-08-2004 08:00,13.97,0.0096,11.5872768,FALSE
05-09-2004 08:00,7.165,0.0071,4.3952976,FALSE
07-09-2004 08:00,6.527,0.0067,3.77834976,FALSE
12-09-2004 08:00,18.94,0.0104,17.0187264,FALSE
19-09-2004 08:00,20.33,0.0115,20.199888,FALSE
26-09-2004 08:00,55.64,0.0169,81.2433024,FALSE
02-10-2004 08:00,41.14,0.0142,50.4738432,FALSE
03-10-2004 08:00,51.07,0.0162,71.4816576,FALSE
10-10-2004 08:00,41.14,0.0102,36.2558592,FALSE
17-10-2004 08:00,166.3,0.0296,425.302272,FALSE
21-10-2004 08:00,80.47,0.0214,148.7858112,FALSE
22-10-2004 08:00,66.59,0.0191,109.8894816,FALSE
24-10-2004 08:00,49.15,0.0092,39.068352,FALSE
31-10-2004 08:00,41.14,0.0095,33.767712,FALSE
07-11-2004 08:00,66.59,0.0165,94.930704,FALSE
12-11-2004 08:00,34.2,0.0095,28.07136,FALSE
14-11-2004 08:00,29.3,0.009,22.78368,FALSE
21-11-2004 08:00,16.72,0.0082,11.8457856,FALSE
26-11-2004 08:00,11.79,0.0076,7.7417856,FALSE
28-11-2004 08:00,10.28,0.0073,6.4838016,FALSE
05-12-2004 08:00,6.061,0.0045,2.3565168,FALSE
12-12-2004 08:00,2.563,0.0038,0.84148416,FALSE
19-12-2004 08:00,1.006,0.0027,0.23467968,FALSE
10-04-2005 08:00,2.2,0.0118,2.242944,FALSE
14-04-2005 08:00,3.364,0.0158,4.59226368,FALSE
17-04-2005 08:00,8.788,0.019,14.4263808,FALSE
29-05-2005 08:00,26.21,0.0031,7.0200864,FALSE
05-06-2005 08:00,33.26,0.0106,30.4608384,FALSE
06-06-2005 08:00,92.93,0.0107,85.9119264,FALSE
12-06-2005 08:00,44.46,0.0089,34.1879616,FALSE
15-06-2005 08:00,39.13,0.0085,28.737072,FALSE
19-06-2005 08:00,112.5,0.0192,186.624,FALSE
26-06-2005 08:00,47.69,0.0048,19.7779968,FALSE
03-07-2005 08:00,36.15,0.0014,4.372704,FALSE
10-07-2005 08:00,162.8,0.0226,317.889792,FALSE
17-07-2005 08:00,65.75,0.0088,49.99104,FALSE
23-07-2005 08:00,78.49,0.0213,144.4467168,FALSE
24-07-2005 08:00,141.1,0.026,316.96704,FALSE
25-07-2005 08:00,157.4,0.0306,416.140416,FALSE
29-07-2005 08:00,203.1,0.0363,636.986592,FALSE
30-07-2005 08:00,166.6,0.0344,495.161856,FALSE
31-07-2005 08:00,141.8,0.033,404.30016,FALSE
02-08-2005 08:00,404.3,0.0416,1453.151232,FALSE
03-08-2005 08:00,317.2,0.0384,1052.393472,FALSE
04-08-2005 08:00,166.6,0.0352,506.677248,FALSE
07-08-2005 08:00,72.84,0.024,151.041024,FALSE
08-08-2005 08:00,57.94,0.0225,112.63536,FALSE
09-08-2005 08:00,51.02,0.021,92.570688,FALSE
10-08-2005 08:00,46.3,0.0196,78.406272,FALSE
11-08-2005 08:00,42.65,0.0181,66.697776,FALSE
12-08-2005 08:00,38.7,0.0166,55.505088,FALSE
14-08-2005 08:00,34.08,0.0144,42.4009728,FALSE
15-08-2005 08:00,31.07,0.0137,36.7769376,FALSE
21-08-2005 08:00,22.2,0.0065,12.46752,FALSE
28-08-2005 08:00,14.73,0.0048,6.1088256,FALSE
04-09-2005 08:00,78.49,0.0161,109.1827296,FALSE
11-09-2005 08:00,164.3,0.0246,349.209792,FALSE
15-09-2005 08:00,93.35,0.0135,108.88344,FALSE
18-09-2005 08:00,57.44,0.0082,40.6950912,FALSE
25-09-2005 08:00,30.48,0.0023,6.0569856,FALSE
02-10-2005 08:00,19.36,0.0012,2.0072448,FALSE
09-10-2005 08:00,22.55,0.0013,2.532816,FALSE
11-10-2005 08:00,27.79,0.0018,4.3219008,FALSE
12-10-2005 08:00,32.46,0.0023,6.4504512,FALSE
16-10-2005 08:00,32.86,0.0045,12.775968,FALSE
23-10-2005 08:00,136.7,0.0619,731.093472,FALSE
30-10-2005 08:00,44,0.017,64.6272,FALSE
01-11-2005 08:00,45.37,0.0113,44.2956384,FALSE
03-11-2005 08:00,55.18,0.0045,21.453984,FALSE
06-11-2005 08:00,70.63,0.0264,161.1042048,FALSE
13-11-2005 08:00,99.9,0.0703,606.784608,FALSE
15-11-2005 08:00,78.49,0.043,291.606048,FALSE
20-11-2005 08:00,38.27,0.0038,12.5648064,FALSE
27-11-2005 08:00,49.11,0.0167,70.8598368,FALSE
04-12-2005 08:00,43.59,0.0161,60.6354336,FALSE
11-12-2005 08:00,68.96,0.0439,261.5625216,FALSE
18-12-2005 08:00,44.12,0.0147,56.0359296,FALSE
25-12-2005 08:00,22.71,0.0066,12.9501504,FALSE
01-01-2006 08:00,12.84,0.0094,10.4281344,FALSE
08-01-2006 08:00,7.831,0.0098,6.63066432,FALSE
10-01-2006 08:00,6.994,0.0097,5.86153152,FALSE
15-01-2006 08:00,10.86,0.0095,8.913888,FALSE
22-01-2006 08:00,3.567,0.0144,4.43791872,FALSE
26-01-2006 08:00,2.748,0.0066,1.56701952,FALSE
29-01-2006 08:00,2.008,0.0072,1.24913664,FALSE
28-05-2006 08:00,46.26,0.0245,97.923168,FALSE
01-06-2008 08:00,2.267,0.0019,0.37215072,FALSE
08-06-2008 08:00,3.978,0.0101,3.47136192,FALSE
15-06-2008 08:00,5.687,0.0067,3.29209056,FALSE
22-06-2008 08:00,5.445,0.038,17.877024,FALSE
29-06-2008 08:00,14.77,0.0546,69.6765888,FALSE
06-07-2008 08:00,18.14,0.04,62.69184,FALSE
13-07-2008 08:00,34.72,0.0514,154.1901312,FALSE
20-07-2008 08:00,66.78,0.0495,285.604704,FALSE
27-07-2008 08:30,103.6,0.103,921.95712,FALSE
03-08-2008 08:00,98.91,0.0145,123.914448,FALSE
10-08-2008 08:00,31.75,0.0354,97.10928,FALSE
15-08-2008 08:00,64.82,0.0243,136.0908864,FALSE
17-08-2008 08:00,50.29,0.0098,42.5815488,FALSE
24-08-2008 08:00,16.98,0.0114,16.7246208,FALSE
31-08-2008 08:00,94.34,0.0631,514.3265856,FALSE
07-09-2008 08:00,201.5,0.124,2158.7904,FALSE
12-09-2008 08:00,97.38,0.0366,307.9389312,FALSE
14-09-2008 08:00,104.4,0.0388,349.982208,FALSE
21-09-2008 08:00,36.77,0.0081,25.7331168,FALSE
28-09-2008 08:00,13.89,0.0084,10.0808064,FALSE
01-10-2008 08:00,10.11,0.0087,7.5994848,FALSE
02-10-2008 08:00,9.803,0.0084,7.11462528,FALSE
05-10-2008 08:00,7.226,0.0125,7.80408,FALSE
08-10-2008 08:00,11.05,0.0082,7.828704,FALSE
09-10-2008 08:00,43.18,0.025,93.2688,FALSE
12-10-2008 08:00,19.32,0.0065,10.850112,FALSE
19-10-2008 08:00,33.72,0.0266,77.4966528,FALSE
26-10-2008 08:00,138.6,0.058,694.55232,FALSE
27-10-2008 08:00,173.7,0.0728,1092.559104,FALSE
02-11-2008 08:00,36.25,0.0106,33.1992,FALSE
09-11-2008 08:00,18.53,0.0628,100.5422976,FALSE
13-11-2008 08:00,34.72,0.0275,82.49472,FALSE
16-11-2008 08:00,17.37,0.0114,17.1087552,FALSE
23-11-2008 08:00,20.12,0.0259,45.0237312,FALSE
30-11-2008 08:00,20.12,0.0253,43.9807104,FALSE
07-12-2008 08:00,5.779,0.0114,5.69208384,FALSE
08-12-2008 08:00,5.527,0.0108,5.15735424,FALSE
14-12-2008 08:00,4.34,0.0133,4.9871808,FALSE
21-12-2008 08:00,2.899,0.0134,3.35634624,FALSE
25-12-2008 08:00,1.175,0.0113,1.147176,FALSE
27-12-2008 08:00,0.937,0.0047,0.38049696,FALSE
28-12-2008 08:00,0.723,0.0036,0.22488192,FALSE
15-03-2009 08:00,8.884,0.006,4.6054656,FALSE
07-06-2009 08:00,18.48,0.004,6.386688,FALSE
14-06-2009 08:00,5.726,0.0135,6.6788064,FALSE
20-06-2009 08:00,14.63,0.0204,25.7862528,FALSE
21-06-2009 08:00,12.65,0.0181,19.782576,FALSE
28-06-2009 08:00,21.36,0.0189,34.8800256,FALSE
05-07-2009 08:00,63.64,0.0158,86.8762368,FALSE
12-07-2009 08:00,26.63,0.007,16.105824,FALSE
19-07-2009 08:00,166.1,0.0671,962.954784,FALSE
26-07-2009 08:00,23.07,0.0055,10.962864,FALSE
02-08-2009 08:00,29.9,0.0065,16.79184,FALSE
09-08-2009 08:00,11.12,0.0031,2.9783808,FALSE
15-08-2009 08:00,39.43,0.0121,41.2216992,FALSE
16-08-2009 08:00,47.03,0.017,69.077664,FALSE
23-08-2009 08:00,36.32,0.0172,53.9744256,FALSE
02-09-2009 08:00,20.93,0.021,37.975392,FALSE
06-09-2009 08:00,69.36,0.0536,321.2089344,FALSE
13-09-2009 08:00,29.9,0.0043,11.108448,FALSE
20-09-2009 08:00,47.03,0.0297,120.6827424,FALSE
21-09-2009 08:00,37.34,0.0226,72.9115776,FALSE
27-09-2009 08:00,25.27,0.0113,24.6716064,FALSE
28-09-2009 08:00,31.82,0.0146,40.1390208,FALSE
02-10-2009 08:00,210.4,0.1021,1856.030976,FALSE
04-10-2009 08:00,237.9,0.1189,2443.937184,FALSE
11-10-2009 08:00,29.9,0.0125,32.292,FALSE
17-10-2009 08:00,64.27,0.0321,178.2489888,FALSE
18-10-2009 08:00,51.02,0.0255,112.407264,FALSE
25-10-2009 08:00,21.36,0.0332,61.2707328,FALSE
01-11-2009 08:00,14.26,0.0143,17.6185152,FALSE
02-11-2009 08:00,13.18,0.0132,15.0315264,FALSE
08-11-2009 08:00,45.92,0.0222,88.0782336,FALSE
15-11-2009 08:00,88.93,0.0721,553.9840992,FALSE
22-11-2009 08:00,62.4,0.0466,251.237376,FALSE
27-11-2009 08:00,31.82,0.0306,84.1269888,FALSE
29-11-2009 08:00,26.18,0.0141,31.8935232,FALSE
06-12-2009 08:00,15.17,0.01,13.10688,FALSE
13-12-2009 08:00,7.796,0.0032,2.15543808,FALSE
20-12-2009 08:00,8.238,0.0076,5.40940032,FALSE
25-12-2009 08:00,5.779,0.0042,2.09708352,FALSE
27-12-2009 08:00,4.808,0.0048,1.99397376,FALSE
03-01-2010 08:00,4.24,0.0167,6.1178112,FALSE
10-01-2010 08:00,2.642,0.0104,2.37399552,FALSE
17-01-2010 08:00,4.642,0.008,3.2085504,FALSE
24-01-2010 08:00,2.765,0.0047,1.1228112,FALSE
26-01-2010 08:00,2.463,0.0074,1.57474368,FALSE
02-05-2010 08:00,15.56,0.0213,28.6353792,FALSE
09-05-2010 08:00,4.24,0.0071,2.6009856,FALSE
16-05-2010 08:00,15.56,0.0219,29.4420096,FALSE
23-05-2010 08:00,10.91,0.0182,17.1557568,FALSE
27-05-2010 08:00,52.56,0.0267,121.2496128,FALSE
06-06-2010 08:00,34.57,0.0235,70.190928,FALSE
13-06-2010 08:00,124.5,0.0195,209.7576,FALSE
20-06-2010 08:00,40.13,0.0098,33.9788736,FALSE
27-06-2010 08:00,48.66,0.0157,66.0063168,FALSE
04-07-2010 08:00,44.48,0.0183,70.3282176,FALSE
11-07-2010 08:00,75.25,0.1108,720.37728,FALSE
18-07-2010 08:00,83.84,0.0511,370.1569536,FALSE
25-07-2010 08:00,69.01,0.014,83.474496,FALSE
01-08-2010 08:00,38.15,0.008,26.36928,FALSE
08-08-2010 08:00,21.04,0.0064,11.6342784,FALSE
15-08-2010 08:00,71.76,0.0885,548.705664,FALSE
22-08-2010 08:00,48.97,0.0063,26.6553504,FALSE
23-08-2010 08:00,41.56,0.0064,22.9810176,FALSE
29-08-2010 08:00,67.65,0.0183,106.962768,FALSE
05-09-2010 08:00,37.87,0.0089,29.1205152,FALSE
10-09-2010 08:00,29.82,0.0102,26.2797696,FALSE
12-09-2010 08:00,32.96,0.0131,37.3054464,FALSE
19-09-2010 08:00,28.28,0.0072,17.5924224,FALSE
26-09-2010 08:00,81.3,0.0452,317.499264,FALSE
02-10-2010 08:00,161.9,0.358,5007.76128,FALSE
03-10-2010 08:00,146.7,0.3245,4112.99856,FALSE
10-10-2010 08:00,231.6,0.0311,622.318464,FALSE
15-10-2010 08:00,54.55,0.017,80.12304,FALSE
17-10-2010 08:00,43.3,0.01,37.4112,FALSE
23-10-2010 08:00,44.77,0.035,135.38448,FALSE
24-10-2010 08:00,37.04,0.029,92.807424,FALSE
31-10-2010 08:00,67.65,0.0212,123.913152,FALSE
05-11-2010 08:00,50.19,0.0767,332.6031072,FALSE
07-11-2010 08:00,57.09,0.0781,385.2341856,FALSE
14-11-2010 08:00,75.95,0.032,209.98656,FALSE
17-11-2010 08:00,101.2,0.0342,299.033856,FALSE
21-11-2010 08:00,126.1,0.1887,2055.894048,FALSE
28-11-2010 08:00,109,0.0225,211.896,FALSE
05-12-2010 08:00,43.49,0.0089,33.4420704,FALSE
12-12-2010 08:00,42.07,0.017,61.792416,FALSE
16-12-2010 08:00,28.12,0.0081,19.6795008,FALSE
19-12-2010 08:00,25.37,0.003,6.575904,FALSE
25-12-2010 08:00,14.11,0.0073,8.8994592,FALSE
26-12-2010 08:00,13.43,0.0069,8.0064288,FALSE
02-01-2011 08:00,13.6,0.007,8.22528,FALSE
09-01-2011 08:00,16.41,0.1085,153.833904,FALSE
16-01-2011 08:00,7.906,0.007,4.7815488,FALSE
23-01-2011 08:00,4.424,0.0039,1.49071104,FALSE
26-01-2011 08:00,3.38,0.003,0.876096,FALSE
22-04-2011 08:00,43.2,0.0171,63.825408,FALSE
24-04-2011 08:00,28.12,0.0112,27.2111616,FALSE
29-04-2011 08:00,36.08,0.0142,44.2658304,FALSE
01-05-2011 08:00,27.19,0.0042,9.8667072,FALSE
08-05-2011 08:00,8.574,0.0013,0.96303168,FALSE
05-06-2011 08:00,199.2,0.0482,829.564416,FALSE
12-06-2011 08:00,56.69,0.0042,20.5716672,FALSE
19-06-2011 08:00,133.7,0.0394,455.136192,FALSE
26-06-2011 08:00,41.71,0.0018,6.4867392,FALSE
03-07-2011 08:00,25.05,0.0024,5.194368,FALSE
10-07-2011 08:00,26,0.0047,10.55808,FALSE
17-07-2011 08:00,99.57,0.0395,339.812496,FALSE
24-07-2011 08:00,54.81,0.0129,61.0890336,FALSE
31-07-2011 08:00,51.11,0.0085,37.535184,FALSE
07-08-2011 08:00,118.7,0.0903,926.087904,FALSE
14-08-2011 08:00,60.53,0.006,31.378752,FALSE
15-08-2011 08:00,49.3,0.0061,25.983072,FALSE
21-08-2011 08:00,44,0.0221,84.01536,FALSE
28-08-2011 08:00,54.19,0.0255,119.391408,FALSE
31-08-2011 08:00,60.53,0.0154,80.5387968,FALSE
04-09-2011 08:00,120.3,0.041,426.15072,FALSE
09-09-2011 08:00,56.38,0.0107,52.1221824,FALSE
10-09-2011 08:00,52.34,0.0103,46.5784128,FALSE
11-09-2011 08:00,82.41,0.0162,115.3476288,FALSE
18-09-2011 08:00,46.33,0.0094,37.6273728,FALSE
25-09-2011 08:00,26,0.0045,10.1088,FALSE
02-10-2011 08:00,13.5,0.0114,13.29696,FALSE
06-10-2011 08:00,9.388,0.007,5.6778624,FALSE
09-10-2011 08:00,7.156,0.0056,3.46235904,FALSE
16-10-2011 08:00,49.9,0.02,86.2272,FALSE
23-10-2011 08:00,39.47,0.0025,8.52552,FALSE
26-10-2011 08:00,30.44,0.0019,4.9970304,FALSE
30-10-2011 08:00,38.91,0.0036,12.1025664,FALSE
06-11-2011 08:00,30.31,0.0079,20.6883936,FALSE
07-11-2011 08:00,44.36,0.0178,68.2221312,FALSE
10-11-2011 08:00,37.1,0.0147,47.119968,FALSE
13-11-2011 08:00,22.65,0.0016,3.131136,FALSE
17-11-2011 08:00,14.62,0.0025,3.15792,FALSE
20-11-2011 08:00,11.1,0.0019,1.822176,FALSE
27-11-2011 08:00,53.9,0.0273,127.135008,FALSE
04-12-2011 08:00,25.19,0.006,13.058496,FALSE
06-12-2011 08:00,50.71,0.0125,54.7668,FALSE
11-12-2011 08:00,13.57,0.0033,3.8690784,FALSE
18-12-2011 08:00,6.85,0.0006,0.355104,FALSE
25-12-2011 08:00,4.412,0.0013,0.49555584,FALSE
01-01-2012 08:00,26.14,0.0327,73.8528192,FALSE
08-01-2012 08:00,4.684,0.0059,2.38771584,FALSE
15-01-2012 08:00,3.729,0.0052,1.67536512,FALSE
22-04-2012 08:00,9.343,0.0081,6.53860512,FALSE
29-04-2012 08:00,37.6,0.0417,135.468288,FALSE
02-05-2012 08:00,20.32,0.0109,19.1365632,FALSE
04-05-2012 08:00,22.46,0.0151,29.3022144,FALSE
06-05-2012 08:00,21.81,0.0138,26.0044992,FALSE
13-05-2012 08:00,11.96,0.0179,18.4968576,FALSE
10-06-2012 08:00,4.75,0.0049,2.01096,FALSE
17-06-2012 08:00,8.974,0.0022,1.70577792,FALSE
24-06-2012 08:00,13.04,0.0036,4.0559616,FALSE
01-07-2012 08:00,9.727,0.0152,12.77427456,FALSE
08-07-2012 08:00,25.57,0.0115,25.406352,FALSE
15-07-2012 08:00,26.92,0.007,16.281216,FALSE
22-07-2012 08:00,10.93,0.0127,11.9932704,FALSE
29-07-2012 08:00,13.74,0.0142,16.8573312,FALSE
05-08-2012 08:00,4.682,0.0019,0.76859712,FALSE
12-08-2012 08:00,34.54,0.0203,60.5803968,FALSE
15-08-2012 08:00,18.94,0.0087,14.2368192,FALSE
19-08-2012 08:00,173.8,0.0708,1063.155456,FALSE
20-08-2012 08:00,92.74,0.0377,302.0801472,FALSE
26-08-2012 08:00,82.4,0.0252,179.407872,FALSE
28-08-2012 08:00,50.92,0.0152,66.8722176,FALSE
29-08-2012 08:00,40.91,0.0122,43.1224128,FALSE
30-08-2012 08:00,46.44,0.0138,55.3713408,FALSE
31-08-2012 08:00,66.07,0.0196,111.8855808,FALSE
02-09-2012 08:00,66.07,0.0111,63.3637728,FALSE
09-09-2012 08:00,32.05,0.0056,15.507072,FALSE
16-09-2012 08:00,27.03,0.006,14.012352,FALSE
23-09-2012 08:00,13.05,0.0046,5.186592,FALSE
30-09-2012 08:00,5.817,0.0025,1.256472,FALSE
02-10-2012 08:00,4.956,0.0021,0.89921664,FALSE
07-10-2012 08:00,3.451,0.0014,0.41743296,FALSE
14-10-2012 08:00,17.32,0.0072,10.7744256,FALSE
21-10-2012 08:00,95.67,0.0396,327.3291648,FALSE
24-10-2012 08:00,42.82,0.0177,65.4837696,FALSE
26-10-2012 08:00,27.79,0.0115,27.612144,FALSE
28-10-2012 08:00,20.67,0.0086,15.3586368,FALSE
04-11-2012 08:00,15.01,0.006,7.781184,FALSE
08-11-2012 08:00,21.55,0.0089,16.571088,FALSE
11-11-2012 08:00,12.37,0.0088,9.4051584,FALSE
13-11-2012 08:00,47.45,0.0274,112.331232,FALSE
18-11-2012 08:00,11.55,0.0069,6.885648,FALSE
24-11-2012 08:00,15.01,0.0085,11.023344,FALSE
25-11-2012 08:00,22,0.0125,23.76,FALSE
28-11-2012 08:00,8.7,0.0044,3.307392,FALSE
02-12-2012 08:00,8.751,0.0094,7.10721216,FALSE
09-12-2012 08:00,4.85,0.0027,1.131408,FALSE
02-06-2013 08:00,6.785,0.0018,1.0552032,FALSE
09-06-2013 08:00,65.62,0.0095,53.860896,FALSE
11-06-2013 08:00,22.82,0.0023,4.5347904,FALSE
12-06-2013 08:00,27.92,0.0047,11.3377536,FALSE
16-06-2013 08:00,80.87,0.0117,81.7498656,FALSE
23-06-2013 08:00,175.3,0.0276,418.027392,FALSE
30-06-2013 08:00,75.91,0.0024,15.7406976,FALSE
07-07-2013 08:00,107.2,0.008,74.09664,FALSE
14-07-2013 08:00,97.16,0.0031,26.0233344,FALSE
21-07-2013 08:00,125.1,0.0025,27.0216,FALSE
28-07-2013 08:00,127.5,0.0067,73.8072,FALSE
01-08-2013 08:00,47.23,0.0088,35.9099136,FALSE
04-08-2013 08:00,64.96,0.0863,484.3625472,FALSE
09-08-2013 08:00,107.2,0.0478,442.727424,FALSE
11-08-2013 08:00,68.32,0.0054,31.8753792,FALSE
16-08-2013 08:00,41.94,0.0012,4.3483392,FALSE
18-08-2013 08:00,43.1,0.0053,19.736352,FALSE
25-08-2013 08:00,29.69,0.01,25.65216,FALSE
01-09-2013 08:00,22.5,0.0082,15.9408,FALSE
08-09-2013 08:00,33.62,0.0059,17.1381312,FALSE
09-09-2013 08:00,29.44,0.0052,13.2268032,FALSE
15-09-2013 08:00,107.6,0.0195,181.28448,FALSE
16-09-2013 08:00,100.2,0.0181,156.696768,FALSE
22-09-2013 08:00,149.9,0.0095,123.03792,FALSE
29-09-2013 08:00,33.08,0.0061,17.4344832,FALSE
02-10-2013 08:00,28.17,0.0064,15.5768832,FALSE
06-10-2013 08:00,18.95,0.0033,5.403024,FALSE
13-10-2013 08:00,24.96,0.0052,11.2140288,FALSE
16-10-2013 08:00,18.73,0.0056,9.0623232,FALSE
20-10-2013 08:00,218.7,0.0803,1517.323104,FALSE
27-10-2013 08:00,50.25,0.0093,40.37688,FALSE
02-11-2013 08:00,34.15,0.0102,30.095712,FALSE
03-11-2013 08:00,40.23,0.012,41.710464,FALSE
10-11-2013 08:00,17,0.0011,1.61568,FALSE
14-11-2013 08:00,95.64,0.0157,129.7337472,FALSE
17-11-2013 08:00,76.61,0.0179,118.4819616,FALSE
24-11-2013 08:00,46.63,0.0084,33.8421888,FALSE
01-12-2013 08:00,37.64,0.0039,12.6831744,FALSE
08-12-2013 08:00,17.64,0.0018,2.7433728,FALSE
15-12-2013 08:00,13.65,0.0028,3.302208,FALSE
22-12-2013 08:00,6.58,0.0046,2.6151552,FALSE
24-12-2013 08:00,4.927,0.0044,1.87304832,FALSE
25-12-2013 08:00,4.416,0.0039,1.48801536,FALSE
26-12-2013 08:00,4.416,0.0039,1.48801536,FALSE
27-12-2013 08:00,3.926,0.0035,1.1872224,FALSE
28-12-2013 08:00,3.457,0.0031,0.92592288,FALSE
29-12-2013 08:00,3.231,0.0029,0.80955936,FALSE
30-12-2013 08:00,2.588,0.0023,0.51428736,FALSE
31-12-2013 08:00,2.386,0.0021,0.43291584,FALSE
05-01-2014 08:00,1.306,0.0047,0.53034048,FALSE
12-01-2014 08:00,2.19,0.0025,0.47304,FALSE
14-01-2014 08:00,1.306,0.0035,0.3949344,FALSE
11-05-2014 08:00,85.42,0.0048,35.4253824,FALSE
18-05-2014 08:00,39.87,0.013,44.781984,FALSE
25-05-2014 08:00,39.31,0.0017,5.7738528,FALSE
15-06-2014 08:00,60.82,0.0086,45.1916928,FALSE
22-06-2014 08:00,113.1,0.0313,305.858592,FALSE
29-06-2014 08:00,32.41,0.0036,10.0808064,FALSE
06-07-2014 08:00,60.82,0.0051,26.7997248,FALSE
11-07-2014 08:00,68.27,0.003,17.695584,FALSE
13-07-2014 08:00,60.01,0.0019,9.8512416,FALSE
20-07-2014 08:00,64.93,0.0091,51.0505632,FALSE
27-07-2014 08:00,48.37,0.0019,7.9404192,FALSE
28-07-2014 08:00,44.5,0.0017,6.53616,FALSE
03-08-2014 08:00,134,0.0245,283.6512,FALSE
10-08-2014 08:00,72.02,0.0048,29.8681344,FALSE
15-08-2014 08:00,50.75,0.0019,8.33112,FALSE
17-08-2014 08:00,42.24,0.0017,6.2042112,FALSE
18-08-2014 08:00,38.56,0.0015,4.997376,FALSE
24-08-2014 08:00,520.6,0.0575,2586.3408,FALSE
29-08-2014 08:00,70.67,0.0027,16.4858976,FALSE
31-08-2014 08:00,198.4,0.0351,601.675776,FALSE
07-09-2014 08:00,73.04,0.004,25.242624,FALSE
14-09-2014 08:00,31.63,0.0054,14.7572928,FALSE
21-09-2014 08:00,17.85,0.0014,2.159136,FALSE
28-09-2014 08:00,120.7,0.0033,34.413984,FALSE
02-10-2014 08:00,91.34,0.0011,8.6809536,FALSE
05-10-2014 08:00,47.03,0.0024,9.7521408,FALSE
06-10-2014 08:00,45.26,0.0023,8.9940672,FALSE
12-10-2014 08:00,45.26,0.0018,7.0388352,FALSE
19-10-2014 08:00,111,0.0131,125.63424,FALSE
22-10-2014 08:00,120.7,0.0156,162.684288,FALSE
26-10-2014 08:00,105.1,0.0055,49.94352,FALSE
02-11-2014 08:00,63.93,0.0045,24.855984,FALSE
03-11-2014 08:00,50.63,0.0036,15.7479552,FALSE
06-11-2014 08:00,49.72,0.004,17.183232,FALSE
09-11-2014 08:00,31.63,0.0035,9.564912,FALSE
16-11-2014 08:00,35.99,0.0107,33.2720352,FALSE
23-11-2014 08:00,19.13,0.0085,14.049072,FALSE
30-11-2014 08:00,15.37,0.0046,6.1086528,FALSE
07-12-2014 08:00,7.609,0.0014,0.92038464,FALSE
14-12-2014 08:00,12.11,0.0423,44.2586592,FALSE
21-12-2014 08:00,7.832,0.0005,0.3383424,FALSE
25-12-2014 08:00,4.835,0.007,2.924208,FALSE
28-12-2014 08:00,3.535,0.0012,0.3665088,FALSE
12-04-2015 08:00,12.68,0.0062,6.7924224,FALSE
14-04-2015 08:00,22.75,0.0121,23.78376,FALSE
15-04-2015 08:00,12.68,0.0067,7.3401984,FALSE
19-04-2015 08:00,11.56,0.0029,2.8964736,FALSE
26-04-2015 08:00,12.68,0.0034,3.7248768,FALSE
03-05-2015 08:00,6.342,0.0009,0.49315392,FALSE
04-05-2015 08:00,6.752,0.0009,0.52503552,FALSE
10-05-2015 08:00,7.609,0.0015,0.9861264,FALSE
17-05-2015 08:00,36.78,0.1053,334.6214976,FALSE
24-05-2015 08:00,17.01,0.0054,7.9361856,FALSE
25-05-2015 08:00,13.26,0.0042,4.8117888,FALSE
26-05-2015 08:00,10.49,0.0034,3.0815424,FALSE
31-05-2015 08:00,4.835,0.0009,0.3759696,FALSE
01-06-2015 08:00,7.588,0.0016,1.04896512,FALSE
07-06-2015 08:00,13.24,0.0053,6.0628608,FALSE
14-06-2015 08:00,13.24,0.0019,2.1734784,FALSE
21-06-2015 08:00,18.99,0.0026,4.2659136,FALSE
28-06-2015 08:00,236.8,0.0467,955.459584,FALSE
05-07-2015 08:00,32.23,0.0008,2.2277376,FALSE
12-07-2015 08:00,24.54,0.0022,4.6645632,FALSE
18-07-2015 08:00,43.41,0.0071,26.6294304,FALSE
19-07-2015 08:00,47.94,0.0079,32.7219264,FALSE
26-07-2015 08:00,38.65,0.0077,25.713072,FALSE
02-08-2015 08:30,17.9,0.0035,5.41296,FALSE
09-08-2015 08:00,12.02,0.0018,1.8693504,FALSE
15-08-2015 08:00,39.04,0.007,23.611392,FALSE
16-08-2015 08:00,34.45,0.0062,18.454176,FALSE
23-08-2015 08:00,39.04,0.0051,17.2025856,FALSE
28-08-2015 08:00,17.01,0.0021,3.0862944,FALSE
30-08-2015 08:00,13.62,0.0021,2.4712128,FALSE
06-09-2015 08:00,46.27,0.0154,61.5650112,FALSE
13-09-2015 08:00,25.21,0.0025,5.44536,FALSE
20-09-2015 08:00,34.45,0.0039,11.608272,FALSE
24-09-2015 08:00,17.01,0.0014,2.0575296,FALSE
27-09-2015 08:00,60.13,0.0074,38.4447168,FALSE
02-10-2015 08:30,57.44,0.0189,93.7972224,FALSE
04-10-2015 08:00,43.81,0.0029,10.9770336,FALSE
11-10-2015 08:00,91.36,0.0138,108.9303552,FALSE
18-10-2015 08:00,35.2,0.0042,12.773376,FALSE
23-10-2015 08:00,31.5,0.0022,5.98752,FALSE
24-10-2015 08:00,66.58,0.0068,39.1170816,FALSE
25-10-2015 08:00,76.17,0.0078,51.3324864,FALSE
01-11-2015 08:00,111.2,0.0097,93.194496,FALSE
02-11-2015 08:30,91.33,0.008,63.127296,FALSE
08-11-2015 08:00,114.9,0.0081,80.411616,FALSE
10-11-2015 08:00,93.96,0.0086,69.8160384,FALSE
15-11-2015 08:00,64.26,0.0042,23.3186688,FALSE
22-11-2015 08:00,42.35,0.0029,10.611216,FALSE
25-11-2015 08:00,32.77,0.0062,17.5542336,FALSE
29-11-2015 08:00,24.92,0.0025,5.38272,FALSE
01-12-2015 08:00,28.64,0.0032,7.9183872,FALSE
02-12-2015 08:00,22.49,0.0025,4.85784,FALSE
03-12-2015 08:00,21.46,0.0024,4.4499456,FALSE
04-12-2015 08:00,28.27,0.0031,7.5718368,FALSE
05-12-2015 08:00,19.78,0.0022,3.7597824,FALSE
06-12-2015 08:00,19.45,0.0022,3.697056,FALSE
07-12-2015 08:00,24.24,0.0027,5.6547072,FALSE
13-12-2015 08:00,13.88,0.0074,8.8743168,FALSE
20-12-2015 08:00,20.78,0.0092,16.5176064,FALSE
24-12-2015 08:00,15.06,0.0011,1.4313024,FALSE
25-12-2015 08:00,11.09,0.0008,0.7665408,FALSE
27-12-2015 08:00,9.021,0.0012,0.93529728,FALSE
03-01-2016 08:00,5.379,0.0023,1.06891488,FALSE
10-01-2016 08:00,3.294,0.0024,0.68304384,FALSE
10-04-2016 08:00,7.115,0.0009,0.5532624,FALSE
15-05-2016 08:00,13.88,0.0011,1.3191552,FALSE
16-05-2016 08:00,12.73,0.001,1.099872,FALSE
21-05-2016 08:00,30.17,0.0061,15.9007968,FALSE
22-05-2016 08:00,16.89,0.0034,4.9616064,FALSE
29-05-2016 08:00,15.66,0.0042,5.6827008,FALSE
26-01-2023 08:00,2.493,0,0,TRUE
05-06-1980 08:00,18,0,0,TRUE
06-06-1980 08:00,66.6,0,0,TRUE
07-06-1980 08:00,64,0,0,TRUE
08-06-1980 08:00,85.8,0,0,TRUE
10-06-1980 08:00,41.5,0,0,TRUE
11-06-1980 08:00,42.7,0,0,TRUE
12-06-1980 08:00,45.9,0,0,TRUE
13-06-1980 08:00,28.6,0,0,TRUE
14-06-1980 08:00,23.4,0,0,TRUE
17-06-1980 08:00,24.8,0,0,TRUE
18-06-1980 08:00,16.2,0,0,TRUE
19-06-1980 08:00,36.6,0,0,TRUE
20-06-1980 08:00,88,0,0,TRUE
21-06-1980 08:00,110.5,0,0,TRUE
23-06-1980 08:00,83.2,0,0,TRUE
24-06-1980 08:00,59.6,0,0,TRUE
25-06-1980 08:00,53.5,0,0,TRUE
26-06-1980 08:00,128.3,0,0,TRUE
28-06-1980 08:00,100.9,0,0,TRUE
29-06-1980 08:00,72.9,0,0,TRUE
30-06-1980 08:00,58,0,0,TRUE
01-07-1980 08:00,104.7,0,0,TRUE
02-07-1980 08:00,215.2,0,0,TRUE
03-07-1980 08:00,252.4,0,0,TRUE
04-07-1980 08:00,269.9,0,0,TRUE
05-07-1980 08:00,217.2,0,0,TRUE
07-07-1980 08:00,94.6,0,0,TRUE
08-07-1980 08:00,79.2,0,0,TRUE
09-07-1980 08:00,65.7,0,0,TRUE
10-07-1980 08:00,85.5,0,0,TRUE
11-07-1980 08:00,96.5,0,0,TRUE
12-07-1980 08:00,89.6,0,0,TRUE
13-07-1980 08:00,86.3,0,0,TRUE
14-07-1980 08:00,84.9,0,0,TRUE
15-07-1980 08:00,113.2,0,0,TRUE
16-07-1980 08:00,166.2,0,0,TRUE
17-07-1980 08:00,149.8,0,0,TRUE
18-07-1980 08:00,101.5,0,0,TRUE
19-07-1980 08:00,98,0,0,TRUE
20-07-1980 08:00,95.5,0,0,TRUE
21-07-1980 08:00,80.3,0,0,TRUE
22-07-1980 08:00,98.8,0,0,TRUE
23-07-1980 08:00,96.6,0,0,TRUE
24-07-1980 08:00,101.2,0,0,TRUE
25-07-1980 08:00,105.5,0,0,TRUE
26-07-1980 08:00,115.6,0,0,TRUE
27-07-1980 08:00,105.9,0,0,TRUE
28-07-1980 08:00,159.7,0,0,TRUE
29-07-1980 08:00,122.8,0,0,TRUE
30-07-1980 08:00,109.3,0,0,TRUE
31-07-1980 08:00,101.3,0,0,TRUE
01-08-1980 08:00,78.5,0,0,TRUE
02-08-1980 08:00,62.7,0,0,TRUE
03-08-1980 08:00,48.8,0,0,TRUE
04-08-1980 08:00,42,0,0,TRUE
05-08-1980 08:00,34,0,0,TRUE
06-08-1980 08:00,30.7,0,0,TRUE
07-08-1980 08:00,26.3,0,0,TRUE
08-08-1980 08:00,23.2,0,0,TRUE
09-08-1980 08:00,20.4,0,0,TRUE
10-08-1980 08:00,20,0,0,TRUE
11-08-1980 08:00,26.8,0,0,TRUE
12-08-1980 08:00,32,0,0,TRUE
13-08-1980 08:00,25.5,0,0,TRUE
14-08-1980 08:00,27.4,0,0,TRUE
15-08-1980 08:00,45.8,0,0,TRUE
16-08-1980 08:00,80.7,0,0,TRUE
17-08-1980 08:00,101,0,0,TRUE
18-08-1980 08:00,84.4,0,0,TRUE
19-08-1980 08:00,86.2,0,0,TRUE
20-08-1980 08:00,92.8,0,0,TRUE
21-08-1980 08:00,102.5,0,0,TRUE
22-08-1980 08:00,96.9,0,0,TRUE
23-08-1980 08:00,75.9,0,0,TRUE
25-08-1980 08:00,54.3,0,0,TRUE
26-08-1980 08:00,79.9,0,0,TRUE
27-08-1980 08:00,165,0,0,TRUE
28-08-1980 08:00,109.2,0,0,TRUE
29-08-1980 08:00,88.5,0,0,TRUE
30-08-1980 08:00,71.1,0,0,TRUE
31-08-1980 08:00,57.9,0,0,TRUE
01-09-1980 08:00,48.1,0,0,TRUE
02-09-1980 08:00,41.8,0,0,TRUE
03-09-1980 08:00,33.8,0,0,TRUE
04-09-1980 08:00,29.5,0,0,TRUE
05-09-1980 08:00,34.8,0,0,TRUE
06-09-1980 08:00,31.4,0,0,TRUE
07-09-1980 08:00,29.6,0,0,TRUE
08-09-1980 08:00,24.2,0,0,TRUE
09-09-1980 08:00,22.3,0,0,TRUE
10-09-1980 08:00,19.9,0,0,TRUE
11-09-1980 08:00,15.1,0,0,TRUE
12-09-1980 08:00,13.8,0,0,TRUE
13-09-1980 08:00,14,0,0,TRUE
14-09-1980 08:00,12.6,0,0,TRUE
15-09-1980 08:00,13.1,0,0,TRUE
16-09-1980 08:00,9.7,0,0,TRUE
17-09-1980 08:00,8.8,0,0,TRUE
18-09-1980 08:00,8.5,0,0,TRUE
19-09-1980 08:00,8.6,0,0,TRUE
20-09-1980 08:00,8.2,0,0,TRUE
21-09-1980 08:00,26.8,0,0,TRUE
22-09-1980 08:00,28.8,0,0,TRUE
23-09-1980 08:00,28.6,0,0,TRUE
24-09-1980 08:00,58.5,0,0,TRUE
25-09-1980 08:00,37.8,0,0,TRUE
26-09-1980 08:00,42.3,0,0,TRUE
27-09-1980 08:00,55.7,0,0,TRUE
28-09-1980 08:00,54.5,0,0,TRUE
29-09-1980 08:00,40.2,0,0,TRUE
30-09-1980 08:00,32.6,0,0,TRUE
01-10-1980 08:00,42.5,0,0,TRUE
03-10-1980 08:00,96.2,0,0,TRUE
04-10-1980 08:00,83.7,0,0,TRUE
05-10-1980 08:00,115,0,0,TRUE
06-10-1980 08:00,87.5,0,0,TRUE
07-10-1980 08:00,71.6,0,0,TRUE
08-10-1980 08:00,62.5,0,0,TRUE
09-10-1980 08:00,68.8,0,0,TRUE
10-10-1980 08:00,111,0,0,TRUE
11-10-1980 08:00,162,0,0,TRUE
12-10-1980 08:00,200.1,0,0,TRUE
13-10-1980 08:00,223.1,0,0,TRUE
14-10-1980 08:00,150.7,0,0,TRUE
15-10-1980 08:00,117.4,0,0,TRUE
16-10-1980 08:00,122.8,0,0,TRUE
17-10-1980 08:00,106.5,0,0,TRUE
18-10-1980 08:00,79.2,0,0,TRUE
19-10-1980 08:00,59.7,0,0,TRUE
20-10-1980 08:00,58.7,0,0,TRUE
21-10-1980 08:00,53.1,0,0,TRUE
22-10-1980 08:00,41.7,0,0,TRUE
23-10-1980 08:00,38.7,0,0,TRUE
24-10-1980 08:00,84.2,0,0,TRUE
25-10-1980 08:00,60.8,0,0,TRUE
26-10-1980 08:00,75.7,0,0,TRUE
27-10-1980 08:00,60.3,0,0,TRUE
28-10-1980 08:00,79.5,0,0,TRUE
29-10-1980 08:00,60.5,0,0,TRUE
30-10-1980 08:00,44.9,0,0,TRUE
31-10-1980 08:00,35.9,0,0,TRUE
01-11-1980 08:00,30.6,0,0,TRUE
02-11-1980 08:00,26.2,0,0,TRUE
03-11-1980 08:00,30.4,0,0,TRUE
04-11-1980 08:00,28.7,0,0,TRUE
05-11-1980 08:00,36,0,0,TRUE
06-11-1980 08:00,50.5,0,0,TRUE
07-11-1980 08:00,39.5,0,0,TRUE
08-11-1980 08:00,39.5,0,0,TRUE
09-11-1980 08:00,24.7,0,0,TRUE
10-11-1980 08:00,25.8,0,0,TRUE
11-11-1980 08:00,22.7,0,0,TRUE
12-11-1980 08:00,39,0,0,TRUE
13-11-1980 08:00,35.8,0,0,TRUE
14-11-1980 08:00,28.1,0,0,TRUE
15-11-1980 08:00,36,0,0,TRUE
16-11-1980 08:00,36.2,0,0,TRUE
17-11-1980 08:00,132,0,0,TRUE
18-11-1980 08:00,94.9,0,0,TRUE
19-11-1980 08:00,68.6,0,0,TRUE
20-11-1980 08:00,53.8,0,0,TRUE
22-11-1980 08:00,68.8,0,0,TRUE
23-11-1980 08:00,58.4,0,0,TRUE
24-11-1980 08:00,48.1,0,0,TRUE
25-11-1980 08:00,37,0,0,TRUE
26-11-1980 08:00,30.9,0,0,TRUE
27-11-1980 08:00,24.7,0,0,TRUE
28-11-1980 08:00,29.8,0,0,TRUE
29-11-1980 08:00,22.2,0,0,TRUE
30-11-1980 08:00,23,0,0,TRUE
01-12-1980 08:00,22,0,0,TRUE
02-12-1980 08:00,17.2,0,0,TRUE
03-12-1980 08:00,14,0,0,TRUE
04-12-1980 08:00,12.2,0,0,TRUE
06-12-1980 08:00,10.6,0,0,TRUE
07-12-1980 08:00,10.7,0,0,TRUE
08-12-1980 08:00,9.1,0,0,TRUE
09-12-1980 08:00,12.5,0,0,TRUE
10-12-1980 08:00,14.2,0,0,TRUE
11-12-1980 08:00,30.8,0,0,TRUE
12-12-1980 08:00,24.3,0,0,TRUE
13-12-1980 08:00,53.3,0,0,TRUE
15-12-1980 08:00,29.7,0,0,TRUE
16-12-1980 08:00,19.3,0,0,TRUE
18-12-1980 08:00,15.6,0,0,TRUE
19-12-1980 08:00,15.9,0,0,TRUE
20-12-1980 08:00,13.1,0,0,TRUE
22-12-1980 08:00,9.6,0,0,TRUE
23-12-1980 08:00,10.6,0,0,TRUE
24-12-1980 08:00,9.1,0,0,TRUE
25-12-1980 08:00,8.5,0,0,TRUE
26-12-1980 08:00,10.6,0,0,TRUE
27-12-1980 08:00,9.7,0,0,TRUE
29-12-1980 08:00,6.5,0,0,TRUE
30-12-1980 08:00,6.6,0,0,TRUE
31-12-1980 08:00,6.1,0,0,TRUE
01-01-1981 08:00,5.7,0,0,TRUE
02-01-1981 08:00,5.5,0,0,TRUE
03-01-1981 08:00,5.5,0,0,TRUE
05-01-1981 08:00,5.5,0,0,TRUE
06-01-1981 08:00,4.6,0,0,TRUE
07-01-1981 08:00,4.4,0,0,TRUE
10-01-1981 08:00,3.9,0,0,TRUE
12-01-1981 08:00,3.6,0,0,TRUE
13-01-1981 08:00,3.3,0,0,TRUE
14-01-1981 08:00,3,0,0,TRUE
15-01-1981 08:00,3,0,0,TRUE
16-01-1981 08:00,3,0,0,TRUE
17-01-1981 08:00,3,0,0,TRUE
20-01-1981 08:00,3.2,0,0,TRUE
21-01-1981 08:00,2.4,0,0,TRUE
22-01-1981 08:00,2.3,0,0,TRUE
23-01-1981 08:00,2.2,0,0,TRUE
24-01-1981 08:00,1.8,0,0,TRUE
27-01-1981 08:00,2.1,0,0,TRUE
28-01-1981 08:00,1.9,0,0,TRUE
29-01-1981 08:00,1.9,0,0,TRUE
30-01-1981 08:00,1.6,0,0,TRUE
31-01-1981 08:00,1.1,0,0,TRUE
02-02-1981 08:00,2.3,0,0,TRUE
04-02-1981 08:00,2.1,0,0,TRUE
05-02-1981 08:00,1.8,0,0,TRUE
06-02-1981 08:00,1.7,0,0,TRUE
07-02-1981 08:00,1.5,0,0,TRUE
09-02-1981 08:00,1.5,0,0,TRUE
10-02-1981 08:00,1.6,0,0,TRUE
11-02-1981 08:00,1.6,0,0,TRUE
12-02-1981 08:00,1.6,0,0,TRUE
13-02-1981 08:00,1.3,0,0,TRUE
14-02-1981 08:00,1.3,0,0,TRUE
16-02-1981 08:00,1.6,0,0,TRUE
17-02-1981 08:00,1.2,0,0,TRUE
18-02-1981 08:00,1,0,0,TRUE
19-02-1981 08:00,1,0,0,TRUE
20-02-1981 08:00,0.8,0,0,TRUE
21-02-1981 08:00,0.7,0,0,TRUE
23-02-1981 08:00,0.8,0,0,TRUE
24-02-1981 08:00,0.7,0,0,TRUE
25-02-1981 08:00,0.7,0,0,TRUE
26-02-1981 08:00,0.6,0,0,TRUE
27-02-1981 08:00,0.8,0,0,TRUE
28-02-1981 08:00,0.7,0,0,TRUE
02-03-1981 08:00,0.7,0,0,TRUE
03-03-1981 08:00,0.6,0,0,TRUE
04-03-1981 08:00,0.6,0,0,TRUE
05-03-1981 08:00,0.4,0,0,TRUE
06-03-1981 08:00,0.4,0,0,TRUE
07-03-1981 08:00,0.4,0,0,TRUE
09-03-1981 08:00,0.5,0,0,TRUE
10-03-1981 08:00,0.3,0,0,TRUE
11-03-1981 08:00,0.3,0,0,TRUE
12-03-1981 08:00,0.8,0,0,TRUE
13-03-1981 08:00,0.9,0,0,TRUE
14-03-1981 08:00,0.6,0,0,TRUE
16-03-1981 08:00,0.7,0,0,TRUE
17-03-1981 08:00,0.5,0,0,TRUE
18-03-1981 08:00,0.4,0,0,TRUE
19-03-1981 08:00,0.5,0,0,TRUE
20-03-1981 08:00,0.4,0,0,TRUE
21-03-1981 08:00,0.4,0,0,TRUE
23-03-1981 08:00,0.7,0.0111,0.671328,FALSE
24-03-1981 08:00,1,0.0121,1.04544,FALSE
25-03-1981 08:00,1.5,0.0218,2.82528,FALSE
26-03-1981 08:00,1.1,0.018,1.71072,FALSE
27-03-1981 08:00,2,0.0119,2.05632,FALSE
28-03-1981 08:00,1.8,0.0176,2.737152,FALSE
30-03-1981 08:00,1.5,0.0122,1.58112,FALSE
31-03-1981 08:00,1,0.0179,1.54656,FALSE
01-04-1981 08:00,0.8,0.0118,0.815616,FALSE
02-04-1981 08:00,0.7,0.0088,0.532224,FALSE
03-04-1981 08:00,0.6,0.0161,0.834624,FALSE
04-04-1981 08:00,1.5,0.0102,1.32192,FALSE
06-04-1981 08:00,1.9,0.0105,1.72368,FALSE
07-04-1981 08:00,1.3,0.0065,0.73008,FALSE
08-04-1981 08:00,0.9,0.0065,0.50544,FALSE
09-04-1981 08:00,1,0.0085,0.7344,FALSE
10-04-1981 08:00,1.4,0.0138,1.669248,FALSE
11-04-1981 08:00,0.9,0.0068,0.528768,FALSE
13-04-1981 08:00,3.6,0.0207,6.438528,FALSE
15-04-1981 08:00,7.9,0.0441,30.100896,FALSE
18-04-1981 08:00,2.4,0.0077,1.596672,FALSE
20-04-1981 08:00,1.6,0.0139,1.921536,FALSE
21-04-1981 08:00,1,0.0125,1.08,FALSE
22-04-1981 08:00,0.9,0.0089,0.692064,FALSE
23-04-1981 08:00,0.8,0.0124,0.857088,FALSE
24-04-1981 08:00,0.8,0.0107,0.739584,FALSE
25-04-1981 08:00,5.5,0.0298,14.16096,FALSE
27-04-1981 08:00,2.3,0.0186,3.696192,FALSE
28-04-1981 08:00,1.5,0.0166,2.15136,FALSE
29-04-1981 08:00,0.9,0.013,1.01088,FALSE
30-04-1981 08:00,0.9,0.0156,1.213056,FALSE
25-05-1981 08:00,1.5,0.0125,1.62,FALSE
26-05-1981 08:00,1.4,0.0138,1.669248,FALSE
27-05-1981 08:00,1.3,0.0116,1.302912,FALSE
28-05-1981 08:00,1.3,0.012,1.34784,FALSE
29-05-1981 08:00,1.2,0.0116,1.202688,FALSE
30-05-1981 08:00,1.2,0.0434,4.499712,FALSE
01-06-1981 08:00,17.2,0.0059,8.767872,FALSE
02-06-1981 08:00,22,0.0496,94.27968,FALSE
04-06-1981 08:00,153.2,0.26967,3569.481562,FALSE
05-06-1981 08:00,254.2,0.15806,3471.452813,FALSE
06-06-1981 08:00,314.7,0.0858,2332.908864,FALSE
07-06-1981 08:00,349.4,0.0424,1279.977984,FALSE
08-06-1981 08:00,266.5,0.03753345,864.2302063,FALSE
09-06-1981 08:00,183,0.0287674,454.8471149,FALSE
10-06-1981 08:00,118.4,0.1079,1103.791104,FALSE
11-06-1981 08:00,83.3,0.0274,197.201088,FALSE
12-06-1981 08:00,203.3,0.0647,1136.463264,FALSE
13-06-1981 08:00,178.7,0.043476,671.2555277,FALSE
14-06-1981 08:00,145.9,0.0434569,547.8072517,FALSE
15-06-1981 08:00,147.8,0.0234,298.816128,FALSE
16-06-1981 08:00,229.1,0.1052,2082.354048,FALSE
17-06-1981 08:00,318.1,0.0541,1486.875744,FALSE
18-06-1981 08:00,344.3,0.0756,2248.912512,FALSE
19-06-1981 08:00,273.5,0.0446,1053.91584,FALSE
21-06-1981 08:00,138.3,0.03354,400.7734848,FALSE
25-06-1981 08:00,97.2,0.0287,241.024896,FALSE
26-06-1981 08:00,79.7,0.0216,148.739328,FALSE
27-06-1981 08:00,65.6,0.0204,115.623936,FALSE
28-06-1981 08:00,54.4,0.0222,104.343552,FALSE
29-06-1981 08:00,44.8,0.0224,86.704128,FALSE
30-06-1981 08:00,32.6,0.0149,41.967936,FALSE
01-07-1981 08:00,27.9,0.0137,33.024672,FALSE
02-07-1981 08:00,25,0.0141,30.456,FALSE
03-07-1981 08:00,20.9,0.0057,10.292832,FALSE
04-07-1981 08:00,18.9,0.0051,8.328096,FALSE
06-07-1981 08:00,23.6,0.0101,20.594304,FALSE
07-07-1981 08:00,46.4,0.0736,295.059456,FALSE
08-07-1981 08:00,37.9,0.0278,91.032768,FALSE
09-07-1981 08:00,45.7,0.0451,178.076448,FALSE
10-07-1981 08:00,34.9,0.0238,71.765568,FALSE
11-07-1981 08:00,41.8,0.051,184.18752,FALSE
12-07-1981 08:00,182.9,0.0859,1357.439904,FALSE
13-07-1981 08:00,119.5,0.04529896,467.7027022,FALSE
14-07-1981 08:00,93.1,0.0435,349.90704,FALSE
15-07-1981 08:00,71.9,0.0256,159.031296,FALSE
16-07-1981 08:00,72,0.0383,238.25664,FALSE
18-07-1981 08:00,63,0.0202,109.95264,FALSE
20-07-1981 08:00,45.2,0.0139,54.283392,FALSE
22-07-1981 08:00,66.8,0.0491,283.381632,FALSE
23-07-1981 08:00,89.3,0.0636,490.707072,FALSE
24-07-1981 08:00,137.8,0.0863,1027.480896,FALSE
25-07-1981 08:00,142.2,0.0381,468.099648,FALSE
26-07-1981 08:00,158.9,0.0414,568.378944,FALSE
27-07-1981 08:00,248.7,0.1104,2372.239872,FALSE
28-07-1981 08:00,317,0.0453,1240.71264,FALSE
29-07-1981 08:00,253.7,0.02245,492.096816,FALSE
01-08-1981 08:00,97.4,0.0155,130.43808,FALSE
03-08-1981 08:00,69.2,0.0232,138.710016,FALSE
04-08-1981 08:00,57.5,0.0126,62.5968,FALSE
05-08-1981 08:00,51.1,0.0137,60.486048,FALSE
06-08-1981 08:00,39.3,0.0138,46.858176,FALSE
07-08-1981 08:00,38.5,0.0168,55.88352,FALSE
08-08-1981 08:00,37.7,0.0256,83.386368,FALSE
10-08-1981 08:00,200.4,0.2634,4560.655104,FALSE
11-08-1981 08:00,341.6,0.0579,1708.874496,FALSE
12-08-1981 08:00,298.1,0.0502,1292.943168,FALSE
13-08-1981 08:00,168.4,0.0242,352.104192,FALSE
14-08-1981 08:00,119.2,0.0317,326.474496,FALSE
17-08-1981 08:00,123,0.0417,443.15424,FALSE
18-08-1981 08:00,182,0.0511,803.53728,FALSE
19-08-1981 08:00,198,0.0184,314.77248,FALSE
20-08-1981 08:00,182,0.0469,737.49312,FALSE
22-08-1981 08:00,116.2,0.0281,282.115008,FALSE
24-08-1981 08:00,157.3,0.0337,458.007264,FALSE
25-08-1981 08:00,118.3,0.0264,269.837568,FALSE
26-08-1981 08:00,82.8,0.0236,168.832512,FALSE
27-08-1981 08:00,66.7,0.0187,107.765856,FALSE
28-08-1981 08:00,78.5,0.0734,497.82816,FALSE
29-08-1981 08:00,80.6,0.0463,322.425792,FALSE
31-08-1981 08:00,70.8,0.0402,245.908224,FALSE
01-09-1981 08:00,56.3,0.0246,119.662272,FALSE
02-09-1981 08:00,48.3,0.0242,100.989504,FALSE
03-09-1981 08:00,41.7,0.0242,87.189696,FALSE
04-09-1981 08:00,33.8,0.0304,88.777728,FALSE
05-09-1981 08:00,34.3,0.0258,76.458816,FALSE
09-09-1981 08:00,153.8,0.2234,2968.610688,FALSE
12-09-1981 08:00,225.4,0.2163,4212.347328,FALSE
14-09-1981 08:00,335.4,0.0319,924.416064,FALSE
16-09-1981 08:00,234.1,0.5415,10952.50896,FALSE
17-09-1981 08:00,272.7,0.52286,12319.25086,FALSE
18-09-1981 08:00,373.6,0.0887,2863.150848,FALSE
19-09-1981 08:00,384,0.0503,1668.83328,FALSE
22-09-1981 08:00,429.9,0.0509,1890.597024,FALSE
23-09-1981 08:00,377.1,0.0396,1290.225024,FALSE
29-09-1981 08:00,74.7,0.0392,252.999936,FALSE
05-10-1981 08:00,39,0.0198711,66.95765856,FALSE
06-10-1981 08:00,40.3,0.0566,197.076672,FALSE
07-10-1981 08:00,27.9,0.0324,78.102144,FALSE
10-10-1981 08:00,82.5,0.3819,2722.1832,FALSE
12-10-1981 08:00,46.2,0.0625,249.48,FALSE
13-10-1981 08:00,42.9,0.16614687,615.8333425,FALSE
14-10-1981 08:00,58.4,0.0453,228.572928,FALSE
15-10-1981 08:00,61,0.1518,800.04672,FALSE
16-10-1981 08:00,39.5,0.0487,166.20336,FALSE
17-10-1981 08:00,44.4,0.0431,165.338496,FALSE
19-10-1981 08:00,55.5,0.0584,280.03968,FALSE
20-10-1981 08:00,96.3,0.2124,1767.235968,FALSE
21-10-1981 08:00,109.9,0.134,1272.37824,FALSE
22-10-1981 08:00,80,0.0493,340.7616,FALSE
23-10-1981 08:00,104.6,0.282367,2551.87482,FALSE
24-10-1981 08:00,107.8,0.1468769,1367.999696,FALSE
27-10-1981 08:00,92,0.0327,259.92576,FALSE
28-10-1981 08:00,115.2,0.0942,937.598976,FALSE
29-10-1981 08:00,115.4,0.0637,635.124672,FALSE
30-10-1981 08:00,131.6,0.0855,972.15552,FALSE
31-10-1981 08:00,98.5,0.0426,362.54304,FALSE
02-11-1981 08:00,83.7,0.0349,252.385632,FALSE
03-11-1981 08:00,116.6,0.1751,1763.999424,FALSE
04-11-1981 08:00,77.8,0.0469,315.258048,FALSE
05-11-1981 08:00,63.6,0.0358,196.722432,FALSE
06-11-1981 08:00,48.5,0.0351,147.08304,FALSE
09-11-1981 08:00,63.5,0.0321,176.11344,FALSE
10-11-1981 08:00,59,0.0312,159.04512,FALSE
12-11-1981 08:00,61,0.0704,371.03616,FALSE
13-11-1981 08:00,61.8,0.0841,449.053632,FALSE
14-11-1981 08:00,49.5,0.0475,203.148,FALSE
16-11-1981 08:00,34.9,0.0229,69.051744,FALSE
17-11-1981 08:00,36.4,0.0329,103.469184,FALSE
19-11-1981 08:00,39.5,0.0355,121.1544,FALSE
20-11-1981 08:00,39.3,0.0513,174.190176,FALSE
21-11-1981 08:00,29.5,0.0276,70.34688,FALSE
23-11-1981 08:00,23.9,0.0178,36.756288,FALSE
24-11-1981 08:00,21.6,0.017,31.72608,FALSE
25-11-1981 08:00,19,0.0221,36.27936,FALSE
26-11-1981 08:00,32.2,0.1195,332.45856,FALSE
27-11-1981 08:00,27.7,0.0268,64.139904,FALSE
28-11-1981 08:00,21.9,0.0442,83.633472,FALSE
30-11-1981 08:00,18.5,0.0213,34.04592,FALSE
01-12-1981 08:00,17.6,0.0183,27.827712,FALSE
02-12-1981 08:00,17.2,0.0171,25.411968,FALSE
03-12-1981 08:00,14.7,0.0124,15.748992,FALSE
04-12-1981 08:00,14.4,0.0161,20.030976,FALSE
05-12-1981 08:00,13.8,0.012,14.30784,FALSE
09-12-1981 08:00,9.1,0.0098,7.705152,FALSE
10-12-1981 08:00,9.3,0.0071,5.704992,FALSE
15-12-1981 08:00,7,0.0096,5.80608,FALSE
22-12-1981 08:00,7.6,0.0109,7.157376,FALSE
23-12-1981 08:00,6.2,0.00634,3.3962112,FALSE
24-12-1981 08:00,6.2,0.0101,5.410368,FALSE
29-12-1981 08:00,4,0.0063,2.17728,FALSE
30-12-1981 08:00,4.3,0.009,3.34368,FALSE
01-01-1982 08:00,3.9,0.0038,1.280448,FALSE
02-01-1982 08:00,3.5,0.0098,2.96352,FALSE
04-01-1982 08:00,2.8,0.0083,2.007936,FALSE
05-01-1982 08:00,2.8,0.0075,1.8144,FALSE
06-01-1982 08:00,2.7,0.0076,1.772928,FALSE
07-01-1982 08:00,2.7,0.0081,1.889568,FALSE
08-01-1982 08:00,2.6,0.0106,2.381184,FALSE
09-01-1982 08:00,2.3,0.0077,1.530144,FALSE
11-01-1982 08:00,2.2,0.011,2.09088,FALSE
12-01-1982 08:00,2.1,0.0107,1.941408,FALSE
13-01-1982 08:00,2.1,0.015,2.7216,FALSE
14-01-1982 08:00,2.1,0.0181,3.284064,FALSE
15-01-1982 08:00,2,0.025,4.32,FALSE
16-01-1982 08:00,1.7,0.024,3.52512,FALSE
18-01-1982 08:00,1.6,0.0145,2.00448,FALSE
19-01-1982 08:00,1.9,0.0244,4.005504,FALSE
20-01-1982 08:00,1.7,0.0136,1.997568,FALSE
21-01-1982 08:00,1.4,0.0083,1.003968,FALSE
22-01-1982 08:00,1.6,0.0145,2.00448,FALSE
23-01-1982 08:00,1.4,0.0083,1.003968,FALSE
25-01-1982 08:00,1.5,0.0077,0.99792,FALSE
27-01-1982 08:00,1.2,0,0,TRUE
28-01-1982 08:00,1.1,0,0,TRUE
29-01-1982 08:00,1.2,0,0,TRUE
01-02-1982 08:00,1.2,0,0,TRUE
02-02-1982 08:00,1.1,0,0,TRUE
03-02-1982 08:00,1,0,0,TRUE
04-02-1982 08:00,1.1,0,0,TRUE
05-02-1982 08:00,1.1,0,0,TRUE
06-02-1982 08:00,1,0,0,TRUE
08-02-1982 08:00,1,0,0,TRUE
09-02-1982 08:00,0.8,0,0,TRUE
10-02-1982 08:00,0.7,0,0,TRUE
11-02-1982 08:00,0.7,0,0,TRUE
12-02-1982 08:00,0.6,0,0,TRUE
13-02-1982 08:00,0.6,0,0,TRUE
15-02-1982 08:00,0.6,0,0,TRUE
16-02-1982 08:00,0.5,0,0,TRUE
17-02-1982 08:00,0.3,0,0,TRUE
18-02-1982 08:00,0.4,0,0,TRUE
19-02-1982 08:00,0.3,0,0,TRUE
20-02-1982 08:00,0.4,0,0,TRUE
22-02-1982 08:00,0.4,0,0,TRUE
23-02-1982 08:00,0.3,0,0,TRUE
24-02-1982 08:00,0.3,0,0,TRUE
25-02-1982 08:00,0.2,0,0,TRUE
26-02-1982 08:00,0.1,0,0,TRUE
27-02-1982 08:00,0.2,0,0,TRUE
01-03-1982 08:00,0.2,0,0,TRUE
02-03-1982 08:00,0.1,0,0,TRUE
03-03-1982 08:00,0.1,0,0,TRUE
04-03-1982 08:00,0.1,0,0,TRUE
05-03-1982 08:00,0.2,0,0,TRUE
06-03-1982 08:00,0.2,0,0,TRUE
08-03-1982 08:00,0.2,0,0,TRUE
09-03-1982 08:00,0.2,0.0225,0.3888,FALSE
10-03-1982 08:00,0.2,0.0334,0.577152,FALSE
11-03-1982 08:00,0.1,0.035,0.3024,FALSE
12-03-1982 08:00,0.1,0.0187,0.161568,FALSE
13-03-1982 08:00,0.1,0.0144,0.124416,FALSE
15-03-1982 08:00,0.2,0,0,TRUE
16-03-1982 08:00,0.1,0,0,TRUE
17-03-1982 08:00,0.1,0,0,TRUE
18-03-1982 08:00,0.1,0,0,TRUE
19-03-1982 08:00,0.1,0,0,TRUE
20-03-1982 08:00,0.3,0.0147,0.381024,FALSE
22-03-1982 08:00,0.4,0.0258,0.891648,FALSE
23-03-1982 08:00,0.2,0.0204,0.352512,FALSE
24-03-1982 08:00,3.2,0.0274,7.575552,FALSE
25-03-1982 08:00,2.3,0.0435,8.64432,FALSE
26-03-1982 08:00,1.7,0.0204,2.996352,FALSE
27-03-1982 08:00,1.7,0.0204,2.996352,FALSE
29-03-1982 08:00,3.5,0.0825,24.948,FALSE
30-03-1982 08:00,1.8,0.0193,3.001536,FALSE
31-03-1982 08:00,2,0.0231,3.99168,FALSE
01-04-1982 08:00,1.9,0.0183,3.004128,FALSE
03-04-1982 08:00,2.9,0.0377,9.446112,FALSE
05-04-1982 08:00,1.2,0,0,TRUE
07-04-1982 08:00,0.9,0,0,TRUE
08-04-1982 08:00,0.8,0,0,TRUE
10-04-1982 08:00,0.3,0,0,TRUE
12-04-1982 08:00,0.4,0,0,TRUE
13-04-1982 08:00,0.4,0,0,TRUE
14-04-1982 08:00,0.6,0.0203,1.052352,FALSE
15-04-1982 08:00,0.6,0.0135,0.69984,FALSE
16-04-1982 08:00,1.5,0.0218,2.82528,FALSE
17-04-1982 08:00,1.4,0.0225,2.7216,FALSE
19-04-1982 08:00,2,0.0208,3.59424,FALSE
20-04-1982 08:00,2,0.0231,3.99168,FALSE
21-04-1982 08:00,3.1,0.015,4.0176,FALSE
22-04-1982 08:00,3.8,0.0151,4.957632,FALSE
24-04-1982 08:00,2.4,0.0096,1.990656,FALSE
27-04-1982 08:00,5.9,0.0261,13.304736,FALSE
28-04-1982 08:00,3.4,0.0172,5.052672,FALSE
01-05-1982 08:00,3.6,0.0231,7.185024,FALSE
06-05-1982 08:00,2,0.049,8.4672,FALSE
08-05-1982 08:00,1.6,0.0362,5.004288,FALSE
10-05-1982 08:00,1.2,0.0193,2.001024,FALSE
11-05-1982 08:00,2.1,0.0331,6.005664,FALSE
12-05-1982 08:00,1.9,0.0365,5.99184,FALSE
13-05-1982 08:00,1.4,0.05,6.048,FALSE
14-05-1982 08:00,1.9,0.0365,5.99184,FALSE
27-05-1982 08:00,68.8,0.3048,1811.828736,FALSE
28-05-1982 08:00,39.8,0.1571,540.222912,FALSE
29-05-1982 08:00,31.6,0.0887,242.172288,FALSE
01-06-1982 08:00,17.8,0.0256,39.370752,FALSE
05-06-1982 08:00,49.3,0.0524,223.198848,FALSE
07-06-1982 08:00,41.6,0.0293,105.311232,FALSE
08-06-1982 08:00,36.2,0.0383,119.790144,FALSE
10-06-1982 08:00,74.4,0.0706,453.828096,FALSE
12-06-1982 08:00,41.2,0.0239,85.076352,FALSE
14-06-1982 08:00,32.2,0.0397,110.448576,FALSE
15-06-1982 08:00,31.4,0.0321,87.086016,FALSE
16-06-1982 08:00,83.1,0.085,610.2864,FALSE
17-06-1982 08:00,77.2,0.0835,556.95168,FALSE
18-06-1982 08:00,84.7,0.0942,689.363136,FALSE
19-06-1982 08:00,142.5,0.2253,2773.8936,FALSE
21-06-1982 08:00,92.8,0.0647,518.759424,FALSE
23-06-1982 08:00,78.9,0.0572,389.930112,FALSE
24-06-1982 08:00,120.7,0.1305,1360.91664,FALSE
25-06-1982 08:00,127.1,0.0878,964.170432,FALSE
29-06-1982 08:00,140.8,0.0836,1017.004032,FALSE
01-07-1982 08:00,74.2,0.0357,228.868416,FALSE
02-07-1982 08:00,53.7,0.0303,140.582304,FALSE
06-07-1982 08:00,30.5,0.107,281.9664,FALSE
07-07-1982 08:00,36.6,0.0466,147.360384,FALSE
08-07-1982 08:00,33.9,0.0338,98.998848,FALSE
09-07-1982 08:00,38.7,0.0357,119.369376,FALSE
10-07-1982 08:00,31.3,0.0167,45.162144,FALSE
12-07-1982 08:00,29.4,0.0192,48.771072,FALSE
13-07-1982 08:00,31.4,0.0152,41.236992,FALSE
14-07-1982 08:00,30.5,0.0157,41.37264,FALSE
15-07-1982 08:00,40.9,0.0417,147.357792,FALSE
16-07-1982 08:00,45.9,0.0433,171.717408,FALSE
17-07-1982 08:00,39.4,0.0229,77.955264,FALSE
20-07-1982 08:00,76.3,0.0416,274.240512,FALSE
21-07-1982 08:00,103.2,0.0713,635.745024,FALSE
22-07-1982 08:00,87.4,0.0427,322.443072,FALSE
24-07-1982 08:00,61.3,0.0188,99.570816,FALSE
26-07-1982 08:00,36.7,0.0209,66.271392,FALSE
27-07-1982 08:00,32.8,0.0142,40.241664,FALSE
28-07-1982 08:00,45.2,0.0519,202.684032,FALSE
29-07-1982 08:00,54.7,0.0782,369.579456,FALSE
30-07-1982 08:00,60.9,0.0432,227.308032,FALSE
31-07-1982 08:00,66.4,0.021,120.47616,FALSE
02-08-1982 08:00,75.7,0.0389,254.424672,FALSE
03-08-1982 08:00,65.4,0.0111,62.721216,FALSE
04-08-1982 08:00,54.1,0.0162,75.722688,FALSE
05-08-1982 08:00,51.5,0.0109,48.50064,FALSE
06-08-1982 08:00,40.6,0.0099,34.727616,FALSE
07-08-1982 08:00,121.2,0.43424,4547.222323,FALSE
08-08-1982 08:00,152,0.07,919.296,FALSE
09-08-1982 08:00,93.4,0.0828,668.176128,FALSE
10-08-1982 08:00,70,0.0363,219.5424,FALSE
11-08-1982 08:00,53.9,0.0207,96.399072,FALSE
12-08-1982 08:00,52.1,0.0285,128.29104,FALSE
13-08-1982 08:00,77,0.069,459.0432,FALSE
14-08-1982 08:00,92,0.0497,395.05536,FALSE
16-08-1982 08:00,76,0.0191,125.41824,FALSE
17-08-1982 08:00,72,0.0235,146.1888,FALSE
18-08-1982 08:00,63.2,0.0174,95.012352,FALSE
19-08-1982 08:00,53.4,0.0131,60.440256,FALSE
20-08-1982 08:00,45.7,0.0149,58.832352,FALSE
21-08-1982 08:00,45.6,0.0182,71.705088,FALSE
22-08-1982 08:00,40.2,0.0167,58.003776,FALSE
23-08-1982 08:00,37.1,0.0153,49.043232,FALSE
24-08-1982 08:00,31.9,0.0075,20.6712,FALSE
25-08-1982 08:00,40.8,0.0322,113.508864,FALSE
26-08-1982 08:00,30.3,0.0141,36.912672,FALSE
27-08-1982 08:00,26.1,0.0129,29.090016,FALSE
28-08-1982 08:00,23.3,0.0118,23.754816,FALSE
29-08-1982 08:00,21.5,0.0108,20.06208,FALSE
30-08-1982 08:00,18.5,0.0075,11.988,FALSE
31-08-1982 08:00,16.1,0.016,22.25664,FALSE
02-09-1982 08:00,13.7,0.0101,11.955168,FALSE
03-09-1982 08:00,12.6,0.0083,9.035712,FALSE
04-09-1982 08:00,11.8,0.0073,7.442496,FALSE
05-09-1982 08:00,11.1,0.0073,7.000992,FALSE
06-09-1982 08:00,10.2,0.0209,18.418752,FALSE
07-09-1982 08:00,9.2,0.0126,10.015488,FALSE
08-09-1982 08:00,8.1,0.0075,5.2488,FALSE
09-09-1982 08:00,7.5,0.0119,7.7112,FALSE
10-09-1982 08:00,7,0.0022,1.33056,FALSE
11-09-1982 08:00,6.5,0.0064,3.59424,FALSE
12-09-1982 08:00,6.2,0.0075,4.0176,FALSE
13-09-1982 08:00,7.4,0.0033,2.109888,FALSE
14-09-1982 08:00,7.1,0.0046,2.821824,FALSE
15-09-1982 08:00,7.5,0.0065,4.212,FALSE
16-09-1982 08:00,6.9,0.0029,1.728864,FALSE
17-09-1982 08:00,8.6,0.0122,9.065088,FALSE
18-09-1982 08:00,6.1,0.008,4.21632,FALSE
19-09-1982 08:00,5.2,0.0067,3.010176,FALSE
20-09-1982 08:00,20.1,0.0475,82.4904,FALSE
21-09-1982 08:00,18.3,0.0428,67.671936,FALSE
22-09-1982 08:00,13.1,0.0148,16.751232,FALSE
23-09-1982 08:00,11,0.0153,14.54112,FALSE
24-09-1982 08:00,11,0.0084,7.98336,FALSE
25-09-1982 08:00,10.7,0.0127,11.740896,FALSE
26-09-1982 08:00,10.6,0.0098,8.975232,FALSE
27-09-1982 08:00,7.1,0.0045,2.76048,FALSE
28-09-1982 08:00,9.9,0.0007,0.598752,FALSE
29-09-1982 08:00,7.1,0.0011,0.674784,FALSE
30-09-1982 08:00,5.6,0.012,5.80608,FALSE
01-10-1982 08:00,4.5,0.005,1.944,FALSE
02-10-1982 08:00,4.3,0.013,4.82976,FALSE
03-10-1982 08:00,12.5,0.0405,43.74,FALSE
04-10-1982 08:00,14.8,0.0441,56.391552,FALSE
05-10-1982 08:00,10.8,0.0422,39.377664,FALSE
06-10-1982 08:00,12,0.017,17.6256,FALSE
07-10-1982 08:00,8.5,0.0065,4.7736,FALSE
08-10-1982 08:00,20,0.1284,221.8752,FALSE
11-10-1982 08:00,19.9,0.0591,101.614176,FALSE
12-10-1982 08:00,20.3,0.0372,65.245824,FALSE
13-10-1982 08:00,13.6,0.0191,22.443264,FALSE
14-10-1982 08:00,21.4,0.0647,119.627712,FALSE
15-10-1982 08:00,30.2,0.0881,229.877568,FALSE
16-10-1982 08:00,23.8,0.0549,112.891968,FALSE
18-10-1982 08:00,46.5,0.21685,871.21656,FALSE
19-10-1982 08:00,30.5,0.0474,124.90848,FALSE
20-10-1982 08:00,22.3,0.0263,50.672736,FALSE
21-10-1982 08:00,17.6,0.0238,36.191232,FALSE
22-10-1982 08:00,14.5,0.023,28.8144,FALSE
24-10-1982 08:00,16.2,0.035,48.9888,FALSE
25-10-1982 08:00,25.1,0.1055,228.79152,FALSE
26-10-1982 08:00,42,0.119,431.8272,FALSE
27-10-1982 08:00,35.6,0.047,144.56448,FALSE
28-10-1982 08:00,36.7,0.0691,219.107808,FALSE
29-10-1982 08:00,27.9,0.0316,76.173696,FALSE
05-11-1982 08:00,127.4,0.3797,4179.494592,FALSE
06-11-1982 08:00,75.3,0.06382,415.2078144,FALSE
07-11-1982 08:00,48.5,0.0317,132.83568,FALSE
10-11-1982 08:00,75.5,0.2092,1364.65344,FALSE
12-11-1982 08:00,61.8,0.0545,291.00384,FALSE
13-11-1982 08:00,86,0.1817,1350.10368,FALSE
15-11-1982 08:00,58.7,0.0343,173.958624,FALSE
16-11-1982 08:00,94.7,0.0973,796.116384,FALSE
17-11-1982 08:00,60.2,0.0264,137.313792,FALSE
18-11-1982 08:00,48.1,0.0203,84.363552,FALSE
19-11-1982 08:00,39.1,0.0152,51.349248,FALSE
20-11-1982 08:00,29.2,0.0141,35.572608,FALSE
22-11-1982 08:00,23.1,0.0119,23.750496,FALSE
23-11-1982 08:00,19.6,0.012,20.32128,FALSE
24-11-1982 08:00,18.1,0.009,14.07456,FALSE
25-11-1982 08:00,15.4,0.0081,10.777536,FALSE
26-11-1982 08:00,14.4,0.0072,8.957952,FALSE
01-12-1982 08:00,10.4,0.0053,4.762368,FALSE
02-12-1982 08:00,10.3,0.006,5.33952,FALSE
03-12-1982 08:00,9.6,0.0034,2.820096,FALSE
04-12-1982 08:00,11.3,0.0069,6.736608,FALSE
06-12-1982 08:00,18.5,0.0267,42.67728,FALSE
07-12-1982 08:00,15,0.0101,13.0896,FALSE
08-12-1982 08:00,12,0.0104,10.78272,FALSE
09-12-1982 08:00,10.3,0.0053,4.716576,FALSE
10-12-1982 08:00,9.3,0.0061,4.901472,FALSE
11-12-1982 08:00,8,0.008,5.5296,FALSE
13-12-1982 08:00,7.3,0.0065,4.09968,FALSE
14-12-1982 08:00,7.2,0.0043,2.674944,FALSE
15-12-1982 08:00,7.1,0.0026,1.594944,FALSE
16-12-1982 08:00,6,0.0044,2.28096,FALSE
17-12-1982 08:00,5.2,0.0019,0.853632,FALSE
18-12-1982 08:00,4.9,0.0056,2.370816,FALSE
20-12-1982 08:00,4.4,0.008,3.04128,FALSE
21-12-1982 08:00,4.2,0.0186,6.749568,FALSE
22-12-1982 08:00,3.8,0.0024,0.787968,FALSE
23-12-1982 08:00,3.7,0.008,2.55744,FALSE
24-12-1982 08:00,3.5,0.0074,2.23776,FALSE
27-12-1982 08:00,3,0.0021,0.54432,FALSE
28-12-1982 08:00,2.9,0.0126,3.157056,FALSE
30-12-1982 08:00,2.7,0.0093,2.169504,FALSE
31-12-1982 08:00,2.5,0.0046,0.9936,FALSE
01-01-1983 08:00,2.4,0.0089,1.845504,FALSE
03-01-1983 08:00,2.2,0.0166,3.155328,FALSE
04-01-1983 08:00,1.9,0.0146,2.396736,FALSE
05-01-1983 08:00,2,0.0114,1.96992,FALSE
06-01-1983 08:00,1.9,0.0039,0.640224,FALSE
07-01-1983 08:00,1.7,0.0063,0.925344,FALSE
08-01-1983 08:00,1.6,0.0044,0.608256,FALSE
10-01-1983 08:00,1.6,0.0038,0.525312,FALSE
11-01-1983 08:00,1.5,0.0051,0.66096,FALSE
12-01-1983 08:00,1.4,0.0032,0.387072,FALSE
13-01-1983 08:00,1.4,0.0026,0.314496,FALSE
14-01-1983 08:00,1.3,0.0041,0.460512,FALSE
15-01-1983 08:00,1.3,0.012,1.34784,FALSE
17-01-1983 08:00,1.3,0.0094,1.055808,FALSE
18-01-1983 08:00,1.2,0.0081,0.839808,FALSE
19-01-1983 08:00,1.1,0.0068,0.646272,FALSE
20-01-1983 08:00,1,0.0099,0.85536,FALSE
21-01-1983 08:00,0.9,0.0147,1.143072,FALSE
22-01-1983 08:00,0.9,0.0151,1.174176,FALSE
24-01-1983 08:00,0.9,0.0154,1.197504,FALSE
25-01-1983 08:00,0.8,0.0182,1.257984,FALSE
27-01-1983 08:00,0.7,0.0157,0.949536,FALSE
28-01-1983 08:00,0.7,0,0,TRUE
29-01-1983 08:00,0.7,0,0,TRUE
31-01-1983 08:00,0.8,0,0,TRUE
01-02-1983 08:00,0.8,0,0,TRUE
02-02-1983 08:00,0.6,0,0,TRUE
03-02-1983 08:00,0.6,0,0,TRUE
04-02-1983 08:00,0.5,0,0,TRUE
05-02-1983 08:00,0.5,0,0,TRUE
07-02-1983 08:00,0.4,0,0,TRUE
08-02-1983 08:00,0.4,0,0,TRUE
09-02-1983 08:00,0.4,0,0,TRUE
10-02-1983 08:00,0.4,0,0,TRUE
12-02-1983 08:00,0.5,0,0,TRUE
14-02-1983 08:00,0.5,0,0,TRUE
15-02-1983 08:00,0.3,0,0,TRUE
16-02-1983 08:00,0.3,0,0,TRUE
17-02-1983 08:00,0.3,0,0,TRUE
18-02-1983 08:00,0.3,0,0,TRUE
19-02-1983 08:00,0.3,0,0,TRUE
21-02-1983 08:00,0.2,0,0,TRUE
22-02-1983 08:00,0.1,0,0,TRUE
23-02-1983 08:00,0.1,0,0,TRUE
24-02-1983 08:00,0.1,0,0,TRUE
25-02-1983 08:00,0.1,0,0,TRUE
26-02-1983 08:00,0.2,0,0,TRUE
28-02-1983 08:00,0.3,0,0,TRUE
01-03-1983 08:00,0.2,0,0,TRUE
02-03-1983 08:00,0.1,0,0,TRUE
03-03-1983 08:00,0.1,0,0,TRUE
04-03-1983 08:00,0.1,0,0,TRUE
05-03-1983 08:00,0.1,0,0,TRUE
07-03-1983 08:00,0,0,0,TRUE
08-03-1983 08:00,0.1,0,0,TRUE
09-03-1983 08:00,0,0,0,TRUE
10-03-1983 08:00,0,0,0,TRUE
11-03-1983 08:00,0,0,0,TRUE
12-03-1983 08:00,0,0,0,TRUE
13-03-1983 08:00,0,0,0,TRUE
14-03-1983 08:00,0,0,0,TRUE
15-03-1983 08:00,0,0,0,TRUE
16-03-1983 08:00,0,0,0,TRUE
17-03-1983 08:00,0,0,0,TRUE
18-03-1983 08:00,0,0,0,TRUE
19-03-1983 08:00,0,0,0,TRUE
20-03-1983 08:00,0,0,0,TRUE
21-03-1983 08:00,0,0,0,TRUE
22-03-1983 08:00,0,0,0,TRUE
23-03-1983 08:00,0,0,0,TRUE
24-03-1983 08:00,0,0,0,TRUE
25-03-1983 08:00,0,0,0,TRUE
26-03-1983 08:00,0,0,0,TRUE
27-03-1983 08:00,0,0,0,TRUE
28-03-1983 08:00,0,0,0,TRUE
29-03-1983 08:00,0,0,0,TRUE
30-03-1983 08:00,0,0,0,TRUE
31-03-1983 08:00,0,0,0,TRUE
01-04-1983 08:00,0,0,0,TRUE
02-04-1983 08:00,0,0,0,TRUE
03-04-1983 08:00,0,0,0,TRUE
04-04-1983 08:00,0,0,0,TRUE
05-04-1983 08:00,0,0,0,TRUE
06-04-1983 08:00,0,0,0,TRUE
07-04-1983 08:00,0,0,0,TRUE
08-04-1983 08:00,0,0,0,TRUE
09-04-1983 08:00,0,0,0,TRUE
10-04-1983 08:00,0,0,0,TRUE
11-04-1983 08:00,0,0,0,TRUE
12-04-1983 08:00,0,0,0,TRUE
13-04-1983 08:00,0,0,0,TRUE
14-04-1983 08:00,0,0,0,TRUE
15-04-1983 08:00,0,0,0,TRUE
16-04-1983 08:00,0,0,0,TRUE
17-04-1983 08:00,0,0,0,TRUE
18-04-1983 08:00,0,0,0,TRUE
19-04-1983 08:00,0,0,0,TRUE
20-04-1983 08:00,0,0,0,TRUE
21-04-1983 08:00,0,0,0,TRUE
22-04-1983 08:00,0,0,0,TRUE
23-04-1983 08:00,0,0,0,TRUE
24-04-1983 08:00,0,0,0,TRUE
25-04-1983 08:00,0,0,0,TRUE
26-04-1983 08:00,0,0,0,TRUE
27-04-1983 08:00,0,0,0,TRUE
28-04-1983 08:00,0,0,0,TRUE
29-04-1983 08:00,0,0,0,TRUE
30-04-1983 08:00,0,0,0,TRUE
01-05-1983 08:00,0,0,0,TRUE
02-05-1983 08:00,0,0,0,TRUE
03-05-1983 08:00,0,0,0,TRUE
04-05-1983 08:00,0,0,0,TRUE
05-05-1983 08:00,0,0,0,TRUE
06-05-1983 08:00,0,0,0,TRUE
07-05-1983 08:00,0,0,0,TRUE
08-05-1983 08:00,0,0,0,TRUE
09-05-1983 08:00,0,0,0,TRUE
10-05-1983 08:00,0,0,0,TRUE
11-05-1983 08:00,0,0,0,TRUE
12-05-1983 08:00,0,0,0,TRUE
13-05-1983 08:00,0,0,0,TRUE
14-05-1983 08:00,0,0,0,TRUE
15-05-1983 08:00,0,0,0,TRUE
16-05-1983 08:00,0.2,0,0,TRUE
17-05-1983 08:00,0.8,0,0,TRUE
18-05-1983 08:00,0.9,0,0,TRUE
19-05-1983 08:00,0.8,0,0,TRUE
20-05-1983 08:00,1,0,0,TRUE
21-05-1983 08:00,0.6,0,0,TRUE
23-05-1983 08:00,0.6,0,0,TRUE
24-05-1983 08:00,0.4,0,0,TRUE
25-05-1983 08:00,0.3,0,0,TRUE
27-05-1983 08:00,0.4,0,0,TRUE
28-05-1983 08:00,0.3,0,0,TRUE
30-05-1983 08:00,0.2,0,0,TRUE
31-05-1983 08:00,0.2,0,0,TRUE
01-06-1983 08:00,0.1,0,0,TRUE
02-06-1983 08:00,0.1,0,0,TRUE
03-06-1983 08:00,0.1,0,0,TRUE
04-06-1983 08:00,0,0,0,TRUE
05-06-1983 08:00,0,0,0,TRUE
06-06-1983 08:00,0,0,0,TRUE
07-06-1983 08:00,0.1,0,0,TRUE
08-06-1983 08:00,0,0,0,TRUE
09-06-1983 08:00,0.1,0,0,TRUE
10-06-1983 08:00,0.2,0,0,TRUE
11-06-1983 08:00,0.2,0,0,TRUE
12-06-1983 08:00,1.3,0.0232,2.605824,FALSE
13-06-1983 08:00,1.5,0.0237,3.07152,FALSE
14-06-1983 08:00,1.6,0.011,1.52064,FALSE
15-06-1983 08:00,1.6,0.0165,2.28096,FALSE
16-06-1983 08:00,28.8,0.1665,414.30528,FALSE
17-06-1983 08:00,12.9,0.0311,34.662816,FALSE
18-06-1983 08:00,5.4,0.0113,5.272128,FALSE
19-06-1983 08:00,4.1,0.0074,2.621376,FALSE
20-06-1983 08:00,3.2,0.0097,2.681856,FALSE
21-06-1983 08:00,2.4,0.0103,2.135808,FALSE
23-06-1983 08:00,1.9,0.0106,1.740096,FALSE
25-06-1983 08:00,6.2,0.019,10.17792,FALSE
26-06-1983 08:00,31.9,0.0734,202.302144,FALSE
27-06-1983 08:00,21.8,0.0157,29.571264,FALSE
28-06-1983 08:00,14.6,0.0081,10.217664,FALSE
29-06-1983 08:00,13.1,0.0085,9.62064,FALSE
30-06-1983 08:00,21.9,0.0148,28.003968,FALSE
01-07-1983 08:00,20.9,0.0175,31.6008,FALSE
02-07-1983 08:00,14.1,0.0108,13.156992,FALSE
03-07-1983 08:00,8.3,0.0062,4.446144,FALSE
04-07-1983 08:00,6.5,0.0125,7.02,FALSE
05-07-1983 08:00,5.1,0.0056,2.467584,FALSE
06-07-1983 08:00,4,0.0064,2.21184,FALSE
07-07-1983 08:00,3.3,0.0066,1.881792,FALSE
08-07-1983 08:00,4.8,0.0032,1.327104,FALSE
09-07-1983 08:00,5,0.0115,4.968,FALSE
10-07-1983 08:00,5.1,0.0068,2.996352,FALSE
11-07-1983 08:00,6.8,0.0108,6.345216,FALSE
12-07-1983 08:00,10.1,0.0178,15.532992,FALSE
13-07-1983 08:00,21,0.0214,38.82816,FALSE
14-07-1983 08:00,33.8,0.0631,184.272192,FALSE
15-07-1983 08:00,117.8,0.1127,1147.051584,FALSE
16-07-1983 08:00,73.9,0.0459,293.069664,FALSE
17-07-1983 08:00,68.8,0.0224,133.152768,FALSE
18-07-1983 08:00,51.8,0.0219,98.013888,FALSE
19-07-1983 08:00,35,0.0138,41.7312,FALSE
20-07-1983 08:00,29.3,0.01,25.3152,FALSE
21-07-1983 08:00,40.9,0.0147,51.946272,FALSE
22-07-1983 08:00,96.2,0.0814,676.570752,FALSE
23-07-1983 08:00,120.3,0.0686,713.022912,FALSE
25-07-1983 08:00,99.3,0.0345,295.99344,FALSE
26-07-1983 08:00,70.6,0.0145,88.44768,FALSE
27-07-1983 08:00,47.7,0.0128,52.752384,FALSE
28-07-1983 08:00,36.9,0.0091,29.012256,FALSE
29-07-1983 08:00,27.2,0.008,18.80064,FALSE
30-07-1983 08:00,22,0.008,15.2064,FALSE
31-07-1983 08:00,18.5,0.0061,9.75024,FALSE
01-08-1983 08:00,21.4,0.0114,21.078144,FALSE
02-08-1983 08:00,27.8,0.0345,82.86624,FALSE
03-08-1983 08:00,37.5,0.0193,62.532,FALSE
04-08-1983 08:00,35.8,0.0136,42.066432,FALSE
05-08-1983 08:00,26.4,0.0089,20.300544,FALSE
06-08-1983 08:00,23.4,0.0057,11.524032,FALSE
07-08-1983 08:00,21.4,0.0048,8.875008,FALSE
08-08-1983 08:00,21.7,0.0075,14.0616,FALSE
09-08-1983 08:00,45.6,0.118,464.90112,FALSE
10-08-1983 08:00,117.1,0.0764,772.972416,FALSE
11-08-1983 08:00,96.7,0.0241,201.352608,FALSE
12-08-1983 08:00,94.1,0.029,235.77696,FALSE
13-08-1983 08:00,77.9,0.0171,115.092576,FALSE
14-08-1983 08:00,63.6,0.0123,67.588992,FALSE
16-08-1983 08:00,95,0.0322,264.2976,FALSE
17-08-1983 08:00,122.4,0.0447,472.718592,FALSE
18-08-1983 08:00,142.8,0.0738,910.538496,FALSE
19-08-1983 08:00,157.4,0.0393,534.454848,FALSE
20-08-1983 08:00,305.8,0.2368,6256.521216,FALSE
21-08-1983 08:00,382.2,0.0445,1469.48256,FALSE
25-08-1983 08:00,69.4,0.0165,98.93664,FALSE
26-08-1983 08:00,60.8,0.0272,142.884864,FALSE
27-08-1983 08:00,46.2,0.0133,53.089344,FALSE
28-08-1983 08:00,43.4,0.0117,43.872192,FALSE
29-08-1983 08:00,35.1,0.009,27.29376,FALSE
31-08-1983 08:00,26.3,0.0058,13.179456,FALSE
07-09-1983 08:00,46.4,0.0477,191.227392,FALSE
08-09-1983 08:00,38.7,0.0128,42.799104,FALSE
09-09-1983 08:00,35.5,0.0138,42.32736,FALSE
10-09-1983 08:00,46.9,0.0598,242.319168,FALSE
11-09-1983 08:00,38.1,0.0102,33.576768,FALSE
12-09-1983 08:00,37.5,0.0109,35.316,FALSE
13-09-1983 08:00,34.1,0.0156,45.961344,FALSE
14-09-1983 08:00,31.2,0.0092,24.800256,FALSE
15-09-1983 08:00,35.6,0.016,49.21344,FALSE
16-09-1983 08:00,117.6,0.10162,1032.524237,FALSE
17-09-1983 08:00,115,0.0641,636.8976,FALSE
18-09-1983 08:00,92.4,0.0304,242.694144,FALSE
19-09-1983 08:00,123.9,0.0921,985.926816,FALSE
20-09-1983 08:00,153.5,0.0833,1104.75792,FALSE
21-09-1983 08:00,135.8,0.0382,448.205184,FALSE
22-09-1983 08:00,120.9,0.0297,310.239072,FALSE
23-09-1983 08:00,173.2,0.0919,1375.235712,FALSE
24-09-1983 08:00,138.9,0.0261,313.225056,FALSE
25-09-1983 08:00,174,0.0745,1120.0032,FALSE
26-09-1983 08:00,124.8,0.0233,251.237376,FALSE
27-09-1983 08:00,96.6,0.0238,198.640512,FALSE
28-09-1983 08:00,72,0.0179,111.35232,FALSE
29-09-1983 08:00,57.7,0.0137,68.298336,FALSE
01-10-1983 08:00,41.9,0.0104,37.649664,FALSE
03-10-1983 08:00,32.8,0.0078,22.104576,FALSE
04-10-1983 08:00,30.5,0.0105,27.6696,FALSE
06-10-1983 08:00,24.9,0.0073,15.704928,FALSE
07-10-1983 08:00,21.3,0.0093,17.114976,FALSE
20-10-1983 08:00,30.9,0.0384,102.518784,FALSE
21-10-1983 08:00,21.2,0.0158,28.940544,FALSE
22-10-1983 08:00,17,0.01,14.688,FALSE
24-10-1983 08:00,19.8,0.0134,22.923648,FALSE
25-10-1983 08:00,15.2,0.0075,9.8496,FALSE
26-10-1983 08:00,14.5,0.0085,10.6488,FALSE
27-10-1983 08:00,23.5,0.0321,65.17584,FALSE
28-10-1983 08:00,17.6,0.0119,18.095616,FALSE
29-10-1983 08:00,16,0.0089,12.30336,FALSE
30-10-1983 08:00,21,0.0238,43.18272,FALSE
31-10-1983 08:00,31.6,0.0325,88.7328,FALSE
01-11-1983 08:00,37.9,0.0471,154.231776,FALSE
02-11-1983 08:00,41.4,0.0655,234.29088,FALSE
03-11-1983 08:00,103.8,0.1662,1490.534784,FALSE
04-11-1983 08:00,75.9,0.03,196.7328,FALSE
05-11-1983 08:00,57.4,0.021,104.14656,FALSE
06-11-1983 08:00,56.5,0.0274,133.75584,FALSE
07-11-1983 08:00,116.2,0.12063,1211.086598,FALSE
08-11-1983 08:00,69.1,0.0396,236.421504,FALSE
09-11-1983 08:00,52.9,0.017,77.69952,FALSE
10-11-1983 08:00,40.7,0.0216,75.955968,FALSE
11-11-1983 08:00,31.8,0.0126,34.618752,FALSE
12-11-1983 08:00,26.8,0.0153,35.427456,FALSE
13-11-1983 08:00,25,0.0161,34.776,FALSE
14-11-1983 08:00,21.1,0.0116,21.147264,FALSE
15-11-1983 08:00,18.1,0.0071,11.103264,FALSE
16-11-1983 08:00,14.6,0.00925,11.66832,FALSE
17-11-1983 08:00,14.1,0.0038,4.629312,FALSE
18-11-1983 08:00,20,0.05,86.4,FALSE
19-11-1983 08:00,15.1,0.0167,21.787488,FALSE
20-11-1983 08:00,19.4,0.0698,116.995968,FALSE
21-11-1983 08:00,21.1,0.0634,115.580736,FALSE
22-11-1983 08:00,16.9,0.0182,26.574912,FALSE
23-11-1983 08:00,14.6,0.0074,9.334656,FALSE
24-11-1983 08:00,13.1,0.0085,9.62064,FALSE
25-11-1983 08:00,11.1,0.0078,7.480512,FALSE
28-11-1983 08:00,17.8,0.0358,55.057536,FALSE
29-11-1983 08:00,12,0.0201,20.83968,FALSE
30-11-1983 08:00,10.3,0.0094,8.365248,FALSE
01-12-1983 08:00,11.2,0.0114,11.031552,FALSE
02-12-1983 08:00,8.1,0.0076,5.318784,FALSE
03-12-1983 08:00,7.4,0.0089,5.690304,FALSE
04-12-1983 08:00,7.4,0.0094,6.009984,FALSE
05-12-1983 08:00,7.2,0.0074,4.603392,FALSE
06-12-1983 08:00,8.7,0.0094,7.065792,FALSE
07-12-1983 08:00,7,0.0089,5.38272,FALSE
08-12-1983 08:00,6.3,0.0094,5.116608,FALSE
09-12-1983 08:00,5.6,0.0085,4.11264,FALSE
10-12-1983 08:00,5,0.0108,4.6656,FALSE
12-12-1983 08:00,4.6,0.0124,4.928256,FALSE
13-12-1983 08:00,4.2,0.0105,3.81024,FALSE
14-12-1983 08:00,4.2,0.0086,3.120768,FALSE
15-12-1983 08:00,4.2,0.009,3.26592,FALSE
16-12-1983 08:00,3.9,0.0103,3.470688,FALSE
17-12-1983 08:00,4.3,0.0104,3.863808,FALSE
19-12-1983 08:00,3.5,0.0108,3.26592,FALSE
20-12-1983 08:00,3.4,0.0125,3.672,FALSE
21-12-1983 08:00,3,0.0129,3.34368,FALSE
22-12-1983 08:00,3.3,0.0117,3.335904,FALSE
23-12-1983 08:00,3.4,0.0118,3.466368,FALSE
24-12-1983 08:00,4.1,0.0119,4.215456,FALSE
26-12-1983 08:00,18.3,0.0769,121.588128,FALSE
27-12-1983 08:00,17.9,0.0136,21.033216,FALSE
28-12-1983 08:00,12.7,0.0168,18.434304,FALSE
29-12-1983 08:00,10.6,0.0169,15.477696,FALSE
30-12-1983 08:00,46.1,0.21955,874.476432,FALSE
31-12-1983 08:00,26.4,0.0567,129.330432,FALSE
02-01-1984 08:00,11.1,0.020085,19.2623184,FALSE
03-01-1984 08:00,9.2,0.0155,12.32064,FALSE
04-01-1984 08:00,7.4,0.016,10.22976,FALSE
05-01-1984 08:00,6.5,0.0107,6.00912,FALSE
09-01-1984 08:00,4.3,0.0069,2.563488,FALSE
10-01-1984 08:00,3.7,0.0071,2.269728,FALSE
11-01-1984 08:00,3.5,0.0116,3.50784,FALSE
13-01-1984 08:00,3.3,0.0135,3.84912,FALSE
16-01-1984 08:00,3.4,0.007,2.05632,FALSE
18-01-1984 08:00,4.8,0.0073,3.027456,FALSE
19-01-1984 08:00,4,0.0076,2.62656,FALSE
20-01-1984 08:00,3.9,0.0069,2.325024,FALSE
21-01-1984 08:00,3.3,0.0054,1.539648,FALSE
22-01-1984 08:00,3.1,0.0075,2.0088,FALSE
23-01-1984 08:00,2.6,0.0049,1.100736,FALSE
24-01-1984 08:00,2.2,0.0039,0.741312,FALSE
27-01-1984 08:00,1.6,0.0092,1.271808,FALSE
28-01-1984 08:00,1.6,0.0066,0.912384,FALSE
30-01-1984 08:00,1.5,0.006,0.7776,FALSE
01-02-1984 08:00,2.2,0.0118,2.242944,FALSE
02-02-1984 08:00,1.5,0.0125,1.62,FALSE
04-02-1984 08:00,1.1,0.0079,0.750816,FALSE
07-02-1984 08:00,1,0.0098,0.84672,FALSE
08-02-1984 08:00,1.5,0.0099,1.28304,FALSE
09-02-1984 08:00,1.5,0.0122,1.58112,FALSE
10-02-1984 08:00,2.5,0.0128,2.7648,FALSE
11-02-1984 08:00,1.9,0.0138,2.265408,FALSE
13-02-1984 08:00,2,0.0074,1.27872,FALSE
14-02-1984 08:00,7.9,0.0107,7.303392,FALSE
17-02-1984 08:00,4.4,0.0144,5.474304,FALSE
20-02-1984 08:00,5.4,0.014,6.53184,FALSE
21-02-1984 08:00,17.3,0.0915,136.76688,FALSE
22-02-1984 08:00,8.3,0.0366,26.246592,FALSE
23-02-1984 08:00,5.6,0.0175,8.4672,FALSE
27-02-1984 08:00,2,0.0084,1.45152,FALSE
28-02-1984 08:00,1.8,0.0058,0.902016,FALSE
01-03-1984 08:00,1.6,0.0097,1.340928,FALSE
02-03-1984 08:00,1.9,0.0073,1.198368,FALSE
03-03-1984 08:00,1.6,0.0097,1.340928,FALSE
05-03-1984 08:00,26.7,0.0792,182.704896,FALSE
06-03-1984 08:00,13.8,0.0203,24.204096,FALSE
07-03-1984 08:00,16.2,0.0249,34.852032,FALSE
08-03-1984 08:00,9.3,0.0149,11.972448,FALSE
09-03-1984 08:00,13.3,0.0275,31.6008,FALSE
10-03-1984 08:00,14,0.06,72.576,FALSE
12-03-1984 08:00,11.8,0.0246,25.080192,FALSE
13-03-1984 08:00,7.1,0.0124,7.606656,FALSE
14-03-1984 08:00,7.3,0.0144,9.082368,FALSE
15-03-1984 08:00,5.9,0.01,5.0976,FALSE
16-03-1984 08:00,4.9,0.0072,3.048192,FALSE
18-03-1984 08:00,3,0.0116,3.00672,FALSE
19-03-1984 08:00,2.6,0.0104,2.336256,FALSE
20-03-1984 08:00,2.5,0.0138,2.9808,FALSE
21-03-1984 08:00,2.1,0.0071,1.288224,FALSE
22-03-1984 08:00,1.8,0.0123,1.912896,FALSE
23-03-1984 08:00,1.7,0.0108,1.586304,FALSE
24-03-1984 08:00,1.6,0.0126,1.741824,FALSE
26-03-1984 08:00,1.2,0.013,1.34784,FALSE
27-03-1984 08:00,1.3,0.0136,1.527552,FALSE
28-03-1984 08:00,1.2,0.0109,1.130112,FALSE
29-03-1984 08:00,1.2,0.0115,1.19232,FALSE
31-03-1984 08:00,7.3,0.0179,11.289888,FALSE
02-04-1984 08:00,5,0.0219,9.4608,FALSE
03-04-1984 08:00,21.5,0.098,182.0448,FALSE
04-04-1984 08:00,48.9,0.1177,497.277792,FALSE
05-04-1984 08:00,23.9,0.0286,59.057856,FALSE
06-04-1984 08:00,21,0.0431,78.20064,FALSE
07-04-1984 08:00,15.2,0.0566,74.331648,FALSE
09-04-1984 08:00,9.8,0.0214,18.119808,FALSE
10-04-1984 08:00,9.3,0.0161,12.936672,FALSE
11-04-1984 08:00,7.4,0.012,7.67232,FALSE
12-04-1984 08:00,9.2,0.0366,29.092608,FALSE
14-04-1984 08:00,5.9,0.0163,8.309088,FALSE
16-04-1984 08:00,28.2,0.0392,95.510016,FALSE
17-04-1984 08:00,25.2,0.0436,94.929408,FALSE
18-04-1984 08:00,22.8,0.0263,51.808896,FALSE
19-04-1984 08:00,15.2,0.0182,23.901696,FALSE
21-04-1984 08:00,30.4,0.0288,75.644928,FALSE
23-04-1984 08:00,17.5,0.0209,31.6008,FALSE
24-04-1984 08:00,16.5,0.0297,42.34032,FALSE
25-04-1984 08:00,36,0.1103,343.07712,FALSE
26-04-1984 08:00,46.4,0.28095,1126.317312,FALSE
27-04-1984 08:00,29.9,0.0293,75.692448,FALSE
28-04-1984 08:00,22.5,0.0203,39.4632,FALSE
30-04-1984 08:00,12.3,0.0141,14.984352,FALSE
01-05-1984 08:00,11.3,0.0171,16.695072,FALSE
02-05-1984 08:00,12.1,0.0215,22.47696,FALSE
03-05-1984 08:00,13.6,0.0156,18.330624,FALSE
04-05-1984 08:00,11,0.0117,11.11968,FALSE
05-05-1984 08:00,13.3,0.039,44.81568,FALSE
07-05-1984 08:00,10.9,0.0122,11.489472,FALSE
08-05-1984 08:00,11.5,0.0284,28.21824,FALSE
09-05-1984 08:00,30.6,0.1863,492.547392,FALSE
10-05-1984 08:00,18.1,0.0195,30.49488,FALSE
12-05-1984 08:00,10.8,0.0241,22.488192,FALSE
14-05-1984 08:00,9.3,0.0088,7.070976,FALSE
01-06-1984 08:00,8.9,0.0201,15.456096,FALSE
02-06-1984 08:00,26.5,0.0861,197.13456,FALSE
03-06-1984 08:00,69.3,0.0959,574.203168,FALSE
04-06-1984 08:00,48,0.0323,133.95456,FALSE
05-06-1984 08:00,33.5,0.0127,36.75888,FALSE
06-06-1984 08:00,26.5,0.026,59.5296,FALSE
07-06-1984 08:00,21.7,0.0091,17.061408,FALSE
08-06-1984 08:00,26,0.0227,50.99328,FALSE
09-06-1984 08:00,21.8,0.0082,15.444864,FALSE
10-06-1984 08:00,16.9,0.008,11.68128,FALSE
11-06-1984 08:00,14.5,0.0094,11.77632,FALSE
12-06-1984 08:00,25.3,0.0259,56.615328,FALSE
14-06-1984 08:00,45.6,0.0327,128.832768,FALSE
15-06-1984 08:00,42.4,0.0204,74.732544,FALSE
16-06-1984 08:00,106.6,0.1061,977.206464,FALSE
17-06-1984 08:00,88.5,0.0984,752.40576,FALSE
18-06-1984 08:00,180.3,0.1607,2503.371744,FALSE
19-06-1984 08:00,134.4,0.051,592.22016,FALSE
20-06-1984 08:00,99.2,0.0254,217.700352,FALSE
21-06-1984 08:00,68.1,0.0416,244.767744,FALSE
22-06-1984 08:00,53.9,0.0192,89.413632,FALSE
23-06-1984 08:00,49.7,0.0184,79.011072,FALSE
24-06-1984 08:00,48.6,0.0142,59.626368,FALSE
25-06-1984 08:00,110.5,0.0928,885.98016,FALSE
26-06-1984 08:00,77.6,0.0193,129.399552,FALSE
27-06-1984 08:00,60.8,0.0175,91.9296,FALSE
28-06-1984 08:00,57.9,0.0239,119.561184,FALSE
29-06-1984 08:00,53.2,0.0203,93.308544,FALSE
30-06-1984 08:00,60.1,0.0346,179.665344,FALSE
01-07-1984 08:00,109.3,0.0408,385.295616,FALSE
02-07-1984 08:00,93.3,0.0206,166.059072,FALSE
03-07-1984 08:00,107.9,0.0389,362.647584,FALSE
04-07-1984 08:00,158.7,0.0369,505.960992,FALSE
05-07-1984 08:00,177.2,0.0402,615.465216,FALSE
06-07-1984 08:00,140.9,0.0274,333.561024,FALSE
07-07-1984 08:00,170.4,0.0468,689.015808,FALSE
08-07-1984 08:00,126.1,0.0204,222.258816,FALSE
09-07-1984 08:00,95.2,0.0222,182.601216,FALSE
10-07-1984 08:00,73.5,0.0182,115.57728,FALSE
11-07-1984 08:00,106.2,0.0542,497.321856,FALSE
12-07-1984 08:00,93.5,0.0407,328.79088,FALSE
13-07-1984 08:00,101.9,0.0296,260.603136,FALSE
15-07-1984 08:00,176.5,0.0624,951.57504,FALSE
16-07-1984 08:00,168.4,0.0375,545.616,FALSE
17-07-1984 08:00,163,0.0329,463.33728,FALSE
18-07-1984 08:00,134,0.0221,255.86496,FALSE
19-07-1984 08:00,149.3,0.0375,483.732,FALSE
20-07-1984 08:00,132.4,0.0223,255.097728,FALSE
21-07-1984 08:00,122.5,0.0402,425.4768,FALSE
22-07-1984 08:00,87.3,0.0291,219.493152,FALSE
23-07-1984 08:00,110.3,0.1046,996.829632,FALSE
24-07-1984 08:00,82,0.0262,185.62176,FALSE
25-07-1984 08:00,61.6,0.022,117.08928,FALSE
27-07-1984 08:00,46.8,0.0158,63.887616,FALSE
28-07-1984 08:00,40.4,0.0228,79.584768,FALSE
29-07-1984 08:00,38.4,0.0137,45.453312,FALSE
30-07-1984 08:00,37.1,0.0192,61.544448,FALSE
31-07-1984 08:00,33.3,0.0156,44.883072,FALSE
01-08-1984 08:00,31,0.0176,47.13984,FALSE
02-08-1984 08:00,51,0.0541,238.38624,FALSE
03-08-1984 08:00,40.1,0.0209,72.410976,FALSE
04-08-1984 08:00,37.7,0.0197,64.168416,FALSE
05-08-1984 08:00,34.6,0.0219,65.468736,FALSE
06-08-1984 08:00,41.8,0.0231,83.426112,FALSE
07-08-1984 08:00,37.8,0.011,35.92512,FALSE
08-08-1984 08:00,38.1,0.0282,92.829888,FALSE
09-08-1984 08:00,40.7,0.0166,58.373568,FALSE
10-08-1984 08:00,43,0.0159,59.07168,FALSE
11-08-1984 08:00,33.8,0.0135,39.42432,FALSE
12-08-1984 08:00,30.3,0.0145,37.95984,FALSE
13-08-1984 08:00,26.9,0.0114,26.495424,FALSE
14-08-1984 08:00,20.9,0.0125,22.572,FALSE
16-08-1984 08:00,38.4,0.0243,80.621568,FALSE
17-08-1984 08:00,37.4,0.0207,66.889152,FALSE
18-08-1984 08:00,32.8,0.0128,36.274176,FALSE
19-08-1984 08:00,27.8,0.0047,11.289024,FALSE
20-08-1984 08:00,24.7,0.0015,3.20112,FALSE
21-08-1984 08:00,22.6,0.0111,21.674304,FALSE
22-08-1984 08:00,22.9,0.009,17.80704,FALSE
23-08-1984 08:00,21,0.0088,15.96672,FALSE
24-08-1984 08:00,21.8,0.0129,24.297408,FALSE
25-08-1984 08:00,19.3,0.007,11.67264,FALSE
26-08-1984 08:00,18.7,0.0038,6.139584,FALSE
27-08-1984 08:00,16.7,0.0042,6.060096,FALSE
28-08-1984 08:00,15.3,0.0014,1.850688,FALSE
29-08-1984 08:00,14.2,0.0011,1.349568,FALSE
30-08-1984 08:00,15.1,0.0041,5.349024,FALSE
31-08-1984 08:00,14.7,0.0041,5.207328,FALSE
01-09-1984 08:00,11.7,0.0098,9.906624,FALSE
03-09-1984 08:00,15.8,0.0133,18.156096,FALSE
04-09-1984 08:00,14.2,0.0107,13.127616,FALSE
05-09-1984 08:00,13.3,0.0064,7.354368,FALSE
06-09-1984 08:00,10.4,0.0104,9.345024,FALSE
07-09-1984 08:00,9.2,0.008,6.35904,FALSE
08-09-1984 08:00,8.7,0.008,6.01344,FALSE
09-09-1984 08:00,8.1,0.0068,4.758912,FALSE
10-09-1984 08:00,7.8,0.0101,6.806592,FALSE
11-09-1984 08:00,6.9,0.007,4.17312,FALSE
12-09-1984 08:00,6.8,0.0091,5.346432,FALSE
13-09-1984 08:00,6.5,0.0084,4.71744,FALSE
14-09-1984 08:00,5.7,0.0083,4.087584,FALSE
15-09-1984 08:00,5,0.0095,4.104,FALSE
16-09-1984 08:00,9.2,0.0099,7.869312,FALSE
17-09-1984 08:00,5.5,0.0116,5.51232,FALSE
18-09-1984 08:00,5.1,0.0086,3.789504,FALSE
19-09-1984 08:00,4.7,0.01,4.0608,FALSE
20-09-1984 08:00,4.9,0.008,3.38688,FALSE
21-09-1984 08:00,6.4,0.0044,2.433024,FALSE
22-09-1984 08:00,9.3,0.0043,3.455136,FALSE
23-09-1984 08:00,10.3,0.0041,3.648672,FALSE
24-09-1984 08:00,15.9,0.039,53.57664,FALSE
25-09-1984 08:00,18.4,0.0342,54.369792,FALSE
26-09-1984 08:00,72.6,0.3039,1906.255296,FALSE
28-09-1984 08:00,53.1,0.059,270.68256,FALSE
29-09-1984 08:00,56,0.0355,171.7632,FALSE
30-09-1984 08:00,195.5,0.16395,2769.31224,FALSE
01-10-1984 08:00,141.1,0.052,633.93408,FALSE
03-10-1984 08:00,169.3,0.0872,1275.519744,FALSE
04-10-1984 08:00,204.7,0.0435,769.34448,FALSE
05-10-1984 08:00,161,0.0298,414.52992,FALSE
06-10-1984 08:00,173.6,0.0361,541.465344,FALSE
08-10-1984 08:00,193.1,0.0772,1287.992448,FALSE
09-10-1984 08:00,156.1,0.0234,315.596736,FALSE
10-10-1984 08:00,102.2,0.0262,231.348096,FALSE
11-10-1984 08:00,76.4,0.0235,155.12256,FALSE
12-10-1984 08:00,57.5,0.0222,110.2896,FALSE
13-10-1984 08:00,48.5,0.0088,36.87552,FALSE
14-10-1984 08:00,41.9,0.0147,53.216352,FALSE
15-10-1984 08:00,33.7,0.0185,53.86608,FALSE
16-10-1984 08:00,31.1,0.0105,28.21392,FALSE
17-10-1984 08:00,26.8,0.0088,20.376576,FALSE
18-10-1984 08:00,23.3,0.005,10.0656,FALSE
19-10-1984 08:00,20.4,0.0118,20.798208,FALSE
20-10-1984 08:00,17.4,0.0074,11.124864,FALSE
21-10-1984 08:00,15.8,0.0064,8.736768,FALSE
22-10-1984 08:00,14.7,0.0081,10.287648,FALSE
23-10-1984 08:00,13.7,0.0066,7.812288,FALSE
24-10-1984 08:00,12.2,0.0072,7.589376,FALSE
25-10-1984 08:00,14.1,0.0075,9.1368,FALSE
26-10-1984 08:00,25.6,0.0284,62.816256,FALSE
27-10-1984 08:00,27.4,0.026,61.55136,FALSE
28-10-1984 08:00,31.9,0.0419,115.483104,FALSE
29-10-1984 08:00,39,0.0554,186.67584,FALSE
30-10-1984 08:00,30.3,0.0354,92.674368,FALSE
31-10-1984 08:00,19.9,0.0192,33.011712,FALSE
02-11-1984 08:00,15.7,0.0087,11.801376,FALSE
03-11-1984 08:00,16.7,0.0087,12.553056,FALSE
04-11-1984 08:00,30.4,0.0522,137.106432,FALSE
05-11-1984 08:00,22.2,0.0222,42.581376,FALSE
06-11-1984 08:00,47.2,0.0519,211.652352,FALSE
08-11-1984 08:00,27.7,0.0179,42.839712,FALSE
09-11-1984 08:00,25.5,0.0241,53.09712,FALSE
10-11-1984 08:00,26.9,0.0508,118.067328,FALSE
11-11-1984 08:00,32.8,0.03,85.0176,FALSE
13-11-1984 08:00,20.8,0.0094,16.892928,FALSE
14-11-1984 08:00,18.3,0.0093,14.704416,FALSE
15-11-1984 08:00,19.5,0.0048,8.08704,FALSE
16-11-1984 08:00,20,0.0166,28.6848,FALSE
17-11-1984 08:00,20.5,0.0141,24.97392,FALSE
18-11-1984 08:00,17.2,0.0119,17.684352,FALSE
19-11-1984 08:00,17.4,0.0086,12.928896,FALSE
20-11-1984 08:00,15.4,0.0071,9.446976,FALSE
21-11-1984 08:00,13.1,0.0342,38.708928,FALSE
22-11-1984 08:00,19.1,0.037,61.05888,FALSE
23-11-1984 08:00,16.2,0.0164,22.954752,FALSE
25-11-1984 08:00,12.8,0.0071,7.852032,FALSE
26-11-1984 08:00,10,0.0073,6.3072,FALSE
27-11-1984 08:00,11.9,0.00503,5.1716448,FALSE
28-11-1984 08:00,9.5,0.0065,5.3352,FALSE
29-11-1984 08:00,8.6,0.0032,2.377728,FALSE
30-11-1984 08:00,7.8,0.0049,3.302208,FALSE
01-12-1984 08:00,7,0.0067,4.05216,FALSE
03-12-1984 08:00,7,0.0023,1.39104,FALSE
04-12-1984 08:00,6.1,0.0037,1.950048,FALSE
05-12-1984 08:00,6,0.0045,2.3328,FALSE
06-12-1984 08:00,5.6,0.0019,0.919296,FALSE
07-12-1984 08:00,5.9,0.0083,4.231008,FALSE
08-12-1984 08:00,4.5,0.0078,3.03264,FALSE
10-12-1984 08:00,4,0.0112,3.87072,FALSE
11-12-1984 08:00,3.9,0.0128,4.313088,FALSE
12-12-1984 08:00,4,0.0161,5.56416,FALSE
13-12-1984 08:00,3.6,0.009,2.79936,FALSE
14-12-1984 08:00,3.3,0.0069,1.967328,FALSE
15-12-1984 08:00,3.1,0.0036,0.964224,FALSE
17-12-1984 08:00,3.3,0.0034,0.969408,FALSE
18-12-1984 08:00,2.6,0.0108,2.426112,FALSE
19-12-1984 08:00,2.6,0.0012,0.269568,FALSE
20-12-1984 08:00,2.5,0.002,0.432,FALSE
21-12-1984 08:00,2.2,0.0098,1.862784,FALSE
22-12-1984 08:00,2.3,0.0077,1.530144,FALSE
26-12-1984 08:00,2.2,0.0106,2.014848,FALSE
27-12-1984 08:00,1.8,0.0179,2.783808,FALSE
28-12-1984 08:00,3.3,0.0082,2.337984,FALSE
29-12-1984 08:00,3.1,0.0075,2.0088,FALSE
31-12-1984 08:00,3.4,0.0249,7.314624,FALSE
01-01-1985 08:00,7.2,0.012,7.46496,FALSE
02-01-1985 08:00,19.4,0.0417,69.895872,FALSE
03-01-1985 08:00,19.3,0.0268,44.689536,FALSE
04-01-1985 08:00,37.7,0.1285,418.56048,FALSE
05-01-1985 08:00,61.5,0.06954,369.507744,FALSE
07-01-1985 08:00,18.7,0.0272,43.946496,FALSE
08-01-1985 08:00,16.7,0.0119,17.170272,FALSE
09-01-1985 08:00,16.2,0.0119,16.656192,FALSE
10-01-1985 08:00,12.3,0.0108,11.477376,FALSE
11-01-1985 08:00,8.3,0.0087,6.238944,FALSE
12-01-1985 08:00,7.2,0.0046,2.861568,FALSE
14-01-1985 08:00,5,0.0052,2.2464,FALSE
15-01-1985 08:00,5,0.0072,3.1104,FALSE
17-01-1985 08:00,4.1,0.0075,2.6568,FALSE
19-01-1985 08:00,4.1,0.0092,3.259008,FALSE
24-01-1985 08:00,3.1,0.0094,2.517696,FALSE
28-01-1985 08:00,2.3,0.0115,2.28528,FALSE
29-01-1985 08:00,2.1,0.0122,2.213568,FALSE
30-01-1985 08:00,2,0.0173,2.98944,FALSE
31-01-1985 08:00,2,0.0127,2.19456,FALSE
01-02-1985 08:00,1.9,0.0092,1.510272,FALSE
02-02-1985 08:00,1.9,0.0087,1.428192,FALSE
04-02-1985 08:00,2,0.0112,1.93536,FALSE
05-02-1985 08:00,1.9,0.0105,1.72368,FALSE
06-02-1985 08:00,1.9,0.0094,1.543104,FALSE
07-02-1985 08:00,1.7,0.0073,1.072224,FALSE
08-02-1985 08:00,1.6,0.0132,1.824768,FALSE
09-02-1985 08:00,1.4,0.0099,1.197504,FALSE
11-02-1985 08:00,1.4,0.0106,1.282176,FALSE
12-02-1985 08:00,1.2,0.0194,2.011392,FALSE
13-02-1985 08:00,1.2,0.0143,1.482624,FALSE
14-02-1985 08:00,1.3,0.0138,1.550016,FALSE
15-02-1985 08:00,1.3,0.0147,1.651104,FALSE
16-02-1985 08:00,2.3,0.0141,2.801952,FALSE
18-02-1985 08:00,2,0.0215,3.7152,FALSE
19-02-1985 08:00,1.3,0.0078,0.876096,FALSE
20-02-1985 08:00,1.2,0.0109,1.130112,FALSE
21-02-1985 08:00,1.9,0.012,1.96992,FALSE
22-02-1985 08:00,1.4,0.0144,1.741824,FALSE
23-02-1985 08:00,1.1,0.0076,0.722304,FALSE
25-02-1985 08:00,0.7,0.0188,1.137024,FALSE
26-02-1985 08:00,0.8,0.0195,1.34784,FALSE
27-02-1985 08:00,0.7,0.0157,0.949536,FALSE
28-02-1985 08:00,0.7,0.0212,1.282176,FALSE
01-03-1985 08:00,0.6,0.0155,0.80352,FALSE
02-03-1985 08:00,0.5,0.0116,0.50112,FALSE
04-03-1985 08:00,0.9,0.0184,1.430784,FALSE
05-03-1985 08:00,0.7,0.0118,0.713664,FALSE
06-03-1985 08:00,0.5,0.0105,0.4536,FALSE
07-03-1985 08:00,0.5,0.0124,0.53568,FALSE
08-03-1985 08:00,0.5,0.0146,0.63072,FALSE
09-03-1985 08:00,0.5,0.0169,0.73008,FALSE
11-03-1985 08:00,0.4,0.0165,0.57024,FALSE
12-03-1985 08:00,0.4,0.0155,0.53568,FALSE
13-03-1985 08:00,0.4,0.0178,0.615168,FALSE
14-03-1985 08:00,0.5,0.0196,0.84672,FALSE
15-03-1985 08:00,1.7,0.0206,3.025728,FALSE
16-03-1985 08:00,1.1,0.0138,1.311552,FALSE
18-03-1985 08:00,0.5,0.0237,1.02384,FALSE
19-03-1985 08:00,0.5,0.0118,0.50976,FALSE
20-03-1985 08:00,0.6,0.0064,0.331776,FALSE
21-03-1985 08:00,0.8,0.0074,0.511488,FALSE
22-03-1985 08:00,0.5,0.0078,0.33696,FALSE
23-03-1985 08:00,0.5,0.0087,0.37584,FALSE
25-03-1985 08:00,0.7,0.0095,0.57456,FALSE
26-03-1985 08:00,0.4,0.0181,0.625536,FALSE
27-03-1985 08:00,0.3,0.016,0.41472,FALSE
28-03-1985 08:00,0.7,0.0156,0.943488,FALSE
29-03-1985 08:00,1.4,0.0136,1.645056,FALSE
30-03-1985 08:00,1.1,0.0126,1.197504,FALSE
01-04-1985 08:00,1.1,0.0196,1.862784,FALSE
04-04-1985 08:00,2,0.0197,3.40416,FALSE
06-04-1985 08:00,5.8,0.0256,12.828672,FALSE
08-04-1985 08:00,12.8,0.0122,13.492224,FALSE
09-04-1985 08:00,11.4,0.022,21.66912,FALSE
10-04-1985 08:00,6.8,0.0157,9.224064,FALSE
12-04-1985 08:00,2.7,0.0076,1.772928,FALSE
13-04-1985 08:00,2.1,0.006,1.08864,FALSE
15-04-1985 08:00,1.7,0.0126,1.850688,FALSE
16-04-1985 08:00,1.4,0.0108,1.306368,FALSE
17-04-1985 08:00,1.3,0.0178,1.999296,FALSE
18-04-1985 08:00,1.1,0.0154,1.463616,FALSE
19-04-1985 08:00,1,0.0176,1.52064,FALSE
20-04-1985 08:00,1,0.0183,1.58112,FALSE
22-04-1985 08:00,1.2,0.0225,2.3328,FALSE
23-04-1985 08:00,1.4,0.018,2.17728,FALSE
24-04-1985 08:00,1.5,0.0144,1.86624,FALSE
25-04-1985 08:00,1.1,0.0066,0.627264,FALSE
26-04-1985 08:00,0.9,0.0013,0.101088,FALSE
27-04-1985 08:00,1.1,0.0062,0.589248,FALSE
29-04-1985 08:00,0.7,0.009,0.54432,FALSE
30-04-1985 08:00,1.6,0.0121,1.672704,FALSE
01-05-1985 08:00,1.1,0.0095,0.90288,FALSE
02-05-1985 08:00,1.1,0.0148,1.406592,FALSE
03-05-1985 08:00,0.7,0.011,0.66528,FALSE
06-05-1985 08:00,0.4,0.0072,0.248832,FALSE
07-05-1985 08:00,0.4,0.0082,0.283392,FALSE
08-05-1985 08:00,0.3,0.0102,0.264384,FALSE
09-05-1985 08:00,0.4,0.0156,0.539136,FALSE
10-05-1985 08:00,0.3,0.008,0.20736,FALSE
11-05-1985 08:00,0.3,0.0131,0.339552,FALSE
13-05-1985 08:00,0.4,0.0069,0.238464,FALSE
14-05-1985 08:00,0.4,0.0051,0.176256,FALSE
15-05-1985 08:00,0.4,0.0043,0.148608,FALSE
16-05-1985 08:00,0.3,0.0104,0.269568,FALSE
17-05-1985 08:00,0.3,0.0112,0.290304,FALSE
18-05-1985 08:00,0.2,0,0,TRUE
20-05-1985 08:00,0.4,0.0073,0.252288,FALSE
21-05-1985 08:00,1.5,0.0088,1.14048,FALSE
22-05-1985 08:00,1.2,0.0076,0.787968,FALSE
23-05-1985 08:00,0.7,0.0082,0.495936,FALSE
24-05-1985 08:00,0.9,0.0114,0.886464,FALSE
25-05-1985 08:00,1.3,0.02,2.2464,FALSE
28-05-1985 08:00,15.2,0.0203,26.659584,FALSE
29-05-1985 08:00,13,0.0149,16.73568,FALSE
30-05-1985 08:00,10.2,0.0089,7.843392,FALSE
31-05-1985 08:00,7,0.0077,4.65696,FALSE
01-06-1985 08:00,9.2,0.0191,15.182208,FALSE
02-06-1985 08:00,10.9,0.0166,15.633216,FALSE
03-06-1985 08:00,35.2,0.0708,215.322624,FALSE
04-06-1985 08:00,25.3,0.0279,60.987168,FALSE
05-06-1985 08:00,23.2,0.0216,43.296768,FALSE
06-06-1985 08:00,46.1,0.0978,389.541312,FALSE
07-06-1985 08:00,33,0.0654,186.46848,FALSE
08-06-1985 08:00,30.3,0.0238,62.306496,FALSE
09-06-1985 08:00,21.3,0.0145,26.68464,FALSE
10-06-1985 08:00,19.3,0.0158,26.346816,FALSE
11-06-1985 08:00,13.3,0.0213,24.476256,FALSE
12-06-1985 08:00,22.2,0.0369,70.777152,FALSE
13-06-1985 08:00,23.9,0.022,45.42912,FALSE
14-06-1985 08:00,19.7,0.0218,37.105344,FALSE
15-06-1985 08:00,43.5,0.0747,280.75248,FALSE
16-06-1985 08:00,36.2,0.0229,71.623872,FALSE
17-06-1985 08:00,37.3,0.0268,86.368896,FALSE
18-06-1985 08:00,44.1,0.0304,115.831296,FALSE
19-06-1985 08:00,34.7,0.0148,44.371584,FALSE
20-06-1985 08:00,27.4,0.0163,38.587968,FALSE
21-06-1985 08:00,34.8,0.0184,55.323648,FALSE
22-06-1985 08:00,57.4,0.043,213.25248,FALSE
23-06-1985 08:00,162.6,0.1932,2714.197248,FALSE
24-06-1985 08:00,276.9,0.088,2105.32608,FALSE
25-06-1985 08:00,398.4,0.0826,2843.237376,FALSE
28-06-1985 08:00,353.9,0.04,1223.0784,FALSE
29-06-1985 08:00,304.5,0.0348,915.54624,FALSE
30-06-1985 08:00,283.4,0.0372,910.870272,FALSE
01-07-1985 08:00,351.2,0.0267,810.176256,FALSE
02-07-1985 08:00,374.3,0.0344,1112.479488,FALSE
03-07-1985 08:00,305.6,0.0221,583.524864,FALSE
04-07-1985 08:00,176.2,0.0182,277.070976,FALSE
05-07-1985 08:00,137.5,0.044,522.72,FALSE
06-07-1985 08:00,116.4,0.0343,344.953728,FALSE
07-07-1985 08:00,96.9,0.0218,182.513088,FALSE
08-07-1985 08:00,75.4,0.0207,134.851392,FALSE
09-07-1985 08:00,120.5,0.0758,789.16896,FALSE
10-07-1985 08:00,95.7,0.0336,277.820928,FALSE
11-07-1985 08:00,91,0.0282,221.71968,FALSE
12-07-1985 08:00,131.2,0.0532,603.058176,FALSE
13-07-1985 08:00,141.5,0.0477,583.16112,FALSE
14-07-1985 08:00,110.7,0.0324,309.889152,FALSE
15-07-1985 08:00,109.9,0.039,370.31904,FALSE
16-07-1985 08:00,104.7,0.0261,236.102688,FALSE
17-07-1985 08:00,79.9,0.0164,113.215104,FALSE
18-07-1985 08:00,73.8,0.0184,117.324288,FALSE
19-07-1985 08:00,59.6,0.0185,95.26464,FALSE
20-07-1985 08:00,57,0.0179,88.15392,FALSE
21-07-1985 08:00,50.4,0.0192,83.607552,FALSE
22-07-1985 08:00,43.8,0.0187,70.766784,FALSE
23-07-1985 08:00,41.8,0.0148,53.450496,FALSE
24-07-1985 08:00,34.1,0.015,44.1936,FALSE
25-07-1985 08:00,36.1,0.0147,45.849888,FALSE
26-07-1985 08:00,33.1,0.0199,56.910816,FALSE
27-07-1985 08:00,26.2,0.0141,31.917888,FALSE
01-08-1985 08:00,18.2,0.0137,21.542976,FALSE
04-08-1985 08:00,22.1,0.0262,50.027328,FALSE
06-08-1985 08:00,22.4,0.0157,30.385152,FALSE
07-08-1985 08:00,18.7,0.0168,27.143424,FALSE
08-08-1985 08:00,23.8,0.0098,20.151936,FALSE
09-08-1985 08:00,21.1,0.0137,24.975648,FALSE
10-08-1985 08:00,21.2,0.0101,18.499968,FALSE
11-08-1985 08:00,21.3,0.0138,25.396416,FALSE
12-08-1985 08:00,27.9,0.0301,72.557856,FALSE
13-08-1985 08:00,28.7,0.0229,56.784672,FALSE
14-08-1985 08:00,27.9,0.0183,44.113248,FALSE
16-08-1985 08:00,27.5,0.014,33.264,FALSE
17-08-1985 08:00,29.2,0.013,32.79744,FALSE
18-08-1985 08:00,27.7,0.0061,14.599008,FALSE
19-08-1985 08:00,48.2,0.05494,228.7965312,FALSE
20-08-1985 08:00,62,0.0401,214.80768,FALSE
21-08-1985 08:00,45.4,0.0201,78.843456,FALSE
22-08-1985 08:00,37.6,0.011,35.73504,FALSE
23-08-1985 08:00,35,0.011,33.264,FALSE
24-08-1985 08:00,35.5,0.0116,35.57952,FALSE
25-08-1985 08:00,29.4,0.0133,33.784128,FALSE
26-08-1985 08:00,26.9,0.0116,26.960256,FALSE
27-08-1985 08:00,21.3,0.0093,17.114976,FALSE
28-08-1985 08:00,20.8,0.0105,18.86976,FALSE
29-08-1985 08:00,18.3,0.0105,16.60176,FALSE
30-08-1985 08:00,17.1,0.0092,13.592448,FALSE
31-08-1985 08:00,17.4,0.0111,16.687296,FALSE
01-09-1985 08:00,16.2,0.0061,8.538048,FALSE
02-09-1985 08:00,13.2,0.0091,10.378368,FALSE
03-09-1985 08:00,19.2,0.032,53.08416,FALSE
04-09-1985 08:00,31.1,0.0406,109.093824,FALSE
05-09-1985 08:00,23.9,0.0224,46.255104,FALSE
06-09-1985 08:00,21.6,0.0227,42.363648,FALSE
07-09-1985 08:00,19.3,0.0219,36.518688,FALSE
08-09-1985 08:00,16.5,0.0158,22.52448,FALSE
09-09-1985 08:00,19.3,0.0192,32.016384,FALSE
10-09-1985 08:00,15.9,0.0049,6.731424,FALSE
11-09-1985 08:00,16.1,0.0084,11.684736,FALSE
12-09-1985 08:00,19.6,0.0157,26.587008,FALSE
13-09-1985 08:00,15.8,0.0102,13.924224,FALSE
14-09-1985 08:00,14.6,0.008,10.09152,FALSE
15-09-1985 08:00,12.2,0.0056,5.902848,FALSE
16-09-1985 08:00,11.1,0.0064,6.137856,FALSE
17-09-1985 08:00,9.8,0.0046,3.894912,FALSE
18-09-1985 08:00,8.1,0.0049,3.429216,FALSE
19-09-1985 08:00,7.6,0.0046,3.020544,FALSE
20-09-1985 08:00,7.2,0.0064,3.981312,FALSE
21-09-1985 08:00,7,0.0112,6.77376,FALSE
22-09-1985 08:00,6.7,0.0071,4.110048,FALSE
23-09-1985 08:00,6.6,0.0104,5.930496,FALSE
24-09-1985 08:00,8.3,0.0032,2.294784,FALSE
25-09-1985 08:00,31.9,0.0621,171.157536,FALSE
26-09-1985 08:00,100.7,0.3111,2706.719328,FALSE
27-09-1985 08:00,102.8,0.0437,388.139904,FALSE
28-09-1985 08:00,58.1,0.0271,136.037664,FALSE
29-09-1985 08:00,41,0.0165,58.4496,FALSE
30-09-1985 08:00,38.4,0.0143,47.443968,FALSE
01-10-1985 08:00,40.5,0.0405,141.7176,FALSE
03-10-1985 08:00,46.9,0.0365,147.90384,FALSE
04-10-1985 08:00,42.8,0.0223,82.463616,FALSE
05-10-1985 08:00,59.1,0.0734,374.798016,FALSE
06-10-1985 08:00,57.1,0.0246,121.362624,FALSE
07-10-1985 08:00,43.3,0.0168,62.850816,FALSE
08-10-1985 08:00,36.7,0.0163,51.685344,FALSE
09-10-1985 08:00,33.2,0.0095,27.25056,FALSE
10-10-1985 08:00,30.3,0.0194,50.787648,FALSE
11-10-1985 08:00,31.9,0.0167,46.027872,FALSE
12-10-1985 08:00,24,0.0141,29.23776,FALSE
13-10-1985 08:00,21.1,0.0144,26.251776,FALSE
14-10-1985 08:00,18.3,0.0078,12.332736,FALSE
15-10-1985 08:00,17.8,0.0113,17.378496,FALSE
16-10-1985 08:00,15.6,0.0098,13.208832,FALSE
17-10-1985 08:00,14,0.0092,11.12832,FALSE
18-10-1985 08:00,13.8,0.0095,11.32704,FALSE
19-10-1985 08:00,12,0.011,11.4048,FALSE
20-10-1985 08:00,14.2,0.0077,9.446976,FALSE
21-10-1985 08:00,14.8,0.0103,13.170816,FALSE
22-10-1985 08:00,13.3,0.0158,18.156096,FALSE
23-10-1985 08:00,45.6,0.14,551.5776,FALSE
24-10-1985 08:00,58.6,0.1039,526.049856,FALSE
25-10-1985 08:00,35,0.0286,86.4864,FALSE
26-10-1985 08:00,30.3,0.0222,58.117824,FALSE
27-10-1985 08:00,35.1,0.0385,116.75664,FALSE
28-10-1985 08:00,61.9,0.1576,842.870016,FALSE
29-10-1985 08:00,84.5,0.1814,1324.36512,FALSE
30-10-1985 08:00,131.3,0.12974,1471.812077,FALSE
31-10-1985 08:00,74.4,0.0288,185.131008,FALSE
01-11-1985 08:00,57.3,0.0306,151.492032,FALSE
02-11-1985 08:00,40.1,0.0136,47.119104,FALSE
03-11-1985 08:00,33.8,0.0112,32.707584,FALSE
04-11-1985 08:00,29.5,0.0126,32.11488,FALSE
05-11-1985 08:00,25.4,0.0155,34.01568,FALSE
06-11-1985 08:00,24.7,0.0339,72.345312,FALSE
07-11-1985 08:00,37.7,0.0411,133.874208,FALSE
08-11-1985 08:00,90.4,0.2022,1579.295232,FALSE
09-11-1985 08:00,57.7,0.06,299.1168,FALSE
10-11-1985 08:00,88,0.0637,484.32384,FALSE
11-11-1985 08:00,105.6,0.0737,672.427008,FALSE
12-11-1985 08:00,87.7,0.0301,228.076128,FALSE
13-11-1985 08:00,125.2,0.0381,412.138368,FALSE
14-11-1985 08:00,91.4,0.0244,192.685824,FALSE
15-11-1985 08:00,65.2,0.0206,116.045568,FALSE
16-11-1985 08:00,52,0.0172,77.27616,FALSE
17-11-1985 08:00,40.5,0.0129,45.13968,FALSE
18-11-1985 08:00,36.2,0.0115,35.96832,FALSE
19-11-1985 08:00,30.7,0.0136,36.073728,FALSE
20-11-1985 09:00,27.2,0.0152,35.721216,FALSE
21-11-1985 08:00,23.1,0.0081,16.166304,FALSE
22-11-1985 08:00,20.5,0.0059,10.45008,FALSE
23-11-1985 08:00,33.3,0.0732,210.605184,FALSE
24-11-1985 08:00,39.3,0.0405,137.51856,FALSE
25-11-1985 08:00,23.9,0.0165,34.07184,FALSE
26-11-1985 08:00,19.6,0.0141,23.877504,FALSE
27-11-1985 08:00,16.4,0.0127,17.995392,FALSE
28-11-1985 08:00,15.1,0.0095,12.39408,FALSE
29-11-1985 08:00,13.9,0.0119,14.291424,FALSE
30-11-1985 08:00,12.6,0.0104,11.321856,FALSE
02-12-1985 08:00,11.2,0.0066,6.386688,FALSE
03-12-1985 08:00,11.9,0.0087,8.944992,FALSE
04-12-1985 08:00,11.5,0.0148,14.70528,FALSE
05-12-1985 08:00,10.1,0.0062,5.410368,FALSE
06-12-1985 08:00,9.3,0.0081,6.508512,FALSE
07-12-1985 08:00,8.3,0.0132,9.465984,FALSE
09-12-1985 08:00,15,0.0226,29.2896,FALSE
10-12-1985 08:00,10.5,0.0146,13.24512,FALSE
11-12-1985 08:00,15.1,0.0158,20.613312,FALSE
12-12-1985 08:00,10.3,0.0107,9.522144,FALSE
13-12-1985 08:00,8,0.0123,8.50176,FALSE
14-12-1985 08:00,7.3,0.0125,7.884,FALSE
16-12-1985 08:00,11.7,0.0205,20.72304,FALSE
17-12-1985 08:00,30,0.0512,132.7104,FALSE
18-12-1985 08:00,17,0.016,23.5008,FALSE
19-12-1985 08:00,11.3,0.0201,19.624032,FALSE
20-12-1985 08:00,9.3,0.0145,11.65104,FALSE
21-12-1985 08:00,8.1,0.0166,11.617344,FALSE
23-12-1985 08:00,5.8,0.0132,6.614784,FALSE
24-12-1985 08:00,5.6,0.0093,4.499712,FALSE
26-12-1985 08:00,5.3,0.0123,5.632416,FALSE
27-12-1985 08:00,4.7,0.0129,5.238432,FALSE
28-12-1985 08:00,4.3,0.0141,5.238432,FALSE
30-12-1985 08:00,4.2,0.0114,4.136832,FALSE
31-12-1985 08:00,3.7,0.0035,1.11888,FALSE
01-01-1986 08:00,3.3,0.0142,4.048704,FALSE
02-01-1986 08:00,3.2,0.0162,4.478976,FALSE
03-01-1986 08:00,3.2,0.0119,3.290112,FALSE
05-01-1986 08:00,3.1,0.0075,2.0088,FALSE
06-01-1986 08:00,2.9,0.0033,0.826848,FALSE
07-01-1986 08:00,2.5,0.003,0.648,FALSE
11-01-1986 08:00,2.7,0.0102,2.379456,FALSE
18-01-1986 08:00,2.2,0.0132,2.509056,FALSE
20-01-1986 08:00,1.8,0.0072,1.119744,FALSE
21-01-1986 08:00,1.8,0.0093,1.446336,FALSE
22-01-1986 08:00,2.4,0.0171,3.545856,FALSE
23-01-1986 08:00,2,0.0094,1.62432,FALSE
24-01-1986 08:00,1.8,0.0081,1.259712,FALSE
25-01-1986 08:00,1,0.0123,1.06272,FALSE
27-01-1986 08:00,1.3,0.0094,1.055808,FALSE
28-01-1986 08:00,1.2,0.0166,1.721088,FALSE
29-01-1986 08:00,1,0.0132,1.14048,FALSE
30-01-1986 08:00,1,0.0128,1.10592,FALSE
31-01-1986 08:00,1,0.0131,1.13184,FALSE
01-02-1986 08:00,1.1,0.0179,1.701216,FALSE
03-02-1986 08:00,2.5,0.0134,2.8944,FALSE
04-02-1986 08:00,1.6,0.0098,1.354752,FALSE
05-02-1986 08:00,1.4,0.0197,2.382912,FALSE
06-02-1986 08:00,1,0.0227,1.96128,FALSE
07-02-1986 08:00,1,0.0167,1.44288,FALSE
08-02-1986 08:00,0.9,0.0135,1.04976,FALSE
13-02-1986 08:00,1.8,0.0158,2.457216,FALSE
14-02-1986 08:00,2.9,0.016,4.00896,FALSE
15-02-1986 08:00,5,0.0255,11.016,FALSE
17-02-1986 08:00,2.7,0.0147,3.429216,FALSE
18-02-1986 08:00,2.1,0.0199,3.610656,FALSE
19-02-1986 08:00,1.3,0.0111,1.246752,FALSE
20-02-1986 08:00,5.2,0.0162,7.278336,FALSE
21-02-1986 08:00,3.2,0.0126,3.483648,FALSE
22-02-1986 08:00,12.2,0.0742,78.212736,FALSE
24-02-1986 08:00,2.9,0.0213,5.336928,FALSE
25-02-1986 08:00,2.2,0.0132,2.509056,FALSE
26-02-1986 08:00,1.4,0.0081,0.979776,FALSE
27-02-1986 08:00,1.3,0.0154,1.729728,FALSE
28-02-1986 08:00,2.1,0.0088,1.596672,FALSE
01-03-1986 08:00,1.6,0.0121,1.672704,FALSE
03-03-1986 08:00,1.2,0.0129,1.337472,FALSE
04-03-1986 08:00,0.9,0.0158,1.228608,FALSE
05-03-1986 08:00,1,0.0167,1.44288,FALSE
06-03-1986 08:00,0.8,0.0153,1.057536,FALSE
07-03-1986 08:00,0.8,0.014,0.96768,FALSE
08-03-1986 08:00,0.7,0.0149,0.901152,FALSE
10-03-1986 08:00,0.7,0.0151,0.913248,FALSE
11-03-1986 08:00,0.6,0.0133,0.689472,FALSE
12-03-1986 08:00,0.5,0.0115,0.4968,FALSE
13-03-1986 08:00,0.5,0.0094,0.40608,FALSE
14-03-1986 08:00,0.7,0.0109,0.659232,FALSE
15-03-1986 08:00,2.8,0.0167,4.040064,FALSE
17-03-1986 08:00,0.9,0.012,0.93312,FALSE
18-03-1986 08:00,1.1,0.0148,1.406592,FALSE
19-03-1986 08:00,0.9,0.0144,1.119744,FALSE
20-03-1986 08:00,0.7,0.0099,0.598752,FALSE
21-03-1986 08:00,1.3,0.0124,1.392768,FALSE
22-03-1986 08:00,1.1,0.0168,1.596672,FALSE
24-03-1986 08:00,0.7,0.0215,1.30032,FALSE
25-03-1986 08:00,0.6,0.0111,0.575424,FALSE
26-03-1986 08:00,0.6,0.0183,0.948672,FALSE
27-03-1986 08:00,0.5,0.0107,0.46224,FALSE
29-03-1986 08:00,0.4,0.0159,0.549504,FALSE
31-03-1986 08:00,0.3,0.0188,0.487296,FALSE
02-04-1986 08:00,0.2,0,0,TRUE
03-04-1986 08:00,0.7,0.0187,1.130976,FALSE
04-04-1986 08:00,0.8,0.0121,0.836352,FALSE
05-04-1986 08:00,0.6,0.0116,0.601344,FALSE
07-04-1986 08:00,0.4,0.0124,0.428544,FALSE
08-04-1986 08:00,1.7,0.019,2.79072,FALSE
09-04-1986 08:00,1.6,0.0158,2.184192,FALSE
10-04-1986 08:00,1.7,0.0225,3.3048,FALSE
11-04-1986 08:00,1.4,0.0126,1.524096,FALSE
12-04-1986 08:00,0.9,0.013,1.01088,FALSE
15-04-1986 08:00,3.6,0.0217,6.749568,FALSE
18-04-1986 08:00,2.6,0.0179,4.021056,FALSE
19-04-1986 08:00,1.6,0.0117,1.617408,FALSE
21-04-1986 08:00,1.8,0.0157,2.441664,FALSE
23-04-1986 08:00,1.2,0.0174,1.804032,FALSE
24-04-1986 08:00,0.9,0.014,1.08864,FALSE
25-04-1986 08:00,2.6,0.0098,2.201472,FALSE
26-04-1986 08:00,2.3,0.024,4.76928,FALSE
28-04-1986 08:00,1.6,0.0149,2.059776,FALSE
29-04-1986 08:00,2,0.0169,2.92032,FALSE
30-04-1986 08:00,20.9,0.1228,221.747328,FALSE
07-05-1986 08:00,9.9,0.0454,38.833344,FALSE
08-05-1986 08:00,6.3,0.0194,10.559808,FALSE
12-05-1986 08:00,2.3,0.0205,4.07376,FALSE
14-05-1986 08:00,1.6,0.0178,2.460672,FALSE
15-05-1986 08:00,1.5,0.0178,2.30688,FALSE
16-05-1986 08:00,1.6,0.0126,1.741824,FALSE
17-05-1986 08:00,1.5,0.0125,1.62,FALSE
19-05-1986 08:00,1.7,0.0153,2.247264,FALSE
20-05-1986 08:00,1.3,0.0114,1.280448,FALSE
21-05-1986 08:00,1.1,0.0116,1.102464,FALSE
22-05-1986 08:00,0.9,0.0152,1.181952,FALSE
24-05-1986 08:00,0.8,0.0117,0.808704,FALSE
25-05-1986 08:00,0.7,0.0125,0.756,FALSE
26-05-1986 08:00,0.8,0.013,0.89856,FALSE
27-05-1986 08:00,1,0.0112,0.96768,FALSE
28-05-1986 08:00,1,0.0086,0.74304,FALSE
29-05-1986 08:00,1.1,0.013,1.23552,FALSE
30-05-1986 08:00,1.1,0.0192,1.824768,FALSE
31-05-1986 08:00,1,0.0135,1.1664,FALSE
01-06-1986 08:00,0.9,0.015,1.1664,FALSE
02-06-1986 08:00,0.6,0.0073,0.378432,FALSE
03-06-1986 08:00,0.5,0.0175,0.756,FALSE
04-06-1986 08:00,1.5,0.0204,2.64384,FALSE
05-06-1986 08:00,1,0.0087,0.75168,FALSE
06-06-1986 08:00,1,0.0139,1.20096,FALSE
07-06-1986 08:00,1.1,0.0128,1.216512,FALSE
08-06-1986 08:00,2.3,0.0163,3.239136,FALSE
09-06-1986 08:00,1.7,0.0111,1.630368,FALSE
10-06-1986 08:00,1.4,0.0117,1.415232,FALSE
11-06-1986 08:00,1,0.0151,1.30464,FALSE
12-06-1986 08:00,1,0.0025,0.216,FALSE
13-06-1986 08:00,2,0.0142,2.45376,FALSE
14-06-1986 08:00,19.9,0.0615,105.74064,FALSE
15-06-1986 08:00,32.7,0.0641,181.100448,FALSE
16-06-1986 08:00,24.1,0.023,47.89152,FALSE
17-06-1986 08:00,20.1,0.0239,41.505696,FALSE
18-06-1986 08:00,21,0.0279,50.62176,FALSE
19-06-1986 08:00,17.3,0.0195,29.14704,FALSE
20-06-1986 08:00,15.8,0.0142,19.384704,FALSE
21-06-1986 08:00,11.6,0.0091,9.120384,FALSE
22-06-1986 08:00,9.2,0.0084,6.676992,FALSE
23-06-1986 08:00,6.8,0.0096,5.640192,FALSE
24-06-1986 08:00,6.4,0.014,7.74144,FALSE
25-06-1986 08:00,6.5,0.0099,5.55984,FALSE
26-06-1986 08:00,23.1,0.0293,58.478112,FALSE
27-06-1986 08:00,28,0.038,91.9296,FALSE
28-06-1986 08:00,33.1,0.0353,100.952352,FALSE
29-06-1986 08:00,34.9,0.025,75.384,FALSE
30-06-1986 08:00,21.2,0.0165,30.22272,FALSE
01-07-1986 08:00,17.9,0.0165,25.51824,FALSE
02-07-1986 08:00,18.1,0.0213,33.309792,FALSE
04-07-1986 08:00,10.5,0.0062,5.62464,FALSE
05-07-1986 08:00,39.3,0.0853,289.637856,FALSE
06-07-1986 08:00,27.9,0.0186,44.836416,FALSE
07-07-1986 08:00,22.9,0.0174,34.426944,FALSE
08-07-1986 08:00,17.2,0.014,20.80512,FALSE
09-07-1986 08:00,13.6,0.0106,12.455424,FALSE
10-07-1986 08:00,12.1,0.0084,8.781696,FALSE
11-07-1986 08:00,10.2,0.0102,8.989056,FALSE
12-07-1986 08:00,11.3,0.0124,12.106368,FALSE
13-07-1986 08:00,32.7,0.0461,130.245408,FALSE
14-07-1986 08:00,46.1,0.0434,172.863936,FALSE
15-07-1986 08:00,58.5,0.0406,205.20864,FALSE
16-07-1986 08:00,74,0.068,434.7648,FALSE
17-07-1986 08:00,57.6,0.0361,179.656704,FALSE
18-07-1986 08:00,38.1,0.0198,65.178432,FALSE
19-07-1986 08:00,27.3,0.014,33.02208,FALSE
20-07-1986 08:00,19.3,0.0085,14.17392,FALSE
21-07-1986 08:00,21.4,0.0076,14.052096,FALSE
22-07-1986 08:00,21.1,0.0176,32.085504,FALSE
23-07-1986 08:00,16.6,0.0067,9.609408,FALSE
24-07-1986 08:00,18.5,0.0151,24.13584,FALSE
25-07-1986 08:00,22.2,0.017,32.60736,FALSE
26-07-1986 08:00,31.9,0.0209,57.603744,FALSE
27-07-1986 08:00,24.3,0.0097,20.365344,FALSE
28-07-1986 08:00,19,0.0044,7.22304,FALSE
29-07-1986 08:00,16.7,0.0075,10.8216,FALSE
31-07-1986 08:00,10.3,0.0062,5.517504,FALSE
03-08-1986 08:00,9.7,0.0056,4.693248,FALSE
04-08-1986 08:00,10.6,0.0095,8.70048,FALSE
05-08-1986 08:00,20.2,0.0151,26.353728,FALSE
06-08-1986 08:00,23.3,0.0251,50.529312,FALSE
07-08-1986 08:00,109.1,0.2281,2150.125344,FALSE
08-08-1986 08:00,255.8,0.1931,4267.726272,FALSE
09-08-1986 08:00,413.5,0.2398,8567.19072,FALSE
10-08-1986 08:00,504.6,0.0414,1804.934016,FALSE
11-08-1986 08:00,433.7,0.0194,726.950592,FALSE
12-08-1986 08:00,376.6,0.0197,641.003328,FALSE
13-08-1986 08:00,291.5,0.0213,536.45328,FALSE
14-08-1986 08:00,196.8,0.0269,457.394688,FALSE
16-08-1986 08:00,78.8,0.0202,137.528064,FALSE
17-08-1986 08:00,77.4,0.0119,79.579584,FALSE
18-08-1986 08:00,58.6,0.0114,57.718656,FALSE
19-08-1986 08:00,42.6,0.0104,38.278656,FALSE
24-08-1986 08:00,19.5,0.0076,12.80448,FALSE
25-08-1986 08:00,16.9,0.0056,8.176896,FALSE
27-08-1986 08:00,12.9,0.0034,3.789504,FALSE
28-08-1986 08:00,12,0.0035,3.6288,FALSE
29-08-1986 08:00,10.9,0.0028,2.636928,FALSE
30-08-1986 08:00,10.3,0.0028,2.491776,FALSE
31-08-1986 08:00,9.3,0.0028,2.249856,FALSE
01-09-1986 08:00,8.3,0.0049,3.513888,FALSE
02-09-1986 08:00,8.5,0.002,1.4688,FALSE
03-09-1986 08:00,7.4,0.0028,1.790208,FALSE
04-09-1986 08:00,7,0.0056,3.38688,FALSE
05-09-1986 08:00,6.8,0.0043,2.526336,FALSE
06-09-1986 08:00,5.8,0.0057,2.856384,FALSE
07-09-1986 08:00,7.8,0.0045,3.03264,FALSE
08-09-1986 08:00,6.8,0.004,2.35008,FALSE
09-09-1986 08:00,5.7,0.0049,2.413152,FALSE
10-09-1986 08:00,6.1,0.004,2.10816,FALSE
11-09-1986 08:00,5.9,0.004,2.03904,FALSE
12-09-1986 08:00,6.3,0.0037,2.013984,FALSE
13-09-1986 08:00,6.2,0.0093,4.981824,FALSE
14-09-1986 08:00,5.3,0.0078,3.571776,FALSE
15-09-1986 08:00,5.6,0.005,2.4192,FALSE
16-09-1986 08:00,27.9,0.0335,80.75376,FALSE
17-09-1986 08:00,37.9,0.0839,274.735584,FALSE
18-09-1986 08:00,64.8,0.0554,310.169088,FALSE
19-09-1986 08:00,35.9,0.019,58.93344,FALSE
20-09-1986 08:00,29,0.0129,32.32224,FALSE
21-09-1986 08:00,28.5,0.0134,32.99616,FALSE
22-09-1986 08:00,24.5,0.0089,18.83952,FALSE
23-09-1986 08:00,28.7,0.0158,39.178944,FALSE
24-09-1986 08:00,31.1,0.0333,89.478432,FALSE
25-09-1986 08:00,30.2,0.01717,44.8013376,FALSE
26-09-1986 08:00,28.3,0.0155,37.89936,FALSE
27-09-1986 08:00,22.2,0.0061,11.700288,FALSE
28-09-1986 08:00,19.3,0.0125,20.844,FALSE
30-09-1986 08:00,30.7,0.0235,62.33328,FALSE
01-10-1986 08:00,47.2,0.0435,177.39648,FALSE
03-10-1986 08:00,37.4,0.0189,61.072704,FALSE
04-10-1986 08:00,30,0.0143,37.0656,FALSE
05-10-1986 08:00,28.4,0.0182,44.658432,FALSE
06-10-1986 08:00,26.2,0.0129,29.201472,FALSE
07-10-1986 08:00,41.3,0.0407,145.230624,FALSE
08-10-1986 08:00,33.4,0.0248,71.566848,FALSE
09-10-1986 08:00,26.9,0.0113,26.263008,FALSE
10-10-1986 08:00,22.9,0.0109,21.566304,FALSE
11-10-1986 08:00,26.7,0.0255,58.82544,FALSE
12-10-1986 08:00,25.7,0.0285,63.28368,FALSE
13-10-1986 08:00,21.9,0.0083,15.704928,FALSE
14-10-1986 08:00,19.5,0.0109,18.36432,FALSE
15-10-1986 08:00,18.3,0.0105,16.60176,FALSE
16-10-1986 08:00,38.1,0.0674,221.870016,FALSE
17-10-1986 08:00,41,0.0639,226.35936,FALSE
18-10-1986 08:00,85.4,0.1482,1093.502592,FALSE
19-10-1986 08:00,59.8,0.0415,214.41888,FALSE
20-10-1986 08:00,46.5,0.0242,97.22592,FALSE
21-10-1986 08:00,47.2,0.0383,156.190464,FALSE
22-10-1986 08:00,31.4,0.0153,41.508288,FALSE
23-10-1986 08:00,26.8,0.0162,37.511424,FALSE
24-10-1986 08:00,21.4,0.0107,19.783872,FALSE
25-10-1986 08:00,29.8,0.0617,158.860224,FALSE
26-10-1986 08:00,42,0.0585,212.2848,FALSE
27-10-1986 08:00,68.6,0.1518,899.724672,FALSE
28-10-1986 08:00,69.7,0.0394,237.269952,FALSE
29-10-1986 08:00,58.8,0.0262,133.104384,FALSE
30-10-1986 08:00,48,0.0183,75.89376,FALSE
31-10-1986 08:00,61.2,0.1033,546.217344,FALSE
01-11-1986 08:00,68.3,0.0433,255.518496,FALSE
02-11-1986 08:00,102.4,0.0818,723.714048,FALSE
03-11-1986 08:00,81.2,0.0299,209.768832,FALSE
04-11-1986 08:00,61.7,0.0206,109.816128,FALSE
05-11-1986 08:00,65.1,0.0339,190.675296,FALSE
06-11-1986 08:00,107.2,0.0916,848.406528,FALSE
07-11-1986 08:00,206.4,0.1669,2976.321024,FALSE
08-11-1986 08:00,277.1,0.062,1484.36928,FALSE
09-11-1986 08:00,205,0.0302,534.9024,FALSE
10-11-1986 08:00,143.5,0.0251,311.19984,FALSE
11-11-1986 08:00,138,0.0721,859.66272,FALSE
12-11-1986 08:00,99.5,0.02322,199.617696,FALSE
13-11-1986 08:00,77.9,0.0516,347.296896,FALSE
14-11-1986 08:00,70,0.0244,147.5712,FALSE
15-11-1986 08:00,60.5,0.0208,108.72576,FALSE
16-11-1986 08:00,46.9,0.0205,83.06928,FALSE
17-11-1986 08:00,38.9,0.0114,38.314944,FALSE
18-11-1986 08:00,33.5,0.0114,32.99616,FALSE
19-11-1986 08:00,27.7,0.0088,21.060864,FALSE
20-11-1986 08:00,22.7,0.0064,12.552192,FALSE
21-11-1986 08:00,19.2,0.0067,11.114496,FALSE
22-11-1986 08:00,18.7,0.0081,13.087008,FALSE
23-11-1986 08:00,16.6,0.0098,14.055552,FALSE
24-11-1986 08:00,16.4,0.0097,13.744512,FALSE
28-11-1986 08:00,10.1,0.0075,6.5448,FALSE
01-12-1986 08:00,10.5,0.0123,11.15856,FALSE
02-12-1986 08:00,9.4,0.0051,4.142016,FALSE
03-12-1986 08:00,9.5,0.007,5.7456,FALSE
04-12-1986 08:00,9.4,0.0061,4.954176,FALSE
05-12-1986 08:00,9.3,0.0031,2.490912,FALSE
06-12-1986 08:00,8.3,0.0056,4.015872,FALSE
08-12-1986 08:00,6.9,0.0067,3.994272,FALSE
09-12-1986 08:00,6.4,0.0045,2.48832,FALSE
10-12-1986 08:00,6.2,0.0072,3.856896,FALSE
11-12-1986 08:00,6.2,0.0048,2.571264,FALSE
12-12-1986 08:00,8.9,0.0074,5.690304,FALSE
13-12-1986 08:00,7.6,0.0078,5.121792,FALSE
15-12-1986 08:00,5.5,0.0053,2.51856,FALSE
16-12-1986 08:00,4.7,0.0039,1.583712,FALSE
17-12-1986 08:00,4.4,0.0075,2.8512,FALSE
18-12-1986 08:00,3.9,0.0082,2.763072,FALSE
19-12-1986 08:00,3.8,0.0106,3.480192,FALSE
20-12-1986 08:00,3.7,0.0105,3.35664,FALSE
22-12-1986 08:00,3.5,0.0055,1.6632,FALSE
23-12-1986 08:00,3.1,0.0114,3.053376,FALSE
24-12-1986 08:00,2.8,0.0068,1.645056,FALSE
26-12-1986 08:00,3,0.0112,2.90304,FALSE
27-12-1986 08:00,5,0.0148,6.3936,FALSE
29-12-1986 08:00,3.4,0.0082,2.408832,FALSE
30-12-1986 08:00,3.1,0.0055,1.47312,FALSE
31-12-1986 08:00,2.8,0.0058,1.403136,FALSE
01-01-1987 08:00,2.5,0.0154,3.3264,FALSE
02-01-1987 08:00,2.4,0.0106,2.198016,FALSE
03-01-1987 08:00,2.5,0.011,2.376,FALSE
05-01-1987 08:00,2,0.0108,1.86624,FALSE
06-01-1987 08:00,2,0.0105,1.8144,FALSE
07-01-1987 08:00,1.8,0.0096,1.492992,FALSE
08-01-1987 08:00,1.7,0.0101,1.483488,FALSE
09-01-1987 08:00,1.6,0.0094,1.299456,FALSE
10-01-1987 08:00,1.6,0.0113,1.562112,FALSE
12-01-1987 08:00,3.5,0.0106,3.20544,FALSE
13-01-1987 08:00,3,0.0093,2.41056,FALSE
14-01-1987 08:00,2.4,0.0118,2.446848,FALSE
15-01-1987 08:00,4.2,0.0101,3.665088,FALSE
16-01-1987 08:00,2.8,0.0096,2.322432,FALSE
17-01-1987 08:00,2.1,0.0067,1.215648,FALSE
19-01-1987 08:00,1.6,0.0084,1.161216,FALSE
20-01-1987 08:00,1.5,0.0076,0.98496,FALSE
21-01-1987 08:00,1.4,0.0096,1.161216,FALSE
22-01-1987 08:00,1.3,0.0101,1.134432,FALSE
23-01-1987 08:00,1.3,0.0132,1.482624,FALSE
24-01-1987 08:00,1.1,0.0126,1.197504,FALSE
27-01-1987 08:00,1,0.0109,0.94176,FALSE
28-01-1987 08:00,0.9,0.0111,0.863136,FALSE
29-01-1987 08:00,0.9,0.0088,0.684288,FALSE
30-01-1987 08:00,0.8,0.0114,0.787968,FALSE
31-01-1987 08:00,0.8,0.0117,0.808704,FALSE
02-02-1987 08:00,0.9,0.0142,1.104192,FALSE
03-02-1987 08:00,0.7,0.0115,0.69552,FALSE
04-02-1987 08:00,0.7,0.01,0.6048,FALSE
05-02-1987 08:00,0.7,0.0119,0.719712,FALSE
06-02-1987 08:00,0.7,0.0123,0.743904,FALSE
07-02-1987 08:00,0.7,0.0114,0.689472,FALSE
09-02-1987 08:00,0.6,0.0119,0.616896,FALSE
10-02-1987 08:00,0.5,0.0093,0.40176,FALSE
11-02-1987 08:00,0.5,0.011,0.4752,FALSE
12-02-1987 08:00,0.5,0.0089,0.38448,FALSE
13-02-1987 08:00,0.4,0.0137,0.473472,FALSE
14-02-1987 08:00,0.4,0,0,TRUE
15-02-1987 08:00,0.5,0,0,TRUE
16-02-1987 08:00,0.4,0,0,TRUE
17-02-1987 08:00,0.4,0,0,TRUE
18-02-1987 08:00,0.4,0,0,TRUE
19-02-1987 08:00,0.4,0,0,TRUE
20-02-1987 08:00,0.3,0,0,TRUE
21-02-1987 08:00,0.3,0,0,TRUE
23-02-1987 08:00,0.4,0,0,TRUE
24-02-1987 08:00,0.8,0.0155,1.07136,FALSE
25-02-1987 08:00,0.7,0.0172,1.040256,FALSE
27-02-1987 08:00,0.4,0,0,TRUE
28-02-1987 08:00,0.3,0,0,TRUE
01-03-1987 08:00,0.3,0,0,TRUE
02-03-1987 08:00,0.3,0,0,TRUE
03-03-1987 08:00,0.2,0,0,TRUE
04-03-1987 08:00,0.2,0,0,TRUE
05-03-1987 08:00,0.2,0,0,TRUE
06-03-1987 08:00,0.2,0,0,TRUE
07-03-1987 08:00,0.1,0,0,TRUE
09-03-1987 08:00,0.1,0,0,TRUE
10-03-1987 08:00,0.1,0,0,TRUE
11-03-1987 08:00,0.1,0,0,TRUE
12-03-1987 08:00,0.1,0,0,TRUE
13-03-1987 08:00,0.1,0,0,TRUE
14-03-1987 08:00,0.1,0,0,TRUE
15-03-1987 08:00,0,0,0,TRUE
16-03-1987 08:00,0,0,0,TRUE
17-03-1987 08:00,0,0,0,TRUE
18-03-1987 08:00,0.5,0,0,TRUE
19-03-1987 08:00,0.4,0,0,TRUE
20-03-1987 08:00,0.4,0,0,TRUE
21-03-1987 08:00,0.4,0,0,TRUE
23-03-1987 08:00,0.6,0,0,TRUE
24-03-1987 08:00,0.5,0,0,TRUE
25-03-1987 08:00,0.5,0,0,TRUE
26-03-1987 08:00,0.3,0,0,TRUE
27-03-1987 08:00,0.2,0,0,TRUE
28-03-1987 08:00,0.2,0,0,TRUE
30-03-1987 08:00,0.1,0,0,TRUE
31-03-1987 08:00,0.1,0,0,TRUE
01-04-1987 08:00,0,0,0,TRUE
02-04-1987 08:00,0,0,0,TRUE
03-04-1987 08:00,0,0,0,TRUE
04-04-1987 08:00,0,0,0,TRUE
05-04-1987 08:00,0,0,0,TRUE
06-04-1987 08:00,0,0,0,TRUE
07-04-1987 08:00,0,0,0,TRUE
08-04-1987 08:00,0.8,0.0279,1.928448,FALSE
09-04-1987 08:00,0.4,0,0,TRUE
10-04-1987 08:00,0.3,0,0,TRUE
11-04-1987 08:00,0.1,0,0,TRUE
12-04-1987 08:00,0.1,0,0,TRUE
13-04-1987 08:00,0.1,0,0,TRUE
14-04-1987 08:00,0.1,0,0,TRUE
15-04-1987 08:00,0,0,0,TRUE
16-04-1987 08:00,0,0,0,TRUE
17-04-1987 08:00,0,0,0,TRUE
18-04-1987 08:00,0,0,0,TRUE
19-04-1987 08:00,0,0,0,TRUE
20-04-1987 08:00,0,0,0,TRUE
21-04-1987 08:00,0,0,0,TRUE
22-04-1987 08:00,0,0,0,TRUE
23-04-1987 08:00,0.2,0,0,TRUE
24-04-1987 08:00,1.5,0.0295,3.8232,FALSE
25-04-1987 08:00,1.3,0.0195,2.19024,FALSE
26-04-1987 08:00,1.2,0.0193,2.001024,FALSE
27-04-1987 08:00,1.6,0.0143,1.976832,FALSE
28-04-1987 08:00,1.5,0.0137,1.77552,FALSE
29-04-1987 08:00,0.9,0.0184,1.430784,FALSE
30-04-1987 08:00,0.7,0.0116,0.701568,FALSE
01-05-1987 08:00,2.3,0.0141,2.801952,FALSE
02-05-1987 08:00,3.6,0.0099,3.079296,FALSE
04-05-1987 08:00,1.2,0.0095,0.98496,FALSE
05-05-1987 08:00,0.9,0.0123,0.956448,FALSE
06-05-1987 08:00,0.6,0.0132,0.684288,FALSE
07-05-1987 08:00,0.5,0,0,TRUE
08-05-1987 08:00,0.3,0,0,TRUE
09-05-1987 08:00,0.2,0,0,TRUE
11-05-1987 08:00,0.1,0,0,TRUE
12-05-1987 08:00,0.1,0,0,TRUE
14-05-1987 08:00,0.4,0,0,TRUE
15-05-1987 08:00,0.4,0,0,TRUE
16-05-1987 08:00,2.3,0.033,6.55776,FALSE
18-05-1987 08:00,3.7,0.021,6.71328,FALSE
19-05-1987 08:00,2.4,0.0126,2.612736,FALSE
20-05-1987 08:00,3.4,0.0176,5.170176,FALSE
21-05-1987 08:00,5.7,0.0144,7.091712,FALSE
22-05-1987 08:00,6.3,0.0238,12.954816,FALSE
23-05-1987 08:00,5,0.0201,8.6832,FALSE
25-05-1987 08:00,8.7,0.023,17.28864,FALSE
26-05-1987 08:00,5.8,0.0132,6.614784,FALSE
27-05-1987 08:00,9.2,0.0071,5.643648,FALSE
28-05-1987 08:00,11.7,0.0317,32.044896,FALSE
30-05-1987 08:00,11.5,0.026,25.8336,FALSE
01-06-1987 08:00,11.32,0.019,18.582912,FALSE
02-06-1987 08:00,13.52,0.024,28.035072,FALSE
03-06-1987 08:00,32.49,0.08,224.57088,FALSE
04-06-1987 08:00,20.2,0.019,33.16032,FALSE
05-06-1987 08:00,39.78,0.114,391.817088,FALSE
06-06-1987 08:00,29.72,0.02,51.35616,FALSE
07-06-1987 08:00,17.75,0.017,26.0712,FALSE
08-06-1987 08:00,11.91,0.01,10.29024,FALSE
09-06-1987 08:00,10.53,0.008,7.278336,FALSE
10-06-1987 08:00,13.82,0.019,22.686912,FALSE
11-06-1987 08:00,16.31,0.0204,28.7473536,FALSE
12-06-1987 08:00,16.49,0.019,27.069984,FALSE
13-06-1987 08:00,14.57,0.0113,14.2249824,FALSE
14-06-1987 08:00,11.72,0.012,12.151296,FALSE
15-06-1987 08:00,29,0.072,180.4032,FALSE
16-06-1987 08:00,59.22,0.083,424.678464,FALSE
17-06-1987 08:00,95.47,0.089,734.126112,FALSE
18-06-1987 08:00,71.91,0.048,298.225152,FALSE
19-06-1987 08:00,49.91,0.021,90.556704,FALSE
20-06-1987 08:00,33.08,0.017,48.587904,FALSE
21-06-1987 08:00,27.48,0.021,49.859712,FALSE
22-06-1987 08:00,20.42,0.013,22.935744,FALSE
23-06-1987 08:00,42.24,0.131,478.089216,FALSE
24-06-1987 08:00,30.18,0.027,70.403904,FALSE
25-06-1987 08:00,23.42,0.018,36.422784,FALSE
26-06-1987 08:00,129.1,0.179,1996.60896,FALSE
27-06-1987 08:00,159.3,0.1482,2039.753664,FALSE
28-06-1987 08:00,148.6,0.045,577.7568,FALSE
29-06-1987 08:00,89.54,0.029,224.351424,FALSE
30-06-1987 08:00,67.93,0.028,164.336256,FALSE
01-07-1987 08:00,46.52,0.018,72.347904,FALSE
02-07-1987 08:00,40.42,0.019,66.353472,FALSE
03-07-1987 08:00,30.71,0.012,31.840128,FALSE
04-07-1987 08:00,23.31,0.012,24.167808,FALSE
05-07-1987 08:00,23.99,0.018,37.309248,FALSE
06-07-1987 08:00,19.67,0.015,25.49232,FALSE
07-07-1987 08:00,19.5,0.008,13.4784,FALSE
08-07-1987 08:00,29.82,0.027,69.564096,FALSE
09-07-1987 08:00,44.59,0.0519,199.9486944,FALSE
10-07-1987 08:00,43.24,0.027,100.870272,FALSE
11-07-1987 08:00,33.15,0.015,42.9624,FALSE
12-07-1987 08:00,27.17,0.01,23.47488,FALSE
13-07-1987 08:00,22.46,0.011,21.345984,FALSE
14-07-1987 08:00,17.83,0.01,15.40512,FALSE
15-07-1987 08:00,16.58,0.013,18.622656,FALSE
16-07-1987 08:00,15.03,0.011,14.284512,FALSE
17-07-1987 08:00,11.23,0.01,9.70272,FALSE
18-07-1987 08:00,10.09,0.007,6.102432,FALSE
20-07-1987 08:00,9.308,0.01,8.042112,FALSE
21-07-1987 08:00,7.552,0.009,5.8724352,FALSE
22-07-1987 08:00,6.711,0.009,5.2184736,FALSE
23-07-1987 08:00,6.475,0.013,7.27272,FALSE
24-07-1987 08:00,5.6,0.008,3.87072,FALSE
25-07-1987 08:00,6.891,0.005,2.976912,FALSE
27-07-1987 08:00,5.678,0.008,3.9246336,FALSE
28-07-1987 08:00,4.952,0.007,2.9949696,FALSE
29-07-1987 08:00,4.385,0.009,3.409776,FALSE
30-07-1987 08:00,4.111,0.008,2.8415232,FALSE
31-07-1987 08:00,3.28,0.01,2.83392,FALSE
01-08-1987 08:00,3.096,0.011,2.9424384,FALSE
03-08-1987 08:00,3.546,0.012,3.6764928,FALSE
04-08-1987 08:00,19.3,0.011,18.34272,FALSE
05-08-1987 08:00,9.73,0.007,5.884704,FALSE
07-08-1987 08:00,5.697,0.004,1.9688832,FALSE
08-08-1987 08:00,4.893,0.003,1.2682656,FALSE
10-08-1987 08:00,3.603,0.012,3.7355904,FALSE
11-08-1987 08:00,3.469,0.013,3.8963808,FALSE
12-08-1987 08:00,3.54,0.011,3.364416,FALSE
13-08-1987 08:00,4.662,0.01,4.027968,FALSE
14-08-1987 08:00,4.781,0.012,4.9569408,FALSE
17-08-1987 08:00,6.241,0.012,6.4706688,FALSE
18-08-1987 08:00,8.372,0.015,10.850112,FALSE
19-08-1987 08:00,52.44,0.03,135.92448,FALSE
20-08-1987 08:00,46.65,0.032,128.97792,FALSE
21-08-1987 08:00,57.69,0.047,234.267552,FALSE
22-08-1987 08:00,54.06,0.03,140.12352,FALSE
24-08-1987 08:00,90.75,0.137,1074.1896,FALSE
25-08-1987 08:00,155.2,0.139,1863.88992,FALSE
26-08-1987 08:00,232.6,0.098,1969.47072,FALSE
27-08-1987 08:00,177.6,0.044,675.16416,FALSE
28-08-1987 08:00,122.1,0.026,274.28544,FALSE
29-08-1987 08:00,105.9,0.0317,290.047392,FALSE
31-08-1987 08:00,56.22,0.012,58.288896,FALSE
01-09-1987 08:00,43.53,0.011,41.370912,FALSE
02-09-1987 08:00,35.37,0.012,36.671616,FALSE
03-09-1987 08:00,28.33,0.012,29.372544,FALSE
07-09-1987 08:00,14.66,0.008,10.132992,FALSE
08-09-1987 08:00,13.74,0.01,11.87136,FALSE
09-09-1987 08:00,11.93,0.009,9.276768,FALSE
10-09-1987 08:00,9.68,0.009,7.527168,FALSE
11-09-1987 08:00,9.294,0.005,4.015008,FALSE
12-09-1987 08:00,7.987,0.009,6.2106912,FALSE
14-09-1987 08:00,6.36,0.008,4.396032,FALSE
15-09-1987 08:00,5.452,0.006,2.8263168,FALSE
16-09-1987 08:00,11.96,0.014,14.466816,FALSE
17-09-1987 08:00,19.97,0.048,82.819584,FALSE
18-09-1987 08:00,13.98,0.026,31.404672,FALSE
19-09-1987 08:00,28.99,0.055,137.76048,FALSE
21-09-1987 08:00,39.51,0.027,92.168928,FALSE
22-09-1987 08:00,38.55,0.024,79.93728,FALSE
23-09-1987 08:00,40.07,0.032,110.785536,FALSE
24-09-1987 08:00,87.67,0.10676,808.6736909,FALSE
25-09-1987 08:00,139.9,0.040212,486.0569203,FALSE
26-09-1987 08:00,82.76,0.022,157.310208,FALSE
28-09-1987 08:00,54.9,0.018,85.38048,FALSE
29-09-1987 08:00,44.75,0.017,65.7288,FALSE
30-09-1987 08:00,37.43,0.019,61.445088,FALSE
01-10-1987 08:00,36.92,0.021,66.987648,FALSE
03-10-1987 08:00,29.01,0.021,52.635744,FALSE
05-10-1987 08:00,23.98,0.016,33.149952,FALSE
06-10-1987 08:00,27.27,0.008,18.849024,FALSE
07-10-1987 08:00,35.34,0.025,76.3344,FALSE
08-10-1987 08:00,40.58,0.064,224.391168,FALSE
09-10-1987 08:00,120.8,0.2802,2924.481024,FALSE
10-10-1987 08:00,70.12,0.035,212.04288,FALSE
12-10-1987 08:00,69.65,0.06,361.0656,FALSE
13-10-1987 08:00,97.84,0.173,1462.434048,FALSE
14-10-1987 08:00,122.2,0.243,2565.61344,FALSE
15-10-1987 08:00,93.44,0.056,452.100096,FALSE
16-10-1987 08:00,78.88,0.031,211.272192,FALSE
17-10-1987 08:00,85.13,0.054,397.182528,FALSE
19-10-1987 08:00,121.4,0.075,786.672,FALSE
20-10-1987 08:00,123.1,0.123,1308.20832,FALSE
21-10-1987 08:00,104.2,0.034,306.09792,FALSE
23-10-1987 08:00,61.23,0.018,95.224896,FALSE
24-10-1987 08:00,50.05,0.02,86.4864,FALSE
26-10-1987 08:00,123.7,0.201,2148.22368,FALSE
27-10-1987 08:00,160.2,0.463,6408.51264,FALSE
28-10-1987 08:00,176.7,0.125,1908.36,FALSE
29-10-1987 08:00,147.6,0.09,1147.7376,FALSE
30-10-1987 08:00,175.4,0.093,1409.37408,FALSE
31-10-1987 08:00,183.9,0.114,1811.34144,FALSE
02-11-1987 08:00,118,0.038,387.4176,FALSE
03-11-1987 08:00,121.5,0.036,377.9136,FALSE
04-11-1987 08:00,84.36,0.022,160.351488,FALSE
06-11-1987 08:00,65.01,0.058,325.778112,FALSE
07-11-1987 08:00,76.55,0.125,826.74,FALSE
09-11-1987 08:00,181.9,0.637855,10024.63124,FALSE
10-11-1987 08:00,143.6,0.109,1352.36736,FALSE
11-11-1987 08:00,101.1,0.038,331.93152,FALSE
12-11-1987 08:00,75.53,0.03,195.77376,FALSE
13-11-1987 08:00,57.58,0.023,114.422976,FALSE
14-11-1987 08:00,52.8,0.019,86.67648,FALSE
16-11-1987 08:00,39.25,0.024,81.3888,FALSE
17-11-1987 08:00,31.17,0.021,56.554848,FALSE
18-11-1987 08:00,31.2,0.021,56.60928,FALSE
19-11-1987 08:00,33.79,0.059,172.247904,FALSE
20-11-1987 08:00,111.1,0.187,1795.02048,FALSE
22-11-1987 08:00,111,0.069,661.7376,FALSE
23-11-1987 08:00,88.07,0.023,175.012704,FALSE
24-11-1987 08:00,65.58,0.016,90.657792,FALSE
25-11-1987 08:00,54.94,0.021,99.683136,FALSE
26-11-1987 08:00,51.54,0.034,151.403904,FALSE
27-11-1987 08:00,47.17,0.032,130.415616,FALSE
28-11-1987 08:00,37.55,0.019,61.64208,FALSE
30-11-1987 08:00,26.65,0.009,20.72304,FALSE
01-12-1987 08:00,21.35,0.0089,16.417296,FALSE
02-12-1987 08:00,20.2,0.0078,13.613184,FALSE
03-12-1987 08:00,17.12,0.0104,15.3833472,FALSE
04-12-1987 08:00,17.09,0.0073,10.7790048,FALSE
05-12-1987 08:00,25.52,0.0146,32.1919488,FALSE
07-12-1987 08:00,55.94,0.0995,480.904992,FALSE
08-12-1987 08:00,44.13,0.0266,101.4213312,FALSE
09-12-1987 08:00,36.76,0.016,50.817024,FALSE
10-12-1987 08:00,38.83,0.0261,87.5632032,FALSE
11-12-1987 08:00,25.33,0.0141,30.8580192,FALSE
12-12-1987 08:00,31.04,0.0201,53.9053056,FALSE
14-12-1987 08:00,59.28,0.4906,2512.751155,FALSE
15-12-1987 08:00,86.64,0.34555,2586.682253,FALSE
16-12-1987 08:00,57.97,0.0436,218.3753088,FALSE
17-12-1987 08:00,40.92,0.0212,74.9523456,FALSE
18-12-1987 08:00,31.83,0.0168,46.2018816,FALSE
19-12-1987 08:00,88.52,0.3248,2484.111974,FALSE
21-12-1987 08:00,33.94,0.0216,63.3401856,FALSE
22-12-1987 08:00,31.85,0.0154,42.378336,FALSE
23-12-1987 08:00,25.57,0.0127,28.0574496,FALSE
24-12-1987 08:00,21.54,0.0128,23.8215168,FALSE
26-12-1987 08:00,19.57,0.0156,26.3772288,FALSE
28-12-1987 08:00,12.22,0.01,10.55808,FALSE
29-12-1987 08:00,11.24,0.0063,6.1181568,FALSE
30-12-1987 08:00,11.22,0.0053,5.1378624,FALSE
31-12-1987 08:00,8.646,0.0034,2.53984896,FALSE
01-01-1988 08:00,8.42,0.0026,1.8914688,FALSE
02-01-1988 08:00,7.541,0.0058,3.77894592,FALSE
04-01-1988 08:00,6.673,0.0035,2.0179152,FALSE
05-01-1988 08:00,6.348,0.004,2.1938688,FALSE
06-01-1988 08:00,6.906,0.0056,3.34139904,FALSE
07-01-1988 08:00,5.593,0.0047,2.27120544,FALSE
08-01-1988 08:00,5.815,0.0062,3.1149792,FALSE
09-01-1988 08:00,5.175,0.0044,1.967328,FALSE
11-01-1988 08:00,4.595,0.0071,2.8187568,FALSE
12-01-1988 08:00,4.561,0.0091,3.58604064,FALSE
13-01-1988 08:00,4.505,0.0074,2.8803168,FALSE
14-01-1988 08:00,4.019,0.0079,2.74320864,FALSE
15-01-1988 08:00,3.935,0.0089,3.0258576,FALSE
16-01-1988 08:00,3.499,0.0089,2.69059104,FALSE
18-01-1988 08:00,3.112,0.0091,2.44677888,FALSE
19-01-1988 08:00,3.221,0.0072,2.00371968,FALSE
20-01-1988 08:00,2.522,0.0077,1.67783616,FALSE
21-01-1988 08:00,2.379,0.0093,1.91157408,FALSE
23-01-1988 08:00,1.691,0.0112,1.63634688,FALSE
25-01-1988 08:00,1.607,0.009,1.2496032,FALSE
26-01-1988 08:00,2.25,0.0101,1.96344,FALSE
27-01-1988 08:00,1.402,0.0112,1.35668736,FALSE
28-01-1988 08:00,1.506,0.0102,1.32720768,FALSE
29-01-1988 08:00,1.159,0.0113,1.13155488,FALSE
30-01-1988 08:00,1.135,0.0066,0.6472224,FALSE
01-02-1988 08:00,0.731,0.0087,0.54947808,FALSE
02-02-1988 08:00,0.641,0.0078,0.43198272,FALSE
03-02-1988 08:00,0.825,0.009,0.64152,FALSE
04-02-1988 08:00,0.807,0.0056,0.39045888,FALSE
05-02-1988 08:00,0.633,0.0063,0.34455456,FALSE
06-02-1988 08:00,0.508,0.0093,0.40818816,FALSE
08-02-1988 08:00,0.502,0.0127,0.55083456,FALSE
09-02-1988 08:00,0.998,0.0118,1.01748096,FALSE
10-02-1988 08:00,1.043,0.0105,0.9462096,FALSE
11-02-1988 08:00,0.918,0.0073,0.57900096,FALSE
12-02-1988 08:00,0.825,0.0118,0.841104,FALSE
13-02-1988 08:00,0.706,0.0121,0.73808064,FALSE
15-02-1988 08:00,4.833,0.0326,13.61282112,FALSE
17-02-1988 08:00,2.506,0.0238,5.15313792,FALSE
18-02-1988 08:00,1.77,0.0107,1.6363296,FALSE
19-02-1988 08:00,1.497,0.0105,1.3580784,FALSE
20-02-1988 08:00,1.15,0.0111,1.102896,FALSE
22-02-1988 08:00,0.797,0.0106,0.72992448,FALSE
23-02-1988 08:00,0.827,0.0066,0.47158848,FALSE
24-02-1988 08:00,0.846,0.006,0.4385664,FALSE
25-02-1988 08:00,1.206,0.0101,1.05240384,FALSE
26-02-1988 08:00,1.509,0.0116,1.51238016,FALSE
27-02-1988 08:00,1.59,0.011,1.511136,FALSE
29-02-1988 08:00,1.094,0.0105,0.9924768,FALSE
01-03-1988 08:00,9.486,0.0417,34.17691968,FALSE
02-03-1988 08:00,3.472,0.0218,6.53958144,FALSE
03-03-1988 08:00,4.096,0.0159,5.62692096,FALSE
04-03-1988 08:00,5.836,0.0171,8.62233984,FALSE
05-03-1988 08:00,5.373,0.015,6.963408,FALSE
07-03-1988 08:00,11.45,0.0333,32.943024,FALSE
08-03-1988 08:00,4.96,0.0101,4.3282944,FALSE
09-03-1988 08:00,4.004,0.0078,2.69837568,FALSE
10-03-1988 08:00,2.818,0.0065,1.5825888,FALSE
11-03-1988 08:00,2.432,0.0111,2.33238528,FALSE
12-03-1988 08:00,2.045,0.0052,0.9187776,FALSE
14-03-1988 08:00,5.084,0.0194,8.52159744,FALSE
15-03-1988 08:00,2.944,0.0088,2.23838208,FALSE
16-03-1988 08:00,2.343,0.0108,2.18630016,FALSE
17-03-1988 08:00,2.636,0.006,1.3665024,FALSE
18-03-1988 08:00,5.863,0.0101,5.11628832,FALSE
19-03-1988 08:00,4.069,0.0072,2.53124352,FALSE
21-03-1988 08:00,6.871,0.0201,11.93245344,FALSE
22-03-1988 08:00,4.699,0.0119,4.83132384,FALSE
23-03-1988 08:00,3.024,0.0092,2.40371712,FALSE
24-03-1988 08:00,2.391,0.0096,1.98319104,FALSE
25-03-1988 08:00,2.122,0.0073,1.33838784,FALSE
26-03-1988 08:00,1.811,0.0071,1.11093984,FALSE
28-03-1988 08:00,1.472,0.008,1.0174464,FALSE
29-03-1988 08:00,1.327,0.0052,0.59619456,FALSE
30-03-1988 08:00,1.185,0.005,0.51192,FALSE
02-04-1988 08:00,0.832,0.0068,0.48881664,FALSE
04-04-1988 08:00,0.662,0.006,0.3431808,FALSE
05-04-1988 08:00,0.647,0.0072,0.40248576,FALSE
06-04-1988 08:00,0.535,0.0087,0.4021488,FALSE
08-04-1988 08:00,2.312,0.0147,2.93642496,FALSE
09-04-1988 08:00,1.795,0.0128,1.9851264,FALSE
11-04-1988 08:00,2.543,0.0132,2.90024064,FALSE
12-04-1988 08:00,4.019,0.0152,5.27807232,FALSE
13-04-1988 08:00,3.824,0.0133,4.39423488,FALSE
15-04-1988 08:00,3.562,0.0103,3.16989504,FALSE
16-04-1988 08:00,4.77,0.0098,4.0388544,FALSE
18-04-1988 08:00,35.01,0.1234,373.2682176,FALSE
19-04-1988 08:00,25.11,0.071,154.034784,FALSE
20-04-1988 08:00,12.62,0.0242,26.3869056,FALSE
21-04-1988 08:00,17.89,0.0577,89.1866592,FALSE
22-04-1988 08:00,14.58,0.0225,28.34352,FALSE
23-04-1988 08:00,10.61,0.0184,16.8673536,FALSE
25-04-1988 08:00,18.9,0.0769,125.574624,FALSE
26-04-1988 08:00,12.99,0.0154,17.2839744,FALSE
27-04-1988 08:00,16.82,0.055,79.92864,FALSE
28-04-1988 08:00,35.3,0.0785,239.41872,FALSE
29-04-1988 08:00,61.69,0.3281,1748.77825,FALSE
30-04-1988 08:00,33.55,0.0339,98.266608,FALSE
02-05-1988 08:00,20.43,0.0388,68.4878976,FALSE
03-05-1988 08:00,26.67,0.0719,165.6783072,FALSE
04-05-1988 08:00,34.53,0.1402,418.2715584,FALSE
05-05-1988 08:00,20.71,0.0292,52.2488448,FALSE
06-05-1988 08:00,18.18,0.0215,33.771168,FALSE
07-05-1988 08:00,21.09,0.0276,50.2920576,FALSE
09-05-1988 08:00,15.8,0.0217,29.623104,FALSE
10-05-1988 08:00,14.32,0.0136,16.8265728,FALSE
11-05-1988 08:00,10.76,0.0078,7.2513792,FALSE
12-05-1988 08:00,8.732,0.0055,4.1494464,FALSE
13-05-1988 08:00,7.462,0.0047,3.03016896,FALSE
14-05-1988 08:00,5.628,0.004,1.9450368,FALSE
16-05-1988 08:00,5.523,0.0041,1.95646752,FALSE
17-05-1988 08:00,7.316,0.0053,3.35014272,FALSE
19-05-1988 08:00,4.583,0.0054,2.13824448,FALSE
20-05-1988 08:00,4.58,0.0057,2.2555584,FALSE
21-05-1988 08:00,3.79,0.0053,1.7355168,FALSE
23-05-1988 08:00,2.97,0.0049,1.2573792,FALSE
24-05-1988 08:00,3.31,0.0062,1.7731008,FALSE
25-05-1988 08:00,6.15,0.0068,3.613248,FALSE
26-05-1988 08:00,11.18,0.0147,14.1994944,FALSE
27-05-1988 08:00,7.027,0.0104,6.31418112,FALSE
28-05-1988 08:00,7.54,0.0326,21.2374656,FALSE
30-05-1988 08:00,3.607,0.0154,4.79932992,FALSE
31-05-1988 08:00,3.51,0.0086,2.6080704,FALSE
01-06-1988 08:00,2.994,0.008,2.0694528,FALSE
02-06-1988 08:00,6.007,0.007,3.6330336,FALSE
03-06-1988 08:00,11.77,0.024,24.406272,FALSE
04-06-1988 08:00,8.281,0.011,7.8702624,FALSE
06-06-1988 08:00,11.58,0.012,12.006144,FALSE
07-06-1988 08:00,25.84,0.065,145.11744,FALSE
08-06-1988 08:00,96.97,0.1875,1570.914,FALSE
09-06-1988 08:00,97.94,0.056,473.872896,FALSE
10-06-1988 08:00,105.8,0.053,484.47936,FALSE
11-06-1988 08:00,109.1,0.0505,476.02512,FALSE
13-06-1988 08:00,61.34,0.0137,72.6069312,FALSE
14-06-1988 08:00,40.97,0.012,42.477696,FALSE
15-06-1988 08:00,31.31,0.011,29.757024,FALSE
16-06-1988 08:00,24.44,0.0094,19.8491904,FALSE
17-06-1988 08:00,22.12,0.0084,16.0538112,FALSE
20-06-1988 08:00,13.86,0.005,5.98752,FALSE
21-06-1988 08:00,13.64,0.005,5.89248,FALSE
22-06-1988 08:00,13.26,0.004,4.582656,FALSE
23-06-1988 08:00,16.05,0.007,9.70704,FALSE
24-06-1988 08:00,14.33,0.0054,6.6858048,FALSE
25-06-1988 08:00,21.31,0.015,27.61776,FALSE
27-06-1988 08:00,87.12,0.253,1904.373504,FALSE
28-06-1988 08:00,62.56,0.03,162.15552,FALSE
29-06-1988 08:00,112.5,0.1069,1039.068,FALSE
30-06-1988 08:00,74.17,0.024,153.798912,FALSE
02-07-1988 08:00,132.6,0.031,355.15584,FALSE
04-07-1988 08:00,58.67,0.014,70.967232,FALSE
05-07-1988 08:00,43.18,0.013,48.499776,FALSE
06-07-1988 08:00,34.43,0.007,20.823264,FALSE
07-07-1988 08:00,33.64,0.008,23.251968,FALSE
08-07-1988 08:00,35.25,0.008,24.3648,FALSE
09-07-1988 08:00,39.18,0.01,33.85152,FALSE
11-07-1988 08:00,29.79,0.007,18.016992,FALSE
12-07-1988 08:00,32.68,0.026,73.412352,FALSE
13-07-1988 08:00,37.52,0.016,51.867648,FALSE
14-07-1988 08:00,36.06,0.009,28.040256,FALSE
15-07-1988 08:00,37.11,0.012,38.475648,FALSE
16-07-1988 08:00,34.56,0.0064,19.1102976,FALSE
18-07-1988 08:00,194.6,0.534,8978.37696,FALSE
19-07-1988 08:00,231.1,0.07,1397.6928,FALSE
20-07-1988 08:00,171.1,0.037,546.97248,FALSE
21-07-1988 08:00,126.7,0.024,262.72512,FALSE
22-07-1988 08:00,196.7,0.0848,1441.165824,FALSE
23-07-1988 08:00,172.4,0.026,387.27936,FALSE
24-07-1988 08:00,119.3,0.019,195.84288,FALSE
25-07-1988 08:00,92.32,0.013,103.693824,FALSE
26-07-1988 08:00,71.27,0.029,178.574112,FALSE
27-07-1988 08:00,53.85,0.012,55.83168,FALSE
28-07-1988 08:00,50.78,0.023,100.910016,FALSE
29-07-1988 08:00,42.47,0.014,51.371712,FALSE
30-07-1988 08:00,34.63,0.015,44.88048,FALSE
01-08-1988 08:00,27.09,0.011,25.746336,FALSE
02-08-1988 08:00,22.99,0.007,13.904352,FALSE
03-08-1988 08:00,21.23,0.007,12.839904,FALSE
04-08-1988 08:00,41.19,0.046,163.705536,FALSE
05-08-1988 08:00,141.2,0.03875,472.7376,FALSE
06-08-1988 08:00,106.8,0.0245,226.07424,FALSE
08-08-1988 08:00,73.43,0.027,171.297504,FALSE
09-08-1988 08:00,56.69,0.011,53.878176,FALSE
10-08-1988 08:00,48.8,0.008,33.73056,FALSE
11-08-1988 08:00,39.71,0.008,27.447552,FALSE
12-08-1988 08:00,37.62,0.0094,30.5534592,FALSE
13-08-1988 08:00,32.16,0.0054,15.0045696,FALSE
16-08-1988 08:00,36.19,0.036,112.565376,FALSE
17-08-1988 08:00,81.63,0.056,394.958592,FALSE
18-08-1988 08:00,63.55,0.02,109.8144,FALSE
19-08-1988 08:00,63.47,0.021,115.159968,FALSE
20-08-1988 08:00,57.11,0.018,88.817472,FALSE
22-08-1988 08:00,47.88,0.013,53.778816,FALSE
23-08-1988 08:00,44,0.012,45.6192,FALSE
24-08-1988 08:00,99.9,0.107,923.55552,FALSE
25-08-1988 08:00,81.67,0.03,211.68864,FALSE
27-08-1988 08:00,49.86,0.01,43.07904,FALSE
29-08-1988 08:00,51.68,0.019,84.837888,FALSE
30-08-1988 08:00,58.16,0.051,256.276224,FALSE
31-08-1988 08:00,45.98,0.012,47.672064,FALSE
01-09-1988 08:00,40.34,0.012,41.824512,FALSE
02-09-1988 08:00,40.33,0.019,66.205728,FALSE
03-09-1988 08:00,175.3,0.15,2271.888,FALSE
04-09-1988 08:00,156.7,0.036,487.39968,FALSE
05-09-1988 08:00,103.4,0.022,196.54272,FALSE
06-09-1988 08:00,85.78,0.018,133.405056,FALSE
07-09-1988 08:00,66.97,0.017,98.365536,FALSE
08-09-1988 08:00,102.4,0.0676,598.081536,FALSE
09-09-1988 08:00,97.58,0.0316,266.4168192,FALSE
10-09-1988 08:00,137.7,0.0485,577.01808,FALSE
12-09-1988 08:00,81.76,0.0298,210.5091072,FALSE
13-09-1988 08:00,122.9,0.2116,2246.887296,FALSE
14-09-1988 08:00,104.7,0.0525,474.9192,FALSE
15-09-1988 08:00,80.04,0.0305,210.921408,FALSE
16-09-1988 08:00,180.1,0.126,1960.64064,FALSE
17-09-1988 08:00,187.3,0.0436,705.566592,FALSE
18-09-1988 08:00,188.3,0.0295,479.93904,FALSE
19-09-1988 08:00,170.6,0.0386,568.957824,FALSE
20-09-1988 08:00,195.3,0.0548,924.690816,FALSE
21-09-1988 08:00,148.9,0.032,411.67872,FALSE
22-09-1988 08:00,137.9,0.0446,531.389376,FALSE
23-09-1988 08:00,144.8,0.028,350.30016,FALSE
24-09-1988 08:00,90.91,0.0275,216.00216,FALSE
26-09-1988 08:00,93.45,0.0425,343.1484,FALSE
27-09-1988 08:00,95.57,0.041,338.547168,FALSE
28-09-1988 08:00,74.88,0.023,148.801536,FALSE
29-09-1988 08:00,57.54,0.023,114.343488,FALSE
30-09-1988 08:00,49.22,0.023,97.809984,FALSE
01-10-1988 08:00,44.95,0.018,69.90624,FALSE
03-10-1988 08:00,34.3,0.016,47.41632,FALSE
04-10-1988 08:00,28.48,0.016,39.370752,FALSE
05-10-1988 08:00,23.27,0.016,32.168448,FALSE
06-10-1988 08:00,24.55,0.015,31.8168,FALSE
07-10-1988 08:00,26.56,0.019,43.600896,FALSE
08-10-1988 08:00,33.43,0.0631,182.2550112,FALSE
10-10-1988 08:00,21.62,0.019,35.491392,FALSE
11-10-1988 08:00,19.51,0.014,23.599296,FALSE
12-10-1988 08:00,23.22,0.041,82.254528,FALSE
13-10-1988 08:00,20.33,0.013,22.834656,FALSE
14-10-1988 08:00,15.84,0.01,13.68576,FALSE
15-10-1988 08:00,13.83,0.008,9.559296,FALSE
17-10-1988 08:00,51.02,0.239,1053.542592,FALSE
18-10-1988 08:00,27.53,0.027,64.221984,FALSE
19-10-1988 08:00,31.1,0.035,94.0464,FALSE
21-10-1988 08:00,18.77,0.013,21.082464,FALSE
22-10-1988 08:00,15.96,0.013,17.926272,FALSE
23-10-1988 08:00,13.91,0.01,12.01824,FALSE
24-10-1988 08:00,12.98,0.017,19.065024,FALSE
25-10-1988 08:00,18.32,0.049,77.559552,FALSE
26-10-1988 08:00,17.2,0.038,56.47104,FALSE
27-10-1988 08:00,26.43,0.056,127.878912,FALSE
28-10-1988 08:00,21.09,0.031,56.487456,FALSE
29-10-1988 08:00,13.72,0.012,14.224896,FALSE
31-10-1988 08:00,16.83,0.0283,41.1513696,FALSE
01-11-1988 08:00,23.3,0.048,96.62976,FALSE
02-11-1988 08:00,33.24,0.099,284.321664,FALSE
04-11-1988 08:00,34.65,0.082,245.48832,FALSE
05-11-1988 08:00,28.34,0.059,144.465984,FALSE
07-11-1988 08:00,42.54,0.0843,309.8409408,FALSE
09-11-1988 08:00,41.62,0.071,255.313728,FALSE
11-11-1988 08:00,26.24,0.015,34.00704,FALSE
12-11-1988 08:00,23.7,0.017,34.81056,FALSE
15-11-1988 08:00,27.74,0.031,74.298816,FALSE
16-11-1988 08:00,32.66,0.053,149.556672,FALSE
17-11-1988 08:00,31.2,0.112,301.91616,FALSE
18-11-1988 08:00,24.53,0.03,63.58176,FALSE
19-11-1988 08:00,17.29,0.013,19.420128,FALSE
21-11-1988 08:00,30.69,0.121,320.845536,FALSE
22-11-1988 08:00,20.15,0.017,29.59632,FALSE
24-11-1988 08:00,12.77,0.016,17.653248,FALSE
25-11-1988 08:00,19.66,0.024,40.766976,FALSE
26-11-1988 08:00,15.62,0.027,36.438336,FALSE
28-11-1988 08:00,11.55,0.01,9.9792,FALSE
29-11-1988 08:00,11.25,0.016,15.552,FALSE
30-11-1988 08:00,9.757,0.016,13.4880768,FALSE
01-12-1988 08:00,8.63,0.008,5.965056,FALSE
02-12-1988 08:00,7.895,0.008,5.457024,FALSE
03-12-1988 08:00,7.142,0.0081,4.99825728,FALSE
05-12-1988 08:00,7.595,0.0075,4.92156,FALSE
06-12-1988 08:00,7.58,0.0079,5.1738048,FALSE
07-12-1988 08:00,6.582,0.0082,4.66321536,FALSE
08-12-1988 08:00,13.92,0.0214,25.7375232,FALSE
09-12-1988 08:00,8.702,0.0056,4.21037568,FALSE
10-12-1988 08:00,7.307,0.0047,2.96722656,FALSE
12-12-1988 08:00,5.853,0.0063,3.18590496,FALSE
13-12-1988 08:00,7.103,0.0066,4.05041472,FALSE
14-12-1988 08:00,6.601,0.0058,3.30789312,FALSE
15-12-1988 08:00,5.116,0.0052,2.29851648,FALSE
16-12-1988 08:00,4.932,0.0046,1.96017408,FALSE
17-12-1988 08:00,4.441,0.0056,2.14873344,FALSE
19-12-1988 08:00,3.946,0.0074,2.52291456,FALSE
20-12-1988 08:00,3.886,0.007,2.3502528,FALSE
21-12-1988 08:00,3.334,0.0068,1.95879168,FALSE
22-12-1988 08:00,3.058,0.0062,1.63810944,FALSE
23-12-1988 08:00,3.156,0.0065,1.7724096,FALSE
24-12-1988 08:00,3.033,0.0067,1.75574304,FALSE
26-12-1988 08:00,2.624,0.0067,1.51898112,FALSE
27-12-1988 08:00,2.53,0.0061,1.3334112,FALSE
28-12-1988 08:00,2.174,0.0075,1.408752,FALSE
29-12-1988 08:00,1.987,0.0106,1.81977408,FALSE
30-12-1988 08:00,1.783,0.0109,1.67915808,FALSE
31-12-1988 08:00,1.854,0.0111,1.77806016,FALSE
02-01-1989 08:00,1.666,0.01,1.439424,FALSE
03-01-1989 08:00,1.612,0.0094,1.30920192,FALSE
04-01-1989 08:00,1.35,0.0088,1.026432,FALSE
05-01-1989 08:00,1.38,0.0086,1.0253952,FALSE
06-01-1989 08:00,1.39,0.0095,1.140912,FALSE
07-01-1989 08:00,1.496,0.0081,1.04696064,FALSE
09-01-1989 08:00,1.425,0.0088,1.083456,FALSE
10-01-1989 08:00,1.512,0.0093,1.21492224,FALSE
11-01-1989 08:00,1.313,0.0076,0.86216832,FALSE
12-01-1989 08:00,1.25,0.0091,0.9828,FALSE
13-01-1989 08:00,1.153,0.0087,0.86668704,FALSE
14-01-1989 08:00,0.983,0.0086,0.73040832,FALSE
16-01-1989 08:00,1.174,0.0094,0.95347584,FALSE
17-01-1989 08:00,1.071,0.0089,0.82355616,FALSE
18-01-1989 08:00,1.024,0.0099,0.87588864,FALSE
19-01-1989 08:00,1.066,0.0093,0.85655232,FALSE
20-01-1989 08:00,0.897,0.0082,0.63550656,FALSE
21-01-1989 08:00,0.906,0.0096,0.75147264,FALSE
23-01-1989 08:00,0.797,0.0116,0.79878528,FALSE
24-01-1989 08:00,0.788,0.009,0.6127488,FALSE
25-01-1989 08:00,0.74,0.0123,0.7864128,FALSE
27-01-1989 08:00,1.948,0.0102,1.71673344,FALSE
28-01-1989 08:00,1.2,0.0092,0.953856,FALSE
30-01-1989 08:00,0.918,0.0109,0.86453568,FALSE
31-01-1989 08:00,0.775,0.0105,0.70308,FALSE
01-02-1989 08:00,0.622,0.0107,0.57502656,FALSE
02-02-1989 08:00,0.553,0.0099,0.47301408,FALSE
03-02-1989 08:00,0.488,0.0107,0.45114624,FALSE
04-02-1989 08:00,0.473,0.0114,0.46588608,FALSE
06-02-1989 08:00,0.382,0.0102,0.33664896,FALSE
07-02-1989 08:00,0.367,0.0155,0.4914864,FALSE
08-02-1989 08:00,0.346,0.0143,0.42748992,FALSE
09-02-1989 08:00,0.269,0.0204,0.47412864,FALSE
10-02-1989 08:00,0.257,0.018,0.3996864,FALSE
11-02-1989 08:00,0.253,0.0175,0.382536,FALSE
13-02-1989 08:00,0.257,0.0151,0.33529248,FALSE
14-02-1989 08:00,0.191,0.0139,0.22938336,FALSE
15-02-1989 08:00,0.178,0.0192,0.29528064,FALSE
16-02-1989 08:00,0.153,0.0152,0.20093184,FALSE
17-02-1989 08:00,0.139,0.016,0.1921536,FALSE
18-02-1989 08:00,0.107,0.0167,0.15438816,FALSE
20-02-1989 08:00,0.353,0.0195,0.5947344,FALSE
21-02-1989 08:00,0.355,0.0187,0.5735664,FALSE
22-02-1989 08:00,0.48,0.0198,0.8211456,FALSE
23-02-1989 08:00,0.584,0.0156,0.78713856,FALSE
24-02-1989 08:00,0.492,0.0157,0.66738816,FALSE
25-02-1989 08:00,0.591,0.0174,0.88848576,FALSE
27-02-1989 08:00,0.405,0.0186,0.6508512,FALSE
28-02-1989 08:00,0.271,0.0169,0.39570336,FALSE
01-03-1989 08:00,0.165,0.0077,0.1097712,FALSE
02-03-1989 08:00,0.144,0.0074,0.09206784,FALSE
03-03-1989 08:00,0.076,0.0092,0.06041088,FALSE
04-03-1989 08:00,0.17,0.0102,0.1498176,FALSE
06-03-1989 08:00,0,0.0099,0,TRUE
07-03-1989 08:00,0,0.0097,0,TRUE
08-03-1989 08:00,0,0.009,0,TRUE
09-03-1989 08:00,0,0.0085,0,TRUE
10-03-1989 08:00,0.602,0.008,0.4161024,FALSE
11-03-1989 08:00,0.597,0.0104,0.53644032,FALSE
13-03-1989 08:00,6.609,0.01685,9.62164656,FALSE
14-03-1989 08:00,2.986,0.0105,2.7088992,FALSE
15-03-1989 08:00,1.897,0.0076,1.24564608,FALSE
16-03-1989 08:00,1.098,0.0082,0.77791104,FALSE
17-03-1989 08:00,0.851,0.0087,0.63967968,FALSE
18-03-1989 08:00,0.713,0.0104,0.64067328,FALSE
20-03-1989 08:00,0.575,0.0129,0.640872,FALSE
21-03-1989 08:00,0.573,0.0067,0.33169824,FALSE
22-03-1989 08:00,0.534,0.0078,0.35987328,FALSE
23-03-1989 08:00,0.75,0.0087,0.56376,FALSE
26-03-1989 08:00,0.3,0.0105,0.27216,FALSE
28-03-1989 08:00,0.3,0.0096,0.248832,FALSE
29-03-1989 08:00,0.544,0.0092,0.43241472,FALSE
30-03-1989 08:00,0.513,0.008,0.3545856,FALSE
31-03-1989 08:00,0.449,0.0085,0.3297456,FALSE
01-04-1989 08:00,0.51,0.006,0.264384,FALSE
03-04-1989 08:00,2.397,0.0108,2.23668864,FALSE
04-04-1989 08:00,1.079,0.009,0.8390304,FALSE
05-04-1989 08:00,0.77,0.0086,0.5721408,FALSE
06-04-1989 08:00,0.591,0.0072,0.36764928,FALSE
07-04-1989 08:00,0.471,0.0055,0.2238192,FALSE
08-04-1989 08:00,0.519,0.0083,0.37218528,FALSE
10-04-1989 08:00,0.489,0.0109,0.46052064,FALSE
11-04-1989 08:00,0.645,0.0094,0.5238432,FALSE
12-04-1989 08:00,0.714,0.0138,0.85131648,FALSE
13-04-1989 08:00,0.537,0.0124,0.57532032,FALSE
15-04-1989 08:00,0.553,0.0091,0.43479072,FALSE
19-04-1989 08:00,3.59,0.0207,6.4206432,FALSE
20-04-1989 08:00,2.95,0.0175,4.4604,FALSE
21-04-1989 08:00,1.943,0.0086,1.44372672,FALSE
22-04-1989 08:00,10.63,0.0564,51.7995648,FALSE
24-04-1989 08:00,3.501,0.018,5.4447552,FALSE
25-04-1989 08:00,8.543,0.0236,17.41951872,FALSE
26-04-1989 08:00,6.325,0.0269,14.700312,FALSE
27-04-1989 08:00,19.75,0.1269,216.54216,FALSE
28-04-1989 08:00,12.3,0.0717,76.197024,FALSE
29-04-1989 08:00,7.547,0.0445,29.0167056,FALSE
30-04-1989 08:00,11.6,0.1002,100.424448,FALSE
01-05-1989 08:00,6.779,0.0194,11.36268864,FALSE
02-05-1989 08:00,5.19,0.0116,5.2016256,FALSE
03-05-1989 08:00,3.659,0.0172,5.43756672,FALSE
04-05-1989 08:00,4.182,0.0101,3.64938048,FALSE
06-05-1989 08:00,8.553,0.0404,29.85475968,FALSE
09-05-1989 08:00,12.1,0.0349,36.485856,FALSE
10-05-1989 08:00,7.03,0.0262,15.9136704,FALSE
11-05-1989 08:00,5.383,0.0139,6.46476768,FALSE
12-05-1989 08:00,6.293,0.0117,6.36146784,FALSE
13-05-1989 08:00,4.468,0.019,7.3346688,FALSE
15-05-1989 08:00,3.006,0.0141,3.66202944,FALSE
16-05-1989 08:00,2.444,0.0105,2.2171968,FALSE
22-05-1989 08:00,3.158,0.0079,2.15552448,FALSE
23-05-1989 08:00,3.999,0.0138,4.76808768,FALSE
24-05-1989 08:00,4.832,0.0142,5.92828416,FALSE
27-05-1989 08:00,8.61,0.018,13.390272,FALSE
28-05-1989 08:00,8.3,0.0137,9.824544,FALSE
29-05-1989 08:00,17.15,0.0197,29.190672,FALSE
30-05-1989 08:00,14.31,0.0127,15.7020768,FALSE
31-05-1989 08:00,16.52,0.0167,23.8363776,FALSE
02-06-1989 08:00,14.81,0.0083,10.6205472,FALSE
03-06-1989 08:00,14.68,0.012,15.220224,FALSE
07-06-1989 08:00,69.14,0.021,125.447616,FALSE
09-06-1989 08:00,32.37,0.017,47.545056,FALSE
12-06-1989 08:00,120.9,0.026,271.58976,FALSE
13-06-1989 08:00,133.8,0.027,312.12864,FALSE
14-06-1989 08:00,172.3,0.03042,452.8540224,FALSE
15-06-1989 08:00,190.4,0.031,509.96736,FALSE
16-06-1989 08:00,141.9,0.026,318.76416,FALSE
17-06-1989 08:00,87.72,0.022,166.738176,FALSE
19-06-1989 08:00,61.99,0.021,112.474656,FALSE
20-06-1989 08:00,49.57,0.019,81.374112,FALSE
24-06-1989 08:00,282,0.038,925.8624,FALSE
25-06-1989 08:00,196.3,0.03,508.8096,FALSE
26-06-1989 08:00,174.3,0.03,451.7856,FALSE
27-06-1989 08:00,140.2,0.026,314.94528,FALSE
28-06-1989 08:00,105,0.025,226.8,FALSE
29-06-1989 08:00,78.67,0.022,149.535936,FALSE
30-06-1989 08:00,64.27,0.021,116.611488,FALSE
01-07-1989 08:00,47.49,0.018,73.856448,FALSE
03-07-1989 08:00,37.69,0.017,55.359072,FALSE
04-07-1989 08:00,36.16,0.017,53.111808,FALSE
05-07-1989 08:00,29.37,0.016,40.601088,FALSE
06-07-1989 08:00,27.28,0.016,37.711872,FALSE
07-07-1989 08:00,50.34,0.019,82.638144,FALSE
08-07-1989 08:00,39.9,0.017,58.60512,FALSE
11-07-1989 08:00,33.96,0.017,49.880448,FALSE
12-07-1989 08:00,65.76,0.021,119.314944,FALSE
13-07-1989 08:00,76.57,0.022,145.544256,FALSE
15-07-1989 08:00,53.35,0.016,73.75104,FALSE
17-07-1989 08:00,162.9,0.027,380.01312,FALSE
19-07-1989 08:00,263.5,0.03,682.992,FALSE
20-07-1989 08:00,212.6,0.029,532.69056,FALSE
25-07-1989 08:00,278.6,0.03021,727.1861184,FALSE
26-07-1989 08:00,202.5,0.0361715,632.856564,FALSE
27-07-1989 08:00,250,0.081,1749.6,FALSE
28-07-1989 08:00,249.1,0.035,753.2784,FALSE
29-07-1989 08:00,173.5,0.026,389.7504,FALSE
31-07-1989 08:00,83.35,0.022,158.43168,FALSE
01-08-1989 08:00,60.74,0.0085,44.607456,FALSE
02-08-1989 08:00,52.4,0.0175,79.2288,FALSE
03-08-1989 08:00,45.93,0.0166,65.8746432,FALSE
04-08-1989 08:00,41.93,0.023,83.323296,FALSE
05-08-1989 08:00,65.59,0.0475,269.18136,FALSE
07-08-1989 08:00,65.63,0.026,147.431232,FALSE
08-08-1989 08:00,63.92,0.0287,158.5011456,FALSE
09-08-1989 08:00,52.06,0.009,40.481856,FALSE
10-08-1989 08:00,45.79,0.01,39.56256,FALSE
11-08-1989 08:00,73.43,0.0546,346.4016192,FALSE
12-08-1989 08:00,97.89,0.0345,291.790512,FALSE
14-08-1989 08:00,60.6,0.015,78.5376,FALSE
16-08-1989 08:00,42.61,0.0087,32.0290848,FALSE
17-08-1989 08:00,57.95,0.0285,142.69608,FALSE
19-08-1989 08:00,158.7,0.0437,599.200416,FALSE
20-08-1989 08:00,142.9,0.0245,302.49072,FALSE
21-08-1989 08:00,114.6,0.0166,164.363904,FALSE
22-08-1989 08:00,89.19,0.0136,104.8018176,FALSE
23-08-1989 08:00,68.99,0.0108,64.3759488,FALSE
24-08-1989 08:00,59.86,0.0178,92.0598912,FALSE
25-08-1989 08:00,57.46,0.0126,62.5532544,FALSE
26-08-1989 08:00,45.12,0.0096,37.4243328,FALSE
28-08-1989 08:00,34.77,0.0086,25.8355008,FALSE
29-08-1989 08:00,30.66,0.0116,30.7286784,FALSE
30-08-1989 08:00,26.09,0.0126,28.4026176,FALSE
31-08-1989 08:00,24.76,0.0116,24.8154624,FALSE
01-09-1989 08:00,30.19,0.021,54.776736,FALSE
02-09-1989 08:00,24.05,0.009,18.70128,FALSE
04-09-1989 08:00,34.35,0.033,97.93872,FALSE
05-09-1989 08:00,27.04,0.022,51.397632,FALSE
06-09-1989 08:00,23.62,0.008,16.326144,FALSE
07-09-1989 08:00,20.3,0.007,12.27744,FALSE
08-09-1989 08:00,22.15,0.01,19.1376,FALSE
09-09-1989 08:00,19.72,0.008,13.630464,FALSE
11-09-1989 08:00,14.23,0.008,9.835776,FALSE
13-09-1989 08:00,35.71,0.042,129.584448,FALSE
14-09-1989 08:00,27.29,0.025,58.9464,FALSE
15-09-1989 08:00,29.19,0.03,75.66048,FALSE
16-09-1989 08:00,24.29,0.023,48.269088,FALSE
18-09-1989 08:00,61.1,0.317,1673.45568,FALSE
19-09-1989 08:00,164.6,0.295,4195.3248,FALSE
20-09-1989 08:00,241.2,0.62394,13002.70994,FALSE
21-09-1989 08:00,325.9,0.06594,1856.722694,FALSE
22-09-1989 08:00,170,0.037,543.456,FALSE
23-09-1989 08:00,112.2,0.031,300.51648,FALSE
25-09-1989 08:00,182.4,0.315,4964.1984,FALSE
26-09-1989 08:00,121.6,0.038,399.23712,FALSE
27-09-1989 08:00,183.4,0.067,1061.66592,FALSE
28-09-1989 08:00,124.6,0.04,430.6176,FALSE
29-09-1989 08:00,99.61,0.033,284.008032,FALSE
30-09-1989 08:00,74.27,0.029,186.090912,FALSE
03-10-1989 08:00,42.57,0.016,58.848768,FALSE
04-10-1989 08:00,37.1,0.025,80.136,FALSE
05-10-1989 08:00,43.54,0.034,127.903104,FALSE
06-10-1989 08:00,32.18,0.031,86.190912,FALSE
07-10-1989 08:00,50.98,0.056,246.661632,FALSE
11-10-1989 08:00,64.32,0.027,150.045696,FALSE
12-10-1989 08:00,60.63,0.025,130.9608,FALSE
13-10-1989 08:00,73.12,0.056,353.783808,FALSE
14-10-1989 08:00,76.83,0.29,1925.05248,FALSE
16-10-1989 08:00,69,0.04,238.464,FALSE
17-10-1989 08:00,109.6,0.904,8560.37376,FALSE
18-10-1989 08:00,114.2,0.178,1756.30464,FALSE
19-10-1989 08:00,91.13,0.088,692.879616,FALSE
20-10-1989 08:00,84.71,0.109,797.764896,FALSE
21-10-1989 08:00,115,0.0921,915.1056,FALSE
23-10-1989 08:00,91.77,0.067,531.238176,FALSE
24-10-1989 08:00,71.92,0.04,248.55552,FALSE
25-10-1989 08:00,62.33,0.038,204.641856,FALSE
26-10-1989 08:00,141,0.201,2448.6624,FALSE
27-10-1989 08:00,125.8,0.042,456.50304,FALSE
31-10-1989 08:00,173,0.059,881.8848,FALSE
01-11-1989 08:00,120.4,0.052,540.93312,FALSE
02-11-1989 08:00,92.55,0.039,311.85648,FALSE
03-11-1989 08:00,80.58,0.028,194.939136,FALSE
04-11-1989 08:00,82.43,0.063,448.682976,FALSE
06-11-1989 08:00,125.2,0.56962,6161.739034,FALSE
07-11-1989 08:00,71.53,0.045,278.10864,FALSE
08-11-1989 08:00,54.71,0.034,160.716096,FALSE
09-11-1989 08:00,41.86,0.02,72.33408,FALSE
10-11-1989 08:00,37.6,0.016,51.97824,FALSE
11-11-1989 08:00,30.16,0.019,49.510656,FALSE
15-11-1989 08:00,43.4,0.067,251.23392,FALSE
16-11-1989 08:00,29.51,0.022,56.092608,FALSE
17-11-1989 08:00,24.98,0.021,45.323712,FALSE
18-11-1989 08:00,23.03,0.018,35.816256,FALSE
20-11-1989 08:00,49.95,0.264,1139.33952,FALSE
21-11-1989 08:00,52.15,0.176,793.01376,FALSE
23-11-1989 08:00,29.73,0.02,51.37344,FALSE
24-11-1989 08:00,25.08,0.015,32.50368,FALSE
25-11-1989 08:00,19.71,0.017,28.950048,FALSE
27-11-1989 08:00,17.18,0.015,22.26528,FALSE
28-11-1989 08:00,15.6,0.014,18.86976,FALSE
29-11-1989 08:00,14.42,0.017,21.180096,FALSE
30-11-1989 08:00,13.6,0.015,17.6256,FALSE
01-12-1989 08:00,10.85,0.012,11.24928,FALSE
04-12-1989 08:00,16.03,0.033,45.704736,FALSE
05-12-1989 08:00,11.08,0.017,16.274304,FALSE
06-12-1989 08:00,10.04,0.016,13.879296,FALSE
07-12-1989 08:00,5.595,0.017,8.217936,FALSE
08-12-1989 08:00,7.298,0.015,9.458208,FALSE
09-12-1989 08:00,6.941,0.01,5.997024,FALSE
11-12-1989 08:00,6.487,0.008,4.4838144,FALSE
12-12-1989 08:00,5.569,0.013,6.2551008,FALSE
13-12-1989 08:00,5.578,0.01,4.819392,FALSE
14-12-1989 08:00,7.348,0.006,3.8092032,FALSE
15-12-1989 08:00,5.029,0.007,3.0415392,FALSE
16-12-1989 08:00,4.785,0.01,4.13424,FALSE
18-12-1989 08:00,4.513,0.007,2.7294624,FALSE
19-12-1989 08:00,4.249,0.013,4.7724768,FALSE
20-12-1989 08:00,3.618,0.009,2.8133568,FALSE
21-12-1989 08:00,3.318,0.012,3.4401024,FALSE
22-12-1989 08:00,3.218,0.011,3.0583872,FALSE
23-12-1989 08:00,3.14,0.011,2.984256,FALSE
26-12-1989 08:00,3.097,0.015,4.013712,FALSE
27-12-1989 08:00,2.781,0.015,3.604176,FALSE
28-12-1989 08:00,2.801,0.01,2.420064,FALSE
29-12-1989 08:00,3.112,0.012,3.2265216,FALSE
30-12-1989 08:00,4.87,0.011,4.628448,FALSE
01-01-1990 08:00,3.091,0.013,3.4718112,FALSE
02-01-1990 08:00,3.321,0.013,3.7301472,FALSE
03-01-1990 08:00,11.19,0.029,28.037664,FALSE
04-01-1990 08:00,4.506,0.009,3.5038656,FALSE
05-01-1990 08:00,3.096,0.009,2.4074496,FALSE
06-01-1990 08:00,2.924,0.012,3.0316032,FALSE
08-01-1990 08:00,28.98,0.1217,304.7212224,FALSE
09-01-1990 08:00,23.92,0.042,86.800896,FALSE
10-01-1990 08:00,11.49,0.015,14.89104,FALSE
11-01-1990 08:00,7.248,0.012,7.5147264,FALSE
12-01-1990 08:00,5.8096,0.011,5.52144384,FALSE
13-01-1990 08:00,4.563,0.01,3.942432,FALSE
15-01-1990 08:00,2.975,0.009,2.31336,FALSE
16-01-1990 08:00,2.855,0.008,1.973376,FALSE
17-01-1990 08:00,2.717,0.008,1.8779904,FALSE
18-01-1990 08:00,2.519,0.008,1.7411328,FALSE
19-01-1990 08:00,2.378,0.008,1.6436736,FALSE
20-01-1990 08:00,2.266,0.007,1.3704768,FALSE
22-01-1990 08:00,1.887,0.004,0.6521472,FALSE
23-01-1990 08:00,1.872,0.004,0.6469632,FALSE
24-01-1990 08:00,1.759,0.004,0.6079104,FALSE
25-01-1990 08:00,1.613,0.006,0.8361792,FALSE
27-01-1990 08:00,1.642,0.01,1.418688,FALSE
29-01-1990 08:00,1.191,0.009,0.9261216,FALSE
30-01-1990 08:00,1.132,0.012,1.1736576,FALSE
31-01-1990 08:00,1.069,0.01,0.923616,FALSE
01-02-1990 08:00,0.961,0.012,0.9963648,FALSE
02-02-1990 08:00,0.963,0.011,0.9152352,FALSE
03-02-1990 08:00,0.865,0.011,0.822096,FALSE
05-02-1990 08:00,0.801,0.011,0.7612704,FALSE
06-02-1990 08:00,0.769,0.013,0.8637408,FALSE
07-02-1990 08:00,0.72,0.014,0.870912,FALSE
08-02-1990 08:00,0.624,0.013,0.7008768,FALSE
09-02-1990 08:00,0.733,0.013,0.8233056,FALSE
10-02-1990 08:00,0.621,0.016,0.8584704,FALSE
12-02-1990 08:00,0.677,0.014,0.8188992,FALSE
13-02-1990 08:00,0.458,0.02,0.791424,FALSE
14-02-1990 08:00,0.534,0.015,0.692064,FALSE
15-02-1990 08:00,0.499,0.02,0.862272,FALSE
16-02-1990 08:00,0.421,0.019,0.6911136,FALSE
17-02-1990 08:00,0.412,0.018,0.6407424,FALSE
19-02-1990 08:00,2.128,0.013,2.3901696,FALSE
20-02-1990 08:00,1.46,0.012,1.513728,FALSE
21-02-1990 08:00,0.738,0.013,0.8289216,FALSE
22-02-1990 08:00,0.583,0.012,0.6044544,FALSE
24-02-1990 08:00,0.475,0.013,0.53352,FALSE
26-02-1990 08:00,0.335,0.011,0.318384,FALSE
27-02-1990 08:00,0.295,0.012,0.305856,FALSE
28-02-1990 08:00,0.24,0.015,0.31104,FALSE
01-03-1990 08:00,0.188,0.014,0.2274048,FALSE
02-03-1990 08:00,0.401,0.013,0.4504032,FALSE
03-03-1990 08:00,0.463,0.012,0.4800384,FALSE
05-03-1990 08:00,0.333,0.016,0.4603392,FALSE
06-03-1990 08:00,0.332,0.019,0.5450112,FALSE
07-03-1990 08:00,0.281,0.017,0.4127328,FALSE
08-03-1990 08:00,0.255,0.017,0.374544,FALSE
09-03-1990 08:00,0.207,0,0,TRUE
10-03-1990 08:00,0.188,0,0,TRUE
12-03-1990 08:00,0.183,0,0,TRUE
13-03-1990 08:00,2.461,0.017,3.6147168,FALSE
14-03-1990 08:00,2.186,0.016,3.0219264,FALSE
15-03-1990 08:00,2.239,0.018,3.4820928,FALSE
16-03-1990 08:00,2.726,0.018,4.2394752,FALSE
17-03-1990 08:00,2.582,0.019,4.2386112,FALSE
19-03-1990 08:00,1.04,0.018,1.617408,FALSE
20-03-1990 08:00,0.824,0.018,1.2814848,FALSE
21-03-1990 08:00,0.843,0.014,1.0196928,FALSE
22-03-1990 08:00,1.146,0.018,1.7822592,FALSE
23-03-1990 08:00,1.1321,0.016,1.56501504,FALSE
24-03-1990 08:00,2.409,0.018,3.7464768,FALSE
26-03-1990 08:00,0.998,0.014,1.2071808,FALSE
27-03-1990 08:00,0.709,0.015,0.918864,FALSE
28-03-1990 08:00,0.497,0.017,0.7299936,FALSE
29-03-1990 08:00,0.44,0.019,0.722304,FALSE
30-03-1990 08:00,0.367,0.021,0.6658848,FALSE
31-03-1990 08:00,0.303,0.019,0.4974048,FALSE
02-04-1990 08:00,0.62,0.015,0.80352,FALSE
03-04-1990 08:00,0.463,0.017,0.6800544,FALSE
04-04-1990 08:00,0.349,0.017,0.5126112,FALSE
05-04-1990 08:00,0.601,0.019,0.9866016,FALSE
06-04-1990 08:00,0.364,0.013,0.4088448,FALSE
09-04-1990 08:00,0.697,0.015,0.903312,FALSE
10-04-1990 08:00,0.609,0.016,0.8418816,FALSE
11-04-1990 08:00,0.488,0.016,0.6746112,FALSE
12-04-1990 08:00,0.358,0.009,0.2783808,FALSE
16-04-1990 08:00,0.344,0.008,0.2377728,FALSE
17-04-1990 08:00,0.312,0.009,0.2426112,FALSE
18-04-1990 08:00,0.461,0.013,0.5177952,FALSE
19-04-1990 08:00,0.4896,0.018,0.76142592,FALSE
20-04-1990 08:00,1.675,0.025,3.618,FALSE
21-04-1990 08:00,1.031,0.016,1.4252544,FALSE
23-04-1990 08:00,0.463,0.007,0.2800224,FALSE
24-04-1990 08:00,0.46,0.008,0.317952,FALSE
25-04-1990 08:00,0.357,0.009,0.2776032,FALSE
26-04-1990 08:00,0.25,0.009,0.1944,FALSE
28-04-1990 08:00,0.138,0.009,0.1073088,FALSE
30-04-1990 08:00,0.486,0.009,0.3779136,FALSE
02-05-1990 08:00,2.385,0.018,3.709152,FALSE
04-05-1990 08:00,1.226,0.023,2.4363072,FALSE
05-05-1990 08:00,0.708,0.024,1.4681088,FALSE
07-05-1990 08:00,0.63,0.009,0.489888,FALSE
08-05-1990 08:00,2.092,0.008,1.4459904,FALSE
18-05-1990 08:00,15.22,0.047,61.805376,FALSE
19-05-1990 08:00,10.89,0.036,33.872256,FALSE
21-05-1990 08:00,38,0.045,147.744,FALSE
22-05-1990 08:00,17.82,0.02,30.79296,FALSE
23-05-1990 08:00,14.43,0.016,19.948032,FALSE
24-05-1990 08:00,14.91,0.017,21.899808,FALSE
25-05-1990 08:00,14.15,0.014,17.11584,FALSE
28-05-1990 08:00,17.61,0.015,22.82256,FALSE
01-06-1990 08:00,46.05,0.047,186.99984,FALSE
02-06-1990 08:00,34.25,0.019,56.2248,FALSE
04-06-1990 08:00,29.66,0.02,51.25248,FALSE
05-06-1990 08:00,29.45,0.018,45.80064,FALSE
06-06-1990 08:00,34.37,0.032,95.026176,FALSE
07-06-1990 08:00,28,0.009,21.7728,FALSE
08-06-1990 08:00,37.64,0.039,126.831744,FALSE
09-06-1990 08:00,36.27,0.012,37.604736,FALSE
11-06-1990 08:00,30.17,0.011,28.673568,FALSE
13-06-1990 08:00,34.77,0.024,72.099072,FALSE
15-06-1990 08:00,121,0.0273,285.40512,FALSE
16-06-1990 08:00,127.2,0.0303,332.999424,FALSE
18-06-1990 08:00,52.72,0.0194,88.3671552,FALSE
19-06-1990 08:00,49.25,0.0184,78.29568,FALSE
20-06-1990 08:00,76.93,0.0234,155.5339968,FALSE
21-06-1990 08:00,120.4,0.0294,305.835264,FALSE
22-06-1990 08:00,143.6,0.0334,414.395136,FALSE
23-06-1990 08:00,92.56,0.0254,203.1284736,FALSE
25-06-1990 08:00,51.67,0.0193,86.1607584,FALSE
26-06-1990 08:00,52.18,0.0192,86.5603584,FALSE
27-06-1990 08:00,69.28,0.0212,126.8987904,FALSE
29-06-1990 08:00,59.33,0.0164,84.0682368,FALSE
30-06-1990 08:00,46.11,0.0134,53.3843136,FALSE
02-07-1990 08:00,39.92,0.0144,49.6668672,FALSE
03-07-1990 08:00,117.2,0.1067,1080.452736,FALSE
05-07-1990 08:00,110.5,0.0263,251.09136,FALSE
06-07-1990 08:00,111.2,0.0303,291.112704,FALSE
07-07-1990 08:00,135.2,0.0354,413.517312,FALSE
09-07-1990 08:00,133,0.0312,358.52544,FALSE
10-07-1990 08:00,103.9,0.0253,227.117088,FALSE
11-07-1990 08:00,117,0.0343,346.73184,FALSE
12-07-1990 08:00,131.8,0.0284,323.405568,FALSE
13-07-1990 08:00,106.8,0.0204,188.241408,FALSE
14-07-1990 08:00,79.33,0.0163,111.7220256,FALSE
16-07-1990 08:00,66.05,0.0193,110.139696,FALSE
17-07-1990 08:00,55.69,0.0202,97.1946432,FALSE
18-07-1990 08:00,54.86,0.015,71.09856,FALSE
19-07-1990 08:00,43.32,0.009,33.685632,FALSE
20-07-1990 08:00,43.03,0.0094,34.9472448,FALSE
21-07-1990 08:00,38.38,0.01,33.16032,FALSE
23-07-1990 08:00,37.86,0.013,42.524352,FALSE
24-07-1990 08:00,38.03,0.011,36.143712,FALSE
25-07-1990 08:00,31.46,0.0094,25.5505536,FALSE
26-07-1990 08:00,31.66,0.011,30.089664,FALSE
27-07-1990 08:00,28.89,0.0053,13.2293088,FALSE
28-07-1990 08:00,25.97,0.007,15.706656,FALSE
30-07-1990 08:00,21.96,0.0063,11.9532672,FALSE
31-07-1990 08:00,28.09,0.009,21.842784,FALSE
01-08-1990 08:00,54.87,0.036,170.667648,FALSE
03-08-1990 08:00,106.4,0.0302,277.627392,FALSE
04-08-1990 08:00,83.75,0.017,123.012,FALSE
06-08-1990 08:00,53.02,0.01,45.80928,FALSE
07-08-1990 08:00,59.26,0.028,143.361792,FALSE
08-08-1990 08:00,50.29,0.013,56.485728,FALSE
09-08-1990 08:00,53.43,0.014,64.628928,FALSE
10-08-1990 08:00,76.87,0.056,371.927808,FALSE
11-08-1990 08:00,108.4,0.0374,350.279424,FALSE
13-08-1990 08:00,68.17,0.013,76.568544,FALSE
14-08-1990 08:00,63.95,0.013,71.82864,FALSE
16-08-1990 08:00,69.84,0.024,144.820224,FALSE
17-08-1990 08:00,59.57,0.017,87.496416,FALSE
18-08-1990 08:00,44.92,0.012,46.573056,FALSE
20-08-1990 08:00,32.77,0.014,39.638592,FALSE
21-08-1990 08:00,28.06,0.009,21.819456,FALSE
22-08-1990 08:00,25.89,0.012,26.842752,FALSE
23-08-1990 08:00,24.15,0.009,18.77904,FALSE
24-08-1990 08:00,20.96,0.007,12.676608,FALSE
25-08-1990 08:00,19.84,0.005,8.57088,FALSE
27-08-1990 08:00,15,0.005,6.48,FALSE
28-08-1990 08:00,15.01,0.003,3.890592,FALSE
29-08-1990 08:00,13.74,0.006,7.122816,FALSE
30-08-1990 08:00,11.29,0.006,5.852736,FALSE
31-08-1990 08:00,9.83,0.01,8.49312,FALSE
01-09-1990 08:00,9.306,0.008,6.4323072,FALSE
04-09-1990 08:00,7.478,0.008,5.1687936,FALSE
05-09-1990 08:00,13.05,0.0082,9.245664,FALSE
06-09-1990 08:00,11.53,0.009,8.965728,FALSE
07-09-1990 08:00,9.083,0.01,7.847712,FALSE
08-09-1990 08:00,9.064,0.011,8.6144256,FALSE
10-09-1990 08:00,8.164,0.012,8.4644352,FALSE
11-09-1990 08:00,6.92,0.011,6.576768,FALSE
12-09-1990 08:00,5.85,0.011,5.55984,FALSE
13-09-1990 08:00,5.768,0.009,4.4851968,FALSE
14-09-1990 08:00,5.268,0.006,2.7309312,FALSE
15-09-1990 08:00,4.416,0.005,1.907712,FALSE
17-09-1990 08:00,3.838,0.005,1.658016,FALSE
18-09-1990 08:00,3.711,0.006,1.9237824,FALSE
19-09-1990 08:00,3.339,0.007,2.0194272,FALSE
20-09-1990 08:00,2.649,0.007,1.6021152,FALSE
21-09-1990 08:00,8.173,0.017,12.0045024,FALSE
22-09-1990 08:00,10.7,0.017,15.71616,FALSE
24-09-1990 08:00,8.081,0.011,7.6801824,FALSE
25-09-1990 08:00,6.366,0.007,3.8501568,FALSE
26-09-1990 08:00,11.1,0.038,36.44352,FALSE
27-09-1990 08:00,8.317,0.012,8.6230656,FALSE
01-10-1990 08:00,4.163,0.009,3.2371488,FALSE
03-10-1990 08:00,6.532,0.026,14.6734848,FALSE
04-10-1990 08:00,4.759,0.008,3.2894208,FALSE
05-10-1990 08:00,3.691,0.007,2.2323168,FALSE
06-10-1990 08:00,3.203,0.007,1.9371744,FALSE
08-10-1990 08:00,2.941,0.006,1.5246144,FALSE
09-10-1990 08:00,2.64,0.009,2.052864,FALSE
10-10-1990 08:00,2.386,0.006,1.2369024,FALSE
11-10-1990 08:00,2.832,0.004,0.9787392,FALSE
12-10-1990 08:00,5.576,0.012,5.7811968,FALSE
13-10-1990 08:00,5.962,0.01,5.151168,FALSE
15-10-1990 08:00,9.383,0.008,6.4855296,FALSE
16-10-1990 08:00,17.56,0.051,77.376384,FALSE
18-10-1990 08:00,12.69,0.031,33.988896,FALSE
19-10-1990 08:00,86.97,0.393,2953.083744,FALSE
20-10-1990 08:00,34,0.041,120.4416,FALSE
22-10-1990 08:00,97.39,0.084,706.817664,FALSE
23-10-1990 08:00,195.5,0.33625,5679.666,FALSE
24-10-1990 08:00,99.93,0.041,353.992032,FALSE
25-10-1990 08:00,74,0.025,159.84,FALSE
26-10-1990 08:00,64.29,0.031,172.194336,FALSE
27-10-1990 08:00,50.16,0.021,91.010304,FALSE
29-10-1990 08:00,119.2,0.058,597.33504,FALSE
30-10-1990 08:00,79.31,0.025,171.3096,FALSE
31-10-1990 08:00,82.07,0.038,269.452224,FALSE
01-11-1990 08:00,143,0.129,1593.8208,FALSE
03-11-1990 08:00,219.6,0.06,1138.4064,FALSE
04-11-1990 08:00,304.5,0.138,3630.6144,FALSE
05-11-1990 08:00,269.6,0.04,931.7376,FALSE
06-11-1990 08:00,144.3,0.023,286.75296,FALSE
07-11-1990 08:00,109.5,0.02262,214.003296,FALSE
08-11-1990 08:00,72.94,0.02,126.04032,FALSE
09-11-1990 08:00,53.88,0.019,88.449408,FALSE
10-11-1990 08:00,45.25,0.015,58.644,FALSE
12-11-1990 08:00,43.56,0.019,71.508096,FALSE
13-11-1990 08:00,34.67,0.015,44.93232,FALSE
14-11-1990 08:00,50.97,0.041,180.556128,FALSE
15-11-1990 08:00,63.74,0.035,192.74976,FALSE
16-11-1990 08:00,39.86,0.015,51.65856,FALSE
17-11-1990 08:00,32.1,0.015,41.6016,FALSE
19-11-1990 08:00,56.72,0.041,200.924928,FALSE
20-11-1990 08:00,33.84,0.022,64.323072,FALSE
21-11-1990 08:00,30.62,0.026,68.784768,FALSE
22-11-1990 08:00,26.32,0.014,31.836672,FALSE
23-11-1990 08:00,23.79,0.012,24.665472,FALSE
24-11-1990 08:00,37.55,0.1108,359.470656,FALSE
26-11-1990 08:00,29.76,0.0442,113.6498688,FALSE
27-11-1990 08:00,29.09,0.025,62.8344,FALSE
28-11-1990 08:00,36.86,0.022,70.063488,FALSE
29-11-1990 08:00,26.43,0.012,27.402624,FALSE
30-11-1990 08:00,22.05,0.01,19.0512,FALSE
01-12-1990 08:00,19.41,0.0135,22.639824,FALSE
03-12-1990 08:00,15.31,0.0096,12.6987264,FALSE
04-12-1990 08:00,15.7,0.0088,11.937024,FALSE
05-12-1990 08:00,16.05,0.0095,13.17384,FALSE
06-12-1990 08:00,15.13,0.0076,9.9349632,FALSE
07-12-1990 08:00,13,0.004,4.4928,FALSE
08-12-1990 08:00,11.91,0.005,5.14512,FALSE
11-12-1990 08:00,8.376,0.004,2.8947456,FALSE
13-12-1990 08:00,7.747,0.005,3.346704,FALSE
14-12-1990 08:00,6.596,0.006,3.4193664,FALSE
15-12-1990 08:00,6.369,0.009,4.9525344,FALSE
17-12-1990 08:00,5.629,0.007,3.4044192,FALSE
18-12-1990 08:00,5.819,0.009,4.5248544,FALSE
19-12-1990 08:00,5.639,0.009,4.3848864,FALSE
20-12-1990 08:00,5.201,0.004,1.7974656,FALSE
21-12-1990 08:00,4.283,0.003,1.1101536,FALSE
22-12-1990 08:00,4.417,0.003,1.1448864,FALSE
24-12-1990 08:00,4.361,0.009,3.3911136,FALSE
26-12-1990 08:00,3.965,0.006,2.055456,FALSE
27-12-1990 08:00,3.533,0.011,3.3577632,FALSE
28-12-1990 08:00,3.527,0.014,4.2662592,FALSE
29-12-1990 08:00,3.287,0.008,2.2719744,FALSE
31-12-1990 08:00,3.092,0.011,2.9386368,FALSE
01-01-1991 08:00,7.058,0.013,7.9275456,FALSE
02-01-1991 08:00,12.84,0.016,17.750016,FALSE
03-01-1991 08:00,8.997,0.012,9.3280896,FALSE
04-01-1991 08:00,7.607,0.013,8.5441824,FALSE
05-01-1991 08:00,12.94,0.03,33.54048,FALSE
07-01-1991 08:00,11.56,0.023,22.972032,FALSE
08-01-1991 08:00,7.284,0.018,11.3280768,FALSE
11-01-1991 08:00,4.7,0.012,4.87296,FALSE
12-01-1991 08:00,4.287,0.008,2.9631744,FALSE
14-01-1991 08:00,4.028,0.013,4.5242496,FALSE
15-01-1991 08:00,3.331,0.01,2.877984,FALSE
16-01-1991 08:00,2.841,0.011,2.7000864,FALSE
17-01-1991 08:00,2.659,0.005,1.148688,FALSE
18-01-1991 08:00,2.641,0.004,0.9127296,FALSE
19-01-1991 08:00,3.086,0.005,1.333152,FALSE
21-01-1991 08:00,2.843,0.005,1.228176,FALSE
22-01-1991 08:00,2.324,0.005,1.003968,FALSE
23-01-1991 08:00,2.217,0.01,1.915488,FALSE
24-01-1991 08:00,1.759,0.009,1.3677984,FALSE
25-01-1991 08:00,1.598,0.008,1.1045376,FALSE
28-01-1991 08:00,1.005,0.009,0.781488,FALSE
29-01-1991 08:00,1.036,0.011,0.9846144,FALSE
30-01-1991 08:00,0.914,0.009,0.7107264,FALSE
31-01-1991 08:00,0.864,0.009,0.6718464,FALSE
01-02-1991 08:00,1.281,0.01,1.106784,FALSE
02-02-1991 08:00,1.57,0.009,1.220832,FALSE
04-02-1991 08:00,1.387,0.012,1.4380416,FALSE
05-02-1991 08:00,2.084,0.008,1.4404608,FALSE
06-02-1991 08:00,1.977,0.007,1.1956896,FALSE
07-02-1991 08:00,1.503,0.009,1.1687328,FALSE
08-02-1991 08:00,1.602,0.009,1.2457152,FALSE
09-02-1991 08:00,1.282,0.007,0.7753536,FALSE
11-02-1991 08:00,1.071,0.013,1.2029472,FALSE
13-02-1991 08:00,0.841,0.013,0.9446112,FALSE
14-02-1991 08:00,0.99,0.011,0.940896,FALSE
15-02-1991 08:00,0.813,0.013,0.9131616,FALSE
16-02-1991 08:00,0.789,0.01,0.681696,FALSE
18-02-1991 08:00,0.813,0.013,0.9131616,FALSE
19-02-1991 08:00,0.748,0.009,0.5816448,FALSE
20-02-1991 08:00,0.787,0.012,0.8159616,FALSE
21-02-1991 08:00,0.762,0.012,0.7900416,FALSE
22-02-1991 08:00,0.634,0.011,0.6025536,FALSE
23-02-1991 08:00,0.608,0.009,0.4727808,FALSE
25-02-1991 08:00,0.418,0.011,0.3972672,FALSE
26-02-1991 08:00,0.336,0,0,TRUE
27-02-1991 08:00,0.339,0,0,TRUE
28-02-1991 08:00,0.762,0.017,1.1192256,FALSE
01-03-1991 08:00,0.946,0.01,0.817344,FALSE
02-03-1991 08:00,1.228,0.009,0.9548928,FALSE
04-03-1991 08:00,1.001,0.014,1.2108096,FALSE
05-03-1991 08:00,1.082,0.016,1.4957568,FALSE
06-03-1991 08:00,3.16,0.016,4.368384,FALSE
07-03-1991 08:00,1.985,0.015,2.57256,FALSE
08-03-1991 08:00,3.929,0.0139,4.71857184,FALSE
09-03-1991 08:00,2.55,0.02,4.4064,FALSE
11-03-1991 08:00,3.827,0.039,12.8954592,FALSE
12-03-1991 08:00,2.666,0.02,4.606848,FALSE
13-03-1991 08:00,1.629,0.015,2.111184,FALSE
14-03-1991 08:00,1.222,0.008,0.8446464,FALSE
15-03-1991 08:00,0.89,0.012,0.922752,FALSE
16-03-1991 08:00,0.801,0.007,0.4844448,FALSE
18-03-1991 08:00,0.699,0.009,0.5435424,FALSE
19-03-1991 08:00,0.496,0.01,0.428544,FALSE
20-03-1991 08:00,0.445,0.009,0.346032,FALSE
21-03-1991 08:00,0.388,0.013,0.4358016,FALSE
22-03-1991 08:00,0.334,0.012,0.3462912,FALSE
23-03-1991 08:00,0.498,0.011,0.4732992,FALSE
25-03-1991 08:00,0.639,0.011,0.6073056,FALSE
26-03-1991 08:00,1.001,0.018,1.5567552,FALSE
27-03-1991 08:00,0.654,0.011,0.6215616,FALSE
30-03-1991 08:00,0.479,0.013,0.5380128,FALSE
01-04-1991 08:00,1.588,0.023,3.1556736,FALSE
02-04-1991 08:00,2.003,0.02,3.461184,FALSE
03-04-1991 08:00,2.807,0.023,5.5780704,FALSE
04-04-1991 08:00,2.343,0.015,3.036528,FALSE
05-04-1991 08:00,4.241,0.018,6.5956032,FALSE
06-04-1991 08:00,2.929,0.009,2.2775904,FALSE
08-04-1991 08:00,1.447,0.009,1.1251872,FALSE
09-04-1991 08:00,2.164,0.012,2.2436352,FALSE
10-04-1991 08:00,1.995,0.014,2.413152,FALSE
11-04-1991 08:00,2.316,0.01,2.001024,FALSE
12-04-1991 08:00,1.297,0.013,1.4567904,FALSE
13-04-1991 08:00,8.745,0.074,55.912032,FALSE
17-04-1991 08:00,2.606,0.024,5.4038016,FALSE
18-04-1991 08:00,1.892,0.013,2.1250944,FALSE
19-04-1991 08:00,1.269,0.011,1.2060576,FALSE
20-04-1991 08:00,1.061,0.01,0.916704,FALSE
22-04-1991 08:00,1.098,0.011,1.0435392,FALSE
24-04-1991 08:00,4.434,0.039,14.9408064,FALSE
25-04-1991 08:00,3.96,0.028,9.580032,FALSE
26-04-1991 08:00,1.859,0.017,2.7304992,FALSE
27-04-1991 08:00,1.189,0.01,1.027296,FALSE
29-04-1991 08:00,1.122,0.016,1.5510528,FALSE
30-04-1991 08:00,1.013,0.018,1.5754176,FALSE
01-05-1991 08:00,0.833,0.017,1.2235104,FALSE
02-05-1991 08:00,0.859,0.01,0.742176,FALSE
03-05-1991 08:00,0.844,0.011,0.8021376,FALSE
04-05-1991 08:00,0.761,0.013,0.8547552,FALSE
06-05-1991 08:00,1.665,0.026,3.740256,FALSE
08-05-1991 08:00,0.838,0.009,0.6516288,FALSE
09-05-1991 08:00,0.697,0.01,0.602208,FALSE
10-05-1991 08:00,0.491,0.008,0.3393792,FALSE
11-05-1991 08:00,0.454,0.01,0.392256,FALSE
13-05-1991 08:00,3.704,0.013,4.1603328,FALSE
14-05-1991 08:00,2.265,0.007,1.369872,FALSE
15-05-1991 08:00,1.625,0.013,1.8252,FALSE
16-05-1991 08:00,3.588,0.011,3.4100352,FALSE
17-05-1991 08:00,2.765,0.01,2.38896,FALSE
20-05-1991 08:00,2.049,0.011,1.9473696,FALSE
23-05-1991 08:00,3.847,0.013,4.3209504,FALSE
24-05-1991 08:00,2.705,0.013,3.038256,FALSE
25-05-1991 08:00,3.76,0.011,3.573504,FALSE
27-05-1991 08:00,8.159,0.01,7.049376,FALSE
29-05-1991 08:00,3.202,0.008,2.2132224,FALSE
30-05-1991 08:00,3.152,0.011,2.9956608,FALSE
31-05-1991 08:00,3.698,0.012,3.8340864,FALSE
01-06-1994 08:00,50.18,0.0305,132.234336,FALSE
02-06-1994 08:00,45.69,0.0289,114.0861024,FALSE
03-06-1994 08:00,91.26,0.0457,360.3382848,FALSE
04-06-1994 08:00,58.97,0.0337,171.7017696,FALSE
06-06-1994 08:00,69.37,0.0376,225.3581568,FALSE
07-06-1994 08:00,111.5,0.053,510.5808,FALSE
08-06-1994 08:00,73.97,0.0392,250.5275136,FALSE
09-06-1994 08:00,57.05,0.033,162.66096,FALSE
10-06-1994 08:00,55.95,0.0326,157.591008,FALSE
11-06-1994 08:00,69.23,0.0376,224.9033472,FALSE
13-06-1994 08:00,78.14,0.0408,275.4528768,FALSE
14-06-1994 08:00,58.3,0.0334,168.239808,FALSE
15-06-1994 08:00,44.68,0.0286,110.4060672,FALSE
16-06-1994 08:00,87.84,0.0597,453.0857472,FALSE
17-06-1994 08:00,87.68,0.028,212.115456,FALSE
18-06-1994 08:00,79.8,0.0243,167.541696,FALSE
20-06-1994 08:00,43.54,0.0099,37.2423744,FALSE
21-06-1994 08:00,32.81,0.0153,43.3721952,FALSE
22-06-1994 08:00,23.1,0.0152,30.336768,FALSE
23-06-1994 08:00,20.77,0.0102,18.3041856,FALSE
24-06-1994 08:00,17.99,0.0079,12.2792544,FALSE
25-06-1994 08:00,20.19,0.0149,25.9917984,FALSE
27-06-1994 08:00,28.36,0.0099,24.2580096,FALSE
28-06-1994 08:00,25.69,0.0165,36.623664,FALSE
29-06-1994 08:00,51.34,0.0311,137.9526336,FALSE
30-06-1994 08:00,213.4,0.2179,4017.587904,FALSE
01-07-1994 08:00,134.1,0.0361,418.263264,FALSE
02-07-1994 08:00,84.95,0.03,220.1904,FALSE
04-07-1994 08:00,73.67,0.0215,136.849392,FALSE
05-07-1994 08:00,66.37,0.0088,50.4624384,FALSE
06-07-1994 08:00,52.56,0.0173,78.5624832,FALSE
07-07-1994 08:00,53.1,0.0178,81.663552,FALSE
08-07-1994 08:00,55.46,0.0171,81.9388224,FALSE
09-07-1994 08:00,45.91,0.0158,62.6726592,FALSE
11-07-1994 08:00,34.7,0.0161,48.269088,FALSE
12-07-1994 08:00,32.78,0.0161,45.5982912,FALSE
13-07-1994 08:00,37.89,0.0119,38.9569824,FALSE
14-07-1994 08:00,116.6,0.1289,1298.569536,FALSE
15-07-1994 08:00,219.2,0.171,3238.54848,FALSE
16-07-1994 08:00,253.5,0.1077,2358.88848,FALSE
18-07-1994 08:00,273.2,0.0472,1114.131456,FALSE
19-07-1994 08:00,157.4,0.0349,474.617664,FALSE
20-07-1994 08:00,138.2,0.022,262.69056,FALSE
21-07-1994 08:00,161.1,0.0564,785.033856,FALSE
22-07-1994 08:00,123.1,0.0288,306.312192,FALSE
23-07-1994 08:00,97.59,0.0227,191.4013152,FALSE
25-07-1994 08:00,68.33,0.0172,101.5438464,FALSE
26-07-1994 08:00,58.5,0.0159,80.36496,FALSE
27-07-1994 08:00,57.63,0.0384,191.2025088,FALSE
28-07-1994 08:00,119.2,0.0463,476.838144,FALSE
29-07-1994 08:00,155.9,0.0744,1002.150144,FALSE
30-07-1994 08:00,200.9,0.051,885.24576,FALSE
02-08-1994 08:00,500.3,0.1018,4400.398656,FALSE
05-08-1994 08:00,346.2,0.0324,969.138432,FALSE
06-08-1994 08:00,198.4,0.0349,598.247424,FALSE
08-08-1994 08:00,122.4,0.0363,383.885568,FALSE
09-08-1994 08:00,93.53,0.03,242.42976,FALSE
10-08-1994 08:00,77.85,0.0222,149.322528,FALSE
11-08-1994 08:00,71.78,0.0158,97.9883136,FALSE
12-08-1994 08:00,70.69,0.0179,109.3263264,FALSE
13-08-1994 08:00,60.91,0.0102,53.6787648,FALSE
16-08-1994 08:00,44.75,0.0098,37.89072,FALSE
17-08-1994 08:00,41.35,0.0069,24.651216,FALSE
18-08-1994 08:00,51.65,0.0136,60.690816,FALSE
20-08-1994 08:00,41.29,0.0087,31.0368672,FALSE
22-08-1994 08:00,39.37,0.0096,32.6550528,FALSE
23-08-1994 08:00,20.01,0.0037,6.3967968,FALSE
24-08-1994 08:00,17.93,0.0032,4.9572864,FALSE
25-08-1994 08:00,17.79,0.0026,3.9963456,FALSE
26-08-1994 08:00,37.95,0.0294,96.399072,FALSE
27-08-1994 08:00,26.9,0.0277,64.379232,FALSE
29-08-1994 08:00,32.28,0.0116,32.3523072,FALSE
30-08-1994 08:00,26.21,0.0146,33.0623424,FALSE
31-08-1994 08:00,34.5,0.0282,84.05856,FALSE
01-09-1994 08:00,116.5,0.2031,2044.32336,FALSE
02-09-1994 08:00,122,0.1057,1114.16256,FALSE
03-09-1994 08:00,113.3,0.0372,364.155264,FALSE
05-09-1994 08:00,72.72,0.0271,170.2695168,FALSE
06-09-1994 08:00,63.15,0.0211,115.124976,FALSE
07-09-1994 08:00,137.6,0.1126,1338.660864,FALSE
08-09-1994 08:00,111,0.0385,369.2304,FALSE
09-09-1994 08:00,64.26,0.0374,207.6471936,FALSE
10-09-1994 08:00,51.58,0.0122,54.3694464,FALSE
12-09-1994 08:00,39.1,0.0083,28.039392,FALSE
13-09-1994 08:00,31.01,0.0064,17.1472896,FALSE
14-09-1994 08:00,27.11,0.0063,14.7565152,FALSE
15-09-1994 08:00,24.13,0.0062,12.9259584,FALSE
17-09-1994 08:00,20.06,0.006,10.399104,FALSE
19-09-1994 08:00,17.67,0.0062,9.4654656,FALSE
20-09-1994 08:00,15,0.0055,7.128,FALSE
21-09-1994 08:00,13.13,0.0044,4.9915008,FALSE
22-09-1994 08:00,11.62,0.0065,6.525792,FALSE
23-09-1994 08:00,11.64,0.0079,7.9449984,FALSE
24-09-1994 08:00,23.74,0.049,100.505664,FALSE
26-09-1994 08:00,40.04,0.0282,97.5566592,FALSE
27-09-1994 08:00,31.38,0.0273,74.0166336,FALSE
28-09-1994 08:00,37.07,0.0285,91.281168,FALSE
29-09-1994 08:00,37.49,0.0674,218.3177664,FALSE
30-09-1994 08:00,29.91,0.0133,34.3701792,FALSE
01-10-1994 08:00,50.15,0.0847,367.001712,FALSE
03-10-1994 08:00,53.83,0.0168,78.1353216,FALSE
04-10-1994 08:00,59.34,0.0228,116.8950528,FALSE
05-10-1994 08:00,117.3,0.078,790.50816,FALSE
06-10-1994 08:00,211,0.0923,1682.66592,FALSE
07-10-1994 08:00,142.7,0.041,505.50048,FALSE
08-10-1994 08:00,97.48,0.0295,248.457024,FALSE
10-10-1994 08:00,112.3,0.1002,972.212544,FALSE
11-10-1994 08:00,178.2,0.2525,3887.6112,FALSE
12-10-1994 08:00,128.1,0.1084,1199.753856,FALSE
15-10-1994 08:00,88.84,0.2426,1862.143258,FALSE
17-10-1994 08:00,106.8,0.0738,680.990976,FALSE
18-10-1994 08:00,100.5,0.0789,685.10448,FALSE
19-10-1994 08:00,93.64,0.0432,349.5094272,FALSE
20-10-1994 08:00,110.1,0.0676,643.054464,FALSE
21-10-1994 08:00,61.32,0.0211,111.7888128,FALSE
22-10-1994 08:00,51.84,0.0221,98.9853696,FALSE
24-10-1994 08:00,84.54,0.0525,383.47344,FALSE
25-10-1994 08:00,59.1,0.0205,104.67792,FALSE
26-10-1994 08:00,95.01,0.0721,591.8590944,FALSE
27-10-1994 08:00,151.5,0.1563,2045.90448,FALSE
28-10-1994 08:00,131.9,0.0813,926.507808,FALSE
29-10-1994 08:00,169,0.0638,931.58208,FALSE
31-10-1994 08:00,194.7,0.1143,1922.763744,FALSE
01-11-1994 08:00,179.9,0.0726,1128.447936,FALSE
03-11-1994 08:00,134.5,0.051,592.6608,FALSE
04-11-1994 08:00,128.8,0.0887,987.081984,FALSE
05-11-1994 08:00,148.3,0.146,1870.71552,FALSE
07-11-1994 08:00,82.45,0.0268,190.914624,FALSE
08-11-1994 08:00,64.83,0.0225,126.02952,FALSE
09-11-1994 08:00,53.14,0.0211,96.8763456,FALSE
10-11-1994 08:00,41.39,0.0181,64.7273376,FALSE
11-11-1994 08:00,37.02,0.025,79.9632,FALSE
12-11-1994 08:00,32.05,0.0185,51.22872,FALSE
14-11-1994 08:00,31.35,0.0113,30.607632,FALSE
15-11-1994 08:00,27.57,0.01,23.82048,FALSE
16-11-1994 08:00,23.76,0.0064,13.1383296,FALSE
17-11-1994 08:00,21.94,0.0059,11.1841344,FALSE
19-11-1994 08:00,16.96,0.0085,12.455424,FALSE
21-11-1994 08:00,15.14,0.0066,8.6334336,FALSE
22-11-1994 08:00,13.7,0.0078,9.232704,FALSE
23-11-1994 08:00,13.29,0.0091,10.4491296,FALSE
24-11-1994 08:00,12.3,0.0106,11.264832,FALSE
25-11-1994 08:00,11.93,0.0087,8.9675424,FALSE
26-11-1994 08:00,19.07,0.0137,22.5727776,FALSE
28-11-1994 08:00,18.01,0.0152,23.6521728,FALSE
29-11-1994 08:00,13.77,0.0204,24.2704512,FALSE
30-11-1994 08:00,12.43,0.0059,6.3363168,FALSE
01-12-1994 08:00,24.62,0.0289,61.4751552,FALSE
02-12-1994 08:00,23.18,0.036,72.099072,FALSE
03-12-1994 08:00,13.38,0.0069,7.9766208,FALSE
05-12-1994 08:00,9.157,0.0055,4.3514064,FALSE
06-12-1994 08:00,8.608,0.0069,5.13174528,FALSE
07-12-1994 08:00,7.923,0.0057,3.90191904,FALSE
08-12-1994 08:00,7.372,0.0066,4.20380928,FALSE
09-12-1994 08:00,6.942,0.004,2.3991552,FALSE
10-12-1994 08:00,6.585,0.0042,2.3895648,FALSE
12-12-1994 08:00,5.88,0.008,4.064256,FALSE
13-12-1994 08:00,5.375,0.0077,3.57588,FALSE
14-12-1994 08:00,5.177,0.007,3.1310496,FALSE
15-12-1994 08:00,4.987,0.005,2.154384,FALSE
16-12-1994 08:00,4.647,0.0063,2.52945504,FALSE
17-12-1994 08:00,4.027,0.0079,2.74866912,FALSE
19-12-1994 08:00,3.995,0.0065,2.243592,FALSE
20-12-1994 08:00,4.117,0.0054,1.92082752,FALSE
21-12-1994 08:00,3.827,0.008,2.6452224,FALSE
22-12-1994 08:00,3.404,0.0044,1.29406464,FALSE
23-12-1994 08:00,3.219,0.0112,3.11496192,FALSE
24-12-1994 08:00,2.946,0.0055,1.3999392,FALSE
26-12-1994 08:00,2.45,0.0061,1.291248,FALSE
28-12-1994 08:00,2.311,0.0089,1.77706656,FALSE
29-12-1994 08:00,2.303,0.0052,1.03469184,FALSE
30-12-1994 08:00,2.231,0.0098,1.88903232,FALSE
31-12-1994 08:00,1.881,0.0054,0.87759936,FALSE
02-01-1995 08:00,2.01,0.0127,2.2055328,FALSE
03-01-1995 08:00,1.941,0.0127,2.12982048,FALSE
04-01-1995 08:00,1.878,0.0127,2.06069184,FALSE
05-01-1995 08:00,1.61,0.0126,1.7527104,FALSE
06-01-1995 08:00,1.879,0.0127,2.06178912,FALSE
07-01-1995 08:00,1.65,0.0126,1.796256,FALSE
09-01-1995 08:00,1.557,0.0126,1.69501248,FALSE
10-01-1995 08:00,2.61,0.0129,2.9090016,FALSE
11-01-1995 08:00,4.466,0.0104,4.01296896,FALSE
12-01-1995 08:00,10.83,0.0579,54.1777248,FALSE
13-01-1995 08:00,4.685,0.0232,9.3909888,FALSE
14-01-1995 08:00,3.388,0.0116,3.39558912,FALSE
16-01-1995 08:00,3.143,0.0132,3.58452864,FALSE
17-01-1995 08:00,2.454,0.0092,1.95063552,FALSE
18-01-1995 08:00,2.67,0.0136,3.1373568,FALSE
19-01-1995 08:00,2.558,0.0083,1.83439296,FALSE
20-01-1995 08:00,1.97,0.0117,1.9914336,FALSE
21-01-1995 08:00,2.153,0.0081,1.50675552,FALSE
23-01-1995 08:00,2.371,0.0107,2.19194208,FALSE
24-01-1995 08:00,1.992,0.0077,1.32523776,FALSE
25-01-1995 08:00,1.821,0.0099,1.55761056,FALSE
27-01-1995 08:00,1.494,0.011,1.4198976,FALSE
28-01-1995 08:00,1.38,0.0106,1.2638592,FALSE
30-01-1995 08:00,1.369,0.0167,1.97530272,FALSE
31-01-1995 08:00,1.46,0.0158,1.9930752,FALSE
01-02-1995 08:00,1.453,0.0122,1.53157824,FALSE
02-02-1995 08:00,1.308,0.0126,1.42394112,FALSE
03-02-1995 08:00,1.757,0.0115,1.7457552,FALSE
04-02-1995 08:00,1.869,0.0112,1.80859392,FALSE
06-02-1995 08:00,1.576,0.0122,1.66123008,FALSE
07-02-1995 08:00,1.58,0.0138,1.8838656,FALSE
08-02-1995 08:00,1.532,0.0129,1.70750592,FALSE
09-02-1995 08:00,1.322,0.018,2.0559744,FALSE
10-02-1995 08:00,1.223,0.0093,0.98270496,FALSE
11-02-1995 08:00,1.143,0.0088,0.86904576,FALSE
13-02-1995 08:00,1.231,0.0155,1.6485552,FALSE
14-02-1995 08:00,1.157,0.0118,1.17958464,FALSE
15-02-1995 08:00,1.137,0.0161,1.58161248,FALSE
16-02-1995 08:00,1.165,0.0129,1.2984624,FALSE
17-02-1995 08:00,1.858,0.0139,2.23138368,FALSE
18-02-1995 08:00,1.497,0.0132,1.70729856,FALSE
20-02-1995 08:00,2.009,0.0158,2.74252608,FALSE
21-02-1995 08:00,1.824,0.0114,1.79656704,FALSE
22-02-1995 08:00,1.502,0.0143,1.85575104,FALSE
23-02-1995 08:00,1.491,0.0121,1.55875104,FALSE
24-02-1995 08:00,1.283,0.0142,1.57408704,FALSE
25-02-1995 08:00,1.213,0.0119,1.24715808,FALSE
28-02-1995 08:00,2.22,0.0151,2.8963008,FALSE
01-03-1995 08:00,1.986,0.0134,2.29931136,FALSE
02-03-1995 08:00,1.343,0.009,1.0443168,FALSE
04-03-1995 08:00,1.475,0.0104,1.325376,FALSE
06-03-1995 08:00,0.98,0.0162,1.3716864,FALSE
07-03-1995 08:00,0.819,0.0215,1.5213744,FALSE
08-03-1995 08:00,0.782,0.0076,0.51349248,FALSE
09-03-1995 08:00,0.703,0.0123,0.74709216,FALSE
10-03-1995 08:00,0.668,0.0123,0.70989696,FALSE
11-03-1995 08:00,7.034,0.021,12.7624896,FALSE
13-03-1995 08:00,8.64,0.0132,9.8537472,FALSE
14-03-1995 08:00,5.099,0.0196,8.63485056,FALSE
15-03-1995 08:00,3.003,0.0149,3.86594208,FALSE
16-03-1995 08:00,2.444,0.0095,2.0060352,FALSE
17-03-1995 08:00,2.002,0.0091,1.57405248,FALSE
18-03-1995 08:00,1.425,0.0076,0.935712,FALSE
20-03-1995 08:00,1.198,0.0117,1.21103424,FALSE
21-03-1995 08:00,1.157,0.0093,0.92967264,FALSE
22-03-1995 08:00,0.833,0.0123,0.88524576,FALSE
23-03-1995 08:00,0.866,0.0123,0.92031552,FALSE
24-03-1995 08:00,1.054,0.013,1.1838528,FALSE
25-03-1995 08:00,1.012,0.0122,1.06672896,FALSE
27-03-1995 08:00,0.895,0.0124,0.9588672,FALSE
28-03-1995 08:00,0.761,0.0123,0.80872992,FALSE
29-03-1995 08:00,3.33,0.0062,1.7838144,FALSE
30-03-1995 08:00,1.966,0.0188,3.19341312,FALSE
31-03-1995 08:00,1.297,0.0198,2.21880384,FALSE
01-04-1995 08:00,3.276,0.0108,3.05690112,FALSE
03-04-1995 08:00,1.31,0.0189,2.1391776,FALSE
04-04-1995 08:00,0.902,0.0186,1.44955008,FALSE
05-04-1995 08:00,6.738,0.0414,24.10155648,FALSE
06-04-1995 08:00,4.811,0.0238,9.89295552,FALSE
07-04-1995 08:00,8.819,0.0204,15.54401664,FALSE
08-04-1995 08:00,5.088,0.0113,4.96751616,FALSE
10-04-1995 08:00,7.714,0.0171,11.39697216,FALSE
15-04-1995 08:00,5.592,0.0117,5.65284096,FALSE
17-04-1995 08:00,13.22,0.0201,22.9583808,FALSE
18-04-1995 08:00,11.57,0.0235,23.491728,FALSE
19-04-1995 08:00,12.24,0.0165,17.449344,FALSE
20-04-1995 08:00,7.669,0.02,13.252032,FALSE
21-04-1995 08:00,8.983,0.0161,12.49571232,FALSE
22-04-1995 08:00,5.911,0.0132,6.74137728,FALSE
24-04-1995 08:00,3.555,0.0121,3.7165392,FALSE
25-04-1995 08:00,5.994,0.0099,5.12702784,FALSE
26-04-1995 08:00,3.781,0.0092,3.00544128,FALSE
27-04-1995 08:00,6.66,0.012,6.905088,FALSE
28-04-1995 08:00,6.049,0.0136,7.10781696,FALSE
29-04-1995 08:00,7.34,0.0113,7.1661888,FALSE
01-05-1995 08:00,15.9,0.0469,64.429344,FALSE
02-05-1995 08:00,12.13,0.0311,32.5937952,FALSE
03-05-1995 08:00,23.25,0.1257,252.50616,FALSE
04-05-1995 08:00,14.78,0.0205,26.178336,FALSE
05-05-1995 08:00,20.45,0.0151,26.679888,FALSE
06-05-1995 08:00,19.19,0.0296,49.0772736,FALSE
08-05-1995 08:00,54.83,0.0508,240.6554496,FALSE
09-05-1995 08:00,240.7,0.1811,3766.242528,FALSE
10-05-1995 08:00,442.4,0.138,5274.82368,FALSE
11-05-1995 08:00,337.1,0.0806,2347.510464,FALSE
12-05-1995 08:00,224.4,0.0606,1174.922496,FALSE
13-05-1995 08:00,191.9,0.0502,832.324032,FALSE
15-05-1995 08:00,83.29,0.0201,144.6447456,FALSE
16-05-1995 08:00,51.8,0.0398,178.125696,FALSE
17-05-1995 08:00,39.41,0.0191,65.0359584,FALSE
18-05-1995 08:00,30.76,0.0092,24.4505088,FALSE
19-05-1995 08:00,24.7,0.0157,33.505056,FALSE
20-05-1995 08:00,21.34,0.0095,17.515872,FALSE
22-05-1995 08:00,24.5,0.013,27.5184,FALSE
23-05-1995 08:00,20.33,0.0174,30.5633088,FALSE
24-05-1995 08:00,17.39,0.0152,22.8379392,FALSE
25-05-1995 08:00,14.73,0.0117,14.8902624,FALSE
26-05-1995 08:00,23.4,0.0246,49.735296,FALSE
27-05-1995 08:00,16.2,0.0104,14.556672,FALSE
29-05-1995 08:00,29.48,0.0502,127.8630144,FALSE
30-05-1995 08:00,22.27,0.044,84.661632,FALSE
31-05-1995 08:00,19.27,0.0247,41.1237216,FALSE
01-06-1995 08:00,16.73,0.0175,25.29576,FALSE
02-06-1995 08:00,13.41,0.0148,17.1476352,FALSE
03-06-1995 08:00,14.17,0.016,19.588608,FALSE
05-06-1995 08:00,11.92,0.0102,10.5048576,FALSE
06-06-1995 08:00,10.53,0.0085,7.733232,FALSE
07-06-1995 08:00,9.532,0.0153,12.60054144,FALSE
08-06-1995 08:00,11.27,0.0171,16.6507488,FALSE
10-06-1995 08:00,9.536,0.013,10.7108352,FALSE
12-06-1995 08:00,40.84,0.1056,372.6176256,FALSE
13-06-1995 08:00,98.47,0.1681,1430.162525,FALSE
14-06-1995 08:00,99.52,0.0931,800.5229568,FALSE
15-06-1995 08:00,106.3,0.0822,754.951104,FALSE
16-06-1995 08:00,241.3,0.05914,1232.969645,FALSE
17-06-1995 08:00,240.1,0.0573,1188.667872,FALSE
19-06-1995 08:00,120.8,0.0382,398.697984,FALSE
20-06-1995 08:00,79.84,0.0296,204.1860096,FALSE
21-06-1995 08:00,81.42,0.0436,306.7123968,FALSE
22-06-1995 08:00,69.4,0.0322,193.076352,FALSE
23-06-1995 08:00,65.42,0.0336,189.9168768,FALSE
24-06-1995 08:00,50.58,0.0245,107.067744,FALSE
26-06-1995 08:00,40.52,0.0172,60.2159616,FALSE
27-06-1995 08:00,37.02,0.0126,40.3014528,FALSE
28-06-1995 08:00,33.29,0.0155,44.581968,FALSE
29-06-1995 08:00,38.8,0.0211,70.733952,FALSE
30-06-1995 08:00,68.58,0.058,343.668096,FALSE
01-07-1995 08:00,232.9,0.076,1529.31456,FALSE
03-07-1995 08:00,121.2,0.0243,254.461824,FALSE
04-07-1995 08:00,90.03,0.022,171.129024,FALSE
05-07-1995 08:00,71.75,0.0184,114.06528,FALSE
06-07-1995 08:00,69.83,0.0282,170.1393984,FALSE
07-07-1995 08:00,108.7,0.0538,505.272384,FALSE
08-07-1995 08:00,83.5,0.0239,172.42416,FALSE
10-07-1995 08:00,99.21,0.0316,270.8671104,FALSE
11-07-1995 08:00,186.6,0.1031,1662.202944,FALSE
12-07-1995 08:00,202.4,0.0692,1210.125312,FALSE
13-07-1995 08:00,182.1,0.0533,838.592352,FALSE
14-07-1995 08:00,133.2,0.034,391.28832,FALSE
15-07-1995 08:00,141.8,0.0374,458.206848,FALSE
19-07-1995 08:00,95.77,0.033,273.059424,FALSE
20-07-1995 08:00,109.1,0.0423,398.729952,FALSE
21-07-1995 08:00,170.7,0.0371,547.168608,FALSE
22-07-1995 08:00,119.5,0.03862,398.743776,FALSE
24-07-1995 08:00,72.56,0.0262,164.2526208,FALSE
25-07-1995 08:00,72.82,0.0254,159.8078592,FALSE
26-07-1995 08:00,80.95,0.0359,251.087472,FALSE
27-07-1995 08:00,61.21,0.0341,180.3393504,FALSE
28-07-1995 08:00,71.5,0.026,160.6176,FALSE
29-07-1995 08:00,73.11,0.0303,191.3961312,FALSE
31-07-1995 08:00,375.5,0.0555,1800.5976,FALSE
01-08-1995 08:00,289.6,0.0481,1203.531264,FALSE
03-08-1995 08:00,116.3,0.051,512.46432,FALSE
04-08-1995 08:00,89.56,0.0455,352.078272,FALSE
05-08-1995 08:00,105,0.0396,359.2512,FALSE
07-08-1995 08:00,202.3,0.063,1101.15936,FALSE
08-08-1995 08:00,164.4,0.0259,367.887744,FALSE
10-08-1995 08:00,96.28,0.0326,271.1860992,FALSE
11-08-1995 08:00,84.88,0.0245,179.673984,FALSE
12-08-1995 08:00,67.02,0.0156,90.3322368,FALSE
14-08-1995 08:00,50.14,0.0206,89.2411776,FALSE
16-08-1995 08:00,39.22,0.0145,49.134816,FALSE
17-08-1995 08:00,39.54,0.0347,118.5440832,FALSE
19-08-1995 08:00,38.65,0.0267,89.160912,FALSE
21-08-1995 08:00,40.39,0.0188,65.6062848,FALSE
22-08-1995 08:00,117.3,0.0469,475.318368,FALSE
23-08-1995 08:00,130.8,0.0489,552.624768,FALSE
24-08-1995 08:00,130.7,0.0457,516.066336,FALSE
25-08-1995 08:00,98.72,0.0266,226.8822528,FALSE
26-08-1995 08:00,139.6,0.0478,576.536832,FALSE
28-08-1995 08:00,322.6,0.1068,2976.797952,FALSE
29-08-1995 08:00,301,0.0724,1882.86336,FALSE
30-08-1995 08:00,253.7,0.0491,1076.256288,FALSE
31-08-1995 08:00,244.7,0.0486,1027.505088,FALSE
01-09-1995 08:00,245.1,0.0485,1027.06704,FALSE
02-09-1995 08:00,233.3,0.0456,919.164672,FALSE
04-09-1995 08:00,211.6,0.035,639.8784,FALSE
08-09-1995 08:00,134.6,0.0346,402.378624,FALSE
11-09-1995 08:00,69.26,0.0156,93.3513984,FALSE
12-09-1995 08:00,57.95,0.0325,162.7236,FALSE
13-09-1995 08:00,46.22,0.0252,100.6338816,FALSE
14-09-1995 08:00,39.45,0.0228,77.713344,FALSE
15-09-1995 08:00,32.72,0.0179,50.6034432,FALSE
18-09-1995 08:00,128.6,0.0717,796.661568,FALSE
19-09-1995 08:00,98.15,0.0499,423.159984,FALSE
20-09-1995 08:00,73.71,0.0308,196.1511552,FALSE
21-09-1995 08:00,94.32,0.0417,339.8236416,FALSE
22-09-1995 08:00,130.9,0.0804,909.304704,FALSE
25-09-1995 08:00,57.27,0.0264,130.6305792,FALSE
26-09-1995 08:00,45.1,0.0244,95.078016,FALSE
27-09-1995 08:00,38.54,0.0234,77.9186304,FALSE
28-09-1995 08:00,33.37,0.0164,47.2839552,FALSE
29-09-1995 08:00,28.5,0.0137,33.73488,FALSE
30-09-1995 08:00,25.64,0.0131,29.0203776,FALSE
04-10-1995 08:00,43.99,0.0562,213.6013632,FALSE
05-10-1995 08:00,25.35,0.0429,93.961296,FALSE
06-10-1995 08:00,34.06,0.0343,100.9374912,FALSE
07-10-1995 08:00,42.8,0.038,140.52096,FALSE
09-10-1995 08:00,66.05,0.0632,360.664704,FALSE
10-10-1995 08:00,37.15,0.0394,126.464544,FALSE
11-10-1995 08:00,34.05,0.0293,86.198256,FALSE
12-10-1995 08:00,39.39,0.0397,135.1108512,FALSE
13-10-1995 08:00,40.01,0.0432,149.3365248,FALSE
16-10-1995 08:00,24.18,0.0168,35.0977536,FALSE
17-10-1995 08:00,19.74,0.0123,20.9780928,FALSE
18-10-1995 08:00,30.06,0.0156,40.5160704,FALSE
19-10-1995 08:00,27.37,0.0189,44.6941152,FALSE
20-10-1995 08:00,21.53,0.0188,34.9716096,FALSE
21-10-1995 08:00,26.31,0.0196,44.5544064,FALSE
24-10-1995 08:00,37.73,0.0331,107.9017632,FALSE
25-10-1995 08:00,38.09,0.0431,141.8410656,FALSE
26-10-1995 08:00,48.69,0.0576,242.3126016,FALSE
27-10-1995 08:00,35.49,0.0353,108.2416608,FALSE
28-10-1995 08:00,30.51,0.0366,96.4799424,FALSE
31-10-1995 08:00,44.03,0.0571,217.2193632,FALSE
02-11-1995 08:00,95.13,0.054,443.838528,FALSE
03-11-1995 08:00,132.3,0.074,845.87328,FALSE
04-11-1995 08:00,133.5,0.072,830.4768,FALSE
06-11-1995 08:00,129.3,0.0559,624.487968,FALSE
08-11-1995 08:00,123.2,0.0565,601.41312,FALSE
09-11-1995 08:00,86.61,0.0371,277.6231584,FALSE
10-11-1995 08:00,102.3,0.0552,487.897344,FALSE
13-11-1995 08:00,71.34,0.034,209.568384,FALSE
14-11-1995 08:00,97.14,0.0513,430.5555648,FALSE
15-11-1995 08:00,85.87,0.0454,336.8302272,FALSE
16-11-1995 08:00,62.72,0.0364,197.2518912,FALSE
17-11-1995 08:00,50.17,0.0227,98.3974176,FALSE
18-11-1995 08:00,47.16,0.0235,95.753664,FALSE
20-11-1995 08:00,34.14,0.01,29.49696,FALSE
21-11-1995 08:00,29.73,0.0109,27.9985248,FALSE
22-11-1995 08:00,27.36,0.0081,19.1476224,FALSE
23-11-1995 08:00,32.06,0.0169,46.8127296,FALSE
24-11-1995 08:00,29.02,0.0101,25.3240128,FALSE
25-11-1995 08:00,24.55,0.0055,11.66616,FALSE
27-11-1995 08:00,18.38,0.0048,7.6225536,FALSE
28-11-1995 08:00,16.81,0.0052,7.5523968,FALSE
29-11-1995 08:00,24.09,0.0068,14.1533568,FALSE
30-11-1995 08:00,17.14,0.0057,8.4411072,FALSE
01-12-1995 08:00,14.49,0.0055,6.885648,FALSE
02-12-1995 08:00,12.26,0.0046,4.8726144,FALSE
04-12-1995 08:00,10.68,0.0069,6.3669888,FALSE
05-12-1995 08:00,9.763,0.0062,5.22984384,FALSE
06-12-1995 08:00,9.143,0.0057,4.50274464,FALSE
08-12-1995 08:00,8.625,0.0071,5.29092,FALSE
11-12-1995 08:00,6.135,0.0067,3.5514288,FALSE
12-12-1995 08:00,6.024,0.0065,3.3830784,FALSE
13-12-1995 08:00,5.714,0.0063,3.11024448,FALSE
14-12-1995 08:00,5.075,0.0066,2.893968,FALSE
15-12-1995 08:00,4.852,0.0061,2.55719808,FALSE
18-12-1995 08:00,3.969,0.0066,2.26328256,FALSE
21-12-1995 08:00,3.03,0.0044,1.1518848,FALSE
22-12-1995 08:00,2.89,0.0041,1.0237536,FALSE
26-12-1995 08:00,2.145,0.0046,0.8525088,FALSE
27-12-1995 08:00,2.069,0.0039,0.69717024,FALSE
30-12-1995 08:00,1.768,0.0022,0.33606144,FALSE
01-01-1996 08:00,2.372,0.0022,0.45086976,FALSE
02-01-1996 08:00,2.258,0.002,0.3901824,FALSE
03-01-1996 08:00,2.627,0.0018,0.40855104,FALSE
04-01-1996 08:00,2.442,0.002,0.4219776,FALSE
05-01-1996 08:00,2.353,0.0019,0.38626848,FALSE
06-01-1996 08:00,2.225,0.0022,0.422928,FALSE
08-01-1996 08:00,2.183,0.0016,0.30177792,FALSE
09-01-1996 08:00,2.099,0.0011,0.19948896,FALSE
10-01-1996 08:00,1.845,0.0039,0.6216912,FALSE
11-01-1996 08:00,1.74,0.005,0.75168,FALSE
12-01-1996 08:00,1.664,0.004,0.5750784,FALSE
16-01-1996 08:00,1.721,0.0038,0.56503872,FALSE
17-01-1996 08:00,2.164,0.0043,0.80396928,FALSE
18-01-1996 08:00,2.873,0.0062,1.53900864,FALSE
19-01-1996 08:00,2.071,0.0097,1.73566368,FALSE
20-01-1996 08:00,1.658,0.0028,0.40110336,FALSE
22-01-1996 08:00,1.644,0.0026,0.36930816,FALSE
23-01-1996 08:00,1.846,0.0069,1.10051136,FALSE
24-01-1996 08:00,1.302,0.0069,0.77620032,FALSE
25-01-1996 08:00,1.226,0.0065,0.6885216,FALSE
27-01-1996 08:00,1.037,0.0023,0.20607264,FALSE
29-01-1996 08:00,1.061,0.002,0.1833408,FALSE
30-01-1996 08:00,0.879,0.0021,0.15948576,FALSE
31-01-1996 08:00,0.823,0.002,0.1422144,FALSE
01-02-1996 08:00,0.82,0.0019,0.1346112,FALSE
02-02-1996 08:00,0.74,0.0004,0.0255744,FALSE
03-02-1996 08:00,0.716,0.0007,0.04330368,FALSE
05-02-1996 08:00,0.606,0.0005,0.0261792,FALSE
06-02-1996 08:00,0.528,0.0005,0.0228096,FALSE
07-02-1996 08:00,0.496,0.0005,0.0214272,FALSE
08-02-1996 08:00,0.46,0.0005,0.019872,FALSE
09-02-1996 08:00,0.452,0.0005,0.0195264,FALSE
12-02-1996 08:00,0.501,0.0005,0.0216432,FALSE
13-02-1996 08:00,0.624,0.0005,0.0269568,FALSE
14-02-1996 08:00,0.71,0.0006,0.0368064,FALSE
15-02-1996 08:00,0.665,0.0006,0.0344736,FALSE
16-02-1996 08:00,0.609,0.0006,0.03157056,FALSE
17-02-1996 08:00,0.641,0.0006,0.03322944,FALSE
19-02-1996 08:00,0.517,0.0005,0.0223344,FALSE
20-02-1996 08:00,0.469,0.0005,0.0202608,FALSE
22-02-1996 08:00,0.437,0.0004,0.01510272,FALSE
23-02-1996 08:00,0.437,0.0004,0.01510272,FALSE
24-02-1996 08:00,0.428,0.0004,0.01479168,FALSE
26-02-1996 08:00,0.587,0.0005,0.0253584,FALSE
27-02-1996 08:00,0.579,0.0006,0.03001536,FALSE
28-02-1996 08:00,0.595,0.0006,0.0308448,FALSE
29-02-1996 08:00,0.612,0.0006,0.03172608,FALSE
01-03-1996 08:00,0.852,0.0009,0.06625152,FALSE
02-03-1996 08:00,0.63,0.0006,0.0326592,FALSE
04-03-1996 08:00,0.609,0.0006,0.03157056,FALSE
05-03-1996 08:00,0.584,0.0006,0.03027456,FALSE
06-03-1996 08:00,0.563,0.0006,0.02918592,FALSE
07-03-1996 08:00,0.516,0.0005,0.0222912,FALSE
08-03-1996 08:00,0.478,0.0005,0.0206496,FALSE
11-03-1996 08:00,0.497,0.0005,0.0214704,FALSE
12-03-1996 08:00,0.497,0.0005,0.0214704,FALSE
13-03-1996 08:00,0.452,0.0005,0.0195264,FALSE
15-03-1996 08:00,0.437,0.0004,0.01510272,FALSE
16-03-1996 08:00,0.426,0.0004,0.01472256,FALSE
18-03-1996 08:00,0.384,0.0004,0.01327104,FALSE
19-03-1996 08:00,0.366,0.0004,0.01264896,FALSE
20-03-1996 08:00,0.551,0.0006,0.02856384,FALSE
21-03-1996 08:00,0.567,0.0006,0.02939328,FALSE
22-03-1996 08:00,0.562,0.0006,0.02913408,FALSE
23-03-1996 08:00,0.471,0.0005,0.0203472,FALSE
25-03-1996 08:00,0.318,0.0003,0.00824256,FALSE
26-03-1996 08:00,0.338,0.0003,0.00876096,FALSE
27-03-1996 08:00,0.33,0.0003,0.0085536,FALSE
28-03-1996 08:00,0.304,0.0003,0.00787968,FALSE
29-03-1996 08:00,0.212,0.0002,0.00366336,FALSE
30-03-1996 08:00,0.214,0.0002,0.00369792,FALSE
02-04-1996 08:00,0.906,0.0049,0.38356416,FALSE
03-04-1996 08:00,1.762,0.0105,1.5984864,FALSE
04-04-1996 08:00,1.446,0.004,0.4997376,FALSE
06-04-1996 08:00,0.89,0.0031,0.2383776,FALSE
08-04-1996 08:00,2.59,0.0022,0.4923072,FALSE
09-04-1996 08:00,3.491,0.0101,3.04638624,FALSE
10-04-1996 08:00,22.7,0.0473,92.768544,FALSE
11-04-1996 08:00,4.591,0.0153,6.06893472,FALSE
12-04-1996 08:00,4.923,0.01,4.253472,FALSE
15-04-1996 08:00,9.791,0.0174,14.71939776,FALSE
16-04-1996 08:00,13.87,0.01907,22.85287776,FALSE
17-04-1996 08:00,11.55,0.0113,11.276496,FALSE
18-04-1996 08:00,15.78,0.0202,27.5405184,FALSE
19-04-1996 08:00,9.14,0.0135,10.660896,FALSE
20-04-1996 08:00,15.24,0.0403,53.0644608,FALSE
22-04-1996 08:00,34.08,0.0581,171.0761472,FALSE
23-04-1996 08:00,14.26,0.0121,14.9079744,FALSE
24-04-1996 08:00,14.91,0.031,39.934944,FALSE
25-04-1996 08:00,14.24,0.0148,18.2089728,FALSE
26-04-1996 08:00,9.578,0.0102,8.44089984,FALSE
30-04-1996 08:00,3.444,0.0055,1.6365888,FALSE
01-05-1996 08:00,13.54,0.0103,12.0495168,FALSE
02-05-1996 08:00,35.7,0.0282,86.982336,FALSE
04-05-1996 08:00,14.16,0.0097,11.8672128,FALSE
06-05-1996 08:00,8.899,0.0052,3.99814272,FALSE
07-05-1996 08:00,4.923,0.0088,3.74305536,FALSE
08-05-1996 08:00,4.512,0.005,1.949184,FALSE
09-05-1996 08:00,3.884,0.0051,1.71144576,FALSE
10-05-1996 08:00,3.507,0.0051,1.54532448,FALSE
13-05-1996 08:00,2.009,0.0083,1.44069408,FALSE
14-05-1996 08:00,1.941,0.0074,1.24099776,FALSE
15-05-1996 08:00,1.755,0.0096,1.4556672,FALSE
16-05-1996 08:00,1.728,0.0073,1.08988416,FALSE
18-05-1996 08:00,1.563,0.0076,1.02632832,FALSE
20-05-1996 08:00,1.291,0.0071,0.79195104,FALSE
21-05-1996 08:00,1.138,0.0058,0.57027456,FALSE
22-05-1996 08:00,1.078,0.0042,0.39118464,FALSE
23-05-1996 08:00,1.064,0.0038,0.34933248,FALSE
24-05-1996 08:00,1.124,0.0033,0.32047488,FALSE
25-05-1996 08:00,1.099,0.0034,0.32284224,FALSE
27-05-1996 08:00,1.03,0.0033,0.2936736,FALSE
29-05-1996 08:00,2.231,0.0026,0.50117184,FALSE
30-05-1996 08:00,1.674,0.0132,1.90916352,FALSE
31-05-1996 08:00,1.467,0.004,0.5069952,FALSE
01-06-1996 08:00,1.651,0.0056,0.79881984,FALSE
03-06-1996 08:00,3.522,0.0114,3.46902912,FALSE
04-06-1996 08:00,16.53,0.0349,49.8439008,FALSE
05-06-1996 08:00,10.96,0.0119,11.2686336,FALSE
06-06-1996 08:00,9.51,0.0081,6.6554784,FALSE
07-06-1996 08:00,7.641,0.0045,2.9708208,FALSE
10-06-1996 08:00,11.29,0.0126,12.2907456,FALSE
12-06-1996 08:00,40.51,0.0164,57.4010496,FALSE
13-06-1996 08:00,59.02,0.0217,110.6554176,FALSE
14-06-1996 08:00,75.03,0.0176,114.0936192,FALSE
18-06-1996 08:00,156.1,0.1648,2222.664192,FALSE
19-06-1996 08:00,130,0.0603,677.2896,FALSE
21-06-1996 08:00,134.4,0.0735,853.49376,FALSE
22-06-1996 08:00,193.5,0.20216,3379.791744,FALSE
26-06-1996 08:00,40.28,0.008,27.841536,FALSE
27-06-1996 08:00,35.31,0.001,3.050784,FALSE
28-06-1996 08:00,29.59,0.001,2.556576,FALSE
29-06-1996 08:00,26.17,0.0011,2.4871968,FALSE
01-07-1996 08:00,16.33,0.0011,1.5520032,FALSE
02-07-1996 08:00,14.17,0.0011,1.3467168,FALSE
03-07-1996 08:00,12.3,0.0011,1.168992,FALSE
04-07-1996 08:00,8.469,0.0009,0.65854944,FALSE
05-07-1996 08:00,7.739,0.0011,0.73551456,FALSE
06-07-1996 08:00,7.276,0.0012,0.75437568,FALSE
08-07-1996 08:00,15.04,0.0056,7.2769536,FALSE
09-07-1996 08:00,12.23,0.0059,6.2343648,FALSE
10-07-1996 08:00,14.96,0.0099,12.7961856,FALSE
11-07-1996 08:00,47.59,0.0197,81.0019872,FALSE
12-07-1996 08:00,35.63,0.0026,8.0039232,FALSE
15-07-1996 08:00,38.38,0.0163,54.0513216,FALSE
16-07-1996 08:00,40.42,0.0107,37.3674816,FALSE
17-07-1996 08:00,48.11,0.0164,68.1699456,FALSE
18-07-1996 08:00,45.63,0.0113,44.5494816,FALSE
19-07-1996 08:00,54.82,0.0189,89.5188672,FALSE
22-07-1996 08:00,190.9,0.0436,719.127936,FALSE
23-07-1996 08:00,148.4,0.0583,747.508608,FALSE
24-07-1996 08:00,103.8,0.0362,324.653184,FALSE
25-07-1996 08:00,159.6,0.075,1034.208,FALSE
26-07-1996 08:00,207.4,0.0729,1306.321344,FALSE
27-07-1996 08:00,187.9,0.0374,607.172544,FALSE
30-07-1996 08:00,174.9,0.1084,1638.071424,FALSE
31-07-1996 08:00,89.83,0.0561,435.4096032,FALSE
05-08-1996 08:00,31.62,0.014,38.247552,FALSE
06-08-1996 08:00,28.36,0.016,39.204864,FALSE
07-08-1996 08:00,26.64,0.0076,17.4928896,FALSE
08-08-1996 08:00,22.55,0.0066,12.858912,FALSE
09-08-1996 08:00,19.71,0.0087,14.8156128,FALSE
12-08-1996 08:00,19.66,0.0068,11.5506432,FALSE
13-08-1996 08:00,34.65,0.0226,67.658976,FALSE
14-08-1996 08:00,46.95,0.0332,134.675136,FALSE
16-08-1996 08:00,118.2,0.053,541.26144,FALSE
17-08-1996 08:00,101.4,0.045,394.2432,FALSE
24-08-1996 08:00,157.8,0.1453,1981.008576,FALSE
29-08-1996 08:00,48.4,0.0241,100.780416,FALSE
30-08-1996 08:00,39.61,0.0452,154.6881408,FALSE
31-08-1996 08:00,34.69,0.0317,95.0117472,FALSE
02-09-1996 08:00,29.43,0.0128,32.5472256,FALSE
03-09-1996 08:00,28.05,0.0109,26.416368,FALSE
05-09-1996 08:00,30.28,0.0145,37.934784,FALSE
06-09-1996 08:00,34.55,0.0164,48.955968,FALSE
07-09-1996 08:00,41.36,0.0201,71.8274304,FALSE
09-09-1996 08:00,35.74,0.0146,45.0838656,FALSE
10-09-1996 08:00,33.01,0.0045,12.834288,FALSE
11-09-1996 08:00,29.68,0.0045,11.539584,FALSE
12-09-1996 08:00,41.98,0.0693,251.3560896,FALSE
13-09-1996 08:00,34.65,0.0168,50.295168,FALSE
16-09-1996 08:00,39.2,0.0359,121.588992,FALSE
17-09-1996 08:00,43.8,0.0202,76.443264,FALSE
19-09-1996 08:00,38.41,0.02,66.37248,FALSE
20-09-1996 08:00,36.09,0.0109,33.9881184,FALSE
21-09-1996 08:00,33.75,0.0091,26.5356,FALSE
23-09-1996 08:00,34.52,0.0106,31.6147968,FALSE
26-09-1996 08:00,39.73,0.056,192.229632,FALSE
27-09-1996 08:00,43.63,0.0492,185.4658944,FALSE
30-09-1996 08:00,140.9,0.0381,463.820256,FALSE
03-10-1996 08:00,54.25,0.0145,67.9644,FALSE
04-10-1996 08:00,39.69,0.0104,35.6638464,FALSE
05-10-1996 08:00,33.53,0.0087,25.2038304,FALSE
07-10-1996 08:00,26.65,0.0197,45.360432,FALSE
08-10-1996 08:00,25.65,0.0196,43.436736,FALSE
09-10-1996 08:00,28.6,0.0237,58.563648,FALSE
14-10-1996 08:00,181.8,0.1208,1897.468416,FALSE
15-10-1996 08:00,155.5,0.0957,1285.74864,FALSE
16-10-1996 08:00,117,0.0863,872.38944,FALSE
17-10-1996 08:00,112.4,0.1559,1514.001024,FALSE
18-10-1996 08:00,311.7,0.3554,9571.234752,FALSE
19-10-1996 08:00,379.9,0.4246,13936.79866,FALSE
26-10-1996 08:00,43.54,0.0342,128.6554752,FALSE
28-10-1996 08:00,33.05,0.0309,88.235568,FALSE
29-10-1996 08:00,31.16,0.0035,9.422784,FALSE
30-10-1996 08:00,27.46,0.0035,8.303904,FALSE
31-10-1996 08:00,25.78,0.0091,20.2692672,FALSE
01-11-1996 08:00,24.35,0.0095,19.98648,FALSE
02-11-1996 08:00,22.55,0.0109,21.236688,FALSE
04-11-1996 08:00,28.59,0.0145,35.817552,FALSE
05-11-1996 08:00,28.01,0.0195,47.191248,FALSE
06-11-1996 08:00,22.16,0.0147,28.1449728,FALSE
07-11-1996 08:00,20.19,0.0125,21.8052,FALSE
08-11-1996 08:00,16.9,0.0106,15.477696,FALSE
11-11-1996 08:00,14.13,0.014,17.091648,FALSE
12-11-1996 08:00,19.25,0.029,48.2328,FALSE
13-11-1996 08:00,27.78,0.0649,155.7724608,FALSE
14-11-1996 08:00,19.42,0.0133,22.3159104,FALSE
15-11-1996 08:00,20.08,0.0153,26.5441536,FALSE
16-11-1996 08:00,15.23,0.0109,14.3430048,FALSE
18-11-1996 08:00,21.94,0.0272,51.5607552,FALSE
19-11-1996 08:00,15.07,0.0091,11.8486368,FALSE
20-11-1996 08:00,13.2,0.0072,8.211456,FALSE
21-11-1996 08:00,14.35,0.011,13.63824,FALSE
22-11-1996 08:00,22.23,0.0281,53.9708832,FALSE
26-11-1996 08:00,21,0.0182,33.02208,FALSE
27-11-1996 08:00,45.88,0.0379,150.2368128,FALSE
28-11-1996 08:00,30.34,0.0186,48.7575936,FALSE
29-11-1996 08:00,28.26,0.0166,40.5316224,FALSE
30-11-1996 08:00,22.49,0.009,17.488224,FALSE
02-12-1996 08:00,21.23,0.0111,20.3604192,FALSE
03-12-1996 08:00,19.05,0.0108,17.775936,FALSE
04-12-1996 08:00,15.55,0.0065,8.73288,FALSE
05-12-1996 08:00,14.25,0.0113,13.91256,FALSE
07-12-1996 08:00,11.57,0.0081,8.0971488,FALSE
09-12-1996 08:00,15.6,0.0302,40.704768,FALSE
10-12-1996 08:00,15.95,0.0337,46.441296,FALSE
11-12-1996 08:00,12.24,0.0059,6.2394624,FALSE
13-12-1996 08:00,11.95,0.0059,6.091632,FALSE
16-12-1996 08:00,14.73,0.0077,9.7995744,FALSE
17-12-1996 08:00,14,0.0112,13.54752,FALSE
18-12-1996 08:00,13.93,0.0092,11.0726784,FALSE
19-12-1996 08:00,11.4,0.0059,5.811264,FALSE
23-12-1996 08:00,7.968,0.0051,3.51101952,FALSE
24-12-1996 08:00,8.137,0.0066,4.64004288,FALSE
26-12-1996 08:00,7.194,0.0056,3.48074496,FALSE
30-12-1996 08:00,4.468,0.007,2.7022464,FALSE
31-12-1996 08:00,4.246,0.0066,2.42123904,FALSE
01-01-1997 08:00,3.944,0.0039,1.32897024,FALSE
02-01-1997 08:00,3.787,0.0047,1.53782496,FALSE
03-01-1997 08:00,3.377,0.0046,1.34215488,FALSE
04-01-1997 08:00,3.334,0.0047,1.35387072,FALSE
06-01-1997 08:00,2.907,0.0018,0.45209664,FALSE
07-01-1997 08:00,2.93,0.0019,0.4809888,FALSE
08-01-1997 08:00,2.868,0.0028,0.69382656,FALSE
09-01-1997 08:00,2.835,0.0038,0.9307872,FALSE
10-01-1997 08:00,2.622,0.0038,0.86085504,FALSE
13-01-1997 08:00,2.531,0.0027,0.59043168,FALSE
14-01-1997 08:00,2.555,0.0019,0.4194288,FALSE
15-01-1997 08:00,2.939,0.0028,0.71100288,FALSE
16-01-1997 08:00,2.744,0.002,0.4741632,FALSE
17-01-1997 08:00,2.446,0.0021,0.44380224,FALSE
18-01-1997 08:00,2.381,0.003,0.6171552,FALSE
20-01-1997 08:00,2.152,0.0033,0.61357824,FALSE
21-01-1997 08:00,2.697,0.003,0.6990624,FALSE
22-01-1997 08:00,2.108,0.0041,0.74673792,FALSE
24-01-1997 08:00,2.007,0.0037,0.64159776,FALSE
25-01-1997 08:00,2.063,0.004,0.7129728,FALSE
27-01-1997 08:00,1.925,0.004,0.66528,FALSE
28-01-1997 08:00,1.888,0.0044,0.71774208,FALSE
29-01-1997 08:00,1.785,0.0039,0.6014736,FALSE
30-01-1997 08:00,1.739,0.0039,0.58597344,FALSE
31-01-1997 08:00,1.659,0.004,0.5733504,FALSE
01-02-1997 08:00,1.573,0.003,0.4077216,FALSE
03-02-1997 08:00,1.265,0.0059,0.6448464,FALSE
04-02-1997 08:00,1.157,0.0068,0.67976064,FALSE
05-02-1997 08:00,1.12,0.0109,1.0547712,FALSE
06-02-1997 08:00,1.159,0.0108,1.08148608,FALSE
07-02-1997 08:00,1.1,0.0044,0.418176,FALSE
10-02-1997 08:00,1.269,0.0036,0.39470976,FALSE
11-02-1997 08:00,1.025,0.0036,0.318816,FALSE
13-02-1997 08:00,0.9223,0.0056,0.446245632,FALSE
14-02-1997 08:00,0.8504,0.0058,0.426152448,FALSE
15-02-1997 08:00,0.8301,0.0053,0.380119392,FALSE
17-02-1997 08:00,0.7211,0.0055,0.34266672,FALSE
18-02-1997 08:00,0.6372,0.0056,0.308302848,FALSE
19-02-1997 08:00,0.5883,0.0057,0.289725984,FALSE
20-02-1997 08:00,0.62,0.0058,0.3106944,FALSE
21-02-1997 08:00,0.6197,0.006,0.32125248,FALSE
22-02-1997 08:00,0.8984,0.0063,0.489017088,FALSE
24-02-1997 08:00,1.426,0.0088,1.08421632,FALSE
25-02-1997 08:00,1.337,0.0071,0.82016928,FALSE
26-02-1997 08:00,1.118,0.0065,0.6278688,FALSE
27-02-1997 08:00,1.046,0.0048,0.43379712,FALSE
01-03-1997 08:00,0.852,0.0045,0.3312576,FALSE
03-03-1997 08:00,0.4756,0.0043,0.176694912,FALSE
04-03-1997 08:00,1.313,0.0042,0.47646144,FALSE
05-03-1997 08:00,1.193,0.0051,0.52568352,FALSE
06-03-1997 08:00,1.051,0.0053,0.48127392,FALSE
10-03-1997 08:00,0.901,0.0045,0.3503088,FALSE
11-03-1997 08:00,0.8184,0.0041,0.289910016,FALSE
12-03-1997 08:00,0.4424,0.0022,0.084091392,FALSE
13-03-1997 08:00,0.4726,0.0024,0.097998336,FALSE
14-03-1997 08:00,0.44,0.0022,0.0836352,FALSE
15-03-1997 08:00,0.39,0.002,0.067392,FALSE
17-03-1997 08:00,0.4001,0.002,0.06913728,FALSE
18-03-1997 08:00,0.3494,0.0018,0.054338688,FALSE
19-03-1997 08:00,0.2992,0.0015,0.03877632,FALSE
20-03-1997 08:00,0.911,0.0046,0.36206784,FALSE
21-03-1997 08:00,4.615,0.0109,4.3462224,FALSE
22-03-1997 08:00,4.226,0.0067,2.44634688,FALSE
24-03-1997 08:00,3.079,0.007,1.8621792,FALSE
25-03-1997 08:00,2.494,0.006,1.2928896,FALSE
26-03-1997 08:00,1.425,0.0071,0.874152,FALSE
27-03-1997 08:00,1.148,0.0064,0.63479808,FALSE
29-03-1997 08:00,0.9058,0.0051,0.399131712,FALSE
31-03-1997 08:00,0.974,0.0054,0.45442944,FALSE
01-04-1997 08:00,0.93,0.0017,0.1365984,FALSE
02-04-1997 08:00,1.005,0.0018,0.1562976,FALSE
03-04-1997 08:00,4.355,0.008,3.010176,FALSE
04-04-1997 08:00,3.548,0.0096,2.94285312,FALSE
05-04-1997 08:00,3.039,0.0049,1.28659104,FALSE
07-04-1997 08:00,5.592,0.0087,4.20339456,FALSE
08-04-1997 08:00,4.855,0.0087,3.6494064,FALSE
09-04-1997 08:00,4.508,0.0051,1.98640512,FALSE
10-04-1997 08:00,5.043,0.0064,2.78857728,FALSE
11-04-1997 08:00,4.141,0.0053,1.89624672,FALSE
15-04-1997 08:00,1.336,0.0033,0.38092032,FALSE
16-04-1997 08:00,1.164,0.0035,0.3519936,FALSE
17-04-1997 08:00,1.014,0.003,0.2628288,FALSE
19-04-1997 08:00,3.322,0.012,3.4442496,FALSE
21-04-1997 08:00,1.478,0.0109,1.39192128,FALSE
22-04-1997 08:00,1.437,0.0041,0.50904288,FALSE
24-04-1997 08:00,2.166,0.007,1.3099968,FALSE
25-04-1997 08:00,1.424,0.0043,0.52904448,FALSE
26-04-1997 08:00,1.29,0.0054,0.6018624,FALSE
28-04-1997 08:00,3.233,0.0042,1.17319104,FALSE
29-04-1997 08:00,3.168,0.004,1.0948608,FALSE
30-04-1997 08:00,3.562,0.0042,1.29257856,FALSE
01-05-1997 08:00,3.799,0.0041,1.34575776,FALSE
02-05-1997 08:00,14.85,0.0437,56.068848,FALSE
03-05-1997 08:00,17.66,0.0559,85.2935616,FALSE
05-05-1997 08:00,21.01,0.0899,163.1922336,FALSE
06-05-1997 08:00,21.17,0.0617,112.8547296,FALSE
07-05-1997 08:00,26.68,0.0464,106.9590528,FALSE
08-05-1997 08:00,26.05,0.0388,87.327936,FALSE
09-05-1997 08:00,43.49,0.0882,331.4146752,FALSE
12-05-1997 08:00,19.92,0.0252,43.3714176,FALSE
13-05-1997 08:00,21.49,0.0094,17.4533184,FALSE
14-05-1997 08:00,16.26,0.008,11.238912,FALSE
15-05-1997 08:00,22.31,0.0155,29.877552,FALSE
16-05-1997 08:00,14.92,0.0044,5.6719872,FALSE
19-05-1997 08:00,8.95,0.0057,4.407696,FALSE
20-05-1997 08:00,7.93,0.0054,3.6998208,FALSE
21-05-1997 08:00,4.483,0.0051,1.97538912,FALSE
23-05-1997 08:00,3.895,0.0033,1.1105424,FALSE
24-05-1997 08:00,3.354,0.0044,1.27505664,FALSE
26-05-1997 08:00,2.76,0.0038,0.9061632,FALSE
27-05-1997 08:00,2.804,0.0034,0.82370304,FALSE
28-05-1997 08:00,3.523,0.005,1.521936,FALSE
29-05-1997 08:00,2.918,0.0048,1.21015296,FALSE
30-05-1997 08:00,2.569,0.0048,1.06541568,FALSE
31-05-1997 08:00,2.42,0.0041,0.8572608,FALSE
02-06-1997 08:00,1.922,0.0049,0.81369792,FALSE
03-06-1997 08:00,1.766,0.0057,0.86971968,FALSE
04-06-1997 08:00,1.592,0.0058,0.79778304,FALSE
05-06-1997 08:00,1.488,0.0043,0.55282176,FALSE
06-06-1997 08:00,1.337,0.0049,0.56603232,FALSE
07-06-1997 08:00,1.473,0.006,0.7636032,FALSE
09-06-1997 08:00,12.53,0.0186,20.1362112,FALSE
10-06-1997 08:00,8.274,0.0133,9.50781888,FALSE
11-06-1997 08:00,4.158,0.0128,4.59841536,FALSE
12-06-1997 08:00,3.9,0.0101,3.403296,FALSE
13-06-1997 08:00,9.14,0.0105,8.291808,FALSE
16-06-1997 08:00,13.37,0.0032,3.6965376,FALSE
17-06-1997 08:00,8.718,0.0019,1.43114688,FALSE
18-06-1997 08:00,7.369,0.0023,1.46436768,FALSE
19-06-1997 08:00,6.513,0.0022,1.23799104,FALSE
20-06-1997 08:00,5.983,0.002,1.0338624,FALSE
21-06-1997 08:00,5.896,0.0018,0.91694592,FALSE
23-06-1997 08:00,6.683,0.0021,1.21256352,FALSE
24-06-1997 08:00,11.78,0.0082,8.3458944,FALSE
25-06-1997 08:00,21,0.0163,29.57472,FALSE
26-06-1997 08:00,21.18,0.0163,29.8282176,FALSE
27-06-1997 08:00,16.79,0.0086,12.4756416,FALSE
28-06-1997 08:00,17.14,0.0053,7.8487488,FALSE
30-06-1997 08:00,44.34,0.0408,156.3038208,FALSE
01-07-1997 08:00,78.5,0.1128,765.05472,FALSE
02-07-1997 08:00,60.12,0.0377,195.8276736,FALSE
03-07-1997 08:00,49.32,0.0347,147.8653056,FALSE
04-07-1997 08:00,37.73,0.0063,20.5371936,FALSE
05-07-1997 08:00,31.81,0.0053,14.5664352,FALSE
07-07-1997 08:00,26.27,0.0045,10.213776,FALSE
08-07-1997 08:00,27.05,0.0037,8.647344,FALSE
09-07-1997 08:00,21.28,0.0037,6.8027904,FALSE
10-07-1997 08:00,30.45,0.0111,29.202768,FALSE
11-07-1997 08:00,33.37,0.0177,51.0320736,FALSE
14-07-1997 08:00,26.26,0.0071,16.1089344,FALSE
15-07-1997 08:00,24.5,0.0072,15.24096,FALSE
16-07-1997 08:00,27.92,0.006,14.473728,FALSE
18-07-1997 08:00,22.73,0.006,11.783232,FALSE
19-07-1997 08:00,49.21,0.0669,284.4416736,FALSE
21-07-1997 08:00,41.72,0.0265,95.522112,FALSE
22-07-1997 08:00,214,0.0846,1564.22016,FALSE
23-07-1997 08:00,111.2,0.0735,706.16448,FALSE
24-07-1997 08:00,297.8,0.1756,4518.173952,FALSE
25-07-1997 08:00,281.2,0.0779,1892.633472,FALSE
26-07-1997 08:00,194.5,0.0521,875.53008,FALSE
28-07-1997 08:00,116.2,0.0297,298.178496,FALSE
29-07-1997 08:00,75.82,0.0173,113.3296704,FALSE
30-07-1997 08:00,57.97,0.0119,59.6024352,FALSE
31-07-1997 08:00,44.92,0.0098,38.0346624,FALSE
01-08-1997 08:00,50.57,0.0242,105.7358016,FALSE
02-08-1997 08:00,67.71,0.0531,310.6426464,FALSE
04-08-1997 08:00,51.23,0.027,119.509344,FALSE
05-08-1997 08:00,36.42,0.0189,59.4724032,FALSE
06-08-1997 08:00,30.07,0.0091,23.6422368,FALSE
07-08-1997 08:00,39.01,0.0186,62.6906304,FALSE
08-08-1997 08:00,52.14,0.0221,99.5582016,FALSE
11-08-1997 08:00,29.43,0.0094,23.9018688,FALSE
12-08-1997 08:00,24.96,0.0071,15.3114624,FALSE
13-08-1997 08:00,22.99,0.0071,14.1029856,FALSE
14-08-1997 08:00,19.74,0.009,15.349824,FALSE
16-08-1997 08:00,14.94,0.0065,8.390304,FALSE
18-08-1997 08:00,17.58,0.0035,5.316192,FALSE
19-08-1997 08:00,15.76,0.0033,4.4934912,FALSE
20-08-1997 08:00,15,0.0056,7.2576,FALSE
21-08-1997 08:00,16.15,0.0054,7.534944,FALSE
22-08-1997 08:00,82.5,0.0729,519.6312,FALSE
23-08-1997 08:00,51.24,0.0534,236.4090624,FALSE
26-08-1997 08:00,29.99,0.0091,23.5793376,FALSE
27-08-1997 08:00,34.74,0.0213,63.9327168,FALSE
28-08-1997 08:00,37.4,0.0157,50.732352,FALSE
29-08-1997 08:00,137.6,0.1475,1753.5744,FALSE
30-08-1997 08:00,190,0.0703,1154.0448,FALSE
01-09-1997 08:00,66.8,0.0256,147.750912,FALSE
02-09-1997 08:00,52.52,0.0126,57.1753728,FALSE
03-09-1997 08:00,36.37,0.0129,40.5365472,FALSE
04-09-1997 08:00,30.03,0.0092,23.8702464,FALSE
05-09-1997 08:00,25.18,0.0055,11.965536,FALSE
06-09-1997 08:00,25.58,0.0045,9.945504,FALSE
08-09-1997 08:00,18.27,0.0044,6.9455232,FALSE
09-09-1997 08:00,20.78,0.0045,8.079264,FALSE
10-09-1997 08:00,21.08,0.0073,13.2955776,FALSE
11-09-1997 08:00,22.05,0.0089,16.955568,FALSE
12-09-1997 08:00,42.59,0.038,139.831488,FALSE
16-09-1997 08:00,266,0.4492,10323.69408,FALSE
17-09-1997 08:00,113,0.1492,1456.66944,FALSE
18-09-1997 08:00,78.27,0.05,338.1264,FALSE
19-09-1997 08:00,143,0.1161,1434.43872,FALSE
20-09-1997 08:00,91.59,0.0234,185.1729984,FALSE
22-09-1997 08:00,115.8,0.0244,244.124928,FALSE
23-09-1997 08:00,163.4,0.1384,1953.897984,FALSE
24-09-1997 08:00,127.7,0.0475,524.0808,FALSE
25-09-1997 08:00,126.5,0.0347,379.25712,FALSE
26-09-1997 08:00,119.4,0.0467,481.764672,FALSE
27-09-1997 08:00,89.178,0.0345,265.8217824,FALSE
29-09-1997 08:00,48.29,0.0063,26.2852128,FALSE
30-09-1997 08:00,35.18,0.0042,12.7661184,FALSE
01-10-1997 08:00,32.04,0.004,11.073024,FALSE
03-10-1997 08:00,23.06,0.0038,7.5710592,FALSE
04-10-1997 08:00,20.59,0.0087,15.4770912,FALSE
06-10-1997 08:00,46.62,0.0964,388.2961152,FALSE
07-10-1997 08:00,47.37,0.0971,397.4077728,FALSE
08-10-1997 08:00,82.5,0.0767,546.7176,FALSE
09-10-1997 08:00,77.59,0.0754,505.4647104,FALSE
13-10-1997 08:00,30.19,0.0128,33.3877248,FALSE
14-10-1997 08:00,35,0.0433,130.9392,FALSE
15-10-1997 08:00,92.71,0.1703,1364.127523,FALSE
16-10-1997 08:00,84.36,0.0588,428.5757952,FALSE
17-10-1997 08:00,49.05,0.0346,146.632032,FALSE
18-10-1997 08:00,37.9,0.0258,84.483648,FALSE
20-10-1997 08:00,85.05,0.106,778.92192,FALSE
21-10-1997 08:00,48.78,0.0348,146.6678016,FALSE
22-10-1997 08:00,276.5,0.6383,15248.73168,FALSE
23-10-1997 08:00,161,0.1086,1510.66944,FALSE
24-10-1997 08:00,92.98,0.0838,673.2049536,FALSE
25-10-1997 08:00,70.06,0.0393,237.8901312,FALSE
27-10-1997 08:00,42.36,0.0199,72.8320896,FALSE
28-10-1997 08:00,60.12,0.0954,495.5427072,FALSE
29-10-1997 08:00,90.6,0.0855,669.28032,FALSE
31-10-1997 08:00,168.8,0.0738,1076.322816,FALSE
01-11-1997 08:00,115.9,0.0768,769.056768,FALSE
03-11-1997 08:00,147.7,0.2026,2585.435328,FALSE
04-11-1997 08:00,114.2,0.0599,591.026112,FALSE
05-11-1997 08:00,98.39,0.0461,391.8913056,FALSE
06-11-1997 08:00,89.07,0.038,292.434624,FALSE
07-11-1997 08:00,95.68,0.0571,472.0315392,FALSE
10-11-1997 08:00,232.5,0.094,1888.272,FALSE
11-11-1997 08:00,194,0.1096,1837.07136,FALSE
12-11-1997 08:00,120.5,0.0816,849.55392,FALSE
13-11-1997 08:00,87.23,0.0261,196.7071392,FALSE
15-11-1997 08:00,57.15,0.029,143.19504,FALSE
17-11-1997 08:00,92.12,0.1255,998.875584,FALSE
18-11-1997 08:00,79.19,0.052,355.784832,FALSE
19-11-1997 08:00,79.62,0.063,433.387584,FALSE
20-11-1997 08:00,54.58,0.054,254.648448,FALSE
21-11-1997 08:00,44.21,0.0182,69.5193408,FALSE
22-11-1997 08:00,38.68,0.0292,97.5849984,FALSE
24-11-1997 08:00,36.14,0.0328,102.4178688,FALSE
25-11-1997 08:00,30.1,0.0182,47.331648,FALSE
26-11-1997 08:00,25.84,0.0264,58.9400064,FALSE
27-11-1997 08:00,61.89,0.1547,827.2266912,FALSE
28-11-1997 08:00,46.34,0.1293,517.6882368,FALSE
29-11-1997 08:00,34.21,0.0396,117.0474624,FALSE
01-12-1997 08:00,26.92,0.0127,29.5387776,FALSE
02-12-1997 08:00,24.79,0.0172,36.8399232,FALSE
04-12-1997 08:00,21.43,0.0073,13.5163296,FALSE
05-12-1997 08:00,20.41,0.0073,12.8729952,FALSE
06-12-1997 08:00,21.49,0.011,20.424096,FALSE
08-12-1997 08:00,25.24,0.0273,59.5340928,FALSE
09-12-1997 08:00,21.52,0.0162,30.1211136,FALSE
10-12-1997 08:00,20.11,0.0109,18.9387936,FALSE
11-12-1997 08:00,25.45,0.0427,93.892176,FALSE
15-12-1997 08:00,20.46,0.0203,35.8852032,FALSE
16-12-1997 08:00,17.24,0.0146,21.7472256,FALSE
17-12-1997 08:00,15.59,0.0124,16.7025024,FALSE
20-12-1997 08:00,21.99,0.0147,27.9290592,FALSE
22-12-1997 08:00,16.69,0.0122,17.5925952,FALSE
26-12-1997 08:00,13.2,0.0154,17.563392,FALSE
27-12-1997 08:00,12.26,0.013,13.770432,FALSE
29-12-1997 08:00,9.776,0.0112,9.46003968,FALSE
31-12-1997 08:00,9.093,0.0106,8.32773312,FALSE
01-01-1998 08:00,6.77,0.0106,6.2002368,FALSE
02-01-1998 08:00,6.454,0.0106,5.91083136,FALSE
03-01-1998 08:00,6.196,0.0105,5.6210112,FALSE
05-01-1998 08:00,5.71,0.0104,5.1307776,FALSE
06-01-1998 08:00,5.559,0.0104,4.99509504,FALSE
07-01-1998 08:00,5.11,0.0103,4.5474912,FALSE
08-01-1998 08:00,4.91,0.0103,4.3695072,FALSE
09-01-1998 08:00,4.797,0.0102,4.22750016,FALSE
12-01-1998 08:00,3.964,0.0099,3.39064704,FALSE
13-01-1998 08:00,3.813,0.0099,3.26148768,FALSE
14-01-1998 08:00,3.675,0.0098,3.111696,FALSE
15-01-1998 08:00,3.62,0.0098,3.0651264,FALSE
16-01-1998 08:00,3.472,0.0097,2.90981376,FALSE
17-01-1998 08:00,3.232,0.0097,2.70867456,FALSE
19-01-1998 08:00,3.153,0.0096,2.61522432,FALSE
20-01-1998 08:00,12.62,0.0095,10.358496,FALSE
21-01-1998 08:00,9.274,0.0095,7.6120992,FALSE
22-01-1998 08:00,5.084,0.0065,2.8551744,FALSE
23-01-1998 08:00,3.935,0.0058,1.9719072,FALSE
24-01-1998 08:00,3.574,0.0061,1.88364096,FALSE
27-01-1998 08:00,3.087,0.0057,1.52028576,FALSE
28-01-1998 08:00,2.899,0.0049,1.22732064,FALSE
29-01-1998 08:00,2.825,0.0038,0.927504,FALSE
31-01-1998 08:00,2.78,0.0038,0.9127296,FALSE
02-02-1998 08:00,1.842,0.0054,0.85940352,FALSE
03-02-1998 08:00,1.941,0.0046,0.77143104,FALSE
04-02-1998 08:00,1.86,0.0055,0.883872,FALSE
05-02-1998 08:00,1.847,0.0068,1.08514944,FALSE
06-02-1998 08:00,1.688,0.0072,1.05007104,FALSE
07-02-1998 08:00,1.449,0.0068,0.85131648,FALSE
09-02-1998 08:00,1.463,0.0072,0.91010304,FALSE
10-02-1998 08:00,1.381,0.0068,0.81136512,FALSE
11-02-1998 08:00,1.343,0.0063,0.73102176,FALSE
12-02-1998 08:00,1.28,0.006,0.663552,FALSE
13-02-1998 08:00,1.127,0.008,0.7789824,FALSE
16-02-1998 08:00,0.917,0.0105,0.8319024,FALSE
17-02-1998 08:00,0.8948,0.0104,0.804031488,FALSE
18-02-1998 08:00,0.8777,0.0123,0.932749344,FALSE
19-02-1998 08:00,0.9561,0.0132,1.090412928,FALSE
20-02-1998 08:00,3.138,0.0148,4.01262336,FALSE
21-02-1998 08:00,1.822,0.0101,1.58995008,FALSE
23-02-1998 08:00,1.052,0.012,1.0907136,FALSE
24-02-1998 08:00,0.9473,0.0115,0.94123728,FALSE
26-02-1998 08:00,0.8433,0.0105,0.76504176,FALSE
27-02-1998 08:00,0.8311,0.01,0.7180704,FALSE
02-03-1998 08:00,0.7032,0.0089,0.540732672,FALSE
03-03-1998 08:00,0.67,0.0085,0.492048,FALSE
04-03-1998 08:00,0.663,0.0084,0.48117888,FALSE
05-03-1998 08:00,0.587,0.0074,0.37530432,FALSE
06-03-1998 08:00,0.5516,0.007,0.33360768,FALSE
07-03-1998 08:00,0.5305,0.0067,0.30709584,FALSE
16-03-1998 08:00,0.4597,0.0058,0.230364864,FALSE
17-03-1998 08:00,0.454,0.0057,0.22358592,FALSE
18-03-1998 08:00,0.4259,0.0054,0.198707904,FALSE
20-03-1998 08:00,0.4461,0.0056,0.215841024,FALSE
21-03-1998 08:00,0.3768,0.0048,0.156266496,FALSE
23-03-1998 08:00,0.3503,0.0044,0.133170048,FALSE
24-03-1998 08:00,0.4034,0.0051,0.177754176,FALSE
25-03-1998 08:00,0.3568,0.0045,0.13872384,FALSE
26-03-1998 08:00,0.341,0.0043,0.12668832,FALSE
27-03-1998 08:00,0.3305,0.0042,0.11993184,FALSE
28-03-1998 08:00,0,0,0,TRUE
29-03-1998 08:00,0,0,0,TRUE
30-03-1998 08:00,0,0,0,TRUE
31-03-1998 08:00,0,0,0,TRUE
01-04-1998 08:00,0,0,0,TRUE
02-04-1998 08:00,0,0,0,TRUE
03-04-1998 08:00,0,0,0,TRUE
04-04-1998 08:00,1.744,0.0078,1.17531648,FALSE
06-04-1998 08:00,0.8933,0.004,0.30872448,FALSE
07-04-1998 08:00,0.6429,0.0029,0.161085024,FALSE
11-04-1998 08:00,0,0,0,TRUE
12-04-1998 08:00,0,0,0,TRUE
13-04-1998 08:00,0,0,0,TRUE
14-04-1998 08:00,0,0,0,TRUE
15-04-1998 08:00,0,0,0,TRUE
16-04-1998 08:00,0,0,0,TRUE
17-04-1998 08:00,1.79,0.0015,0.231984,FALSE
18-04-1998 08:00,1.979,0.0011,0.18808416,FALSE
20-04-1998 08:00,1.93,0.0046,0.7670592,FALSE
21-04-1998 08:00,0.947,0.0023,0.18818784,FALSE
22-04-1998 08:00,0.9019,0.0021,0.163640736,FALSE
23-04-1998 08:00,0.6423,0.0015,0.08324208,FALSE
24-04-1998 08:00,0.6082,0.0014,0.073567872,FALSE
25-04-1998 08:00,0.9142,0.0022,0.173771136,FALSE
27-04-1998 08:00,1.054,0.0025,0.227664,FALSE
28-04-1998 08:00,0.9282,0.0022,0.176432256,FALSE
29-04-1998 08:00,0.8754,0.0021,0.158832576,FALSE
30-04-1998 08:00,0.7455,0.0018,0.11594016,FALSE
01-05-1998 08:00,0.9983,0.0024,0.207007488,FALSE
02-05-1998 08:00,0.9333,0.0022,0.177401664,FALSE
04-05-1998 08:00,2.066,0.0113,2.01707712,FALSE
05-05-1998 08:00,9.404,0.0037,3.00627072,FALSE
21-05-1998 08:00,6.565,0.003,1.701648,FALSE
22-05-1998 08:00,5.924,0.0022,1.12603392,FALSE
23-05-1998 08:00,5.456,0.001,0.4713984,FALSE
25-05-1998 08:00,4.227,0.001,0.3652128,FALSE
26-05-1998 08:00,4.164,0.001,0.3597696,FALSE
27-05-1998 08:00,4.02,0.0013,0.4515264,FALSE
28-05-1998 08:00,4.154,0.0021,0.75370176,FALSE
29-05-1998 08:00,3.968,0.0011,0.37711872,FALSE
30-05-1998 08:00,3.617,0.0011,0.34375968,FALSE
01-06-1998 08:00,3.873,0.001,0.3346272,FALSE
02-06-1998 08:00,3.735,0.0022,0.7099488,FALSE
03-06-1998 08:00,4.182,0.0021,0.75878208,FALSE
04-06-1998 08:00,4.174,0.0018,0.64914048,FALSE
05-06-1998 08:00,4.221,0.0022,0.80232768,FALSE
06-06-1998 08:00,4.127,0.0039,1.39063392,FALSE
08-06-1998 08:00,5.951,0.0031,1.59391584,FALSE
09-06-1998 08:00,5.173,0.0023,1.02797856,FALSE
10-06-1998 08:00,5.388,0.002,0.9310464,FALSE
11-06-1998 08:00,18.51,0.0029,4.6378656,FALSE
12-06-1998 08:00,17.55,0.002,3.03264,FALSE
15-06-1998 08:00,10.06,0.003,2.607552,FALSE
16-06-1998 08:00,18.08,0.0015,2.343168,FALSE
17-06-1998 08:00,45.71,0.0031,12.2429664,FALSE
18-06-1998 08:00,44.04,0.0027,10.2736512,FALSE
19-06-1998 08:00,28.79,0.0027,6.7161312,FALSE
20-06-1998 08:00,29,0.002,5.0112,FALSE
22-06-1998 08:00,17,0.0015,2.2032,FALSE
23-06-1998 08:00,18.72,0.002,3.234816,FALSE
24-06-1998 08:00,32.85,0.0044,12.488256,FALSE
25-06-1998 08:00,33.44,0.0045,13.001472,FALSE
26-06-1998 08:00,44.13,0.0056,21.3518592,FALSE
27-06-1998 08:00,55.15,0.0042,20.012832,FALSE
29-06-1998 08:00,254.9,0.0236,519.751296,FALSE
30-06-1998 08:00,124.7,0.0159,171.307872,FALSE
01-07-1998 08:00,101.7,0.0155,136.19664,FALSE
02-07-1998 08:00,85.96,0.0065,48.275136,FALSE
03-07-1998 08:00,69.23,0.0117,69.9832224,FALSE
04-07-1998 08:00,79.15,0.0053,36.244368,FALSE
06-07-1998 08:00,54.18,0.0043,20.1289536,FALSE
08-07-1998 08:00,32.81,0.0038,10.7721792,FALSE
09-07-1998 08:00,27.34,0.002,4.724352,FALSE
10-07-1998 08:00,27.55,0.0035,8.33112,FALSE
13-07-1998 08:00,109.6,0.0084,79.543296,FALSE
14-07-1998 08:00,121.4,0.0074,77.618304,FALSE
15-07-1998 08:00,184.3,0.0141,224.521632,FALSE
16-07-1998 08:00,80.45,0.0064,44.485632,FALSE
17-07-1998 08:00,74.7,0.0055,35.49744,FALSE
18-07-1998 08:00,127.9,0.0109,120.451104,FALSE
20-07-1998 08:00,170.7,0.0161,237.450528,FALSE
21-07-1998 08:00,70.11,0.0038,23.0185152,FALSE
22-07-1998 08:00,51.88,0.0116,51.9962112,FALSE
23-07-1998 08:00,40.96,0.0051,18.0486144,FALSE
24-07-1998 08:00,37.72,0.0055,17.924544,FALSE
25-07-1998 08:00,65.93,0.0072,41.0137344,FALSE
27-07-1998 08:00,50.89,0.01,43.96896,FALSE
28-07-1998 08:00,52.68,0.008,36.412416,FALSE
29-07-1998 08:00,82.61,0.0107,76.3712928,FALSE
30-07-1998 08:00,75.55,0.0078,50.914656,FALSE
31-07-1998 08:00,74.89,0.0084,54.3521664,FALSE
01-08-1998 08:00,73.76,0.0045,28.677888,FALSE
03-08-1998 08:00,52.89,0.0055,25.133328,FALSE
04-08-1998 08:00,50.48,0.0062,27.0411264,FALSE
05-08-1998 08:00,51.66,0.0072,32.1366528,FALSE
06-08-1998 08:00,47.25,0.0072,29.39328,FALSE
07-08-1998 08:00,39.06,0.0071,23.9609664,FALSE
10-08-1998 08:00,53.23,0.0056,25.7548032,FALSE
11-08-1998 08:00,51.68,0.0135,60.279552,FALSE
12-08-1998 08:00,55.03,0.0127,60.3833184,FALSE
13-08-1998 08:00,64.68,0.0082,45.8244864,FALSE
18-08-1998 08:00,58.69,0.0047,23.8328352,FALSE
19-08-1998 08:00,49.78,0.0146,62.7944832,FALSE
20-08-1998 08:00,60.12,0.0055,28.569024,FALSE
21-08-1998 08:00,61.5,0.0188,99.89568,FALSE
22-08-1998 08:00,102,0.0196,172.73088,FALSE
24-08-1998 08:00,268.7,0.35,8125.488,FALSE
25-08-1998 08:00,245.5,0.0155,328.7736,FALSE
26-08-1998 08:00,127.5,0.0108,118.9728,FALSE
27-08-1998 08:00,103,0.0091,80.98272,FALSE
28-08-1998 08:00,75.72,0.0071,46.4496768,FALSE
29-08-1998 08:00,61.41,0.0069,36.6101856,FALSE
31-08-1998 08:00,40.41,0.008,27.931392,FALSE
01-09-1998 08:00,143.4,0.01,123.8976,FALSE
02-09-1998 08:00,111.7,0.0108,104.229504,FALSE
05-09-1998 08:00,124,0.0098,104.99328,FALSE
07-09-1998 08:00,86.91,0.0102,76.5920448,FALSE
08-09-1998 08:00,83.75,0.0113,81.7668,FALSE
09-09-1998 08:00,275.5,0.0254,604.60128,FALSE
11-09-1998 08:00,191.1,0.0187,308.756448,FALSE
14-09-1998 08:00,115.1,0.0073,72.595872,FALSE
15-09-1998 08:00,87.1,0.0092,69.234048,FALSE
16-09-1998 08:00,87.65,0.0127,96.176592,FALSE
17-09-1998 08:00,97.06,0.0182,152.6249088,FALSE
18-09-1998 08:00,79,0.0074,50.50944,FALSE
19-09-1998 08:00,67.65,0.0067,39.161232,FALSE
21-09-1998 08:00,40.12,0.0055,19.065024,FALSE
22-09-1998 08:00,37.47,0.0037,11.9784096,FALSE
23-09-1998 08:00,94,0.0225,182.736,FALSE
24-09-1998 08:00,132.1,0.0108,123.265152,FALSE
25-09-1998 08:00,94.4,0.0092,75.036672,FALSE
26-09-1998 08:00,89.71,0.0054,41.8550976,FALSE
28-09-1998 08:00,74.94,0.0055,35.611488,FALSE
29-09-1998 08:00,72.02,0.0062,38.5796736,FALSE
30-09-1998 08:00,86.52,0.0045,33.638976,FALSE
03-10-1998 08:00,54.22,0.0036,16.8645888,FALSE
05-10-1998 08:00,36.83,0.0033,10.5009696,FALSE
06-10-1998 08:00,33.73,0.0028,8.1599616,FALSE
07-10-1998 08:00,39.46,0.0035,11.932704,FALSE
08-10-1998 08:00,32.15,0.0037,10.277712,FALSE
09-10-1998 08:00,39.47,0.0038,12.9587904,FALSE
12-10-1998 08:00,558,0.0465,2241.8208,FALSE
14-10-1998 08:00,668,0.1552,8957.39904,FALSE
15-10-1998 08:00,567.8,0.0981,4812.581952,FALSE
16-10-1998 08:00,306.7,0.016,423.98208,FALSE
17-10-1998 08:00,190.2,0.0045,73.94976,FALSE
20-10-1998 08:00,72.46,0.0044,27.5463936,FALSE
21-10-1998 08:00,59.45,0.0045,23.11416,FALSE
22-10-1998 08:00,51.1,0.0045,19.86768,FALSE
23-10-1998 08:00,45.51,0.0028,11.0097792,FALSE
24-10-1998 08:00,38.62,0.0056,18.6859008,FALSE
26-10-1998 08:00,32.81,0.0055,15.591312,FALSE
27-10-1998 08:00,31.44,0.0072,19.5581952,FALSE
28-10-1998 08:00,82.8,0.2011,1438.653312,FALSE
29-10-1998 08:00,140.5,0.0245,297.4104,FALSE
30-10-1998 08:00,93.26,0.0263,211.9165632,FALSE
31-10-1998 08:00,73.35,0.0194,122.946336,FALSE
02-11-1998 08:00,68.77,0.0072,42.7804416,FALSE
03-11-1998 08:00,50.75,0.0045,19.7316,FALSE
05-11-1998 08:00,68.36,0.0053,31.3034112,FALSE
06-11-1998 08:00,73.15,0.0055,34.76088,FALSE
07-11-1998 08:00,89.73,0.1155,895.433616,FALSE
09-11-1998 08:00,114.9,0.1003,995.714208,FALSE
10-11-1998 08:00,85.68,0.0044,32.5721088,FALSE
11-11-1998 08:00,254.8,0.0145,319.21344,FALSE
12-11-1998 08:00,127.6,0.0124,136.705536,FALSE
13-11-1998 08:00,90.99,0.0033,25.9430688,FALSE
14-11-1998 08:00,282.2,0.0919,2240.713152,FALSE
16-11-1998 08:00,91.62,0.0035,27.705888,FALSE
17-11-1998 08:00,84.48,0.0035,25.546752,FALSE
18-11-1998 08:00,58.59,0.0026,13.1616576,FALSE
19-11-1998 08:00,51.37,0.0045,19.972656,FALSE
20-11-1998 08:00,40.78,0.0036,12.6842112,FALSE
21-11-1998 08:00,36.84,0.0026,8.2757376,FALSE
23-11-1998 08:00,30.06,0.0027,7.0123968,FALSE
24-11-1998 08:00,26.17,0.0024,5.4266112,FALSE
25-11-1998 08:00,24.69,0.0018,3.8397888,FALSE
26-11-1998 08:00,25.05,0.0015,3.24648,FALSE
27-11-1998 08:00,22.59,0.0027,5.2697952,FALSE
28-11-1998 08:00,23.05,0.0027,5.377104,FALSE
30-11-1998 08:00,19.08,0.0019,3.1321728,FALSE
01-12-1998 08:00,39.61,0.0024,8.2135296,FALSE
02-12-1998 08:00,41.27,0.0263,93.7786464,FALSE
03-12-1998 08:00,31.33,0.0246,66.5900352,FALSE
05-12-1998 08:00,19.21,0.0136,22.5725184,FALSE
07-12-1998 08:00,21.23,0.0133,24.3958176,FALSE
08-12-1998 08:00,18.72,0.0031,5.0139648,FALSE
09-12-1998 08:00,21.87,0.0019,3.5901792,FALSE
10-12-1998 08:00,23.7,0.0029,5.938272,FALSE
11-12-1998 08:00,22.84,0.0015,2.960064,FALSE
14-12-1998 08:00,23.53,0.0015,3.049488,FALSE
15-12-1998 08:00,20.35,0.0036,6.329664,FALSE
16-12-1998 08:00,18.29,0.0022,3.4765632,FALSE
17-12-1998 08:00,21.68,0.0042,7.8672384,FALSE
19-12-1998 08:00,16.61,0.0041,5.8839264,FALSE
21-12-1998 08:00,28.28,0.0064,15.6377088,FALSE
23-12-1998 08:00,16.33,0.0034,4.7971008,FALSE
24-12-1998 08:00,14.44,0.0017,2.1209472,FALSE
26-12-1998 08:00,12.56,0.0023,2.4959232,FALSE
28-12-1998 08:00,10.23,0.0021,1.8561312,FALSE
29-12-1998 08:00,9.995,0.0058,5.0086944,FALSE
31-12-1998 08:00,8.29,0.006,4.297536,FALSE
01-01-1999 08:00,7.791,0.0045,3.0291408,FALSE
02-01-1999 08:00,7.859,0.0039,2.64816864,FALSE
04-01-1999 08:00,7.099,0.0057,3.49611552,FALSE
05-01-1999 08:00,6.705,0.0029,1.6800048,FALSE
06-01-1999 08:00,6.463,0.0046,2.56865472,FALSE
07-01-1999 08:00,5.898,0.0038,1.93643136,FALSE
08-01-1999 08:00,5.307,0.0024,1.10045952,FALSE
11-01-1999 08:00,4.57,0.0032,1.2635136,FALSE
12-01-1999 08:00,4.521,0.0023,0.89841312,FALSE
13-01-1999 08:00,4.598,0.0019,0.75480768,FALSE
14-01-1999 08:00,4.337,0.0024,0.89932032,FALSE
15-01-1999 08:00,4.162,0.0028,1.00687104,FALSE
16-01-1999 08:00,4.03,0.0024,0.8356608,FALSE
18-01-1999 08:00,3.779,0.0027,0.88156512,FALSE
20-01-1999 08:00,3.715,0.0007,0.2246832,FALSE
21-01-1999 08:00,3.461,0.0013,0.38873952,FALSE
22-01-1999 08:00,3.367,0.0016,0.46545408,FALSE
23-01-1999 08:00,3.213,0.0012,0.33312384,FALSE
25-01-1999 08:00,3.277,0.001,0.2831328,FALSE
27-01-1999 08:00,3.17,0.0011,0.3012768,FALSE
28-01-1999 08:00,2.926,0.001,0.2528064,FALSE
29-01-1999 08:00,2.739,0.0015,0.3549744,FALSE
30-01-1999 08:00,2.718,0.0005,0.1174176,FALSE
01-02-1999 08:00,2.256,0.0005,0.0974592,FALSE
02-02-1999 08:00,2.123,0.0005,0.0917136,FALSE
03-02-1999 08:00,2.034,0.0007,0.12301632,FALSE
04-02-1999 08:00,2.064,0.0005,0.0891648,FALSE
05-02-1999 08:00,1.989,0.0009,0.15466464,FALSE
06-02-1999 08:00,10.63,0.0015,1.377648,FALSE
08-02-1999 08:00,4.608,0.0014,0.55738368,FALSE
09-02-1999 08:00,8.864,0.0015,1.1487744,FALSE
10-02-1999 08:00,5.513,0.0013,0.61922016,FALSE
11-02-1999 08:00,5.144,0.0011,0.48888576,FALSE
12-02-1999 08:00,13.87,0.0014,1.6777152,FALSE
15-02-1999 08:00,2.691,0.0013,0.30225312,FALSE
16-02-1999 08:00,1.872,0.0015,0.2426112,FALSE
17-02-1999 08:00,1.817,0.0016,0.25118208,FALSE
18-02-1999 08:00,1.749,0.0015,0.2266704,FALSE
19-02-1999 08:00,1.954,0.0012,0.20259072,FALSE
20-02-1999 08:00,1.813,0.0014,0.21930048,FALSE
22-02-1999 08:00,1.85,0.0013,0.207792,FALSE
23-02-1999 08:00,1.753,0.0014,0.21204288,FALSE
24-02-1999 08:00,1.632,0.0013,0.18330624,FALSE
25-02-1999 08:00,1.65,0.0013,0.185328,FALSE
26-02-1999 08:00,1.543,0.0019,0.25329888,FALSE
27-02-1999 08:00,1.39,0.0015,0.180144,FALSE
01-03-1999 08:00,1.191,0.0014,0.14406336,FALSE
02-03-1999 08:00,1.197,0.0017,0.17581536,FALSE
03-03-1999 08:00,1.147,0.0012,0.11892096,FALSE
04-03-1999 08:00,1.102,0.0012,0.11425536,FALSE
05-03-1999 08:00,1.048,0.0018,0.16298496,FALSE
06-03-1999 08:00,2.917,0.0012,0.30243456,FALSE
08-03-1999 08:00,1.73,0.0015,0.224208,FALSE
09-03-1999 08:00,1.731,0.0012,0.17947008,FALSE
10-03-1999 08:00,1.666,0.0012,0.17273088,FALSE
11-03-1999 08:00,1.317,0.0017,0.19344096,FALSE
12-03-1999 08:00,1.39,0.0017,0.2041632,FALSE
15-03-1999 08:00,3.857,0.0008,0.26659584,FALSE
16-03-1999 08:00,4.067,0.0003,0.10541664,FALSE
17-03-1999 08:00,2.603,0.0011,0.24738912,FALSE
18-03-1999 08:00,2.885,0.0003,0.0747792,FALSE
19-03-1999 08:00,2.278,0.0004,0.07872768,FALSE
20-03-1999 08:00,1.952,0.0005,0.0843264,FALSE
22-03-1999 08:00,1.332,0.0004,0.04603392,FALSE
23-03-1999 08:00,1.163,0.0011,0.11053152,FALSE
24-03-1999 08:00,1.075,0.0018,0.167184,FALSE
25-03-1999 08:00,1.781,0.0005,0.0769392,FALSE
27-03-1999 08:00,1.401,0.0004,0.04841856,FALSE
31-03-1999 08:00,1.107,0.0005,0.0478224,FALSE
01-04-1999 08:00,1.425,0.0013,0.160056,FALSE
03-04-1999 08:00,1.97,0.0005,0.085104,FALSE
05-04-1999 08:00,1.688,0.002,0.2916864,FALSE
06-04-1999 08:00,3.132,0.0008,0.21648384,FALSE
07-04-1999 08:00,3.724,0.0011,0.35392896,FALSE
08-04-1999 08:00,3.697,0.001,0.3194208,FALSE
09-04-1999 08:00,2.831,0.0015,0.3668976,FALSE
12-04-1999 08:00,1.845,0.0019,0.3028752,FALSE
13-04-1999 08:00,2.821,0.0054,1.31616576,FALSE
16-04-1999 08:00,1.572,0.0014,0.19014912,FALSE
17-04-1999 08:00,1.412,0.0018,0.21959424,FALSE
19-04-1999 08:00,1.281,0.0012,0.13281408,FALSE
20-04-1999 08:00,1.476,0.0014,0.17853696,FALSE
21-04-1999 08:00,1.33,0.0014,0.1608768,FALSE
22-04-1999 08:00,1.337,0.0014,0.16172352,FALSE
23-04-1999 08:00,2.461,0.0007,0.14884128,FALSE
24-04-1999 08:00,9.758,0.0007,0.59016384,FALSE
27-04-1999 08:00,25.97,0.0016,3.5900928,FALSE
28-04-1999 08:00,16.84,0.0014,2.0369664,FALSE
29-04-1999 08:00,14.46,0.0013,1.6241472,FALSE
01-05-1999 08:00,8.194,0.0011,0.77875776,FALSE
03-05-1999 08:00,7.305,0.0014,0.8836128,FALSE
04-05-1999 08:00,6.297,0.0015,0.8160912,FALSE
05-05-1999 08:00,5.479,0.001,0.4733856,FALSE
06-05-1999 08:00,15.61,0.0017,2.2927968,FALSE
07-05-1999 08:00,12.35,0.0018,1.920672,FALSE
10-05-1999 08:00,9.641,0.001,0.8329824,FALSE
11-05-1999 08:00,10.15,0.0013,1.140048,FALSE
12-05-1999 08:00,8.789,0.0006,0.45562176,FALSE
13-05-1999 08:00,10.04,0.0008,0.6939648,FALSE
14-05-1999 08:00,9.753,0.0007,0.58986144,FALSE
15-05-1999 08:00,10.48,0.001,0.905472,FALSE
17-05-1999 08:00,11.6,0.0011,1.102464,FALSE
18-05-1999 08:00,10.39,0.0011,0.9874656,FALSE
19-05-1999 08:00,12.97,0.0013,1.4567904,FALSE
20-05-1999 08:00,16.13,0.0019,2.6479008,FALSE
21-05-1999 08:00,14.83,0.0012,1.5375744,FALSE
22-05-1999 08:00,27.71,0.0109,26.0961696,FALSE
24-05-1999 08:00,26.07,0.0091,20.4972768,FALSE
26-05-1999 08:00,224.3,0.0147,284.878944,FALSE
27-05-1999 08:00,138.5,0.0155,185.4792,FALSE
31-05-1999 08:00,245.2,0.0164,347.438592,FALSE
01-06-1999 08:00,168.3,0.0115,167.22288,FALSE
02-06-1999 08:00,94.81,0.0065,53.245296,FALSE
03-06-1999 08:00,79.28,0.0065,44.523648,FALSE
04-06-1999 08:00,65.76,0.0055,31.249152,FALSE
05-06-1999 08:00,52.84,0.0047,21.4572672,FALSE
07-06-1999 08:00,369.9,0.0241,770.220576,FALSE
08-06-1999 08:00,485,0.0586,2455.5744,FALSE
09-06-1999 08:00,547.5,0.0402,1901.6208,FALSE
10-06-1999 08:00,490.4,0.0648,2745.612288,FALSE
11-06-1999 08:00,296.1,0.0367,938.897568,FALSE
14-06-1999 08:00,257.1,0.0187,415.391328,FALSE
15-06-1999 08:00,250,0.0366,790.56,FALSE
16-06-1999 08:00,179.2,0.0535,828.33408,FALSE
17-06-1999 08:00,137.3,0.0286,339.273792,FALSE
18-06-1999 08:00,105.4,0.0247,224.932032,FALSE
19-06-1999 08:00,79.49,0.024,164.830464,FALSE
21-06-1999 08:00,95.11,0.0256,210.3681024,FALSE
22-06-1999 08:00,68.87,0.0184,109.4867712,FALSE
23-06-1999 08:00,55.36,0.0173,82.7476992,FALSE
24-06-1999 08:00,45.07,0.0165,64.251792,FALSE
25-06-1999 08:00,39.08,0.0153,51.6606336,FALSE
28-06-1999 08:00,27.54,0.0133,31.6467648,FALSE
29-06-1999 08:00,25.08,0.0116,25.1361792,FALSE
30-06-1999 08:00,22.17,0.0104,19.9210752,FALSE
01-07-1999 08:00,20.63,0.0096,17.1113472,FALSE
02-07-1999 08:00,19.43,0.0089,14.9408928,FALSE
03-07-1999 08:00,21.05,0.0091,16.550352,FALSE
05-07-1999 08:00,34.21,0.0093,27.4884192,FALSE
06-07-1999 08:00,38.04,0.0095,31.223232,FALSE
07-07-1999 08:00,48.04,0.0096,39.8462976,FALSE
08-07-1999 08:00,40.53,0.0091,31.8663072,FALSE
09-07-1999 08:00,98.91,0.0122,104.2590528,FALSE
12-07-1999 08:00,46.42,0.0104,41.7111552,FALSE
13-07-1999 08:00,40.68,0.0101,35.4989952,FALSE
14-07-1999 08:00,33.35,0.0096,27.661824,FALSE
15-07-1999 08:00,30.24,0.0092,24.0371712,FALSE
16-07-1999 08:00,31.21,0.009,24.268896,FALSE
17-07-1999 08:00,42.91,0.0095,35.220528,FALSE
19-07-1999 08:00,91.05,0.0183,143.960976,FALSE
20-07-1999 08:00,97.92,0.0214,181.0501632,FALSE
21-07-1999 08:00,74.21,0.0157,100.6643808,FALSE
22-07-1999 08:00,69.34,0.0141,84.4727616,FALSE
23-07-1999 08:00,61.58,0.0123,65.4422976,FALSE
24-07-1999 08:00,56.51,0.0096,46.8716544,FALSE
26-07-1999 08:00,46.27,0.0115,45.973872,FALSE
27-07-1999 08:00,50.33,0.0122,53.0518464,FALSE
28-07-1999 08:00,45.49,0.0107,42.0545952,FALSE
29-07-1999 08:00,44.27,0.0101,38.6317728,FALSE
30-07-1999 08:00,53.57,0.0115,53.227152,FALSE
31-07-1999 08:00,75.66,0.0118,77.1368832,FALSE
02-08-1999 08:00,105.3,0.0155,141.01776,FALSE
03-08-1999 08:00,83.31,0.0145,104.370768,FALSE
04-08-1999 08:00,64.66,0.0122,68.1568128,FALSE
05-08-1999 08:00,55.14,0.0101,48.1173696,FALSE
06-08-1999 08:00,71.15,0.0137,84.218832,FALSE
07-08-1999 08:00,52.76,0.0111,50.5989504,FALSE
09-08-1999 08:00,40.15,0.0113,39.199248,FALSE
10-08-1999 08:00,37.12,0.0108,34.6374144,FALSE
11-08-1999 08:00,41.72,0.0111,40.0111488,FALSE
12-08-1999 08:00,40.66,0.0112,39.3458688,FALSE
13-08-1999 08:00,38.07,0.0109,35.8528032,FALSE
16-08-1999 08:00,25.25,0.0096,20.94336,FALSE
17-08-1999 08:00,25.26,0.0105,22.915872,FALSE
18-08-1999 08:00,24.58,0.0105,22.298976,FALSE
19-08-1999 08:00,26.5,0.0112,25.64352,FALSE
20-08-1999 08:00,22.67,0.0108,21.1538304,FALSE
21-08-1999 08:00,22.96,0.0111,22.0195584,FALSE
23-08-1999 08:00,22.91,0.0095,18.804528,FALSE
24-08-1999 08:00,22.63,0.0104,20.3344128,FALSE
27-08-1999 08:00,33.9,0.0115,33.68304,FALSE
28-08-1999 08:00,29.97,0.0117,30.2960736,FALSE
30-08-1999 08:00,25.57,0.0112,24.7435776,FALSE
31-08-1999 08:00,24.76,0.0117,25.0293888,FALSE
01-09-1999 08:00,21.93,0.0108,20.4633216,FALSE
02-09-1999 08:00,22.43,0.0105,20.348496,FALSE
04-09-1999 08:00,23.57,0.0112,22.8082176,FALSE
06-09-1999 08:00,19.01,0.0085,13.960944,FALSE
07-09-1999 08:00,21.88,0.0109,20.6057088,FALSE
08-09-1999 08:00,19.73,0.0105,17.899056,FALSE
09-09-1999 08:00,17.9,0.0098,15.156288,FALSE
10-09-1999 08:00,16.91,0.0094,13.7336256,FALSE
13-09-1999 08:30,11.16,0.0058,5.5924992,FALSE
14-09-1999 08:00,10.93,0.0042,3.9662784,FALSE
15-09-1999 08:00,9.49,0.0036,2.9517696,FALSE
16-09-1999 08:00,8.654,0.0032,2.39265792,FALSE
17-09-1999 08:00,8.158,0.0029,2.04406848,FALSE
20-09-1999 08:00,7.143,0.0023,1.41945696,FALSE
21-09-1999 08:00,9.303,0.002,1.6075584,FALSE
22-09-1999 08:00,6.639,0.0023,1.31930208,FALSE
23-09-1999 08:00,8.462,0.0024,1.75468032,FALSE
24-09-1999 08:00,6.569,0.0024,1.36214784,FALSE
25-09-1999 08:00,10.16,0.0031,2.7212544,FALSE
27-09-1999 08:00,18.46,0.0028,4.4658432,FALSE
28-09-1999 08:00,10.36,0.0029,2.5958016,FALSE
29-09-1999 08:00,8.288,0.0032,2.29146624,FALSE
30-09-1999 08:00,24.27,0.0064,13.4203392,FALSE
01-10-1999 08:00,24.41,0.0064,13.4977536,FALSE
04-10-1999 08:00,59.59,0.0105,54.060048,FALSE
05-10-1999 08:00,89.82,0.0105,81.484704,FALSE
06-10-1999 08:00,104.5,0.0112,101.12256,FALSE
07-10-1999 08:00,86.18,0.0115,85.628448,FALSE
08-10-1999 08:00,58.02,0.0085,42.609888,FALSE
11-10-1999 08:00,49.09,0.0086,36.4758336,FALSE
12-10-1999 08:00,49.7,0.0089,38.217312,FALSE
13-10-1999 08:00,41.32,0.0084,29.9884032,FALSE
14-10-1999 08:00,70.92,0.0107,65.5641216,FALSE
18-10-1999 08:00,317.9,0.0223,612.504288,FALSE
19-10-1999 08:00,275.6,0.0544,1295.364096,FALSE
21-10-1999 08:00,271.6,0.0307,720.413568,FALSE
22-10-1999 08:00,168.2,0.0133,193.281984,FALSE
23-10-1999 08:00,202.1,0.0164,286.367616,FALSE
25-10-1999 08:00,182.5,0.0192,302.7456,FALSE
26-10-1999 08:00,151.2,0.0129,168.521472,FALSE
01-11-1999 08:00,68.01,0.0046,27.0298944,FALSE
02-11-1999 08:00,55.33,0.0046,21.9903552,FALSE
03-11-1999 08:00,49.92,0.0044,18.9775872,FALSE
04-11-1999 08:00,45.47,0.0045,17.678736,FALSE
05-11-1999 08:00,42.58,0.0045,16.555104,FALSE
06-11-1999 08:00,41.78,0.0046,16.6050432,FALSE
08-11-1999 08:00,28.74,0.0047,11.6707392,FALSE
09-11-1999 08:00,26.54,0.0045,10.318752,FALSE
10-11-1999 08:00,23.38,0.0044,8.8881408,FALSE
11-11-1999 08:00,20.93,0.0047,8.4992544,FALSE
12-11-1999 08:00,18.39,0.0048,7.6267008,FALSE
15-11-1999 08:00,18.39,0.0048,7.6267008,FALSE
16-11-1999 08:00,15.76,0.005,6.80832,FALSE
17-11-1999 08:00,14.18,0.0054,6.6158208,FALSE
18-11-1999 08:00,14.56,0.0051,6.4157184,FALSE
19-11-1999 08:00,13.72,0.0049,5.8084992,FALSE
20-11-1999 08:00,14.83,0.0051,6.5346912,FALSE
22-11-1999 08:00,73.14,0.0088,55.6098048,FALSE
24-11-1999 08:00,41.83,0.006,21.684672,FALSE
25-11-1999 08:00,31.31,0.006,16.231104,FALSE
26-11-1999 08:00,25.17,0.0059,12.8306592,FALSE
27-11-1999 08:00,22.05,0.0054,10.287648,FALSE
29-11-1999 08:00,22.38,0.006,11.601792,FALSE
30-11-1999 08:00,21.96,0.0056,10.6251264,FALSE
01-12-1999 08:00,23.12,0.0053,10.5871104,FALSE
02-12-1999 08:00,24.41,0.005,10.54512,FALSE
03-12-1999 08:00,22.1,0.0055,10.50192,FALSE
04-12-1999 08:00,17.3,0.0053,7.922016,FALSE
06-12-1999 08:00,13.84,0.0058,6.9355008,FALSE
07-12-1999 08:00,10.98,0.0041,3.8895552,FALSE
08-12-1999 08:00,9.06,0.0041,3.2094144,FALSE
09-12-1999 08:00,8.598,0.0039,2.89718208,FALSE
10-12-1999 08:00,8.282,0.0038,2.71914624,FALSE
13-12-1999 08:00,6.893,0.0038,2.26310976,FALSE
14-12-1999 08:00,6.031,0.0037,1.92799008,FALSE
15-12-1999 08:00,5.99,0.0038,1.9666368,FALSE
16-12-1999 08:00,5.801,0.0039,1.95470496,FALSE
17-12-1999 08:00,5.276,0.0034,1.54987776,FALSE
18-12-1999 08:00,4.932,0.0034,1.44882432,FALSE
20-12-1999 08:00,4.601,0.0033,1.31183712,FALSE
21-12-1999 08:00,3.385,0.0031,0.9066384,FALSE
22-12-1999 08:00,3.028,0.003,0.7848576,FALSE
23-12-1999 08:00,2.803,0.003,0.7265376,FALSE
27-12-1999 08:00,2.555,0.0033,0.7284816,FALSE
28-12-1999 08:00,2.312,0.0024,0.47941632,FALSE
29-12-1999 08:00,3.005,0.0026,0.6750432,FALSE
31-12-1999 08:00,2.486,0.0031,0.66585024,FALSE
01-01-2000 08:00,2.481,0.0031,0.66451104,FALSE
03-01-2000 08:00,2.531,0.0029,0.63416736,FALSE
04-01-2000 08:00,2.271,0.0026,0.51015744,FALSE
05-01-2000 08:00,1.867,0.0024,0.38714112,FALSE
06-01-2000 08:00,1.811,0.0021,0.32858784,FALSE
07-01-2000 08:00,1.978,0.0019,0.32470848,FALSE
10-01-2000 08:00,2.154,0.002,0.3722112,FALSE
11-01-2000 08:00,3.218,0.0023,0.63948096,FALSE
12-01-2000 08:00,4.47,0.0019,0.7337952,FALSE
13-01-2000 08:00,3.967,0.0018,0.61694784,FALSE
15-01-2000 08:00,2.715,0.0025,0.58644,FALSE
17-01-2000 08:00,1.808,0.0028,0.43739136,FALSE
18-01-2000 08:00,1.82,0.0028,0.4402944,FALSE
19-01-2000 08:00,1.769,0.0024,0.36681984,FALSE
20-01-2000 08:00,1.646,0.0024,0.34131456,FALSE
21-01-2000 08:00,1.377,0.0023,0.27363744,FALSE
22-01-2000 08:00,1.267,0.0024,0.26272512,FALSE
24-01-2000 08:00,1.289,0.0022,0.24501312,FALSE
25-01-2000 08:00,1.202,0.0022,0.22847616,FALSE
27-01-2000 08:00,1.027,0.0019,0.16859232,FALSE
28-01-2000 08:00,0.99,0.0019,0.1625184,FALSE
29-01-2000 08:00,1.081,0.0019,0.17745696,FALSE
31-01-2000 08:00,0.733,0.0013,0.08233056,FALSE
01-02-2000 08:00,0.784,0.0014,0.09483264,FALSE
02-02-2000 08:00,0.783,0.0014,0.09471168,FALSE
03-02-2000 08:00,0.701,0.0012,0.07267968,FALSE
04-02-2000 08:00,0.811,0.0014,0.09809856,FALSE
05-02-2000 08:00,0.729,0.0013,0.08188128,FALSE
07-02-2000 08:00,33.2,0.0143,41.019264,FALSE
08-02-2000 08:00,11.56,0.0044,4.3946496,FALSE
09-02-2000 08:00,8.724,0.0037,2.78888832,FALSE
10-02-2000 08:00,8.941,0.0038,2.93550912,FALSE
11-02-2000 08:00,11.52,0.0039,3.8817792,FALSE
14-02-2000 08:00,11.31,0.0037,3.6155808,FALSE
15-02-2000 08:00,7.338,0.0037,2.34581184,FALSE
16-02-2000 08:00,5.502,0.0025,1.188432,FALSE
17-02-2000 08:00,4.395,0.0028,1.0632384,FALSE
18-02-2000 08:00,3.229,0.0027,0.75326112,FALSE
19-02-2000 08:00,2.684,0.0028,0.64931328,FALSE
21-02-2000 08:00,2.469,0.0032,0.68262912,FALSE
22-02-2000 08:00,2.513,0.003,0.6513696,FALSE
23-02-2000 08:00,2.557,0.0029,0.64068192,FALSE
24-02-2000 08:00,5.197,0.0026,1.16745408,FALSE
25-02-2000 08:00,4.839,0.0025,1.045224,FALSE
26-02-2000 08:00,7.904,0.0033,2.25358848,FALSE
28-02-2000 08:00,13.41,0.0037,4.2869088,FALSE
29-02-2000 08:00,8.055,0.0037,2.5750224,FALSE
01-03-2000 08:00,7.454,0.0029,1.86767424,FALSE
02-03-2000 08:00,5.211,0.0025,1.125576,FALSE
03-03-2000 08:00,4.379,0.0028,1.05936768,FALSE
04-03-2000 08:00,3.225,0.003,0.83592,FALSE
06-03-2000 08:00,2.712,0.0039,0.91383552,FALSE
07-03-2000 08:00,2.564,0.0043,0.95257728,FALSE
08-03-2000 08:00,2.218,0.004,0.7665408,FALSE
09-03-2000 08:00,1.847,0.0044,0.70215552,FALSE
10-03-2000 08:00,3.268,0.0028,0.79059456,FALSE
13-03-2000 08:00,4.201,0.0026,0.94371264,FALSE
14-03-2000 08:00,4.345,0.0029,1.0886832,FALSE
15-03-2000 08:00,2.561,0.0033,0.73019232,FALSE
16-03-2000 08:00,6.605,0.0029,1.6549488,FALSE
18-03-2000 08:00,2.74,0.003,0.710208,FALSE
20-03-2000 08:00,1.656,0.0026,0.37200384,FALSE
21-03-2000 08:00,1.626,0.0023,0.32311872,FALSE
22-03-2000 08:00,1.495,0.0021,0.2712528,FALSE
23-03-2000 08:00,1.71,0.0019,0.2807136,FALSE
24-03-2000 08:00,1.507,0.0018,0.23436864,FALSE
25-03-2000 08:00,1.45,0.0017,0.212976,FALSE
27-03-2000 08:00,1.881,0.0018,0.29253312,FALSE
28-03-2000 08:00,1.693,0.0019,0.27792288,FALSE
29-03-2000 08:00,1.27,0.0015,0.164592,FALSE
30-03-2000 08:00,1.27,0.0017,0.1865376,FALSE
31-03-2000 08:00,1.797,0.002,0.3105216,FALSE
01-04-2000 08:00,1.349,0.0018,0.20979648,FALSE
03-04-2000 08:00,1.802,0.001,0.1556928,FALSE
04-04-2000 08:00,1.266,0.0018,0.19688832,FALSE
05-04-2000 08:00,5.096,0.0027,1.18879488,FALSE
06-04-2000 08:00,18.85,0.0035,5.70024,FALSE
07-04-2000 08:00,8.358,0.0039,2.81631168,FALSE
10-04-2000 08:00,3.259,0.0028,0.78841728,FALSE
11-04-2000 08:00,2.558,0.003,0.6630336,FALSE
12-04-2000 08:00,1.828,0.0025,0.394848,FALSE
13-04-2000 08:00,1.858,0.0026,0.41738112,FALSE
15-04-2000 08:00,1.3,0.003,0.33696,FALSE
17-04-2000 08:00,1.15,0.0028,0.278208,FALSE
18-04-2000 08:00,4.154,0.0028,1.00493568,FALSE
19-04-2000 08:00,3.451,0.0029,0.86468256,FALSE
20-04-2000 08:00,2.695,0.0028,0.6519744,FALSE
22-04-2000 08:00,5.447,0.0025,1.176552,FALSE
24-04-2000 08:00,8.251,0.0028,1.99608192,FALSE
25-04-2000 08:00,3.678,0.003,0.9533376,FALSE
26-04-2000 08:00,2.461,0.0034,0.72294336,FALSE
27-04-2000 08:00,1.972,0.0029,0.49410432,FALSE
28-04-2000 08:00,1.421,0.0029,0.35604576,FALSE
29-04-2000 08:00,1.314,0.0027,0.30652992,FALSE
01-05-2000 08:00,1.06,0.0026,0.2381184,FALSE
02-05-2000 08:00,1.376,0.0019,0.22588416,FALSE
03-05-2000 08:00,1.409,0.0023,0.27999648,FALSE
04-05-2000 08:00,1.214,0.0018,0.18880128,FALSE
05-05-2000 08:00,2.038,0.0015,0.2641248,FALSE
06-05-2000 08:00,1.429,0.0021,0.25927776,FALSE
08-05-2000 08:00,1.873,0.0018,0.29128896,FALSE
09-05-2000 08:00,2.229,0.0016,0.30813696,FALSE
10-05-2000 08:00,1.678,0.0017,0.24646464,FALSE
11-05-2000 08:00,3.563,0.0028,0.86196096,FALSE
12-05-2000 08:00,2.631,0.0027,0.61375968,FALSE
15-05-2000 08:00,0.986,0.0018,0.15334272,FALSE
16-05-2000 08:00,0.881,0.0015,0.1141776,FALSE
17-05-2000 08:00,0.919,0.0015,0.1191024,FALSE
19-05-2000 08:00,2.136,0.0015,0.2768256,FALSE
20-05-2000 08:00,2.023,0.0013,0.22722336,FALSE
22-05-2000 08:00,1.76,0.0014,0.2128896,FALSE
23-05-2000 08:00,1.049,0.0012,0.10876032,FALSE
24-05-2000 08:00,0.9591,0.0012,0.099439488,FALSE
25-05-2000 08:00,1.039,0.0011,0.09874656,FALSE
26-05-2000 08:00,2.149,0.0011,0.20424096,FALSE
27-05-2000 08:00,4.756,0.0022,0.90402048,FALSE
29-05-2000 08:00,2.346,0.0024,0.48646656,FALSE
30-05-2000 08:00,2.574,0.002,0.4447872,FALSE
31-05-2000 08:00,1.951,0.0012,0.20227968,FALSE
01-06-2000 08:30,2.2628691,0.0024,0.469228537,FALSE
05-06-2000 08:00,3.161,0.002,0.5462208,FALSE
06-06-2000 08:00,10.71,0.0021,1.9432224,FALSE
07-06-2000 08:00,42.59,0.0067,24.6544992,FALSE
08-06-2000 10:30,94.52295,0.008,65.33426304,FALSE
09-06-2000 08:00,94.06,0.0085,69.077664,FALSE
12-06-2000 08:00,38.58,0.0052,17.3332224,FALSE
13-06-2000 08:00,39.61,0.0084,28.7473536,FALSE
14-06-2000 08:00,30.67,0.0016,4.2398208,FALSE
16-06-2000 08:00,28.26,0.0017,4.1508288,FALSE
17-06-2000 08:00,23.87,0.0045,9.280656,FALSE
19-06-2000 08:00,29.53,0.0045,11.481264,FALSE
20-06-2000 08:00,37.25,0.0065,20.9196,FALSE
21-06-2000 08:00,44.6,0.0082,31.598208,FALSE
22-06-2000 08:00,51.72,0.0083,37.0894464,FALSE
23-06-2000 08:00,40.35,0.008,27.88992,FALSE
24-06-2000 08:00,38.67,0.01,33.41088,FALSE
26-06-2000 08:00,31.51,0.0069,18.7850016,FALSE
27-06-2000 08:00,74.58,0.0109,70.2364608,FALSE
28-06-2000 08:00,87.39,0.0114,86.0756544,FALSE
29-06-2000 08:00,70.08,0.0103,62.3655936,FALSE
30-06-2000 08:00,123.6,0.0153,163.389312,FALSE
01-07-2000 08:00,205,0.0131,232.0272,FALSE
03-07-2000 08:00,134.2,0.0117,135.660096,FALSE
04-07-2000 08:00,85.15,0.0115,84.60504,FALSE
05-07-2000 08:00,68.13,0.0092,54.1551744,FALSE
06-07-2000 08:00,51.86,0.0078,34.9494912,FALSE
07-07-2000 08:00,57.24,0.009,44.509824,FALSE
10-07-2000 08:00,58.47,0.0088,44.4559104,FALSE
11-07-2000 08:00,51.48,0.0079,35.1381888,FALSE
12-07-2000 08:00,52.68,0.0083,37.7778816,FALSE
13-07-2000 08:00,63.26,0.0093,50.8306752,FALSE
14-07-2000 08:00,49.16,0.007,29.731968,FALSE
15-07-2000 08:00,39.72,0.0073,25.0521984,FALSE
17-07-2000 08:00,35,0.0072,21.7728,FALSE
18-07-2000 08:00,32.98,0.0066,18.8065152,FALSE
19-07-2000 08:00,30.96,0.0068,18.1896192,FALSE
20-07-2000 08:00,23.87,0.0064,13.1991552,FALSE
21-07-2000 08:00,15.38,0.0071,9.4347072,FALSE
22-07-2000 08:00,12.86,0.0079,8.7777216,FALSE
24-07-2000 08:00,12.15,0.0055,5.77368,FALSE
25-07-2000 08:00,10.02,0.0053,4.5883584,FALSE
26-07-2000 08:00,8.626,0.0061,4.54624704,FALSE
27-07-2000 08:00,8.324,0.0059,4.24324224,FALSE
28-07-2000 08:00,8.627,0.0058,4.32316224,FALSE
29-07-2000 08:00,10.39,0.0056,5.0270976,FALSE
31-07-2000 08:00,8.058,0.0059,4.10764608,FALSE
01-08-2000 08:00,7.733,0.0061,4.07560032,FALSE
02-08-2000 08:00,14.94,0.0093,12.0045888,FALSE
03-08-2000 08:00,10.96,0.0066,6.2498304,FALSE
04-08-2000 08:00,8.747,0.0067,5.06346336,FALSE
05-08-2000 08:00,10.48,0.0072,6.5193984,FALSE
07-08-2000 08:00,22.46,0.0097,18.8232768,FALSE
08-08-2000 08:00,35.56,0.0105,32.260032,FALSE
10-08-2000 08:00,94.82,0.0111,90.9361728,FALSE
11-08-2000 08:00,73.21,0.0084,53.1328896,FALSE
14-08-2000 08:00,33.73,0.0074,21.5656128,FALSE
16-08-2000 08:00,57.64,0.0076,37.8487296,FALSE
17-08-2000 08:00,38.93,0.0075,25.22664,FALSE
18-08-2000 08:00,66.27,0.0074,42.3703872,FALSE
19-08-2000 08:00,53.56,0.0076,35.1696384,FALSE
21-08-2000 08:00,102.2,0.01,88.3008,FALSE
23-08-2000 08:00,180.2,0.0235,365.87808,FALSE
24-08-2000 08:00,278.5,0.0209,502.90416,FALSE
25-08-2000 08:00,380.5,0.0321,1055.29392,FALSE
26-08-2000 08:00,575.9,0.0843,4194.579168,FALSE
28-08-2000 08:00,378.4,0.0128,418.480128,FALSE
29-08-2000 08:00,238.3,0.0125,257.364,FALSE
30-08-2000 08:00,165.9,0.0106,151.937856,FALSE
31-08-2000 08:00,121.5,0.0099,103.92624,FALSE
02-09-2000 08:00,69.71,0.0077,46.3766688,FALSE
04-09-2000 08:00,49.33,0.0075,31.96584,FALSE
05-09-2000 08:00,40.05,0.0081,28.028592,FALSE
06-09-2000 08:00,36.47,0.0081,25.5231648,FALSE
07-09-2000 08:00,33.93,0.0073,21.4003296,FALSE
08-09-2000 08:00,31.59,0.0073,19.9244448,FALSE
12-09-2000 08:00,21.84,0.0044,8.3026944,FALSE
13-09-2000 08:00,18.82,0.0046,7.4798208,FALSE
14-09-2000 08:00,17.74,0.0051,7.8169536,FALSE
15-09-2000 08:00,18.08,0.0051,7.9667712,FALSE
16-09-2000 08:00,74.52,0.008,51.508224,FALSE
18-09-2000 08:00,27.18,0.0065,15.264288,FALSE
19-09-2000 08:00,24.27,0.0062,13.0009536,FALSE
20-09-2000 08:00,19.88,0.0046,7.9011072,FALSE
21-09-2000 08:00,92.17,0.0094,74.8567872,FALSE
22-09-2000 08:00,63.46,0.0095,52.087968,FALSE
23-09-2000 08:00,71.85,0.0088,54.628992,FALSE
25-09-2000 08:00,80.55,0.0086,59.851872,FALSE
26-09-2000 08:00,59.25,0.0077,39.41784,FALSE
27-09-2000 08:00,45.59,0.0076,29.9362176,FALSE
28-09-2000 08:00,311.4,0.0118,317.478528,FALSE
29-09-2000 08:00,152.7,0.0113,149.084064,FALSE
30-09-2000 08:00,133.8,0.0109,126.007488,FALSE
03-10-2000 09:00,240.92651,0.0206,428.8106396,FALSE
04-10-2000 08:30,144.98225,0.0111,139.043777,FALSE
05-10-2000 08:30,115.08365,0.0107,106.3925328,FALSE
06-10-2000 08:30,85.42303,0.0101,74.5435529,FALSE
09-10-2000 09:00,99.61015,0.01,86.0631696,FALSE
10-10-2000 08:30,64.55806,0.0078,43.5069678,FALSE
11-10-2000 08:30,54.09327,0.0076,35.51980481,FALSE
12-10-2000 08:30,45.700237,0.0076,30.00860362,FALSE
13-10-2000 08:30,41.389793,0.0081,28.96623273,FALSE
16-10-2000 08:30,97.11488,0.0102,85.58540145,FALSE
17-10-2000 08:30,129.21576,0.0122,136.2037483,FALSE
18-10-2000 08:30,69.48064,0.0086,51.62689475,FALSE
19-10-2000 08:30,65.838684,0.0083,47.21423707,FALSE
20-10-2000 08:30,60.18129,0.008,41.59730765,FALSE
21-10-2000 08:30,46.5626,0.008,32.18406912,FALSE
23-10-2000 08:30,32.989826,0.0067,19.09715047,FALSE
24-10-2000 08:30,30.597298,0.0072,19.03396714,FALSE
25-10-2000 08:30,29.528685,0.007,17.85894869,FALSE
27-10-2000 08:30,23.795364,0.0068,13.98025226,FALSE
28-10-2000 08:30,19.678593,0.0059,10.03135957,FALSE
30-10-2000 08:30,16.20483,0.0054,7.560525485,FALSE
31-10-2000 08:30,14.816447,0.0048,6.1446769,FALSE
01-11-2000 08:30,14.109827,0.0034,4.14490278,FALSE
02-11-2000 08:30,13.782546,0.0026,3.096111133,FALSE
03-11-2000 08:30,13.144531,0.0026,2.952787444,FALSE
04-11-2000 08:30,14.832259,0.0026,3.331918662,FALSE
06-11-2000 08:30,12.50415,0.0026,2.808932256,FALSE
07-11-2000 08:30,11.727994,0.0017,1.722607759,FALSE
08-11-2000 08:30,10.329915,0.0017,1.517257915,FALSE
09-11-2000 08:30,9.873801,0.0016,1.36495425,FALSE
10-11-2000 08:30,9.572729,0.0015,1.240625678,FALSE
13-11-2000 08:30,6.4754157,0.0016,0.895161466,FALSE
14-11-2000 08:30,6.3618855,0.0015,0.824500361,FALSE
15-11-2000 08:30,6.1692286,0.0015,0.799532027,FALSE
16-11-2000 08:30,5.6554866,0.0016,0.781814468,FALSE
17-11-2000 08:30,5.578591,0.0016,0.77118442,FALSE
18-11-2000 08:30,5.1158175,0.0016,0.707210611,FALSE
20-11-2000 08:30,5.892075,0.0016,0.814520448,FALSE
21-11-2000 08:30,28.329956,0.002,4.895416397,FALSE
22-11-2000 08:30,23.624796,0.0023,4.694719461,FALSE
23-11-2000 08:30,56.27042,0.0036,17.50235144,FALSE
24-11-2000 08:30,29.573582,0.0036,9.198566945,FALSE
25-11-2000 08:30,18.548143,0.0034,5.448702488,FALSE
27-11-2000 08:30,11.585662,0.0017,1.701702035,FALSE
28-11-2000 08:30,9.748903,0.0024,2.021532526,FALSE
29-11-2000 08:30,9.043312,0.0024,1.875221176,FALSE
01-12-2000 08:30,8.56503,0.0021,1.554039043,FALSE
02-12-2000 08:30,6.448918,0.002,1.11437303,FALSE
04-12-2000 08:30,9.765154,0.002,1.687418611,FALSE
05-12-2000 08:30,6.1163073,0.002,1.056897901,FALSE
06-12-2000 08:30,10.148144,0.0019,1.665919319,FALSE
07-12-2000 08:30,6.368003,0.002,1.100390918,FALSE
08-12-2000 08:30,5.388338,0.0019,0.884549566,FALSE
11-12-2000 08:30,3.8867233,0.0017,0.570881918,FALSE
12-12-2000 08:30,3.829641,0.0017,0.56249767,FALSE
13-12-2000 08:30,3.486307,0.0017,0.512068772,FALSE
14-12-2000 08:30,2.9131742,0.0016,0.402717201,FALSE
15-12-2000 08:30,3.124898,0.0015,0.404986781,FALSE
16-12-2000 08:30,3.124898,0.0016,0.4319859,FALSE
18-12-2000 08:30,2.7453895,0.0015,0.355802479,FALSE
19-12-2000 08:30,2.738304,0.0013,0.307566305,FALSE
20-12-2000 08:30,2.7686136,0.0014,0.334891501,FALSE
21-12-2000 08:30,2.7247677,0.0015,0.353129894,FALSE
22-12-2000 08:30,2.5395083,0.0014,0.307178924,FALSE
23-12-2000 08:30,2.5076737,0.0014,0.303328211,FALSE
28-12-2000 08:30,4.124743,0.0018,0.641480031,FALSE
29-12-2000 08:30,66.671745,0.0076,43.77933464,FALSE
01-01-2001 08:30,19.106083,0.0036,5.942756056,FALSE
02-01-2001 08:30,44.144123,0.0055,20.97728725,FALSE
03-01-2001 08:30,54.552998,0.0058,27.33759836,FALSE
04-01-2001 08:30,32.33595,0.0035,9.77839128,FALSE
05-01-2001 08:30,24.379105,0.0036,7.582876819,FALSE
06-01-2001 08:30,17.75911,0.0036,5.523793574,FALSE
08-01-2001 08:30,11.866026,0.0025,2.563061616,FALSE
09-01-2001 08:30,10.015926,0.0022,1.903827214,FALSE
15-01-2001 08:30,6.319838,0.0024,1.310481608,FALSE
16-01-2001 08:30,5.533002,0.0022,1.05171302,FALSE
17-01-2001 08:30,8.980831,0.002,1.551887597,FALSE
18-01-2001 08:30,4.886577,0.002,0.844400506,FALSE
19-01-2001 08:30,4.628292,0.002,0.799768858,FALSE
20-01-2001 08:30,4.439872,0.002,0.767209882,FALSE
22-01-2001 08:30,3.1362083,0.0019,0.514839955,FALSE
23-01-2001 08:30,3.105192,0.0018,0.48291946,FALSE
24-01-2001 08:30,3.0597112,0.0017,0.449410381,FALSE
25-01-2001 08:30,2.8122742,0.0017,0.413066834,FALSE
27-01-2001 08:30,3.2367349,0.0016,0.447446233,FALSE
29-01-2001 08:30,2.6184733,0.0016,0.361977749,FALSE
30-01-2001 08:30,2.520789,0.0016,0.348473871,FALSE
31-01-2001 08:30,2.510455,0.0015,0.325354968,FALSE
01-02-2001 08:30,2.39141,0.0015,0.309926736,FALSE
02-02-2001 08:30,4.8644843,0.0015,0.630437165,FALSE
03-02-2001 08:30,9.243161,0.0016,1.277774577,FALSE
05-02-2001 08:00,9.64,0.0016,1.3326336,FALSE
06-02-2001 08:00,6.559,0.0016,0.90671616,FALSE
07-02-2001 08:30,5.3872905,0.0015,0.698192849,FALSE
08-02-2001 08:30,3.329808,0.0016,0.460312658,FALSE
09-02-2001 08:30,3.2285776,0.0016,0.446318567,FALSE
12-02-2001 08:30,2.5218866,0.0015,0.326836503,FALSE
13-02-2001 08:30,2.406203,0.0014,0.291054315,FALSE
14-02-2001 08:30,2.017902,0.0014,0.244085426,FALSE
15-02-2001 08:30,1.5858585,0.0013,0.178123627,FALSE
16-02-2001 08:30,1.5856336,0.0014,0.19179824,FALSE
17-02-2001 08:30,1.9812696,0.0013,0.222536201,FALSE
19-02-2001 08:30,1.9941939,0.0014,0.241217694,FALSE
20-02-2001 08:30,2.0168116,0.0013,0.226528279,FALSE
26-02-2001 08:30,1.5827917,0.0013,0.177779164,FALSE
27-02-2001 08:30,1.4650337,0.0013,0.164552585,FALSE
07-03-2001 08:30,0.78039014,0.0011,0.074168279,FALSE
08-03-2001 08:30,0.7783301,0.001,0.067247721,FALSE
09-03-2001 08:30,0.7903292,0.001,0.068284443,FALSE
12-03-2001 08:30,0.93390423,0.001,0.080689325,FALSE
13-03-2001 08:30,0.8783823,0.0011,0.083481454,FALSE
14-03-2001 08:30,0.7946062,0.0009,0.061788578,FALSE
15-03-2001 08:30,0.789812,0.0009,0.061415781,FALSE
16-03-2001 08:30,0.8836791,0.001,0.076349874,FALSE
17-03-2001 08:30,0.9857109,0.001,0.085165422,FALSE
19-03-2001 08:30,0.93549937,0.001,0.080827146,FALSE
20-03-2001 08:30,0.9267432,0.001,0.080070612,FALSE
21-03-2001 08:30,0.93052286,0.001,0.080397175,FALSE
22-03-2001 08:30,0.82019615,0.001,0.070864947,FALSE
23-03-2001 08:30,0.7931806,0.0009,0.061677723,FALSE
24-03-2001 08:30,0.8191544,0.0009,0.063697446,FALSE
26-03-2001 08:30,0.7032092,0.0009,0.054681547,FALSE
27-03-2001 08:30,0.6830006,0.0009,0.053110127,FALSE
28-03-2001 08:30,0.519686,0.0008,0.035920696,FALSE
29-03-2001 08:30,0.506831,0.0009,0.039411179,FALSE
30-03-2001 08:30,0.30216005,0.001,0.026106628,FALSE
31-03-2001 08:30,0.30403915,0.0009,0.023642084,FALSE
02-04-2001 08:30,0.7872709,0.0009,0.061218185,FALSE
03-04-2001 08:30,0.6658016,0.0008,0.046020207,FALSE
04-04-2001 08:30,0.770716,0.0009,0.059930876,FALSE
07-04-2001 08:30,0.9304592,0.001,0.080391675,FALSE
09-04-2001 08:30,5.5710254,0.0015,0.722004892,FALSE
11-04-2001 08:30,19.378775,0.0052,8.706496032,FALSE
12-04-2001 08:30,27.974648,0.0056,13.53525369,FALSE
16-04-2001 08:30,13.882182,0.0058,6.956639044,FALSE
17-04-2001 08:30,12.334413,0.0039,4.156203804,FALSE
18-04-2001 08:30,25.634163,0.0043,9.523604238,FALSE
19-04-2001 08:30,31.45796,0.0053,14.40522904,FALSE
20-04-2001 08:30,55.986492,0.0053,25.63733442,FALSE
21-04-2001 08:30,32.863102,0.0038,10.78961365,FALSE
23-04-2001 08:30,18.187872,0.0039,6.128585349,FALSE
24-04-2001 08:30,15.110157,0.0043,5.613725529,FALSE
25-04-2001 08:30,12.323331,0.0035,3.726575294,FALSE
26-04-2001 08:30,9.635541,0.0033,2.74728545,FALSE
27-04-2001 08:30,18.274834,0.0056,8.842095683,FALSE
28-04-2001 08:30,25.64922,0.0053,11.74529082,FALSE
30-04-2001 08:30,33.964836,0.0056,16.43354625,FALSE
01-05-2001 08:30,57.519848,0.0066,32.80011812,FALSE
02-05-2001 08:30,34.31062,0.0061,18.08306916,FALSE
03-05-2001 08:00,28.07,0.0051,12.3687648,FALSE
04-05-2001 08:30,24.18752,0.0041,8.568187085,FALSE
05-05-2001 08:30,15.394193,0.0048,6.384279721,FALSE
08-05-2001 08:30,25.482222,0.0047,10.34782071,FALSE
09-05-2001 08:30,14.558399,0.0045,5.660305531,FALSE
11-05-2001 08:30,10.131972,0.0034,2.976368095,FALSE
14-05-2001 08:30,6.1651874,0.0034,1.811085451,FALSE
15-05-2001 08:30,6.059465,0.0033,1.727674661,FALSE
16-05-2001 08:30,3.3554103,0.0034,0.98568533,FALSE
17-05-2001 08:30,3.1637259,0.0034,0.92937612,FALSE
18-05-2001 08:30,3.0217853,0.0032,0.8354632,FALSE
19-05-2001 08:30,2.8848658,0.003,0.747757215,FALSE
24-05-2001 08:30,6.7608557,0.0034,1.98606897,FALSE
25-05-2001 08:30,5.8180666,0.0034,1.709115244,FALSE
26-05-2001 08:30,3.5865424,0.0034,1.053582695,FALSE
28-05-2001 08:30,6.0297437,0.0033,1.719200524,FALSE
29-05-2001 08:30,14.325815,0.0042,5.198551747,FALSE
30-05-2001 08:30,19.023241,0.0038,6.245710485,FALSE
31-05-2001 08:30,39.449505,0.0053,18.06471733,FALSE
01-06-2001 08:30,26.94,0.0036,8.3794176,FALSE
02-06-2001 08:30,17.762953,0.0039,5.985404643,FALSE
05-06-2001 08:30,18.070185,0.0041,6.401182334,FALSE
06-06-2001 08:30,29.553688,0.0052,13.27788094,FALSE
07-06-2001 08:30,58.638405,0.0063,31.91805661,FALSE
08-06-2001 08:30,65.76007,0.0066,37.49902232,FALSE
11-06-2001 08:30,55.258064,0.0052,24.82634299,FALSE
12-06-2001 08:30,89.979546,0.0218,169.4782745,FALSE
13-06-2001 08:30,108.50933,0.0134,125.6277619,FALSE
14-06-2001 08:30,102.06181,0.0219,193.1172744,FALSE
15-06-2001 08:30,66.43407,0.008,45.91922918,FALSE
16-06-2001 08:30,56.543774,0.0165,80.60880421,FALSE
18-06-2001 08:30,38.887047,0.0083,27.88667914,FALSE
19-06-2001 08:30,42.508366,0.0129,47.37812441,FALSE
20-06-2001 08:30,45.77171,0.0025,9.88668936,FALSE
21-06-2001 08:30,46.10396,0.0134,53.37732073,FALSE
22-06-2001 08:30,86.94197,0.0157,117.9350435,FALSE
23-06-2001 08:30,88.08252,0.0098,74.58123133,FALSE
25-06-2001 08:45,184.61214,0.0225,358.8860002,FALSE
26-06-2001 08:30,166.02075,0.0121,173.5647329,FALSE
27-06-2001 08:30,125.97145,0.0125,136.049166,FALSE
28-06-2001 08:30,91.53036,0.0158,124.949925,FALSE
29-06-2001 08:30,80.84494,0.0088,61.46802478,FALSE
30-06-2001 08:30,76.18327,0.0076,50.02498241,FALSE
02-07-2001 08:45,48.94882,0.0052,21.99172585,FALSE
03-07-2001 08:45,73.46827,0.0077,48.87697067,FALSE
04-07-2001 08:45,89.83022,0.0087,67.52357977,FALSE
05-07-2001 08:45,139.59612,0.0131,158.0004725,FALSE
06-07-2001 08:45,146.8299,0.0154,195.3659917,FALSE
07-07-2001 08:45,178.44508,0.0182,280.6013194,FALSE
09-07-2001 09:00,529.9854,0.1423,6516.022097,FALSE
10-07-2001 09:00,677.4639,0.1355,7931.20537,FALSE
11-07-2001 09:00,614.2466,0.0394,2090.993706,FALSE
12-07-2001 09:00,415.2546,0.0267,957.9425316,FALSE
13-07-2001 09:00,238.97299,0.0121,249.8319227,FALSE
16-07-2001 08:30,70.82434,0.0081,49.56570611,FALSE
17-07-2001 08:30,60.077194,0.0083,43.08255736,FALSE
18-07-2001 08:30,51.23894,0.0156,69.06189289,FALSE
19-07-2001 08:30,43.05996,0.0109,40.55214793,FALSE
20-07-2001 08:30,37.702,0.0078,25.40813184,FALSE
21-07-2001 08:30,31.706114,0.005,13.69704125,FALSE
23-07-2001 08:30,17.715248,0.0053,8.112166364,FALSE
24-07-2001 08:30,17.523432,0.0058,8.781342244,FALSE
25-07-2001 08:30,16.930376,0.0053,7.752757778,FALSE
26-07-2001 08:30,24.715767,0.0059,12.59910939,FALSE
27-07-2001 08:30,19.346642,0.0064,10.69791916,FALSE
28-07-2001 08:30,19.680527,0.006,10.2023852,FALSE
30-07-2001 08:30,37.53225,0.0078,25.29373392,FALSE
31-07-2001 08:30,29.495096,0.005,12.74188147,FALSE
01-08-2001 08:30,29.34864,0.0049,12.42504023,FALSE
02-08-2001 08:30,46.63818,0.0052,20.95360151,FALSE
03-08-2001 08:30,37.138256,0.0046,14.76022846,FALSE
04-08-2001 08:30,37.649323,0.0021,6.831093165,FALSE
06-08-2001 08:30,57.53703,0.0052,25.85023684,FALSE
07-08-2001 08:30,46.32021,0.003,12.00619843,FALSE
08-08-2001 08:30,36.89602,0.0056,17.85177032,FALSE
09-08-2001 08:30,29.751587,0.0039,10.02509476,FALSE
10-08-2001 08:30,24.031212,0.0076,15.77985505,FALSE
13-08-2001 08:30,20.999931,0.0043,7.801894365,FALSE
14-08-2001 08:30,15.549709,0.0038,5.105280459,FALSE
16-08-2001 08:30,14.953574,0.0031,4.00516526,FALSE
17-08-2001 08:30,15.703705,0.0034,4.613120381,FALSE
18-08-2001 08:30,15.031534,0.0032,4.15591852,FALSE
20-08-2001 08:30,25.82293,0.0028,6.247083226,FALSE
21-08-2001 08:30,35.847996,0.0027,8.362620507,FALSE
22-08-2001 08:30,29.471964,0.003,7.639133069,FALSE
23-08-2001 08:30,32.204323,0.0029,8.069115171,FALSE
24-08-2001 08:30,47.07687,0.0028,11.38883639,FALSE
25-08-2001 08:30,74.293434,0.0032,20.54064863,FALSE
27-08-2001 08:30,168.91418,0.0048,70.05208873,FALSE
28-08-2001 08:30,92.09751,0.0035,27.85028702,FALSE
29-08-2001 08:30,71.94562,0.0035,21.75635549,FALSE
30-08-2001 08:30,53.098408,0.0033,15.13941809,FALSE
03-09-2001 08:30,23.00697,0.0033,6.559747286,FALSE
04-09-2001 08:30,19.411598,0.0031,5.199202408,FALSE
05-09-2001 08:30,21.133076,0.0032,5.842872852,FALSE
06-09-2001 08:30,17.070726,0.0033,4.867205397,FALSE
07-09-2001 08:30,15.305262,0.0032,4.231598838,FALSE
10-09-2001 08:30,11.983271,0.0025,2.588386536,FALSE
11-09-2001 08:30,11.347752,0.0028,2.745248164,FALSE
12-09-2001 08:30,10.759787,0.0027,2.510043111,FALSE
13-09-2001 08:30,10.484603,0.0027,2.445848188,FALSE
14-09-2001 08:30,7.730734,0.0029,1.937012711,FALSE
15-09-2001 08:30,7.6662297,0.0027,1.788378064,FALSE
17-09-2001 08:30,6.7990565,0.0027,1.5860839,FALSE
18-09-2001 08:30,6.618304,0.0027,1.543917957,FALSE
19-09-2001 08:30,6.458993,0.0026,1.450948188,FALSE
20-09-2001 08:30,12.925171,0.0027,3.015183891,FALSE
21-09-2001 08:30,12.718056,0.0027,2.966868104,FALSE
22-09-2001 08:30,16.79287,0.003,4.352711904,FALSE
24-09-2001 08:30,30.772923,0.0045,11.96451246,FALSE
25-09-2001 08:30,37.461388,0.0041,13.27032209,FALSE
26-09-2001 08:30,53.242226,0.0048,22.08061597,FALSE
27-09-2001 08:30,50.3173,0.0048,20.86759066,FALSE
28-09-2001 08:30,39.98969,0.0035,12.09288226,FALSE
29-09-2001 08:30,36.52915,0.0034,10.7308031,FALSE
01-10-2001 08:30,143.29475,0.0095,117.6163308,FALSE
03-10-2001 08:30,75.55025,0.0074,48.30380784,FALSE
04-10-2001 08:30,57.607174,0.0072,35.8362708,FALSE
05-10-2001 08:30,42.60146,0.0071,26.13343962,FALSE
06-10-2001 08:30,36.728527,0.0058,18.40539945,FALSE
08-10-2001 08:30,22.851892,0.0058,11.45154012,FALSE
09-10-2001 08:30,19.965504,0.0072,12.42014073,FALSE
10-10-2001 08:30,18.554554,0.0071,11.38210561,FALSE
11-10-2001 08:30,18.761066,0.0093,15.07489175,FALSE
12-10-2001 08:30,25.364975,0.005,10.9576692,FALSE
15-10-2001 08:30,78.34628,0.015,101.5367789,FALSE
16-10-2001 08:30,77.42646,0.0108,72.24817836,FALSE
17-10-2001 08:30,78.729004,0.0103,70.06251524,FALSE
18-10-2001 08:30,62.114723,0.0086,46.15372378,FALSE
19-10-2001 08:30,54.039845,0.0071,33.15020252,FALSE
20-10-2001 08:30,113.8439,0.1065,1047.54603,FALSE
22-10-2001 08:30,134.58319,0.0321,373.2584025,FALSE
23-10-2001 08:30,108.80527,0.0142,133.4910097,FALSE
24-10-2001 08:30,75.88285,0.022,144.2381213,FALSE
27-10-2001 08:30,91.931114,0.0275,218.4283269,FALSE
29-10-2001 08:30,143.76338,0.0532,660.8055009,FALSE
30-10-2001 08:30,122.07582,0.0193,203.5638714,FALSE
31-10-2001 08:30,141.18082,0.0771,940.4675616,FALSE
01-11-2001 08:30,139.86589,0.0244,294.8596747,FALSE
02-11-2001 08:30,89.436005,0.0292,225.6363083,FALSE
03-11-2001 08:30,90.76044,0.0442,346.6032291,FALSE
05-11-2001 08:30,74.82865,0.0192,124.1317509,FALSE
06-11-2001 08:45,178.80872,0.0603,931.5791265,FALSE
07-11-2001 08:30,109.13357,0.0172,162.1812157,FALSE
08-11-2001 08:30,125.70911,0.0226,245.4646366,FALSE
09-11-2001 08:30,88.91451,0.0107,82.1996862,FALSE
12-11-2001 08:30,106.375946,0.0182,167.2740476,FALSE
13-11-2001 08:30,77.835686,0.01,67.2500327,FALSE
15-11-2001 08:30,145.28561,0.1203,1510.087007,FALSE
16-11-2001 08:30,134.48306,0.0742,862.1547597,FALSE
17-11-2001 08:45,371.83807,0.2259,7257.446209,FALSE
19-11-2001 08:30,150.67142,0.0583,758.9500231,FALSE
20-11-2001 08:30,111.33635,0.0268,257.8015452,FALSE
21-11-2001 08:30,78.73295,0.0197,134.0097795,FALSE
22-11-2001 08:30,58.518814,0.0104,52.58266551,FALSE
23-11-2001 09:00,69.26795,0.0079,47.27953195,FALSE
26-11-2001 08:30,34.675667,0.0064,19.17425682,FALSE
27-11-2001 08:30,25.569708,0.0056,12.37164752,FALSE
28-11-2001 08:30,24.56925,0.0054,11.46302928,FALSE
29-11-2001 08:30,37.124878,0.0053,17.00022413,FALSE
01-12-2001 08:30,18.267445,0.0067,10.57465856,FALSE
03-12-2001 08:30,15.714025,0.0043,5.838074568,FALSE
04-12-2001 08:30,17.176186,0.0027,4.00686067,FALSE
05-12-2001 08:30,17.164515,0.0016,2.372822554,FALSE
06-12-2001 08:30,15.01328,0.0012,1.55657687,FALSE
07-12-2001 08:30,13.800719,0.0012,1.430858546,FALSE
13-12-2001 08:30,8.994943,0.0008,0.62173046,FALSE
14-12-2001 08:30,7.98226,0.0008,0.551733811,FALSE
15-12-2001 08:30,7.811028,0.0008,0.539898255,FALSE
22-12-2001 08:30,5.260901,0.0008,0.363633477,FALSE
26-12-2001 08:30,4.984432,0.0009,0.387589432,FALSE
27-12-2001 08:30,4.6516075,0.0009,0.361708999,FALSE
28-12-2001 08:30,4.6400614,0.0009,0.360811174,FALSE
31-12-2001 08:30,2.9508047,0.0008,0.203959621,FALSE
01-01-2002 08:30,2.906159,0.0007,0.175764496,FALSE
02-01-2002 08:30,2.7714193,0.0008,0.191560502,FALSE
03-01-2002 08:30,2.498526,0.0007,0.151110852,FALSE
04-01-2002 08:30,2.4607866,0.0007,0.148828374,FALSE
05-01-2002 08:30,2.0901387,0.0007,0.126411589,FALSE
07-01-2002 08:30,1.8012898,0.0007,0.108942007,FALSE
08-01-2002 08:30,1.7008024,0.0007,0.102864529,FALSE
09-01-2002 08:30,1.6977489,0.0007,0.102679853,FALSE
10-01-2002 08:30,4.6362405,0.0008,0.320456943,FALSE
14-01-2002 08:30,1.4985322,0.0007,0.090631227,FALSE
15-01-2002 08:30,1.4985322,0.0007,0.090631227,FALSE
16-01-2002 08:30,1.4985322,0.0007,0.090631227,FALSE
17-01-2002 08:30,1.4985322,0.0007,0.090631227,FALSE
18-01-2002 08:30,1.4081218,0.0007,0.085163206,FALSE
19-01-2002 08:30,1.4273015,0.0006,0.07399131,FALSE
21-01-2002 08:30,1.8182957,0.0007,0.109970524,FALSE
22-01-2002 08:30,1.7573044,0.0007,0.10628177,FALSE
23-01-2002 08:30,1.6424108,0.0007,0.099333005,FALSE
24-01-2002 08:30,1.5675013,0.0007,0.094802479,FALSE
25-01-2002 08:30,1.6278005,0.0007,0.098449374,FALSE
28-01-2002 08:30,1.8009548,0.0007,0.108921746,FALSE
29-01-2002 08:30,2.0933838,0.0007,0.126607852,FALSE
30-01-2002 08:30,1.9336038,0.0007,0.116944358,FALSE
31-01-2002 08:30,1.5540612,0.0007,0.093989621,FALSE
01-02-2002 08:30,1.3744358,0.0007,0.083125877,FALSE
02-02-2002 08:30,1.5523002,0.0007,0.093883116,FALSE
04-02-2002 08:30,2.183116,0.0006,0.113172733,FALSE
05-02-2002 08:30,2.352375,0.0005,0.1016226,FALSE
06-02-2002 08:30,2.7059622,0.0006,0.14027708,FALSE
07-02-2002 08:30,2.0145693,0.0005,0.087029394,FALSE
08-02-2002 08:30,1.6851995,0.0005,0.072800618,FALSE
11-02-2002 08:30,1.0486631,0.0005,0.045302246,FALSE
12-02-2002 08:30,0.9555799,0.0005,0.041281052,FALSE
13-02-2002 08:30,0.9037225,0.0005,0.039040812,FALSE
14-02-2002 08:30,0.80594593,0.0005,0.034816864,FALSE
15-02-2002 08:30,0.62395704,0.0005,0.026954944,FALSE
16-02-2002 08:30,0.9484378,0.0005,0.040972513,FALSE
18-02-2002 08:30,0.95729953,0.0005,0.04135534,FALSE
19-02-2002 08:30,0.7723658,0.0005,0.033366203,FALSE
20-02-2002 08:30,0.9227682,0.0005,0.039863586,FALSE
21-02-2002 08:30,1.5151402,0.0005,0.065454057,FALSE
22-02-2002 08:30,1.0614176,0.0005,0.04585324,FALSE
25-02-2002 08:00,0,0,0,TRUE
26-02-2002 08:00,0,0,0,TRUE
27-02-2002 08:00,0,0,0,TRUE
28-02-2002 08:00,0,0,0,TRUE
01-03-2002 00:00,0,0,0,TRUE
02-03-2002 00:00,0,0,0,TRUE
03-03-2002 00:00,0,0,0,TRUE
04-03-2002 00:00,0,0,0,TRUE
05-03-2002 00:00,0,0,0,TRUE
06-03-2002 00:00,0,0,0,TRUE
07-03-2002 00:00,0,0,0,TRUE
08-03-2002 00:00,0,0,0,TRUE
09-03-2002 00:00,0,0,0,TRUE
10-03-2002 00:00,0,0,0,TRUE
11-03-2002 00:00,0,0,0,TRUE
12-03-2002 00:00,0,0,0,TRUE
13-03-2002 00:00,0,0,0,TRUE
14-03-2002 00:00,0,0,0,TRUE
15-03-2002 00:00,0,0,0,TRUE
16-03-2002 00:00,0,0,0,TRUE
17-03-2002 00:00,0,0,0,TRUE
18-03-2002 00:00,0,0,0,TRUE
19-03-2002 00:00,0,0,0,TRUE
20-03-2002 00:00,0,0,0,TRUE
21-03-2002 00:00,0,0,0,TRUE
22-03-2002 00:00,0,0,0,TRUE
23-03-2002 00:00,0,0,0,TRUE
24-03-2002 00:00,0,0,0,TRUE
25-03-2002 00:00,0,0,0,TRUE
26-03-2002 00:00,0,0,0,TRUE
27-03-2002 00:00,0,0,0,TRUE
28-03-2002 00:00,0,0,0,TRUE
29-03-2002 00:00,0,0,0,TRUE
30-03-2002 00:00,0,0,0,TRUE
31-03-2002 00:00,0,0,0,TRUE
01-04-2002 08:00,0,0,0,TRUE
02-04-2002 08:00,0,0,0,TRUE
03-04-2002 08:00,0,0,0,TRUE
04-04-2002 08:00,0,0,0,TRUE
05-04-2002 08:00,0,0,0,TRUE
06-04-2002 08:00,0,0,0,TRUE
07-04-2002 08:00,0,0,0,TRUE
08-04-2002 08:00,0,0,0,TRUE
09-04-2002 08:00,0,0,0,TRUE
10-04-2002 08:00,0,0,0,TRUE
11-04-2002 08:00,0,0,0,TRUE
12-04-2002 08:00,0,0,0,TRUE
13-04-2002 08:00,0,0,0,TRUE
14-04-2002 08:00,0,0,0,TRUE
15-04-2002 08:30,7.6324615,0.004,2.637778694,FALSE
16-04-2002 08:30,8.270372,0.0041,2.929696577,FALSE
17-04-2002 08:30,10.84922,0.0037,3.46827865,FALSE
18-04-2002 08:30,7.038129,0.0038,2.310758513,FALSE
19-04-2002 08:30,5.892412,0.0036,1.832775828,FALSE
20-04-2002 08:30,5.245988,0.0033,1.495736099,FALSE
22-04-2002 08:30,6.6507096,0.0035,2.011174583,FALSE
23-04-2002 08:30,5.488125,0.0034,1.6121916,FALSE
24-04-2002 08:30,4.46294,0.0031,1.19535385,FALSE
25-04-2002 08:00,0,0,0,TRUE
26-04-2002 08:00,0,0,0,TRUE
27-04-2002 08:00,0,0,0,TRUE
28-04-2002 08:00,0,0,0,TRUE
29-04-2002 08:00,0,0,0,TRUE
30-04-2002 08:00,0,0,0,TRUE
01-05-2002 08:00,0,0,0,TRUE
02-05-2002 08:00,0,0,0,TRUE
03-05-2002 08:00,0,0,0,TRUE
04-05-2002 08:00,0,0,0,TRUE
05-05-2002 08:00,0,0,0,TRUE
06-05-2002 08:00,0,0,0,TRUE
07-05-2002 08:00,0,0,0,TRUE
08-05-2002 08:00,0,0,0,TRUE
09-05-2002 08:00,0,0,0,TRUE
10-05-2002 08:00,0,0,0,TRUE
11-05-2002 08:00,0,0,0,TRUE
12-05-2002 08:00,0,0,0,TRUE
13-05-2002 08:00,0,0,0,TRUE
14-05-2002 08:00,0,0,0,TRUE
15-05-2002 08:00,0,0,0,TRUE
16-05-2002 08:00,0,0,0,TRUE
17-05-2002 08:00,0,0,0,TRUE
18-05-2002 08:30,6.338999,0.0012,0.657227416,FALSE
20-05-2002 08:30,39.443287,0.0014,4.771059996,FALSE
21-05-2002 08:30,39.058064,0.0014,4.724463421,FALSE
22-05-2002 08:30,23.121275,0.0016,3.196285056,FALSE
23-05-2002 08:30,19.762405,0.0016,2.731954867,FALSE
25-05-2002 08:30,18.931705,0.0015,2.453548968,FALSE
27-05-2002 08:30,8.086064,0.0014,0.978090301,FALSE
28-05-2002 08:30,9.630541,0.0014,1.164910239,FALSE
29-05-2002 08:30,8.847727,0.0014,1.070221058,FALSE
31-05-2002 08:30,9.543752,0.0014,1.154412242,FALSE
01-06-2002 08:30,10.589059,0.0018,1.646810456,FALSE
03-06-2002 08:30,22.50848,0.0068,13.22418217,FALSE
04-06-2002 08:30,15.757818,0.0109,14.84008268,FALSE
05-06-2002 08:30,9.086033,0.0062,4.867206157,FALSE
06-06-2002 08:30,8.401279,0.0037,2.685720871,FALSE
07-06-2002 08:30,9.967876,0.0039,3.358775497,FALSE
10-06-2002 08:30,18.185831,0.0033,5.185144135,FALSE
11-06-2002 08:30,19.60964,0.0025,4.23568224,FALSE
12-06-2002 08:30,24.775656,0.0022,4.709356692,FALSE
13-06-2002 08:30,58.528976,0.0022,11.12518776,FALSE
14-06-2002 08:30,143.47551,0.1189,1473.918175,FALSE
15-06-2002 08:30,106.34642,0.0084,77.18197778,FALSE
17-06-2002 08:30,58.710484,0.0038,19.27582611,FALSE
18-06-2002 08:30,51.56811,0.0038,16.93084188,FALSE
19-06-2002 08:30,35.23691,0.0088,26.79132741,FALSE
20-06-2002 08:30,24.951025,0.0016,3.449229696,FALSE
21-06-2002 08:30,22.473814,0.002,3.883475059,FALSE
22-06-2002 08:30,20.887201,0.005,9.023270832,FALSE
24-06-2002 08:30,16.102585,0.0044,6.121558714,FALSE
25-06-2002 08:30,37.74213,0.003,9.782760096,FALSE
26-06-2002 08:30,23.527817,0.005,10.16401694,FALSE
27-06-2002 08:30,20.449106,0.0046,8.127292689,FALSE
28-06-2002 08:30,17.88467,0.0024,3.708565171,FALSE
29-06-2002 08:45,16.555899,0.0022,3.146945282,FALSE
01-07-2002 08:30,15.033558,0.002,2.597798822,FALSE
02-07-2002 08:30,16.54184,0.0011,1.572136474,FALSE
03-07-2002 08:30,22.344591,0.001,1.930572662,FALSE
04-07-2002 08:30,21.384802,0.0013,2.401940961,FALSE
05-07-2002 08:30,25.741268,0.0043,9.563395887,FALSE
06-07-2002 08:30,24.760952,0.001,2.139346253,FALSE
08-07-2002 08:30,24.51668,0.0047,9.955733414,FALSE
09-07-2002 08:30,22.415129,0.0053,10.26433587,FALSE
10-07-2002 08:30,22.345964,0.0012,2.316829548,FALSE
11-07-2002 08:30,19.526701,0.0009,1.51839627,FALSE
12-07-2002 08:30,60.613003,0.0323,169.1539197,FALSE
15-07-2002 08:30,83.81215,0.0133,96.31021781,FALSE
16-07-2002 08:30,64.163864,0.0008,4.43500628,FALSE
17-07-2002 08:30,55.2751,0.0018,8.596383552,FALSE
18-07-2002 08:30,49.093685,0.0021,8.907558206,FALSE
19-07-2002 08:30,50.883842,0.0029,12.74945545,FALSE
20-07-2002 08:30,36.476562,0.0021,6.618307409,FALSE
22-07-2002 08:30,28.81469,0.004,9.958356864,FALSE
23-07-2002 08:30,30.137869,0.0084,21.87285981,FALSE
24-07-2002 08:30,25.610594,0.0013,2.876581918,FALSE
25-07-2002 08:30,24.2212,0.0034,7.115219712,FALSE
26-07-2002 08:30,22.3187,0.0024,4.628005632,FALSE
27-07-2002 08:30,19.264956,0.0007,1.165144539,FALSE
29-07-2002 08:30,24.669554,0.0026,5.541768611,FALSE
30-07-2002 08:30,24.958706,0.0039,8.410085574,FALSE
31-07-2002 08:30,73.13211,0.0333,210.4098563,FALSE
01-08-2002 08:30,76.48004,0.0263,173.7871245,FALSE
02-08-2002 08:30,71.96728,0.0086,53.47456773,FALSE
03-08-2002 08:30,60.075527,0.0046,23.87641745,FALSE
05-08-2002 08:30,59.19918,0.0044,22.50516027,FALSE
06-08-2002 08:30,61.105556,0.0051,26.9255522,FALSE
07-08-2002 08:30,57.135014,0.0056,27.64420517,FALSE
08-08-2002 08:30,51.857388,0.003,13.44143497,FALSE
09-08-2002 08:30,48.561825,0.0043,18.04168922,FALSE
12-08-2002 08:30,46.327675,0.0051,20.41382671,FALSE
14-08-2002 08:30,32.20858,0.0083,23.09741689,FALSE
16-08-2002 08:30,45.8505,0.0063,24.95734416,FALSE
17-08-2002 08:30,106.1734,0.0025,22.9334544,FALSE
19-08-2002 08:30,80.13082,0.0033,22.8468994,FALSE
20-08-2002 08:30,57.726524,0.0023,11.47141485,FALSE
24-08-2002 08:30,28.575216,0.0018,4.444017592,FALSE
26-08-2002 08:30,21.149576,0.0034,6.212899446,FALSE
27-08-2002 08:30,19.26397,0.0029,4.826780323,FALSE
28-08-2002 08:30,18.411531,0.0031,4.931344463,FALSE
29-08-2002 08:30,17.810263,0.0029,4.462539497,FALSE
31-08-2002 08:30,15.947703,0.0018,2.480186771,FALSE
02-09-2002 08:30,8.616885,0.0015,1.116748296,FALSE
03-09-2002 08:30,8.764477,0.0015,1.135876219,FALSE
04-09-2002 08:30,8.517811,0.0014,1.030314419,FALSE
05-09-2002 08:30,8.247165,0.0016,1.14008809,FALSE
06-09-2002 08:30,7.495081,0.0016,1.036119997,FALSE
07-09-2002 08:30,9.280892,0.0017,1.363177417,FALSE
09-09-2002 08:30,8.754422,0.0029,2.193507976,FALSE
10-09-2002 08:30,18.823957,0.0042,6.830837516,FALSE
11-09-2002 08:30,16.062765,0.0044,6.106420742,FALSE
12-09-2002 08:30,8.675577,0.0024,1.798967647,FALSE
13-09-2002 08:30,7.1035643,0.0026,1.595744684,FALSE
16-09-2002 08:30,3.6849625,0.0024,0.764113824,FALSE
17-09-2002 08:30,3.5485268,0.0023,0.705163246,FALSE
18-09-2002 08:30,3.5162635,0.0023,0.698751883,FALSE
19-09-2002 08:30,2.641037,0.0022,0.502008313,FALSE
20-09-2002 08:30,1.564624,0.0024,0.324440433,FALSE
21-09-2002 08:30,1.4499781,0.0024,0.300667459,FALSE
23-09-2002 08:30,1.2356131,0.0024,0.256216732,FALSE
24-09-2002 08:30,1.1224558,0.0024,0.232752435,FALSE
25-09-2002 08:30,0.9733664,0.0024,0.201837257,FALSE
26-09-2002 08:30,0.82330805,0.0024,0.170721157,FALSE
27-09-2002 08:30,0.7170084,0.0024,0.148678862,FALSE
30-09-2002 08:30,0.8078378,0.0021,0.14657409,FALSE
01-10-2002 08:30,8.6057005,0.002,1.487065046,FALSE
03-10-2002 08:30,3.8779213,0.0023,0.770620521,FALSE
04-10-2002 08:30,16.002613,0.0033,4.562665019,FALSE
05-10-2002 08:30,15.729905,0.0022,2.989940342,FALSE
07-10-2002 08:30,15.495788,0.0023,3.079322991,FALSE
08-10-2002 08:30,15.07369,0.0025,3.25591704,FALSE
09-10-2002 08:09,17.978992,0.0026,4.038800763,FALSE
10-10-2002 08:30,67.22743,0.0048,27.88055977,FALSE
11-10-2002 08:30,48.259304,0.0046,19.18017778,FALSE
12-10-2002 08:30,28.714012,0.0049,12.15636412,FALSE
16-10-2002 08:30,96.5667,0.0312,260.3129219,FALSE
17-10-2002 08:30,86.68072,0.0301,225.4253477,FALSE
18-10-2002 08:30,59.10001,0.0122,62.29613854,FALSE
19-10-2002 08:30,54.97999,0.0087,41.32735888,FALSE
21-10-2002 08:30,43.71237,0.0063,23.79351724,FALSE
22-10-2002 08:30,38.141937,0.0051,16.80686312,FALSE
23-10-2002 08:30,42.473755,0.0058,21.28444811,FALSE
24-10-2002 08:30,71.044174,0.0155,95.14235782,FALSE
25-10-2002 08:30,61.410763,0.0123,65.26244606,FALSE
26-10-2002 08:30,54.07889,0.0074,34.57587911,FALSE
28-10-2002 08:30,37.589455,0.0104,33.77638068,FALSE
29-10-2002 08:30,37.930378,0.0084,27.52835114,FALSE
30-10-2002 08:30,56.271473,0.0309,150.2313278,FALSE
31-10-2002 08:30,171.0984,0.2828,4180.604618,FALSE
01-11-2002 08:30,111.05773,0.0387,371.3415106,FALSE
02-11-2002 08:30,85.31739,0.0374,275.6912014,FALSE
05-11-2002 08:30,56.59675,0.0044,21.51582048,FALSE
06-11-2002 08:30,45.08858,0.0035,13.63478659,FALSE
07-11-2002 08:30,62.044468,0.0292,156.5307474,FALSE
08-11-2002 08:45,83.22973,0.0387,278.2935836,FALSE
11-11-2002 08:45,97.69508,0.0287,242.252536,FALSE
12-11-2002 08:30,70.2965,0.0265,160.9508664,FALSE
13-11-2002 08:30,59.35608,0.0033,16.92360553,FALSE
14-11-2002 08:30,72.7873,0.0361,227.0265002,FALSE
15-11-2002 08:30,62.975227,0.0255,138.7470201,FALSE
16-11-2002 08:30,60.051605,0.0129,66.93111687,FALSE
18-11-2002 08:30,44.3005,0.0095,36.3618504,FALSE
20-11-2002 08:30,42.0458,0.0036,13.07792563,FALSE
21-11-2002 08:30,32.48194,0.0047,13.1902662,FALSE
22-11-2002 08:30,26.63856,0.0042,9.666600653,FALSE
23-11-2002 08:30,43.3262,0.0062,23.20897882,FALSE
25-11-2002 08:30,38.46543,0.0073,24.26091601,FALSE
26-11-2002 08:30,29.026983,0.0069,17.30472619,FALSE
27-11-2002 08:30,26.694157,0.008,18.45100132,FALSE
28-11-2002 08:30,26.677786,0.008,18.43968568,FALSE
29-11-2002 08:30,22.35647,0.0069,13.32803316,FALSE
30-11-2002 08:30,20.596708,0.0056,9.965511199,FALSE
02-12-2002 08:30,13.7783575,0.0042,4.99989037,FALSE
03-12-2002 08:30,13.541579,0.0043,5.03096743,FALSE
04-12-2002 08:30,12.911644,0.004,4.462264166,FALSE
05-12-2002 08:30,15.441386,0.0042,5.603370152,FALSE
09-12-2002 08:30,9.191289,0.0041,3.255922215,FALSE
10-12-2002 08:30,8.778383,0.0039,2.957963936,FALSE
12-12-2002 08:30,8.278482,0.0037,2.646465126,FALSE
13-12-2002 08:30,7.337115,0.0039,2.47231427,FALSE
16-12-2002 08:30,6.007764,0.004,2.076283238,FALSE
17-12-2002 08:30,5.738867,0.0037,1.834601003,FALSE
18-12-2002 08:30,5.3302608,0.0037,1.703977773,FALSE
20-12-2002 08:30,4.651035,0.0033,1.326103099,FALSE
21-12-2002 08:30,4.666469,0.0034,1.370821933,FALSE
23-12-2002 08:30,3.7843077,0.0032,1.046285393,FALSE
24-12-2002 08:30,3.424524,0.0033,0.976400283,FALSE
26-12-2002 08:30,3.1672869,0.0033,0.903056841,FALSE
30-12-2002 08:30,1.4150743,0.0039,0.476823436,FALSE
31-12-2002 08:30,1.3827641,0.0038,0.453989109,FALSE
01-01-2003 08:30,1.2295585,0.0037,0.393065261,FALSE
02-01-2003 08:30,0.9918358,0.0036,0.308500607,FALSE
03-01-2003 08:30,0.9261545,0.0027,0.216053322,FALSE
04-01-2003 08:00,0,0,0,TRUE
05-01-2003 08:00,0,0,0,TRUE
06-01-2003 08:00,0,0,0,TRUE
07-01-2003 08:00,0,0,0,TRUE
08-01-2003 08:00,0,0,0,TRUE
09-01-2003 08:00,0,0,0,TRUE
10-01-2003 08:00,0,0,0,TRUE
11-01-2003 08:00,0,0,0,TRUE
12-01-2003 08:00,0,0,0,TRUE
13-01-2003 08:00,0,0,0,TRUE
14-01-2003 08:00,0,0,0,TRUE
15-01-2003 08:00,0,0,0,TRUE
16-01-2003 08:00,0,0,0,TRUE
17-01-2003 08:00,0,0,0,TRUE
18-01-2003 08:00,0,0,0,TRUE
19-01-2003 08:00,0,0,0,TRUE
20-01-2003 08:00,0,0,0,TRUE
21-01-2003 08:00,0,0,0,TRUE
22-01-2003 08:00,0,0,0,TRUE
23-01-2003 08:00,0,0,0,TRUE
24-01-2003 08:00,0,0,0,TRUE
25-01-2003 08:00,0,0,0,TRUE
26-01-2003 08:00,0,0,0,TRUE
27-01-2003 08:00,0,0,0,TRUE
28-01-2003 08:00,0,0,0,TRUE
29-01-2003 08:00,0,0,0,TRUE
30-01-2003 08:00,0,0,0,TRUE
31-01-2003 08:00,0,0,0,TRUE
01-02-2003 08:00,0,0,0,TRUE
02-02-2003 08:00,0,0,0,TRUE
03-02-2003 08:00,0,0,0,TRUE
04-02-2003 08:00,0,0,0,TRUE
05-02-2003 08:00,0,0,0,TRUE
06-02-2003 08:00,0,0,0,TRUE
07-02-2003 08:00,0,0,0,TRUE
08-02-2003 08:00,0,0,0,TRUE
09-02-2003 08:00,0,0,0,TRUE
10-02-2003 08:00,0,0,0,TRUE
11-02-2003 08:00,0,0,0,TRUE
12-02-2003 08:00,0,0,0,TRUE
13-02-2003 08:00,0,0,0,TRUE
14-02-2003 08:00,0,0,0,TRUE
15-02-2003 08:00,0,0,0,TRUE
16-02-2003 08:00,0,0,0,TRUE
17-02-2003 08:00,0,0,0,TRUE
18-02-2003 08:00,0,0,0,TRUE
19-02-2003 08:00,0,0,0,TRUE
20-02-2003 08:00,0,0,0,TRUE
21-02-2003 08:00,0,0,0,TRUE
22-02-2003 08:00,0,0,0,TRUE
23-02-2003 08:00,0,0,0,TRUE
24-02-2003 08:00,0,0,0,TRUE
25-02-2003 08:00,0,0,0,TRUE
26-02-2003 08:00,0,0,0,TRUE
27-02-2003 08:00,0,0,0,TRUE
28-02-2003 08:00,0,0,0,TRUE
01-03-2003 08:00,0,0,0,TRUE
02-03-2003 08:00,0,0,0,TRUE
03-03-2003 08:00,0,0,0,TRUE
04-03-2003 08:00,0,0,0,TRUE
05-03-2003 08:00,0,0,0,TRUE
06-03-2003 08:00,0,0,0,TRUE
07-03-2003 08:00,0,0,0,TRUE
08-03-2003 08:00,0,0,0,TRUE
09-03-2003 08:00,0,0,0,TRUE
10-03-2003 08:00,0,0,0,TRUE
11-03-2003 08:00,0,0,0,TRUE
12-03-2003 08:00,0,0,0,TRUE
13-03-2003 08:00,0,0,0,TRUE
14-03-2003 08:00,0,0,0,TRUE
15-03-2003 08:00,0,0,0,TRUE
16-03-2003 08:00,0,0,0,TRUE
17-03-2003 08:00,0,0,0,TRUE
18-03-2003 08:00,0,0,0,TRUE
19-03-2003 08:00,0,0,0,TRUE
20-03-2003 08:00,0,0,0,TRUE
21-03-2003 08:00,0,0,0,TRUE
22-03-2003 08:00,0,0,0,TRUE
23-03-2003 08:00,0,0,0,TRUE
24-03-2003 08:00,0,0,0,TRUE
25-03-2003 08:00,0,0,0,TRUE
26-03-2003 08:00,0,0,0,TRUE
27-03-2003 08:00,0,0,0,TRUE
28-03-2003 08:00,0,0,0,TRUE
29-03-2003 08:00,0,0,0,TRUE
30-03-2003 08:00,0,0,0,TRUE
31-03-2003 08:00,0,0,0,TRUE
01-04-2003 08:00,0,0,0,TRUE
02-04-2003 08:00,0,0,0,TRUE
03-04-2003 08:00,0,0,0,TRUE
04-04-2003 08:00,0,0,0,TRUE
05-04-2003 08:00,0,0,0,TRUE
06-04-2003 08:00,0,0,0,TRUE
07-04-2003 08:00,0,0,0,TRUE
08-04-2003 08:00,0,0,0,TRUE
09-04-2003 08:00,0,0,0,TRUE
10-04-2003 08:00,0,0,0,TRUE
11-04-2003 08:30,3.5159326,0.0027,0.820196757,FALSE
16-04-2003 08:30,14.750196,0.0038,4.842784351,FALSE
17-04-2003 08:30,6.0843287,0.0033,1.734763799,FALSE
19-04-2003 08:30,8.1346655,0.0031,2.178788808,FALSE
21-04-2003 08:30,7.577355,0.003,1.964050416,FALSE
22-04-2003 08:00,0,0,0,TRUE
23-04-2003 08:00,0,0,0,TRUE
24-04-2003 08:00,0,0,0,TRUE
25-04-2003 08:00,0,0,0,TRUE
26-04-2003 08:00,0,0,0,TRUE
27-04-2003 08:00,0,0,0,TRUE
28-04-2003 08:00,0,0,0,TRUE
29-04-2003 09:00,26.238556,0.0039,8.84134383,FALSE
30-04-2003 09:00,25.963003,0.0039,8.748493491,FALSE
01-05-2003 09:00,20.925297,0.0034,6.147015247,FALSE
02-05-2003 08:30,26.010406,0.0037,8.31500659,FALSE
03-05-2003 08:30,18.561237,0.0037,5.933656244,FALSE
05-05-2003 08:30,15.934929,0.0032,4.40568917,FALSE
06-05-2003 08:30,13.322241,0.0028,3.222916543,FALSE
07-05-2003 08:30,9.315971,0.0025,2.012249736,FALSE
08-05-2003 08:30,8.368938,0.0024,1.735382984,FALSE
09-05-2003 08:30,6.128156,0.0025,1.323681696,FALSE
12-05-2003 08:30,12.74593,0.0031,3.413869891,FALSE
13-05-2003 08:30,9.200645,0.003,2.384807184,FALSE
15-05-2003 08:30,7.407457,0.0029,1.856012426,FALSE
17-05-2003 08:30,7.2734113,0.0028,1.759583662,FALSE
19-05-2003 08:30,6.0526714,0.0027,1.411967184,FALSE
20-05-2003 08:30,4.632473,0.0027,1.080663301,FALSE
21-05-2003 08:30,3.09858,0.0026,0.696065011,FALSE
22-05-2003 08:00,0,0,0,TRUE
23-05-2003 08:00,0,0,0,TRUE
24-05-2003 08:00,0,0,0,TRUE
25-05-2003 08:00,0,0,0,TRUE
26-05-2003 08:00,0,0,0,TRUE
27-05-2003 08:00,0,0,0,TRUE
28-05-2003 08:00,0,0,0,TRUE
29-05-2003 08:00,0,0,0,TRUE
30-05-2003 08:00,0,0,0,TRUE
31-05-2003 08:00,0,0,0,TRUE
01-06-2003 08:00,0,0,0,TRUE
02-06-2003 08:00,0,0,0,TRUE
03-06-2003 08:00,0,0,0,TRUE
04-06-2003 08:00,0,0,0,TRUE
05-06-2003 08:00,0,0,0,TRUE
06-06-2003 08:00,0,0,0,TRUE
07-06-2003 08:00,0,0,0,TRUE
08-06-2003 08:00,0,0,0,TRUE
09-06-2003 08:00,0,0,0,TRUE
10-06-2003 08:00,0,0,0,TRUE
11-06-2003 08:00,0,0,0,TRUE
12-06-2003 08:00,0,0,0,TRUE
13-06-2003 08:00,0,0,0,TRUE
14-06-2003 08:00,0,0,0,TRUE
15-06-2003 08:00,0,0,0,TRUE
16-06-2003 08:00,0,0,0,TRUE
17-06-2003 08:00,0,0,0,TRUE
18-06-2003 08:00,0,0,0,TRUE
19-06-2003 08:00,0,0,0,TRUE
20-06-2003 08:00,0,0,0,TRUE
21-06-2003 08:30,13.062385,0.0013,1.467167083,FALSE
23-06-2003 08:30,78.292435,0.022,148.8182604,FALSE
24-06-2003 08:30,76.472946,0.0187,123.5558094,FALSE
25-06-2003 08:30,54.014683,0.0171,79.80345325,FALSE
26-06-2003 08:30,39.36755,0.0082,27.89112182,FALSE
27-06-2003 08:30,25.123646,0.003,6.512049043,FALSE
28-06-2003 08:30,16.76171,0.003,4.344635232,FALSE
30-06-2003 08:30,17.719923,0.0031,4.746104176,FALSE
01-07-2003 08:30,16.826937,0.0031,4.506926806,FALSE
02-07-2003 08:30,39.760845,0.0034,11.68014583,FALSE
03-07-2003 08:30,30.470509,0.005,13.16325989,FALSE
04-07-2003 08:30,28.945642,0.005,12.50451734,FALSE
05-07-2003 08:30,45.276066,0.0047,18.38570488,FALSE
07-07-2003 08:30,39.991356,0.0035,12.09338605,FALSE
08-07-2003 08:30,30.121222,0.003,7.807420742,FALSE
09-07-2003 08:30,25.029009,0.0022,4.757514031,FALSE
10-07-2003 08:30,26.217794,0.0028,6.342608724,FALSE
11-07-2003 08:30,18.346972,0.0022,3.487392438,FALSE
12-07-2003 08:30,30.96706,0.007,18.72887789,FALSE
14-07-2003 08:30,44.96946,0.0183,71.1021126,FALSE
15-07-2003 08:30,76.23261,0.0635,418.2425915,FALSE
16-07-2003 08:30,101.28835,0.0898,785.8679469,FALSE
17-07-2003 08:30,73.06748,0.065,410.3469677,FALSE
18-07-2003 08:30,57.91974,0.0542,271.2311921,FALSE
19-07-2003 08:30,53.86964,0.0515,239.6983501,FALSE
21-07-2003 08:30,47.754738,0.0397,163.8025717,FALSE
22-07-2003 08:30,45.003487,0.0403,156.6985415,FALSE
23-07-2003 08:30,47.99971,0.0329,136.4420557,FALSE
24-07-2003 08:30,46.583183,0.0349,140.4650667,FALSE
25-07-2003 08:30,33.193718,0.0114,32.69448448,FALSE
26-07-2003 08:30,30.54736,0.0118,31.14364447,FALSE
28-07-2003 08:30,26.57722,0.0043,9.873968774,FALSE
29-07-2003 08:30,18.458172,0.0041,6.538622849,FALSE
30-07-2003 08:30,15.945667,0.0042,5.786363641,FALSE
31-07-2003 08:30,14.442511,0.004,4.991331802,FALSE
01-08-2003 08:30,99.98582,0.0401,346.4148714,FALSE
02-08-2003 08:30,75.263145,0.012,78.03282874,FALSE
04-08-2003 08:30,35.96623,0.0042,13.05142554,FALSE
05-08-2003 08:30,33.723022,0.0041,11.94604331,FALSE
06-08-2003 08:30,31.129824,0.0044,11.83431389,FALSE
07-08-2003 08:30,26.688183,0.0043,9.915193748,FALSE
08-08-2003 08:30,25.244036,0.0043,9.378664255,FALSE
11-08-2003 08:30,29.50494,0.004,10.19690726,FALSE
12-08-2003 08:30,18.392485,0.0041,6.515353886,FALSE
13-08-2003 08:30,25.917862,0.0042,9.405073763,FALSE
14-08-2003 08:30,47.283604,0.0195,79.66341602,FALSE
16-08-2003 08:30,52.92207,0.0145,66.3007693,FALSE
18-08-2003 08:30,34.733753,0.008,24.00797007,FALSE
19-08-2003 08:30,31.79181,0.0073,20.0517304,FALSE
21-08-2003 08:30,25.393297,0.0065,14.2608756,FALSE
22-08-2003 08:30,35.397198,0.0078,23.85487968,FALSE
23-08-2003 08:30,74.23757,0.0288,184.7268302,FALSE
25-08-2003 08:30,72.37278,0.0413,258.2492383,FALSE
26-08-2003 08:30,73.68477,0.0377,240.0119276,FALSE
27-08-2003 08:30,53.419167,0.0144,66.46199081,FALSE
28-08-2003 08:30,40.255764,0.0083,28.86821348,FALSE
29-08-2003 08:30,32.53994,0.0046,12.93267375,FALSE
30-08-2003 08:30,26.728367,0.0043,9.930122908,FALSE
01-09-2003 08:30,35.606678,0.0038,11.69038452,FALSE
02-09-2003 08:30,31.773138,0.0039,10.70627658,FALSE
04-09-2003 08:30,25.638992,0.0038,8.417793853,FALSE
05-09-2003 08:30,18.431974,0.0037,5.892333448,FALSE
06-09-2003 08:30,16.057632,0.0036,4.994565857,FALSE
10-09-2003 08:30,9.411487,0.0032,2.602087926,FALSE
12-09-2003 08:30,8.305033,0.0034,2.439686494,FALSE
15-09-2003 08:30,7.211569,0.0033,2.056162553,FALSE
17-09-2003 08:30,5.440438,0.0033,1.551177683,FALSE
18-09-2003 08:30,6.021232,0.0033,1.716773668,FALSE
19-09-2003 08:30,12.41948,0.0032,3.43373783,FALSE
20-09-2003 08:30,7.1468782,0.0032,1.975968885,FALSE
22-09-2003 08:30,4.478005,0.0032,1.238078822,FALSE
23-09-2003 08:30,3.1633122,0.0032,0.874592557,FALSE
24-09-2003 08:30,2.0183008,0.0033,0.575457924,FALSE
25-09-2003 08:30,1.7589315,0.0031,0.471112213,FALSE
26-09-2003 08:30,2.0348713,0.0031,0.545019929,FALSE
27-09-2003 08:30,1.8517994,0.003,0.479986404,FALSE
29-09-2003 08:30,1.6207597,0.0028,0.392094187,FALSE
30-09-2003 08:30,0,0,0,TRUE
01-10-2003 08:00,0,0,0,TRUE
06-10-2003 08:30,110.73424,0.038,363.5626568,FALSE
07-10-2003 08:30,241.66106,0.0398,831.0047202,FALSE
08-10-2003 08:30,297.56235,0.034,874.1191594,FALSE
09-10-2003 08:30,158.21245,0.0174,237.8502688,FALSE
10-10-2003 08:30,97.28811,0.0062,52.11529476,FALSE
13-10-2003 08:30,75.26805,0.0128,83.24044186,FALSE
14-10-2003 08:30,94.41168,0.0112,91.3602945,FALSE
15-10-2003 08:30,68.08016,0.0063,37.05739269,FALSE
16-10-2003 08:30,144.53284,0.036,449.5549455,FALSE
17-10-2003 08:30,118.221375,0.0347,354.43714,FALSE
18-10-2003 08:30,115.83486,0.0202,202.1642645,FALSE
20-10-2003 08:30,77.30406,0.0093,62.11535829,FALSE
21-10-2003 08:30,70.711,0.0092,56.20675968,FALSE
22-10-2003 08:30,66.2903,0.009,51.54733728,FALSE
23-10-2003 08:30,56.851585,0.0058,28.48946628,FALSE
25-10-2003 08:30,140.32419,0.0231,280.0646314,FALSE
27-10-2003 08:30,70.91,0.0052,31.8584448,FALSE
28-10-2003 08:30,61.714813,0.0049,26.12758323,FALSE
29-10-2003 08:30,57.613247,0.0049,24.39114425,FALSE
30-10-2003 08:30,50.890995,0.0039,17.14822968,FALSE
31-10-2003 08:30,101.09554,0.039,340.6515316,FALSE
01-11-2003 08:30,120.00697,0.0148,153.4553127,FALSE
03-11-2003 08:30,58.54293,0.0085,42.99392779,FALSE
04-11-2003 08:30,50.223614,0.0062,26.90378555,FALSE
05-11-2003 08:30,50.24482,0.0046,19.96930126,FALSE
06-11-2003 08:30,46.80563,0.0037,14.9628238,FALSE
07-11-2003 08:30,43.155132,0.004,14.91441362,FALSE
10-11-2003 08:30,30.261904,0.0036,9.41266262,FALSE
11-11-2003 08:30,24.055773,0.0036,7.482307634,FALSE
12-11-2003 08:30,17.807205,0.0037,5.692607294,FALSE
13-11-2003 08:30,15.143571,0.0036,4.710256324,FALSE
14-11-2003 08:30,19.104935,0.0035,5.777332344,FALSE
15-11-2003 08:30,18.519896,0.0037,5.920440353,FALSE
17-11-2003 08:30,14.227016,0.0038,4.671013893,FALSE
18-11-2003 08:30,13.810541,0.0037,4.414953747,FALSE
19-11-2003 08:30,13.328124,0.0034,3.915269706,FALSE
20-11-2003 08:30,13.03702,0.0032,3.60447529,FALSE
21-11-2003 08:30,11.442433,0.0033,3.262466497,FALSE
22-11-2003 08:30,11.374813,0.0031,3.046629914,FALSE
24-11-2003 08:30,11.204342,0.0033,3.194581991,FALSE
26-11-2003 08:30,9.020013,0.0028,2.182121545,FALSE
27-11-2003 08:30,8.312313,0.0029,2.082733145,FALSE
28-11-2003 08:30,8.408168,0.0028,2.034104003,FALSE
29-11-2003 08:30,8.115363,0.0028,1.963268617,FALSE
01-12-2003 08:30,11.803011,0.003,3.059340451,FALSE
02-12-2003 08:15,11.724228,0.0032,3.241514557,FALSE
03-12-2003 08:30,9.047759,0.0028,2.188833857,FALSE
04-12-2003 08:30,8.351305,0.0029,2.092502981,FALSE
05-12-2003 08:30,8.181304,0.0029,2.04990753,FALSE
06-12-2003 08:30,7.3790674,0.0027,1.721388843,FALSE
08-12-2003 08:30,6.543128,0.0029,1.639446152,FALSE
09-12-2003 08:30,4.2316666,0.003,1.096847983,FALSE
10-12-2003 08:30,3.9062755,0.0032,1.08000705,FALSE
11-12-2003 08:30,3.3409705,0.0037,1.068041449,FALSE
12-12-2003 08:30,2.439469,0.0026,0.548002316,FALSE
13-12-2003 08:30,1.0276564,0.0014,0.124305318,FALSE
15-12-2003 08:00,0,0,0,TRUE
16-12-2003 08:00,0,0,0,TRUE
17-12-2003 08:00,0,0,0,TRUE
18-12-2003 08:00,0,0,0,TRUE
19-12-2003 08:00,0,0,0,TRUE
20-12-2003 08:00,0,0,0,TRUE
21-12-2003 08:00,0,0,0,TRUE
22-12-2003 08:00,0,0,0,TRUE
23-12-2003 08:00,0,0,0,TRUE
24-12-2003 08:00,0,0,0,TRUE
25-12-2003 08:00,0,0,0,TRUE
26-12-2003 08:00,0,0,0,TRUE
27-12-2003 08:00,0,0,0,TRUE
29-12-2003 08:30,4.9097824,0.0038,1.611979758,FALSE
30-12-2003 08:30,2.163919,0.0021,0.392621463,FALSE
31-12-2003 08:00,0,0,0,TRUE
01-01-2004 08:00,0,0,0,TRUE
02-01-2004 08:00,0,0,0,TRUE
03-01-2004 08:00,0,0,0,TRUE
04-01-2004 08:00,0,0,0,TRUE
05-01-2004 08:00,0,0,0,TRUE
06-01-2004 08:00,0,0,0,TRUE
07-01-2004 08:00,0,0,0,TRUE
08-01-2004 08:00,0,0,0,TRUE
09-01-2004 08:00,0,0,0,TRUE
10-01-2004 08:00,0,0,0,TRUE
11-01-2004 08:00,0,0,0,TRUE
12-01-2004 08:00,0,0,0,TRUE
13-01-2004 08:00,0,0,0,TRUE
14-01-2004 08:00,0,0,0,TRUE
15-01-2004 08:00,0,0,0,TRUE
16-01-2004 08:00,0,0,0,TRUE
17-01-2004 08:00,0,0,0,TRUE
18-01-2004 08:00,0,0,0,TRUE
19-01-2004 08:00,0,0,0,TRUE
20-01-2004 08:00,0,0,0,TRUE
21-01-2004 08:00,0,0,0,TRUE
22-01-2004 08:00,0,0,0,TRUE
23-01-2004 08:00,0,0,0,TRUE
24-01-2004 08:00,0,0,0,TRUE
25-01-2004 08:00,0,0,0,TRUE
26-01-2004 08:00,0,0,0,TRUE
27-01-2004 08:00,0,0,0,TRUE
28-01-2004 08:00,0,0,0,TRUE
29-01-2004 08:00,0,0,0,TRUE
30-01-2004 08:00,0,0,0,TRUE
31-01-2004 08:00,0,0,0,TRUE
01-02-2004 08:00,0,0,0,TRUE
02-02-2004 08:00,0,0,0,TRUE
03-02-2004 08:00,0,0,0,TRUE
04-02-2004 08:00,0,0,0,TRUE
05-02-2004 08:00,0,0,0,TRUE
06-02-2004 08:00,0,0,0,TRUE
07-02-2004 08:00,0,0,0,TRUE
08-02-2004 08:00,0,0,0,TRUE
09-02-2004 08:00,0,0,0,TRUE
10-02-2004 08:00,0,0,0,TRUE
11-02-2004 08:00,0,0,0,TRUE
12-02-2004 08:00,0,0,0,TRUE
13-02-2004 08:00,0,0,0,TRUE
14-02-2004 08:00,0,0,0,TRUE
15-02-2004 08:00,0,0,0,TRUE
16-02-2004 08:00,0,0,0,TRUE
17-02-2004 08:00,0,0,0,TRUE
18-02-2004 08:00,0,0,0,TRUE
19-02-2004 08:00,0,0,0,TRUE
20-02-2004 08:00,0,0,0,TRUE
21-02-2004 08:00,0,0,0,TRUE
22-02-2004 08:00,0,0,0,TRUE
23-02-2004 08:00,0,0,0,TRUE
24-02-2004 08:00,0,0,0,TRUE
25-02-2004 08:00,0,0,0,TRUE
26-02-2004 08:00,0,0,0,TRUE
27-02-2004 08:00,0,0,0,TRUE
28-02-2004 08:00,0,0,0,TRUE
29-02-2004 08:00,0,0,0,TRUE
01-03-2004 08:00,0,0,0,TRUE
02-03-2004 08:00,0,0,0,TRUE
03-03-2004 08:00,0,0,0,TRUE
04-03-2004 08:00,0,0,0,TRUE
05-03-2004 08:00,0,0,0,TRUE
06-03-2004 08:00,0,0,0,TRUE
07-03-2004 08:00,0,0,0,TRUE
08-03-2004 08:00,0,0,0,TRUE
09-03-2004 08:00,0,0,0,TRUE
10-03-2004 08:00,0,0,0,TRUE
11-03-2004 08:00,0,0,0,TRUE
12-03-2004 08:00,0,0,0,TRUE
13-03-2004 08:00,0,0,0,TRUE
14-03-2004 08:00,0,0,0,TRUE
15-03-2004 08:00,0,0,0,TRUE
16-03-2004 08:00,0,0,0,TRUE
17-03-2004 08:00,0,0,0,TRUE
18-03-2004 08:00,0,0,0,TRUE
19-03-2004 08:00,0,0,0,TRUE
20-03-2004 08:00,0,0,0,TRUE
21-03-2004 08:00,0,0,0,TRUE
22-03-2004 08:00,0,0,0,TRUE
23-03-2004 08:00,0,0,0,TRUE
24-03-2004 08:00,0,0,0,TRUE
25-03-2004 08:00,0,0,0,TRUE
26-03-2004 08:00,0,0,0,TRUE
27-03-2004 08:00,0,0,0,TRUE
28-03-2004 08:00,0,0,0,TRUE
29-03-2004 08:00,0,0,0,TRUE
30-03-2004 08:00,0,0,0,TRUE
31-03-2004 08:00,0,0,0,TRUE
01-04-2004 08:00,0,0,0,TRUE
02-04-2004 08:00,0,0,0,TRUE
03-04-2004 08:00,0,0,0,TRUE
04-04-2004 08:00,0,0,0,TRUE
05-04-2004 08:00,0,0,0,TRUE
06-04-2004 08:00,0,0,0,TRUE
07-04-2004 08:00,0,0,0,TRUE
08-04-2004 08:00,0,0,0,TRUE
09-04-2004 08:00,0,0,0,TRUE
10-04-2004 08:00,0,0,0,TRUE
11-04-2004 08:00,0,0,0,TRUE
12-04-2004 08:00,0,0,0,TRUE
13-04-2004 08:00,0,0,0,TRUE
14-04-2004 08:00,0,0,0,TRUE
15-04-2004 08:00,0,0,0,TRUE
16-04-2004 08:00,0,0,0,TRUE
17-04-2004 08:00,0,0,0,TRUE
18-04-2004 08:00,0,0,0,TRUE
19-04-2004 08:00,0,0,0,TRUE
20-04-2004 08:00,0,0,0,TRUE
21-04-2004 08:00,0,0,0,TRUE
22-04-2004 08:00,0,0,0,TRUE
23-04-2004 08:00,0,0,0,TRUE
24-04-2004 08:00,0,0,0,TRUE
26-04-2004 08:30,22.509771,0.0206,40.06379082,FALSE
27-04-2004 08:30,37.419556,0.0224,72.4203119,FALSE
28-04-2004 08:30,12.551725,0.006,6.50681424,FALSE
29-04-2004 08:30,10.884042,0.0091,8.557469182,FALSE
03-05-2004 12:30,60.01208,0.015,77.77565568,FALSE
07-05-2004 12:45,192.60902,0.1615,2687.589221,FALSE
08-05-2004 09:30,210.50287,0.1128,2051.544131,FALSE
11-05-2004 09:00,40.52037,0.0021,7.352015933,FALSE
12-05-2004 09:00,28.80043,0.0017,4.230207158,FALSE
13-05-2004 08:30,23.032585,0.0019,3.781029154,FALSE
14-05-2004 08:30,13.481002,0.0067,7.803882438,FALSE
15-05-2004 08:30,12.502857,0.0072,7.777777283,FALSE
17-05-2004 08:30,22.160517,0.0123,23.55042463,FALSE
18-05-2004 08:30,68.11179,0.0113,66.49890281,FALSE
19-05-2004 08:30,132.71361,0.026,298.1278535,FALSE
20-05-2004 08:30,91.75418,0.0225,178.3701259,FALSE
21-05-2004 08:30,177.896,0.0238,365.8111027,FALSE
22-05-2004 08:30,116.46185,0.0201,202.2523072,FALSE
24-05-2004 08:30,63.596718,0.0095,52.20018613,FALSE
25-05-2004 08:30,52.55486,0.0076,34.50962327,FALSE
26-05-2004 08:30,54.108448,0.008,37.39975926,FALSE
27-05-2004 08:30,104.83849,0.015,135.870683,FALSE
28-05-2004 08:30,88.49451,0.009,68.81333098,FALSE
29-05-2004 08:30,61.726395,0.0083,44.26523238,FALSE
31-05-2004 08:30,41.708202,0.007,25.22512057,FALSE
01-06-2004 08:30,35.16008,0.0029,8.809709645,FALSE
02-06-2004 08:30,32.329296,0.005,13.96625587,FALSE
03-06-2004 08:30,21.382158,0.013,24.01643987,FALSE
04-06-2004 08:30,41.673244,0.0114,41.04647841,FALSE
05-06-2004 08:30,43.544025,0.0132,49.66108963,FALSE
07-06-2004 08:30,80.5204,0.0191,132.8779849,FALSE
08-06-2004 08:30,173.74063,0.0735,1103.322497,FALSE
09-06-2004 08:30,121.396164,0.0168,176.20896,FALSE
10-06-2004 08:30,121.45048,0.0452,474.2981305,FALSE
11-06-2004 08:30,112.762985,0.0058,56.50778704,FALSE
12-06-2004 08:30,111.89404,0.0071,68.6402799,FALSE
14-06-2004 08:30,197.00415,0.0152,258.7216101,FALSE
15-06-2004 08:30,137.54697,0.0471,559.7391416,FALSE
16-06-2004 08:30,157.87006,0.029,395.5592223,FALSE
17-06-2004 08:30,196.12697,0.0351,594.7824943,FALSE
18-06-2004 08:30,240.78078,0.11,2288.380533,FALSE
19-06-2004 08:30,265.8681,0.0411,944.1082578,FALSE
21-06-2004 08:30,113.43213,0.026,254.8139368,FALSE
22-06-2004 08:30,80.92327,0.0157,109.7707973,FALSE
23-06-2004 08:30,64.123344,0.0139,77.00957121,FALSE
24-06-2004 08:30,53.078648,0.006,27.51597112,FALSE
25-06-2004 08:30,41.00404,0.0073,25.86206811,FALSE
26-06-2004 08:30,37.914345,0.0087,28.49945485,FALSE
28-06-2004 08:30,38.66416,0.0093,31.06742584,FALSE
29-06-2004 08:30,53.274887,0.0052,23.93534123,FALSE
30-06-2004 08:30,62.290756,0.0042,22.60406954,FALSE
01-07-2004 08:30,59.1202,0.0049,25.02912787,FALSE
02-07-2004 08:30,53.773106,0.0172,79.91113736,FALSE
03-07-2004 08:30,50.739033,0.0141,61.81231956,FALSE
05-07-2004 08:30,55.603874,0.018,86.47514484,FALSE
06-07-2004 08:30,50.740356,0.0104,45.59325429,FALSE
07-07-2004 08:30,58.66814,0.0169,85.6648713,FALSE
08-07-2004 08:30,56.99568,0.0164,80.76059873,FALSE
09-07-2004 08:30,55.64288,0.0135,64.90185523,FALSE
10-07-2004 08:30,102.373314,0.0199,176.0165812,FALSE
12-07-2004 08:30,59.006344,0.0135,68.82499964,FALSE
13-07-2004 08:30,54.632626,0.0099,46.73056298,FALSE
14-07-2004 08:30,50.035103,0.0105,45.39184544,FALSE
15-07-2004 08:30,53.508965,0.0229,105.8706978,FALSE
16-07-2004 08:30,59.36052,0.0124,63.59648671,FALSE
17-07-2004 08:30,58.127834,0.0109,54.74246895,FALSE
19-07-2004 08:30,51.173687,0.0085,37.58195573,FALSE
20-07-2004 08:30,49.656673,0.0126,54.05824049,FALSE
21-07-2004 08:30,39.811584,0.0166,57.09936624,FALSE
22-07-2004 08:30,37.90497,0.0151,49.45234006,FALSE
23-07-2004 08:30,40.791462,0.0132,46.52184658,FALSE
24-07-2004 08:30,37.802948,0.0242,79.04142791,FALSE
26-07-2004 08:30,35.715683,0.025,77.14587528,FALSE
27-07-2004 08:30,32.84764,0.0223,63.28820494,FALSE
28-07-2004 08:30,32.80293,0.0204,57.8171323,FALSE
29-07-2004 08:30,32.500465,0.0192,53.91437138,FALSE
30-07-2004 08:30,36.54385,0.018,56.83299552,FALSE
31-07-2004 08:30,32.261112,0.0178,49.61500937,FALSE
02-08-2004 08:30,24.205572,0.0188,39.31759471,FALSE
03-08-2004 08:30,22.024403,0.0178,33.87176986,FALSE
04-08-2004 08:30,50.371147,0.016,69.63307361,FALSE
05-08-2004 08:30,264.08868,0.0889,2028.454588,FALSE
06-08-2004 08:30,261.85294,0.0571,1291.835768,FALSE
07-08-2004 08:30,205.38022,0.0288,511.051709,FALSE
09-08-2004 08:30,115.09386,0.0068,67.61994463,FALSE
10-08-2004 08:30,81.746346,0.009,63.56595865,FALSE
11-08-2004 08:30,62.86178,0.0103,55.94195526,FALSE
12-08-2004 08:30,57.337326,0.0162,80.25390846,FALSE
13-08-2004 08:30,50.28916,0.0146,63.43675799,FALSE
14-08-2004 08:30,57.181675,0.0176,86.95274227,FALSE
16-08-2004 08:30,52.655613,0.0143,65.05706297,FALSE
17-08-2004 08:30,51.255535,0.0141,62.44154296,FALSE
18-08-2004 08:30,40.627716,0.013,45.63305061,FALSE
19-08-2004 08:30,35.61921,0.0138,42.46949647,FALSE
20-08-2004 08:30,32.300842,0.0123,34.32675081,FALSE
21-08-2004 08:30,31.49075,0.0112,30.47296896,FALSE
23-08-2004 08:30,21.972242,0.0115,21.83161965,FALSE
24-08-2004 08:30,21.059135,0.0115,20.92435654,FALSE
25-08-2004 08:30,18.459127,0.011,17.5435543,FALSE
26-08-2004 08:30,13.420136,0.0114,13.21829715,FALSE
27-08-2004 08:30,13.877618,0.0101,12.11016457,FALSE
30-08-2004 08:30,13.190068,0.0094,10.71244563,FALSE
31-08-2004 08:30,11.875865,0.0105,10.77378473,FALSE
01-09-2004 08:30,10.9214115,0.0099,9.341738541,FALSE
02-09-2004 08:30,10.404792,0.0108,9.708919511,FALSE
03-09-2004 08:30,8.745968,0.0108,8.16103766,FALSE
04-09-2004 08:30,8.554999,0.0082,6.061045692,FALSE
06-09-2004 08:30,6.9274764,0.0061,3.651057162,FALSE
08-09-2004 09:00,9.660241,0.0072,6.009442721,FALSE
09-09-2004 08:30,12.785388,0.0113,12.48263001,FALSE
10-09-2004 08:30,12.708614,0.0154,16.90957344,FALSE
11-09-2004 08:30,21.023483,0.0096,17.43771774,FALSE
13-09-2004 08:30,13.617605,0.0091,10.70670576,FALSE
14-09-2004 08:30,12.202287,0.0083,8.750504053,FALSE
15-09-2004 08:30,10.277055,0.0063,5.594006578,FALSE
16-09-2004 08:30,18.495684,0.0089,14.22244117,FALSE
17-09-2004 08:30,13.561837,0.0098,11.48307862,FALSE
18-09-2004 08:30,20.961742,0.0118,21.3709152,FALSE
20-09-2004 08:30,34.053402,0.0111,32.65857465,FALSE
21-09-2004 08:30,29.09252,0.0078,19.60603108,FALSE
22-09-2004 08:30,17.99928,0.0115,17.88408461,FALSE
23-09-2004 08:30,13.538059,0.0186,21.75620234,FALSE
24-09-2004 08:30,39.292927,0.0146,49.56566983,FALSE
25-09-2004 08:30,58.558025,0.0161,81.4565551,FALSE
27-09-2004 10:30,85.4749,0.0232,171.3327276,FALSE
28-09-2004 08:30,85.754234,0.0426,315.6304638,FALSE
29-09-2004 08:30,60.20101,0.0151,78.54064569,FALSE
30-09-2004 08:30,49.797302,0.0086,37.00138728,FALSE
01-10-2004 08:30,39.102615,0.0152,51.35268223,FALSE
04-10-2004 08:30,61.52474,0.016,85.05180058,FALSE
05-10-2004 08:30,105.293236,0.0237,215.6068535,FALSE
06-10-2004 08:30,62.075203,0.0529,283.7184398,FALSE
07-10-2004 08:30,56.913605,0.0251,123.4251203,FALSE
08-10-2004 08:30,47.84868,0.0251,103.7665614,FALSE
09-10-2004 08:30,39.935955,0.0073,25.18840554,FALSE
11-10-2004 08:30,49.42894,0.0167,71.32002895,FALSE
12-10-2004 08:30,79.42279,0.0253,173.6118651,FALSE
13-10-2004 09:30,61.50918,0.0174,92.47044084,FALSE
14-10-2004 08:30,82.37816,0.0184,130.9615036,FALSE
15-10-2004 08:30,117.367805,0.0265,268.7253263,FALSE
16-10-2004 08:30,106.29124,0.0249,228.6707221,FALSE
18-10-2004 08:30,118.060905,0.0269,274.392433,FALSE
19-10-2004 08:30,122.5099,0.0309,327.0720306,FALSE
20-10-2004 08:30,106.93994,0.0285,263.3289083,FALSE
23-10-2004 08:30,56.382458,0.0098,47.74015484,FALSE
25-10-2004 08:30,40.785175,0.0085,29.95263252,FALSE
26-10-2004 08:30,54.00865,0.0171,79.79453986,FALSE
27-10-2004 08:30,42.39785,0.009,32.96856816,FALSE
28-10-2004 08:30,37.658993,0.0069,22.45078527,FALSE
29-10-2004 08:30,35.621006,0.0067,20.62028795,FALSE
30-10-2004 08:30,48.178844,0.013,54.11447758,FALSE
01-11-2004 08:30,36.333294,0.0061,19.14909927,FALSE
02-11-2004 08:30,42.162277,0.01,36.42820733,FALSE
03-11-2004 08:30,40.214527,0.0097,33.70299079,FALSE
04-11-2004 08:30,35.75088,0.0129,39.84650081,FALSE
05-11-2004 08:30,31.292736,0.0105,28.3887701,FALSE
06-11-2004 08:30,65.63961,0.0173,98.11283786,FALSE
08-11-2004 08:30,64.65362,0.0158,88.25994973,FALSE
09-11-2004 08:30,41.59978,0.0112,40.25527511,FALSE
10-11-2004 09:00,43.594997,0.0127,47.83591831,FALSE
11-11-2004 08:30,39.39309,0.0111,37.77954903,FALSE
13-11-2004 08:30,34.66315,0.0094,28.1520239,FALSE
15-11-2004 08:30,31.502806,0.0087,23.68002921,FALSE
16-11-2004 08:30,36.876293,0.0105,33.45417301,FALSE
17-11-2004 08:30,35.174862,0.0093,28.26370511,FALSE
18-11-2004 08:30,22.244507,0.0085,16.33636594,FALSE
19-11-2004 08:30,20.783476,0.0082,14.72467708,FALSE
20-11-2004 08:30,17.244322,0.0082,12.21725725,FALSE
22-11-2004 08:30,13.886196,0.0082,9.838092142,FALSE
23-11-2004 08:30,13.171783,0.0085,9.673357435,FALSE
24-11-2004 08:30,11.717868,0.0082,8.301875121,FALSE
25-11-2004 08:30,11.3008175,0.008,7.811125056,FALSE
27-11-2004 08:30,10.932308,0.0073,6.895225302,FALSE
29-11-2004 08:30,7.851068,0.0073,4.951825609,FALSE
30-11-2004 08:30,7.305629,0.0059,3.724117439,FALSE
01-12-2004 08:30,6.8606133,0.0057,3.378714838,FALSE
02-12-2004 08:30,6.680613,0.0048,2.770583823,FALSE
03-12-2004 08:30,6.4480066,0.0051,2.841249628,FALSE
04-12-2004 08:30,6.244811,0.0046,2.481937684,FALSE
06-12-2004 08:30,7.2847233,0.0045,2.832300419,FALSE
07-12-2004 08:30,5.97489,0.0045,2.323037232,FALSE
08-12-2004 08:30,7.007109,0.0048,2.905988244,FALSE
09-12-2004 08:30,3.3845532,0.0038,1.111216507,FALSE
10-12-2004 08:30,2.6440814,0.0038,0.868104805,FALSE
11-12-2004 08:30,2.6097226,0.0038,0.856824124,FALSE
13-12-2004 08:30,2.183015,0.0038,0.716727485,FALSE
14-12-2004 08:30,1.9392067,0.0034,0.56966136,FALSE
15-12-2004 08:30,1.8465227,0.0027,0.430756815,FALSE
16-12-2004 08:30,1.935901,0.0025,0.418154616,FALSE
17-12-2004 08:30,1.8473191,0.0028,0.446903437,FALSE
18-12-2004 08:30,1.1596974,0.0027,0.270534209,FALSE
20-12-2004 08:30,1.4391992,0.0027,0.335736389,FALSE
21-12-2004 08:30,1.1067096,0.0024,0.229487303,FALSE
22-12-2004 08:30,1.0206153,0.0022,0.193998556,FALSE
23-12-2004 08:00,0,0,0,TRUE
24-12-2004 08:00,0,0,0,TRUE
25-12-2004 08:00,0,0,0,TRUE
26-12-2004 08:00,0,0,0,TRUE
27-12-2004 08:00,0,0,0,TRUE
28-12-2004 08:00,0,0,0,TRUE
29-12-2004 08:00,0,0,0,TRUE
30-12-2004 08:00,0,0,0,TRUE
31-12-2004 08:00,0,0,0,TRUE
01-01-2005 08:00,0,0,0,TRUE
02-01-2005 08:00,0,0,0,TRUE
03-01-2005 08:00,0,0,0,TRUE
04-01-2005 08:00,0,0,0,TRUE
05-01-2005 08:00,0,0,0,TRUE
06-01-2005 08:00,0,0,0,TRUE
07-01-2005 08:00,0,0,0,TRUE
08-01-2005 08:00,0,0,0,TRUE
09-01-2005 08:00,0,0,0,TRUE
10-01-2005 08:00,0,0,0,TRUE
11-01-2005 08:00,0,0,0,TRUE
12-01-2005 08:00,0,0,0,TRUE
13-01-2005 08:00,0,0,0,TRUE
14-01-2005 08:00,0,0,0,TRUE
15-01-2005 08:00,0,0,0,TRUE
16-01-2005 08:00,0,0,0,TRUE
17-01-2005 08:00,0,0,0,TRUE
18-01-2005 08:00,0,0,0,TRUE
19-01-2005 08:00,0,0,0,TRUE
20-01-2005 08:00,0,0,0,TRUE
21-01-2005 08:00,0,0,0,TRUE
22-01-2005 08:00,0,0,0,TRUE
23-01-2005 08:00,0,0,0,TRUE
24-01-2005 08:00,0,0,0,TRUE
25-01-2005 08:00,0,0,0,TRUE
26-01-2005 08:00,0,0,0,TRUE
27-01-2005 08:00,0,0,0,TRUE
28-01-2005 08:00,0,0,0,TRUE
29-01-2005 08:00,0,0,0,TRUE
30-01-2005 08:00,0,0,0,TRUE
31-01-2005 08:00,0,0,0,TRUE
01-02-2005 08:00,0,0,0,TRUE
02-02-2005 08:00,0,0,0,TRUE
03-02-2005 08:00,0,0,0,TRUE
04-02-2005 08:00,0,0,0,TRUE
05-02-2005 08:00,0,0,0,TRUE
06-02-2005 08:00,0,0,0,TRUE
07-02-2005 08:00,0,0,0,TRUE
08-02-2005 08:00,0,0,0,TRUE
09-02-2005 08:00,0,0,0,TRUE
10-02-2005 08:00,0,0,0,TRUE
11-02-2005 08:00,0,0,0,TRUE
12-02-2005 08:00,0,0,0,TRUE
13-02-2005 08:00,0,0,0,TRUE
14-02-2005 08:00,0,0,0,TRUE
15-02-2005 08:00,0,0,0,TRUE
16-02-2005 08:00,0,0,0,TRUE
17-02-2005 08:00,0,0,0,TRUE
18-02-2005 08:00,0,0,0,TRUE
19-02-2005 08:00,0,0,0,TRUE
20-02-2005 08:00,0,0,0,TRUE
21-02-2005 08:00,0,0,0,TRUE
22-02-2005 08:00,0,0,0,TRUE
23-02-2005 08:00,0,0,0,TRUE
24-02-2005 08:00,0,0,0,TRUE
25-02-2005 08:00,0,0,0,TRUE
26-02-2005 08:00,0,0,0,TRUE
27-02-2005 08:00,0,0,0,TRUE
28-02-2005 08:00,0,0,0,TRUE
01-03-2005 08:00,0,0,0,TRUE
02-03-2005 08:00,0,0,0,TRUE
03-03-2005 08:00,0,0,0,TRUE
04-03-2005 08:00,0,0,0,TRUE
05-03-2005 08:00,0,0,0,TRUE
06-03-2005 08:00,0,0,0,TRUE
07-03-2005 08:00,0,0,0,TRUE
08-03-2005 08:00,0,0,0,TRUE
09-03-2005 08:00,0,0,0,TRUE
10-03-2005 08:00,0,0,0,TRUE
11-03-2005 08:00,0,0,0,TRUE
12-03-2005 08:00,0,0,0,TRUE
13-03-2005 08:00,0,0,0,TRUE
14-03-2005 08:00,0,0,0,TRUE
15-03-2005 08:00,0,0,0,TRUE
16-03-2005 08:00,0,0,0,TRUE
17-03-2005 08:00,0,0,0,TRUE
18-03-2005 08:00,0,0,0,TRUE
19-03-2005 08:00,0,0,0,TRUE
20-03-2005 08:00,0,0,0,TRUE
21-03-2005 08:00,0,0,0,TRUE
22-03-2005 08:00,0,0,0,TRUE
23-03-2005 08:00,0,0,0,TRUE
24-03-2005 08:00,0,0,0,TRUE
25-03-2005 08:00,0,0,0,TRUE
26-03-2005 08:00,0,0,0,TRUE
27-03-2005 08:00,0,0,0,TRUE
28-03-2005 08:00,0,0,0,TRUE
29-03-2005 08:00,0,0,0,TRUE
30-03-2005 08:00,0,0,0,TRUE
31-03-2005 08:00,0,0,0,TRUE
01-04-2005 08:00,0,0,0,TRUE
02-04-2005 08:00,0,0,0,TRUE
03-04-2005 08:00,0,0,0,TRUE
04-04-2005 08:00,0,0,0,TRUE
05-04-2005 08:00,0,0,0,TRUE
06-04-2005 08:30,7.5738535,0.0119,7.787133215,FALSE
07-04-2005 08:30,7.1941557,0.0112,6.961640588,FALSE
08-04-2005 08:30,6.261254,0.0244,13.19972523,FALSE
09-04-2005 08:30,5.702059,0.0121,5.961160561,FALSE
11-04-2005 08:00,0,0,0,TRUE
12-04-2005 08:30,7.9019675,0.0114,7.783121909,FALSE
13-04-2005 08:30,6.021118,0.0182,9.468087633,FALSE
15-04-2005 08:30,11.088711,0.0135,12.93387251,FALSE
16-04-2005 08:30,9.670419,0.0209,17.46245581,FALSE
18-04-2005 08:30,5.7426305,0.0124,6.152424612,FALSE
19-04-2005 08:00,0,0,0,TRUE
20-04-2005 08:00,0,0,0,TRUE
21-04-2005 08:00,0,0,0,TRUE
22-04-2005 08:00,0,0,0,TRUE
23-04-2005 08:00,0,0,0,TRUE
24-04-2005 08:00,0,0,0,TRUE
25-04-2005 08:00,0,0,0,TRUE
26-04-2005 08:00,0,0,0,TRUE
27-04-2005 08:00,0,0,0,TRUE
28-04-2005 08:00,0,0,0,TRUE
29-04-2005 08:00,0,0,0,TRUE
30-04-2005 08:00,0,0,0,TRUE
01-05-2005 08:00,0,0,0,TRUE
02-05-2005 08:00,0,0,0,TRUE
03-05-2005 08:30,5.5878654,0.0089,4.296844978,FALSE
04-05-2005 08:30,4.967419,0.0078,3.347643012,FALSE
05-05-2005 08:30,1.84494,0.0058,0.924536333,FALSE
06-05-2005 08:00,0,0,0,TRUE
07-05-2005 08:00,0,0,0,TRUE
08-05-2005 08:00,0,0,0,TRUE
09-05-2005 08:00,0,0,0,TRUE
10-05-2005 08:00,0,0,0,TRUE
11-05-2005 08:00,0,0,0,TRUE
12-05-2005 08:00,0,0,0,TRUE
13-05-2005 08:00,0,0,0,TRUE
14-05-2005 08:00,0,0,0,TRUE
15-05-2005 08:00,0,0,0,TRUE
16-05-2005 08:00,0,0,0,TRUE
17-05-2005 08:00,0,0,0,TRUE
18-05-2005 08:00,0,0,0,TRUE
19-05-2005 08:00,0,0,0,TRUE
20-05-2005 08:00,0,0,0,TRUE
21-05-2005 08:00,0,0,0,TRUE
22-05-2005 08:00,0,0,0,TRUE
23-05-2005 08:00,0,0,0,TRUE
24-05-2005 08:00,0,0,0,TRUE
25-05-2005 08:00,0,0,0,TRUE
26-05-2005 08:00,0,0,0,TRUE
27-05-2005 08:30,7.299538,0.0102,6.432936849,FALSE
28-05-2005 08:30,35.786995,0.0036,11.13118692,FALSE
30-05-2005 08:30,35.144733,0.0026,7.894912821,FALSE
31-05-2005 08:30,41.484066,0.0148,53.04650488,FALSE
01-06-2005 08:30,32.196854,0.0133,36.99804887,FALSE
02-06-2005 08:30,21.2758,0.0105,19.30140576,FALSE
03-06-2005 08:30,22.213253,0.0108,20.72763064,FALSE
04-06-2005 08:30,15.232168,0.0106,13.95022874,FALSE
07-06-2005 08:30,82.11138,0.0158,112.0918871,FALSE
08-06-2005 08:30,56.42804,0.0154,75.0808929,FALSE
09-06-2005 08:30,38.168335,0.0114,37.59428324,FALSE
10-06-2005 08:30,61.097282,0.0176,92.9069709,FALSE
11-06-2005 08:30,53.60017,0.0105,48.62607422,FALSE
13-06-2005 08:30,37.86295,0.0073,23.88091982,FALSE
14-06-2005 08:30,42.336292,0.008,29.26284503,FALSE
16-06-2005 08:30,39.298874,0.009,30.55880442,FALSE
17-06-2005 08:30,79.98521,0.0144,99.51439887,FALSE
18-06-2005 08:30,119.075005,0.0221,227.3665775,FALSE
20-06-2005 08:30,114.35748,0.0163,161.0519262,FALSE
21-06-2005 08:30,136.73813,0.028,330.7968841,FALSE
22-06-2005 09:30,87.83268,0.0141,107.0012841,FALSE
23-06-2005 08:30,78.95112,0.0079,53.88887647,FALSE
24-06-2005 08:30,57.57876,0.0049,24.37654383,FALSE
25-06-2005 08:30,52.39817,0.0044,19.91968831,FALSE
27-06-2005 08:30,56.426464,0.0054,26.32633104,FALSE
28-06-2005 08:30,54.477985,0.0037,17.41552224,FALSE
29-06-2005 08:30,46.73502,0.0028,11.30613604,FALSE
30-06-2005 08:30,40.817738,0.0027,9.521961921,FALSE
01-07-2005 08:30,47.52,0.002,8.211456,FALSE
02-07-2005 12:30,35.557125,0.0012,3.68656272,FALSE
04-07-2005 10:00,29.406107,0.0015,3.811031467,FALSE
05-07-2005 08:30,52.86492,0.0117,53.44009033,FALSE
06-07-2005 09:30,83.240166,0.0151,108.5984502,FALSE
07-07-2005 09:30,112.775696,0.0188,183.1838185,FALSE
08-07-2005 08:30,101.77886,0.0166,145.9753122,FALSE
09-07-2005 08:30,117.56921,0.0198,201.1279989,FALSE
11-07-2005 08:30,199.9,0.0259,447.328224,FALSE
12-07-2005 09:30,144,0.0307,381.95712,FALSE
13-07-2005 09:30,78.307144,0.0262,177.2623157,FALSE
14-07-2005 09:30,66.587364,0.0228,131.1717801,FALSE
18-07-2005 09:30,47.254887,0.0073,29.80460233,FALSE
19-07-2005 11:00,41.507538,0.006,21.5175077,FALSE
20-07-2005 09:30,37.483505,0.0046,14.89744423,FALSE
21-07-2005 11:00,96.5758,0.0162,135.1752157,FALSE
22-07-2005 11:00,82.668076,0.0166,118.5658613,FALSE
26-07-2005 09:30,132.00482,0.0353,402.6041406,FALSE
27-07-2005 08:30,172.49464,0.0409,609.554659,FALSE
28-07-2005 08:30,156.10881,0.0347,468.0267011,FALSE
01-08-2005 08:30,221.30418,0.0447,854.6944475,FALSE
05-08-2005 14:15,109.382,0.0322,304.3094746,FALSE
06-08-2005 09:30,78.5985,0.0252,171.1309421,FALSE
13-08-2005 09:00,39,0.0152,51.21792,FALSE
16-08-2005 10:00,33.483387,0.013,37.60854028,FALSE
17-08-2005 09:00,31.612453,0.0108,29.49821214,FALSE
18-08-2005 08:30,29.329542,0.0084,21.2862084,FALSE
19-08-2005 08:30,26.135126,0.0069,15.58071672,FALSE
20-08-2005 09:30,25.217985,0.0067,14.59818716,FALSE
22-08-2005 08:30,22.293715,0.0064,12.32753265,FALSE
23-08-2005 08:30,21.404852,0.006,11.09627528,FALSE
24-08-2005 08:30,21.514585,0.0057,10.59550282,FALSE
25-08-2005 08:30,20.313253,0.005,8.775325296,FALSE
26-08-2005 08:30,19.605923,0.0048,8.130968387,FALSE
27-08-2005 08:30,19.176748,0.0048,7.952980931,FALSE
29-08-2005 08:30,18.162844,0.0047,7.375567692,FALSE
30-08-2005 08:30,22.335247,0.0048,9.262873636,FALSE
31-08-2005 08:30,21.173447,0.0038,6.951666119,FALSE
01-09-2005 11:00,39.116295,0.0152,51.3706479,FALSE
02-09-2005 08:30,41.650272,0.0153,55.05832756,FALSE
03-09-2005 08:30,46.746506,0.0179,72.29627632,FALSE
05-09-2005 08:30,84.71589,0.0146,106.8640123,FALSE
06-09-2005 08:30,128.64186,0.0319,354.5575489,FALSE
07-09-2005 08:30,173.8103,0.0347,521.0971842,FALSE
08-09-2005 08:30,144.3307,0.0301,375.3521916,FALSE
09-09-2005 08:30,153.09592,0.0347,458.9938158,FALSE
10-09-2005 08:30,141.32619,0.0276,337.0120857,FALSE
12-09-2005 08:30,123.51388,0.0215,229.4393835,FALSE
13-09-2005 08:30,120.34044,0.0193,200.6700905,FALSE
14-09-2005 08:30,108.30888,0.0166,155.3409281,FALSE
16-09-2005 08:30,76.85552,0.0105,69.72332774,FALSE
17-09-2005 08:30,68.93167,0.0093,55.38797548,FALSE
19-09-2005 08:30,43.706688,0.0069,26.05617912,FALSE
20-09-2005 08:30,42.67654,0.0074,27.28567261,FALSE
21-09-2005 08:30,41.559834,0.0048,17.23569436,FALSE
22-09-2005 08:30,34.76626,0.0034,10.21293654,FALSE
23-09-2005 10:30,31.863228,0.003,8.258948698,FALSE
24-09-2005 08:30,30.600405,0.003,7.931624976,FALSE
26-09-2005 08:30,28.94097,0.0016,4.000799693,FALSE
27-09-2005 08:30,26.999168,0.0014,3.265819361,FALSE
28-09-2005 08:30,24.905767,0.0013,2.797415749,FALSE
29-09-2005 10:30,23.140438,0.0012,2.399200612,FALSE
30-09-2005 08:30,22.404734,0.0011,2.129345919,FALSE
01-10-2005 08:30,19.997507,0.0012,2.073341526,FALSE
03-10-2005 08:30,17.565346,0.0011,1.669410484,FALSE
04-10-2005 08:30,17.605997,0.0012,1.825389769,FALSE
05-10-2005 08:30,17.44337,0.0011,1.657817885,FALSE
06-10-2005 08:30,13.322692,0.0011,1.266188648,FALSE
07-10-2005 08:30,22.49988,0.0015,2.915984448,FALSE
08-10-2005 08:30,22.260574,0.0012,2.307976312,FALSE
10-10-2005 08:30,23.135313,0.0013,2.598558356,FALSE
13-10-2005 08:30,33.71259,0.004,11.6510711,FALSE
14-10-2005 08:30,36.72852,0.0053,16.81872388,FALSE
15-10-2005 08:30,34.711384,0.0042,12.59606703,FALSE
17-10-2005 08:30,27.744827,0.0048,11.50633465,FALSE
18-10-2005 08:30,23.176996,0.0018,3.604486418,FALSE
19-10-2005 08:30,22.786757,0.0016,3.150041288,FALSE
20-10-2005 08:30,24.156221,0.002,4.174194989,FALSE
21-10-2005 08:30,19.017763,0.0043,7.06547931,FALSE
22-10-2005 08:30,19.274918,0.0094,15.6543174,FALSE
24-10-2005 10:30,109.52348,0.0578,546.9514972,FALSE
25-10-2005 09:00,82.49204,0.03722,265.2785622,FALSE
26-10-2005 10:15,64.333305,0.0191,106.1653932,FALSE
27-10-2005 09:00,67.34647,0.0209,121.6115617,FALSE
28-10-2005 08:30,48.724,0.0155,65.2511808,FALSE
29-10-2005 08:30,43.59238,0.0171,64.40512591,FALSE
31-10-2005 08:30,45.925804,0.017,67.45582092,FALSE
02-11-2005 08:30,64.67551,0.0055,30.73380235,FALSE
04-11-2005 08:30,43.800175,0.0041,15.51577399,FALSE
05-11-2005 08:30,49.827034,0.0252,108.4874046,FALSE
07-11-2005 10:00,82.08505,0.0276,195.7432936,FALSE
08-11-2005 08:30,84.78655,0.0411,301.0804305,FALSE
09-11-2005 10:00,135.66148,0.0996,1167.426726,FALSE
10-11-2005 10:30,129.4388,0.1152,1288.340619,FALSE
11-11-2005 10:30,97.49141,0.0612,515.5033788,FALSE
12-11-2005 08:30,140.33736,0.084,1018.512424,FALSE
14-11-2005 08:30,94.4638,0.0566,461.9506533,FALSE
16-11-2005 12:00,68.849815,0.0295,175.4844085,FALSE
17-11-2005 08:30,57.506313,0.0196,97.38349069,FALSE
18-11-2005 10:22,44.916836,0.0082,31.82267997,FALSE
19-11-2005 08:30,40.90313,0.005,17.67015216,FALSE
21-11-2005 08:30,34.2375,0.0026,7.691112,FALSE
22-11-2005 10:22,39.182335,0.0027,9.140455109,FALSE
23-11-2005 08:30,62.07457,0.0074,39.68799708,FALSE
24-11-2005 08:30,116.33499,0.1098,1103.637476,FALSE
25-11-2005 08:30,84.77468,0.0276,202.1570929,FALSE
26-11-2005 08:30,56.067455,0.0187,90.58706569,FALSE
28-11-2005 08:30,43.962013,0.0147,55.83527347,FALSE
29-11-2005 08:30,47.792427,0.0328,135.4399147,FALSE
30-11-2005 08:30,41.811855,0.0096,34.68042501,FALSE
01-12-2005 09:30,51.799366,0.0219,98.01268837,FALSE
02-12-2005 08:45,41.590477,0.0132,47.43310721,FALSE
03-12-2005 08:30,39.84324,0.0146,50.25985667,FALSE
05-12-2005 08:30,39.488575,0.0133,45.3771113,FALSE
06-12-2005 08:30,44.07894,0.0252,95.97219448,FALSE
07-12-2005 08:30,33.27591,0.0121,34.78796735,FALSE
08-12-2005 08:30,31.827456,0.0084,23.09909447,FALSE
09-12-2005 08:30,28.7367,0.0033,8.193407904,FALSE
10-12-2005 08:30,25.112507,0.0012,2.603664726,FALSE
12-12-2005 08:30,139.39784,0.0879,1058.66526,FALSE
13-12-2005 08:30,113.99469,0.0992,977.0348086,FALSE
14-12-2005 08:30,87.88692,0.027,205.022607,FALSE
15-12-2005 08:30,66.64688,0.0121,69.67531423,FALSE
16-12-2005 08:30,61.703983,0.0175,93.2964223,FALSE
17-12-2005 08:30,45.705692,0.016,63.18354862,FALSE
19-12-2005 08:30,40.552505,0.0134,46.95006819,FALSE
20-12-2005 08:30,39.58562,0.0129,44.12054863,FALSE
21-12-2005 08:30,30.19488,0.0107,27.91456266,FALSE
22-12-2005 08:30,29.826092,0.0114,29.37750758,FALSE
23-12-2005 08:34,28.5557,0.0101,24.91884605,FALSE
24-12-2005 08:30,23.962793,0.0052,10.76600364,FALSE
26-12-2005 08:30,19.291159,0.0079,13.16737349,FALSE
27-12-2005 08:30,17.303493,0.0061,9.119632951,FALSE
28-12-2005 08:30,19.562212,0.0087,14.70452352,FALSE
29-12-2005 08:30,16.79615,0.0083,12.04485509,FALSE
30-12-2005 08:30,16.434881,0.0102,14.48373193,FALSE
31-12-2005 08:30,13.568593,0.0098,11.48879906,FALSE
02-01-2006 08:30,10.141581,0.009,7.886093386,FALSE
03-01-2006 08:30,9.7224865,0.012,10.080274,FALSE
04-01-2006 08:30,9.387539,0.0096,7.786400348,FALSE
05-01-2006 08:30,9.117613,0.0084,6.617198811,FALSE
06-01-2006 08:30,9.002154,0.01,7.777861056,FALSE
07-01-2006 08:30,8.539532,0.0097,7.156810979,FALSE
09-01-2006 08:30,5.466948,0.01,4.723443072,FALSE
11-01-2006 08:30,5.4021826,0.0093,4.340761763,FALSE
12-01-2006 08:30,4.8613534,0.0096,4.032200964,FALSE
13-01-2006 08:30,4.8112926,0.0094,3.907539398,FALSE
14-01-2006 08:30,4.8301024,0.0087,3.630691372,FALSE
16-01-2006 08:30,9.171799,0.0103,8.162167366,FALSE
17-01-2006 08:30,5.038464,0.0082,3.569650975,FALSE
18-01-2006 08:30,8.37476,0.0303,21.9244517,FALSE
19-01-2006 08:30,4.835776,0.0257,10.73774389,FALSE
20-01-2006 08:30,4.4427423,0.0347,13.31969683,FALSE
21-01-2006 08:30,4.1372747,0.012,4.289526409,FALSE
23-01-2006 08:30,3.9944298,0.0168,5.797994743,FALSE
24-01-2006 08:30,3.9816604,0.012,4.128185503,FALSE
25-01-2006 08:30,3.9213963,0.0087,2.947635171,FALSE
30-01-2006 08:30,2.1850529,0.0097,1.831249134,FALSE
31-01-2006 08:30,2.138406,0.0064,1.182452982,FALSE
01-02-2006 08:00,0,0,0,TRUE
02-02-2006 08:00,0,0,0,TRUE
03-02-2006 08:00,0,0,0,TRUE
04-02-2006 08:00,0,0,0,TRUE
05-02-2006 08:00,0,0,0,TRUE
06-02-2006 08:00,0,0,0,TRUE
07-02-2006 08:00,0,0,0,TRUE
08-02-2006 08:00,0,0,0,TRUE
09-02-2006 08:00,0,0,0,TRUE
10-02-2006 08:00,0,0,0,TRUE
11-02-2006 08:00,0,0,0,TRUE
12-02-2006 08:00,0,0,0,TRUE
13-02-2006 08:00,0,0,0,TRUE
14-02-2006 08:00,0,0,0,TRUE
15-02-2006 08:00,0,0,0,TRUE
16-02-2006 08:00,0,0,0,TRUE
17-02-2006 08:00,0,0,0,TRUE
18-02-2006 08:00,0,0,0,TRUE
19-02-2006 08:00,0,0,0,TRUE
20-02-2006 08:00,0,0,0,TRUE
21-02-2006 08:00,0,0,0,TRUE
22-02-2006 08:00,0,0,0,TRUE
23-02-2006 08:00,0,0,0,TRUE
24-02-2006 08:00,0,0,0,TRUE
25-02-2006 08:00,0,0,0,TRUE
26-02-2006 08:00,0,0,0,TRUE
27-02-2006 08:00,0,0,0,TRUE
28-02-2006 08:00,0,0,0,TRUE
01-03-2006 08:00,0,0,0,TRUE
02-03-2006 08:00,0,0,0,TRUE
03-03-2006 08:00,0,0,0,TRUE
04-03-2006 08:00,0,0,0,TRUE
05-03-2006 08:00,0,0,0,TRUE
06-03-2006 08:00,0,0,0,TRUE
07-03-2006 08:00,0,0,0,TRUE
08-03-2006 08:00,0,0,0,TRUE
09-03-2006 08:00,0,0,0,TRUE
10-03-2006 08:00,0,0,0,TRUE
11-03-2006 08:00,0,0,0,TRUE
12-03-2006 08:00,0,0,0,TRUE
13-03-2006 08:00,0,0,0,TRUE
14-03-2006 08:00,0,0,0,TRUE
15-03-2006 08:00,0,0,0,TRUE
16-03-2006 08:00,0,0,0,TRUE
17-03-2006 08:00,0,0,0,TRUE
18-03-2006 08:00,0,0,0,TRUE
19-03-2006 08:00,0,0,0,TRUE
20-03-2006 08:00,0,0,0,TRUE
21-03-2006 08:00,0,0,0,TRUE
22-03-2006 08:00,0,0,0,TRUE
23-03-2006 08:00,0,0,0,TRUE
24-03-2006 08:00,0,0,0,TRUE
25-03-2006 08:00,0,0,0,TRUE
26-03-2006 08:00,0,0,0,TRUE
27-03-2006 08:00,0,0,0,TRUE
28-03-2006 08:00,0,0,0,TRUE
29-03-2006 08:00,0,0,0,TRUE
30-03-2006 08:00,0,0,0,TRUE
31-03-2006 08:00,0,0,0,TRUE
01-04-2006 08:00,0,0,0,TRUE
02-04-2006 08:00,0,0,0,TRUE
03-04-2006 08:00,0,0,0,TRUE
04-04-2006 08:00,0,0,0,TRUE
05-04-2006 08:00,0,0,0,TRUE
06-04-2006 08:00,0,0,0,TRUE
07-04-2006 08:00,0,0,0,TRUE
08-04-2006 08:00,0,0,0,TRUE
09-04-2006 08:00,0,0,0,TRUE
10-04-2006 08:00,0,0,0,TRUE
11-04-2006 08:00,0,0,0,TRUE
12-04-2006 08:00,0,0,0,TRUE
13-04-2006 08:00,0,0,0,TRUE
14-04-2006 08:00,0,0,0,TRUE
15-04-2006 08:00,0,0,0,TRUE
16-04-2006 08:00,0,0,0,TRUE
17-04-2006 08:00,0,0,0,TRUE
18-04-2006 08:00,0,0,0,TRUE
19-04-2006 08:00,0,0,0,TRUE
20-04-2006 08:00,0,0,0,TRUE
21-04-2006 08:00,0,0,0,TRUE
22-04-2006 08:00,0,0,0,TRUE
23-04-2006 08:00,0,0,0,TRUE
24-04-2006 08:00,0,0,0,TRUE
25-04-2006 08:00,0,0,0,TRUE
26-04-2006 08:00,0,0,0,TRUE
27-04-2006 08:00,0,0,0,TRUE
28-04-2006 08:00,0,0,0,TRUE
29-04-2006 08:00,0,0,0,TRUE
30-04-2006 08:00,0,0,0,TRUE
01-05-2006 08:00,0,0,0,TRUE
02-05-2006 08:00,0,0,0,TRUE
03-05-2006 08:00,0,0,0,TRUE
04-05-2006 08:00,0,0,0,TRUE
05-05-2006 08:00,0,0,0,TRUE
06-05-2006 08:00,0,0,0,TRUE
07-05-2006 08:00,0,0,0,TRUE
08-05-2006 08:00,0,0,0,TRUE
09-05-2006 08:00,0,0,0,TRUE
10-05-2006 08:00,0,0,0,TRUE
11-05-2006 08:00,0,0,0,TRUE
12-05-2006 08:00,0,0,0,TRUE
13-05-2006 08:00,0,0,0,TRUE
14-05-2006 08:00,0,0,0,TRUE
15-05-2006 08:00,0,0,0,TRUE
16-05-2006 08:00,0,0,0,TRUE
17-05-2006 08:00,0,0,0,TRUE
18-05-2006 08:00,0,0,0,TRUE
19-05-2006 08:00,0,0,0,TRUE
20-05-2006 08:00,0,0,0,TRUE
21-05-2006 08:00,0,0,0,TRUE
22-05-2006 08:00,0,0,0,TRUE
23-05-2006 08:00,0,0,0,TRUE
24-05-2006 08:00,0,0,0,TRUE
25-05-2006 08:00,0,0,0,TRUE
26-05-2006 08:00,0,0,0,TRUE
27-05-2006 08:30,23.552488,0.0014,2.848908948,FALSE
29-05-2006 08:30,77.03329,0.0409,272.2171589,FALSE
30-05-2006 08:30,115.10562,0.0916,910.973502,FALSE
31-05-2006 08:30,145.41783,0.2444,3070.666165,FALSE
02-06-2008 09:00,8.76585,0.0068,5.150112192,FALSE
03-06-2008 09:00,9.190378,0.0092,7.305247665,FALSE
04-06-2008 09:00,13.058949,0.0375,42.31099476,FALSE
05-06-2008 08:30,13.536887,0.0352,41.1694637,FALSE
09-06-2008 08:30,3.772846,0.0121,3.944284122,FALSE
11-06-2008 08:30,8.373302,0.0221,15.98831777,FALSE
12-06-2008 08:30,6.97218,0.0064,3.855336653,FALSE
13-06-2008 08:30,6.690068,0.009,5.202196877,FALSE
14-06-2008 08:30,7.059068,0.0074,4.513285716,FALSE
18-06-2008 08:30,8.493195,0.0224,16.43738988,FALSE
19-06-2008 08:30,12.972313,0.0339,37.99538588,FALSE
20-06-2008 08:30,8.523163,0.0261,19.22007349,FALSE
21-06-2008 08:30,7.0485325,0.0565,34.40811625,FALSE
23-06-2008 08:30,6.9957714,0.0415,25.08403793,FALSE
24-06-2008 08:30,6.3331122,0.0539,29.49305019,FALSE
25-06-2008 08:30,7.1489143,0.0481,29.709744,FALSE
26-06-2008 08:30,7.5845737,0.0298,19.5281536,FALSE
27-06-2008 08:30,6.79254,0.043,25.23564461,FALSE
28-06-2008 08:45,6.623841,0.0519,29.70236286,FALSE
30-06-2008 08:30,25.9988,0.0641,143.9875941,FALSE
01-07-2008 08:30,25.065405,0.0709,153.5446553,FALSE
02-07-2008 08:30,82.689026,0.0847,605.1249074,FALSE
03-07-2008 08:30,49.291958,0.0559,238.0683271,FALSE
04-07-2008 08:30,35.338184,0.0517,157.8514273,FALSE
05-07-2008 08:30,25.571665,0.0526,116.2140116,FALSE
07-07-2008 08:30,15.475491,0.0257,34.36301826,FALSE
08-07-2008 08:30,14.955626,0.0311,40.18636529,FALSE
09-07-2008 08:30,12.868187,0.0208,23.12567622,FALSE
10-07-2008 08:30,25.076574,0.0489,105.9475221,FALSE
11-07-2008 08:30,18.548592,0.0367,58.8153594,FALSE
12-07-2008 08:30,37.262215,0.052,167.4116796,FALSE
14-07-2008 08:30,24.983263,0.0401,86.55801232,FALSE
15-07-2008 08:30,19.490269,0.0361,60.79092862,FALSE
16-07-2008 09:00,76.653145,0.0606,401.3436027,FALSE
17-07-2008 08:30,49.553333,0.0447,191.3789363,FALSE
18-07-2008 08:45,111.20923,0.0546,524.62287,FALSE
19-07-2008 08:30,118.2578,0.108,1103.487183,FALSE
21-07-2008 08:30,51.223442,0.0117,51.78075305,FALSE
22-07-2008 08:30,46.381496,0.0301,120.6215738,FALSE
23-07-2008 08:30,70.62547,0.059,360.0203959,FALSE
24-07-2008 08:30,144.37796,0.092,1147.631528,FALSE
25-07-2008 08:30,120.05882,0.0656,680.4741823,FALSE
26-07-2008 08:30,102.48339,0.0581,514.4502205,FALSE
28-07-2008 08:30,172.43987,0.2148,3200.263264,FALSE
29-07-2008 08:30,171.87889,0.0551,818.2535189,FALSE
30-07-2008 08:30,226.59639,0.0834,1632.799203,FALSE
31-07-2008 08:30,162.60193,0.0671,942.6749331,FALSE
01-08-2008 08:30,157.39273,0.06,815.9239123,FALSE
02-08-2008 09:30,133.6932,0.0182,210.2298831,FALSE
04-08-2008 09:00,65.28812,0.0109,61.48573989,FALSE
05-08-2008 08:30,49.853508,0.0166,71.50189531,FALSE
06-08-2008 08:30,43.98654,0.0126,47.88550691,FALSE
07-08-2008 08:30,37.733356,0.0212,69.11543352,FALSE
08-08-2008 08:30,26.762253,0.0134,30.98426603,FALSE
09-08-2008 08:30,26.689135,0.0319,73.55952632,FALSE
11-08-2008 08:30,54.64005,0.0588,277.5889388,FALSE
12-08-2008 08:30,131.50334,0.0582,661.2619151,FALSE
13-08-2008 08:30,116.25516,0.0429,430.9067258,FALSE
14-08-2008 08:30,69.87732,0.032,193.1968143,FALSE
16-08-2008 08:30,56.288883,0.0153,74.40940022,FALSE
18-08-2008 08:30,39.04121,0.0032,10.79411374,FALSE
19-08-2008 08:30,33.94139,0.0048,14.07617326,FALSE
20-08-2008 08:30,32.625175,0.0028,7.892682336,FALSE
21-08-2008 08:30,23.227936,0.0094,18.8648005,FALSE
22-08-2008 08:30,18.495232,0.0072,11.50551392,FALSE
23-08-2008 08:30,15.51328,0.0086,11.52698757,FALSE
25-08-2008 08:30,13.605146,0.0109,12.8127823,FALSE
26-08-2008 08:30,12.047369,0.0109,11.34573023,FALSE
27-08-2008 08:30,12.936265,0.0064,7.153237094,FALSE
28-08-2008 08:30,14.32385,0.012,14.85096768,FALSE
29-08-2008 08:30,24.772318,0.0265,56.71869929,FALSE
30-08-2008 08:30,48.29922,0.0523,218.2506514,FALSE
01-09-2008 08:30,78.16172,0.0319,215.4262062,FALSE
02-09-2008 08:30,61.860764,0.0207,110.6367392,FALSE
03-09-2008 08:30,45.44884,0.0097,38.08976383,FALSE
04-09-2008 08:30,41.407024,0.0281,100.5296291,FALSE
05-09-2008 08:30,38.465443,0.0058,19.2758028,FALSE
06-09-2008 08:30,37.255867,0.0226,72.74729614,FALSE
08-09-2008 08:30,229.63132,0.1554,3083.158696,FALSE
09-09-2008 08:30,163.36317,0.1019,1438.275487,FALSE
10-09-2008 08:30,134.8339,0.066,768.8768314,FALSE
11-09-2008 08:30,112.31642,0.0461,447.3607935,FALSE
13-09-2008 08:30,125.173836,0.0434,469.3718433,FALSE
15-09-2008 08:30,66.54696,0.0278,159.8404742,FALSE
16-09-2008 08:30,51.778645,0.0296,132.4207779,FALSE
17-09-2008 08:30,42.766735,0.0192,70.94488136,FALSE
18-09-2008 08:30,38.02687,0.0169,55.5253145,FALSE
19-09-2008 08:30,33.580204,0.011,31.91462588,FALSE
20-09-2008 08:30,26.371805,0.0086,19.59530599,FALSE
22-09-2008 08:30,30.636566,0.0039,10.32329728,FALSE
23-09-2008 08:30,22.957794,0.0059,11.70296507,FALSE
24-09-2008 08:30,20.539446,0.0045,7.985736605,FALSE
25-09-2008 08:30,19.517714,0.0045,7.588487203,FALSE
26-09-2008 08:30,19.17439,0.0058,9.608670317,FALSE
27-09-2008 08:30,14.2664,0.0077,9.491150592,FALSE
29-09-2008 08:30,11.636614,0.0078,7.842146907,FALSE
30-09-2008 08:30,11.282728,0.0095,9.260863142,FALSE
03-10-2008 08:30,7.9829106,0.0071,4.897036678,FALSE
04-10-2008 08:30,7.0142913,0.0116,7.030003313,FALSE
06-10-2008 08:30,5.9559283,0.0109,5.609055036,FALSE
07-10-2008 08:30,10.149639,0.0048,4.209258286,FALSE
10-10-2008 08:30,16.514334,0.0161,22.97209917,FALSE
11-10-2008 10:30,11.250804,0.0051,4.957554275,FALSE
13-10-2008 10:30,27.539486,0.0079,18.79735156,FALSE
14-10-2008 08:30,22.359133,0.0068,13.13643782,FALSE
15-10-2008 10:30,22.411552,0.0078,15.10359312,FALSE
16-10-2008 09:30,22.353245,0.004,7.725281472,FALSE
17-10-2008 08:30,26.977901,0.0079,18.41403611,FALSE
18-10-2008 10:30,32.256695,0.0369,102.8395047,FALSE
20-10-2008 08:30,46.35779,0.0241,96.52804465,FALSE
21-10-2008 09:30,99.97385,0.0569,491.4874424,FALSE
22-10-2008 09:30,95.67386,0.0233,192.602961,FALSE
23-10-2008 09:30,66.55673,0.0145,83.38227134,FALSE
24-10-2008 09:30,86.68944,0.0295,220.9540447,FALSE
25-10-2008 09:30,146.59161,0.0714,904.3177784,FALSE
28-10-2008 08:30,107.54115,0.0351,326.1335931,FALSE
29-10-2008 09:30,82.44588,0.0216,153.8637991,FALSE
30-10-2008 11:30,67.960304,0.0151,88.66373101,FALSE
31-10-2008 08:30,50.79183,0.019,83.37986813,FALSE
01-11-2008 09:30,46.23407,0.0114,45.53870959,FALSE
03-11-2008 08:30,31.269836,0.0123,33.23108011,FALSE
04-11-2008 08:30,26.455957,0.0153,34.97265868,FALSE
05-11-2008 08:30,22.730934,0.0232,45.56370258,FALSE
06-11-2008 08:30,18.545961,0.0176,28.20173014,FALSE
07-11-2008 08:30,17.321978,0.0192,28.73508286,FALSE
08-11-2008 08:30,16.916706,0.0115,16.80843908,FALSE
10-11-2008 08:30,25.318737,0.145,317.1931371,FALSE
11-11-2008 08:30,27.457706,0.0304,72.11931227,FALSE
12-11-2008 09:00,29.505198,0.0241,61.43690348,FALSE
14-11-2008 08:30,22.438879,0.0226,43.81505269,FALSE
15-11-2008 08:30,18.951666,0.0116,18.99411773,FALSE
17-11-2008 08:30,15.151085,0.0112,14.66140193,FALSE
18-11-2008 08:30,11.97905,0.015,15.5248488,FALSE
19-11-2008 08:30,10.437247,0.0142,12.8052496,FALSE
20-11-2008 08:30,9.233264,0.0125,9.97192512,FALSE
21-11-2008 08:30,9.083722,0.0133,10.43828662,FALSE
22-11-2008 08:30,10.596305,0.0112,10.25383242,FALSE
24-11-2008 08:30,12.680037,0.0187,20.48688218,FALSE
25-11-2008 08:30,18.830175,0.0117,19.0350473,FALSE
26-11-2008 08:30,17.9685,0.0168,26.08163712,FALSE
27-11-2008 08:30,16.278866,0.012,16.87792827,FALSE
28-11-2008 08:30,15.022287,0.0141,18.30075091,FALSE
29-11-2008 08:30,11.482307,0.0212,21.03191209,FALSE
01-12-2008 08:30,14.556791,0.0115,14.46362754,FALSE
02-12-2008 08:30,14.071889,0.0107,13.00917994,FALSE
03-12-2008 08:30,13.775579,0.0096,11.42601625,FALSE
04-12-2008 08:30,10.889367,0.0102,9.59658135,FALSE
05-12-2008 08:30,9.300245,0.0138,11.08886812,FALSE
06-12-2008 08:30,5.5230227,0.0119,5.678551019,FALSE
09-12-2008 08:30,5.011419,0.0126,5.45563118,FALSE
10-12-2008 10:00,12.589303,0.0121,13.16136093,FALSE
11-12-2008 09:30,8.279579,0.0157,11.23108332,FALSE
12-12-2008 08:30,7.1744123,0.0197,12.21142369,FALSE
13-12-2008 08:30,5.420562,0.016,7.493384909,FALSE
16-12-2008 08:30,4.9961057,0.016,6.90661652,FALSE
18-12-2008 08:30,3.4611218,0.0172,5.143503885,FALSE
19-12-2008 08:30,3.0265942,0.0181,4.733109074,FALSE
20-12-2008 08:30,4.1468616,0.0166,5.947594781,FALSE
23-12-2008 08:30,1.4103214,0.0134,1.632813704,FALSE
24-12-2008 09:00,1.4848125,0.0146,1.87300188,FALSE
29-12-2008 08:00,0,0,0,TRUE
30-12-2008 08:00,0,0,0,TRUE
31-12-2008 08:00,0,0,0,TRUE
01-01-2009 08:00,0,0,0,TRUE
02-01-2009 08:00,0,0,0,TRUE
03-01-2009 08:00,0,0,0,TRUE
04-01-2009 08:00,0,0,0,TRUE
05-01-2009 08:00,0,0,0,TRUE
06-01-2009 08:00,0,0,0,TRUE
07-01-2009 08:00,0,0,0,TRUE
08-01-2009 08:00,0,0,0,TRUE
09-01-2009 08:00,0,0,0,TRUE
10-01-2009 08:00,0,0,0,TRUE
11-01-2009 08:00,0,0,0,TRUE
12-01-2009 08:00,0,0,0,TRUE
13-01-2009 08:00,0,0,0,TRUE
14-01-2009 08:00,0,0,0,TRUE
15-01-2009 08:00,0,0,0,TRUE
16-01-2009 08:00,0,0,0,TRUE
17-01-2009 08:00,0,0,0,TRUE
18-01-2009 08:00,0,0,0,TRUE
19-01-2009 08:00,0,0,0,TRUE
20-01-2009 08:00,0,0,0,TRUE
21-01-2009 08:00,0,0,0,TRUE
22-01-2009 08:00,0,0,0,TRUE
23-01-2009 08:00,0,0,0,TRUE
24-01-2009 08:00,0,0,0,TRUE
25-01-2009 08:00,0,0,0,TRUE
26-01-2009 08:00,0,0,0,TRUE
27-01-2009 08:00,0,0,0,TRUE
28-01-2009 08:00,0,0,0,TRUE
29-01-2009 08:00,0,0,0,TRUE
30-01-2009 08:00,0,0,0,TRUE
31-01-2009 08:00,0,0,0,TRUE
01-02-2009 08:00,0,0,0,TRUE
02-02-2009 08:00,0,0,0,TRUE
03-02-2009 08:00,0,0,0,TRUE
04-02-2009 08:00,0,0,0,TRUE
05-02-2009 08:00,0,0,0,TRUE
06-02-2009 08:00,0,0,0,TRUE
07-02-2009 08:00,0,0,0,TRUE
08-02-2009 08:00,0,0,0,TRUE
09-02-2009 08:00,0,0,0,TRUE
10-02-2009 08:00,0,0,0,TRUE
11-02-2009 08:00,0,0,0,TRUE
12-02-2009 08:00,0,0,0,TRUE
13-02-2009 08:00,0,0,0,TRUE
14-02-2009 08:00,0,0,0,TRUE
15-02-2009 08:00,0,0,0,TRUE
16-02-2009 08:00,0,0,0,TRUE
17-02-2009 08:00,0,0,0,TRUE
18-02-2009 08:00,0,0,0,TRUE
19-02-2009 08:00,0,0,0,TRUE
20-02-2009 08:00,0,0,0,TRUE
21-02-2009 08:00,0,0,0,TRUE
22-02-2009 08:00,0,0,0,TRUE
23-02-2009 08:00,0,0,0,TRUE
24-02-2009 08:00,0,0,0,TRUE
25-02-2009 08:00,0,0,0,TRUE
26-02-2009 08:00,0,0,0,TRUE
27-02-2009 08:00,0,0,0,TRUE
28-02-2009 08:00,0,0,0,TRUE
01-03-2009 08:00,0,0,0,TRUE
02-03-2009 08:00,0,0,0,TRUE
03-03-2009 08:00,0,0,0,TRUE
04-03-2009 08:00,0,0,0,TRUE
05-03-2009 08:00,0,0,0,TRUE
06-03-2009 08:00,0,0,0,TRUE
07-03-2009 08:00,0,0,0,TRUE
08-03-2009 08:00,0,0,0,TRUE
09-03-2009 08:00,0,0,0,TRUE
10-03-2009 08:00,0,0,0,TRUE
11-03-2009 08:00,0,0,0,TRUE
12-03-2009 08:00,0,0,0,TRUE
13-03-2009 08:30,9.954978,0.006,5.160660595,FALSE
14-03-2009 08:30,13.014145,0.0138,15.51702537,FALSE
16-03-2009 08:30,5.4249616,0.006,2.812300093,FALSE
17-03-2009 08:00,0,0,0,TRUE
18-03-2009 08:00,0,0,0,TRUE
19-03-2009 08:00,0,0,0,TRUE
20-03-2009 08:00,0,0,0,TRUE
21-03-2009 08:00,0,0,0,TRUE
22-03-2009 08:00,0,0,0,TRUE
23-03-2009 08:00,0,0,0,TRUE
24-03-2009 08:00,0,0,0,TRUE
25-03-2009 08:00,0,0,0,TRUE
26-03-2009 08:00,0,0,0,TRUE
27-03-2009 08:00,0,0,0,TRUE
28-03-2009 08:00,0,0,0,TRUE
29-03-2009 08:00,0,0,0,TRUE
30-03-2009 08:00,0,0,0,TRUE
31-03-2009 08:00,0,0,0,TRUE
01-04-2009 08:00,0,0,0,TRUE
02-04-2009 08:00,0,0,0,TRUE
03-04-2009 08:00,0,0,0,TRUE
04-04-2009 08:00,0,0,0,TRUE
05-04-2009 08:00,0,0,0,TRUE
06-04-2009 08:00,0,0,0,TRUE
07-04-2009 08:00,0,0,0,TRUE
08-04-2009 08:00,0,0,0,TRUE
09-04-2009 08:00,0,0,0,TRUE
10-04-2009 08:00,0,0,0,TRUE
11-04-2009 08:00,0,0,0,TRUE
12-04-2009 08:00,0,0,0,TRUE
13-04-2009 08:00,0,0,0,TRUE
14-04-2009 08:00,0,0,0,TRUE
15-04-2009 08:00,0,0,0,TRUE
16-04-2009 08:00,0,0,0,TRUE
17-04-2009 08:00,0,0,0,TRUE
18-04-2009 08:00,0,0,0,TRUE
19-04-2009 08:00,0,0,0,TRUE
20-04-2009 08:00,0,0,0,TRUE
21-04-2009 08:00,0,0,0,TRUE
22-04-2009 08:00,0,0,0,TRUE
23-04-2009 08:00,0,0,0,TRUE
24-04-2009 08:00,0,0,0,TRUE
25-04-2009 08:00,0,0,0,TRUE
26-04-2009 08:00,0,0,0,TRUE
27-04-2009 08:00,0,0,0,TRUE
28-04-2009 08:00,0,0,0,TRUE
29-04-2009 08:00,0,0,0,TRUE
30-04-2009 08:00,0,0,0,TRUE
01-05-2009 08:00,0,0,0,TRUE
02-05-2009 08:00,0,0,0,TRUE
03-05-2009 08:00,0,0,0,TRUE
04-05-2009 08:00,0,0,0,TRUE
05-05-2009 08:00,0,0,0,TRUE
06-05-2009 08:00,0,0,0,TRUE
07-05-2009 08:00,0,0,0,TRUE
08-05-2009 08:00,0,0,0,TRUE
09-05-2009 08:00,0,0,0,TRUE
10-05-2009 08:00,0,0,0,TRUE
11-05-2009 08:00,0,0,0,TRUE
12-05-2009 08:00,0,0,0,TRUE
13-05-2009 08:00,0,0,0,TRUE
14-05-2009 08:00,0,0,0,TRUE
15-05-2009 08:00,0,0,0,TRUE
16-05-2009 08:00,0,0,0,TRUE
17-05-2009 08:00,0,0,0,TRUE
18-05-2009 08:00,0,0,0,TRUE
19-05-2009 08:00,0,0,0,TRUE
20-05-2009 08:00,0,0,0,TRUE
21-05-2009 08:00,0,0,0,TRUE
22-05-2009 08:00,0,0,0,TRUE
23-05-2009 08:00,0,0,0,TRUE
24-05-2009 08:00,0,0,0,TRUE
25-05-2009 08:00,0,0,0,TRUE
26-05-2009 08:00,0,0,0,TRUE
27-05-2009 08:00,0,0,0,TRUE
28-05-2009 08:00,0,0,0,TRUE
29-05-2009 08:00,0,0,0,TRUE
30-05-2009 08:00,0,0,0,TRUE
31-05-2009 08:00,0,0,0,TRUE
01-06-2009 08:00,0,0,0,TRUE
02-06-2009 08:00,0,0,0,TRUE
03-06-2009 08:00,0,0,0,TRUE
04-06-2009 08:00,0,0,0,TRUE
05-06-2009 08:00,0,0,0,TRUE
06-06-2009 08:00,0,0,0,TRUE
08-06-2009 09:00,41.28219,0.028,99.86987405,FALSE
09-06-2009 09:00,22.979408,0.0116,23.03088187,FALSE
10-06-2009 09:00,15.106324,0.0059,7.700599722,FALSE
11-06-2009 08:30,9.418697,0.0119,9.683927508,FALSE
12-06-2009 08:30,6.1042724,0.011,5.801500489,FALSE
13-06-2009 08:30,7.091596,0.0124,7.597652291,FALSE
15-06-2009 08:30,3.8890042,0.0134,4.502533503,FALSE
16-06-2009 08:30,3.4859805,0.0141,4.246760884,FALSE
17-06-2009 08:30,3.5618985,0.0172,5.293266123,FALSE
18-06-2009 08:30,3.7308815,0.0171,5.512153563,FALSE
19-06-2009 08:30,18.792618,0.0253,41.07915954,FALSE
22-06-2009 08:30,9.87813,0.0149,12.71670944,FALSE
23-06-2009 08:30,9.560699,0.0116,9.582114966,FALSE
24-06-2009 09:30,15.091949,0.0041,5.346172014,FALSE
25-06-2009 08:30,15.8518505,0.0038,5.204479556,FALSE
26-06-2009 08:30,17.3025,0.0115,17.191764,FALSE
27-06-2009 08:30,20.0028,0.0155,26.78774976,FALSE
29-06-2009 08:30,19.15005,0.019,31.43672208,FALSE
30-06-2009 09:00,21.747,0.0197,37.01513376,FALSE
01-07-2009 09:30,60.15315,0.0164,85.23460742,FALSE
02-07-2009 08:30,91.384346,0.0253,199.7588696,FALSE
04-07-2009 08:30,109.21155,0.0298,281.189162,FALSE
06-07-2009 08:30,66.39025,0.0165,94.6459404,FALSE
07-07-2009 08:30,51.654,0.0089,39.71985984,FALSE
08-07-2009 08:30,37.703247,0.0078,25.40897222,FALSE
09-07-2009 08:30,30.54525,0.0076,20.05723296,FALSE
10-07-2009 08:30,44.613987,0.0085,32.76451205,FALSE
11-07-2009 08:30,30.02715,0.0069,17.90098574,FALSE
13-07-2009 08:30,20.814098,0.0064,11.50936363,FALSE
14-07-2009 08:30,24.706875,0.0065,13.875381,FALSE
15-07-2009 08:30,35.00625,0.0169,51.114726,FALSE
16-07-2009 08:30,108.544945,0.068,637.7232609,FALSE
17-07-2009 08:30,117.33474,0.0735,745.1225329,FALSE
18-07-2009 09:00,258.73633,0.096,2146.062616,FALSE
20-07-2009 08:30,102.36611,0.0498,440.4527088,FALSE
21-07-2009 08:30,65.00323,0.0132,74.13488375,FALSE
22-07-2009 08:30,54.49511,0.005,23.54188752,FALSE
23-07-2009 08:30,37.693726,0.0055,17.9120586,FALSE
24-07-2009 08:30,28.64554,0.0051,12.62237075,FALSE
25-07-2009 08:30,22.012774,0.0046,8.748756899,FALSE
27-07-2009 08:30,16.221266,0.0046,6.446979959,FALSE
28-07-2009 08:30,17.67647,0.0067,10.23255495,FALSE
29-07-2009 08:30,14.7816,0.0046,5.874799104,FALSE
30-07-2009 08:30,19.76957,0.0062,10.59016326,FALSE
31-07-2009 08:30,17.627127,0.0043,6.548830223,FALSE
01-08-2009 08:30,37.191246,0.008,25.70658924,FALSE
03-08-2009 08:30,21.451794,0.0048,8.896488008,FALSE
04-08-2009 08:30,22.4084,0.0042,8.131560192,FALSE
05-08-2009 08:30,18.17425,0.004,6.2810208,FALSE
06-08-2009 08:30,17.35678,0.0042,6.298428326,FALSE
07-08-2009 08:30,17.807964,0.0057,8.770066111,FALSE
08-08-2009 08:30,16.485006,0.0038,5.41235717,FALSE
10-08-2009 08:30,10.692689,0.0037,3.41823882,FALSE
11-08-2009 08:30,14.00074,0.0037,4.475756563,FALSE
12-08-2009 08:30,18.830309,0.0038,6.182367051,FALSE
13-08-2009 08:30,16.401745,0.0035,4.959887688,FALSE
14-08-2009 08:30,10.675229,0.0034,3.135955271,FALSE
17-08-2009 08:30,41.468437,0.0144,51.59337058,FALSE
18-08-2009 08:30,31.566475,0.0086,23.45515358,FALSE
19-08-2009 08:30,31.621088,0.0049,13.38710382,FALSE
20-08-2009 08:30,35.08495,0.0221,66.99260693,FALSE
21-08-2009 08:30,54.7295,0.0517,244.470109,FALSE
22-08-2009 08:30,35.17641,0.0125,37.9905228,FALSE
24-08-2009 08:30,30.04675,0.0181,46.98830952,FALSE
25-08-2009 08:30,25.20583,0.014,30.48897197,FALSE
26-08-2009 08:30,21.3403,0.0183,33.74157514,FALSE
27-08-2009 08:30,24.53149,0.0143,30.30914652,FALSE
28-08-2009 08:30,26.164894,0.011,24.86711526,FALSE
29-08-2009 08:30,20.959988,0.0157,28.43180452,FALSE
31-08-2009 08:30,19.803019,0.0159,27.20459538,FALSE
01-09-2009 08:30,19.718723,0.0152,25.89620454,FALSE
03-09-2009 08:30,25.994732,0.0305,68.50131777,FALSE
04-09-2009 08:30,32.25563,0.032,89.18036582,FALSE
05-09-2009 08:30,39.592106,0.0351,120.0686043,FALSE
07-09-2009 08:30,126.80608,0.0938,1027.67705,FALSE
08-09-2009 08:30,100.36241,0.0624,541.0898828,FALSE
09-09-2009 08:30,50.146797,0.0501,217.0674314,FALSE
10-09-2009 08:30,43.786606,0.0406,153.596408,FALSE
11-09-2009 08:30,37.70805,0.0322,104.9068117,FALSE
12-09-2009 08:30,27.945435,0.0066,15.93560485,FALSE
14-09-2009 08:30,26.869278,0.0011,2.553656181,FALSE
15-09-2009 08:30,25.08775,0.0054,11.70494064,FALSE
16-09-2009 08:30,20.645498,0.0052,9.275609341,FALSE
17-09-2009 08:30,16.79759,0.0047,6.821165347,FALSE
18-09-2009 08:30,23.68461,0.0151,30.89988959,FALSE
19-09-2009 08:30,39.60233,0.0244,83.48804801,FALSE
22-09-2009 08:30,28.870337,0.0163,40.658673,FALSE
23-09-2009 08:30,31.931862,0.0076,20.96773786,FALSE
24-09-2009 08:30,29.064312,0.0121,30.38499434,FALSE
25-09-2009 08:30,28.37242,0.0096,23.53322004,FALSE
26-09-2009 08:30,23.56863,0.0104,21.17782817,FALSE
29-09-2009 08:30,40.949085,0.0192,67.92961812,FALSE
30-09-2009 08:30,49.04536,0.02,84.75038208,FALSE
01-10-2009 08:30,53.74924,0.0179,83.12642461,FALSE
03-10-2009 08:30,301.92496,0.1546,4032.944538,FALSE
05-10-2009 08:30,164.48671,0.0784,1114.193497,FALSE
06-10-2009 08:30,90.022095,0.0464,360.894978,FALSE
07-10-2009 08:30,69.17741,0.0316,188.8709319,FALSE
08-10-2009 08:30,52.60741,0.0241,109.5412534,FALSE
09-10-2009 08:30,40.587234,0.013,45.58758123,FALSE
10-10-2009 08:30,33.485397,0.0097,28.06344152,FALSE
12-10-2009 08:30,28.971409,0.0164,41.0513277,FALSE
13-10-2009 08:30,33.790253,0.0293,85.54070127,FALSE
14-10-2009 08:30,63.633404,0.0479,263.3506605,FALSE
15-10-2009 08:30,40.84899,0.0396,139.7623683,FALSE
16-10-2009 08:30,40.35968,0.0377,131.4627785,FALSE
19-10-2009 08:30,39.85566,0.0199,68.52622758,FALSE
20-10-2009 08:30,72.59584,0.0665,417.1066583,FALSE
21-10-2009 08:30,41.414448,0.0169,60.47172039,FALSE
22-10-2009 08:30,39.18462,0.0191,64.66402731,FALSE
23-10-2009 08:30,28.798862,0.0223,55.48734339,FALSE
24-10-2009 08:30,27.368761,0.0271,64.08231176,FALSE
26-10-2009 08:30,24.231642,0.053,110.961535,FALSE
27-10-2009 08:30,26.656353,0.0166,38.23160773,FALSE
28-10-2009 08:30,21.79971,0.0166,31.26601607,FALSE
29-10-2009 08:30,18.359365,0.0297,47.11159934,FALSE
30-10-2009 08:30,16.30715,0.0254,35.7870191,FALSE
31-10-2009 08:30,12.640136,0.0159,17.36451323,FALSE
03-11-2009 08:30,11.67746,0.0117,11.80451076,FALSE
04-11-2009 08:30,9.56781,0.0082,6.778602029,FALSE
05-11-2009 08:30,10.414619,0.006,5.39893849,FALSE
06-11-2009 08:30,16.244825,0.0076,10.66700189,FALSE
07-11-2009 08:30,41.960056,0.0261,94.62160468,FALSE
09-11-2009 08:30,87.315765,0.0361,272.3413637,FALSE
10-11-2009 08:30,136.97455,0.1108,1311.273804,FALSE
11-11-2009 08:30,89.30271,0.04,308.6301658,FALSE
12-11-2009 08:30,66.22829,0.0219,125.3145212,FALSE
13-11-2009 08:30,47.215584,0.0261,106.4730305,FALSE
14-11-2009 08:30,49.85312,0.0579,249.393224,FALSE
16-11-2009 08:30,95.08425,0.0333,273.5687974,FALSE
17-11-2009 08:30,61.48052,0.0244,129.610773,FALSE
18-11-2009 08:30,52.977932,0.0516,236.1883356,FALSE
19-11-2009 08:30,37.557842,0.0154,49.97296225,FALSE
20-11-2009 08:30,68.29504,0.0465,274.3821527,FALSE
21-11-2009 08:30,98.86265,0.083,708.9638357,FALSE
23-11-2009 08:30,50.883,0.0286,125.7339283,FALSE
24-11-2009 08:30,39.91284,0.0038,13.10418363,FALSE
25-11-2009 08:30,38.001133,0.0039,12.80486178,FALSE
26-11-2009 09:30,40.625782,0.0492,172.6953242,FALSE
28-11-2009 08:30,25.86518,0.0147,32.85084781,FALSE
30-11-2009 08:30,23.020834,0.0117,23.27130067,FALSE
01-12-2009 08:30,16.77587,0.0052,7.537062874,FALSE
02-12-2009 08:30,15.869411,0.0048,6.58136213,FALSE
03-12-2009 08:30,13.644294,0.0047,5.540674908,FALSE
04-12-2009 08:30,12.46356,0.0058,6.245739187,FALSE
05-12-2009 08:30,13.542952,0.0112,13.10524379,FALSE
07-12-2009 08:30,12.88542,0.0061,6.791131757,FALSE
08-12-2009 08:30,11.604264,0.0104,10.42712746,FALSE
09-12-2009 08:30,10.236779,0.0034,3.007156199,FALSE
10-12-2009 08:30,9.889312,0.003,2.56330967,FALSE
11-12-2009 08:30,8.9560585,0.005,3.869017272,FALSE
12-12-2009 08:30,8.656248,0.0042,3.141179274,FALSE
14-12-2009 08:30,8.5193,0.0028,2.060989056,FALSE
15-12-2009 08:30,7.685862,0.0035,2.324204669,FALSE
16-12-2009 08:30,7.6944537,0.0054,3.589924318,FALSE
17-12-2009 08:30,18.67573,0.0117,18.87892194,FALSE
18-12-2009 08:30,12.503585,0.0116,12.53159303,FALSE
19-12-2009 08:30,11.643435,0.0092,9.255133613,FALSE
21-12-2009 08:30,8.560166,0.0094,6.952224419,FALSE
22-12-2009 08:30,7.091022,0.0047,2.879522214,FALSE
23-12-2009 08:30,6.9113917,0.0037,2.209433699,FALSE
24-12-2009 08:30,7.804588,0.0051,3.439013656,FALSE
26-12-2009 08:30,5.559573,0.0047,2.257631404,FALSE
28-12-2009 08:30,6.1194696,0.0068,3.595310779,FALSE
29-12-2009 08:30,5.993023,0.0093,4.815513841,FALSE
30-12-2009 08:30,5.8013945,0.0055,2.756822666,FALSE
31-12-2009 08:30,5.1673813,0.0065,2.902001338,FALSE
01-01-2010 08:30,4.7614136,0.0147,6.047376185,FALSE
02-01-2010 08:30,3.944022,0.016,5.452216013,FALSE
04-01-2010 08:30,3.37399,0.0128,3.731363021,FALSE
05-01-2010 08:30,2.7546198,0.0097,2.308591762,FALSE
06-01-2010 08:30,2.4989498,0.0138,2.979547826,FALSE
07-01-2010 08:30,2.7066014,0.0097,2.268348501,FALSE
08-01-2010 08:30,2.6602743,0.0173,3.976365202,FALSE
09-01-2010 08:30,2.4259264,0.0117,2.452320479,FALSE
11-01-2010 08:30,4.0594497,0.0138,4.840163066,FALSE
12-01-2010 08:30,3.9150205,0.0123,4.160570586,FALSE
13-01-2010 08:30,4.8972187,0.0119,5.035124379,FALSE
14-01-2010 08:30,16.745039,0.0206,29.80349021,FALSE
15-01-2010 08:30,7.139081,0.0145,8.943840677,FALSE
16-01-2010 08:30,5.4606333,0.0106,5.001066401,FALSE
18-01-2010 08:30,4.2243237,0.006,2.189889406,FALSE
19-01-2010 08:30,3.5103,0.0084,2.547635328,FALSE
20-01-2010 08:30,3.1498249,0.0051,1.387938844,FALSE
21-01-2010 08:30,3.03223,0.0052,1.362320294,FALSE
22-01-2010 08:30,3.0067124,0.0069,1.792481664,FALSE
23-01-2010 08:30,2.7937098,0.002,0.482753053,FALSE
25-01-2010 08:30,2.8480613,0.0076,1.870150972,FALSE
27-01-2010 08:30,2.289043,0.0078,1.542631859,FALSE
28-01-2010 08:00,0,0,0,TRUE
29-01-2010 08:00,0,0,0,TRUE
30-01-2010 08:00,0,0,0,TRUE
31-01-2010 08:00,0,0,0,TRUE
01-02-2010 08:00,0,0,0,TRUE
02-02-2010 08:00,0,0,0,TRUE
03-02-2010 08:00,0,0,0,TRUE
04-02-2010 08:00,0,0,0,TRUE
05-02-2010 08:00,0,0,0,TRUE
06-02-2010 08:00,0,0,0,TRUE
07-02-2010 08:00,0,0,0,TRUE
08-02-2010 08:00,0,0,0,TRUE
09-02-2010 08:00,0,0,0,TRUE
10-02-2010 08:00,0,0,0,TRUE
11-02-2010 08:00,0,0,0,TRUE
12-02-2010 08:00,0,0,0,TRUE
13-02-2010 08:00,0,0,0,TRUE
14-02-2010 08:00,0,0,0,TRUE
15-02-2010 08:00,0,0,0,TRUE
16-02-2010 08:00,0,0,0,TRUE
17-02-2010 08:00,0,0,0,TRUE
18-02-2010 08:00,0,0,0,TRUE
19-02-2010 08:00,0,0,0,TRUE
20-02-2010 08:00,0,0,0,TRUE
21-02-2010 08:00,0,0,0,TRUE
22-02-2010 08:00,0,0,0,TRUE
23-02-2010 08:00,0,0,0,TRUE
24-02-2010 08:00,0,0,0,TRUE
25-02-2010 08:00,0,0,0,TRUE
26-02-2010 08:00,0,0,0,TRUE
27-02-2010 08:00,0,0,0,TRUE
28-02-2010 08:00,0,0,0,TRUE
01-03-2010 08:00,0,0,0,TRUE
02-03-2010 08:00,0,0,0,TRUE
03-03-2010 08:00,0,0,0,TRUE
04-03-2010 08:00,0,0,0,TRUE
05-03-2010 08:00,0,0,0,TRUE
06-03-2010 08:00,0,0,0,TRUE
07-03-2010 08:00,0,0,0,TRUE
08-03-2010 08:00,0,0,0,TRUE
09-03-2010 08:00,0,0,0,TRUE
10-03-2010 08:00,0,0,0,TRUE
11-03-2010 08:00,0,0,0,TRUE
12-03-2010 08:00,0,0,0,TRUE
13-03-2010 08:00,0,0,0,TRUE
14-03-2010 08:00,0,0,0,TRUE
15-03-2010 08:00,0,0,0,TRUE
16-03-2010 08:00,0,0,0,TRUE
17-03-2010 08:00,0,0,0,TRUE
18-03-2010 08:00,0,0,0,TRUE
19-03-2010 08:00,0,0,0,TRUE
20-03-2010 08:00,0,0,0,TRUE
21-03-2010 08:00,0,0,0,TRUE
22-03-2010 08:00,0,0,0,TRUE
23-03-2010 08:00,0,0,0,TRUE
24-03-2010 08:00,0,0,0,TRUE
25-03-2010 08:00,0,0,0,TRUE
26-03-2010 08:00,0,0,0,TRUE
27-03-2010 08:00,0,0,0,TRUE
28-03-2010 08:00,0,0,0,TRUE
29-03-2010 08:00,0,0,0,TRUE
30-03-2010 08:00,0,0,0,TRUE
31-03-2010 08:00,0,0,0,TRUE
03-04-2010 08:00,0,0,0,TRUE
04-04-2010 08:00,0,0,0,TRUE
05-04-2010 08:00,0,0,0,TRUE
06-04-2010 08:00,0,0,0,TRUE
07-04-2010 08:00,0,0,0,TRUE
08-04-2010 08:00,0,0,0,TRUE
09-04-2010 08:00,0,0,0,TRUE
10-04-2010 08:00,0,0,0,TRUE
11-04-2010 08:00,0,0,0,TRUE
12-04-2010 08:00,0,0,0,TRUE
13-04-2010 08:00,0,0,0,TRUE
14-04-2010 08:00,0,0,0,TRUE
15-04-2010 08:00,0,0,0,TRUE
16-04-2010 08:00,0,0,0,TRUE
17-04-2010 08:00,0,0,0,TRUE
18-04-2010 08:00,0,0,0,TRUE
19-04-2010 09:30,9.726406,0.0155,13.02560292,FALSE
20-04-2010 08:30,5.8789864,0.0204,10.36206627,FALSE
21-04-2010 08:30,4.800081,0.0098,4.064324584,FALSE
22-04-2010 08:00,0,0,0,TRUE
23-04-2010 08:00,0,0,0,TRUE
24-04-2010 08:00,0,0,0,TRUE
25-04-2010 08:00,0,0,0,TRUE
26-04-2010 08:30,9.04507,0.0167,13.0509506,FALSE
27-04-2010 08:30,14.478876,0.0231,28.89751988,FALSE
28-04-2010 08:30,18.606392,0.0244,39.22525136,FALSE
29-04-2010 10:30,21.900215,0.0196,37.08670009,FALSE
30-04-2010 08:30,21.555365,0.0227,42.27610627,FALSE
01-05-2010 08:30,18.520079,0.0186,29.76250776,FALSE
03-05-2010 09:00,12.227621,0.0236,24.93260832,FALSE
04-05-2010 08:30,12.66974,0.0264,28.89917015,FALSE
05-05-2010 08:30,9.051388,0.0192,15.01516653,FALSE
06-05-2010 08:30,5.484858,0.0103,4.881084831,FALSE
07-05-2010 08:30,4.995475,0.0104,4.488734016,FALSE
08-05-2010 08:30,3.6973934,0.0097,3.098711461,FALSE
10-05-2010 08:30,14.50849,0.0209,26.1988509,FALSE
11-05-2010 08:30,8.511257,0.0243,17.8695543,FALSE
12-05-2010 08:30,15.289016,0.0128,16.90842857,FALSE
13-05-2010 08:30,30.099566,0.0182,47.33096554,FALSE
14-05-2010 08:30,13.697634,0.0172,20.35577993,FALSE
15-05-2010 08:30,11.857024,0.0156,15.98137123,FALSE
17-05-2010 08:30,9.42672,0.0143,11.64690109,FALSE
18-05-2010 08:30,8.856448,0.0136,10.40668066,FALSE
19-05-2010 08:30,8.249051,0.0128,9.122790482,FALSE
20-05-2010 08:30,10.8490095,0.0142,13.31043278,FALSE
21-05-2010 08:30,14.945998,0.0196,25.31015085,FALSE
22-05-2010 08:30,9.66886,0.0167,13.95100472,FALSE
24-05-2010 08:30,8.825055,0.0141,10.751035,FALSE
25-05-2010 08:30,29.249065,0.0141,35.63238095,FALSE
26-05-2010 08:30,79.96862,0.028,193.4600855,FALSE
28-05-2010 08:30,30.63069,0.028,74.10176525,FALSE
29-05-2010 08:30,36.899986,0.0171,54.51751532,FALSE
30-05-2010 08:30,38.250294,0.0207,68.40988581,FALSE
31-05-2010 08:30,27.4429,0.0149,35.32889174,FALSE
01-06-2010 08:30,20.14621,0.0138,24.02072911,FALSE
02-06-2010 08:30,13.921086,0.0124,14.9144947,FALSE
03-06-2010 08:30,12.916958,0.0127,14.17351967,FALSE
04-06-2010 08:30,12.41556,0.0112,12.0142891,FALSE
05-06-2010 08:30,40.60506,0.028,98.23176115,FALSE
07-06-2010 08:30,29.622204,0.0189,48.37187424,FALSE
08-06-2010 09:00,62.77116,0.0259,140.466791,FALSE
09-06-2010 09:00,54.532047,0.0207,97.52947542,FALSE
10-06-2010 09:00,46.212826,0.0172,68.67595646,FALSE
11-06-2010 08:30,38.211605,0.0134,44.2398678,FALSE
12-06-2010 08:30,50.144276,0.0114,49.39010609,FALSE
14-06-2010 09:30,115.12123,0.0251,249.6565042,FALSE
15-06-2010 08:30,122.34039,0.0371,392.1547797,FALSE
16-06-2010 08:45,80.64694,0.0193,134.4803854,FALSE
17-06-2010 08:45,56.853333,0.0145,71.22585558,FALSE
18-06-2010 09:15,64.87935,0.0204,114.3537471,FALSE
19-06-2010 08:45,46.26679,0.0147,58.76252464,FALSE
21-06-2010 08:30,41.798084,0.0048,17.3345014,FALSE
22-06-2010 08:45,38.1029,0.0064,21.06937958,FALSE
23-06-2010 08:45,34.00288,0.0125,36.7231104,FALSE
24-06-2010 09:15,35.46327,0.0106,32.4786812,FALSE
25-06-2010 08:45,71.96583,0.0234,145.4976365,FALSE
26-06-2010 08:45,56.05227,0.0182,88.14107353,FALSE
28-06-2010 08:45,47.745285,0.0172,70.95331313,FALSE
29-06-2010 09:00,52.32753,0.0157,70.98124789,FALSE
30-06-2010 08:45,44.83229,0.0132,51.1303301,FALSE
01-07-2010 08:45,61.443665,0.0178,94.49544128,FALSE
02-07-2010 08:45,49.518013,0.0163,69.73720807,FALSE
03-07-2010 08:45,41.04088,0.013,46.09711642,FALSE
05-07-2010 10:45,59.98123,0.0234,121.2676516,FALSE
06-07-2010 09:15,72.224976,0.0294,183.462995,FALSE
07-07-2010 08:45,61.532383,0.0165,87.7205652,FALSE
08-07-2010 08:45,46.421753,0.0115,46.12465378,FALSE
09-07-2010 08:45,64.14913,0.0126,69.83530888,FALSE
10-07-2010 08:30,47.11659,0.0116,47.22213116,FALSE
12-07-2010 09:00,54.189808,0.0798,373.623553,FALSE
13-07-2010 08:45,44.394978,0.0128,49.09729407,FALSE
14-07-2010 09:00,47.990223,0.0097,40.21964609,FALSE
15-07-2010 08:45,54.17765,0.03,140.4284688,FALSE
16-07-2010 09:15,69.774605,0.019,114.5419916,FALSE
17-07-2010 08:45,80.53505,0.0355,247.0171054,FALSE
19-07-2010 08:45,128.48848,0.0666,739.3535512,FALSE
20-07-2010 09:15,273.37207,0.1554,3670.4465,FALSE
21-07-2010 09:00,220.51064,0.0638,1215.525211,FALSE
22-07-2010 09:00,176.79137,0.0332,507.122509,FALSE
23-07-2010 09:15,123.28391,0.0301,320.6170677,FALSE
24-07-2010 09:15,92.456375,0.0151,120.6222851,FALSE
26-07-2010 08:45,65.47719,0.0137,77.50404026,FALSE
27-07-2010 08:45,50.782047,0.0112,49.14077124,FALSE
28-07-2010 08:45,45.264973,0.0096,37.54457921,FALSE
29-07-2010 08:45,48.2982,0.0125,52.162056,FALSE
30-07-2010 08:45,51.505657,0.0118,52.51104742,FALSE
31-07-2010 08:45,38.998627,0.0128,43.12936157,FALSE
02-08-2010 08:45,28.925695,0.0032,7.997376154,FALSE
03-08-2010 08:45,25.789282,0.0028,6.238943101,FALSE
04-08-2010 08:45,28.090492,0.0034,8.25186293,FALSE
05-08-2010 08:45,26.807919,0.0056,12.97074353,FALSE
06-08-2010 08:45,23.842651,0.0068,14.00803432,FALSE
07-08-2010 08:45,19.8461,0.0037,6.344401248,FALSE
09-08-2010 08:45,26.88925,0.0118,27.41412816,FALSE
10-08-2010 08:45,25.236347,0.0071,15.4809847,FALSE
11-08-2010 08:45,20.194931,0.0054,9.422147007,FALSE
12-08-2010 08:45,20.633377,0.0022,3.9219923,FALSE
13-08-2010 09:00,73.39203,0.0518,328.4674981,FALSE
14-08-2010 08:45,79.96214,0.0321,221.7701976,FALSE
16-08-2010 08:45,279.00333,0.1447,3488.121952,FALSE
17-08-2010 08:45,187.79391,0.069,1119.552174,FALSE
18-08-2010 08:45,126.463524,0.0353,385.7036311,FALSE
19-08-2010 08:45,94.53284,0.019,155.1851101,FALSE
20-08-2010 08:45,74.80154,0.0093,60.10453342,FALSE
21-08-2010 08:45,57.15396,0.0074,36.54195587,FALSE
24-08-2010 08:45,36.753273,0.0065,20.64063812,FALSE
25-08-2010 08:45,73.8883,0.0372,237.4829073,FALSE
26-08-2010 08:45,60.871124,0.0124,65.21488741,FALSE
27-08-2010 09:15,55.44992,0.0058,27.78706391,FALSE
28-08-2010 08:45,68.55356,0.0145,85.88389997,FALSE
30-08-2010 08:45,72.25677,0.0232,144.8372503,FALSE
31-08-2010 08:45,116.8305,0.0397,400.7379614,FALSE
01-09-2010 08:45,78.435165,0.0123,83.35461855,FALSE
02-09-2010 08:45,61.134537,0.0099,52.29203757,FALSE
03-09-2010 08:45,51.457516,0.0051,22.67423985,FALSE
04-09-2010 08:45,42.16616,0.01,36.43156224,FALSE
06-09-2010 08:45,29.654554,0.0077,19.72858169,FALSE
07-09-2010 08:45,27.113935,0.0009,2.108379586,FALSE
08-09-2010 08:45,25.429613,0.0019,4.17452527,FALSE
09-09-2010 08:45,24.184713,0.0028,5.850765769,FALSE
11-09-2010 08:45,46.527454,0.0225,90.44937058,FALSE
13-09-2010 08:45,26.19177,0.0041,9.278172605,FALSE
14-09-2010 08:45,61.21143,0.0269,142.2651571,FALSE
15-09-2010 08:45,41.53022,0.0213,76.42889447,FALSE
16-09-2010 08:45,36.647915,0.0142,44.96259396,FALSE
17-09-2010 08:45,29.675673,0.0083,21.28101862,FALSE
18-09-2010 09:00,28.257607,0.0096,23.43798955,FALSE
20-09-2010 08:45,27.297716,0.0048,11.32090878,FALSE
21-09-2010 08:45,21.072292,0.0037,6.736390307,FALSE
22-09-2010 08:45,33.4051,0.0215,62.05331376,FALSE
23-09-2010 08:45,27.287628,0.0054,12.73131572,FALSE
24-09-2010 08:45,61.026688,0.0306,161.3447988,FALSE
25-09-2010 09:00,132.06302,0.0604,689.1787937,FALSE
27-09-2010 08:45,80.712715,0.0299,208.5099994,FALSE
28-09-2010 08:45,56.4545,0.0115,56.0931912,FALSE
29-09-2010 08:45,73.81795,0.0414,264.0438544,FALSE
30-09-2010 08:45,58.446625,0.0192,96.95593728,FALSE
01-10-2010 09:00,103.52528,0.229,2048.30978,FALSE
04-10-2010 09:00,283.57312,0.2361,5784.619418,FALSE
05-10-2010 09:00,199.41512,0.0466,802.8931327,FALSE
06-10-2010 09:00,205.07935,0.0631,1118.059804,FALSE
07-10-2010 09:00,284.7646,0.0509,1252.326367,FALSE
08-10-2010 09:00,239.46843,0.0364,753.1186336,FALSE
09-10-2010 09:00,209.75333,0.0351,636.1063387,FALSE
11-10-2010 08:45,151.76944,0.0271,355.3590376,FALSE
12-10-2010 08:45,96.4825,0.0203,169.2225864,FALSE
13-10-2010 08:45,79.005974,0.0133,90.78734484,FALSE
14-10-2010 08:45,62.912365,0.0197,107.0818782,FALSE
16-10-2010 08:45,52.404404,0.0142,64.29391518,FALSE
18-10-2010 08:45,40.28747,0.0058,20.18885697,FALSE
19-10-2010 08:45,40.458702,0.0191,66.76656839,FALSE
20-10-2010 08:45,40.916985,0.0167,59.03829932,FALSE
21-10-2010 08:45,38.00689,0.0337,110.6639015,FALSE
22-10-2010 08:45,36.795586,0.0286,90.92336483,FALSE
25-10-2010 08:45,29.075068,0.0278,69.83598733,FALSE
26-10-2010 08:45,26.195099,0.0103,23.3115425,FALSE
27-10-2010 08:45,55.881535,0.0241,116.3587674,FALSE
28-10-2010 09:00,65.486,0.1139,644.4451066,FALSE
29-10-2010 08:45,59.590878,0.0484,249.19475,FALSE
30-10-2010 09:00,70.84787,0.0267,163.4375343,FALSE
01-11-2010 08:45,54.46194,0.0163,76.69983934,FALSE
02-11-2010 08:45,42.690205,0.0227,83.72744526,FALSE
03-11-2010 08:45,41.77998,0.0205,74.00070058,FALSE
04-11-2010 08:45,36.248524,0.0213,66.70888369,FALSE
06-11-2010 08:45,78.04549,0.1332,898.1849608,FALSE
08-11-2010 08:45,46.73517,0.024,96.91004851,FALSE
09-11-2010 08:45,42.069157,0.022,79.96505363,FALSE
10-11-2010 08:45,58.977924,0.0844,430.0764583,FALSE
11-11-2010 08:45,145.30301,0.0799,1003.078987,FALSE
12-11-2010 08:45,128.73042,0.0652,725.1745004,FALSE
13-11-2010 08:45,80.65148,0.0325,226.4693558,FALSE
15-11-2010 08:45,68.94643,0.031,184.6661181,FALSE
16-11-2010 08:45,69.78199,0.0355,214.0353197,FALSE
18-11-2010 08:45,81.89778,0.0328,232.0917567,FALSE
19-11-2010 08:45,68.42453,0.0266,157.2559918,FALSE
20-11-2010 08:45,57.417625,0.0192,95.24894976,FALSE
22-11-2010 09:00,454.64697,0.3595,14121.69861,FALSE
23-11-2010 09:00,505.63992,0.2496,10904.34736,FALSE
24-11-2010 09:00,430.5102,0.0671,2495.857054,FALSE
25-11-2010 09:00,233.23517,0.0418,842.3334812,FALSE
26-11-2010 08:45,160.7218,0.0425,590.1704496,FALSE
27-11-2010 08:45,133.0586,0.0174,200.0349769,FALSE
29-11-2010 08:45,86.455986,0.0275,205.4194227,FALSE
30-11-2010 08:45,78.11867,0.0161,108.6661947,FALSE
01-12-2010 08:45,69.81492,0.0099,59.71688997,FALSE
02-12-2010 08:45,60.93534,0.0112,58.96590981,FALSE
03-12-2010 08:45,53.569103,0.0139,64.33434994,FALSE
04-12-2010 08:45,50.4589,0.0094,40.98070022,FALSE
06-12-2010 08:45,38.396282,0.0084,27.86648562,FALSE
07-12-2010 08:45,32.572582,0.0048,13.50850121,FALSE
08-12-2010 08:45,33.42359,0.008,23.10238541,FALSE
09-12-2010 08:45,99.16101,0.109,933.8587278,FALSE
10-12-2010 08:45,62.37969,0.0372,200.493314,FALSE
11-12-2010 08:45,48.775414,0.0212,89.34095032,FALSE
13-12-2010 08:45,38.989075,0.0128,43.11879782,FALSE
14-12-2010 08:45,33.160126,0.0075,21.48776165,FALSE
15-12-2010 08:45,29.521492,0.0114,29.07748876,FALSE
17-12-2010 08:45,25.72763,0.0037,8.224608758,FALSE
18-12-2010 08:45,24.833014,0.0012,2.574686892,FALSE
20-12-2010 08:45,20.562246,0.0047,8.349916856,FALSE
21-12-2010 08:45,19.48018,0.0078,13.12808291,FALSE
22-12-2010 08:45,18.597898,0.0104,16.71132723,FALSE
23-12-2010 08:45,14.359963,0.0074,9.181185944,FALSE
24-12-2010 08:45,13.219328,0.0068,7.766619587,FALSE
27-12-2010 08:30,10.410958,0.0054,4.857336564,FALSE
28-12-2010 08:30,9.079181,0.0046,3.608429697,FALSE
29-12-2010 08:30,8.674335,0.0045,3.372581448,FALSE
30-12-2010 08:30,8.558921,0.0044,3.253759407,FALSE
31-12-2010 08:30,8.389664,0.0043,3.116927969,FALSE
01-01-2011 08:30,20.866774,0.0108,19.47120415,FALSE
03-01-2011 08:30,10.114278,0.0052,4.54414282,FALSE
04-01-2011 08:30,29.633572,0.0153,39.1732115,FALSE
05-01-2011 08:30,17.58756,0.0091,13.82804317,FALSE
06-01-2011 08:30,10.930942,0.0056,5.288826977,FALSE
07-01-2011 08:30,10.298868,0.0053,4.716057635,FALSE
08-01-2011 08:45,30.580698,0.0158,41.74632245,FALSE
10-01-2011 08:30,13.640188,0.0121,14.25999814,FALSE
11-01-2011 08:30,10.74661,0.0095,8.820817488,FALSE
12-01-2011 08:30,11.601511,0.0103,10.32441667,FALSE
13-01-2011 08:30,10.799692,0.0096,8.957696532,FALSE
14-01-2011 08:30,8.632011,0.0077,5.742704278,FALSE
15-01-2011 08:30,8.170361,0.0072,5.082618171,FALSE
17-01-2011 08:30,8.062778,0.0081,5.642654556,FALSE
18-01-2011 08:30,7.7025833,0.0068,4.52542174,FALSE
19-01-2011 08:30,7.6332893,0.0068,4.48471013,FALSE
20-01-2011 08:30,7.3404646,0.0065,4.122404919,FALSE
21-01-2011 08:30,5.8804665,0.0052,2.641975989,FALSE
22-01-2011 08:30,5.6954126,0.0051,2.509626608,FALSE
24-01-2011 08:30,4.730769,0.0108,4.414375169,FALSE
25-01-2011 08:30,4.2415752,0.0038,1.39259397,FALSE
27-01-2011 08:30,2.5315545,0.0022,0.481197879,FALSE
28-01-2011 08:30,2.4826996,0.0022,0.47191154,FALSE
29-01-2011 08:00,0,0,0,TRUE
30-01-2011 08:00,0,0,0,TRUE
31-01-2011 08:00,0,0,0,TRUE
01-02-2011 08:00,0,0,0,TRUE
02-02-2011 08:00,0,0,0,TRUE
03-02-2011 08:00,0,0,0,TRUE
04-02-2011 08:00,0,0,0,TRUE
05-02-2011 08:00,0,0,0,TRUE
06-02-2011 08:00,0,0,0,TRUE
07-02-2011 08:00,0,0,0,TRUE
08-02-2011 08:00,0,0,0,TRUE
09-02-2011 08:00,0,0,0,TRUE
10-02-2011 08:00,0,0,0,TRUE
11-02-2011 08:00,0,0,0,TRUE
12-02-2011 08:00,0,0,0,TRUE
13-02-2011 08:00,0,0,0,TRUE
14-02-2011 08:00,0,0,0,TRUE
15-02-2011 08:00,0,0,0,TRUE
16-02-2011 08:00,0,0,0,TRUE
17-02-2011 08:00,0,0,0,TRUE
18-02-2011 08:00,0,0,0,TRUE
19-02-2011 08:00,0,0,0,TRUE
20-02-2011 08:00,0,0,0,TRUE
21-02-2011 08:00,0,0,0,TRUE
22-02-2011 08:00,0,0,0,TRUE
23-02-2011 08:00,0,0,0,TRUE
24-02-2011 08:00,0,0,0,TRUE
25-02-2011 08:00,0,0,0,TRUE
26-02-2011 08:00,0,0,0,TRUE
27-02-2011 08:00,0,0,0,TRUE
28-02-2011 08:00,0,0,0,TRUE
01-03-2011 08:00,0,0,0,TRUE
02-03-2011 08:00,0,0,0,TRUE
03-03-2011 08:00,0,0,0,TRUE
04-03-2011 08:00,0,0,0,TRUE
05-03-2011 08:00,0,0,0,TRUE
06-03-2011 08:00,0,0,0,TRUE
07-03-2011 08:00,0,0,0,TRUE
08-03-2011 08:00,0,0,0,TRUE
09-03-2011 08:00,0,0,0,TRUE
10-03-2011 08:00,0,0,0,TRUE
11-03-2011 08:00,0,0,0,TRUE
12-03-2011 08:00,0,0,0,TRUE
13-03-2011 08:00,0,0,0,TRUE
14-03-2011 08:00,0,0,0,TRUE
15-03-2011 08:00,0,0,0,TRUE
16-03-2011 08:00,0,0,0,TRUE
17-03-2011 08:00,0,0,0,TRUE
18-03-2011 08:00,0,0,0,TRUE
19-03-2011 08:00,0,0,0,TRUE
20-03-2011 08:00,0,0,0,TRUE
21-03-2011 08:00,0,0,0,TRUE
22-03-2011 08:00,0,0,0,TRUE
23-03-2011 08:00,0,0,0,TRUE
24-03-2011 08:00,0,0,0,TRUE
25-03-2011 08:00,0,0,0,TRUE
26-03-2011 08:00,0,0,0,TRUE
27-03-2011 08:00,0,0,0,TRUE
28-03-2011 08:00,0,0,0,TRUE
29-03-2011 08:00,0,0,0,TRUE
30-03-2011 08:00,0,0,0,TRUE
31-03-2011 08:00,0,0,0,TRUE
01-04-2011 08:00,0,0,0,TRUE
02-04-2011 08:00,0,0,0,TRUE
03-04-2011 08:00,0,0,0,TRUE
04-04-2011 08:00,0,0,0,TRUE
05-04-2011 08:00,0,0,0,TRUE
06-04-2011 08:00,0,0,0,TRUE
07-04-2011 08:00,0,0,0,TRUE
08-04-2011 08:00,0,0,0,TRUE
09-04-2011 08:00,0,0,0,TRUE
10-04-2011 08:00,0,0,0,TRUE
11-04-2011 08:00,0,0,0,TRUE
12-04-2011 08:00,0,0,0,TRUE
13-04-2011 08:00,0,0,0,TRUE
14-04-2011 08:00,0,0,0,TRUE
15-04-2011 08:00,0,0,0,TRUE
16-04-2011 08:00,0,0,0,TRUE
17-04-2011 08:00,0,0,0,TRUE
18-04-2011 08:00,0,0,0,TRUE
19-04-2011 08:00,0,0,0,TRUE
20-04-2011 08:00,0,0,0,TRUE
21-04-2011 08:30,10.93,0.0054,5.0995008,FALSE
23-04-2011 08:30,29.709131,0.0118,30.28905324,FALSE
25-04-2011 08:30,38.626217,0.0153,51.06076878,FALSE
26-04-2011 08:30,31.474037,0.0125,33.99195996,FALSE
27-04-2011 08:30,40.05743,0.0159,55.02929504,FALSE
28-04-2011 08:30,48.54821,0.0192,80.5356546,FALSE
30-04-2011 08:45,30.455837,0.0121,31.83975023,FALSE
02-05-2011 08:30,31.831701,0.0061,16.7765797,FALSE
03-05-2011 08:30,19.65432,0.003,5.094399744,FALSE
04-05-2011 08:30,20.024809,0.0031,5.363444843,FALSE
05-05-2011 08:30,11.62673,0.0018,1.80818905,FALSE
06-05-2011 08:30,11.160435,0.0017,1.639244693,FALSE
07-05-2011 08:30,10.447633,0.0016,1.444280786,FALSE
09-05-2011 08:30,7.713861,0.001,0.66647759,FALSE
10-05-2011 08:30,5.690392,0.0009,0.442484882,FALSE
11-05-2011 08:30,5.822987,0.0009,0.452795469,FALSE
12-05-2011 08:00,0,0,0,TRUE
13-05-2011 08:00,0,0,0,TRUE
14-05-2011 08:00,0,0,0,TRUE
15-05-2011 08:00,0,0,0,TRUE
16-05-2011 08:00,0,0,0,TRUE
17-05-2011 08:00,0,0,0,TRUE
18-05-2011 08:00,0,0,0,TRUE
19-05-2011 08:30,9.1902685,0,0,TRUE
20-05-2011 08:00,0,0,0,TRUE
21-05-2011 08:00,0,0,0,TRUE
22-05-2011 08:00,0,0,0,TRUE
23-05-2011 08:00,0,0,0,TRUE
24-05-2011 08:00,0,0,0,TRUE
25-05-2011 08:00,0,0,0,TRUE
26-05-2011 08:00,0,0,0,TRUE
27-05-2011 08:00,0,0,0,TRUE
28-05-2011 08:00,0,0,0,TRUE
29-05-2011 08:00,0,0,0,TRUE
30-05-2011 08:30,42.68508,0.0236,87.03658552,FALSE
31-05-2011 08:30,31.274094,0.0173,46.74601378,FALSE
01-06-2011 09:00,51.962147,0.0117,52.52749516,FALSE
02-06-2011 09:00,189.27687,0.0281,459.5339561,FALSE
03-06-2011 09:00,147.69408,0.022,280.7369073,FALSE
04-06-2011 09:00,135.93362,0.0444,521.4631157,FALSE
06-06-2011 09:00,225.23117,0.0545,1060.568533,FALSE
07-06-2011 09:00,164.19588,0.0177,251.1014754,FALSE
08-06-2011 08:45,112.64082,0.0099,96.3484518,FALSE
09-06-2011 08:45,91.92727,0.0075,59.56887096,FALSE
10-06-2011 08:45,78.74689,0.0065,44.22425342,FALSE
11-06-2011 08:45,64.67073,0.0048,26.82024515,FALSE
13-06-2011 08:45,46.67768,0.0129,52.02507502,FALSE
14-06-2011 08:45,48.826607,0.0034,14.34330407,FALSE
15-06-2011 08:45,151.33344,0.0581,759.6696554,FALSE
16-06-2011 08:45,105.91312,0.0166,151.9048332,FALSE
17-06-2011 08:45,115.52262,0.0362,361.3177881,FALSE
18-06-2011 09:00,172.30219,0.0508,756.2549882,FALSE
20-06-2011 08:45,99.43274,0.0155,133.1603254,FALSE
21-06-2011 08:45,72.92192,0.0086,54.18390344,FALSE
22-06-2011 08:45,56.682274,0.0067,32.81223477,FALSE
23-06-2011 08:45,49.630177,0.0028,12.00653242,FALSE
24-06-2011 08:45,46.641205,0.0021,8.462580235,FALSE
25-06-2011 08:45,44.74643,0.0019,7.345573949,FALSE
27-06-2011 11:45,43.828827,0.0116,43.92700357,FALSE
28-06-2011 08:45,45.25427,0.0083,32.4527421,FALSE
29-06-2011 08:30,34.381493,0.0031,9.208739085,FALSE
30-06-2011 08:30,29.92939,0.0047,12.15372669,FALSE
01-07-2011 08:30,29.032022,0.006,15.0502002,FALSE
02-07-2011 08:30,31.64613,0.003,8.202676896,FALSE
04-07-2011 08:30,20.938032,0.0033,5.969851684,FALSE
05-07-2011 08:30,19.874208,0.0029,4.979681556,FALSE
06-07-2011 08:30,22.61101,0.0038,7.423646803,FALSE
07-07-2011 08:30,44.13828,0.0138,52.62695401,FALSE
08-07-2011 08:30,34.478443,0.0059,17.5757311,FALSE
09-07-2011 08:30,29.08451,0.0053,13.31837882,FALSE
11-07-2011 08:30,32.222454,0.0057,15.86891415,FALSE
12-07-2011 08:30,28.992725,0.0043,10.77137719,FALSE
13-07-2011 08:30,34.231785,0.0061,18.04151997,FALSE
14-07-2011 08:30,37.991676,0.0052,17.06890019,FALSE
15-07-2011 08:30,47.07055,0.0144,58.56329549,FALSE
16-07-2011 08:30,73.520325,0.0292,185.4829575,FALSE
18-07-2011 08:30,126.9394,0.032,350.9620531,FALSE
19-07-2011 08:45,120.806854,0.0255,266.1616607,FALSE
20-07-2011 08:45,103.40268,0.0135,120.608886,FALSE
21-07-2011 08:30,74.720024,0.0125,80.69762592,FALSE
22-07-2011 08:30,63.35127,0.0169,92.5029904,FALSE
23-07-2011 08:30,50.937218,0.012,52.81170762,FALSE
25-07-2011 08:45,66.77782,0.0217,125.2003992,FALSE
26-07-2011 08:45,72.65483,0.0184,115.5037425,FALSE
27-07-2011 08:45,104.88163,0.0248,224.7319662,FALSE
28-07-2011 08:45,83.259834,0.0092,66.18157685,FALSE
29-07-2011 08:45,64.011055,0.0101,55.85860704,FALSE
30-07-2011 08:45,60.51801,0.0101,52.81043625,FALSE
01-08-2011 08:30,47.5024,0.0088,36.11702477,FALSE
02-08-2011 08:30,42.48605,0.0095,34.87254984,FALSE
03-08-2011 08:30,35.298466,0.0057,17.38378854,FALSE
04-08-2011 08:30,33.652824,0.0082,23.84235275,FALSE
05-08-2011 08:30,37.446342,0.0037,11.97084661,FALSE
06-08-2011 08:30,111.78972,0.0975,941.7166013,FALSE
08-08-2011 08:30,157.27641,0.0264,358.7412002,FALSE
09-08-2011 08:45,153.85579,0.0466,619.4603359,FALSE
10-08-2011 08:45,118.31873,0.0174,177.8756459,FALSE
11-08-2011 08:45,97.58603,0.0157,132.373498,FALSE
12-08-2011 08:45,89.13971,0.0113,87.02888167,FALSE
13-08-2011 08:45,66.50254,0.0066,37.92240841,FALSE
16-08-2011 08:45,45.792496,0.0107,42.3342467,FALSE
17-08-2011 08:30,40.174675,0.0222,77.05824062,FALSE
18-08-2011 08:45,64.73679,0.0217,121.3737128,FALSE
19-08-2011 08:45,60.41721,0.0313,163.3874693,FALSE
20-08-2011 08:30,46.246338,0.0229,91.50115451,FALSE
22-08-2011 08:30,41.022884,0.0083,29.41833057,FALSE
23-08-2011 08:45,91.332634,0.0215,169.6595009,FALSE
24-08-2011 08:45,59.32663,0.0224,114.8183866,FALSE
25-08-2011 08:45,77.68107,0.0292,195.9800179,FALSE
26-08-2011 08:45,107.44566,0.0252,233.9392866,FALSE
27-08-2011 08:45,59.781013,0.0281,145.1387346,FALSE
29-08-2011 08:30,40.999657,0.0126,44.6338666,FALSE
30-08-2011 08:45,43.77306,0.0111,41.98011546,FALSE
01-09-2011 08:45,134.76778,0.0427,497.1960754,FALSE
02-09-2011 08:30,116.474525,0.0444,446.8149138,FALSE
03-09-2011 08:45,152.25018,0.052,684.0296087,FALSE
05-09-2011 08:30,93.52823,0.0186,150.3036067,FALSE
06-09-2011 08:45,78.667175,0.0088,59.8122265,FALSE
07-09-2011 08:45,62.11119,0.0092,49.37094271,FALSE
08-09-2011 08:30,45.3203,0.0086,33.67479571,FALSE
12-09-2011 08:30,63.960213,0.0218,120.4703404,FALSE
13-09-2011 08:45,68.08704,0.0309,181.7760559,FALSE
14-09-2011 08:31,88.97877,0.017,130.6920174,FALSE
15-09-2011 08:45,64.36823,0.0113,62.84399031,FALSE
16-09-2011 08:45,63.038063,0.0095,51.74164211,FALSE
17-09-2011 08:30,44.097538,0.0089,33.90924282,FALSE
19-09-2011 08:30,39.309414,0.008,27.17066696,FALSE
20-09-2011 08:30,37.524166,0.008,25.93670354,FALSE
21-09-2011 08:45,42.27275,0.0255,93.1353228,FALSE
22-09-2011 08:30,38.332767,0.0173,57.29675349,FALSE
23-09-2011 08:30,33.96349,0.001,2.934445536,FALSE
24-09-2011 08:30,30.726448,0.0053,14.07025507,FALSE
26-09-2011 08:30,22.520123,0.0068,13.23102266,FALSE
27-09-2011 08:30,21.268711,0.0071,13.04707808,FALSE
28-09-2011 08:30,16.629665,0.0087,12.50018659,FALSE
29-09-2011 08:30,15.862836,0.0074,10.14206282,FALSE
30-09-2011 08:30,15.055535,0.0079,10.27630597,FALSE
01-10-2011 08:30,14.664226,0.0124,15.71066517,FALSE
03-10-2011 08:30,12.23434,0.0063,6.659395949,FALSE
04-10-2011 08:30,13.079933,0.0061,6.893647888,FALSE
05-10-2011 08:30,10.943204,0.0076,7.185745475,FALSE
07-10-2011 08:30,10.142472,0.0071,6.221798024,FALSE
08-10-2011 08:30,9.99168,0.0078,6.733592986,FALSE
10-10-2011 08:30,6.5935187,0.0062,3.532016097,FALSE
11-10-2011 08:30,6.4160004,0.0063,3.492357338,FALSE
12-10-2011 08:30,6.7673316,0.0073,4.268291387,FALSE
13-10-2011 08:30,7.366155,0.0013,0.82736653,FALSE
14-10-2011 08:30,7.2498493,0.016,10.02219167,FALSE
15-10-2011 08:30,42.445465,0.0194,71.14539061,FALSE
17-10-2011 08:30,87.341484,0.0366,276.1947344,FALSE
18-10-2011 08:30,111.681915,0.0634,611.7667267,FALSE
19-10-2011 08:30,65.55503,0.0374,211.8319017,FALSE
20-10-2011 08:30,41.175423,0.0361,128.4277914,FALSE
21-10-2011 08:30,39.783707,0.0182,62.55908358,FALSE
22-10-2011 08:30,36.41102,0.0023,7.235597894,FALSE
24-10-2011 08:30,31.479656,0.0021,5.711668785,FALSE
25-10-2011 08:30,33.47824,0.0021,6.074291866,FALSE
27-10-2011 08:30,22.613186,0.002,3.907558541,FALSE
28-10-2011 08:30,31.137085,0.0022,5.918537117,FALSE
29-10-2011 08:30,22.51507,0.0021,4.085134301,FALSE
31-10-2011 08:30,39.601376,0.0124,42.42733019,FALSE
01-11-2011 08:30,37.358707,0.0124,40.02462433,FALSE
02-11-2011 08:30,38.143715,0.011,36.25178674,FALSE
03-11-2011 08:30,36.140804,0.0136,42.46689033,FALSE
04-11-2011 08:30,37.39439,0.0126,40.70902873,FALSE
05-11-2011 08:30,36.929432,0.0096,30.63074808,FALSE
08-11-2011 08:30,62.663357,0.0347,187.8697574,FALSE
09-11-2011 08:30,41.263584,0.0164,58.46884798,FALSE
11-11-2011 08:30,29.706816,0.0016,4.106670244,FALSE
12-11-2011 08:30,23.78331,0.0017,3.493292573,FALSE
14-11-2011 08:30,18.801159,0.0019,3.086398261,FALSE
15-11-2011 08:30,18.861656,0.002,3.259294157,FALSE
16-11-2011 08:30,15.13475,0.0026,3.39987024,FALSE
18-11-2011 08:30,14.228028,0.0021,2.5815334,FALSE
19-11-2011 08:30,13.510989,0.0023,2.684903734,FALSE
21-11-2011 08:30,10.810619,0.0028,2.615304948,FALSE
22-11-2011 08:30,10.543347,0.0018,1.639701325,FALSE
23-11-2011 08:30,10.288068,0.002,1.77777815,FALSE
24-11-2011 08:30,7.320471,0.0016,1.011981911,FALSE
25-11-2011 08:30,7.2573457,0.0105,6.583864019,FALSE
26-11-2011 08:30,10.32955,0.008,7.13978496,FALSE
28-11-2011 08:30,28.31308,0.0143,34.9813766,FALSE
29-11-2011 08:30,22.610765,0.0078,15.23784675,FALSE
30-11-2011 08:30,18.953339,0.0154,25.21855474,FALSE
01-12-2011 08:30,32.279617,0.0077,21.4749836,FALSE
02-12-2011 08:30,31.205816,0.0075,20.22136877,FALSE
03-12-2011 08:30,35.428802,0.0085,26.01891219,FALSE
05-12-2011 08:30,34.230343,0.0082,24.25151341,FALSE
07-12-2011 08:30,33.351532,0.008,23.05257892,FALSE
08-12-2011 08:30,23.922443,0.0057,11.78132473,FALSE
09-12-2011 08:30,19.359236,0.0046,7.694134756,FALSE
10-12-2011 08:30,16.142023,0.0039,5.43921607,FALSE
12-12-2011 08:30,14.354987,0.0013,1.61235214,FALSE
13-12-2011 08:30,13.480668,0.0012,1.397675658,FALSE
14-12-2011 08:30,11.269404,0.0011,1.071044156,FALSE
15-12-2011 08:30,10.681148,0.0012,1.107421425,FALSE
16-12-2011 08:30,10.361133,0.0009,0.805681702,FALSE
17-12-2011 08:30,7.0881157,0.0004,0.244965279,FALSE
19-12-2011 08:30,6.6628366,0.0019,1.093771256,FALSE
20-12-2011 08:30,6.5019784,0.0019,1.067364774,FALSE
21-12-2011 08:30,6.4566536,0.0018,1.004138768,FALSE
22-12-2011 08:30,6.1606236,0.0016,0.851644606,FALSE
23-12-2011 08:30,5.2928395,0.0015,0.685951999,FALSE
24-12-2011 08:30,5.078565,0.0014,0.614303222,FALSE
26-12-2011 08:30,4.3947415,0.0078,2.961704192,FALSE
27-12-2011 08:30,3.8319616,0.0068,2.251354079,FALSE
28-12-2011 08:00,0,0,0,TRUE
29-12-2011 08:00,0,0,0,TRUE
30-12-2011 08:00,0,0,0,TRUE
31-12-2011 08:30,22.649734,0.0402,78.66886811,FALSE
02-01-2012 08:30,15.674499,0.0196,26.54382359,FALSE
03-01-2012 08:30,11.411544,0.0167,16.46548861,FALSE
04-01-2012 08:30,7.3638535,0.0153,9.734425219,FALSE
05-01-2012 08:30,6.7775116,0.0099,5.797212322,FALSE
06-01-2012 08:30,6.488482,0.0081,4.540899243,FALSE
07-01-2012 08:30,6.208541,0.0078,4.184059951,FALSE
09-01-2012 08:45,4.500871,0.0083,3.227664612,FALSE
10-01-2012 08:30,4.693714,0.0096,3.89315414,FALSE
11-01-2012 08:30,6.371842,0.0015,0.825790723,FALSE
12-01-2012 08:30,6.6771207,0.0044,2.538374205,FALSE
13-01-2012 08:30,4.949221,0.0058,2.480153628,FALSE
14-01-2012 08:30,4.8906584,0.0068,2.873359623,FALSE
16-01-2012 08:00,0,0,0,TRUE
17-01-2012 08:00,0,0,0,TRUE
18-01-2012 08:00,0,0,0,TRUE
19-01-2012 08:00,0,0,0,TRUE
20-01-2012 08:00,0,0,0,TRUE
21-01-2012 08:00,0,0,0,TRUE
22-01-2012 08:00,0,0,0,TRUE
23-01-2012 08:00,0,0,0,TRUE
24-01-2012 08:00,0,0,0,TRUE
25-01-2012 08:00,0,0,0,TRUE
26-01-2012 08:00,0,0,0,TRUE
27-01-2012 08:00,0,0,0,TRUE
28-01-2012 08:00,0,0,0,TRUE
29-01-2012 08:00,0,0,0,TRUE
30-01-2012 08:00,0,0,0,TRUE
31-01-2012 08:00,0,0,0,TRUE
01-02-2012 08:00,0,0,0,TRUE
02-02-2012 08:00,0,0,0,TRUE
03-02-2012 08:00,0,0,0,TRUE
04-02-2012 08:00,0,0,0,TRUE
05-02-2012 08:00,0,0,0,TRUE
06-02-2012 08:00,0,0,0,TRUE
07-02-2012 08:00,0,0,0,TRUE
08-02-2012 08:00,0,0,0,TRUE
09-02-2012 08:00,0,0,0,TRUE
10-02-2012 08:00,0,0,0,TRUE
11-02-2012 08:00,0,0,0,TRUE
12-02-2012 08:00,0,0,0,TRUE
13-02-2012 08:00,0,0,0,TRUE
14-02-2012 08:00,0,0,0,TRUE
15-02-2012 08:00,0,0,0,TRUE
16-02-2012 08:00,0,0,0,TRUE
17-02-2012 08:00,0,0,0,TRUE
18-02-2012 08:00,0,0,0,TRUE
19-02-2012 08:00,0,0,0,TRUE
20-02-2012 08:00,0,0,0,TRUE
21-02-2012 08:00,0,0,0,TRUE
22-02-2012 08:00,0,0,0,TRUE
23-02-2012 08:00,0,0,0,TRUE
24-02-2012 08:00,0,0,0,TRUE
25-02-2012 08:00,0,0,0,TRUE
26-02-2012 08:00,0,0,0,TRUE
27-02-2012 08:00,0,0,0,TRUE
28-02-2012 08:00,0,0,0,TRUE
29-02-2012 08:00,0,0,0,TRUE
01-03-2012 08:00,0,0,0,TRUE
02-03-2012 08:00,0,0,0,TRUE
03-03-2012 08:00,0,0,0,TRUE
04-03-2012 08:00,0,0,0,TRUE
05-03-2012 08:00,0,0,0,TRUE
06-03-2012 08:00,0,0,0,TRUE
07-03-2012 08:00,0,0,0,TRUE
08-03-2012 08:00,0,0,0,TRUE
09-03-2012 08:00,0,0,0,TRUE
10-03-2012 08:00,0,0,0,TRUE
11-03-2012 08:00,0,0,0,TRUE
12-03-2012 08:00,0,0,0,TRUE
13-03-2012 08:00,0,0,0,TRUE
14-03-2012 08:00,0,0,0,TRUE
15-03-2012 08:00,0,0,0,TRUE
16-03-2012 08:00,0,0,0,TRUE
17-03-2012 08:00,0,0,0,TRUE
18-03-2012 08:00,0,0,0,TRUE
19-03-2012 08:00,0,0,0,TRUE
20-03-2012 08:00,0,0,0,TRUE
21-03-2012 08:00,0,0,0,TRUE
22-03-2012 08:00,0,0,0,TRUE
23-03-2012 08:00,0,0,0,TRUE
24-03-2012 08:00,0,0,0,TRUE
25-03-2012 08:00,0,0,0,TRUE
26-03-2012 08:00,0,0,0,TRUE
27-03-2012 08:00,0,0,0,TRUE
28-03-2012 08:00,0,0,0,TRUE
29-03-2012 08:00,0,0,0,TRUE
30-03-2012 08:00,0,0,0,TRUE
31-03-2012 08:00,0,0,0,TRUE
01-04-2012 08:00,0,0,0,TRUE
02-04-2012 08:00,0,0,0,TRUE
03-04-2012 08:00,0,0,0,TRUE
04-04-2012 08:00,0,0,0,TRUE
05-04-2012 08:00,0,0,0,TRUE
06-04-2012 08:00,0,0,0,TRUE
07-04-2012 08:00,0,0,0,TRUE
08-04-2012 08:00,0,0,0,TRUE
09-04-2012 08:00,0,0,0,TRUE
10-04-2012 08:00,0,0,0,TRUE
11-04-2012 08:00,0,0,0,TRUE
12-04-2012 08:00,0,0,0,TRUE
13-04-2012 08:00,0,0,0,TRUE
14-04-2012 08:00,0,0,0,TRUE
15-04-2012 08:00,0,0,0,TRUE
16-04-2012 08:30,16.730713,0.0181,26.16415822,FALSE
17-04-2012 08:30,11.087688,0.0259,24.8115847,FALSE
18-04-2012 08:30,8.477601,0.0143,10.47424559,FALSE
20-04-2012 08:30,4.040126,0.0029,1.012293971,FALSE
21-04-2012 08:30,10.176772,0.0088,7.737603287,FALSE
23-04-2012 08:30,5.8565307,0.0059,2.98542509,FALSE
24-04-2012 08:30,37.133892,0.037,118.7096259,FALSE
25-04-2012 08:30,28.698097,0.0312,77.36088612,FALSE
26-04-2012 08:30,28.472578,0.0317,77.98297443,FALSE
27-04-2012 08:30,40.76735,0.0369,129.9728346,FALSE
28-04-2012 08:30,29.10903,0.0323,81.2351522,FALSE
30-04-2012 08:30,22.525888,0.0111,21.60322763,FALSE
01-05-2012 08:30,21.599283,0.0116,21.64766539,FALSE
03-05-2012 08:30,18.569588,0.0125,20.05515504,FALSE
05-05-2012 08:30,19.481743,0.0123,20.70363792,FALSE
08-05-2012 08:30,9.75398,0.0097,8.174615558,FALSE
09-05-2012 08:30,8.649091,0.0131,9.789387157,FALSE
10-05-2012 08:30,8.534535,0.0025,1.84345956,FALSE
11-05-2012 08:30,6.200338,0.002,1.071418406,FALSE
12-05-2012 08:30,6.282153,0.0094,5.10211338,FALSE
14-05-2012 08:30,6.288326,0.0102,5.541775937,FALSE
15-05-2012 08:30,5.722822,0.0049,2.422813922,FALSE
16-05-2012 08:30,15.102298,0.0028,3.653547932,FALSE
17-05-2012 08:45,6.046801,0.0118,6.164834556,FALSE
18-05-2012 08:00,0,0,0,TRUE
19-05-2012 08:00,0,0,0,TRUE
20-05-2012 08:00,0,0,0,TRUE
21-05-2012 08:00,0,0,0,TRUE
22-05-2012 08:00,0,0,0,TRUE
23-05-2012 08:00,0,0,0,TRUE
24-05-2012 08:00,0,0,0,TRUE
25-05-2012 08:00,0,0,0,TRUE
26-05-2012 08:00,0,0,0,TRUE
27-05-2012 08:00,0,0,0,TRUE
28-05-2012 08:00,0,0,0,TRUE
29-05-2012 08:00,0,0,0,TRUE
30-05-2012 08:00,0,0,0,TRUE
31-05-2012 08:00,0,0,0,TRUE
01-06-2012 08:00,0,0,0,TRUE
02-06-2012 08:00,0,0,0,TRUE
03-06-2012 08:00,0,0,0,TRUE
04-06-2012 08:00,0,0,0,TRUE
05-06-2012 08:00,0,0,0,TRUE
06-06-2012 08:00,0,0,0,TRUE
07-06-2012 08:00,0,0,0,TRUE
08-06-2012 08:30,5.782638,0.0058,2.897795555,FALSE
09-06-2012 08:30,7.5943804,0.0078,5.118004839,FALSE
11-06-2012 08:30,3.5685256,0.0007,0.215824428,FALSE
12-06-2012 08:00,0,0,0,TRUE
13-06-2012 08:00,0,0,0,TRUE
14-06-2012 08:00,0,0,0,TRUE
15-06-2012 08:00,0,0,0,TRUE
16-06-2012 08:30,8.519886,0.0021,1.545848116,FALSE
19-06-2012 08:45,14.897545,0.0033,4.24758803,FALSE
20-06-2012 08:30,12.530007,0.0045,4.871666722,FALSE
21-06-2012 08:30,11.812689,0.0013,1.326801228,FALSE
22-06-2012 08:30,11.913317,0.0129,13.2781066,FALSE
23-06-2012 08:30,15.3114805,0.0042,5.556230044,FALSE
25-06-2012 08:30,11.184509,0.0084,8.117269252,FALSE
26-06-2012 08:30,8.206731,0.0013,0.921780026,FALSE
27-06-2012 08:30,8.61094,0.0061,4.538309818,FALSE
28-06-2012 08:30,7.561527,0.0112,7.317138447,FALSE
29-06-2012 08:30,7.7374754,0.0087,5.816105509,FALSE
30-06-2012 08:30,7.618176,0.0119,7.832703836,FALSE
02-07-2012 08:30,28.306976,0.0223,54.5396168,FALSE
03-07-2012 08:30,60.752056,0.0357,187.3885017,FALSE
04-07-2012 08:30,60.504555,0.0282,147.4181382,FALSE
05-07-2012 08:30,37.72668,0.0098,31.94393449,FALSE
06-07-2012 08:30,30.154327,0.0036,9.37920187,FALSE
07-07-2012 08:30,22.911266,0.0103,20.38919384,FALSE
09-07-2012 08:30,20.04113,0.0074,12.81349688,FALSE
10-07-2012 08:30,55.245018,0.0258,123.1477745,FALSE
11-07-2012 08:30,58.240566,0.017,85.54374334,FALSE
12-07-2012 08:30,56.613,0.0188,91.95762816,FALSE
13-07-2012 08:30,36.51351,0.0124,39.11911407,FALSE
14-07-2012 08:30,35.97558,0.0094,29.21792705,FALSE
16-07-2012 08:30,23.118425,0.0058,11.58510514,FALSE
17-07-2012 08:30,15.509546,0.0057,7.638141214,FALSE
18-07-2012 08:30,15.222157,0.0027,3.551024785,FALSE
19-07-2012 08:30,12.252437,0.0042,4.446164339,FALSE
20-07-2012 08:30,8.934453,0.0031,2.393003892,FALSE
21-07-2012 08:30,8.611863,0.01,7.440649632,FALSE
23-07-2012 08:30,15.5379095,0.0114,15.30421934,FALSE
24-07-2012 08:30,15.44738,0.0077,10.27683297,FALSE
25-07-2012 08:30,14.696353,0.0154,19.55437945,FALSE
26-07-2012 08:30,23.940796,0.0098,20.27115079,FALSE
27-07-2012 08:30,19.860739,0.007,12.01177495,FALSE
28-07-2012 08:30,14.214815,0.0147,18.05395224,FALSE
30-07-2012 08:30,12.246127,0.0056,5.925166088,FALSE
31-07-2012 08:45,12.516282,0.0058,6.272159236,FALSE
01-08-2012 08:30,7.643291,0.0163,10.76419958,FALSE
02-08-2012 08:30,7.5901875,0.0109,7.14813498,FALSE
03-08-2012 08:30,5.628401,0.0086,4.182127079,FALSE
04-08-2012 08:30,5.3096395,0.0021,0.963380991,FALSE
06-08-2012 08:30,5.163949,0.0069,3.078539836,FALSE
07-08-2012 08:30,7.4126863,0.0113,7.237153888,FALSE
08-08-2012 08:30,8.945797,0.0066,5.101251281,FALSE
09-08-2012 08:30,18.140972,0.0179,28.05610166,FALSE
10-08-2012 08:30,28.646318,0.0132,32.67055275,FALSE
11-08-2012 08:30,24.981369,0.0147,31.72833714,FALSE
13-08-2012 08:30,29.36782,0.0045,11.41820842,FALSE
14-08-2012 08:30,18.516014,0.0086,13.75813904,FALSE
16-08-2012 08:30,71.376465,0.0482,297.245861,FALSE
17-08-2012 08:30,71.05129,0.0462,283.6140133,FALSE
18-08-2012 08:30,225.24341,0.0917,1784.576508,FALSE
21-08-2012 08:30,60.44355,0.0156,81.46823443,FALSE
22-08-2012 08:30,38.793556,0.0039,13.07187663,FALSE
23-08-2012 09:00,37.51026,0.0121,39.21472621,FALSE
24-08-2012 08:30,34.870724,0.0061,18.37826638,FALSE
25-08-2012 08:30,40.71538,0.0125,43.9726104,FALSE
27-08-2012 08:30,57.829674,0.0173,86.43917032,FALSE
01-09-2012 08:30,80.553345,0.0135,93.95742161,FALSE
03-09-2012 08:30,59.49859,0.0093,47.80830704,FALSE
04-09-2012 08:30,61.20955,0.0098,51.82735018,FALSE
05-09-2012 08:30,70.08009,0.0118,71.44805336,FALSE
06-09-2012 08:30,45.764393,0.0097,38.35422249,FALSE
07-09-2012 08:30,40.76126,0.0097,34.16119678,FALSE
08-09-2012 08:30,39.678745,0.0069,23.65488062,FALSE
10-09-2012 08:30,38.512653,0.008,26.61994575,FALSE
11-09-2012 08:30,35.768402,0.0085,26.26831443,FALSE
12-09-2012 08:30,33.10604,0.0085,24.31307578,FALSE
13-09-2012 08:30,27.422468,0.0091,21.56064124,FALSE
14-09-2012 08:30,40.918198,0.0094,33.23212369,FALSE
15-09-2012 08:30,34.01872,0.0076,22.3380523,FALSE
17-09-2012 08:30,26.081343,0.0075,16.90071026,FALSE
18-09-2012 08:30,17.875874,0.0069,10.65688104,FALSE
19-09-2012 08:30,16.052721,0.0064,8.876512604,FALSE
20-09-2012 08:30,13.433021,0.0059,6.847616785,FALSE
21-09-2012 08:30,12.140237,0.0046,4.825015793,FALSE
24-09-2012 08:30,8.638846,0.0039,2.910945548,FALSE
25-09-2012 08:30,8.135035,0.0031,2.178887774,FALSE
26-09-2012 08:30,7.999996,0.0036,2.488318756,FALSE
27-09-2012 08:30,7.763609,0.0031,2.079405035,FALSE
28-09-2012 08:30,7.555469,0.0032,2.088936069,FALSE
29-09-2012 08:30,7.102186,0.003,1.840886611,FALSE
01-10-2012 08:30,4.9429283,0.0021,0.896844911,FALSE
03-10-2012 08:30,4.690972,0.002,0.810599962,FALSE
04-10-2012 08:30,4.4797573,0.0019,0.735396958,FALSE
05-10-2012 08:30,4.3536177,0.0018,0.677074625,FALSE
06-10-2012 08:30,4.067798,0.0017,0.59747817,FALSE
08-10-2012 08:30,4.123368,0.0017,0.605640292,FALSE
09-10-2012 08:30,4.2880993,0.0018,0.666885203,FALSE
10-10-2012 08:30,7.7491693,0.0032,2.142490328,FALSE
11-10-2012 08:30,9.429085,0.0039,3.177224482,FALSE
12-10-2012 08:30,8.442514,0.0035,2.553016234,FALSE
13-10-2012 08:30,34.082615,0.0141,41.5208049,FALSE
15-10-2012 08:30,16.42922,0.0068,9.652495334,FALSE
16-10-2012 08:30,23.250845,0.0096,19.28518088,FALSE
17-10-2012 08:30,35.268547,0.0146,44.48915593,FALSE
18-10-2012 08:30,37.228363,0.0154,49.53457067,FALSE
19-10-2012 08:30,85.23417,0.0353,259.9573998,FALSE
20-10-2012 08:45,103.337685,0.0428,382.1344921,FALSE
22-10-2012 08:30,69.86053,0.0289,174.438949,FALSE
23-10-2012 08:45,50.42239,0.0209,91.05073497,FALSE
25-10-2012 08:45,36.41972,0.0151,47.5146235,FALSE
27-10-2012 08:30,27.522917,0.0114,27.10897233,FALSE
29-10-2012 08:30,35.273556,0.0147,44.800238,FALSE
30-10-2012 08:30,22.239119,0.0093,17.8695769,FALSE
31-10-2012 08:30,14.865339,0.0062,7.963064796,FALSE
01-11-2012 08:30,14.519403,0.0066,8.279544367,FALSE
02-11-2012 08:30,25.530823,0.0045,9.926383982,FALSE
03-11-2012 08:30,14.878153,0.0059,7.584287273,FALSE
05-11-2012 08:30,11.509872,0.0074,7.358951762,FALSE
06-11-2012 08:30,11.336415,0.0021,2.056879138,FALSE
07-11-2012 08:30,10.7895155,0.0083,7.737377355,FALSE
09-11-2012 08:30,16.045374,0.0055,7.624761725,FALSE
10-11-2012 08:30,12.968827,0.0092,10.30866121,FALSE
12-11-2012 08:30,23.038008,0.0133,26.47343575,FALSE
14-11-2012 08:30,23.641544,0.0183,37.38011805,FALSE
15-11-2012 08:30,15.6592245,0.002,2.705913994,FALSE
16-11-2012 08:30,13.233012,0.0089,10.17565691,FALSE
17-11-2012 08:30,12.471045,0.0075,8.08123716,FALSE
19-11-2012 08:30,11.461423,0.0029,2.871774147,FALSE
20-11-2012 08:30,10.187905,0.0064,5.633503949,FALSE
22-11-2012 08:30,11.55,0.0087,8.681904,FALSE
23-11-2012 08:30,11.450889,0.0065,6.430819262,FALSE
26-11-2012 08:30,12.519959,0.0086,9.302830335,FALSE
27-11-2012 08:30,11.735215,0.0059,5.982143198,FALSE
29-11-2012 08:30,28.651724,0.0145,35.89487983,FALSE
30-11-2012 08:30,13.129326,0.0066,7.486866858,FALSE
01-12-2012 08:30,11.106386,0.0119,11.41914183,FALSE
03-12-2012 08:30,7.730421,0.0075,5.009312808,FALSE
04-12-2012 08:45,6.812837,0.0067,3.943815083,FALSE
05-12-2012 08:30,5.163949,0.0057,2.543141604,FALSE
06-12-2012 08:30,4.914913,0.0035,1.486269691,FALSE
07-12-2012 08:30,4.7000217,0.003,1.218245625,FALSE
08-12-2012 08:30,4.4707503,0.0025,0.965682065,FALSE
10-12-2012 08:30,4.425858,0.0024,0.917745915,FALSE
11-12-2012 08:00,0,0,0,TRUE
12-12-2012 08:00,0,0,0,TRUE
13-12-2012 08:00,0,0,0,TRUE
14-12-2012 08:00,0,0,0,TRUE
15-12-2012 08:00,0,0,0,TRUE
16-12-2012 08:00,0,0,0,TRUE
17-12-2012 08:00,0,0,0,TRUE
18-12-2012 08:00,0,0,0,TRUE
19-12-2012 08:00,0,0,0,TRUE
20-12-2012 08:00,0,0,0,TRUE
21-12-2012 08:00,0,0,0,TRUE
22-12-2012 08:00,0,0,0,TRUE
23-12-2012 08:00,0,0,0,TRUE
24-12-2012 08:00,0,0,0,TRUE
25-12-2012 08:00,0,0,0,TRUE
26-12-2012 08:00,0,0,0,TRUE
27-12-2012 08:00,0,0,0,TRUE
28-12-2012 08:00,0,0,0,TRUE
29-12-2012 08:00,0,0,0,TRUE
30-12-2012 08:00,0,0,0,TRUE
31-12-2012 08:00,0,0,0,TRUE
01-01-2013 08:00,0,0,0,TRUE
02-01-2013 08:00,0,0,0,TRUE
03-01-2013 08:00,0,0,0,TRUE
04-01-2013 08:00,0,0,0,TRUE
05-01-2013 08:00,0,0,0,TRUE
06-01-2013 08:00,0,0,0,TRUE
07-01-2013 08:00,0,0,0,TRUE
08-01-2013 08:00,0,0,0,TRUE
09-01-2013 08:00,0,0,0,TRUE
10-01-2013 08:00,0,0,0,TRUE
11-01-2013 08:00,0,0,0,TRUE
12-01-2013 08:00,0,0,0,TRUE
13-01-2013 08:00,0,0,0,TRUE
14-01-2013 08:00,0,0,0,TRUE
15-01-2013 08:00,0,0,0,TRUE
16-01-2013 08:00,0,0,0,TRUE
17-01-2013 08:00,0,0,0,TRUE
18-01-2013 08:00,0,0,0,TRUE
19-01-2013 08:00,0,0,0,TRUE
20-01-2013 08:00,0,0,0,TRUE
21-01-2013 08:00,0,0,0,TRUE
22-01-2013 08:00,0,0,0,TRUE
23-01-2013 08:00,0,0,0,TRUE
24-01-2013 08:00,0,0,0,TRUE
25-01-2013 08:00,0,0,0,TRUE
26-01-2013 08:00,0,0,0,TRUE
27-01-2013 08:00,0,0,0,TRUE
28-01-2013 08:00,0,0,0,TRUE
29-01-2013 08:00,0,0,0,TRUE
30-01-2013 08:00,0,0,0,TRUE
31-01-2013 08:00,0,0,0,TRUE
01-02-2013 08:00,0,0,0,TRUE
02-02-2013 08:00,0,0,0,TRUE
03-02-2013 08:00,0,0,0,TRUE
04-02-2013 08:00,0,0,0,TRUE
05-02-2013 08:00,0,0,0,TRUE
06-02-2013 08:00,0,0,0,TRUE
07-02-2013 08:00,0,0,0,TRUE
08-02-2013 08:00,0,0,0,TRUE
09-02-2013 08:00,0,0,0,TRUE
10-02-2013 08:00,0,0,0,TRUE
11-02-2013 08:00,0,0,0,TRUE
12-02-2013 08:00,0,0,0,TRUE
13-02-2013 08:00,0,0,0,TRUE
14-02-2013 08:00,0,0,0,TRUE
15-02-2013 08:00,0,0,0,TRUE
16-02-2013 08:00,0,0,0,TRUE
17-02-2013 08:00,0,0,0,TRUE
18-02-2013 08:00,0,0,0,TRUE
19-02-2013 08:00,0,0,0,TRUE
20-02-2013 08:00,0,0,0,TRUE
21-02-2013 08:00,0,0,0,TRUE
22-02-2013 08:00,0,0,0,TRUE
23-02-2013 08:00,0,0,0,TRUE
24-02-2013 08:00,0,0,0,TRUE
25-02-2013 08:00,0,0,0,TRUE
26-02-2013 08:00,0,0,0,TRUE
27-02-2013 08:00,0,0,0,TRUE
28-02-2013 08:00,0,0,0,TRUE
01-03-2013 08:00,0,0,0,TRUE
02-03-2013 08:00,0,0,0,TRUE
03-03-2013 08:00,0,0,0,TRUE
04-03-2013 08:00,0,0,0,TRUE
05-03-2013 08:00,0,0,0,TRUE
06-03-2013 08:00,0,0,0,TRUE
07-03-2013 08:00,0,0,0,TRUE
08-03-2013 08:00,0,0,0,TRUE
09-03-2013 08:00,0,0,0,TRUE
10-03-2013 08:00,0,0,0,TRUE
11-03-2013 08:00,0,0,0,TRUE
12-03-2013 08:00,0,0,0,TRUE
13-03-2013 08:00,0,0,0,TRUE
14-03-2013 08:00,0,0,0,TRUE
15-03-2013 08:00,0,0,0,TRUE
16-03-2013 08:00,0,0,0,TRUE
17-03-2013 08:00,0,0,0,TRUE
18-03-2013 08:00,0,0,0,TRUE
19-03-2013 08:00,0,0,0,TRUE
20-03-2013 08:00,0,0,0,TRUE
21-03-2013 08:00,0,0,0,TRUE
22-03-2013 08:00,0,0,0,TRUE
23-03-2013 08:00,0,0,0,TRUE
24-03-2013 08:00,0,0,0,TRUE
25-03-2013 08:00,0,0,0,TRUE
26-03-2013 08:00,0,0,0,TRUE
27-03-2013 08:00,0,0,0,TRUE
28-03-2013 08:00,0,0,0,TRUE
29-03-2013 08:00,0,0,0,TRUE
30-03-2013 08:00,0,0,0,TRUE
31-03-2013 08:00,0,0,0,TRUE
01-04-2013 08:00,0,0,0,TRUE
02-04-2013 08:00,0,0,0,TRUE
03-04-2013 08:00,0,0,0,TRUE
04-04-2013 08:00,0,0,0,TRUE
05-04-2013 08:00,0,0,0,TRUE
06-04-2013 08:00,0,0,0,TRUE
07-04-2013 08:00,0,0,0,TRUE
08-04-2013 08:00,0,0,0,TRUE
09-04-2013 08:00,0,0,0,TRUE
10-04-2013 08:00,0,0,0,TRUE
11-04-2013 08:00,0,0,0,TRUE
12-04-2013 08:00,0,0,0,TRUE
13-04-2013 08:00,0,0,0,TRUE
14-04-2013 08:00,0,0,0,TRUE
15-04-2013 08:00,0,0,0,TRUE
16-04-2013 08:00,0,0,0,TRUE
17-04-2013 08:00,0,0,0,TRUE
18-04-2013 08:00,0,0,0,TRUE
19-04-2013 08:00,0,0,0,TRUE
20-04-2013 08:00,0,0,0,TRUE
21-04-2013 08:00,0,0,0,TRUE
22-04-2013 08:00,0,0,0,TRUE
23-04-2013 08:00,0,0,0,TRUE
24-04-2013 08:00,0,0,0,TRUE
25-04-2013 08:00,0,0,0,TRUE
26-04-2013 08:00,0,0,0,TRUE
27-04-2013 08:00,0,0,0,TRUE
28-04-2013 08:00,0,0,0,TRUE
29-04-2013 08:00,0,0,0,TRUE
30-04-2013 08:00,0,0,0,TRUE
01-05-2013 08:00,0,0,0,TRUE
02-05-2013 08:00,0,0,0,TRUE
03-05-2013 08:00,0,0,0,TRUE
04-05-2013 08:00,0,0,0,TRUE
05-05-2013 08:00,0,0,0,TRUE
06-05-2013 08:00,0,0,0,TRUE
07-05-2013 08:00,0,0,0,TRUE
08-05-2013 08:00,0,0,0,TRUE
09-05-2013 08:00,0,0,0,TRUE
10-05-2013 08:00,0,0,0,TRUE
11-05-2013 08:00,0,0,0,TRUE
12-05-2013 08:00,0,0,0,TRUE
13-05-2013 08:00,0,0,0,TRUE
14-05-2013 08:00,0,0,0,TRUE
15-05-2013 08:00,0,0,0,TRUE
16-05-2013 08:00,0,0,0,TRUE
17-05-2013 08:00,0,0,0,TRUE
18-05-2013 08:00,0,0,0,TRUE
19-05-2013 08:00,0,0,0,TRUE
20-05-2013 08:00,0,0,0,TRUE
21-05-2013 08:00,0,0,0,TRUE
22-05-2013 08:00,0,0,0,TRUE
23-05-2013 08:00,0,0,0,TRUE
24-05-2013 08:00,0,0,0,TRUE
25-05-2013 08:00,0,0,0,TRUE
26-05-2013 08:00,0,0,0,TRUE
27-05-2013 08:00,0,0,0,TRUE
28-05-2013 08:00,0,0,0,TRUE
29-05-2013 08:00,0,0,0,TRUE
30-05-2013 08:00,0,0,0,TRUE
31-05-2013 08:00,0,0,0,TRUE
01-06-2013 08:00,0,0,0,TRUE
03-06-2013 08:30,19.35201,0.0051,8.527269686,FALSE
04-06-2013 08:30,15.159788,0.0068,8.906678646,FALSE
05-06-2013 08:30,14.189139,0.0039,4.781172277,FALSE
06-06-2013 08:30,11.801791,0.0044,4.486568867,FALSE
07-06-2013 08:30,10.774963,0.0054,5.027166737,FALSE
08-06-2013 08:30,13.177579,0.0048,5.465005563,FALSE
10-06-2013 08:30,33.731747,0.0041,11.94913406,FALSE
13-06-2013 08:30,35.006237,0.0048,14.51778661,FALSE
14-06-2013 08:30,42.27635,0.0231,84.37683038,FALSE
15-06-2013 08:30,61.100815,0.0089,46.9840827,FALSE
17-06-2013 08:30,121.16368,0.0571,597.7537455,FALSE
18-06-2013 08:45,134.82303,0.0317,369.2641004,FALSE
19-06-2013 08:30,104.11419,0.0094,84.55738055,FALSE
20-06-2013 08:30,104.29207,0.0066,59.47151,FALSE
21-06-2013 08:30,103.740654,0.0056,50.19387803,FALSE
22-06-2013 08:30,112.20791,0.0193,187.1089341,FALSE
24-06-2013 08:30,202.08601,0.0317,553.4893311,FALSE
25-06-2013 08:30,278.66855,0.036,866.7706579,FALSE
26-06-2013 08:45,311.71027,0.0289,778.3280758,FALSE
27-06-2013 08:45,336.3472,0.0539,1566.355457,FALSE
28-06-2013 08:45,212.201,0.0081,148.5067478,FALSE
29-06-2013 08:30,129.9058,0.0041,46.01783059,FALSE
01-07-2013 08:30,67.15952,0.0058,33.65497866,FALSE
02-07-2013 08:30,52.704273,0.0098,44.62576203,FALSE
03-07-2013 08:30,104.038,0.0396,355.9597747,FALSE
04-07-2013 08:30,126.42749,0.0134,146.3726908,FALSE
05-07-2013 08:30,133.66046,0.0091,105.0892001,FALSE
06-07-2013 08:30,135.57365,0.0102,119.4783463,FALSE
08-07-2013 08:30,136.84698,0.0213,251.8422342,FALSE
09-07-2013 08:30,152.45274,0.0165,217.3366261,FALSE
10-07-2013 08:30,160.58948,0.0188,260.8487042,FALSE
11-07-2013 08:30,201.69716,0.0312,543.7110003,FALSE
12-07-2013 08:30,154.85239,0.0028,37.46189019,FALSE
13-07-2013 08:30,128.97601,0.0041,45.68846178,FALSE
15-07-2013 08:30,108.64354,0.0188,176.4718749,FALSE
16-07-2013 08:30,82.20718,0.0067,47.58809236,FALSE
17-07-2013 08:30,78.003,0.0089,59.98118688,FALSE
18-07-2013 08:30,82.02604,0.004,28.34819942,FALSE
19-07-2013 08:30,144.78896,0.0254,317.7480601,FALSE
20-07-2013 08:30,138.1853,0.0028,33.42978778,FALSE
22-07-2013 08:30,117.129684,0.0018,18.21600846,FALSE
23-07-2013 08:30,140.00728,0.0193,233.4649395,FALSE
24-07-2013 08:30,154.49641,0.0158,210.9061392,FALSE
25-07-2013 08:45,184.02478,0.0164,260.7557523,FALSE
26-07-2013 08:45,175.11684,0.0053,80.18950337,FALSE
27-07-2013 08:45,165.88036,0.0086,123.2557427,FALSE
29-07-2013 08:45,94.9418,0.0055,45.11634336,FALSE
30-07-2013 08:45,62.814205,0.0092,49.92975527,FALSE
31-07-2013 08:45,55.48897,0.0116,55.61326529,FALSE
02-08-2013 08:45,45.435562,0.0085,33.36787673,FALSE
03-08-2013 08:45,62.398052,0.0829,446.9297913,FALSE
05-08-2013 08:30,198.1705,0.0652,1116.349914,FALSE
06-08-2013 08:45,329.63345,0.0257,731.9444831,FALSE
07-08-2013 08:30,199.39182,0.0192,330.7671024,FALSE
08-08-2013 08:30,146.62358,0.0654,828.5053362,FALSE
10-08-2013 08:30,88.87186,0.007,53.74970093,FALSE
12-08-2013 08:30,68.271255,0.0081,47.7789551,FALSE
13-08-2013 08:30,63.43187,0.0019,10.41297578,FALSE
14-08-2013 08:30,51.23232,0.0023,10.18088663,FALSE
15-08-2013 08:30,41.736225,0.0018,6.490817712,FALSE
17-08-2013 08:30,39.240856,0.0031,10.51027087,FALSE
19-08-2013 08:30,56.894886,0.0246,120.9266665,FALSE
20-08-2013 08:30,43.53521,0.0039,14.66962436,FALSE
21-08-2013 08:45,44.635174,0.0078,30.08053646,FALSE
22-08-2013 08:30,41.59392,0.0064,22.999774,FALSE
23-08-2013 08:30,37.67254,0.0058,18.87846324,FALSE
24-08-2013 08:30,32.48297,0.0109,30.59116183,FALSE
26-08-2013 08:30,22.218649,0.0085,16.31737583,FALSE
27-08-2013 08:30,19.961063,0.0041,7.071006957,FALSE
28-08-2013 08:30,17.598274,0.0129,19.61433227,FALSE
29-08-2013 08:30,13.006975,0.0163,18.31798303,FALSE
30-08-2013 08:45,15.93297,0.006,8.259651648,FALSE
31-08-2013 08:45,10.967635,0.0113,10.7079214,FALSE
02-09-2013 08:30,32.981358,0.012,34.19507197,FALSE
03-09-2013 08:30,36.008114,0.0056,17.42216588,FALSE
04-09-2013 08:30,23.124605,0.006,11.98779523,FALSE
05-09-2013 08:30,21.490555,0.0076,14.11155804,FALSE
06-09-2013 08:45,23.562393,0.0071,14.45411436,FALSE
07-09-2013 08:30,34.705826,0.0061,18.29135854,FALSE
10-09-2013 08:45,28.523045,0.0067,16.51142029,FALSE
11-09-2013 08:45,33.78827,0.0075,21.89479896,FALSE
12-09-2013 08:45,35.778538,0.0076,23.49361919,FALSE
13-09-2013 08:45,72.05372,0.0212,131.9793578,FALSE
14-09-2013 08:45,127.16086,0.023,252.694061,FALSE
18-09-2013 08:30,233.17076,0.0624,1257.107509,FALSE
19-09-2013 08:30,170.5852,0.0157,231.3954121,FALSE
20-09-2013 08:30,43.601562,0.0202,76.09693413,FALSE
21-09-2013 08:30,188.82504,0.0121,197.4052498,FALSE
23-09-2013 08:30,111.28776,0.0097,93.2680459,FALSE
24-09-2013 08:30,86.39817,0.0081,60.46489529,FALSE
25-09-2013 08:30,62.773422,0.0083,45.01607638,FALSE
26-09-2013 08:30,53.170452,0.009,41.34534348,FALSE
27-09-2013 08:30,43.05914,0.0097,36.08700405,FALSE
28-09-2013 08:30,40.959583,0.0075,26.54180978,FALSE
30-09-2013 08:30,31.718645,0.0033,9.043620062,FALSE
01-10-2013 08:30,30.812033,0.0073,19.43376545,FALSE
03-10-2013 08:30,24.614767,0.0085,18.07708488,FALSE
04-10-2013 08:30,24.558525,0.0064,13.57988198,FALSE
05-10-2013 08:30,23.867954,0.0042,8.661203148,FALSE
07-10-2013 08:30,17.403082,0.0035,5.262691997,FALSE
08-10-2013 08:30,13.291029,0.0087,9.990600679,FALSE
09-10-2013 08:30,51.544052,0.0127,56.55825738,FALSE
10-10-2013 08:30,45.37843,0.0498,195.2506783,FALSE
11-10-2013 08:30,35.833073,0.0142,43.9628806,FALSE
12-10-2013 08:30,33.310078,0.007,20.14593517,FALSE
14-10-2013 08:30,24.764704,0.0072,15.40562706,FALSE
15-10-2013 08:30,20.352282,0.0061,10.72646671,FALSE
17-10-2013 08:30,135.65675,0.0916,1073.620077,FALSE
18-10-2013 08:30,94.09677,0.0275,223.5739255,FALSE
19-10-2013 08:30,106.802345,0.0392,361.7267262,FALSE
21-10-2013 08:30,136.17812,0.0216,254.1410547,FALSE
22-10-2013 08:30,112.56029,0.0147,142.9605731,FALSE
23-10-2013 08:30,96.49961,0.0068,56.69545087,FALSE
24-10-2013 08:30,110.55132,0.0126,120.350589,FALSE
25-10-2013 08:30,71.39037,0.0127,78.33522519,FALSE
26-10-2013 08:45,63.512646,0.0117,64.20366359,FALSE
28-10-2013 08:30,41.888206,0.0081,29.31504209,FALSE
29-10-2013 08:30,39.419975,0.014,47.68240176,FALSE
30-10-2013 08:30,39.048683,0.0035,11.80832174,FALSE
31-10-2013 08:30,39.04124,0.0166,55.99450806,FALSE
01-11-2013 08:30,40.681137,0.0121,42.52968787,FALSE
04-11-2013 08:30,37.233036,0.0061,19.62329929,FALSE
05-11-2013 08:30,33.149727,0.0021,6.014686467,FALSE
06-11-2013 08:30,32.991608,0.0029,8.2663773,FALSE
07-11-2013 08:30,26.031227,0.0027,6.072564635,FALSE
08-11-2013 08:30,22.31269,0.0037,7.132920739,FALSE
09-11-2013 08:30,19.924036,0.0013,2.237867724,FALSE
11-11-2013 08:30,20.320023,0.0013,2.282344983,FALSE
12-11-2013 08:30,20.049507,0.0031,5.370059955,FALSE
13-11-2013 08:30,34.311195,0.0051,15.11888496,FALSE
15-11-2013 08:30,74.302025,0.0136,87.30785146,FALSE
16-11-2013 08:30,81.75371,0.0191,134.9132424,FALSE
18-11-2013 08:30,56.937523,0.0137,67.39580722,FALSE
19-11-2013 08:30,57.551247,0.0186,92.48715598,FALSE
20-11-2013 08:30,55.038857,0.0156,74.18357302,FALSE
21-11-2013 08:30,65.6195,0.0169,95.81496912,FALSE
22-11-2013 08:30,50.904026,0.0233,102.4759128,FALSE
23-11-2013 08:30,58.025566,0.0104,52.13945258,FALSE
25-11-2013 08:30,63.512646,0.0104,57.06992319,FALSE
26-11-2013 08:30,81.75371,0.0703,496.5654942,FALSE
27-11-2013 08:30,94.09677,0.031,252.0287888,FALSE
28-11-2013 08:30,63.68162,0.0167,91.88493587,FALSE
29-11-2013 09:15,50.09881,0.0338,146.3045568,FALSE
30-11-2013 08:30,43.890076,0.01,37.92102566,FALSE
02-12-2013 08:30,35.035557,0.0036,10.89745965,FALSE
03-12-2013 08:30,33.69423,0.0069,20.08715216,FALSE
04-12-2013 08:30,32.660183,0.0046,12.98046313,FALSE
05-12-2013 08:30,24.286455,0.0016,3.357359539,FALSE
06-12-2013 08:30,22.505594,0.0046,8.944623279,FALSE
07-12-2013 08:30,19.402176,0.002,3.352696013,FALSE
09-12-2013 08:30,13.163675,0.0055,6.25537836,FALSE
10-12-2013 08:30,14.946108,0.0033,4.261434313,FALSE
11-12-2013 08:30,13.470024,0.0038,4.42247828,FALSE
12-12-2013 08:30,11.884132,0.0074,7.598238636,FALSE
13-12-2013 08:30,12.110571,0.0032,3.34833067,FALSE
14-12-2013 08:30,22.22528,0.0046,8.833215283,FALSE
16-12-2013 08:30,10.97465,0.0021,1.991240496,FALSE
17-12-2013 09:00,9.236263,0.0013,1.03741706,FALSE
18-12-2013 08:45,8.318004,0.0015,1.078013318,FALSE
19-12-2013 08:30,8.056522,0.0016,1.113733601,FALSE
20-12-2013 08:30,7.5854273,0.0026,1.703990389,FALSE
21-12-2013 08:30,7.3650165,0.0051,3.245320871,FALSE
23-12-2013 08:30,6.387246,0.0057,3.14559091,FALSE
01-01-2014 08:30,2.175388,0.0038,0.714223388,FALSE
02-01-2014 08:30,1.6420772,0.0048,0.681002256,FALSE
03-01-2014 08:30,1.40364,0.0042,0.509352883,FALSE
04-01-2014 08:30,1.0490085,0.0038,0.344410471,FALSE
07-01-2014 08:30,1.0847957,0.0045,0.421768568,FALSE
08-01-2014 08:30,1.052891,0.0042,0.382073086,FALSE
09-01-2014 08:30,1.0699663,0.0049,0.452980933,FALSE
10-01-2014 08:45,4.422137,0.0043,1.642912338,FALSE
11-01-2014 08:30,3.297482,0.0038,1.08262929,FALSE
15-01-2014 08:30,1.070206,0.0045,0.416096093,FALSE
16-01-2014 08:30,0.50644094,0.0043,0.188152938,FALSE
17-01-2014 08:30,0,0,0,TRUE
18-01-2014 08:30,0,0,0,TRUE
19-01-2014 08:00,0,0,0,TRUE
20-01-2014 08:30,0,0,0,TRUE
21-01-2014 08:00,0,0,0,TRUE
22-01-2014 08:00,0,0,0,TRUE
23-01-2014 08:00,0,0,0,TRUE
24-01-2014 08:00,0,0,0,TRUE
25-01-2014 08:00,0,0,0,TRUE
26-01-2014 08:00,0,0,0,TRUE
27-01-2014 08:00,0,0,0,TRUE
28-01-2014 08:00,0,0,0,TRUE
29-01-2014 08:00,0,0,0,TRUE
30-01-2014 08:00,0,0,0,TRUE
31-01-2014 08:00,0,0,0,TRUE
01-02-2014 08:00,0,0,0,TRUE
02-02-2014 08:00,0,0,0,TRUE
03-02-2014 08:00,0,0,0,TRUE
04-02-2014 08:00,0,0,0,TRUE
05-02-2014 08:00,0,0,0,TRUE
06-02-2014 08:00,0,0,0,TRUE
07-02-2014 08:00,0,0,0,TRUE
08-02-2014 08:00,0,0,0,TRUE
09-02-2014 08:00,0,0,0,TRUE
10-02-2014 08:00,0,0,0,TRUE
11-02-2014 08:00,0,0,0,TRUE
12-02-2014 08:00,0,0,0,TRUE
13-02-2014 08:00,0,0,0,TRUE
14-02-2014 08:00,0,0,0,TRUE
15-02-2014 08:00,0,0,0,TRUE
16-02-2014 08:00,0,0,0,TRUE
17-02-2014 08:00,0,0,0,TRUE
18-02-2014 08:00,0,0,0,TRUE
19-02-2014 08:00,0,0,0,TRUE
20-02-2014 08:00,0,0,0,TRUE
21-02-2014 08:00,0,0,0,TRUE
22-02-2014 08:00,0,0,0,TRUE
23-02-2014 08:00,0,0,0,TRUE
24-02-2014 08:00,0,0,0,TRUE
25-02-2014 08:00,0,0,0,TRUE
26-02-2014 08:00,0,0,0,TRUE
27-02-2014 08:00,0,0,0,TRUE
28-02-2014 08:00,0,0,0,TRUE
01-03-2014 08:00,0,0,0,TRUE
02-03-2014 08:00,0,0,0,TRUE
03-03-2014 08:00,0,0,0,TRUE
04-03-2014 08:00,0,0,0,TRUE
05-03-2014 08:00,0,0,0,TRUE
06-03-2014 08:00,0,0,0,TRUE
07-03-2014 08:00,0,0,0,TRUE
08-03-2014 08:00,0,0,0,TRUE
09-03-2014 08:00,0,0,0,TRUE
10-03-2014 08:00,0,0,0,TRUE
11-03-2014 08:00,0,0,0,TRUE
12-03-2014 08:00,0,0,0,TRUE
13-03-2014 08:00,0,0,0,TRUE
14-03-2014 08:00,0,0,0,TRUE
15-03-2014 08:00,0,0,0,TRUE
16-03-2014 08:00,0,0,0,TRUE
17-03-2014 08:00,0,0,0,TRUE
18-03-2014 08:00,0,0,0,TRUE
19-03-2014 08:00,0,0,0,TRUE
20-03-2014 08:00,0,0,0,TRUE
21-03-2014 08:00,0,0,0,TRUE
22-03-2014 08:00,0,0,0,TRUE
23-03-2014 08:00,0,0,0,TRUE
24-03-2014 08:00,0,0,0,TRUE
25-03-2014 08:00,0,0,0,TRUE
26-03-2014 08:00,0,0,0,TRUE
27-03-2014 08:00,0,0,0,TRUE
28-03-2014 08:00,0,0,0,TRUE
29-03-2014 08:00,0,0,0,TRUE
30-03-2014 08:00,0,0,0,TRUE
31-03-2014 08:00,0,0,0,TRUE
01-04-2014 08:00,0,0,0,TRUE
02-04-2014 08:00,0,0,0,TRUE
03-04-2014 08:00,0,0,0,TRUE
04-04-2014 08:00,0,0,0,TRUE
05-04-2014 08:00,0,0,0,TRUE
06-04-2014 08:00,0,0,0,TRUE
07-04-2014 08:00,0,0,0,TRUE
08-04-2014 08:00,0,0,0,TRUE
09-04-2014 08:00,0,0,0,TRUE
10-04-2014 08:00,0,0,0,TRUE
11-04-2014 08:00,0,0,0,TRUE
12-04-2014 08:00,0,0,0,TRUE
13-04-2014 08:00,0,0,0,TRUE
14-04-2014 08:00,0,0,0,TRUE
15-04-2014 08:00,0,0,0,TRUE
16-04-2014 08:00,0,0,0,TRUE
17-04-2014 08:00,0,0,0,TRUE
18-04-2014 08:00,0,0,0,TRUE
19-04-2014 08:00,0,0,0,TRUE
20-04-2014 08:00,0,0,0,TRUE
21-04-2014 08:00,0,0,0,TRUE
22-04-2014 08:00,0,0,0,TRUE
23-04-2014 08:00,0,0,0,TRUE
24-04-2014 08:00,0,0,0,TRUE
25-04-2014 08:00,0,0,0,TRUE
26-04-2014 08:00,0,0,0,TRUE
27-04-2014 08:00,0,0,0,TRUE
28-04-2014 08:00,0,0,0,TRUE
29-04-2014 08:00,0,0,0,TRUE
30-04-2014 08:00,0,0,0,TRUE
01-05-2014 08:00,0,0,0,TRUE
02-05-2014 08:00,0,0,0,TRUE
03-05-2014 08:00,0,0,0,TRUE
04-05-2014 08:00,0,0,0,TRUE
05-05-2014 08:30,82.176636,0.0046,32.66028221,FALSE
06-05-2014 08:30,73.724396,0.02,127.3957563,FALSE
07-05-2014 08:30,89.3773,0.0096,74.13310771,FALSE
08-05-2014 08:30,135.65675,0.0213,249.6518302,FALSE
09-05-2014 08:30,134.75775,0.0113,131.5666865,FALSE
10-05-2014 08:30,110.533485,0.0062,59.21057724,FALSE
12-05-2014 08:30,66.426704,0.0131,75.18440066,FALSE
13-05-2014 08:30,59.23032,0.006,30.70499789,FALSE
14-05-2014 08:30,52.266792,0.0053,23.93400939,FALSE
15-05-2014 08:30,52.266792,0.0052,23.48242431,FALSE
16-05-2014 08:30,46.819035,0.0049,19.82130666,FALSE
17-05-2014 08:30,42.176434,0.0138,50.28780579,FALSE
19-05-2014 08:30,39.620823,0.0029,9.927393411,FALSE
20-05-2014 08:30,40.19045,0.0023,7.986646224,FALSE
21-05-2014 08:30,41.19697,0.0023,8.186661878,FALSE
22-05-2014 08:30,40.678684,0.001,3.514638298,FALSE
23-05-2014 08:30,39.898384,0.0017,5.860274642,FALSE
24-05-2014 08:30,40.404892,0.0017,5.934670537,FALSE
26-05-2014 08:30,40.173515,0.0055,19.09045433,FALSE
29-05-2014 08:00,0,0,0,TRUE
30-05-2014 08:00,0,0,0,TRUE
31-05-2014 08:00,0,0,0,TRUE
11-06-2014 08:30,71.38342,0.0109,67.22604962,FALSE
12-06-2014 08:30,99.40293,0.0316,271.3938556,FALSE
13-06-2014 08:30,89.32188,0.0156,120.3916027,FALSE
14-06-2014 08:30,80.47865,0.0158,109.8630147,FALSE
16-06-2014 08:30,48.64247,0.0044,18.4919214,FALSE
18-06-2014 08:30,46.728523,0.0082,33.10622398,FALSE
20-06-2014 08:30,52.47604,0.0112,50.78001439,FALSE
21-06-2014 08:30,139.16533,0.0442,531.4556954,FALSE
23-06-2014 08:30,80.95989,0.0132,92.33313535,FALSE
24-06-2014 08:30,67.085014,0.0054,31.29918413,FALSE
25-06-2014 08:30,61.360497,0.0019,10.07293919,FALSE
26-06-2014 08:30,44.91814,0.0023,8.926132781,FALSE
27-06-2014 08:30,40.952744,0.0044,15.56859516,FALSE
28-06-2014 08:30,37.998405,0.0032,10.50579901,FALSE
30-06-2014 08:30,48.837776,0.0064,27.00533662,FALSE
01-07-2014 08:30,50.93474,0.0044,19.36335076,FALSE
04-07-2014 08:30,36.87313,0.0024,7.646012237,FALSE
05-07-2014 08:30,34.855137,0.0016,4.818374139,FALSE
08-07-2014 08:30,39.311886,0.0048,16.30342536,FALSE
09-07-2014 08:30,36.057926,0.0049,15.26548355,FALSE
10-07-2014 08:30,44.96222,0.003,11.65420742,FALSE
12-07-2014 08:30,72.786705,0.0016,10.0620341,FALSE
14-07-2014 08:30,57.078754,0.0025,12.32901086,FALSE
15-07-2014 08:30,132.52045,0.0343,392.727004,FALSE
16-07-2014 08:30,215.31851,0.0332,617.6368396,FALSE
17-07-2014 08:30,127.3087,0.0023,25.29878486,FALSE
18-07-2014 08:30,86.60109,0.006,44.89400506,FALSE
19-07-2014 08:30,74.61182,0.0186,119.9041792,FALSE
21-07-2014 08:30,62.865288,0.0011,5.974716972,FALSE
22-07-2014 08:30,52.65929,0.0016,7.27962025,FALSE
23-07-2014 08:30,71.30447,0.001,6.160706208,FALSE
24-07-2014 08:30,68.44825,0.0028,16.55900064,FALSE
25-07-2014 08:30,60.885715,0.0007,3.682368043,FALSE
26-07-2014 08:30,58.513924,0.0037,18.70573122,FALSE
29-07-2014 08:30,64.94866,0.0011,6.172720646,FALSE
30-07-2014 08:30,58.306675,0.0058,29.21864098,FALSE
31-07-2014 08:30,55.7603,0.0041,19.75252867,FALSE
01-08-2014 08:30,87.82111,0.0145,110.0222866,FALSE
02-08-2014 08:30,202.67389,0.0185,323.9539458,FALSE
04-08-2014 08:30,213.40215,0.0598,1102.589156,FALSE
05-08-2014 08:30,213.22638,0.0086,158.4357294,FALSE
06-08-2014 08:30,201.61685,0.0119,207.2943805,FALSE
07-08-2014 08:30,158.73766,0.0335,459.4502831,FALSE
08-08-2014 08:30,107.891045,0.0121,112.7936141,FALSE
09-08-2014 08:30,95.07259,0.0042,34.49994146,FALSE
11-08-2014 08:30,61.985237,0.0063,33.7398042,FALSE
12-08-2014 08:30,72.28851,0.0026,16.23889089,FALSE
13-08-2014 08:30,63.75477,0.0022,12.11850668,FALSE
14-08-2014 08:30,58.59501,0.0021,10.63147861,FALSE
16-08-2014 08:30,43.678112,0.0018,6.792819978,FALSE
19-08-2014 08:30,43.500717,0.0017,6.389385313,FALSE
20-08-2014 08:30,72.02492,0.006,37.33771853,FALSE
21-08-2014 08:30,112.74488,0.003,29.2234729,FALSE
22-08-2014 08:30,41.84126,0.0019,6.868661242,FALSE
23-08-2014 08:30,378.59094,0.0531,1736.914658,FALSE
25-08-2014 08:30,315.8445,0.023,627.6461904,FALSE
26-08-2014 08:30,150.49347,0.0058,75.41528769,FALSE
27-08-2014 08:30,101.47695,0.0057,49.97536834,FALSE
28-08-2014 08:30,74.54356,0.0043,27.69442341,FALSE
30-08-2014 08:30,110.56254,0.0041,39.16567417,FALSE
01-09-2014 08:30,194.16179,0.0025,41.93894664,FALSE
02-09-2014 08:30,295.54095,0.0081,206.8313784,FALSE
03-09-2014 08:30,285.9896,0.0114,281.6883164,FALSE
04-09-2014 08:30,262.68814,0.0076,172.4915402,FALSE
05-09-2014 08:30,158.66953,0.0251,344.0970895,FALSE
06-09-2014 08:30,114.097206,0.0109,107.4521847,FALSE
08-09-2014 08:30,86.93653,0.006,45.06789715,FALSE
09-09-2014 08:30,70.38776,0.005,30.40751232,FALSE
10-09-2014 08:30,60.257504,0.026,135.362457,FALSE
11-09-2014 08:30,48.833282,0.0215,90.71270464,FALSE
12-09-2014 08:30,38.452805,0.0228,75.74894963,FALSE
13-09-2014 08:30,31.633354,0.0132,36.07720757,FALSE
15-09-2014 08:30,47.695797,0.0003,1.236275058,FALSE
16-09-2014 08:30,28.548782,0.0182,44.89238872,FALSE
17-09-2014 08:30,24.743008,0.0026,5.558269317,FALSE
18-09-2014 08:30,27.01463,0.0019,4.434721661,FALSE
25-09-2014 08:30,11.544893,0.0033,3.291679892,FALSE
26-09-2014 08:30,23.964298,0.008,16.56412278,FALSE
27-09-2014 08:30,106.9348,0.0059,54.51108365,FALSE
29-09-2014 08:30,57.34115,0.0038,18.82624637,FALSE
30-09-2014 08:30,52.80599,0.0041,18.7059939,FALSE
01-10-2014 08:30,53.80732,0.0006,2.789371469,FALSE
03-10-2014 08:30,46.774418,0.0006,2.424785829,FALSE
04-10-2014 08:30,46.774418,0.0006,2.424785829,FALSE
07-10-2014 08:30,40.05843,0.0038,13.15198374,FALSE
08-10-2014 08:30,70.63964,0.0017,10.37555032,FALSE
09-10-2014 08:30,61.924522,0.0021,11.23558527,FALSE
10-10-2014 08:30,89.23273,0.0171,131.8360046,FALSE
11-10-2014 08:30,64.51721,0.0023,12.82085997,FALSE
13-10-2014 08:30,41.84109,0.0019,6.868633334,FALSE
14-10-2014 08:30,41.846508,0.0012,4.338645949,FALSE
15-10-2014 08:30,90.751945,0.0187,146.6261025,FALSE
16-10-2014 08:30,85.009964,0.0441,323.9083652,FALSE
17-10-2014 08:30,60.679592,0.0042,22.01941034,FALSE
18-10-2014 08:30,86.700195,0.0138,103.3743765,FALSE
20-10-2014 08:30,104.43029,0.0087,78.49816039,FALSE
21-10-2014 08:30,116.94271,0.0126,127.3085118,FALSE
23-10-2014 08:30,111.80437,0.0169,163.2522689,FALSE
24-10-2014 08:30,91.78893,0.0169,134.026524,FALSE
25-10-2014 08:30,89.431984,0.0026,20.09000089,FALSE
27-10-2014 08:30,88.78501,0.0067,51.39586659,FALSE
28-10-2014 08:30,94.348206,0.0315,256.7780774,FALSE
29-10-2014 08:30,91.62933,0.0222,175.7523853,FALSE
30-10-2014 08:30,110.04969,0.0024,22.81990372,FALSE
31-10-2014 08:30,86.50074,0.005,37.36831968,FALSE
01-11-2014 08:30,77.585526,0.0095,63.68219974,FALSE
04-11-2014 08:30,113.20467,0.004,39.12353395,FALSE
05-11-2014 08:30,65.9262,0.0052,29.61932314,FALSE
07-11-2014 08:30,46.37583,0.0039,15.62679968,FALSE
08-11-2014 08:30,40.41408,0.0073,25.48996854,FALSE
12-11-2014 08:30,41.111053,0.0047,16.6943764,FALSE
13-11-2014 08:30,50.531372,0.0212,92.55730346,FALSE
14-11-2014 08:30,46.216778,0.0115,45.92099062,FALSE
15-11-2014 08:30,47.307026,0.0055,22.48029876,FALSE
17-11-2014 08:30,26.865566,0.0166,38.53166938,FALSE
18-11-2014 09:00,22.538303,0.0074,14.41008941,FALSE
19-11-2014 09:00,20.290457,0.0153,26.82236092,FALSE
20-11-2014 08:30,19.19118,0.0111,18.40510927,FALSE
21-11-2014 08:30,21.067286,0.009,16.38192159,FALSE
22-11-2014 08:30,20.013008,0.0096,16.59958936,FALSE
24-11-2014 08:30,16.652275,0.0067,9.639668952,FALSE
25-11-2014 08:30,16.038984,0.0073,10.11610799,FALSE
26-11-2014 08:30,14.392816,0.0029,3.606263977,FALSE
27-11-2014 08:30,11.954972,0.0092,9.502768143,FALSE
28-11-2014 08:30,11.954972,0.0077,7.953403772,FALSE
29-11-2014 08:30,15.493322,0.0044,5.889941292,FALSE
01-12-2014 08:30,17.055939,0.0054,7.9576189,FALSE
02-12-2014 08:30,14.038094,0.0026,3.153517436,FALSE
03-12-2014 08:30,11.954972,0.0033,3.408601617,FALSE
04-12-2014 08:30,9.327957,0.0018,1.450683873,FALSE
05-12-2014 08:30,8.696808,0.0023,1.728229686,FALSE
06-12-2014 08:30,8.355552,0.0015,1.082879539,FALSE
08-12-2014 08:30,7.057933,0.0014,0.853727576,FALSE
09-12-2014 08:30,7.830635,0.0008,0.541253491,FALSE
10-12-2014 08:30,7.0406203,0.0012,0.729971513,FALSE
11-12-2014 08:30,17.85226,0.0003,0.462730579,FALSE
12-12-2014 08:30,12.500925,0.0039,4.212311688,FALSE
13-12-2014 08:30,6.55925,0.0793,44.94083256,FALSE
15-12-2014 08:30,16.589495,0.0014,2.006665315,FALSE
16-12-2014 08:30,10.344311,0.0008,0.714998776,FALSE
17-12-2014 08:30,9.11594,0.0003,0.236285165,FALSE
18-12-2014 08:30,7.7150307,0.0006,0.399947191,FALSE
19-12-2014 08:30,7.269899,0.0005,0.314059637,FALSE
20-12-2014 08:30,7.2387047,0.0004,0.250169634,FALSE
22-12-2014 08:30,6.008244,0.0004,0.207644913,FALSE
23-12-2014 08:30,5.154982,0.0028,1.247093245,FALSE
24-12-2014 08:30,4.5893903,0.0066,2.617053925,FALSE
26-12-2014 08:30,3.9241052,0.0058,1.966447598,FALSE
27-12-2014 08:30,2.8986797,0.0013,0.325579704,FALSE
29-12-2014 08:30,4.544149,0.0013,0.510398816,FALSE
30-12-2014 08:30,3.6446908,0.0012,0.377881542,FALSE
31-12-2014 08:30,4.3929367,0.0013,0.49341465,FALSE
02-01-2015 08:30,3.8580375,0.001,0.33333444,FALSE
03-01-2015 08:30,2.8613355,0,0,TRUE
11-04-2015 08:30,4.3929367,0.0013,0.49341465,FALSE
13-04-2015 08:30,19.214792,0.0102,16.93361189,FALSE
16-04-2015 08:30,9.803787,0.0052,4.404645423,FALSE
17-04-2015 08:30,11.299057,0.0011,1.073862377,FALSE
18-04-2015 08:30,9.411997,0.0037,3.008827201,FALSE
20-04-2015 08:30,17.85226,0.0032,4.935792845,FALSE
21-04-2015 08:30,16.581846,0.0073,10.45850191,FALSE
22-04-2015 08:30,77.85557,0.0056,37.66963899,FALSE
23-04-2015 08:30,42.519375,0.0008,2.9389392,FALSE
24-04-2015 08:30,17.039137,0.003,4.41654431,FALSE
25-04-2015 08:30,20.936321,0.0062,11.21516843,FALSE
27-04-2015 08:30,41.23624,0.0108,38.47836027,FALSE
28-04-2015 08:30,20.363962,0.0067,11.78829032,FALSE
29-04-2015 08:30,20.428986,0.0048,8.472309074,FALSE
30-04-2015 08:30,15.243496,0.0082,10.79971205,FALSE
01-05-2015 08:30,14.312773,0.0018,2.225922457,FALSE
02-05-2015 08:30,9.10329,0.0017,1.337091235,FALSE
05-05-2015 08:30,14.79988,0.0017,2.173806374,FALSE
06-05-2015 08:30,9.31416,0.0014,1.126640794,FALSE
08-05-2015 08:45,4.906297,0.0016,0.678246497,FALSE
09-05-2015 08:30,4.722204,0.0015,0.611997638,FALSE
11-05-2015 08:30,10.183748,0.0015,1.319813741,FALSE
12-05-2015 08:30,9.522234,0.0016,1.316353628,FALSE
13-05-2015 08:30,19.68019,0.002,3.400736832,FALSE
14-05-2015 08:30,11.112948,0.0017,1.632269802,FALSE
15-05-2015 08:30,13.641495,0.0019,2.239387819,FALSE
16-05-2015 08:30,10.953625,0.0017,1.60886844,FALSE
18-05-2015 08:30,46.08658,0.0064,25.48403528,FALSE
19-05-2015 08:30,89.19187,0.0115,88.62104203,FALSE
20-05-2015 08:30,90.067726,0.0116,90.26947771,FALSE
21-05-2015 08:30,43.075832,0.0103,38.33404441,FALSE
22-05-2015 08:30,29.16968,0.0086,21.67423903,FALSE
23-05-2015 08:30,21.414497,0.0072,13.32153029,FALSE
27-05-2015 08:30,10.144676,0.0029,2.541850019,FALSE
29-05-2015 08:30,7.128118,0.0014,0.862217153,FALSE
30-05-2015 08:30,6.5798264,0.0012,0.682196401,FALSE
02-06-2015 08:30,5.586508,0.0013,0.627476579,FALSE
03-06-2015 08:30,3.8597054,0.0017,0.566913529,FALSE
04-06-2015 08:30,29.138596,0.0012,3.021089633,FALSE
05-06-2015 08:30,27.572474,0.0011,2.620487929,FALSE
06-06-2015 08:30,18.118395,0.0099,15.49775035,FALSE
08-06-2015 08:30,11.697117,0.0021,2.122324908,FALSE
09-06-2015 08:30,21.635645,0.0026,4.860231293,FALSE
10-06-2015 08:30,14.822882,0.0016,2.049115208,FALSE
11-06-2015 08:30,11.296722,0.0008,0.780829425,FALSE
12-06-2015 08:30,15.163757,0.0014,1.834208047,FALSE
13-06-2015 08:30,14.304726,0.0023,2.842635151,FALSE
15-06-2015 08:30,11.296722,0.0014,1.366451493,FALSE
16-06-2015 08:30,15.182595,0.0079,10.36303204,FALSE
17-06-2015 08:30,11.465796,0.0014,1.386902684,FALSE
18-06-2015 08:30,13.427814,0.0035,4.060570954,FALSE
19-06-2015 08:30,13.529203,0.0045,5.260154126,FALSE
20-06-2015 08:30,17.637674,0.0003,0.45716851,FALSE
22-06-2015 08:30,20.775541,0.0028,5.026018879,FALSE
23-06-2015 08:30,24.749075,0.0054,11.54692843,FALSE
24-06-2015 08:30,29.557919,0.0028,7.150651764,FALSE
25-06-2015 08:30,30.53171,0.006,15.82763846,FALSE
26-06-2015 08:30,44.83046,0.009,34.8601657,FALSE
27-06-2015 08:30,91.62933,0.0174,137.7518695,FALSE
29-06-2015 08:30,120.18629,0.0244,253.3719291,FALSE
30-06-2015 08:30,116.947174,0.0097,98.01108759,FALSE
01-07-2015 08:30,89.830574,0.0038,29.49317406,FALSE
02-07-2015 08:30,64.75241,0.0035,19.58112878,FALSE
03-07-2015 08:30,44.31738,0.0026,9.955456243,FALSE
04-07-2015 08:30,43.45218,0.0014,5.255975693,FALSE
06-07-2015 08:30,30.453299,0.0004,1.052466013,FALSE
07-07-2015 08:30,24.09952,0.0022,4.580836762,FALSE
08-07-2015 08:30,20.885622,0.0029,5.233101448,FALSE
09-07-2015 08:30,18.195534,0.0042,6.602795378,FALSE
10-07-2015 08:30,20.123299,0.0012,2.08638364,FALSE
11-07-2015 08:30,22.389408,0.0025,4.836112128,FALSE
13-07-2015 08:30,22.608446,0.0015,2.930054602,FALSE
14-07-2015 08:30,17.597355,0.0039,5.929604741,FALSE
15-07-2015 08:30,16.315987,0.0044,6.202685618,FALSE
16-07-2015 08:30,20.246357,0.0019,3.323641965,FALSE
17-07-2015 08:30,17.106943,0.0061,9.016043239,FALSE
20-07-2015 08:30,40.890785,0.0034,12.012077,FALSE
21-07-2015 08:30,41.973064,0.0024,8.703534551,FALSE
22-07-2015 08:30,44.97049,0.0019,7.382355638,FALSE
23-07-2015 08:30,40.88544,0.0013,4.592252621,FALSE
24-07-2015 08:30,42.29014,0.0007,2.557707667,FALSE
25-07-2015 08:30,44.05603,0.011,41.87085091,FALSE
27-07-2015 08:30,30.324692,0.0038,9.956202877,FALSE
28-07-2015 08:30,25.847078,0.0025,5.582968848,FALSE
29-07-2015 08:30,24.395939,0.0024,5.058741911,FALSE
30-07-2015 08:30,19.833641,0.0035,5.997693038,FALSE
31-07-2015 08:30,17.540787,0.0033,5.001229189,FALSE
01-08-2015 08:30,15.221978,0.0015,1.972768349,FALSE
03-08-2015 08:30,14.475583,0.0043,5.377968596,FALSE
04-08-2015 08:30,14.68566,0.0077,9.770075885,FALSE
05-08-2015 08:30,14.176069,0.0032,3.919399557,FALSE
06-08-2015 08:30,16.83106,0.0043,6.253075411,FALSE
07-08-2015 08:30,14.274861,0.0022,2.713365579,FALSE
08-08-2015 08:30,13.770219,0.0028,3.33129138,FALSE
10-08-2015 08:30,12.443511,0.0011,1.182631285,FALSE
11-08-2015 08:30,17.821264,0.0046,7.082883164,FALSE
12-08-2015 08:30,18.419125,0.0091,14.48185284,FALSE
13-08-2015 08:30,33.1217,0.015,42.9257232,FALSE
14-08-2015 08:30,43.757835,0.0097,36.67256636,FALSE
17-08-2015 08:30,32.17875,0.0038,10.5649272,FALSE
18-08-2015 08:30,61.959118,0.0047,25.16035864,FALSE
19-08-2015 08:30,84.24828,0.0223,162.322846,FALSE
20-08-2015 08:30,56.04169,0.0254,122.9868512,FALSE
21-08-2015 08:30,49.676346,0.0007,3.004425406,FALSE
22-08-2015 08:30,47.593197,0.0076,31.25159688,FALSE
24-08-2015 08:30,33.899143,0.003,8.786657866,FALSE
25-08-2015 08:30,25.886814,0.0028,6.262538043,FALSE
26-08-2015 08:30,24.531776,0.002,4.239090893,FALSE
27-08-2015 08:30,20.173376,0.0026,4.531747185,FALSE
29-08-2015 08:30,15.246977,0.0017,2.239475982,FALSE
31-08-2015 08:30,13.210615,0.0026,2.967632554,FALSE
01-09-2015 08:30,11.7000475,0.002,2.021768208,FALSE
02-09-2015 08:30,10.409694,0.0017,1.528975855,FALSE
03-09-2015 08:30,10.391272,0.0031,2.783198292,FALSE
04-09-2015 08:30,7.620837,0.0027,1.777788855,FALSE
05-09-2015 08:30,22.153008,0.0086,16.46057106,FALSE
07-09-2015 08:30,37.969822,0.0115,37.72681514,FALSE
08-09-2015 08:30,34.921013,0.0151,45.5593504,FALSE
09-09-2015 08:30,26.358425,0.0033,7.515314136,FALSE
10-09-2015 08:30,34.96279,0.0054,16.3122393,FALSE
11-09-2015 08:30,26.447222,0.0029,6.626615944,FALSE
12-09-2015 08:30,21.290874,0.002,3.679063027,FALSE
14-09-2015 08:30,19.461657,0.0021,3.531123046,FALSE
15-09-2015 08:30,19.306538,0.0057,9.508083834,FALSE
16-09-2015 08:30,17.336067,0.0033,4.942859423,FALSE
17-09-2015 08:30,27.221407,0.0014,3.292701391,FALSE
18-09-2015 08:30,36.612366,0.0025,7.908271056,FALSE
19-09-2015 08:30,25.758093,0.0024,5.341198164,FALSE
21-09-2015 08:30,27.483713,0.0037,8.785993372,FALSE
22-09-2015 08:30,24.875673,0.003,6.447774442,FALSE
23-09-2015 08:30,18.624043,0.0027,4.344616751,FALSE
25-09-2015 08:30,60.727234,0.0077,40.40061424,FALSE
26-09-2015 08:30,85.2989,0.008,58.95859968,FALSE
28-09-2015 08:30,57.00652,0.0095,46.79095162,FALSE
29-09-2015 08:30,62.46029,0.0337,181.8643772,FALSE
30-09-2015 08:30,79.983505,0.0144,99.51227758,FALSE
01-10-2015 08:09,97.695076,0.0416,351.13955,FALSE
03-10-2015 08:30,47.53219,0.0061,25.05136542,FALSE
05-10-2015 08:30,54.758415,0.0006,2.838676234,FALSE
06-10-2015 08:30,74.281,0.0404,259.2822874,FALSE
07-10-2015 08:30,60.65118,0.0287,150.395518,FALSE
08-10-2015 08:30,49.82059,0.0016,6.887198362,FALSE
09-10-2015 08:30,75.616325,0.0025,16.3331262,FALSE
10-10-2015 08:30,118.73408,0.0122,125.155219,FALSE
12-10-2015 08:30,71.12758,0.0021,12.90538812,FALSE
13-10-2015 08:30,71.37662,0.013,80.17021958,FALSE
14-10-2015 08:30,98.93045,0.0372,317.9703807,FALSE
15-10-2015 08:30,73.05104,0.0133,83.94441108,FALSE
16-10-2015 08:30,56.83439,0.004,19.64196518,FALSE
17-10-2015 08:30,42.545753,0.0029,10.66026387,FALSE
19-10-2015 08:30,32.69709,0.0061,17.23267431,FALSE
20-10-2015 08:30,34.443058,0.0024,7.142112507,FALSE
21-10-2015 08:30,29.0007,0.0057,14.28226474,FALSE
22-10-2015 08:30,59.043793,0.0094,47.95300692,FALSE
26-10-2015 08:30,84.1023,0.0086,62.49137299,FALSE
27-10-2015 08:30,56.820744,0.0024,11.78234948,FALSE
28-10-2015 08:30,36.676067,0.006,19.01287313,FALSE
29-10-2015 09:00,55.83232,0.0113,54.51021066,FALSE
30-10-2015 08:30,105.23111,0.0218,198.2049003,FALSE
31-10-2015 08:30,99.189804,0.0109,93.41298982,FALSE
03-11-2015 08:30,71.82799,0.004,24.82375334,FALSE
04-11-2015 08:30,67.984726,0.0041,24.08290934,FALSE
05-11-2015 08:30,223.77852,0.0086,166.2763915,FALSE
06-11-2015 08:30,128.67683,0.009,100.059103,FALSE
07-11-2015 08:30,134.57549,0.0106,123.2496168,FALSE
09-11-2015 08:30,127.53311,0.0077,84.84522742,FALSE
11-11-2015 08:30,74.406105,0.0107,68.78695595,FALSE
12-11-2015 08:30,62.44832,0.0023,12.40973015,FALSE
13-11-2015 08:30,122.575294,0.0209,221.3415629,FALSE
14-11-2015 08:30,84.96299,0.0061,44.77889425,FALSE
16-11-2015 08:30,81.17459,0.0048,33.66472596,FALSE
17-11-2015 08:30,62.97965,0.0038,20.67747869,FALSE
18-11-2015 08:30,55.253323,0.0043,20.52771456,FALSE
19-11-2015 08:30,87.00186,0.0128,96.21709701,FALSE
20-11-2015 08:30,71.927155,0.0059,36.66558653,FALSE
21-11-2015 08:30,54.170345,0.0005,2.340158904,FALSE
23-11-2015 08:30,34.53678,0.0055,16.41187786,FALSE
24-11-2015 08:30,31.484373,0.0046,12.51314921,FALSE
26-11-2015 08:30,25.907993,0.0062,13.87839369,FALSE
27-11-2015 08:30,22.613745,0.0031,6.056865461,FALSE
28-11-2015 08:30,28.511581,0.0034,8.375562035,FALSE
30-11-2015 08:30,22.336845,0.0018,3.473826134,FALSE
08-12-2015 08:30,21.693253,0.0031,5.810320884,FALSE
09-12-2015 08:30,22.357061,0.002,3.863300141,FALSE
10-12-2015 08:30,16.771515,0.0003,0.434717669,FALSE
11-12-2015 08:30,16.464666,0.0017,2.418330142,FALSE
12-12-2015 08:30,16.464666,0.0017,2.418330142,FALSE
14-12-2015 08:30,20.242092,0.0179,31.3056098,FALSE
15-12-2015 08:30,21.940693,0.0089,16.87151529,FALSE
16-12-2015 08:30,67.75166,0.0064,37.46395791,FALSE
17-12-2015 08:30,38.637745,0.0039,13.01937456,FALSE
18-12-2015 08:30,24.66276,0.0026,5.540242406,FALSE
19-12-2015 08:30,20.031706,0.0127,21.98039036,FALSE
21-12-2015 08:30,17.286371,0.0038,5.675461327,FALSE
22-12-2015 08:30,15.911432,0.0049,6.736263852,FALSE
23-12-2015 08:30,15.849514,0.0002,0.273879602,FALSE
26-12-2015 08:30,9.557351,0.0017,1.403783715,FALSE
28-12-2015 08:30,8.7825165,0.0008,0.60704754,FALSE
29-12-2015 08:30,8.422514,0.0006,0.436623126,FALSE
30-12-2015 08:30,8.287452,0.0003,0.214810756,FALSE
31-12-2015 08:30,8.251569,0.0019,1.354577567,FALSE
01-01-2016 08:30,8.752243,0.0016,1.209910072,FALSE
02-01-2016 08:30,5.9944086,0.0034,1.76091747,FALSE
04-01-2016 08:30,4.371392,0.0011,0.415457096,FALSE
05-01-2016 08:30,4.62293,0.0018,0.718958074,FALSE
06-01-2016 08:30,4.2464547,0.0024,0.880544847,FALSE
07-01-2016 08:30,3.9752903,0.0024,0.824316197,FALSE
08-01-2016 08:30,1.554669,0.0019,0.255214463,FALSE
11-01-2016 08:00,0,0,0,TRUE
12-01-2016 08:00,0,0,0,TRUE
13-01-2016 08:00,0,0,0,TRUE
14-01-2016 08:00,0,0,0,TRUE
15-01-2016 08:00,0,0,0,TRUE
16-01-2016 08:00,0,0,0,TRUE
17-01-2016 08:00,0,0,0,TRUE
18-01-2016 08:00,0,0,0,TRUE
19-01-2016 08:00,0,0,0,TRUE
20-01-2016 08:00,0,0,0,TRUE
21-01-2016 08:00,0,0,0,TRUE
22-01-2016 08:00,0,0,0,TRUE
23-01-2016 08:00,0,0,0,TRUE
24-01-2016 08:00,0,0,0,TRUE
25-01-2016 08:00,0,0,0,TRUE
26-01-2016 08:00,0,0,0,TRUE
27-01-2016 08:00,0,0,0,TRUE
28-01-2016 08:00,0,0,0,TRUE
29-01-2016 08:00,0,0,0,TRUE
30-01-2016 08:00,0,0,0,TRUE
31-01-2016 08:00,0,0,0,TRUE
01-02-2016 08:00,0,0,0,TRUE
02-02-2016 08:00,0,0,0,TRUE
03-02-2016 08:00,0,0,0,TRUE
04-02-2016 08:00,0,0,0,TRUE
05-02-2016 08:00,0,0,0,TRUE
06-02-2016 08:00,0,0,0,TRUE
07-02-2016 08:00,0,0,0,TRUE
08-02-2016 08:00,0,0,0,TRUE
09-02-2016 08:00,0,0,0,TRUE
10-02-2016 08:00,0,0,0,TRUE
11-02-2016 08:00,0,0,0,TRUE
12-02-2016 08:00,0,0,0,TRUE
13-02-2016 08:00,0,0,0,TRUE
14-02-2016 08:00,0,0,0,TRUE
15-02-2016 08:00,0,0,0,TRUE
16-02-2016 08:00,0,0,0,TRUE
17-02-2016 08:00,0,0,0,TRUE
18-02-2016 08:00,0,0,0,TRUE
19-02-2016 08:00,0,0,0,TRUE
20-02-2016 08:00,0,0,0,TRUE
21-02-2016 08:00,0,0,0,TRUE
22-02-2016 08:00,0,0,0,TRUE
23-02-2016 08:00,0,0,0,TRUE
24-02-2016 08:00,0,0,0,TRUE
25-02-2016 08:00,0,0,0,TRUE
26-02-2016 08:00,0,0,0,TRUE
27-02-2016 08:00,0,0,0,TRUE
28-02-2016 08:00,0,0,0,TRUE
29-02-2016 08:00,0,0,0,TRUE
01-03-2016 08:00,0,0,0,TRUE
02-03-2016 08:00,0,0,0,TRUE
03-03-2016 08:00,0,0,0,TRUE
04-03-2016 08:00,0,0,0,TRUE
05-03-2016 08:00,0,0,0,TRUE
06-03-2016 08:00,0,0,0,TRUE
07-03-2016 08:00,0,0,0,TRUE
08-03-2016 08:00,0,0,0,TRUE
09-03-2016 08:00,0,0,0,TRUE
10-03-2016 08:00,0,0,0,TRUE
11-03-2016 08:00,0,0,0,TRUE
12-03-2016 08:00,0,0,0,TRUE
13-03-2016 08:00,0,0,0,TRUE
14-03-2016 08:00,0,0,0,TRUE
15-03-2016 08:00,0,0,0,TRUE
16-03-2016 08:00,0,0,0,TRUE
17-03-2016 08:00,0,0,0,TRUE
18-03-2016 08:00,0,0,0,TRUE
19-03-2016 08:00,0,0,0,TRUE
20-03-2016 08:00,0,0,0,TRUE
21-03-2016 08:00,0,0,0,TRUE
22-03-2016 08:00,0,0,0,TRUE
23-03-2016 08:00,0,0,0,TRUE
24-03-2016 08:00,0,0,0,TRUE
25-03-2016 08:00,0,0,0,TRUE
26-03-2016 08:00,0,0,0,TRUE
27-03-2016 08:00,0,0,0,TRUE
28-03-2016 08:00,0,0,0,TRUE
29-03-2016 08:00,0,0,0,TRUE
30-03-2016 08:30,2.5955238,0.001,0.224253256,FALSE
31-03-2016 08:30,2.6910198,0.01,2.325041107,FALSE
01-04-2016 08:00,0,0,0,TRUE
02-04-2016 08:00,0,0,0,TRUE
03-04-2016 08:00,0,0,0,TRUE
04-04-2016 08:00,0,0,0,TRUE
05-04-2016 08:00,0,0,0,TRUE
06-04-2016 08:00,0,0,0,TRUE
07-04-2016 08:00,0,0,0,TRUE
08-04-2016 08:00,0,0,0,TRUE
09-04-2016 08:00,0,0,0,TRUE
11-04-2016 08:30,3.000943,0.0003,0.077784443,FALSE
12-04-2016 08:00,0,0,0,TRUE
13-04-2016 08:00,0,0,0,TRUE
14-04-2016 08:00,0,0,0,TRUE
15-04-2016 08:00,0,0,0,TRUE
16-04-2016 08:00,0,0,0,TRUE
17-04-2016 08:00,0,0,0,TRUE
18-04-2016 08:00,0,0,0,TRUE
19-04-2016 08:00,0,0,0,TRUE
20-04-2016 08:00,0,0,0,TRUE
21-04-2016 08:00,0,0,0,TRUE
22-04-2016 08:00,0,0,0,TRUE
23-04-2016 08:00,0,0,0,TRUE
24-04-2016 08:00,0,0,0,TRUE
25-04-2016 08:00,0,0,0,TRUE
26-04-2016 08:00,0,0,0,TRUE
27-04-2016 08:00,0,0,0,TRUE
28-04-2016 08:00,0,0,0,TRUE
29-04-2016 08:00,0,0,0,TRUE
30-04-2016 08:00,0,0,0,TRUE
01-05-2016 08:00,0,0,0,TRUE
02-05-2016 08:00,0,0,0,TRUE
04-05-2016 08:00,0,0,0,TRUE
05-05-2016 08:00,0,0,0,TRUE
06-05-2016 08:00,0,0,0,TRUE
07-05-2016 08:00,0,0,0,TRUE
08-05-2016 08:00,0,0,0,TRUE
09-05-2016 08:00,0,0,0,TRUE
10-05-2016 08:00,0,0,0,TRUE
11-05-2016 08:00,0,0,0,TRUE
12-05-2016 08:30,9.254212,0.0019,1.519171442,FALSE
13-05-2016 08:30,9.225158,0.0018,1.434696572,FALSE
14-05-2016 08:30,22.372145,0.0013,2.512839326,FALSE
17-05-2016 08:30,15.052137,0.0017,2.210857883,FALSE
18-05-2016 08:30,148.53152,0.0099,127.0479209,FALSE
19-05-2016 08:30,58.18829,0.0068,34.18678414,FALSE
20-05-2016 08:30,36.622513,0.0063,19.93436628,FALSE
23-05-2016 08:30,13.640334,0.0039,4.596246945,FALSE
24-05-2016 08:30,9.334926,0.0003,0.241961282,FALSE
25-05-2016 08:30,20.929987,0.0012,2.170021052,FALSE
26-05-2016 08:30,22.27769,0.0082,15.78329781,FALSE
27-05-2016 08:30,20.645943,0.0073,13.02180917,FALSE
28-05-2016 08:30,22.420486,0.0076,14.72218793,FALSE
30-05-2016 08:30,11.858012,0.0017,1.741704803,FALSE
31-05-2016 08:30,22.950808,0.0051,10.11304404,FALSE
03-06-2016 08:30,15.668694,0,0,TRUE
04-06-2016 08:30,12.17008,0.0045,4.731727104,FALSE
06-06-2016 08:30,12.241819,0.0088,9.307699822,FALSE
07-06-2016 08:30,18.03398,0.0044,6.855797837,FALSE
08-06-2016 08:30,83.99614,0.0203,147.3225099,FALSE
09-06-2016 08:30,180.36,0.02,311.66208,FALSE
10-06-2016 08:30,154.04741,0.0055,73.20332923,FALSE
11-06-2016 08:30,149.06122,0.0053,68.25811386,FALSE
13-06-2016 08:30,104.42027,0.0056,50.52270344,FALSE
14-06-2016 08:30,87.71769,0.003,22.73642525,FALSE
15-06-2016 09:00,61.637554,0.003,15.976454,FALSE
16-06-2016 09:00,47.958668,0.0003,1.243088675,FALSE
17-06-2016 09:00,45.010593,0.0048,18.66679313,FALSE
18-06-2016 08:30,36.596233,0.0031,9.801935047,FALSE
20-06-2016 08:30,49.404816,0.0029,12.3788707,FALSE
21-06-2016 08:30,41.65016,0.0023,8.276719795,FALSE
22-06-2016 08:30,34.01846,0.0022,6.466228877,FALSE
23-06-2016 08:30,30.867928,0.0066,17.60212726,FALSE
24-06-2016 08:30,31.686806,0.0002,0.547548008,FALSE
25-06-2016 08:45,28.297943,0.0031,7.579321053,FALSE
27-06-2016 08:30,20.559896,0.0084,14.92155012,FALSE
28-06-2016 08:30,31.431562,0.0046,12.49216,FALSE
29-06-2016 08:30,39.65797,0.0026,8.908766381,FALSE
30-06-2016 08:30,45.682415,0.0048,18.94541115,FALSE
01-07-2016 08:30,42.798435,0.0146,53.98765785,FALSE
02-07-2016 08:30,29.490112,0.0184,46.88220045,FALSE
04-07-2016 08:30,24.05304,0.0005,1.039091328,FALSE
05-07-2016 08:30,23.878609,0.0081,16.71120572,FALSE
07-07-2016 08:30,29.599848,0.008,20.45941494,FALSE
08-07-2016 08:30,25.088087,0.0003,0.650283215,FALSE
09-07-2016 08:30,30.446032,0.0106,27.88369395,FALSE
11-07-2016 08:30,49.65723,0.0231,99.10788592,FALSE
12-07-2016 08:30,93.27234,0.0087,70.11095253,FALSE
13-07-2016 08:30,96.363075,0.0073,60.77811866,FALSE
14-07-2016 08:30,77.6637,0.0119,79.85070979,FALSE
15-07-2016 08:30,60.017147,0.0058,30.0757927,FALSE
16-07-2016 08:30,83.18333,0.0175,125.773195,FALSE
18-07-2016 08:30,81.78747,0.0813,574.5013613,FALSE
19-07-2016 08:30,58.52522,0.0087,43.99223737,FALSE
20-07-2016 08:30,45.666786,0.0054,21.30629568,FALSE
21-07-2016 08:30,39.62086,0.005,17.11621152,FALSE
22-07-2016 08:30,30.849209,0.0064,17.05837861,FALSE
23-07-2016 08:30,22.78917,0.0074,14.57048373,FALSE
25-07-2016 08:30,49.082546,0.0078,33.0777094,FALSE
26-07-2016 08:30,34.169174,0.0065,19.18940812,FALSE
27-07-2016 08:30,29.758627,0.0072,18.51224668,FALSE
28-07-2016 08:30,45.226227,0.0112,43.76451534,FALSE
29-07-2016 08:30,43.92399,0.003,11.38509821,FALSE
30-07-2016 08:30,31.72348,0.0082,22.47545111,FALSE
01-08-2016 08:30,23.473398,0.0027,5.475874285,FALSE
02-08-2016 08:30,22.989523,0.0032,6.356143319,FALSE
03-08-2016 08:30,21.50497,0.0078,14.49262938,FALSE
04-08-2016 08:30,19.935642,0.0103,17.74112653,FALSE
05-08-2016 08:30,19.350697,0.002,3.343800442,FALSE
06-08-2016 08:30,17.592392,0.0064,9.72788908,FALSE
08-08-2016 08:30,13.444255,0.0092,10.68656941,FALSE
09-08-2016 08:30,13.444255,0.0078,9.06035233,FALSE
10-08-2016 08:30,13.679475,0.0025,2.9547666,FALSE
11-08-2016 08:30,13.252241,0.0037,4.236476403,FALSE
12-08-2016 08:30,10.653915,0.0077,7.087836571,FALSE
13-08-2016 08:30,9.890448,0.0024,2.050883297,FALSE
16-08-2016 08:30,15.184133,0.0078,10.23289091,FALSE
17-08-2016 08:30,16.169855,0.0091,12.7133868,FALSE
18-08-2016 08:30,13.432207,0.0023,2.669248175,FALSE
19-08-2016 08:30,19.960047,0.0087,15.00356813,FALSE
20-08-2016 08:30,17.221586,0.0047,6.993341643,FALSE
22-08-2016 08:30,13.0165825,0.0088,9.896768006,FALSE
23-08-2016 08:30,13.064749,0.0064,7.224283607,FALSE
24-08-2016 08:30,12.411253,0.0094,10.07992324,FALSE
25-08-2016 08:30,16.433708,0.0016,2.271795794,FALSE
26-08-2016 08:30,22.763056,0.0046,9.046948977,FALSE
27-08-2016 08:30,20.640156,0.0073,13.01815919,FALSE
29-08-2016 08:30,15.067121,0.0084,10.93511374,FALSE
30-08-2016 08:30,17.374752,0.0017,2.552003574,FALSE
31-08-2016 08:30,14.928792,0.0011,1.418832392,FALSE
01-09-2016 08:30,13.060518,0.0017,1.918328884,FALSE
02-09-2016 08:30,15.034756,0.0017,2.208304961,FALSE
03-09-2016 08:30,13.934543,0.0034,4.093411352,FALSE
05-09-2016 08:30,14.215658,0.0008,0.982586281,FALSE
06-09-2016 08:30,10.901923,0.0012,1.130311377,FALSE
07-09-2016 08:30,7.510925,0.0025,1.6223598,FALSE
08-09-2016 08:30,5.850875,0.0016,0.80882496,FALSE
09-09-2016 08:30,5.896187,0.0017,0.866031947,FALSE
10-09-2016 08:30,4.4806995,0.0024,0.929117848,FALSE
13-09-2016 08:30,3.9474485,0.0019,0.648013146,FALSE
15-09-2016 08:30,4.360921,0.0023,0.866602221,FALSE
16-09-2016 08:30,4.388697,0.0026,0.985876894,FALSE
17-09-2016 08:30,4.0618463,0.0042,1.473962785,FALSE
19-09-2016 08:30,4.20378,0.0018,0.653771866,FALSE
15-10-2016 08:30,4.563431,0.003,1.182841315,FALSE
17-10-2016 08:30,32.89204,0.0043,12.2200507,FALSE
18-10-2016 08:30,21.0918,0.0013,2.369030976,FALSE
19-10-2016 08:30,12.63837,0.0269,29.37359402,FALSE
20-10-2016 08:30,10.411865,0.0023,2.069045813,FALSE
21-10-2016 08:30,6.8078456,0.0102,5.99961817,FALSE
22-10-2016 08:30,14.946181,0.0146,18.85371056,FALSE
24-10-2016 08:30,6.163158,0.0082,4.36647418,FALSE
25-10-2016 08:30,4.705904,0.0197,8.00982508,FALSE
26-10-2016 08:30,4.197212,0.0158,5.729698045,FALSE
28-10-2016 08:30,14.423364,0.0008,0.99694292,FALSE
31-10-2016 08:30,22.82746,0.0083,16.37002812,FALSE
01-11-2016 08:30,33.240612,0.0137,39.34624761,FALSE
02-11-2016 08:30,25.259956,0.0547,119.3805729,FALSE
03-11-2016 08:30,20.304903,0.0073,12.80670842,FALSE
04-11-2016 08:30,58.457355,0.0642,324.2559333,FALSE
05-11-2016 08:30,61.978252,0.0194,103.8854669,FALSE
08-11-2016 08:30,18.407951,0.0039,6.202743169,FALSE
09-11-2016 08:30,18.95927,0.0017,2.784737578,FALSE
10-11-2016 08:30,30.274189,0.0187,48.91340168,FALSE
11-11-2016 08:30,17.166668,0.006,8.899200691,FALSE
12-11-2016 08:30,19.155954,0.0026,4.303193507,FALSE
15-11-2016 08:30,14.519789,0.0028,3.512627355,FALSE
16-11-2016 08:30,12.2817745,0.004,4.244581267,FALSE
17-11-2016 08:30,11.783485,0.0048,4.886846899,FALSE
18-11-2016 08:30,13.859277,0.0033,3.951557058,FALSE
19-11-2016 08:30,13.851411,0.003,3.590285731,FALSE
21-11-2016 08:30,6.6470633,0.0062,3.560698869,FALSE
22-11-2016 08:30,6.2835035,0.0007,0.380026292,FALSE
23-11-2016 08:30,6.3051324,0.0042,2.288006445,FALSE
24-11-2016 08:30,5.5487328,0.0036,1.72587785,FALSE
25-11-2016 08:30,4.9472404,0.0005,0.213720785,FALSE
26-11-2016 08:30,4.566639,0.0027,1.065305546,FALSE
14-07-2017 08:30,23.792,0.001,2.0556288,FALSE
15-07-2017 08:30,19.412,0.002,3.3543936,FALSE
17-07-2017 08:30,15.284,0.001,1.3205376,FALSE
18-07-2017 08:30,12.055,0.001,1.041552,FALSE
19-07-2017 08:30,12.678,0.004,4.3815168,FALSE
20-07-2017 08:30,18.354,0.002,3.1715712,FALSE
21-07-2017 08:30,16.807,0.008,11.6169984,FALSE
22-07-2017 08:30,15.488,0.001,1.3381632,FALSE
24-07-2017 08:30,7.805,0.005,3.37176,FALSE
25-07-2017 08:30,7.671,0.003,1.9883232,FALSE
26-07-2017 08:30,7.281,0.003,1.8872352,FALSE
28-07-2017 09:00,7.569,0.01,6.539616,FALSE
29-07-2017 08:30,8.012,0.005,3.461184,FALSE
31-07-2017 08:30,6.266,0.007,3.7896768,FALSE
02-09-2017 08:30,82.918,0.01,71.641152,FALSE
05-09-2017 08:30,67.968,0.01,58.724352,FALSE
06-09-2017 08:30,85.409,0.007,51.6553632,FALSE
07-09-2017 08:30,78.638,0.013,88.3262016,FALSE
08-09-2017 08:30,82.268,0.015,106.619328,FALSE
11-09-2017 08:45,62.894,0.014,76.0765824,FALSE
12-09-2017 08:30,73.519,0.022,139.7449152,FALSE
13-09-2017 08:30,59.5,0.026,133.6608,FALSE
14-09-2017 08:30,204.368,0.029,512.0644608,FALSE
15-09-2017 08:30,155.991,0.029,390.8510496,FALSE
16-09-2017 08:30,101.213,0.01,87.448032,FALSE
18-09-2017 08:30,358.663,0.049,1518.435677,FALSE
19-09-2017 08:30,258.572,0.038,848.9435904,FALSE
20-09-2017 08:30,172.309,0.032,476.3999232,FALSE
21-09-2017 08:30,127.842,0.007,77.3188416,FALSE
22-09-2017 08:30,83.162,0.008,57.4815744,FALSE
23-09-2017 08:30,73.466,0.012,76.1695488,FALSE
25-09-2017 08:30,45.338,0.012,47.0064384,FALSE
26-09-2017 08:30,37.533,0.011,35.6713632,FALSE
27-09-2017 08:30,35.855,0.01,30.97872,FALSE
28-09-2017 08:30,48.246,0.009,37.5160896,FALSE
03-10-2017 08:30,57.052,0.023,113.3737344,FALSE
04-10-2017 08:30,44.164,0.01,38.157696,FALSE
05-10-2017 08:30,44.898,0.003,11.6375616,FALSE
06-10-2017 08:30,91.682,0.02,158.426496,FALSE
07-10-2017 08:30,80.966,0.025,174.88656,FALSE
09-10-2017 08:30,64.675,0.003,16.76376,FALSE
10-10-2017 08:30,53.02,0.005,22.90464,FALSE
11-10-2017 08:30,46.746,0.003,12.1165632,FALSE
12-10-2017 08:30,53.758,0.002,9.2893824,FALSE
13-10-2017 08:30,85.354,0.019,140.1171264,FALSE
14-10-2017 08:30,132.204,0.016,182.7588096,FALSE
16-10-2017 08:30,74.296,0.01,64.191744,FALSE
17-10-2017 08:30,58.85,0.008,40.67712,FALSE
19-10-2017 08:30,45.71,0.006,23.696064,FALSE
20-10-2017 08:30,37.705,0.015,48.86568,FALSE
21-10-2017 08:30,35.913,0.022,68.2634304,FALSE
23-10-2017 08:30,52.357,0.02,90.472896,FALSE
24-10-2017 08:30,41.811,0.003,10.8374112,FALSE
25-10-2017 08:30,30.363,0.006,15.7401792,FALSE
26-10-2017 08:30,32.637,0.002,5.6396736,FALSE
27-10-2017 08:30,89.515,0.005,38.67048,FALSE
28-10-2017 08:30,111.331,0.098,942.6618432,FALSE
30-10-2017 08:30,66.374,0.019,108.9595584,FALSE
31-10-2017 08:30,125.308,0.025,270.66528,FALSE
01-11-2017 08:30,95.366,0.013,107.1150912,FALSE
02-11-2017 08:30,120.221,0.102,1059.483629,FALSE
03-11-2017 08:30,138.48,0.053,634.127616,FALSE
06-11-2017 08:30,90.363,0.003,23.4220896,FALSE
07-11-2017 08:30,79.925,0.004,27.62208,FALSE
08-11-2017 08:30,85.532,0.036,266.0387328,FALSE
09-11-2017 08:30,195.953,0.034,575.6315328,FALSE
10-11-2017 08:30,132.323,0.018,205.7887296,FALSE
11-11-2017 08:30,112.913,0.02,195.113664,FALSE
13-11-2017 08:30,76.333,0.002,13.1903424,FALSE
14-11-2017 08:30,55.82,0.001,4.822848,FALSE
15-11-2017 08:30,43.408,0.003,11.2513536,FALSE
16-11-2017 08:30,36.381,0.002,6.2866368,FALSE
17-11-2017 08:30,33.955,0.002,5.867424,FALSE
18-11-2017 08:30,29.861,0.001,2.5799904,FALSE
20-11-2017 08:30,36.852,0.003,9.5520384,FALSE
21-11-2017 08:30,37.068,0.011,35.2294272,FALSE
22-11-2017 08:30,69.024,0.022,131.2008192,FALSE
23-11-2017 08:30,48.024,0.008,33.1941888,FALSE
24-11-2017 08:30,36.284,0.003,9.4048128,FALSE
25-11-2017 08:30,27.255,0.005,11.77416,FALSE
27-11-2017 08:30,32.39,0.009,25.186464,FALSE
28-11-2017 08:30,42.165,0.016,58.288896,FALSE
30-11-2017 08:30,24.739,0.002,4.2748992,FALSE
01-12-2017 08:30,225.181,0.448,8716.126003,FALSE
04-12-2017 08:30,67.033,0.014,81.0831168,FALSE
05-12-2017 08:30,50.092,0.011,47.6074368,FALSE
06-12-2017 08:30,40.416,0.009,31.4274816,FALSE
07-12-2017 08:30,36.224,0.006,18.7785216,FALSE
08-12-2017 08:30,31.395,0.003,8.137584,FALSE
09-12-2017 08:30,38.108,0.006,19.7551872,FALSE
11-12-2017 08:30,35.193,0.009,27.3660768,FALSE
12-12-2017 08:30,29.74,0.002,5.139072,FALSE
13-12-2017 08:30,70.364,0.063,383.0053248,FALSE
14-12-2017 08:30,58.832,0.04,203.323392,FALSE
15-12-2017 08:30,39.549,0.008,27.3362688,FALSE
16-12-2017 08:30,31.342,0.002,5.4158976,FALSE
18-12-2017 08:30,21.827,0.002,3.7717056,FALSE
19-12-2017 08:30,21.65,0.005,9.3528,FALSE
20-12-2017 08:30,20.502,0.007,12.3996096,FALSE
21-12-2017 08:30,16.214,0.003,4.2026688,FALSE
22-12-2017 08:30,15.991,0.004,5.5264896,FALSE
23-12-2017 08:30,12.389,0.004,4.2816384,FALSE
26-12-2017 08:30,10.038,0.004,3.4691328,FALSE
27-12-2017 08:30,8.986,0.003,2.3291712,FALSE
28-12-2017 08:30,8.544,0.003,2.2146048,FALSE
29-12-2017 08:30,7.711,0.004,2.6649216,FALSE
30-12-2017 08:30,7.6,0.004,2.62656,FALSE
02-01-2018 08:30,6.693,0.003,1.7348256,FALSE
03-01-2018 08:30,6.067,0.003,1.5725664,FALSE
04-01-2018 08:30,5.329,0.003,1.3812768,FALSE
05-01-2018 08:30,5.146,0.003,1.3338432,FALSE
06-01-2018 08:30,4.41,0.003,1.143072,FALSE
19-03-2018 08:30,5.061,0.003,1.3118112,FALSE
20-03-2018 08:30,4.878,0.002,0.8429184,FALSE
28-04-2018 08:30,7.117,0.001,0.6149088,FALSE
07-05-2018 08:30,13.387,0.002,2.3132736,FALSE
08-05-2018 08:30,5.816,0,0,TRUE
09-05-2018 08:30,17.645,0.002,3.049056,FALSE
10-05-2018 08:30,16.888,0.002,2.9182464,FALSE
11-05-2018 08:30,18.283,0.005,7.898256,FALSE
12-05-2018 08:30,14.202,0.002,2.4541056,FALSE
14-05-2018 08:30,13.679,0.003,3.5455968,FALSE
15-05-2018 08:30,7.249,0.002,1.2526272,FALSE
16-05-2018 08:30,5.729,0.002,0.9899712,FALSE
17-05-2018 08:30,8.395,0.001,0.725328,FALSE
18-05-2018 08:30,41.378,0.004,14.3002368,FALSE
21-05-2018 08:30,17.053,0.002,2.9467584,FALSE
22-05-2018 08:30,10.527,0.002,1.8190656,FALSE
23-05-2018 08:30,7.011,0.002,1.2115008,FALSE
24-05-2018 08:30,7.513,0.002,1.2982464,FALSE
25-05-2018 08:30,7.02,0.002,1.213056,FALSE
26-05-2018 08:30,7.169,0.002,1.2388032,FALSE
28-05-2018 08:30,39.457,0.002,6.8181696,FALSE
29-05-2018 08:30,65.099,0.018,101.2419648,FALSE
30-05-2018 08:30,51.368,0.013,57.6965376,FALSE
31-05-2018 08:30,34.633,0.002,5.9845824,FALSE
01-06-2018 09:00,36.838,0.004,12.7312128,FALSE
02-06-2018 09:00,39.931,0.024,82.8009216,FALSE
04-06-2018 08:30,67.853,0.007,41.0374944,FALSE
05-06-2018 08:30,54.044,0.008,37.3552128,FALSE
06-06-2018 08:30,38.456,0.002,6.6451968,FALSE
07-06-2018 08:30,35.801,0.002,6.1864128,FALSE
08-06-2018 08:30,73.478,0.017,107.9244864,FALSE
09-06-2018 08:30,73.967,0.009,57.5167392,FALSE
11-06-2018 08:30,150.225,0.025,324.486,FALSE
12-06-2018 08:30,204.695,0.024,424.455552,FALSE
13-06-2018 08:30,110.068,0.009,85.5888768,FALSE
14-06-2018 08:30,115.921,0.021,210.3270624,FALSE
16-06-2018 08:30,77.777,0.008,53.7594624,FALSE
18-06-2018 08:30,96.149,0.01,83.072736,FALSE
19-06-2018 08:30,75.876,0.01,65.556864,FALSE
20-06-2018 08:30,127.278,0.0199,218.8367021,FALSE
21-06-2018 08:30,122.993,0.008,85.0127616,FALSE
22-06-2018 08:30,98.926,0.009,76.9248576,FALSE
23-06-2018 08:30,94.559,0.011,89.8688736,FALSE
25-06-2018 08:30,55.449,0.004,19.1631744,FALSE
26-06-2018 08:30,63.293,0.005,27.342576,FALSE
27-06-2018 08:30,54.883,0.005,23.709456,FALSE
28-06-2018 08:30,53.026,0.006,27.4886784,FALSE
29-06-2018 08:30,48.187,0.005,20.816784,FALSE
30-06-2018 08:30,38.268,0.005,16.531776,FALSE
02-07-2018 08:30,43.882,0.003,11.3742144,FALSE
03-07-2018 08:30,39.148,0.003,10.1471616,FALSE
04-07-2018 08:30,36.019,0.003,9.3361248,FALSE
05-07-2018 08:30,32.122,0.003,8.3260224,FALSE
06-07-2018 08:30,28.049,0.002,4.8468672,FALSE
07-07-2018 08:30,24.047,0.002,4.1553216,FALSE
09-07-2018 08:30,27.753,0.002,4.7957184,FALSE
10-07-2018 08:30,77.088,0.01,66.604032,FALSE
11-07-2018 08:30,130.829,0.014,158.2507584,FALSE
12-07-2018 08:30,136.18,0.011,129.425472,FALSE
13-07-2018 08:30,173.832,0.019,285.3626112,FALSE
14-07-2018 08:30,162.6,0.017,238.82688,FALSE
16-07-2018 08:30,277.211,0.084,2011.886554,FALSE
17-07-2018 08:30,332.977,0.086,2474.152301,FALSE
18-07-2018 08:30,280.123,0.077,1863.602294,FALSE
19-07-2018 08:30,220.93,0.04,763.53408,FALSE
20-07-2018 08:30,201.36,0.025,434.9376,FALSE
21-07-2018 08:30,151.167,0.025,326.52072,FALSE
23-07-2018 08:30,84.786,0.006,43.9530624,FALSE
24-07-2018 08:30,73.969,0.002,12.7818432,FALSE
25-07-2018 08:30,96.844,0.009,75.3058944,FALSE
26-07-2018 08:30,96.916,0.007,58.6147968,FALSE
27-07-2018 08:45,103.481,0.015,134.111376,FALSE
30-07-2018 08:30,61.271,0.01,52.938144,FALSE
31-07-2018 08:30,128.336,0.08,887.058432,FALSE
01-08-2018 08:30,148.238,0.02,256.155264,FALSE
02-08-2018 08:30,105.063,0.014,127.0842048,FALSE
03-08-2018 08:30,84.687,0.007,51.2186976,FALSE
04-08-2018 08:30,70.193,0.001,6.0646752,FALSE
06-08-2018 08:30,48.587,0.003,12.5937504,FALSE
07-08-2018 08:30,43.655,0.006,22.630752,FALSE
08-08-2018 08:30,79.59,0.014,96.272064,FALSE
09-08-2018 08:30,178.767,0.019,293.4639072,FALSE
10-08-2018 08:30,270.262,0.036,840.6229248,FALSE
11-08-2018 08:30,316.626,0.078,2133.805939,FALSE
13-08-2018 08:30,173.832,0.025,375.47712,FALSE
14-08-2018 08:30,171.066,0.031,458.1831744,FALSE
27-08-2018 08:30,50.863,0.009,39.5510688,FALSE
28-08-2018 08:30,45.506,0.011,43.2489024,FALSE
29-08-2018 08:30,46.429,0.008,32.0917248,FALSE
30-08-2018 08:30,36.331,0.006,18.8339904,FALSE
31-08-2018 08:30,32.69,0.007,19.770912,FALSE
03-09-2018 08:30,23.221,0.009,18.0566496,FALSE
04-09-2018 08:30,22.431,0.004,7.7521536,FALSE
05-09-2018 08:30,20.426,0.004,7.0592256,FALSE
06-09-2018 08:30,20.186,0.003,5.2322112,FALSE
07-09-2018 08:30,19.236,0.002,3.3239808,FALSE
08-09-2018 08:30,17.683,0.005,7.639056,FALSE
10-09-2018 08:30,15.367,0.004,5.3108352,FALSE
11-09-2018 08:30,12.158,0.004,4.2018048,FALSE
12-09-2018 08:30,10.254,0.003,2.6578368,FALSE
13-09-2018 08:30,9.243,0.003,2.3957856,FALSE
14-09-2018 08:30,7.854,0.004,2.7143424,FALSE
15-09-2018 08:30,7.578,0.003,1.9642176,FALSE
17-09-2018 08:30,6.739,0.005,2.911248,FALSE
18-09-2018 08:30,5.986,0.005,2.585952,FALSE
19-09-2018 08:30,5.874,0.003,1.5225408,FALSE
21-09-2018 08:30,14.882,0.004,5.1432192,FALSE
22-09-2018 08:30,7.694,0.004,2.6590464,FALSE
24-09-2018 08:30,5.588,0.002,0.9656064,FALSE
25-09-2018 08:30,21.817,0.003,5.6549664,FALSE
26-09-2018 08:30,14.273,0.003,3.6995616,FALSE
27-09-2018 08:30,14.971,0.004,5.1739776,FALSE
28-09-2018 08:30,18.27,0.004,6.314112,FALSE
03-10-2018 08:30,41.738,0.003,10.8184896,FALSE
04-10-2018 08:30,42.372,0.004,14.6437632,FALSE
05-10-2018 08:30,127.614,0.015,165.387744,FALSE
06-10-2018 08:30,75.47,0.016,104.329728,FALSE
08-10-2018 08:30,55.443,0.022,105.3860544,FALSE
09-10-2018 08:30,83.13,0.03,215.47296,FALSE
10-10-2018 08:30,54.42,0.013,61.124544,FALSE
11-10-2018 08:30,50.634,0.017,74.3712192,FALSE
12-10-2018 08:30,53.114,0.007,32.1233472,FALSE
13-10-2018 08:30,65.114,0.012,67.5101952,FALSE
15-10-2018 08:30,89.429,0.007,54.0866592,FALSE
16-10-2018 08:30,82.693,0.013,92.8807776,FALSE
17-10-2018 08:30,121.562,0.022,231.0650496,FALSE
20-10-2018 08:30,95.31,0.018,148.226112,FALSE
22-10-2018 08:30,139.131,0.025,300.52296,FALSE
23-10-2018 08:30,143.248,0.023,284.6624256,FALSE
24-10-2018 08:30,128.867,0.017,189.2798496,FALSE
25-10-2018 08:30,121.832,0.012,126.3154176,FALSE
26-10-2018 08:30,85.908,0.009,66.8020608,FALSE
27-10-2018 08:30,63.65,0.005,27.4968,FALSE
29-10-2018 08:30,43.612,0.003,11.3042304,FALSE
30-10-2018 08:30,40.31,0.004,13.931136,FALSE
31-10-2018 08:30,41.18,0.004,14.231808,FALSE
01-11-2018 08:30,73.212,0.007,44.2786176,FALSE
02-11-2018 08:30,52.121,0.01,45.032544,FALSE
03-11-2018 08:30,38.806,0.004,13.4113536,FALSE
05-11-2018 08:30,31.057,0.003,8.0499744,FALSE
07-11-2018 08:30,24.498,0.003,6.3498816,FALSE
08-11-2018 08:30,22.479,0.004,7.7687424,FALSE
09-11-2018 08:30,21.212,0.004,7.3308672,FALSE
10-11-2018 08:30,22.954,0.004,7.9329024,FALSE
12-11-2018 08:30,15.611,0.004,5.3951616,FALSE
13-11-2018 08:30,14.824,0.004,5.1231744,FALSE
14-11-2018 08:30,16.268,0.004,5.6222208,FALSE
15-11-2018 08:30,14.326,0.005,6.188832,FALSE
16-11-2018 08:30,14.073,0.003,3.6477216,FALSE
17-11-2018 08:30,21.578,0.004,7.4573568,FALSE
19-11-2018 08:30,31.64,0.004,10.934784,FALSE
21-11-2018 08:30,31.026,0.003,8.0419392,FALSE
22-11-2018 08:30,31.068,0.004,10.7371008,FALSE
24-11-2018 08:30,28.152,0.003,7.2969984,FALSE
26-11-2018 08:30,29.017,0.003,7.5212064,FALSE
27-11-2018 08:30,22.535,0.003,5.841072,FALSE
28-11-2018 08:30,19.004,0.002,3.2838912,FALSE
29-11-2018 08:30,9.891,0.003,2.5637472,FALSE
30-11-2018 08:30,14.466,0.003,3.7495872,FALSE
03-12-2018 08:30,12.331,0.004,4.2615936,FALSE
04-12-2018 08:30,10.575,0.004,3.65472,FALSE
05-12-2018 08:30,12.484,0.003,3.2358528,FALSE
06-12-2018 08:30,10.619,0.004,3.6699264,FALSE
07-12-2018 08:30,19.676,0.004,6.8000256,FALSE
08-12-2018 08:30,14.543,0.003,3.7695456,FALSE
10-12-2018 08:30,8.285,0.003,2.147472,FALSE
11-12-2018 08:30,7.343,0.003,1.9033056,FALSE
12-12-2018 08:30,6.979,0.003,1.8089568,FALSE
13-12-2018 08:30,5.617,0.003,1.4559264,FALSE
15-12-2018 08:30,5.852,0.003,1.5168384,FALSE
17-12-2018 08:30,4.524,0.002,0.7817472,FALSE
18-12-2018 08:30,3.964,0.001,0.3424896,FALSE
19-12-2018 08:30,4.054,0.002,0.7005312,FALSE
12-06-2019 08:30,31.789,0,0,TRUE
13-06-2019 08:30,32.911,0.003,8.5305312,FALSE
14-06-2019 08:30,51.734,0.003,13.4094528,FALSE
15-06-2019 08:30,34.484,0.003,8.9382528,FALSE
17-06-2019 14:00,19.959778,0.003,5.173574458,FALSE
18-06-2019 14:00,13.687805,0.003,3.547879056,FALSE
19-06-2019 14:00,10.767639,0.003,2.790972029,FALSE
21-06-2019 14:00,10.539507,0.003,2.731840214,FALSE
22-06-2019 14:00,11.039159,0.003,2.861350013,FALSE
24-06-2019 14:00,12.682073,0.002,2.191462214,FALSE
25-06-2019 14:00,13.62558,0.003,3.531750336,FALSE
27-06-2019 14:00,10.594449,0.003,2.746081181,FALSE
28-06-2019 08:30,9.226,0.002,1.5942528,FALSE
29-06-2019 09:00,6.703,0.003,1.7374176,FALSE
06-07-2019 08:30,5.779,0.014,6.9902784,FALSE
08-07-2019 08:30,6.584,0.004,2.2754304,FALSE
09-07-2019 08:30,5.633,0.006,2.9201472,FALSE
10-07-2019 08:30,8.526,0.003,2.2099392,FALSE
11-07-2019 08:30,9.729,0.003,2.5217568,FALSE
12-07-2019 08:30,6.851,0.097,57.4168608,FALSE
13-07-2019 08:30,5.653,0.003,1.4652576,FALSE
15-07-2019 08:30,2.352,0.002,0.4064256,FALSE
19-07-2019 08:30,38.298,0.011,36.3984192,FALSE
20-07-2019 08:30,127.61,0.139,1532.545056,FALSE
22-07-2019 08:45,128.347,0.045,499.013136,FALSE
23-07-2019 08:30,89.489,0.002,15.4636992,FALSE
24-07-2019 08:45,62.084,0.005,26.820288,FALSE
25-07-2019 08:30,46.038,0.005,19.888416,FALSE
26-07-2019 08:30,38.519,0.003,9.9841248,FALSE
27-07-2019 08:30,30.874,0.003,8.0025408,FALSE
29-07-2019 08:30,20.218,0.004,6.9873408,FALSE
30-07-2019 08:30,17.289,0.003,4.4813088,FALSE
31-07-2019 08:30,12.156,0.003,3.1508352,FALSE
01-08-2019 08:30,69.041,0.027,161.0588448,FALSE
02-08-2019 08:30,8.081,0.004,2.7927936,FALSE
03-08-2019 08:30,7.062,0.004,2.4406272,FALSE
06-08-2019 08:30,15.286,0.011,14.5278144,FALSE
08-08-2019 08:30,169.594,0.056,820.5636096,FALSE
10-08-2019 08:30,372.355,0.039,1254.687408,FALSE
13-08-2019 14:00,210.66595,0.004,72.80615232,FALSE
14-08-2019 14:00,265.44623,0.053,1215.531376,FALSE
16-08-2019 14:00,159.87817,0.061,842.6219072,FALSE
20-08-2019 08:30,48.358,0.006,25.0687872,FALSE
21-08-2019 08:30,47.365,0.002,8.184672,FALSE
22-08-2019 08:30,43.838,0.006,22.7256192,FALSE
23-08-2019 08:30,103.001,0.008,71.1942912,FALSE
24-08-2019 08:30,128.148,0.01,110.719872,FALSE
26-08-2019 08:30,74.439,0.012,77.1783552,FALSE
27-08-2019 08:30,98.663,0.017,144.9162144,FALSE
28-08-2019 08:30,92.416,0.009,71.8626816,FALSE
29-08-2019 08:30,69.527,0.011,66.0784608,FALSE
30-08-2019 08:30,126.216,0.052,567.0632448,FALSE
31-08-2019 08:30,88.968,0.013,99.9288576,FALSE
02-09-2019 08:30,82.729,0.005,35.738928,FALSE
03-09-2019 08:30,124.325,0.01,107.4168,FALSE
04-09-2019 08:30,102.209,0.019,167.7862944,FALSE
05-09-2019 08:30,148.667,0.035,449.569008,FALSE
06-09-2019 08:30,127.687,0.01,110.321568,FALSE
07-09-2019 08:30,121.54,0.01,105.01056,FALSE
10-09-2019 08:30,61.584,0.006,31.9251456,FALSE
12-09-2019 08:30,56.801,0.012,58.8912768,FALSE
13-09-2019 08:30,43.71,0.007,26.435808,FALSE
14-09-2019 08:30,39.339,0.007,23.7922272,FALSE
16-09-2019 08:30,47.852,0.01,41.344128,FALSE
17-09-2019 08:30,45.405,0.005,19.61496,FALSE
18-09-2019 08:30,52.807,0.007,31.9376736,FALSE
19-09-2019 08:30,59.821,0.012,62.0224128,FALSE
20-09-2019 08:30,67.662,0.028,163.6879104,FALSE
21-09-2019 08:30,53.336,0.004,18.4329216,FALSE
23-09-2019 08:30,113.535,0.042,411.995808,FALSE
24-09-2019 08:30,157.704,0.134,1825.83383,FALSE
25-09-2019 08:30,125.447,0.012,130.0634496,FALSE
26-09-2019 08:30,114.522,0.016,158.3152128,FALSE
27-09-2019 08:30,80.476,0.004,27.8125056,FALSE
28-09-2019 08:30,66.165,0.008,45.733248,FALSE
30-09-2019 08:30,70.52,0.012,73.115136,FALSE
01-10-2019 08:30,86.989,0.082,616.2996672,FALSE
03-10-2019 08:30,67.294,0.006,34.8852096,FALSE
04-10-2019 08:30,73.916,0.02,127.726848,FALSE
05-10-2019 08:30,60.032,0.007,36.3073536,FALSE
09-10-2019 08:30,60.621,0.019,99.5154336,FALSE
10-10-2019 08:30,54.081,0.008,37.3807872,FALSE
11-10-2019 08:30,50.813,0.006,26.3414592,FALSE
12-10-2019 08:30,69.045,0.008,47.723904,FALSE
14-10-2019 08:30,88.341,0.009,68.6939616,FALSE
15-10-2019 08:30,71.502,0.01,61.777728,FALSE
16-10-2019 08:30,81.023,0.011,77.0042592,FALSE
17-10-2019 08:30,75.702,0.026,170.0569728,FALSE
18-10-2019 08:30,86.784,0.069,517.3714944,FALSE
21-10-2019 08:30,172.864,0.051,761.7079296,FALSE
22-10-2019 08:30,333.503,0.105,3025.539216,FALSE
24-10-2019 08:30,126.049,0.008,87.1250688,FALSE
25-10-2019 08:30,103.894,0.011,98.7408576,FALSE
26-10-2019 08:30,83.579,0.012,86.6547072,FALSE
28-10-2019 08:30,60.237,0.007,36.4313376,FALSE
29-10-2019 08:30,52.275,0.005,22.5828,FALSE
30-10-2019 08:30,47.939,0.006,24.8515776,FALSE
31-10-2019 08:30,78.336,0.016,108.2916864,FALSE
01-11-2019 08:30,80.593,0.012,83.5588224,FALSE
02-11-2019 08:30,59.412,0.022,112.9303296,FALSE
04-11-2019 08:30,158.353,0.052,711.4483584,FALSE
05-11-2019 08:30,88.124,0.011,83.7530496,FALSE
06-11-2019 08:30,73.803,0.025,159.41448,FALSE
07-11-2019 08:30,55.316,0.012,57.3516288,FALSE
08-11-2019 08:45,62.854,0.008,43.4446848,FALSE
11-11-2019 08:30,62.977,0.015,81.618192,FALSE
13-11-2019 08:30,50.563,0.012,52.4237184,FALSE
14-11-2019 14:00,40.637135,0.011,38.6215331,FALSE
15-11-2019 08:30,35.669,0.008,24.6544128,FALSE
16-11-2019 08:30,33.434,0.01,28.886976,FALSE
18-11-2019 08:30,32.712,0.008,22.6105344,FALSE
19-11-2019 08:30,43.66,0.006,22.633344,FALSE
20-11-2019 08:30,41.41,0.01,35.77824,FALSE
21-11-2019 08:30,30.056,0.01,25.968384,FALSE
22-11-2019 08:30,26.291,0.008,18.1723392,FALSE
23-11-2019 08:30,28.415,0.01,24.55056,FALSE
25-11-2019 08:30,18.78,0.004,6.490368,FALSE
26-11-2019 08:30,17.978,0.005,7.766496,FALSE
27-11-2019 08:30,16.527,0.005,7.139664,FALSE
28-11-2019 08:30,15.211,0.008,10.5138432,FALSE
29-11-2019 08:30,14.075,0.008,9.72864,FALSE
30-11-2019 08:45,13.456,0.009,10.4633856,FALSE
02-12-2019 08:30,20.864,0.006,10.8158976,FALSE
03-12-2019 08:30,15.865,0.003,4.112208,FALSE
04-12-2019 08:30,16.107,0.002,2.7832896,FALSE
06-12-2019 08:30,12.473,0.004,4.3106688,FALSE
07-12-2019 08:30,11.113,0.004,3.8406528,FALSE
09-12-2019 08:30,10.212,0.003,2.6469504,FALSE
10-12-2019 08:30,9.069,0.002,1.5671232,FALSE
11-12-2019 08:30,8.818,0.005,3.809376,FALSE
12-12-2019 08:30,7.33,0.004,2.533248,FALSE
13-12-2019 08:30,6.906,0.002,1.1933568,FALSE
14-12-2019 08:30,6.775,0.007,4.09752,FALSE
16-12-2019 08:30,8.804,0.034,25.8626304,FALSE
17-12-2019 08:30,4.79,0.007,2.896992,FALSE
18-12-2019 08:30,2.936,0.007,1.7756928,FALSE
19-12-2019 08:30,2.873,0.007,1.7375904,FALSE
20-12-2019 08:30,1.388,0,0,TRUE
01-06-2022 08:00,36.44,0.008,25.187328,FALSE
02-06-2022 08:00,32.78,0.007,19.825344,FALSE
03-06-2022 08:00,25.98,0.005,11.22336,FALSE
04-06-2022 08:00,22.14,0.008,15.303168,FALSE
06-06-2022 08:00,21.81,0.006,11.306304,FALSE
07-06-2022 09:00,41.61,0.01,35.95104,FALSE
08-06-2022 09:00,44.06,0.004,15.227136,FALSE
09-06-2022 08:00,32.93,0.005,14.22576,FALSE
10-06-2022 08:00,28.5,0.006,14.7744,FALSE
11-06-2022 08:00,34.1,0.011,32.40864,FALSE
13-06-2022 08:00,39.95,0.006,20.71008,FALSE
14-06-2022 08:00,33.05,0.005,14.2776,FALSE
15-06-2022 08:00,27.17,0.006,14.084928,FALSE
16-06-2022 08:00,31.17,0.005,13.46544,FALSE
17-06-2022 08:00,27.77,0.006,14.395968,FALSE
18-06-2022 08:00,24.13,0.006,12.508992,FALSE
20-06-2022 08:00,23.39,0.007,14.146272,FALSE
21-06-2022 08:00,21.406,0.008,14.7958272,FALSE
22-06-2022 08:00,20.08,0.006,10.409472,FALSE
23-06-2022 08:00,19.578,0.006,10.1492352,FALSE
24-06-2022 08:00,18.879,0.008,13.0491648,FALSE
25-06-2022 08:00,26.549,0.005,11.469168,FALSE
27-06-2022 08:00,13.289,0.008,9.1853568,FALSE
28-06-2022 09:00,18.743,0.008,12.9551616,FALSE
29-06-2022 09:00,21.943,0.006,11.3752512,FALSE
30-06-2022 08:00,18.787,0.009,14.6087712,FALSE
01-07-2022 08:00,26.42,0.008,18.261504,FALSE
02-07-2022 08:00,27.81,0.005,12.01392,FALSE
04-07-2022 08:00,107.4,0.01,92.7936,FALSE
05-07-2022 08:00,105.1,0.012,108.96768,FALSE
06-07-2022 08:00,96.68,0.013,108.590976,FALSE
07-07-2022 08:00,84.67,0.012,87.785856,FALSE
08-07-2022 08:00,93.07,0.011,88.453728,FALSE
11-07-2022 08:00,81.74,0.018,127.122048,FALSE
12-07-2022 08:00,103.3,0.01,89.2512,FALSE
13-07-2022 08:00,81.08,0.006,42.031872,FALSE
14-07-2022 08:00,91.03,0.006,47.189952,FALSE
15-07-2022 08:00,127,0.023,252.3744,FALSE
16-07-2022 08:00,120.5,0.017,176.9904,FALSE
18-07-2022 08:00,81.75,0.007,49.4424,FALSE
19-07-2022 08:00,80.52,0.006,41.741568,FALSE
20-07-2022 08:00,64.21,0.007,38.834208,FALSE
21-07-2022 08:00,60.96,0.006,31.601664,FALSE
22-07-2022 08:00,53.73,0.007,32.495904,FALSE
23-07-2022 08:00,50.46,0,0,TRUE
25-07-2022 08:00,47.4,0.005,20.4768,FALSE
26-07-2022 08:00,40.05,0.008,27.68256,FALSE
27-07-2022 08:00,33.98,0.008,23.486976,FALSE
28-07-2022 08:00,31.74,0.005,13.71168,FALSE
29-07-2022 08:00,110.58,0.015,143.31168,FALSE
30-07-2022 08:00,67.33,0.011,63.990432,FALSE
01-08-2022 08:00,195.1,0.011,185.42304,FALSE
02-08-2022 08:00,261.701,0.011,248.7206304,FALSE
03-08-2022 08:00,248,0,0,TRUE
04-08-2022 08:00,270,0,0,TRUE
08-08-2022 08:00,130.578,0.014,157.9471488,FALSE
10-08-2022 08:00,123.296,0.017,181.0971648,FALSE
11-08-2022 08:00,80.66,0.006,41.814144,FALSE
12-08-2022 08:00,65.77,0.007,39.777696,FALSE
13-08-2022 08:00,54.383,0.006,28.1921472,FALSE
16-08-2022 08:00,36.071,0.008,24.9322752,FALSE
17-08-2022 08:00,30.394,0.006,15.7562496,FALSE
18-08-2022 08:00,26.303,0.006,13.6354752,FALSE
20-08-2022 08:00,22.12,0.006,11.467008,FALSE
22-08-2022 08:00,21.401,0.005,9.245232,FALSE
23-08-2022 08:00,44.666,0.006,23.1548544,FALSE
24-08-2022 08:00,52.199,0.012,54.1199232,FALSE
25-08-2022 08:00,71.615,0.013,80.437968,FALSE
26-08-2022 08:00,58.372,0.014,70.6067712,FALSE
27-08-2022 08:00,78.51,0.006,40.699584,FALSE
29-08-2022 08:00,154.991,0.018,241.0420032,FALSE
30-08-2022 09:00,279.51,0.0351,847.6532064,FALSE
31-08-2022 08:00,224.267,0.0267,517.357057,FALSE
01-09-2022 08:00,148.867,0.023,295.8285024,FALSE
02-09-2022 08:00,137.851,0.009,107.1929376,FALSE
03-09-2022 08:00,120.66,0.009,93.825216,FALSE
05-09-2022 08:00,131.859,0.009,102.5335584,FALSE
06-09-2022 08:00,265.844,0.0296,679.8800794,FALSE
07-09-2022 08:00,221.84,0.0256,490.6745856,FALSE
09-09-2022 08:00,166.565,0.01,143.91216,FALSE
10-09-2022 08:00,137.616,0.009,107.0102016,FALSE
12-09-2022 08:00,89.476,0.008,61.8458112,FALSE
13-09-2022 09:00,76.084,0.008,52.5892608,FALSE
14-09-2022 08:00,60.088,0.007,36.3412224,FALSE
15-09-2022 08:00,49.798,0.005,21.512736,FALSE
16-09-2022 08:00,40.674,0.004,14.0569344,FALSE
17-09-2022 08:00,35.816,0.005,15.472512,FALSE
19-09-2022 08:00,32.953,0.005,14.235696,FALSE
20-09-2022 08:00,26.633,0.004,9.2043648,FALSE
21-09-2022 08:00,23.358,0.003,6.0543936,FALSE
22-09-2022 08:00,21.489,0.003,5.5699488,FALSE
23-09-2022 08:00,18.733,0.002,3.2370624,FALSE
24-09-2022 08:00,17.98,0.002,3.106944,FALSE
26-09-2022 08:00,14.07,0.002,2.431296,FALSE
27-09-2022 08:00,13.575,0.003,3.51864,FALSE
28-09-2022 08:00,12.333,0.006,6.3934272,FALSE
29-09-2022 08:00,11.725,0.008,8.10432,FALSE
30-09-2022 08:00,11.258,0.007,6.8088384,FALSE
01-10-2022 08:00,11.415,0.002,1.972512,FALSE
03-10-2022 08:00,16.724,0.002,2.8899072,FALSE
04-10-2022 08:00,24.342,0.003,6.3094464,FALSE
06-10-2022 08:00,15.932,0.006,8.2591488,FALSE
07-10-2022 08:00,14.789,0.004,5.1110784,FALSE
10-10-2022 08:00,21.803,0.007,13.1864544,FALSE
11-10-2022 08:00,13.38,0.003,3.468096,FALSE
12-10-2022 08:00,13.945,0.001,1.204848,FALSE
13-10-2022 08:00,27.344,0.013,30.7127808,FALSE
14-10-2022 08:00,39.248,0.009,30.5192448,FALSE
15-10-2022 09:00,54.523,0.019,89.5049568,FALSE
17-10-2022 08:00,43.439,0.033,123.8532768,FALSE
18-10-2022 09:00,61.467,0.01,53.107488,FALSE
19-10-2022 08:00,51.595,0.008,35.662464,FALSE
20-10-2022 08:00,39.177,0.004,13.5395712,FALSE
21-10-2022 08:00,42.491,0.008,29.3697792,FALSE
22-10-2022 08:00,66.504,0.028,160.8864768,FALSE
25-10-2022 08:00,69.253,0.017,101.7188064,FALSE
26-10-2022 08:00,48.141,0.01,41.593824,FALSE
27-10-2022 08:00,36.632,0.01,31.650048,FALSE
28-10-2022 09:00,39.431,0.007,23.8478688,FALSE
29-10-2022 08:00,31.817,0.011,30.2388768,FALSE
31-10-2022 08:00,26.601,0.005,11.491632,FALSE
01-11-2022 08:00,48.983,0.019,80.4104928,FALSE
02-11-2022 08:00,32.391,0.0101,28.26568224,FALSE
03-11-2022 08:00,33.537,0.005,14.487984,FALSE
04-11-2022 08:00,29.376,0.004,10.1523456,FALSE
05-11-2022 08:00,49.727,0.01,42.964128,FALSE
07-11-2022 08:00,81.321,0.1429,1004.034606,FALSE
09-11-2022 09:00,76.411,0.017,112.2324768,FALSE
10-11-2022 08:00,52.005,0.007,31.452624,FALSE
11-11-2022 08:00,53.457,0.009,41.5681632,FALSE
12-11-2022 08:00,42.638,0.008,29.4713856,FALSE
14-11-2022 08:00,29.532,0.01,25.515648,FALSE
15-11-2022 08:00,100.86,0.029,252.714816,FALSE
16-11-2022 08:00,63.711,0.014,77.0648256,FALSE
17-11-2022 08:00,45.152,0.01,39.011328,FALSE
18-11-2022 08:00,100.25,0.021,181.8936,FALSE
19-11-2022 08:00,81.301,0.021,147.5125344,FALSE
21-11-2022 08:00,43.858,0.01,37.893312,FALSE
22-11-2022 08:00,37.988,0.006,19.6929792,FALSE
23-11-2022 08:00,31.195,0.005,13.47624,FALSE
24-11-2022 08:00,26.631,0.005,11.504592,FALSE
25-11-2022 08:00,24.299,0.004,8.3977344,FALSE
26-11-2022 08:00,22.462,0.005,9.703584,FALSE
28-11-2022 08:00,65.224,0.002,11.2707072,FALSE
29-11-2022 08:00,105.872,0.0522,477.4911898,FALSE
30-11-2022 08:00,93.103,0,0,TRUE
01-12-2022 08:00,68.391,0.014,82.7257536,FALSE
02-12-2022 08:00,46.541,0.007,28.1479968,FALSE
03-12-2022 08:00,47.308,0.008,32.6992896,FALSE
05-12-2022 08:00,61.337,0.012,63.5942016,FALSE
06-12-2022 08:00,42.339,0.01,36.580896,FALSE
07-12-2022 08:00,34.016,0.007,20.5728768,FALSE
08-12-2022 08:00,29.151,0.005,12.593232,FALSE
09-12-2022 08:00,25.262,0.006,13.0958208,FALSE
10-12-2022 08:00,23.284,0.004,8.0469504,FALSE
12-12-2022 08:00,29.14,0.004,10.070784,FALSE
13-12-2022 08:00,32.117,0.004,11.0996352,FALSE
14-12-2022 08:00,25.105,0.004,8.676288,FALSE
15-12-2022 08:00,29.061,0.005,12.554352,FALSE
16-12-2022 08:00,21.45,0.004,7.41312,FALSE
17-12-2022 08:00,19.601,0.004,6.7741056,FALSE
19-12-2022 08:00,15.619,0.003,4.0484448,FALSE
20-12-2022 08:00,13.35,0.003,3.46032,FALSE
21-12-2022 08:00,12.567,0.003,3.2573664,FALSE
22-12-2022 08:00,11.704,0.002,2.0224512,FALSE
23-12-2022 08:00,10.728,0.002,1.8537984,FALSE
24-12-2022 08:00,9.642,0.002,1.6661376,FALSE
26-12-2022 08:00,8.681,0.002,1.5000768,FALSE
27-12-2022 08:00,8.483,0.002,1.4658624,FALSE
28-12-2022 08:00,12.68,0.003,3.286656,FALSE
29-12-2022 08:00,10.352,0.003,2.6832384,FALSE
30-12-2022 08:00,8.325,0.002,1.43856,FALSE
31-12-2022 08:00,7.754,0.002,1.3398912,FALSE
02-01-2023 08:00,7.06,0.002,1.219968,FALSE
03-01-2023 08:00,4.85,0.002,0.83808,FALSE
04-01-2023 08:00,5.07,0.001,0.438048,FALSE
05-01-2023 08:00,4.56,0.001,0.393984,FALSE
06-01-2023 08:00,4.18,0.002,0.722304,FALSE
07-01-2023 08:00,4.01,0.001,0.346464,FALSE
09-01-2023 08:00,3.24,0.002,0.559872,FALSE
10-01-2023 08:00,3.17,0.002,0.547776,FALSE
11-01-2023 08:00,2.93,0.002,0.506304,FALSE
12-01-2023 08:00,3.22,0.001,0.278208,FALSE
13-01-2023 08:00,2.9,0.001,0.25056,FALSE
14-01-2023 08:00,2.88,0.001,0.248832,FALSE
16-01-2023 08:00,2.31,0.001,0.199584,FALSE
17-01-2023 08:00,2.3,0.001,0.19872,FALSE
18-01-2023 08:00,1.76,0.008,1.216512,FALSE
19-01-2023 08:00,1.68,0,0,TRUE
20-01-2023 08:00,1.63,0,0,TRUE
21-01-2023 08:00,2,0,0,TRUE
23-01-2023 08:00,1.75,0.003,0.4536,FALSE
24-01-2023 08:00,1.46,0.003,0.378432,FALSE
25-01-2023 08:00,3.42,0.002,0.590976,FALSE
27-01-2023 08:00,3.23,0.002,0.558144,FALSE
28-01-2023 08:00,2.69,0.002,0.464832,FALSE
30-01-2023 08:00,1.39,0.001,0.120096,FALSE
31-01-2023 08:00,1.35,0,0,TRUE
01-02-2023 08:00,2.71,0.002,0.468288,FALSE
02-02-2023 08:00,2.59,0.002,0.447552,FALSE
03-02-2023 08:00,2.58,0.002,0.445824,FALSE
04-02-2023 08:00,2.17,0.002,0.374976,FALSE
06-02-2023 08:00,1.41,0,0,TRUE
07-02-2023 08:00,1.27,0,0,TRUE
25-03-2023 08:00,6.49,0.006,3.364416,FALSE
27-03-2023 08:00,8.67,0.005,3.74544,FALSE
28-03-2023 08:00,2.08,0.077,13.837824,FALSE
02-05-2023 08:00,14.49,0.006,7.511616,FALSE
03-05-2023 08:00,14.65,0.007,8.86032,FALSE
04-05-2023 08:00,11.94,0.008,8.252928,FALSE
06-05-2023 08:00,6.55,0.006,3.39552,FALSE
08-05-2023 08:00,3.66,0.009,2.846016,FALSE
09-05-2023 08:00,2.99,0.017,4.391712,FALSE
10-05-2023 08:00,18.05,0.015,23.3928,FALSE
11-05-2023 08:00,16.74,0.019,27.480384,FALSE
12-05-2023 08:00,33.75,0.02,58.32,FALSE
13-05-2023 08:00,12.09,0.041,42.827616,FALSE
15-05-2023 08:00,6.54,0.011,6.215616,FALSE
16-05-2023 08:00,5.11,0.016,7.064064,FALSE
17-05-2023 08:00,2.09,0.025,4.5144,FALSE
18-05-2023 08:00,4.98,0.028,12.047616,FALSE
19-05-2023 08:00,7.99,0.008,5.522688,FALSE
20-05-2023 08:00,6.47,0.015,8.38512,FALSE
23-05-2023 08:00,8.44,0.003,2.187648,FALSE
24-05-2023 08:00,16,0.014,19.3536,FALSE
25-05-2023 08:00,8.93,0.007,5.400864,FALSE
26-05-2023 08:00,8.24,0.01,7.11936,FALSE
27-05-2023 08:00,6.67,0.014,8.068032,FALSE
29-05-2023 08:00,1.47,0.013,1.651104,FALSE
30-05-2023 08:00,3.3,0.011,3.13632,FALSE
31-05-2023 08:00,8.61,0.013,9.670752,FALSE
