Timestamp,Discharge_m3_s,Sediment_g_L,Sediment_tonne_day,Column1
11-08-2002 08:00,8.487,0.0304,22.29161472,FALSE
15-08-2002 08:00,9.11,0.0302,23.7705408,FALSE
18-08-2002 08:00,10.79,0.0052,4.8477312,FALSE
25-08-2002 08:00,5.772,0.0176,8.77713408,FALSE
01-09-2002 08:00,8.795,0.0244,18.5412672,FALSE
08-09-2002 08:00,16.22,0.0126,17.6577408,FALSE
10-09-2002 08:00,12.25,0.0031,3.28104,FALSE
15-09-2002 08:00,15.99,0.0116,16.0258176,FALSE
22-09-2002 08:00,12.64,0.0117,12.7775232,FALSE
29-09-2002 08:00,16.91,0.0102,14.9024448,FALSE
02-10-2002 08:00,15.99,0.0125,17.2692,FALSE
06-10-2002 08:00,14.68,0.0196,24.8596992,FALSE
13-10-2002 08:00,5.305,0.0092,4.2168384,FALSE
14-10-2002 08:00,4.862,0.0092,3.86470656,FALSE
15-10-2002 08:00,4.442,0.0092,3.53085696,FALSE
20-10-2002 08:00,7.323,0.0107,6.76996704,FALSE
27-10-2002 08:00,8.795,0.0129,9.8025552,FALSE
03-11-2002 08:00,5.08,0.0165,7.242048,FALSE
04-11-2002 08:00,4.649,0.016,6.4267776,FALSE
10-11-2002 08:00,4.046,0.0176,6.15250944,FALSE
17-11-2002 08:00,10.09,0.009,7.845984,FALSE
19-11-2002 08:00,10.44,0.0203,18.3109248,FALSE
24-11-2002 08:00,10.61,0.0047,4.3085088,FALSE
01-12-2002 08:00,10.31,0.0073,6.5027232,FALSE
06-12-2002 08:00,14.87,0.0182,23.3827776,FALSE
08-12-2002 08:00,13.23,0.0377,43.0938144,FALSE
15-12-2002 08:00,14.63,0.0193,24.3958176,FALSE
22-12-2002 08:00,17.18,0.0081,12.0232512,FALSE
25-12-2002 08:00,16.39,0.018,25.489728,FALSE
29-12-2002 08:00,17.72,0.0256,39.1938048,FALSE
05-01-2003 08:00,19.42,0.0212,35.5712256,FALSE
12-01-2003 08:00,18.84,0.0148,24.0910848,FALSE
15-01-2003 09:15,17.72,0.0084,12.8604672,FALSE
19-01-2003 08:00,9.565,0.0054,4.4626464,FALSE
26-01-2003 08:00,20.31,0.0222,38.9562048,FALSE
02-02-2003 08:00,9.205,0.0097,7.7145264,FALSE
09-02-2003 08:00,10.12,0.0137,11.9788416,FALSE
12-02-2003 08:00,14.39,0.0121,15.0438816,FALSE
16-02-2003 08:00,11.5,0.0033,3.27888,FALSE
23-02-2003 08:00,6.225,0.0142,7.637328,FALSE
02-03-2003 08:00,7.233,0.004,2.4997248,FALSE
09-03-2003 08:00,10.7,0.0036,3.328128,FALSE
14-03-2003 08:00,6.645,0.013,7.463664,FALSE
16-03-2003 08:00,6.503,0.0127,7.13561184,FALSE
22-03-2003 08:00,2.658,0.0125,2.87064,FALSE
23-03-2003 08:00,4.065,0.0481,16.8934896,FALSE
24-03-2003 08:00,2.35,0.0047,0.954288,FALSE
30-03-2003 08:00,0.816,0.0163,1.14918912,FALSE
04-04-2003 08:00,0.08,0.0022,0.0152064,FALSE
05-04-2003 08:00,0.032,0.0009,0.00248832,FALSE
06-04-2003 08:00,0.929,0.0034,0.27290304,FALSE
13-04-2003 08:00,1.055,0.015,1.36728,FALSE
14-04-2003 08:00,0.86,0.0122,0.9065088,FALSE
18-04-2003 08:00,1.001,0.0093,0.80432352,FALSE
20-04-2003 08:00,0.773,0.0107,0.71462304,FALSE
27-04-2003 08:00,0.577,0.0041,0.20439648,FALSE
04-05-2003 08:00,1.527,0.0208,2.74420224,FALSE
11-05-2003 08:00,0.731,0.0147,0.92842848,FALSE
15-05-2003 08:00,0.71,0.0206,1.2636864,FALSE
16-05-2003 08:00,0.752,0.0218,1.41640704,FALSE
25-05-2003 08:00,1.847,0.0056,0.89365248,FALSE
01-06-2003 08:00,1.834,0.0034,0.53875584,FALSE
08-06-2003 08:00,0.833,0.0146,1.05077952,FALSE
15-06-2003 08:00,1.925,0.0081,1.347192,FALSE
22-06-2003 08:00,5.642,0.0269,13.11291072,FALSE
29-06-2003 08:00,6.092,0.0042,2.21066496,FALSE
06-07-2003 08:00,1.659,0.0015,0.2150064,FALSE
13-07-2003 08:00,0.78,0.0024,0.1617408,FALSE
20-07-2003 08:00,1.418,0.0191,2.34004032,FALSE
27-07-2003 08:00,1.745,0.0157,2.3670576,FALSE
03-08-2003 08:00,1.418,0.0345,4.2267744,FALSE
10-08-2003 08:00,1.659,0.0179,2.56574304,FALSE
15-08-2003 08:00,1.496,0.0085,1.0986624,FALSE
17-08-2003 08:00,1.659,0.0193,2.76641568,FALSE
20-08-2003 08:00,1.576,0.0058,0.78976512,FALSE
24-08-2003 08:00,2.217,0.0075,1.436616,FALSE
31-08-2003 08:00,3.807,0.0134,4.40759232,FALSE
07-09-2003 08:00,9.25,0.0029,2.31768,FALSE
14-09-2003 08:00,10.25,0.007,6.1992,FALSE
21-09-2003 08:00,17.55,0.018,27.29376,FALSE
28-09-2003 08:00,17.05,0.0075,11.0484,FALSE
02-10-2003 08:00,18.06,0.0175,27.30672,FALSE
03-10-2003 08:30,18.57,0.018,28.880064,FALSE
04-10-2003 08:00,19.08,0.0185,30.497472,FALSE
05-10-2003 08:00,11.08,0.0107,10.2432384,FALSE
12-10-2003 08:00,3.595,0.0118,3.6651744,FALSE
19-10-2003 08:00,15.58,0.0138,18.5763456,FALSE
24-10-2003 08:00,11.08,0.0023,2.2018176,FALSE
26-10-2003 08:00,10.66,0.0022,2.0262528,FALSE
02-11-2003 08:00,13.03,0.0025,2.81448,FALSE
08-11-2003 08:00,14.17,0.0054,6.6111552,FALSE
09-11-2003 08:00,14.87,0.0059,7.5801312,FALSE
16-11-2003 08:00,16.56,0.0083,11.8755072,FALSE
23-11-2003 08:00,18.06,0.0094,14.6676096,FALSE
26-11-2003 08:00,17.8,0.0068,10.457856,FALSE
30-11-2003 08:00,26.28,0.0102,23.1600384,FALSE
07-12-2003 08:00,4.005,0.0097,3.3565104,FALSE
14-12-2003 08:00,3.336,0.0139,4.00640256,FALSE
21-12-2003 08:00,15.06,0.0086,11.1901824,FALSE
25-12-2003 08:00,16.81,0.0195,28.321488,FALSE
28-12-2003 08:00,15.06,0.0067,8.7179328,FALSE
04-01-2004 08:00,17.49,0.0048,7.2534528,FALSE
11-01-2004 08:00,15.06,0.0075,9.75888,FALSE
15-01-2004 08:00,12.3,0.0033,3.506976,FALSE
18-01-2004 08:00,11.23,0.0047,4.5602784,FALSE
25-01-2004 08:00,6.768,0.0051,2.98225152,FALSE
26-01-2004 08:00,6.644,0.0047,2.69799552,FALSE
01-02-2004 08:00,5.704,0.0047,2.31628032,FALSE
02-02-2004 08:00,6.281,0.0053,2.87619552,FALSE
08-02-2004 08:00,7.279,0.0053,3.33319968,FALSE
15-02-2004 08:00,1.776,0.007,1.0741248,FALSE
22-02-2004 08:00,0.792,0.0088,0.60217344,FALSE
29-02-2004 08:00,1.101,0.0134,1.27469376,FALSE
02-03-2004 08:00,1.101,0.0124,1.17956736,FALSE
07-03-2004 08:00,1.435,0.0061,0.7563024,FALSE
14-03-2004 08:00,1.064,0.0037,0.34013952,FALSE
21-03-2004 08:00,0.256,0.0042,0.09289728,FALSE
28-03-2004 08:00,0.855,0.0152,1.1228544,FALSE
03-04-2004 08:00,1.064,0.0064,0.58834944,FALSE
04-04-2004 08:00,1.303,0.0079,0.88937568,FALSE
09-04-2004 08:00,1.064,0.0035,0.3217536,FALSE
11-04-2004 08:00,1.027,0.0012,0.10647936,FALSE
13-04-2004 08:00,0.955,0.0011,0.0907632,FALSE
14-04-2004 08:00,0.855,0.001,0.073872,FALSE
17-04-2004 08:00,0.053,0.0002,0.00091584,FALSE
18-04-2004 08:00,0.202,0.0008,0.01396224,FALSE
25-04-2004 08:00,1.481,0.0036,0.46065024,FALSE
02-05-2004 08:00,1.303,0.0027,0.30396384,FALSE
03-05-2004 08:00,1.064,0.0022,0.20224512,FALSE
04-05-2004 08:00,0.921,0.0019,0.15119136,FALSE
09-05-2004 08:00,0.855,0.0018,0.1329696,FALSE
10-05-2004 00:08,0.823,0.0017,0.12088224,FALSE
16-05-2004 08:00,0.855,0.0089,0.6574608,FALSE
23-05-2004 08:00,0.921,0.0049,0.38991456,FALSE
30-05-2004 08:00,1.39,0.0065,0.780624,FALSE
06-06-2004 08:00,1.316,0.002,0.2274048,FALSE
13-06-2004 08:00,19.09,0.0087,14.3495712,FALSE
20-06-2004 08:00,1.593,0.0098,1.34882496,FALSE
27-06-2004 08:00,9.922,0.0062,5.31501696,FALSE
04-07-2004 08:00,11.3,0.0057,5.565024,FALSE
11-07-2004 08:00,10.6,0.0068,6.227712,FALSE
18-07-2004 08:00,10.6,0.0041,3.754944,FALSE
25-07-2004 08:00,14.01,0.003,3.631392,FALSE
01-08-2004 08:00,11.67,0.0142,14.3176896,FALSE
08-08-2004 08:00,6.216,0.0037,1.98713088,FALSE
15-08-2004 08:00,4.279,0.006,2.2182336,FALSE
22-08-2004 08:00,5.743,0.0159,7.88950368,FALSE
29-08-2004 08:00,2.385,0.0035,0.721224,FALSE
05-09-2004 08:00,14.86,0.0112,14.3797248,FALSE
07-09-2004 08:00,14.86,0.0112,14.3797248,FALSE
12-09-2004 08:00,24.05,0.0113,23.480496,FALSE
19-09-2004 08:00,19.6,0.0223,37.763712,FALSE
26-09-2004 08:00,17.6,0.0108,16.422912,FALSE
02-10-2004 08:00,8.36,0.0051,3.6837504,FALSE
03-10-2004 08:00,7.784,0.0047,3.16092672,FALSE
10-10-2004 08:00,4.279,0.0083,3.06855648,FALSE
17-10-2004 08:00,18.58,0.0051,8.1870912,FALSE
22-10-2004 08:00,18.58,0.0023,3.6922176,FALSE
24-10-2004 08:00,18.09,0.0035,5.470416,FALSE
31-10-2004 08:00,21.2,0.0239,43.777152,FALSE
07-11-2004 08:00,8.964,0.0256,19.82693376,FALSE
11-11-2004 08:00,14.01,0.0625,75.654,FALSE
14-11-2004 08:00,9.596,0.0292,24.20955648,FALSE
15-11-2004 08:00,9.922,0.0297,25.46064576,FALSE
21-11-2004 08:00,21.2,0.0073,13.371264,FALSE
26-11-2004 08:00,18.09,0.0044,6.8770944,FALSE
28-11-2004 08:00,17.6,0.0032,4.866048,FALSE
05-12-2004 08:00,16.53,0.0075,10.71144,FALSE
12-12-2004 08:00,20.24,0.0184,32.1767424,FALSE
19-12-2004 08:00,15.38,0.0056,7.4414592,FALSE
25-12-2004 08:00,18.12,0.0053,8.2975104,FALSE
26-12-2004 08:00,17.31,0.0045,6.730128,FALSE
02-01-2005 08:00,17.31,0.005,7.47792,FALSE
09-01-2005 08:00,12.22,0.0066,6.9683328,FALSE
14-01-2005 08:00,19.38,0.0079,13.2280128,FALSE
16-01-2005 08:00,18.12,0.0064,10.0196352,FALSE
21-01-2005 08:00,21.57,0.0182,33.9183936,FALSE
23-01-2005 08:00,18.33,0.0155,24.547536,FALSE
26-01-2005 08:00,18.74,0.0163,26.3919168,FALSE
30-01-2005 08:00,19.38,0.0136,22.7722752,FALSE
06-02-2005 08:00,16.53,0.0154,21.9941568,FALSE
13-02-2005 08:00,17.31,0.0068,10.1699712,FALSE
20-02-2005 08:00,20.24,0.0065,11.366784,FALSE
27-02-2005 08:00,21.57,0.0033,6.1500384,FALSE
06-03-2005 08:00,9.745,0.0053,4.4624304,FALSE
13-03-2005 08:00,1.634,0.006,0.8470656,FALSE
20-03-2005 08:00,7.083,0.0053,3.24344736,FALSE
25-03-2005 08:00,9.745,0.0047,3.9572496,FALSE
27-03-2005 08:00,10.33,0.0089,7.9433568,FALSE
03-04-2005 08:00,4.132,0.0066,2.35623168,FALSE
10-04-2005 08:00,4.69,0.007,2.836512,FALSE
14-04-2005 08:00,3.448,0.0068,2.02576896,FALSE
17-04-2005 08:00,2.832,0.0104,2.54472192,FALSE
22-04-2005 08:00,1.103,0.0098,0.93393216,FALSE
24-04-2005 08:00,1.061,0.0094,0.86170176,FALSE
01-05-2005 08:00,1.688,0.0122,1.77928704,FALSE
08-05-2005 08:00,1.147,0.0116,1.14956928,FALSE
15-05-2005 08:00,1.478,0.0098,1.25145216,FALSE
22-05-2005 08:00,0.591,0.0038,0.19403712,FALSE
23-05-2005 08:00,0.939,0.0087,0.70582752,FALSE
29-05-2005 08:00,2.549,0.005,1.101168,FALSE
05-06-2005 08:00,1.714,0.008,1.1847168,FALSE
12-06-2005 08:00,18.74,0.0185,29.954016,FALSE
19-06-2005 08:00,11.33,0.0154,15.0752448,FALSE
26-06-2005 08:00,3.877,0.0063,2.11032864,FALSE
03-07-2005 08:00,2.537,0.0118,2.58652224,FALSE
10-07-2005 08:00,4.854,0.0124,5.20038144,FALSE
17-07-2005 08:00,4.55,0.0099,3.891888,FALSE
24-07-2005 08:00,4.255,0.0067,2.4631344,FALSE
31-07-2005 08:00,7.38,0.0101,6.4400832,FALSE
07-08-2005 08:00,4.65,0.0069,2.772144,FALSE
14-08-2005 08:00,16.77,0.0214,31.0070592,FALSE
15-08-2005 08:00,10.27,0.0135,11.978928,FALSE
21-08-2005 08:00,6.882,0.0094,5.58928512,FALSE
28-08-2005 08:00,27.13,0.0098,22.9715136,FALSE
04-09-2005 08:00,18.21,0.0113,17.7787872,FALSE
07-09-2005 08:00,20.37,0.0083,14.6077344,FALSE
11-09-2005 08:00,53.59,0.0238,110.1981888,FALSE
18-09-2005 08:00,7.129,0.0112,6.89859072,FALSE
25-09-2005 08:00,8.158,0.0109,7.68287808,FALSE
02-10-2005 08:00,23.9,0.0106,21.888576,FALSE
09-10-2005 08:00,17.19,0.0234,34.7540544,FALSE
11-10-2005 08:00,16.11,0.0187,26.0286048,FALSE
16-10-2005 08:00,8.158,0.0093,6.55511616,FALSE
23-10-2005 08:00,6.402,0.0075,4.148496,FALSE
30-10-2005 08:00,5.062,0.0098,4.28609664,FALSE
01-11-2005 08:00,4.854,0.0096,4.02610176,FALSE
04-11-2005 08:00,5.492,0.0071,3.36901248,FALSE
06-11-2005 08:00,6.882,0.0157,9.33529536,FALSE
13-11-2005 08:00,19.27,0.0267,44.4535776,FALSE
15-11-2005 08:00,21.5,0.0302,56.09952,FALSE
20-11-2005 08:00,20.37,0.0194,34.1433792,FALSE
27-11-2005 08:00,18.21,0.0187,29.4215328,FALSE
04-12-2005 08:00,34.14,0.076,224.176896,FALSE
11-12-2005 08:00,34.45,0.0523,155.669904,FALSE
18-12-2005 08:00,19.26,0.0168,27.9562752,FALSE
25-12-2005 08:00,28.15,0.0137,33.320592,FALSE
01-01-2006 08:00,18.38,0.0169,26.8377408,FALSE
08-01-2006 08:00,19.26,0.0139,23.1304896,FALSE
11-01-2006 08:00,15.08,0.0173,22.5403776,FALSE
14-01-2006 08:00,16.48,0.0171,24.3482112,FALSE
15-01-2006 08:00,16.48,0.0171,24.3482112,FALSE
22-01-2006 08:00,14.3,0.0131,16.185312,FALSE
23-01-2006 08:00,17.31,0.0158,23.6302272,FALSE
24-01-2006 08:00,17.1,0.0156,23.048064,FALSE
25-01-2006 08:00,17.95,0.0164,25.434432,FALSE
26-01-2006 08:00,17.1,0.0156,23.048064,FALSE
29-01-2006 08:00,15.87,0.012,16.454016,FALSE
05-02-2006 08:00,15.87,0.0138,18.9221184,FALSE
09-02-2006 08:00,12.82,0.0097,10.7441856,FALSE
12-02-2006 08:00,15.08,0.0128,16.6772736,FALSE
19-02-2006 08:00,13.92,0.0181,21.7686528,FALSE
26-02-2006 08:00,14.3,0.011,13.59072,FALSE
05-03-2006 08:00,7.189,0.0108,6.70819968,FALSE
12-03-2006 08:00,6.666,0.0079,4.54994496,FALSE
19-03-2006 08:00,9.793,0.0143,12.09944736,FALSE
26-03-2006 08:00,6.666,0.0066,3.80121984,FALSE
02-04-2006 08:00,5.541,0.0107,5.12254368,FALSE
09-04-2006 08:00,2.409,0.0063,1.31126688,FALSE
11-04-2006 08:00,2.409,0.0063,1.31126688,FALSE
14-04-2006 08:00,2.409,0.0092,1.91486592,FALSE
16-04-2006 08:00,2.719,0.0156,3.66477696,FALSE
23-04-2006 08:00,5.223,0.0179,8.07768288,FALSE
30-04-2006 08:00,6.165,0.0214,11.3988384,FALSE
07-05-2006 08:00,5.451,0.0093,4.37998752,FALSE
08-05-2006 08:00,5.337,0.0091,4.19616288,FALSE
13-05-2006 08:00,6.413,0.0141,7.81257312,FALSE
14-05-2006 08:00,6.043,0.0133,6.94413216,FALSE
21-05-2006 08:00,2.882,0.0072,1.79283456,FALSE
28-05-2006 08:00,1.594,0.0128,1.76283648,FALSE
01-06-2008 08:00,8.428,0.0088,6.40797696,FALSE
08-06-2008 08:00,10.49,0.0101,9.1539936,FALSE
15-06-2008 08:00,10.84,0.0096,8.9911296,FALSE
22-06-2008 08:00,7.74,0.0116,7.7573376,FALSE
29-06-2008 08:00,8.428,0.0126,9.17505792,FALSE
06-07-2008 08:00,5.837,0.0093,4.69014624,FALSE
13-07-2008 08:00,7.078,0.0118,7.21616256,FALSE
20-07-2008 08:00,10.19,0.0133,11.7095328,FALSE
27-07-2008 08:00,9.142,0.0109,8.60956992,FALSE
03-08-2008 08:00,8.854,0.0128,9.79181568,FALSE
10-08-2008 08:00,8.854,0.0128,9.79181568,FALSE
15-08-2008 08:00,8.711,0.0125,9.40788,FALSE
17-08-2008 08:00,9.142,0.0126,9.95234688,FALSE
24-08-2008 08:00,7.34,0.009,5.707584,FALSE
31-08-2008 08:00,8.149,0.0103,7.25195808,FALSE
03-09-2008 08:00,8.428,0.0111,8.08278912,FALSE
07-09-2008 08:00,8.569,0.0081,5.99692896,FALSE
14-09-2008 08:00,6.32,0.0086,4.6960128,FALSE
21-09-2008 08:00,10.49,0.0092,8.3382912,FALSE
28-09-2008 08:00,10.49,0.0111,10.0603296,FALSE
01-10-2008 08:00,9.884,0.0074,6.31943424,FALSE
02-10-2008 08:00,11.27,0.0084,8.1793152,FALSE
05-10-2008 08:00,11.06,0.0082,7.8357888,FALSE
08-10-2008 08:00,11.71,0.0105,10.623312,FALSE
09-10-2008 08:00,10.19,0.0089,7.8357024,FALSE
12-10-2008 08:00,10.84,0.0096,8.9911296,FALSE
19-10-2008 08:00,6.569,0.0105,5.9593968,FALSE
26-10-2008 08:00,23.5,0.0273,55.42992,FALSE
27-10-2008 08:00,9.584,0.0144,11.92402944,FALSE
02-11-2008 08:00,7.078,0.0109,6.66577728,FALSE
09-11-2008 08:00,6.822,0.0101,5.95315008,FALSE
13-11-2008 08:00,9.289,0.0128,10.27289088,FALSE
16-11-2008 08:00,8.998,0.0127,9.87332544,FALSE
23-11-2008 08:00,10.19,0.0093,8.1878688,FALSE
30-11-2008 08:00,9.884,0.0106,9.05216256,FALSE
07-12-2008 08:00,12.3,0.0116,12.327552,FALSE
09-12-2008 08:00,12.3,0.0116,12.327552,FALSE
14-12-2008 08:00,13.37,0.0108,12.4758144,FALSE
21-12-2008 08:00,12.3,0.0128,13.602816,FALSE
25-12-2008 08:00,14.29,0.0111,13.7046816,FALSE
28-12-2008 08:00,14.1,0.0106,12.913344,FALSE
04-01-2009 08:00,14.66,0.012,15.199488,FALSE
08-01-2009 08:00,14.48,0.0119,14.8877568,FALSE
11-01-2009 08:00,13.74,0.0113,13.4146368,FALSE
14-01-2009 08:00,13.37,0.0111,12.8223648,FALSE
18-01-2009 08:00,13.01,0.0091,10.2289824,FALSE
25-01-2009 08:00,13.55,0.0098,11.473056,FALSE
26-01-2009 08:00,13.74,0.01,11.87136,FALSE
01-02-2009 08:00,13.37,0.0109,12.5913312,FALSE
08-02-2009 08:00,10.27,0.0112,9.9380736,FALSE
15-02-2009 08:00,9.002,0.0115,8.9443872,FALSE
22-02-2009 08:00,6.662,0.0103,5.92864704,FALSE
23-02-2009 08:00,6.12,0.0095,5.023296,FALSE
01-03-2009 08:00,7.797,0.0093,6.26504544,FALSE
08-03-2009 08:00,5.425,0.0123,5.765256,FALSE
10-03-2009 08:00,5.857,0.013,6.5785824,FALSE
15-03-2009 08:00,3.654,0.0139,4.38830784,FALSE
22-03-2009 08:00,3.182,0.0124,3.40906752,FALSE
29-03-2009 08:00,3.448,0.012,3.5748864,FALSE
05-04-2009 08:00,2.802,0.0109,2.63881152,FALSE
07-04-2009 08:00,2.802,0.0109,2.63881152,FALSE
10-04-2009 08:00,2.864,0.0082,2.02908672,FALSE
12-04-2009 08:00,3.182,0.0092,2.52930816,FALSE
14-04-2009 08:00,2.926,0.0084,2.12357376,FALSE
19-04-2009 08:00,2.741,0.0109,2.58136416,FALSE
26-04-2009 08:00,2.621,0.0089,2.01544416,FALSE
03-05-2009 08:00,0.449,0.0117,0.45388512,FALSE
09-05-2009 08:00,2.989,0.0112,2.89239552,FALSE
10-05-2009 08:00,7.221,0.0107,6.67567008,FALSE
13-05-2009 08:00,4.459,0.0099,3.81405024,FALSE
17-05-2009 08:00,3.053,0.0083,2.18936736,FALSE
24-05-2009 08:00,2.007,0.0121,2.09819808,FALSE
31-05-2009 08:00,2.007,0.0127,2.20224096,FALSE
07-06-2009 08:00,3.491,0.0111,3.34800864,FALSE
14-06-2009 08:00,2.37,0.0083,1.6995744,FALSE
21-06-2009 08:00,2.9,0.0094,2.355264,FALSE
28-06-2009 08:00,4.443,0.0164,6.29555328,FALSE
05-07-2009 08:00,4.046,0.012,4.1948928,FALSE
12-07-2009 08:00,4.545,0.0132,5.1834816,FALSE
19-07-2009 08:00,8.981,0.0126,9.77707584,FALSE
26-07-2009 08:00,6.118,0.0141,7.45319232,FALSE
02-08-2009 08:00,8.388,0.0107,7.75453824,FALSE
09-08-2009 08:00,8.681,0.0107,8.02541088,FALSE
15-08-2009 08:00,12.29,0.0215,22.829904,FALSE
16-08-2009 08:00,9.914,0.0119,10.19317824,FALSE
23-08-2009 08:00,12.29,0.0164,17.4144384,FALSE
30-08-2009 08:00,6.489,0.0118,6.61566528,FALSE
06-09-2009 08:00,10.56,0.0089,8.1202176,FALSE
13-09-2009 08:00,15.79,0.0104,14.1882624,FALSE
20-09-2009 08:00,16.2,0.0096,13.436928,FALSE
21-09-2009 08:00,17.06,0.0102,15.0346368,FALSE
25-09-2009 08:00,16.2,0.0096,13.436928,FALSE
27-09-2009 08:00,12.29,0.0113,11.9989728,FALSE
28-09-2009 08:00,13.79,0.0124,14.7740544,FALSE
02-10-2009 08:00,14.57,0.0096,12.0849408,FALSE
04-10-2009 08:00,15.17,0.0106,13.8932928,FALSE
11-10-2009 08:00,13.03,0.01,11.25792,FALSE
17-10-2009 08:00,13.4,0.0103,11.924928,FALSE
18-10-2009 08:00,10.56,0.0081,7.3903104,FALSE
25-10-2009 08:00,8.681,0.0088,6.60033792,FALSE
01-11-2009 08:00,9.286,0.0098,7.86264192,FALSE
02-11-2009 08:00,8.981,0.0094,7.29400896,FALSE
15-11-2009 08:00,38.89,0.0267,89.7145632,FALSE
22-11-2009 08:00,22.21,0.0144,27.6327936,FALSE
28-11-2009 08:00,8.981,0.0093,7.21641312,FALSE
29-11-2009 08:45,7.004,0.0073,4.41756288,FALSE
06-12-2009 08:00,11.07,0.0096,9.1819008,FALSE
13-12-2009 08:00,13.16,0.0128,14.5539072,FALSE
20-12-2009 08:00,13.53,0.0109,12.7420128,FALSE
25-12-2009 08:00,13.53,0.0109,12.7420128,FALSE
27-12-2009 08:00,12.8,0.0091,10.063872,FALSE
28-12-2009 08:00,13.16,0.01,11.37024,FALSE
03-01-2010 08:45,13.16,0.01,11.37024,FALSE
10-01-2010 08:00,14.28,0.0089,10.9807488,FALSE
14-01-2010 08:00,14.47,0.0099,12.3770592,FALSE
17-01-2010 08:00,15.86,0.01,13.70304,FALSE
24-01-2010 08:00,14.47,0.0099,12.3770592,FALSE
26-01-2010 08:00,12.8,0.0098,10.838016,FALSE
31-01-2010 08:00,14.28,0.0098,12.0911616,FALSE
07-02-2010 08:00,8.599,0.0068,5.05208448,FALSE
12-02-2010 08:00,9.485,0.0108,8.8506432,FALSE
14-02-2010 08:00,9.637,0.0109,9.07574112,FALSE
21-02-2010 08:00,5.538,0.0109,5.21546688,FALSE
27-02-2010 08:00,6.721,0.0119,6.91026336,FALSE
28-02-2010 08:00,6.973,0.0124,7.47059328,FALSE
07-03-2010 08:00,6.232,0.0119,6.40749312,FALSE
14-03-2010 08:00,4.889,0.0108,4.56202368,FALSE
21-03-2010 08:00,4.095,0.0081,2.8658448,FALSE
28-03-2010 08:00,4.683,0.0141,5.70501792,FALSE
02-04-2010 08:00,2.047,0.0085,1.5033168,FALSE
04-04-2010 08:00,2.741,0.012,2.8418688,FALSE
11-04-2010 08:00,2.449,0.017,3.5970912,FALSE
14-04-2010 08:00,2.593,0.0129,2.89005408,FALSE
18-04-2010 08:00,3.051,0.0153,4.03317792,FALSE
25-04-2010 08:00,2.893,0.0118,2.94947136,FALSE
02-05-2010 08:00,4.286,0.0101,3.74013504,FALSE
09-05-2010 08:00,4.482,0.0113,4.37586624,FALSE
16-05-2010 08:00,4.095,0.0175,6.19164,FALSE
23-05-2010 08:00,9.791,0.009,7.6134816,FALSE
27-05-2010 08:00,11.4,0.0086,8.470656,FALSE
30-05-2010 08:00,10.1,0.0076,6.632064,FALSE
06-06-2010 08:00,7.312,0.0051,3.22195968,FALSE
13-06-2010 08:00,11.92,0.0092,9.4749696,FALSE
20-06-2010 08:00,5.309,0.0082,3.76132032,FALSE
27-06-2010 08:00,5.848,0.009,4.5474048,FALSE
04-07-2010 08:00,5.309,0.0082,3.76132032,FALSE
11-07-2010 08:00,3.636,0.006,1.8849024,FALSE
18-07-2010 08:00,5.309,0.0082,3.76132032,FALSE
25-07-2010 08:00,2.64,0.0069,1.5738624,FALSE
01-08-2010 08:00,5.05,0.0078,3.403296,FALSE
08-08-2010 08:00,11.13,0.0086,8.2700352,FALSE
15-08-2010 08:00,9.648,0.0051,4.25129472,FALSE
22-08-2010 08:00,10.01,0.0069,5.9675616,FALSE
29-08-2010 08:00,8.272,0.0075,5.360256,FALSE
05-09-2010 08:00,14,0.0093,11.24928,FALSE
10-09-2010 08:00,13.15,0.0056,6.362496,FALSE
12-09-2010 08:00,12.32,0.0085,9.047808,FALSE
19-09-2010 08:00,12.73,0.006,6.599232,FALSE
26-09-2010 08:00,11.13,0.0086,8.2700352,FALSE
02-10-2010 08:00,16.73,0.0077,11.1301344,FALSE
03-10-2010 08:00,28.27,0.0087,21.2499936,FALSE
10-10-2010 08:00,13.57,0.0058,6.8001984,FALSE
15-10-2010 08:00,14.44,0.0066,8.2342656,FALSE
17-10-2010 08:00,11.13,0.0055,5.288976,FALSE
24-10-2010 08:00,11.52,0.0056,5.5738368,FALSE
31-10-2010 08:00,15.33,0.0076,10.0662912,FALSE
05-11-2010 08:00,15.33,0.0076,10.0662912,FALSE
07-11-2010 08:00,15.79,0.0081,11.0504736,FALSE
14-11-2010 08:00,18.19,0.0094,14.7731904,FALSE
17-11-2010 08:00,34.18,0.0104,30.7127808,FALSE
28-11-2010 08:00,41.51,0.0107,38.3751648,FALSE
05-12-2010 08:00,39.22,0.0135,45.746208,FALSE
12-12-2010 08:00,38.34,0.0124,41.0759424,FALSE
17-12-2010 08:00,32.08,0.0106,29.3801472,FALSE
19-12-2010 08:00,31.68,0.0105,28.740096,FALSE
25-12-2010 08:00,17.11,0.009,13.304736,FALSE
26-12-2010 08:00,16.05,0.0085,11.78712,FALSE
02-01-2011 08:00,15.02,0.006,7.786368,FALSE
09-01-2011 08:00,14.52,0.0058,7.2762624,FALSE
15-01-2011 08:00,14.07,0.0056,6.8076288,FALSE
16-01-2011 08:00,14.52,0.0058,7.2762624,FALSE
23-01-2011 08:00,13.63,0.0051,6.0059232,FALSE
26-01-2011 08:00,13.19,0.005,5.69808,FALSE
30-01-2011 08:00,15.53,0.0058,7.7823936,FALSE
06-02-2011 08:00,14.07,0.0053,6.4429344,FALSE
13-02-2011 08:00,6.425,0.0091,5.051592,FALSE
16-02-2011 08:00,8.123,0.0115,8.0710128,FALSE
20-02-2011 08:00,10.06,0.0038,3.3028992,FALSE
27-02-2011 08:00,14.07,0.0053,6.4429344,FALSE
06-03-2011 08:00,7.531,0.0112,7.28759808,FALSE
13-03-2011 08:00,7.244,0.0108,6.75952128,FALSE
20-03-2011 08:00,4.958,0.0093,3.98385216,FALSE
27-03-2011 08:00,8.43,0.0125,9.1044,FALSE
03-04-2011 08:00,2.995,0.0064,1.6561152,FALSE
10-04-2011 08:00,1.368,0.0107,1.26468864,FALSE
13-04-2011 08:00,1.265,0.0099,1.0820304,FALSE
14-04-2011 08:00,1.706,0.0134,1.97513856,FALSE
16-04-2011 08:00,2.088,0.0083,1.49734656,FALSE
17-04-2011 08:00,1.828,0.0143,2.25853056,FALSE
22-04-2011 08:00,3.166,0.0126,3.44663424,FALSE
24-04-2011 08:00,3.71,0.0148,4.7440512,FALSE
01-05-2011 08:00,4.103,0.0135,4.7857392,FALSE
08-05-2011 08:00,2.83,0.0113,2.7629856,FALSE
15-05-2011 08:00,1.828,0.0073,1.15295616,FALSE
17-05-2011 08:00,1.476,0.0059,0.75240576,FALSE
22-05-2011 08:00,12.34,0.0046,4.9044096,FALSE
29-05-2011 08:00,13.19,0.005,5.69808,FALSE
05-06-2011 08:00,8.861,0.0085,6.5075184,FALSE
12-06-2011 08:00,9.209,0.0168,13.36704768,FALSE
19-06-2011 08:00,9.928,0.0128,10.97957376,FALSE
26-06-2011 08:00,7.535,0.0124,8.0726976,FALSE
03-07-2011 08:00,9.928,0.0224,19.21425408,FALSE
10-07-2011 08:00,8.519,0.0147,10.81981152,FALSE
17-07-2011 08:00,15.74,0.0123,16.7272128,FALSE
24-07-2011 08:00,9.565,0.0126,10.4128416,FALSE
31-07-2011 08:00,7.535,0.0166,10.8069984,FALSE
07-08-2011 08:00,18.66,0.0122,19.6691328,FALSE
14-08-2011 08:00,9.209,0.0144,11.45746944,FALSE
15-08-2011 08:00,5.752,0.0133,6.60973824,FALSE
21-08-2011 08:00,9.209,0.0121,9.62745696,FALSE
22-08-2011 08:00,7.535,0.0099,6.4451376,FALSE
28-08-2011 08:00,7.856,0.0108,7.33059072,FALSE
31-08-2011 08:00,10.67,0.0145,13.367376,FALSE
01-09-2011 08:00,16.21,0.0148,20.7280512,FALSE
04-09-2011 08:00,34.97,0.0222,67.0752576,FALSE
11-09-2011 08:00,21.83,0.0166,31.3094592,FALSE
18-09-2011 08:00,25.16,0.0322,69.9971328,FALSE
25-09-2011 08:00,13.08,0.0165,18.646848,FALSE
02-10-2011 08:00,15.74,0.0117,15.9112512,FALSE
06-10-2011 08:00,11.85,0.0141,14.436144,FALSE
09-10-2011 08:00,13.51,0.0124,14.4740736,FALSE
16-10-2011 08:00,12.66,0.0113,12.3602112,FALSE
23-10-2011 08:00,11.85,0.0094,9.624096,FALSE
26-10-2011 08:00,12.66,0.0113,12.3602112,FALSE
30-10-2011 08:00,13.51,0.0149,17.3922336,FALSE
06-11-2011 08:00,43.6,0.0342,128.832768,FALSE
07-11-2011 08:00,107.9,0.0401,373.834656,FALSE
10-11-2011 08:00,22.38,0.0142,27.4575744,FALSE
13-11-2011 08:00,19.17,0.0122,20.2067136,FALSE
20-11-2011 08:00,17.66,0.0112,17.0892288,FALSE
27-11-2011 08:00,77.85,0.0373,250.888752,FALSE
04-12-2011 08:00,23.79,0.017,34.942752,FALSE
06-12-2011 08:00,19.09,0.0163,26.8848288,FALSE
11-12-2011 08:00,16.94,0.012,17.563392,FALSE
18-12-2011 08:00,16.94,0.012,17.563392,FALSE
25-12-2011 08:00,16.94,0.012,17.563392,FALSE
01-01-2012 08:00,18,0.0111,17.26272,FALSE
08-01-2012 08:00,14.93,0.0092,11.8675584,FALSE
15-01-2012 08:00,15.92,0.0098,13.4797824,FALSE
22-01-2012 08:00,16.94,0.0105,15.367968,FALSE
26-01-2012 08:00,13.98,0.0086,10.3876992,FALSE
29-01-2012 08:00,13.51,0.0083,9.6882912,FALSE
05-02-2012 08:00,14.93,0.0142,18.3173184,FALSE
12-02-2012 08:00,15.92,0.0151,20.7698688,FALSE
19-02-2012 08:00,11.09,0.0105,10.060848,FALSE
26-02-2012 08:00,9.739,0.0093,7.82548128,FALSE
04-03-2012 08:00,8.795,0.018,13.677984,FALSE
11-03-2012 08:00,7.904,0.0161,10.99478016,FALSE
18-03-2012 08:00,9.103,0.0186,14.62888512,FALSE
25-03-2012 08:00,5.791,0.0118,5.90404032,FALSE
01-04-2012 08:00,3.301,0.0112,3.19431168,FALSE
05-04-2012 08:00,3.85,0.0131,4.357584,FALSE
06-04-2012 08:00,4.044,0.0137,4.78680192,FALSE
08-04-2012 08:00,2.205,0.0075,1.42884,FALSE
13-04-2012 08:00,2.069,0.007,1.2513312,FALSE
15-04-2012 08:00,1.937,0.0066,1.10455488,FALSE
22-04-2012 08:00,1.937,0.0066,1.10455488,FALSE
29-04-2012 08:00,6.035,0.0205,10.689192,FALSE
06-05-2012 08:00,4.044,0.0081,2.83015296,FALSE
13-05-2012 08:00,6.67,0.0134,7.7222592,FALSE
20-05-2012 08:00,8.195,0.0165,11.682792,FALSE
27-05-2012 08:00,10.4,0.0209,18.779904,FALSE
03-06-2012 08:00,7.94,0.0117,8.0263872,FALSE
10-06-2012 08:00,7.357,0.0155,9.8524944,FALSE
17-06-2012 08:00,7.074,0.0139,8.49559104,FALSE
24-06-2012 08:00,3.902,0.0151,5.09070528,FALSE
01-07-2012 08:00,6.258,0.0104,5.62318848,FALSE
08-07-2012 08:00,3.697,0.0128,4.08858624,FALSE
15-07-2012 08:00,9.497,0.0152,12.47222016,FALSE
22-07-2012 08:00,3.902,0.0176,5.93353728,FALSE
29-07-2012 08:00,4.777,0.017,7.0164576,FALSE
05-08-2012 08:00,5.248,0.0149,6.75606528,FALSE
12-08-2012 08:00,8.546,0.0128,9.45119232,FALSE
15-08-2012 08:00,5.997,0.0126,6.52857408,FALSE
19-08-2012 08:00,5.997,0.0121,6.26950368,FALSE
20-08-2012 08:00,4.113,0.0112,3.98006784,FALSE
26-08-2012 08:00,5.492,0.0113,5.36194944,FALSE
02-09-2012 08:00,10.84,0.0099,9.2721024,FALSE
09-09-2012 08:00,5.492,0.0116,5.50430208,FALSE
16-09-2012 08:00,8.857,0.0107,8.18811936,FALSE
19-09-2012 08:00,6.796,0.009,5.2845696,FALSE
23-09-2012 08:00,8.546,0.0104,7.67909376,FALSE
30-09-2012 08:00,7.94,0.0104,7.1345664,FALSE
02-10-2012 08:00,7.94,0.0104,7.1345664,FALSE
07-10-2012 08:00,8.857,0.0112,8.57074176,FALSE
14-10-2012 08:00,5.997,0.0136,7.04671488,FALSE
21-10-2012 08:00,27.6,0.0253,60.331392,FALSE
23-10-2012 08:00,8.546,0.0123,9.08200512,FALSE
24-10-2012 08:00,6.524,0.0094,5.29853184,FALSE
27-10-2012 08:00,8.546,0.0163,12.03550272,FALSE
28-10-2012 08:00,8.857,0.0169,12.93263712,FALSE
04-11-2012 08:00,4.55,0.019,7.46928,FALSE
11-11-2012 08:00,7.94,0.0195,13.377312,FALSE
13-11-2012 08:00,8.24,0.0188,13.3843968,FALSE
18-11-2012 08:00,7.94,0.024,16.464384,FALSE
25-11-2012 08:00,9.497,0.0147,12.06194976,FALSE
28-11-2012 08:00,7.074,0.0193,11.79603648,FALSE
02-12-2012 08:00,16.19,0.019,26.577504,FALSE
09-12-2012 08:00,13.25,0.017,19.4616,FALSE
16-12-2012 08:00,14.47,0.0192,24.0039936,FALSE
23-12-2012 08:00,10.29,0.0104,9.2461824,FALSE
25-12-2012 08:00,11.36,0.0114,11.1891456,FALSE
30-12-2012 08:00,6.615,0.008,4.572288,FALSE
06-01-2013 08:00,10.99,0.0127,12.0591072,FALSE
13-01-2013 08:00,11.72,0.0124,12.5563392,FALSE
14-01-2013 08:00,12.09,0.0128,13.3705728,FALSE
20-01-2013 08:00,12.47,0.0129,13.8985632,FALSE
25-01-2013 08:00,10.99,0.0094,8.9256384,FALSE
26-01-2013 08:00,12.09,0.0104,10.8635904,FALSE
27-01-2013 08:00,11.36,0.0097,9.5205888,FALSE
03-02-2013 08:00,6.615,0.018,10.287648,FALSE
10-02-2013 08:00,5.343,0.0142,6.55521984,FALSE
17-02-2013 08:00,4.488,0.0139,5.38990848,FALSE
24-02-2013 08:00,5.107,0.0086,3.79470528,FALSE
03-03-2013 08:00,2.651,0.01,2.290464,FALSE
10-03-2013 08:00,2.795,0.0149,3.5981712,FALSE
17-03-2013 08:00,5.834,0.0177,8.92181952,FALSE
24-03-2013 08:00,2.376,0.0182,3.73621248,FALSE
29-03-2013 08:00,2.795,0.0167,4.0328496,FALSE
31-03-2013 08:00,1.996,0.0119,2.05220736,FALSE
07-04-2013 08:00,0.473,0.0097,0.39641184,FALSE
14-04-2013 08:00,1.996,0.0153,2.63855232,FALSE
21-04-2013 08:00,1.764,0.0089,1.35644544,FALSE
24-04-2013 08:00,2.245,0.012,2.327616,FALSE
28-04-2013 08:00,2.943,0.0154,3.91583808,FALSE
05-05-2013 08:00,6.088,0.0156,8.20564992,FALSE
12-05-2013 08:00,5.107,0.0174,7.67765952,FALSE
19-05-2013 08:00,4.884,0.0169,7.13142144,FALSE
25-05-2013 08:00,4.297,0.0132,4.90064256,FALSE
26-05-2013 08:00,4.683,0.0144,5.82640128,FALSE
02-06-2013 08:00,4.93,0.015,6.38928,FALSE
09-06-2013 08:00,2.041,0.0148,2.60986752,FALSE
16-06-2013 08:00,3.468,0.0237,7.10135424,FALSE
30-06-2013 08:00,5.437,0.0071,3.33527328,FALSE
07-07-2013 08:00,4.791,0.01,4.139424,FALSE
14-07-2013 08:00,5.512,0.0089,4.23850752,FALSE
21-07-2013 08:00,7.404,0.0096,6.14117376,FALSE
28-07-2013 08:00,6.965,0.0145,8.725752,FALSE
09-08-2013 08:00,10.17,0.0095,8.347536,FALSE
11-08-2013 08:00,18.57,0.0173,27.7569504,FALSE
15-08-2013 08:00,18.95,0.0177,28.979856,FALSE
18-08-2013 08:00,9.122,0.0109,8.59073472,FALSE
25-08-2013 08:00,11.99,0.0113,11.7060768,FALSE
01-09-2013 08:00,25.04,0.013,28.124928,FALSE
08-09-2013 08:00,13.99,0.0115,13.900464,FALSE
09-09-2013 08:00,11.75,0.0112,11.37024,FALSE
15-09-2013 08:00,12.47,0.0113,12.1747104,FALSE
29-09-2013 08:00,11.29,0.0116,11.3152896,FALSE
02-10-2013 08:00,16.02,0.012,16.609536,FALSE
06-10-2013 08:00,18.1,0.0142,22.206528,FALSE
11-10-2013 08:00,15.33,0.0131,17.3511072,FALSE
13-10-2013 08:00,17.36,0.0139,20.8486656,FALSE
16-10-2013 08:00,10.17,0.0099,8.6990112,FALSE
20-10-2013 08:00,12.11,0.0102,10.6723008,FALSE
27-10-2013 08:00,8.429,0.0096,6.99134976,FALSE
02-11-2013 08:45,8.237,0.0105,7.4726064,FALSE
03-11-2013 08:00,7.585,0.0102,6.6845088,FALSE
10-11-2013 08:00,6.213,0.0106,5.69011392,FALSE
15-11-2013 08:00,9.224,0.0098,7.81014528,FALSE
17-11-2013 08:00,10.17,0.0085,7.468848,FALSE
24-11-2013 08:00,9.743,0.0118,9.93318336,FALSE
01-12-2013 08:00,13.23,0.0107,12.2308704,FALSE
08-12-2013 08:00,14.6,0.0171,21.570624,FALSE
15-12-2013 08:00,14.6,0.0125,15.768,FALSE
22-12-2013 08:00,15.03,0.0147,19.0893024,FALSE
25-12-2013 08:00,14.6,0.01,12.6144,FALSE
29-12-2013 08:00,15.47,0.0132,17.6432256,FALSE
05-01-2014 08:00,14.6,0.0125,15.768,FALSE
12-01-2014 08:00,15.03,0.0147,19.0893024,FALSE
14-01-2014 08:00,15.47,0.0152,20.3164416,FALSE
19-01-2014 08:00,14.6,0.0125,15.768,FALSE
26-01-2014 08:00,15.91,0.0129,17.7326496,FALSE
02-02-2014 08:00,15.91,0.0165,22.681296,FALSE
09-02-2014 08:00,9.332,0.0132,10.64295936,FALSE
16-02-2014 08:00,10.94,0.0137,12.9494592,FALSE
23-02-2014 08:00,10.35,0.0148,13.234752,FALSE
02-03-2014 08:00,9.833,0.014,11.8939968,FALSE
09-03-2014 08:00,8.271,0.0117,8.36098848,FALSE
16-03-2014 08:00,5.599,0.0078,3.77327808,FALSE
30-03-2014 08:00,4.304,0.0173,6.43327488,FALSE
31-03-2014 08:00,6.634,0.0184,10.54646784,FALSE
06-04-2014 08:00,3.022,0.0209,5.45700672,FALSE
13-04-2014 08:00,3.504,0.0162,4.90447872,FALSE
14-04-2014 08:00,3.442,0.0159,4.72848192,FALSE
18-04-2014 08:00,3.631,0.0112,3.51364608,FALSE
20-04-2014 08:00,2.038,0.0063,1.10932416,FALSE
27-04-2014 08:00,2.965,0.0092,2.3568192,FALSE
04-05-2014 08:00,3.76,0.0116,3.7684224,FALSE
11-05-2014 08:00,2.908,0.009,2.2612608,FALSE
14-05-2014 08:00,1.925,0.006,0.99792,FALSE
18-05-2014 08:00,3.139,0.0125,3.39012,FALSE
01-06-2014 08:00,4.023,0.0122,4.24056384,FALSE
08-06-2014 08:00,2.685,0.019,4.407696,FALSE
15-06-2014 08:00,2.567,0.0126,2.79453888,FALSE
22-06-2014 08:00,3.187,0.0128,3.52456704,FALSE
29-06-2014 08:00,1.687,0.012,1.7490816,FALSE
06-07-2014 08:00,10.85,0.0134,12.561696,FALSE
13-07-2014 08:00,3.321,0.0231,6.62818464,FALSE
20-07-2014 08:00,3.057,0.014,3.6977472,FALSE
27-07-2014 08:00,6.655,0.0206,11.8448352,FALSE
29-07-2014 08:00,6.231,0.0205,11.0363472,FALSE
03-08-2014 08:00,12.05,0.0166,17.282592,FALSE
10-08-2014 08:00,4.023,0.0135,4.6924272,FALSE
15-08-2014 08:00,5.179,0.0175,7.830648,FALSE
17-08-2014 08:00,4.023,0.0145,5.0400144,FALSE
24-08-2014 08:00,7.399,0.0123,7.86306528,FALSE
29-08-2014 08:00,5.56,0.0141,6.7734144,FALSE
31-08-2014 08:00,9.029,0.0145,11.3115312,FALSE
07-09-2014 08:00,24.36,0.0187,39.3579648,FALSE
14-09-2014 08:00,11.64,0.0136,13.6774656,FALSE
21-09-2014 08:00,22.54,0.0198,38.5596288,FALSE
28-09-2014 08:00,19.69,0.0289,49.1651424,FALSE
02-10-2014 08:00,34,0.0177,51.99552,FALSE
03-10-2014 08:00,18.09,0.0139,21.7253664,FALSE
05-10-2014 08:00,12.05,0.0127,13.222224,FALSE
06-10-2014 08:00,16.07,0.0139,19.2994272,FALSE
12-10-2014 08:00,10.1,0.0125,10.908,FALSE
19-10-2014 08:00,9.378,0.0141,11.42465472,FALSE
22-10-2014 08:00,12.05,0.0169,17.594928,FALSE
26-10-2014 08:00,27.58,0.0167,39.7946304,FALSE
02-11-2014 08:00,33.24,0.0153,43.9406208,FALSE
04-11-2014 08:00,25.62,0.0164,36.3025152,FALSE
06-11-2014 08:00,15.12,0.0142,18.5504256,FALSE
09-11-2014 08:00,23.14,0.0161,32.1886656,FALSE
16-11-2014 08:00,18.61,0.016,25.726464,FALSE
23-11-2014 08:00,13.75,0.0136,16.1568,FALSE
30-11-2014 08:00,12.46,0.0121,13.0261824,FALSE
07-12-2014 08:00,13.76,0.0155,18.427392,FALSE
14-12-2014 08:00,18.77,0.0384,62.2743552,FALSE
21-12-2014 08:00,14.18,0.0179,21.9302208,FALSE
25-12-2014 08:00,11.78,0.0245,24.935904,FALSE
28-12-2014 08:00,16.84,0.0288,41.9033088,FALSE
04-01-2015 08:00,11.78,0.023,23.409216,FALSE
11-01-2015 08:00,17.31,0.0153,22.8824352,FALSE
15-01-2015 08:00,18.77,0.0161,26.1098208,FALSE
18-01-2015 08:00,18.77,0.0161,26.1098208,FALSE
25-01-2015 08:00,13.97,0.0182,21.9675456,FALSE
26-01-2015 08:00,14.18,0.0188,23.0328576,FALSE
01-02-2015 08:00,17.31,0.0188,28.1169792,FALSE
08-02-2015 08:00,16.61,0.0193,27.6975072,FALSE
15-02-2015 08:00,16.61,0.021,30.137184,FALSE
22-02-2015 08:00,13.15,0.0164,18.633024,FALSE
01-03-2015 08:00,13.55,0.0142,16.624224,FALSE
08-03-2015 08:00,6.89,0.017,10.120032,FALSE
15-03-2015 08:00,4.89,0.0185,7.816176,FALSE
22-03-2015 08:00,3.84,0.0163,5.4079488,FALSE
29-03-2015 08:00,7.028,0.0185,11.2335552,FALSE
02-04-2015 08:00,3.281,0.0161,4.56400224,FALSE
03-04-2015 08:00,2.462,0.0159,3.38219712,FALSE
05-04-2015 08:00,3.462,0.0162,4.84569216,FALSE
12-04-2015 08:00,2.314,0.0159,3.17888064,FALSE
14-04-2015 08:00,7.169,0.0171,10.59176736,FALSE
19-04-2015 08:00,4.038,0.0163,5.68679616,FALSE
26-04-2015 08:00,3.84,0.0224,7.4317824,FALSE
03-05-2015 08:00,4.89,0.0128,5.4079488,FALSE
04-05-2015 08:00,3.84,0.0101,3.3509376,FALSE
10-05-2015 08:00,2.854,0.016,3.9453696,FALSE
17-05-2015 08:00,25.91,0.0103,23.0578272,FALSE
24-05-2015 08:00,5.118,0.0166,7.34044032,FALSE
31-05-2015 08:00,3.84,0.0163,5.4079488,FALSE
07-06-2015 08:00,4.952,0.002,0.8557056,FALSE
14-06-2015 08:00,10.92,0.016,15.095808,FALSE
21-06-2015 08:00,6.73,0.021,12.210912,FALSE
28-06-2015 08:00,6.73,0.024,13.955328,FALSE
05-07-2015 08:00,4.634,0.021,8.4079296,FALSE
12-07-2015 08:00,5.51,0.02,9.52128,FALSE
18-07-2015 08:00,9.925,0.02,17.1504,FALSE
19-07-2015 08:00,8.093,0.023,16.0824096,FALSE
26-07-2015 08:00,4.035,0.019,6.623856,FALSE
02-08-2015 08:00,3.309,0.02,5.717952,FALSE
09-08-2015 08:00,7.669,0.018,11.9268288,FALSE
30-08-2015 08:00,4.634,0.019,7.6071744,FALSE
06-09-2015 08:00,13.47,0.022,25.603776,FALSE
13-09-2015 08:00,10.92,0.014,13.208832,FALSE
17-09-2015 08:00,10.58,0.013,11.883456,FALSE
20-09-2015 08:00,9.29,0.011,8.829216,FALSE
27-09-2015 08:00,4.634,0.019,7.6071744,FALSE
02-10-2015 08:00,5.396,0.016,7.4594304,FALSE
04-10-2015 08:00,3.14,0.013,3.526848,FALSE
11-10-2015 08:00,2.234,0.0106,2.04598656,FALSE
18-10-2015 08:00,1.971,0.013,2.2138272,FALSE
21-10-2015 08:00,9.764,0.017,14.3413632,FALSE
22-10-2015 08:00,12.71,0.015,16.47216,FALSE
24-10-2015 08:00,13.28,0.016,18.358272,FALSE
25-10-2015 08:00,12.71,0.015,16.47216,FALSE
01-11-2015 08:00,10.92,0.015,14.15232,FALSE
08-11-2015 08:00,4.035,0.012,4.183488,FALSE
10-11-2015 08:00,7.258,0.013,8.1521856,FALSE
15-11-2015 08:00,6.475,0.015,8.3916,FALSE
22-11-2015 08:00,7.95,0.014,9.61632,FALSE
25-11-2015 08:00,13.09,0.037,41.846112,FALSE
29-11-2015 08:00,7.53,0.026,16.915392,FALSE
06-12-2015 08:00,19.6,0.036,60.96384,FALSE
13-12-2015 08:00,18.91,0.034,55.550016,FALSE
20-12-2015 08:00,15.86,0.018,24.665472,FALSE
24-12-2015 08:00,13.44,0.022,25.546752,FALSE
25-12-2015 08:00,13.25,0.022,25.1856,FALSE
27-12-2015 08:00,14.63,0.02,25.28064,FALSE
03-01-2016 08:00,16.28,0.018,25.318656,FALSE
10-01-2016 08:00,17.14,0.021,31.098816,FALSE
15-01-2016 08:00,16.71,0.019,27.431136,FALSE
17-01-2016 08:00,17.14,0.021,31.098816,FALSE
24-01-2016 08:00,13.06,0.017,19.182528,FALSE
26-01-2016 08:00,14.63,0.02,25.28064,FALSE
31-01-2016 08:00,13.06,0.017,19.182528,FALSE
07-02-2016 08:00,11.94,0.02,20.63232,FALSE
14-02-2016 08:00,11.58,0.02,20.01024,FALSE
21-02-2016 08:00,9.504,0.017,13.9594752,FALSE
28-02-2016 08:00,11.22,0.019,18.418752,FALSE
06-03-2016 08:00,8.076,0.014,9.7687296,FALSE
13-03-2016 08:00,7.041,0.02,12.166848,FALSE
20-03-2016 08:00,4.223,0.021,7.6622112,FALSE
25-03-2016 08:00,4.568,0.019,7.4988288,FALSE
27-03-2016 08:00,4.111,0.021,7.4589984,FALSE
03-04-2016 08:00,3.571,0.018,5.5536192,FALSE
10-04-2016 08:00,5.421,0.022,10.3042368,FALSE
14-04-2016 08:00,4.685,0.02,8.09568,FALSE
17-04-2016 08:00,4,0.019,6.5664,FALSE
20-04-2016 08:00,4,0.019,6.5664,FALSE
24-04-2016 08:00,3.365,0.018,5.233248,FALSE
01-05-2016 08:00,6.072,0.02,10.492416,FALSE
08-05-2016 08:00,5.17,0.012,5.360256,FALSE
15-05-2016 08:00,5.17,0.012,5.360256,FALSE
21-05-2016 08:00,10.34,0.012,10.720512,FALSE
22-05-2016 08:00,10.34,0.012,10.720512,FALSE
29-05-2016 08:00,11.22,0.013,12.602304,FALSE
13-05-2019 08:30,2.684,0.0206,4.77709056,FALSE
05-01-2020 08:00,13,0,0,TRUE
12-01-2020 08:00,13,0,0,TRUE
15-01-2020 08:00,13.17,0,0,TRUE
19-01-2020 08:00,15,0,0,TRUE
26-01-2020 08:00,15,0,0,TRUE
01-03-2020 08:00,12.6,0,0,TRUE
07-02-2021 08:00,14.01,0,0,TRUE
02-04-2021 08:00,3.2,0,0,TRUE
01-08-2021 08:00,4.5,0,0,TRUE
09-10-2022 08:00,4.896,0,0,TRUE
03-06-2023 08:15,2.125,0.022,4.0392,FALSE
25-12-2023 08:00,4.7,0,0,TRUE
11-04-2024 08:00,4.1,0,0,TRUE
05-08-2002 08:45,7.5761127,0.0193,12.63331945,FALSE
06-08-2002 09:07,8.991053,0.0171,13.28374134,FALSE
07-08-2002 09:30,7.8022323,0.0246,16.58317662,FALSE
08-08-2002 09:30,9.100379,0.0274,21.54387323,FALSE
09-08-2002 09:30,8.899194,0.0201,15.45469627,FALSE
10-08-2002 09:15,9.304917,0.0333,26.7713628,FALSE
12-08-2002 09:15,9.599284,0.0417,34.58506834,FALSE
13-08-2002 09:30,9.581838,0.0244,20.2000476,FALSE
14-08-2002 09:15,9.638146,0.0339,28.22974411,FALSE
16-08-2002 09:15,7.062048,0.0159,9.70155906,FALSE
17-08-2002 10:00,20.370127,0.0378,66.52720517,FALSE
19-08-2002 09:15,9.73483,0.0016,1.345742899,FALSE
20-08-2002 09:15,9.592312,0.0191,15.82961695,FALSE
21-08-2002 09:00,5.710459,0.0189,9.324951129,FALSE
22-08-2002 09:15,4.447735,0.0151,5.80269299,FALSE
23-08-2002 09:15,3.8597448,0.0186,6.202764283,FALSE
24-08-2002 09:15,5.8850036,0.0179,9.101511168,FALSE
26-08-2002 09:15,5.573182,0,0,TRUE
27-08-2002 09:45,4.5290604,0.0207,8.100133944,FALSE
28-08-2002 09:45,6.158701,0.0213,11.33398062,FALSE
29-08-2002 09:45,6.1077,0.0196,10.34302349,FALSE
30-08-2002 09:15,2.7783961,0.0189,4.537009695,FALSE
31-08-2002 09:15,3.6528587,0.0231,7.290521508,FALSE
02-09-2002 09:15,9.924588,0.0247,21.17986476,FALSE
03-09-2002 09:15,11.137539,0.0046,4.4265035,FALSE
04-09-2002 09:30,11.466108,0.0024,2.377612155,FALSE
05-09-2002 09:45,15.159788,0.0262,34.3169089,FALSE
06-09-2002 09:30,18.042149,0.0253,39.43869434,FALSE
07-09-2002 09:45,17.970776,0.0134,20.80584562,FALSE
09-09-2002 09:07,10.398523,0.0098,8.804637395,FALSE
11-09-2002 09:15,12.283245,0.0031,3.289944341,FALSE
12-09-2002 09:30,12.69096,0.0145,15.89923469,FALSE
13-09-2002 09:45,20.292585,0.0067,11.7469716,FALSE
14-09-2002 09:31,18.106812,0.0028,4.380399959,FALSE
16-09-2002 09:16,12.24856,0.0089,9.418652698,FALSE
17-09-2002 09:45,16.326797,0.0105,14.81167024,FALSE
18-09-2002 09:33,14.207335,0.0109,13.37989981,FALSE
19-09-2002 09:33,14.651186,0.0197,24.93749067,FALSE
20-09-2002 09:46,15.595511,0.0292,39.34560279,FALSE
21-09-2002 09:03,13.512951,0.0171,19.96457433,FALSE
23-09-2002 09:22,12.846655,0.013,14.4293629,FALSE
24-09-2002 09:33,24.20746,0.0353,73.8308164,FALSE
25-09-2002 09:45,22.835018,0.0171,33.73736899,FALSE
26-09-2002 09:45,19.095945,0.0209,34.48269364,FALSE
27-09-2002 09:45,18.971846,0.0126,20.65351043,FALSE
28-09-2002 09:45,20.144428,0.0122,21.23383867,FALSE
30-09-2002 09:45,18.7132,0.0147,23.76726106,FALSE
01-10-2002 09:45,16.256102,0.0127,17.8374956,FALSE
03-10-2002 09:30,18.77453,0.0145,23.52073118,FALSE
04-10-2002 09:16,18.681597,0.0118,19.04626177,FALSE
05-10-2002 09:30,14.293409,0.0167,20.62367398,FALSE
07-10-2002 09:30,25.226797,0.0988,215.3440118,FALSE
08-10-2002 09:30,16.321026,0.0393,55.4183702,FALSE
09-10-2002 09:37,14.707097,0.0482,61.24741131,FALSE
10-10-2002 09:15,8.59554,0.0159,11.80820903,FALSE
11-10-2002 09:15,10.037045,0.0153,13.26817053,FALSE
12-10-2002 09:00,11.811558,0.0096,9.796978668,FALSE
16-10-2002 09:15,6.394652,0.0093,5.138230775,FALSE
17-10-2002 09:15,6.5753083,0.0084,4.772095752,FALSE
18-10-2002 09:15,8.584683,0.0121,8.974770996,FALSE
19-10-2002 09:15,8.277018,0.0121,8.653125698,FALSE
21-10-2002 09:15,5.120548,0.0268,11.8567313,FALSE
22-10-2002 09:15,4.347865,0.0366,13.74899262,FALSE
23-10-2002 09:30,6.502873,0.0253,14.21476015,FALSE
24-10-2002 09:15,7.1412983,0.018,11.10614712,FALSE
25-10-2002 09:15,8.990342,0.0247,19.18610906,FALSE
26-10-2002 09:15,9.257119,0.0234,18.71567291,FALSE
28-10-2002 09:15,9.034253,0.0133,10.38144081,FALSE
29-10-2002 09:30,9.342619,0.0446,36.00122176,FALSE
30-10-2002 09:15,19.39896,0.0643,107.7713103,FALSE
31-10-2002 09:15,9.545046,0.1064,87.74722608,FALSE
01-11-2002 09:15,9.480825,0.0528,43.25076518,FALSE
02-11-2002 09:15,5.02143,0.0164,7.115165453,FALSE
05-11-2002 09:45,3.6500769,0.015,4.730499662,FALSE
06-11-2002 09:15,5.6445036,0.0128,6.242369421,FALSE
07-11-2002 09:15,7.262801,0.0161,10.1028467,FALSE
08-11-2002 09:15,3.6880596,0.0101,3.218348329,FALSE
09-11-2002 09:15,3.6025717,0.0152,4.731185362,FALSE
11-11-2002 09:15,4.6618514,0.0209,8.418184784,FALSE
12-11-2002 09:15,5.0740695,0.0179,7.847352926,FALSE
13-11-2002 09:15,4.0522323,0.0205,7.17731385,FALSE
14-11-2002 09:15,4.2134066,0.0251,9.137362089,FALSE
15-11-2002 09:15,6.5987763,0.0153,8.723054366,FALSE
16-11-2002 09:15,10.178348,0.0091,8.002624332,FALSE
18-11-2002 09:15,10.164563,0.0129,11.32901534,FALSE
20-11-2002 09:15,10.00775,0.0195,16.8610572,FALSE
21-11-2002 09:15,10.198307,0.0275,24.23117743,FALSE
22-11-2002 09:15,9.964794,0.0197,16.96087657,FALSE
23-11-2002 09:15,9.636452,0.013,10.82366289,FALSE
25-11-2002 09:15,11.28689,0.005,4.87593648,FALSE
26-11-2002 09:15,11.444054,0.0125,12.35957832,FALSE
27-11-2002 09:15,12.471615,0.0074,7.973851766,FALSE
28-11-2002 09:15,11.939456,0.0082,8.458865787,FALSE
29-11-2002 09:15,10.249608,0.0123,10.89246341,FALSE
30-11-2002 09:15,12.632338,0.0101,11.02348343,FALSE
02-12-2002 09:15,13.379447,0.011,12.71582643,FALSE
03-12-2002 09:00,12.578805,0.0033,3.586468882,FALSE
04-12-2002 09:00,12.532515,0.0135,14.6179255,FALSE
05-12-2002 08:45,12.957752,0.012,13.43459727,FALSE
07-12-2002 08:45,11.850431,0.0084,8.600568803,FALSE
09-12-2002 08:45,12.893305,0.0305,33.97643734,FALSE
10-12-2002 08:45,12.595173,0.0063,6.855804567,FALSE
11-12-2002 08:45,28.167227,0.0256,62.30139937,FALSE
12-12-2002 09:00,25.195967,0.0191,41.57939258,FALSE
13-12-2002 09:00,20.181799,0.0015,2.61556115,FALSE
14-12-2002 09:00,19.924854,0.0136,23.41250044,FALSE
16-12-2002 09:00,14.159718,0.0187,22.87757318,FALSE
17-12-2002 09:00,15.924095,0.0103,14.17117062,FALSE
18-12-2002 09:00,16.520826,0.0163,23.26660967,FALSE
19-12-2002 09:00,16.841805,0.0116,16.87953064,FALSE
20-12-2002 09:00,16.47479,0.0089,12.66845452,FALSE
21-12-2002 09:00,17.471062,0.0082,12.37789801,FALSE
23-12-2002 09:00,16.88219,0.0177,25.81759552,FALSE
24-12-2002 09:00,17.034958,0.0182,26.78713076,FALSE
26-12-2002 09:00,16.373402,0.018,25.46391479,FALSE
27-12-2002 09:00,15.759578,0.0179,24.37313295,FALSE
28-12-2002 09:00,15.852765,0.0116,15.88827519,FALSE
30-12-2002 09:00,16.607079,0.0173,24.82293312,FALSE
31-12-2002 09:00,13.11,0.0243,27.5247072,FALSE
01-01-2003 09:00,13.617517,0.0338,39.76750725,FALSE
02-01-2003 09:30,19.393362,0.0163,27.31205957,FALSE
03-01-2003 09:00,19.20096,0.0137,22.72779233,FALSE
04-01-2003 09:00,19.534689,0.0224,37.8066557,FALSE
06-01-2003 09:00,19.21738,0.0191,31.71328917,FALSE
07-01-2003 09:00,13.050232,0.0093,10.48612242,FALSE
08-01-2003 09:00,15.176777,0.0142,18.62008417,FALSE
09-01-2003 09:00,15.133353,0.008,10.46017359,FALSE
10-01-2003 09:00,20.170649,0.0107,18.64736159,FALSE
11-01-2003 09:00,20.261534,0.0159,27.83448495,FALSE
13-01-2003 09:00,19.303709,0.0234,39.02746671,FALSE
14-01-2003 09:00,17.498095,0.0071,10.7340314,FALSE
16-01-2003 09:15,17.596401,0.0077,11.70653366,FALSE
17-01-2003 09:00,18.177996,0.0038,5.968199647,FALSE
18-01-2003 09:00,20.666376,0.0024,4.285379727,FALSE
20-01-2003 09:00,12.646994,0.0072,7.867442028,FALSE
21-01-2003 09:00,12.823077,0.0012,1.329496623,FALSE
22-01-2003 09:00,18.186165,0.0159,24.98342603,FALSE
23-01-2003 09:00,24.113853,0.0343,71.46188564,FALSE
24-01-2003 09:00,20.032469,0.0162,28.03904621,FALSE
25-01-2003 09:00,19.520922,0.0213,35.92474318,FALSE
27-01-2003 09:00,20.034185,0.0194,33.58049953,FALSE
28-01-2003 09:00,19.56395,0.0209,35.32779835,FALSE
29-01-2003 09:00,23.248621,0.0183,36.75885964,FALSE
30-01-2003 09:00,22.556572,0.0213,41.51131058,FALSE
31-01-2003 09:00,23.600225,0.0171,34.86791642,FALSE
01-02-2003 08:45,9.71,0.0023,1.9295712,FALSE
03-02-2003 08:45,9.377356,0.0099,8.021015228,FALSE
04-02-2003 09:00,7.2979145,0.0015,0.945809719,FALSE
05-02-2003 08:45,7.344472,0.0132,8.376223427,FALSE
06-02-2003 08:45,7.4429946,0.0031,1.993531674,FALSE
07-02-2003 08:45,7.17955,0.0035,2.17109592,FALSE
08-02-2003 08:45,7.3310595,0.0091,5.763972221,FALSE
10-02-2003 08:45,13.992043,0.02,24.1782503,FALSE
11-02-2003 09:00,14.533803,0.0122,15.31979107,FALSE
13-02-2003 09:00,12.956171,0.0106,11.86577965,FALSE
14-02-2003 09:00,12.391194,0.0035,3.747097066,FALSE
15-02-2003 08:31,11.066864,0.0104,9.944241316,FALSE
17-02-2003 08:45,11.53373,0.0033,3.288497098,FALSE
18-02-2003 08:45,11.265807,0.0099,9.636320676,FALSE
19-02-2003 08:45,8.042212,0.0028,1.945571927,FALSE
20-02-2003 08:45,7.1026735,0.0019,1.165974882,FALSE
21-02-2003 08:45,6.3080945,0.0211,11.4999086,FALSE
22-02-2003 08:45,6.4779925,0.0148,8.28353857,FALSE
24-02-2003 08:45,8.012038,0.0013,0.899912108,FALSE
25-02-2003 08:45,8.035937,0.0115,7.984507003,FALSE
26-02-2003 08:45,7.8970256,0.0061,4.162048372,FALSE
27-02-2003 09:00,35.466705,0.0129,39.52977072,FALSE
28-02-2003 08:45,8.666558,0.0058,4.342985545,FALSE
01-03-2003 08:45,8.359284,0.0046,3.322313833,FALSE
03-03-2003 08:45,8.17667,0.005,3.53232144,FALSE
04-03-2003 08:45,3.3416917,0.0006,0.173233298,FALSE
05-03-2003 08:45,4.5995526,0.0025,0.993503362,FALSE
06-03-2003 08:45,12.600728,0.0014,1.524184059,FALSE
07-03-2003 08:45,11.955807,0.0017,1.756068932,FALSE
08-03-2003 08:45,11.139961,0.0038,3.657471996,FALSE
10-03-2003 08:45,7.9633236,0.0067,4.609808766,FALSE
11-03-2003 08:45,7.3586864,0.0031,1.970950565,FALSE
12-03-2003 08:45,7.562788,0.0021,1.372192255,FALSE
13-03-2003 09:30,6.537041,0.0053,2.993441815,FALSE
15-03-2003 08:00,6.42272,0.0126,6.992029901,FALSE
17-03-2003 08:45,6.1182694,0.0124,6.554869104,FALSE
18-03-2003 08:45,13.210869,0.0745,85.03572158,FALSE
19-03-2003 08:45,6.5891767,0.0256,14.57420459,FALSE
20-03-2003 08:45,3.5220644,0.0309,9.403066653,FALSE
21-03-2003 08:45,2.95174,0.0132,3.366400435,FALSE
25-03-2003 08:45,1.687866,0.0237,3.456209451,FALSE
26-03-2003 08:45,1.6056476,0.0164,2.275138423,FALSE
27-03-2003 08:45,1.5791373,0.0203,2.769680493,FALSE
28-03-2003 08:45,1.6535082,0.0225,3.214419941,FALSE
29-03-2003 08:45,0.863752,0.0012,0.089553807,FALSE
31-03-2003 08:45,0.7755632,0.0155,1.038634237,FALSE
01-04-2003 08:45,0.5805364,0.0078,0.391235091,FALSE
02-04-2003 08:45,0.5163006,0.0117,0.521917951,FALSE
03-04-2003 08:45,0.29560673,0.0082,0.209431456,FALSE
07-04-2003 08:45,1.2135339,0.0044,0.461337047,FALSE
08-04-2003 08:45,1.2143061,0.005,0.524580235,FALSE
09-04-2003 08:45,1.2533956,0.0132,1.429472614,FALSE
10-04-2003 08:45,1.1604565,0.0126,1.263319364,FALSE
11-04-2003 08:45,1.3114913,0.016,1.813005573,FALSE
12-04-2003 08:45,1.3088785,0.0186,2.103420105,FALSE
15-04-2003 08:31,1.3308009,0.0293,3.368949094,FALSE
16-04-2003 08:45,1.1974642,0.0046,0.475920172,FALSE
17-04-2003 08:45,1.2016609,0.0112,1.16282322,FALSE
19-04-2003 08:45,0.82423556,0.0114,0.811839057,FALSE
21-04-2003 08:45,0.8995636,0.0056,0.435244852,FALSE
22-04-2003 08:45,0.8263613,0.0079,0.564041169,FALSE
23-04-2003 08:45,0.61580825,0.0161,0.856613908,FALSE
24-04-2003 08:45,0.8977396,0.0125,0.969558768,FALSE
25-04-2003 10:30,0.8368221,0.0106,0.766395152,FALSE
26-04-2003 08:45,0.5839941,0.0041,0.20687407,FALSE
28-04-2003 08:45,1.3169557,0.0047,0.534789371,FALSE
29-04-2003 08:45,1.7907134,0.0314,4.858133826,FALSE
30-04-2003 08:45,1.53041,0.0298,3.940377235,FALSE
01-05-2003 08:31,1.5159557,0.0291,3.811476459,FALSE
02-05-2003 08:30,1.7745138,0.0189,2.897710055,FALSE
03-05-2003 08:45,1.5391197,0.021,2.792578784,FALSE
05-05-2003 08:45,1.3086349,0.0246,2.781424962,FALSE
06-05-2003 08:45,1.2142035,0.0324,3.39899271,FALSE
07-05-2003 08:30,1.1598432,0.0232,2.324882498,FALSE
08-05-2003 08:45,1.1066002,0.0446,4.264217475,FALSE
09-05-2003 08:45,0.8239854,0.0123,0.875665764,FALSE
10-05-2003 08:45,0.8551031,0.0172,1.270751615,FALSE
12-05-2003 08:45,0.93045515,0.0007,0.056273927,FALSE
13-05-2003 08:45,0.55719906,0.0029,0.139611796,FALSE
14-05-2003 08:45,0.6038034,0.0175,0.912950741,FALSE
17-05-2003 08:00,0,0,0,TRUE
18-05-2003 08:00,0,0,0,TRUE
19-05-2003 08:00,0,0,0,TRUE
20-05-2003 08:30,1.5017102,0.0022,0.285445075,FALSE
21-05-2003 08:30,1.5130471,0.003,0.392181808,FALSE
22-05-2003 08:30,1.503715,0.0136,1.766925274,FALSE
23-05-2003 08:45,1.5025884,0.0042,0.545259279,FALSE
24-05-2003 08:45,1.8127333,0.0055,0.861410864,FALSE
26-05-2003 08:30,1.8155829,0.0017,0.266672816,FALSE
27-05-2003 08:30,1.8058858,0.0012,0.18723424,FALSE
28-05-2003 08:30,1.8076899,0.0119,1.858594448,FALSE
29-05-2003 08:30,1.7986591,0.0029,0.450672024,FALSE
30-05-2003 08:30,1.657451,0.0023,0.329368663,FALSE
31-05-2003 08:30,1.5886453,0.0009,0.123533059,FALSE
02-06-2003 08:30,1.508819,0.0028,0.365013492,FALSE
03-06-2003 08:30,1.8622571,0.0031,0.498786942,FALSE
04-06-2003 08:30,1.765048,0.0066,1.006500972,FALSE
05-06-2003 08:30,0.906274,0.0012,0.093962488,FALSE
06-06-2003 08:30,1.0745473,0.0029,0.269238571,FALSE
07-06-2003 08:30,0.93975264,0.0165,1.339711364,FALSE
09-06-2003 08:30,0.66411424,0.0195,1.118899672,FALSE
10-06-2003 08:30,0.6115078,0.008,0.422674191,FALSE
11-06-2003 08:30,1.2179353,0.0058,0.610331738,FALSE
12-06-2003 08:30,1.8499271,0.0052,0.831135247,FALSE
13-06-2003 08:30,1.9321595,0.0158,2.637629577,FALSE
14-06-2003 08:30,1.8456633,0.0075,1.195989818,FALSE
16-06-2003 08:30,1.6057478,0.0056,0.776925016,FALSE
17-06-2003 08:30,1.5719137,0.0011,0.149394678,FALSE
18-06-2003 08:30,1.613377,0.0012,0.167274927,FALSE
19-06-2003 08:30,1.6108166,0.0103,1.433497909,FALSE
20-06-2003 08:30,2.3848557,0.0039,0.803600977,FALSE
21-06-2003 08:30,4.7559586,0.0227,9.327766483,FALSE
23-06-2003 11:15,7.62905,0.0024,1.581959808,FALSE
24-06-2003 08:30,7.8911586,0.0048,3.272621295,FALSE
25-06-2003 08:30,6.6583643,0.0023,1.323150154,FALSE
26-06-2003 08:30,7.382373,0.0035,2.232429595,FALSE
27-06-2003 08:30,6.611743,0.0061,3.484653031,FALSE
28-06-2003 08:30,6.4338694,0.0058,3.224140634,FALSE
30-06-2003 08:30,6.4338694,0.0044,2.445899791,FALSE
01-07-2003 08:30,6.253876,0.0029,1.566971171,FALSE
02-07-2003 08:30,5.7595806,0.0011,0.54739054,FALSE
03-07-2003 08:30,5.6954327,0.0009,0.442876847,FALSE
04-07-2003 08:30,3.345578,0.0016,0.462492703,FALSE
05-07-2003 08:30,1.8330134,0.0017,0.269233008,FALSE
07-07-2003 08:30,1.5562863,0.0144,1.936269163,FALSE
08-07-2003 08:30,1.341598,0.0076,0.880946911,FALSE
09-07-2003 08:30,1.3957996,0.0036,0.434149508,FALSE
10-07-2003 08:30,1.074494,0.0011,0.10211991,FALSE
11-07-2003 08:30,0.95690095,0.0014,0.115746739,FALSE
12-07-2003 08:30,0.9007671,0.0028,0.217913577,FALSE
14-07-2003 08:30,1.0875161,0.0046,0.432222399,FALSE
15-07-2003 08:30,0.8453453,0.0079,0.576998888,FALSE
16-07-2003 08:30,1.0674896,0.0101,0.931534125,FALSE
17-07-2003 08:30,1.3680795,0.0087,1.028357999,FALSE
18-07-2003 08:45,1.3436165,0.0126,1.462714667,FALSE
19-07-2003 08:30,1.3390883,0.0183,2.117259293,FALSE
21-07-2003 08:30,0.8209004,0.006,0.425554767,FALSE
22-07-2003 08:30,0.81878585,0.0107,0.756951143,FALSE
23-07-2003 08:30,0.83060795,0.0074,0.531057499,FALSE
24-07-2003 08:30,0.9340484,0.0172,1.388070646,FALSE
25-07-2003 08:30,1.1502264,0.0178,1.768956185,FALSE
26-07-2003 08:30,1.3304485,0.0072,0.827645403,FALSE
28-07-2003 08:30,1.606585,0.0129,1.790635378,FALSE
29-07-2003 08:30,1.3980865,0.0091,1.09923153,FALSE
30-07-2003 08:30,1.1318583,0.0134,1.310420265,FALSE
31-07-2003 08:30,1.6019098,0.0096,1.328688065,FALSE
01-08-2003 08:30,1.5833132,0.0086,1.17646504,FALSE
02-08-2003 08:30,1.3700886,0.018,2.130761791,FALSE
04-08-2003 08:30,0.82147413,0.02,1.419507297,FALSE
05-08-2003 08:45,0.38827026,0.0107,0.35894809,FALSE
06-08-2003 08:30,0.5280555,0.0195,0.889667906,FALSE
07-08-2003 08:30,1.2507844,0.0176,1.90199279,FALSE
08-08-2003 08:30,1.1990765,0.0194,2.009844066,FALSE
09-08-2003 08:30,1.5564014,0.0168,2.25914776,FALSE
11-08-2003 08:30,1.5650643,0.0023,0.311009578,FALSE
12-08-2003 08:30,1.5000688,0.0018,0.2332907,FALSE
13-08-2003 08:30,1.3747491,0.0018,0.21380098,FALSE
14-08-2003 08:30,1.2031534,0.0068,0.706876686,FALSE
16-08-2003 08:30,1.3703221,0.0058,0.686695811,FALSE
18-08-2003 08:30,1.4247508,0.0166,2.043434587,FALSE
19-08-2003 08:30,1.569126,0.0058,0.786320421,FALSE
21-08-2003 08:30,1.7667229,0.02,3.052897171,FALSE
22-08-2003 08:30,2.156206,0.0084,1.564888067,FALSE
23-08-2003 08:30,2.352014,0.0075,1.524105072,FALSE
25-08-2003 08:30,8.220288,0.0081,5.752886354,FALSE
26-08-2003 08:30,6.953989,0.0141,8.471627559,FALSE
27-08-2003 08:30,7.0246215,0.0069,4.187798353,FALSE
28-08-2003 08:30,6.3435893,0.0165,9.043420906,FALSE
29-08-2003 08:30,6.0945168,0.0139,7.319270896,FALSE
30-08-2003 08:30,3.6797755,0.013,4.133123842,FALSE
01-09-2003 08:30,3.559618,0.0027,0.830387687,FALSE
02-09-2003 08:30,7.007778,0.0015,0.908208029,FALSE
03-09-2003 08:30,8.296201,0.0085,6.092730014,FALSE
04-09-2003 08:30,8.415305,0.0017,1.236039998,FALSE
05-09-2003 08:30,8.099836,0.0019,1.329669078,FALSE
06-09-2003 08:30,8.794718,0.0028,2.127618179,FALSE
08-09-2003 08:30,9.009068,0.0022,1.712443645,FALSE
09-09-2003 08:30,8.327972,0.0068,4.892850109,FALSE
10-09-2003 08:30,9.000695,0.0077,5.98798237,FALSE
11-09-2003 08:30,9.2537775,0.0061,4.877110894,FALSE
12-09-2003 08:30,9.505436,0.0029,2.381682044,FALSE
13-09-2003 08:30,9.84104,0.0036,3.060957082,FALSE
15-09-2003 08:30,9.831581,0.0067,5.691305609,FALSE
16-09-2003 08:30,9.903166,0.0055,4.705984483,FALSE
17-09-2003 09:00,15.780992,0.012,16.36173251,FALSE
18-09-2003 09:00,17.812906,0.0019,2.924166649,FALSE
19-09-2003 09:00,17.98172,0.0128,19.88634378,FALSE
20-09-2003 09:00,17.375315,0.0178,26.72184444,FALSE
22-09-2003 09:00,16.041807,0.01,13.86012125,FALSE
23-09-2003 09:00,16.593544,0.0054,7.741883889,FALSE
24-09-2003 09:00,18.146982,0.0027,4.233327961,FALSE
25-09-2003 09:00,17.995132,0.0083,12.90466906,FALSE
26-09-2003 09:00,18.04359,0.0113,17.61631779,FALSE
27-09-2003 09:00,16.804462,0.0074,10.74410082,FALSE
29-09-2003 09:00,18.040302,0.0032,4.987782697,FALSE
30-09-2003 09:00,17.487394,0.0022,3.324003852,FALSE
01-10-2003 09:00,18.520002,0.0023,3.680294797,FALSE
06-10-2003 08:30,9.079083,0.0088,6.903008387,FALSE
07-10-2003 08:30,4.3753877,0.0158,5.972929257,FALSE
08-10-2003 08:30,3.370792,0.0116,3.378342574,FALSE
09-10-2003 08:30,3.2745328,0.0082,2.319940998,FALSE
10-10-2003 08:30,3.617139,0.0093,2.906443529,FALSE
11-10-2003 08:30,3.6602855,0.0153,4.838604608,FALSE
13-10-2003 08:30,19.842216,0.8967,1537.273304,FALSE
14-10-2003 08:30,8.710264,0.0538,40.48809436,FALSE
15-10-2003 08:30,5.097129,0.036,15.85411004,FALSE
16-10-2003 08:30,5.3990192,0.0224,10.4490458,FALSE
17-10-2003 08:30,7.388085,0.0187,11.93678117,FALSE
18-10-2003 08:30,8.923412,0.0196,15.11126282,FALSE
20-10-2003 08:30,15.567322,0.0138,18.56122937,FALSE
21-10-2003 08:30,14.926605,0.0088,11.34899631,FALSE
22-10-2003 08:30,14.0875025,0.0078,9.493849685,FALSE
23-10-2003 08:30,11.643755,0.0129,12.97766357,FALSE
25-10-2003 08:30,11.2328415,0.0023,2.232190263,FALSE
27-10-2003 08:30,9.945346,0.0016,1.374844631,FALSE
28-10-2003 08:30,15.498607,0.0055,7.364938046,FALSE
29-10-2003 08:30,12.906295,0.0023,2.564738942,FALSE
30-10-2003 08:30,5.6729865,0.0016,0.784233654,FALSE
31-10-2003 08:30,8.589388,0.0037,2.745855556,FALSE
01-11-2003 08:30,12.584693,0.0024,2.60956194,FALSE
03-11-2003 09:00,16.088661,0.0029,4.0311749,FALSE
04-11-2003 08:30,12.846047,0.0014,1.553857845,FALSE
05-11-2003 08:30,11.658532,0.0028,2.820432061,FALSE
06-11-2003 09:00,15.006075,0.0055,7.13088684,FALSE
07-11-2003 08:30,15.851861,0.0065,8.902405138,FALSE
10-11-2003 08:30,11.6983185,0.0038,3.84079193,FALSE
11-11-2003 09:00,15.91021,0.0056,7.697996006,FALSE
12-11-2003 09:00,12.760853,0.0031,3.417866868,FALSE
13-11-2003 09:00,12.420254,0.0037,3.970506799,FALSE
14-11-2003 09:00,12.481254,0.0008,0.862704276,FALSE
15-11-2003 09:00,15.000154,0.0067,8.683289148,FALSE
17-11-2003 09:00,15.286592,0.007,9.245330842,FALSE
18-11-2003 08:30,16.505419,0.0024,3.422563684,FALSE
19-11-2003 09:00,16.071608,0.0015,2.082880397,FALSE
20-11-2003 09:00,17.607014,0.0019,2.890367418,FALSE
21-11-2003 09:00,17.734818,0.0053,8.121127859,FALSE
22-11-2003 09:00,17.2262,0.0071,10.56724013,FALSE
24-11-2003 09:00,16.653532,0.0055,7.913758406,FALSE
25-11-2003 09:00,18.630024,0.0071,11.42840192,FALSE
27-11-2003 09:00,16.433035,0.0082,11.64247664,FALSE
28-11-2003 09:00,16.535303,0.0073,10.42914631,FALSE
29-11-2003 09:00,17.23424,0.0067,9.976556851,FALSE
01-12-2003 09:00,15.6537895,0.0084,11.36089427,FALSE
02-12-2003 08:30,11.309305,0.0042,4.103920598,FALSE
03-12-2003 08:30,10.974045,0.0039,3.697814203,FALSE
04-12-2003 08:30,10.249112,0.0052,4.604721039,FALSE
05-12-2003 08:30,3.2334473,0.0049,1.368912249,FALSE
06-12-2003 08:30,3.3373427,0.0057,1.643574533,FALSE
08-12-2003 08:30,3.1051283,0.0075,2.012123138,FALSE
09-12-2003 08:30,8.990124,0.0044,3.41768554,FALSE
10-12-2003 08:30,2.9480689,0.007,1.782992071,FALSE
11-12-2003 08:30,2.7059705,0.0074,1.730089299,FALSE
12-12-2003 08:30,2.553193,0.0092,2.029482052,FALSE
13-12-2003 08:30,3.3979268,0.0169,4.961516796,FALSE
15-12-2003 08:30,3.287049,0.0116,3.29441199,FALSE
16-12-2003 09:00,17.572927,0.0143,21.71170277,FALSE
17-12-2003 09:00,18.479511,0.0099,15.80663453,FALSE
18-12-2003 09:00,34.70839,0.0169,50.67980274,FALSE
19-12-2003 09:00,26.917177,0.0148,34.41953257,FALSE
20-12-2003 09:00,15.594085,0.007,9.431302608,FALSE
22-12-2003 09:00,15.049892,0.0086,11.18267175,FALSE
23-12-2003 09:00,19.09954,0.0097,16.00694248,FALSE
24-12-2003 09:00,16.394148,0.019,26.91263336,FALSE
26-12-2003 09:00,17.202396,0.0039,5.796519356,FALSE
27-12-2003 09:00,16.271133,0.0081,11.38718972,FALSE
29-12-2003 09:00,17.664753,0.0097,14.80447619,FALSE
30-12-2003 09:00,17.40444,0.0116,17.44342595,FALSE
31-12-2003 09:00,18.46362,0.0085,13.55968253,FALSE
01-01-2004 09:00,18.925365,0.0107,17.49612144,FALSE
02-01-2004 09:00,18.496311,0.0018,2.876546287,FALSE
03-01-2004 09:00,17.958775,0.0049,7.603026984,FALSE
05-01-2004 08:30,14.647448,0.007,8.85877655,FALSE
06-01-2004 09:00,14.945194,0.0026,3.35728838,FALSE
07-01-2004 09:00,13.145086,0.0023,2.61219149,FALSE
08-01-2004 08:30,2.4535224,0.0143,3.031375996,FALSE
09-01-2004 08:30,1.685456,0.0075,1.092175488,FALSE
10-01-2004 08:30,1.7240838,0.0025,0.372402101,FALSE
12-01-2004 09:00,13.191361,0.0066,7.522241697,FALSE
13-01-2004 08:30,12.132256,0.0016,1.677163069,FALSE
14-01-2004 08:30,12.289442,0.0031,3.291604145,FALSE
16-01-2004 08:30,12.11002,0.0032,3.34817833,FALSE
17-01-2004 08:30,11.578207,0.0048,4.801714007,FALSE
19-01-2004 08:30,11.249473,0.0081,7.872831184,FALSE
20-01-2004 08:30,11.28142,0.0065,6.335645472,FALSE
21-01-2004 08:30,11.716946,0.003,3.037032403,FALSE
22-01-2004 08:30,9.240716,0.0028,2.235514015,FALSE
23-01-2004 08:30,7.0730925,0.0058,3.544468114,FALSE
24-01-2004 08:30,6.787538,0.0052,3.049505073,FALSE
27-01-2004 08:30,6.5769463,0.0044,2.500291905,FALSE
28-01-2004 08:30,6.766132,0.0083,4.85212858,FALSE
29-01-2004 08:30,3.683346,0.003,0.954723283,FALSE
30-01-2004 08:30,6.5946393,0.0025,1.424442089,FALSE
31-01-2004 08:30,6.521724,0.0055,3.099123245,FALSE
03-02-2004 08:30,8.655031,0.0076,5.683239556,FALSE
04-02-2004 08:30,9.880988,0.0036,3.073382508,FALSE
05-02-2004 08:30,6.723441,0.0069,4.008246587,FALSE
06-02-2004 08:30,6.9218197,0.0076,4.545143688,FALSE
07-02-2004 08:30,7.196659,0.0052,3.233314956,FALSE
09-02-2004 08:30,8.981455,0.0069,5.354384213,FALSE
10-02-2004 08:30,16.249037,0.0101,14.17955965,FALSE
11-02-2004 08:30,15.8461685,0.0047,6.434812104,FALSE
12-02-2004 08:30,6.4227414,0.0054,2.996594228,FALSE
13-02-2004 08:30,3.8297374,0.0103,3.408159907,FALSE
14-02-2004 08:30,3.5576546,0.0087,2.67421781,FALSE
16-02-2004 08:30,0.8723899,0.0062,0.467321822,FALSE
17-02-2004 08:30,0.8663319,0.0103,0.770966084,FALSE
18-02-2004 08:30,0.8017013,0.012,0.831203908,FALSE
19-02-2004 08:30,0.805612,0.0094,0.654285842,FALSE
20-02-2004 08:30,0.80052763,0.0116,0.802320812,FALSE
21-02-2004 08:30,0.77980477,0.0081,0.54573857,FALSE
23-02-2004 08:30,0.7832547,0.0087,0.588756893,FALSE
24-02-2004 08:30,1.3378619,0.0122,1.410213472,FALSE
25-02-2004 08:30,1.4488213,0.0104,1.301852867,FALSE
26-02-2004 08:30,1.4035914,0.0111,1.346100296,FALSE
27-02-2004 08:30,1.3231784,0.007,0.800258296,FALSE
28-02-2004 08:30,0.8562761,0.0104,0.769415452,FALSE
01-03-2004 08:30,0.83287334,0.0058,0.417369488,FALSE
03-03-2004 08:30,0.90592,0.0102,0.798369178,FALSE
04-03-2004 08:30,0.9137052,0.0135,1.065745745,FALSE
05-03-2004 08:30,1.3291967,0.0062,0.712024088,FALSE
06-03-2004 08:30,1.2834119,0.0059,0.65423205,FALSE
08-03-2004 08:30,0.9452767,0.0055,0.449195488,FALSE
09-03-2004 08:30,1.2939651,0.0072,0.804949809,FALSE
10-03-2004 08:30,1.1844379,0.0022,0.225137956,FALSE
11-03-2004 08:30,0.90238714,0.0073,0.569153617,FALSE
12-03-2004 08:30,1.1656768,0.0056,0.564001063,FALSE
13-03-2004 08:30,1.1279358,0.0039,0.380069247,FALSE
15-03-2004 08:30,1.2913251,0.0077,0.859092763,FALSE
16-03-2004 08:30,0.8650357,0.0125,0.934238556,FALSE
17-03-2004 08:30,0.5033801,0.0064,0.27834906,FALSE
18-03-2004 08:30,0.76256573,0.0093,0.612736815,FALSE
19-03-2004 08:30,0.5331096,0.0053,0.244121548,FALSE
20-03-2004 08:30,0.35420215,0.0058,0.177497781,FALSE
22-03-2004 08:30,0.35924104,0.0078,0.242099722,FALSE
23-03-2004 08:30,0.35307598,0.0024,0.073213835,FALSE
24-03-2004 08:30,0.9102265,0.0129,1.014502048,FALSE
25-03-2004 08:30,0.8954474,0.0057,0.440989936,FALSE
26-03-2004 08:30,0.8283102,0.0047,0.336360206,FALSE
27-03-2004 08:30,0.80027425,0.0051,0.352632846,FALSE
29-03-2004 08:30,0.8747904,0.0189,1.428497732,FALSE
30-03-2004 08:30,0.984663,0.0126,1.071943528,FALSE
31-03-2004 08:30,0.8949093,0.0125,0.966502044,FALSE
01-04-2004 08:30,0.9806025,0.0079,0.669320042,FALSE
02-04-2004 08:30,0.96185684,0.0058,0.4820057,FALSE
05-04-2004 08:30,1.0206635,0.002,0.176370653,FALSE
06-04-2004 08:30,1.0094798,0.0023,0.200603826,FALSE
07-04-2004 08:30,1.3117663,0.0007,0.079335626,FALSE
08-04-2004 08:30,0.9904222,0.0017,0.145473213,FALSE
10-04-2004 08:30,0.9688089,0.0012,0.100446107,FALSE
12-04-2004 08:30,1.0213748,0.0012,0.105896139,FALSE
15-04-2004 08:30,0.89420474,0.0068,0.525363169,FALSE
16-04-2004 08:30,0.83608514,0.0033,0.238384595,FALSE
19-04-2004 08:30,1.1207988,0.0055,0.53260359,FALSE
20-04-2004 08:30,2.349503,0.0026,0.527792354,FALSE
21-04-2004 08:30,0.8268796,0.0066,0.471519823,FALSE
22-04-2004 08:30,1.342413,0.0021,0.243567415,FALSE
23-04-2004 08:30,1.182833,0.0021,0.21461322,FALSE
24-04-2004 08:30,1.2207656,0.0025,0.26368537,FALSE
26-04-2004 08:30,1.4025965,0.0033,0.399908314,FALSE
27-04-2004 08:30,1.4138108,0.0025,0.305383133,FALSE
28-04-2004 08:30,2.2189262,0.0141,2.703184654,FALSE
29-04-2004 08:30,2.2273376,0.0034,0.654302693,FALSE
30-04-2004 08:30,1.9541981,0.0016,0.270148345,FALSE
01-05-2004 08:30,1.4090519,0.0029,0.353052044,FALSE
05-05-2004 08:00,0,0,0,TRUE
06-05-2004 08:30,0.92172575,0.0037,0.294657288,FALSE
07-05-2004 08:30,0.9603453,0.0063,0.522735154,FALSE
08-05-2004 08:30,2.0371084,0.0044,0.774427129,FALSE
11-05-2004 08:30,1.4765483,0.0064,0.816472148,FALSE
12-05-2004 08:30,1.4129263,0.0053,0.647007211,FALSE
13-05-2004 08:30,1.4996496,0.0078,1.010643858,FALSE
14-05-2004 08:30,0.9687494,0.0071,0.594269632,FALSE
15-05-2004 08:30,0.8934781,0.0152,1.173386919,FALSE
17-05-2004 09:00,0.81571525,0.0027,0.190290054,FALSE
18-05-2004 09:00,0.71891576,0.0189,1.173960679,FALSE
19-05-2004 09:00,1.0498229,0.018,1.632684574,FALSE
20-05-2004 08:30,0.9685448,0.0048,0.401674899,FALSE
21-05-2004 08:30,0.9697307,0.0112,0.938389004,FALSE
22-05-2004 08:30,0.9488728,0.0051,0.418111311,FALSE
24-05-2004 08:30,0.8878521,0.0195,1.495853218,FALSE
25-05-2004 08:30,0.8603182,0.012,0.89197791,FALSE
26-05-2004 08:30,0.85109717,0.003,0.220604386,FALSE
27-05-2004 08:30,1.48164,0.0037,0.473650675,FALSE
28-05-2004 08:30,1.2933142,0.0037,0.413446683,FALSE
29-05-2004 08:30,1.3760318,0.0063,0.749001629,FALSE
31-05-2004 08:30,1.214329,0.0045,0.472131115,FALSE
01-06-2004 08:30,4.1403,0.0031,1.108937952,FALSE
02-06-2004 08:30,2.9968483,0.0071,1.838386621,FALSE
03-06-2004 08:30,2.2835155,0.0064,1.262692731,FALSE
04-06-2004 08:30,1.1425934,0.0058,0.572576405,FALSE
05-06-2004 08:30,1.2865698,0.002,0.222319261,FALSE
07-06-2004 09:00,14.028569,0.003,3.636205085,FALSE
08-06-2004 09:00,16.086143,0.0092,12.78655335,FALSE
09-06-2004 09:00,13.741222,0.0048,5.698759588,FALSE
10-06-2004 09:00,13.563412,0.0058,6.796897021,FALSE
11-06-2004 09:00,22.41463,0.0124,24.014138,FALSE
12-06-2004 09:00,23.549166,0.0102,20.75340901,FALSE
14-06-2004 09:00,22.392603,0.0098,18.96026481,FALSE
15-06-2004 09:00,22.98958,0.0127,25.22600634,FALSE
16-06-2004 09:00,16.05918,0.0139,19.28643281,FALSE
17-06-2004 08:30,9.818042,0.0083,7.040714279,FALSE
18-06-2004 08:30,1.9213743,0.0111,1.842674809,FALSE
19-06-2004 08:30,1.9270433,0.0118,1.964659185,FALSE
21-06-2004 08:30,1.1060011,0.018,1.720052911,FALSE
22-06-2004 08:30,1.0957595,0.013,1.23075707,FALSE
23-06-2004 08:30,0.9402603,0.0189,1.535407459,FALSE
24-06-2004 08:30,0.94617593,0.0167,1.365218326,FALSE
25-06-2004 09:00,16.220947,0.0071,9.950577728,FALSE
26-06-2004 08:30,9.822767,0.0021,1.782242844,FALSE
28-06-2004 08:30,9.346386,0.0058,4.683660952,FALSE
29-06-2004 08:30,12.737467,0.0149,16.39770552,FALSE
30-06-2004 08:30,12.132456,0.0153,16.03813624,FALSE
01-07-2004 08:30,11.414869,0.0047,4.635350004,FALSE
02-07-2004 09:00,18.019234,0.0055,8.562739997,FALSE
03-07-2004 08:30,9.628479,0.0043,3.577172518,FALSE
05-07-2004 08:30,9.704026,0.0049,4.108296447,FALSE
06-07-2004 08:30,11.97157,0.0131,13.54990179,FALSE
07-07-2004 08:30,11.562043,0.0075,7.492203864,FALSE
08-07-2004 08:30,11.214955,0.0116,11.2400765,FALSE
09-07-2004 08:30,11.593057,0.0073,7.311972911,FALSE
10-07-2004 08:30,11.0837345,0.0071,6.799206092,FALSE
12-07-2004 08:30,10.9006,0.0192,18.08278733,FALSE
13-07-2004 08:30,11.589643,0.0069,6.909281571,FALSE
14-07-2004 08:30,11.230055,0.0086,8.344380067,FALSE
15-07-2004 08:30,12.02523,0.0052,5.402695334,FALSE
16-07-2004 09:00,15.370272,0.0045,5.975961754,FALSE
17-07-2004 08:30,8.997932,0.0035,2.720974637,FALSE
19-07-2004 08:30,11.28099,0.0033,3.216435869,FALSE
20-07-2004 08:30,11.968577,0.0029,2.998846653,FALSE
21-07-2004 08:30,12.546584,0.0018,1.951244744,FALSE
22-07-2004 09:00,13.546348,0.0059,6.905386356,FALSE
23-07-2004 08:30,12.537533,0.0045,4.87459283,FALSE
24-07-2004 08:30,15.443275,0.0033,4.403186568,FALSE
26-07-2004 08:30,9.362957,0.0034,2.750462248,FALSE
27-07-2004 08:30,8.990588,0.0084,6.525009147,FALSE
28-07-2004 08:30,12.453441,0.0032,3.443127368,FALSE
29-07-2004 08:30,11.3428755,0.0015,1.470036665,FALSE
30-07-2004 08:30,11.19505,0.0044,4.255910208,FALSE
31-07-2004 08:30,10.917731,0.0089,8.39529843,FALSE
02-08-2004 08:30,8.375378,0.0102,7.381053124,FALSE
03-08-2004 08:30,4.07063,0.0108,3.798386266,FALSE
04-08-2004 08:30,11.368959,0.0071,6.974174209,FALSE
05-08-2004 08:30,11.317929,0.0132,12.90787167,FALSE
06-08-2004 08:30,6.9477596,0.0051,3.06146079,FALSE
07-08-2004 09:00,6.8266516,0.0041,2.418273063,FALSE
09-08-2004 08:30,4.2276983,0.006,2.191638799,FALSE
10-08-2004 08:30,4.0470667,0.0141,4.930298537,FALSE
11-08-2004 08:30,3.7736113,0.0053,1.728012086,FALSE
12-08-2004 08:30,3.031067,0.0028,0.733275729,FALSE
13-08-2004 08:30,4.0397944,0.002,0.698076472,FALSE
14-08-2004 08:30,4.5359273,0.008,3.13523295,FALSE
16-08-2004 08:30,3.8598728,0.0027,0.900431127,FALSE
17-08-2004 08:30,6.604398,0.0072,4.108463908,FALSE
18-08-2004 08:30,6.045522,0.0143,7.469363341,FALSE
19-08-2004 08:30,5.711846,0.0009,0.444153145,FALSE
20-08-2004 08:30,5.5527344,0.0111,5.325294399,FALSE
21-08-2004 08:30,5.2599792,0.0138,6.2715784,FALSE
23-08-2004 08:30,3.7950327,0.0075,2.45918119,FALSE
24-08-2004 08:30,3.670185,0.0127,4.027220597,FALSE
25-08-2004 08:30,4.050237,0.005,1.749702384,FALSE
26-08-2004 08:30,3.5935578,0.0043,1.335078594,FALSE
27-08-2004 08:30,3.3748088,0.0053,1.545392446,FALSE
28-08-2004 08:30,3.273854,0.0048,1.357732731,FALSE
30-08-2004 08:30,3.6410794,0.0048,1.510028449,FALSE
31-08-2004 08:30,4.2184215,0.0059,2.150382544,FALSE
01-09-2004 09:15,15.389747,0.0083,11.03629537,FALSE
02-09-2004 09:15,17.09925,0.0034,5.02307568,FALSE
03-09-2004 09:15,22.994858,0.0031,6.158942767,FALSE
04-09-2004 09:15,21.471636,0.0089,16.51082922,FALSE
06-09-2004 09:15,14.808473,0.0112,14.32986315,FALSE
08-09-2004 09:30,33.253895,0.0137,39.36197043,FALSE
09-09-2004 09:30,31.14284,0.007,18.83518963,FALSE
10-09-2004 09:45,19.36864,0.0091,15.22839951,FALSE
11-09-2004 09:45,21.592985,0.008,14.92507123,FALSE
13-09-2004 09:15,24.355692,0.0117,24.62068193,FALSE
14-09-2004 09:15,24.202219,0.0185,38.68482685,FALSE
15-09-2004 09:15,15.468651,0.0229,30.60565412,FALSE
16-09-2004 09:15,16.554003,0.0181,25.88781205,FALSE
17-09-2004 09:15,16.415462,0.0171,24.25286018,FALSE
18-09-2004 09:15,17.039425,0.0112,16.48871078,FALSE
20-09-2004 09:15,16.496227,0.0188,26.79515144,FALSE
21-09-2004 09:01,15.225371,0.0112,14.73328701,FALSE
22-09-2004 08:45,14.797791,0.012,15.34234971,FALSE
23-09-2004 09:01,14.018812,0.0121,14.65582682,FALSE
24-09-2004 09:15,14.831613,0.0136,17.42773854,FALSE
25-09-2004 09:15,17.392572,0.0105,15.77854132,FALSE
27-09-2004 09:15,14.194695,0.0061,7.481172053,FALSE
28-09-2004 09:15,14.803007,0.0063,8.05757277,FALSE
29-09-2004 09:15,14.791975,0.007,8.94618648,FALSE
30-09-2004 09:15,14.362231,0.0106,13.15350564,FALSE
01-10-2004 08:45,13.990628,0.0085,10.2747172,FALSE
04-10-2004 08:45,4.8746142,0.0089,3.748383335,FALSE
05-10-2004 08:45,5.2262907,0.0088,3.973653345,FALSE
06-10-2004 08:45,5.4029303,0.0134,6.255296584,FALSE
07-10-2004 08:45,5.691278,0.0104,5.11395476,FALSE
08-10-2004 08:45,4.491932,0.0074,2.871961644,FALSE
09-10-2004 08:45,4.344701,0.0084,3.153210198,FALSE
11-10-2004 08:45,7.179483,0.006,3.721843987,FALSE
12-10-2004 08:45,6.558914,0.0079,4.47685234,FALSE
13-10-2004 08:45,5.940437,0.008,4.106030054,FALSE
14-10-2004 08:45,5.943208,0.0078,4.005246735,FALSE
15-10-2004 08:45,6.1530395,0.0086,4.57195447,FALSE
16-10-2004 08:45,6.9957666,0.0054,3.263944865,FALSE
18-10-2004 09:15,19.32907,0.0053,8.851167734,FALSE
19-10-2004 09:15,19.299171,0.0062,10.33817992,FALSE
20-10-2004 09:15,16.051931,0.0052,7.21181156,FALSE
21-10-2004 09:15,19.900795,0.0025,4.29857172,FALSE
23-10-2004 09:15,19.316275,0.0037,6.175026792,FALSE
25-10-2004 09:15,17.871763,0.0052,8.029425681,FALSE
26-10-2004 09:15,19.253597,0.0043,7.153096357,FALSE
27-10-2004 09:15,16.360134,0.0027,3.81649206,FALSE
28-10-2004 09:15,15.853017,0.0054,7.396383612,FALSE
29-10-2004 09:15,15.496593,0.0029,3.882826342,FALSE
30-10-2004 09:15,15.093598,0.0005,0.652043434,FALSE
01-11-2004 09:30,183.4041,0.645,10220.74368,FALSE
02-11-2004 09:15,30.860945,0.2361,629.5336515,FALSE
03-11-2004 09:15,19.655249,0.0863,146.5558262,FALSE
04-11-2004 09:00,9.089056,0.0432,33.92471974,FALSE
05-11-2004 08:45,4.987352,0.0302,13.01339783,FALSE
06-11-2004 08:45,7.3991046,0.0181,11.57101574,FALSE
08-11-2004 09:15,14.124622,0.0502,61.26244051,FALSE
09-11-2004 08:45,9.543229,0.0331,27.29210802,FALSE
10-11-2004 08:45,10.619775,0.028,25.69135968,FALSE
12-11-2004 09:00,9.62117,0.0429,35.66144388,FALSE
13-11-2004 08:45,9.895017,0.0297,25.39140522,FALSE
16-11-2004 09:15,27.6705,0.0605,144.6392376,FALSE
17-11-2004 09:15,18.285648,0.0416,65.72300747,FALSE
18-11-2004 09:00,11.356765,0.0228,22.37191851,FALSE
19-11-2004 09:15,26.391409,0.0163,37.16754912,FALSE
20-11-2004 09:15,24.42965,0.0113,23.85115589,FALSE
22-11-2004 09:15,21.736053,0.008,15.02395983,FALSE
23-11-2004 09:15,22.567041,0.0064,12.47867099,FALSE
24-11-2004 09:15,21.213146,0.0085,15.57893442,FALSE
25-11-2004 09:15,21.11389,0.012,21.89088115,FALSE
27-11-2004 09:15,18.359566,0.0051,8.089959162,FALSE
29-11-2004 09:15,15.259587,0.0104,13.71165449,FALSE
30-11-2004 09:15,18.452467,0.0102,16.26179012,FALSE
01-12-2004 09:15,17.970243,0.0154,23.91048653,FALSE
02-12-2004 09:15,17.794134,0.0208,31.97819409,FALSE
03-12-2004 09:15,16.705141,0.0213,30.74280509,FALSE
04-12-2004 09:15,15.446116,0.007,9.341810957,FALSE
06-12-2004 09:15,16.545328,0.0065,9.291856205,FALSE
07-12-2004 09:15,18.114107,0.0065,10.17288249,FALSE
08-12-2004 09:15,17.638659,0.0088,13.41102521,FALSE
09-12-2004 09:15,16.58427,0.0075,10.74660696,FALSE
10-12-2004 09:15,20.785004,0.0099,17.77866102,FALSE
11-12-2004 09:15,21.36115,0.0189,34.8819035,FALSE
13-12-2004 09:15,18.338192,0.0176,27.88578828,FALSE
14-12-2004 09:15,16.959953,0.0145,21.24742912,FALSE
15-12-2004 09:15,16.049759,0.0047,6.517486135,FALSE
16-12-2004 09:15,17.417107,0.005,7.524190224,FALSE
17-12-2004 09:15,18.30697,0.0051,8.066783261,FALSE
18-12-2004 09:15,16.662254,0.0061,8.781674348,FALSE
20-12-2004 09:15,16.688639,0.0088,12.688706,FALSE
21-12-2004 09:15,19.120651,0.0041,6.77329941,FALSE
22-12-2004 09:15,17.98433,0.0065,10.09999973,FALSE
23-12-2004 09:15,17.937231,0.0076,11.77830336,FALSE
24-12-2004 09:15,17.153273,0.0043,6.372783985,FALSE
27-12-2004 09:15,18.450623,0.0056,8.927149432,FALSE
28-12-2004 09:15,17.93218,0.0049,7.591767725,FALSE
29-12-2004 09:15,17.10815,0.0051,7.538535216,FALSE
30-12-2004 09:15,17.471277,0.0043,6.490928831,FALSE
31-12-2004 09:15,17.150888,0.0041,6.075530565,FALSE
01-01-2005 09:15,16.647348,0.0046,6.616321989,FALSE
03-01-2005 09:15,17.182663,0.0049,7.274452208,FALSE
04-01-2005 09:15,14.289191,0.005,6.172930512,FALSE
05-01-2005 09:15,12.211432,0.0048,5.064325079,FALSE
06-01-2005 09:15,12.665699,0.0066,7.222488198,FALSE
07-01-2005 09:15,12.383031,0.0058,6.205384495,FALSE
08-01-2005 09:15,11.985486,0.0056,5.799057546,FALSE
10-01-2005 09:15,11.96759,0.0065,6.720998544,FALSE
11-01-2005 09:15,10.987839,0.0073,6.930249814,FALSE
12-01-2005 09:00,10.7836485,0.007,6.521950613,FALSE
13-01-2005 09:15,20.17313,0.0112,19.52113444,FALSE
15-01-2005 09:15,19.08074,0.0067,11.04545877,FALSE
17-01-2005 09:15,18.514761,0.0092,14.71701322,FALSE
18-01-2005 09:15,18.212587,0.01,15.73567517,FALSE
19-01-2005 09:15,19.186665,0.0094,15.58264185,FALSE
20-01-2005 09:15,17.404055,0.0106,15.93932973,FALSE
22-01-2005 09:15,17.142467,0.0145,21.47608266,FALSE
24-01-2005 09:15,18.2901,0.0111,17.5409375,FALSE
25-01-2005 09:15,17.765696,0.0155,23.79182008,FALSE
27-01-2005 09:15,18.891682,0.0141,23.01460268,FALSE
28-01-2005 09:15,19.262629,0.0145,24.13222161,FALSE
29-01-2005 09:15,18.754932,0.0104,16.8524317,FALSE
31-01-2005 09:15,18.153814,0.0127,19.91981703,FALSE
01-02-2005 09:15,19.730185,0.0137,23.35422538,FALSE
02-02-2005 09:15,18.06112,0.0139,21.69068268,FALSE
03-02-2005 09:15,16.95676,0.0176,25.78512753,FALSE
04-02-2005 09:15,16.614391,0.0176,25.26450753,FALSE
05-02-2005 09:15,16.407753,0.0153,21.68973685,FALSE
07-02-2005 09:15,16.920862,0.0154,22.51422214,FALSE
08-02-2005 09:15,16.482183,0.0167,23.78181221,FALSE
09-02-2005 09:15,16.935837,0.0168,24.58270612,FALSE
10-02-2005 09:15,16.972637,0.016,23.46297339,FALSE
11-02-2005 09:15,17.070532,0.0075,11.06170474,FALSE
12-02-2005 09:15,17.418486,0.0096,14.44758903,FALSE
14-02-2005 09:15,19.167324,0.0075,12.42042595,FALSE
15-02-2005 09:15,18.690733,0.0099,15.98730538,FALSE
16-02-2005 09:15,19.668358,0.01,16.99346131,FALSE
17-02-2005 09:15,20.001854,0.0081,13.9980975,FALSE
18-02-2005 09:15,20.594069,0.0098,17.4374101,FALSE
19-02-2005 09:15,21.000383,0.0106,19.23299077,FALSE
21-02-2005 09:15,21.208609,0.0068,12.46048196,FALSE
22-02-2005 09:15,21.818045,0.0056,10.55644289,FALSE
23-02-2005 09:15,22.131292,0.0055,10.51678996,FALSE
24-02-2005 09:15,23.07399,0.0053,10.5660415,FALSE
25-02-2005 09:15,23.030025,0.0054,10.74488846,FALSE
26-02-2005 09:15,21.944412,0.0047,8.911186825,FALSE
28-02-2005 09:15,22.39668,0.0064,12.38446817,FALSE
01-03-2005 09:15,21.438091,0.0043,7.964679568,FALSE
02-03-2005 09:15,15.283028,0.0068,8.979084611,FALSE
03-03-2005 09:15,12.670832,0.0044,4.816943493,FALSE
04-03-2005 09:15,13.209676,0.0044,5.021790428,FALSE
05-03-2005 09:15,13.653964,0.0063,7.432125684,FALSE
07-03-2005 09:15,5.7862687,0.0043,2.149714547,FALSE
08-03-2005 08:52,1.6865274,0.0063,0.918010594,FALSE
09-03-2005 08:45,1.7843695,0.0056,0.863349339,FALSE
10-03-2005 09:30,1.6481649,0.0053,0.754727671,FALSE
11-03-2005 09:30,1.484473,0.0054,0.692595723,FALSE
12-03-2005 08:45,1.5405612,0.0059,0.785316477,FALSE
14-03-2005 08:45,1.3561858,0.0058,0.679611828,FALSE
15-03-2005 08:52,1.3564633,0.0089,1.043066019,FALSE
16-03-2005 08:52,1.3213156,0.009,1.027455011,FALSE
17-03-2005 09:00,5.728716,0.0091,4.504145668,FALSE
18-03-2005 08:52,5.998397,0.0083,4.301570457,FALSE
19-03-2005 08:52,6.307588,0.0043,2.343395094,FALSE
21-03-2005 08:52,10.102867,0.009,7.855989379,FALSE
22-03-2005 08:45,11.16984,0.0069,6.659011814,FALSE
23-03-2005 08:52,10.707448,0.0073,6.753401603,FALSE
24-03-2005 08:52,10.673765,0.0051,4.70328781,FALSE
26-03-2005 08:52,10.231378,0.0088,7.779121321,FALSE
28-03-2005 08:52,9.998398,0.005,4.319307936,FALSE
29-03-2005 08:52,10.689383,0.0103,9.512695719,FALSE
30-03-2005 09:00,10.345897,0.0079,7.061695456,FALSE
31-03-2005 08:52,9.724578,0.0073,6.133485836,FALSE
01-04-2005 08:52,5.247944,0.0077,3.491352184,FALSE
02-04-2005 08:52,5.0281425,0.008,3.475452096,FALSE
04-04-2005 08:52,1.2681842,0.009,0.986140034,FALSE
05-04-2005 08:52,5.08125,0.0068,2.985336,FALSE
06-04-2005 08:52,4.825712,0.0091,3.794167803,FALSE
07-04-2005 08:52,7.936767,0.0075,5.143025016,FALSE
08-04-2005 08:52,5.485197,0.0065,3.080486635,FALSE
09-04-2005 08:45,5.690751,0.0094,4.621800332,FALSE
11-04-2005 08:45,5.22874,0.0078,3.523752461,FALSE
12-04-2005 08:45,4.7312617,0.0093,3.801663401,FALSE
13-04-2005 08:45,4.547137,0.0069,2.710821194,FALSE
15-04-2005 09:45,2.100161,0.0067,1.2157412,FALSE
16-04-2005 08:45,2.4489877,0.009,1.904332836,FALSE
18-04-2005 08:45,1.1214331,0.0094,0.910783106,FALSE
19-04-2005 08:45,1.3841183,0.0099,1.183919429,FALSE
20-04-2005 08:45,1.1584536,0.0094,0.940849676,FALSE
21-04-2005 08:45,1.1363102,0.0101,0.991589733,FALSE
23-04-2005 08:45,1.2588807,0.0113,1.229070405,FALSE
25-04-2005 08:45,1.1261351,0.0102,0.992440341,FALSE
26-04-2005 08:45,1.1346503,0.009,0.882304073,FALSE
27-04-2005 08:45,1.1645535,0.0078,0.784815895,FALSE
28-04-2005 08:45,1.1736908,0.0083,0.841677146,FALSE
29-04-2005 08:45,1.1116762,0.0088,0.845229648,FALSE
30-04-2005 08:45,1.1234753,0.0098,0.951269006,FALSE
02-05-2005 08:45,1.483378,0.0113,1.448251609,FALSE
03-05-2005 09:00,1.4400041,0.0114,1.418346438,FALSE
04-05-2005 09:00,1.6483738,0.0077,1.096630122,FALSE
05-05-2005 09:00,1.4280338,0.0094,1.159791931,FALSE
06-05-2005 08:45,1.383828,0.0111,1.327146405,FALSE
07-05-2005 08:45,1.2193023,0.0127,1.337916028,FALSE
09-05-2005 08:45,1.0765543,0.0105,0.976650061,FALSE
10-05-2005 08:45,0.61333686,0.0103,0.545820738,FALSE
11-05-2005 08:45,1.7057556,0.0119,1.753789678,FALSE
12-05-2005 08:45,1.4333276,0.0113,1.399386402,FALSE
13-05-2005 08:45,1.5769187,0.0081,1.103590783,FALSE
14-05-2005 08:45,1.4583578,0.0074,0.932415643,FALSE
16-05-2005 08:45,1.4630921,0.008,1.01128926,FALSE
17-05-2005 08:45,1.1454126,0.0096,0.950051027,FALSE
18-05-2005 08:45,1.015932,0.0106,0.930431163,FALSE
19-05-2005 08:45,0.7838822,0.0103,0.697592447,FALSE
20-05-2005 08:45,0.81714064,0.0098,0.691889323,FALSE
21-05-2005 08:31,0.87651616,0.0078,0.590701771,FALSE
24-05-2005 08:31,0.97825617,0.0092,0.777596264,FALSE
25-05-2005 08:30,1.0438808,0.0081,0.730549539,FALSE
26-05-2005 08:30,0.90275496,0.0073,0.569385608,FALSE
27-05-2005 08:30,2.5413156,0.0067,1.471116775,FALSE
28-05-2005 08:30,2.6565402,0.0052,1.193530381,FALSE
30-05-2005 08:30,1.6306461,0.0062,0.873504503,FALSE
31-05-2005 08:30,1.4573694,0.0069,0.868825342,FALSE
02-06-2005 08:30,1.1269485,0.012,1.168420205,FALSE
03-06-2005 08:30,1.0411633,0.0127,1.142447666,FALSE
04-06-2005 08:37,1.6353065,0.008,1.130323853,FALSE
06-06-2005 08:45,2.9312804,0.0081,2.051427275,FALSE
07-06-2005 08:37,1.7809073,0.0087,1.338672399,FALSE
08-06-2005 08:37,1.4603726,0.0083,1.047262399,FALSE
09-06-2005 08:45,10.743002,0.0094,8.725036504,FALSE
10-06-2005 08:45,11.309854,0.0083,8.1105225,FALSE
11-06-2005 09:15,17.161642,0.0165,24.46563684,FALSE
13-06-2005 09:15,16.299679,0.0154,21.68770089,FALSE
14-06-2005 09:15,17.022243,0.0169,24.85519834,FALSE
15-06-2005 09:15,15.936277,0.0144,19.82727839,FALSE
16-06-2005 09:00,11.559601,0.0149,14.88136794,FALSE
17-06-2005 09:00,10.908881,0.0171,16.11721714,FALSE
18-06-2005 10:00,11.945234,0.0162,16.71950513,FALSE
20-06-2005 09:00,10.879657,0.0175,16.45004138,FALSE
21-06-2005 09:00,10.451542,0.0156,14.08700637,FALSE
22-06-2005 09:00,8.816595,0.0117,8.912519554,FALSE
23-06-2005 09:00,8.51036,0.0052,3.823534541,FALSE
24-06-2005 09:00,9.991003,0.0082,7.078425805,FALSE
25-06-2005 09:00,8.037425,0.0104,7.222108608,FALSE
27-06-2005 08:45,4.688116,0.0071,2.875877879,FALSE
28-06-2005 08:45,3.9258769,0.0045,1.526380939,FALSE
29-06-2005 08:45,3.8939564,0.0076,2.55692753,FALSE
30-06-2005 08:45,4.655889,0.0088,3.539965524,FALSE
01-07-2005 08:45,2.3568213,0.013,2.647181684,FALSE
02-07-2005 08:45,2.1972938,0.0117,2.221200357,FALSE
04-07-2005 08:45,4.799914,0.0122,5.059493349,FALSE
05-07-2005 08:45,5.968767,0.0135,6.961969829,FALSE
06-07-2005 08:45,5.037488,0.0099,4.308865736,FALSE
07-07-2005 08:45,5.753704,0.0146,7.257952374,FALSE
08-07-2005 08:45,5.5065475,0.0135,6.422837004,FALSE
09-07-2005 08:45,5.057922,0.0137,5.986961113,FALSE
11-07-2005 08:45,4.7507634,0.0117,4.802451706,FALSE
12-07-2005 08:45,2.5486588,0.0136,2.994776036,FALSE
13-07-2005 08:45,4.808492,0.0106,4.403809313,FALSE
14-07-2005 08:45,4.615274,0.0084,3.349581258,FALSE
15-07-2005 08:45,7.1620245,0.0129,7.982506027,FALSE
16-07-2005 08:45,5.6368237,0.0123,5.990365282,FALSE
18-07-2005 08:45,5.982762,0.0102,5.272488495,FALSE
19-07-2005 08:45,4.8341866,0.0083,3.466691895,FALSE
20-07-2005 08:45,4.941823,0.0075,3.202301304,FALSE
21-07-2005 08:45,4.936795,0.0076,3.241697069,FALSE
22-07-2005 08:45,4.864268,0.0071,2.983936562,FALSE
23-07-2005 08:45,4.6855245,0.0072,2.914771081,FALSE
25-07-2005 08:45,7.202487,0.0104,6.471866719,FALSE
26-07-2005 08:45,7.4879785,0.0112,7.245967035,FALSE
27-07-2005 08:45,5.2235913,0.0108,4.874237514,FALSE
28-07-2005 08:45,2.5145905,0.0109,2.368140749,FALSE
29-07-2005 08:45,4.1756024,0.0091,3.283025631,FALSE
30-07-2005 08:45,6.8864317,0.0099,5.890378219,FALSE
01-08-2005 09:15,11.179802,0.0118,11.39803174,FALSE
02-08-2005 08:45,9.064272,0.0117,9.162891279,FALSE
03-08-2005 08:45,8.022019,0.0128,8.871711252,FALSE
04-08-2005 08:45,6.06142,0.0162,8.484048346,FALSE
05-08-2005 08:45,5.3617773,0.0105,4.864204367,FALSE
06-08-2005 08:45,5.190082,0.0126,5.650130868,FALSE
08-08-2005 08:45,4.5671887,0.006,2.367630622,FALSE
09-08-2005 08:45,3.8108037,0.0137,4.510772124,FALSE
10-08-2005 08:45,5.612901,0.0058,2.812736949,FALSE
11-08-2005 08:45,6.8377495,0.0108,6.380440813,FALSE
12-08-2005 08:45,6.956826,0.013,7.813906963,FALSE
13-08-2005 08:45,9.643911,0.0127,10.58207066,FALSE
16-08-2005 08:45,8.0022545,0.0107,7.39792424,FALSE
17-08-2005 08:45,7.8597374,0.0124,8.420608261,FALSE
18-08-2005 08:45,9.194023,0.0105,8.340817666,FALSE
19-08-2005 08:45,8.210744,0.0083,5.888088737,FALSE
20-08-2005 08:45,6.8635063,0.0085,5.040559027,FALSE
22-08-2005 08:45,6.34142,0.0087,4.766718586,FALSE
23-08-2005 08:45,5.222032,0.0074,3.33875838,FALSE
24-08-2005 09:15,15.375182,0.0117,15.54246398,FALSE
25-08-2005 08:45,8.010501,0.0098,6.782651407,FALSE
26-08-2005 08:45,8.200231,0.0107,7.580949555,FALSE
27-08-2005 09:15,30.486368,0.011,28.97424415,FALSE
29-08-2005 09:15,24.54348,0.0118,25.02256873,FALSE
30-08-2005 09:15,26.729702,0.01312,30.29993484,FALSE
31-08-2005 09:15,24.263098,0.0088,18.44771867,FALSE
01-09-2005 09:15,20.983213,0.0097,17.58561115,FALSE
02-09-2005 08:45,8.458186,0.0101,7.380951431,FALSE
03-09-2005 08:45,6.3300548,0.0104,5.687934041,FALSE
05-09-2005 09:15,23.373417,0.0117,23.62771978,FALSE
06-09-2005 09:15,20.722134,0.0089,15.93449216,FALSE
08-09-2005 09:15,27.26597,0.0198,46.6444402,FALSE
09-09-2005 09:30,28.588205,0.0155,38.28532414,FALSE
10-09-2005 09:07,20.252554,0.0175,30.62186165,FALSE
12-09-2005 09:15,99.16369,0.0325,278.4516415,FALSE
13-09-2005 09:15,49.449062,0.0374,159.787721,FALSE
14-09-2005 09:15,14.526439,0.028,35.14236123,FALSE
15-09-2005 09:15,15.220389,0.0151,19.8571283,FALSE
16-09-2005 09:15,11.534838,0.0118,11.75999804,FALSE
17-09-2005 08:45,8.935619,0.014,10.80852474,FALSE
19-09-2005 08:45,6.9526014,0.0158,9.491135223,FALSE
20-09-2005 09:15,21.176912,0.0222,40.61901137,FALSE
21-09-2005 09:15,26.680138,0.0156,35.9605572,FALSE
22-09-2005 09:15,18.498411,0.0159,25.4123771,FALSE
23-09-2005 10:30,24.542864,0.013,27.56654484,FALSE
24-09-2005 08:45,30.742966,0.0185,49.13955685,FALSE
26-09-2005 08:45,6.4117236,0.0103,5.705921066,FALSE
27-09-2005 08:45,6.398322,0.0107,5.915120723,FALSE
28-09-2005 09:15,23.206032,0.0126,25.26301468,FALSE
29-09-2005 08:45,6.359416,0.008,4.395628339,FALSE
30-09-2005 08:45,5.9680004,0.0082,4.228208923,FALSE
01-10-2005 09:15,25.00727,0.0111,23.98297222,FALSE
03-10-2005 09:15,20.051933,0.0119,20.61659543,FALSE
04-10-2005 09:15,15.919339,0.0159,21.86935114,FALSE
05-10-2005 09:15,19.698103,0.0119,20.25280158,FALSE
06-10-2005 09:15,17.491951,0.0111,16.77548069,FALSE
07-10-2005 09:15,15.1678505,0.0208,27.25844749,FALSE
08-10-2005 09:00,14.653507,0.0199,25.1946538,FALSE
10-10-2005 09:00,15.680973,0.0139,18.83222133,FALSE
12-10-2005 09:00,15.333612,0.0178,23.58186857,FALSE
13-10-2005 09:00,15.276998,0.02,26.39865254,FALSE
14-10-2005 08:45,8.837397,0.0088,6.719249687,FALSE
15-10-2005 10:00,7.4246697,0.009,5.773423159,FALSE
17-10-2005 08:45,9.848466,0.0099,8.423983878,FALSE
18-10-2005 08:45,9.35031,0.009,7.270801056,FALSE
19-10-2005 08:45,5.9259043,0.0096,4.915182063,FALSE
20-10-2005 08:45,8.577992,0.0093,6.892588132,FALSE
21-10-2005 08:45,7.626528,0.0091,5.996281375,FALSE
22-10-2005 08:45,7.708165,0.0122,8.125022563,FALSE
24-10-2005 08:45,7.027132,0.0082,4.978582479,FALSE
25-10-2005 08:45,8.168617,0.007,4.940379562,FALSE
26-10-2005 08:45,7.536932,0.0133,8.6608393,FALSE
27-10-2005 08:45,6.8063293,0.0094,5.527828404,FALSE
28-10-2005 08:45,1.5284882,0.0114,1.505499737,FALSE
29-10-2005 08:45,6.015971,0.01,5.197798944,FALSE
31-10-2005 08:45,5.8240633,0.0113,5.686149481,FALSE
02-11-2005 08:45,5.423576,0.0106,4.967127844,FALSE
03-11-2005 08:45,5.6098433,0.0073,3.538240366,FALSE
05-11-2005 08:45,6.521495,0.0155,8.733586104,FALSE
07-11-2005 08:45,7.4892592,0.0161,10.41785912,FALSE
08-11-2005 08:45,7.1843953,0.0158,9.807561712,FALSE
09-11-2005 08:31,6.2065077,0.0112,6.005913371,FALSE
10-11-2005 08:45,17.41791,0.0358,53.87568578,FALSE
11-11-2005 10:15,20.391384,0.0335,59.02082185,FALSE
12-11-2005 09:00,20.918005,0.0289,52.23142176,FALSE
14-11-2005 09:00,22.515718,0.031,60.30609909,FALSE
16-11-2005 09:00,17.912006,0.0274,42.40416652,FALSE
17-11-2005 09:00,18.617819,0.0232,37.31904583,FALSE
18-11-2005 09:00,17.816679,0.0159,24.47584094,FALSE
19-11-2005 09:00,17.438925,0.0166,25.01160379,FALSE
21-11-2005 09:00,18.984104,0.0143,23.45524017,FALSE
22-11-2005 09:00,18.43606,0.0193,30.74249877,FALSE
23-11-2005 09:00,26.91836,0.0353,82.09884453,FALSE
24-11-2005 09:30,215.391,0.116,2158.734758,FALSE
25-11-2005 09:15,32.492817,0.0337,94.6086854,FALSE
26-11-2005 09:00,22.824408,0.0228,44.96225781,FALSE
28-11-2005 09:00,12.533653,0.0172,18.62601105,FALSE
29-11-2005 09:00,11.678534,0.0178,17.96065101,FALSE
30-11-2005 09:00,11.9613,0.0206,21.28920019,FALSE
01-12-2005 09:00,12.359835,0.0193,20.61027206,FALSE
02-12-2005 09:00,27.839338,0.0158,38.00403709,FALSE
03-12-2005 09:00,11.750717,0.0167,16.95487454,FALSE
05-12-2005 09:00,25.12316,0.0559,121.3388332,FALSE
06-12-2005 09:00,30.482164,0.0186,48.98605683,FALSE
07-12-2005 09:00,14.788794,0.0142,18.14407558,FALSE
08-12-2005 09:00,12.939516,0.0137,15.3162463,FALSE
09-12-2005 10:00,22.852448,0.0161,31.78866927,FALSE
10-12-2005 09:00,24.882824,0.0242,52.02699905,FALSE
12-12-2005 09:00,35.437424,0.0552,169.0109975,FALSE
13-12-2005 09:00,20.745777,0.0164,29.39593618,FALSE
14-12-2005 09:00,36.740017,0.0384,121.8945588,FALSE
15-12-2005 09:00,33.94638,0.0264,77.43033492,FALSE
16-12-2005 09:00,30.530294,0.0215,56.71307413,FALSE
17-12-2005 09:00,20.42358,0.0178,31.40983215,FALSE
19-12-2005 09:00,19.8613,0.0215,36.89435088,FALSE
20-12-2005 09:00,18.688717,0.0131,21.15263745,FALSE
21-12-2005 09:00,21.428452,0.0129,23.88329546,FALSE
22-12-2005 09:00,19.546795,0.0187,31.58136575,FALSE
23-12-2005 09:00,12.939874,0.0164,18.33528386,FALSE
24-12-2005 09:00,28.58825,0.0139,34.33334472,FALSE
26-12-2005 09:00,14.486787,0.0186,23.28084618,FALSE
27-12-2005 09:00,15.351089,0.016,21.22134543,FALSE
28-12-2005 09:00,16.637257,0.0205,29.4679096,FALSE
29-12-2005 09:00,15.416982,0.0138,18.38197598,FALSE
30-12-2005 09:00,15.435412,0.0133,17.73714064,FALSE
31-12-2005 09:00,16.484188,0.0185,26.3483261,FALSE
02-01-2006 09:00,18.912176,0.0174,28.43180891,FALSE
03-01-2006 09:00,18.37652,0.0129,20.48173413,FALSE
04-01-2006 09:00,18.814913,0.01,16.25608483,FALSE
05-01-2006 09:00,16.208586,0.0146,20.44615872,FALSE
06-01-2006 09:00,11.2823925,0.0136,13.25726248,FALSE
07-01-2006 09:00,20.73036,0.0274,49.07622505,FALSE
09-01-2006 09:00,19.548683,0.0141,23.81498758,FALSE
10-01-2006 09:15,19.678936,0.0224,38.08582558,FALSE
12-01-2006 09:00,16.878487,0.0194,28.29104477,FALSE
13-01-2006 09:00,17.761765,0.0215,32.99425466,FALSE
16-01-2006 09:00,17.841879,0.0185,28.51845939,FALSE
17-01-2006 09:00,17.445711,0.0081,12.20920639,FALSE
18-01-2006 09:00,17.842846,0.0106,16.34119208,FALSE
19-01-2006 09:00,16.721056,0.0148,21.38154873,FALSE
20-01-2006 09:00,17.137392,0.0103,15.25090789,FALSE
21-01-2006 09:00,16.1676,0.014,19.55632896,FALSE
27-01-2006 09:00,16.41232,0.015,21.27036672,FALSE
28-01-2006 09:00,16.70864,0.0141,20.35513359,FALSE
30-01-2006 09:00,17.146826,0.0152,22.51858365,FALSE
31-01-2006 09:00,16.543333,0.0125,17.86679964,FALSE
01-02-2006 09:00,19.175827,0.0191,31.64471675,FALSE
02-02-2006 09:00,17.224236,0.0169,25.15014044,FALSE
03-02-2006 09:00,16.314167,0.0124,17.47834596,FALSE
04-02-2006 09:00,17.211271,0.015,22.30580722,FALSE
06-02-2006 09:00,14.179643,0.0155,18.98937791,FALSE
07-02-2006 09:00,17.928926,0.0157,24.32022954,FALSE
08-02-2006 09:00,15.94084,0.0106,14.59925891,FALSE
10-02-2006 09:00,16.824085,0.0127,18.46073199,FALSE
11-02-2006 09:00,16.687,0.0152,21.91470336,FALSE
13-02-2006 09:00,17.63742,0.0166,25.29629326,FALSE
14-02-2006 09:15,17.185556,0.0142,21.08461495,FALSE
15-02-2006 09:15,17.669498,0.0149,22.74700495,FALSE
16-02-2006 09:15,13.408143,0.019,22.01080755,FALSE
17-02-2006 09:00,13.831665,0.0199,23.78161153,FALSE
18-02-2006 10:00,15.593238,0.0197,26.54093854,FALSE
20-02-2006 09:00,13.500429,0.0177,20.64593606,FALSE
21-02-2006 09:00,14.184515,0.0159,19.48611933,FALSE
22-02-2006 09:00,14.065611,0.0125,15.19085988,FALSE
23-02-2006 09:00,13.774757,0.0092,10.94927884,FALSE
24-02-2006 09:00,13.355497,0.0125,14.42393676,FALSE
25-02-2006 09:00,14.381733,0.0164,20.37834039,FALSE
27-02-2006 09:00,14.620551,0.0112,14.14801479,FALSE
28-02-2006 09:00,13.856782,0.01,11.97225965,FALSE
01-03-2006 09:00,8.2713585,0.0152,10.86260969,FALSE
02-03-2006 09:30,8.619664,0.0137,10.20292388,FALSE
03-03-2006 08:45,7.5501356,0.0089,5.805752271,FALSE
04-03-2006 09:15,12.303727,0.0243,25.83192091,FALSE
06-03-2006 08:45,7.3259068,0.0112,7.089133492,FALSE
07-03-2006 08:45,6.542734,0.0125,7.06615272,FALSE
08-03-2006 08:45,6.2094626,0.0113,6.062422526,FALSE
09-03-2006 08:45,5.3793344,0.009,4.182970429,FALSE
10-03-2006 08:31,7.8857164,0.0116,7.903380405,FALSE
11-03-2006 08:31,8.083554,0.0094,6.565139217,FALSE
13-03-2006 09:00,5.381942,0.0065,3.022498627,FALSE
14-03-2006 08:52,5.007986,0.0091,3.937478913,FALSE
15-03-2006 08:37,4.871795,0.0182,7.660800202,FALSE
16-03-2006 08:37,6.300431,0.0138,7.51212989,FALSE
17-03-2006 08:37,7.371054,0.0112,7.132821535,FALSE
18-03-2006 08:37,7.48752,0.013,8.409982464,FALSE
20-03-2006 08:52,5.261913,0.0117,5.319162613,FALSE
21-03-2006 08:37,6.7250476,0.0109,6.333380828,FALSE
22-03-2006 08:45,7.029022,0.0081,4.919190756,FALSE
23-03-2006 09:52,7.4787717,0.0111,7.172441211,FALSE
24-03-2006 08:37,7.3393297,0.0104,6.594828095,FALSE
25-03-2006 08:37,7.8497567,0.0088,5.968327014,FALSE
27-03-2006 09:00,12.256848,0.0171,18.10875751,FALSE
28-03-2006 09:00,12.209511,0.0174,18.35529046,FALSE
29-03-2006 09:00,11.718737,0.0179,18.12372989,FALSE
30-03-2006 08:45,11.216823,0.0121,11.72651544,FALSE
31-03-2006 08:45,10.971373,0.0108,10.23760757,FALSE
01-04-2006 08:45,5.617088,0.0108,5.241417155,FALSE
03-04-2006 08:45,5.4005976,0.0114,5.319372612,FALSE
04-04-2006 08:45,4.9790883,0.0112,4.818164166,FALSE
05-04-2006 08:45,2.929193,0.0066,1.670343016,FALSE
06-04-2006 08:45,2.926517,0.0079,1.997523444,FALSE
07-04-2006 08:45,2.8020551,0.0078,1.888360973,FALSE
08-04-2006 08:45,2.7256095,0.0077,1.813293488,FALSE
10-04-2006 08:45,2.5884743,0.0071,1.587873675,FALSE
12-04-2006 08:45,2.593837,0.014,3.137505235,FALSE
13-04-2006 08:45,2.6623,0.0102,2.346231744,FALSE
15-04-2006 08:45,2.7046223,0.0155,3.622030184,FALSE
17-04-2006 08:45,7.563292,0.0105,6.861418502,FALSE
18-04-2006 09:00,6.7791877,0.0145,8.492966351,FALSE
19-04-2006 08:45,6.4724464,0.0153,8.556056345,FALSE
20-04-2006 08:45,6.493559,0.0158,8.864487262,FALSE
21-04-2006 09:15,7.868709,0.0137,9.314033469,FALSE
22-04-2006 09:15,4.8057127,0.0165,6.851024025,FALSE
24-04-2006 09:00,4.5070257,0.0131,5.101231968,FALSE
25-04-2006 08:45,7.4523897,0.0155,9.980240286,FALSE
26-04-2006 08:45,7.1282372,0.0115,7.082616482,FALSE
27-04-2006 08:45,5.0956273,0.0133,5.855487243,FALSE
28-04-2006 08:45,4.52168,0.0137,5.352222182,FALSE
29-04-2006 08:45,4.7286725,0.0164,6.700339786,FALSE
01-05-2006 08:45,4.359267,0.0066,2.485828414,FALSE
02-05-2006 08:45,5.2531247,0.0076,3.449411803,FALSE
03-05-2006 08:45,5.3090878,0.0089,4.082476155,FALSE
04-05-2006 08:45,5.0397573,0.0078,3.39639324,FALSE
05-05-2006 08:45,5.1628857,0.0071,3.167120604,FALSE
06-05-2006 08:45,5.2726755,0.0077,3.507805557,FALSE
09-05-2006 08:45,5.264409,0.009,4.093604438,FALSE
10-05-2006 08:45,5.031211,0.0106,4.607784282,FALSE
11-05-2006 08:45,5.0595675,0.0129,5.639191553,FALSE
12-05-2006 08:45,6.4622684,0.0142,7.928427855,FALSE
15-05-2006 08:45,5.5470867,0.0145,6.949390218,FALSE
16-05-2006 08:45,5.6954513,0.0128,6.298713502,FALSE
17-05-2006 08:45,5.9406996,0.0153,7.853129615,FALSE
18-05-2006 08:45,5.672692,0.0134,6.56761589,FALSE
19-05-2006 08:45,7.2381396,0.0137,8.567641082,FALSE
20-05-2006 08:45,3.5532427,0.0089,2.732301507,FALSE
22-05-2006 08:45,2.3807447,0.0145,2.98259696,FALSE
23-05-2006 08:45,2.4106524,0.0153,3.186689621,FALSE
24-05-2006 08:45,2.2394228,0.0142,2.747503045,FALSE
25-05-2006 08:45,1.5857325,0.0081,1.109759033,FALSE
26-05-2006 08:45,1.5969911,0.012,1.655760372,FALSE
27-05-2006 09:30,1.6066417,0.0128,1.776817189,FALSE
29-05-2006 09:00,13.276144,0.0336,38.54117708,FALSE
30-05-2006 08:45,10.63733,0.0127,11.67212946,FALSE
31-05-2006 08:45,10.781986,0.0131,12.20348303,FALSE
02-06-2008 09:00,13.160641,0.0138,15.69169548,FALSE
03-06-2008 08:45,10.584739,0.0129,11.7973267,FALSE
04-06-2008 08:45,10.730242,0.0128,11.86678923,FALSE
05-06-2008 08:45,10.025664,0.0099,8.575551959,FALSE
06-06-2008 08:45,9.80551,0.0108,9.149717491,FALSE
07-06-2008 08:45,8.707905,0.0108,8.125520314,FALSE
09-06-2008 08:45,10.933446,0.0105,9.918822211,FALSE
10-06-2008 08:45,10.718787,0.0111,10.27974548,FALSE
11-06-2008 08:45,9.787656,0.0102,8.62566548,FALSE
12-06-2008 08:45,11.248472,0.0094,9.13555902,FALSE
13-06-2008 08:45,12.191247,0.0092,9.690578415,FALSE
14-06-2008 08:45,10.684839,0.0095,8.770115851,FALSE
16-06-2008 08:45,8.18988,0.0122,8.63278871,FALSE
17-06-2008 08:45,7.844583,0.0102,6.913274106,FALSE
18-06-2008 08:45,7.964631,0.0102,7.019070008,FALSE
19-06-2008 08:45,8.065246,0.0108,7.525842348,FALSE
20-06-2008 08:45,7.658168,0.0103,6.815156867,FALSE
21-06-2008 08:45,8.59792,0.0116,8.617179341,FALSE
23-06-2008 08:45,10.835077,0.0117,10.95296264,FALSE
24-06-2008 08:45,8.524863,0.0131,9.648780938,FALSE
25-06-2008 08:45,8.359563,0.0093,6.717076062,FALSE
26-06-2008 08:45,9.577109,0.0124,10.2605315,FALSE
27-06-2008 08:45,9.385042,0.0129,10.46019241,FALSE
28-06-2008 09:45,9.207574,0.0127,10.1032868,FALSE
30-06-2008 08:45,8.009409,0.0126,8.719363014,FALSE
01-07-2008 08:45,7.7000976,0.0109,7.251643916,FALSE
02-07-2008 08:45,7.461033,0.0116,7.477745714,FALSE
03-07-2008 08:45,7.1960435,0.0113,7.02564119,FALSE
04-07-2008 08:45,6.910655,0.0099,5.911097861,FALSE
05-07-2008 08:45,6.3705626,0.0098,5.394082765,FALSE
07-07-2008 08:45,9.468095,0.0127,10.38915128,FALSE
08-07-2008 08:45,9.477197,0.012,9.82595785,FALSE
09-07-2008 08:45,9.67315,0.0115,9.61124184,FALSE
10-07-2008 08:45,8.290545,0.0121,8.667267365,FALSE
11-07-2008 09:30,7.543124,0.0136,8.863472425,FALSE
12-07-2008 08:45,7.183708,0.012,7.448068454,FALSE
14-07-2008 08:45,6.5142293,0.0125,7.035367644,FALSE
15-07-2008 08:45,5.9866443,0.0121,6.258677417,FALSE
16-07-2008 08:45,6.827874,0.01,5.899283136,FALSE
17-07-2008 08:45,5.871946,0.0105,5.327029411,FALSE
18-07-2008 08:37,5.843997,0.0114,5.756103285,FALSE
19-07-2008 08:45,9.562973,0.0125,10.32801084,FALSE
21-07-2008 08:45,5.763958,0.0125,6.22507464,FALSE
22-07-2008 08:37,8.593757,0.0104,7.72200629,FALSE
23-07-2008 08:37,8.405206,0.0118,8.569275621,FALSE
24-07-2008 08:45,9.100492,0.0108,8.491851095,FALSE
25-07-2008 08:45,8.568941,0.0107,7.921814576,FALSE
26-07-2008 08:45,9.255761,0.0111,8.876645029,FALSE
28-07-2008 08:45,9.748546,0.0119,10.02306506,FALSE
29-07-2008 08:45,8.984958,0.0188,14.59444698,FALSE
30-07-2008 08:45,6.5218186,0.016,9.015762033,FALSE
31-07-2008 08:45,6.4306855,0.0135,7.500751567,FALSE
01-08-2008 08:45,5.6407537,0.0137,6.67684734,FALSE
02-08-2008 08:45,9.480053,0.0137,11.22134914,FALSE
04-08-2008 08:45,10.398703,0.0135,12.12904718,FALSE
05-08-2008 08:45,9.5630865,0.0112,9.254007544,FALSE
06-08-2008 08:45,9.150798,0.0138,10.91067947,FALSE
07-08-2008 08:45,9.150528,0.0119,9.408206868,FALSE
08-08-2008 08:45,9.057831,0.013,10.17375578,FALSE
09-08-2008 08:45,8.880959,0.0131,10.05182463,FALSE
11-08-2008 08:00,9.056021,0.0135,10.56294289,FALSE
12-08-2008 08:45,8.069616,0.0135,9.412400102,FALSE
13-08-2008 09:15,9.37997,0.0135,10.94079701,FALSE
14-08-2008 08:45,6.420071,0.0124,6.878207267,FALSE
16-08-2008 09:30,9.569061,0.0126,10.41726257,FALSE
18-08-2008 08:45,8.205868,0.0122,8.649641341,FALSE
19-08-2008 08:45,7.4491463,0.0122,7.851996132,FALSE
20-08-2008 08:45,7.1854906,0.0105,6.518677072,FALSE
21-08-2008 08:45,7.4292088,0.0104,6.675589859,FALSE
22-08-2008 08:45,7.6857023,0.0105,6.972469127,FALSE
23-08-2008 08:45,6.12337,0.0126,6.666145517,FALSE
25-08-2008 08:45,8.755214,0.0107,8.094020239,FALSE
26-08-2008 08:45,9.085339,0.0118,9.262684817,FALSE
27-08-2008 08:45,7.2354417,0.0108,6.751535359,FALSE
28-08-2008 08:45,8.412564,0.0121,8.794830908,FALSE
29-08-2008 08:45,8.124701,0.0104,7.300531331,FALSE
30-08-2008 08:45,7.061453,0.0101,6.162106346,FALSE
01-09-2008 08:45,9.046614,0.0105,8.207088221,FALSE
02-09-2008 08:45,8.818691,0.0116,8.838444868,FALSE
04-09-2008 08:45,9.03553,0.0116,9.055769587,FALSE
05-09-2008 08:45,10.11595,0.0109,9.526797072,FALSE
06-09-2008 08:45,9.187765,0.0099,7.85884667,FALSE
08-09-2008 09:30,9.492757,0.0108,8.857881412,FALSE
09-09-2008 09:00,10.321244,0.0095,8.471677075,FALSE
10-09-2008 09:00,10.268861,0.0106,9.404633658,FALSE
11-09-2008 08:45,10.76266,0.0088,8.183065651,FALSE
12-09-2008 09:30,9.584376,0.0101,8.363709873,FALSE
13-09-2008 08:45,6.808022,0.0087,5.117453977,FALSE
15-09-2008 08:45,9.24578,0.0094,7.509052685,FALSE
16-09-2008 08:45,8.692084,0.009,6.758964518,FALSE
17-09-2008 08:45,8.658866,0.0097,7.256822417,FALSE
18-09-2008 08:45,8.467083,0.0093,6.803470532,FALSE
19-09-2008 08:45,9.026379,0.0102,7.954767285,FALSE
20-09-2008 08:45,9.621612,0.0087,7.232373308,FALSE
22-09-2008 08:45,11.165388,0.0096,9.261019423,FALSE
23-09-2008 08:45,9.418101,0.0101,8.218611657,FALSE
24-09-2008 08:45,10.607839,0.0092,8.431959064,FALSE
25-09-2008 08:45,9.622492,0.0089,7.399311448,FALSE
26-09-2008 08:45,10.016052,0.0093,8.048098103,FALSE
27-09-2008 08:45,9.783473,0.0097,8.199333052,FALSE
29-09-2008 08:45,9.48859,0.0091,7.460309002,FALSE
30-09-2008 08:45,9.234204,0.0106,8.457053391,FALSE
03-10-2008 08:45,10.8579855,0.0081,7.598852572,FALSE
04-10-2008 08:45,11.268815,0.0085,8.275817736,FALSE
06-10-2008 08:45,10.842451,0.0098,9.180520111,FALSE
07-10-2008 09:07,12.146876,0.0109,11.43944194,FALSE
10-10-2008 08:45,11.849201,0.0106,10.85197224,FALSE
11-10-2008 08:45,11.484619,0.0097,9.625029492,FALSE
13-10-2008 08:45,12.393073,0.009,9.636853565,FALSE
14-10-2008 08:45,12.446992,0.0103,11.07682712,FALSE
15-10-2008 08:45,9.3082,0.009,7.23805632,FALSE
16-10-2008 08:45,8.623417,0.0091,6.780075382,FALSE
17-10-2008 08:45,8.1176,0.0096,6.733062144,FALSE
18-10-2008 08:45,7.208748,0.0108,6.726626934,FALSE
20-10-2008 09:00,16.043839,0.0147,20.37695904,FALSE
21-10-2008 09:30,24.4151,0.0492,103.7856603,FALSE
22-10-2008 09:00,23.987198,0.0373,77.30402274,FALSE
23-10-2008 08:45,11.497785,0.0154,15.29849281,FALSE
24-10-2008 08:45,8.610906,0.0119,8.853389113,FALSE
25-10-2008 08:45,6.914421,0.0104,6.213022134,FALSE
28-10-2008 08:45,8.072047,0.013,9.06652319,FALSE
29-10-2008 08:45,8.390806,0.0114,8.264608278,FALSE
30-10-2008 08:45,8.059735,0.0127,8.843786021,FALSE
31-10-2008 08:45,8.180716,0.0113,7.986996645,FALSE
01-11-2008 08:45,8.913449,0.0122,9.395488322,FALSE
03-11-2008 08:45,6.5188723,0.0105,5.913920951,FALSE
04-11-2008 08:45,7.4090633,0.0095,6.081359157,FALSE
05-11-2008 08:45,7.88752,0.0118,8.04148439,FALSE
06-11-2008 08:45,6.8404536,0.0119,7.033080773,FALSE
07-11-2008 09:00,6.6876445,0.0104,6.009249842,FALSE
08-11-2008 08:45,7.067191,0.0105,6.411355675,FALSE
10-11-2008 08:45,6.3883314,0.0141,7.782520845,FALSE
11-11-2008 08:45,6.9722505,0.0121,7.289069563,FALSE
12-11-2008 08:45,6.6579466,0.012,6.902959035,FALSE
14-11-2008 08:45,9.505537,0.0129,10.59449132,FALSE
15-11-2008 08:45,9.149312,0.0132,10.43460735,FALSE
17-11-2008 08:45,8.628451,0.0117,8.722328547,FALSE
18-11-2008 08:45,8.693381,0.0124,9.313740668,FALSE
19-11-2008 08:45,12.082453,0.0121,12.63147966,FALSE
20-11-2008 08:45,12.3358,0.0109,11.61736301,FALSE
21-11-2008 08:45,11.647437,0.0097,9.761484001,FALSE
22-11-2008 08:45,9.327941,0.0112,9.026461947,FALSE
24-11-2008 08:45,11.731857,0.0107,10.84586716,FALSE
25-11-2008 08:45,12.16248,0.0108,11.34905334,FALSE
26-11-2008 08:45,9.970649,0.0114,9.820690439,FALSE
27-11-2008 08:45,10.091117,0.0103,8.980286841,FALSE
28-11-2008 08:45,9.514307,0.0102,8.384768473,FALSE
29-11-2008 08:45,9.888113,0.0106,9.05592941,FALSE
01-12-2008 08:45,10.342879,0.0092,8.22134766,FALSE
02-12-2008 08:45,12.5689945,0.0113,12.27136071,FALSE
03-12-2008 09:00,13.333488,0.0112,12.90254967,FALSE
04-12-2008 08:45,11.874288,0.0115,11.79829256,FALSE
05-12-2008 08:45,12.98667,0.0109,12.23032634,FALSE
06-12-2008 08:45,12.519538,0.0123,13.30476342,FALSE
08-12-2008 08:45,12.179168,0.0112,11.78553729,FALSE
10-12-2008 08:45,12.475826,0.0115,12.39598071,FALSE
11-12-2008 08:45,13.465844,0.0101,11.75083411,FALSE
12-12-2008 08:45,13.873074,0.0109,13.06510617,FALSE
13-12-2008 08:45,12.665585,0.0102,11.16192675,FALSE
15-12-2008 08:45,14.29646,0.0098,12.10509861,FALSE
16-12-2008 08:45,14.824824,0.0116,14.85803161,FALSE
17-12-2008 08:45,15.24572,0.0115,15.14814739,FALSE
18-12-2008 08:45,12.40389,0.0103,11.03846979,FALSE
19-12-2008 08:45,13.414526,0.0117,13.56047604,FALSE
20-12-2008 08:45,12.5498495,0.0131,14.20442166,FALSE
22-12-2008 08:45,13.501251,0.0098,11.43177925,FALSE
23-12-2008 08:45,13.673061,0.0132,15.59385261,FALSE
24-12-2008 08:45,14.720938,0.0114,14.49953509,FALSE
26-12-2008 08:45,14.187779,0.0119,14.58730686,FALSE
27-12-2008 08:45,14.185254,0.0106,12.99142302,FALSE
29-12-2008 08:45,12.279799,0.0103,10.92803873,FALSE
30-12-2008 08:45,13.604335,0.0083,9.755940715,FALSE
31-12-2008 08:45,13.927629,0.0105,12.63514503,FALSE
01-01-2009 08:45,13.731339,0.0097,11.50796059,FALSE
02-01-2009 08:45,14.636545,0.0113,14.28995161,FALSE
03-01-2009 08:45,15.153644,0.0124,16.23500804,FALSE
05-01-2009 08:45,14.888495,0.0131,16.85139418,FALSE
06-01-2009 09:52,13.579148,0.0128,15.01745136,FALSE
07-01-2009 08:45,13.105269,0.0124,14.040461,FALSE
09-01-2009 08:45,14.925857,0.0123,15.86200675,FALSE
10-01-2009 08:45,14.071357,0.0128,15.56179513,FALSE
12-01-2009 08:45,14.673818,0.0084,10.64967015,FALSE
13-01-2009 08:45,12.892506,0.0111,12.36442895,FALSE
15-01-2009 08:45,14.04365,0.0112,13.58975923,FALSE
16-01-2009 08:45,13.092752,0.0096,10.85965222,FALSE
17-01-2009 08:45,13.187776,0.0105,11.96395039,FALSE
19-01-2009 08:45,13.404779,0.0096,11.11845989,FALSE
20-01-2009 08:45,12.699051,0.0099,10.86226026,FALSE
21-01-2009 08:45,13.163226,0.0107,12.16913917,FALSE
22-01-2009 08:45,12.33957,0.0111,11.83414121,FALSE
23-01-2009 08:45,12.78398,0.01,11.04535872,FALSE
24-01-2009 08:45,13.631189,0.0099,11.65957382,FALSE
27-01-2009 08:45,14.077035,0.0096,11.67605591,FALSE
28-01-2009 08:45,14.33736,0.0106,13.13072778,FALSE
29-01-2009 08:45,13.641577,0.011,12.96495478,FALSE
30-01-2009 08:45,13.434592,0.0097,11.25926286,FALSE
31-01-2009 08:45,13.851601,0.0103,12.32681676,FALSE
02-02-2009 08:45,13.28353,0.0108,12.39512751,FALSE
03-02-2009 08:07,8.490595,0.0114,8.362896451,FALSE
04-02-2009 08:45,8.064244,0.0119,8.291333111,FALSE
05-02-2009 08:45,8.889942,0.0108,8.295382679,FALSE
06-02-2009 08:45,8.263109,0.0129,9.209730767,FALSE
07-02-2009 08:45,10.6733465,0.0116,10.6972548,FALSE
09-02-2009 08:45,8.668832,0.0094,7.040478597,FALSE
10-02-2009 08:45,8.279125,0.01,7.153164,FALSE
11-02-2009 08:45,7.8427258,0.0123,8.334621562,FALSE
12-02-2009 08:45,8.248556,0.0105,7.483090003,FALSE
13-02-2009 08:45,10.103604,0.0122,10.6500069,FALSE
14-02-2009 08:45,9.15373,0.0115,9.095146128,FALSE
16-02-2009 08:45,6.470735,0.011,6.149786544,FALSE
17-02-2009 08:45,5.393845,0.0125,5.8253526,FALSE
18-02-2009 08:45,6.7934446,0.0127,7.454310891,FALSE
19-02-2009 08:45,5.2085037,0.0113,5.085166332,FALSE
20-02-2009 08:45,7.1812963,0.0112,6.949196804,FALSE
21-02-2009 08:45,7.2331824,0.0111,6.936911249,FALSE
24-02-2009 08:45,5.2609663,0.0082,3.727289404,FALSE
25-02-2009 08:45,4.840999,0.0114,4.768190375,FALSE
26-02-2009 08:45,8.704209,0.0113,8.498093331,FALSE
27-02-2009 08:45,8.391288,0.0114,8.265083028,FALSE
28-02-2009 08:45,9.144012,0.0109,8.611464741,FALSE
02-03-2009 08:45,6.466412,0.0123,6.871985361,FALSE
03-03-2009 08:45,6.774122,0.0117,6.847824447,FALSE
04-03-2009 08:45,7.5369906,0.0126,8.205069447,FALSE
05-03-2009 08:45,7.8073096,0.0111,7.487522199,FALSE
06-03-2009 08:45,7.0184464,0.0106,6.427773951,FALSE
07-03-2009 08:45,5.2245617,0.0119,5.371685357,FALSE
09-03-2009 08:45,5.738317,0.0128,6.346119537,FALSE
11-03-2009 08:45,3.7012017,0.0101,3.229816651,FALSE
12-03-2009 08:45,3.2833962,0.011,3.120539748,FALSE
13-03-2009 08:45,3.4323182,0.0122,3.617937968,FALSE
14-03-2009 08:45,3.483517,0.0133,4.002979055,FALSE
16-03-2009 08:45,3.1338072,0.0092,2.491000667,FALSE
17-03-2009 08:45,3.083896,0.0141,3.756925463,FALSE
18-03-2009 08:45,3.0624506,0.0127,3.360365794,FALSE
19-03-2009 08:45,2.763913,0.0132,3.152187498,FALSE
20-03-2009 08:45,2.598673,0.0121,2.716756701,FALSE
21-03-2009 08:00,2.7904804,0.0123,2.965499331,FALSE
23-03-2009 08:45,3.7361875,0.0125,4.0350825,FALSE
25-03-2009 08:45,3.1122785,0.0129,3.468821125,FALSE
26-03-2009 08:45,3.0316684,0.0112,2.933684877,FALSE
27-03-2009 08:45,2.9499135,0.01,2.548725264,FALSE
28-03-2009 08:45,3.6221504,0.0122,3.818036294,FALSE
30-03-2009 08:45,2.9283106,0.0114,2.884268809,FALSE
31-03-2009 08:45,3.0046034,0.0108,2.803655525,FALSE
01-04-2009 08:45,2.894977,0.0126,3.151587761,FALSE
02-04-2009 08:45,2.7207181,0.0109,2.562263478,FALSE
03-04-2009 08:45,2.8165755,0.0133,3.236583239,FALSE
04-04-2009 09:00,3.1906564,0.0124,3.418341641,FALSE
06-04-2009 08:45,3.1927218,0.0147,4.055012104,FALSE
08-04-2009 08:45,3.312506,0.0127,3.634746584,FALSE
09-04-2009 08:45,3.186104,0.0136,3.743799644,FALSE
11-04-2009 08:45,3.8924637,0.0112,3.766659273,FALSE
13-04-2009 08:45,3.2951617,0.0126,3.587244833,FALSE
15-04-2009 08:45,3.0080311,0.0128,3.326641754,FALSE
16-04-2009 08:45,2.952784,0.0123,3.137982612,FALSE
17-04-2009 08:45,3.082255,0.0116,3.089159251,FALSE
18-04-2009 08:45,3.166185,0.0112,3.063853901,FALSE
20-04-2009 08:45,2.8426921,0.011,2.701694572,FALSE
21-04-2009 08:45,2.852498,0.0096,2.365975941,FALSE
22-04-2009 08:45,2.9024017,0.0111,2.783519326,FALSE
23-04-2009 08:45,2.8194094,0.0095,2.314171236,FALSE
24-04-2009 08:45,2.8267205,0.0111,2.710938028,FALSE
25-04-2009 08:45,2.7726123,0.009,2.155983324,FALSE
27-04-2009 08:45,2.5153725,0.0088,1.912488019,FALSE
28-04-2009 08:45,2.101971,0.01,1.816102944,FALSE
29-04-2009 08:45,2.060727,0.0098,1.744858765,FALSE
30-04-2009 08:45,2.152242,0.0093,1.729369492,FALSE
01-05-2009 08:45,2.009054,0.0098,1.701106203,FALSE
02-05-2009 08:45,2.1746328,0.0093,1.747360947,FALSE
05-05-2009 08:45,4.418313,0.0102,3.893770881,FALSE
06-05-2009 08:45,1.8587148,0.0103,1.654107475,FALSE
07-05-2009 08:45,0.90671265,0.0099,0.775565732,FALSE
08-05-2009 09:00,2.960772,0.0111,2.839498779,FALSE
11-05-2009 08:45,4.6396594,0.0102,4.088839036,FALSE
12-05-2009 08:45,4.5266075,0.0101,3.950098769,FALSE
14-05-2009 08:45,2.5377152,0.0107,2.346066948,FALSE
15-05-2009 08:45,2.5522265,0.0124,2.734353383,FALSE
16-05-2009 08:45,4.4434376,0.0121,4.645347405,FALSE
18-05-2009 08:45,3.3012455,0.0111,3.166026484,FALSE
19-05-2009 08:45,3.5109055,0.0113,3.427767258,FALSE
20-05-2009 08:45,2.8553896,0.011,2.713762276,FALSE
21-05-2009 08:45,2.7363882,0.0118,2.789802498,FALSE
22-05-2009 08:45,2.2086234,0.0124,2.366230766,FALSE
23-05-2009 08:45,1.936725,0.0121,2.024729784,FALSE
25-05-2009 08:45,3.518825,0.0129,3.921941592,FALSE
26-05-2009 08:45,3.845102,0.0128,4.252375204,FALSE
27-05-2009 08:45,3.2928994,0.0132,3.755485908,FALSE
28-05-2009 08:45,3.1993625,0.0136,3.759378912,FALSE
29-05-2009 08:45,2.0211134,0.0141,2.462201188,FALSE
30-05-2009 08:45,1.9752004,0.0125,2.133216432,FALSE
01-06-2009 08:45,1.9069859,0.0122,2.010115697,FALSE
02-06-2009 08:45,1.82787,0.0128,2.02147799,FALSE
03-06-2009 08:45,2.270399,0.012,2.353949683,FALSE
04-06-2009 08:45,2.3333747,0.0119,2.399082532,FALSE
05-06-2009 08:45,2.3226757,0.0109,2.187403067,FALSE
06-06-2009 08:45,2.9690692,0.0105,2.693539578,FALSE
08-06-2009 08:45,5.125322,0.013,5.75676167,FALSE
09-06-2009 09:00,3.134188,0.0131,3.547399346,FALSE
10-06-2009 09:00,2.388434,0.0127,2.62078086,FALSE
12-06-2009 09:00,2.4010756,0.0096,1.991548146,FALSE
13-06-2009 08:45,2.5219235,0.0121,2.636519704,FALSE
15-06-2009 08:45,3.1022258,0.0109,2.921552169,FALSE
16-06-2009 08:45,2.968059,0.0108,2.769555214,FALSE
17-06-2009 08:45,2.4100385,0.0113,2.352968788,FALSE
18-06-2009 08:45,2.5267956,0.0098,2.13948837,FALSE
19-06-2009 08:45,3.0715911,0.0106,2.813085993,FALSE
20-06-2009 08:45,3.2831347,0.0106,3.006826084,FALSE
22-06-2009 08:45,3.1943424,0.0161,4.443458052,FALSE
23-06-2009 08:45,3.0336678,0.0153,4.010266138,FALSE
24-06-2009 08:45,3.1566987,0.015,4.091081515,FALSE
26-06-2009 08:45,3.134088,0.015,4.061778048,FALSE
27-06-2009 08:45,3.5139387,0.0159,4.827308429,FALSE
29-06-2009 08:45,3.9190414,0.0153,5.180659207,FALSE
30-06-2009 08:45,3.9190414,0.0145,4.909775066,FALSE
01-07-2009 08:45,8.914164,0.0125,9.62729712,FALSE
02-07-2009 08:45,5.582649,0.0102,4.919876911,FALSE
03-07-2009 08:45,6.684042,0.0121,6.987764868,FALSE
04-07-2009 08:45,5.6416492,0.0154,7.50655276,FALSE
06-07-2009 08:45,3.912681,0.0117,3.955250969,FALSE
07-07-2009 08:45,5.2084966,0.0132,5.940186202,FALSE
08-07-2009 10:00,4.180853,0.0128,4.62368895,FALSE
09-07-2009 08:45,4.879588,0.0131,5.522912882,FALSE
10-07-2009 08:45,6.090728,0.0142,7.472592369,FALSE
11-07-2009 08:45,5.072231,0.0137,6.00389839,FALSE
13-07-2009 08:45,3.6841142,0.0123,3.915181843,FALSE
14-07-2009 08:45,7.3779936,0.0179,11.41050978,FALSE
15-07-2009 08:45,7.2763014,0.0145,9.115750394,FALSE
16-07-2009 08:45,6.010793,0.0147,7.634187973,FALSE
17-07-2009 08:45,11.621145,0.0135,13.55490353,FALSE
18-07-2009 08:45,16.698793,0.0135,19.47747216,FALSE
20-07-2009 08:45,6.9056525,0.0143,8.532071777,FALSE
21-07-2009 08:45,5.578759,0.0154,7.422873575,FALSE
22-07-2009 08:45,5.0634117,0.0161,7.043408211,FALSE
23-07-2009 08:45,4.125255,0.0158,5.631468106,FALSE
24-07-2009 08:45,5.0462303,0.0128,5.580727013,FALSE
25-07-2009 08:45,6.130725,0.0142,7.521663888,FALSE
27-07-2009 08:45,5.2891116,0.0107,4.889677892,FALSE
28-07-2009 08:45,5.15906,0.0129,5.750081914,FALSE
29-07-2009 08:45,5.157871,0.0134,5.971576729,FALSE
30-07-2009 08:45,5.3050165,0.015,6.875301384,FALSE
31-07-2009 08:45,5.025377,0.0124,5.383987903,FALSE
01-08-2009 08:45,5.6662135,0.0103,5.042476718,FALSE
03-08-2009 08:45,9.081136,0.0108,8.473789624,FALSE
04-08-2009 08:45,9.551262,0.0114,9.40761102,FALSE
05-08-2009 08:45,7.887908,0.0147,10.01827419,FALSE
06-08-2009 08:45,6.5382457,0.0153,8.643037756,FALSE
07-08-2009 08:45,8.54728,0.0173,12.77579036,FALSE
08-08-2009 08:45,7.9580054,0.016,11.00114666,FALSE
10-08-2009 08:45,7.071772,0.0133,8.126314641,FALSE
11-08-2009 08:45,8.03734,0.0145,10.06917955,FALSE
12-08-2009 08:45,7.3790607,0.0217,13.83485333,FALSE
13-08-2009 09:00,8.26894,0.0228,16.28915028,FALSE
14-08-2009 08:45,13.196752,0.0231,26.33860551,FALSE
17-08-2009 08:45,6.9991226,0.0264,15.96471869,FALSE
18-08-2009 08:45,8.683793,0.012,9.003356582,FALSE
19-08-2009 08:45,8.925267,0.0207,15.96266152,FALSE
20-08-2009 08:45,16.595665,0.0192,27.53021676,FALSE
21-08-2009 09:15,37.312866,0.0534,172.1526086,FALSE
22-08-2009 08:45,16.887428,0.0221,32.24553052,FALSE
24-08-2009 08:45,8.887476,0.0121,9.291322909,FALSE
25-08-2009 08:45,6.6781716,0.0109,6.289234886,FALSE
26-08-2009 08:45,7.578664,0.0114,7.464680893,FALSE
27-08-2009 08:45,6.621281,0.0139,7.95189363,FALSE
28-08-2009 08:45,6.4867067,0.0118,6.613327215,FALSE
29-08-2009 08:45,6.2551346,0.0154,8.322831893,FALSE
31-08-2009 08:45,8.328304,0.0151,10.86543853,FALSE
01-09-2009 08:45,11.517916,0.011,10.94662737,FALSE
02-09-2009 08:45,12.9509535,0.0085,9.51118025,FALSE
03-09-2009 08:45,11.789368,0.0105,10.69531465,FALSE
04-09-2009 08:45,10.697787,0.0088,8.133741412,FALSE
05-09-2009 08:45,12.927293,0.0109,12.17440746,FALSE
07-09-2009 08:45,10.346843,0.0159,14.21407904,FALSE
08-09-2009 08:45,11.925091,0.0127,13.08516385,FALSE
09-09-2009 08:45,12.274705,0.011,11.66587963,FALSE
10-09-2009 08:45,10.885841,0.0095,8.935098293,FALSE
11-09-2009 08:45,13.2441025,0.0112,12.81605311,FALSE
12-09-2009 09:00,19.422758,0.0173,29.03158484,FALSE
14-09-2009 08:45,17.7247,0.0191,29.25000893,FALSE
15-09-2009 08:45,15.970605,0.019,26.21734517,FALSE
16-09-2009 09:00,19.528412,0.0296,49.94274199,FALSE
17-09-2009 09:00,19.77326,0.0233,39.80594517,FALSE
18-09-2009 09:00,21.706608,0.0201,37.69656372,FALSE
19-09-2009 09:00,18.230019,0.0204,32.13150229,FALSE
22-09-2009 09:00,24.529999,0.0146,30.94312194,FALSE
23-09-2009 08:45,14.844262,0.0136,17.44260162,FALSE
24-09-2009 09:30,25.684813,0.0187,41.49843867,FALSE
26-09-2009 08:45,11.1743355,0.0105,10.13735717,FALSE
29-09-2009 08:45,13.819606,0.0124,14.80577308,FALSE
30-09-2009 08:45,12.618365,0.0119,12.97369816,FALSE
01-10-2009 08:45,15.94188,0.0105,14.46247354,FALSE
03-10-2009 08:45,16.512403,0.011,15.69338781,FALSE
05-10-2009 08:45,12.478159,0.0099,10.67331808,FALSE
06-10-2009 08:45,13.274964,0.0105,12.04304734,FALSE
07-10-2009 08:45,14.201319,0.0103,12.6380378,FALSE
08-10-2009 08:45,13.749318,0.0123,14.61167522,FALSE
09-10-2009 08:45,13.788352,0.0106,12.6279243,FALSE
10-10-2009 09:00,31.989187,0.0167,46.15655814,FALSE
12-10-2009 08:45,11.325142,0.0111,10.86126418,FALSE
13-10-2009 08:45,17.582083,0.0114,17.31764847,FALSE
14-10-2009 08:45,17.996819,0.01,15.54925162,FALSE
15-10-2009 08:45,18.109962,0.0099,15.4905371,FALSE
16-10-2009 09:00,24.790184,0.01,21.41871898,FALSE
19-10-2009 08:45,9.404073,0.011,8.937630979,FALSE
20-10-2009 08:45,9.404804,0.0127,10.31970333,FALSE
21-10-2009 08:45,17.006973,0.0094,13.81238319,FALSE
22-10-2009 08:45,17.903786,0.0095,14.69542755,FALSE
23-10-2009 09:00,11.056518,0.0081,7.737793557,FALSE
24-10-2009 08:45,8.223867,0.0126,8.952830571,FALSE
26-10-2009 08:45,10.526245,0.0107,9.731302978,FALSE
27-10-2009 08:45,9.704602,0.011,9.223253741,FALSE
28-10-2009 08:45,10.06732,0.0098,8.52420119,FALSE
29-10-2009 08:45,10.507783,0.0095,8.624788286,FALSE
30-10-2009 08:45,10.643284,0.0095,8.736007507,FALSE
31-10-2009 08:45,9.51856,0.01,8.22403584,FALSE
03-11-2009 08:45,8.416312,0.0203,14.76153794,FALSE
04-11-2009 08:45,8.785572,0.0159,12.06926739,FALSE
05-11-2009 08:45,10.699224,0.0194,17.9336113,FALSE
06-11-2009 08:45,9.797345,0.0309,26.15655979,FALSE
07-11-2009 08:45,8.64939,0.016,11.95691674,FALSE
08-11-2009 08:00,1286.976,0.0417,4636.820091,FALSE
11-11-2009 11:00,39.652546,0.056,191.8548786,FALSE
12-11-2009 10:00,36.550297,0.0533,168.3185037,FALSE
13-11-2009 09:00,35.36224,0.0427,130.4612048,FALSE
14-11-2009 09:00,33.65907,0.0457,132.9021647,FALSE
17-11-2009 09:00,34.95059,0.0418,126.2247548,FALSE
18-11-2009 08:45,24.10979,0.0156,32.49613935,FALSE
19-11-2009 08:45,24.80813,0.0167,35.79515461,FALSE
20-11-2009 09:00,40.26022,0.0276,96.00613102,FALSE
21-11-2009 08:45,18.247076,0.0115,18.13029471,FALSE
23-11-2009 08:45,15.66252,0.0151,20.43395009,FALSE
24-11-2009 08:45,13.350363,0.0096,11.07332509,FALSE
25-11-2009 08:45,13.213423,0.0134,15.29797261,FALSE
26-11-2009 08:45,13.221574,0.0127,14.50776872,FALSE
27-11-2009 08:45,11.953889,0.0124,12.80691852,FALSE
30-11-2009 08:45,6.154712,0.0138,7.338386212,FALSE
01-12-2009 08:45,7.5801854,0.017,11.13377632,FALSE
02-12-2009 08:45,6.0056863,0.016,8.302260741,FALSE
03-12-2009 08:45,12.132745,0.0127,13.31301843,FALSE
04-12-2009 08:45,10.82177,0.0178,16.64301652,FALSE
05-12-2009 08:45,9.313088,0.0081,6.517671506,FALSE
07-12-2009 08:45,9.881397,0.0236,20.14856374,FALSE
08-12-2009 08:45,9.143934,0.0153,12.08754923,FALSE
09-12-2009 08:45,12.832564,0.0143,15.85488947,FALSE
10-12-2009 08:45,9.882854,0.0115,9.819603734,FALSE
11-12-2009 08:45,11.500584,0.0142,14.1098365,FALSE
12-12-2009 08:45,12.6892805,0.0122,13.37551679,FALSE
14-12-2009 08:45,14.30748,0.0143,17.67717769,FALSE
15-12-2009 08:45,12.621311,0.0147,16.03007467,FALSE
16-12-2009 08:45,12.120984,0.0087,9.111101253,FALSE
17-12-2009 08:45,11.652708,0.0151,15.20258897,FALSE
18-12-2009 08:45,11.928426,0.0155,15.9745481,FALSE
19-12-2009 08:45,12.274037,0.0147,15.58900891,FALSE
21-12-2009 08:45,12.993802,0.0161,18.07489833,FALSE
22-12-2009 08:45,15.42343,0.0202,26.91820391,FALSE
23-12-2009 08:45,13.772559,0.02,23.79898195,FALSE
24-12-2009 08:45,15.346313,0.0154,20.41919023,FALSE
26-12-2009 08:45,13.218435,0.0097,11.078106,FALSE
29-12-2009 08:45,12.968189,0.0095,10.64428953,FALSE
30-12-2009 08:45,12.995038,0.0144,16.16790648,FALSE
31-12-2009 08:45,12.2098465,0.0076,8.017473606,FALSE
01-01-2010 08:45,12.051382,0.0139,14.47322773,FALSE
02-01-2010 08:45,12.668071,0.012,13.13425601,FALSE
04-01-2010 08:45,13.257861,0.0153,17.52583161,FALSE
05-01-2010 08:45,13.869072,0.015,17.97431731,FALSE
06-01-2010 08:45,13.79573,0.0141,16.80651012,FALSE
07-01-2010 08:45,15.14593,0.0126,16.48846524,FALSE
08-01-2010 08:45,13.815923,0.0128,15.27930556,FALSE
09-01-2010 08:45,13.839824,0.0084,10.04439067,FALSE
11-01-2010 08:45,15.338441,0.0101,13.38493715,FALSE
12-01-2010 08:45,13.34782,0.0096,11.07121582,FALSE
13-01-2010 09:00,14.412389,0.0099,12.32778106,FALSE
15-01-2010 08:45,14.09154,0.0102,12.41859237,FALSE
16-01-2010 08:45,14.189147,0.0099,12.13682878,FALSE
18-01-2010 08:45,15.732008,0.0099,13.45653036,FALSE
19-01-2010 08:45,13.112347,0.0099,11.21577713,FALSE
20-01-2010 08:45,13.087359,0.0106,11.98592687,FALSE
21-01-2010 08:45,12.809718,0.0095,10.51421653,FALSE
22-01-2010 08:45,13.1498375,0.0103,11.70230339,FALSE
23-01-2010 08:45,13.604485,0.0104,12.22444604,FALSE
25-01-2010 08:45,13.802955,0.0103,12.28352571,FALSE
27-01-2010 08:45,12.786377,0.0098,10.82648113,FALSE
28-01-2010 08:45,13.206446,0.0096,10.95395457,FALSE
29-01-2010 08:45,13.19195,0.0112,12.76558618,FALSE
30-01-2010 08:45,13.216617,0.0098,11.19077395,FALSE
01-02-2010 08:45,10.064835,0.0095,8.261216568,FALSE
02-02-2010 08:45,10.049774,0.0107,9.290815068,FALSE
03-02-2010 08:31,9.338786,0.0093,7.503901327,FALSE
04-02-2010 08:45,9.134036,0.0093,7.339380607,FALSE
05-02-2010 08:45,9.591657,0.0083,6.878369068,FALSE
06-02-2010 08:45,10.04426,0.0079,6.855810106,FALSE
08-02-2010 08:45,12.423146,0.0128,13.73900562,FALSE
09-02-2010 08:45,10.593331,0.0106,9.701796263,FALSE
10-02-2010 08:31,10.802291,0.0086,8.026534305,FALSE
11-02-2010 08:31,10.446754,0.0122,11.01171446,FALSE
13-02-2010 08:45,10.140148,0.0115,10.07525105,FALSE
15-02-2010 08:45,10.798485,0.012,11.19586925,FALSE
16-02-2010 08:45,10.024248,0.0122,10.56635933,FALSE
17-02-2010 08:45,9.994614,0.0115,9.93064847,FALSE
18-02-2010 08:31,10.014039,0.0113,9.776906556,FALSE
19-02-2010 08:45,8.741088,0.0125,9.44037504,FALSE
20-02-2010 08:45,6.351316,0.0128,7.024047391,FALSE
22-02-2010 08:45,7.694011,0.0151,10.03791451,FALSE
23-02-2010 08:45,7.524229,0.0143,9.296335414,FALSE
24-02-2010 08:45,7.2222366,0.0164,10.23362037,FALSE
25-02-2010 08:45,7.3698554,0.0159,10.12441255,FALSE
26-02-2010 08:45,7.940738,0.0141,9.673724661,FALSE
01-03-2010 08:45,10.02538,0.0143,12.3865575,FALSE
02-03-2010 08:45,4.8336473,0.013,5.429152647,FALSE
03-03-2010 08:31,4.059134,0.0143,5.01514124,FALSE
04-03-2010 08:31,7.205652,0.0142,8.840470326,FALSE
05-03-2010 08:45,6.5826945,0.013,7.393682462,FALSE
06-03-2010 08:45,6.300427,0.012,6.532282714,FALSE
08-03-2010 08:45,4.03621,0.0121,4.219615382,FALSE
09-03-2010 08:45,7.914372,0.0119,8.137240716,FALSE
10-03-2010 08:45,6.1568217,0.0151,8.032435863,FALSE
11-03-2010 08:45,6.4588447,0.0117,6.52911693,FALSE
12-03-2010 08:45,4.9636827,0.011,4.717484038,FALSE
13-03-2010 08:45,4.614842,0.0115,4.585307011,FALSE
15-03-2010 08:45,4.662823,0.0118,4.753841305,FALSE
16-03-2010 08:45,3.7954807,0.0184,6.033903398,FALSE
17-03-2010 08:45,3.052912,0.0217,5.723843651,FALSE
18-03-2010 08:45,3.4514272,0.0113,3.369697404,FALSE
19-03-2010 08:45,3.522635,0.0103,3.134863339,FALSE
20-03-2010 09:00,4.687513,0.011,4.455012355,FALSE
22-03-2010 08:45,3.9581606,0.0074,2.530689561,FALSE
23-03-2010 08:45,6.369603,0.0165,9.080506037,FALSE
24-03-2010 08:45,5.712307,0.0162,7.995401862,FALSE
25-03-2010 08:45,5.0104294,0.0136,5.887454962,FALSE
26-03-2010 08:45,5.0322685,0.0217,9.434899565,FALSE
27-03-2010 08:45,5.388804,0.0187,8.706582847,FALSE
29-03-2010 08:45,4.809301,0.0145,6.025092293,FALSE
30-03-2010 08:45,2.5056546,0.0097,2.099939007,FALSE
31-03-2010 08:45,2.7219357,0.015,3.527628667,FALSE
01-04-2010 08:45,2.705847,0.0113,2.641772543,FALSE
03-04-2010 08:45,2.2928188,0.0113,2.238524851,FALSE
05-04-2010 08:45,2.8721936,0.0146,3.623099895,FALSE
06-04-2010 08:45,3.1022294,0.0138,3.698850158,FALSE
07-04-2010 08:45,3.672783,0.0136,4.315666936,FALSE
08-04-2010 08:45,3.1406982,0.0136,3.690446013,FALSE
09-04-2010 08:45,3.0705352,0.015,3.979413619,FALSE
10-04-2010 08:45,2.723435,0.0174,4.094303242,FALSE
12-04-2010 08:45,1.2726992,0.0153,1.682406526,FALSE
13-04-2010 08:45,1.3687392,0.0121,1.430934709,FALSE
15-04-2010 08:45,3.0585377,0.0132,3.488201076,FALSE
16-04-2010 08:45,3.5667386,0.013,4.006160796,FALSE
17-04-2010 08:45,2.8984034,0.0152,3.806415217,FALSE
19-04-2010 08:45,4.104243,0.0158,5.602784204,FALSE
20-04-2010 08:45,3.852824,0.014,4.66037591,FALSE
21-04-2010 08:45,4.80245,0.0108,4.481262144,FALSE
22-04-2010 08:45,3.7784493,0.0167,5.451848926,FALSE
23-04-2010 08:45,4.7552066,0.0174,7.148787394,FALSE
24-04-2010 08:45,2.7775187,0.0113,2.711747057,FALSE
26-04-2010 08:45,2.3918467,0.0184,3.80246221,FALSE
27-04-2010 09:00,2.701861,0.0194,4.528751334,FALSE
28-04-2010 08:45,4.7761955,0.0153,6.313748355,FALSE
29-04-2010 08:45,4.940738,0.0157,6.702012282,FALSE
30-04-2010 08:45,4.160861,0.0183,6.578820544,FALSE
01-05-2010 08:45,5.2905164,0.0125,5.713757712,FALSE
03-05-2010 08:45,5.031703,0.0135,5.868978379,FALSE
04-05-2010 08:45,5.1066513,0.016,7.059434757,FALSE
05-05-2010 08:45,4.7913995,0.013,5.381699918,FALSE
06-05-2010 08:45,2.8702204,0.0162,4.017390089,FALSE
07-05-2010 08:45,4.9384546,0.0089,3.797474049,FALSE
08-05-2010 08:45,5.094837,0.0128,5.634482135,FALSE
10-05-2010 08:45,2.8991032,0.0138,3.456658727,FALSE
11-05-2010 08:45,3.615144,0.0097,3.029779884,FALSE
12-05-2010 08:45,2.8590014,0.0193,4.767442015,FALSE
13-05-2010 08:45,2.9113681,0.0082,2.062646071,FALSE
14-05-2010 08:45,2.6053135,0.0126,2.836248489,FALSE
15-05-2010 08:45,2.6669803,0.0123,2.834253304,FALSE
17-05-2010 08:45,4.096018,0.0175,6.193179216,FALSE
18-05-2010 08:30,4.4997983,0.0154,5.987251626,FALSE
19-05-2010 08:45,10.477622,0.0182,16.47585104,FALSE
20-05-2010 08:45,9.94738,0.0131,11.25884258,FALSE
21-05-2010 08:45,11.627861,0.0125,12.55808988,FALSE
22-05-2010 08:45,10.79708,0.0099,9.235390349,FALSE
24-05-2010 08:45,10.927922,0.0154,14.5402559,FALSE
25-05-2010 08:45,11.795887,0.01,10.19164637,FALSE
26-05-2010 08:45,11.083821,0.0106,10.15100662,FALSE
28-05-2010 08:45,10.518211,0.0079,7.1793101,FALSE
29-05-2010 08:45,11.836479,0.0091,9.306313249,FALSE
31-05-2010 08:45,11.132796,0.0096,9.233986314,FALSE
01-06-2010 09:00,7.3021,0.0095,5.99356368,FALSE
02-06-2010 08:45,9.228278,0.0118,9.408413987,FALSE
03-06-2010 08:45,8.670785,0.0007,0.524409077,FALSE
04-06-2010 08:45,5.6223483,0.0091,4.420515127,FALSE
05-06-2010 08:45,9.268279,0.0099,7.927715125,FALSE
07-06-2010 08:45,8.327012,0.0076,5.46784916,FALSE
08-06-2010 08:45,8.760026,0.0098,7.417289215,FALSE
09-06-2010 08:45,9.538344,0.0089,7.334605002,FALSE
10-06-2010 08:45,6.893857,0.0101,6.015855372,FALSE
11-06-2010 08:45,7.2940416,0.0086,5.41976467,FALSE
12-06-2010 08:45,10.526162,0.012,10.91352476,FALSE
14-06-2010 08:45,9.760953,0.0124,10.45749461,FALSE
15-06-2010 08:45,9.271542,0.0094,7.529975551,FALSE
16-06-2010 08:45,6.1614237,0.0138,7.346388706,FALSE
17-06-2010 08:45,5.926311,0.0152,7.78290571,FALSE
18-06-2010 08:45,5.8308315,0.0133,6.700325093,FALSE
19-06-2010 08:45,4.3314505,0.0079,2.956474853,FALSE
21-06-2010 08:45,4.7447014,0.0121,4.960300632,FALSE
22-06-2010 08:45,6.0841823,0.0173,9.094148967,FALSE
23-06-2010 08:45,6.626577,0.0184,10.53466705,FALSE
24-06-2010 08:45,5.7888722,0.0192,9.603044315,FALSE
25-06-2010 08:45,6.6524887,0.0191,10.97820295,FALSE
26-06-2010 08:45,6.9802957,0.0181,10.91606563,FALSE
28-06-2010 08:45,5.1340923,0.0178,7.89582323,FALSE
29-06-2010 08:45,4.522878,0.0192,7.502911857,FALSE
30-06-2010 08:45,4.1429543,0.017,6.085171276,FALSE
01-07-2010 08:45,3.304457,0.0162,4.625182374,FALSE
02-07-2010 08:45,4.4381776,0.0154,5.905261587,FALSE
03-07-2010 09:00,4.203229,0.0129,4.684750914,FALSE
05-07-2010 08:45,5.2995596,0.0159,7.280322996,FALSE
06-07-2010 08:45,6.472535,0.0146,8.16471455,FALSE
07-07-2010 08:45,4.2895713,0.0176,6.522893702,FALSE
08-07-2010 08:45,3.5263553,0.0147,4.478753339,FALSE
09-07-2010 08:45,2.7040055,0.0155,3.621204166,FALSE
10-07-2010 08:45,2.7490609,0.0175,4.156580081,FALSE
12-07-2010 08:45,5.288284,0.0092,4.203551186,FALSE
13-07-2010 08:45,4.3002496,0.0117,4.347036316,FALSE
14-07-2010 08:45,3.650087,0.006,1.892205101,FALSE
15-07-2010 08:45,3.4806986,0.0083,2.49607858,FALSE
16-07-2010 08:45,3.9821088,0.0138,4.747947964,FALSE
17-07-2010 08:45,5.7846413,0.0127,6.347371206,FALSE
19-07-2010 08:45,4.20265,0.0133,4.829349168,FALSE
20-07-2010 08:45,4.195725,0.0131,4.748889384,FALSE
21-07-2010 08:45,3.7352352,0.0103,3.324060509,FALSE
22-07-2010 08:45,5.3929377,0.0087,4.05376341,FALSE
23-07-2010 08:45,4.4074044,0.014,5.331196362,FALSE
24-07-2010 08:45,2.5019944,0.0144,3.112881353,FALSE
26-07-2010 08:45,5.124965,0.0134,5.933479478,FALSE
27-07-2010 08:45,6.7089977,0.0136,7.883340657,FALSE
28-07-2010 08:45,5.931097,0.0139,7.123010253,FALSE
29-07-2010 08:45,6.402071,0.0208,11.50528984,FALSE
30-07-2010 08:45,8.829895,0.0261,19.91176642,FALSE
31-07-2010 08:45,6.3767915,0.0173,9.531517791,FALSE
02-08-2010 08:45,6.787598,0.0123,7.213316147,FALSE
03-08-2010 08:45,7.725341,0.0111,7.408911033,FALSE
04-08-2010 08:45,9.489049,0.0106,8.690450636,FALSE
05-08-2010 08:45,6.953511,0.0089,5.346971819,FALSE
06-08-2010 08:45,6.848744,0.0094,5.562275927,FALSE
07-08-2010 08:45,5.6396747,0.0087,4.239230678,FALSE
09-08-2010 08:45,10.079942,0.0131,11.40888155,FALSE
10-08-2010 08:45,7.317753,0.0119,7.523820924,FALSE
11-08-2010 08:45,7.60138,0.0155,10.1797681,FALSE
12-08-2010 08:45,5.614628,0.0147,7.13102673,FALSE
13-08-2010 08:45,7.412737,0.0136,8.710262484,FALSE
14-08-2010 08:45,9.480276,0.0172,14.08844856,FALSE
16-08-2010 08:45,7.586432,0.0195,12.78162063,FALSE
17-08-2010 09:45,7.6036806,0.0142,9.328803655,FALSE
18-08-2010 08:45,7.088577,0.0114,6.981964802,FALSE
19-08-2010 08:45,6.4267006,0.0128,7.107416728,FALSE
20-08-2010 08:45,7.2618494,0.0144,9.03490255,FALSE
21-08-2010 08:45,10.841287,0.0136,12.73894588,FALSE
23-08-2010 08:45,6.2955647,0.0102,5.548155259,FALSE
24-08-2010 08:45,5.1744785,0.0087,3.889551999,FALSE
25-08-2010 08:45,6.093537,0.0133,7.002205237,FALSE
26-08-2010 08:45,6.538687,0.0114,6.440345148,FALSE
27-08-2010 08:45,6.1286907,0.0112,5.930611417,FALSE
28-08-2010 08:45,7.6877346,0.0104,6.907890802,FALSE
30-08-2010 08:45,7.2744546,0.0121,7.605005817,FALSE
31-08-2010 08:45,10.397231,0.0148,13.29514722,FALSE
01-09-2010 08:45,12.568558,0.0143,15.52870478,FALSE
02-09-2010 08:45,13.844431,0.0108,12.91851545,FALSE
03-09-2010 08:45,11.046234,0.0112,10.68921972,FALSE
04-09-2010 08:45,12.930354,0.0108,12.06557192,FALSE
06-09-2010 08:45,12.868462,0.0146,16.23279271,FALSE
07-09-2010 08:45,14.781292,0.0098,12.51561556,FALSE
08-09-2010 08:45,14.314753,0.0133,16.44936897,FALSE
09-09-2010 08:45,12.320904,0.0117,12.45495544,FALSE
11-09-2010 08:45,12.732795,0.0113,12.43128241,FALSE
13-09-2010 08:45,12.31535,0.0085,9.04439304,FALSE
14-09-2010 08:45,10.958341,0.0098,9.278646492,FALSE
15-09-2010 08:45,10.933149,0.0075,7.084680552,FALSE
16-09-2010 08:45,15.167873,0.0103,13.49819354,FALSE
17-09-2010 08:45,9.774104,0.01,8.444825856,FALSE
18-09-2010 08:45,13.443273,0.0085,9.872739691,FALSE
20-09-2010 08:45,11.676301,0.009,9.079491658,FALSE
21-09-2010 08:45,11.524308,0.0125,12.44625264,FALSE
22-09-2010 08:45,11.921565,0.0143,14.72933199,FALSE
23-09-2010 08:45,14.474446,0.0104,13.0061582,FALSE
24-09-2010 09:45,10.327401,0.0116,10.35053438,FALSE
25-09-2010 09:45,10.919528,0.0123,11.6044008,FALSE
27-09-2010 08:45,15.084768,0.0475,61.90788787,FALSE
28-09-2010 08:45,7.5658193,0.0156,10.19751389,FALSE
29-09-2010 08:45,13.198324,0.0164,18.70149718,FALSE
30-09-2010 08:45,12.545274,0.0157,17.01741328,FALSE
01-10-2010 08:45,16.6466,0.0077,11.07465005,FALSE
04-10-2010 08:45,16.724388,0.0097,14.0163751,FALSE
05-10-2010 08:45,13.549415,0.0088,10.30189121,FALSE
06-10-2010 08:45,12.923549,0.0092,10.27267063,FALSE
07-10-2010 08:45,10.875824,0.0083,7.799270907,FALSE
08-10-2010 08:45,12.859622,0.007,7.777499386,FALSE
09-10-2010 08:45,12.59344,0.0076,8.269356442,FALSE
11-10-2010 08:45,15.36829,0.0102,13.54376661,FALSE
12-10-2010 08:45,13.7746935,0.009,10.71120167,FALSE
13-10-2010 08:45,12.721089,0.0071,7.803624836,FALSE
14-10-2010 09:15,12.397262,0.013,13.92460468,FALSE
16-10-2010 08:45,12.960176,0.0061,6.830531159,FALSE
18-10-2010 08:45,9.207944,0.0049,3.898275172,FALSE
19-10-2010 08:45,7.698928,0.0078,5.188461558,FALSE
20-10-2010 08:45,7.852923,0.0103,6.988473236,FALSE
21-10-2010 08:45,9.229636,0.0093,7.416197119,FALSE
22-10-2010 08:45,12.082499,0.0084,8.768994474,FALSE
23-10-2010 08:45,13.445997,0.0155,18.00687918,FALSE
25-10-2010 08:45,10.802356,0.0144,13.43985924,FALSE
26-10-2010 09:00,10.747838,0.0115,10.67905184,FALSE
27-10-2010 08:45,10.507442,0.0135,12.25588035,FALSE
28-10-2010 08:45,13.769183,0.0135,16.06037505,FALSE
29-10-2010 08:45,15.462488,0.0123,16.43229525,FALSE
30-10-2010 08:45,11.745891,0.014,14.20782975,FALSE
01-11-2010 08:45,16.875727,0.0117,17.05933491,FALSE
02-11-2010 08:45,13.236246,0.0071,8.119642746,FALSE
03-11-2010 08:45,9.837914,0.009,7.649961926,FALSE
04-11-2010 08:45,13.85109,0.0059,7.060731638,FALSE
06-11-2010 08:45,16.348017,0.0087,12.28847742,FALSE
08-11-2010 08:45,13.215058,0.0079,9.020069988,FALSE
09-11-2010 08:45,13.677548,0.0097,11.46287943,FALSE
10-11-2010 08:45,14.414608,0.0151,18.80587418,FALSE
11-11-2010 08:45,66.84349,0.0718,414.6649271,FALSE
12-11-2010 08:45,35.99588,0.0231,71.84201714,FALSE
13-11-2010 08:45,14.833015,0.0182,23.32461943,FALSE
15-11-2010 08:45,18.64872,0.0096,15.46799432,FALSE
16-11-2010 08:45,14.107921,0.0177,21.57496143,FALSE
18-11-2010 09:00,50.336536,0.0983,427.5142406,FALSE
19-11-2010 09:00,49.17751,0.0264,112.1719332,FALSE
20-11-2010 09:00,24.609665,0.016,34.0204009,FALSE
21-11-2010 08:15,403.9882,0.0223,778.3721447,FALSE
22-11-2010 09:00,65.5566,0.0491,278.1068308,FALSE
23-11-2010 09:30,150.65073,0.0448,583.1267936,FALSE
24-11-2010 09:00,62.33333,0.0121,65.16575652,FALSE
25-11-2010 10:00,41.85901,0.0182,65.82245604,FALSE
26-11-2010 09:00,32.638767,0.0132,37.22386099,FALSE
27-11-2010 09:00,38.081055,0.0118,38.82439719,FALSE
29-11-2010 09:00,43.434177,0.0119,44.65728342,FALSE
30-11-2010 09:00,33.935394,0.0104,30.49298763,FALSE
01-12-2010 08:45,32.99288,0.0173,49.31511759,FALSE
02-12-2010 09:00,75.69451,0.0352,230.2081994,FALSE
03-12-2010 09:00,80.94396,0.0449,314.0107607,FALSE
04-12-2010 09:00,42.196804,0.0143,52.13499528,FALSE
06-12-2010 09:00,30.815046,0.0114,30.35158771,FALSE
07-12-2010 09:00,41.99085,0.014,50.79213216,FALSE
08-12-2010 09:00,39.217495,0.0148,50.14819521,FALSE
09-12-2010 09:00,31.786392,0.0189,51.90590668,FALSE
10-12-2010 08:45,25.014364,0.0131,28.31225775,FALSE
11-12-2010 09:00,29.971685,0.0097,25.11866976,FALSE
13-12-2010 08:31,20.052177,0.0086,14.8995696,FALSE
14-12-2010 08:31,19.201414,0.0087,14.43331888,FALSE
15-12-2010 08:31,25.626194,0.0125,27.67628952,FALSE
16-12-2010 09:00,32.08894,0.013,36.04229741,FALSE
18-12-2010 09:00,54.617832,0.0135,63.70623924,FALSE
20-12-2010 08:31,20.629078,0.0091,16.21940629,FALSE
21-12-2010 10:45,19.105694,0.0303,50.01717844,FALSE
22-12-2010 09:33,18.221308,0.0182,28.6526424,FALSE
23-12-2010 10:46,15.206342,0.011,14.45210744,FALSE
24-12-2010 08:31,13.59418,0.009,10.57083437,FALSE
27-12-2010 08:31,15.3422165,0.0081,10.7370968,FALSE
28-12-2010 08:31,14.299003,0.0096,11.86016505,FALSE
29-12-2010 08:31,14.274352,0.0086,10.60641451,FALSE
30-12-2010 08:31,14.364079,0.0085,10.54897962,FALSE
31-12-2010 08:45,13.643581,0.0095,11.19865128,FALSE
01-01-2011 08:45,15.398902,0.0074,9.845441983,FALSE
03-01-2011 08:45,15.450584,0.0062,8.276568837,FALSE
04-01-2011 08:45,15.460995,0.0066,8.816477789,FALSE
05-01-2011 08:45,14.282425,0.0123,15.1782187,FALSE
06-01-2011 08:45,13.377885,0.0146,16.87539925,FALSE
07-01-2011 08:45,12.401598,0.013,13.92947487,FALSE
08-01-2011 08:45,15.613627,0.0151,20.37016233,FALSE
10-01-2011 08:45,15.160847,0.0169,22.13726236,FALSE
11-01-2011 08:45,15.535736,0.0095,12.75173211,FALSE
12-01-2011 08:45,14.523936,0.0139,17.44266618,FALSE
13-01-2011 08:45,14.243526,0.0149,18.33654563,FALSE
14-01-2011 08:45,15.197655,0.0123,16.15085192,FALSE
17-01-2011 08:45,15.535311,0.0142,19.05996236,FALSE
18-01-2011 08:45,18.19882,0.0141,22.17053048,FALSE
19-01-2011 08:45,14.583052,0.0107,13.48173991,FALSE
20-01-2011 08:45,15.915911,0.0145,19.9394533,FALSE
21-01-2011 08:45,12.461333,0.0164,17.65721041,FALSE
22-01-2011 08:45,14.353654,0.0054,6.69684081,FALSE
24-01-2011 08:45,14.311066,0.0163,20.15456047,FALSE
25-01-2011 08:45,12.8712225,0.0091,10.11986998,FALSE
27-01-2011 08:45,13.775208,0.0085,10.11651276,FALSE
28-01-2011 08:45,14.381984,0.014,17.39644785,FALSE
29-01-2011 08:45,14.793075,0.0128,16.3599575,FALSE
31-01-2011 08:45,16.034863,0.0105,14.54682771,FALSE
01-02-2011 08:45,14.724553,0.0078,9.923170758,FALSE
02-02-2011 08:45,13.803378,0.0078,9.302372502,FALSE
03-02-2011 08:45,14.377663,0.0177,21.98747247,FALSE
04-02-2011 08:45,13.816307,0.0133,15.8765947,FALSE
05-02-2011 08:45,14.507581,0.01,12.53454998,FALSE
07-02-2011 08:45,14.819774,0.0156,19.97468419,FALSE
08-02-2011 08:45,11.121616,0.0141,13.54879748,FALSE
09-02-2011 08:45,11.756324,0.0115,11.68108353,FALSE
10-02-2011 08:45,10.319761,0.0103,9.183761709,FALSE
11-02-2011 08:45,6.752213,0.0111,6.475642356,FALSE
12-02-2011 08:45,6.643734,0.0094,5.395775005,FALSE
14-02-2011 08:45,4.4652305,0.0216,8.333191768,FALSE
15-02-2011 08:45,4.136708,0.0182,6.504890596,FALSE
17-02-2011 08:45,11.264193,0.0152,14.79303938,FALSE
18-02-2011 08:45,11.570248,0.0117,11.6961323,FALSE
19-02-2011 08:45,11.066473,0.013,12.42986247,FALSE
21-02-2011 08:45,10.030671,0.0098,8.493169749,FALSE
22-02-2011 08:45,10.56766,0.0121,11.04785447,FALSE
23-02-2011 08:45,9.287264,0.0127,10.19072904,FALSE
24-02-2011 08:45,6.955709,0.0138,8.293430955,FALSE
25-02-2011 08:45,15.9183,0.0134,18.42957101,FALSE
26-02-2011 08:45,11.630211,0.0117,11.7567477,FALSE
28-02-2011 08:45,8.764532,0.0182,13.78205128,FALSE
01-03-2011 08:45,7.1333137,0.0118,7.272555983,FALSE
02-03-2011 08:45,6.80566,0.0144,8.467329946,FALSE
03-03-2011 08:45,7.2343035,0.0153,9.563170483,FALSE
04-03-2011 08:45,6.9856153,0.014,8.449800267,FALSE
05-03-2011 08:45,7.366859,0.0157,9.992996896,FALSE
07-03-2011 08:45,6.6045985,0.0154,8.78781458,FALSE
08-03-2011 08:45,4.6298656,0.0126,5.040256887,FALSE
09-03-2011 08:52,5.532079,0.0101,4.827513419,FALSE
10-03-2011 08:45,7.6286182,0.0143,9.425310358,FALSE
11-03-2011 08:45,7.8135505,0.0116,7.831052853,FALSE
12-03-2011 08:45,7.2346325,0.0151,9.438590945,FALSE
14-03-2011 08:45,10.544538,0.0128,11.66141546,FALSE
15-03-2011 08:45,7.2374787,0.0151,9.442304211,FALSE
16-03-2011 08:31,11.755398,0.0125,12.69582984,FALSE
17-03-2011 08:45,9.148465,0.0135,10.67076958,FALSE
18-03-2011 08:46,7.1365027,0.0137,8.447335516,FALSE
19-03-2011 08:45,6.9521995,0.0131,7.868777482,FALSE
21-03-2011 08:45,5.953134,0.019,9.772664774,FALSE
22-03-2011 08:45,10.680419,0.0143,13.19587128,FALSE
23-03-2011 08:45,7.176636,0.0152,9.424932526,FALSE
24-03-2011 08:45,5.9697847,0.0177,9.129472346,FALSE
25-03-2011 08:45,6.6404605,0.0168,9.638761225,FALSE
26-03-2011 08:45,6.6284494,0.0158,9.048628845,FALSE
28-03-2011 08:45,8.647467,0.0196,14.64396652,FALSE
29-03-2011 08:45,8.571958,0.0187,13.8495411,FALSE
30-03-2011 08:45,7.8737373,0.0181,12.31326534,FALSE
31-03-2011 08:45,7.012367,0.0159,9.63330929,FALSE
01-04-2011 08:45,6.0557265,0.0153,8.005185975,FALSE
02-04-2011 08:45,5.211604,0.0112,5.043164959,FALSE
04-04-2011 08:45,1.8520883,0.0158,2.52832278,FALSE
05-04-2011 08:45,1.4136702,0.0111,1.355766269,FALSE
06-04-2011 08:45,1.3475251,0.0175,2.037457951,FALSE
07-04-2011 08:45,1.1512542,0.0145,1.442291262,FALSE
08-04-2011 08:45,1.144192,0.0198,1.957392138,FALSE
09-04-2011 08:45,1.1646688,0.019,1.911920302,FALSE
11-04-2011 08:45,1.4851943,0.0223,2.861553562,FALSE
12-04-2011 08:45,1.4055922,0.0183,2.222409939,FALSE
15-04-2011 08:45,2.1957734,0.0315,5.976016885,FALSE
18-04-2011 08:45,1.4900484,0.019,2.446063453,FALSE
19-04-2011 08:45,2.5703373,0.0254,5.640759425,FALSE
20-04-2011 09:15,2.5233386,0.0256,5.581221249,FALSE
21-04-2011 08:45,2.7133136,0.0276,6.470276143,FALSE
23-04-2011 08:45,2.7903876,0.0259,6.244217756,FALSE
25-04-2011 08:45,15.865533,0.0216,29.60889231,FALSE
26-04-2011 08:45,10.671615,0.0211,19.45478101,FALSE
27-04-2011 08:45,6.5762253,0.0193,10.96598721,FALSE
28-04-2011 08:45,4.637167,0.0188,7.532243101,FALSE
29-04-2011 08:45,4.0994697,0.0209,7.402658405,FALSE
30-04-2011 08:45,3.674443,0.0175,5.555757816,FALSE
02-05-2011 08:45,4.1491933,0.0137,4.911317125,FALSE
03-05-2011 08:45,2.6663089,0.0165,3.801089968,FALSE
04-05-2011 08:45,5.6911826,0.0144,7.080741744,FALSE
05-05-2011 08:45,3.536866,0.0197,6.020028881,FALSE
06-05-2011 08:45,3.029121,0.0184,4.815575401,FALSE
07-05-2011 08:45,2.6681275,0.0184,4.241682374,FALSE
09-05-2011 08:45,2.4610462,0.0147,3.125725558,FALSE
10-05-2011 08:45,2.490705,0.017,3.658347504,FALSE
11-05-2011 08:45,3.143904,0.0125,3.39541632,FALSE
12-05-2011 08:45,2.5501158,0.0144,3.172752074,FALSE
13-05-2011 08:45,2.3364077,0.0158,3.189476879,FALSE
14-05-2011 08:45,2.2741785,0.0138,2.711548509,FALSE
16-05-2011 08:45,1.7651249,0.0141,2.150345758,FALSE
18-05-2011 08:45,1.5212138,0.0174,2.286931978,FALSE
19-05-2011 08:45,1.3028607,0.0154,1.733534333,FALSE
20-05-2011 08:45,1.0250567,0.0158,1.399325402,FALSE
21-05-2011 08:45,4.3324246,0.0151,5.65225443,FALSE
23-05-2011 08:45,11.383754,0.0084,8.261873303,FALSE
24-05-2011 08:45,11.381053,0.0094,9.243236004,FALSE
25-05-2011 09:00,11.080122,0.0152,14.55130262,FALSE
26-05-2011 09:00,10.703613,0.0117,10.82006831,FALSE
27-05-2011 09:00,9.430935,0.0173,14.09660716,FALSE
28-05-2011 08:45,11.575522,0.0145,14.50181396,FALSE
30-05-2011 08:45,11.630737,0.0132,13.26462293,FALSE
31-05-2011 08:45,9.448517,0.0122,9.959492799,FALSE
01-06-2011 08:45,9.254664,0.0144,11.51428276,FALSE
02-06-2011 08:45,11.53741,0.0133,13.25786858,FALSE
03-06-2011 08:45,8.962435,0.0075,5.80765788,FALSE
04-06-2011 08:45,9.433045,0.0117,9.53567653,FALSE
06-06-2011 08:45,11.312659,0.0108,10.55606837,FALSE
07-06-2011 08:45,9.328188,0.01,8.059554432,FALSE
08-06-2011 08:45,9.00404,0.0078,6.068002637,FALSE
09-06-2011 08:45,8.583512,0.0098,7.267831281,FALSE
10-06-2011 08:45,10.4566345,0.0084,7.589007055,FALSE
11-06-2011 08:45,9.559989,0.0174,14.37210506,FALSE
13-06-2011 08:45,6.4707675,0.0224,12.52326459,FALSE
14-06-2011 08:45,6.165396,0.0106,5.646516273,FALSE
15-06-2011 08:45,9.590757,0.0111,9.197919593,FALSE
16-06-2011 08:45,7.8289943,0.0137,9.267023973,FALSE
17-06-2011 08:45,7.577851,0.01,6.547263264,FALSE
18-06-2011 08:45,8.313691,0.01,7.183029024,FALSE
20-06-2011 08:45,10.05248,0.013,11.29094554,FALSE
21-06-2011 08:45,9.045381,0.0142,11.09759704,FALSE
22-06-2011 08:45,8.007986,0.0161,11.13942885,FALSE
23-06-2011 08:45,9.588145,0.017,14.08306738,FALSE
24-06-2011 08:45,7.8618736,0.0132,8.966309603,FALSE
25-06-2011 08:45,8.241647,0.0136,9.684264891,FALSE
27-06-2011 08:45,9.517846,0.0158,12.99300193,FALSE
28-06-2011 08:45,11.779571,0.0144,14.65567106,FALSE
29-06-2011 08:45,10.817651,0.0171,15.98243029,FALSE
30-06-2011 08:45,9.226647,0.0184,14.66815433,FALSE
01-07-2011 08:45,8.412482,0.015,10.90257667,FALSE
02-07-2011 08:45,8.451384,0.0191,13.94681193,FALSE
04-07-2011 08:45,8.417014,0.0198,14.39915419,FALSE
05-07-2011 08:45,8.433019,0.0222,16.17520508,FALSE
06-07-2011 08:45,8.281626,0.0166,11.87783927,FALSE
07-07-2011 08:45,8.604796,0.0186,13.82825136,FALSE
08-07-2011 08:45,8.515891,0.0166,12.21383151,FALSE
09-07-2011 08:45,8.002282,0.0138,9.541280874,FALSE
11-07-2011 08:45,7.2374344,0.0179,11.19312655,FALSE
12-07-2011 08:45,6.4529104,0.0159,8.864750191,FALSE
13-07-2011 08:45,7.3362565,0.0189,11.97981341,FALSE
14-07-2011 08:45,8.199308,0.0155,10.98051327,FALSE
15-07-2011 08:45,10.09188,0.0187,16.30524868,FALSE
16-07-2011 08:45,10.589382,0.0161,14.73025394,FALSE
18-07-2011 08:45,10.778435,0.0171,15.92449101,FALSE
19-07-2011 09:00,11.090002,0.0169,16.19317732,FALSE
20-07-2011 08:45,10.021125,0.0197,17.05675644,FALSE
21-07-2011 08:45,9.404849,0.0201,16.33283697,FALSE
22-07-2011 08:45,10.317401,0.0181,16.13476438,FALSE
23-07-2011 08:45,10.358561,0.0162,14.49867066,FALSE
25-07-2011 08:45,10.4063015,0.0137,12.31773096,FALSE
26-07-2011 08:45,9.893449,0.0177,15.12985369,FALSE
27-07-2011 08:45,9.342694,0.0122,9.847946892,FALSE
28-07-2011 08:45,8.479423,0.016,11.72195436,FALSE
29-07-2011 08:45,6.939941,0.0151,9.054124626,FALSE
30-07-2011 08:45,7.9643083,0.0175,12.04203415,FALSE
01-08-2011 08:45,11.860558,0.0184,18.85544069,FALSE
02-08-2011 08:45,11.870249,0.0176,18.05037544,FALSE
03-08-2011 08:45,13.021199,0.0167,18.78802761,FALSE
04-08-2011 08:45,14.087581,0.0159,19.35295527,FALSE
05-08-2011 08:45,13.096103,0.0197,22.29061499,FALSE
06-08-2011 08:45,14.744598,0.0115,14.65023257,FALSE
08-08-2011 08:45,16.713783,0.0153,22.09428402,FALSE
09-08-2011 08:45,13.706818,0.0168,19.89572046,FALSE
10-08-2011 08:45,13.1286955,0.0127,14.405855,FALSE
11-08-2011 08:45,12.785473,0.0117,12.92457895,FALSE
12-08-2011 08:45,13.146723,0.0153,17.37891607,FALSE
13-08-2011 08:45,10.921563,0.015,14.15434565,FALSE
16-08-2011 08:45,6.7685885,0.0136,7.953362231,FALSE
17-08-2011 08:45,7.6052003,0.0091,5.979512684,FALSE
18-08-2011 08:45,6.7889104,0.0196,11.49661243,FALSE
19-08-2011 08:45,10.649906,0.0183,16.83877937,FALSE
20-08-2011 08:45,11.71079,0.0154,15.58190874,FALSE
23-08-2011 08:45,8.023615,0.0192,13.31021445,FALSE
24-08-2011 08:45,6.967559,0.0177,10.65534863,FALSE
25-08-2011 08:45,7.701843,0.0165,10.97974738,FALSE
26-08-2011 08:45,8.116165,0.0165,11.57040482,FALSE
27-08-2011 08:45,9.049174,0.0124,9.694923057,FALSE
29-08-2011 08:45,7.719007,0.0164,10.93752416,FALSE
30-08-2011 08:45,10.332145,0.014,12.49776259,FALSE
02-09-2011 08:45,12.492433,0.018,19.4282318,FALSE
03-09-2011 08:45,15.486069,0.0226,30.23871777,FALSE
05-09-2011 09:00,29.316347,0.0235,59.52391095,FALSE
06-09-2011 09:00,27.608074,0.0229,54.62423089,FALSE
07-09-2011 09:00,25.323484,0.0242,52.94836623,FALSE
08-09-2011 09:00,21.753454,0.0222,41.72486505,FALSE
09-09-2011 09:00,20.711975,0.0236,42.2325455,FALSE
10-09-2011 09:00,26.071926,0.0198,44.60176525,FALSE
12-09-2011 09:00,22.291344,0.0238,45.83813649,FALSE
13-09-2011 09:00,25.635712,0.0294,65.11881019,FALSE
14-09-2011 08:45,11.898596,0.0145,14.90656107,FALSE
15-09-2011 09:00,18.883558,0.0254,41.44110104,FALSE
16-09-2011 09:00,24.839087,0.0198,42.49272291,FALSE
17-09-2011 09:00,17.490992,0.0225,34.00248845,FALSE
19-09-2011 09:00,22.974342,0.0294,58.35850457,FALSE
20-09-2011 08:45,12.584822,0.0216,23.48629821,FALSE
21-09-2011 08:45,13.655439,0.0117,13.80401018,FALSE
22-09-2011 08:45,12.993042,0.0193,21.6661574,FALSE
23-09-2011 08:45,12.163453,0.0143,15.02818945,FALSE
24-09-2011 08:45,11.723642,0.0148,14.9912555,FALSE
26-09-2011 08:45,12.912257,0.0178,19.85801829,FALSE
27-09-2011 08:45,11.126912,0.017,16.34320835,FALSE
28-09-2011 08:45,11.386443,0.0191,18.7903637,FALSE
29-09-2011 09:00,21.58872,0.0152,28.3520342,FALSE
30-09-2011 08:45,11.484531,0.0174,17.26538452,FALSE
01-10-2011 09:00,19.263796,0.0126,20.97133888,FALSE
03-10-2011 08:45,11.210111,0.0105,10.1698127,FALSE
04-10-2011 08:45,11.330037,0.0176,17.22890746,FALSE
05-10-2011 08:45,11.007269,0.0131,12.45846734,FALSE
07-10-2011 08:45,11.836942,0.0171,17.48837159,FALSE
08-10-2011 08:45,12.011154,0.0112,11.6229535,FALSE
10-10-2011 08:45,14.641884,0.0133,16.82528174,FALSE
11-10-2011 08:45,14.331248,0.0115,14.23952801,FALSE
12-10-2011 08:45,14.315668,0.0134,16.57410778,FALSE
13-10-2011 08:45,13.468517,0.0118,13.73142245,FALSE
14-10-2011 08:45,12.017314,0.0118,12.25189197,FALSE
15-10-2011 08:45,12.245163,0.0181,19.14947571,FALSE
17-10-2011 08:45,13.566183,0.0121,14.18263036,FALSE
18-10-2011 08:45,12.117153,0.0123,12.87714084,FALSE
19-10-2011 08:45,8.813123,0.0123,9.365882075,FALSE
20-10-2011 08:45,7.9760504,0.016,11.02609207,FALSE
21-10-2011 08:45,10.089491,0.0111,9.676225449,FALSE
22-10-2011 08:45,11.533636,0.0157,15.64514656,FALSE
24-10-2011 08:45,11.606749,0.0092,9.225972645,FALSE
25-10-2011 08:45,12.734769,0.0112,12.32318127,FALSE
27-10-2011 08:45,13.260983,0.0129,14.78016121,FALSE
28-10-2011 08:45,13.637854,0.0139,16.37851714,FALSE
29-10-2011 08:45,13.103956,0.0142,16.07698154,FALSE
31-10-2011 08:45,15.432771,0.0179,23.86770632,FALSE
01-11-2011 08:45,16.29885,0.0119,16.75782562,FALSE
02-11-2011 09:00,122.78845,0.2225,2360.485163,FALSE
03-11-2011 09:00,44.415318,0.0898,344.6060161,FALSE
04-11-2011 09:00,43.195774,0.0808,301.5548818,FALSE
05-11-2011 09:00,34.389183,0.0321,95.3763357,FALSE
08-11-2011 09:00,42.8301,0.0452,167.2635329,FALSE
09-11-2011 09:00,24.445686,0.0393,83.00581573,FALSE
11-11-2011 09:00,30.083227,0.0191,49.64454452,FALSE
12-11-2011 09:00,20.669409,0.0145,25.8946356,FALSE
14-11-2011 09:00,18.985779,0.0163,26.73805228,FALSE
15-11-2011 08:45,17.009924,0.0178,26.15990232,FALSE
16-11-2011 10:15,15.7302685,0.0141,19.1632423,FALSE
17-11-2011 08:45,13.481182,0.0169,19.68468271,FALSE
18-11-2011 08:45,12.99322,0.017,19.08444154,FALSE
19-11-2011 09:00,25.540342,0.0258,56.93248716,FALSE
21-11-2011 08:45,13.077425,0.0161,18.19122127,FALSE
22-11-2011 08:45,9.871782,0.0134,11.42915433,FALSE
23-11-2011 08:45,12.461886,0.0198,21.31879762,FALSE
24-11-2011 08:45,11.279699,0.0207,20.17351607,FALSE
25-11-2011 08:45,12.929897,0.0216,24.13029098,FALSE
26-11-2011 09:00,46.110912,0.0887,353.3792741,FALSE
28-11-2011 09:00,30.535482,0.0456,120.3049134,FALSE
29-11-2011 09:00,39.381,0.0451,153.4535798,FALSE
30-11-2011 09:00,26.177612,0.02,45.23491354,FALSE
01-12-2011 09:00,26.125362,0.0224,50.5619806,FALSE
02-12-2011 09:00,25.440987,0.0168,36.92810145,FALSE
03-12-2011 09:00,33.12706,0.0184,52.66407491,FALSE
05-12-2011 09:00,21.937092,0.0167,31.6525913,FALSE
07-12-2011 09:00,37.104023,0.0204,65.39806678,FALSE
08-12-2011 08:45,18.443775,0.0208,33.14567693,FALSE
09-12-2011 08:45,18.185581,0.0214,33.62441185,FALSE
10-12-2011 08:45,17.935825,0.0127,19.68062206,FALSE
12-12-2011 08:45,17.883596,0.0209,32.29348231,FALSE
13-12-2011 10:15,18.697344,0.0225,36.34763674,FALSE
14-12-2011 08:45,13.099673,0.0271,30.67209835,FALSE
15-12-2011 08:45,14.056758,0.0267,32.4272539,FALSE
16-12-2011 09:00,21.220829,0.0207,37.95302825,FALSE
17-12-2011 08:45,17.80928,0.0257,39.54515005,FALSE
19-12-2011 08:45,15.9321575,0.0215,29.59557577,FALSE
20-12-2011 08:45,15.8412895,0.023,31.47981049,FALSE
21-12-2011 08:45,16.079243,0.0211,29.31310316,FALSE
22-12-2011 08:45,15.696206,0.0203,27.52988963,FALSE
23-12-2011 08:45,14.471381,0.023,28.75752832,FALSE
24-12-2011 08:45,17.737638,0.024,36.78076616,FALSE
26-12-2011 08:45,16.488049,0.0253,36.04155607,FALSE
27-12-2011 08:45,14.926461,0.0186,23.98741989,FALSE
28-12-2011 08:45,14.240698,0.0183,22.51625242,FALSE
29-12-2011 08:45,16.094141,0.022,30.59174321,FALSE
30-12-2011 08:45,14.948781,0.0201,25.96065104,FALSE
31-12-2011 08:45,16.592964,0.02,28.67264179,FALSE
02-01-2012 08:45,18.767372,0.0116,18.80941091,FALSE
03-01-2012 08:45,17.949875,0.0191,29.62160172,FALSE
04-01-2012 08:45,15.676477,0.0165,22.34838561,FALSE
05-01-2012 08:45,14.601445,0.0147,18.54500327,FALSE
06-01-2012 08:45,14.113581,0.0157,19.14479035,FALSE
07-01-2012 08:45,13.725249,0.0134,15.89054428,FALSE
09-01-2012 08:45,15.1205435,0.0129,16.85275296,FALSE
10-01-2012 08:45,16.306541,0.0147,20.71061159,FALSE
11-01-2012 08:45,16.892954,0.0104,15.17933275,FALSE
12-01-2012 08:45,15.272317,0.0094,12.40356497,FALSE
13-01-2012 08:45,15.175579,0.0147,19.27419938,FALSE
14-01-2012 08:45,16.40577,0.0171,24.23854083,FALSE
16-01-2012 08:45,14.407163,0.0174,21.65915257,FALSE
17-01-2012 08:45,15.009321,0.0162,21.00824642,FALSE
18-01-2012 08:45,15.1028595,0.0155,20.22574944,FALSE
19-01-2012 08:45,14.689129,0.0178,22.59070527,FALSE
20-01-2012 08:45,13.702219,0.0174,20.59936796,FALSE
21-01-2012 08:45,13.87572,0.0192,23.01815439,FALSE
23-01-2012 08:45,17.82687,0.0193,29.72666226,FALSE
24-01-2012 08:45,17.010733,0.017,24.98536463,FALSE
25-01-2012 08:45,14.523388,0.0202,25.34737861,FALSE
27-01-2012 08:45,15.077266,0.0207,26.9653887,FALSE
28-01-2012 08:45,13.959082,0.0203,24.4831131,FALSE
30-01-2012 08:45,10.602676,0.0199,18.22981701,FALSE
31-01-2012 08:45,14.876262,0.0163,20.9505373,FALSE
01-02-2012 08:45,15.250614,0.0165,21.74127532,FALSE
02-02-2012 08:45,13.588405,0.0147,17.25836142,FALSE
03-02-2012 08:45,10.210593,0.0188,16.58527042,FALSE
04-02-2012 08:45,10.8960285,0.0151,14.21539462,FALSE
06-02-2012 08:45,13.654878,0.0154,18.16863447,FALSE
07-02-2012 08:45,12.933947,0.0164,18.32688554,FALSE
08-02-2012 08:45,12.158912,0.0178,18.69943394,FALSE
09-02-2012 08:45,11.742872,0.0189,19.17564026,FALSE
10-02-2012 08:45,17.625961,0.0168,25.58443491,FALSE
11-02-2012 08:45,16.823698,0.016,23.25708012,FALSE
13-02-2012 08:45,12.734163,0.0183,20.1342398,FALSE
14-02-2012 08:45,11.842915,0.0184,18.82739255,FALSE
15-02-2012 08:45,11.452833,0.0171,16.92087359,FALSE
16-02-2012 08:45,11.955416,0.0177,18.28317858,FALSE
17-02-2012 08:45,10.436116,0.0159,14.33671872,FALSE
18-02-2012 08:45,10.149408,0.0158,13.85515985,FALSE
20-02-2012 08:45,10.525271,0.0198,18.00579161,FALSE
21-02-2012 08:45,10.10637,0.0232,20.25801654,FALSE
22-02-2012 08:45,9.364072,0.0222,17.96103922,FALSE
23-02-2012 08:45,10.29208,0.0256,22.76443423,FALSE
24-02-2012 08:45,9.667589,0.0205,17.12323364,FALSE
25-02-2012 08:45,9.134647,0.0188,14.83758982,FALSE
27-02-2012 08:45,8.976421,0.0284,22.02598279,FALSE
28-02-2012 08:45,10.111883,0.0273,23.85110067,FALSE
29-02-2012 08:45,11.075696,0.0236,22.58378717,FALSE
01-03-2012 08:45,9.014542,0.0184,14.33095829,FALSE
02-03-2012 08:45,8.574247,0.0194,14.37180985,FALSE
03-03-2012 08:45,7.749758,0.0233,15.60119282,FALSE
05-03-2012 08:45,7.2011795,0.0213,13.25247466,FALSE
06-03-2012 08:45,6.7918267,0.0207,12.14704622,FALSE
07-03-2012 08:45,8.2242365,0.0196,13.92725106,FALSE
08-03-2012 08:45,7.672223,0.02,13.25760134,FALSE
09-03-2012 08:45,8.410644,0.0205,14.89693265,FALSE
10-03-2012 08:45,7.2791114,0.0172,10.81734187,FALSE
12-03-2012 08:45,6.644117,0.0243,13.94945652,FALSE
13-03-2012 08:45,8.036228,0.0257,17.84428355,FALSE
14-03-2012 08:45,8.743691,0.0229,17.29991726,FALSE
15-03-2012 08:45,8.160341,0.0254,17.90835794,FALSE
16-03-2012 08:45,8.963277,0.0217,16.80506878,FALSE
17-03-2012 08:45,8.076071,0.0236,16.46743181,FALSE
19-03-2012 08:45,7.648727,0.0233,15.3978053,FALSE
20-03-2012 08:45,7.7891374,0.025,16.82453678,FALSE
21-03-2012 08:45,6.7808094,0.0283,16.57989268,FALSE
22-03-2012 08:45,5.127931,0.0264,11.69660549,FALSE
23-03-2012 08:45,6.1256113,0.0241,12.75499287,FALSE
24-03-2012 08:45,6.4557724,0.0204,11.3786862,FALSE
26-03-2012 08:45,4.795692,0.0245,10.15152083,FALSE
27-03-2012 08:45,7.9701457,0.0277,19.0747903,FALSE
28-03-2012 08:45,9.619353,0.0247,20.52846885,FALSE
29-03-2012 08:45,5.3035727,0.0237,10.86001975,FALSE
30-03-2012 08:45,5.8731375,0.0262,13.2949039,FALSE
31-03-2012 08:45,3.3151596,0.0343,9.824541778,FALSE
02-04-2012 08:45,3.2784252,0.0247,6.996421651,FALSE
03-04-2012 08:45,3.814485,0.0206,6.789172982,FALSE
04-04-2012 08:45,5.0033917,0.017,7.348981729,FALSE
07-04-2012 08:45,2.763363,0.0199,4.751215808,FALSE
09-04-2012 08:45,2.5014892,0.0197,4.257734738,FALSE
10-04-2012 08:45,2.5703917,0.0228,5.063466018,FALSE
11-04-2012 08:45,2.8016646,0.0238,5.76111895,FALSE
12-04-2012 09:52,2.5057745,0.0224,4.849575736,FALSE
14-04-2012 08:45,2.496822,0.0219,4.724386716,FALSE
16-04-2012 08:45,2.96662,0.0206,5.280108941,FALSE
17-04-2012 08:45,2.4679277,0.0218,4.648391182,FALSE
18-04-2012 08:45,2.4950087,0.022,4.742512537,FALSE
19-04-2012 08:45,2.388554,0.0194,4.003598673,FALSE
20-04-2012 08:37,1.6659719,0.0203,2.921981435,FALSE
21-04-2012 08:45,2.2166438,0.0241,4.615584386,FALSE
23-04-2012 08:45,2.1086023,0.0231,4.208432814,FALSE
24-04-2012 08:45,2.5343,0.0326,7.138210752,FALSE
25-04-2012 08:45,3.219505,0.0383,10.65372839,FALSE
26-04-2012 08:45,5.644809,0.0414,20.191256,FALSE
27-04-2012 08:45,11.395612,0.0289,28.45438734,FALSE
28-04-2012 08:45,6.2871337,0.0298,16.18760888,FALSE
30-04-2012 08:45,5.432079,0.0192,9.011167212,FALSE
01-05-2012 08:45,5.654795,0.0187,9.136339186,FALSE
02-05-2012 08:45,4.962122,0.0193,8.274437677,FALSE
03-05-2012 08:45,4.8574257,0.0219,9.191026613,FALSE
04-05-2012 08:45,3.8629663,0.0209,6.975590026,FALSE
05-05-2012 08:45,3.5447495,0.0226,6.921619664,FALSE
07-05-2012 08:45,4.9123945,0.0201,8.531060784,FALSE
08-05-2012 09:00,4.897653,0.0231,9.774931764,FALSE
09-05-2012 08:45,4.939547,0.0232,9.901223171,FALSE
10-05-2012 08:45,4.988158,0.0243,10.47273748,FALSE
11-05-2012 08:45,6.343438,0.0137,7.508600692,FALSE
12-05-2012 08:45,6.223675,0.0125,6.721569,FALSE
14-05-2012 08:45,6.2014275,0.0245,13.12718173,FALSE
15-05-2012 08:45,4.8465395,0.0243,10.17540661,FALSE
16-05-2012 08:45,3.7133567,0.0136,4.363342657,FALSE
17-05-2012 08:45,3.2044983,0.0124,3.433171299,FALSE
18-05-2012 08:45,9.22767,0.0155,12.35769566,FALSE
19-05-2012 08:45,7.816431,0.015,10.13009458,FALSE
21-05-2012 08:45,7.5561705,0.0158,10.31507947,FALSE
22-05-2012 08:45,10.241688,0.0157,13.89264494,FALSE
23-05-2012 08:45,12.984692,0.0183,20.53035622,FALSE
24-05-2012 08:45,11.264441,0.0147,14.30674123,FALSE
25-05-2012 08:45,11.940742,0.0139,14.34035351,FALSE
26-05-2012 08:45,11.603243,0.0146,14.63679485,FALSE
28-05-2012 08:45,10.65293,0.0172,15.83110621,FALSE
29-05-2012 08:45,10.038755,0.0149,12.92349164,FALSE
30-05-2012 10:00,10.129987,0.0137,11.99066301,FALSE
31-05-2012 08:45,9.929018,0.0138,11.83856674,FALSE
01-06-2012 08:45,7.8709373,0.0137,9.316671063,FALSE
02-06-2012 08:45,7.6016088,0.0109,7.158891103,FALSE
04-06-2012 08:45,9.430531,0.0154,12.54788733,FALSE
05-06-2012 08:45,9.476929,0.0133,10.89012865,FALSE
06-06-2012 08:45,8.083931,0.0124,8.660800316,FALSE
07-06-2012 08:45,7.449815,0.0132,8.496365011,FALSE
08-06-2012 08:45,5.258575,0.0121,5.497524648,FALSE
09-06-2012 08:45,6.408673,0.0135,7.475076187,FALSE
11-06-2012 08:45,6.3704133,0.0177,9.742145651,FALSE
12-06-2012 08:45,7.6892695,0.0195,12.95488125,FALSE
13-06-2012 08:45,7.766585,0.0204,13.68907206,FALSE
14-06-2012 08:45,7.841144,0.0207,14.02372922,FALSE
15-06-2012 08:45,9.345018,0.0224,18.08597404,FALSE
16-06-2012 08:45,9.159799,0.018,14.2453194,FALSE
18-06-2012 08:45,3.393518,0.0195,5.717399126,FALSE
19-06-2012 08:45,4.2474914,0.0173,6.348810345,FALSE
20-06-2012 08:45,4.564094,0.0179,7.058645217,FALSE
21-06-2012 08:45,5.3788753,0.0162,7.52870418,FALSE
22-06-2012 08:45,4.779761,0.0185,7.639969982,FALSE
23-06-2012 08:45,4.319134,0.0167,6.231992066,FALSE
25-06-2012 08:45,3.2508678,0.0185,5.196187092,FALSE
26-06-2012 08:45,3.6458578,0.0178,5.607037628,FALSE
27-06-2012 08:45,3.1728332,0.0186,5.098869866,FALSE
28-06-2012 08:45,2.6855633,0.0196,4.547840315,FALSE
29-06-2012 08:45,2.936584,0.0207,5.252021752,FALSE
30-06-2012 08:45,3.5862916,0.0184,5.701342934,FALSE
02-07-2012 08:45,7.945429,0.0132,9.061602866,FALSE
03-07-2012 08:45,6.3825226,0.0136,7.499719356,FALSE
04-07-2012 08:45,4.909506,0.0148,6.277883512,FALSE
05-07-2012 08:45,3.279263,0.0152,4.306590513,FALSE
06-07-2012 08:45,4.2431664,0.0141,5.169195035,FALSE
07-07-2012 08:45,3.2252555,0.0125,3.48327594,FALSE
09-07-2012 08:45,4.2896285,0.0132,4.892235512,FALSE
10-07-2012 08:45,4.974484,0.0171,7.349501641,FALSE
11-07-2012 08:45,4.9809732,0.0209,8.994442166,FALSE
12-07-2012 08:45,5.754363,0.0204,10.14241005,FALSE
13-07-2012 08:45,8.490771,0.021,15.4056549,FALSE
14-07-2012 08:45,10.017424,0.016,13.84808694,FALSE
16-07-2012 08:45,6.8860726,0.0193,11.48266378,FALSE
17-07-2012 08:45,4.6194215,0.0201,8.022272154,FALSE
18-07-2012 08:45,3.229878,0.0192,5.357980017,FALSE
19-07-2012 08:45,4.547959,0.0199,7.819578786,FALSE
20-07-2012 08:45,6.2365904,0.022,11.85451103,FALSE
21-07-2012 08:45,6.074718,0.0194,10.18219932,FALSE
23-07-2012 08:45,3.1555686,0.017,4.63489916,FALSE
24-07-2012 08:45,3.2536054,0.016,4.497784105,FALSE
25-07-2012 08:45,3.5228639,0.0227,6.90932251,FALSE
26-07-2012 08:45,3.4977167,0.0229,6.920442354,FALSE
27-07-2012 08:45,3.7821367,0.0218,7.123730117,FALSE
28-07-2012 08:45,4.8982716,0.0204,8.633497591,FALSE
30-07-2012 08:45,4.987969,0.0178,7.671097284,FALSE
31-07-2012 08:45,6.703545,0.0229,13.263366,FALSE
01-08-2012 08:45,4.984854,0.0132,5.68512629,FALSE
02-08-2012 08:45,5.79249,0.0155,7.757302608,FALSE
03-08-2012 08:45,6.439792,0.018,10.01516452,FALSE
04-08-2012 08:45,6.77502,0.0184,10.7706558,FALSE
06-08-2012 08:45,5.7624416,0.0164,8.16514925,FALSE
07-08-2012 08:45,6.9961877,0.015,9.067059259,FALSE
08-08-2012 08:45,6.393224,0.0142,7.843718661,FALSE
09-08-2012 08:45,7.5472116,0.0143,9.324730876,FALSE
10-08-2012 08:45,9.820257,0.0173,14.67853454,FALSE
11-08-2012 08:45,8.505151,0.0164,12.05145876,FALSE
13-08-2012 08:45,9.125005,0.0137,10.80108592,FALSE
14-08-2012 08:45,7.466654,0.016,10.32190249,FALSE
16-08-2012 08:45,5.5889106,0.0117,5.649717947,FALSE
17-08-2012 08:45,4.919807,0.0127,5.398405825,FALSE
18-08-2012 08:45,6.9665585,0.0126,7.584074245,FALSE
21-08-2012 08:45,4.003696,0.0111,3.839704612,FALSE
22-08-2012 08:45,4.021624,0.0136,4.725569065,FALSE
23-08-2012 08:45,6.6012025,0.0146,8.327020882,FALSE
24-08-2012 08:45,6.8262157,0.0103,6.074785876,FALSE
25-08-2012 08:45,6.562718,0.0115,6.520716605,FALSE
27-08-2012 08:45,5.101789,0.0112,4.93689918,FALSE
28-08-2012 08:45,6.556266,0.0132,7.477290248,FALSE
29-08-2012 08:45,7.5938435,0.0103,6.757913208,FALSE
30-08-2012 08:45,7.342304,0.0108,6.851250708,FALSE
31-08-2012 08:45,7.401057,0.0112,7.161854838,FALSE
01-09-2012 08:45,4.923811,0.0142,6.04092524,FALSE
03-09-2012 08:45,13.092676,0.012,13.57448648,FALSE
04-09-2012 08:45,10.437051,0.0114,10.28007775,FALSE
05-09-2012 08:45,9.482339,0.0137,11.22405503,FALSE
06-09-2012 08:45,7.843193,0.0128,8.673944003,FALSE
07-09-2012 08:45,5.3600445,0.0093,4.306902957,FALSE
08-09-2012 08:45,5.2784576,0.0113,5.153463724,FALSE
10-09-2012 08:45,5.0316825,0.011,4.782111048,FALSE
11-09-2012 11:15,5.322851,0.0133,6.116594541,FALSE
12-09-2012 08:45,6.7562137,0.0141,8.230689778,FALSE
13-09-2012 08:45,9.299745,0.0149,11.97211972,FALSE
14-09-2012 08:45,10.546463,0.0134,12.210273,FALSE
15-09-2012 08:45,10.60916,0.0141,12.92450308,FALSE
17-09-2012 08:45,7.6818,0.0093,6.172479936,FALSE
18-09-2012 08:45,7.996111,0.0106,7.323158298,FALSE
20-09-2012 08:45,5.465742,0.0117,5.525209273,FALSE
21-09-2012 08:45,11.18776,0.0078,7.539655219,FALSE
22-09-2012 08:45,7.348301,0.0103,6.539400026,FALSE
24-09-2012 08:45,9.217591,0.0105,8.362198555,FALSE
25-09-2012 08:45,7.174285,0.0095,5.888653128,FALSE
26-09-2012 08:45,8.458434,0.0114,8.331219153,FALSE
27-09-2012 08:45,7.294216,0.0158,9.957480146,FALSE
28-09-2012 08:45,7.297314,0.0128,8.070245499,FALSE
29-09-2012 08:45,7.1510277,0.0094,5.807778657,FALSE
01-10-2012 08:45,7.3447447,0.017,10.78796102,FALSE
03-10-2012 08:45,9.0178175,0.0148,11.53126359,FALSE
04-10-2012 08:45,9.076373,0.0153,11.998239,FALSE
05-10-2012 08:45,9.478091,0.0126,10.31822899,FALSE
06-10-2012 08:45,8.35768,0.0124,8.954084045,FALSE
08-10-2012 08:45,9.06246,0.0115,9.004460256,FALSE
09-10-2012 08:45,6.777537,0.0117,6.851276603,FALSE
10-10-2012 08:45,5.368313,0.0111,5.1484269,FALSE
11-10-2012 08:45,6.763439,0.0139,8.122619701,FALSE
12-10-2012 08:45,9.04685,0.0173,13.52250763,FALSE
13-10-2012 08:45,9.866173,0.0148,12.61607274,FALSE
15-10-2012 08:45,7.86465,0.0179,12.1631531,FALSE
16-10-2012 08:45,6.298494,0.0156,8.489362153,FALSE
17-10-2012 08:45,7.2121887,0.0188,11.71490235,FALSE
18-10-2012 08:45,5.8915396,0.0132,6.719183083,FALSE
19-10-2012 08:45,8.030191,0.0187,12.97421899,FALSE
20-10-2012 08:45,11.543866,0.0166,16.55667437,FALSE
22-10-2012 08:45,11.75453,0.0169,17.16349452,FALSE
25-10-2012 08:45,5.867711,0.0178,9.024070101,FALSE
26-10-2012 08:45,6.740778,0.0188,10.94918052,FALSE
29-10-2012 08:45,8.896089,0.017,13.06657552,FALSE
30-10-2012 08:45,8.568612,0.0197,14.58446311,FALSE
31-10-2012 08:45,7.598641,0.012,7.878270989,FALSE
01-11-2012 08:45,6.9056187,0.0221,13.18586457,FALSE
02-11-2012 08:45,5.8675323,0.0238,12.06552402,FALSE
03-11-2012 08:45,4.9701915,0.0208,8.932030548,FALSE
05-11-2012 08:45,5.2726293,0.0209,9.521103085,FALSE
06-11-2012 08:45,5.3189425,0.022,10.1102459,FALSE
07-11-2012 08:45,5.595252,0.0149,7.203103615,FALSE
08-11-2012 08:45,8.822687,0.0236,17.9898117,FALSE
09-11-2012 08:45,6.580728,0.0177,10.06377572,FALSE
10-11-2012 08:45,7.7044106,0.0189,12.58099433,FALSE
12-11-2012 08:45,7.804712,0.0223,15.0374947,FALSE
14-11-2012 08:45,7.9840555,0.0182,12.55476759,FALSE
15-11-2012 08:45,7.6165466,0.0174,11.4504115,FALSE
16-11-2012 08:45,7.8971586,0.0198,13.50982716,FALSE
17-11-2012 08:45,7.869543,0.0238,16.18229866,FALSE
19-11-2012 08:45,6.0074058,0.0283,14.68882807,FALSE
20-11-2012 08:45,5.963355,0.0224,11.54123873,FALSE
21-11-2012 08:45,5.773902,0.0169,8.430820744,FALSE
22-11-2012 08:45,3.8303702,0.0202,6.685068503,FALSE
23-11-2012 08:45,5.9132,0.0186,9.502748928,FALSE
24-11-2012 08:45,11.4249935,0.0177,17.47201406,FALSE
26-11-2012 08:45,5.9044294,0.0186,9.488654223,FALSE
27-11-2012 08:45,6.5149646,0.0178,10.01949436,FALSE
29-11-2012 08:45,5.344954,0.0206,9.513162927,FALSE
30-11-2012 08:45,6.554594,0.0202,11.43960182,FALSE
01-12-2012 08:45,9.459229,0.02,16.34554771,FALSE
03-12-2012 08:45,12.610029,0.022,23.96914312,FALSE
04-12-2012 08:45,14.474947,0.0174,21.76105632,FALSE
05-12-2012 08:45,14.954495,0.0189,24.42009216,FALSE
06-12-2012 08:45,13.574146,0.019,22.28331807,FALSE
07-12-2012 08:45,14.597671,0.0184,23.20679345,FALSE
08-12-2012 08:45,13.591369,0.0174,20.4327205,FALSE
10-12-2012 08:45,10.336301,0.0184,16.43223788,FALSE
11-12-2012 08:45,17.44429,0.0205,30.89732645,FALSE
12-12-2012 08:45,14.260633,0.0192,23.65667887,FALSE
13-12-2012 08:45,15.590285,0.0203,27.34411267,FALSE
14-12-2012 08:45,15.21577,0.0196,25.76699355,FALSE
15-12-2012 08:45,15.2493725,0.0198,26.08740652,FALSE
17-12-2012 08:45,7.526148,0.0137,8.908550865,FALSE
18-12-2012 08:45,11.091723,0.011,10.54157354,FALSE
19-12-2012 08:45,9.812899,0.0112,9.495746104,FALSE
20-12-2012 08:45,9.804012,0.0117,9.910679651,FALSE
21-12-2012 08:45,9.806198,0.0112,9.489261681,FALSE
22-12-2012 08:45,10.645843,0.0142,13.06117186,FALSE
24-12-2012 08:45,11.120091,0.0112,10.76068966,FALSE
26-12-2012 08:45,10.03589,0.0123,10.66534102,FALSE
27-12-2012 08:45,9.47603,0.0139,11.38033299,FALSE
28-12-2012 08:45,10.364391,0.0096,8.596640471,FALSE
29-12-2012 08:45,7.6358743,0.0092,6.069603764,FALSE
31-12-2012 08:45,13.230475,0.0106,12.11699822,FALSE
01-01-2013 08:45,11.757448,0.0126,12.79962819,FALSE
02-01-2013 08:45,11.225472,0.0113,10.95965282,FALSE
03-01-2013 08:45,10.328068,0.0127,11.33278246,FALSE
04-01-2013 08:45,9.179218,0.0114,9.041162561,FALSE
05-01-2013 08:45,8.487926,0.0097,7.113561022,FALSE
07-01-2013 08:45,12.035017,0.014,14.55755656,FALSE
08-01-2013 08:45,11.168799,0.0135,13.02728715,FALSE
09-01-2013 08:45,11.188809,0.0113,10.923858,FALSE
10-01-2013 08:45,11.8901,0.014,14.38226496,FALSE
11-01-2013 08:45,12.127652,0.0143,14.9839566,FALSE
12-01-2013 08:45,11.220083,0.012,11.63298205,FALSE
15-01-2013 08:45,12.480911,0.0131,14.12639431,FALSE
16-01-2013 08:45,13.192689,0.0134,15.27396762,FALSE
17-01-2013 08:45,12.594694,0.0131,14.25517846,FALSE
18-01-2013 08:45,12.542689,0.0142,15.38837428,FALSE
19-01-2013 08:45,13.224391,0.013,14.85363597,FALSE
21-01-2013 08:45,11.196108,0.0128,12.38199976,FALSE
22-01-2013 08:45,11.089549,0.0175,16.76739809,FALSE
23-01-2013 08:45,11.485122,0.0128,12.70162612,FALSE
24-01-2013 08:45,12.706692,0.0109,11.96665426,FALSE
28-01-2013 08:45,12.055591,0.0124,12.91587797,FALSE
29-01-2013 08:45,11.60607,0.0116,11.6320676,FALSE
30-01-2013 08:45,11.492205,0.0131,13.00733731,FALSE
31-01-2013 08:45,11.581516,0.0126,12.60810158,FALSE
01-02-2013 08:45,6.227978,0.0177,9.524322196,FALSE
02-02-2013 08:45,5.929151,0.0176,9.016104177,FALSE
04-02-2013 08:45,6.774108,0.0181,10.59362105,FALSE
05-02-2013 08:45,7.3049736,0.0204,12.87545427,FALSE
06-02-2013 08:45,6.251235,0.0185,9.991974024,FALSE
07-02-2013 08:45,5.4423275,0.0163,7.664538665,FALSE
08-02-2013 08:45,5.5210533,0.0161,7.680005982,FALSE
09-02-2013 08:45,5.5598774,0.0177,8.50260931,FALSE
11-02-2013 08:45,6.140696,0.0163,8.648064991,FALSE
12-02-2013 08:45,6.488613,0.0144,8.07287275,FALSE
13-02-2013 08:45,5.3810086,0.0158,7.34572246,FALSE
14-02-2013 08:45,5.962413,0.0136,7.006073772,FALSE
15-02-2013 08:45,6.268828,0.0148,8.01607574,FALSE
16-02-2013 08:45,5.219426,0.0162,7.305526184,FALSE
18-02-2013 08:45,3.40532,0.019,5.590173312,FALSE
19-02-2013 08:45,4.7647834,0.0169,6.957346129,FALSE
20-02-2013 08:45,5.356241,0.0188,8.700249381,FALSE
21-02-2013 08:45,4.574463,0.0156,6.16564421,FALSE
22-02-2013 08:45,3.017979,0.017,4.432807555,FALSE
23-02-2013 08:45,2.55567,0.0139,3.069257443,FALSE
25-02-2013 08:45,7.8854856,0.0133,9.061369213,FALSE
26-02-2013 08:45,5.3572664,0.0157,7.267024726,FALSE
27-02-2013 08:45,5.3332343,0.0137,6.312842776,FALSE
28-02-2013 08:45,4.835358,0.012,5.013299174,FALSE
01-03-2013 08:45,4.565439,0.0149,5.877363551,FALSE
02-03-2013 08:45,3.6705534,0.0139,4.408187811,FALSE
04-03-2013 09:15,3.405004,0.0174,5.118946813,FALSE
05-03-2013 08:45,3.320223,0.0161,4.618563002,FALSE
06-03-2013 08:45,3.361581,0.0178,5.169842652,FALSE
07-03-2013 08:45,3.12914,0.0198,5.353082381,FALSE
08-03-2013 08:45,2.997852,0.0155,4.014723398,FALSE
09-03-2013 08:45,2.5187383,0.0134,2.916094454,FALSE
11-03-2013 08:45,2.6364963,0.0152,3.462457861,FALSE
12-03-2013 08:45,3.1585445,0.0192,5.2396463,FALSE
13-03-2013 08:45,2.5712106,0.0215,4.776280811,FALSE
14-03-2013 08:45,2.5568075,0.0262,5.787794002,FALSE
15-03-2013 08:45,3.3315678,0.0171,4.92219153,FALSE
16-03-2013 08:45,6.0136127,0.0187,9.716073767,FALSE
18-03-2013 08:45,4.9780045,0.0127,5.462264778,FALSE
19-03-2013 08:45,5.2424088,0.0192,8.69652711,FALSE
20-03-2013 08:45,3.1977592,0.0076,2.099776601,FALSE
21-03-2013 08:45,2.5529697,0.0138,3.043956833,FALSE
22-03-2013 08:45,2.4228568,0.0214,4.479765309,FALSE
23-03-2013 08:45,2.5367703,0.0189,4.142444429,FALSE
25-03-2013 08:45,1.8855895,0.016,2.606638925,FALSE
26-03-2013 08:45,2.403626,0.0224,4.651881615,FALSE
27-03-2013 08:45,2.4073558,0.0153,3.182331779,FALSE
28-03-2013 08:45,2.563816,0.0213,4.718241861,FALSE
30-03-2013 08:45,2.1971474,0.0131,2.486819313,FALSE
01-04-2013 08:45,2.2388132,0.0146,2.824128523,FALSE
02-04-2013 08:45,2.109031,0.0099,1.803980756,FALSE
03-04-2013 08:45,2.0001798,0.0106,1.831844668,FALSE
04-04-2013 08:45,2.0039752,0.0133,2.302807982,FALSE
05-04-2013 08:45,1.9833536,0.0146,2.501881565,FALSE
06-04-2013 08:45,0.41771084,0.0168,0.606315638,FALSE
08-04-2013 08:45,1.3479621,0.0107,1.246164002,FALSE
09-04-2013 08:45,1.2340016,0.0113,1.204780442,FALSE
10-04-2013 08:45,0.5128965,0.0105,0.465299705,FALSE
11-04-2013 08:45,0.8400003,0.0124,0.899942721,FALSE
12-04-2013 08:45,2.3687193,0.0212,4.338735767,FALSE
13-04-2013 08:45,2.8588936,0.0219,5.409484114,FALSE
15-04-2013 08:45,2.4257295,0.027,5.658741778,FALSE
16-04-2013 08:45,2.0616448,0.017,3.028143882,FALSE
17-04-2013 08:45,2.0414524,0.0122,2.151854146,FALSE
18-04-2013 08:45,2.4233224,0.0121,2.53343817,FALSE
19-04-2013 08:45,2.0171194,0.0105,1.82993072,FALSE
20-04-2013 08:45,2.0683553,0.0242,4.32468273,FALSE
22-04-2013 08:45,1.9915915,0.0101,1.737942407,FALSE
23-04-2013 08:45,1.862834,0.0115,1.850911862,FALSE
25-04-2013 08:45,2.2673593,0.012,2.350798122,FALSE
26-04-2013 08:45,2.4959285,0.0257,5.542159316,FALSE
27-04-2013 08:45,2.5301576,0.0132,2.88559414,FALSE
29-04-2013 08:45,11.959719,0.0096,9.919869327,FALSE
30-04-2013 08:45,2.742787,0.0231,5.474164006,FALSE
01-05-2013 08:45,3.0604908,0.0248,6.557774847,FALSE
02-05-2013 08:45,3.784319,0.0186,6.081552006,FALSE
03-05-2013 08:45,7.6516347,0.0196,12.95758427,FALSE
04-05-2013 08:45,7.673274,0.0197,13.06052621,FALSE
06-05-2013 08:45,6.1572742,0.0219,11.65054795,FALSE
07-05-2013 08:45,5.589559,0.0178,8.596294577,FALSE
08-05-2013 08:45,5.5822444,0.0184,8.874428857,FALSE
09-05-2013 08:45,5.456019,0.013,6.128200541,FALSE
10-05-2013 08:45,5.0684905,0.0173,7.57597412,FALSE
11-05-2013 08:45,5.0796766,0.0205,8.997123194,FALSE
13-05-2013 08:45,7.121465,0.0179,11.01377291,FALSE
14-05-2013 08:45,6.815547,0.0177,10.42287972,FALSE
15-05-2013 08:45,3.929689,0.0178,6.043547307,FALSE
16-05-2013 08:45,4.9717107,0.0177,7.603137739,FALSE
17-05-2013 08:45,5.0346274,0.0179,7.786353352,FALSE
18-05-2013 08:45,5.071384,0.0175,7.667932608,FALSE
20-05-2013 08:45,4.5721207,0.0181,7.150065235,FALSE
21-05-2013 08:45,5.013241,0.0149,6.453845934,FALSE
22-05-2013 08:45,3.5501335,0.0113,3.466066339,FALSE
23-05-2013 08:45,3.6981075,0.0109,3.482729719,FALSE
24-05-2013 08:45,3.3025603,0.0169,4.822266448,FALSE
27-05-2013 08:45,4.873311,0.015,6.315811056,FALSE
28-05-2013 08:45,3.8405826,0.016,5.309221386,FALSE
29-05-2013 08:45,3.8601208,0.0124,4.13557902,FALSE
30-05-2013 08:45,3.2706096,0.0183,5.171226251,FALSE
31-05-2013 08:45,3.612854,0.0108,3.371226324,FALSE
01-06-2013 08:45,5.059145,0.015,6.55665192,FALSE
03-06-2013 08:45,3.8251524,0.0149,4.924348194,FALSE
04-06-2013 09:00,2.6689334,0.0178,4.104606055,FALSE
05-06-2013 09:00,2.4678154,0.0184,3.92323421,FALSE
06-06-2013 09:00,1.9739345,0.0204,3.479177992,FALSE
07-06-2013 08:45,1.86476,0.021,3.383420544,FALSE
08-06-2013 08:45,1.9161955,0.0189,3.129070604,FALSE
10-06-2013 08:45,2.1236115,0.0171,3.137508575,FALSE
11-06-2013 08:45,2.3348658,0.033,6.657169369,FALSE
12-06-2013 08:45,2.3728464,0.0274,5.617381654,FALSE
13-06-2013 08:45,2.631084,0.0339,7.706339793,FALSE
14-06-2013 08:45,2.3359046,0.036,7.265597668,FALSE
15-06-2013 08:45,2.8777478,0.0308,7.658032226,FALSE
17-06-2013 08:45,3.8091323,0.026,8.556834799,FALSE
18-06-2013 08:45,3.3852272,0.0142,4.153267547,FALSE
19-06-2013 08:45,3.9057963,0.0325,10.96747601,FALSE
20-06-2013 08:45,3.031024,0.0118,3.090189588,FALSE
21-06-2013 08:45,2.903115,0.0101,2.533374274,FALSE
22-06-2013 08:45,2.7130563,0.0108,2.531607095,FALSE
23-06-2013 08:00,4.004,0.0149,5.15458944,FALSE
24-06-2013 08:45,3.7470937,0.0113,3.658362521,FALSE
25-06-2013 08:45,4.355814,0.0126,4.741913353,FALSE
26-06-2013 09:30,5.7941184,0.0135,6.758259702,FALSE
27-06-2013 08:45,4.5505176,0.0138,5.425673145,FALSE
28-06-2013 08:45,3.629709,0.014,4.390496006,FALSE
29-06-2013 08:45,3.8150916,0.0177,5.834343282,FALSE
01-07-2013 08:45,9.7037525,0.0126,10.56389312,FALSE
02-07-2013 08:45,6.940733,0.0158,9.474933433,FALSE
03-07-2013 08:45,5.870203,0.0147,7.455627426,FALSE
04-07-2013 08:45,5.007195,0.009,3.893594832,FALSE
05-07-2013 08:45,6.383192,0.0139,7.665958264,FALSE
06-07-2013 08:45,5.3419814,0.0148,6.830898456,FALSE
08-07-2013 08:45,4.3730273,0.0091,3.438248984,FALSE
09-07-2013 08:45,3.9644485,0.0104,3.562294844,FALSE
10-07-2013 08:45,4.383398,0.018,6.81706057,FALSE
11-07-2013 08:45,5.52465,0.0085,4.05730296,FALSE
12-07-2013 08:45,5.360946,0.0087,4.029715889,FALSE
13-07-2013 08:45,5.960322,0.0096,4.94372948,FALSE
15-07-2013 08:45,5.055316,0.0092,4.018369582,FALSE
16-07-2013 08:45,4.9074244,0.0092,3.900813507,FALSE
17-07-2013 08:45,5.4774194,0.0087,4.117266615,FALSE
18-07-2013 08:45,6.1140485,0.0096,5.071236388,FALSE
19-07-2013 08:45,6.4836035,0.0092,5.15368675,FALSE
20-07-2013 09:30,7.055993,0.009,5.486740157,FALSE
22-07-2013 08:45,9.8341055,0.0098,8.326733809,FALSE
23-07-2013 08:45,8.060559,0.0129,8.983976639,FALSE
24-07-2013 08:45,8.066914,0.0086,5.994039779,FALSE
25-07-2013 08:45,10.901641,0.0108,10.17253925,FALSE
26-07-2013 08:45,9.670375,0.0114,9.52493256,FALSE
27-07-2013 08:45,7.726296,0.0135,9.011951654,FALSE
29-07-2013 08:45,6.8671265,0.0175,10.38309527,FALSE
30-07-2013 08:45,6.1230855,0.0102,5.396152789,FALSE
31-07-2013 08:45,7.426157,0.0147,9.431813483,FALSE
01-08-2013 08:45,8.885876,0.0093,7.139979084,FALSE
02-08-2013 08:45,15.202742,0.0159,20.88491885,FALSE
03-08-2013 08:45,12.150968,0.0175,18.37226362,FALSE
04-08-2013 08:00,25.62,0.0197,43.6072896,FALSE
06-08-2013 09:15,38.486923,0.0252,83.79680771,FALSE
07-08-2013 09:15,40.65639,0.0271,95.1944978,FALSE
08-08-2013 08:45,18.20506,0.017,26.73959213,FALSE
12-08-2013 08:45,9.870306,0.0115,9.807136042,FALSE
13-08-2013 09:00,17.659552,0.015,22.88677939,FALSE
14-08-2013 09:15,22.250416,0.0156,29.9900007,FALSE
16-08-2013 09:00,18.935371,0.0188,30.75710182,FALSE
17-08-2013 08:45,10.00148,0.011,9.505406592,FALSE
19-08-2013 08:45,8.52047,0.0108,7.950620966,FALSE
20-08-2013 08:45,8.6874,0.0099,7.430854464,FALSE
21-08-2013 08:45,9.044903,0.0113,8.830719697,FALSE
22-08-2013 08:45,8.948224,0.0164,12.67927548,FALSE
23-08-2013 08:45,15.131267,0.0157,20.52526106,FALSE
24-08-2013 08:45,8.719883,0.018,13.56116204,FALSE
26-08-2013 08:45,8.635796,0.0141,10.52047212,FALSE
27-08-2013 09:00,18.692875,0.0164,26.48705616,FALSE
29-08-2013 09:00,26.51802,0.0206,47.19783272,FALSE
30-08-2013 09:00,25.476696,0.0216,47.54562914,FALSE
31-08-2013 08:45,16.501648,0.0151,21.52871005,FALSE
03-09-2013 08:45,11.415625,0.0163,16.076853,FALSE
04-09-2013 09:00,21.877079,0.0167,31.56599975,FALSE
05-09-2013 08:45,8.259837,0.0159,11.34703368,FALSE
06-09-2013 08:45,14.586135,0.0129,16.25712263,FALSE
07-09-2013 08:45,15.207599,0.0134,17.60674982,FALSE
10-09-2013 08:45,13.789545,0.0141,16.7989753,FALSE
11-09-2013 08:45,10.685115,0.0075,6.92395452,FALSE
12-09-2013 08:45,10.676175,0.0146,13.46735419,FALSE
13-09-2013 08:45,14.260078,0.0114,14.04560643,FALSE
14-09-2013 08:45,10.165745,0.0118,10.36418034,FALSE
16-09-2013 08:45,14.50104,0.0111,13.9070774,FALSE
17-09-2013 08:45,15.6448,0.008,10.81368576,FALSE
18-09-2013 09:15,20.16498,0.0175,30.48944976,FALSE
19-09-2013 08:45,16.379059,0.0121,17.12332344,FALSE
20-09-2013 09:15,18.829859,0.0222,36.11717595,FALSE
21-09-2013 09:15,29.956787,0.0166,42.96522219,FALSE
22-09-2013 08:00,33.23,0.0141,40.4821152,FALSE
23-09-2013 09:15,38.954956,0.0165,55.53418527,FALSE
24-09-2013 09:00,34.341675,0.0197,58.45227818,FALSE
25-09-2013 09:00,32.46206,0.0206,57.77727287,FALSE
26-09-2013 08:45,30.214424,0.0125,32.63157792,FALSE
27-09-2013 08:45,17.90449,0.0129,19.95562837,FALSE
28-09-2013 08:45,17.94476,0.0141,21.86102442,FALSE
30-09-2013 08:45,10.989875,0.0115,10.9195398,FALSE
01-10-2013 09:00,20.782349,0.0129,23.1631749,FALSE
03-10-2013 08:45,16.079756,0.012,16.67149102,FALSE
04-10-2013 08:45,18.01918,0.0143,22.26305727,FALSE
05-10-2013 08:45,15.852699,0.0134,18.35362079,FALSE
07-10-2013 08:45,16.63033,0.0124,17.81707035,FALSE
08-10-2013 08:45,15.609477,0.0149,20.09501631,FALSE
09-10-2013 08:45,14.256117,0.0139,17.12102627,FALSE
10-10-2013 08:45,14.449022,0.0132,16.47882061,FALSE
12-10-2013 08:45,15.6542225,0.0141,19.07060002,FALSE
14-10-2013 08:45,16.610312,0.0135,19.37426792,FALSE
15-10-2013 08:45,15.703538,0.0102,13.83921397,FALSE
17-10-2013 08:45,12.338029,0.0091,9.700651921,FALSE
18-10-2013 08:45,10.31003,0.009,8.017079328,FALSE
19-10-2013 08:45,16.323458,0.0109,15.37277981,FALSE
21-10-2013 08:45,9.440906,0.0098,7.993803928,FALSE
22-10-2013 08:45,10.250562,0.0088,7.7937073,FALSE
23-10-2013 08:45,10.122328,0.0083,7.258923855,FALSE
24-10-2013 08:45,7.652282,0.0084,5.553720184,FALSE
25-10-2013 08:45,9.738754,0.0084,7.067998103,FALSE
26-10-2013 08:45,8.491468,0.0091,6.6763318,FALSE
28-10-2013 08:45,8.295192,0.0093,6.665352676,FALSE
29-10-2013 08:45,10.036291,0.0086,7.457365665,FALSE
30-10-2013 11:15,13.120213,0.0075,8.501898024,FALSE
31-10-2013 08:45,10.506968,0.009,8.170218317,FALSE
01-11-2013 08:45,8.742005,0.0105,7.930746936,FALSE
04-11-2013 08:45,7.231941,0.0093,5.811009232,FALSE
05-11-2013 08:45,8.101197,0.0123,8.609304076,FALSE
06-11-2013 08:45,6.3089385,0.011,5.99601515,FALSE
07-11-2013 08:45,5.636209,0.0121,5.892318337,FALSE
08-11-2013 08:45,8.822467,0.0097,7.393933143,FALSE
09-11-2013 08:45,8.2828045,0.0121,8.659175136,FALSE
11-11-2013 08:45,5.807022,0.0103,5.167785018,FALSE
12-11-2013 08:45,7.8925986,0.0133,9.069542903,FALSE
13-11-2013 08:45,9.291147,0.0087,6.983969377,FALSE
14-11-2013 08:45,9.112872,0.009,7.086169267,FALSE
16-11-2013 08:45,10.210724,0.0085,7.498755706,FALSE
18-11-2013 08:45,12.393078,0.007,7.495333574,FALSE
19-11-2013 08:45,10.324724,0.0096,8.563739075,FALSE
20-11-2013 08:45,9.873316,0.0097,8.274628673,FALSE
21-11-2013 08:45,11.332861,0.0096,9.399928228,FALSE
22-11-2013 08:45,10.828353,0.0107,10.01059578,FALSE
23-11-2013 08:45,9.588299,0.0119,9.8583055,FALSE
25-11-2013 08:45,10.361929,0.0125,11.19088332,FALSE
26-11-2013 08:45,14.509511,0.013,16.29708276,FALSE
27-11-2013 08:45,13.976967,0.016,19.32175918,FALSE
28-11-2013 08:45,14.003126,0.0133,16.09127215,FALSE
29-11-2013 08:45,16.432598,0.0155,22.00653524,FALSE
30-11-2013 08:45,17.292856,0.0148,22.11272082,FALSE
02-12-2013 08:45,16.782967,0.0136,19.72065754,FALSE
03-12-2013 08:45,14.565136,0.0133,16.73708908,FALSE
04-12-2013 08:45,14.152156,0.0166,20.29758822,FALSE
05-12-2013 08:45,15.673387,0.0108,14.62515088,FALSE
06-12-2013 08:45,15.727822,0.015,20.38325731,FALSE
07-12-2013 08:45,14.598212,0.0171,21.56798234,FALSE
09-12-2013 08:45,14.628304,0.0147,18.57911634,FALSE
10-12-2013 08:45,15.193841,0.0163,21.39779016,FALSE
11-12-2013 08:45,18.877941,0.0166,27.0754981,FALSE
12-12-2013 08:45,14.980473,0.0133,17.21436113,FALSE
13-12-2013 08:45,14.546828,0.0134,16.84173559,FALSE
14-12-2013 08:45,16.714819,0.0143,20.65149317,FALSE
16-12-2013 08:45,12.951939,0.0151,16.8976177,FALSE
17-12-2013 08:45,11.720407,0.0158,15.999762,FALSE
18-12-2013 08:45,11.368984,0.0161,15.8147115,FALSE
19-12-2013 08:45,12.798813,0.015,16.58726165,FALSE
20-12-2013 10:00,16.041822,0.0139,19.26558655,FALSE
21-12-2013 08:45,14.170487,0.0137,16.77332205,FALSE
23-12-2013 08:45,17.966429,0.0182,28.25185027,FALSE
24-12-2013 08:45,16.115763,0.011,15.31642116,FALSE
26-12-2013 08:45,15.818315,0.0116,15.85374803,FALSE
27-12-2013 08:45,15.272233,0.0121,15.96620327,FALSE
28-12-2013 08:45,16.03204,0.016,22.1626921,FALSE
30-12-2013 08:45,15.61094,0.0153,20.6364138,FALSE
31-12-2013 08:45,14.762784,0.0132,16.8366599,FALSE
01-01-2014 08:45,16.637295,0.0125,17.9682786,FALSE
02-01-2014 08:45,17.528423,0.0138,20.89948931,FALSE
03-01-2014 08:45,16.340132,0.0109,15.38848271,FALSE
04-01-2014 08:45,15.512822,0.0135,18.09415558,FALSE
06-01-2014 08:45,13.872399,0.0139,16.6601963,FALSE
07-01-2014 08:45,15.138517,0.0129,16.87278551,FALSE
08-01-2014 08:45,13.732777,0.0135,16.01791109,FALSE
09-01-2014 08:45,14.8136215,0.0145,18.55850502,FALSE
10-01-2014 08:45,15.169779,0.0136,17.82509712,FALSE
11-01-2014 08:45,14.677026,0.0154,19.52866371,FALSE
13-01-2014 08:45,15.256845,0.0154,20.30014768,FALSE
15-01-2014 08:45,16.869263,0.0163,23.75732047,FALSE
16-01-2014 08:45,15.68758,0.0178,24.12624303,FALSE
17-01-2014 08:45,15.109211,0.0139,18.14555804,FALSE
18-01-2014 08:45,14.68222,0.0103,13.06600122,FALSE
20-01-2014 08:45,15.629278,0.0128,17.28473113,FALSE
21-01-2014 08:45,13.470341,0.0119,13.8496658,FALSE
22-01-2014 08:45,12.883816,0.014,15.58426383,FALSE
23-01-2014 08:45,17.462877,0.0148,22.33013008,FALSE
24-01-2014 08:45,15.688402,0.0132,17.89230871,FALSE
25-01-2014 08:45,14.959527,0.0153,19.77529793,FALSE
27-01-2014 08:45,17.44789,0.0135,20.3512189,FALSE
28-01-2014 08:45,15.693624,0.0128,17.35589265,FALSE
29-01-2014 08:45,15.74112,0.0144,19.58447186,FALSE
30-01-2014 08:45,15.712851,0.0132,17.92019231,FALSE
31-01-2014 08:45,15.689489,0.0136,18.43577715,FALSE
01-02-2014 08:45,14.202705,0.0197,24.17414013,FALSE
03-02-2014 08:45,15.665299,0.0163,22.06175389,FALSE
04-02-2014 08:45,13.623261,0.0149,17.53804128,FALSE
05-02-2014 08:45,10.720124,0.0144,13.33754948,FALSE
06-02-2014 08:45,12.870692,0.0114,12.67711679,FALSE
07-02-2014 08:45,13.072697,0.0138,15.58683809,FALSE
08-02-2014 08:45,9.301735,0.0132,10.60844273,FALSE
10-02-2014 08:45,8.230493,0.0116,8.248929304,FALSE
11-02-2014 08:45,11.3835945,0.0131,12.8844076,FALSE
12-02-2014 08:45,11.410959,0.0113,11.14074749,FALSE
13-02-2014 08:45,12.45817,0.0125,13.4548236,FALSE
14-02-2014 08:45,11.300201,0.0164,16.01193281,FALSE
15-02-2014 08:45,11.024819,0.014,13.33562106,FALSE
17-02-2014 08:45,11.140813,0.014,13.4759274,FALSE
18-02-2014 08:45,11.297664,0.0147,14.34893709,FALSE
19-02-2014 08:45,10.546624,0.015,13.6684247,FALSE
20-02-2014 08:45,11.533315,0.0139,13.85104998,FALSE
21-02-2014 08:45,7.6817303,0.0141,9.358191121,FALSE
22-02-2014 09:30,9.922467,0.0168,14.4026593,FALSE
24-02-2014 08:45,11.32554,0.0132,12.91655186,FALSE
25-02-2014 08:45,12.398356,0.0122,13.06885909,FALSE
26-02-2014 08:45,12.103404,0.014,14.64027748,FALSE
27-02-2014 08:45,12.167968,0.0137,14.40298036,FALSE
28-02-2014 08:45,12.373909,0.0142,15.18130147,FALSE
01-03-2014 08:45,9.804923,0.0137,11.60589126,FALSE
03-03-2014 08:45,10.218101,0.0174,15.36148432,FALSE
04-03-2014 08:45,8.894713,0.0118,9.068337798,FALSE
05-03-2014 08:45,8.892122,0.0158,12.13881358,FALSE
06-03-2014 08:45,13.629766,0.0153,18.01746027,FALSE
07-03-2014 08:45,12.886753,0.0148,16.4785488,FALSE
08-03-2014 08:45,10.255812,0.0108,9.569903293,FALSE
10-03-2014 08:45,7.3906517,0.0114,7.279496298,FALSE
11-03-2014 08:45,7.888026,0.0137,9.336898616,FALSE
12-03-2014 08:45,7.182478,0.0142,8.812038609,FALSE
13-03-2014 08:45,7.1151733,0.0133,8.176187942,FALSE
14-03-2014 08:45,6.8744664,0.0134,7.958982219,FALSE
15-03-2014 08:45,8.863841,0.0124,9.496364694,FALSE
17-03-2014 08:45,6.4054313,0.0134,7.415952142,FALSE
18-03-2014 08:45,8.413469,0.0139,10.10423973,FALSE
19-03-2014 08:45,6.70153,0.013,7.527158496,FALSE
20-03-2014 08:45,6.0045466,0.0133,6.899944589,FALSE
21-03-2014 08:45,8.387628,0.0152,11.0153041,FALSE
22-03-2014 08:45,10.048464,0.0163,14.15145282,FALSE
23-03-2014 08:00,9.776,0.0139,11.74058496,FALSE
24-03-2014 08:45,6.3185773,0.0159,8.680208752,FALSE
25-03-2014 08:45,3.6954951,0.0136,4.342354562,FALSE
26-03-2014 08:45,3.378446,0.0153,4.466035336,FALSE
27-03-2014 08:45,3.1772175,0.0183,5.023562134,FALSE
28-03-2014 08:45,3.3546817,0.0169,4.898372031,FALSE
29-03-2014 08:45,3.3558345,0.0168,4.871060893,FALSE
01-04-2014 08:45,5.5741663,0.0179,8.620782633,FALSE
02-04-2014 08:45,4.053147,0.019,6.653646115,FALSE
03-04-2014 09:00,3.3564894,0.0179,5.191012246,FALSE
04-04-2014 09:00,3.0845537,0.0217,5.783168041,FALSE
05-04-2014 09:00,3.01325,0.0209,5.44120632,FALSE
07-04-2014 08:45,2.7961688,0.0198,4.78346189,FALSE
08-04-2014 08:45,4.5380864,0.0199,7.802604233,FALSE
09-04-2014 08:45,3.2164614,0.0198,5.502464846,FALSE
10-04-2014 08:45,3.4749272,0.02,6.004674202,FALSE
11-04-2014 08:45,4.473584,0.0171,6.609451945,FALSE
12-04-2014 08:45,3.487,0.0161,4.85055648,FALSE
15-04-2014 08:45,3.154467,0.0146,3.979170852,FALSE
16-04-2014 08:45,4.81075,0.0143,5.94377784,FALSE
17-04-2014 08:45,4.7870636,0.0148,6.121313967,FALSE
19-04-2014 08:45,2.5860283,0.0147,3.284462823,FALSE
21-04-2014 08:45,2.2944283,0.0144,2.854635914,FALSE
22-04-2014 08:45,1.8001072,0.0134,2.084092112,FALSE
23-04-2014 08:45,1.8155284,0.018,2.823509768,FALSE
24-04-2014 08:00,2.061,0.0064,1.13965056,FALSE
25-04-2014 08:45,4.822061,0.0166,6.915992769,FALSE
26-04-2014 08:45,3.4011793,0.0176,5.171969291,FALSE
28-04-2014 08:45,2.3317163,0.0171,3.44497093,FALSE
29-04-2014 08:45,2.4701815,0.0162,3.457463642,FALSE
30-04-2014 08:45,2.432484,0.0188,3.951132411,FALSE
01-05-2014 08:45,2.59686,0.0141,3.163598726,FALSE
02-05-2014 08:45,3.3618839,0.0181,5.257448518,FALSE
03-05-2014 08:45,2.8041902,0.0181,4.385304802,FALSE
05-05-2014 08:45,4.243087,0.0139,5.095777764,FALSE
06-05-2014 08:45,3.1151452,0.0142,3.821909343,FALSE
07-05-2014 08:45,6.3652935,0.0118,6.489544029,FALSE
08-05-2014 08:45,13.011185,0.0132,14.83899627,FALSE
09-05-2014 08:45,6.9141703,0.0121,7.228350198,FALSE
10-05-2014 08:45,3.7462618,0.0129,4.175433552,FALSE
12-05-2014 08:45,2.4643414,0.0144,3.066034996,FALSE
13-05-2014 08:45,2.1160626,0.0116,2.12080258,FALSE
15-05-2014 08:45,5.298627,0.0129,5.905637709,FALSE
16-05-2014 08:45,5.3189464,0.0143,6.571664656,FALSE
17-05-2014 08:45,3.598229,0.0133,4.134796908,FALSE
19-05-2014 08:45,2.5450559,0.0114,2.506778259,FALSE
20-05-2014 08:45,3.1230693,0.0154,4.155431088,FALSE
21-05-2014 08:45,3.239257,0.0197,5.513474555,FALSE
22-05-2014 08:45,3.1061466,0.0133,3.569335181,FALSE
23-05-2014 08:45,3.110749,0.0173,4.649698745,FALSE
24-05-2014 08:45,3.1638453,0.0216,5.904494653,FALSE
25-05-2014 08:00,3.258,0.0127,3.57493824,FALSE
26-05-2014 08:45,2.694106,0.0178,4.1433195,FALSE
27-05-2014 09:45,2.9929535,0.0161,4.163318037,FALSE
28-05-2014 08:45,4.468926,0.0139,5.367001369,FALSE
29-05-2014 08:45,5.2096906,0.0156,7.021829378,FALSE
30-05-2014 08:45,2.6099396,0.0188,4.239377091,FALSE
31-05-2014 08:45,2.062196,0.0159,2.832962377,FALSE
02-06-2014 08:45,4.8611727,0.015,6.300079819,FALSE
03-06-2014 08:45,4.5726604,0.0156,6.163214594,FALSE
04-06-2014 08:45,3.778182,0.0193,6.300194049,FALSE
05-06-2014 08:45,2.4810822,0.0163,3.494157684,FALSE
06-06-2014 08:45,2.2771616,0.0182,3.580791073,FALSE
07-06-2014 08:45,2.0298784,0.0186,3.262095784,FALSE
09-06-2014 08:45,2.5079594,0.0189,4.095397382,FALSE
10-06-2014 09:52,2.3906317,0.0155,3.201533973,FALSE
11-06-2014 08:45,1.8229015,0.0123,1.937233882,FALSE
12-06-2014 08:45,1.2161323,0.0124,1.302915501,FALSE
13-06-2014 08:45,1.2236139,0.0119,1.258070867,FALSE
14-06-2014 08:45,0.9489962,0.0121,0.992118587,FALSE
16-06-2014 08:45,3.115554,0.0128,3.44555348,FALSE
17-06-2014 08:31,2.8475962,0.0144,3.542865288,FALSE
18-06-2014 08:45,2.8846107,0.0136,3.389532957,FALSE
19-06-2014 08:45,2.1187239,0.0123,2.251610263,FALSE
20-06-2014 08:45,2.2577074,0.0121,2.360297624,FALSE
21-06-2014 08:45,5.933375,0.0114,5.84413704,FALSE
23-06-2014 08:45,2.457894,0.016,3.397792666,FALSE
24-06-2014 08:45,2.0805643,0.0144,2.588554879,FALSE
25-06-2014 08:45,1.8923345,0.0156,2.550564132,FALSE
26-06-2014 08:45,1.9917146,0.015,2.581262122,FALSE
27-06-2014 08:45,1.7697611,0.0127,1.94192346,FALSE
28-06-2014 08:45,1.605455,0.0119,1.650664613,FALSE
30-06-2014 08:45,1.7237362,0.012,1.787169692,FALSE
01-07-2014 08:45,5.3638253,0.015,6.951517589,FALSE
02-07-2014 08:45,10.149701,0.0133,11.66322441,FALSE
03-07-2014 08:31,10.712566,0.0133,12.31002384,FALSE
04-07-2014 08:45,10.888246,0.0128,12.04152902,FALSE
05-07-2014 08:45,10.80805,0.0134,12.51312797,FALSE
07-07-2014 08:45,10.050769,0.0133,11.54953967,FALSE
08-07-2014 08:45,9.930409,0.0127,10.89643919,FALSE
09-07-2014 08:45,5.030314,0.0145,6.301977379,FALSE
10-07-2014 08:31,3.8563151,0.0166,5.530881369,FALSE
11-07-2014 08:31,4.132774,0.0163,5.82026828,FALSE
12-07-2014 08:45,2.9064064,0.0182,4.570265936,FALSE
14-07-2014 08:45,3.6675189,0.0272,8.618962817,FALSE
15-07-2014 08:45,3.1719174,0.0281,7.70090794,FALSE
16-07-2014 08:45,3.7050602,0.0255,8.162988633,FALSE
17-07-2014 08:45,2.8741276,0.0164,4.072523844,FALSE
18-07-2014 08:45,3.025619,0.0219,5.724955247,FALSE
19-07-2014 08:45,2.7530286,0.021,4.995095092,FALSE
21-07-2014 08:45,3.2668707,0.015,4.233864427,FALSE
22-07-2014 08:45,3.3560572,0.0146,4.233464794,FALSE
23-07-2014 08:45,6.580974,0.0212,12.05423846,FALSE
24-07-2014 08:45,6.3220816,0.0178,9.722855734,FALSE
25-07-2014 08:45,3.6280577,0.0167,5.234851894,FALSE
26-07-2014 08:45,4.8906612,0.0204,8.620083805,FALSE
28-07-2014 08:45,5.8856034,0.0205,10.42458074,FALSE
30-07-2014 08:45,3.313393,0.0192,5.49652138,FALSE
31-07-2014 08:45,3.0492308,0.0169,4.452364845,FALSE
01-08-2014 08:45,5.738552,0.0233,11.5523938,FALSE
02-08-2014 08:45,15.043774,0.0207,26.90548892,FALSE
04-08-2014 08:45,10.807727,0.0207,19.32940358,FALSE
05-08-2014 08:45,7.506044,0.0219,14.20263622,FALSE
06-08-2014 09:00,6.3006954,0.0179,9.744403478,FALSE
07-08-2014 09:00,5.1683407,0.0202,9.020201657,FALSE
08-08-2014 08:45,4.716717,0.0184,7.498448018,FALSE
09-08-2014 08:45,5.2106047,0.0177,7.968473556,FALSE
11-08-2014 08:45,4.040532,0.0136,4.747786721,FALSE
12-08-2014 08:45,3.6646333,0.0157,4.971001779,FALSE
13-08-2014 08:45,5.530033,0.0172,8.218071441,FALSE
14-08-2014 08:45,5.542091,0.0175,8.379641592,FALSE
16-08-2014 08:45,4.6190596,0.0174,6.94410944,FALSE
18-08-2014 08:45,3.5998962,0.0125,3.887887896,FALSE
19-08-2014 08:45,5.8562803,0.0172,8.702901028,FALSE
20-08-2014 08:45,6.662972,0.0159,9.153324415,FALSE
21-08-2014 10:45,5.564917,0.0149,7.164051549,FALSE
22-08-2014 08:45,5.5600843,0.0103,4.94803022,FALSE
23-08-2014 08:45,6.3082094,0.0163,8.883977462,FALSE
25-08-2014 08:45,6.8951507,0.0119,7.089318144,FALSE
26-08-2014 08:45,6.537491,0.0114,6.439167135,FALSE
27-08-2014 08:45,5.890997,0.0135,6.871258901,FALSE
28-08-2014 08:45,5.488633,0.0139,6.591628688,FALSE
30-08-2014 08:45,6.1912646,0.0161,8.612296709,FALSE
01-09-2014 08:45,9.433812,0.0152,12.38923662,FALSE
02-09-2014 09:00,28.695509,0.0171,42.39589282,FALSE
03-09-2014 09:00,61.55276,0.0175,93.06777312,FALSE
04-09-2014 09:00,34.613625,0.0188,56.22360336,FALSE
05-09-2014 09:00,23.308815,0.0124,24.97213204,FALSE
06-09-2014 09:00,21.689495,0.0178,33.35670815,FALSE
08-09-2014 09:00,26.29133,0.0193,43.8413186,FALSE
09-09-2014 09:00,27.949772,0.0185,44.67491556,FALSE
10-09-2014 09:00,27.918808,0.0266,64.1641213,FALSE
11-09-2014 09:00,25.9429,0.0104,23.31125222,FALSE
12-09-2014 08:45,16.089619,0.0114,15.84763113,FALSE
13-09-2014 08:45,11.265527,0.0134,13.04277654,FALSE
15-09-2014 08:45,9.395161,0.0122,9.903251307,FALSE
16-09-2014 08:45,8.232452,0.0099,7.041710143,FALSE
17-09-2014 08:45,5.5488095,0.0109,5.225646835,FALSE
18-09-2014 08:45,7.2268496,0.0122,7.617677626,FALSE
19-09-2014 09:00,16.52624,0.0142,20.27571333,FALSE
20-09-2014 09:00,17.12289,0.0155,22.93097429,FALSE
22-09-2014 09:00,16.554974,0.0134,19.1666867,FALSE
23-09-2014 09:00,24.946373,0.0213,45.90930916,FALSE
24-09-2014 09:00,20.363348,0.0185,32.54877544,FALSE
25-09-2014 09:00,21.23699,0.0223,40.91773337,FALSE
26-09-2014 09:00,19.578205,0.0287,48.54768337,FALSE
27-09-2014 09:00,26.72886,0.0379,87.5252558,FALSE
29-09-2014 09:00,37.635006,0.0376,122.2625859,FALSE
30-09-2014 09:00,89.30556,0.0549,423.6084211,FALSE
01-10-2014 09:00,43.43789,0.0324,121.5982918,FALSE
04-10-2014 09:00,22.060215,0.014,26.68403606,FALSE
07-10-2014 09:00,16.234962,0.0139,19.49753996,FALSE
08-10-2014 08:45,12.309914,0.0137,14.570999,FALSE
09-10-2014 09:00,11.396684,0.0154,15.16397186,FALSE
10-10-2014 08:45,10.914846,0.0175,16.50324715,FALSE
11-10-2014 08:45,9.035329,0.012,9.367829107,FALSE
13-10-2014 08:31,9.312228,0.0103,8.287137942,FALSE
14-10-2014 08:31,7.211858,0.0141,8.78577389,FALSE
15-10-2014 08:31,7.2958465,0.0148,9.329344836,FALSE
16-10-2014 08:31,7.721039,0.0157,10.47343498,FALSE
17-10-2014 08:45,7.3151965,0.0156,9.859714451,FALSE
18-10-2014 08:45,8.449184,0.0129,9.417122519,FALSE
20-10-2014 08:31,9.821438,0.0147,12.47401198,FALSE
21-10-2014 09:00,14.053161,0.021,25.49805532,FALSE
23-10-2014 08:45,11.409698,0.0156,15.37844735,FALSE
24-10-2014 08:45,10.825021,0.0213,19.92150265,FALSE
25-10-2014 08:45,10.62128,0.0206,18.904179,FALSE
27-10-2014 09:00,75.67935,0.1161,759.142587,FALSE
28-10-2014 09:00,94.86889,0.1316,1078.682048,FALSE
29-10-2014 09:00,76.2789,0.0935,616.2114658,FALSE
30-10-2014 09:00,37.086014,0.0288,92.28187036,FALSE
31-10-2014 09:00,30.549356,0.0214,56.48453727,FALSE
01-11-2014 09:00,32.4568,0.0149,41.78358605,FALSE
03-11-2014 09:00,17.305902,0.0179,26.7646158,FALSE
05-11-2014 09:00,18.261072,0.0162,25.55965726,FALSE
07-11-2014 09:00,22.544886,0.0166,32.3347773,FALSE
08-11-2014 09:00,27.00863,0.0191,44.57072157,FALSE
10-11-2014 08:45,13.759473,0.0156,18.54556809,FALSE
11-11-2014 09:00,32.80686,0.0237,67.17795108,FALSE
12-11-2014 09:00,16.987106,0.0136,19.96052903,FALSE
13-11-2014 09:00,14.9354315,0.0152,19.61440348,FALSE
14-11-2014 09:00,15.852191,0.0264,36.15821358,FALSE
15-11-2014 09:00,43.73703,0.0647,244.4934967,FALSE
17-11-2014 09:00,14.41358,0.0214,26.65013288,FALSE
18-11-2014 09:00,14.580238,0.0224,28.21800942,FALSE
19-11-2014 09:00,13.591576,0.0131,15.38348938,FALSE
20-11-2014 09:00,13.699993,0.0201,23.79195584,FALSE
21-11-2014 09:00,13.3101015,0.0172,19.77987564,FALSE
22-11-2014 09:00,24.87282,0.0204,43.83983762,FALSE
24-11-2014 09:00,12.619419,0.0113,12.32059116,FALSE
25-11-2014 09:00,15.0274935,0.0207,26.87637157,FALSE
26-11-2014 09:00,14.835203,0.0217,27.8142254,FALSE
27-11-2014 08:45,12.221382,0.0163,17.2116167,FALSE
28-11-2014 09:00,18.256392,0.0198,31.23157492,FALSE
29-11-2014 08:45,12.314396,0.012,12.76756577,FALSE
01-12-2014 08:45,10.886485,0.0161,15.14353609,FALSE
02-12-2014 08:45,13.237286,0.0153,17.49863311,FALSE
03-12-2014 09:00,14.3451,0.016,19.83066624,FALSE
04-12-2014 09:00,13.61182,0.0195,22.93319434,FALSE
05-12-2014 08:00,13.751818,0.0171,20.31748599,FALSE
06-12-2014 08:00,13.112414,0.0169,19.14622243,FALSE
08-12-2014 08:00,13.838529,0.0158,18.89125271,FALSE
09-12-2014 08:00,15.825822,0.0162,22.15108654,FALSE
10-12-2014 08:00,13.474003,0.0165,19.20853868,FALSE
11-12-2014 08:00,17.849318,0.0285,43.95216064,FALSE
12-12-2014 08:00,14.126825,0.0321,39.17990153,FALSE
13-12-2014 08:00,18.121828,0.0559,87.52408,FALSE
15-12-2014 08:00,21.80035,0.0446,84.0063407,FALSE
16-12-2014 08:00,16.706514,0.0298,43.01459573,FALSE
17-12-2014 08:00,17.437555,0.0339,51.07390109,FALSE
18-12-2014 08:00,20.13294,0.0328,57.05514132,FALSE
19-12-2014 08:00,17.065073,0.0215,31.7000796,FALSE
20-12-2014 08:45,7.314635,0.0222,14.0300551,FALSE
22-12-2014 08:45,12.7561455,0.0161,17.74430864,FALSE
23-12-2014 08:45,12.186563,0.0243,25.58593275,FALSE
24-12-2014 08:45,11.52854,0.0242,24.10479372,FALSE
26-12-2014 08:00,16.705715,0.0307,44.31157492,FALSE
27-12-2014 08:00,17.974283,0.0327,50.78238227,FALSE
29-12-2014 08:00,16.705715,0.0283,40.84747786,FALSE
30-12-2014 08:00,17.974283,0.0284,44.10457665,FALSE
31-12-2014 08:00,15.825822,0.0355,48.54096124,FALSE
01-01-2015 08:00,15.825822,0.0246,33.63683511,FALSE
02-01-2015 08:00,14.000128,0.0174,21.04723243,FALSE
03-01-2015 08:00,13.777179,0.031,36.90079623,FALSE
05-01-2015 08:00,15.6838875,0.0306,41.46568913,FALSE
06-01-2015 08:00,16.114065,0.0239,33.27489966,FALSE
07-01-2015 08:45,12.808537,0.0171,18.92384491,FALSE
08-01-2015 09:00,13.721017,0.0243,28.80754961,FALSE
09-01-2015 09:00,16.985909,0.0217,31.84654107,FALSE
10-01-2015 08:45,13.274959,0.0131,15.02512959,FALSE
12-01-2015 09:00,20.42747,0.017,30.00386794,FALSE
13-01-2015 09:00,19.553814,0.0187,31.5927062,FALSE
14-01-2015 09:00,19.00662,0.0178,29.23066103,FALSE
16-01-2015 09:00,19.562538,0.0263,44.45234635,FALSE
17-01-2015 09:00,19.991257,0.0232,40.07207483,FALSE
19-01-2015 09:00,17.745258,0.0157,24.07108757,FALSE
20-01-2015 09:00,16.966427,0.0201,29.46457579,FALSE
21-01-2015 09:00,16.590391,0.021,30.10160543,FALSE
22-01-2015 09:00,14.078728,0.0214,26.03100492,FALSE
23-01-2015 09:00,14.133694,0.0198,24.178793,FALSE
24-01-2015 09:00,13.81598,0.0177,21.12850189,FALSE
27-01-2015 08:45,12.918463,0.0149,16.63071253,FALSE
28-01-2015 09:00,17.371883,0.0197,29.56833462,FALSE
29-01-2015 09:00,18.029726,0.0267,41.59241431,FALSE
30-01-2015 09:00,15.675101,0.0198,26.81570878,FALSE
31-01-2015 08:45,13.174948,0.016,18.21304812,FALSE
02-02-2015 08:45,11.96766,0.0181,18.71550541,FALSE
03-02-2015 09:00,16.66893,0.0187,26.93165682,FALSE
04-02-2015 09:00,16.101667,0.0238,33.11017989,FALSE
05-02-2015 09:00,18.420511,0.0193,30.7165705,FALSE
06-02-2015 09:00,18.81675,0.0236,38.36810592,FALSE
07-02-2015 09:00,15.270001,0.0204,26.91429296,FALSE
09-02-2015 09:00,16.361998,0.019,26.85985592,FALSE
10-02-2015 09:00,16.094439,0.0204,28.3674144,FALSE
11-02-2015 08:00,16.520008,0.0276,39.39427188,FALSE
12-02-2015 08:00,16.07638,0.0281,39.03087842,FALSE
13-02-2015 09:00,15.983292,0.0182,25.133407,FALSE
14-02-2015 09:00,15.69259,0.0195,26.43887563,FALSE
16-02-2015 09:00,16.87771,0.0215,31.3520341,FALSE
17-02-2015 09:00,16.482908,0.0217,30.90347455,FALSE
18-02-2015 09:00,16.539652,0.0181,25.86536938,FALSE
19-02-2015 08:45,13.918461,0.0181,21.76624605,FALSE
20-02-2015 09:00,16.648657,0.019,27.33043533,FALSE
21-02-2015 09:00,15.6107645,0.0211,28.45904811,FALSE
23-02-2015 08:45,12.857984,0.0159,17.6637841,FALSE
24-02-2015 08:45,12.021684,0.0212,22.01987815,FALSE
25-02-2015 08:45,12.255853,0.015,15.88358549,FALSE
26-02-2015 08:45,12.43664,0.0206,22.13522934,FALSE
27-02-2015 08:45,12.463633,0.0161,17.33741205,FALSE
28-02-2015 08:45,12.664775,0.0168,18.38317421,FALSE
02-03-2015 08:45,13.938935,0.0146,17.58313017,FALSE
03-03-2015 08:45,13.3949585,0.0167,19.32731772,FALSE
04-03-2015 08:45,12.63493,0.0193,21.06899847,FALSE
05-03-2015 08:45,12.593909,0.0143,15.56002645,FALSE
06-03-2015 08:45,8.030069,0.019,13.18216127,FALSE
07-03-2015 08:45,7.5709777,0.0185,12.10145076,FALSE
09-03-2015 08:45,6.684127,0.0226,13.05169375,FALSE
10-03-2015 08:45,8.588562,0.0185,13.7279575,FALSE
11-03-2015 08:45,8.578967,0.0205,15.19506635,FALSE
12-03-2015 08:45,7.1703568,0.0193,11.95671337,FALSE
13-03-2015 08:45,6.7351184,0.0187,10.8817961,FALSE
14-03-2015 08:45,6.4651213,0.0217,12.12132662,FALSE
16-03-2015 08:45,4.4767804,0.0177,6.84625073,FALSE
17-03-2015 08:45,5.064135,0.0203,8.882087659,FALSE
18-03-2015 08:45,5.228049,0.0211,9.530942449,FALSE
19-03-2015 08:45,4.624978,0.0169,6.753207876,FALSE
20-03-2015 08:45,5.212509,0.0193,8.691963008,FALSE
21-03-2015 08:45,3.3161633,0.0233,6.675834662,FALSE
23-03-2015 08:45,4.8029437,0.0185,7.67702521,FALSE
24-03-2015 08:45,5.6732235,0.0177,8.675947234,FALSE
25-03-2015 08:45,5.141512,0.017,7.551852826,FALSE
26-03-2015 08:45,4.1030436,0.0184,6.522854594,FALSE
27-03-2015 08:45,3.70116,0.0222,7.099120973,FALSE
28-03-2015 08:45,5.3376913,0.0171,7.886118634,FALSE
30-03-2015 08:45,8.317141,0.0195,14.01271916,FALSE
31-03-2015 08:45,5.8888936,0.0196,9.972487978,FALSE
01-04-2015 08:45,4.0760202,0.0211,7.430747865,FALSE
04-04-2015 08:45,4.9243493,0.023,9.785666929,FALSE
06-04-2015 08:45,3.1709456,0.0224,6.136921276,FALSE
07-04-2015 08:45,2.864688,0.0251,6.212476984,FALSE
08-04-2015 08:45,2.9500873,0.0168,4.282110718,FALSE
09-04-2015 10:15,2.3914607,0.0198,4.091119649,FALSE
10-04-2015 08:45,2.5543203,0.0229,5.053875973,FALSE
11-04-2015 08:45,2.5499225,0.0242,5.331581957,FALSE
13-04-2015 08:45,4.139899,0.0173,6.187989833,FALSE
15-04-2015 08:45,6.451326,0.0239,13.32173014,FALSE
16-04-2015 08:45,4.056572,0.0162,5.677902697,FALSE
17-04-2015 08:45,7.516471,0.0201,13.0534042,FALSE
18-04-2015 08:45,4.6691628,0.0211,8.512070551,FALSE
20-04-2015 08:45,3.248006,0.0139,3.900725286,FALSE
21-04-2015 08:45,3.803685,0.0144,4.73239273,FALSE
22-04-2015 08:45,4.191755,0.0172,6.22928327,FALSE
23-04-2015 08:45,3.3770611,0.0174,5.076938575,FALSE
24-04-2015 08:45,2.7487314,0.0262,6.222248296,FALSE
25-04-2015 08:45,3.7558846,0.0219,7.106734605,FALSE
27-04-2015 08:45,6.7472434,0.019,11.07627477,FALSE
28-04-2015 08:45,4.803116,0.0215,8.922268282,FALSE
29-04-2015 08:45,3.824159,0.0205,6.773350421,FALSE
30-04-2015 08:45,5.1905885,0.0174,7.803323127,FALSE
01-05-2015 08:45,5.288921,0.0158,7.220011836,FALSE
02-05-2015 08:45,5.4094343,0.0157,7.337789439,FALSE
05-05-2015 08:45,5.8786445,0.0154,7.821889226,FALSE
06-05-2015 08:45,5.8590894,0.0126,6.378439084,FALSE
07-05-2015 08:45,3.885408,0.0205,6.88183465,FALSE
08-05-2015 08:45,3.6942472,0.0153,4.883499259,FALSE
09-05-2015 08:45,2.9102507,0.0171,4.299720794,FALSE
11-05-2015 08:45,3.6636155,0.0189,5.982537567,FALSE
12-05-2015 08:45,5.2182183,0.0146,6.582469292,FALSE
13-05-2015 08:45,6.5462456,0.0239,13.51773531,FALSE
14-05-2015 09:00,37.027214,0.0994,317.9956382,FALSE
15-05-2015 08:45,9.039335,0.0178,13.90177408,FALSE
16-05-2015 08:45,6.5128307,0.0206,11.59179659,FALSE
18-05-2015 08:45,9.605469,0.0215,17.84311921,FALSE
19-05-2015 08:45,9.395375,0.0224,18.18343296,FALSE
20-05-2015 08:45,7.5549693,0.0201,13.12026189,FALSE
21-05-2015 08:45,7.2513385,0.0214,13.40743483,FALSE
22-05-2015 08:45,6.692382,0.0183,10.58145903,FALSE
23-05-2015 08:45,5.81808,0.0189,9.500691917,FALSE
25-05-2015 08:45,4.9476867,0.0209,8.934334735,FALSE
26-05-2015 08:45,4.6793976,0.0225,9.096748934,FALSE
27-05-2015 08:45,4.123336,0.022,7.837637069,FALSE
28-05-2015 08:45,3.7412448,0.0185,5.980005688,FALSE
29-05-2015 08:45,3.9288034,0.0218,7.39997978,FALSE
30-05-2015 08:45,3.9139931,0.0207,7.000098379,FALSE
01-06-2015 08:45,3.111685,0.0195,5.242566888,FALSE
02-06-2015 08:45,3.0537653,0.0215,5.672674421,FALSE
03-06-2015 08:45,2.978074,0.0246,6.329717603,FALSE
04-06-2015 08:45,2.6246192,0.0236,5.351703534,FALSE
05-06-2015 08:45,3.1519573,0.026,7.080556879,FALSE
06-06-2015 08:45,4.2944727,0.0232,8.608184638,FALSE
08-06-2015 08:45,4.670905,0.0213,8.59595989,FALSE
09-06-2015 08:45,4.296179,0.0312,11.58112381,FALSE
10-06-2015 08:45,8.17381,0.0229,16.17237351,FALSE
11-06-2015 08:45,7.4872365,0.0207,13.39077274,FALSE
12-06-2015 08:45,9.232357,0.0231,18.42630739,FALSE
13-06-2015 08:45,11.399519,0.02,19.69836883,FALSE
15-06-2015 08:45,11.376187,0.0233,22.90162957,FALSE
16-06-2015 08:45,11.749634,0.0234,23.75494004,FALSE
17-06-2015 08:45,7.7674046,0.0231,15.5024968,FALSE
18-06-2015 08:45,6.7293773,0.0238,13.83775313,FALSE
19-06-2015 08:45,8.002684,0.0201,13.89778114,FALSE
20-06-2015 08:45,11.901255,0.0235,24.16430815,FALSE
22-06-2015 08:45,4.946324,0.021,8.974610266,FALSE
23-06-2015 08:45,5.040188,0.0205,8.927180986,FALSE
24-06-2015 08:45,5.1976757,0.016,7.185266888,FALSE
25-06-2015 08:45,5.7180634,0.0225,11.11591525,FALSE
26-06-2015 08:45,6.5102344,0.0187,10.51845552,FALSE
27-06-2015 08:45,15.200002,0.0223,29.28614785,FALSE
29-06-2015 08:45,5.044996,0.0228,9.93823852,FALSE
30-06-2015 08:45,5.2188153,0.0227,10.23555807,FALSE
01-07-2015 08:45,5.6915374,0.0186,9.146528263,FALSE
02-07-2015 08:45,5.658001,0.0175,8.554897512,FALSE
03-07-2015 08:45,5.461281,0.0204,9.625835439,FALSE
04-07-2015 08:45,5.055003,0.0191,8.341968151,FALSE
06-07-2015 08:45,4.4507194,0.023,8.844469592,FALSE
07-07-2015 08:45,5.424931,0.021,9.842994806,FALSE
08-07-2015 08:45,8.748011,0.0216,16.32588805,FALSE
09-07-2015 08:45,6.9899373,0.0234,14.13197564,FALSE
10-07-2015 08:45,7.18778,0.0204,12.66889352,FALSE
11-07-2015 08:45,5.943623,0.0168,8.627287657,FALSE
13-07-2015 08:45,4.31619,0.0193,7.197333149,FALSE
14-07-2015 08:45,3.3026257,0.0196,5.592798465,FALSE
15-07-2015 08:45,2.872027,0.0203,5.037305596,FALSE
16-07-2015 09:45,2.5647688,0.0239,5.296144981,FALSE
17-07-2015 08:45,9.432935,0.0208,16.95211615,FALSE
20-07-2015 08:45,5.1102977,0.0195,8.609829565,FALSE
21-07-2015 08:45,5.099138,0.0187,8.238575284,FALSE
22-07-2015 08:45,6.5053253,0.0238,13.37703052,FALSE
23-07-2015 08:45,5.59241,0.0202,9.760321325,FALSE
24-07-2015 08:45,4.4699063,0.0213,8.226057962,FALSE
25-07-2015 08:45,3.7769876,0.0209,6.820333129,FALSE
27-07-2015 08:45,3.347244,0.0151,4.366948412,FALSE
28-07-2015 08:45,7.0281515,0.0163,9.89788632,FALSE
29-07-2015 08:45,5.92858,0.017,8.707898304,FALSE
30-07-2015 08:45,5.1280894,0.0185,8.196738097,FALSE
31-07-2015 08:45,3.5586002,0.0172,5.288364585,FALSE
01-08-2015 08:45,3.3607621,0.0232,6.736580414,FALSE
03-08-2015 08:45,5.9320807,0.0188,9.635597323,FALSE
04-08-2015 08:45,9.74711,0.0207,17.43251129,FALSE
05-08-2015 09:00,12.917529,0.018,20.0893411,FALSE
06-08-2015 09:00,7.3992505,0.018,11.50731438,FALSE
07-08-2015 09:00,7.595808,0.0176,11.55048948,FALSE
08-08-2015 08:45,8.84905,0.0158,12.08001514,FALSE
10-08-2015 08:45,8.644931,0.0203,15.16251738,FALSE
11-08-2015 08:45,8.578728,0.0163,12.08159422,FALSE
12-08-2015 08:45,9.814142,0.0178,15.09336526,FALSE
13-08-2015 08:45,4.324822,0.0111,4.147677291,FALSE
14-08-2015 08:45,4.1363707,0.0149,5.324998184,FALSE
15-08-2015 08:00,4.229,0.015,5.480784,FALSE
16-08-2015 08:00,5.51,0.018,8.569152,FALSE
17-08-2015 08:00,31.198645,0.0971,261.7391603,FALSE
18-08-2015 08:45,11.236637,0.0386,37.47463386,FALSE
19-08-2015 08:45,13.144265,0.0267,30.32224204,FALSE
20-08-2015 08:45,7.415356,0.0324,20.75825097,FALSE
21-08-2015 08:45,5.632799,0.0153,7.446109654,FALSE
22-08-2015 08:45,5.9322243,0.0214,10.96844544,FALSE
24-08-2015 08:45,6.0738854,0.0197,10.33823886,FALSE
25-08-2015 08:45,5.5683584,0.0236,11.35410551,FALSE
26-08-2015 08:45,5.6382337,0.023,11.20429801,FALSE
27-08-2015 08:45,5.623185,0.0204,9.911200954,FALSE
28-08-2015 08:45,5.4783382,0.0196,9.277237041,FALSE
29-08-2015 08:45,5.2326736,0.0207,9.35853208,FALSE
31-08-2015 08:45,8.841924,0.0202,15.43163312,FALSE
01-09-2015 08:45,9.537221,0.0209,17.22193219,FALSE
02-09-2015 08:45,13.801167,0.0233,27.78340531,FALSE
03-09-2015 08:45,10.982439,0.0225,21.34986142,FALSE
04-09-2015 08:45,14.628011,0.0222,28.05769534,FALSE
05-09-2015 08:45,14.048481,0.024,29.1309302,FALSE
07-09-2015 08:45,8.59249,0.0231,17.14923524,FALSE
08-09-2015 08:45,12.598556,0.0226,24.60044439,FALSE
09-09-2015 08:45,12.030324,0.0197,20.47657387,FALSE
10-09-2015 08:45,14.128428,0.02,24.41392358,FALSE
11-09-2015 08:45,14.071263,0.018,21.88362822,FALSE
12-09-2015 08:45,11.236633,0.0164,15.9218595,FALSE
14-09-2015 08:45,12.785204,0.0182,20.10447759,FALSE
15-09-2015 08:45,11.45722,0.0124,12.27480722,FALSE
16-09-2015 08:45,11.971003,0.0156,16.13499668,FALSE
18-09-2015 08:45,10.586478,0.0128,11.70779775,FALSE
19-09-2015 08:45,10.330411,0.0129,11.51386288,FALSE
21-09-2015 08:45,11.743153,0.0166,16.84249976,FALSE
22-09-2015 08:45,10.146851,0.0176,15.4297075,FALSE
23-09-2015 08:45,10.17428,0.0156,13.71330156,FALSE
25-09-2015 08:45,4.757629,0.0185,7.604594194,FALSE
26-09-2015 08:45,4.5186925,0.0185,7.222678092,FALSE
28-09-2015 08:45,4.991936,0.016,6.900852326,FALSE
29-09-2015 09:45,4.9364276,0.0141,6.013753559,FALSE
30-09-2015 08:45,5.0791035,0.019,8.337856306,FALSE
01-10-2015 08:45,9.299104,0.0159,12.77473711,FALSE
03-10-2015 08:45,3.4888227,0.0162,4.883235357,FALSE
05-10-2015 08:45,2.4190853,0.0127,2.654413918,FALSE
06-10-2015 08:45,2.8751743,0.0145,3.602018363,FALSE
07-10-2015 08:45,2.5637743,0.0119,2.635970184,FALSE
08-10-2015 08:45,2.678646,0.0159,3.679816729,FALSE
09-10-2015 08:45,2.8155088,0.0129,3.138053488,FALSE
10-10-2015 08:45,2.576756,0.0152,3.38400212,FALSE
12-10-2015 08:45,2.3352616,0.0169,3.409855578,FALSE
13-10-2015 08:45,2.4145818,0.0141,2.941540132,FALSE
14-10-2015 08:45,2.6153276,0.0204,4.609671815,FALSE
15-10-2015 08:45,2.837014,0.0171,4.191517964,FALSE
16-10-2015 08:45,2.410172,0.0182,3.789947267,FALSE
17-10-2015 08:45,2.3021145,0.0146,2.903979315,FALSE
20-10-2015 08:45,6.327817,0.0186,10.16905503,FALSE
23-10-2015 08:45,13.4034195,0.0164,18.99210929,FALSE
26-10-2015 08:45,13.311732,0.0148,17.02197794,FALSE
27-10-2015 08:45,13.751805,0.0134,15.92128976,FALSE
28-10-2015 08:45,12.678202,0.0176,19.27898109,FALSE
29-10-2015 08:45,15.44927,0.0154,20.55618069,FALSE
30-10-2015 08:45,10.25768,0.0151,13.38257964,FALSE
31-10-2015 08:45,9.860973,0.0143,12.18342936,FALSE
02-11-2015 08:45,12.954095,0.0176,19.69851502,FALSE
03-11-2015 08:30,11.876938,0.0145,14.87942793,FALSE
04-11-2015 08:45,12.229258,0.0167,17.64535178,FALSE
05-11-2015 08:45,29.596178,0.0457,116.8599169,FALSE
06-11-2015 08:45,9.493962,0.0157,12.87836957,FALSE
07-11-2015 08:45,5.230002,0.0187,8.450009631,FALSE
09-11-2015 09:15,4.9055305,0.0152,6.442335095,FALSE
11-11-2015 08:45,6.5232954,0.0108,6.087017404,FALSE
12-11-2015 08:45,6.537102,0.0148,8.359123069,FALSE
13-11-2015 08:45,7.7119946,0.0124,8.262322535,FALSE
14-11-2015 08:45,7.1100802,0.0149,9.153232846,FALSE
16-11-2015 08:45,6.343206,0.0127,6.96027308,FALSE
17-11-2015 08:45,5.7210474,0.0143,7.068468484,FALSE
18-11-2015 08:45,4.982238,0.0111,4.778165532,FALSE
19-11-2015 08:45,4.9396377,0.0154,6.572484338,FALSE
20-11-2015 08:45,7.8380213,0.0142,9.616311573,FALSE
21-11-2015 08:45,9.519807,0.0161,13.24243233,FALSE
23-11-2015 08:45,8.906099,0.025,19.23717384,FALSE
24-11-2015 08:45,36.361336,0.0913,286.829854,FALSE
26-11-2015 08:45,8.126057,0.0263,18.46500184,FALSE
27-11-2015 08:45,5.0764227,0.026,11.40367595,FALSE
28-11-2015 08:45,5.693659,0.0245,12.05233737,FALSE
30-11-2015 08:45,7.0561876,0.0263,16.03391621,FALSE
01-12-2015 08:45,7.5261602,0.0232,15.0860376,FALSE
02-12-2015 08:45,6.8282366,0.0262,15.45694263,FALSE
03-12-2015 08:00,34.09723,0.1381,406.8426928,FALSE
04-12-2015 08:00,26.693562,0.0406,93.63674453,FALSE
05-12-2015 08:00,18.747873,0.0339,54.9117701,FALSE
07-12-2015 08:00,100.563965,0.0673,584.7512986,FALSE
08-12-2015 08:00,111.907,0.067,647.8072416,FALSE
09-12-2015 08:00,116.90829,0.0595,601.0021372,FALSE
10-12-2015 08:00,40.467472,0.0427,149.2958351,FALSE
11-12-2015 08:00,27.442015,0.0487,115.4672177,FALSE
12-12-2015 09:00,24.510628,0.0399,84.49695854,FALSE
14-12-2015 08:45,17.650211,0.0218,33.24452542,FALSE
15-12-2015 08:45,16.58316,0.0155,22.20816787,FALSE
16-12-2015 09:00,18.644579,0.0198,31.89565419,FALSE
17-12-2015 08:45,17.177614,0.0186,27.6051128,FALSE
18-12-2015 08:45,14.880658,0.02,25.71377702,FALSE
19-12-2015 08:45,15.261341,0.0193,25.44859134,FALSE
21-12-2015 08:45,13.7845,0.0162,19.29388896,FALSE
22-12-2015 08:45,13.385636,0.0217,25.09646122,FALSE
23-12-2015 08:45,11.828077,0.0196,20.03013871,FALSE
26-12-2015 08:45,14.902346,0.0186,23.94866612,FALSE
28-12-2015 08:45,16.079702,0.0232,32.23144106,FALSE
29-12-2015 08:45,15.409542,0.0193,25.69571948,FALSE
30-12-2015 08:45,14.139505,0.0182,22.23408882,FALSE
31-12-2015 08:00,21.50837,0.0237,44.04225908,FALSE
01-01-2016 09:00,18.725649,0.0242,39.15308498,FALSE
02-01-2016 08:45,13.750214,0.0204,24.23557719,FALSE
04-01-2016 08:45,16.085217,0.0174,24.18187183,FALSE
05-01-2016 08:45,15.74235,0.0195,26.52271128,FALSE
06-01-2016 08:45,13.703404,0.0189,22.3771106,FALSE
07-01-2016 08:45,10.406628,0.0233,20.94979096,FALSE
08-01-2016 08:00,19.041418,0.025,41.12946288,FALSE
09-01-2016 08:45,17.578007,0.023,34.93101551,FALSE
11-01-2016 08:45,17.247648,0.0165,24.58824699,FALSE
12-01-2016 08:45,16.833038,0.0201,29.23292711,FALSE
13-01-2016 08:45,16.239641,0.0178,24.97526869,FALSE
14-01-2016 08:45,16.898148,0.0196,28.61599975,FALSE
16-01-2016 08:45,17.595043,0.0214,32.53253071,FALSE
18-01-2016 09:45,17.089405,0.017,25.10091806,FALSE
19-01-2016 08:45,17.860634,0.0168,25.92506746,FALSE
20-01-2016 08:45,17.172625,0.0222,32.93846856,FALSE
21-01-2016 08:45,16.623892,0.0156,22.40634659,FALSE
22-01-2016 08:45,16.14148,0.0185,25.80054163,FALSE
23-01-2016 08:45,12.999932,0.0167,18.75734188,FALSE
25-01-2016 08:45,13.628502,0.018,21.19504631,FALSE
27-01-2016 08:45,14.044463,0.0166,20.14313061,FALSE
28-01-2016 08:45,14.014855,0.0171,20.70610737,FALSE
29-01-2016 08:45,14.658749,0.0198,25.07701509,FALSE
30-01-2016 08:45,14.307906,0.0215,26.57836619,FALSE
01-02-2016 08:45,11.4424715,0.0228,22.54075346,FALSE
02-02-2016 08:45,12.045072,0.0219,22.79120344,FALSE
03-02-2016 08:45,10.931384,0.0215,20.30613892,FALSE
04-02-2016 08:45,11.234046,0.0243,23.58610426,FALSE
05-02-2016 08:45,12.379132,0.0224,23.95807691,FALSE
06-02-2016 08:45,10.922739,0.0194,18.3082582,FALSE
08-02-2016 08:45,12.356526,0.0206,21.99263924,FALSE
09-02-2016 08:45,10.549281,0.0246,22.42186381,FALSE
10-02-2016 08:45,11.2652235,0.0228,22.19158908,FALSE
11-02-2016 08:45,9.517941,0.0215,17.6805272,FALSE
12-02-2016 08:45,9.504039,0.022,18.06527733,FALSE
13-02-2016 08:45,9.605724,0.0217,18.00957981,FALSE
15-02-2016 08:45,13.940378,0.0214,25.77520131,FALSE
16-02-2016 08:45,9.788678,0.0218,18.43717079,FALSE
17-02-2016 08:45,9.807428,0.0244,20.67562741,FALSE
18-02-2016 08:45,9.553442,0.0238,19.64493385,FALSE
19-02-2016 08:45,10.948283,0.0237,22.41858013,FALSE
20-02-2016 08:45,10.963887,0.0231,21.88216423,FALSE
22-02-2016 08:45,11.006915,0.02,19.01994912,FALSE
23-02-2016 08:45,11.164242,0.017,16.39803865,FALSE
24-02-2016 08:45,11.585816,0.0178,17.81805814,FALSE
25-02-2016 08:45,12.621912,0.0192,20.93823738,FALSE
26-02-2016 08:45,13.043547,0.0224,25.24395912,FALSE
27-02-2016 08:45,12.079137,0.0182,18.99420135,FALSE
29-02-2016 08:45,10.414121,0.022,19.7951612,FALSE
01-03-2016 08:45,10.20625,0.0183,16.137306,FALSE
02-03-2016 08:45,9.165003,0.0143,11.32354451,FALSE
03-03-2016 08:45,7.7080555,0.0132,8.790883137,FALSE
04-03-2016 08:45,8.057933,0.0139,9.677255216,FALSE
05-03-2016 08:45,7.23397,0.0149,9.312723619,FALSE
07-03-2016 08:45,7.1079564,0.0187,11.484183,FALSE
08-03-2016 08:45,7.457397,0.0186,11.98433527,FALSE
09-03-2016 08:45,7.0988154,0.0201,12.32808678,FALSE
10-03-2016 08:45,7.3380833,0.0165,10.46117155,FALSE
11-03-2016 08:45,8.567829,0.0143,10.58572409,FALSE
12-03-2016 08:45,8.274245,0.0211,15.0842796,FALSE
14-03-2016 08:45,7.80712,0.0167,11.26473731,FALSE
15-03-2016 08:45,7.677347,0.0153,10.14883855,FALSE
16-03-2016 08:45,9.017549,0.0192,14.95903169,FALSE
17-03-2016 08:45,6.1712384,0.0161,8.584439464,FALSE
18-03-2016 08:45,5.6507626,0.0144,7.030452796,FALSE
19-03-2016 08:45,5.604129,0.0158,7.65030858,FALSE
21-03-2016 08:45,2.7192645,0.0189,4.440450158,FALSE
22-03-2016 08:45,2.5986075,0.0221,4.961885105,FALSE
23-03-2016 08:45,5.191003,0.021,9.418555843,FALSE
24-03-2016 08:45,5.4247403,0.0261,12.23300637,FALSE
26-03-2016 08:45,3.498972,0.0229,6.92292604,FALSE
28-03-2016 08:00,2.8067715,0.0211,5.116856715,FALSE
29-03-2016 08:45,3.2969878,0.0191,5.440821147,FALSE
30-03-2016 08:45,8.524448,0.0191,14.06738507,FALSE
31-03-2016 08:45,3.7950153,0.0222,7.279142947,FALSE
01-04-2016 08:45,7.551186,0.0207,13.50514514,FALSE
02-04-2016 08:45,5.0100117,0.022,9.523030239,FALSE
04-04-2016 08:45,4.0583944,0.0219,7.679131548,FALSE
05-04-2016 09:00,4.810503,0.017,7.065666806,FALSE
06-04-2016 09:00,4.2370806,0.0232,8.493143321,FALSE
07-04-2016 09:00,4.014483,0.021,7.283877955,FALSE
08-04-2016 08:45,4.0687404,0.0174,6.116781568,FALSE
09-04-2016 08:45,5.3932967,0.0215,10.01858795,FALSE
11-04-2016 08:45,5.097733,0.019,8.368438493,FALSE
12-04-2016 08:45,5.202316,0.0182,8.180537864,FALSE
13-04-2016 08:45,5.0415115,0.0187,8.1454693,FALSE
15-04-2016 08:45,4.7906775,0.018,7.450461648,FALSE
16-04-2016 08:45,4.761928,0.0191,7.858324063,FALSE
18-04-2016 08:45,3.902416,0.0198,6.6759411,FALSE
19-04-2016 08:45,3.9242609,0.0185,6.272538623,FALSE
21-04-2016 08:45,4.3374376,0.0171,6.408303808,FALSE
22-04-2016 08:45,3.539466,0.0191,5.840968372,FALSE
23-04-2016 08:45,3.558193,0.0186,5.718158479,FALSE
25-04-2016 08:45,3.54628,0.0177,5.423255078,FALSE
26-04-2016 08:45,2.4046206,0.0177,3.677338191,FALSE
27-04-2016 08:45,3.0833554,0.0166,4.422271649,FALSE
28-04-2016 08:45,3.0622709,0.017,4.497863498,FALSE
29-04-2016 08:45,4.5151396,0.0177,6.904912687,FALSE
30-04-2016 08:45,4.3806396,0.0208,7.872535038,FALSE
02-05-2016 08:45,6.979539,0.0158,9.52790828,FALSE
03-05-2016 08:45,5.6453404,0.0165,8.047997274,FALSE
04-05-2016 08:45,6.667308,0.0174,10.02336415,FALSE
05-05-2016 08:45,6.1673985,0.0134,7.140367287,FALSE
06-05-2016 08:45,6.119855,0.0149,7.878456533,FALSE
07-05-2016 08:45,7.257622,0.0155,9.719407382,FALSE
09-05-2016 08:45,5.2707906,0.0147,6.694325725,FALSE
10-05-2016 08:45,4.815071,0.0134,5.574696601,FALSE
11-05-2016 08:45,5.044083,0.0117,5.098962623,FALSE
12-05-2016 08:45,5.916448,0.0123,6.287527619,FALSE
13-05-2016 08:45,5.6065893,0.0103,4.98941595,FALSE
14-05-2016 08:45,5.0359206,0.0107,4.655607876,FALSE
16-05-2016 08:45,5.282905,0.0122,5.568604502,FALSE
17-05-2016 08:45,8.448992,0.011,8.029921997,FALSE
18-05-2016 08:45,7.1900578,0.0123,7.641018225,FALSE
19-05-2016 08:45,8.457596,0.0121,8.841909162,FALSE
20-05-2016 08:45,11.027155,0.0125,11.9093274,FALSE
23-05-2016 08:45,10.153692,0.0124,10.87825946,FALSE
24-05-2016 08:45,9.949183,0.0117,10.05743011,FALSE
25-05-2016 08:45,9.943286,0.0128,10.99647885,FALSE
26-05-2016 08:45,9.70714,0.0118,9.896623373,FALSE
27-05-2016 08:45,9.747652,0.0143,12.043419,FALSE
28-05-2016 08:45,10.921384,0.0128,12.07817699,FALSE
30-05-2016 08:45,10.64559,0.0098,9.013833965,FALSE
31-05-2016 08:45,10.8905525,0.0143,13.45549542,FALSE
01-06-2016 08:45,10.0344515,0.0131,11.35739359,FALSE
02-06-2016 08:45,9.016937,0.0133,10.36154265,FALSE
03-06-2016 08:45,9.476217,0.0128,10.4799379,FALSE
04-06-2016 08:45,9.430512,0.011,8.962758605,FALSE
06-06-2016 08:45,9.839657,0.013,11.05190274,FALSE
07-06-2016 08:45,9.550138,0.0128,10.56168862,FALSE
08-06-2016 08:45,10.52759,0.0114,10.36925505,FALSE
09-06-2016 08:45,6.5060143,0.01,5.621196355,FALSE
10-06-2016 08:45,5.852303,0.0115,5.814848261,FALSE
11-06-2016 08:45,5.9975333,0.0149,7.720984469,FALSE
13-06-2016 08:45,6.220881,0.0153,8.223507012,FALSE
14-06-2016 08:45,6.8770723,0.0158,9.388028938,FALSE
15-06-2016 08:45,6.6507626,0.0144,8.274612796,FALSE
16-06-2016 08:45,6.843705,0.0208,12.29895913,FALSE
17-06-2016 08:45,6.9589562,0.015,9.018807235,FALSE
18-06-2016 08:45,6.4264746,0.0128,7.10716679,FALSE
20-06-2016 08:45,6.612518,0.0175,9.998127216,FALSE
21-06-2016 08:45,4.396643,0.0128,4.862335427,FALSE
22-06-2016 08:45,2.8683925,0.0155,3.841351236,FALSE
23-06-2016 08:45,2.1638024,0.0147,2.748202152,FALSE
24-06-2016 08:45,1.8268486,0.0133,2.099268263,FALSE
25-06-2016 08:45,2.0875952,0.0168,3.030186185,FALSE
27-06-2016 08:45,5.085892,0.0176,7.733810811,FALSE
28-06-2016 08:45,6.2070074,0.0199,10.67208024,FALSE
29-06-2016 08:45,4.062218,0.0193,6.773829759,FALSE
30-06-2016 08:31,4.5520396,0.0201,7.905254051,FALSE
01-07-2016 08:45,4.594805,0.0196,7.781026579,FALSE
02-07-2016 08:45,3.3271258,0.0216,6.209215253,FALSE
04-07-2016 08:45,3.0750165,0.0247,6.562331212,FALSE
05-07-2016 08:30,3.1816473,0.0216,5.937717457,FALSE
06-07-2016 08:30,3.939703,0.0225,7.658782632,FALSE
08-07-2016 08:45,4.8468695,0.0218,9.129175641,FALSE
09-07-2016 08:45,6.5484457,0.0257,14.54069271,FALSE
11-07-2016 08:45,6.018299,0.0211,10.97159981,FALSE
12-07-2016 08:45,6.0311346,0.0237,12.3498337,FALSE
13-07-2016 08:45,5.1769056,0.0235,10.51118913,FALSE
14-07-2016 08:45,4.6701813,0.0236,9.522686478,FALSE
15-07-2016 08:45,4.072593,0.0261,9.183860119,FALSE
16-07-2016 08:45,3.5708888,0.0211,6.509873118,FALSE
18-07-2016 08:45,3.5737393,0.0236,7.286997382,FALSE
19-07-2016 08:45,3.5921922,0.0224,6.952185096,FALSE
20-07-2016 08:45,3.2966352,0.0208,5.924449051,FALSE
21-07-2016 08:45,3.127899,0.0175,4.729383288,FALSE
22-07-2016 08:45,2.7604682,0.016,3.81607124,FALSE
23-07-2016 08:45,3.7705238,0.0165,5.375258729,FALSE
25-07-2016 08:45,2.988258,0.0192,4.957161431,FALSE
26-07-2016 08:45,2.7458866,0.0154,3.653566874,FALSE
27-07-2016 08:45,2.7395222,0.0162,3.834454433,FALSE
28-07-2016 08:45,2.608136,0.0172,3.875898747,FALSE
29-07-2016 08:45,3.4973476,0.0157,4.744082072,FALSE
30-07-2016 08:45,3.1169174,0.0217,5.843846095,FALSE
01-08-2016 08:45,3.0999064,0.0107,2.865801469,FALSE
02-08-2016 08:45,6.7782936,0.0113,6.617783608,FALSE
03-08-2016 08:45,8.124071,0.0125,8.77399668,FALSE
04-08-2016 08:45,4.8195605,0.0109,4.538869296,FALSE
05-08-2016 08:45,4.4493594,0.0148,5.689484852,FALSE
06-08-2016 08:45,4.01703,0.012,4.164856704,FALSE
08-08-2016 08:45,2.6030169,0.0115,2.586357592,FALSE
09-08-2016 08:45,1.9854366,0.0097,1.663954706,FALSE
10-08-2016 08:45,2.1415095,0.0131,2.423846112,FALSE
11-08-2016 08:45,5.7973843,0.0149,7.463320652,FALSE
12-08-2016 08:45,6.374278,0.0162,8.921949431,FALSE
13-08-2016 08:45,5.131208,0.014,6.206709197,FALSE
16-08-2016 08:45,5.3161044,0.0135,6.200704172,FALSE
17-08-2016 08:45,5.2836156,0.0124,5.660654409,FALSE
18-08-2016 08:45,4.1000423,0.0158,5.597049745,FALSE
19-08-2016 08:45,4.8506055,0.0128,5.364381635,FALSE
20-08-2016 08:45,4.963032,0.013,5.574477542,FALSE
22-08-2016 08:45,4.4350004,0.0139,5.32625808,FALSE
23-08-2016 08:45,7.690519,0.0165,10.96360389,FALSE
24-08-2016 08:45,4.8695264,0.0133,5.595670177,FALSE
26-08-2016 08:45,5.6977134,0.0146,7.187323591,FALSE
27-08-2016 08:45,5.2930074,0.0158,7.225590262,FALSE
29-08-2016 08:45,5.8583937,0.016,8.098643451,FALSE
30-08-2016 08:45,6.5601244,0.0189,10.71242074,FALSE
31-08-2016 08:45,4.6138377,0.0149,5.939670101,FALSE
01-09-2016 08:45,5.7141376,0.0169,8.343555158,FALSE
02-09-2016 08:45,5.6891365,0.0147,7.225658486,FALSE
03-09-2016 08:45,10.41714,0.0153,13.77062571,FALSE
06-09-2016 08:45,9.964463,0.0164,14.11924549,FALSE
07-09-2016 08:45,10.018682,0.0164,14.19607165,FALSE
08-09-2016 08:45,9.155391,0.0182,14.39666924,FALSE
09-09-2016 08:45,10.070377,0.0172,14.96538585,FALSE
10-09-2016 08:45,10.278931,0.0149,13.23268461,FALSE
12-09-2016 08:45,10.22443,0.0125,11.0423844,FALSE
14-09-2016 08:45,9.057847,0.012,9.39117577,FALSE
15-09-2016 08:45,9.529678,0.014,11.52709851,FALSE
16-09-2016 08:45,10.211529,0.0144,12.70477592,FALSE
17-09-2016 08:45,13.20663,0.0136,15.51831852,FALSE
19-09-2016 08:45,12.77288,0.0134,14.78792955,FALSE
20-09-2016 08:45,13.059932,0.0124,13.99188875,FALSE
21-09-2016 08:45,12.776402,0.0136,15.01278341,FALSE
22-09-2016 08:45,12.394927,0.0134,14.35035068,FALSE
23-09-2016 08:45,12.027328,0.0133,13.82084315,FALSE
24-09-2016 08:45,6.0935,0.0144,7.58128896,FALSE
26-09-2016 08:45,1.9989827,0.0167,2.884292158,FALSE
27-09-2016 08:45,3.7667038,0.0161,5.239635654,FALSE
28-09-2016 08:45,4.106126,0.0178,6.314893298,FALSE
29-09-2016 08:45,12.394969,0.0141,15.10004703,FALSE
30-09-2016 08:45,10.014963,0.0124,10.72963076,FALSE
01-10-2016 08:45,5.854472,0.015,7.587395712,FALSE
03-10-2016 08:45,5.8431845,0.0138,6.966945743,FALSE
04-10-2016 08:45,5.189599,0.0164,7.353454199,FALSE
05-10-2016 08:45,4.01966,0.0142,4.931640461,FALSE
06-10-2016 08:45,3.1460624,0.014,3.805477079,FALSE
07-10-2016 08:45,3.5708272,0.0128,3.949049217,FALSE
08-10-2016 08:45,4.1223397,0.0141,5.021999116,FALSE
10-10-2016 08:45,3.8297503,0.0124,4.103041281,FALSE
13-10-2016 08:45,10.758618,0.015,13.94316893,FALSE
14-10-2016 08:45,13.467869,0.0188,21.87612897,FALSE
15-10-2016 08:45,11.834343,0.0155,15.84855215,FALSE
17-10-2016 08:45,6.590765,0.0151,8.59857565,FALSE
18-10-2016 08:45,9.500251,0.0139,11.40942144,FALSE
19-10-2016 08:45,7.50279,0.0152,9.853264051,FALSE
20-10-2016 08:45,7.2301984,0.0142,8.870585813,FALSE
21-10-2016 08:45,7.141996,0.0119,7.343114607,FALSE
22-10-2016 08:45,6.8038125,0.0131,7.70082714,FALSE
24-10-2016 08:45,9.626758,0.013,10.81277459,FALSE
25-10-2016 08:45,10.578418,0.0136,12.43006429,FALSE
26-10-2016 08:45,8.080346,0.0134,9.355101385,FALSE
27-10-2016 08:45,7.8475447,0.0147,9.967009573,FALSE
28-10-2016 08:45,8.200871,0.0125,8.85694068,FALSE
01-11-2016 08:45,7.053794,0.0131,7.983766201,FALSE
02-11-2016 08:45,5.844962,0.0136,6.868064148,FALSE
03-11-2016 08:45,8.381766,0.0118,8.545378072,FALSE
04-11-2016 08:45,6.6389756,0.0141,8.087865635,FALSE
05-11-2016 08:45,6.2975683,0.013,7.073428715,FALSE
07-11-2016 08:45,5.4346523,0.0111,5.212048942,FALSE
08-11-2016 08:45,5.6150656,0.0115,5.57912918,FALSE
09-11-2016 08:45,3.379243,0.0119,3.474402483,FALSE
10-11-2016 08:45,6.4355726,0.0136,7.562055228,FALSE
11-11-2016 08:45,5.415989,0.0127,5.94285641,FALSE
12-11-2016 08:45,8.398669,0.0125,9.07056252,FALSE
15-11-2016 08:45,3.3875613,0.012,3.512223556,FALSE
16-11-2016 08:45,3.4101079,0.0151,4.448963171,FALSE
17-11-2016 08:45,6.4175076,0.0112,6.210093754,FALSE
18-11-2016 08:45,6.4406285,0.0144,8.013172355,FALSE
19-11-2016 08:45,7.5421953,0.0124,8.080406357,FALSE
21-11-2016 08:45,7.16799,0.0182,11.27152092,FALSE
22-11-2016 08:45,7.457879,0.018,11.59849342,FALSE
23-11-2016 08:45,7.150343,0.0152,9.390402455,FALSE
24-11-2016 08:45,7.7792554,0.0171,11.4933831,FALSE
25-11-2016 08:45,7.0662713,0.0167,10.19578153,FALSE
26-11-2016 08:45,7.433602,0.0166,10.66156933,FALSE
28-11-2016 08:45,7.617698,0.0167,10.99142409,FALSE
29-11-2016 08:45,7.605263,0.0164,10.77635346,FALSE
30-11-2016 08:45,6.770218,0.016,9.359149363,FALSE
01-12-2016 08:45,6.58327,0.0173,9.840145334,FALSE
02-12-2016 08:45,4.4673057,0.0181,6.986151346,FALSE
03-12-2016 08:45,2.7540922,0.0156,3.712075631,FALSE
05-12-2016 09:00,6.7572494,0.0172,10.04181319,FALSE
06-12-2016 09:00,5.3996596,0.0175,8.164285315,FALSE
07-12-2016 08:45,7.4216747,0.0172,11.02920234,FALSE
08-12-2016 08:45,7.8980937,0.0181,12.35135485,FALSE
09-12-2016 08:45,6.2139883,0.0164,8.804972862,FALSE
10-12-2016 08:45,6.2385383,0.0154,8.30074952,FALSE
12-12-2016 08:45,6.966074,0.0143,8.606723748,FALSE
14-12-2016 08:45,7.2232842,0.0151,9.423785499,FALSE
15-12-2016 09:00,6.84051,0.0144,8.510688922,FALSE
16-12-2016 08:45,6.2106743,0.0142,7.619752085,FALSE
17-12-2016 08:45,5.979201,0.0119,6.1475753,FALSE
19-12-2016 08:45,8.298662,0.0127,9.105955839,FALSE
20-12-2016 08:45,7.5860815,0.0168,11.01134902,FALSE
21-12-2016 08:45,6.687063,0.0126,7.279804264,FALSE
22-12-2016 08:45,7.4747977,0.0156,10.07483133,FALSE
23-12-2016 08:45,7.22717,0.0141,8.804427581,FALSE
24-12-2016 08:45,7.8433394,0.0142,9.622836243,FALSE
26-12-2016 08:45,6.5646715,0.0144,8.167501693,FALSE
27-12-2016 08:45,6.9207234,0.0146,8.730077326,FALSE
28-12-2016 08:45,6.7960453,0.014,8.220496395,FALSE
29-12-2016 08:45,6.963793,0.0152,9.145410071,FALSE
30-12-2016 08:45,6.800844,0.0135,7.932504442,FALSE
31-12-2016 08:45,6.953904,0.0145,8.711850931,FALSE
02-01-2017 08:45,5.062138,0.0123,5.379635295,FALSE
03-01-2017 08:45,5.0061617,0.0121,5.233641688,FALSE
04-01-2017 08:45,4.8955073,0.0148,6.259983095,FALSE
05-01-2017 08:45,5.3291693,0.0118,5.433194685,FALSE
06-01-2017 08:45,5.4501157,0.0116,5.462323959,FALSE
07-01-2017 08:45,5.309131,0.0136,6.23844129,FALSE
09-01-2017 08:45,5.2361903,0.0144,6.514658524,FALSE
10-01-2017 08:45,5.393109,0.0123,5.731364796,FALSE
11-01-2017 08:45,5.4156785,0.0104,4.866312073,FALSE
12-01-2017 08:45,5.246552,0.0121,5.484955323,FALSE
13-01-2017 08:45,5.2308307,0.012,5.42332527,FALSE
14-01-2017 08:45,4.9979563,0.0132,5.700069201,FALSE
16-01-2017 08:45,5.332563,0.0131,6.035608106,FALSE
17-01-2017 08:45,5.220545,0.013,5.863716144,FALSE
18-01-2017 08:45,5.434207,0.0133,6.244555948,FALSE
19-01-2017 08:45,6.195355,0.013,6.958622736,FALSE
20-01-2017 08:45,5.7153525,0.013,6.419483928,FALSE
21-01-2017 08:45,4.8627114,0.0105,4.411451782,FALSE
23-01-2017 08:45,5.417988,0.0108,5.055632963,FALSE
24-01-2017 08:45,5.3943005,0.0123,5.732631027,FALSE
25-01-2017 08:45,5.2253103,0.0132,5.959361891,FALSE
27-01-2017 08:45,5.695238,0.0107,5.265133626,FALSE
28-01-2017 08:45,5.6901674,0.0106,5.211282912,FALSE
30-01-2017 08:45,5.049034,0.0121,5.278462105,FALSE
31-01-2017 08:45,5.6223955,0.0111,5.39210218,FALSE
01-02-2017 08:45,5.3748484,0.0145,6.733610076,FALSE
02-02-2017 08:45,5.039732,0.0141,6.139603112,FALSE
03-02-2017 08:45,5.2892723,0.0115,5.255420957,FALSE
04-02-2017 08:45,5.5514627,0.0108,5.180180875,FALSE
06-02-2017 08:45,10.2969885,0.0151,13.43386308,FALSE
07-02-2017 08:45,9.095192,0.0123,9.665642442,FALSE
08-02-2017 08:45,9.844601,0.0162,13.77929113,FALSE
09-02-2017 08:45,9.708026,0.0168,14.0913939,FALSE
10-02-2017 08:45,9.113505,0.0151,11.88984316,FALSE
11-02-2017 08:45,9.080239,0.0145,11.37572342,FALSE
13-02-2017 08:45,9.19489,0.0149,11.83713359,FALSE
14-02-2017 08:45,7.860231,0.0124,8.421137084,FALSE
15-02-2017 08:45,7.122165,0.0126,7.753473706,FALSE
16-02-2017 08:45,7.1422787,0.0113,6.97314954,FALSE
17-02-2017 08:45,7.3718934,0.0115,7.324713282,FALSE
18-02-2017 08:45,7.3485208,0.0119,7.555455146,FALSE
20-02-2017 08:45,8.054454,0.0124,8.629219837,FALSE
21-02-2017 08:45,8.183135,0.0128,9.049892659,FALSE
22-02-2017 08:45,7.9760866,0.0131,9.027653857,FALSE
23-02-2017 08:45,8.003618,0.0122,8.436453661,FALSE
25-02-2017 08:45,7.7738366,0.013,8.731573269,FALSE
27-02-2017 08:45,7.541205,0.0127,8.274813422,FALSE
28-02-2017 08:45,7.86639,0.0126,8.56366681,FALSE
01-03-2017 08:45,6.501559,0.0124,6.96551025,FALSE
02-03-2017 08:30,8.05322,0.0132,9.184536346,FALSE
03-03-2017 08:45,8.266593,0.0135,9.642154075,FALSE
04-03-2017 08:45,8.836442,0.013,9.925091654,FALSE
06-03-2017 08:45,4.619921,0.0132,5.268927502,FALSE
07-03-2017 08:45,3.8131623,0.0118,3.887595228,FALSE
08-03-2017 08:45,3.9913723,0.0112,3.862371147,FALSE
09-03-2017 08:45,6.819662,0.0131,7.718766238,FALSE
10-03-2017 08:45,6.169896,0.0117,6.237024468,FALSE
11-03-2017 08:45,5.119592,0.0176,7.785056379,FALSE
13-03-2017 08:30,5.0388074,0.0173,7.531606197,FALSE
14-03-2017 08:45,5.0746017,0.016,7.01512939,FALSE
15-03-2017 08:45,5.2373123,0.0158,7.149559767,FALSE
16-03-2017 08:45,5.080776,0.0151,6.628583601,FALSE
17-03-2017 08:45,4.203135,0.0155,5.628838392,FALSE
18-03-2017 08:45,7.365103,0.0143,9.099732059,FALSE
20-03-2017 08:45,6.436337,0.0154,8.563932559,FALSE
21-03-2017 08:45,8.10449,0.0137,9.593122723,FALSE
22-03-2017 08:45,7.633588,0.0146,9.629313247,FALSE
23-03-2017 08:45,7.0504823,0.0122,7.431772383,FALSE
24-03-2017 09:00,4.743051,0.0105,4.302895867,FALSE
25-03-2017 09:00,4.232026,0.0109,3.985552806,FALSE
27-03-2017 08:45,6.69344,0.0118,6.824095949,FALSE
28-03-2017 08:45,6.4425817,0.0109,6.067365742,FALSE
29-03-2017 08:45,5.8314114,0.0116,5.844473762,FALSE
30-03-2017 08:45,7.825876,0.0139,9.398564041,FALSE
31-03-2017 08:45,7.325363,0.0132,8.354429994,FALSE
01-04-2017 08:45,5.258422,0.0131,5.951692356,FALSE
03-04-2017 08:45,3.5228379,0.0125,3.804664932,FALSE
04-04-2017 08:45,3.7180102,0.0135,4.336687097,FALSE
05-04-2017 08:45,4.114447,0.0136,4.834639803,FALSE
06-04-2017 08:45,4.5355377,0.0153,5.995617996,FALSE
07-04-2017 08:45,4.5323567,0.0157,6.148051216,FALSE
08-04-2017 08:45,4.523463,0.0153,5.979656209,FALSE
10-04-2017 08:45,4.1931405,0.0159,5.760368693,FALSE
11-04-2017 08:45,4.713263,0.015,6.108388848,FALSE
12-04-2017 08:45,4.59251,0.0159,6.309006538,FALSE
13-04-2017 08:45,4.713577,0.0161,6.55677415,FALSE
15-04-2017 08:45,4.5653996,0.0151,5.956202934,FALSE
17-04-2017 09:00,4.3089223,0.0153,5.696050567,FALSE
18-04-2017 08:45,4.6860857,0.0147,5.951703726,FALSE
19-04-2017 08:45,4.121851,0.015,5.341918896,FALSE
20-04-2017 08:45,3.5934026,0.0131,4.067156799,FALSE
21-04-2017 08:30,4.711115,0.0141,5.739268738,FALSE
22-04-2017 08:45,6.8051476,0.0151,8.878267765,FALSE
24-04-2017 08:45,1.2631465,0.0092,1.00404989,FALSE
25-04-2017 08:45,1.2104809,0.0091,0.951728503,FALSE
26-04-2017 08:45,7.635521,0.0145,9.565780709,FALSE
27-04-2017 08:45,7.416417,0.0146,9.35536506,FALSE
28-04-2017 08:45,7.4481134,0.0144,9.266644768,FALSE
29-04-2017 08:45,3.1741276,0.0123,3.373208883,FALSE
01-05-2017 08:45,4.3099575,0.0107,3.98446951,FALSE
02-05-2017 08:45,4.2701764,0.0106,3.910798354,FALSE
03-05-2017 08:45,4.104458,0.0086,3.049776472,FALSE
04-05-2017 08:45,4.129908,0.0092,3.282781271,FALSE
05-05-2017 08:45,4.116264,0.0095,3.378629491,FALSE
06-05-2017 08:45,4.0835857,0.0088,3.104831879,FALSE
08-05-2017 08:45,4.7920256,0.0102,4.223116321,FALSE
09-05-2017 08:45,3.86234,0.0082,2.736390643,FALSE
11-05-2017 08:45,6.1062274,0.0115,6.067147545,FALSE
12-05-2017 08:45,2.284837,0.0101,1.99384016,FALSE
13-05-2017 08:45,5.3334703,0.0128,5.898391474,FALSE
15-05-2017 08:45,5.353378,0.0129,5.966660984,FALSE
16-05-2017 08:45,3.6363342,0.0128,4.021494718,FALSE
17-05-2017 08:45,3.8744235,0.0141,4.719977685,FALSE
18-05-2017 08:45,4.2460947,0.0134,4.9159586,FALSE
19-05-2017 08:45,4.232311,0.0131,4.790298882,FALSE
20-05-2017 08:45,3.3863826,0.0122,3.569518171,FALSE
22-05-2017 08:45,3.1727664,0.0124,3.39917501,FALSE
23-05-2017 08:45,3.4953642,0.0129,3.895793123,FALSE
24-05-2017 08:45,3.542814,0.0132,4.040508511,FALSE
25-05-2017 08:45,3.48393,0.0128,3.852947866,FALSE
26-05-2017 08:45,4.080038,0.014,4.935213965,FALSE
27-05-2017 08:45,3.8519878,0.0136,4.526239745,FALSE
29-05-2017 08:45,1.7417601,0.0158,2.377711548,FALSE
30-05-2017 08:45,1.7510102,0.0159,2.405467772,FALSE
31-05-2017 08:45,2.037737,0.0155,2.72893739,FALSE
02-06-2017 08:45,1.964,0.012,2.0362752,FALSE
03-06-2017 08:45,2.884,0.011,2.7409536,FALSE
05-06-2017 08:45,10.308,0.009,8.0155008,FALSE
06-06-2017 08:45,10.096,0.009,7.8506496,FALSE
07-06-2017 08:45,8.748,0.01,7.558272,FALSE
08-06-2017 08:45,6.356,0.01,5.491584,FALSE
09-06-2017 08:45,3.354,0.009,2.6080704,FALSE
10-06-2017 08:45,1.826,0.014,2.2087296,FALSE
12-06-2017 08:45,1.918,0.025,4.14288,FALSE
13-06-2017 08:45,2.922,0.019,4.7967552,FALSE
14-06-2017 08:45,3.461,0.013,3.8873952,FALSE
15-06-2017 08:45,2.904,0.013,3.2617728,FALSE
16-06-2017 08:45,2.528,0.01,2.184192,FALSE
17-06-2017 08:45,2.13,0.015,2.76048,FALSE
19-06-2017 08:45,3.062,0.009,2.3810112,FALSE
20-06-2017 08:45,3.205,0.017,4.707504,FALSE
21-06-2017 08:45,3.185,0.011,3.027024,FALSE
23-06-2017 08:45,2.981,0.013,3.3482592,FALSE
24-06-2017 08:45,3.153,0.014,3.8138688,FALSE
27-06-2017 08:45,3.835,0.01,3.31344,FALSE
28-06-2017 08:45,3.266,0.011,3.1040064,FALSE
29-06-2017 08:45,3.144,0.012,3.2596992,FALSE
30-06-2017 08:45,2.835,0.012,2.939328,FALSE
01-07-2017 08:45,3.383,0.017,4.9689504,FALSE
03-07-2017 08:45,4.398,0.017,6.4597824,FALSE
04-07-2017 08:45,4.649,0.015,6.025104,FALSE
05-07-2017 08:45,5.005,0.012,5.189184,FALSE
06-07-2017 08:45,3.958,0.014,4.7875968,FALSE
07-07-2017 08:45,3.384,0.015,4.385664,FALSE
08-07-2017 08:45,3.097,0.011,2.9433888,FALSE
10-07-2017 08:45,2.868,0.011,2.7257472,FALSE
11-07-2017 08:45,2.303,0.01,1.989792,FALSE
12-07-2017 08:45,2.178,0.012,2.2581504,FALSE
13-07-2017 08:45,2.196,0.014,2.6562816,FALSE
14-07-2017 08:45,3.018,0.015,3.911328,FALSE
15-07-2017 08:45,3.213,0.01,2.776032,FALSE
17-07-2017 08:45,2.781,0.01,2.402784,FALSE
18-07-2017 08:45,2.973,0.014,3.5961408,FALSE
19-07-2017 08:45,3.014,0.011,2.8645056,FALSE
20-07-2017 08:45,3.235,0.013,3.633552,FALSE
21-07-2017 08:45,3.239,0.013,3.6380448,FALSE
22-07-2017 08:45,3.108,0.012,3.2223744,FALSE
24-07-2017 08:45,2.825,0.011,2.68488,FALSE
25-07-2017 08:45,3.167,0.011,3.0099168,FALSE
26-07-2017 08:45,2.721,0.014,3.2913216,FALSE
27-07-2017 08:45,2.542,0.015,3.294432,FALSE
28-07-2017 08:45,2.272,0.015,2.944512,FALSE
29-07-2017 08:45,2.247,0.014,2.7179712,FALSE
31-07-2017 08:45,2.036,0.015,2.638656,FALSE
01-08-2017 08:45,2.337,0.016,3.2306688,FALSE
02-08-2017 08:45,2.218,0.014,2.6828928,FALSE
03-08-2017 08:45,8.724,0.013,9.7987968,FALSE
04-08-2017 08:45,8.555,0.013,9.608976,FALSE
05-08-2017 08:45,3.113,0.011,2.9585952,FALSE
07-08-2017 08:45,2.169,0.045,8.433072,FALSE
08-08-2017 08:45,4.639,0.011,4.4089056,FALSE
09-08-2017 08:45,4.645,0.012,4.815936,FALSE
10-08-2017 08:45,2.206,0.011,2.0965824,FALSE
11-08-2017 08:45,5.952,0.011,5.6567808,FALSE
12-08-2017 08:45,2.147,0.013,2.4115104,FALSE
14-08-2017 08:45,5.736,0.014,6.9382656,FALSE
16-08-2017 08:45,3.596,0.124,38.5261056,FALSE
17-08-2017 08:45,4.324,0.011,4.1095296,FALSE
18-08-2017 08:45,3.928,0.01,3.393792,FALSE
19-08-2017 15:00,3.665,0.011,3.483216,FALSE
20-08-2017 09:00,3.758,0.011,3.5716032,FALSE
21-08-2017 08:45,4.052,0.011,3.8510208,FALSE
22-08-2017 08:45,3.338,0.011,3.1724352,FALSE
23-08-2017 08:45,3.753,0.011,3.5668512,FALSE
24-08-2017 08:45,3.743,0.011,3.5573472,FALSE
26-08-2017 08:45,3.752,0.011,3.5659008,FALSE
28-08-2017 08:45,8.582,0.01,7.414848,FALSE
30-08-2017 08:45,4.21,0.01,3.63744,FALSE
31-08-2017 08:45,2.284,0.013,2.5653888,FALSE
01-09-2017 08:45,8.653,0.009,6.7285728,FALSE
04-09-2017 08:45,3.395,0.011,3.226608,FALSE
05-09-2017 08:45,3.819,0.01,3.299616,FALSE
06-09-2017 08:45,9.149,0.01,7.904736,FALSE
07-09-2017 08:45,8.124,0.011,7.7210496,FALSE
08-09-2017 08:45,6.131,0.009,4.7674656,FALSE
09-09-2017 08:45,4.806,0.01,4.152384,FALSE
11-09-2017 08:45,10.046,0.01,8.679744,FALSE
12-09-2017 08:45,5.971,0.011,5.6748384,FALSE
13-09-2017 08:45,5.63,0.011,5.350752,FALSE
14-09-2017 08:45,4.131,0.014,4.9968576,FALSE
15-09-2017 08:45,6.791,0.012,7.0409088,FALSE
16-09-2017 09:30,10.186,0.012,10.5608448,FALSE
18-09-2017 08:45,5.671,0.013,6.3696672,FALSE
19-09-2017 08:45,4.711,0.011,4.4773344,FALSE
20-09-2017 08:45,7.423,0.012,7.6961664,FALSE
21-09-2017 08:45,6.875,0.015,8.91,FALSE
22-09-2017 08:45,7.808,0.012,8.0953344,FALSE
23-09-2017 08:45,12.966,0.011,12.3228864,FALSE
25-09-2017 08:45,12.824,0.01,11.079936,FALSE
26-09-2017 08:45,11.418,0.011,10.8516672,FALSE
28-09-2017 08:45,13.037,0.012,13.5167616,FALSE
29-09-2017 08:45,12.627,0.012,13.0916736,FALSE
03-10-2017 08:45,13.811,0.014,16.7057856,FALSE
04-10-2017 08:45,15.618,0.016,21.5903232,FALSE
05-10-2017 07:15,14.735,0.015,19.09656,FALSE
06-10-2017 08:45,16.297,0.018,25.3450944,FALSE
07-10-2017 08:45,13.289,0.015,17.222544,FALSE
09-10-2017 08:45,13.11,0.014,15.857856,FALSE
10-10-2017 08:45,13.296,0.014,16.0828416,FALSE
11-10-2017 08:45,14.73,0.015,19.09008,FALSE
12-10-2017 08:45,16.129,0.015,20.903184,FALSE
13-10-2017 08:45,12.077,0.015,15.651792,FALSE
14-10-2017 08:45,14.307,0.015,18.541872,FALSE
16-10-2017 08:45,13.13,0.014,15.882048,FALSE
17-10-2017 08:45,9.888,0.015,12.814848,FALSE
19-10-2017 08:45,9.689,0.014,11.7198144,FALSE
20-10-2017 08:45,9.804,0.014,11.8589184,FALSE
21-10-2017 08:45,9.002,0.014,10.8888192,FALSE
23-10-2017 08:45,11.843,0.014,14.3252928,FALSE
24-10-2017 08:45,11.505,0.015,14.91048,FALSE
25-10-2017 08:45,11.435,0.015,14.81976,FALSE
26-10-2017 08:45,8.914,0.014,10.7823744,FALSE
27-10-2017 08:45,9.962,0.013,11.1893184,FALSE
28-10-2017 08:45,18.455,0.013,20.728656,FALSE
30-10-2017 08:45,8.169,0.013,9.1754208,FALSE
31-10-2017 08:45,9.035,0.013,10.148112,FALSE
01-11-2017 08:45,7.863,0.011,7.4729952,FALSE
02-11-2017 08:45,6.406,0.01,5.534784,FALSE
03-11-2017 10:45,6.978,0.011,6.6318912,FALSE
06-11-2017 08:45,8.575,0.011,8.14968,FALSE
07-11-2017 08:45,8.623,0.012,8.9403264,FALSE
08-11-2017 08:45,9.111,0.011,8.6590944,FALSE
09-11-2017 08:45,9.092,0.011,8.6410368,FALSE
10-11-2017 08:45,6.851,0.012,7.1031168,FALSE
11-11-2017 08:45,7.861,0.011,7.4710944,FALSE
13-11-2017 08:45,7.445,0.011,7.075728,FALSE
14-11-2017 08:45,7.448,0.01,6.435072,FALSE
15-11-2017 08:45,7.512,0.01,6.490368,FALSE
16-11-2017 08:45,6.764,0.012,7.0129152,FALSE
17-11-2017 08:45,12.712,0.01,10.983168,FALSE
18-11-2017 08:45,8.598,0.011,8.1715392,FALSE
20-11-2017 08:45,7.207,0.011,6.8495328,FALSE
21-11-2017 08:45,8.311,0.01,7.180704,FALSE
22-11-2017 08:45,8.057,0.01,6.961248,FALSE
23-11-2017 08:45,7.061,0.011,6.7107744,FALSE
24-11-2017 08:45,7.735,0.01,6.68304,FALSE
25-11-2017 08:45,7.448,0.01,6.435072,FALSE
27-11-2017 08:45,8.056,0.011,7.6564224,FALSE
28-11-2017 08:45,8.48,0.011,8.059392,FALSE
29-11-2017 08:45,8.261,0.01,7.137504,FALSE
30-11-2017 08:45,9.6,0.011,9.12384,FALSE
01-12-2017 08:45,8.258,0.011,7.8484032,FALSE
04-12-2017 08:45,7.82,0.011,7.432128,FALSE
05-12-2017 09:00,10.284,0.01,8.885376,FALSE
06-12-2017 09:00,7.946,0.011,7.5518784,FALSE
07-12-2017 09:00,8.595,0.011,8.168688,FALSE
08-12-2017 09:00,9.239,0.011,8.7807456,FALSE
09-12-2017 09:00,8.081,0.01,6.981984,FALSE
11-12-2017 09:00,7.769,0.011,7.3836576,FALSE
12-12-2017 08:45,7.794,0.01,6.734016,FALSE
13-12-2017 08:45,7.589,0.01,6.556896,FALSE
14-12-2017 08:45,9.58,0.011,9.104832,FALSE
15-12-2017 08:45,10.632,0.01,9.186048,FALSE
16-12-2017 08:45,9.267,0.01,8.006688,FALSE
18-12-2017 08:45,11.927,0.01,10.304928,FALSE
19-12-2017 08:45,11.376,0.01,9.828864,FALSE
20-12-2017 08:45,10.402,0.011,9.8860608,FALSE
21-12-2017 08:45,12.458,0.011,11.8400832,FALSE
22-12-2017 08:45,9.776,0.011,9.2911104,FALSE
23-12-2017 08:45,10.076,0.011,9.5762304,FALSE
26-12-2017 08:45,6.123,0.011,5.8192992,FALSE
27-12-2017 08:45,2.859,0.014,3.4582464,FALSE
28-12-2017 08:45,5.443,0.009,4.2324768,FALSE
29-12-2017 08:45,6.083,0.01,5.255712,FALSE
30-12-2017 08:45,9.251,0.011,8.7921504,FALSE
01-01-2018 08:45,11.631,0.01,10.049184,FALSE
02-01-2018 08:45,14.372,0.01,12.417408,FALSE
03-01-2018 08:45,11.649,0.009,9.0582624,FALSE
04-01-2018 08:45,12.932,0.01,11.173248,FALSE
05-01-2018 08:45,12.714,0.009,9.8864064,FALSE
06-01-2018 08:45,12.702,0.009,9.8770752,FALSE
08-01-2018 08:45,13.452,0.01,11.622528,FALSE
09-01-2018 08:45,13.651,0.01,11.794464,FALSE
10-01-2018 08:45,12.588,0.009,9.7884288,FALSE
11-01-2018 08:30,12.874,0.009,10.0108224,FALSE
12-01-2018 08:45,12.513,0.009,9.7301088,FALSE
13-01-2018 08:45,12.028,0.01,10.392192,FALSE
15-01-2018 08:45,10.236,0.011,9.7282944,FALSE
16-01-2018 08:45,10.12,0.01,8.74368,FALSE
17-01-2018 10:30,10.986,0.009,8.5427136,FALSE
18-01-2018 08:45,13.004,0.009,10.1119104,FALSE
19-01-2018 08:45,13.066,0.009,10.1601216,FALSE
20-01-2018 08:45,10.89,0.008,7.527168,FALSE
22-01-2018 08:45,11.134,0.009,8.6577984,FALSE
23-01-2018 08:45,7.744,0.011,7.3598976,FALSE
24-01-2018 08:45,11.3,0.009,8.78688,FALSE
25-01-2018 08:45,11.006,0.009,8.5582656,FALSE
27-01-2018 08:45,9.883,0.01,8.538912,FALSE
29-01-2018 08:45,10.23,0.01,8.83872,FALSE
30-01-2018 08:45,9.448,0.011,8.9793792,FALSE
31-01-2018 08:45,9.398,0.01,8.119872,FALSE
01-02-2018 08:45,6.179,0.012,6.4063872,FALSE
02-02-2018 08:45,6.808,0.01,5.882112,FALSE
03-02-2018 08:45,7.8,0.011,7.41312,FALSE
05-02-2018 08:45,6.53,0.012,6.770304,FALSE
06-02-2018 08:45,3.538,0.01,3.056832,FALSE
07-02-2018 08:45,2.039,0.014,2.4663744,FALSE
08-02-2018 08:45,1.239,0.013,1.3916448,FALSE
09-02-2018 08:45,1.215,0.014,1.469664,FALSE
10-02-2018 08:45,3.441,0.449,133.4887776,FALSE
12-02-2018 08:45,3.839,0.016,5.3070336,FALSE
13-02-2018 08:45,4.24,0.014,5.128704,FALSE
14-02-2018 08:45,3.933,0.015,5.097168,FALSE
15-02-2018 08:45,5.036,0.014,6.0915456,FALSE
16-02-2018 08:45,5.881,0.013,6.6055392,FALSE
17-02-2018 08:45,4.961,0.014,6.0008256,FALSE
19-02-2018 08:45,4.845,0.012,5.023296,FALSE
20-02-2018 08:45,5.898,0.011,5.6054592,FALSE
21-02-2018 14:45,3.985,0.01,3.44304,FALSE
22-02-2018 08:45,3.637,0.011,3.4566048,FALSE
23-02-2018 08:45,3.571,0.012,3.7024128,FALSE
24-02-2018 08:45,3.583,0.011,3.4052832,FALSE
26-02-2018 08:45,12.507,0.008,8.6448384,FALSE
27-02-2018 08:45,11.633,0.008,8.0407296,FALSE
28-02-2018 08:45,12.128,0.008,8.3828736,FALSE
01-03-2018 08:45,9.216,0.01,7.962624,FALSE
02-03-2018 08:45,10.014,0.01,8.652096,FALSE
03-03-2018 08:45,9.481,0.01,8.191584,FALSE
05-03-2018 08:45,10.328,0.009,8.0310528,FALSE
06-03-2018 08:45,9.884,0.01,8.539776,FALSE
07-03-2018 08:45,9.913,0.01,8.564832,FALSE
08-03-2018 08:45,10.002,0.01,8.641728,FALSE
09-03-2018 08:45,9.647,0.01,8.335008,FALSE
12-03-2018 08:45,10.67,0.009,8.296992,FALSE
14-03-2018 08:45,9.128,0.01,7.886592,FALSE
15-03-2018 08:45,9.476,0.01,8.187264,FALSE
16-03-2018 08:45,4.12,0.014,4.983552,FALSE
17-03-2018 08:45,3.735,0.013,4.195152,FALSE
19-03-2018 08:45,2.318,0.014,2.8038528,FALSE
20-03-2018 08:45,1.287,0.013,1.4455584,FALSE
21-03-2018 08:45,1.33,0.013,1.493856,FALSE
22-03-2018 08:45,1.156,0.013,1.2984192,FALSE
23-03-2018 08:45,1.217,0.017,1.7875296,FALSE
24-03-2018 08:45,1.212,0.015,1.570752,FALSE
26-03-2018 08:45,1.057,0.015,1.369872,FALSE
27-03-2018 08:45,2.265,0.013,2.544048,FALSE
28-03-2018 08:45,1.907,0.015,2.471472,FALSE
31-03-2018 08:45,1.955,0.015,2.53368,FALSE
02-04-2018 08:45,2.262,0.021,4.1041728,FALSE
03-04-2018 08:45,2.05,0.023,4.07376,FALSE
04-04-2018 09:45,2.454,0.021,4.4525376,FALSE
05-04-2018 08:45,2.006,0.022,3.8130048,FALSE
06-04-2018 08:45,2.121,0.021,3.8483424,FALSE
07-04-2018 08:45,2.304,0.021,4.1803776,FALSE
09-04-2018 08:45,6.384,0.015,8.273664,FALSE
10-04-2018 08:30,5.753,0.014,6.9588288,FALSE
11-04-2018 08:45,5.962,0.014,7.2116352,FALSE
12-04-2018 08:45,6.3,0.012,6.53184,FALSE
13-04-2018 08:45,6.391,0.013,7.1783712,FALSE
14-04-2018 08:45,6.649,0.011,6.3192096,FALSE
16-04-2018 09:00,4.013,0.013,4.5074016,FALSE
17-04-2018 08:45,3.576,0.013,4.0165632,FALSE
18-04-2018 08:45,4.125,0.013,4.6332,FALSE
19-04-2018 08:45,4.758,0.015,6.166368,FALSE
20-04-2018 08:45,4.77,0.016,6.594048,FALSE
21-04-2018 08:45,5.662,0.014,6.8487552,FALSE
23-04-2018 08:45,3.495,0.012,3.623616,FALSE
24-04-2018 08:45,3.274,0.012,3.3944832,FALSE
25-04-2018 08:45,4.588,0.017,6.7388544,FALSE
26-04-2018 08:45,1.884,0,0,TRUE
27-04-2018 08:45,0.743,0.013,0.8345376,FALSE
28-04-2018 08:45,3.767,0.013,4.2310944,FALSE
01-05-2018 08:45,4.495,0.011,4.272048,FALSE
02-05-2018 08:45,2.929,0.01,2.530656,FALSE
03-05-2018 08:45,1.822,0.01,1.574208,FALSE
04-05-2018 09:30,2.723,0.006,1.4116032,FALSE
05-05-2018 08:45,1.984,0.012,2.0570112,FALSE
07-05-2018 08:45,0.428,0.012,0.4437504,FALSE
08-05-2018 08:45,0.434,0.025,0.93744,FALSE
09-05-2018 08:45,1.099,0.009,0.8545824,FALSE
10-05-2018 08:45,1.617,0.013,1.8162144,FALSE
11-05-2018 08:45,1.786,0.009,1.3887936,FALSE
12-05-2018 08:45,2.139,0.014,2.5873344,FALSE
14-05-2018 08:45,2.268,0,0,TRUE
15-05-2018 08:45,1.238,0.003,0.3208896,FALSE
16-05-2018 08:45,1.072,0.013,1.2040704,FALSE
17-05-2018 08:45,0.94,0.006,0.487296,FALSE
18-05-2018 08:45,0.749,0.017,1.1001312,FALSE
19-05-2018 08:45,0.758,0.009,0.5894208,FALSE
21-05-2018 08:45,1.904,0.01,1.645056,FALSE
22-05-2018 10:45,2.052,0.014,2.4820992,FALSE
23-05-2018 09:00,1.951,0.01,1.685664,FALSE
24-05-2018 09:00,1.952,0.01,1.686528,FALSE
25-05-2018 08:45,0.911,0.015,1.180656,FALSE
26-05-2018 09:00,2.16,0.017,3.172608,FALSE
28-05-2018 08:45,1.036,0.014,1.2531456,FALSE
29-05-2018 08:45,0.784,0.015,1.016064,FALSE
30-05-2018 08:45,2.707,0.01,2.338848,FALSE
31-05-2018 08:45,2.966,0.007,1.7938368,FALSE
01-06-2018 08:45,4.198,0.022,7.9795584,FALSE
02-06-2018 08:45,3.57,0.012,3.701376,FALSE
04-06-2018 08:45,2.158,0.019,3.5425728,FALSE
05-06-2018 08:45,1.975,0.014,2.38896,FALSE
06-06-2018 08:45,1.145,0.012,1.187136,FALSE
07-06-2018 08:30,1.001,0.028,2.4216192,FALSE
08-06-2018 08:45,1.065,0.029,2.668464,FALSE
09-06-2018 08:45,1.756,0.031,4.7032704,FALSE
11-06-2018 08:45,1.061,0.008,0.7333632,FALSE
12-06-2018 08:45,0.705,0.002,0.121824,FALSE
14-06-2018 08:45,0.708,0.004,0.2446848,FALSE
15-06-2018 08:45,0.745,0.004,0.257472,FALSE
18-06-2018 08:45,1.993,0.005,0.860976,FALSE
19-06-2018 08:45,1.356,0.014,1.6402176,FALSE
20-06-2018 08:45,1.394,0.01,1.204416,FALSE
21-06-2018 08:45,4.271,0.016,5.9042304,FALSE
22-06-2018 08:45,8.305,0.013,9.328176,FALSE
23-06-2018 08:45,8.427,0.012,8.7371136,FALSE
25-06-2018 08:45,8.34,0.001,0.720576,FALSE
26-06-2018 08:30,8.32,0.014,10.063872,FALSE
27-06-2018 08:45,7.464,0.015,9.673344,FALSE
28-06-2018 08:30,6.097,0.013,6.8481504,FALSE
29-06-2018 08:45,5.871,0.013,6.5943072,FALSE
30-06-2018 08:30,5.733,0.011,5.4486432,FALSE
02-07-2018 08:45,4.633,0.014,5.6040768,FALSE
03-07-2018 08:45,3.617,0.015,4.687632,FALSE
04-07-2018 08:45,4.164,0.018,6.4758528,FALSE
05-07-2018 08:45,4.037,0.013,4.5343584,FALSE
06-07-2018 08:45,4.082,0.015,5.290272,FALSE
07-07-2018 08:45,4.944,0.014,5.9802624,FALSE
09-07-2018 08:45,3.744,0.013,4.2052608,FALSE
10-07-2018 08:45,2.083,0.016,2.8795392,FALSE
11-07-2018 08:45,2.626,0.015,3.403296,FALSE
12-07-2018 08:45,3.082,0.012,3.1954176,FALSE
13-07-2018 08:45,3.076,0.012,3.1891968,FALSE
14-07-2018 08:45,2.848,0.016,3.9370752,FALSE
16-07-2018 08:45,3.647,0.015,4.726512,FALSE
17-07-2018 08:45,2.306,0.016,3.1878144,FALSE
18-07-2018 08:45,2.403,0.018,3.7371456,FALSE
19-07-2018 08:30,2.045,0.016,2.827008,FALSE
20-07-2018 08:30,1.863,0.015,2.414448,FALSE
23-07-2018 08:30,15.096,0.016,20.8687104,FALSE
24-07-2018 08:00,70.2,0.0788,477.944064,FALSE
25-07-2018 08:00,78.47,0.0817,553.9103136,FALSE
26-07-2018 08:00,35.58,0.0432,132.8016384,FALSE
27-07-2018 08:45,12.06,0.011,11.461824,FALSE
28-07-2018 08:45,10.67,0.012,11.062656,FALSE
30-07-2018 08:45,10.935,0.012,11.337408,FALSE
31-07-2018 08:45,10.78,0.009,8.382528,FALSE
02-08-2018 08:45,13.824,0.016,19.1102976,FALSE
03-08-2018 08:45,8.41,0.016,11.625984,FALSE
04-08-2018 08:45,7.39,0.013,8.300448,FALSE
06-08-2018 08:45,7.452,0.01,6.438528,FALSE
07-08-2018 08:45,7.34,0.049,31.074624,FALSE
08-08-2018 08:45,7.513,0.01,6.491232,FALSE
03-09-2018 08:45,8.735,0.016,12.075264,FALSE
05-09-2018 08:45,9.788,0.009,7.6111488,FALSE
06-09-2018 08:45,7.488,0.008,5.1757056,FALSE
07-09-2018 08:45,6.341,0.01,5.478624,FALSE
08-09-2018 08:45,6.395,0.006,3.315168,FALSE
12-09-2018 08:45,7.528,0.01,6.504192,FALSE
14-09-2018 08:45,5.873,0.012,6.0891264,FALSE
15-09-2018 08:45,5.675,0.011,5.39352,FALSE
26-09-2018 08:00,8.03,0.012,8.325504,FALSE
29-09-2018 08:35,8.569,0.011,8.1439776,FALSE
03-10-2018 08:30,11.325,0.008,7.82784,FALSE
12-10-2018 08:00,11.477,0.006,5.9496768,FALSE
13-10-2018 08:30,8.712,0.004,3.0108672,FALSE
20-10-2018 08:30,9.375,0.007,5.67,FALSE
24-10-2018 08:30,9.501,0.012,9.8506368,FALSE
25-10-2018 08:30,7.567,0.008,5.2303104,FALSE
26-10-2018 08:30,7.592,0.006,3.9356928,FALSE
27-10-2018 08:30,7.629,0.005,3.295728,FALSE
29-10-2018 09:00,5.044,0.005,2.179008,FALSE
30-10-2018 09:00,4.629,0.008,3.1995648,FALSE
31-10-2018 09:00,5.024,0.008,3.4725888,FALSE
01-11-2018 08:30,4.623,0.008,3.1954176,FALSE
02-11-2018 08:30,5.046,0.009,3.9237696,FALSE
03-11-2018 08:30,4.997,0.01,4.317408,FALSE
05-11-2018 08:30,4.49,0.008,3.103488,FALSE
08-11-2018 09:00,12.072,0.007,7.3011456,FALSE
09-11-2018 09:00,10.372,0.009,8.0652672,FALSE
10-11-2018 08:30,11.684,0.008,8.0759808,FALSE
12-11-2018 08:30,9.045,0.032,25.007616,FALSE
13-11-2018 08:30,11.683,0.022,22.2070464,FALSE
14-11-2018 08:30,10.085,0.026,22.654944,FALSE
15-11-2018 08:30,7.334,0.026,16.4750976,FALSE
16-11-2018 08:30,7.868,0.032,21.7534464,FALSE
20-11-2018 08:30,10.101,0.021,18.3272544,FALSE
22-11-2018 08:30,9.465,0.036,29.439936,FALSE
24-11-2018 08:30,8.852,0.023,17.5906944,FALSE
26-11-2018 08:30,5.928,0.045,23.048064,FALSE
27-11-2018 08:30,5.639,0.029,14.1290784,FALSE
28-11-2018 08:30,4.174,0.039,14.0647104,FALSE
29-11-2018 08:30,3.653,0.019,5.9967648,FALSE
01-12-2018 08:30,4.995,0.022,9.494496,FALSE
03-12-2018 08:30,7.423,0.041,26.2952352,FALSE
04-12-2018 08:45,6.38,0.03,16.53696,FALSE
05-12-2018 08:30,6.454,0.029,16.1711424,FALSE
06-12-2018 08:30,6.409,0.004,2.2149504,FALSE
07-12-2018 08:30,6.299,0.032,17.4154752,FALSE
08-12-2018 08:30,11.131,0.017,16.3492128,FALSE
10-12-2018 08:30,11.357,0.014,13.7374272,FALSE
02-03-2019 08:00,13.75,0.0139,16.5132,FALSE
04-03-2019 08:00,13.75,0.0152,18.0576,FALSE
11-03-2019 08:30,10.818,0.004,3.7387008,FALSE
12-03-2019 08:30,7.897,0.02,13.646016,FALSE
13-03-2019 08:30,5.97,0.022,11.347776,FALSE
14-03-2019 08:30,6.521,0.018,10.1414592,FALSE
15-03-2019 08:30,6.009,0.017,8.8260192,FALSE
16-03-2019 09:00,5.732,0.018,8.9144064,FALSE
18-03-2019 09:00,8.645,0.017,12.697776,FALSE
19-03-2019 09:00,6.12,0.095,50.23296,FALSE
21-03-2019 08:30,6.467,0.018,10.0574784,FALSE
22-03-2019 08:30,6.51,0.014,7.874496,FALSE
23-03-2019 08:30,6.891,0.014,8.3353536,FALSE
25-03-2019 08:30,7.868,0.009,6.1181568,FALSE
26-03-2019 08:30,7.317,0.012,7.5862656,FALSE
27-03-2019 08:30,7.212,0.009,5.6080512,FALSE
28-03-2019 08:30,6.187,0.009,4.8110112,FALSE
29-03-2019 08:30,6.573,0.009,5.1111648,FALSE
30-03-2019 08:30,6.672,0.011,6.3410688,FALSE
01-04-2019 08:30,6.523,0.011,6.1994592,FALSE
02-04-2019 08:30,7.445,0.009,5.789232,FALSE
03-04-2019 08:30,6.216,0.012,6.4447488,FALSE
04-04-2019 08:30,5.98,0.012,6.200064,FALSE
05-04-2019 08:30,6.647,0.009,5.1687072,FALSE
06-04-2019 08:30,5.788,0.014,7.0011648,FALSE
08-04-2019 08:30,5.688,0.012,5.8973184,FALSE
09-04-2019 08:30,5.516,0.011,5.2424064,FALSE
10-04-2019 08:30,6.089,0.008,4.2087168,FALSE
11-04-2019 08:30,5.877,0.008,4.0621824,FALSE
12-04-2019 08:30,6.027,0.006,3.1243968,FALSE
13-04-2019 08:30,5.94,0.006,3.079296,FALSE
15-04-2019 08:30,5.608,0.008,3.8762496,FALSE
16-04-2019 08:30,6.473,0.008,4.4741376,FALSE
20-04-2019 08:30,5.682,0.006,2.9455488,FALSE
22-04-2019 08:30,3.668,0.013,4.1198976,FALSE
23-04-2019 08:30,5.561,0.007,3.3632928,FALSE
24-04-2019 08:45,3.811,0.003,0.9878112,FALSE
25-04-2019 08:45,2.876,0.0012,0.29818368,FALSE
26-04-2019 08:45,2.895,0.012,3.001536,FALSE
27-04-2019 08:45,3.085,0.011,2.931984,FALSE
29-04-2019 08:45,3.211,0.008,2.2194432,FALSE
30-04-2019 08:45,3.403,0.01,2.940192,FALSE
01-05-2019 08:45,3.222,0.012,3.3405696,FALSE
02-05-2019 09:00,2.877,0.009,2.2371552,FALSE
03-05-2019 08:45,1.993,0.009,1.5497568,FALSE
04-05-2019 08:45,1.965,0.009,1.527984,FALSE
06-05-2019 08:45,1.947,0.008,1.3457664,FALSE
07-05-2019 08:45,2.848,0.0079,1.94393088,FALSE
08-05-2019 08:45,3.912,0.007,2.3659776,FALSE
09-05-2019 08:45,4.388,0.01,3.791232,FALSE
10-05-2019 08:45,4.258,0.009,3.3110208,FALSE
11-05-2019 08:45,4.055,0.02,7.00704,FALSE
14-05-2019 08:45,2.623,0.021,4.7591712,FALSE
15-05-2019 08:45,3.744,0.015,4.852224,FALSE
16-05-2019 08:45,5.651,0.015,7.323696,FALSE
17-05-2019 08:45,5.658,0.015,7.332768,FALSE
20-05-2019 08:45,5.133,0.012,5.3218944,FALSE
21-05-2019 08:45,5.069,0.013,5.6935008,FALSE
22-05-2019 08:45,5.113,0.013,5.7429216,FALSE
23-05-2019 08:45,4.369,0.011,4.1522976,FALSE
24-05-2019 08:45,4.393,0.011,4.1751072,FALSE
25-05-2019 08:45,4.242,0.009,3.2985792,FALSE
27-05-2019 08:45,6.594,0.007,3.9880512,FALSE
28-05-2019 08:45,5.015,0.011,4.766256,FALSE
29-05-2019 08:45,6.049,0.009,4.7037024,FALSE
30-05-2019 08:45,6.116,0.008,4.2273792,FALSE
31-05-2019 08:45,6.021,0.007,3.6415008,FALSE
11-06-2019 08:45,5.651,0.008,3.9059712,FALSE
12-06-2019 08:45,5.081,0.008,3.5119872,FALSE
13-06-2019 08:30,7.748,0.011,7.3636992,FALSE
14-06-2019 08:45,8.967,0.013,10.0717344,FALSE
15-06-2019 08:45,8.673,0.011,8.2428192,FALSE
17-06-2019 08:45,5.992,0.01,5.177088,FALSE
18-06-2019 08:45,5.819,0.011,5.5303776,FALSE
19-06-2019 08:45,8.252,0.012,8.5556736,FALSE
20-06-2019 08:45,8.588,0.012,8.9040384,FALSE
22-06-2019 08:45,8.174,0.011,7.7685696,FALSE
24-06-2019 08:45,4.823,0.014,5.8339008,FALSE
25-06-2019 08:45,5.404,0.01,4.669056,FALSE
27-06-2019 08:45,4.627,0.012,4.7972736,FALSE
28-06-2019 08:45,4.13,0.009,3.211488,FALSE
29-06-2019 08:45,3.541,0.107,32.7358368,FALSE
11-07-2019 08:45,3.129,0.011,2.9738016,FALSE
12-07-2019 08:45,3.934,0.012,4.0787712,FALSE
13-07-2019 08:45,3.669,0.011,3.4870176,FALSE
15-07-2019 08:45,2.641,0.013,2.9663712,FALSE
16-07-2019 08:45,2.659,0.013,2.9865888,FALSE
17-07-2019 08:45,2.591,0.014,3.1340736,FALSE
18-07-2019 08:45,2.741,0.013,3.0786912,FALSE
19-07-2019 08:45,2.571,0.013,2.8877472,FALSE
20-07-2019 08:45,3.326,0.012,3.4483968,FALSE
22-07-2019 08:45,2.614,0.011,2.4843456,FALSE
23-07-2019 08:45,3.368,0.01,2.909952,FALSE
24-07-2019 08:45,3.193,0.01,2.758752,FALSE
25-07-2019 08:45,2.512,0.012,2.6044416,FALSE
27-07-2019 08:45,2.51,0.011,2.385504,FALSE
29-07-2019 08:45,3.526,0.011,3.3511104,FALSE
30-07-2019 08:45,3.928,0.011,3.7331712,FALSE
31-07-2019 08:45,4.506,0.015,5.839776,FALSE
01-08-2019 08:45,5.566,0.009,4.3281216,FALSE
02-08-2019 08:45,5.139,0.01,4.440096,FALSE
03-08-2019 08:45,3.628,0.009,2.8211328,FALSE
05-08-2019 08:45,3.374,0.008,2.3321088,FALSE
06-08-2019 08:45,6.47,0.011,6.149088,FALSE
07-08-2019 08:45,5.934,0.01,5.126976,FALSE
08-08-2019 08:45,5.148,0.012,5.3374464,FALSE
13-08-2019 08:45,4.992,0.011,4.7443968,FALSE
14-08-2019 08:45,3.405,0.013,3.824496,FALSE
16-08-2019 08:45,4.641,0.013,5.2127712,FALSE
17-08-2019 08:45,3.592,0.013,4.0345344,FALSE
19-08-2019 08:45,3.234,0.011,3.0735936,FALSE
20-08-2019 08:45,3.089,0.011,2.9357856,FALSE
21-08-2019 08:45,3.129,0.011,2.9738016,FALSE
22-08-2019 08:45,3.27,0.007,1.977696,FALSE
23-08-2019 08:45,3.424,0.025,7.39584,FALSE
24-08-2019 08:45,3.543,0.018,5.5100736,FALSE
26-08-2019 08:45,3.003,0.021,5.4486432,FALSE
27-08-2019 08:45,2.795,0.015,3.62232,FALSE
29-08-2019 08:45,2.865,0.017,4.208112,FALSE
30-08-2019 08:45,5.749,0.01,4.967136,FALSE
31-08-2019 08:45,5.717,0.014,6.9152832,FALSE
03-09-2019 08:45,7.305,0.018,11.360736,FALSE
04-09-2019 08:30,6.947,0.01,6.002208,FALSE
05-09-2019 08:45,6.846,0.013,7.6894272,FALSE
06-09-2019 08:45,5.739,0.03,14.875488,FALSE
07-09-2019 08:45,3.215,0.015,4.16664,FALSE
09-09-2019 08:45,2.581,0.014,3.1219776,FALSE
10-09-2019 08:45,3.545,0.025,7.6572,FALSE
12-09-2019 08:45,9.102,0.009,7.0777152,FALSE
13-09-2019 08:30,8.131,0.01,7.025184,FALSE
14-09-2019 08:45,3.862,0.009,3.0030912,FALSE
16-09-2019 08:45,6.676,0.01,5.768064,FALSE
17-09-2019 08:45,6.496,0.011,6.1737984,FALSE
18-09-2019 08:45,5.786,0,0,TRUE
19-09-2019 08:45,6.516,0.011,6.1928064,FALSE
20-09-2019 08:45,5.929,0.011,5.6349216,FALSE
21-09-2019 08:45,6.188,0.013,6.9503616,FALSE
23-09-2019 08:45,7.002,0.013,7.8646464,FALSE
24-09-2019 08:45,7.57,0.013,8.502624,FALSE
25-09-2019 08:45,9.655,0.012,10.010304,FALSE
26-09-2019 08:45,7.713,0.011,7.3304352,FALSE
27-09-2019 08:45,5.844,0.012,6.0590592,FALSE
28-09-2019 08:45,7.308,0.015,9.471168,FALSE
30-09-2019 08:45,5.731,0.011,5.4467424,FALSE
01-10-2019 08:30,7.007,0,0,TRUE
03-10-2019 08:45,4.531,0.016,6.2636544,FALSE
04-10-2019 08:45,6.077,0.013,6.8256864,FALSE
05-10-2019 08:00,6.593,0.013,7.4052576,FALSE
09-10-2019 08:30,4.042,0.012,4.1907456,FALSE
10-10-2019 08:45,4.058,0.011,3.8567232,FALSE
11-10-2019 08:45,4.279,0.013,4.8061728,FALSE
12-10-2019 08:45,5.86,0.013,6.581952,FALSE
14-10-2019 08:45,5.926,0.012,6.1440768,FALSE
15-10-2019 08:45,9.884,0.01,8.539776,FALSE
16-10-2019 08:45,6.39,0.012,6.625152,FALSE
17-10-2019 08:45,4.692,0.014,5.6754432,FALSE
18-10-2019 08:30,5.836,0.01,5.042304,FALSE
19-10-2019 08:45,6.211,0.01,5.366304,FALSE
24-10-2019 08:45,9.173,0.011,8.7180192,FALSE
25-10-2019 08:45,7.414,0.011,7.0462656,FALSE
26-10-2019 08:45,6.8,0.011,6.46272,FALSE
28-10-2019 08:45,4.305,0.012,4.463424,FALSE
29-10-2019 08:45,4.198,0.009,3.2643648,FALSE
14-11-2019 08:45,9.567,0.107,88.4450016,FALSE
18-11-2019 08:45,7.684,0.009,5.9750784,FALSE
19-11-2019 08:45,7.689,0.01,6.643296,FALSE
20-11-2019 08:45,7.675,0.01,6.6312,FALSE
22-11-2019 08:45,6.529,0.007,3.9487392,FALSE
23-11-2019 08:45,7.225,0.01,6.2424,FALSE
25-11-2019 08:45,6.718,0.008,4.6434816,FALSE
26-11-2019 08:45,7.135,0.074,45.618336,FALSE
27-11-2019 08:45,6.514,0.006,3.3768576,FALSE
28-11-2019 08:45,6.746,0.01,5.828544,FALSE
29-11-2019 08:45,6.687,0.009,5.1998112,FALSE
06-12-2019 08:45,9.328,0.007,5.6415744,FALSE
07-12-2019 08:45,9.071,0.007,5.4861408,FALSE
09-12-2019 08:45,9.49,0.007,5.739552,FALSE
10-12-2019 08:45,9.036,0.006,4.6842624,FALSE
11-12-2019 08:45,8.732,0.013,9.8077824,FALSE
12-12-2019 08:45,9.068,0.007,5.4843264,FALSE
13-12-2019 08:45,8.922,0.006,4.6251648,FALSE
14-12-2019 08:45,9.196,0.007,5.5617408,FALSE
23-12-2019 08:45,7.873,0.007,4.7615904,FALSE
24-12-2019 08:45,7.379,0.008,5.1003648,FALSE
01-01-2020 08:00,12.62,0.024,26.168832,FALSE
02-01-2020 08:00,13.17,0.024,27.309312,FALSE
03-01-2020 08:00,15,0.022,28.512,FALSE
04-01-2020 08:00,12.62,0.022,23.988096,FALSE
06-01-2020 08:00,12.82,0.024,26.583552,FALSE
07-01-2020 08:00,15,0.019,24.624,FALSE
08-01-2020 08:00,14.49,0.022,27.542592,FALSE
09-01-2020 08:00,13.17,0.023,26.171424,FALSE
10-01-2020 08:00,13.62,0.02,23.53536,FALSE
11-01-2020 08:00,13.4,0.017,19.68192,FALSE
13-01-2020 08:00,12.82,0.014,15.507072,FALSE
14-01-2020 08:00,13.17,0.021,23.895648,FALSE
16-01-2020 08:00,15,0.023,29.808,FALSE
17-01-2020 08:00,18.76,0.025,40.5216,FALSE
18-01-2020 08:00,18.76,0.023,37.279872,FALSE
20-01-2020 08:00,15.59,0.022,29.633472,FALSE
21-01-2020 08:00,14.47,0.023,28.754784,FALSE
22-01-2020 08:00,12.62,0.02,21.80736,FALSE
23-01-2020 08:00,14.47,0.021,26.254368,FALSE
24-01-2020 08:00,15.59,0.021,28.286496,FALSE
25-01-2020 08:00,18.76,0.019,30.796416,FALSE
27-01-2020 08:00,15.59,0.02,26.93952,FALSE
28-01-2020 08:00,16.02,0.023,31.834944,FALSE
29-01-2020 08:00,18.76,0.02,32.41728,FALSE
30-01-2020 08:00,18.76,0.023,37.279872,FALSE
31-01-2020 08:00,17.8,0.022,33.83424,FALSE
01-02-2020 08:00,16.02,0.01,13.84128,FALSE
03-02-2020 08:00,16.02,0.012,16.609536,FALSE
04-02-2020 08:00,15,0.012,15.552,FALSE
05-02-2020 08:00,13.39,0.013,15.039648,FALSE
06-02-2020 08:00,15,0.01,12.96,FALSE
07-02-2020 08:00,16.02,0.011,15.225408,FALSE
08-02-2020 08:00,20.12,0.017,29.552256,FALSE
10-02-2020 08:00,13.17,0.013,14.792544,FALSE
11-02-2020 08:00,13.62,0.012,14.121216,FALSE
12-02-2020 08:00,13.39,0.01,11.56896,FALSE
13-02-2020 08:00,13.17,0.011,12.516768,FALSE
14-02-2020 08:00,13.17,0.012,13.654656,FALSE
15-02-2020 08:00,13.17,0.011,12.516768,FALSE
17-02-2020 08:00,13.39,0.013,15.039648,FALSE
18-02-2020 08:00,13.39,0.012,13.882752,FALSE
19-02-2020 08:00,12.62,0.011,11.994048,FALSE
20-02-2020 08:00,12.62,0.011,11.994048,FALSE
21-02-2020 08:00,12.62,0.011,11.994048,FALSE
22-02-2020 08:00,13.17,0.012,13.654656,FALSE
24-02-2020 08:00,13.39,0.012,13.882752,FALSE
25-02-2020 08:00,13.17,0.012,13.654656,FALSE
26-02-2020 08:00,12.62,0.011,11.994048,FALSE
27-02-2020 08:00,12.62,0.012,13.084416,FALSE
28-02-2020 08:00,12.62,0.012,13.084416,FALSE
29-02-2020 08:00,12.82,0.013,14.399424,FALSE
03-03-2020 08:15,10.767454,0.007,6.512156179,FALSE
04-03-2020 08:15,10.756621,0.006,5.576232326,FALSE
05-03-2020 08:15,10.405454,0.007,6.293218579,FALSE
06-03-2020 08:15,10.449036,0.006,5.416780262,FALSE
07-03-2020 08:15,10.607436,0.006,5.498894822,FALSE
09-03-2020 08:15,10.474314,0.008,7.239845837,FALSE
10-03-2020 08:15,8.895029,0.006,4.611183034,FALSE
11-03-2020 08:15,8.591804,0.007,5.196323059,FALSE
12-03-2020 08:15,8.133642,0.005,3.513733344,FALSE
13-03-2020 08:15,8.086841,0.006,4.192218374,FALSE
14-03-2020 08:15,7.8479137,0.007,4.746418206,FALSE
16-03-2020 08:15,7.824513,0.006,4.056227539,FALSE
17-03-2020 08:15,6.9053416,0.007,4.1763506,FALSE
18-03-2020 08:15,6.714167,0.007,4.060728202,FALSE
19-03-2020 08:15,6.6779714,0.007,4.038837103,FALSE
20-03-2020 08:15,6.8832955,0.007,4.163017118,FALSE
21-03-2020 08:15,6.486683,0.006,3.362696467,FALSE
23-03-2020 08:15,3.0939183,0.014,3.742403576,FALSE
24-03-2020 08:15,3.0867038,0.014,3.733676916,FALSE
01-06-2020 08:15,6.48,0.007,3.919104,FALSE
02-06-2020 08:15,7.15,0.006,3.70656,FALSE
03-06-2020 08:15,8.351,0.006,4.3291584,FALSE
04-06-2020 08:15,9.34,0.006,4.841856,FALSE
05-06-2020 08:15,9.374,0.007,5.6693952,FALSE
06-06-2020 08:15,9.579,0.005,4.138128,FALSE
08-06-2020 08:15,7.933,0.005,3.427056,FALSE
09-06-2020 08:15,7.71,0.004,2.664576,FALSE
10-06-2020 08:15,7.091,0.004,2.4506496,FALSE
11-06-2020 08:15,7.937,0.007,4.8002976,FALSE
12-06-2020 08:15,7.118,0.004,2.4599808,FALSE
13-06-2020 08:15,7.018,0.005,3.031776,FALSE
15-06-2020 08:15,7.186,0.005,3.104352,FALSE
16-06-2020 08:15,7.739,0.004,2.6745984,FALSE
17-06-2020 08:15,8.484,0.007,5.1311232,FALSE
18-06-2020 08:15,7.815,0.006,4.051296,FALSE
19-06-2020 08:15,6.683,0.004,2.3096448,FALSE
20-06-2020 08:15,7.659,0.004,2.6469504,FALSE
22-06-2020 08:15,7.02,0.005,3.03264,FALSE
23-06-2020 08:15,8.559,0.008,5.9159808,FALSE
24-06-2020 08:15,8.134,0.007,4.9194432,FALSE
25-06-2020 08:15,8.018,0.007,4.8492864,FALSE
26-06-2020 08:15,8.794,0.007,5.3186112,FALSE
27-06-2020 08:15,8.109,0.007,4.9043232,FALSE
29-06-2020 08:15,6.304,0.005,2.723328,FALSE
30-06-2020 08:15,6.161,0.006,3.1938624,FALSE
01-07-2020 08:15,6.129,0.007,3.7068192,FALSE
02-07-2020 08:15,5.927,0.007,3.5846496,FALSE
03-07-2020 08:15,5.974,0.006,3.0969216,FALSE
04-07-2020 08:15,5.913,0.007,3.5761824,FALSE
06-07-2020 08:15,4.057,0.009,3.1547232,FALSE
07-07-2020 08:15,2.741,0.007,1.6577568,FALSE
08-07-2020 08:15,3.639,0.008,2.5152768,FALSE
09-07-2020 08:15,2.534,0.009,1.9704384,FALSE
10-07-2020 08:15,2.284,0.008,1.5787008,FALSE
11-07-2020 08:00,2.898,0.005,1.251936,FALSE
13-07-2020 08:00,3.141,0.007,1.8996768,FALSE
14-07-2020 08:00,3.145,0.006,1.630368,FALSE
15-07-2020 08:00,2.911,0.006,1.5090624,FALSE
16-07-2020 08:00,3.105,0.007,1.877904,FALSE
17-07-2020 08:00,3.163,0.006,1.6396992,FALSE
18-07-2020 08:00,3.48,0.007,2.104704,FALSE
20-07-2020 08:00,3.387,0.006,1.7558208,FALSE
21-07-2020 08:15,4.44,0.007,2.685312,FALSE
22-07-2020 08:15,3.517,0.004,1.2154752,FALSE
23-07-2020 08:15,3.03,0.007,1.832544,FALSE
24-07-2020 08:15,3.055,0.008,2.111616,FALSE
25-07-2020 08:15,3.315,0.005,1.43208,FALSE
27-07-2020 08:15,3.405,0.005,1.47096,FALSE
28-07-2020 08:15,3.521,0.005,1.521072,FALSE
29-07-2020 08:15,3.459,0.004,1.1954304,FALSE
30-07-2020 08:15,5.125,0.004,1.7712,FALSE
31-07-2020 08:15,5.628,0.007,3.4038144,FALSE
01-10-2020 08:00,4.929,0.005,2.129328,FALSE
03-10-2020 08:00,4.523,0.003,1.1723616,FALSE
05-10-2020 08:00,4.429,0.003,1.1479968,FALSE
06-10-2020 08:00,14.02,0.014,16.958592,FALSE
07-10-2020 08:00,16.15,0.013,18.13968,FALSE
08-10-2020 08:00,7.8,0.006,4.04352,FALSE
09-10-2020 08:00,7.144,0.006,3.7034496,FALSE
10-10-2020 08:00,7.063,0.006,3.6614592,FALSE
12-10-2020 08:00,5.911,0.005,2.553552,FALSE
13-10-2020 08:00,6.408,0.005,2.768256,FALSE
14-10-2020 08:00,5.851,0.004,2.0221056,FALSE
15-10-2020 08:00,5.896,0.006,3.0564864,FALSE
16-10-2020 08:00,9.632,0.008,6.6576384,FALSE
17-10-2020 08:00,8.93,0.006,4.629312,FALSE
19-10-2020 08:00,6.311,0.006,3.2716224,FALSE
20-10-2020 08:00,4.761,0.008,3.2908032,FALSE
21-10-2020 08:00,5.481,0.005,2.367792,FALSE
22-10-2020 08:00,5.467,0.004,1.8893952,FALSE
23-10-2020 08:00,4.835,0.006,2.506464,FALSE
24-10-2020 08:00,4.906,0.004,1.6955136,FALSE
26-10-2020 08:00,4.717,0.005,2.037744,FALSE
27-10-2020 08:00,4.77,0.005,2.06064,FALSE
28-10-2020 08:00,14.77,0.014,17.865792,FALSE
29-10-2020 08:00,8.297,0.006,4.3011648,FALSE
31-10-2020 08:00,7.12,0.005,3.07584,FALSE
02-11-2020 08:00,14.02,0.013,15.747264,FALSE
03-11-2020 08:00,17.16,0.012,17.791488,FALSE
04-11-2020 08:15,11.676,0.005,5.044032,FALSE
05-11-2020 08:15,12.961,0.006,6.7189824,FALSE
06-11-2020 08:15,9.553,0.006,4.9522752,FALSE
07-11-2020 08:15,8.853,0.004,3.0595968,FALSE
09-11-2020 08:15,7.342,0.005,3.171744,FALSE
10-11-2020 08:15,7.352,0.006,3.8112768,FALSE
11-11-2020 08:15,11.678,0.006,6.0538752,FALSE
12-11-2020 08:00,12.84,0.012,13.312512,FALSE
13-11-2020 08:00,12.84,0.011,12.203136,FALSE
16-11-2020 08:00,18.06,0.016,24.966144,FALSE
17-11-2020 08:00,12.84,0.011,12.203136,FALSE
18-11-2020 08:00,13.64,0.012,14.141952,FALSE
19-11-2020 08:00,12.84,0.011,12.203136,FALSE
20-11-2020 08:15,11.819,0.007,7.1481312,FALSE
21-11-2020 08:15,11.495,0.006,5.959008,FALSE
23-11-2020 08:15,10.395,0.006,5.388768,FALSE
24-11-2020 08:15,10.247,0.006,5.3120448,FALSE
25-11-2020 08:15,12.342,0.007,7.4644416,FALSE
26-11-2020 08:15,11.803,0.006,6.1186752,FALSE
27-11-2020 08:15,11.743,0.006,6.0875712,FALSE
28-11-2020 08:15,10.792,0.005,4.662144,FALSE
01-12-2020 09:00,11.797,0.004,4.0770432,FALSE
02-12-2020 08:00,10.931,0.004,3.7777536,FALSE
03-12-2020 08:00,12.84,0.007,7.765632,FALSE
04-12-2020 08:15,9.442,0.005,4.078944,FALSE
05-12-2020 08:00,10.99,0.003,2.848608,FALSE
07-12-2020 08:00,13.06,0.007,7.898688,FALSE
08-12-2020 08:15,8.054,0.005,3.479328,FALSE
09-12-2020 08:00,14.01,0.008,9.683712,FALSE
10-12-2020 08:15,11.602,0.004,4.0096512,FALSE
11-12-2020 08:00,10.54,0.003,2.731968,FALSE
12-12-2020 08:15,11.916,0.004,4.1181696,FALSE
14-12-2020 08:00,10.76,0.004,3.718656,FALSE
15-12-2020 08:00,11.13,0.004,3.846528,FALSE
16-12-2020 08:00,12.84,0.009,9.984384,FALSE
17-12-2020 08:00,11.82,0.005,5.10624,FALSE
18-12-2020 08:00,13.06,0.007,7.898688,FALSE
19-12-2020 08:00,12.84,0.007,7.765632,FALSE
21-12-2020 08:15,11.916,0.005,5.147712,FALSE
22-12-2020 08:00,17.23,0.01,14.88672,FALSE
23-12-2020 08:00,18.06,0.01,15.60384,FALSE
24-12-2020 08:00,15.29,0.01,13.21056,FALSE
26-12-2020 08:00,14.01,0.012,14.525568,FALSE
28-12-2020 08:00,14.01,0.01,12.10464,FALSE
29-12-2020 08:00,14.4,0.011,13.68576,FALSE
30-12-2020 08:00,14.4,0.011,13.68576,FALSE
31-12-2020 08:00,12.84,0.007,7.765632,FALSE
01-02-2021 08:00,15.29,0.012,15.852672,FALSE
02-02-2021 08:00,15.29,0.014,18.494784,FALSE
03-02-2021 08:00,14.91,0.015,19.32336,FALSE
04-02-2021 08:00,14.91,0.014,18.035136,FALSE
05-02-2021 08:00,14.91,0.018,23.188032,FALSE
06-02-2021 08:00,14.01,0.013,15.736032,FALSE
08-02-2021 08:00,14.01,0.013,15.736032,FALSE
09-02-2021 08:00,13.52,0.013,15.185664,FALSE
10-02-2021 08:00,13.06,0.013,14.668992,FALSE
11-02-2021 08:00,13.06,0.012,13.540608,FALSE
12-02-2021 08:00,13.06,0.011,12.412224,FALSE
13-02-2021 08:00,13.06,0.012,13.540608,FALSE
15-02-2021 08:00,13.52,0.013,15.185664,FALSE
16-02-2021 08:00,13.52,0.015,17.52192,FALSE
17-02-2021 08:00,13.52,0.014,16.353792,FALSE
18-02-2021 08:00,13.52,0.014,16.353792,FALSE
19-02-2021 08:00,12.84,0.014,15.531264,FALSE
20-02-2021 08:00,12.84,0.012,13.312512,FALSE
22-02-2021 08:00,14.5,0.019,23.8032,FALSE
23-02-2021 08:00,12.85,0.016,17.76384,FALSE
24-02-2021 08:00,12.85,0.012,13.32288,FALSE
25-02-2021 08:00,12.85,0.013,14.43312,FALSE
26-02-2021 08:00,12.85,0.014,15.54336,FALSE
27-02-2021 08:00,12.85,0.016,17.76384,FALSE
01-03-2021 08:00,8.74,0.004,3.020544,FALSE
02-03-2021 08:00,8.076,0.006,4.1865984,FALSE
03-03-2021 08:00,12.85,0.012,13.32288,FALSE
04-03-2021 08:15,8.894,0.006,4.6106496,FALSE
05-03-2021 08:15,7.829,0.005,3.382128,FALSE
06-03-2021 08:15,7.988,0.006,4.1409792,FALSE
08-03-2021 08:15,6.651,0.005,2.873232,FALSE
09-03-2021 08:00,6.133,0.005,2.649456,FALSE
10-03-2021 08:00,6.151,0.006,3.1886784,FALSE
11-03-2021 08:00,12.85,0.014,15.54336,FALSE
12-03-2021 08:15,4.748,0.004,1.6409088,FALSE
13-03-2021 08:00,6.661,0.006,3.4530624,FALSE
15-03-2021 08:15,5.683,0.006,2.9460672,FALSE
16-03-2021 08:15,5.361,0.008,3.7055232,FALSE
17-03-2021 08:15,5.539,0.006,2.8714176,FALSE
18-03-2021 08:15,5.814,0.007,3.5163072,FALSE
19-03-2021 08:15,5.855,0.008,4.046976,FALSE
20-03-2021 08:15,6.233,0.005,2.692656,FALSE
22-03-2021 08:15,5.37,0.007,3.247776,FALSE
23-03-2021 08:15,4.536,0.005,1.959552,FALSE
24-03-2021 08:15,4.554,0.005,1.967328,FALSE
25-03-2021 08:15,4.52,0.005,1.95264,FALSE
26-03-2021 08:15,5.334,0.009,4.1477184,FALSE
27-03-2021 08:15,5.159,0.008,3.5659008,FALSE
29-03-2021 08:15,5.175,0.007,3.12984,FALSE
30-03-2021 08:15,5.554,0.005,2.399328,FALSE
31-03-2021 08:15,4.879,0.01,4.215456,FALSE
01-04-2021 08:00,3.594,0.008,2.4841728,FALSE
03-04-2021 08:15,2.836,0.008,1.9602432,FALSE
05-04-2021 08:00,3.014,0.008,2.0832768,FALSE
07-04-2021 08:15,3.213,0.008,2.2208256,FALSE
08-04-2021 08:00,3.639,0.01,3.144096,FALSE
09-04-2021 08:15,3.602,0.01,3.112128,FALSE
10-04-2021 08:15,3.196,0.009,2.4852096,FALSE
12-04-2021 08:15,3.558,0.009,2.7667008,FALSE
13-04-2021 08:15,3.793,0.098,32.1160896,FALSE
14-04-2021 08:15,3.773,0.009,2.9338848,FALSE
15-04-2021 08:00,12.83,0.019,21.061728,FALSE
16-04-2021 08:15,6.049,0.012,6.2716032,FALSE
17-04-2021 08:15,4.525,0.01,3.9096,FALSE
19-04-2021 08:15,3.573,0.008,2.4696576,FALSE
20-04-2021 08:15,3.049,0.011,2.8977696,FALSE
21-04-2021 08:15,2.67,0.009,2.076192,FALSE
22-04-2021 08:15,2.657,0.01,2.295648,FALSE
23-04-2021 08:15,2.169,0.01,1.874016,FALSE
24-04-2021 08:15,2.169,0.008,1.4992128,FALSE
27-04-2021 08:15,2.309,0.009,1.7954784,FALSE
28-04-2021 08:00,2.106,0.009,1.6376256,FALSE
29-04-2021 08:00,2.118,0.008,1.4639616,FALSE
30-04-2021 08:00,2.001,0.009,1.5559776,FALSE
01-05-2021 08:00,1.996,1.5,258.6816,FALSE
03-05-2021 08:00,1.964,0.01,1.696896,FALSE
04-05-2021 08:00,2.172,0.011,2.0642688,FALSE
05-05-2021 08:00,1.892,0.013,2.1250944,FALSE
06-05-2021 08:00,1.892,0.012,1.9616256,FALSE
07-05-2021 08:00,7.614,0.011,7.2363456,FALSE
08-05-2021 08:00,7.614,0.01,6.578496,FALSE
10-05-2021 08:00,6.885,0.012,7.138368,FALSE
11-05-2021 08:00,6.544,0.012,6.7848192,FALSE
12-05-2021 08:00,6.54,0.01,5.65056,FALSE
13-05-2021 08:15,6.636,0.013,7.4535552,FALSE
15-05-2021 08:00,8.732,0.012,9.0533376,FALSE
17-05-2021 08:00,7.856,0.012,8.1451008,FALSE
18-05-2021 08:00,6.885,0.012,7.138368,FALSE
19-05-2021 08:00,8.732,0.013,9.8077824,FALSE
20-05-2021 08:00,8.272,0.011,7.8617088,FALSE
21-05-2021 08:00,8.732,0.012,9.0533376,FALSE
22-05-2021 08:00,7.994,0.011,7.5974976,FALSE
24-05-2021 08:00,9.951,0.013,11.1769632,FALSE
25-05-2021 08:00,7.561,0.01,6.532704,FALSE
27-05-2021 08:00,9.951,0.012,10.3171968,FALSE
28-05-2021 08:00,12.83,0.012,13.302144,FALSE
29-05-2021 08:00,13.04,0.014,15.773184,FALSE
31-05-2021 08:00,8.272,0.013,9.2911104,FALSE
01-06-2021 08:15,8.272,0.053,37.8791424,FALSE
02-06-2021 08:00,8.272,0.017,12.1499136,FALSE
03-06-2021 08:00,7.994,0.046,31.7713536,FALSE
04-06-2021 08:00,9.325,0.041,33.03288,FALSE
05-06-2021 08:00,9.325,0.039,31.42152,FALSE
07-06-2021 08:00,9.951,0.025,21.49416,FALSE
08-06-2021 08:00,11.4,0.033,32.50368,FALSE
09-06-2021 08:15,8.842,0.02,15.278976,FALSE
10-06-2021 08:15,8.956,0.02,15.475968,FALSE
11-06-2021 08:15,8.925,0.019,14.65128,FALSE
12-06-2021 08:15,6.803,0.015,8.816688,FALSE
14-06-2021 08:00,12.83,0.025,27.7128,FALSE
15-06-2021 08:15,5.408,0.009,4.2052608,FALSE
16-06-2021 08:15,4.499,0.01,3.887136,FALSE
17-06-2021 08:15,5.912,0.012,6.1295616,FALSE
18-06-2021 12:00,5.099,0.012,5.2866432,FALSE
19-06-2021 08:15,4.74,0.012,4.914432,FALSE
21-06-2021 09:00,4.333,0.01,3.743712,FALSE
22-06-2021 09:00,3.846,0.009,2.9906496,FALSE
23-06-2021 09:00,3.126,0.013,3.5111232,FALSE
24-06-2021 09:00,3.126,0.015,4.051296,FALSE
25-06-2021 08:00,13.53,0.036,42.083712,FALSE
26-06-2021 09:00,7.887,0.01,6.814368,FALSE
28-06-2021 09:00,9.317,0.021,16.9047648,FALSE
29-06-2021 08:00,8.934,0.021,16.2098496,FALSE
30-06-2021 09:00,8.924,0.018,13.8786048,FALSE
01-07-2021 08:15,8.023,0.019,13.1705568,FALSE
02-07-2021 08:15,8.482,0.02,14.656896,FALSE
03-07-2021 08:15,8.377,0.02,14.475456,FALSE
05-07-2021 08:15,13.53,0.027,31.562784,FALSE
06-07-2021 08:15,13.34,0.023,26.509248,FALSE
07-07-2021 08:15,13.09,0.024,27.143424,FALSE
08-07-2021 08:15,13.09,0.025,28.2744,FALSE
09-07-2021 08:15,13.19,0.024,27.350784,FALSE
10-07-2021 08:15,13.34,0.027,31.119552,FALSE
12-07-2021 08:15,8.941,0.011,8.4975264,FALSE
13-07-2021 08:15,7.33,0.013,8.233056,FALSE
14-07-2021 08:15,7.102,0.01,6.136128,FALSE
15-07-2021 08:15,9.343,0.013,10.4940576,FALSE
16-07-2021 08:15,12.87,0.025,27.7992,FALSE
17-07-2021 09:15,13.09,0.024,27.143424,FALSE
19-07-2021 08:15,7.909,0.015,10.250064,FALSE
20-07-2021 08:15,8.273,0.017,12.1513824,FALSE
22-07-2021 08:15,13.34,0.028,32.272128,FALSE
23-07-2021 08:15,17.03,0.028,41.198976,FALSE
24-07-2021 09:15,17.68,0.029,44.299008,FALSE
26-07-2021 08:15,13.96,0.024,28.947456,FALSE
27-07-2021 08:15,5.731,0.009,4.4564256,FALSE
28-07-2021 08:15,5.632,0.009,4.3794432,FALSE
29-07-2021 08:15,5.42,0.008,3.746304,FALSE
30-07-2021 08:15,4.678,0.008,3.2334336,FALSE
31-07-2021 09:00,4.918,0.007,2.9744064,FALSE
02-08-2021 08:15,4.333,0,0,TRUE
03-08-2021 08:15,3.75,0,0,TRUE
04-08-2021 08:15,3.742,0,0,TRUE
05-08-2021 08:15,3.938,0.01,3.402432,FALSE
06-08-2021 08:15,4.953,0.01,4.279392,FALSE
07-08-2021 08:15,5.777,0.013,6.4887264,FALSE
09-08-2021 08:15,4.922,0.011,4.6778688,FALSE
10-08-2021 08:15,4.406,0.01,3.806784,FALSE
11-08-2021 08:15,4.4,0.012,4.56192,FALSE
12-08-2021 08:15,3.979,0.01,3.437856,FALSE
13-08-2021 08:15,3.694,0.008,2.5532928,FALSE
14-08-2021 08:15,3.626,0.007,2.1930048,FALSE
16-08-2021 08:15,3.97,0.008,2.744064,FALSE
17-08-2021 08:15,3.742,0.009,2.9097792,FALSE
18-08-2021 09:15,3.417,0.009,2.6570592,FALSE
19-08-2021 08:15,3.411,0.008,2.3576832,FALSE
20-08-2021 08:00,3.7,0,0,TRUE
21-08-2021 08:15,3.725,0.01,3.2184,FALSE
23-08-2021 08:15,8.765,0.009,6.815664,FALSE
24-08-2021 08:15,4.292,0.01,3.708288,FALSE
25-08-2021 08:15,3.265,0.009,2.538864,FALSE
26-08-2021 08:15,2.932,0.006,1.5199488,FALSE
27-08-2021 08:15,2.89,0.005,1.24848,FALSE
28-08-2021 08:15,3.252,0.006,1.6858368,FALSE
30-08-2021 08:15,6.151,0.008,4.2515712,FALSE
31-08-2021 08:15,6.075,0.008,4.19904,FALSE
01-09-2021 08:00,13.09,0.019,21.488544,FALSE
02-09-2021 08:15,6.057,0.007,3.6632736,FALSE
03-09-2021 08:15,6.175,0.006,3.20112,FALSE
04-09-2021 08:15,6.046,0.007,3.6566208,FALSE
06-09-2021 08:00,13.72,0.018,21.337344,FALSE
07-09-2021 08:15,9.438,0.008,6.5235456,FALSE
08-09-2021 08:15,9.478,0.009,7.3700928,FALSE
09-09-2021 08:15,8.342,0.007,5.0452416,FALSE
11-09-2021 08:15,7.184,0.008,4.9655808,FALSE
13-09-2021 08:15,7.79,0.009,6.057504,FALSE
14-09-2021 09:15,7.775,0.009,6.04584,FALSE
15-09-2021 08:15,7.859,0.008,5.4321408,FALSE
16-09-2021 08:00,13.72,0.018,21.337344,FALSE
17-09-2021 08:00,16.91,0.017,24.837408,FALSE
18-09-2021 08:00,18.06,0.021,32.768064,FALSE
20-09-2021 08:00,13.12,0.016,18.137088,FALSE
21-09-2021 08:15,6.952,0.009,5.4058752,FALSE
22-09-2021 08:15,6.746,0.007,4.0799808,FALSE
23-09-2021 08:15,6.313,0.008,4.3635456,FALSE
24-09-2021 08:15,6.193,0.01,5.350752,FALSE
25-09-2021 08:15,6.204,0.01,5.360256,FALSE
27-09-2021 08:15,5.987,0.012,6.2073216,FALSE
28-09-2021 08:15,6.31,0.013,7.087392,FALSE
29-09-2021 08:15,6.961,0.013,7.8185952,FALSE
30-09-2021 09:00,6.493,0.012,6.7319424,FALSE
01-10-2021 08:00,34.13,0.013,38.334816,FALSE
04-10-2021 08:00,37.32,0.017,54.815616,FALSE
05-10-2021 08:00,36.13,0.017,53.067744,FALSE
06-10-2021 08:00,15.43,0.017,22.663584,FALSE
07-10-2021 08:15,11.571,0.015,14.996016,FALSE
08-10-2021 08:15,9.224,0.017,13.5482112,FALSE
09-10-2021 08:15,9.27,0.018,14.416704,FALSE
11-10-2021 08:00,13.12,0.048,54.411264,FALSE
12-10-2021 08:00,17.51,0.024,36.308736,FALSE
13-10-2021 08:00,34.13,0.054,159.236928,FALSE
16-10-2021 08:00,15.43,0.026,34.661952,FALSE
18-10-2021 08:00,17.51,0.025,37.8216,FALSE
20-10-2021 08:00,17.76,0.025,38.3616,FALSE
21-10-2021 08:00,36.13,0.121,377.717472,FALSE
22-10-2021 08:00,24.97,0.164,353.814912,FALSE
23-10-2021 08:00,18.06,0.096,149.796864,FALSE
25-10-2021 08:00,17.51,0.03,45.38592,FALSE
26-10-2021 08:00,15.43,0.036,47.993472,FALSE
27-10-2021 08:00,17.51,0.043,65.053152,FALSE
28-10-2021 08:00,18.96,0.098,160.538112,FALSE
29-10-2021 08:00,17.51,0.043,65.053152,FALSE
30-10-2021 08:00,17.51,0.045,68.07888,FALSE
01-11-2021 08:00,14.04,0.049,59.439744,FALSE
02-11-2021 08:00,15.43,0.055,73.32336,FALSE
03-11-2021 08:00,46.04,0.113,449.497728,FALSE
05-11-2021 08:00,39.37,0.052,176.881536,FALSE
06-11-2021 08:00,32.18,0.052,144.578304,FALSE
08-11-2021 08:00,31.07,0.048,128.853504,FALSE
09-11-2021 08:00,24.97,0.027,58.250016,FALSE
10-11-2021 08:00,34.13,0.054,159.236928,FALSE
11-11-2021 08:00,19.95,0.054,93.07872,FALSE
12-11-2021 08:00,17.76,0.06,92.06784,FALSE
13-11-2021 08:00,13.12,0.056,63.479808,FALSE
15-11-2021 08:00,24.97,0.069,148.861152,FALSE
16-11-2021 08:00,15.43,0.047,62.658144,FALSE
17-11-2021 08:00,17.76,0.047,72.119808,FALSE
18-11-2021 08:00,74.63,0.061,393.329952,FALSE
20-11-2021 08:00,24.97,0.07,151.01856,FALSE
22-11-2021 08:00,17.51,0.047,71.104608,FALSE
23-11-2021 08:00,24.97,0.054,116.500032,FALSE
24-11-2021 08:00,38.17,0.079,260.533152,FALSE
25-11-2021 08:00,34.13,0.05,147.4416,FALSE
26-11-2021 08:00,37.06,0.053,169.705152,FALSE
27-11-2021 08:00,36.13,0.044,137.351808,FALSE
29-11-2021 08:00,34.13,0.05,147.4416,FALSE
30-11-2021 08:00,28.46,0.043,105.734592,FALSE
01-12-2021 08:00,31.07,0.033,88.586784,FALSE
02-12-2021 08:00,37.32,0.127,409.504896,FALSE
03-12-2021 08:00,36.13,0.038,118.622016,FALSE
04-12-2021 08:00,36.13,0.041,127.986912,FALSE
06-12-2021 08:00,24.97,0.022,47.462976,FALSE
07-12-2021 08:00,21.46,0.02,37.08288,FALSE
08-12-2021 08:00,18.96,0.018,29.486592,FALSE
09-12-2021 08:00,18.06,0.022,34.328448,FALSE
10-12-2021 08:00,16.91,0.022,32.142528,FALSE
11-12-2021 08:00,14.04,0.039,47.309184,FALSE
13-12-2021 08:00,13.343,0.031,35.7378912,FALSE
14-12-2021 08:00,13.53,0.035,40.91472,FALSE
15-12-2021 08:00,14.12,0.031,37.819008,FALSE
16-12-2021 08:00,13.34,0.04,46.10304,FALSE
17-12-2021 08:00,16.96,0.045,65.94048,FALSE
18-12-2021 08:00,13.56,0.035,41.00544,FALSE
20-12-2021 08:00,12.97,0.039,43.703712,FALSE
21-12-2021 08:00,13.42,0.032,37.103616,FALSE
22-12-2021 08:00,13.73,0.041,48.637152,FALSE
23-12-2021 08:00,13.74,0.037,43.924032,FALSE
24-12-2021 08:00,13.42,0.047,54.495936,FALSE
27-12-2021 08:00,16.96,0.033,48.356352,FALSE
28-12-2021 08:00,13.1,0.04,45.2736,FALSE
29-12-2021 08:00,40.54,0.038,133.100928,FALSE
30-12-2021 08:00,13.1,0.037,41.87808,FALSE
31-12-2021 08:00,13.74,0.039,46.298304,FALSE
01-01-2022 09:00,13.74,0.029,34.426944,FALSE
03-01-2022 08:00,13.95,0.073,87.98544,FALSE
04-01-2022 08:00,13.1,0.062,70.17408,FALSE
05-01-2022 08:00,12.9,0.056,62.41536,FALSE
06-01-2022 08:00,13.42,0.039,45.220032,FALSE
07-01-2022 08:00,13.63,0.062,73.013184,FALSE
08-01-2022 08:00,13.42,0.064,74.207232,FALSE
10-01-2022 08:00,13.63,0.035,41.21712,FALSE
11-01-2022 08:00,13.42,0.035,40.58208,FALSE
12-01-2022 08:00,13.42,0.041,47.539008,FALSE
13-01-2022 08:00,13.74,0.044,52.233984,FALSE
15-01-2022 08:00,13.42,0.042,48.698496,FALSE
17-01-2022 08:00,13.42,0.038,44.060544,FALSE
18-01-2022 08:00,13.63,0.047,55.348704,FALSE
19-01-2022 08:00,13.74,0.04,47.48544,FALSE
20-01-2022 08:00,13.42,0.037,42.901056,FALSE
21-01-2022 08:00,13.63,0.04,47.10528,FALSE
22-01-2022 08:00,13.63,0.038,44.750016,FALSE
24-01-2022 08:00,13.63,0.041,48.282912,FALSE
25-01-2022 08:00,13.63,0.039,45.927648,FALSE
27-01-2022 08:00,13.63,0.049,57.703968,FALSE
28-01-2022 08:00,13.42,0.041,47.539008,FALSE
29-01-2022 08:00,13.63,0.043,50.638176,FALSE
31-01-2022 08:00,13.42,0.038,44.060544,FALSE
01-02-2022 08:00,13.1,0.029,32.82336,FALSE
02-02-2022 08:00,12.58,0.02,21.73824,FALSE
03-02-2022 08:00,12.7,0.027,29.62656,FALSE
04-02-2022 08:00,12.9,0.029,32.32224,FALSE
05-02-2022 08:00,12.58,0.028,30.433536,FALSE
07-02-2022 08:00,12.7,0.029,31.82112,FALSE
08-02-2022 08:00,12.7,0.031,34.01568,FALSE
09-02-2022 08:00,12.7,0.025,27.432,FALSE
10-02-2022 08:00,12.7,0.025,27.432,FALSE
11-02-2022 08:00,12.58,0.023,24.998976,FALSE
12-02-2022 08:00,12.19,0.024,25.277184,FALSE
14-02-2022 08:00,12.39,0.021,22.480416,FALSE
15-02-2022 08:00,12.19,0.024,25.277184,FALSE
16-02-2022 08:00,12.39,0.025,26.7624,FALSE
17-02-2022 08:00,12.19,0.022,23.170752,FALSE
18-02-2022 08:00,12.39,0.025,26.7624,FALSE
19-02-2022 08:00,12.58,0.025,27.1728,FALSE
21-02-2022 08:00,12.58,0.025,27.1728,FALSE
22-02-2022 08:00,12.39,0.021,22.480416,FALSE
23-02-2022 08:00,12.7,0.023,25.23744,FALSE
24-02-2022 08:00,12.7,0.003,3.29184,FALSE
25-02-2022 08:00,12.58,0.01,10.86912,FALSE
26-02-2022 08:00,12.58,0.012,13.042944,FALSE
28-02-2022 08:00,12.58,0.012,13.042944,FALSE
01-03-2022 08:00,12.58,0.011,11.956032,FALSE
02-03-2022 08:00,12.58,0.015,16.30368,FALSE
03-03-2022 08:00,12.58,0.012,13.042944,FALSE
04-03-2022 08:00,12.39,0.01,10.70496,FALSE
05-03-2022 08:00,12.19,0.008,8.425728,FALSE
07-03-2022 08:00,12.19,0.007,7.372512,FALSE
08-03-2022 08:00,12.39,0.011,11.775456,FALSE
09-03-2022 08:00,12.39,0.013,13.916448,FALSE
10-03-2022 08:00,12.39,0.011,11.775456,FALSE
11-03-2022 08:00,12.39,0.011,11.775456,FALSE
12-03-2022 08:00,12.39,0.012,12.845952,FALSE
14-03-2022 08:00,12.58,0.021,22.825152,FALSE
15-03-2022 08:00,12.19,0.008,8.425728,FALSE
16-03-2022 08:00,12.19,0.009,9.478944,FALSE
17-03-2022 08:00,12.58,0.026,28.259712,FALSE
18-03-2022 08:00,12.19,0.008,8.425728,FALSE
19-03-2022 08:00,12.19,0.01,10.53216,FALSE
21-03-2022 08:00,12.19,0.015,15.79824,FALSE
22-03-2022 08:00,9.97,0.016,13.782528,FALSE
23-03-2022 08:00,9.822,0.013,11.0320704,FALSE
24-03-2022 08:00,11.592,0.014,14.0216832,FALSE
25-03-2022 08:00,9.529,0.011,9.0563616,FALSE
26-03-2022 09:00,8.314,0.016,11.4932736,FALSE
28-03-2022 08:15,8.405,0.011,7.988112,FALSE
29-03-2022 08:15,8.779,0.104,78.8845824,FALSE
30-03-2022 08:15,8.294,0.011,7.8826176,FALSE
31-03-2022 08:15,6.19,0.012,6.417792,FALSE
01-04-2022 08:15,6.03,0.016,8.335872,FALSE
02-04-2022 08:15,5.984,0.013,6.7212288,FALSE
04-04-2022 08:15,4.777,0.014,5.7782592,FALSE
05-04-2022 08:15,4.796,0.014,5.8012416,FALSE
06-04-2022 08:15,4.476,0.019,7.3478016,FALSE
07-04-2022 08:15,4.598,0.019,7.5480768,FALSE
08-04-2022 08:00,3.986,0.018,6.1990272,FALSE
09-04-2022 09:00,4.16,0.028,10.063872,FALSE
11-04-2022 08:00,4.624,0.017,6.7917312,FALSE
12-04-2022 08:00,7.221,0.017,10.6062048,FALSE
13-04-2022 08:00,6.932,0.016,9.5827968,FALSE
16-04-2022 08:00,8.611,0.024,17.8557696,FALSE
18-04-2022 08:15,5.707,0.017,8.3824416,FALSE
19-04-2022 08:15,5.185,0.016,7.167744,FALSE
20-04-2022 09:00,5.273,0.012,5.4670464,FALSE
21-04-2022 08:00,4.613,0.022,8.7683904,FALSE
22-04-2022 08:00,3.725,0.017,5.47128,FALSE
23-04-2022 08:00,3.898,0.02,6.735744,FALSE
25-04-2022 08:00,4.031,0.016,5.5724544,FALSE
26-04-2022 08:00,5.364,0.02,9.268992,FALSE
27-04-2022 08:00,3.851,0.017,5.6563488,FALSE
04-05-2022 08:00,3.446,0.015,4.466016,FALSE
05-05-2022 08:00,3.41,0.018,5.303232,FALSE
06-05-2022 08:00,3.381,0.017,4.9660128,FALSE
07-05-2022 08:00,3.521,0.013,3.9547872,FALSE
09-05-2022 08:00,8.201,0.091,64.4795424,FALSE
10-05-2022 08:00,4.81,0.102,42.389568,FALSE
11-05-2022 09:00,4.155,0.011,3.948912,FALSE
12-05-2022 09:00,0,0.012,0,TRUE
13-05-2022 09:00,4.09,0.015,5.30064,FALSE
14-05-2022 09:00,4.049,0.012,4.1980032,FALSE
17-05-2022 09:00,3.427,0.016,4.7374848,FALSE
18-05-2022 08:00,3.886,0.016,5.3720064,FALSE
19-05-2022 09:00,4.777,0.015,6.190992,FALSE
20-05-2022 09:00,4.869,0.015,6.310224,FALSE
21-05-2022 09:00,4.932,0.015,6.391872,FALSE
23-05-2022 08:00,5.095,0.019,8.363952,FALSE
24-05-2022 09:00,4.9,0.013,5.50368,FALSE
25-05-2022 09:00,4.129,0.013,4.6376928,FALSE
26-05-2022 09:00,3.859,0.01,3.334176,FALSE
27-05-2022 08:00,3.4921024,0.01,3.017176474,FALSE
01-06-2022 08:00,12.58,0.03,32.60736,FALSE
02-06-2022 08:00,12.19,0.026,27.383616,FALSE
03-06-2022 08:00,0,0.015,0,TRUE
04-06-2022 08:00,11.55,0.013,12.97296,FALSE
06-06-2022 08:00,12.19,0.038,40.022208,FALSE
07-06-2022 09:00,11.545,0.009,8.977392,FALSE
08-06-2022 09:00,12,0.015,15.552,FALSE
09-06-2022 09:00,10.844,0.052,48.7199232,FALSE
10-06-2022 09:00,11.897,0.011,11.3069088,FALSE
13-06-2022 08:00,12.58,0.013,14.129856,FALSE
14-06-2022 08:00,12.83,0.024,26.604288,FALSE
15-06-2022 08:00,13.4,0.019,21.99744,FALSE
16-06-2022 08:00,13.4,0.021,24.31296,FALSE
17-06-2022 08:00,14.02,0.025,30.2832,FALSE
18-06-2022 08:00,14.88,0.025,32.1408,FALSE
20-06-2022 08:00,13.79,0.021,25.020576,FALSE
21-06-2022 08:00,13.4,0.02,23.1552,FALSE
22-06-2022 08:00,13.4,0.014,16.20864,FALSE
23-06-2022 08:00,15.13,0.012,15.686784,FALSE
24-06-2022 08:00,15.13,0.013,16.994016,FALSE
25-06-2022 08:00,15.13,19,24837.408,FALSE
27-06-2022 08:00,14.88,0.014,17.998848,FALSE
28-06-2022 08:00,14.88,0.014,17.998848,FALSE
29-06-2022 08:00,13.79,0.007,8.340192,FALSE
30-06-2022 08:00,9.122,0.023,18.1272384,FALSE
01-07-2022 08:15,7.712,0.017,11.3273856,FALSE
02-07-2022 08:15,5.542,0.013,6.2247744,FALSE
04-07-2022 08:00,12.19,0.025,26.3304,FALSE
05-07-2022 08:15,8.474,0.016,11.7144576,FALSE
06-07-2022 08:15,8.32,0.013,9.345024,FALSE
07-07-2022 08:15,7.132,0.009,5.5458432,FALSE
08-07-2022 08:15,8.058,0.005,3.481056,FALSE
09-07-2022 08:00,8.084,0.016,11.1753216,FALSE
11-07-2022 08:00,12.19,0.021,22.117536,FALSE
12-07-2022 08:15,9.493,0.016,13.1231232,FALSE
13-07-2022 08:15,8.146,0.01,7.038144,FALSE
14-07-2022 08:15,8.246,0.011,7.8369984,FALSE
15-07-2022 08:00,60.539,0.018,94.1502528,FALSE
16-07-2022 08:00,12.5,0.033,35.64,FALSE
18-07-2022 08:15,8.502,0.013,9.5494464,FALSE
20-07-2022 08:15,7.6,0.014,9.19296,FALSE
21-07-2022 08:00,7.468,0.011,7.0975872,FALSE
22-07-2022 08:15,6.512,0.011,6.1890048,FALSE
23-07-2022 08:15,12.743,0.009,9.9089568,FALSE
25-07-2022 08:15,5.266,0.011,5.0048064,FALSE
26-07-2022 08:15,5.214,0.01,4.504896,FALSE
28-07-2022 08:15,6.894,0.013,7.7433408,FALSE
29-07-2022 08:15,6.425,0.017,9.43704,FALSE
30-07-2022 08:15,6.668,0.013,7.4894976,FALSE
01-08-2022 08:00,7.853,0.017,11.5344864,FALSE
02-08-2022 08:00,15.36,0.027,35.831808,FALSE
03-08-2022 08:00,17.03,0.073,107.411616,FALSE
04-08-2022 08:00,34.28,0.037,109.586304,FALSE
05-08-2022 08:00,64.96,0.013,72.963072,FALSE
06-08-2022 08:00,51.18,0.016,70.751232,FALSE
08-08-2022 08:00,37.17,0.07,224.80416,FALSE
10-08-2022 08:00,42.01,0.021,76.222944,FALSE
11-08-2022 08:00,37.14,0.029,93.057984,FALSE
16-08-2022 08:00,14.12,0.041,50.018688,FALSE
17-08-2022 08:00,15.07,0.045,58.59216,FALSE
18-08-2022 08:00,14.65,0.028,35.44128,FALSE
19-08-2022 08:15,7.884,0.033,22.4788608,FALSE
20-08-2022 08:15,7.73,0.016,10.685952,FALSE
22-08-2022 08:15,6.339,0.027,14.7876192,FALSE
23-08-2022 08:00,12.23,0.052,54.946944,FALSE
25-08-2022 08:15,6.496,0.024,13.4701056,FALSE
27-08-2022 08:00,12.67,0.041,44.882208,FALSE
29-08-2022 08:00,12.23,0.045,47.55024,FALSE
30-08-2022 08:00,17.26,0.045,67.10688,FALSE
15-09-2022 08:00,8.263,0.039,27.8430048,FALSE
16-09-2022 08:15,6.974,0.031,18.6791616,FALSE
17-09-2022 08:15,6.986,0.022,13.2789888,FALSE
01-10-2022 08:15,14.99,0.048,62.166528,FALSE
03-10-2022 08:00,12.8,0.04,44.2368,FALSE
06-10-2022 08:15,4.069,0.011,3.8671776,FALSE
08-10-2022 08:15,4.884,0.013,5.4857088,FALSE
10-10-2022 08:15,5.731,0.019,9.4080096,FALSE
11-10-2022 09:00,5.747,0.031,15.3927648,FALSE
12-10-2022 08:00,12.6,0.042,45.72288,FALSE
15-10-2022 08:15,9.948,0.019,16.3306368,FALSE
17-10-2022 08:00,17.61,0.035,53.25264,FALSE
18-10-2022 09:00,30.4,0.068,178.60608,FALSE
19-10-2022 08:00,13,0.022,24.7104,FALSE
20-10-2022 08:00,13.6,0.022,25.85088,FALSE
21-10-2022 08:00,13.21,0.226,257.943744,FALSE
22-10-2022 08:00,13.01,0.026,29.225664,FALSE
25-10-2022 08:00,14.99,0.011,14.246496,FALSE
26-10-2022 09:00,5.547,0.014,6.7096512,FALSE
27-10-2022 09:00,5.286,0.021,9.5909184,FALSE
28-10-2022 09:15,4.243,0.27,98.980704,FALSE
29-10-2022 08:15,13.6,0.03,35.2512,FALSE
01-11-2022 08:00,14.78,0.046,58.741632,FALSE
02-11-2022 08:00,14.99,0.04,51.80544,FALSE
03-11-2022 09:00,14.99,0.044,56.985984,FALSE
04-11-2022 08:00,13.04,0.038,42.812928,FALSE
05-11-2022 08:00,13,0.061,68.5152,FALSE
07-11-2022 08:00,12,0.021,21.7728,FALSE
09-11-2022 08:00,7.625,0.04,26.352,FALSE
10-11-2022 09:00,12.79,0.046,50.832576,FALSE
11-11-2022 09:00,13,0.039,43.8048,FALSE
12-11-2022 08:00,16.2,0.037,51.78816,FALSE
14-11-2022 08:00,15.6,0.043,57.95712,FALSE
15-11-2022 08:00,12.2,0.022,23.18976,FALSE
16-11-2022 08:00,14.99,0.051,66.051936,FALSE
17-11-2022 08:00,15.59,0.035,47.14416,FALSE
18-11-2022 08:00,12.79,0.054,59.673024,FALSE
19-11-2022 08:00,14.99,0.029,37.558944,FALSE
21-11-2022 08:00,14.99,0.037,47.920032,FALSE
22-11-2022 09:00,12.97,0.036,40.341888,FALSE
23-11-2022 08:00,12.59,0.039,42.423264,FALSE
24-11-2022 09:00,14.112,0.015,18.289152,FALSE
25-11-2022 09:00,10.861,0.021,19.7061984,FALSE
26-11-2022 08:00,17.219,0.008,11.9017728,FALSE
28-11-2022 09:00,9.943,0.037,31.7857824,FALSE
29-11-2022 09:00,14.897,0.025,32.17752,FALSE
30-11-2022 09:00,17.755,0.076,116.586432,FALSE
01-12-2022 09:00,11.004,0.018,17.1134208,FALSE
02-12-2022 09:00,17.518,0.012,18.1626624,FALSE
03-12-2022 08:15,8.192,0.014,9.9090432,FALSE
05-12-2022 09:00,12.931,0.031,34.6343904,FALSE
07-12-2022 09:00,10.574,0.012,10.9631232,FALSE
08-12-2022 09:00,11.796,0.013,13.2492672,FALSE
09-12-2022 09:00,11.133,0.026,25.0091712,FALSE
10-12-2022 09:00,10.983,0.018,17.0807616,FALSE
12-12-2022 09:00,15.161,0.017,22.2684768,FALSE
13-12-2022 09:00,11.189,0.021,20.3013216,FALSE
14-12-2022 09:00,12.232,0.023,24.3074304,FALSE
15-12-2022 09:00,12.034,0.02,20.794752,FALSE
16-12-2022 08:15,10.452,0.022,19.8671616,FALSE
17-12-2022 08:15,9.351,0.005,4.039632,FALSE
19-12-2022 08:15,8.498,0.008,5.8738176,FALSE
20-12-2022 09:00,11.591,0.015,15.021936,FALSE
21-12-2022 09:00,9.904,0.014,11.9798784,FALSE
22-12-2022 09:00,13.521,0.021,24.5325024,FALSE
23-12-2022 09:00,8.72,0.027,20.342016,FALSE
24-12-2022 09:00,11.049,0.014,13.3648704,FALSE
26-12-2022 09:00,11.843,0.024,24.5576448,FALSE
27-12-2022 09:00,9.81,0.016,13.561344,FALSE
28-12-2022 09:00,12.23,0.019,20.076768,FALSE
30-12-2022 09:00,10.781,0.09,83.833056,FALSE
31-12-2022 09:00,10.01,0.002,1.729728,FALSE
02-01-2023 09:00,13.93,0.01,12.03552,FALSE
03-01-2023 09:00,14.295,0.014,17.291232,FALSE
04-01-2023 09:00,23.016,0.01,19.885824,FALSE
05-01-2023 09:00,17.867,0.01,15.437088,FALSE
06-01-2023 09:00,16.934,0.008,11.7047808,FALSE
07-01-2023 09:00,18.108,0.006,9.3871872,FALSE
09-01-2023 09:00,17.06,0.011,16.213824,FALSE
10-01-2023 09:00,17.081,0.005,7.378992,FALSE
11-01-2023 09:00,15.967,0.004,5.5181952,FALSE
12-01-2023 09:00,16.203,0.006,8.3996352,FALSE
13-01-2023 09:00,13.399,0.005,5.788368,FALSE
14-01-2023 09:00,14.67,0.003,3.802464,FALSE
16-01-2023 09:00,10.684,0.014,12.9233664,FALSE
17-01-2023 09:00,11.363,0.016,15.7082112,FALSE
18-01-2023 09:00,11.273,0.017,16.5577824,FALSE
19-01-2023 09:00,11.419,0.019,18.7454304,FALSE
20-01-2023 09:00,13.201,0.011,12.5462304,FALSE
21-01-2023 09:00,13.325,0.009,10.36152,FALSE
23-01-2023 09:00,10.861,0.011,10.3222944,FALSE
24-01-2023 09:00,12.705,0.009,9.879408,FALSE
25-01-2023 09:00,12.553,0.007,7.5920544,FALSE
27-01-2023 09:00,11.887,0.002,2.0540736,FALSE
28-01-2023 09:00,12.232,0.009,9.5116032,FALSE
30-01-2023 09:00,11.359,0.01,9.814176,FALSE
01-02-2023 09:00,9.8,0.016,13.54752,FALSE
02-02-2023 09:00,9.745,0.018,15.155424,FALSE
03-02-2023 09:00,9.508,0.022,18.0728064,FALSE
04-02-2023 09:00,11.184,0.008,7.7303808,FALSE
06-02-2023 09:00,8.996,0.01,7.772544,FALSE
07-02-2023 09:00,8.75,0.009,6.804,FALSE
08-02-2023 09:00,9.308,0.018,14.4758016,FALSE
09-02-2023 09:00,11.416,0.011,10.8497664,FALSE
10-02-2023 09:00,9.137,0.02,15.788736,FALSE
11-02-2023 09:00,9.142,0.011,8.6885568,FALSE
13-02-2023 09:00,9.144,0.012,9.4804992,FALSE
14-02-2023 09:00,8.728,0.013,9.8032896,FALSE
15-02-2023 09:00,8.911,0.015,11.548656,FALSE
16-02-2023 09:00,10.026,0.015,12.993696,FALSE
17-02-2023 09:00,8.873,0.011,8.4328992,FALSE
18-02-2023 09:00,12.678,0.016,17.5260672,FALSE
20-02-2023 09:00,14.346,0.014,17.3529216,FALSE
21-02-2023 09:00,12.767,0.014,15.4429632,FALSE
22-02-2023 09:00,12.471,0.01,10.774944,FALSE
23-02-2023 08:00,12.203,0.01,10.543392,FALSE
24-02-2023 09:00,12.066,0.016,16.6800384,FALSE
25-02-2023 08:00,13.332,0.015,17.278272,FALSE
27-02-2023 09:00,10.827,0.016,14.9672448,FALSE
28-02-2023 09:00,12.288,0.014,14.8635648,FALSE
01-03-2023 09:00,12.024,0.019,19.7385984,FALSE
02-03-2023 09:00,12.419,0.016,17.1680256,FALSE
03-03-2023 09:00,12.49,0.015,16.18704,FALSE
04-03-2023 09:00,11.063,0.019,18.1610208,FALSE
06-03-2023 09:00,10.875,0.018,16.9128,FALSE
07-03-2023 09:00,11.372,0.019,18.6682752,FALSE
08-03-2023 09:00,11.462,0.019,18.8160192,FALSE
09-03-2023 09:00,11.232,0.011,10.6748928,FALSE
10-03-2023 09:00,10.818,0.01,9.346752,FALSE
11-03-2023 09:00,11.946,0.01,10.321344,FALSE
13-03-2023 09:00,11.092,0.012,11.5001856,FALSE
14-03-2023 09:00,9.77,0.017,14.350176,FALSE
15-03-2023 09:00,9.693,0.021,17.5869792,FALSE
16-03-2023 09:00,10.217,0.016,14.1239808,FALSE
17-03-2023 08:15,6.843,0.016,9.4597632,FALSE
18-03-2023 09:00,10.14,0.013,11.389248,FALSE
20-03-2023 08:15,7.447,0.013,8.3644704,FALSE
21-03-2023 08:15,6.203,0.018,9.6469056,FALSE
22-03-2023 08:15,5.918,0.017,8.6923584,FALSE
23-03-2023 09:00,5.859,0.022,11.1367872,FALSE
24-03-2023 09:00,5.057,0.021,9.1754208,FALSE
25-03-2023 08:15,5.128,0.016,7.0889472,FALSE
27-03-2023 08:15,4.6,0.017,6.75648,FALSE
28-03-2023 08:15,4.876,0.019,8.0044416,FALSE
29-03-2023 08:15,4.366,0.02,7.544448,FALSE
30-03-2023 08:15,3.414,0.25,73.7424,FALSE
31-03-2023 08:00,4.347,0.021,7.8871968,FALSE
01-04-2023 08:15,2.923,0.012,3.0305664,FALSE
03-04-2023 08:15,2.353,0.019,3.8626848,FALSE
05-04-2023 08:15,1.753,0.02,3.029184,FALSE
06-04-2023 08:15,1.845,0.013,2.072304,FALSE
08-04-2023 08:15,1.724,0.03,4.468608,FALSE
10-04-2023 08:15,1.963,0.019,3.2224608,FALSE
11-04-2023 08:15,1.641,0.027,3.8281248,FALSE
12-04-2023 08:00,2.285,0.018,3.553632,FALSE
13-04-2023 08:15,1.726,0.025,3.72816,FALSE
15-04-2023 08:15,2.226,0.025,4.80816,FALSE
17-04-2023 08:15,2.414,0.021,4.3799616,FALSE
18-04-2023 08:15,2.461,0.025,5.31576,FALSE
19-04-2023 08:15,2.043,0.027,4.7659104,FALSE
20-04-2023 08:15,1.59,0.027,3.709152,FALSE
21-04-2023 08:15,1.78,0.023,3.537216,FALSE
24-04-2023 08:15,2.012,0.026,4.5197568,FALSE
25-04-2023 08:15,2.007,0.019,3.2946912,FALSE
26-04-2023 08:15,1.564,0.018,2.4323328,FALSE
27-04-2023 08:15,1.203,0.025,2.59848,FALSE
28-04-2023 08:15,1.946,0.014,2.3538816,FALSE
29-04-2023 08:15,1.75,0.021,3.1752,FALSE
01-05-2023 08:15,3.115,0.02,5.38272,FALSE
02-05-2023 08:15,2.275,0.021,4.12776,FALSE
03-05-2023 08:15,4.66,0.019,7.649856,FALSE
04-05-2023 08:15,3.924,0.018,6.1026048,FALSE
06-05-2023 08:15,2.48,0.024,5.142528,FALSE
08-05-2023 08:15,2.638,0.014,3.1909248,FALSE
09-05-2023 08:15,2.603,0.007,1.5742944,FALSE
10-05-2023 08:15,1.787,0.013,2.0071584,FALSE
11-05-2023 08:15,1.795,0.029,4.497552,FALSE
12-05-2023 08:15,1.443,0.012,1.4961024,FALSE
13-05-2023 08:15,1.594,0.022,3.0298752,FALSE
15-05-2023 08:15,2.252,0.025,4.86432,FALSE
16-05-2023 08:15,1.873,0.025,4.04568,FALSE
17-05-2023 08:15,1.747,0.021,3.1697568,FALSE
18-05-2023 08:15,2.464,0.018,3.8320128,FALSE
19-05-2023 08:15,2.44,0.022,4.637952,FALSE
20-05-2023 08:15,2.382,0.022,4.5277056,FALSE
22-05-2023 08:15,3.256,0.015,4.219776,FALSE
23-05-2023 08:15,2.573,0.013,2.8899936,FALSE
24-05-2023 08:15,1.909,0.013,2.1441888,FALSE
25-05-2023 08:15,2.246,0.019,3.6870336,FALSE
26-05-2023 08:15,1.84,0.017,2.702592,FALSE
27-05-2023 08:15,1.817,0.015,2.354832,FALSE
29-05-2023 08:15,2.258,0.018,3.5116416,FALSE
30-05-2023 08:15,1.613,0.02,2.787264,FALSE
31-05-2023 08:15,1.231,0.023,2.4462432,FALSE
01-06-2023 08:15,0.908,0.015,1.176768,FALSE
02-06-2023 08:15,0.912,0.014,1.1031552,FALSE
03-06-2023 08:15,1.125,0.022,2.1384,FALSE
05-06-2023 08:15,0.99,0.017,1.454112,FALSE
06-06-2023 08:15,2.384,0.019,3.9135744,FALSE
07-06-2023 08:15,3.343,0.031,8.9538912,FALSE
08-06-2023 08:15,5.61,0.028,13.571712,FALSE
09-06-2023 08:15,6.23,0.02,10.76544,FALSE
10-06-2023 08:15,5.561,0.017,8.1679968,FALSE
12-06-2023 08:15,6.824,0.016,9.4334976,FALSE
13-06-2023 08:15,4.739,0.013,5.3228448,FALSE
14-06-2023 08:15,3.796,0.015,4.919616,FALSE
15-06-2023 08:15,6.08,0.013,6.829056,FALSE
16-06-2023 08:15,5.631,0.013,6.3247392,FALSE
17-06-2023 08:15,6.497,0.014,7.8587712,FALSE
19-06-2023 08:15,5.691,0.019,9.3423456,FALSE
20-06-2023 08:15,5.482,0.021,9.9465408,FALSE
21-06-2023 08:15,5.484,0.021,9.9501696,FALSE
22-06-2023 08:15,5.671,0.015,7.349616,FALSE
23-06-2023 08:15,5.116,0.016,7.0723584,FALSE
24-06-2023 08:15,4.799,0.019,7.8780384,FALSE
26-06-2023 08:15,4.976,0.019,8.1686016,FALSE
27-06-2023 08:00,5.242,0.016,7.2465408,FALSE
28-06-2023 08:15,5.202,0.022,9.8879616,FALSE
30-06-2023 08:15,4.589,0.02,7.929792,FALSE
01-07-2023 08:15,3.435,0.022,6.529248,FALSE
03-07-2023 08:15,3.731,0.023,7.4142432,FALSE
04-07-2023 08:15,4.209,0.014,5.0912064,FALSE
05-07-2023 08:15,4.104,0.023,8.1554688,FALSE
06-07-2023 08:15,4.633,0.018,7.2052416,FALSE
07-07-2023 08:15,3.504,0.011,3.3302016,FALSE
08-07-2023 08:15,2.834,0.012,2.9382912,FALSE
10-07-2023 08:15,3.7,0.021,6.71328,FALSE
11-07-2023 08:15,4.229,0.028,10.2307968,FALSE
13-07-2023 08:15,3.935,0.015,5.09976,FALSE
15-07-2023 08:15,4.223,0.005,1.824336,FALSE
17-07-2023 08:15,5.2,0.008,3.59424,FALSE
18-07-2023 08:15,4.936,0.01,4.264704,FALSE
19-07-2023 08:15,5.451,0.017,8.0064288,FALSE
20-07-2023 08:15,4.754,0.013,5.3396928,FALSE
21-07-2023 08:15,3.709,0.01,3.204576,FALSE
22-07-2023 08:00,2.369,0.008,1.6374528,FALSE
24-07-2023 09:00,6.478,0.021,11.7536832,FALSE
26-07-2023 08:15,5.158,0.022,9.8043264,FALSE
27-07-2023 08:15,4.827,0.014,5.8387392,FALSE
28-07-2023 08:15,2.577,0.015,3.339792,FALSE
31-07-2023 08:15,5.493,0.024,11.3902848,FALSE
01-08-2023 08:15,5.023,0.011,4.7738592,FALSE
02-08-2023 08:15,4.133,0.011,3.9280032,FALSE
03-08-2023 08:15,4.236,0.014,5.1238656,FALSE
04-08-2023 08:00,4.368,0.016,6.0383232,FALSE
05-08-2023 08:15,4.086,0.018,6.3545472,FALSE
07-08-2023 08:15,4.906,0.021,8.9014464,FALSE
08-08-2023 08:15,5.023,0.02,8.679744,FALSE
09-08-2023 08:15,5.048,0.012,5.2337664,FALSE
10-08-2023 08:15,4.711,0.016,6.5124864,FALSE
11-08-2023 08:15,5.355,0.018,8.328096,FALSE
12-08-2023 08:15,4.519,0.021,8.1992736,FALSE
14-08-2023 08:15,4.986,0.016,6.8926464,FALSE
16-08-2023 08:15,5.067,0.029,12.6958752,FALSE
17-08-2023 08:15,4.837,0.024,10.0300032,FALSE
18-08-2023 08:15,4.741,0.004,1.6384896,FALSE
19-08-2023 09:00,5.269,0.018,8.1943488,FALSE
21-08-2023 08:00,5.115,0.019,8.396784,FALSE
22-08-2023 08:15,4.701,0.011,4.4678304,FALSE
23-08-2023 08:15,2.055,0.021,3.728592,FALSE
25-08-2023 08:15,5.638,0.013,6.3326016,FALSE
26-08-2023 09:15,5.005,0.014,6.054048,FALSE
28-08-2023 08:15,4.324,0.016,5.9774976,FALSE
30-08-2023 08:15,5.717,0.025,12.34872,FALSE
31-08-2023 08:15,5.219,0.0145,6.5383632,FALSE
01-09-2023 08:15,4.723,0.02,8.161344,FALSE
02-09-2023 08:15,5.708,0.017,8.3839104,FALSE
04-09-2023 08:15,5.656,0.007,3.4207488,FALSE
05-09-2023 08:15,5.83,0.015,7.55568,FALSE
06-09-2023 08:15,5.453,0.016,7.5382272,FALSE
07-09-2023 08:15,5.262,0.005,2.273184,FALSE
08-09-2023 08:00,5.44,0.025,11.7504,FALSE
09-09-2023 08:15,5.55,0.019,9.11088,FALSE
11-09-2023 08:15,5.633,0.019,9.2471328,FALSE
12-09-2023 08:15,5.571,0.035,16.846704,FALSE
13-09-2023 08:15,4.98,0.009,3.872448,FALSE
14-09-2023 08:15,5.723,0.016,7.9114752,FALSE
15-09-2023 08:15,5.72,0.006,2.965248,FALSE
16-09-2023 08:15,5.781,0.016,7.9916544,FALSE
18-09-2023 08:15,5.363,0.009,4.1702688,FALSE
20-09-2023 08:15,6.633,0.012,6.8770944,FALSE
21-09-2023 08:15,5.446,0.023,10.8222912,FALSE
22-09-2023 08:15,6.248,0.021,11.3363712,FALSE
25-09-2023 08:15,5.802,0.017,8.5219776,FALSE
26-09-2023 08:15,5.888,0.025,12.71808,FALSE
27-09-2023 08:15,5.733,0.022,10.8972864,FALSE
29-09-2023 08:15,6.739,0.018,10.4804928,FALSE
30-09-2023 08:15,6.706,0.021,12.1673664,FALSE
03-10-2023 08:15,5.6,0.016,7.74144,FALSE
04-10-2023 08:15,4.134,0.036,12.8583936,FALSE
05-10-2023 09:00,6.762,0.017,9.9320256,FALSE
06-10-2023 08:15,7.245,0.039,24.412752,FALSE
07-10-2023 08:15,5.7,0.029,14.28192,FALSE
09-10-2023 08:15,5.678,0.029,14.2267968,FALSE
10-10-2023 08:15,6.957,0.038,22.8412224,FALSE
11-10-2023 08:15,5.877,0.034,17.2642752,FALSE
12-10-2023 08:15,5.588,0.001,0.4828032,FALSE
13-10-2023 08:15,5.974,0.018,9.2907648,FALSE
14-10-2023 08:15,4.821,0.042,17.4944448,FALSE
16-10-2023 08:15,5.401,0.053,24.7322592,FALSE
17-10-2023 08:15,5.854,0.064,32.3702784,FALSE
18-10-2023 08:15,5.142,0.056,24.8790528,FALSE
19-10-2023 08:15,6.952,0.048,28.8313344,FALSE
20-10-2023 08:15,6.02,0.045,23.40576,FALSE
21-10-2023 08:15,5.886,0.028,14.2394112,FALSE
23-10-2023 08:15,5.622,0.024,11.6577792,FALSE
26-10-2023 08:15,6.016,0.025,12.99456,FALSE
27-10-2023 08:15,6.057,0.044,23.0262912,FALSE
28-10-2023 08:15,5.212,0.058,26.1183744,FALSE
30-10-2023 08:15,5.219,0.009,4.0582944,FALSE
31-10-2023 08:15,5.294,0.017,7.7758272,FALSE
01-11-2023 08:15,5.666,0.03,14.686272,FALSE
02-11-2023 08:15,5.682,0.032,15.7095936,FALSE
03-11-2023 08:15,5.787,0.031,15.4999008,FALSE
04-11-2023 08:00,5.985,0.041,21.201264,FALSE
06-11-2023 08:15,3.771,0.047,15.3132768,FALSE
07-11-2023 08:15,3.675,0.026,8.25552,FALSE
08-11-2023 08:15,5.089,0.028,12.3113088,FALSE
09-11-2023 08:15,5.75,0.056,27.8208,FALSE
10-11-2023 08:15,5.326,0.055,25.309152,FALSE
11-11-2023 08:00,2.995,0.02,5.17536,FALSE
13-11-2023 08:15,5.698,0.017,8.3692224,FALSE
14-11-2023 08:15,5.902,0.007,3.5695296,FALSE
15-11-2023 08:15,5.273,0.07,31.891104,FALSE
16-11-2023 08:00,5.239,0.004,1.8105984,FALSE
17-11-2023 08:15,5.382,0.045,20.925216,FALSE
18-11-2023 08:00,5.323,0.024,11.0377728,FALSE
20-11-2023 08:15,4.761,0.016,6.5816064,FALSE
21-11-2023 08:15,5.045,0.001,0.435888,FALSE
22-11-2023 08:15,5.365,0.025,11.5884,FALSE
23-11-2023 08:15,7.133,0.025,15.40728,FALSE
24-11-2023 08:15,3.722,0.041,13.1848128,FALSE
25-11-2023 08:15,4.857,0.007,2.9375136,FALSE
28-11-2023 08:15,5.065,0.038,16.629408,FALSE
29-11-2023 08:15,5.276,0.011,5.0143104,FALSE
30-11-2023 08:15,5.55,0.023,11.02896,FALSE
01-12-2023 08:15,4.903,0.033,13.9794336,FALSE
02-12-2023 08:15,4.922,0.026,11.0567808,FALSE
04-12-2023 08:15,5.383,0.019,8.8367328,FALSE
05-12-2023 08:15,5.155,0.03,13.36176,FALSE
06-12-2023 08:15,4.231,0.021,7.6767264,FALSE
07-12-2023 08:15,3.916,0.028,9.4735872,FALSE
08-12-2023 08:15,7.632,0.024,15.8257152,FALSE
09-12-2023 09:00,17.584,0.077,116.9828352,FALSE
11-12-2023 08:15,2.969,0.056,14.3652096,FALSE
12-12-2023 08:15,3.44,0.045,13.37472,FALSE
13-12-2023 08:15,5.162,0.049,21.8538432,FALSE
14-12-2023 08:15,4.423,0.031,11.8465632,FALSE
15-12-2023 08:15,4.072,0.045,15.831936,FALSE
16-12-2023 08:15,3.711,0.044,14.1077376,FALSE
18-12-2023 08:15,6.645,0.028,16.075584,FALSE
19-12-2023 09:00,8.214,0.039,27.6778944,FALSE
20-12-2023 08:15,4.472,0.044,17.0007552,FALSE
21-12-2023 08:15,5.47,0.049,23.157792,FALSE
22-12-2023 08:15,5.149,0.044,19.5744384,FALSE
23-12-2023 08:15,4.995,0.061,26.325648,FALSE
26-12-2023 08:15,4.386,0.026,9.8527104,FALSE
27-12-2023 08:15,4.869,0.084,35.3372544,FALSE
28-12-2023 08:15,4.448,0.042,16.1409024,FALSE
29-12-2023 08:15,3.91,0.03,10.13472,FALSE
30-12-2023 08:15,4.087,0.018,6.3561024,FALSE
01-01-2024 08:15,5.225,0.012,5.41728,FALSE
02-01-2024 08:15,5.773,0.047,23.4429984,FALSE
03-01-2024 08:15,4.966,0.026,11.1556224,FALSE
04-01-2024 08:15,4.596,0.024,9.5302656,FALSE
05-01-2024 08:15,5.041,0.024,10.4530176,FALSE
06-01-2024 08:15,3.571,0.034,10.4901696,FALSE
08-01-2024 08:15,4.371,0.038,14.3508672,FALSE
09-01-2024 08:15,5.124,0.015,6.640704,FALSE
10-01-2024 08:15,19.648,0.078,132.4118016,FALSE
11-01-2024 08:15,5.887,0.046,23.3972928,FALSE
12-01-2024 08:15,7.949,0.032,21.9773952,FALSE
13-01-2024 08:15,6.882,0.04,23.784192,FALSE
16-01-2024 08:15,3.997,0.018,6.2161344,FALSE
17-01-2024 08:15,5.876,0.041,20.8151424,FALSE
18-01-2024 08:15,4.866,0.03,12.612672,FALSE
19-01-2024 08:15,4.189,0.032,11.5817472,FALSE
20-01-2024 08:15,5.311,0.023,10.5540192,FALSE
23-01-2024 08:15,6.11,0.018,9.502272,FALSE
24-01-2024 08:15,5.695,0.01,4.92048,FALSE
25-01-2024 08:15,5.512,0.025,11.90592,FALSE
27-01-2024 08:15,6.016,0.017,8.8363008,FALSE
29-01-2024 08:15,7.878,0.023,15.6551616,FALSE
30-01-2024 08:15,6.953,0.01,6.007392,FALSE
31-01-2024 08:15,7.792,0.013,8.7519744,FALSE
01-02-2024 08:15,9.862,0.015,12.781152,FALSE
02-02-2024 08:15,8.991,0.021,16.3132704,FALSE
03-02-2024 08:15,8.851,0.018,13.7650752,FALSE
05-02-2024 08:15,6.634,0.015,8.597664,FALSE
06-02-2024 08:15,6.352,0.017,9.3298176,FALSE
07-02-2024 08:15,7.632,0.024,15.8257152,FALSE
08-02-2024 08:15,7.286,0.02,12.590208,FALSE
09-02-2024 08:15,8.095,0.02,13.98816,FALSE
10-02-2024 09:00,7.004,0.026,15.7337856,FALSE
12-02-2024 08:15,6.999,0.007,4.2329952,FALSE
13-02-2024 08:15,8.342,0.007,5.0452416,FALSE
14-02-2024 08:15,8.023,0.006,4.1591232,FALSE
15-02-2024 08:15,10.627,0.021,19.2816288,FALSE
16-02-2024 08:15,8.571,0.012,8.8864128,FALSE
17-02-2024 08:15,8.667,0.022,16.4742336,FALSE
19-02-2024 08:15,8.691,0.021,15.7689504,FALSE
20-02-2024 08:15,8.364,0.02,14.452992,FALSE
21-02-2024 08:15,6.61,0.029,16.562016,FALSE
22-02-2024 08:15,8.038,0.017,11.8062144,FALSE
23-02-2024 08:15,6.622,0.037,21.1692096,FALSE
24-02-2024 08:15,6.501,0.03,16.850592,FALSE
26-02-2024 08:15,7.053,0.023,14.0157216,FALSE
27-02-2024 08:15,8.315,0.084,60.346944,FALSE
28-02-2024 08:15,7.235,0.042,26.254368,FALSE
29-02-2024 08:15,7.929,0.03,20.551968,FALSE
01-03-2024 08:15,7.934,0.025,17.13744,FALSE
02-03-2024 08:00,7.771,0.015,10.071216,FALSE
04-03-2024 08:15,6.919,0.017,10.1626272,FALSE
05-03-2024 08:15,7.56,0.033,21.555072,FALSE
06-03-2024 08:15,7.147,0.015,9.262512,FALSE
07-03-2024 08:15,7.066,0.032,19.5360768,FALSE
08-03-2024 08:15,7.054,0.015,9.141984,FALSE
09-03-2024 08:00,6.994,0.026,15.7113216,FALSE
11-03-2024 08:15,8.363,0.011,7.9481952,FALSE
12-03-2024 08:15,7.027,0,0,TRUE
13-03-2024 08:15,7.02,0.008,4.852224,FALSE
14-03-2024 08:15,9.615,0.009,7.476624,FALSE
15-03-2024 08:15,5.891,0.022,11.1976128,FALSE
21-03-2024 08:15,4.731,0.012,4.9051008,FALSE
22-03-2024 08:15,5.157,0.027,12.0302496,FALSE
23-03-2024 08:15,5.183,0.018,8.0606016,FALSE
25-03-2024 08:15,6.857,0.016,9.4791168,FALSE
26-03-2024 08:15,5.319,0.033,15.1655328,FALSE
27-03-2024 08:15,5.014,0.025,10.83024,FALSE
28-03-2024 08:15,5.308,0.017,7.7963904,FALSE
30-03-2024 08:15,3.935,0.027,9.179568,FALSE
01-04-2024 08:15,4.01,0.024,8.315136,FALSE
02-04-2024 08:15,4.181,0.021,7.5860064,FALSE
03-04-2024 08:15,3.435,0.018,5.342112,FALSE
04-04-2024 08:15,2.846,0.006,1.4753664,FALSE
05-04-2024 08:15,2.79,0.041,9.883296,FALSE
06-04-2024 08:15,2.781,0.029,6.9680736,FALSE
08-04-2024 08:15,4.05,0.017,5.94864,FALSE
09-04-2024 08:15,4.152,0.02,7.174656,FALSE
10-04-2024 08:15,3.343,0.027,7.7985504,FALSE
12-04-2024 08:15,4.567,0.024,9.4701312,FALSE
13-04-2024 08:15,5.773,0.029,14.4648288,FALSE
15-04-2024 08:15,5.432,0.024,11.2637952,FALSE
16-04-2024 08:15,4.823,0.043,17.9184096,FALSE
17-04-2024 08:15,3.923,0.025,8.47368,FALSE
18-04-2024 08:15,3.122,0.019,5.1250752,FALSE
20-04-2024 08:15,5.532,0.021,10.0372608,FALSE
22-04-2024 08:15,3.569,0.035,10.792656,FALSE
23-04-2024 08:15,3.567,0.031,9.5538528,FALSE
24-04-2024 08:15,3.471,0.042,12.5955648,FALSE
25-04-2024 08:15,3.255,0.023,6.468336,FALSE
26-04-2024 08:15,3.332,0.048,13.8184704,FALSE
27-04-2024 08:15,2.977,0.033,8.4880224,FALSE
29-04-2024 08:15,2.859,0.02,4.940352,FALSE
30-04-2024 08:15,4.188,0.027,9.7697664,FALSE
01-05-2024 08:15,4.817,0.0415,17.2718352,FALSE
02-05-2024 08:15,4.681,0.0217,8.77631328,FALSE
03-05-2024 08:15,4.949,0.0328,14.02507008,FALSE
04-05-2024 08:15,5.217,0.0218,9.82632384,FALSE
06-05-2024 08:15,5.251,0.0134,6.07939776,FALSE
07-05-2024 08:15,4.777,0.0273,11.26760544,FALSE
08-05-2024 08:15,5.524,0.0324,15.46366464,FALSE
09-05-2024 08:15,5.142,0.0313,13.90561344,FALSE
10-05-2024 08:15,6.006,0.0557,28.90375488,FALSE
11-05-2024 08:15,2.968,0.0453,11.61651456,FALSE
13-05-2024 08:15,4.421,0.0414,15.81374016,FALSE
14-05-2024 08:15,3.297,0.0524,14.92670592,FALSE
15-05-2024 08:15,4.744,0.0461,18.89554176,FALSE
16-05-2024 08:15,3.468,0.0496,14.86190592,FALSE
17-05-2024 08:15,3.15,0.0587,15.975792,FALSE
18-05-2024 08:15,4.938,0.0432,18.43098624,FALSE
20-05-2024 08:15,3.906,0.0296,9.98936064,FALSE
21-05-2024 08:15,3.331,0.0474,13.64164416,FALSE
22-05-2024 09:00,19.685,0.0355,60.377832,FALSE
24-05-2024 08:15,4.427,0.0299,11.43653472,FALSE
25-05-2024 08:15,3.768,0.0384,12.50131968,FALSE
27-05-2024 08:15,2.603,0.0394,8.86102848,FALSE
28-05-2024 08:15,4.76,0.0347,14.2708608,FALSE
29-05-2024 08:15,4.135,0.0378,13.5045792,FALSE
30-05-2024 08:15,3.69,0.0318,10.1383488,FALSE
31-05-2024 08:00,2.966,0.0234,5.99654016,FALSE
01-06-2024 08:00,3.826,0.0336,11.10703104,FALSE
03-06-2024 08:00,3.067,0.0561,14.86587168,FALSE
04-06-2024 08:00,2.537,0.0232,5.08536576,FALSE
05-06-2024 08:00,2.415,0.0579,12.0811824,FALSE
06-06-2024 08:00,2.309,0.05,9.97488,FALSE
07-06-2024 08:00,2.521,0.0443,9.64917792,FALSE
08-06-2024 08:00,2.966,0.0388,9.94298112,FALSE
10-06-2024 08:00,2.734,0.0456,10.77152256,FALSE
11-06-2024 08:00,2.649,0.0707,16.18136352,FALSE
12-06-2024 08:00,3.223,0.0276,7.68569472,FALSE
13-06-2024 08:00,2.648,0.0224,5.12483328,FALSE
14-06-2024 08:00,3.194,0.0491,13.54971456,FALSE
15-06-2024 08:00,3.483,0.0544,16.37065728,FALSE
18-06-2024 08:00,3.966,0.0463,15.86526912,FALSE
19-06-2024 08:00,4.446,0.0398,15.28854912,FALSE
20-06-2024 08:00,5.566,0.0206,9.90658944,FALSE
21-06-2024 08:00,5.308,0.0286,13.11628032,FALSE
22-06-2024 08:00,5.407,0.0159,7.42792032,FALSE
24-06-2024 08:00,5.272,0.0211,9.61106688,FALSE
25-06-2024 08:00,6.079,0.0348,18.27785088,FALSE
26-06-2024 08:00,6.697,0.0254,14.69696832,FALSE
27-06-2024 08:00,7.571,0.0351,22.96011744,FALSE
28-06-2024 08:00,5.095,0.0342,15.0551136,FALSE
29-06-2024 08:00,4.188,0.0392,14.18425344,FALSE
01-07-2024 08:15,5.604,0.0279,13.50877824,FALSE
02-07-2024 08:15,3.94,0.0188,6.3998208,FALSE
03-07-2024 08:15,4.606,0.0228,9.07345152,FALSE
04-07-2024 08:15,4.717,0.0127,5.17586976,FALSE
05-07-2024 08:15,3.944,0.0213,7.25822208,FALSE
06-07-2024 08:15,4.497,0.0422,16.39642176,FALSE
08-07-2024 08:15,6.472,0.0422,23.59742976,FALSE
09-07-2024 08:15,5.834,0.023,11.5933248,FALSE
10-07-2024 08:15,5.804,0.0401,20.10877056,FALSE
11-07-2024 08:15,5.242,0.0312,14.13075456,FALSE
12-07-2024 08:15,4.311,0.0385,14.3401104,FALSE
13-07-2024 08:15,5.723,0.0464,22.94327808,FALSE
15-07-2024 08:15,9.598,0.0294,24.38045568,FALSE
16-07-2024 08:15,19.212,0.058,96.2751744,FALSE
18-07-2024 08:15,14.983,0.0468,60.58406016,FALSE
19-07-2024 08:15,18.202,0.0333,52.36933824,FALSE
20-07-2024 08:15,16.944,0.0427,62.51116032,FALSE
22-07-2024 09:00,14.184,0.0257,31.49528832,FALSE
23-07-2024 09:00,13.489,0.0194,22.60972224,FALSE
24-07-2024 08:15,6.876,0.0285,16.9314624,FALSE
25-07-2024 08:15,5.929,0.0511,26.17677216,FALSE
26-07-2024 09:00,29.797,0.0438,112.761383,FALSE
27-07-2024 09:00,14.734,0.0431,54.86705856,FALSE
29-07-2024 09:00,34.066,0.0233,68.57894592,FALSE
02-08-2024 09:00,34.719,0.0226,67.79370816,FALSE
03-08-2024 09:00,18.114,0.028,43.8213888,FALSE
05-08-2024 09:00,13.124,0.0352,39.91375872,FALSE
06-08-2024 09:00,14.059,0.0282,34.25447232,FALSE
07-08-2024 09:00,10.771,0.0407,37.87600608,FALSE
09-08-2024 09:00,25.217,0.0213,46.40734944,FALSE
10-08-2024 08:00,18.081,0.036,56.2391424,FALSE
12-08-2024 08:15,7.684,0.0294,19.51858944,FALSE
13-08-2024 08:15,7.165,0.0325,20.11932,FALSE
16-08-2024 09:00,11.68,0.0209,21.0912768,FALSE
17-08-2024 09:00,12.589,0.0263,28.60623648,FALSE
19-08-2024 08:15,5.744,0.0079,3.92062464,FALSE
20-08-2024 08:15,7.006,0.0098,5.93212032,FALSE
21-08-2024 09:00,14.062,0.0648,78.72920064,FALSE
22-08-2024 09:00,14.164,0.0361,44.17808256,FALSE
23-08-2024 09:00,13.593,0.0263,30.88764576,FALSE
24-08-2024 09:00,14.488,0.0204,25.53596928,FALSE
26-08-2024 09:00,6.305,0.0293,15.9612336,FALSE
27-08-2024 08:15,3.912,0.0396,13.38467328,FALSE
28-08-2024 08:15,5.364,0.0195,9.0372672,FALSE
29-08-2024 08:15,7.494,0.0502,32.50357632,FALSE
30-08-2024 08:15,16.074,0.0213,29.58130368,FALSE
31-08-2024 09:00,14.571,0.0173,21.77956512,FALSE
02-09-2024 09:00,15.117,0.0329,42.97097952,FALSE
03-09-2024 09:00,12.874,0.0225,25.027056,FALSE
04-09-2024 09:00,8.378,0.0225,16.286832,FALSE
05-09-2024 08:15,7.534,0.0289,18.81209664,FALSE
06-09-2024 08:15,6.489,0.0422,23.65941312,FALSE
09-09-2024 08:15,6.413,0.0505,27.9812016,FALSE
10-09-2024 08:15,7.755,0.0108,7.2363456,FALSE
11-09-2024 08:15,8.267,0.0069,4.92845472,FALSE
12-09-2024 08:15,7.35,0.0841,53.406864,FALSE
13-09-2024 08:15,6.608,0.0245,13.9878144,FALSE
14-09-2024 08:15,5.879,0.0099,5.02866144,FALSE
16-09-2024 08:15,4.929,0.0102,4.34382912,FALSE
18-09-2024 08:15,6.431,0.0085,4.7229264,FALSE
19-09-2024 08:15,5.519,0.0101,4.81610016,FALSE
20-09-2024 08:15,6.103,0.0153,8.06767776,FALSE
21-09-2024 08:15,4.962,0.0173,7.41680064,FALSE
23-09-2024 08:15,5.038,0.0115,5.0057568,FALSE
24-09-2024 08:15,9.292,0.0112,8.99168256,FALSE
25-09-2024 08:15,13.319,0.006,6.9045696,FALSE
26-09-2024 08:15,6.385,0.0061,3.3651504,FALSE
27-09-2024 08:15,8.31,0.0033,2.3693472,FALSE
28-09-2024 08:15,7.774,0.0045,3.0225312,FALSE
30-09-2024 08:15,9.775,0.0058,4.898448,FALSE
01-10-2024 09:00,13.357,0.0004,0.46161792,FALSE
03-10-2024 09:00,13.778,0.0004,0.47616768,FALSE
04-10-2024 09:00,12.297,0.0164,17.42435712,FALSE
05-10-2024 09:00,13.581,0.0323,37.90076832,FALSE
07-10-2024 09:00,13.067,0.0341,38.49851808,FALSE
08-10-2024 09:00,10.35,0.035,31.2984,FALSE
09-10-2024 09:00,12.569,0.01,10.859616,FALSE
10-10-2024 09:00,13.545,0.0004,0.4681152,FALSE
14-10-2024 09:00,9.551,0.0337,27.80945568,FALSE
15-10-2024 09:00,11.47,0.0471,46.6764768,FALSE
16-10-2024 08:15,5.768,0.0417,20.78141184,FALSE
17-10-2024 08:15,4.519,0.0556,21.70855296,FALSE
18-10-2024 08:15,5.404,0.0234,10.92559104,FALSE
19-10-2024 08:15,4.652,0.0515,20.6995392,FALSE
21-10-2024 09:00,13.55,0.0519,60.760368,FALSE
22-10-2024 09:00,18.507,0.0538,86.02645824,FALSE
23-10-2024 09:00,21.016,0.0285,51.7497984,FALSE
24-10-2024 09:00,20.687,0.0424,75.78392832,FALSE
25-10-2024 09:00,19.636,0.0193,32.74342272,FALSE
26-10-2024 09:00,30.644,0.0183,48.45184128,FALSE
28-10-2024 09:00,19.617,0.0339,57.45740832,FALSE
29-10-2024 09:00,20.277,0.0283,49.57969824,FALSE
30-10-2024 09:00,19.769,0.031,52.9492896,FALSE
01-11-2024 09:00,20.913,0.0615,111.1233168,FALSE
02-11-2024 09:00,20.516,0.0194,34.38809856,FALSE
04-11-2024 09:00,13.157,0.066,75.0264768,FALSE
05-11-2024 09:00,9.564,0.0146,12.06441216,FALSE
06-11-2024 08:15,5.395,0.0222,10.3480416,FALSE
07-11-2024 08:15,5.183,0.0774,34.66058688,FALSE
08-11-2024 09:00,11.356,0.0273,26.78562432,FALSE
09-11-2024 09:00,28.81,0.0325,80.89848,FALSE
11-11-2024 09:00,13.515,0.0367,42.8544432,FALSE
12-11-2024 08:15,5.872,0.0535,27.1427328,FALSE
13-11-2024 08:15,6.876,0.0563,33.44706432,FALSE
14-11-2024 08:15,6.762,0.0398,23.25262464,FALSE
16-11-2024 08:15,3.9,0.0172,5.795712,FALSE
18-11-2024 08:15,7.183,0.0766,47.53881792,FALSE
19-11-2024 08:15,11.544,0.0149,14.86128384,FALSE
20-11-2024 08:15,12.411,0.0841,90.18130464,FALSE
21-11-2024 08:15,12.621,0.0232,25.29854208,FALSE
22-11-2024 08:15,12.442,0.0315,33.8621472,FALSE
23-11-2024 09:00,15.158,0.0445,58.2794784,FALSE
25-11-2024 09:00,16.282,0.0633,89.04821184,FALSE
26-11-2024 09:00,13.549,0.0356,41.67455616,FALSE
27-11-2024 09:00,9.545,0.0244,20.1223872,FALSE
28-11-2024 09:00,9.779,0.0454,38.35871424,FALSE
29-11-2024 09:00,9.761,0.0347,29.26425888,FALSE
30-11-2024 09:00,8.922,0.0289,22.27787712,FALSE
02-12-2024 09:00,10.394,0.0378,33.94597248,FALSE
03-12-2024 09:00,11.735,0.0299,30.3157296,FALSE
04-12-2024 08:15,9.06,0.0704,55.1079936,FALSE
05-12-2024 08:15,8.497,0.0358,26.28224064,FALSE
06-12-2024 08:15,8.166,0.0394,27.79837056,FALSE
07-12-2024 09:00,10.146,0.0475,41.639184,FALSE
09-12-2024 09:00,8.819,0.0484,36.87894144,FALSE
10-12-2024 08:15,6.467,0.0443,24.75257184,FALSE
11-12-2024 08:15,8.491,0.0409,30.00515616,FALSE
12-12-2024 08:15,7.7,0.0298,19.825344,FALSE
13-12-2024 09:00,13.872,0.0645,77.3058816,FALSE
14-12-2024 09:00,24.627,0.0807,171.711265,FALSE
16-12-2024 09:00,11.315,0.0553,54.0621648,FALSE
17-12-2024 09:00,11.248,0.042,40.8167424,FALSE
18-12-2024 09:00,13.711,0.0257,30.44500128,FALSE
19-12-2024 09:00,14.058,0.0365,44.3333088,FALSE
20-12-2024 09:00,20.96,0.0164,29.6994816,FALSE
21-12-2024 09:00,19.016,0.0207,34.00973568,FALSE
23-12-2024 09:00,14.181,0.0356,43.61848704,FALSE
24-12-2024 09:00,12.032,0.0228,23.70207744,FALSE
26-12-2024 09:00,16.142,0.0272,37.93499136,FALSE
27-12-2024 09:00,16.054,0.0244,33.84440064,FALSE
28-12-2024 09:00,13.382,0.0425,49.138704,FALSE
30-12-2024 08:15,10.126,0.0309,27.03398976,FALSE
31-12-2024 08:15,10.458,0.0084,7.58999808,FALSE
