Timestamp,Discharge_m3_s,Sediment_g_L,Sediment_tonne_day,Column1
05-06-1988 08:00,22.5,0.042,81.648,FALSE
12-06-1988 08:00,42.7,0.025,92.232,FALSE
19-06-1988 08:00,20,0.013,22.464,FALSE
24-06-1988 08:00,34.5,0.035,104.328,FALSE
26-06-1988 08:00,35.5,0.023,70.5456,FALSE
03-07-1988 08:00,90,0.09,699.84,FALSE
10-07-1988 08:00,66,0.04,228.096,FALSE
17-07-1988 08:00,118.5,0.0614,628.63776,FALSE
24-07-1988 08:00,100,0.018,155.52,FALSE
25-07-1988 08:00,87,0.019,142.8192,FALSE
31-07-1988 08:00,51.5,0.018,80.0928,FALSE
07-08-1988 08:00,112,0.019,183.8592,FALSE
08-08-1988 08:00,81.5,0.015,105.624,FALSE
14-08-1988 08:00,39.5,0.014,47.7792,FALSE
15-08-1988 08:00,47,0.018,73.0944,FALSE
17-08-1988 08:00,206.5,0.0573,1022.32368,FALSE
21-08-1988 08:00,91.5,0.017,134.3952,FALSE
23-08-1988 08:00,66,0.015,85.536,FALSE
26-08-1988 08:00,100.5,0.036,312.5952,FALSE
28-08-1988 08:00,66,0.022,125.4528,FALSE
04-09-1988 08:00,150.5,0.038,494.1216,FALSE
09-09-1988 08:00,88,0.039,296.5248,FALSE
11-09-1988 08:00,85.5,0.03,221.616,FALSE
18-09-1988 08:00,130.8,0.069,779.77728,FALSE
25-09-1988 08:00,63.5,0.023,126.1872,FALSE
02-10-1988 08:00,42.5,0.017,62.424,FALSE
09-10-1988 08:00,23,0.018,35.7696,FALSE
16-10-1988 08:00,20,0.072,124.416,FALSE
20-10-1988 08:00,25,0.183,395.28,FALSE
23-10-1988 08:00,14.5,0.011,13.7808,FALSE
30-10-1988 08:00,15.5,0.016,21.4272,FALSE
06-11-1988 08:00,12.5,0.011,11.88,FALSE
08-11-1988 08:00,10.25,0.01,8.856,FALSE
13-11-1988 08:00,10,0.01,8.64,FALSE
14-11-1988 08:00,16,0.018,24.8832,FALSE
20-11-1988 08:00,18.5,0.024,38.3616,FALSE
23-11-1988 08:00,9,0.01,7.776,FALSE
27-11-1988 08:00,5.5,0.009,4.2768,FALSE
04-12-1988 08:00,3.85,0.0103,3.426192,FALSE
11-12-1988 08:00,4.3,0.016,5.94432,FALSE
18-12-1988 08:00,3.175,0.0104,2.852928,FALSE
25-12-1988 08:00,1.775,0.0145,2.22372,FALSE
01-01-1989 08:00,1.11,0.0077,0.7384608,FALSE
08-01-1989 08:00,0.8,0.0084,0.580608,FALSE
15-01-1989 08:00,0.475,0.0136,0.558144,FALSE
22-01-1989 08:00,0.4,0.0138,0.476928,FALSE
26-01-1989 08:00,0.35,0.0126,0.381024,FALSE
29-01-1989 08:00,0.35,0.012,0.36288,FALSE
05-02-1989 08:00,0.16,0.0065,0.089856,FALSE
12-02-1989 08:00,0.075,0.004,0.02592,FALSE
12-03-1989 08:00,3.4,0.0172,5.052672,FALSE
19-03-1989 08:00,0.21,0.013,0.235872,FALSE
24-03-1989 08:00,0.05,0.017,0.07344,FALSE
26-04-1989 08:00,4.3,0.0209,7.764768,FALSE
30-04-1989 08:00,2.975,0.0182,4.678128,FALSE
04-05-1989 08:00,2,0.023,3.9744,FALSE
06-05-1989 08:00,2,0.0205,3.5424,FALSE
07-05-1989 08:00,1.35,0.016,1.86624,FALSE
08-05-1989 08:00,2.125,0.012,2.2032,FALSE
09-05-1989 08:00,1.06,0.0093,0.8517312,FALSE
14-05-1989 08:00,1.06,0.0147,1.3462848,FALSE
21-05-1989 08:00,3.175,0.017,4.66344,FALSE
23-05-1989 08:00,4.25,0.0116,4.25952,FALSE
28-05-1989 08:00,6.5,0.015,8.424,FALSE
03-06-1989 08:00,21,0.018,32.6592,FALSE
04-06-1989 08:00,64,0.023,127.1808,FALSE
08-06-1989 08:00,45,0.028,108.864,FALSE
09-06-1989 08:00,50,0.039,168.48,FALSE
11-06-1989 08:00,83,0.05,358.56,FALSE
18-06-1989 08:00,75,0.027,174.96,FALSE
25-06-1989 08:00,118.5,0.038,389.0592,FALSE
02-07-1989 08:00,80,0.029,200.448,FALSE
05-07-1989 08:00,45.5,0.008,31.4496,FALSE
09-07-1989 08:00,53,0.02,91.584,FALSE
14-07-1989 08:00,78.5,0.029,196.6896,FALSE
16-07-1989 08:00,71,0.026,159.4944,FALSE
23-07-1989 08:00,276,0.08,1907.712,FALSE
29-07-1989 08:00,153.5,0.024,318.2976,FALSE
30-07-1989 08:00,100,0.035,302.4,FALSE
06-08-1989 08:00,89,0.031,238.3776,FALSE
13-08-1989 08:00,62.5,0.015,81,FALSE
15-08-1989 08:00,75,0.026,168.48,FALSE
20-08-1989 08:00,143,0.026,321.2352,FALSE
27-08-1989 08:00,42.5,0.009,33.048,FALSE
03-09-1989 08:00,57,0.072,354.5856,FALSE
10-09-1989 08:00,27.5,0.009,21.384,FALSE
12-09-1989 08:00,37,0.015,47.952,FALSE
17-09-1989 08:00,49,0.017,71.9712,FALSE
20-09-1989 08:00,385,0.1025,3409.56,FALSE
21-09-1989 08:00,238.5,0.031,638.7984,FALSE
22-09-1989 08:00,202.5,0.028,489.888,FALSE
24-09-1989 08:00,152,0.049,643.5072,FALSE
28-09-1989 08:00,99.5,0.023,197.7264,FALSE
01-10-1989 08:00,48,0.019,78.7968,FALSE
02-10-1989 08:00,43.5,0.009,33.8256,FALSE
08-10-1989 08:00,121,0.103,1076.8032,FALSE
09-10-1989 08:00,195.5,0.083,1401.9696,FALSE
10-10-1989 08:00,98.5,0.115,978.696,FALSE
15-10-1989 08:00,128,0.10228,1131.134976,FALSE
22-10-1989 08:00,133,0.103,1183.5936,FALSE
28-10-1989 08:00,43.5,0.076,285.6384,FALSE
29-10-1989 08:00,73.5,0.087,552.4848,FALSE
05-11-1989 08:00,37.5,0.015,48.6,FALSE
12-11-1989 08:00,23.5,0.011,22.3344,FALSE
13-11-1989 08:00,43.5,0.017,63.8928,FALSE
14-11-1989 08:00,33.5,0.015,43.416,FALSE
19-11-1989 08:00,26,0.012,26.9568,FALSE
22-11-1989 08:00,15,0.008,10.368,FALSE
26-11-1989 08:00,9,0.004,3.1104,FALSE
03-12-1989 08:00,7.2,0.01482,9.2192256,FALSE
10-12-1989 08:00,5.1,0.0074,3.260736,FALSE
17-12-1989 08:00,3.65,0.0053,1.671408,FALSE
24-12-1989 08:00,2.95,0.0118,3.007584,FALSE
25-12-1989 08:00,2.8,0.0107,2.588544,FALSE
31-12-1989 08:00,4.5,0.0083,3.22704,FALSE
07-01-1990 08:00,3.65,0.0068,2.144448,FALSE
09-01-1990 08:00,3.65,0.0074,2.333664,FALSE
10-01-1990 08:00,3.5,0.007,2.1168,FALSE
14-01-1990 08:00,2.4,0.00882,1.8289152,FALSE
21-01-1990 08:00,1.5,0.0088,1.14048,FALSE
26-01-1990 08:00,1.2,0.0104,1.078272,FALSE
28-01-1990 08:00,1.1,0.012,1.14048,FALSE
04-02-1990 08:00,0.7,0.0092,0.556416,FALSE
11-02-1990 08:00,0.3,0.004,0.10368,FALSE
18-02-1990 08:00,0.2,0.004,0.06912,FALSE
23-02-1990 08:00,0.1,0.004,0.03456,FALSE
25-02-1990 08:00,0.1,0.004,0.03456,FALSE
07-05-1990 08:00,3,0.0063,1.63296,FALSE
08-05-1990 08:00,2.6,0.0338,7.592832,FALSE
09-05-1990 08:00,2.1,0.03,5.4432,FALSE
12-05-1990 08:00,3,0.0179,4.63968,FALSE
13-05-1990 08:00,2.8,0.0125,3.024,FALSE
14-05-1990 08:00,3.9,0.0101,3.403296,FALSE
15-05-1990 08:00,2.6,0.0107,2.403648,FALSE
18-05-1990 08:00,4.5,0.0164,6.37632,FALSE
20-05-1990 08:00,25.2,0.018,39.19104,FALSE
26-05-1990 08:00,11.7,0.0195,19.71216,FALSE
27-05-1990 08:00,18,0.015,23.328,FALSE
03-06-1990 08:00,28,0.017,41.1264,FALSE
10-06-1990 08:00,44,0.03,114.048,FALSE
17-06-1990 08:00,135,0.04,466.56,FALSE
21-06-1990 08:00,122,0.053,558.6624,FALSE
24-06-1990 08:00,73,0.015,94.608,FALSE
01-07-1990 08:00,37,0.016,51.1488,FALSE
03-07-1990 08:00,170,0.062,910.656,FALSE
04-07-1990 08:00,117.5,0.0356,361.4112,FALSE
05-07-1990 08:00,186.5,0.05,805.68,FALSE
08-07-1990 08:00,251.5,0.06662,1447.625952,FALSE
09-07-1990 08:00,162.5,0.034,477.36,FALSE
15-07-1990 08:00,84,0.016,116.1216,FALSE
18-07-1990 08:00,87.5,0.03,226.8,FALSE
22-07-1990 08:00,81,0.025,174.96,FALSE
29-07-1990 08:00,49,0.012,50.8032,FALSE
02-08-1990 08:00,144.5,0.044,549.3312,FALSE
05-08-1990 08:00,79,0.026,177.4656,FALSE
10-08-1990 08:00,161.5,0.041,572.0976,FALSE
12-08-1990 08:00,144,0.027,335.9232,FALSE
15-08-1990 08:00,170,0.032,470.016,FALSE
19-08-1990 08:00,68,0.013,76.3776,FALSE
26-08-1990 08:00,31,0.013,34.8192,FALSE
02-09-1990 08:00,19.5,0.008,13.4784,FALSE
03-09-1990 08:00,17.5,0.007,10.584,FALSE
09-09-1990 08:00,33,0.016,45.6192,FALSE
16-09-1990 08:00,14.5,0.006,7.5168,FALSE
23-09-1990 08:00,13,0.014,15.7248,FALSE
28-09-1990 08:00,9,0.009,6.9984,FALSE
29-09-1990 08:00,8.5,0.009,6.6096,FALSE
30-09-1990 08:00,8,0.009,6.2208,FALSE
02-10-1990 08:00,10.5,0.009,8.1648,FALSE
07-10-1990 08:00,7,0.008,4.8384,FALSE
14-10-1990 08:00,20.5,0.032,56.6784,FALSE
17-10-1990 08:00,26,0.042,94.3488,FALSE
21-10-1990 08:00,37,0.047,150.2496,FALSE
28-10-1990 08:00,91.5,0.046,363.6576,FALSE
02-11-1990 08:00,65,0.021,117.936,FALSE
04-11-1990 08:00,75,0.0234,151.632,FALSE
11-11-1990 08:00,41,0.015,53.136,FALSE
18-11-1990 08:00,23,0.005,9.936,FALSE
25-11-1990 08:00,18.5,0.008,12.7872,FALSE
02-12-1990 08:00,9.3,0.0065,5.22288,FALSE
09-12-1990 08:00,6.55,0.0033,1.867536,FALSE
16-12-1990 08:00,4.5,0.0036,1.39968,FALSE
23-12-1990 08:00,3.4,0.003,0.88128,FALSE
25-12-1990 08:00,3.1,0.0028,0.749952,FALSE
30-12-1990 08:00,2.4,0.0039,0.808704,FALSE
06-01-1991 08:00,2.4,0.0038,0.787968,FALSE
13-01-1991 08:00,1.6,0.0041,0.566784,FALSE
20-01-1991 08:00,1.25,0.0025,0.27,FALSE
26-01-1991 08:00,0.85,0.0025,0.1836,FALSE
27-01-1991 08:00,0.8,0.0024,0.165888,FALSE
28-01-1991 08:00,0.7,0.0021,0.127008,FALSE
29-01-1991 08:00,0.675,0.002,0.11664,FALSE
03-02-1991 08:00,0.55,0.002,0.09504,FALSE
10-02-1991 08:00,0.25,0.0014,0.03024,FALSE
12-02-1991 08:00,0.2,0.002,0.03456,FALSE
17-02-1991 08:00,0.1,0.002,0.01728,FALSE
01-06-1991 08:00,1.666,0.03,4.318272,FALSE
02-06-1991 08:00,3.226,0.051,14.2150464,FALSE
03-06-1991 08:00,77.76,0.073,490.447872,FALSE
04-06-1991 08:00,45.3,0.022,86.10624,FALSE
05-06-1991 08:00,68.79,0.027,160.473312,FALSE
06-06-1991 08:00,159.2,0.033,453.91104,FALSE
07-06-1991 08:00,244.5,0.03247668,686.0633697,FALSE
08-06-1991 08:00,239.4,0.042,868.73472,FALSE
09-06-1991 08:00,179.8,0.03,466.0416,FALSE
10-06-1991 08:00,144.3,0.018,224.41536,FALSE
11-06-1991 08:00,24.13,0.027,56.290464,FALSE
12-06-1991 08:00,43.06,0.035,130.21344,FALSE
13-06-1991 08:00,131.3,0.011,124.78752,FALSE
14-06-1991 08:00,76.08,0.061,400.972032,FALSE
15-06-1991 08:00,116.7,0.045,453.7296,FALSE
16-06-1991 08:00,81.41,0.03,211.01472,FALSE
17-06-1991 08:00,137.7,0.05,594.864,FALSE
18-06-1991 08:00,119.8,0.026,269.11872,FALSE
19-06-1991 08:00,100.6,0.03,260.7552,FALSE
20-06-1991 08:00,81.19,0.028,196.414848,FALSE
21-06-1991 08:00,99.42,0.026,223.337088,FALSE
22-06-1991 08:00,111.4,0.034,327.24864,FALSE
23-06-1991 08:00,90.46,0.037,289.182528,FALSE
24-06-1991 08:00,95.81,0.04,331.11936,FALSE
25-06-1991 08:00,107.1,0.031,286.85664,FALSE
26-06-1991 08:00,104.7,0.021,189.96768,FALSE
27-06-1991 08:00,135.9,0.043,504.89568,FALSE
28-06-1991 08:00,129.1,0.031,345.78144,FALSE
29-06-1991 08:00,120.6,0.023,239.65632,FALSE
30-06-1991 08:00,100.8,0.019,165.47328,FALSE
01-07-1991 08:00,181.9,0.05,785.808,FALSE
02-07-1991 08:00,105.4,0.015,136.5984,FALSE
03-07-1991 08:00,78.15,0.009,60.76944,FALSE
04-07-1991 08:00,81.96,0.045,318.66048,FALSE
05-07-1991 08:00,61.27,0.012,63.524736,FALSE
06-07-1991 08:00,38.54,0.014,46.617984,FALSE
07-07-1991 08:00,55.82,0.031,149.508288,FALSE
08-07-1991 08:00,71.17,0.05,307.4544,FALSE
09-07-1991 08:00,83.04,0.023,165.017088,FALSE
10-07-1991 08:00,86.26,0.022,163.963008,FALSE
11-07-1991 08:00,105.5,0.029,264.3408,FALSE
12-07-1991 08:00,118.4,0.023,235.28448,FALSE
13-07-1991 08:00,85.33,0.012,88.470144,FALSE
14-07-1991 08:00,74.4,0.011,70.70976,FALSE
15-07-1991 08:00,62.27,0.009,48.421152,FALSE
16-07-1991 08:00,57.81,0.007,34.963488,FALSE
17-07-1991 08:00,51.92,0.007,31.401216,FALSE
18-07-1991 08:00,52.89,0.006,27.418176,FALSE
19-07-1991 08:00,63.05,0.011,59.92272,FALSE
20-07-1991 08:00,53.62,0.011,50.960448,FALSE
21-07-1991 08:00,52.77,0.012,54.711936,FALSE
22-07-1991 08:00,46.38,0.011,44.079552,FALSE
23-07-1991 08:00,48.36,0.012,50.139648,FALSE
24-07-1991 08:00,41.68,0.003,10.803456,FALSE
25-07-1991 08:00,57.04,0.049,241.484544,FALSE
26-07-1991 09:30,227.5,0.272,5346.432,FALSE
27-07-1991 08:00,289.5,0.14,3501.792,FALSE
28-07-1991 08:00,298.9,0.089,2298.42144,FALSE
29-07-1991 08:00,312.7,0.042147,1138.6973,FALSE
30-07-1991 08:00,216,0.031,578.5344,FALSE
31-07-1991 08:00,224.7,0.046,893.04768,FALSE
01-08-1991 08:00,296.2,0.051,1305.17568,FALSE
02-08-1991 08:00,172.8,0.018,268.73856,FALSE
03-08-1991 08:00,105.6,0.024,218.97216,FALSE
04-08-1991 08:00,87.43,0.02,151.07904,FALSE
05-08-1991 08:00,73.44,0.017,107.868672,FALSE
06-08-1991 08:00,63.48,0.027,148.086144,FALSE
07-08-1991 08:00,58.97,0.014,71.330112,FALSE
08-08-1991 08:00,54.04,0.008,37.352448,FALSE
09-08-1991 08:00,53.85,0.019,88.40016,FALSE
10-08-1991 08:00,49.03,0.008,33.889536,FALSE
11-08-1991 08:00,43.95,0.009,34.17552,FALSE
12-08-1991 08:00,53.64,0.009,41.710464,FALSE
13-08-1991 08:00,109.1,0.028,263.93472,FALSE
14-08-1991 08:00,133.9,0.021,242.94816,FALSE
15-08-1991 08:00,101,0.017,148.3488,FALSE
16-08-1991 08:00,87.99,0.012,91.228032,FALSE
17-08-1991 08:00,172.5,0.077,1147.608,FALSE
18-08-1991 08:00,250.7,0.0624155,1351.949689,FALSE
19-08-1991 08:00,193.4,0.048,802.06848,FALSE
20-08-1991 08:00,116.8,0.016,161.46432,FALSE
21-08-1991 08:00,85.75,0.015,111.132,FALSE
22-08-1991 08:00,78.25,0.006,40.5648,FALSE
23-08-1991 08:00,76.98,0.064,425.668608,FALSE
24-08-1991 08:00,69.71,0.047,283.078368,FALSE
25-08-1991 08:00,63.33,0.03,164.15136,FALSE
26-08-1991 08:00,62.49,0.012,64.789632,FALSE
27-08-1991 08:00,61.92,0.058,310.293504,FALSE
28-08-1991 08:00,56.37,0.007,34.092576,FALSE
29-08-1991 08:00,55.03,0.007,33.282144,FALSE
30-08-1991 08:00,56.8,0.011,53.98272,FALSE
31-08-1991 08:00,49.89,0.036,155.177856,FALSE
01-09-1991 08:00,42.82,0.0048,17.7583104,FALSE
02-09-1991 08:00,38.45,0.005,16.6104,FALSE
03-09-1991 08:00,34.99,0.003,9.069408,FALSE
04-09-1991 08:00,31.88,0.004,11.017728,FALSE
05-09-1991 08:00,29.48,0.005,12.73536,FALSE
06-09-1991 08:00,27.22,0.006,14.110848,FALSE
07-09-1991 08:00,24.37,0.008,16.844544,FALSE
08-09-1991 08:00,22.32,0.006,11.570688,FALSE
09-09-1991 08:00,21.55,0.004,7.44768,FALSE
10-09-1991 08:00,18.96,0.004,6.552576,FALSE
11-09-1991 08:00,18.21,0.002,3.146688,FALSE
12-09-1991 08:00,16.3,0.005,7.0416,FALSE
13-09-1991 08:00,15.73,0.016,21.745152,FALSE
14-09-1991 08:00,17.28,0.003,4.478976,FALSE
15-09-1991 08:00,35.2,0.006,18.24768,FALSE
16-09-1991 08:00,28.16,0.008,19.464192,FALSE
17-09-1991 08:00,17.84,0.013,20.037888,FALSE
18-09-1991 08:00,14.55,0.009,11.31408,FALSE
19-09-1991 08:00,12.48,0.003,3.234816,FALSE
20-09-1991 08:00,10.49,0.005,4.53168,FALSE
21-09-1991 08:00,9.649,0.005,4.168368,FALSE
22-09-1991 08:00,10.26,0.004,3.545856,FALSE
23-09-1991 08:00,9.372,0.003,2.4292224,FALSE
24-09-1991 08:00,8.623,0.003,2.2350816,FALSE
25-09-1991 08:00,6.862,0.002,1.1857536,FALSE
26-09-1991 08:00,8.04,0.002,1.389312,FALSE
27-09-1991 08:00,16.73,0.004,5.781888,FALSE
28-09-1991 08:00,25.54,0.051,112.539456,FALSE
29-09-1991 08:00,23.1,0.033,65.86272,FALSE
30-09-1991 08:00,17.36,0.016,23.998464,FALSE
01-10-1991 08:00,20.07,0.008,13.872384,FALSE
02-10-1991 08:00,21.16,0.015,27.42336,FALSE
03-10-1991 08:00,24.04,0.024,49.849344,FALSE
04-10-1991 08:00,30.78,0.067,178.179264,FALSE
05-10-1991 08:00,24.8,0.023,49.28256,FALSE
06-10-1991 08:00,35.83,0.016,49.531392,FALSE
07-10-1991 08:00,18.83,0.01,16.26912,FALSE
08-10-1991 08:00,23.49,0.004,8.118144,FALSE
09-10-1991 08:00,20.52,0.018,31.912704,FALSE
10-10-1991 08:00,15.52,0.009,12.068352,FALSE
11-10-1991 08:00,24.4,0.031,65.35296,FALSE
12-10-1991 08:00,30.2,0.09,234.8352,FALSE
13-10-1991 08:00,25.59,0.051,112.759776,FALSE
14-10-1991 08:00,15.4,0.01,13.3056,FALSE
15-10-1991 08:00,15.52,0.008,10.727424,FALSE
16-10-1991 08:00,21.19,0.015,27.46224,FALSE
17-10-1991 08:00,19.04,0.017,27.965952,FALSE
18-10-1991 08:00,22.16,0.007,13.402368,FALSE
19-10-1991 08:00,15.31,0.007,9.259488,FALSE
20-10-1991 08:00,13.83,0.006,7.169472,FALSE
21-10-1991 08:00,9.075,0.005,3.9204,FALSE
22-10-1991 08:00,25.43,0.132,290.024064,FALSE
23-10-1991 08:00,21.7,0.11,206.2368,FALSE
24-10-1991 08:00,18.37,0.015,23.80752,FALSE
25-10-1991 08:00,31.63,0.03,81.98496,FALSE
26-10-1991 08:00,29.99,0.065,168.42384,FALSE
27-10-1991 08:00,65.1,0.082,461.22048,FALSE
28-10-1991 08:00,38.43,0.099,328.714848,FALSE
29-10-1991 08:00,57.12,0.109,537.933312,FALSE
30-10-1991 08:00,80.34,0.077,534.485952,FALSE
31-10-1991 08:00,69.22,0.049,293.049792,FALSE
01-11-1991 08:00,52.24,0.017,76.730112,FALSE
02-11-1991 08:00,42.59,0.014,51.516864,FALSE
03-11-1991 08:00,38.43,0.015,49.80528,FALSE
04-11-1991 08:00,31.47,0.016,43.504128,FALSE
05-11-1991 08:00,39.22,0.016,54.217728,FALSE
06-11-1991 08:00,39.65,0.017,58.23792,FALSE
07-11-1991 08:00,37.91,0.065,212.90256,FALSE
08-11-1991 08:00,51.02,0.086,379.099008,FALSE
09-11-1991 08:00,62.02,0.117,626.947776,FALSE
10-11-1991 08:00,39.58,0.08183,279.835033,FALSE
11-11-1991 08:00,39.34,0.049,166.549824,FALSE
12-11-1991 08:00,34.33,0.022,65.254464,FALSE
13-11-1991 08:00,40.31,0.117,407.485728,FALSE
14-11-1991 08:00,32.93,0.027,76.819104,FALSE
15-11-1991 08:00,28.53,0.024,59.159808,FALSE
16-11-1991 08:00,26.04,0.025,56.2464,FALSE
17-11-1991 08:00,25.16,0.036,78.257664,FALSE
18-11-1991 08:00,28.86,0.046,114.701184,FALSE
19-11-1991 08:00,23.34,0.008,16.132608,FALSE
20-11-1991 08:00,17.67,0.012,18.320256,FALSE
21-11-1991 08:00,17.16,0.008,11.860992,FALSE
22-11-1991 08:00,13.89,0.005,6.00048,FALSE
23-11-1991 08:00,12.25,0.017,17.9928,FALSE
24-11-1991 08:00,12.37,0.014,14.962752,FALSE
25-11-1991 08:00,9.136,0.01,7.893504,FALSE
26-11-1991 08:00,7.804,0.006,4.0455936,FALSE
27-11-1991 08:00,6.473,0.004,2.2370688,FALSE
28-11-1991 08:00,7.139,0.005,3.084048,FALSE
29-11-1991 08:00,6.473,0.003,1.6778016,FALSE
30-11-1991 08:00,5.143,0.004,1.7774208,FALSE
01-12-1991 08:00,8.066,0.00843,5.874887232,FALSE
02-12-1991 08:00,7.716,0.006,3.9999744,FALSE
03-12-1991 08:00,7.367,0.005,3.182544,FALSE
04-12-1991 08:00,7.134,0.004,2.4655104,FALSE
05-12-1991 08:00,6.864,0.004,2.3721984,FALSE
06-12-1991 08:00,6.441,0.002,1.1130048,FALSE
07-12-1991 08:00,6.136,0.002,1.0603008,FALSE
08-12-1991 08:00,5.682,0.003,1.4727744,FALSE
09-12-1991 08:00,5.271,0.009,4.0987296,FALSE
10-12-1991 08:00,5.196,0.009,4.0404096,FALSE
11-12-1991 08:00,5.012,0.002,0.8660736,FALSE
12-12-1991 08:00,4.901,0.003,1.2703392,FALSE
13-12-1991 08:00,4.263,0.004,1.4732928,FALSE
14-12-1991 08:00,3.93,0.006,2.037312,FALSE
15-12-1991 08:00,4.249,0.006,2.2026816,FALSE
16-12-1991 08:00,4.178,0.006,2.1658752,FALSE
17-12-1991 08:00,4.249,0.003,1.1013408,FALSE
18-12-1991 08:00,4.107,0.003,1.0645344,FALSE
19-12-1991 08:00,3.41,0.004,1.178496,FALSE
20-12-1991 08:00,5.795,0.003,1.502064,FALSE
21-12-1991 08:00,6.25,0.007,3.78,FALSE
22-12-1991 08:00,4.791,0.005,2.069712,FALSE
23-12-1991 08:00,4.429,0.004,1.5306624,FALSE
24-12-1991 08:00,4.249,0.003,1.1013408,FALSE
25-12-1991 08:00,4.001,0.003,1.0370592,FALSE
26-12-1991 08:00,5.874,0.004,2.0300544,FALSE
27-12-1991 08:00,4.214,0.003,1.0922688,FALSE
28-12-1991 08:00,3.79,0.002,0.654912,FALSE
29-12-1991 08:00,3.376,0.004,1.1667456,FALSE
30-12-1991 08:00,3.274,0.006,1.6972416,FALSE
31-12-1991 08:00,3.039,0.005,1.312848,FALSE
01-01-1992 08:00,2.973,0.005,1.284336,FALSE
02-01-1992 08:00,3.006,0.005845,1.518054048,FALSE
03-01-1992 08:00,3.207,0.007,1.9395936,FALSE
04-01-1992 08:00,2.776,0.003,0.7195392,FALSE
05-01-1992 08:00,2.485,0.002,0.429408,FALSE
06-01-1992 08:00,2.39,0.002,0.412992,FALSE
07-01-1992 08:00,2.39,0.003,0.619488,FALSE
08-01-1992 08:00,2.14,0.003,0.554688,FALSE
09-01-1992 08:00,2.048,0.002,0.3538944,FALSE
10-01-1992 08:00,1.956,0.003,0.5069952,FALSE
11-01-1992 08:00,2.048,0.002,0.3538944,FALSE
12-01-1992 08:00,1.926,0.0045,0.7488288,FALSE
13-01-1992 08:00,1.571,0.007,0.9501408,FALSE
14-01-1992 08:00,1.427,0.007,0.8630496,FALSE
15-01-1992 08:00,1.342,0.004,0.4637952,FALSE
16-01-1992 08:00,1.203,0.004,0.4157568,FALSE
17-01-1992 08:00,1.175,0.01,1.0152,FALSE
18-01-1992 08:00,0.986,0.006,0.5111424,FALSE
19-01-1992 08:00,0.933,0.0065,0.5239728,FALSE
20-01-1992 08:00,0.854,0.007,0.5164992,FALSE
21-01-1992 08:00,0.777,0.006,0.4027968,FALSE
22-01-1992 08:00,0.776,0.004,0.2681856,FALSE
23-01-1992 08:00,0.7,0.007,0.42336,FALSE
24-01-1992 08:00,0.7,0.006,0.36288,FALSE
25-01-1992 08:00,0.55,0.004,0.19008,FALSE
26-01-1992 08:00,0.404,0.004,0.1396224,FALSE
27-01-1992 08:00,0.452,0.004,0.1562112,FALSE
28-01-1992 08:00,0.333,0.003,0.0863136,FALSE
29-01-1992 08:00,0.263,0,0,TRUE
30-01-1992 08:00,0.263,0,0,TRUE
31-01-1992 08:00,0.195,0,0,TRUE
01-02-1992 08:00,0.195,0,0,TRUE
02-02-1992 08:00,0.127,0,0,TRUE
03-02-1992 08:00,0.127,0,0,TRUE
04-02-1992 08:00,0.061,0,0,TRUE
05-02-1992 08:00,0.127,0,0,TRUE
06-02-1992 08:00,0.263,0,0,TRUE
07-02-1992 08:00,0.263,0,0,TRUE
08-02-1992 08:00,0.195,0,0,TRUE
09-02-1992 08:00,0.127,0,0,TRUE
10-02-1992 08:00,0.127,0,0,TRUE
12-02-1992 08:00,0.172,0,0,TRUE
07-05-1992 08:00,6.136,0.008,4.2412032,FALSE
08-05-1992 08:00,5.682,0.007,3.4364736,FALSE
09-05-1992 08:00,5.309,0.007,3.2108832,FALSE
10-05-1992 08:00,10.11,0.0191448,16.72305938,FALSE
11-05-1992 08:00,11.48,0.012,11.902464,FALSE
12-05-1992 08:00,8.261,0.006,4.2825024,FALSE
13-05-1992 08:00,0.263,0.002,0.0454464,FALSE
14-05-1992 08:00,0.381,0.002,0.0658368,FALSE
15-05-1992 08:00,0.55,0.002,0.09504,FALSE
16-05-1992 08:00,0.776,0.003,0.2011392,FALSE
17-05-1992 08:00,1.013,0.003,0.2625696,FALSE
18-05-1992 08:00,0.906,0,0,TRUE
19-05-1992 08:00,0.88,0,0,TRUE
20-05-1992 08:00,0.854,0,0,TRUE
21-05-1992 08:00,0.751,0,0,TRUE
22-05-1992 08:00,0.453,0,0,TRUE
23-05-1992 08:00,0.333,0,0,TRUE
24-05-1992 08:00,0.404,0,0,TRUE
25-05-1992 08:00,0.854,0,0,TRUE
26-05-1992 08:00,0.7,0,0,TRUE
27-05-1992 08:00,0.55,0,0,TRUE
28-05-1992 08:00,0.624,0,0,TRUE
29-05-1992 08:00,0.574,0,0,TRUE
30-05-1992 08:00,0.629,0.004,0.2173824,FALSE
31-05-1992 08:00,2.141,0.006,1.1098944,FALSE
01-06-1992 08:00,2.658,0.011,2.5261632,FALSE
02-06-1992 08:00,3.459,0.009,2.6897184,FALSE
03-06-1992 08:00,19.848,0.027,46.3014144,FALSE
04-06-1992 08:00,11.845,0.016,16.374528,FALSE
05-06-1992 08:00,8.509,0.013,9.5573088,FALSE
06-06-1992 08:00,37.417,0.036,116.3818368,FALSE
07-06-1992 08:00,29.922,0.042,108.5809536,FALSE
08-06-1992 08:00,73.471,0.048,304.6989312,FALSE
09-06-1992 08:00,41.438,0.011,39.3826752,FALSE
10-06-1992 08:00,30.935,0.012,32.073408,FALSE
11-06-1992 08:00,28.132,0.01,24.306048,FALSE
12-06-1992 08:00,22.822,0.008,15.7745664,FALSE
13-06-1992 08:00,90.505,0.008,62.557056,FALSE
14-06-1992 08:00,63.303,0.009,49.2244128,FALSE
15-06-1992 08:00,44.383,0.008,30.6775296,FALSE
16-06-1992 08:00,61.362,0.023,121.9385664,FALSE
17-06-1992 08:00,81.788,0.028,197.8615296,FALSE
18-06-1992 08:00,139.01,0.032,384.334848,FALSE
19-06-1992 08:00,199.02,0.036,619.031808,FALSE
20-06-1992 08:00,208.5,0.039,702.5616,FALSE
21-06-1992 08:00,244.6,0.03172,670.3527168,FALSE
22-06-1992 08:00,250.5,0.0264,571.38048,FALSE
23-06-1992 08:00,190.7,0.022,362.48256,FALSE
24-06-1992 08:00,131.758,0.03,341.516736,FALSE
25-06-1992 08:00,77.501,0.025,167.40216,FALSE
26-06-1992 08:00,59.836,0.012,62.0379648,FALSE
27-06-1992 08:00,50.568,0.009,39.3216768,FALSE
28-06-1992 08:00,40.408,0.008,27.9300096,FALSE
29-06-1992 08:00,41.405,0.006,21.464352,FALSE
30-06-1992 08:00,122.675,0.0141,149.447592,FALSE
01-07-1992 08:00,155.443,0.035,470.059632,FALSE
02-07-1992 08:00,149.35,0.011,141.94224,FALSE
03-07-1992 08:00,111.536,0.018,173.4607872,FALSE
04-07-1992 08:00,111.987,0.018,174.1621824,FALSE
05-07-1992 08:00,132.303,0.028,320.0674176,FALSE
06-07-1992 08:00,196.206,0.04,678.087936,FALSE
07-07-1992 08:00,184.564,0.01,159.463296,FALSE
08-07-1992 08:00,201.205,0.019,330.298128,FALSE
09-07-1992 08:00,173.745,0.021,315.242928,FALSE
10-07-1992 08:00,103.325,0.011,98.20008,FALSE
11-07-1992 08:00,71.231,0.011,67.6979424,FALSE
12-07-1992 08:00,64.921,0.011,61.7009184,FALSE
13-07-1992 08:00,51.752,0.011,49.1851008,FALSE
14-07-1992 08:00,49.563,0.008,34.2579456,FALSE
15-07-1992 08:00,63.339,0.017,93.0323232,FALSE
16-07-1992 08:00,193.967,0.055,921.731184,FALSE
17-07-1992 08:00,183.233,0.016,253.3012992,FALSE
18-07-1992 08:00,104.254,0.016,144.1207296,FALSE
19-07-1992 08:00,147.112,0.018,228.7885824,FALSE
20-07-1992 08:00,161.356,0.019,264.8820096,FALSE
21-07-1992 08:00,105.601,0.016,145.9828224,FALSE
22-07-1992 08:00,69.808,0.011,66.3455232,FALSE
23-07-1992 08:00,61.655,0.022,117.193824,FALSE
24-07-1992 08:00,57.225,0.009,44.49816,FALSE
25-07-1992 08:00,90.738,0.026,203.8338432,FALSE
26-07-1992 08:00,211.504,0.036,657.8620416,FALSE
27-07-1992 08:00,394.442,0.045,1533.590496,FALSE
28-07-1992 08:00,425.784,0.097,3568.410547,FALSE
29-07-1992 08:00,438,0.0197,745.51104,FALSE
30-07-1992 08:00,309.77,0.054,1445.262912,FALSE
31-07-1992 08:00,168.427,0.018,261.9376704,FALSE
01-08-1992 08:00,191.982,0.033422,554.3788957,FALSE
02-08-1992 08:00,135.377,0.0235,274.8694608,FALSE
03-08-1992 08:00,119.257,0.013,133.9494624,FALSE
04-08-1992 08:00,142.198,0.022,270.2899584,FALSE
05-08-1992 08:00,127.174,0.015,164.817504,FALSE
06-08-1992 08:00,94.769,0.016,131.0086656,FALSE
07-08-1992 08:00,68.954,0.009,53.6186304,FALSE
08-08-1992 08:00,87.272,0.044,331.7732352,FALSE
09-08-1992 08:00,74.35,0.028,179.86752,FALSE
10-08-1992 08:00,82.247,0.011,78.1675488,FALSE
11-08-1992 08:00,82.034,0.02,141.754752,FALSE
12-08-1992 08:00,83.958,0.01,72.539712,FALSE
13-08-1992 08:00,66.812,0.009,51.9530112,FALSE
14-08-1992 08:00,63.038,0.007,38.1253824,FALSE
15-08-1992 08:00,60.224,0.007,36.4234752,FALSE
16-08-1992 08:00,50.792,0.007,30.7190016,FALSE
17-08-1992 08:00,55.283,0.008,38.2116096,FALSE
18-08-1992 08:00,74.731,0.021,135.5919264,FALSE
19-08-1992 08:00,67.564,0.025,145.93824,FALSE
20-08-1992 08:00,93.603,0.027,218.3570784,FALSE
21-08-1992 08:00,62.384,0.02,107.799552,FALSE
22-08-1992 08:00,51.255,0.01,44.28432,FALSE
23-08-1992 08:00,53.351,0.012,55.3143168,FALSE
24-08-1992 08:00,50.33,0.015,65.22768,FALSE
25-08-1992 08:00,50.069,0.027,116.8009632,FALSE
26-08-1992 08:00,41.191,0.007,24.9123168,FALSE
27-08-1992 08:00,45.844,0.008,31.6873728,FALSE
28-08-1992 08:00,62.342,0.023,123.8860224,FALSE
29-08-1992 08:00,67.962,0.02,117.438336,FALSE
30-08-1992 08:00,103.473,0.018,160.9212096,FALSE
31-08-1992 08:00,90.057,0.016,124.4947968,FALSE
01-09-1992 08:00,151.346,0.022,287.6784768,FALSE
02-09-1992 08:00,131.337,0.018,204.2553024,FALSE
03-09-1992 08:00,139.536,0.019,229.0622976,FALSE
04-09-1992 08:00,97.715,0.01,84.42576,FALSE
05-09-1992 08:00,91.892,0.016,127.0315008,FALSE
06-09-1992 08:00,120.141,0.011,114.1820064,FALSE
07-09-1992 08:00,87.125,0.007,52.6932,FALSE
08-09-1992 08:00,68.211,0.01,58.934304,FALSE
09-09-1992 08:00,75.496,0.014,91.3199616,FALSE
10-09-1992 08:00,67.147,0.017,98.6255136,FALSE
11-09-1992 08:00,56.977,0.02,98.456256,FALSE
12-09-1992 08:00,50.027,0.016,69.1573248,FALSE
13-09-1992 08:00,45.098,0.012,46.7576064,FALSE
14-09-1992 08:00,37.833,0.009,29.4189408,FALSE
15-09-1992 08:00,34.829,0.005,15.046128,FALSE
16-09-1992 08:00,33.878,0.006,17.5623552,FALSE
17-09-1992 08:00,32.718,0.004,11.3073408,FALSE
18-09-1992 08:00,32.912,0.007,19.9051776,FALSE
19-09-1992 08:00,30.273,0.009,23.5402848,FALSE
20-09-1992 08:00,43.807,0.014,52.9889472,FALSE
21-09-1992 08:00,35.426,0.021,64.2769344,FALSE
22-09-1992 08:00,62.307,0.121,651.3823008,FALSE
23-09-1992 08:00,65.542,0.138,781.4703744,FALSE
24-09-1992 08:00,73.673,0.096,611.0733312,FALSE
25-09-1992 08:00,77.865,0.115,773.66664,FALSE
26-09-1992 08:00,68.028,0.059,346.7795328,FALSE
27-09-1992 08:00,106.262,0.074,679.3967232,FALSE
28-09-1992 08:00,160.511,0.088,1220.397235,FALSE
29-09-1992 08:00,106.646,0.04463,411.2303887,FALSE
30-09-1992 08:00,66.824,0.049,282.9060864,FALSE
01-10-1992 08:00,53.466,0.034,157.0617216,FALSE
02-10-1992 08:00,69.739,0.031,186.7889376,FALSE
03-10-1992 08:00,66.206,0.029,165.8857536,FALSE
04-10-1992 08:00,213.961,0.0295,545.3437968,FALSE
05-10-1992 08:00,81.583,0.032,225.5606784,FALSE
06-10-1992 08:00,66.371,0.033,189.2369952,FALSE
07-10-1992 08:00,59.127,0.036,183.9086208,FALSE
08-10-1992 08:00,69.405,0.022,131.925024,FALSE
09-10-1992 08:00,97.676,0.052,438.8387328,FALSE
10-10-1992 08:00,375.226,0.1565,5073.655882,FALSE
11-10-1992 08:00,227.236,0.1525,2994.061536,FALSE
12-10-1992 08:00,109.186,0.14774,1393.730465,FALSE
13-10-1992 08:00,75.933,0.096,629.8186752,FALSE
14-10-1992 08:00,61.533,0.047,249.8732064,FALSE
15-10-1992 08:00,67.045,0.065,376.52472,FALSE
16-10-1992 08:00,50.522,0.047,205.1597376,FALSE
17-10-1992 08:00,43.554,0.038,142.9964928,FALSE
18-10-1992 08:00,44.105,0.027,102.888144,FALSE
19-10-1992 08:00,35.003,0.027,81.6549984,FALSE
20-10-1992 08:00,32.049,0.039,107.9923104,FALSE
21-10-1992 08:00,29.686,0.018,46.1676672,FALSE
22-10-1992 08:00,30.839,0.014,37.3028544,FALSE
23-10-1992 08:00,27.073,0.011,25.7301792,FALSE
24-10-1992 08:00,25.103,0.015,32.533488,FALSE
25-10-1992 08:00,30.069,0.018,46.7633088,FALSE
26-10-1992 08:00,30.047,0.021,54.5172768,FALSE
27-10-1992 08:00,33.287,0.013,37.3879584,FALSE
28-10-1992 08:00,23.161,0.011,22.0122144,FALSE
29-10-1992 08:00,20.969,0.013,23.5523808,FALSE
30-10-1992 08:00,18.8,0.014,22.74048,FALSE
31-10-1992 08:00,30.855,0.017,45.319824,FALSE
01-11-1992 08:00,33.106,0.015,42.905376,FALSE
02-11-1992 08:00,27.541,0.013,30.9340512,FALSE
03-11-1992 08:00,27.838,0.013,31.2676416,FALSE
04-11-1992 08:00,34.576,0.072,215.0903808,FALSE
05-11-1992 08:00,32.89,0.027,76.725792,FALSE
06-11-1992 08:00,38.911,0.047,158.0097888,FALSE
07-11-1992 08:00,32.63,0.025,70.4808,FALSE
08-11-1992 08:00,31.8,0.028,76.93056,FALSE
09-11-1992 08:00,36.321,0.031,97.2821664,FALSE
10-11-1992 08:00,33.172,0.024,68.7854592,FALSE
11-11-1992 08:00,27.623,0.017,40.5726624,FALSE
12-11-1992 08:00,24.601,0.017,36.1339488,FALSE
13-11-1992 08:00,24.287,0.017,35.6727456,FALSE
14-11-1992 08:00,47.667,0.02,82.368576,FALSE
15-11-1992 08:00,54.157,0.019,88.9041312,FALSE
16-11-1992 08:00,46.452,0.018,72.2421504,FALSE
17-11-1992 08:00,50.384,0.02387,103.9103493,FALSE
18-11-1992 08:00,41.297,0.017,60.6570336,FALSE
19-11-1992 08:00,33.82,0.021,61.363008,FALSE
20-11-1992 08:00,30.991,0.019,50.8748256,FALSE
21-11-1992 08:00,35.426,0.019,58.1553216,FALSE
22-11-1992 08:00,51.668,0.019,84.8181888,FALSE
23-11-1992 08:00,35.072,0.02,60.604416,FALSE
24-11-1992 08:00,32.384,0.008,22.3838208,FALSE
25-11-1992 08:00,27.444,0.019,45.0520704,FALSE
26-11-1992 08:00,25.633,0.012,26.5762944,FALSE
27-11-1992 08:00,23.729,0.018,36.9033408,FALSE
28-11-1992 08:00,21.826,0.011,20.7434304,FALSE
29-11-1992 08:00,20.516,0.007,12.4080768,FALSE
30-11-1992 08:00,19.414,0.006,10.0642176,FALSE
01-12-1992 08:00,9.234,0.007,5.5847232,FALSE
02-12-1992 08:00,8.614,0.005,3.721248,FALSE
03-12-1992 08:00,8.061,0.005,3.482352,FALSE
04-12-1992 08:00,7.794,0.005,3.367008,FALSE
05-12-1992 08:00,6.883,0.006,3.5681472,FALSE
06-12-1992 08:00,6.675,0.006,3.46032,FALSE
07-12-1992 08:00,6.405,0.006,3.320352,FALSE
08-12-1992 08:00,6.209,0.005,2.682288,FALSE
09-12-1992 08:00,5.444,0.004,1.8814464,FALSE
10-12-1992 08:00,5.444,0.004,1.8814464,FALSE
11-12-1992 08:00,5.234,0.0036,1.62798336,FALSE
12-12-1992 08:00,5.057,0.003,1.3107744,FALSE
13-12-1992 08:00,4.883,0.0035,1.4766192,FALSE
14-12-1992 08:00,4.713,0.0043,1.75097376,FALSE
15-12-1992 08:00,4.573,0.006,2.3706432,FALSE
16-12-1992 08:00,5.476,0.005,2.365632,FALSE
17-12-1992 08:00,4.685,0.005,2.02392,FALSE
18-12-1992 08:00,4.355,0.006,2.257632,FALSE
19-12-1992 08:00,4.038,0.006,2.0932992,FALSE
20-12-1992 08:00,3.783,0.0055,1.7976816,FALSE
21-12-1992 08:00,3.511,0.005,1.516752,FALSE
22-12-1992 08:00,3.463,0.006,1.7952192,FALSE
23-12-1992 08:00,3.273,0.004,1.1311488,FALSE
24-12-1992 08:00,3.019,0.005,1.304208,FALSE
25-12-1992 08:00,2.907,0.006,1.5069888,FALSE
26-12-1992 08:00,2.688,0.005,1.161216,FALSE
27-12-1992 08:00,2.666,0.0045,1.0365408,FALSE
28-12-1992 08:00,2.559,0.003,0.6632928,FALSE
29-12-1992 08:00,2.538,0.003,0.6578496,FALSE
30-12-1992 08:00,2.517,0.004,0.8698752,FALSE
31-12-1992 08:00,2.371,0.004,0.8194176,FALSE
01-01-1993 08:00,2.269,0.007,1.3722912,FALSE
02-01-1993 08:00,2.168,0.01,1.873152,FALSE
03-01-1993 08:00,2.049,0.005,0.885168,FALSE
04-01-1993 08:00,2.01,0.011,1.910304,FALSE
05-01-1993 08:00,2.049,0.003,0.5311008,FALSE
06-01-1993 08:00,2.03,0.002,0.350784,FALSE
07-01-1993 08:00,1.933,0.006,1.0020672,FALSE
08-01-1993 08:00,1.856,0.006,0.9621504,FALSE
09-01-1993 08:00,1.799,0.006,0.9326016,FALSE
10-01-1993 08:00,1.724,0.0075,1.117152,FALSE
11-01-1993 08:00,1.706,0.009,1.3265856,FALSE
12-01-1993 08:00,1.65,0.004,0.57024,FALSE
13-01-1993 08:00,1.595,0.004,0.551232,FALSE
14-01-1993 08:00,1.486,0.002,0.2567808,FALSE
15-01-1993 08:00,1.486,0.006,0.7703424,FALSE
16-01-1993 08:00,1.433,0.004,0.4952448,FALSE
17-01-1993 08:00,1.433,0.0045,0.5571504,FALSE
18-01-1993 08:00,1.433,0.005,0.619056,FALSE
19-01-1993 08:00,1.379,0.004,0.4765824,FALSE
20-01-1993 08:00,1.327,0.005,0.573264,FALSE
21-01-1993 08:00,1.257,0.005,0.543024,FALSE
22-01-1993 08:00,1.222,0.003,0.3167424,FALSE
23-01-1993 08:00,1.12,0.002,0.193536,FALSE
24-01-1993 08:00,1.069,0.0025,0.230904,FALSE
25-01-1993 08:00,1.086,0.003,0.2814912,FALSE
26-01-1993 08:00,1.12,0.002,0.193536,FALSE
27-01-1993 08:00,1.12,0.001,0.096768,FALSE
28-01-1993 08:00,0.92,0,0,TRUE
29-01-1993 08:00,0.871,0,0,TRUE
30-01-1993 08:00,0.774,0,0,TRUE
31-01-1993 08:00,0.774,0,0,TRUE
01-02-1993 08:00,0.726,0,0,TRUE
02-02-1993 08:00,0.662,0,0,TRUE
03-02-1993 08:00,0.522,0,0,TRUE
04-02-1993 08:00,0.445,0,0,TRUE
05-02-1993 08:00,0.445,0,0,TRUE
06-02-1993 08:00,0.399,0,0,TRUE
07-02-1993 08:00,0.354,0,0,TRUE
08-02-1993 08:00,0.294,0,0,TRUE
09-02-1993 08:00,0.219,0,0,TRUE
10-02-1993 08:00,0.116,0,0,TRUE
11-02-1993 08:00,0.087,0,0,TRUE
12-02-1993 08:00,0.044,0,0,TRUE
16-02-1993 08:00,0.044,0,0,TRUE
24-02-1993 08:00,0.044,0,0,TRUE
25-02-1993 08:00,0.044,0,0,TRUE
10-04-1993 08:00,0.044,0,0,TRUE
11-04-1993 08:00,0.044,0,0,TRUE
12-04-1993 08:00,0.044,0,0,TRUE
19-04-1993 08:00,0.044,0,0,TRUE
20-04-1993 08:00,0.044,0,0,TRUE
01-05-1993 08:00,0.029,0,0,TRUE
06-05-1993 08:00,0.044,0,0,TRUE
07-05-1993 08:00,0.044,0,0,TRUE
23-05-1993 08:00,0.044,0,0,TRUE
25-05-1993 08:00,0.044,0,0,TRUE
26-05-1993 08:00,0.044,0,0,TRUE
27-05-1993 08:00,0.044,0,0,TRUE
28-05-1993 08:00,0.044,0,0,TRUE
29-05-1993 08:00,0.044,0,0,TRUE
30-05-1993 08:00,0.058,0,0,TRUE
31-05-1993 08:00,0.073,0,0,TRUE
01-06-1993 08:00,11.83,0.015,15.33168,FALSE
02-06-1993 08:00,11.81,0.014,14.285376,FALSE
03-06-1993 08:00,22.66,0.032,62.650368,FALSE
04-06-1993 08:00,16.37,0.032,45.259776,FALSE
05-06-1993 08:00,66.06,0.127,724.863168,FALSE
06-06-1993 08:00,137.5,0.114,1354.32,FALSE
07-06-1993 08:00,147.5,0.1,1274.4,FALSE
08-06-1993 08:00,176.4,0.039,594.39744,FALSE
09-06-1993 08:00,86.63,0.033,246.999456,FALSE
10-06-1993 08:00,60.59,0.026,136.109376,FALSE
11-06-1993 08:00,54.56,0.039,183.845376,FALSE
12-06-1993 08:00,58.63,0.035,177.29712,FALSE
13-06-1993 08:00,70.46,0.028,170.456832,FALSE
14-06-1993 08:00,100.4,0.021,182.16576,FALSE
15-06-1993 08:00,77.46,0.02,133.85088,FALSE
16-06-1993 08:00,68.73,0.033,195.962976,FALSE
17-06-1993 08:00,65.52,0.027,152.845056,FALSE
18-06-1993 08:00,77.07,0.024,159.812352,FALSE
19-06-1993 08:00,77.17,0.064,426.719232,FALSE
20-06-1993 08:00,69.34,0.043,257.611968,FALSE
21-06-1993 08:00,55.77,0.021,101.189088,FALSE
22-06-1993 08:00,51.34,0.036,159.687936,FALSE
23-06-1993 08:00,49.9,0.052,224.19072,FALSE
24-06-1993 08:00,50.48,0.015,65.42208,FALSE
25-06-1993 08:00,49.57,0.039,167.031072,FALSE
26-06-1993 08:00,47.19,0.016,65.235456,FALSE
27-06-1993 08:00,56.37,0.019,92.536992,FALSE
28-06-1993 08:00,101.8,0.09834,864.9514368,FALSE
29-06-1993 08:00,92.95,0.039,313.20432,FALSE
30-06-1993 08:00,120.4,0.05,520.128,FALSE
01-07-1993 08:00,176.3,0.142,2162.98944,FALSE
02-07-1993 08:00,210.7,0.037,673.56576,FALSE
03-07-1993 08:00,208.3,0.031,557.91072,FALSE
04-07-1993 08:00,147.3,0.039,496.34208,FALSE
05-07-1993 08:00,92.69,0.04325,346.363992,FALSE
06-07-1993 08:00,72.55,0.017,106.56144,FALSE
07-07-1993 08:00,79.38,0.015,102.87648,FALSE
08-07-1993 08:00,100.8,0.033,287.40096,FALSE
09-07-1993 08:00,74.88,0.016,103.514112,FALSE
10-07-1993 08:00,93.8,0.03,243.1296,FALSE
11-07-1993 08:00,90.71,0.034,266.469696,FALSE
12-07-1993 08:00,100.9,0.04,348.7104,FALSE
13-07-1993 08:00,97.35,0.062,521.48448,FALSE
14-07-1993 08:00,170.8,0.047,693.58464,FALSE
15-07-1993 08:00,152.2,0.029,381.35232,FALSE
16-07-1993 08:00,270.3,0.095,2218.6224,FALSE
17-07-1993 08:00,271.2,0.049,1148.15232,FALSE
18-07-1993 08:00,146.5,0.066,835.4016,FALSE
19-07-1993 08:00,155.9,0.083,1117.99008,FALSE
20-07-1993 08:00,103.2,0.049,436.90752,FALSE
21-07-1993 08:00,140.1,0.023,278.40672,FALSE
22-07-1993 08:00,90.72,0.02,156.76416,FALSE
23-07-1993 08:00,75.75,0.024,157.0752,FALSE
24-07-1993 08:00,138.3,0.07,836.4384,FALSE
25-07-1993 08:00,150.1,0.061,791.08704,FALSE
26-07-1993 08:00,187.2,0.051,824.87808,FALSE
27-07-1993 08:00,155.7,0.033,443.93184,FALSE
28-07-1993 08:00,113.4,0.027,264.53952,FALSE
29-07-1993 08:00,106.5,0.043,395.6688,FALSE
30-07-1993 08:00,90.84,0.019,149.122944,FALSE
31-07-1993 08:00,111.4,0.055,529.3728,FALSE
01-08-1993 08:00,132.5,0.035,400.68,FALSE
02-08-1993 08:00,151,0.041,534.9024,FALSE
03-08-1993 08:00,122.8,0.046,488.05632,FALSE
04-08-1993 08:00,282.9,0.129,3153.09024,FALSE
05-08-1993 08:00,205.4,0.085,1508.4576,FALSE
06-08-1993 08:00,132.6,0.039,446.80896,FALSE
07-08-1993 08:00,91.39,0.072,568.518912,FALSE
08-08-1993 08:00,68.48,0.063,372.750336,FALSE
09-08-1993 08:00,56.7,0.054,264.53952,FALSE
10-08-1993 08:00,48.26,0.045,187.63488,FALSE
11-08-1993 08:00,50.24,0.031,134.562816,FALSE
12-08-1993 08:00,47.73,0.036,148.459392,FALSE
13-08-1993 08:00,49.93,0.027,116.476704,FALSE
14-08-1993 08:00,53.48,0.0382,176.5096704,FALSE
15-08-1993 08:00,70,0.053,320.544,FALSE
16-08-1993 08:00,75.45,0.068,443.28384,FALSE
17-08-1993 08:00,70.09,0.023,139.282848,FALSE
18-08-1993 08:00,61.87,0.016,85.529088,FALSE
19-08-1993 08:00,51.26,0.017,75.290688,FALSE
20-08-1993 08:00,49.86,0.016,68.926464,FALSE
21-08-1993 08:00,44.29,0.016,61.226496,FALSE
22-08-1993 08:00,37.72,0.013,42.367104,FALSE
23-08-1993 08:00,36.72,0.011,34.898688,FALSE
24-08-1993 08:00,24.69,0.02,42.66432,FALSE
25-08-1993 08:00,69.22,0.067,400.700736,FALSE
26-08-1993 08:00,46.96,0.022,89.261568,FALSE
27-08-1993 08:00,41.6,0.029,104.23296,FALSE
28-08-1993 08:00,36.52,0.012,37.863936,FALSE
29-08-1993 08:00,35.76,0.018,55.613952,FALSE
30-08-1993 08:00,35.7,0.027,83.28096,FALSE
31-08-1993 08:00,42.53,0.03,110.23776,FALSE
01-09-1993 08:00,98.92,0.074,632.454912,FALSE
02-09-1993 08:00,70.77,0.018,110.061504,FALSE
03-09-1993 08:00,54.12,0.018,84.167424,FALSE
04-09-1993 08:00,48.5,0.014,58.6656,FALSE
05-09-1993 08:00,48.78,0.012,50.575104,FALSE
06-09-1993 08:00,44.15,0.012,45.77472,FALSE
07-09-1993 08:00,41.61,0.01,35.95104,FALSE
08-09-1993 08:00,35.74,0.007,21.615552,FALSE
09-09-1993 08:00,31.01,0.009,24.113376,FALSE
10-09-1993 08:00,27.04,0.01,23.36256,FALSE
11-09-1993 08:00,24.99,0.005,10.79568,FALSE
12-09-1993 08:00,27.23,0.013,30.584736,FALSE
13-09-1993 08:00,27.45,0.009,21.34512,FALSE
14-09-1993 08:00,25.14,0.021,45.614016,FALSE
15-09-1993 08:00,23.04,0.018,35.831808,FALSE
16-09-1993 08:00,24.54,0.01,21.20256,FALSE
17-09-1993 08:00,19.86,0.016,27.454464,FALSE
18-09-1993 08:00,18.56,0.019,30.468096,FALSE
19-09-1993 08:00,17.79,0.009,13.833504,FALSE
20-09-1993 08:00,14.41,0.009,11.205216,FALSE
21-09-1993 08:00,16.82,0.008,11.625984,FALSE
22-09-1993 08:00,28.32,0.02323,56.84027904,FALSE
23-09-1993 08:00,16.91,0.02,29.22048,FALSE
24-09-1993 08:00,14.41,0.018,22.410432,FALSE
25-09-1993 08:00,13.29,0.013,14.927328,FALSE
26-09-1993 08:00,13.37,0.011,12.706848,FALSE
27-09-1993 08:00,11.68,0.007,7.064064,FALSE
28-09-1993 08:00,20.68,0.007,12.507264,FALSE
29-09-1993 08:00,34.47,0.057,169.757856,FALSE
30-09-1993 08:00,18.34,0.018,28.522368,FALSE
01-10-1993 08:00,19.1,0.014,23.10336,FALSE
02-10-1993 08:00,38.7,0.019,63.52992,FALSE
03-10-1993 08:00,46.11,0.025,99.5976,FALSE
04-10-1993 08:00,48.75,0.03,126.36,FALSE
05-10-1993 08:00,38.07,0.019,62.495712,FALSE
06-10-1993 08:00,41.24,0.019,67.699584,FALSE
07-10-1993 08:00,148.5,0.292,3746.4768,FALSE
08-10-1993 08:00,189.2,0.358,5852.18304,FALSE
09-10-1993 08:00,100.1,0.07,605.4048,FALSE
10-10-1993 08:00,83.09,0.052,373.306752,FALSE
11-10-1993 08:00,84.63,0.046,336.353472,FALSE
12-10-1993 08:00,89.15,0.072,554.58432,FALSE
13-10-1993 08:00,84.37,0.11,801.85248,FALSE
14-10-1993 08:00,74.59,0.227,1462.918752,FALSE
15-10-1993 08:00,54.78,0.095,449.63424,FALSE
16-10-1993 08:00,45.97,0.043,170.787744,FALSE
17-10-1993 08:00,43,0.075,278.64,FALSE
18-10-1993 08:00,49.77,0.098,421.412544,FALSE
19-10-1993 08:00,69.22,0.098,586.099584,FALSE
20-10-1993 08:00,75.79,0.055,360.15408,FALSE
21-10-1993 08:00,66,0.062,353.5488,FALSE
22-10-1993 08:00,52.98,0.062,283.803264,FALSE
23-10-1993 08:00,43.7,0.061,230.31648,FALSE
24-10-1993 08:00,41.99,0.069,250.327584,FALSE
25-10-1993 08:00,47.52,0.076,312.035328,FALSE
26-10-1993 08:00,33.8,0.071,207.34272,FALSE
27-10-1993 08:00,33.08,0.026,74.310912,FALSE
28-10-1993 08:00,43.54,0.088,331.043328,FALSE
29-10-1993 08:00,27.55,0.021,49.98672,FALSE
30-10-1993 08:00,23.57,0.013,26.473824,FALSE
31-10-1993 08:00,24.21,0.015,31.37616,FALSE
01-11-1993 08:00,21.02,0.016,29.058048,FALSE
02-11-1993 08:00,17.74,0.022,33.720192,FALSE
03-11-1993 08:00,15.54,0.014,18.797184,FALSE
04-11-1993 08:00,14.21,0.013,15.960672,FALSE
05-11-1993 08:00,15.45,0.011,14.68368,FALSE
06-11-1993 08:00,13.84,0.017,20.328192,FALSE
07-11-1993 08:00,12.72,0.011,12.089088,FALSE
08-11-1993 08:00,13.52,0.006,7.008768,FALSE
09-11-1993 08:00,23.8,0.01,20.5632,FALSE
10-11-1993 08:00,21.28,0.012,22.063104,FALSE
11-11-1993 08:00,15.99,0.008,11.052288,FALSE
12-11-1993 08:00,14.23,0.008,9.835776,FALSE
13-11-1993 08:00,14.01,0.015,18.15696,FALSE
14-11-1993 08:00,14.9,0.021,27.03456,FALSE
15-11-1993 08:00,17.63,0.031,47.220192,FALSE
16-11-1993 08:00,23.71,0.0445,91.160208,FALSE
17-11-1993 08:00,18.68,0.018,29.051136,FALSE
18-11-1993 08:00,28.11,0.039,94.719456,FALSE
19-11-1993 08:00,29.32,0.108,273.590784,FALSE
20-11-1993 08:00,18.73,0.016,25.892352,FALSE
21-11-1993 08:00,12.55,0.01,10.8432,FALSE
22-11-1993 08:00,23.85,0.043,88.60752,FALSE
23-11-1993 08:00,15.47,0.015,20.04912,FALSE
24-11-1993 08:00,12.78,0.008,8.833536,FALSE
25-11-1993 08:00,15.2,0.009,11.81952,FALSE
26-11-1993 08:00,14.87,0.008,10.278144,FALSE
27-11-1993 08:00,11.77,0.009,9.152352,FALSE
28-11-1993 08:00,9.311,0.008,6.4357632,FALSE
29-11-1993 08:00,6.773,0.006,3.5111232,FALSE
30-11-1993 08:00,5.888,0.005,2.543616,FALSE
01-12-1993 08:00,9.684,0.006,5.0201856,FALSE
02-12-1993 08:00,9.066,0.005,3.916512,FALSE
03-12-1993 08:00,8.122,0.005,3.508704,FALSE
04-12-1993 08:00,7.626,0.007,4.6122048,FALSE
05-12-1993 08:00,7.788,0.007,4.7101824,FALSE
06-12-1993 08:00,8.233,0.007,4.9793184,FALSE
07-12-1993 08:00,18.14,0.008,12.538368,FALSE
08-12-1993 08:00,11.63,0.01,10.04832,FALSE
09-12-1993 08:00,8.349,0.0102,7.35780672,FALSE
10-12-1993 08:00,7.467,0.009,5.8063392,FALSE
11-12-1993 08:00,6.805,0.007,4.115664,FALSE
12-12-1993 08:00,6.188,0.007,3.7425024,FALSE
13-12-1993 08:00,5.527,0.007,3.3427296,FALSE
14-12-1993 08:00,5.193,0.01,4.486752,FALSE
15-12-1993 08:00,3.263,0.005,1.409616,FALSE
16-12-1993 08:00,4.646,0.008,3.2113152,FALSE
17-12-1993 08:00,4.798,0.008,3.3163776,FALSE
18-12-1993 08:00,4.608,0.004,1.5925248,FALSE
19-12-1993 08:00,4.608,0.0045,1.7915904,FALSE
20-12-1993 08:00,4.608,0.005,1.990656,FALSE
21-12-1993 08:00,4.496,0.006,2.3307264,FALSE
22-12-1993 08:00,4.423,0.005,1.910736,FALSE
23-12-1993 08:00,4.646,0.007,2.8099008,FALSE
24-12-1993 08:00,4.533,0.008,3.1332096,FALSE
25-12-1993 08:00,4.423,0.008,3.0571776,FALSE
26-12-1993 08:00,4.386,0.008,3.0316032,FALSE
27-12-1993 08:00,4.459,0.008,3.0820608,FALSE
28-12-1993 08:00,3.928,0.006,2.0362752,FALSE
29-12-1993 08:00,3.693,0.006,1.9144512,FALSE
30-12-1993 08:00,6.956,0.011,6.6109824,FALSE
31-12-1993 08:00,6.098,0.008,4.2149376,FALSE
01-01-1994 08:00,4.839,0.007,2.9266272,FALSE
02-01-1994 08:00,4.066,0.0065,2.2834656,FALSE
03-01-1994 08:00,3.467,0.006,1.7972928,FALSE
04-01-1994 08:00,3.124,0.008,2.1593088,FALSE
05-01-1994 08:00,2.218,0.006,1.1498112,FALSE
06-01-1994 08:00,1.311,0.006,0.6796224,FALSE
07-01-1994 08:00,2.324,0.004,0.8031744,FALSE
08-01-1994 08:00,2.323,0.01,2.007072,FALSE
09-01-1994 08:00,2.323,0.0065,1.3045968,FALSE
10-01-1994 08:00,2.323,0.003,0.6021216,FALSE
11-01-1994 08:00,2.296,0.0121,2.40033024,FALSE
12-01-1994 08:00,2.11,0.003,0.546912,FALSE
13-01-1994 08:00,1.902,0.005,0.821664,FALSE
14-01-1994 08:00,2.11,0.008,1.458432,FALSE
15-01-1994 08:00,1.979,0.01,1.709856,FALSE
16-01-1994 08:00,12.42,0.0162,17.3840256,FALSE
17-01-1994 08:00,11.77,0.016,16.270848,FALSE
18-01-1994 08:00,10.48,0.015,13.58208,FALSE
19-01-1994 08:00,15.05,0.011,14.30352,FALSE
20-01-1994 08:00,7.911,0.008,5.4680832,FALSE
21-01-1994 08:00,5.579,0.007,3.3741792,FALSE
22-01-1994 08:00,4.46,0.007,2.697408,FALSE
23-01-1994 08:00,3.794,0.008,2.6224128,FALSE
24-01-1994 08:00,3.684,0.009,2.8646784,FALSE
25-01-1994 08:00,2.858,0.012,2.9631744,FALSE
26-01-1994 08:00,2.544,0.012,2.6376192,FALSE
27-01-1994 08:00,2.405,0.012,2.493504,FALSE
28-01-1994 08:00,2.296,0.011,2.1821184,FALSE
29-01-1994 08:00,2.163,0.01,1.868832,FALSE
30-01-1994 08:00,2.136,0.0095,1.7532288,FALSE
31-01-1994 08:00,2.083,0.009,1.6197408,FALSE
01-02-1994 08:00,1.953,0.005,0.843696,FALSE
02-02-1994 08:00,1.799,0.01,1.554336,FALSE
03-02-1994 08:00,1.724,0.007,1.0426752,FALSE
04-02-1994 08:00,1.673,0.008,1.1563776,FALSE
05-02-1994 08:00,1.623,0.005,0.701136,FALSE
06-02-1994 08:00,1.401,0.005,0.605232,FALSE
07-02-1994 08:00,1.255,0.005,0.54216,FALSE
08-02-1994 08:00,1.159,0.003,0.3004128,FALSE
09-02-1994 08:00,1.111,0.002,0.1919808,FALSE
10-02-1994 08:00,1.015,0.005,0.43848,FALSE
11-02-1994 08:00,0.777,0.004,0.2685312,FALSE
12-02-1994 08:00,1.015,0.009,0.789264,FALSE
13-02-1994 08:00,4.645,0.007,2.809296,FALSE
14-02-1994 08:00,4.836,0.007,2.9248128,FALSE
15-02-1994 08:00,14.73,0.0098,12.4721856,FALSE
16-02-1994 08:00,4.839,0.007,2.9266272,FALSE
17-02-1994 08:00,3.068,0.009,2.3856768,FALSE
18-02-1994 08:00,2.405,0.005,1.03896,FALSE
19-02-1994 08:00,2.136,0.005,0.922752,FALSE
20-02-1994 08:00,1.8,0.0045,0.69984,FALSE
21-02-1994 08:00,1.524,0.004,0.5266944,FALSE
22-02-1994 08:00,1.352,0.003,0.3504384,FALSE
23-02-1994 08:00,2.006,0.004,0.6932736,FALSE
24-02-1994 08:00,1.499,0.004,0.5180544,FALSE
25-02-1994 08:00,1.183,0.003,0.3066336,FALSE
26-02-1994 08:00,0.89,0.003,0.230688,FALSE
27-02-1994 08:00,0.801,0.004,0.2768256,FALSE
28-02-1994 08:00,0.73,0.005,0.31536,FALSE
01-03-1994 08:00,0.455,0.003,0.117936,FALSE
02-03-1994 08:00,0.683,0.004,0.2360448,FALSE
03-03-1994 08:00,0.541,0.004,0.1869696,FALSE
04-03-1994 08:00,0.187,0.008,0.1292544,FALSE
29-05-1994 08:00,0.038,0,0,TRUE
05-06-1994 08:00,67.95,0.022,129.15936,FALSE
12-06-1994 08:00,182.7,0.048,757.69344,FALSE
15-06-1994 08:00,90.94,0.0199,156.3585984,FALSE
16-06-1994 08:00,45.62,0.0261,102.8749248,FALSE
17-06-1994 08:00,89.6,0.0442,342.171648,FALSE
18-06-1994 08:00,88.94,0.0536,411.8846976,FALSE
19-06-1994 08:00,71.2,0.0227,139.643136,FALSE
20-06-1994 08:00,57.02,0.0195,96.067296,FALSE
26-06-1994 08:00,59.9,0.0202,104.542272,FALSE
03-07-1994 08:00,77.07,0.0241,160.4782368,FALSE
10-07-1994 08:00,55.11,0.0191,90.9447264,FALSE
17-07-1994 08:00,109.1,0.0314,295.983936,FALSE
24-07-1994 08:00,99.64,0.0291,250.5188736,FALSE
29-07-1994 08:00,261.3,0.0411,927.886752,FALSE
30-07-1994 08:00,239.4,0.0208,430.230528,FALSE
31-07-1994 08:00,186,0.0488,784.23552,FALSE
07-08-1994 08:00,88.94,0.0268,205.9423488,FALSE
14-08-1994 08:00,38.74,0.0155,51.880608,FALSE
15-08-1994 08:00,33.77,0.0143,41.7235104,FALSE
20-08-1994 08:00,44.99,0.0168,65.3038848,FALSE
21-08-1994 08:00,45.62,0.017,67.006656,FALSE
22-08-1994 08:00,72.5,0.0522,326.9808,FALSE
23-08-1994 08:00,51.94,0.013,58.339008,FALSE
28-08-1994 08:00,42.17,0.0162,59.0245056,FALSE
29-08-1994 08:00,44.99,0.0168,65.3038848,FALSE
04-09-1994 08:00,68.6,0.0222,131.580288,FALSE
05-09-1994 08:00,81.01,0.0272,190.3799808,FALSE
11-09-1994 08:00,53.84,0.0124,57.6820224,FALSE
16-09-1994 08:00,32.84,0.0239,67.8132864,FALSE
18-09-1994 08:00,27.61,0.0048,11.4504192,FALSE
19-09-1994 08:00,26.38,0.0053,12.0799296,FALSE
20-09-1994 08:00,24.24,0.0057,11.9377152,FALSE
21-09-1994 08:00,21.5,0.0048,8.91648,FALSE
22-09-1994 08:00,19.68,0.0039,6.6313728,FALSE
23-09-1994 08:00,22.11,0.0043,8.2143072,FALSE
25-09-1994 08:00,24.55,0.0123,26.089776,FALSE
26-09-1994 08:00,19.37,0.0076,12.7191168,FALSE
28-09-1994 08:00,27.61,0.0287,68.4639648,FALSE
29-09-1994 08:00,24.55,0.0151,32.028912,FALSE
30-09-1994 08:00,27.61,0.0172,41.0306688,FALSE
01-10-1994 08:00,33.77,0.0263,76.7362464,FALSE
02-10-1994 08:00,58.3,0.0198,99.734976,FALSE
03-10-1994 08:00,35.63,0.0107,32.9392224,FALSE
04-10-1994 08:00,44.36,0.0301,115.3643904,FALSE
09-10-1994 08:00,38.74,0.0155,51.880608,FALSE
11-10-1994 08:00,39.98,0.2071,715.3797312,FALSE
13-10-1994 08:00,61.51,0.0205,108.946512,FALSE
14-10-1994 08:00,46.56,0.0172,69.1918848,FALSE
16-10-1994 08:00,55.75,0.0192,92.48256,FALSE
23-10-1994 08:00,62.79,0.0209,113.3836704,FALSE
30-10-1994 08:00,111.2,0.0318,305.524224,FALSE
02-11-1994 08:00,96.28,0.0284,236.2480128,FALSE
05-11-1994 08:00,69.25,0.0223,133.42536,FALSE
06-11-1994 08:00,90.27,0.0271,211.3617888,FALSE
13-11-1994 08:00,33.15,0.0061,17.471376,FALSE
16-11-1994 08:00,25.16,0.0061,13.2603264,FALSE
17-11-1994 08:00,22.72,0.0041,8.0483328,FALSE
18-11-1994 08:00,21.2,0.0037,6.777216,FALSE
19-11-1994 08:00,19.68,0.0043,7.3115136,FALSE
20-11-1994 08:00,18.47,0.004,6.383232,FALSE
22-11-1994 08:00,16.05,0.004,5.54688,FALSE
27-11-1994 08:00,33.77,0.0143,41.7235104,FALSE
28-11-1994 08:00,39.98,0.0126,43.5238272,FALSE
29-11-1994 08:00,19.98,0.0093,16.0543296,FALSE
30-11-1994 08:00,15.45,0.0058,7.742304,FALSE
04-12-1994 08:00,7.833,0.0083,5.61720096,FALSE
07-12-1994 08:00,5.4,0.0078,3.639168,FALSE
11-12-1994 08:00,4.453,0.0077,2.96249184,FALSE
18-12-1994 08:00,2.963,0.0073,1.86882336,FALSE
25-12-1994 08:00,2.61,0.0072,1.6236288,FALSE
27-12-1994 08:00,2.588,0.0072,1.60994304,FALSE
31-12-1994 08:00,2.324,0.0059,1.18468224,FALSE
01-01-1995 08:00,2.092,0.0059,1.06641792,FALSE
08-01-1995 08:00,0.949,0.0056,0.45916416,FALSE
15-01-1995 08:00,1.282,0.0026,0.28798848,FALSE
22-01-1995 08:00,0.873,0.0056,0.42239232,FALSE
26-01-1995 08:00,0.599,0.0056,0.28982016,FALSE
29-01-1995 08:00,0.277,0.0055,0.1316304,FALSE
23-04-1995 08:00,3.013,0.0074,1.92639168,FALSE
30-04-1995 08:00,8.186,0.0263,18.60121152,FALSE
07-05-1995 08:00,38.74,0.0174,58.2401664,FALSE
10-05-1995 08:00,74.4,0.0234,150.418944,FALSE
14-05-1995 08:00,42.41,0.0162,59.3604288,FALSE
21-05-1995 08:00,22.04,0.0116,22.0893696,FALSE
28-05-1995 08:00,40.93,0.0552,195.2066304,FALSE
04-06-1995 08:00,12,0.008,8.2944,FALSE
09-06-1995 08:00,13,0.0083,9.32256,FALSE
10-06-1995 08:00,22,0.0104,19.76832,FALSE
11-06-1995 08:00,32,0.0175,48.384,FALSE
16-06-1995 08:00,189,0.1214,1982.41344,FALSE
18-06-1995 08:00,120,0.0299,310.0032,FALSE
25-06-1995 08:00,66,0.0283,161.37792,FALSE
01-07-1995 08:00,280,0.0619,1497.4848,FALSE
02-07-1995 08:00,187,0.0464,749.67552,FALSE
09-07-1995 08:00,150,0.0416,539.136,FALSE
16-07-1995 08:00,92,0.0155,123.2064,FALSE
17-07-1995 08:00,114,0.0103,101.45088,FALSE
23-07-1995 08:00,55,0.0083,39.4416,FALSE
30-07-1995 08:00,280,0.0579,1400.7168,FALSE
31-07-1995 08:00,197,0.0156,265.52448,FALSE
06-08-1995 08:00,101,0.0345,301.0608,FALSE
07-08-1995 08:00,99,0.0343,293.38848,FALSE
09-08-1995 08:00,108,0.0356,332.19072,FALSE
13-08-1995 08:00,58.5,0.0185,93.5064,FALSE
15-08-1995 08:00,49.5,0.0133,56.88144,FALSE
18-08-1995 08:00,45.5,0.0231,90.81072,FALSE
20-08-1995 08:00,90,0.0328,255.0528,FALSE
23-08-1995 09:00,98,0.0468,396.26496,FALSE
27-08-1995 08:00,205,0.0486,860.8032,FALSE
01-09-1995 08:00,235,0.0525,1065.96,FALSE
02-09-1995 08:00,227,0.0323,633.49344,FALSE
03-09-1995 08:00,158,0.0427,582.90624,FALSE
06-09-1995 08:00,185,0.0461,736.8624,FALSE
09-09-1995 08:00,74,0.0119,76.08384,FALSE
10-09-1995 08:00,65,0.0111,62.3376,FALSE
11-09-1995 08:00,55,0.01,47.52,FALSE
16-09-1995 08:00,61,0.0399,210.28896,FALSE
17-09-1995 08:00,105,0.0351,318.4272,FALSE
18-09-1995 08:00,63,0.0197,107.23104,FALSE
19-09-1995 08:00,52,0.012,53.9136,FALSE
24-09-1995 08:00,43,0.0127,47.18304,FALSE
01-10-1995 08:00,28,0.0152,36.77184,FALSE
02-10-1995 08:00,28.5,0.0156,38.41344,FALSE
03-10-1995 08:00,19.5,0.0077,12.97296,FALSE
08-10-1995 08:00,179,0.0453,700.59168,FALSE
09-10-1995 08:00,57,0.0177,87.16896,FALSE
15-10-1995 08:00,21,0.0093,16.87392,FALSE
22-10-1995 08:00,57.5,0.0264,131.1552,FALSE
23-10-1995 08:00,38,0.0203,66.64896,FALSE
29-10-1995 08:00,36,0.0195,60.6528,FALSE
05-11-1995 08:00,44.5,0.0228,87.66144,FALSE
07-11-1995 08:00,42,0.0218,79.10784,FALSE
12-11-1995 08:00,46,0.0232,92.20608,FALSE
19-11-1995 08:00,29,0.0159,39.83904,FALSE
26-11-1995 08:00,16,0.0095,13.1328,FALSE
03-12-1995 08:00,8.3,0.0051,3.657312,FALSE
10-12-1995 08:00,6.55,0.0061,3.452112,FALSE
17-12-1995 08:00,4.2,0.0054,1.959552,FALSE
24-12-1995 08:00,2.8,0.0049,1.185408,FALSE
25-12-1995 08:00,2.5,0.0048,1.0368,FALSE
31-12-1995 08:00,1.9,0.0036,0.590976,FALSE
07-01-1996 08:00,1.5,0.0035,0.4536,FALSE
09-01-1996 08:00,1.4,0.0035,0.42336,FALSE
14-01-1996 08:00,1.05,0.0034,0.308448,FALSE
15-01-1996 08:00,0.9,0.0034,0.264384,FALSE
21-01-1996 08:00,1.4,0.0035,0.42336,FALSE
26-01-1996 08:00,0.8,0.0034,0.235008,FALSE
21-04-1996 08:00,8,0.0148,10.22976,FALSE
27-04-1996 08:00,6.2,0.006,3.21408,FALSE
28-04-1996 08:00,4.4,0.0055,2.09088,FALSE
29-04-1996 08:00,3.3,0.0051,1.454112,FALSE
03-05-1996 08:00,6,0.006,3.1104,FALSE
05-05-1996 08:00,3.8,0.0053,1.740096,FALSE
12-05-1996 08:00,0.9,0.0038,0.295488,FALSE
15-05-1996 08:00,0.65,0.0034,0.190944,FALSE
19-05-1996 08:00,0.55,0.0016,0.076032,FALSE
02-06-1996 08:00,14,0.0138,16.69248,FALSE
09-06-1996 08:00,6,0.007,3.6288,FALSE
16-06-1996 08:00,74,0.0178,113.80608,FALSE
21-06-1996 08:00,140,0.0267,322.9632,FALSE
23-06-1996 08:00,78,0.0088,59.30496,FALSE
28-06-1996 08:00,32,0.0042,11.61216,FALSE
29-06-1996 08:00,31,0.0035,9.3744,FALSE
30-06-1996 08:00,32,0.0027,7.46496,FALSE
01-07-1996 08:00,24,0.0034,7.05024,FALSE
02-07-1996 08:00,20,0.0023,3.9744,FALSE
07-07-1996 08:00,34,0.0139,40.83264,FALSE
09-07-1996 08:00,24,0.0158,32.76288,FALSE
14-07-1996 08:00,66,0.016,91.2384,FALSE
19-07-1996 08:00,140,0.0686,829.7856,FALSE
21-07-1996 08:00,388,0.1179,3952.38528,FALSE
22-07-1996 08:00,288,0.0344,855.98208,FALSE
28-07-1996 08:00,84,0.011,79.8336,FALSE
29-07-1996 08:00,134,0.0187,216.50112,FALSE
30-07-1996 08:00,152,0.022,288.9216,FALSE
04-08-1996 08:00,62,0.0053,28.39104,FALSE
11-08-1996 08:00,62,0.0123,65.88864,FALSE
13-08-1996 08:00,300,0.0329,852.768,FALSE
15-08-1996 08:00,170,0.0246,361.3248,FALSE
18-08-1996 08:00,130,0.0205,230.256,FALSE
19-08-1996 08:00,102,0.0157,138.36096,FALSE
25-08-1996 08:00,80,0.0195,134.784,FALSE
26-08-1996 08:00,80,0.0183,126.4896,FALSE
27-08-1996 08:00,70,0.0159,96.1632,FALSE
01-09-1996 08:00,70,0.007,42.336,FALSE
04-09-1996 08:00,80,0.0125,86.4,FALSE
08-09-1996 08:00,90,0.0305,237.168,FALSE
10-09-1996 08:00,62,0.0098,52.49664,FALSE
15-09-1996 08:00,72,0.0123,76.51584,FALSE
22-09-1996 08:00,74,0.0132,84.39552,FALSE
26-09-1996 08:00,62,0.0175,93.744,FALSE
29-09-1996 08:00,261,0.0818,1844.62272,FALSE
02-10-1996 08:00,82,0.0098,69.43104,FALSE
06-10-1996 08:00,52,0.0063,28.30464,FALSE
13-10-1996 08:00,70,0.0456,275.7888,FALSE
20-10-1996 08:00,90,0.0171,132.9696,FALSE
21-10-1996 08:00,70,0.0138,83.4624,FALSE
22-10-1996 08:00,70,0.0135,81.648,FALSE
23-10-1996 08:00,54,0.0108,50.38848,FALSE
27-10-1996 08:00,32,0.0055,15.2064,FALSE
03-11-1996 08:00,16,0.0045,6.2208,FALSE
10-11-1996 08:00,12,0.0063,6.53184,FALSE
14-11-1996 08:00,26,0.0227,50.99328,FALSE
17-11-1996 08:00,8,0.0049,3.38688,FALSE
24-11-1996 08:00,8.5,0.0053,3.89232,FALSE
25-11-1996 08:00,40,0.0234,80.8704,FALSE
29-11-1996 08:00,14,0.0097,11.73312,FALSE
01-12-1996 08:00,10.2,0.0074,6.521472,FALSE
08-12-1996 08:00,6,0.0098,5.08032,FALSE
13-12-1996 08:00,9.5,0.0089,7.30512,FALSE
15-12-1996 08:00,21.5,0.0175,32.508,FALSE
18-12-1996 08:00,19,0.0138,22.65408,FALSE
19-12-1996 08:00,19,0.0092,15.10272,FALSE
21-12-1996 08:00,12,0.0072,7.46496,FALSE
22-12-1996 08:00,10,0.0082,7.0848,FALSE
25-12-1996 08:00,10,0.0131,11.3184,FALSE
26-12-1996 08:00,8.8,0.0119,9.047808,FALSE
27-12-1996 08:00,7,0.01,6.048,FALSE
28-12-1996 08:00,6.6,0.0095,5.41728,FALSE
29-12-1996 08:00,5.8,0.0087,4.359744,FALSE
05-01-1997 08:00,3.5,0.0131,3.96144,FALSE
12-01-1997 08:00,1.5,0.0077,0.99792,FALSE
13-01-1997 08:00,1.5,0.0063,0.81648,FALSE
14-01-1997 08:00,1.5,0.0062,0.80352,FALSE
15-01-1997 08:00,1.5,0.006,0.7776,FALSE
16-01-1997 08:00,1.2,0.0058,0.601344,FALSE
19-01-1997 08:00,1,0.0007,0.06048,FALSE
23-01-1997 08:00,0.29,0.0006,0.0150336,FALSE
26-01-1997 08:00,0.28,0.0002,0.0048384,FALSE
11-05-1997 08:00,9,0.0049,3.81024,FALSE
15-05-1997 08:00,4.5,0.0038,1.47744,FALSE
17-05-1997 08:00,21.5,0.0172,31.95072,FALSE
18-05-1997 08:00,9.5,0.0076,6.23808,FALSE
22-05-1997 08:00,4.5,0.0042,1.63296,FALSE
23-05-1997 08:00,3.5,0.0052,1.57248,FALSE
25-05-1997 08:00,2.6,0.0054,1.213056,FALSE
01-06-1997 08:00,6,0.0048,2.48832,FALSE
04-06-1997 08:00,2,0.0016,0.27648,FALSE
05-06-1997 08:00,4,0.0032,1.10592,FALSE
06-06-1997 08:00,4,0.0032,1.10592,FALSE
07-06-1997 08:00,4,0.0032,1.10592,FALSE
08-06-1997 08:00,16,0.0129,17.83296,FALSE
09-06-1997 08:00,6,0.0048,2.48832,FALSE
14-06-1997 08:00,26,0.021,47.1744,FALSE
15-06-1997 08:00,17,0.0137,20.12256,FALSE
16-06-1997 08:00,14,0.0113,13.66848,FALSE
22-06-1997 08:00,5,0.0042,1.8144,FALSE
29-06-1997 08:00,60,0.0364,188.6976,FALSE
06-07-1997 08:00,90,0.0479,372.4704,FALSE
07-07-1997 08:00,168,0.0741,1075.57632,FALSE
13-07-1997 08:00,90,0.0306,237.9456,FALSE
15-07-1997 08:00,144,0.0326,405.59616,FALSE
17-07-1997 08:00,124,0.0334,357.83424,FALSE
20-07-1997 08:00,168,0.018,261.2736,FALSE
26-07-1997 08:00,295,0.0446,1136.7648,FALSE
27-07-1997 08:00,214,0.0387,715.54752,FALSE
28-07-1997 08:00,148,0.0328,419.42016,FALSE
29-07-1997 08:00,104,0.0269,241.71264,FALSE
03-08-1997 08:00,50,0.0129,55.728,FALSE
07-08-1997 08:00,115,0.0432,429.2352,FALSE
10-08-1997 08:00,70,0.009,54.432,FALSE
15-08-1997 08:00,50,0.0132,57.024,FALSE
16-08-1997 08:00,44,0.0116,44.09856,FALSE
17-08-1997 08:00,91,0.021,165.1104,FALSE
24-08-1997 08:00,80,0.0179,123.7248,FALSE
31-08-1997 08:00,80,0.0142,98.1504,FALSE
07-09-1997 08:00,34,0.0109,32.01984,FALSE
14-09-1997 08:00,44,0.0209,79.45344,FALSE
16-09-1997 08:00,102,0.0209,184.18752,FALSE
17-09-1997 08:00,44,0.021,79.8336,FALSE
21-09-1997 08:00,66,0.0295,168.2208,FALSE
28-09-1997 08:00,30,0.0111,28.7712,FALSE
02-10-1997 08:00,23,0.0175,34.776,FALSE
05-10-1997 08:00,21,0.0196,35.56224,FALSE
11-10-1997 08:00,26,0.055,123.552,FALSE
12-10-1997 08:00,26,0.055,123.552,FALSE
16-10-1997 08:00,70,0.0507,306.6336,FALSE
19-10-1997 08:00,26,0.0219,49.19616,FALSE
25-10-1997 08:00,26,0.0111,24.93504,FALSE
26-10-1997 08:00,24,0.0103,21.35808,FALSE
30-10-1997 08:00,176,0.0687,1044.67968,FALSE
02-11-1997 08:00,52,0.022,98.8416,FALSE
08-11-1997 08:00,60,0.0255,132.192,FALSE
09-11-1997 08:00,76,0.0318,208.81152,FALSE
10-11-1997 08:00,60,0.0258,133.7472,FALSE
14-11-1997 08:00,28,0.0099,23.95008,FALSE
16-11-1997 08:00,28,0.0108,26.12736,FALSE
19-11-1997 08:00,70,0.0194,117.3312,FALSE
20-11-1997 08:00,28,0.0084,20.32128,FALSE
23-11-1997 08:00,28,0.0131,31.69152,FALSE
30-11-1997 08:00,28,0.0041,9.91872,FALSE
07-12-1997 08:00,32,0.0123,34.00704,FALSE
12-12-1997 08:00,20.1,0.0079,13.719456,FALSE
14-12-1997 08:00,17.6,0.0129,19.616256,FALSE
16-12-1997 08:00,20.1,0.0188,32.648832,FALSE
19-12-1997 08:00,23.2,0.018,36.08064,FALSE
20-12-1997 08:00,21.5,0.007,13.0032,FALSE
21-12-1997 08:00,32,0.0065,17.9712,FALSE
22-12-1997 08:00,26.4,0.006,13.68576,FALSE
25-12-1997 08:00,18,0.0067,10.41984,FALSE
28-12-1997 08:00,13.1,0.0093,10.526112,FALSE
04-01-1998 08:00,8.6,0.0051,3.789504,FALSE
11-01-1998 08:00,6.3,0.0043,2.340576,FALSE
15-01-1998 08:00,5.2,0.0047,2.111616,FALSE
18-01-1998 08:00,4.2,0.0042,1.524096,FALSE
20-01-1998 08:00,4,0.0046,1.58976,FALSE
21-01-1998 08:00,3.6,0.0042,1.306368,FALSE
22-01-1998 08:00,3.4,0.0039,1.145664,FALSE
23-01-1998 08:00,3.4,0.0039,1.145664,FALSE
24-01-1998 08:00,12.5,0.0144,15.552,FALSE
25-01-1998 08:00,6.6,0.0076,4.333824,FALSE
26-01-1998 08:00,4.2,0.0048,1.741824,FALSE
27-01-1998 08:00,3.6,0.0042,1.306368,FALSE
28-01-1998 08:00,3,0.0035,0.9072,FALSE
29-01-1998 08:00,2.4,0.0028,0.580608,FALSE
31-01-1998 08:00,1.6,0.0018,0.248832,FALSE
01-02-1998 08:00,1.3,0.0015,0.16848,FALSE
07-06-1998 08:00,10.5,0.0064,5.80608,FALSE
14-06-1998 08:00,14,0.0091,11.00736,FALSE
21-06-1998 08:00,31.5,0.0207,56.33712,FALSE
26-06-1998 08:00,277,0.0227,543.27456,FALSE
28-06-1998 08:00,289,0.0166,414.49536,FALSE
05-07-1998 08:00,97,0.0155,129.9024,FALSE
07-07-1998 08:00,56,0.0109,52.73856,FALSE
12-07-1998 08:00,197,0.0343,583.81344,FALSE
14-07-1998 08:00,150.6,0.0141,183.466944,FALSE
15-07-1998 08:00,252.5,0.0279,608.6664,FALSE
16-07-1998 08:00,96.5,0.012,100.0512,FALSE
17-07-1998 08:00,119,0.0152,156.28032,FALSE
19-07-1998 08:00,99.5,0.0139,119.49552,FALSE
23-07-1998 08:00,80.5,0.012,83.4624,FALSE
26-07-1998 08:00,98.5,0.0283,240.84432,FALSE
01-08-1998 08:00,252,0.0977,2127.20256,FALSE
02-08-1998 08:00,160,0.0885,1223.424,FALSE
09-08-1998 08:00,109,0.0167,157.27392,FALSE
15-08-1998 08:00,89,0.0091,69.97536,FALSE
16-08-1998 08:00,170,0.0094,138.0672,FALSE
23-08-1998 08:00,76,0.0065,42.6816,FALSE
25-08-1998 08:00,207,0.0123,219.98304,FALSE
30-08-1998 08:00,50,0.0083,35.856,FALSE
04-09-1998 08:00,52.5,0.0139,63.0504,FALSE
06-09-1998 08:00,114,0.0603,593.93088,FALSE
09-09-1998 08:00,352,0.0314,954.96192,FALSE
13-09-1998 08:00,146,0.0545,687.4848,FALSE
20-09-1998 08:00,58,0.0056,28.06272,FALSE
27-09-1998 08:00,67.5,0.0604,352.2528,FALSE
30-09-1998 08:00,71.5,0.0309,190.88784,FALSE
01-10-1998 08:00,58,0.0118,59.13216,FALSE
02-10-1998 08:00,51,0.0104,45.82656,FALSE
04-10-1998 08:00,47.5,0.0147,60.3288,FALSE
11-10-1998 08:00,146,0.0179,225.79776,FALSE
18-10-1998 08:00,89.5,0.0116,89.70048,FALSE
19-10-1998 08:00,81,0.0113,79.08192,FALSE
25-10-1998 08:00,33,0.0174,49.61088,FALSE
01-11-1998 08:00,75,0.0409,265.032,FALSE
04-11-1998 08:00,47,0.0103,41.82624,FALSE
08-11-1998 08:00,40,0.0282,97.4592,FALSE
15-11-1998 08:00,47.5,0.0123,50.4792,FALSE
22-11-1998 08:00,21.5,0.005,9.288,FALSE
29-11-1998 08:00,17,0.0048,7.05024,FALSE
06-12-1998 08:00,14.4,0.0037,4.603392,FALSE
13-12-1998 08:00,9.6,0.0084,6.967296,FALSE
14-12-1998 08:00,8.5,0.0075,5.508,FALSE
15-12-1998 08:00,13.1,0.008,9.05472,FALSE
16-12-1998 08:00,8.9,0.0058,4.459968,FALSE
17-12-1998 08:00,7.7,0.0067,4.457376,FALSE
18-12-1998 08:00,18.8,0.0148,24.039936,FALSE
19-12-1998 08:00,9.4,0.01,8.1216,FALSE
20-12-1998 08:00,30.4,0.0257,67.502592,FALSE
21-12-1998 08:00,17.3,0.0143,21.374496,FALSE
22-12-1998 08:00,8.9,0.011,8.45856,FALSE
23-12-1998 08:00,7.4,0.01,6.3936,FALSE
24-12-1998 08:00,6.3,0.01,5.4432,FALSE
25-12-1998 08:00,5.8,0.01,5.0112,FALSE
26-12-1998 08:00,5.4,0.009,4.19904,FALSE
27-12-1998 08:00,5.2,0.007,3.14496,FALSE
28-12-1998 08:00,4.9,0.007,2.96352,FALSE
29-12-1998 08:00,4.9,0.007,2.96352,FALSE
01-01-1999 08:00,4.2,0.0067,2.431296,FALSE
02-01-1999 08:00,4,0.0069,2.38464,FALSE
03-01-1999 08:00,3.8,0.0059,1.937088,FALSE
10-01-1999 08:00,3.4,0.004,1.17504,FALSE
14-01-1999 08:00,2.4,0.0034,0.705024,FALSE
15-01-1999 08:00,2.2,0.0021,0.399168,FALSE
16-01-1999 08:00,2.05,0.0029,0.513648,FALSE
17-01-1999 08:00,1.95,0.0027,0.454896,FALSE
18-01-1999 08:00,1.95,0.0027,0.454896,FALSE
19-01-1999 08:00,1.8,0.0025,0.3888,FALSE
20-01-1999 08:00,1.75,0.0024,0.36288,FALSE
21-01-1999 08:00,1.7,0.0024,0.352512,FALSE
22-01-1999 08:00,1.6,0.0022,0.304128,FALSE
23-01-1999 08:00,1.4,0.002,0.24192,FALSE
24-01-1999 08:00,1.35,0.0019,0.221616,FALSE
25-01-1999 08:00,1.4,0.002,0.24192,FALSE
26-01-1999 08:00,1.35,0.0019,0.221616,FALSE
31-01-1999 08:00,0.5,0.0007,0.03024,FALSE
01-05-1999 08:00,5.4,0.0055,2.56608,FALSE
02-05-1999 08:00,3.7,0.0038,1.214784,FALSE
06-05-1999 08:00,39.6,0.0088,30.108672,FALSE
07-05-1999 08:00,9.6,0.0064,5.308416,FALSE
08-05-1999 08:00,12.7,0.007,7.68096,FALSE
09-05-1999 08:00,4.9,0.0054,2.286144,FALSE
10-05-1999 08:00,3.2,0.0035,0.96768,FALSE
11-05-1999 08:00,2.3,0.0025,0.4968,FALSE
12-05-1999 08:00,1.7,0.0019,0.279072,FALSE
16-05-1999 08:00,6.5,0.0057,3.20112,FALSE
20-05-1999 08:00,15.9,0.0035,4.80816,FALSE
21-05-1999 08:00,10.21,0.0068,5.9985792,FALSE
22-05-1999 08:00,32.5,0.0111,31.1688,FALSE
23-05-1999 08:00,19.5,0.0081,13.64688,FALSE
24-05-1999 08:00,62,0.0161,86.24448,FALSE
25-05-1999 08:00,252,0.0243,529.07904,FALSE
26-05-1999 08:00,219,0.0211,399.24576,FALSE
27-05-1999 08:00,182,0.0176,276.75648,FALSE
28-05-1999 08:00,93,0.0089,71.51328,FALSE
29-05-1999 08:00,86,0.0082,60.92928,FALSE
30-05-1999 08:00,78,0.0075,50.544,FALSE
31-05-1999 08:00,192,0.0186,308.55168,FALSE
01-06-1999 08:00,120,0.0181,187.6608,FALSE
02-06-1999 08:00,83,0.0148,106.13376,FALSE
03-06-1999 08:00,71,0.012,73.6128,FALSE
04-06-1999 08:00,58,0.0111,55.62432,FALSE
05-06-1999 08:00,50,0.0101,43.632,FALSE
06-06-1999 08:00,83,0.0148,106.13376,FALSE
07-06-1999 08:00,145,0.0212,265.5936,FALSE
08-06-1999 08:00,206,0.0336,598.02624,FALSE
09-06-1999 08:00,138,0.0194,231.31008,FALSE
10-06-1999 08:00,156,0.0207,279.00288,FALSE
13-06-1999 08:00,197,0.0296,503.81568,FALSE
20-06-1999 08:00,118,0.018,183.5136,FALSE
26-06-1999 08:00,45,0.0082,31.8816,FALSE
27-06-1999 08:00,40,0.0079,27.3024,FALSE
28-06-1999 08:00,35,0.0077,23.2848,FALSE
04-07-1999 08:00,44,0.0182,69.18912,FALSE
11-07-1999 08:00,69,0.0082,48.88512,FALSE
13-07-1999 08:00,61,0.0077,40.58208,FALSE
18-07-1999 08:00,209,0.0355,641.0448,FALSE
25-07-1999 08:00,109,0.0171,161.04096,FALSE
01-08-1999 08:00,190,0.0292,479.3472,FALSE
08-08-1999 08:00,65,0.02,112.32,FALSE
15-08-1999 08:00,46,0.0128,50.87232,FALSE
22-08-1999 08:00,38,0.0094,30.86208,FALSE
25-08-1999 08:00,41,0.0069,24.44256,FALSE
29-08-1999 08:00,43,0.0194,72.07488,FALSE
03-09-1999 08:00,45,0.0118,45.8784,FALSE
05-09-1999 08:00,34,0.0083,24.38208,FALSE
08-09-1999 08:00,37,0.0246,78.64128,FALSE
11-09-1999 08:00,31,0.0187,50.08608,FALSE
12-09-1999 08:00,25,0.0167,36.072,FALSE
19-09-1999 08:00,16,0.0104,14.37696,FALSE
26-09-1999 08:00,25,0.0162,34.992,FALSE
02-10-1999 08:00,79,0.0318,217.05408,FALSE
03-10-1999 08:00,41,0.0207,73.32768,FALSE
10-10-1999 08:00,55,0.0224,106.4448,FALSE
17-10-1999 08:00,49,0.0223,94.40928,FALSE
20-10-1999 08:00,207,0.0504,901.39392,FALSE
24-10-1999 08:00,336,0.0927,2691.11808,FALSE
27-10-1999 08:00,117,0.0203,205.20864,FALSE
31-10-1999 08:00,78,0.0133,89.63136,FALSE
07-11-1999 08:00,34,0.0074,21.73824,FALSE
14-11-1999 08:00,22,0.0076,14.44608,FALSE
15-11-1999 08:00,37,0.0099,31.64832,FALSE
21-11-1999 08:00,36.5,0.0097,30.58992,FALSE
22-11-1999 08:00,22,0.0076,14.44608,FALSE
23-11-1999 08:00,48,0.0116,48.10752,FALSE
24-11-1999 08:00,30,0.0129,33.4368,FALSE
25-11-1999 08:00,20,0.0075,12.96,FALSE
26-11-1999 08:00,16,0.007,9.6768,FALSE
27-11-1999 08:00,15,0.0068,8.8128,FALSE
28-11-1999 08:00,16,0.007,9.6768,FALSE
05-12-1999 08:00,10.3,0.0062,5.517504,FALSE
12-12-1999 08:00,5.1,0.0059,2.599776,FALSE
16-12-1999 08:00,4.7,0.0048,1.949184,FALSE
19-12-1999 08:00,3.7,0.0049,1.566432,FALSE
25-12-1999 08:00,2.3,0.0071,1.410912,FALSE
26-12-1999 08:00,2.9,0.007,1.75392,FALSE
31-12-1999 08:00,2.2,0.0068,1.292544,FALSE
02-01-2000 08:00,2.1,0.005,0.9072,FALSE
08-01-2000 08:00,1.65,0.0035,0.49896,FALSE
09-01-2000 08:00,1.65,0.0027,0.384912,FALSE
14-01-2000 08:00,1.45,0.002,0.25056,FALSE
16-01-2000 08:00,1.35,0.002,0.23328,FALSE
23-01-2000 08:00,0.95,0.0024,0.196992,FALSE
26-01-2000 08:00,0.9,0.0024,0.186624,FALSE
30-01-2000 08:00,0.25,0.0009,0.01944,FALSE
21-04-2000 08:00,7.1,0.0048,2.944512,FALSE
23-04-2000 08:00,2.9,0.0031,0.776736,FALSE
01-05-2000 08:00,1.1,0.0021,0.199584,FALSE
07-05-2000 08:00,0.95,0.0019,0.155952,FALSE
14-05-2000 08:00,1.25,0.0026,0.2808,FALSE
18-05-2000 08:00,21.5,0.043,79.8768,FALSE
21-05-2000 08:00,2,0.003,0.5184,FALSE
28-05-2000 08:00,12.6,0.0253,27.542592,FALSE
01-06-2000 08:00,7.516,0.0083,5.38987392,FALSE
04-06-2000 08:00,28.64,0.018,44.540928,FALSE
11-06-2000 08:00,72.92,0.0253,159.3972864,FALSE
15-06-2000 08:00,70.31,0.023,139.720032,FALSE
16-06-2000 08:00,60.03,0.0209,108.3997728,FALSE
18-06-2000 08:00,63.43,0.0218,119.4716736,FALSE
25-06-2000 08:00,55.84,0.0094,45.3510144,FALSE
02-07-2000 08:00,189.8,0.0305,500.16096,FALSE
09-07-2000 08:00,86.7,0.0248,185.773824,FALSE
16-07-2000 08:00,57.51,0.0177,87.9488928,FALSE
23-07-2000 08:00,30.87,0.0141,37.6070688,FALSE
30-07-2000 08:00,18.27,0.0121,19.1001888,FALSE
31-07-2000 08:00,16.24,0.0118,16.5570048,FALSE
06-08-2000 08:00,46.82,0.0155,62.701344,FALSE
13-08-2000 08:00,59.19,0.0212,108.4171392,FALSE
14-08-2000 08:00,51.71,0.0204,91.1419776,FALSE
15-08-2000 08:00,51.71,0.0204,91.1419776,FALSE
20-08-2000 08:00,69.44,0.0227,136.1912832,FALSE
22-08-2000 08:00,98.11,0.0259,219.5466336,FALSE
27-08-2000 08:00,279.5,0.0431,1040.81328,FALSE
01-09-2000 08:00,79.09,0.0237,161.9510112,FALSE
03-09-2000 08:00,55.84,0.0178,85.8774528,FALSE
10-09-2000 08:00,22.5,0.0153,29.7432,FALSE
17-09-2000 08:00,29.75,0.0171,43.95384,FALSE
24-09-2000 08:00,35.03,0.0177,53.5706784,FALSE
01-10-2000 08:00,73.8,0.0231,147.292992,FALSE
02-10-2000 08:00,55.01,0.0215,102.186576,FALSE
07-10-2000 08:00,34.26,0.018,53.281152,FALSE
08-10-2000 08:00,44.41,0.0192,73.6708608,FALSE
11-10-2000 08:00,25.36,0.0164,35.9341056,FALSE
14-10-2000 08:00,24.64,0.0163,34.7010048,FALSE
15-10-2000 08:00,33.5,0.0182,52.67808,FALSE
22-10-2000 08:00,23.57,0.017,34.619616,FALSE
26-10-2000 08:00,23.92,0.0168,34.7203584,FALSE
29-10-2000 08:00,13.14,0.0144,16.3482624,FALSE
05-11-2000 08:00,12.46,0.0168,18.0859392,FALSE
11-11-2000 08:00,6.429,0.0129,7.16550624,FALSE
12-11-2000 08:00,6.081,0.0128,6.72509952,FALSE
19-11-2000 08:00,3.286,0.012,3.4069248,FALSE
26-11-2000 08:00,3.565,0.0122,3.7577952,FALSE
29-11-2000 08:00,1.8,0.0112,1.741824,FALSE
03-12-2000 08:00,4.359,0.0122,4.59473472,FALSE
09-12-2000 08:00,2.083,0.0078,1.40377536,FALSE
10-12-2000 08:00,1.943,0.0071,1.19191392,FALSE
17-12-2000 08:00,1.375,0.0067,0.79596,FALSE
24-12-2000 08:00,1.002,0.0062,0.53675136,FALSE
25-12-2000 08:00,1.002,0.0062,0.53675136,FALSE
26-12-2000 08:00,0.9068,0.0059,0.462250368,FALSE
27-12-2000 08:00,0.9068,0.0059,0.462250368,FALSE
31-12-2000 08:00,1.553,0.0068,0.91241856,FALSE
01-01-2001 08:00,1.433,0.0073,0.90382176,FALSE
07-01-2001 08:00,1.808,0.0077,1.20282624,FALSE
10-01-2001 08:00,1.155,0.0065,0.648648,FALSE
11-01-2001 08:00,1.002,0.0062,0.53675136,FALSE
13-01-2001 08:00,0.9539,0.0061,0.502743456,FALSE
14-01-2001 08:00,0.8163,0.0059,0.416117088,FALSE
03-06-2001 08:00,5.242,0.015,6.793632,FALSE
04-06-2001 08:00,9.28,0.0148,11.8665216,FALSE
05-06-2001 08:00,15.45,0.0151,20.156688,FALSE
06-06-2001 08:00,39.93,0.0191,65.8940832,FALSE
07-06-2001 08:00,88.31,0.0253,193.0385952,FALSE
08-06-2001 08:00,57.49,0.0215,106.793424,FALSE
09-06-2001 08:00,63.3,0.0223,121.961376,FALSE
10-06-2001 08:00,54.45,0.0211,99.264528,FALSE
11-06-2001 08:00,88.31,0.0253,193.0385952,FALSE
12-06-2001 08:00,126.9,0.0294,322.346304,FALSE
13-06-2001 08:00,252.8,0.0423,923.913216,FALSE
14-06-2001 08:00,105.8,0.0275,251.3808,FALSE
16-06-2001 08:00,69.25,0.0232,138.81024,FALSE
17-06-2001 08:00,53.7,0.0213,98.825184,FALSE
24-06-2001 08:00,281.1,0.0448,1088.059392,FALSE
26-06-2001 08:00,275.4,0.0442,1051.719552,FALSE
27-06-2001 08:00,138.2,0.0302,360.602496,FALSE
28-06-2001 08:00,124.1,0.0297,318.450528,FALSE
01-07-2001 08:00,89.17,0.0255,196.459344,FALSE
08-07-2001 08:00,377.9,0.0368,1201.540608,FALSE
09-07-2001 08:00,805.5,0.0876,6096.53952,FALSE
13-07-2001 08:00,132.5,0.0301,344.5848,FALSE
14-07-2001 08:00,89.17,0.0255,196.459344,FALSE
15-07-2001 08:00,71.67,0.024,148.614912,FALSE
22-07-2001 08:00,38.54,0.0179,59.6044224,FALSE
29-07-2001 08:00,152.8,0.0347,458.106624,FALSE
05-08-2001 08:00,124.1,0.0295,316.30608,FALSE
11-08-2001 08:00,45.6,0.0195,76.82688,FALSE
12-08-2001 08:00,42.03,0.0192,69.7227264,FALSE
15-08-2001 08:00,42.03,0.0193,70.0858656,FALSE
19-08-2001 08:00,86.61,0.0251,187.8259104,FALSE
23-08-2001 08:00,89.17,0.0255,196.459344,FALSE
24-08-2001 08:00,73.3,0.024,151.99488,FALSE
26-08-2001 08:00,76.57,0.0244,161.4218112,FALSE
31-08-2001 08:00,40.62,0.0198,69.4894464,FALSE
01-09-2001 08:00,39.93,0.0188,64.8590976,FALSE
02-09-2001 08:00,33.78,0.0182,53.1183744,FALSE
06-09-2001 08:00,20.86,0.0163,29.3775552,FALSE
07-09-2001 08:00,18.53,0.0153,24.4951776,FALSE
08-09-2001 08:00,16.84,0.0156,22.6976256,FALSE
09-09-2001 08:00,15.18,0.0153,20.0667456,FALSE
16-09-2001 08:00,10.25,0.0147,13.01832,FALSE
23-09-2001 08:00,16.84,0.0158,22.9886208,FALSE
30-09-2001 08:00,87.46,0.0252,190.4249088,FALSE
02-10-2001 08:00,67.65,0.023,134.43408,FALSE
07-10-2001 08:00,43.45,0.0199,74.706192,FALSE
13-10-2001 08:00,54.83,0.0215,101.852208,FALSE
14-10-2001 08:00,66.86,0.0232,134.0195328,FALSE
21-10-2001 08:00,68.45,0.023,136.02384,FALSE
25-10-2001 08:00,76.57,0.0244,161.4218112,FALSE
26-10-2001 08:00,65.27,0.0226,127.4488128,FALSE
28-10-2001 08:00,81.55,0.025,176.148,FALSE
04-11-2001 08:00,44.16,0.0199,75.9269376,FALSE
11-11-2001 08:00,39.23,0.0193,65.4168096,FALSE
14-11-2001 08:00,38.19,0.0185,61.042896,FALSE
18-11-2001 08:00,43.45,0.0198,74.330784,FALSE
25-11-2001 08:00,18.25,0.0148,23.33664,FALSE
30-11-2001 08:00,9.763,0.0124,10.45968768,FALSE
02-12-2001 08:00,12.11,0.0105,10.986192,FALSE
03-12-2001 08:00,12.11,0.0103,10.7769312,FALSE
09-12-2001 08:00,8.486,0.0066,4.83905664,FALSE
16-12-2001 08:00,5.465,0.0054,2.5497504,FALSE
23-12-2001 08:00,3.607,0.005,1.558224,FALSE
25-12-2001 08:00,3.496,0.005,1.510272,FALSE
30-12-2001 08:00,2.964,0.0048,1.22923008,FALSE
31-12-2001 08:00,2.863,0.0047,1.16260704,FALSE
01-01-2002 08:00,2.665,0.0047,1.0822032,FALSE
02-01-2002 08:00,0.511,0.0045,0.1986768,FALSE
06-01-2002 08:00,1.775,0.0046,0.705456,FALSE
07-01-2002 08:00,1.617,0.0046,0.64266048,FALSE
13-01-2002 08:00,1.055,0.0044,0.4010688,FALSE
20-01-2002 08:00,0.707,0.0043,0.26266464,FALSE
21-01-2002 08:00,0.707,0.0043,0.26266464,FALSE
22-01-2002 08:00,0.655,0.0043,0.2433456,FALSE
23-01-2002 08:00,0.605,0.0043,0.2247696,FALSE
24-01-2002 08:00,0.557,0.0043,0.20693664,FALSE
25-01-2002 08:00,0.557,0.0043,0.20693664,FALSE
26-01-2002 08:00,0.511,0.0043,0.18984672,FALSE
27-01-2002 08:00,0.511,0.0043,0.18984672,FALSE
03-02-2002 08:00,0.308,0.0042,0.11176704,FALSE
24-05-2002 08:00,14.57,0.0079,9.9448992,FALSE
26-05-2002 08:00,20.61,0.0093,16.5605472,FALSE
02-06-2002 08:00,24.85,0.017,36.49968,FALSE
09-06-2002 08:00,37.49,0.0182,58.9522752,FALSE
16-06-2002 08:00,122.2,0.0303,319.909824,FALSE
23-06-2002 08:00,32.98,0.021,59.838912,FALSE
30-06-2002 08:00,43.8,0.0207,78.335424,FALSE
07-07-2002 08:00,86.48,0.0265,198.004608,FALSE
14-07-2002 08:00,115.8,0.0297,297.152064,FALSE
21-07-2002 08:00,51.8,0.0225,100.6992,FALSE
28-07-2002 08:00,51.8,0.0225,100.6992,FALSE
04-08-2002 08:00,65.39,0.0243,137.2876128,FALSE
11-08-2002 08:00,90.18,0.0285,222.059232,FALSE
15-08-2002 08:00,60.26,0.0233,121.3106112,FALSE
18-08-2002 08:00,443.5,0.0663,2540.50992,FALSE
21-08-2002 08:00,85.25,0.0285,209.9196,FALSE
25-08-2002 08:00,49.42,0.0228,97.3534464,FALSE
30-08-2002 08:00,28.4,0.0203,49.811328,FALSE
01-09-2002 08:00,23.53,0.0191,38.8301472,FALSE
08-09-2002 08:00,36.88,0.021,66.915072,FALSE
15-09-2002 08:00,20.72,0.0188,33.6559104,FALSE
22-09-2002 08:00,11.58,0.0151,15.1077312,FALSE
29-09-2002 08:00,7.035,0.0117,7.1115408,FALSE
02-10-2002 08:00,8.834,0.0155,11.8304928,FALSE
06-10-2002 08:00,16.85,0.0168,24.458112,FALSE
13-10-2002 08:00,31.53,0.02,54.48384,FALSE
14-10-2002 08:00,33.57,0.0208,60.3293184,FALSE
15-10-2002 08:00,55.97,0.0231,111.7071648,FALSE
20-10-2002 08:00,50.44,0.0222,96.7479552,FALSE
27-10-2002 08:00,37.8,0.0211,68.910912,FALSE
03-11-2002 08:00,29.81,0.0211,54.3448224,FALSE
04-11-2002 08:00,27.02,0.0207,48.3247296,FALSE
10-11-2002 08:00,55.27,0.0237,113.1752736,FALSE
17-11-2002 08:00,26.2,0.0201,45.499968,FALSE
18-11-2002 08:00,24.32,0.0198,41.6047104,FALSE
19-11-2002 08:00,23.27,0.0194,39.0042432,FALSE
20-11-2002 08:00,22.24,0.0191,36.7013376,FALSE
24-11-2002 08:00,26.47,0.0194,44.3679552,FALSE
01-12-2002 08:00,14.48,0.0176,22.0188672,FALSE
06-12-2002 08:00,11.4,0.0151,14.872896,FALSE
07-12-2002 08:00,11.03,0.0148,14.1042816,FALSE
08-12-2002 08:00,10.67,0.0145,13.367376,FALSE
13-12-2002 08:00,7.936,0.0124,8.50231296,FALSE
14-12-2002 08:00,7.775,0.0121,8.128296,FALSE
15-12-2002 08:00,7.142,0.012,7.4048256,FALSE
22-12-2002 08:00,5.22,0.0108,4.8708864,FALSE
23-12-2002 08:00,5.081,0.0103,4.52168352,FALSE
24-12-2002 08:00,4.944,0.0101,4.31433216,FALSE
25-12-2002 08:00,4.673,0.01,4.037472,FALSE
26-12-2002 08:00,4.539,0.01,3.921696,FALSE
27-12-2002 08:00,3.893,0.0096,3.22900992,FALSE
28-12-2002 08:00,3.768,0.0095,3.0927744,FALSE
29-12-2002 08:00,4.673,0.01,4.037472,FALSE
31-12-2002 08:00,0.709,0.0064,0.39204864,FALSE
05-01-2003 08:00,2.281,0.0066,1.30071744,FALSE
11-01-2003 08:00,1.688,0.0065,0.9479808,FALSE
12-01-2003 08:00,1.416,0.0064,0.78299136,FALSE
19-01-2003 08:00,0.454,0.0057,0.22358592,FALSE
01-06-2003 08:00,0.232,0.0042,0.08418816,FALSE
07-06-2003 08:00,2.38,0.0054,1.1104128,FALSE
08-06-2003 08:00,2.275,0.0052,1.022112,FALSE
09-06-2003 08:00,1.874,0.005,0.809568,FALSE
10-06-2003 08:00,1.778,0.0048,0.73737216,FALSE
11-06-2003 08:00,1.504,0.0044,0.57176064,FALSE
12-06-2003 08:00,1.166,0.0041,0.41304384,FALSE
15-06-2003 08:00,11.06,0.0098,9.3647232,FALSE
22-06-2003 08:00,62.2,0.0378,203.140224,FALSE
29-06-2003 08:00,83.32,0.0285,205.167168,FALSE
06-07-2003 08:00,81.61,0.0286,201.6615744,FALSE
13-07-2003 08:00,54.38,0.025,117.4608,FALSE
20-07-2003 08:00,76.98,0.0272,180.9091584,FALSE
27-07-2003 08:00,79.07,0.0284,194.0188032,FALSE
03-08-2003 08:00,52.58,0.0243,110.3927616,FALSE
10-08-2003 08:00,152.6,0.0361,475.965504,FALSE
15-08-2003 08:00,80.34,0.0293,203.3823168,FALSE
17-08-2003 08:00,74.91,0.028,181.222272,FALSE
20-08-2003 08:00,51.86,0.0246,110.2253184,FALSE
24-08-2003 08:00,151.5,0.0345,451.5912,FALSE
31-08-2003 08:00,46.29,0.0235,93.987216,FALSE
07-09-2003 08:00,50.44,0.0215,93.697344,FALSE
08-09-2003 08:00,34.68,0.0212,63.5226624,FALSE
14-09-2003 08:00,21.84,0.02,37.73952,FALSE
21-09-2003 08:00,14.77,0.0193,24.6292704,FALSE
28-09-2003 08:00,10.3,0.0182,16.196544,FALSE
02-10-2003 08:00,27.69,0.0217,51.9154272,FALSE
03-10-2003 08:00,68.44,0.0272,160.8394752,FALSE
04-10-2003 08:00,59.17,0.0249,127.2959712,FALSE
05-10-2003 08:00,40.32,0.0227,79.0788096,FALSE
12-10-2003 08:00,55.47,0.0254,121.7322432,FALSE
19-10-2003 08:00,59.93,0.0255,132.037776,FALSE
24-10-2003 08:00,56.94,0.0257,126.4341312,FALSE
26-10-2003 08:00,63.74,0.0261,143.7362496,FALSE
30-10-2003 08:00,36.52,0.0229,72.2570112,FALSE
02-11-2003 08:00,40.32,0.023,80.123904,FALSE
08-11-2003 08:00,24.43,0.0217,45.8033184,FALSE
09-11-2003 08:00,22.6,0.0215,41.98176,FALSE
16-11-2003 08:00,13.49,0.0188,21.9120768,FALSE
23-11-2003 08:00,9.193,0.0165,13.1055408,FALSE
25-11-2003 08:00,7.795,0.0163,10.9778544,FALSE
30-11-2003 08:00,8.658,0.016,11.9688192,FALSE
06-12-2003 08:00,3.521,0.0123,3.74183712,FALSE
07-12-2003 08:00,2.867,0.0119,2.94773472,FALSE
13-12-2003 08:00,1.503,0.0095,1.2336624,FALSE
14-12-2003 08:00,1.404,0.0094,1.14027264,FALSE
18-12-2003 08:00,0.417,0.0084,0.30264192,FALSE
30-05-2004 08:00,37.13,0.013,41.704416,FALSE
06-06-2004 08:00,308.5,0.0479,1276.74576,FALSE
13-06-2004 08:00,102.3,0.0315,278.41968,FALSE
20-06-2004 08:00,82.07,0.0314,222.6526272,FALSE
27-06-2004 08:00,56.58,0.0235,114.880032,FALSE
04-07-2004 08:00,95.27,0.0291,239.5316448,FALSE
11-07-2004 08:00,104.1,0.0332,298.608768,FALSE
18-07-2004 08:00,82.51,0.0305,217.430352,FALSE
25-07-2004 08:00,69.92,0.0281,169.7545728,FALSE
01-08-2004 08:00,61.95,0.0272,145.587456,FALSE
08-08-2004 08:00,134.7,0.0356,414.315648,FALSE
15-08-2004 08:00,79.08,0.0286,195.4098432,FALSE
22-08-2004 08:00,40.22,0.0239,83.0526912,FALSE
28-08-2004 08:00,27.69,0.0207,49.5230112,FALSE
29-08-2004 08:00,25.67,0.0199,44.1359712,FALSE
05-09-2004 08:00,17.93,0.0184,28.5043968,FALSE
07-09-2004 08:00,19.45,0.0189,31.761072,FALSE
12-09-2004 08:00,29.16,0.0221,55.6792704,FALSE
19-09-2004 08:00,42.24,0.0242,88.3187712,FALSE
26-09-2004 08:00,42.24,0.0244,89.0486784,FALSE
02-10-2004 08:00,23.99,0.0222,46.0147392,FALSE
03-10-2004 08:00,52.12,0.0265,119.333952,FALSE
10-10-2004 08:00,56.58,0.0252,123.1905024,FALSE
17-10-2004 08:00,66.69,0.0271,156.1506336,FALSE
21-10-2004 08:00,42.24,0.0249,90.8734464,FALSE
22-10-2004 08:00,39.55,0.0242,82.694304,FALSE
24-10-2004 08:00,30.06,0.022,57.138048,FALSE
31-10-2004 08:00,20.22,0.0187,32.6690496,FALSE
07-11-2004 08:00,27.11,0.0199,46.6118496,FALSE
12-11-2004 08:00,14.79,0.0175,22.36248,FALSE
14-11-2004 08:00,17.43,0.017,25.601184,FALSE
21-11-2004 08:00,8.043,0.0131,9.10338912,FALSE
26-11-2004 08:00,7.488,0.0118,7.63416576,FALSE
28-11-2004 08:00,5.095,0.0114,5.0183712,FALSE
05-12-2004 08:00,3.27,0.0098,2.7687744,FALSE
12-12-2004 08:00,1.59,0.0094,1.2913344,FALSE
19-12-2004 08:00,0.849,0.0089,0.65284704,FALSE
20-12-2004 08:00,0.64,0.0089,0.4921344,FALSE
21-12-2004 08:00,0.513,0.0088,0.39004416,FALSE
25-12-2004 08:00,0.396,0.0089,0.30450816,FALSE
26-12-2004 08:00,0.29,0.0088,0.2204928,FALSE
28-12-2004 08:30,0.197,0.0086,0.14637888,FALSE
05-06-2005 08:00,20.59,0.0147,26.1509472,FALSE
12-06-2005 08:00,27.86,0.0163,39.2357952,FALSE
19-06-2005 08:00,117.3,0.0278,281.745216,FALSE
26-06-2005 08:00,87.06,0.026,195.571584,FALSE
03-07-2005 08:00,71.54,0.0257,158.8531392,FALSE
10-07-2005 08:00,146.7,0.034,430.94592,FALSE
17-07-2005 08:00,83.7,0.0337,243.707616,FALSE
24-07-2005 08:00,129.9,0.0313,351.291168,FALSE
31-07-2005 08:00,539,0.0573,2668.43808,FALSE
07-08-2005 08:00,62.72,0.0271,146.8551168,FALSE
14-08-2005 08:00,58.66,0.0233,118.0896192,FALSE
15-08-2005 08:00,44.78,0.0242,93.6296064,FALSE
21-08-2005 08:00,40.59,0.0185,64.879056,FALSE
28-08-2005 08:00,32.38,0.0211,59.0300352,FALSE
04-09-2005 08:00,245.5,0.0335,710.5752,FALSE
11-09-2005 08:00,359.5,0.0305,947.3544,FALSE
15-09-2005 08:00,125.7,0.026,282.37248,FALSE
18-09-2005 08:00,63.09,0.024,130.823424,FALSE
23-09-2005 08:00,35.64,0.0226,69.5920896,FALSE
24-09-2005 08:00,32.97,0.0214,60.9602112,FALSE
25-09-2005 08:00,30.66,0.0202,53.5102848,FALSE
02-10-2005 08:00,16.82,0.0163,23.6879424,FALSE
09-10-2005 08:00,42.5,0.0226,82.9872,FALSE
11-10-2005 08:00,52.24,0.0228,102.9086208,FALSE
12-10-2005 08:00,48.12,0.0225,93.54528,FALSE
16-10-2005 08:00,27.32,0.0203,47.9170944,FALSE
23-10-2005 08:00,64.6,0.0249,138.977856,FALSE
30-10-2005 08:00,37.77,0.0216,70.4878848,FALSE
01-11-2005 08:00,32.38,0.0225,62.94672,FALSE
03-11-2005 08:00,32.67,0.0213,60.1232544,FALSE
06-11-2005 08:00,35.34,0.02176,66.44146176,FALSE
13-11-2005 08:00,53.64,0.025,115.8624,FALSE
15-11-2005 08:00,49.48,0.0235,100.464192,FALSE
20-11-2005 08:00,24.38,0.0188,39.6009216,FALSE
27-11-2005 08:00,16.37,0.0173,24.4685664,FALSE
04-12-2005 08:00,32.27,0.0171,47.6769888,FALSE
11-12-2005 08:00,9.359,0.0152,12.29098752,FALSE
18-12-2005 08:00,5.137,0.0118,5.23727424,FALSE
25-12-2005 08:00,3.683,0.0092,2.92754304,FALSE
01-01-2006 08:00,1.571,0.0084,1.14016896,FALSE
08-01-2006 08:00,0.94,0.0081,0.6578496,FALSE
10-01-2006 08:00,1.001,0.008,0.6918912,FALSE
15-01-2006 08:00,0.409,0.0074,0.26149824,FALSE
22-01-2006 08:00,0.172,0.0073,0.10848384,FALSE
28-05-2006 08:00,103.7,0.0307,275.062176,FALSE
01-06-2008 08:00,29.32,0.023,58.264704,FALSE
08-06-2008 08:00,24.24,0.019,39.792384,FALSE
15-06-2008 08:00,23.28,0.0185,37.210752,FALSE
22-06-2008 08:00,58.31,0.0511,257.4409824,FALSE
29-06-2008 08:00,76.49,0.0317,209.4969312,FALSE
06-07-2008 08:00,32.97,0.0099,28.2012192,FALSE
13-07-2008 08:00,63.32,0.0102,55.8026496,FALSE
20-07-2008 08:00,92.73,0.0187,149.8220064,FALSE
27-07-2008 08:00,81.46,0.0169,118.9446336,FALSE
03-08-2008 08:00,104.6,0.012,108.44928,FALSE
10-08-2008 08:00,97.59,0.0473,398.8230048,FALSE
15-08-2008 08:00,147.9,0.0272,347.576832,FALSE
17-08-2008 08:00,85.15,0.0081,59.591376,FALSE
24-08-2008 08:00,35.78,0.0052,16.0752384,FALSE
31-08-2008 08:00,235.7,0.0681,1386.821088,FALSE
07-09-2008 08:00,142.2,0.0148,181.833984,FALSE
12-09-2008 08:00,108.6,0.038,356.55552,FALSE
14-09-2008 08:00,68.91,0.024,142.891776,FALSE
21-09-2008 08:00,39.88,0.0051,17.5727232,FALSE
28-09-2008 08:00,14.07,0.0044,5.3488512,FALSE
01-10-2008 08:00,10.37,0.0038,3.4046784,FALSE
02-10-2008 08:00,9.608,0.0037,3.07148544,FALSE
05-10-2008 08:00,4.73,0.0032,1.3077504,FALSE
08-10-2008 08:00,23.42,0.0081,16.3902528,FALSE
09-10-2008 08:00,50.55,0.0099,43.238448,FALSE
12-10-2008 08:00,13.58,0.0085,9.973152,FALSE
19-10-2008 08:00,8.562,0.0091,6.73178688,FALSE
26-10-2008 08:00,71.47,0.0221,136.4676768,FALSE
27-10-2008 08:00,51.66,0.0179,79.8952896,FALSE
02-11-2008 08:00,23.71,0.0127,26.0165088,FALSE
09-11-2008 08:00,10.15,0.0095,8.33112,FALSE
13-11-2008 08:00,15.05,0.0051,6.631632,FALSE
16-11-2008 08:00,7.854,0.0044,2.98577664,FALSE
23-11-2008 08:00,3.609,0.0044,1.37199744,FALSE
30-11-2008 08:00,8.871,0.0047,3.60233568,FALSE
04-12-2008 08:00,4.173,0.0052,1.87484544,FALSE
05-12-2008 08:00,3.302,0.0066,1.88293248,FALSE
06-12-2008 08:00,3.105,0.0066,1.7705952,FALSE
07-12-2008 08:00,2.794,0.0059,1.42426944,FALSE
08-12-2008 08:00,2.132,0.0059,1.08680832,FALSE
01-06-2009 08:00,14.08,0.002,2.433024,FALSE
02-06-2009 08:00,10.39,0.0015,1.346544,FALSE
03-06-2009 08:00,9.092,0.0013,1.02121344,FALSE
04-06-2009 08:00,7.611,0.0011,0.72334944,FALSE
05-06-2009 08:00,6.927,0.001,0.5984928,FALSE
06-06-2009 08:00,14.08,0.002,2.433024,FALSE
07-06-2009 08:00,57.98,0.0083,41.5786176,FALSE
08-06-2009 08:00,69.61,0.01,60.14304,FALSE
09-06-2009 08:00,54.82,0.0079,37.4179392,FALSE
14-06-2009 08:00,22.7,0.0071,13.925088,FALSE
21-06-2009 08:00,17.63,0.0049,7.4638368,FALSE
28-06-2009 08:00,43.57,0.0117,44.0440416,FALSE
05-07-2009 08:00,183.3,0.0243,384.842016,FALSE
12-07-2009 08:00,64.21,0.0135,74.894544,FALSE
19-07-2009 08:00,171.8,0.0458,679.833216,FALSE
26-07-2009 08:00,32.31,0.0093,25.9617312,FALSE
02-08-2009 08:00,57.66,0.0148,73.7309952,FALSE
09-08-2009 08:00,21.24,0.0043,7.8910848,FALSE
15-08-2009 08:00,140.1,0.0293,354.665952,FALSE
16-08-2009 08:00,76.9,0.0261,173.412576,FALSE
23-08-2009 08:00,52.3,0.0091,41.120352,FALSE
30-08-2009 08:00,13.94,0.0049,5.9016384,FALSE
02-09-2009 08:00,58.15,0.015,75.3624,FALSE
06-09-2009 08:00,144.1,0.0336,418.328064,FALSE
13-09-2009 08:00,28.32,0.011,26.915328,FALSE
20-09-2009 08:00,39.48,0.0126,42.9795072,FALSE
21-09-2009 08:00,24.88,0.0079,16.9820928,FALSE
27-09-2009 08:00,14.56,0.0046,5.7867264,FALSE
28-09-2009 08:00,78,0.0247,166.45824,FALSE
02-10-2009 08:00,55.2,0.0113,53.892864,FALSE
04-10-2009 08:00,230.2,0.0283,562.866624,FALSE
11-10-2009 08:00,31.81,0.0147,40.4012448,FALSE
17-10-2009 08:00,32.11,0.0102,28.2979008,FALSE
18-10-2009 08:00,30.32,0.0096,25.1486208,FALSE
25-10-2009 08:00,11.94,0.0046,4.7454336,FALSE
01-11-2009 08:00,10.04,0.01,8.67456,FALSE
02-11-2009 08:00,9.447,0.0096,7.83571968,FALSE
08-11-2009 08:00,23.36,0.0109,21.9995136,FALSE
15-11-2009 08:00,33.43,0.0118,34.0825536,FALSE
22-11-2009 08:00,20.31,0.011,19.302624,FALSE
27-11-2009 08:00,12.77,0.0043,4.7443104,FALSE
29-11-2009 08:00,9.739,0.0046,3.87066816,FALSE
06-12-2009 08:00,17.46,0.0087,13.1243328,FALSE
13-12-2009 08:00,2.139,0.107,19.7746272,FALSE
20-12-2009 08:00,0.236,0.0008,0.01631232,FALSE
25-12-2009 08:00,3.372,0.0033,0.96142464,FALSE
27-12-2009 08:00,2.624,0.0026,0.58945536,FALSE
03-01-2010 08:00,4.517,0.0028,1.09275264,FALSE
10-01-2010 08:00,2.291,0.0014,0.27711936,FALSE
17-01-2010 08:00,2.104,0.0037,0.67260672,FALSE
24-01-2010 08:00,0.276,0.0036,0.08584704,FALSE
26-01-2010 08:00,0.116,0.0036,0.03608064,FALSE
31-01-2010 08:00,0.819,0.0023,0.16275168,FALSE
07-02-2010 08:00,1.299,0.0013,0.14590368,FALSE
12-02-2010 08:00,1.238,0.0012,0.12835584,FALSE
14-02-2010 08:00,1.279,0.0013,0.14365728,FALSE
21-02-2010 08:00,1.197,0.0012,0.12410496,FALSE
26-02-2010 08:00,0.854,0.0008,0.05902848,FALSE
28-02-2010 08:00,0.784,0.0006,0.04064256,FALSE
02-05-2010 08:00,8.791,0.0034,2.58244416,FALSE
09-05-2010 08:00,0.47,0.0002,0.0081216,FALSE
16-05-2010 08:00,1.074,0.0004,0.03711744,FALSE
23-05-2010 08:00,3.998,0.0016,0.55268352,FALSE
27-05-2010 08:00,10.3,0.004,3.55968,FALSE
30-05-2010 08:00,9.81,0.0038,3.2208192,FALSE
06-06-2010 08:00,8.345,0.0092,6.6332736,FALSE
13-06-2010 08:00,611.6,0.0655,3461.16672,FALSE
20-06-2010 08:00,91.59,0.017,134.527392,FALSE
27-06-2010 08:00,96.94,0.0174,145.7357184,FALSE
04-07-2010 08:00,123.7,0.02,213.7536,FALSE
11-07-2010 08:00,67.64,0.0149,87.0770304,FALSE
18-07-2010 08:00,75.82,0.0299,195.8703552,FALSE
25-07-2010 08:00,67.64,0.0105,61.363008,FALSE
01-08-2010 08:00,75.82,0.0084,55.0271232,FALSE
08-08-2010 08:00,41.61,0.0064,23.0086656,FALSE
15-08-2010 08:00,53.46,0.0281,129.7923264,FALSE
22-08-2010 08:00,59.89,0.0066,34.1516736,FALSE
23-08-2010 08:00,48.22,0.0054,22.4975232,FALSE
29-08-2010 08:00,83.33,0.0106,76.3169472,FALSE
05-09-2010 08:00,46.52,0.0031,12.4599168,FALSE
10-09-2010 08:00,38.48,0.0108,35.9064576,FALSE
12-09-2010 08:00,48.22,0.0131,54.5773248,FALSE
19-09-2010 08:00,54.36,0.0047,22.0745088,FALSE
26-09-2010 08:00,40.03,0.0147,50.8413024,FALSE
02-10-2010 08:00,77.93,0.0157,105.7104864,FALSE
03-10-2010 08:00,61.78,0.0142,75.7966464,FALSE
10-10-2010 08:00,90.02,0.0187,145.4435136,FALSE
15-10-2010 08:00,49.94,0.0176,75.9407616,FALSE
17-10-2010 08:00,36.95,0.0188,60.018624,FALSE
24-10-2010 08:00,40.03,0.013,44.961696,FALSE
31-10-2010 08:00,65.66,0.0444,251.8822656,FALSE
05-11-2010 08:00,49.94,0.0463,199.7759808,FALSE
07-11-2010 08:00,51.68,0.0507,226.3832064,FALSE
14-11-2010 08:00,45.69,0.0184,72.6361344,FALSE
17-11-2010 08:00,30.44,0.0203,53.3893248,FALSE
21-11-2010 08:00,85.53,0.0447,330.3237024,FALSE
28-11-2010 08:00,34.72,0.0122,36.5976576,FALSE
05-12-2010 08:00,5.953,0.0051,2.62312992,FALSE
23-01-2011 08:00,2.91,0,0,TRUE
26-01-2011 08:00,2.54,0,0,TRUE
30-01-2011 08:00,2.284,0,0,TRUE
06-02-2011 08:00,1.891,0.022,3.5944128,FALSE
05-06-2011 08:00,70.83,0.0016,9.7915392,FALSE
12-06-2011 08:00,29.97,0.0006,1.5536448,FALSE
19-06-2011 08:00,66.13,0.0013,7.4277216,FALSE
26-06-2011 08:00,61.51,0.0013,6.9088032,FALSE
03-07-2011 08:00,43.55,0.007,26.33904,FALSE
10-07-2011 08:00,62.44,0.0014,7.5527424,FALSE
17-07-2011 08:00,179.9,0.0082,127.455552,FALSE
24-07-2011 08:00,89.2,0.0037,28.515456,FALSE
31-07-2011 08:00,70.04,0.0048,29.0469888,FALSE
07-08-2011 08:00,266.8,0.0129,297.364608,FALSE
14-08-2011 08:00,92.37,0.0089,71.0288352,FALSE
15-08-2011 08:00,75.92,0.0072,47.2283136,FALSE
21-08-2011 08:00,64.31,0.0069,38.3390496,FALSE
28-08-2011 08:00,94.5,0.0116,94.71168,FALSE
31-08-2011 08:00,91.31,0.0094,74.1583296,FALSE
04-09-2011 08:00,121.3,0.0033,34.585056,FALSE
09-09-2011 08:00,78.92,0.0112,76.3693056,FALSE
11-09-2011 08:00,96.65,0.0049,40.917744,FALSE
18-09-2011 08:00,69.07,0.0023,13.7255904,FALSE
25-09-2011 08:00,35.96,0.0011,3.4176384,FALSE
02-10-2011 08:00,11.22,0.0013,1.2602304,FALSE
06-10-2011 08:00,7.615,0.0013,0.8553168,FALSE
09-10-2011 08:00,5.947,0.002,1.0276416,FALSE
16-10-2011 08:00,63.07,0.0143,77.9242464,FALSE
23-10-2011 08:00,32.68,0.0034,9.6000768,FALSE
26-10-2011 08:00,31.56,0.0021,5.7262464,FALSE
30-10-2011 08:00,36.76,0.0045,14.292288,FALSE
06-11-2011 08:00,21.6,0.0017,3.172608,FALSE
07-11-2011 08:00,63.07,0.005,27.24624,FALSE
10-11-2011 08:00,39.22,0.0014,4.7440512,FALSE
13-11-2011 08:00,24.27,0.003,6.290784,FALSE
20-11-2011 08:00,9.944,0.0003,0.25774848,FALSE
27-11-2011 08:00,13.37,0.0004,0.4620672,FALSE
04-12-2011 08:00,10.4,0.0002,0.179712,FALSE
06-12-2011 08:00,19.92,0.0014,2.4095232,FALSE
11-12-2011 08:00,7.836,0.0016,1.08324864,FALSE
10-06-2012 08:00,1.338,0.0001,0.01156032,FALSE
24-06-2012 08:00,60.05,0.0039,20.234448,FALSE
01-07-2012 08:00,30.25,0.0011,2.87496,FALSE
08-07-2012 08:00,67.54,0.0098,57.1874688,FALSE
15-07-2012 08:00,89.09,0.0024,18.4737024,FALSE
22-07-2012 08:00,69.71,0.0013,7.8298272,FALSE
29-07-2012 08:00,57,0.0016,7.87968,FALSE
05-08-2012 08:00,30.47,0.0012,3.1591296,FALSE
12-08-2012 08:00,60.24,0.003,15.614208,FALSE
15-08-2012 08:00,53.87,0.0018,8.3778624,FALSE
19-08-2012 08:00,112.7,0.0028,27.264384,FALSE
20-08-2012 08:00,72.98,0.0044,27.7440768,FALSE
26-08-2012 08:00,95.62,0.0152,125.5758336,FALSE
29-08-2012 08:00,64.57,0.004,22.315392,FALSE
02-09-2012 08:00,64.57,0.003,16.736544,FALSE
09-09-2012 08:00,54.9,0.0042,19.922112,FALSE
16-09-2012 08:00,43.27,0.0015,5.607792,FALSE
23-09-2012 08:00,19.01,0.0011,1.8067104,FALSE
30-09-2012 08:00,9.928,0.0011,0.94355712,FALSE
02-10-2012 08:00,10.14,0.0012,1.0513152,FALSE
07-10-2012 08:00,14.58,0.0011,1.3856832,FALSE
14-10-2012 08:00,32.91,0.001,2.843424,FALSE
21-10-2012 08:00,39.29,0.0034,11.5418304,FALSE
24-10-2012 08:00,28.88,0.0013,3.2438016,FALSE
26-10-2012 08:00,17.85,0.0011,1.696464,FALSE
28-10-2012 08:00,13.5,0.001,1.1664,FALSE
04-11-2012 08:00,18.24,0.001,1.575936,FALSE
11-11-2012 08:00,15.73,0.001,1.359072,FALSE
13-11-2012 08:00,34,0.002,5.8752,FALSE
18-11-2012 08:00,11.49,0.001,0.992736,FALSE
24-11-2012 08:00,23.25,0.001,2.0088,FALSE
25-11-2012 08:00,13.26,0.001,1.145664,FALSE
28-11-2012 08:00,12.76,0.0011,1.2127104,FALSE
02-12-2012 08:00,0.731,0.001,0.0631584,FALSE
09-12-2012 08:00,5.739,0.0012,0.59501952,FALSE
02-06-2013 08:00,16.47,0.0009,1.2807072,FALSE
03-06-2013 08:00,19.41,0.0011,1.8447264,FALSE
09-06-2013 08:00,39.18,0.0049,16.5872448,FALSE
16-06-2013 08:00,227.4,0.0223,438.136128,FALSE
23-06-2013 08:00,201.8,0.019,331.27488,FALSE
30-06-2013 08:00,97.76,0.0069,58.2806016,FALSE
07-07-2013 08:00,182.8,0.0089,140.565888,FALSE
14-07-2013 08:00,107.1,0.004,37.01376,FALSE
19-07-2013 08:00,195.4,0.01,168.8256,FALSE
21-07-2013 08:00,152.2,0.0054,71.010432,FALSE
28-07-2013 08:00,100.1,0.0024,20.756736,FALSE
04-08-2013 08:00,121,0.0044,45.99936,FALSE
09-08-2013 08:00,135.7,0.0064,75.036672,FALSE
11-08-2013 08:00,99.28,0.0026,22.3022592,FALSE
15-08-2013 08:00,79.66,0.0021,14.4535104,FALSE
18-08-2013 08:00,78.29,0.0036,24.3513216,FALSE
25-08-2013 08:00,57.93,0.0012,6.0061824,FALSE
01-09-2013 08:00,49.97,0.0015,6.476112,FALSE
08-09-2013 08:00,69.66,0.0034,20.4633216,FALSE
09-09-2013 08:00,83.13,0.004,28.729728,FALSE
15-09-2013 08:00,131.3,0.0029,32.898528,FALSE
16-09-2013 08:00,123.5,0.0027,28.81008,FALSE
22-09-2013 08:00,100.8,0.0037,32.223744,FALSE
29-09-2013 08:00,38.61,0.0011,3.6694944,FALSE
02-10-2013 08:00,29.94,0.0007,1.8107712,FALSE
06-10-2013 08:00,20.53,0.006,10.642752,FALSE
13-10-2013 08:00,23.86,0.0006,1.2369024,FALSE
16-10-2013 08:00,70.31,0.0026,15.7944384,FALSE
20-10-2013 08:00,82.43,0.0092,65.5219584,FALSE
27-10-2013 08:00,62.13,0.0025,13.42008,FALSE
02-11-2013 08:00,34.83,0.0006,1.8055872,FALSE
03-11-2013 08:00,61.52,0.0011,5.8468608,FALSE
10-11-2013 08:00,19.13,0.0012,1.9833984,FALSE
14-11-2013 08:00,59.72,0.005,25.79904,FALSE
17-11-2013 08:00,41.06,0.0029,10.2879936,FALSE
24-11-2013 08:00,86.68,0.0094,70.3980288,FALSE
01-12-2013 08:00,34.68,0.0029,8.6894208,FALSE
08-12-2013 08:00,16.64,0.001,1.437696,FALSE
15-12-2013 08:00,7.928,0.0009,0.61648128,FALSE
19-12-2013 08:00,6.782,0.0009,0.52736832,FALSE
20-12-2013 08:00,5.713,0.0008,0.39488256,FALSE
21-12-2013 08:00,7.005,0.0009,0.5447088,FALSE
22-12-2013 08:00,6.562,0.0009,0.51026112,FALSE
23-12-2013 08:00,5.508,0.0007,0.33312384,FALSE
24-12-2013 08:00,4.914,0.0007,0.29719872,FALSE
25-12-2013 08:00,4.914,0.0007,0.29719872,FALSE
26-12-2013 08:00,4.166,0.0006,0.21596544,FALSE
27-12-2013 08:00,3.987,0.0005,0.1722384,FALSE
28-12-2013 08:00,3.471,0.0005,0.1499472,FALSE
29-12-2013 08:00,3.306,0.0004,0.11425536,FALSE
30-12-2013 08:00,2.679,0.0004,0.09258624,FALSE
11-05-2014 08:00,7.231,0.0009,0.56228256,FALSE
14-05-2014 08:00,13.84,0.0029,3.4677504,FALSE
01-06-2014 08:00,18.19,0.0013,2.0431008,FALSE
08-06-2014 08:00,13.71,0.0011,1.3029984,FALSE
15-06-2014 08:00,31.12,0.0019,5.1086592,FALSE
22-06-2014 08:00,99.05,0.0053,45.356976,FALSE
29-06-2014 08:00,70.41,0.0097,59.0092128,FALSE
06-07-2014 08:00,68.85,0.0032,19.035648,FALSE
13-07-2014 08:00,144.9,0.0061,76.368096,FALSE
20-07-2014 08:00,126.7,0.0076,83.196288,FALSE
27-07-2014 08:00,113.8,0.0043,42.278976,FALSE
28-07-2014 08:00,111.7,0.0025,24.1272,FALSE
03-08-2014 08:00,249.1,0.0051,109.763424,FALSE
10-08-2014 08:00,120.2,0.0038,39.464064,FALSE
15-08-2014 08:00,86.06,0.0029,21.5631936,FALSE
17-08-2014 08:00,73.38,0.0045,28.530144,FALSE
18-08-2014 08:00,80.47,0.0056,38.9346048,FALSE
24-08-2014 08:00,167.4,0.0038,54.960768,FALSE
29-08-2014 08:00,76.87,0.0013,8.6340384,FALSE
31-08-2014 08:00,258.2,0.0096,214.161408,FALSE
07-09-2014 08:00,92.88,0.0015,12.037248,FALSE
14-09-2014 08:00,48.77,0.0014,5.8992192,FALSE
21-09-2014 08:00,29.45,0.0011,2.798928,FALSE
28-09-2014 08:00,39.09,0.0016,5.4038016,FALSE
02-10-2014 08:00,45.99,0.0055,21.854448,FALSE
03-10-2014 08:00,41.16,0.0079,28.0941696,FALSE
05-10-2014 08:00,79.56,0.0061,41.9313024,FALSE
06-10-2014 08:00,77.76,0.0037,24.8583168,FALSE
12-10-2014 08:00,84.17,0.003,21.816864,FALSE
19-10-2014 08:00,74.25,0.0035,22.4532,FALSE
22-10-2014 08:00,50.96,0.0033,14.5297152,FALSE
26-10-2014 08:00,105.4,0.0077,70.120512,FALSE
02-11-2014 08:00,132.2,0.0056,63.963648,FALSE
03-11-2014 08:00,87.97,0.0038,28.8823104,FALSE
06-11-2014 08:00,65.11,0.0019,10.6884576,FALSE
09-11-2014 08:00,43.26,0.0015,5.606496,FALSE
16-11-2014 08:00,56.72,0.0052,25.4831616,FALSE
23-11-2014 08:00,28.91,0.003,7.493472,FALSE
30-11-2014 08:00,19.84,0.001,1.714176,FALSE
01-12-2014 08:00,18.75,0.001,1.62,FALSE
02-12-2014 08:00,17.72,0.0009,1.3779072,FALSE
03-12-2014 08:00,16.47,0.0008,1.1384064,FALSE
04-12-2014 08:00,15.5,0.0008,1.07136,FALSE
05-12-2014 08:00,14.56,0.0007,0.8805888,FALSE
06-12-2014 08:00,13.87,0.0007,0.8388576,FALSE
07-12-2014 08:00,12.75,0.0006,0.66096,FALSE
08-12-2014 08:00,12.1,0.0006,0.627264,FALSE
09-12-2014 08:00,20.08,0.001,1.734912,FALSE
10-12-2014 08:00,14.09,0.0007,0.8521632,FALSE
14-12-2014 08:00,33.43,0.0021,6.0655392,FALSE
21-12-2014 08:00,11.67,0.0012,1.2099456,FALSE
25-12-2014 08:00,5.727,0.0014,0.69273792,FALSE
28-12-2014 08:00,3.591,0.0014,0.43436736,FALSE
10-05-2015 08:00,8.537,0.0009,0.66383712,FALSE
17-05-2015 08:00,6.018,0.0003,0.15598656,FALSE
24-05-2015 08:00,7.515,0.0014,0.9090144,FALSE
31-05-2015 08:00,2.886,0.0012,0.29922048,FALSE
07-06-2015 08:00,7.647,0.0012,0.79284096,FALSE
14-06-2015 08:00,17.24,0.0027,4.0217472,FALSE
21-06-2015 08:00,56.8,0.0049,24.046848,FALSE
28-06-2015 08:00,214.6,0.0118,218.788992,FALSE
05-07-2015 08:00,37.16,0.0013,4.1738112,FALSE
12-07-2015 08:00,83.67,0.0048,34.6996224,FALSE
18-07-2015 08:00,130.9,0.0072,81.430272,FALSE
19-07-2015 08:00,123.9,0.0069,73.864224,FALSE
26-07-2015 08:00,91.33,0.0011,8.6800032,FALSE
02-08-2015 08:00,32.42,0.0036,10.0839168,FALSE
09-08-2015 08:00,43.2,0.001,3.73248,FALSE
15-08-2015 08:00,87.23,0.0043,32.4076896,FALSE
16-08-2015 08:00,96.39,0.0048,39.9748608,FALSE
23-08-2015 08:00,46.47,0.0009,3.6135072,FALSE
28-08-2015 08:00,24.1,0.001,2.08224,FALSE
30-08-2015 08:00,19.02,0.0009,1.4789952,FALSE
06-09-2015 08:00,61.29,0.0021,11.1204576,FALSE
13-09-2015 08:00,25.68,0.0009,1.9968768,FALSE
20-09-2015 08:00,29.97,0.0011,2.8483488,FALSE
24-09-2015 08:00,16.8,0.0007,1.016064,FALSE
27-09-2015 08:00,81.63,0.0041,28.9166112,FALSE
02-10-2015 08:00,74.84,0.0011,7.1127936,FALSE
04-10-2015 08:00,68.4,0.0012,7.091712,FALSE
11-10-2015 08:00,39.91,0.0009,3.1034016,FALSE
18-10-2015 08:00,27.9,0.0008,1.928448,FALSE
23-10-2015 08:00,24.81,0.0009,1.9292256,FALSE
24-10-2015 08:00,36.07,0.0013,4.0513824,FALSE
25-10-2015 08:00,43.6,0.0016,6.027264,FALSE
01-11-2015 08:00,31.21,0.0047,12.6737568,FALSE
08-11-2015 08:00,68.53,0.0018,10.6577856,FALSE
10-11-2015 08:00,53.6,0.0011,5.094144,FALSE
15-11-2015 08:00,37.61,0.0011,3.5744544,FALSE
22-11-2015 08:00,25.51,0.0009,1.9836576,FALSE
25-11-2015 08:00,24.3,0.0008,1.679616,FALSE
29-11-2015 08:00,19.81,0.0008,1.3692672,FALSE
03-12-2015 08:00,65.25,0.0046,25.93296,FALSE
04-12-2015 08:00,57.03,0.0045,22.173264,FALSE
05-12-2015 08:00,38.56,0.0031,10.3279104,FALSE
06-12-2015 08:00,32.21,0.0025,6.95736,FALSE
07-12-2015 08:00,28.03,0.0022,5.3279424,FALSE
13-12-2015 08:00,41.56,0.0013,4.6680192,FALSE
20-12-2015 08:00,27.17,0.0012,2.8169856,FALSE
24-12-2015 08:00,16.4,0.0012,1.700352,FALSE
25-12-2015 08:00,16.4,0.0012,1.700352,FALSE
27-12-2015 08:00,12.57,0.0011,1.1946528,FALSE
03-01-2016 08:00,5.323,0.0006,0.27594432,FALSE
29-05-2016 08:00,21.7,0.0014,2.624832,FALSE
06-06-1988 08:30,17.52,0.041,62.062848,FALSE
07-06-1988 08:30,32.91,0.044,125.110656,FALSE
08-06-1988 08:30,117.1,0.4378,4429.415232,FALSE
09-06-1988 08:30,122.4,0.056,592.22016,FALSE
10-06-1988 08:30,84.77,0.05,366.2064,FALSE
11-06-1988 08:30,74.71,0.035,225.92304,FALSE
13-06-1988 08:30,32.38,0.025,69.9408,FALSE
14-06-1988 08:30,27.6,0.008,19.07712,FALSE
15-06-1988 08:30,23.92,0.011,22.733568,FALSE
16-06-1988 08:30,27.07,0.045,105.24816,FALSE
17-06-1988 08:00,26.77,0.03535,81.7620048,FALSE
18-06-1988 08:00,23.88,0.014,28.885248,FALSE
20-06-1988 08:00,27.29,0.024,56.588544,FALSE
21-06-1988 08:00,24.6,0.01,21.2544,FALSE
22-06-1988 08:00,29.56,0.026,66.403584,FALSE
23-06-1988 08:00,28.32,0.024,58.724352,FALSE
25-06-1988 08:00,49.61,0.047,201.456288,FALSE
27-06-1988 08:00,43.5,0.025,93.96,FALSE
28-06-1988 08:00,33.44,0.013,37.559808,FALSE
29-06-1988 08:00,27.85,0.008,19.24992,FALSE
30-06-1988 08:00,34.02,0.032,94.058496,FALSE
01-07-1988 08:30,75.86,0.065,426.02976,FALSE
02-07-1988 08:30,141.21,0.13,1586.07072,FALSE
04-07-1988 08:30,51.03,0.012,52.907904,FALSE
05-07-1988 08:30,41.46,0.011,39.403584,FALSE
06-07-1988 08:30,45.71,0.072,284.352768,FALSE
07-07-1988 08:30,62.2,0.108,580.40064,FALSE
08-07-1988 08:30,46.07,0.012,47.765376,FALSE
09-07-1988 08:30,117.8,0.0484,492.611328,FALSE
11-07-1988 08:30,104,0.0454,407.94624,FALSE
12-07-1988 08:30,92.63,0.035,280.11312,FALSE
13-07-1988 08:30,101.8,0.029,255.07008,FALSE
14-07-1988 08:30,79.18,0.015,102.61728,FALSE
15-07-1988 08:30,70.49,0.019,115.716384,FALSE
16-07-1988 08:30,65.15,0.012,67.54752,FALSE
18-07-1988 08:30,241,0.095,1978.128,FALSE
19-07-1988 08:30,200,0.031,535.68,FALSE
20-07-1988 08:30,127.2,0.0211,231.890688,FALSE
21-07-1988 08:30,145.1,0.038,476.39232,FALSE
22-07-1988 08:30,183.5,0.029,459.7776,FALSE
23-07-1988 08:30,123.9,0.017,181.98432,FALSE
26-07-1988 08:30,65.74,0.045,255.59712,FALSE
27-07-1988 08:30,66.82,0.031,178.970688,FALSE
28-07-1988 08:30,67.69,0.018,105.271488,FALSE
29-07-1988 08:30,57.02,0.007,34.485696,FALSE
30-07-1988 08:30,59.01,0.02,101.96928,FALSE
01-08-1988 08:00,50.63,0.017,74.365344,FALSE
02-08-1988 08:00,41.97,0.006,21.757248,FALSE
03-08-1988 16:00,64.59,0.082,457.607232,FALSE
04-08-1988 13:00,362.1,0.069,2158.69536,FALSE
05-08-1988 08:30,259.3,0.016,358.45632,FALSE
06-08-1988 08:30,163.4,0.022,310.59072,FALSE
09-08-1988 08:30,69.57,0.011,66.119328,FALSE
10-08-1988 08:30,61.04,0.015,79.10784,FALSE
11-08-1988 08:30,52.08,0.007,31.497984,FALSE
12-08-1988 08:30,50.88,0.009,39.564288,FALSE
13-08-1988 08:30,46.09,0.013,51.768288,FALSE
16-08-1988 08:30,57.73,0.022,109.733184,FALSE
18-08-1988 08:30,105.7,0.019,173.51712,FALSE
19-08-1988 08:00,92.16,0.016,127.401984,FALSE
20-08-1988 08:00,120.1,0.021,217.90944,FALSE
22-08-1988 08:00,73.93,0.015,95.81328,FALSE
24-08-1988 10:00,173.7,0.0537,805.912416,FALSE
25-08-1988 08:00,90.21,0.018,140.294592,FALSE
27-08-1988 08:30,76.56,0.028,185.213952,FALSE
29-08-1988 08:30,72.79,0.034,213.827904,FALSE
30-08-1988 10:30,183.3,0.1017,1610.635104,FALSE
31-08-1988 08:30,101.6,0.014,122.89536,FALSE
01-09-1988 08:30,69.46,0.008,48.010752,FALSE
02-09-1988 08:30,104.3,0.019,171.21888,FALSE
03-09-1988 08:30,266.4,0.055,1265.9328,FALSE
05-09-1988 08:30,94.28,0.016,130.332672,FALSE
06-09-1988 08:30,139.6,0.18,2171.0592,FALSE
07-09-1988 09:00,103,0.195,1735.344,FALSE
08-09-1988 09:30,115.2,0.119,1184.44032,FALSE
10-09-1988 08:30,132.7,0.048,550.33344,FALSE
12-09-1988 08:30,90.49,0.039,304.915104,FALSE
13-09-1988 08:30,88.08,0.104,791.451648,FALSE
14-09-1988 08:30,86.25,0.026,193.752,FALSE
15-09-1988 08:30,96.23,0.08,665.14176,FALSE
16-09-1988 08:30,99.03,0.032,273.798144,FALSE
17-09-1988 08:30,126,0.059,642.2976,FALSE
19-09-1988 09:30,215.2,0.124,2305.56672,FALSE
20-09-1988 09:00,147.3,0.035,445.4352,FALSE
21-09-1988 09:00,120.7,0.031,323.28288,FALSE
22-09-1988 09:00,133.4,0.064,737.64864,FALSE
23-09-1988 09:00,101,0.025,218.16,FALSE
24-09-1988 09:00,80.03,0.038,262.754496,FALSE
26-09-1988 09:00,96.85,0.067,560.64528,FALSE
27-09-1988 09:00,70.74,0.03,183.35808,FALSE
28-09-1988 09:00,61.68,0.021,111.912192,FALSE
29-09-1988 09:00,45.58,0.021,82.700352,FALSE
30-09-1988 09:00,42.41,0.024,87.941376,FALSE
01-10-1988 09:00,40.22,0.017,59.075136,FALSE
03-10-1988 09:00,38.53,0.025,83.2248,FALSE
04-10-1988 09:00,29.16,0.027,68.024448,FALSE
05-10-1988 09:00,27.86,0.019,45.734976,FALSE
06-10-1988 09:00,28.06,0.015,36.36576,FALSE
07-10-1988 09:00,34.15,0.079,233.09424,FALSE
08-10-1988 09:00,28.51,0.026,64.044864,FALSE
10-10-1988 09:00,23.48,0.015,30.43008,FALSE
11-10-1988 09:00,25.75,0.022,48.9456,FALSE
12-10-1988 09:00,23.81,0.025,51.4296,FALSE
13-10-1988 09:00,17.3,0.021,31.38912,FALSE
14-10-1988 09:00,14.11,0.01,12.19104,FALSE
15-10-1988 09:00,13.51,0.015,17.50896,FALSE
17-10-1988 09:00,29.02,0.109,273.298752,FALSE
18-10-1988 09:30,40.19,0.062,215.289792,FALSE
19-10-1988 09:30,75.09,0.5555,3603.959568,FALSE
21-10-1988 09:00,19.91,0.036,61.928064,FALSE
22-10-1988 09:00,14.97,0.015,19.40112,FALSE
24-10-1988 08:30,12.41,0.009,9.650016,FALSE
25-10-1988 08:30,11.52,0.009,8.957952,FALSE
26-10-1988 08:30,13.19,0.009,10.256544,FALSE
27-10-1988 08:30,11.53,0.009,8.965728,FALSE
28-10-1988 08:30,9.396,0.006,4.8708864,FALSE
29-10-1988 09:00,16.72,0.019,27.447552,FALSE
31-10-1988 09:00,29.03,0.139,348.638688,FALSE
01-11-1988 08:30,22.97,0.036,71.445888,FALSE
02-11-1988 08:30,24.22,0.043,89.982144,FALSE
03-11-1988 08:30,11.74,0.014,14.200704,FALSE
04-11-1988 08:30,11.19,0.014,13.535424,FALSE
05-11-1988 08:30,10,0.012,10.368,FALSE
07-11-1988 08:30,9.621,0.009,7.4812896,FALSE
09-11-1988 08:00,10.18,0.004,3.518208,FALSE
10-11-1988 08:30,8.558,0.004,2.9576448,FALSE
11-11-1988 08:30,6.645,0.01,5.74128,FALSE
12-11-1988 08:30,12.07,0.015,15.64272,FALSE
15-11-1988 08:30,8.323,0.02,14.382144,FALSE
16-11-1988 08:30,8.257,0.009,6.4206432,FALSE
17-11-1988 08:30,20.17,0.023,40.081824,FALSE
18-11-1988 08:30,11.18,0.024,23.182848,FALSE
19-11-1988 09:30,36.66,0.0698,221.0861952,FALSE
21-11-1988 08:30,18.38,0.02,31.76064,FALSE
22-11-1988 08:30,11.26,0.015,14.59296,FALSE
24-11-1988 08:30,7.532,0.006,3.9045888,FALSE
25-11-1988 08:30,7.381,0.015,9.565776,FALSE
26-11-1988 08:30,7.152,0.009,5.5613952,FALSE
28-11-1988 08:30,6.247,0.011,5.9371488,FALSE
29-11-1988 08:30,5.824,0.007,3.5223552,FALSE
30-11-1988 08:30,5.359,0.011,5.0931936,FALSE
01-12-1988 08:30,5.307,0.00589,2.700711072,FALSE
02-12-1988 08:30,4.629,0.0121,4.83934176,FALSE
03-12-1988 08:30,4.337,0.0098,3.67222464,FALSE
05-12-1988 08:30,4.008,0.0107,3.70531584,FALSE
06-12-1988 08:30,7.521,0.0143,9.29234592,FALSE
07-12-1988 08:30,17.18,0.033,48.983616,FALSE
08-12-1988 08:30,8.6,0.0118,8.767872,FALSE
09-12-1988 08:30,6.371,0.0135,7.4311344,FALSE
10-12-1988 08:30,5.218,0.01415,6.37931808,FALSE
12-12-1988 08:30,3.873,0.007,2.3423904,FALSE
13-12-1988 08:30,5.123,0.0107,4.73611104,FALSE
14-12-1988 08:30,6.148,0.0103,5.47122816,FALSE
15-12-1988 08:30,6.648,0.0116,6.66289152,FALSE
16-12-1988 08:30,4.281,0.0142,5.25227328,FALSE
17-12-1988 08:30,3.632,0.0122,3.82841856,FALSE
19-12-1988 08:30,2.662,0.0078,1.79397504,FALSE
20-12-1988 08:30,2.531,0.0094,2.05557696,FALSE
21-12-1988 08:30,2.221,0.0115,2.2067856,FALSE
22-12-1988 08:30,2.001,0.0166,2.86991424,FALSE
23-12-1988 08:30,1.839,0.0158,2.51045568,FALSE
24-12-1988 08:30,1.816,0.0125,1.96128,FALSE
26-12-1988 08:30,1.753,0.0172,2.60509824,FALSE
27-12-1988 08:30,1.664,0.0128,1.84025088,FALSE
28-12-1988 08:30,1.556,0.013,1.7476992,FALSE
29-12-1988 08:30,1.429,0.0101,1.24700256,FALSE
30-12-1988 08:30,1.247,0.0094,1.01276352,FALSE
31-12-1988 08:00,1.159,0.0105,1.0514448,FALSE
02-01-1989 08:30,1.098,0.0072,0.68304384,FALSE
03-01-1989 08:30,1.06,0.0114,1.0440576,FALSE
04-01-1989 08:30,1.078,0.0121,1.12698432,FALSE
05-01-1989 08:30,1.036,0.011,0.9846144,FALSE
06-01-1989 08:30,0.986,0.0107,0.91153728,FALSE
07-01-1989 08:30,0.97,0.0098,0.8213184,FALSE
09-01-1989 08:30,0.825,0.0073,0.520344,FALSE
10-01-1989 08:30,0.739,0.0079,0.50441184,FALSE
11-01-1989 08:30,0.734,0.0097,0.61515072,FALSE
12-01-1989 08:30,0.7,0.0096,0.580608,FALSE
13-01-1989 08:30,0.693,0.0168,1.00590336,FALSE
14-01-1989 08:30,0.611,0.0113,0.59653152,FALSE
16-01-1989 08:30,0.694,0.0158,0.94739328,FALSE
17-01-1989 08:30,0.611,0.0162,0.85520448,FALSE
18-01-1989 08:30,0.607,0.0188,0.98596224,FALSE
19-01-1989 08:30,0.553,0.0067,0.32012064,FALSE
20-01-1989 08:30,0.515,0.0153,0.6807888,FALSE
21-01-1989 08:30,0.491,0.0201,0.85269024,FALSE
23-01-1989 08:30,0.434,0.0088,0.32997888,FALSE
24-01-1989 08:30,0.429,0.0141,0.52262496,FALSE
25-01-1989 08:30,0.348,0.0141,0.42394752,FALSE
27-01-1989 08:30,0.344,0.0115,0.3417984,FALSE
28-01-1989 08:30,0.357,0.014,0.4318272,FALSE
30-01-1989 08:00,0.346,0.012,0.3587328,FALSE
31-01-1989 08:00,0.292,0.0091,0.22958208,FALSE
01-02-1989 08:45,0.333,0.0092,0.26469504,FALSE
02-02-1989 08:45,0.299,0.0083,0.21441888,FALSE
03-02-1989 08:45,0.262,0.0094,0.21278592,FALSE
04-02-1989 08:45,0.259,0.009,0.2013984,FALSE
06-02-1989 08:45,0.212,0.0056,0.10257408,FALSE
07-02-1989 08:45,0.189,0.0101,0.16492896,FALSE
08-02-1989 08:45,0.187,0.0151,0.24396768,FALSE
09-02-1989 08:45,0.168,0.0202,0.29320704,FALSE
10-02-1989 08:45,0.131,0.0198,0.22410432,FALSE
11-02-1989 08:45,0.129,0.0087,0.09696672,FALSE
13-02-1989 08:45,0.108,0.0041,0.03825792,FALSE
14-02-1989 08:45,0.089,0.0047,0.03614112,FALSE
15-02-1989 08:45,0.087,0.0051,0.03833568,FALSE
16-02-1989 08:45,0.069,0.01,0.059616,FALSE
17-02-1989 08:45,0.054,0.0017,0.00793152,FALSE
18-02-1989 08:45,0.04,0.0011,0.0038016,FALSE
19-02-1989 08:00,0,0,0,TRUE
20-02-1989 08:00,0,0,0,TRUE
21-02-1989 08:00,0,0,0,TRUE
22-02-1989 08:00,0,0,0,TRUE
23-02-1989 08:00,0,0,0,TRUE
24-02-1989 08:00,0,0,0,TRUE
25-02-1989 08:00,0,0,0,TRUE
26-02-1989 08:00,0,0,0,TRUE
27-02-1989 08:00,0,0,0,TRUE
28-02-1989 08:00,0,0,0,TRUE
01-03-1989 08:00,0,0,0,TRUE
02-03-1989 08:00,0,0,0,TRUE
03-03-1989 08:00,0,0,0,TRUE
04-03-1989 08:00,0,0,0,TRUE
05-03-1989 08:00,0,0,0,TRUE
06-03-1989 08:00,0,0,0,TRUE
07-03-1989 08:00,0,0,0,TRUE
08-03-1989 08:00,0,0,0,TRUE
09-03-1989 08:00,0,0,0,TRUE
10-03-1989 08:00,0,0,0,TRUE
11-03-1989 08:00,0,0,0,TRUE
13-03-1989 08:45,1.571,0.0216,2.93186304,FALSE
14-03-1989 08:45,1.1345,0.0177,1.73496816,FALSE
15-03-1989 08:45,0.635,0.02,1.09728,FALSE
16-03-1989 08:45,0.401,0.0181,0.62709984,FALSE
17-03-1989 08:45,0.382,0.009,0.2970432,FALSE
18-03-1989 08:45,0.299,0.0175,0.452088,FALSE
20-03-1989 08:45,0.284,0.0081,0.19875456,FALSE
21-03-1989 08:45,0.192,0.0176,0.29196288,FALSE
22-03-1989 08:45,0.276,0.015,0.357696,FALSE
23-03-1989 08:45,0.137,0.0141,0.16689888,FALSE
25-03-1989 08:45,0.044,0.0212,0.08059392,FALSE
26-03-1989 08:00,0,0,0,TRUE
27-03-1989 08:00,0,0,0,TRUE
28-03-1989 08:00,0,0,0,TRUE
29-03-1989 08:00,0,0,0,TRUE
30-03-1989 08:00,0,0,0,TRUE
31-03-1989 08:00,0,0,0,TRUE
01-04-1989 08:00,0,0,0,TRUE
02-04-1989 08:00,0,0,0,TRUE
03-04-1989 08:00,0,0,0,TRUE
04-04-1989 08:45,0.352,0.0185,0.5626368,FALSE
05-04-1989 08:45,0.269,0.0189,0.43926624,FALSE
06-04-1989 08:45,0.132,0.0082,0.09351936,FALSE
07-04-1989 08:45,0.059,0.0029,0.01478304,FALSE
08-04-1989 08:00,0,0,0,TRUE
09-04-1989 08:00,0,0,0,TRUE
10-04-1989 08:00,0,0,0,TRUE
11-04-1989 08:00,0,0,0,TRUE
12-04-1989 08:00,0,0,0,TRUE
13-04-1989 08:00,0,0,0,TRUE
14-04-1989 08:00,0,0,0,TRUE
15-04-1989 08:00,0,0,0,TRUE
16-04-1989 08:00,0,0,0,TRUE
17-04-1989 08:00,0,0,0,TRUE
18-04-1989 08:00,0,0,0,TRUE
19-04-1989 08:00,0,0,0,TRUE
20-04-1989 08:00,0,0,0,TRUE
21-04-1989 08:00,0,0,0,TRUE
22-04-1989 08:00,0,0,0,TRUE
23-04-1989 08:00,0,0,0,TRUE
24-04-1989 08:45,0.648,0.0134,0.75022848,FALSE
25-04-1989 08:45,0.737,0.0143,0.91057824,FALSE
27-04-1989 08:45,2.125,0.0136,2.49696,FALSE
28-04-1989 08:45,13.27,0.0345,39.555216,FALSE
29-04-1989 08:45,5.167,0.0223,9.95536224,FALSE
01-05-1989 08:45,1.966,0.0188,3.19341312,FALSE
02-05-1989 08:45,1.021,0.02083,1.837505952,FALSE
03-05-1989 08:45,0.739,0.028,1.7877888,FALSE
05-05-1989 08:45,4.139,0.015,5.364144,FALSE
10-05-1989 08:45,0.881,0.0095,0.7231248,FALSE
11-05-1989 08:45,0.647,0.0116,0.64844928,FALSE
12-05-1989 13:00,0.906,0.0153,1.19765952,FALSE
13-05-1989 08:45,2.108,0.0163,2.96873856,FALSE
15-05-1989 08:45,0.78,0.0117,0.7884864,FALSE
16-05-1989 08:45,0.637,0.0017,0.09356256,FALSE
17-05-1989 08:45,0.505,0.0044,0.1919808,FALSE
18-05-1989 08:45,0.432,0.0057,0.21275136,FALSE
19-05-1989 08:45,0.498,0.0063,0.27107136,FALSE
20-05-1989 08:45,0.63,0.007,0.381024,FALSE
22-05-1989 08:45,7.518,0.0252,16.36879104,FALSE
24-05-1989 08:45,14.26,0.035,43.12224,FALSE
25-05-1989 08:45,7.25,0.0269,16.85016,FALSE
26-05-1989 08:45,8.974,0.0282,21.86497152,FALSE
27-05-1989 08:45,7.117,0.0186,11.43730368,FALSE
29-05-1989 08:45,4.873,0.0123,5.17863456,FALSE
30-05-1989 08:45,13.89,0.0238,28.5622848,FALSE
31-05-1989 08:45,15.52,0.04,53.63712,FALSE
01-06-1989 08:00,10.98,0.017,16.127424,FALSE
02-06-1989 08:00,6.835,0.022,12.991968,FALSE
05-06-1989 08:00,18.02,0.016,24.910848,FALSE
06-06-1989 08:00,60.66,0.051,267.292224,FALSE
07-06-1989 08:00,44.66,0.039,150.486336,FALSE
10-06-1989 08:00,33.21,0.017,48.778848,FALSE
12-06-1989 09:30,107.8,0.093,866.19456,FALSE
13-06-1989 08:00,90.48,0.05,390.8736,FALSE
14-06-1989 10:00,159.5,0.08726,1202.512608,FALSE
15-06-1989 08:00,112.2,0.036,348.98688,FALSE
16-06-1989 08:00,84.14,0.03,218.09088,FALSE
17-06-1989 08:00,60.4,0.029,151.33824,FALSE
19-06-1989 08:00,54.88,0.031,146.990592,FALSE
20-06-1989 08:00,48.82,0.022,92.797056,FALSE
21-06-1989 08:00,69.03,0.044,262.424448,FALSE
22-06-1989 08:00,138.1,0.127,1515.34368,FALSE
23-06-1989 08:00,169.8,0.077,1129.64544,FALSE
24-06-1989 08:00,121,0.021,219.5424,FALSE
26-06-1989 08:00,124.7,0.06,646.4448,FALSE
27-06-1989 08:00,120.3,0.04,415.7568,FALSE
28-06-1989 08:00,86.1,0.018,133.90272,FALSE
29-06-1989 08:00,73,0.02,126.144,FALSE
30-06-1989 08:00,67.49,0.017,99.129312,FALSE
01-07-1989 08:00,51.84,0.006,26.873856,FALSE
03-07-1989 08:00,52.27,0.012,54.193536,FALSE
04-07-1989 08:00,43.26,0.011,41.114304,FALSE
06-07-1989 08:00,63.71,0.093,511.922592,FALSE
07-07-1989 08:00,86.85,0.073,547.78032,FALSE
08-07-1989 08:00,80.48,0.051,354.627072,FALSE
10-07-1989 08:00,66.07,0.04,228.33792,FALSE
11-07-1989 08:00,128.3,0.075,831.384,FALSE
12-07-1989 08:00,228.2,0.18554,3658.195699,FALSE
13-07-1989 08:00,110.9,0.032,306.61632,FALSE
15-07-1989 08:00,71.64,0.021,129.983616,FALSE
17-07-1989 08:00,162,0.044,615.8592,FALSE
18-07-1989 08:00,242,0.063,1317.2544,FALSE
19-07-1989 08:00,161.8,0.026,363.46752,FALSE
20-07-1989 08:00,177.2,0.03,459.3024,FALSE
21-07-1989 08:00,253.4,0.035,766.2816,FALSE
22-07-1989 08:00,298.9,0.132,3408.89472,FALSE
24-07-1989 08:00,397,0.075,2572.56,FALSE
25-07-1989 08:00,313.3,0.033,893.28096,FALSE
26-07-1989 10:00,291.3,0.091,2290.31712,FALSE
27-07-1989 08:00,383.5,0.091,3015.2304,FALSE
28-07-1989 08:00,285,0.018,443.232,FALSE
31-07-1989 08:00,70.97,0.024,147.163392,FALSE
01-08-1989 08:00,57.02,0.008,39.412224,FALSE
02-08-1989 08:00,56.45,0.013,63.40464,FALSE
03-08-1989 08:00,48.36,0.007,29.248128,FALSE
04-08-1989 08:00,61.29,0.031,164.159136,FALSE
05-08-1989 08:00,92.49,0.077,615.317472,FALSE
07-08-1989 08:00,62.81,0.016,86.828544,FALSE
08-08-1989 08:00,97.37,0.056,471.115008,FALSE
09-08-1989 08:00,65.21,0.015,84.51216,FALSE
10-08-1989 08:00,58.16,0.016,80.400384,FALSE
11-08-1989 08:00,96.65,0.048,400.82688,FALSE
12-08-1989 08:00,75.29,0.016,104.080896,FALSE
14-08-1989 08:00,52.75,0.012,54.6912,FALSE
16-08-1989 08:00,60.3,0.015,78.1488,FALSE
17-08-1989 08:00,94.11,0.046,374.030784,FALSE
18-08-1989 08:00,142,0.034,417.1392,FALSE
19-08-1989 08:00,153.1,0.02985,394.851024,FALSE
21-08-1989 08:00,101.8,0.02,175.9104,FALSE
22-08-1989 08:00,73.2,0.038,240.33024,FALSE
23-08-1989 08:00,70.33,0.014,85.071168,FALSE
24-08-1989 08:00,68.51,0.022,130.223808,FALSE
25-08-1989 08:00,54.52,0.01,47.10528,FALSE
26-08-1989 08:00,53.87,0.01,46.54368,FALSE
28-08-1989 08:00,44.06,0.009,34.261056,FALSE
29-08-1989 08:00,50.83,0.095,417.21264,FALSE
30-08-1989 08:00,36.37,0.013,40.850784,FALSE
31-08-1989 08:00,47.89,0.022,91.029312,FALSE
01-09-1989 08:00,76.16,0.038,250.048512,FALSE
02-09-1989 08:00,50.14,0.0097,42.0213312,FALSE
04-09-1989 08:00,58.15,0.0807,405.449712,FALSE
05-09-1989 08:00,48.01,0.018,74.665152,FALSE
06-09-1989 08:00,40.5,0.011,38.4912,FALSE
07-09-1989 08:00,34.83,0.008,24.074496,FALSE
08-09-1989 08:00,41.8,0.012,43.33824,FALSE
09-09-1989 08:00,30.44,0.007,18.410112,FALSE
11-09-1989 08:00,23.9,0.012,24.77952,FALSE
13-09-1989 08:00,70.1,0.038,230.15232,FALSE
14-09-1989 08:00,102.8,0.086,763.84512,FALSE
15-09-1989 08:00,61.48,0.015,79.67808,FALSE
16-09-1989 08:00,48.68,0.013,54.677376,FALSE
18-09-1989 08:00,50.23,0.023,99.817056,FALSE
19-09-1989 08:00,271.4,0.05012,1175.261875,FALSE
23-09-1989 08:00,134.1,0.023,266.48352,FALSE
25-09-1989 08:00,136.6,0.049,578.30976,FALSE
26-09-1989 08:00,89.32,0.018,138.910464,FALSE
27-09-1989 08:00,101.3,0.017,148.78944,FALSE
29-09-1989 08:00,68.02,0.015,88.15392,FALSE
30-09-1989 08:00,58.48,0.017,85.895424,FALSE
03-10-1989 08:00,44.22,0.011,42.026688,FALSE
04-10-1989 08:00,45.21,0.019,74.216736,FALSE
05-10-1989 08:00,38.21,0.021,69.328224,FALSE
06-10-1989 08:00,44.89,0.063,244.345248,FALSE
07-10-1989 08:00,122.4,0.142,1501.70112,FALSE
11-10-1989 08:00,68.03,0.054,317.400768,FALSE
12-10-1989 08:00,54.1,0.041,191.64384,FALSE
13-10-1989 08:00,85.09,0.084,617.549184,FALSE
14-10-1989 08:00,56.33,0.037,180.075744,FALSE
16-10-1989 08:00,55.15,0.026,123.88896,FALSE
17-10-1989 08:00,52.23,0.081,365.526432,FALSE
18-10-1989 08:00,72.21,0.184,1147.965696,FALSE
19-10-1989 08:00,49.54,0.039,166.929984,FALSE
20-10-1989 08:00,81.71,0.153,1080.140832,FALSE
21-10-1989 08:00,49.22,0.021,89.304768,FALSE
23-10-1989 08:00,61.4,0.031,164.45376,FALSE
24-10-1989 08:00,46.75,0.021,84.8232,FALSE
25-10-1989 08:00,68.4,0.383,2263.43808,FALSE
26-10-1989 08:00,131.1,0.102,1155.35808,FALSE
27-10-1989 08:00,62.46,0.092,496.482048,FALSE
30-10-1989 08:00,46.8,0.018,72.78336,FALSE
31-10-1989 08:00,53.04,0.072,329.951232,FALSE
01-11-1989 08:00,50.46,0.043,187.468992,FALSE
02-11-1989 08:00,69.81,0.057,343.800288,FALSE
03-11-1989 08:00,45.26,0.017,66.477888,FALSE
04-11-1989 08:00,41.28,0.062,221.128704,FALSE
06-11-1989 09:45,93.24,0.095,765.31392,FALSE
07-11-1989 08:00,55.43,0.0482,230.8371264,FALSE
08-11-1989 08:00,41.33,0.015,53.56368,FALSE
09-11-1989 08:00,35.59,0.011,33.824736,FALSE
10-11-1989 08:00,31.48,0.01,27.19872,FALSE
11-11-1989 08:00,29.15,0.011,27.70416,FALSE
15-11-1989 08:00,30.12,0.017,44.240256,FALSE
16-11-1989 08:00,20.36,0.008,14.072832,FALSE
17-11-1989 08:00,17.77,0.007,10.747296,FALSE
18-11-1989 08:00,20.52,0.005,8.86464,FALSE
20-11-1989 08:00,18.83,0.006,9.761472,FALSE
21-11-1989 08:00,17.03,0.009,13.242528,FALSE
23-11-1989 08:00,13.69,0.008,9.462528,FALSE
24-11-1989 08:00,11.81,0.008,8.163072,FALSE
25-11-1989 08:00,9.605,0.006,4.979232,FALSE
27-11-1989 08:00,8.028,0.004,2.7744768,FALSE
28-11-1989 08:00,7.783,0.005,3.362256,FALSE
29-11-1989 08:00,7.583,0.006,3.9310272,FALSE
30-11-1989 08:00,7.149,0.005,3.088368,FALSE
01-12-1989 08:00,6.726,0.0063,3.66109632,FALSE
02-12-1989 08:00,6.419,0.0098,5.43509568,FALSE
04-12-1989 08:00,6.5,0.0069,3.87504,FALSE
05-12-1989 08:00,6.487,0.0079,4.42776672,FALSE
06-12-1989 08:00,6.03,0.0096,5.0015232,FALSE
07-12-1989 08:00,5.899,0.0052,2.65030272,FALSE
08-12-1989 08:00,5.66,0.0058,2.8363392,FALSE
09-12-1989 08:00,5.123,0.0078,3.45249216,FALSE
11-12-1989 08:00,4.877,0.007,2.9496096,FALSE
12-12-1989 08:00,4.548,0.005,1.964736,FALSE
13-12-1989 08:00,4.535,0.0071,2.7819504,FALSE
14-12-1989 08:00,4.223,0.0072,2.62704384,FALSE
15-12-1989 08:00,3.767,0.0066,2.14809408,FALSE
16-12-1989 08:00,3.632,0.0063,1.97697024,FALSE
18-12-1989 08:00,3.317,0.0044,1.26099072,FALSE
19-12-1989 08:00,3.253,0.007,1.9674144,FALSE
20-12-1989 08:00,3.274,0.0079,2.23470144,FALSE
21-12-1989 08:00,3.02,0.007,1.826496,FALSE
22-12-1989 08:00,2.92,0.0121,3.0526848,FALSE
23-12-1989 08:00,2.953,0.0123,3.13821216,FALSE
26-12-1989 08:00,2.507,0.0106,2.29601088,FALSE
27-12-1989 08:00,2.761,0.0085,2.0276784,FALSE
28-12-1989 08:00,2.404,0.0065,1.3500864,FALSE
29-12-1989 08:00,2.976,0.0071,1.82559744,FALSE
30-12-1989 08:00,4.962,0.0088,3.77270784,FALSE
01-01-1990 08:00,3.742,0.011,3.5563968,FALSE
02-01-1990 08:00,4.967,0.0099,4.24857312,FALSE
03-01-1990 08:00,4.888,0.0033,1.39366656,FALSE
04-01-1990 08:00,3.777,0.0054,1.76219712,FALSE
05-01-1990 08:00,3.332,0.0031,0.89244288,FALSE
06-01-1990 08:00,2.626,0.0058,1.31594112,FALSE
08-01-1990 08:00,3.358,0.0066,1.91486592,FALSE
11-01-1990 08:00,3.309,0.0075,2.144232,FALSE
12-01-1990 08:00,3.301,0.0069,1.96792416,FALSE
13-01-1990 08:00,2.71,0.0076,1.7794944,FALSE
15-01-1990 08:00,2.515,0.0041,0.8909136,FALSE
16-01-1990 08:00,2.442,0.005,1.054944,FALSE
17-01-1990 08:00,2.204,0.0044,0.83787264,FALSE
18-01-1990 08:00,2.126,0.0056,1.02864384,FALSE
19-01-1990 08:00,2.044,0.0041,0.72406656,FALSE
20-01-1990 08:00,2,0.0073,1.26144,FALSE
22-01-1990 08:00,1.967,0.0101,1.71648288,FALSE
23-01-1990 08:00,1.846,0.0087,1.38760128,FALSE
24-01-1990 08:00,1.848,0.006,0.9580032,FALSE
25-01-1990 08:00,1.794,0.0081,1.25551296,FALSE
27-01-1990 08:00,1.2,0.0134,1.389312,FALSE
29-01-1990 08:00,0.863,0.0108,0.80528256,FALSE
30-01-1990 08:00,0.826,0.006,0.4281984,FALSE
31-01-1990 08:00,0.722,0.0036,0.22457088,FALSE
01-02-1990 08:00,0.717,0.0062,0.38408256,FALSE
02-02-1990 08:00,0.675,0.0183,1.067256,FALSE
03-02-1990 08:00,0.642,0.012,0.6656256,FALSE
05-02-1990 08:00,0.565,0.0057,0.2782512,FALSE
06-02-1990 08:00,0.332,0.0055,0.1577664,FALSE
07-02-1990 08:00,0.293,0.005,0.126576,FALSE
08-02-1990 08:00,0.266,0.0048,0.11031552,FALSE
09-02-1990 08:00,0.252,0.0048,0.10450944,FALSE
10-02-1990 08:00,0.243,0.0048,0.10077696,FALSE
12-02-1990 08:00,0.203,0.004,0.0701568,FALSE
13-02-1990 08:00,0.152,0.004,0.0525312,FALSE
14-02-1990 08:00,0.151,0.004,0.0521856,FALSE
15-02-1990 08:00,0.143,0.004,0.0494208,FALSE
16-02-1990 08:00,0.134,0.004,0.0463104,FALSE
17-02-1990 08:00,0.098,0.004,0.0338688,FALSE
19-02-1990 08:00,0.106,0.004,0.0366336,FALSE
20-02-1990 08:00,0.103,0.004,0.0355968,FALSE
21-02-1990 08:00,0.135,0.004,0.046656,FALSE
22-02-1990 08:00,0.128,0.004,0.0442368,FALSE
24-02-1990 08:00,0.108,0.004,0.0373248,FALSE
26-02-1990 08:00,0.065,0.004,0.022464,FALSE
27-02-1990 08:00,0.058,0.004,0.0200448,FALSE
28-02-1990 08:00,0.053,0.004,0.0183168,FALSE
01-03-1990 08:00,0.047,0,0,TRUE
02-03-1990 08:00,0,0,0,TRUE
03-03-1990 08:00,0,0,0,TRUE
04-03-1990 08:00,0,0,0,TRUE
05-03-1990 08:00,0,0,0,TRUE
06-03-1990 08:00,0,0,0,TRUE
07-03-1990 08:00,0,0,0,TRUE
08-03-1990 08:00,0,0,0,TRUE
09-03-1990 08:00,0,0,0,TRUE
10-03-1990 08:00,0,0,0,TRUE
11-03-1990 08:00,0,0,0,TRUE
12-03-1990 08:00,1.769,0.012,1.8340992,FALSE
13-03-1990 08:00,0.264,0.01,0.228096,FALSE
14-03-1990 08:00,0.228,0.01,0.196992,FALSE
15-03-1990 08:00,0.216,0.01,0.186624,FALSE
16-03-1990 08:00,0,0,0,TRUE
17-03-1990 08:00,0,0,0,TRUE
18-03-1990 08:00,0,0,0,TRUE
19-03-1990 08:00,0,0,0,TRUE
20-03-1990 08:00,0,0,0,TRUE
21-03-1990 08:00,0,0,0,TRUE
22-03-1990 08:00,0,0,0,TRUE
23-03-1990 08:00,0,0,0,TRUE
24-03-1990 08:00,0,0,0,TRUE
25-03-1990 08:00,0,0,0,TRUE
26-03-1990 08:00,0,0,0,TRUE
27-03-1990 08:00,0,0,0,TRUE
28-03-1990 08:00,0,0,0,TRUE
29-03-1990 08:00,0,0,0,TRUE
30-03-1990 08:00,0,0,0,TRUE
31-03-1990 08:00,0,0,0,TRUE
01-04-1990 08:00,0,0,0,TRUE
02-04-1990 08:00,0,0,0,TRUE
03-04-1990 08:00,0,0,0,TRUE
04-04-1990 08:00,0,0,0,TRUE
05-04-1990 08:00,0,0,0,TRUE
06-04-1990 08:00,0,0,0,TRUE
07-04-1990 08:00,0,0,0,TRUE
08-04-1990 08:00,0,0,0,TRUE
09-04-1990 08:00,0,0,0,TRUE
10-04-1990 08:00,0,0,0,TRUE
11-04-1990 08:00,0,0,0,TRUE
12-04-1990 08:00,0,0,0,TRUE
13-04-1990 08:00,0,0,0,TRUE
14-04-1990 08:00,0,0,0,TRUE
15-04-1990 08:00,0,0,0,TRUE
16-04-1990 08:00,0,0,0,TRUE
17-04-1990 08:00,0,0,0,TRUE
18-04-1990 08:00,0,0,0,TRUE
19-04-1990 08:00,0,0,0,TRUE
20-04-1990 08:00,0,0,0,TRUE
21-04-1990 08:00,0,0,0,TRUE
22-04-1990 08:00,0,0,0,TRUE
23-04-1990 08:00,0,0,0,TRUE
24-04-1990 08:00,0,0,0,TRUE
25-04-1990 08:00,0,0,0,TRUE
26-04-1990 08:00,0,0,0,TRUE
27-04-1990 08:00,0,0,0,TRUE
28-04-1990 08:00,0,0,0,TRUE
29-04-1990 08:00,0,0,0,TRUE
30-04-1990 08:00,0,0,0,TRUE
01-05-1990 08:00,0,0,0,TRUE
02-05-1990 08:00,0,0,0,TRUE
03-05-1990 08:00,0,0,0,TRUE
04-05-1990 08:00,0,0,0,TRUE
05-05-1990 08:00,0,0,0,TRUE
06-05-1990 08:00,0,0,0,TRUE
10-05-1990 08:00,7.646,0.0522,34.48407168,FALSE
11-05-1990 08:00,4.25,0.0138,5.06736,FALSE
16-05-1990 08:00,2.435,0.0082,1.7251488,FALSE
17-05-1990 08:00,2.223,0.0039,0.74906208,FALSE
19-05-1990 08:00,13.19,0.0155,17.664048,FALSE
21-05-1990 08:00,27.17,0.0213,50.0014944,FALSE
22-05-1990 08:00,12.75,0.0146,16.08336,FALSE
23-05-1990 08:00,20.92,0.0266,48.0791808,FALSE
24-05-1990 08:00,15.78,0.0132,17.9967744,FALSE
25-05-1990 08:00,18.54,0.0239,38.2843584,FALSE
28-05-1990 08:00,13.57,0.0117,13.7176416,FALSE
29-05-1990 08:00,13.66,0.0142,16.7591808,FALSE
30-05-1990 08:00,13.28,0.011,12.621312,FALSE
31-05-1990 08:00,36.65,0.04046,128.1190176,FALSE
01-06-1990 08:00,32.98,0.032,91.183104,FALSE
02-06-1990 08:00,26.04,0.014,31.497984,FALSE
04-06-1990 08:00,24.46,0.019,40.153536,FALSE
05-06-1990 08:00,19.44,0.011,18.475776,FALSE
06-06-1990 08:00,19.08,0.012,19.782144,FALSE
07-06-1990 08:00,24.51,0.033,69.882912,FALSE
08-06-1990 08:00,24.6,0.027,57.38688,FALSE
09-06-1990 08:00,25.95,0.03,67.2624,FALSE
11-06-1990 08:00,26.43,0.013,29.686176,FALSE
12-06-1990 08:00,40.02,0.043,148.682304,FALSE
13-06-1990 08:00,86.19,0.096,714.894336,FALSE
14-06-1990 08:00,77.22,0.027,180.138816,FALSE
15-06-1990 08:00,224.6,0.222,4308.00768,FALSE
16-06-1990 08:00,266.6,0.042,967.43808,FALSE
18-06-1990 08:00,89.8,0.024,186.20928,FALSE
19-06-1990 08:00,90.94,0.04609,362.1390854,FALSE
20-06-1990 08:00,78.08,0.02,134.92224,FALSE
22-06-1990 08:00,100.3,0.018,155.98656,FALSE
23-06-1990 08:00,84.26,0.017,123.761088,FALSE
25-06-1990 08:00,58.45,0.012,60.60096,FALSE
26-06-1990 08:00,52.02,0.016,71.912448,FALSE
27-06-1990 08:00,77.78,0.029,194.885568,FALSE
28-06-1990 08:00,61.72,0.013,69.323904,FALSE
29-06-1990 08:00,46.71,0.014,56.500416,FALSE
30-06-1990 08:00,42.97,0.013,48.263904,FALSE
02-07-1990 08:00,82.77,0.051,364.717728,FALSE
06-07-1990 08:00,163.9,0.053,750.53088,FALSE
07-07-1990 08:00,95.4,0.02,164.8512,FALSE
10-07-1990 09:45,162.4,0.043,603.34848,FALSE
11-07-1990 08:00,141.3,0.049,598.20768,FALSE
12-07-1990 08:00,218.3,0.059,1112.80608,FALSE
13-07-1990 08:00,137.3,0.02,237.2544,FALSE
14-07-1990 08:00,106.9,0.017,157.01472,FALSE
16-07-1990 08:00,83.83,0.014,101.400768,FALSE
17-07-1990 08:00,80.62,0.025,174.1392,FALSE
19-07-1990 08:00,81.38,0.016,112.499712,FALSE
20-07-1990 08:00,96.74,0.026,217.316736,FALSE
21-07-1990 08:00,108.8,0.0435,408.91392,FALSE
23-07-1990 08:00,133.9,0.043,497.46528,FALSE
24-07-1990 08:00,88.81,0.014,107.424576,FALSE
25-07-1990 08:00,94.62,0.044,359.707392,FALSE
26-07-1990 08:00,69.13,0.019,113.483808,FALSE
27-07-1990 08:00,59.59,0.014,72.080064,FALSE
28-07-1990 08:00,52.51,0.013,58.979232,FALSE
30-07-1990 08:00,50.46,0.012,52.316928,FALSE
31-07-1990 08:00,54.79,0.02,94.67712,FALSE
01-08-1990 08:00,121.2,0.091,952.92288,FALSE
03-08-1990 08:00,139.6,0.029,349.78176,FALSE
04-08-1990 08:00,110.7,0.0226,216.157248,FALSE
06-08-1990 08:00,83,0.031,222.3072,FALSE
07-08-1990 08:00,141.6,0.04614,564.4878336,FALSE
08-08-1990 08:00,120.6,0.029,302.17536,FALSE
09-08-1990 08:00,139.5,0.022,265.1616,FALSE
11-08-1990 08:00,196.8,0.036,612.12672,FALSE
13-08-1990 08:00,104.1,0.015,134.9136,FALSE
14-08-1990 08:00,112.4,0.026,252.49536,FALSE
16-08-1990 08:00,152.6,0.031,408.72384,FALSE
17-08-1990 08:00,127.1,0.019,208.64736,FALSE
18-08-1990 08:00,95.09,0.013,106.805088,FALSE
20-08-1990 08:00,64.24,0.013,72.154368,FALSE
21-08-1990 08:00,51.5,0.014,62.2944,FALSE
22-08-1990 08:00,45.77,0.013,51.408864,FALSE
23-08-1990 08:00,43.52,0.013,48.881664,FALSE
24-08-1990 08:00,49.93,0.02,86.27904,FALSE
25-08-1990 08:00,36.71,0.015,47.57616,FALSE
27-08-1990 08:00,27.36,0.006,14.183424,FALSE
28-08-1990 08:00,34.01,0.012,35.261568,FALSE
29-08-1990 08:00,26.12,0.009,20.310912,FALSE
30-08-1990 08:00,24.76,0.006,12.835584,FALSE
31-08-1990 08:00,24.58,0.006,12.742272,FALSE
01-09-1990 08:00,20.76,0.005,8.96832,FALSE
04-09-1990 08:00,16.21,0.01,14.00544,FALSE
05-09-1990 08:00,30.18,0.018,46.935936,FALSE
06-09-1990 08:00,26.08,0.02612,58.85650944,FALSE
07-09-1990 08:00,29.99,0.022,57.004992,FALSE
08-09-1990 08:00,37.55,0.016,51.90912,FALSE
10-09-1990 08:00,27.82,0.016,38.458368,FALSE
11-09-1990 08:00,22.56,0.01,19.49184,FALSE
12-09-1990 08:00,19.04,0.011,18.095616,FALSE
13-09-1990 08:00,17.49,0.006,9.066816,FALSE
14-09-1990 08:00,16.69,0.005,7.21008,FALSE
15-09-1990 08:00,14.65,0.009,11.39184,FALSE
17-09-1990 08:00,13.09,0.006,6.785856,FALSE
18-09-1990 08:00,11.7,0.005,5.0544,FALSE
19-09-1990 08:00,10.62,0.005,4.58784,FALSE
20-09-1990 08:00,9.185,0.007,5.555088,FALSE
21-09-1990 08:00,13.96,0.007,8.443008,FALSE
22-09-1990 08:00,17.69,0.014,21.397824,FALSE
24-09-1990 08:00,13.36,0.013,15.005952,FALSE
25-09-1990 08:00,13.65,0.009,10.61424,FALSE
26-09-1990 08:00,15.29,0.011,14.531616,FALSE
27-09-1990 08:00,10.06,0.009,7.822656,FALSE
01-10-1990 08:00,7.49,0.01,6.47136,FALSE
03-10-1990 08:00,16.5,0.007,9.9792,FALSE
04-10-1990 08:00,10.26,0.01,8.86464,FALSE
05-10-1990 08:00,7.758,0.007,4.6920384,FALSE
06-10-1990 08:00,8.199,0.008,5.6671488,FALSE
08-10-1990 08:00,5.573,0.006,2.8890432,FALSE
09-10-1990 08:00,5.376,0.006,2.7869184,FALSE
10-10-1990 08:00,5.311,0.003,1.3766112,FALSE
11-10-1990 08:00,6.979,0.002,1.2059712,FALSE
12-10-1990 08:00,20.62,0.022,39.194496,FALSE
13-10-1990 08:00,23.88,0.034,70.149888,FALSE
15-10-1990 08:00,11.38,0.02,19.66464,FALSE
16-10-1990 08:00,13.55,0.015,17.5608,FALSE
18-10-1990 08:00,19.98,0.026,44.883072,FALSE
19-10-1990 08:00,38.67,0.051,170.395488,FALSE
20-10-1990 08:00,48.09,0.061,253.453536,FALSE
22-10-1990 08:00,24.2,0.014,29.27232,FALSE
23-10-1990 08:00,134.4,0.142225,1651.539456,FALSE
24-10-1990 08:00,40.62,0.018,63.172224,FALSE
25-10-1990 08:00,36.19,0.023,71.916768,FALSE
26-10-1990 08:00,43.43,0.053,198.874656,FALSE
27-10-1990 08:00,41.12,0.032,113.688576,FALSE
29-10-1990 08:00,80.7,0.042,292.84416,FALSE
30-10-1990 08:00,56.27,0.015,72.92592,FALSE
31-10-1990 08:00,71.52,0.04,247.17312,FALSE
01-11-1990 08:00,81.36,0.059,414.740736,FALSE
03-11-1990 08:00,56.48,0.016,78.077952,FALSE
05-11-1990 08:00,59.39,0.011,56.444256,FALSE
06-11-1990 08:00,45.5,0.011,43.2432,FALSE
07-11-1990 08:00,39.42,0.006,20.435328,FALSE
08-11-1990 08:00,32.27,0.008,22.305024,FALSE
09-11-1990 08:00,29.19,0.01,25.22016,FALSE
10-11-1990 08:00,25.46,0.008,17.597952,FALSE
12-11-1990 08:00,26.71,0.011,25.385184,FALSE
13-11-1990 08:00,26.85,0.013,30.15792,FALSE
14-11-1990 08:00,49.11,0.05106,216.6528902,FALSE
15-11-1990 08:00,25.03,0.01,21.62592,FALSE
16-11-1990 08:00,18.9,0.003,4.89888,FALSE
17-11-1990 08:00,25.26,0.006,13.094784,FALSE
19-11-1990 08:00,36.43,0.035,110.16432,FALSE
20-11-1990 08:00,22.9,0.006,11.87136,FALSE
21-11-1990 08:00,19.4,0.004,6.70464,FALSE
22-11-1990 08:00,15.24,0.004,5.266944,FALSE
23-11-1990 08:00,18.8,0.006,9.74592,FALSE
24-11-1990 08:00,16.19,0.006,8.392896,FALSE
26-11-1990 08:00,17.05,0.004,5.89248,FALSE
27-11-1990 08:00,22.67,0.009,17.628192,FALSE
28-11-1990 08:00,15.02,0.005,6.48864,FALSE
29-11-1990 08:00,11.93,0.004,4.123008,FALSE
30-11-1990 08:00,11.88,0.005,5.13216,FALSE
01-12-1990 08:00,10.13,0.0033,2.8882656,FALSE
03-12-1990 08:00,8.988,0.006025,4.67879328,FALSE
04-12-1990 08:00,8.473,0.0039,2.85506208,FALSE
05-12-1990 08:00,8.978,0.0024,1.86167808,FALSE
06-12-1990 08:00,7.91,0.0038,2.5970112,FALSE
07-12-1990 08:00,7.516,0.003,1.9481472,FALSE
08-12-1990 08:00,7.03,0.0031,1.8829152,FALSE
10-12-1990 08:00,5.857,0.0034,1.72055232,FALSE
11-12-1990 08:00,5.534,0.0035,1.6734816,FALSE
12-12-1990 08:00,4.951,0.0031,1.32607584,FALSE
13-12-1990 08:00,4.643,0.0032,1.28369664,FALSE
14-12-1990 08:00,4.407,0.0033,1.25652384,FALSE
15-12-1990 08:00,4.421,0.0034,1.29871296,FALSE
17-12-1990 08:00,4.278,0.0032,1.18278144,FALSE
18-12-1990 08:00,4.199,0.003,1.0883808,FALSE
19-12-1990 08:00,4.194,0.0027,0.97837632,FALSE
20-12-1990 08:00,4.19,0.0034,1.2308544,FALSE
21-12-1990 08:00,3.893,0.0024,0.80725248,FALSE
22-12-1990 08:00,3.612,0.0031,0.96743808,FALSE
24-12-1990 08:00,3.431,0.0029,0.85967136,FALSE
26-12-1990 08:00,3.211,0.0033,0.91552032,FALSE
27-12-1990 08:00,3.143,0.0034,0.92328768,FALSE
28-12-1990 08:00,2.928,0.004,1.0119168,FALSE
29-12-1990 08:00,2.8,0.0035,0.84672,FALSE
31-12-1990 08:00,4.814,0.0049,2.03805504,FALSE
01-01-1991 08:00,4.036,0.0039,1.35997056,FALSE
02-01-1991 08:00,3.906,0.0031,1.04618304,FALSE
03-01-1991 08:00,4.455,0.0042,1.6166304,FALSE
04-01-1991 08:00,3.868,0.0035,1.1696832,FALSE
05-01-1991 08:00,3.202,0.0028,0.77462784,FALSE
07-01-1991 08:00,2.819,0.0049,1.19345184,FALSE
08-01-1991 08:00,2.617,0.0057,1.28882016,FALSE
09-01-1991 08:00,2.423,0.0055,1.1514096,FALSE
10-01-1991 08:00,2.374,0.0056,1.14863616,FALSE
11-01-1991 08:00,1.635,0.0047,0.6639408,FALSE
12-01-1991 08:00,1.62,0.0051,0.7138368,FALSE
14-01-1991 08:00,1.548,0.0032,0.42799104,FALSE
15-01-1991 08:00,1.491,0.0028,0.36070272,FALSE
16-01-1991 08:00,1.434,0.0021,0.26018496,FALSE
17-01-1991 08:00,1.375,0.0025,0.297,FALSE
18-01-1991 08:00,1.368,0.0021,0.24820992,FALSE
19-01-1991 08:00,1.233,0.0023,0.24502176,FALSE
21-01-1991 08:00,1.21,0.0025,0.26136,FALSE
22-01-1991 08:00,1.141,0.002,0.1971648,FALSE
23-01-1991 08:00,1.07,0.0028,0.2588544,FALSE
24-01-1991 08:00,0.992,0.0024,0.20570112,FALSE
25-01-1991 08:00,0.928,0.0026,0.20846592,FALSE
30-01-1991 08:00,0.518,0.0019,0.08503488,FALSE
31-01-1991 08:00,0.5,0.0014,0.06048,FALSE
01-02-1991 08:00,0.48,0.0017,0.0705024,FALSE
02-02-1991 08:00,0.437,0.0021,0.07928928,FALSE
04-02-1991 08:00,0.401,0.0018,0.06236352,FALSE
05-02-1991 08:00,0.379,0.0012,0.03929472,FALSE
06-02-1991 08:00,0.332,0.0007,0.02007936,FALSE
07-02-1991 08:00,0.295,0.0009,0.0229392,FALSE
08-02-1991 08:00,0.28,0.0014,0.0338688,FALSE
09-02-1991 08:00,0.267,0.0014,0.03229632,FALSE
11-02-1991 08:00,0.257,0.0014,0.03108672,FALSE
13-02-1991 08:00,0.121,0.0025,0.026136,FALSE
14-02-1991 08:00,0.113,0.0022,0.02147904,FALSE
15-02-1991 08:00,0.1,0.0024,0.020736,FALSE
16-02-1991 08:00,0.094,0.002,0.0162432,FALSE
18-02-1991 08:00,0.051,0.0017,0.00749088,FALSE
19-02-1991 08:00,0.046,0.001,0.0039744,FALSE
20-02-1991 08:00,0,0,0,TRUE
21-02-1991 08:00,0,0,0,TRUE
22-02-1991 08:00,0,0,0,TRUE
23-02-1991 08:00,0,0,0,TRUE
24-02-1991 08:00,0,0,0,TRUE
25-02-1991 08:00,0,0,0,TRUE
26-02-1991 08:00,0,0,0,TRUE
27-02-1991 08:00,0,0,0,TRUE
28-02-1991 08:00,0,0,0,TRUE
01-03-1991 08:00,0,0,0,TRUE
02-03-1991 08:00,0,0,0,TRUE
03-03-1991 08:00,0,0,0,TRUE
04-03-1991 08:00,0,0,0,TRUE
05-03-1991 08:00,0,0,0,TRUE
06-03-1991 08:00,0,0,0,TRUE
07-03-1991 08:00,0,0,0,TRUE
08-03-1991 08:00,0,0,0,TRUE
09-03-1991 08:00,0,0,0,TRUE
10-03-1991 08:00,0,0,0,TRUE
11-03-1991 08:00,0,0,0,TRUE
12-03-1991 08:00,0,0,0,TRUE
13-03-1991 08:00,0,0,0,TRUE
14-03-1991 08:00,0,0,0,TRUE
15-03-1991 08:00,0,0,0,TRUE
16-03-1991 08:00,0,0,0,TRUE
17-03-1991 08:00,0,0,0,TRUE
18-03-1991 08:00,0,0,0,TRUE
19-03-1991 08:00,0,0,0,TRUE
20-03-1991 08:00,0,0,0,TRUE
21-03-1991 08:00,0,0,0,TRUE
22-03-1991 08:00,0,0,0,TRUE
23-03-1991 08:00,0,0,0,TRUE
24-03-1991 08:00,0,0,0,TRUE
25-03-1991 08:00,0,0,0,TRUE
26-03-1991 08:00,0,0,0,TRUE
27-03-1991 08:00,0,0,0,TRUE
28-03-1991 08:00,0,0,0,TRUE
29-03-1991 08:00,0,0,0,TRUE
30-03-1991 08:00,0,0,0,TRUE
31-03-1991 08:00,0,0,0,TRUE
01-04-1991 08:00,0,0,0,TRUE
02-04-1991 08:00,0,0,0,TRUE
03-04-1991 08:00,0,0,0,TRUE
04-04-1991 08:00,0,0,0,TRUE
05-04-1991 08:00,0,0,0,TRUE
06-04-1991 08:00,0,0,0,TRUE
07-04-1991 08:00,0,0,0,TRUE
08-04-1991 08:00,0,0,0,TRUE
09-04-1991 08:00,0,0,0,TRUE
10-04-1991 08:00,0,0,0,TRUE
11-04-1991 08:00,0,0,0,TRUE
12-04-1991 08:00,0,0,0,TRUE
13-04-1991 08:00,0,0,0,TRUE
14-04-1991 08:00,0,0,0,TRUE
15-04-1991 08:00,0,0,0,TRUE
16-04-1991 08:00,0,0,0,TRUE
17-04-1991 08:00,0,0,0,TRUE
18-04-1991 08:00,0,0,0,TRUE
19-04-1991 08:00,0,0,0,TRUE
20-04-1991 08:00,0,0,0,TRUE
21-04-1991 08:00,0,0,0,TRUE
22-04-1991 08:00,0,0,0,TRUE
23-04-1991 08:00,0,0,0,TRUE
24-04-1991 08:00,0,0,0,TRUE
25-04-1991 08:00,0,0,0,TRUE
26-04-1991 08:00,0,0,0,TRUE
27-04-1991 08:00,0,0,0,TRUE
28-04-1991 08:00,0,0,0,TRUE
29-04-1991 08:00,0,0,0,TRUE
30-04-1991 08:00,0,0,0,TRUE
01-05-1991 08:00,0,0,0,TRUE
02-05-1991 08:00,0,0,0,TRUE
03-05-1991 08:00,0,0,0,TRUE
04-05-1991 08:00,0,0,0,TRUE
05-05-1991 08:00,0,0,0,TRUE
06-05-1991 08:00,0,0,0,TRUE
07-05-1991 08:00,0,0,0,TRUE
08-05-1991 08:00,0,0,0,TRUE
09-05-1991 08:00,0,0,0,TRUE
10-05-1991 08:00,0,0,0,TRUE
11-05-1991 08:00,0,0,0,TRUE
12-05-1991 08:00,0,0,0,TRUE
13-05-1991 08:00,0,0,0,TRUE
14-05-1991 08:00,0,0,0,TRUE
15-05-1991 08:00,0,0,0,TRUE
16-05-1991 08:00,0,0,0,TRUE
17-05-1991 08:00,0,0,0,TRUE
18-05-1991 08:00,0,0,0,TRUE
19-05-1991 08:00,0,0,0,TRUE
20-05-1991 08:00,0,0,0,TRUE
21-05-1991 08:00,0,0,0,TRUE
22-05-1991 08:00,0,0,0,TRUE
23-05-1991 08:00,0,0,0,TRUE
24-05-1991 08:00,0,0,0,TRUE
25-05-1991 08:00,0,0,0,TRUE
26-05-1991 08:00,0,0,0,TRUE
27-05-1991 08:00,0,0,0,TRUE
28-05-1991 08:00,0,0,0,TRUE
29-05-1991 08:00,0,0,0,TRUE
30-05-1991 08:00,0,0,0,TRUE
31-05-1991 08:00,0,0,0,TRUE
11-02-1992 08:00,0,0,0,TRUE
13-02-1992 08:00,0,0,0,TRUE
14-02-1992 08:00,0,0,0,TRUE
15-02-1992 08:00,0,0,0,TRUE
16-02-1992 08:00,0,0,0,TRUE
17-02-1992 08:00,0,0,0,TRUE
18-02-1992 08:00,0,0,0,TRUE
19-02-1992 08:00,0,0,0,TRUE
20-02-1992 08:00,0,0,0,TRUE
21-02-1992 08:00,0,0,0,TRUE
22-02-1992 08:00,0,0,0,TRUE
23-02-1992 08:00,0,0,0,TRUE
24-02-1992 08:00,0,0,0,TRUE
25-02-1992 08:00,0,0,0,TRUE
26-02-1992 08:00,0,0,0,TRUE
27-02-1992 08:00,0,0,0,TRUE
28-02-1992 08:00,0,0,0,TRUE
29-02-1992 08:00,0,0,0,TRUE
01-03-1992 08:00,0,0,0,TRUE
02-03-1992 08:00,0,0,0,TRUE
03-03-1992 08:00,0,0,0,TRUE
04-03-1992 08:00,0,0,0,TRUE
05-03-1992 08:00,0,0,0,TRUE
06-03-1992 08:00,0,0,0,TRUE
07-03-1992 08:00,0,0,0,TRUE
08-03-1992 08:00,0,0,0,TRUE
09-03-1992 08:00,0,0,0,TRUE
10-03-1992 08:00,0,0,0,TRUE
11-03-1992 08:00,0,0,0,TRUE
12-03-1992 08:00,0,0,0,TRUE
13-03-1992 08:00,0,0,0,TRUE
14-03-1992 08:00,0,0,0,TRUE
15-03-1992 08:00,0,0,0,TRUE
16-03-1992 08:00,0,0,0,TRUE
17-03-1992 08:00,0,0,0,TRUE
18-03-1992 08:00,0,0,0,TRUE
19-03-1992 08:00,0,0,0,TRUE
20-03-1992 08:00,0,0,0,TRUE
21-03-1992 08:00,0,0,0,TRUE
22-03-1992 08:00,0,0,0,TRUE
23-03-1992 08:00,0,0,0,TRUE
24-03-1992 08:00,0,0,0,TRUE
25-03-1992 08:00,0,0,0,TRUE
26-03-1992 08:00,0,0,0,TRUE
27-03-1992 08:00,0,0,0,TRUE
28-03-1992 08:00,0,0,0,TRUE
29-03-1992 08:00,0,0,0,TRUE
30-03-1992 08:00,0,0,0,TRUE
31-03-1992 08:00,0,0,0,TRUE
01-04-1992 08:00,0,0,0,TRUE
02-04-1992 08:00,0,0,0,TRUE
03-04-1992 08:00,0,0,0,TRUE
04-04-1992 08:00,0,0,0,TRUE
05-04-1992 08:00,0,0,0,TRUE
06-04-1992 08:00,0,0,0,TRUE
07-04-1992 08:00,0,0,0,TRUE
08-04-1992 08:00,0,0,0,TRUE
09-04-1992 08:00,0,0,0,TRUE
10-04-1992 08:00,0,0,0,TRUE
11-04-1992 08:00,0,0,0,TRUE
12-04-1992 08:00,0,0,0,TRUE
13-04-1992 08:00,0,0,0,TRUE
14-04-1992 08:00,0,0,0,TRUE
15-04-1992 08:00,0,0,0,TRUE
16-04-1992 08:00,0,0,0,TRUE
17-04-1992 08:00,0,0,0,TRUE
18-04-1992 08:00,0,0,0,TRUE
19-04-1992 08:00,0,0,0,TRUE
20-04-1992 08:00,0,0,0,TRUE
21-04-1992 08:00,0,0,0,TRUE
22-04-1992 08:00,0,0,0,TRUE
23-04-1992 08:00,0,0,0,TRUE
24-04-1992 08:00,0,0,0,TRUE
25-04-1992 08:00,0,0,0,TRUE
26-04-1992 08:00,0,0,0,TRUE
27-04-1992 08:00,0,0,0,TRUE
28-04-1992 08:00,0,0,0,TRUE
29-04-1992 08:00,0,0,0,TRUE
30-04-1992 08:00,0,0,0,TRUE
01-05-1992 08:00,0,0,0,TRUE
02-05-1992 08:00,0,0,0,TRUE
03-05-1992 08:00,0,0,0,TRUE
04-05-1992 08:00,0,0,0,TRUE
05-05-1992 08:00,0,0,0,TRUE
06-05-1992 08:00,0,0,0,TRUE
13-02-1993 08:00,0,0,0,TRUE
14-02-1993 08:00,0,0,0,TRUE
15-02-1993 08:00,0,0,0,TRUE
17-02-1993 08:00,0,0,0,TRUE
18-02-1993 08:00,0,0,0,TRUE
19-02-1993 08:00,0,0,0,TRUE
20-02-1993 08:00,0,0,0,TRUE
21-02-1993 08:00,0,0,0,TRUE
22-02-1993 08:00,0,0,0,TRUE
23-02-1993 08:00,0,0,0,TRUE
26-02-1993 08:00,0,0,0,TRUE
27-02-1993 08:00,0,0,0,TRUE
28-02-1993 08:00,0,0,0,TRUE
01-03-1993 08:00,0,0,0,TRUE
02-03-1993 08:00,0,0,0,TRUE
03-03-1993 08:00,0,0,0,TRUE
04-03-1993 08:00,0,0,0,TRUE
05-03-1993 08:00,0,0,0,TRUE
06-03-1993 08:00,0,0,0,TRUE
07-03-1993 08:00,0,0,0,TRUE
08-03-1993 08:00,0,0,0,TRUE
09-03-1993 08:00,0,0,0,TRUE
10-03-1993 08:00,0,0,0,TRUE
11-03-1993 08:00,0,0,0,TRUE
12-03-1993 08:00,0,0,0,TRUE
13-03-1993 08:00,0,0,0,TRUE
14-03-1993 08:00,0,0,0,TRUE
15-03-1993 08:00,0,0,0,TRUE
16-03-1993 08:00,0,0,0,TRUE
17-03-1993 08:00,0,0,0,TRUE
18-03-1993 08:00,0,0,0,TRUE
19-03-1993 08:00,0,0,0,TRUE
20-03-1993 08:00,0,0,0,TRUE
21-03-1993 08:00,0,0,0,TRUE
22-03-1993 08:00,0,0,0,TRUE
23-03-1993 08:00,0,0,0,TRUE
24-03-1993 08:00,0,0,0,TRUE
25-03-1993 08:00,0,0,0,TRUE
26-03-1993 08:00,0,0,0,TRUE
27-03-1993 08:00,0,0,0,TRUE
28-03-1993 08:00,0,0,0,TRUE
29-03-1993 08:00,0,0,0,TRUE
30-03-1993 08:00,0,0,0,TRUE
31-03-1993 08:00,0,0,0,TRUE
01-04-1993 08:00,0,0,0,TRUE
02-04-1993 08:00,0,0,0,TRUE
03-04-1993 08:00,0,0,0,TRUE
04-04-1993 08:00,0,0,0,TRUE
05-04-1993 08:00,0,0,0,TRUE
06-04-1993 08:00,0,0,0,TRUE
07-04-1993 08:00,0,0,0,TRUE
08-04-1993 08:00,0,0,0,TRUE
09-04-1993 08:00,0,0,0,TRUE
13-04-1993 08:00,0,0,0,TRUE
14-04-1993 08:00,0,0,0,TRUE
15-04-1993 08:00,0,0,0,TRUE
16-04-1993 08:00,0,0,0,TRUE
17-04-1993 08:00,0,0,0,TRUE
18-04-1993 08:00,0,0,0,TRUE
21-04-1993 08:00,0,0,0,TRUE
22-04-1993 08:00,0,0,0,TRUE
23-04-1993 08:00,0,0,0,TRUE
24-04-1993 08:00,0,0,0,TRUE
25-04-1993 08:00,0,0,0,TRUE
26-04-1993 08:00,0,0,0,TRUE
27-04-1993 08:00,0,0,0,TRUE
28-04-1993 08:00,0,0,0,TRUE
29-04-1993 08:00,0,0,0,TRUE
30-04-1993 08:00,0,0,0,TRUE
02-05-1993 08:00,0,0,0,TRUE
03-05-1993 08:00,0,0,0,TRUE
04-05-1993 08:00,0,0,0,TRUE
05-05-1993 08:00,0,0,0,TRUE
08-05-1993 08:00,0,0,0,TRUE
09-05-1993 08:00,0,0,0,TRUE
10-05-1993 08:00,0,0,0,TRUE
11-05-1993 08:00,0,0,0,TRUE
12-05-1993 08:00,0,0,0,TRUE
13-05-1993 08:00,0,0,0,TRUE
14-05-1993 08:00,0,0,0,TRUE
15-05-1993 08:00,0,0,0,TRUE
16-05-1993 08:00,0,0,0,TRUE
17-05-1993 08:00,0,0,0,TRUE
18-05-1993 08:00,0,0,0,TRUE
19-05-1993 08:00,0,0,0,TRUE
20-05-1993 08:00,0,0,0,TRUE
21-05-1993 08:00,0,0,0,TRUE
22-05-1993 08:00,0,0,0,TRUE
24-05-1993 08:00,0,0,0,TRUE
05-03-1994 08:00,0,0.007,0,TRUE
06-03-1994 08:00,0,0,0,TRUE
07-03-1994 08:00,0,0,0,TRUE
08-03-1994 08:00,0,0,0,TRUE
09-03-1994 08:00,0,0,0,TRUE
10-03-1994 08:00,0,0,0,TRUE
11-03-1994 08:00,0,0,0,TRUE
12-03-1994 08:00,0,0,0,TRUE
13-03-1994 08:00,0,0,0,TRUE
14-03-1994 08:00,0,0,0,TRUE
15-03-1994 08:00,0,0,0,TRUE
16-03-1994 08:00,0,0,0,TRUE
17-03-1994 08:00,0,0,0,TRUE
18-03-1994 08:00,0,0,0,TRUE
19-03-1994 08:00,0,0,0,TRUE
20-03-1994 08:00,0,0,0,TRUE
21-03-1994 08:00,0,0,0,TRUE
22-03-1994 08:00,0,0,0,TRUE
23-03-1994 08:00,0,0,0,TRUE
24-03-1994 08:00,0,0,0,TRUE
25-03-1994 08:00,0,0,0,TRUE
26-03-1994 08:00,0,0,0,TRUE
27-03-1994 08:00,0,0,0,TRUE
28-03-1994 08:00,0,0,0,TRUE
29-03-1994 08:00,0,0,0,TRUE
30-03-1994 08:00,0,0,0,TRUE
31-03-1994 08:00,0,0,0,TRUE
01-04-1994 08:00,0,0,0,TRUE
02-04-1994 08:00,0,0,0,TRUE
03-04-1994 08:00,0,0,0,TRUE
04-04-1994 08:00,0,0,0,TRUE
05-04-1994 08:00,0,0,0,TRUE
06-04-1994 08:00,0,0,0,TRUE
07-04-1994 08:00,0,0,0,TRUE
08-04-1994 08:00,0,0,0,TRUE
09-04-1994 08:00,0,0,0,TRUE
10-04-1994 08:00,0,0,0,TRUE
11-04-1994 08:00,0,0,0,TRUE
12-04-1994 08:00,0,0,0,TRUE
13-04-1994 08:00,0,0,0,TRUE
14-04-1994 08:00,0,0,0,TRUE
15-04-1994 08:00,0,0,0,TRUE
16-04-1994 08:00,0,0,0,TRUE
17-04-1994 08:00,0,0,0,TRUE
18-04-1994 08:00,0,0,0,TRUE
19-04-1994 08:00,0,0,0,TRUE
20-04-1994 08:00,0,0,0,TRUE
21-04-1994 08:00,0,0,0,TRUE
22-04-1994 08:00,0,0,0,TRUE
23-04-1994 08:00,0,0,0,TRUE
24-04-1994 08:00,0,0,0,TRUE
25-04-1994 08:00,0,0,0,TRUE
26-04-1994 08:00,0,0,0,TRUE
27-04-1994 08:00,0,0,0,TRUE
28-04-1994 08:00,0,0,0,TRUE
29-04-1994 08:00,0,0,0,TRUE
30-04-1994 08:00,0,0,0,TRUE
01-05-1994 08:00,0,0,0,TRUE
02-05-1994 08:00,0,0,0,TRUE
03-05-1994 08:00,0,0,0,TRUE
04-05-1994 08:00,0,0,0,TRUE
05-05-1994 08:00,0,0,0,TRUE
06-05-1994 08:00,0,0,0,TRUE
07-05-1994 08:00,0,0,0,TRUE
08-05-1994 08:00,0,0,0,TRUE
09-05-1994 08:00,0,0,0,TRUE
10-05-1994 08:00,0,0,0,TRUE
11-05-1994 08:00,0,0,0,TRUE
12-05-1994 08:00,0,0,0,TRUE
13-05-1994 08:00,0,0,0,TRUE
14-05-1994 08:00,0,0,0,TRUE
15-05-1994 08:00,0,0,0,TRUE
16-05-1994 08:00,0,0,0,TRUE
17-05-1994 08:00,0,0,0,TRUE
18-05-1994 08:00,0,0,0,TRUE
19-05-1994 08:00,0,0,0,TRUE
20-05-1994 08:00,0,0,0,TRUE
21-05-1994 08:00,0,0,0,TRUE
22-05-1994 08:00,0,0,0,TRUE
23-05-1994 08:00,0,0,0,TRUE
24-05-1994 08:00,0,0,0,TRUE
25-05-1994 08:00,0,0,0,TRUE
26-05-1994 08:00,0,0,0,TRUE
27-05-1994 08:00,0,0,0,TRUE
28-05-1994 08:00,0,0,0,TRUE
30-05-1994 08:00,0,0,0,TRUE
31-05-1994 08:00,0,0,0,TRUE
01-06-1994 08:00,34.35,0.0327,97.048368,FALSE
02-06-1994 08:00,48.79,0.0429,180.8430624,FALSE
03-06-1994 08:00,74.24,0.053,339.959808,FALSE
04-06-1994 08:00,81.12,0.0532,372.8664576,FALSE
06-06-1994 08:00,182.6,0.1773,2797.198272,FALSE
07-06-1994 08:00,197.4,0.0266,453.672576,FALSE
08-06-1994 08:00,99.64,0.0192,165.2908032,FALSE
09-06-1994 08:00,93.4,0.0223,179.955648,FALSE
10-06-1994 08:00,98.04,0.0491,415.9092096,FALSE
11-06-1994 08:00,87.34,0.0222,167.5251072,FALSE
13-06-1994 08:00,140.3,0.0466,564.881472,FALSE
14-06-1994 08:00,107.8,0.0314,292.457088,FALSE
21-06-1994 08:00,46.57,0.0097,39.0293856,FALSE
22-06-1994 08:00,44.28,0.0148,56.6217216,FALSE
23-06-1994 08:00,45.78,0.0234,92.5561728,FALSE
24-06-1994 08:00,79.46,0.0833,571.8831552,FALSE
25-06-1994 08:00,65.47,0.0359,203.0722272,FALSE
27-06-1994 08:00,60.77,0.0144,75.6076032,FALSE
28-06-1994 08:00,46.64,0.0209,84.2206464,FALSE
29-06-1994 08:00,84.89,0.0572,419.5331712,FALSE
30-06-1994 08:00,266.6,0.1632,3759.187968,FALSE
01-07-1994 08:00,114.8,0.0198,196.390656,FALSE
02-07-1994 08:00,77.24,0.015,100.10304,FALSE
04-07-1994 08:00,84.4,0.0124,90.422784,FALSE
05-07-1994 08:00,94.61,0.0197,161.0337888,FALSE
06-07-1994 08:00,80.37,0.0322,223.5957696,FALSE
07-07-1994 08:00,88.78,0.0334,256.1977728,FALSE
08-07-1994 08:00,66.54,0.0181,104.0579136,FALSE
09-07-1994 08:00,61.83,0.0112,59.8316544,FALSE
11-07-1994 08:00,63.33,0.0194,106.1512128,FALSE
12-07-1994 08:00,92.54,0.0965,771.561504,FALSE
13-07-1994 08:00,94.44,0.045,367.18272,FALSE
14-07-1994 08:00,134.8,0.0975,1135.5552,FALSE
15-07-1994 08:00,150.6,0.0386,502.257024,FALSE
16-07-1994 08:00,121.1,0.0346,362.021184,FALSE
18-07-1994 08:00,160.2,0.0425,588.2544,FALSE
19-07-1994 08:00,161.2,0.0377,525.073536,FALSE
20-07-1994 08:00,185.9,0.0222,356.571072,FALSE
21-07-1994 08:00,202.5,0.0345,603.612,FALSE
22-07-1994 08:00,121.7,0.0173,181.907424,FALSE
23-07-1994 08:00,108,0.0232,216.48384,FALSE
25-07-1994 08:00,96.41,0.0445,370.677168,FALSE
26-07-1994 08:00,97.8,0.0233,196.883136,FALSE
27-07-1994 08:00,125.8,0.0216,234.772992,FALSE
28-07-1994 08:00,284,0.0477,1170.44352,FALSE
01-08-1994 08:00,288.6,0.0378,942.544512,FALSE
02-08-1994 08:00,374.1,0.0517,1671.059808,FALSE
03-08-1994 08:00,439.1,0.0229,868.785696,FALSE
04-08-1994 08:00,242.9,0.0211,442.816416,FALSE
05-08-1994 08:00,157.2,0.019,258.05952,FALSE
06-08-1994 08:00,118.3,0.0123,125.719776,FALSE
08-08-1994 08:00,74.07,0.0304,194.5492992,FALSE
09-08-1994 08:00,67.72,0.011,64.361088,FALSE
10-08-1994 08:00,62.71,0.0087,47.1378528,FALSE
11-08-1994 08:00,50.28,0.008,34.753536,FALSE
12-08-1994 08:00,58.71,0.0106,53.7689664,FALSE
13-08-1994 08:00,41.88,0.0117,42.3356544,FALSE
16-08-1994 08:00,31.14,0.0071,19.1025216,FALSE
17-08-1994 08:00,43.2,0.0072,26.873856,FALSE
18-08-1994 08:00,47.15,0.0162,65.994912,FALSE
19-08-1994 08:00,59.85,0.014,72.39456,FALSE
24-08-1994 08:00,54.7,0.0046,21.739968,FALSE
25-08-1994 08:00,44.2,0.0034,12.984192,FALSE
26-08-1994 08:00,62.69,0.0091,49.2893856,FALSE
27-08-1994 08:00,44.15,0.0088,33.568128,FALSE
30-08-1994 08:00,52.28,0.0171,77.2405632,FALSE
31-08-1994 08:00,61.83,0.0155,82.802736,FALSE
01-09-1994 08:00,73.8,0.0682,434.865024,FALSE
02-09-1994 08:00,76.83,0.0342,227.0234304,FALSE
03-09-1994 08:00,102.8,0.0416,369.487872,FALSE
06-09-1994 08:00,103.5,0.0237,211.93488,FALSE
07-09-1994 08:00,188.3,0.0686,1116.061632,FALSE
08-09-1994 08:00,100.4,0.0149,129.250944,FALSE
09-09-1994 08:00,78.02,0.0144,97.0693632,FALSE
10-09-1994 08:00,66.65,0.0202,116.322912,FALSE
12-09-1994 08:00,53.47,0.0069,31.8766752,FALSE
13-09-1994 08:00,47.63,0.0058,23.8683456,FALSE
14-09-1994 08:00,36.76,0.0064,20.3268096,FALSE
15-09-1994 08:00,34.9,0.0039,11.759904,FALSE
17-09-1994 08:00,31,0.0041,10.98144,FALSE
24-09-1994 08:00,40.4,0.0638,222.697728,FALSE
27-09-1994 08:00,32.61,0.0221,62.2668384,FALSE
05-10-1994 08:00,52.18,0.0414,186.6457728,FALSE
06-10-1994 08:00,45.38,0.0189,74.1037248,FALSE
07-10-1994 08:00,33.27,0.0128,36.7939584,FALSE
08-10-1994 08:00,24.83,0.0088,18.8787456,FALSE
10-10-1994 08:00,24.2,0.024,50.18112,FALSE
12-10-1994 08:00,34.76,0.0295,88.596288,FALSE
15-10-1994 08:00,47.91,0.0216,89.4115584,FALSE
17-10-1994 08:00,55.71,0.0389,187.2390816,FALSE
18-10-1994 08:00,49.2,0.0246,104.571648,FALSE
19-10-1994 08:00,44.19,0.0261,99.6502176,FALSE
20-10-1994 08:00,62.78,0.0496,269.0399232,FALSE
21-10-1994 08:00,41.62,0.0071,25.5313728,FALSE
22-10-1994 08:00,44.55,0.009,34.64208,FALSE
24-10-1994 08:00,50.17,0.0676,293.0249088,FALSE
25-10-1994 08:00,54.35,0.0453,212.721552,FALSE
26-10-1994 08:00,86.73,0.0789,591.2349408,FALSE
27-10-1994 08:00,114.6,0.0448,443.584512,FALSE
28-10-1994 08:00,88,0.0449,341.38368,FALSE
29-10-1994 08:00,67.05,0.0187,108.331344,FALSE
31-10-1994 08:00,117.7,0.0496,504.396288,FALSE
01-11-1994 08:00,85.48,0.0446,329.3920512,FALSE
03-11-1994 08:00,64.76,0.0122,68.2622208,FALSE
04-11-1994 08:00,72.25,0.0464,289.64736,FALSE
07-11-1994 08:00,52.43,0.0086,38.9575872,FALSE
08-11-1994 08:00,49.14,0.0075,31.84272,FALSE
09-11-1994 08:00,43.41,0.0067,25.1291808,FALSE
10-11-1994 08:00,39.18,0.0056,18.9568512,FALSE
11-11-1994 08:00,36.51,0.0034,10.7251776,FALSE
12-11-1994 08:00,34.7,0.0087,26.083296,FALSE
14-11-1994 08:00,31.4,0.004,10.85184,FALSE
15-11-1994 08:00,29.3,0.0064,16.201728,FALSE
21-11-1994 08:00,14.37,0.0042,5.2145856,FALSE
23-11-1994 08:00,11.96,0.0061,6.3033984,FALSE
24-11-1994 08:00,12.16,0.0039,4.0974336,FALSE
25-11-1994 08:00,12.02,0.005,5.19264,FALSE
26-11-1994 08:00,11.53,0.0081,8.0691552,FALSE
01-12-1994 08:00,10.67,0.0045,4.148496,FALSE
02-12-1994 08:00,8.14,0.007,4.923072,FALSE
03-12-1994 08:00,7.697,0.0055,3.6576144,FALSE
05-12-1994 08:00,6.724,0.0038,2.20762368,FALSE
06-12-1994 08:00,5.831,0.0047,2.36785248,FALSE
08-12-1994 08:00,5.135,0.0037,1.6415568,FALSE
09-12-1994 08:00,4.942,0.0029,1.23826752,FALSE
10-12-1994 08:00,4.751,0.0079,3.24284256,FALSE
12-12-1994 08:00,4.444,0.0064,2.45735424,FALSE
13-12-1994 08:00,4.183,0.0029,1.04809248,FALSE
14-12-1994 08:00,4.111,0.0021,0.74589984,FALSE
15-12-1994 08:00,3.798,0.0047,1.54229184,FALSE
16-12-1994 08:00,3.836,0.0047,1.55772288,FALSE
17-12-1994 08:00,3.766,0.0062,2.01737088,FALSE
19-12-1994 08:00,2.894,0.0035,0.8751456,FALSE
20-12-1994 08:00,2.881,0.0034,0.84632256,FALSE
21-12-1994 08:00,2.797,0.0081,1.95745248,FALSE
22-12-1994 08:00,2.837,0.0078,1.91191104,FALSE
23-12-1994 08:00,2.602,0.0074,1.66361472,FALSE
24-12-1994 08:00,2.539,0.0074,1.62333504,FALSE
26-12-1994 08:00,2.357,0.0083,1.69025184,FALSE
28-12-1994 08:00,2.412,0.0058,1.20870144,FALSE
29-12-1994 08:00,2.328,0.0044,0.88501248,FALSE
30-12-1994 08:00,2.33,0.0046,0.9260352,FALSE
02-01-1995 08:00,2.161,0.0095,1.7737488,FALSE
03-01-1995 08:00,2.11,0.0032,0.5833728,FALSE
04-01-1995 08:00,1.958,0.005,0.845856,FALSE
05-01-1995 08:00,1.488,0.0046,0.59139072,FALSE
06-01-1995 08:00,1.439,0.0103,1.28059488,FALSE
07-01-1995 08:00,1.296,0.006,0.6718464,FALSE
09-01-1995 08:00,1.277,0.0056,0.61786368,FALSE
10-01-1995 08:00,1.182,0.0089,0.90891072,FALSE
11-01-1995 08:00,0.98,0.0071,0.6011712,FALSE
12-01-1995 08:00,1.586,0.008,1.0962432,FALSE
13-01-1995 08:00,1.573,0.0064,0.86980608,FALSE
14-01-1995 08:00,1.519,0.003,0.3937248,FALSE
16-01-1995 08:00,1.41,0.0023,0.2801952,FALSE
17-01-1995 08:00,1.321,0.0039,0.44512416,FALSE
18-01-1995 08:00,1.045,0.004,0.361152,FALSE
19-01-1995 08:00,0.908,0.0056,0.43932672,FALSE
20-01-1995 08:00,0,0,0,TRUE
21-01-1995 08:00,0.912,0.0048,0.37822464,FALSE
23-01-1995 08:00,1.121,0.003,0.2905632,FALSE
24-01-1995 08:00,1.092,0.0022,0.20756736,FALSE
25-01-1995 08:00,0.959,0.0038,0.31485888,FALSE
27-01-1995 08:00,0.587,0.0043,0.21808224,FALSE
28-01-1995 08:00,0.439,0.0034,0.12896064,FALSE
30-01-1995 08:00,0,0,0,TRUE
31-01-1995 08:00,0,0,0,TRUE
01-02-1995 08:00,0,0,0,TRUE
02-02-1995 08:00,0,0,0,TRUE
03-02-1995 08:00,0,0,0,TRUE
04-02-1995 08:00,0,0,0,TRUE
05-02-1995 08:00,0,0,0,TRUE
06-02-1995 08:00,0,0,0,TRUE
07-02-1995 08:00,0,0,0,TRUE
08-02-1995 08:00,0,0,0,TRUE
09-02-1995 08:00,0,0,0,TRUE
10-02-1995 08:00,0,0,0,TRUE
11-02-1995 08:00,0,0,0,TRUE
12-02-1995 08:00,0,0,0,TRUE
13-02-1995 08:00,0,0,0,TRUE
14-02-1995 08:00,0,0,0,TRUE
15-02-1995 08:00,0,0,0,TRUE
16-02-1995 08:00,0,0,0,TRUE
17-02-1995 08:00,0,0,0,TRUE
18-02-1995 08:00,0,0,0,TRUE
19-02-1995 08:00,0,0,0,TRUE
20-02-1995 08:00,0,0,0,TRUE
21-02-1995 08:00,0,0,0,TRUE
22-02-1995 08:00,0,0,0,TRUE
23-02-1995 08:00,0,0,0,TRUE
24-02-1995 08:00,0,0,0,TRUE
25-02-1995 08:00,0,0,0,TRUE
26-02-1995 08:00,0,0,0,TRUE
27-02-1995 08:00,0,0,0,TRUE
28-02-1995 08:00,0,0,0,TRUE
01-03-1995 08:00,0,0,0,TRUE
02-03-1995 08:00,0,0,0,TRUE
03-03-1995 08:00,0,0,0,TRUE
04-03-1995 08:00,0,0,0,TRUE
05-03-1995 08:00,0,0,0,TRUE
06-03-1995 08:00,0,0,0,TRUE
07-03-1995 08:00,0,0,0,TRUE
08-03-1995 08:00,0,0,0,TRUE
09-03-1995 08:00,0,0,0,TRUE
10-03-1995 08:00,0,0,0,TRUE
11-03-1995 08:00,0,0,0,TRUE
12-03-1995 08:00,0,0,0,TRUE
13-03-1995 08:00,0,0,0,TRUE
14-03-1995 08:00,0,0,0,TRUE
15-03-1995 08:00,0,0,0,TRUE
16-03-1995 08:00,0,0,0,TRUE
17-03-1995 08:00,0,0,0,TRUE
18-03-1995 08:00,0,0,0,TRUE
19-03-1995 08:00,0,0,0,TRUE
20-03-1995 08:00,0,0,0,TRUE
21-03-1995 08:00,0,0,0,TRUE
22-03-1995 08:00,0,0,0,TRUE
23-03-1995 08:00,0,0,0,TRUE
24-03-1995 08:00,0,0,0,TRUE
25-03-1995 08:00,0,0,0,TRUE
26-03-1995 08:00,0,0,0,TRUE
27-03-1995 08:00,0,0,0,TRUE
28-03-1995 08:00,0,0,0,TRUE
29-03-1995 08:00,0,0,0,TRUE
30-03-1995 08:00,0,0,0,TRUE
31-03-1995 08:00,0,0,0,TRUE
01-04-1995 08:00,0,0,0,TRUE
02-04-1995 08:00,0,0,0,TRUE
03-04-1995 08:00,0,0,0,TRUE
04-04-1995 08:00,0,0,0,TRUE
05-04-1995 08:00,0,0,0,TRUE
06-04-1995 08:00,0,0,0,TRUE
07-04-1995 08:00,0,0,0,TRUE
08-04-1995 08:00,0,0,0,TRUE
09-04-1995 08:00,0,0,0,TRUE
10-04-1995 08:00,0,0,0,TRUE
11-04-1995 08:00,0,0,0,TRUE
12-04-1995 08:00,0,0,0,TRUE
13-04-1995 08:00,0,0,0,TRUE
14-04-1995 08:00,0,0,0,TRUE
15-04-1995 08:00,0,0,0,TRUE
16-04-1995 08:00,0,0,0,TRUE
17-04-1995 08:00,0,0,0,TRUE
18-04-1995 08:00,0,0,0,TRUE
19-04-1995 08:00,0,0,0,TRUE
20-04-1995 08:00,0,0,0,TRUE
21-04-1995 08:00,11.59,0.0207,20.7284832,FALSE
22-04-1995 08:00,5.995,0.0187,9.6860016,FALSE
24-04-1995 08:00,2.743,0.01,2.369952,FALSE
25-04-1995 08:00,5.941,0.008,4.1064192,FALSE
26-04-1995 08:00,3.829,0.009,2.9774304,FALSE
27-04-1995 08:00,2.308,0.0083,1.65511296,FALSE
28-04-1995 08:00,5.027,0.007,3.0403296,FALSE
29-04-1995 08:00,7.229,0.028,17.4883968,FALSE
01-05-1995 08:00,9.826,0.0247,20.96947008,FALSE
02-05-1995 08:00,19.33,0.0186,31.0640832,FALSE
03-05-1995 08:00,10.98,0.0219,20.7759168,FALSE
04-05-1995 08:00,11.96,0.0158,16.3268352,FALSE
05-05-1995 08:00,10.28,0.0127,11.2800384,FALSE
06-05-1995 08:00,24.33,0.0189,39.7299168,FALSE
08-05-1995 08:00,21.62,0.0171,31.9422528,FALSE
09-05-1995 09:30,142.4,0.1185,1457.94816,FALSE
11-05-1995 08:00,104.27,0.0562,506.3017536,FALSE
12-05-1995 08:00,88.6,0.0132,101.046528,FALSE
13-05-1995 08:30,66.61,0.0172,98.9877888,FALSE
15-05-1995 08:00,52.72,0.009,40.995072,FALSE
16-05-1995 08:00,54.06,0.0098,45.7736832,FALSE
17-05-1995 08:00,35.22,0.008,24.344064,FALSE
18-05-1995 08:00,30.84,0.0044,11.7241344,FALSE
19-05-1995 08:00,26.33,0.0049,11.1470688,FALSE
20-05-1995 08:00,16.77,0.0086,12.4607808,FALSE
22-05-1995 08:00,17.79,0.0163,25.0540128,FALSE
23-05-1995 08:00,14.7,0.0073,9.271584,FALSE
24-05-1995 08:00,11.67,0.0102,10.2845376,FALSE
25-05-1995 08:00,26.92,0.0153,35.5860864,FALSE
26-05-1995 08:00,14.68,0.0124,15.7275648,FALSE
27-05-1995 08:00,29.54,0.0263,67.1243328,FALSE
29-05-1995 08:00,36.57,0.084,265.410432,FALSE
30-05-1995 08:00,42.98,0.0782,290.3935104,FALSE
31-05-1995 08:00,27,0.0205,47.8224,FALSE
01-06-1995 08:00,20.44,0.0111,19.6027776,FALSE
02-06-1995 08:00,16.95,0.0156,22.845888,FALSE
03-06-1995 08:00,19.86,0.0179,30.7146816,FALSE
05-06-1995 08:00,15.15,0.019,24.87024,FALSE
06-06-1995 08:00,15.77,0.0235,32.019408,FALSE
07-06-1995 08:00,12.54,0.0211,22.8609216,FALSE
08-06-1995 08:00,14.38,0.0178,22.1152896,FALSE
12-06-1995 08:00,58.2,0.0636,319.811328,FALSE
13-06-1995 08:00,109.9,0.1395,1324.60272,FALSE
14-06-1995 08:00,135.7,0.0559,655.398432,FALSE
15-06-1995 08:00,132.9,0.0478,548.866368,FALSE
17-06-1995 08:00,169.2,0.027,394.70976,FALSE
19-06-1995 08:00,84.78,0.0284,208.0297728,FALSE
20-06-1995 08:00,83.59,0.0612,441.9971712,FALSE
21-06-1995 08:00,74.51,0.0285,183.473424,FALSE
22-06-1995 08:00,71.61,0.0209,129.3104736,FALSE
23-06-1995 08:00,67.13,0.0209,121.2206688,FALSE
24-06-1995 08:00,82.76,0.0343,245.2609152,FALSE
26-06-1995 08:00,65.66,0.0206,116.8642944,FALSE
27-06-1995 08:00,117,0.1334,1348.51392,FALSE
28-06-1995 08:00,92.58,0.0148,118.3838976,FALSE
29-06-1995 08:00,141.7,0.0266,325.660608,FALSE
30-06-1995 08:00,129.3,0.0231,258.062112,FALSE
03-07-1995 08:00,137.9,0.0206,245.439936,FALSE
04-07-1995 08:00,90.23,0.0096,74.8403712,FALSE
05-07-1995 08:00,70.86,0.0083,50.8151232,FALSE
06-07-1995 08:00,94.82,0.0507,415.3571136,FALSE
07-07-1995 08:00,198.9,0.0587,1008.757152,FALSE
08-07-1995 08:00,91.33,0.0224,176.7564288,FALSE
10-07-1995 08:00,144.5,0.0256,319.61088,FALSE
11-07-1995 08:00,194.6,0.0201,337.950144,FALSE
12-07-1995 10:00,294.1,0.054,1372.15296,FALSE
13-07-1995 08:00,184.6,0.0183,291.874752,FALSE
14-07-1995 08:00,129.9,0.0164,184.063104,FALSE
15-07-1995 08:00,129.3,0.0208,232.367616,FALSE
18-07-1995 08:00,84.28,0.0081,58.9825152,FALSE
19-07-1995 08:00,95.35,0.0109,89.796816,FALSE
20-07-1995 08:00,81.52,0.0089,62.6856192,FALSE
21-07-1995 08:00,82.31,0.0092,65.4265728,FALSE
22-07-1995 08:00,60.7,0.0083,43.529184,FALSE
24-07-1995 08:00,48.19,0.0079,32.8925664,FALSE
25-07-1995 08:00,117.7,0.0678,689.477184,FALSE
26-07-1995 08:00,69.44,0.0155,92.994048,FALSE
27-07-1995 08:00,58.52,0.0155,78.369984,FALSE
28-07-1995 08:00,62.49,0.0129,69.6488544,FALSE
29-07-1995 08:00,260.7,0.0654,1473.100992,FALSE
02-08-1995 08:00,83.87,0.0084,60.8694912,FALSE
03-08-1995 08:00,68.61,0.0207,122.7076128,FALSE
04-08-1995 08:00,60.28,0.019,98.955648,FALSE
05-08-1995 08:00,195.7,0.1039,1756.791072,FALSE
08-08-1995 08:00,127,0.0396,434.52288,FALSE
10-08-1995 08:00,80.2,0.0256,177.389568,FALSE
11-08-1995 08:00,122,0.0846,891.75168,FALSE
12-08-1995 08:00,70.3,0.0209,126.944928,FALSE
14-08-1995 08:00,50.68,0.0161,70.4979072,FALSE
16-08-1995 08:00,41.23,0.0104,37.0476288,FALSE
17-08-1995 08:00,37.92,0.0124,40.6259712,FALSE
19-08-1995 08:00,42.81,0.0127,46.9745568,FALSE
21-08-1995 08:00,60.27,0.0195,101.542896,FALSE
22-08-1995 09:00,104.6,0.0538,486.214272,FALSE
24-08-1995 08:00,129.1,0.043,479.63232,FALSE
25-08-1995 08:00,86.62,0.0239,178.8668352,FALSE
26-08-1995 10:00,145.1,0.0474,594.236736,FALSE
28-08-1995 08:00,139,0.027,324.2592,FALSE
29-08-1995 08:00,254,0.0573,1257.48288,FALSE
30-08-1995 08:00,200.3,0.0438,757.999296,FALSE
31-08-1995 08:00,227.8,0.0447,879.781824,FALSE
04-09-1995 08:00,120.8,0.0264,275.539968,FALSE
05-09-1995 08:00,152.3,0.0129,169.747488,FALSE
07-09-1995 08:00,158.2,0.0129,176.323392,FALSE
08-09-1995 08:00,102.7,0.0128,113.577984,FALSE
12-09-1995 08:00,48.62,0.0084,35.2864512,FALSE
13-09-1995 08:00,44.22,0.0069,26.3621952,FALSE
14-09-1995 08:00,37.23,0.0066,21.2300352,FALSE
15-09-1995 08:00,36.6,0.0051,16.127424,FALSE
20-09-1995 08:00,44.95,0.0086,33.399648,FALSE
21-09-1995 08:00,44.43,0.011,42.226272,FALSE
22-09-1995 08:00,89.12,0.0725,558.24768,FALSE
23-09-1995 08:00,46.86,0.0173,70.0425792,FALSE
25-09-1995 08:00,38.02,0.011,36.134208,FALSE
26-09-1995 08:00,34.11,0.0152,44.7959808,FALSE
27-09-1995 08:00,27.55,0.0087,20.708784,FALSE
28-09-1995 08:00,25.38,0.0066,14.4726912,FALSE
29-09-1995 08:00,25.78,0.0067,14.9235264,FALSE
30-09-1995 08:00,21.65,0.0167,31.238352,FALSE
04-10-1995 08:00,37.18,0.0273,87.6972096,FALSE
05-10-1995 08:00,26.28,0.0197,44.7306624,FALSE
06-10-1995 08:00,46.78,0.0342,138.2292864,FALSE
07-10-1995 08:00,71.13,0.0497,305.4379104,FALSE
10-10-1995 08:00,47.79,0.0145,59.871312,FALSE
11-10-1995 08:00,39.58,0.0126,43.0883712,FALSE
12-10-1995 08:00,36.14,0.0248,77.4379008,FALSE
13-10-1995 08:00,27.82,0.0111,26.6804928,FALSE
14-10-1995 08:00,25.43,0.0091,19.9940832,FALSE
16-10-1995 08:00,22.78,0.0057,11.2186944,FALSE
17-10-1995 08:00,19.41,0.007,11.739168,FALSE
18-10-1995 08:00,19.79,0.0086,14.7047616,FALSE
19-10-1995 08:00,18.64,0.0182,29.3110272,FALSE
20-10-1995 08:00,16.94,0.0051,7.4644416,FALSE
21-10-1995 08:00,32.66,0.0143,40.3520832,FALSE
24-10-1995 08:00,23.2,0.0192,38.486016,FALSE
25-10-1995 08:00,15.8,0.0056,7.644672,FALSE
26-10-1995 08:00,14.8,0.0065,8.31168,FALSE
27-10-1995 08:00,14.3,0.0056,6.918912,FALSE
28-10-1995 08:00,14.52,0.0054,6.7744512,FALSE
30-10-1995 08:00,16.9,0.0183,26.720928,FALSE
31-10-1995 08:00,22.34,0.0175,33.77808,FALSE
01-11-1995 08:00,39.97,0.0128,44.2036224,FALSE
02-11-1995 08:00,66.42,0.0219,125.6772672,FALSE
03-11-1995 08:00,104.2,0.023,207.06624,FALSE
04-11-1995 08:00,71.13,0.0241,148.1097312,FALSE
06-11-1995 08:00,92.73,0.0446,357.3294912,FALSE
08-11-1995 08:00,42.54,0.0144,52.9265664,FALSE
09-11-1995 08:00,47.42,0.0145,59.407776,FALSE
10-11-1995 08:00,43.01,0.0132,49.0520448,FALSE
11-11-1995 08:00,34.6,0.0103,30.791232,FALSE
13-11-1995 08:00,29.91,0.01,25.84224,FALSE
14-11-1995 08:00,26.86,0.0079,18.3335616,FALSE
15-11-1995 08:00,30.75,0.0229,60.84072,FALSE
16-11-1995 08:00,27.98,0.0094,22.7242368,FALSE
17-11-1995 08:00,78.01,0.0345,232.532208,FALSE
18-11-1995 08:00,36.03,0.0166,51.6756672,FALSE
20-11-1995 08:00,25.22,0.0258,56.2184064,FALSE
21-11-1995 08:00,16.39,0.0081,11.4703776,FALSE
22-11-1995 08:00,15.71,0.0074,10.0443456,FALSE
23-11-1995 08:00,21.33,0.0073,13.4532576,FALSE
24-11-1995 08:00,26.02,0.0111,24.9542208,FALSE
25-11-1995 08:00,18.93,0.0109,17.8275168,FALSE
27-11-1995 08:00,17.12,0.0114,16.8625152,FALSE
28-11-1995 08:00,17.33,0.0082,12.2779584,FALSE
29-11-1995 08:00,14.21,0.0083,10.1902752,FALSE
30-11-1995 08:00,12.81,0.008,8.854272,FALSE
01-12-1995 08:00,8.2641,0.0045,3.21308208,FALSE
02-12-1995 08:00,9.244,0.005,3.993408,FALSE
04-12-1995 08:00,8.607,0.0056,4.16441088,FALSE
05-12-1995 08:00,8.042,0.0083,5.76707904,FALSE
06-12-1995 08:00,5.793,0.0078,3.90401856,FALSE
07-12-1995 08:00,5.604,0.005,2.420928,FALSE
08-12-1995 08:00,5.551,0.0074,3.54908736,FALSE
09-12-1995 08:00,6,0.0048,2.48832,FALSE
11-12-1995 08:00,5.183,0.0098,4.38854976,FALSE
12-12-1995 08:00,4.305,0.0074,2.7524448,FALSE
13-12-1995 08:00,4.271,0.0041,1.51295904,FALSE
14-12-1995 08:00,4.492,0.0037,1.43600256,FALSE
15-12-1995 08:00,4.089,0.0055,1.9430928,FALSE
16-12-1995 08:00,4.019,0.0037,1.28479392,FALSE
18-12-1995 08:00,3.073,0.0036,0.95582592,FALSE
19-12-1995 08:00,3.251,0.0064,1.79767296,FALSE
20-12-1995 08:00,3.294,0.0037,1.05302592,FALSE
21-12-1995 08:00,2.434,0.0029,0.60986304,FALSE
22-12-1995 08:00,2.232,0.0034,0.65567232,FALSE
23-12-1995 08:00,2.153,0.0031,0.57665952,FALSE
26-12-1995 08:00,2.016,0.0029,0.50512896,FALSE
27-12-1995 08:00,1.94,0.0028,0.4693248,FALSE
28-12-1995 08:00,1.889,0.0029,0.47330784,FALSE
29-12-1995 08:00,1.966,0.0032,0.54355968,FALSE
30-12-1995 08:00,1.664,0.0022,0.31629312,FALSE
01-01-1996 08:00,1.879,0.0066,1.07148096,FALSE
02-01-1996 08:00,1.795,0.0049,0.7599312,FALSE
03-01-1996 08:00,1.786,0.0053,0.81784512,FALSE
04-01-1996 08:00,1.716,0.0047,0.69683328,FALSE
05-01-1996 08:00,1.592,0.0032,0.44015616,FALSE
06-01-1996 08:00,1.606,0.0025,0.346896,FALSE
08-01-1996 08:00,1.53,0.0021,0.2776032,FALSE
10-01-1996 08:00,1.355,0.0025,0.29268,FALSE
11-01-1996 08:00,1.094,0.0026,0.24575616,FALSE
12-01-1996 08:00,0.944,0.0024,0.19574784,FALSE
13-01-1996 08:00,0.94,0.0031,0.2517696,FALSE
16-01-1996 08:00,1.955,0.0057,0.9627984,FALSE
17-01-1996 08:00,1.902,0.0032,0.52586496,FALSE
18-01-1996 08:00,1.852,0.0053,0.84806784,FALSE
19-01-1996 08:00,1.658,0.0039,0.55867968,FALSE
20-01-1996 08:00,1.451,0.0043,0.53907552,FALSE
22-01-1996 08:00,1.505,0.0041,0.5331312,FALSE
23-01-1996 08:00,1.431,0.0038,0.46982592,FALSE
24-01-1996 08:00,1.191,0.0045,0.4630608,FALSE
25-01-1996 08:00,1.151,0.0052,0.51712128,FALSE
27-01-1996 08:00,0,0,0,TRUE
28-01-1996 08:00,0,0,0,TRUE
29-01-1996 08:00,0.345,0.0055,0.163944,FALSE
30-01-1996 08:00,0.294,0.0052,0.13208832,FALSE
31-01-1996 08:00,0.249,0.0047,0.10111392,FALSE
01-02-1996 08:00,0.182,0.0176,0.27675648,FALSE
02-02-1996 08:00,0.158,0.0135,0.1842912,FALSE
03-02-1996 08:00,0,0,0,TRUE
04-02-1996 08:00,0,0,0,TRUE
05-02-1996 08:00,0,0,0,TRUE
06-02-1996 08:00,0,0,0,TRUE
07-02-1996 08:00,0,0,0,TRUE
08-02-1996 08:00,0,0,0,TRUE
09-02-1996 08:00,0,0,0,TRUE
10-02-1996 08:00,0,0,0,TRUE
11-02-1996 08:00,0,0,0,TRUE
12-02-1996 08:00,0,0,0,TRUE
13-02-1996 08:00,0,0,0,TRUE
14-02-1996 08:00,0,0,0,TRUE
15-02-1996 08:00,0,0,0,TRUE
16-02-1996 08:00,0,0,0,TRUE
17-02-1996 08:00,0,0,0,TRUE
18-02-1996 08:00,0,0,0,TRUE
19-02-1996 08:00,0,0,0,TRUE
20-02-1996 08:00,0,0,0,TRUE
21-02-1996 08:00,0,0,0,TRUE
22-02-1996 08:00,0,0,0,TRUE
23-02-1996 08:00,0,0,0,TRUE
24-02-1996 08:00,0,0,0,TRUE
25-02-1996 08:00,0,0,0,TRUE
26-02-1996 08:00,0,0,0,TRUE
27-02-1996 08:00,0,0,0,TRUE
28-02-1996 08:00,0,0,0,TRUE
29-02-1996 08:00,0,0,0,TRUE
01-03-1996 08:00,0,0,0,TRUE
02-03-1996 08:00,0,0,0,TRUE
03-03-1996 08:00,0,0,0,TRUE
04-03-1996 08:00,0,0,0,TRUE
05-03-1996 08:00,0,0,0,TRUE
06-03-1996 08:00,0,0,0,TRUE
07-03-1996 08:00,0,0,0,TRUE
08-03-1996 08:00,0,0,0,TRUE
09-03-1996 08:00,0,0,0,TRUE
10-03-1996 08:00,0,0,0,TRUE
11-03-1996 08:00,0,0,0,TRUE
12-03-1996 08:00,0,0,0,TRUE
13-03-1996 08:00,0,0,0,TRUE
14-03-1996 08:00,0,0,0,TRUE
15-03-1996 08:00,0,0,0,TRUE
16-03-1996 08:00,0,0,0,TRUE
17-03-1996 08:00,0,0,0,TRUE
18-03-1996 08:00,0,0,0,TRUE
19-03-1996 08:00,0,0,0,TRUE
20-03-1996 08:00,0,0,0,TRUE
21-03-1996 08:00,0,0,0,TRUE
22-03-1996 08:00,0,0,0,TRUE
23-03-1996 08:00,0,0,0,TRUE
24-03-1996 08:00,0,0,0,TRUE
25-03-1996 08:00,0,0,0,TRUE
26-03-1996 08:00,0,0,0,TRUE
27-03-1996 08:00,0,0,0,TRUE
28-03-1996 08:00,0,0,0,TRUE
29-03-1996 08:00,0,0,0,TRUE
30-03-1996 08:00,0,0,0,TRUE
31-03-1996 08:00,0,0,0,TRUE
01-04-1996 08:00,0,0,0,TRUE
02-04-1996 08:00,0,0,0,TRUE
03-04-1996 08:00,0,0,0,TRUE
04-04-1996 08:00,0,0,0,TRUE
05-04-1996 08:00,0,0,0,TRUE
06-04-1996 08:00,0,0,0,TRUE
07-04-1996 08:00,0,0,0,TRUE
08-04-1996 08:00,0,0,0,TRUE
09-04-1996 08:00,0,0,0,TRUE
10-04-1996 08:00,0,0,0,TRUE
11-04-1996 08:00,0,0,0,TRUE
12-04-1996 08:00,0,0,0,TRUE
13-04-1996 08:00,0,0,0,TRUE
14-04-1996 08:00,0,0,0,TRUE
15-04-1996 08:00,0,0,0,TRUE
16-04-1996 08:00,0,0,0,TRUE
17-04-1996 08:00,0,0,0,TRUE
18-04-1996 08:00,0,0,0,TRUE
19-04-1996 08:00,8.971,0.003,2.3252832,FALSE
20-04-1996 08:00,9.168,0.0081,6.41613312,FALSE
22-04-1996 08:00,8.539,0.0076,5.60704896,FALSE
23-04-1996 08:00,8.282,0.0083,5.93918784,FALSE
24-04-1996 08:00,4.107,0.0045,1.5968016,FALSE
25-04-1996 08:00,18.76,0.008,12.966912,FALSE
26-04-1996 08:00,7.043,0.0102,6.20685504,FALSE
30-04-1996 08:00,2.633,0.0109,2.47965408,FALSE
01-05-1996 08:00,2.684,0.0048,1.11310848,FALSE
02-05-1996 08:00,5.662,0.0073,3.57113664,FALSE
04-05-1996 08:00,4.234,0.004,1.4632704,FALSE
06-05-1996 08:00,3.135,0.0038,1.0292832,FALSE
07-05-1996 08:00,2.97,0.0026,0.6671808,FALSE
08-05-1996 08:00,1.937,0.0021,0.35144928,FALSE
09-05-1996 08:00,1.856,0.0017,0.27260928,FALSE
10-05-1996 08:00,1.617,0.0034,0.47500992,FALSE
11-05-1996 08:00,0,0,0,TRUE
13-05-1996 08:00,0.826,0.0035,0.2497824,FALSE
14-05-1996 08:00,0.752,0.0027,0.17542656,FALSE
16-05-1996 08:00,1.258,0.0023,0.24998976,FALSE
17-05-1996 08:00,1.232,0.0029,0.30868992,FALSE
18-05-1996 08:00,0,0,0,TRUE
20-05-1996 08:00,1.252,0.0036,0.38942208,FALSE
21-05-1996 08:00,0,0,0,TRUE
22-05-1996 08:00,0,0,0,TRUE
23-05-1996 08:00,0,0,0,TRUE
24-05-1996 08:00,0,0,0,TRUE
25-05-1996 08:00,0,0,0,TRUE
26-05-1996 08:00,0,0,0,TRUE
27-05-1996 08:00,0,0,0,TRUE
28-05-1996 08:00,0,0,0,TRUE
29-05-1996 08:00,0,0,0,TRUE
30-05-1996 08:00,0,0,0,TRUE
31-05-1996 08:00,0,0,0,TRUE
01-06-1996 08:00,17.71,0.0062,9.4868928,FALSE
03-06-1996 08:00,14.5,0.0072,9.02016,FALSE
04-06-1996 08:00,15.67,0.0047,6.3632736,FALSE
05-06-1996 08:00,6.858,0.0131,7.76215872,FALSE
06-06-1996 08:00,6.411,0.0036,1.99407744,FALSE
07-06-1996 08:00,6.31,0.0069,3.7617696,FALSE
08-06-1996 08:00,6.436,0.0085,4.7265984,FALSE
10-06-1996 08:00,6.83,0.0056,3.3046272,FALSE
11-06-1996 08:00,12.77,0.0095,10.481616,FALSE
12-06-1996 08:00,21.03,0.0074,13.4457408,FALSE
13-06-1996 08:00,30.09,0.0207,53.8153632,FALSE
14-06-1996 08:00,85.15,0.0362,266.321952,FALSE
15-06-1996 08:00,81.62,0.0197,138.9237696,FALSE
17-06-1996 08:00,111.7,0.0151,145.728288,FALSE
18-06-1996 08:00,89.24,0.0291,224.3707776,FALSE
19-06-1996 08:00,205.8,0.0911,1619.860032,FALSE
20-06-1996 08:00,169.9,0.0428,628.276608,FALSE
22-06-1996 08:00,113.2,0.0251,245.490048,FALSE
24-06-1996 08:00,69.08,0.0162,96.6898944,FALSE
25-06-1996 08:00,55.78,0.0087,41.9287104,FALSE
26-06-1996 08:00,43.61,0.0067,25.2449568,FALSE
27-06-1996 08:00,36.62,0.0041,12.9722688,FALSE
03-07-1996 08:00,14.77,0.0055,7.018704,FALSE
04-07-1996 08:00,14.28,0.0046,5.6754432,FALSE
05-07-1996 08:00,10.17,0.0044,3.8662272,FALSE
06-07-1996 08:00,10.81,0.0054,5.0435136,FALSE
08-07-1996 08:00,20.47,0.0084,14.8563072,FALSE
10-07-1996 08:00,75.24,0.0375,243.7776,FALSE
11-07-1996 08:00,75.42,0.0143,93.1829184,FALSE
12-07-1996 08:00,67.43,0.0261,152.0573472,FALSE
13-07-1996 08:00,94.98,0.0217,178.0761024,FALSE
15-07-1996 08:00,63.31,0.0153,83.6907552,FALSE
16-07-1996 08:00,68.98,0.0161,95.9539392,FALSE
17-07-1996 08:00,86.32,0.0424,316.2212352,FALSE
18-07-1996 08:00,76.86,0.0152,100.9387008,FALSE
20-07-1996 08:00,267.8,0.0813,1881.112896,FALSE
23-07-1996 08:00,199.4,0.0179,308.384064,FALSE
24-07-1996 08:00,158.1,0.0212,289.588608,FALSE
25-07-1996 08:00,181.8,0.0242,380.121984,FALSE
26-07-1996 08:00,206.4,0.0154,274.627584,FALSE
27-07-1996 08:00,141.9,0.0164,201.066624,FALSE
31-07-1996 08:00,106.4,0.0095,87.33312,FALSE
01-08-1996 08:00,118.7,0.0126,129.221568,FALSE
02-08-1996 08:00,86.89,0.0066,49.5481536,FALSE
03-08-1996 08:00,69.49,0.0052,31.2204672,FALSE
05-08-1996 08:00,55.26,0.0054,25.7821056,FALSE
06-08-1996 08:00,59.82,0.0114,58.9203072,FALSE
07-08-1996 08:00,73.45,0.0158,100.268064,FALSE
08-08-1996 08:00,55.28,0.0117,55.8814464,FALSE
09-08-1996 08:00,53.99,0.0104,48.5132544,FALSE
10-08-1996 08:00,53.11,0.0061,27.9910944,FALSE
12-08-1996 08:00,59.65,0.0116,59.783616,FALSE
14-08-1996 08:00,142.6,0.0138,170.024832,FALSE
16-08-1996 11:00,141.9,0.0199,243.977184,FALSE
17-08-1996 08:00,144.8,0.0221,276.486912,FALSE
20-08-1996 08:00,83.42,0.0129,92.9765952,FALSE
21-08-1996 08:00,71.92,0.0111,68.9741568,FALSE
22-08-1996 08:00,83.55,0.0593,428.070096,FALSE
23-08-1996 08:00,78.74,0.0145,98.645472,FALSE
24-08-1996 08:00,105,0.0193,175.0896,FALSE
28-08-1996 08:00,80.42,0.0117,81.2949696,FALSE
29-08-1996 08:00,65.8,0.0127,72.201024,FALSE
30-08-1996 08:00,56.43,0.0049,23.8902048,FALSE
31-08-1996 08:00,51.97,0.0042,18.8588736,FALSE
02-09-1996 08:00,75.73,0.0056,36.6412032,FALSE
03-09-1996 08:00,66.62,0.006,34.535808,FALSE
05-09-1996 08:00,60.96,0.0098,51.6160512,FALSE
06-09-1996 08:00,88.25,0.0497,378.95256,FALSE
07-09-1996 08:00,132.1,0.0566,646.000704,FALSE
09-09-1996 08:00,73.74,0.0115,73.268064,FALSE
11-09-1996 08:00,50.01,0.008,34.566912,FALSE
12-09-1996 08:00,116.4,0.0299,300.703104,FALSE
13-09-1996 08:00,72.82,0.0121,76.1289408,FALSE
14-09-1996 08:00,82.6,0.0122,87.067008,FALSE
16-09-1996 08:00,92.46,0.0146,116.6327424,FALSE
17-09-1996 08:00,80.78,0.0081,56.5330752,FALSE
18-09-1996 08:00,85.4,0.0056,41.319936,FALSE
19-09-1996 08:00,61.44,0.0046,24.4187136,FALSE
20-09-1996 08:00,94.1,0.0106,86.180544,FALSE
21-09-1996 08:00,63.83,0.0102,56.2521024,FALSE
23-09-1996 08:00,56.93,0.0161,79.1919072,FALSE
24-09-1996 08:00,59.3,0.0108,55.334016,FALSE
25-09-1996 08:00,85.75,0.0443,328.20984,FALSE
27-09-1996 08:00,60.34,0.0169,88.1060544,FALSE
28-09-1996 08:00,151.4,0.0468,612.188928,FALSE
30-09-1996 08:00,123.5,0.0096,102.43584,FALSE
01-10-1996 08:00,92.12,0.0106,84.3671808,FALSE
03-10-1996 08:00,74.46,0.0094,60.4734336,FALSE
04-10-1996 08:00,65.1,0.0082,46.122048,FALSE
05-10-1996 08:00,60.05,0.0088,45.657216,FALSE
07-10-1996 08:00,40.18,0.0056,19.4406912,FALSE
08-10-1996 08:00,39.29,0.0052,17.6522112,FALSE
09-10-1996 08:00,71.68,0.0693,429.1854336,FALSE
10-10-1996 08:00,52.33,0.014,63.298368,FALSE
11-10-1996 08:00,122.5,0.0252,266.7168,FALSE
12-10-1996 08:00,63.35,0.0413,226.053072,FALSE
14-10-1996 08:00,244.8,0.1534,3244.520448,FALSE
15-10-1996 08:00,167.8,0.0479,694.450368,FALSE
16-10-1996 08:00,127.1,0.0475,521.6184,FALSE
17-10-1996 08:00,146.4,0.0814,1029.625344,FALSE
18-10-1996 08:00,211.3,0.053,967.58496,FALSE
19-10-1996 08:00,158.1,0.0311,424.821024,FALSE
24-10-1996 08:00,47.23,0.0068,27.7485696,FALSE
25-10-1996 08:00,39.36,0.0066,22.4446464,FALSE
26-10-1996 08:00,36.09,0.0055,17.149968,FALSE
28-10-1996 08:00,29.58,0.0057,14.5675584,FALSE
29-10-1996 08:00,23.11,0.0047,9.3845088,FALSE
30-10-1996 08:00,21.52,0.0049,9.1107072,FALSE
31-10-1996 08:00,18.75,0.0079,12.798,FALSE
01-11-1996 08:00,18.55,0.0049,7.853328,FALSE
02-11-1996 08:00,19.37,0.0054,9.0372672,FALSE
04-11-1996 08:00,35.46,0.0199,60.9685056,FALSE
05-11-1996 08:00,36.44,0.0222,69.8948352,FALSE
06-11-1996 08:00,21.79,0.0098,18.4500288,FALSE
07-11-1996 08:00,16.32,0.0073,10.2933504,FALSE
08-11-1996 08:00,15.17,0.0081,10.6165728,FALSE
09-11-1996 08:00,14.38,0.0076,9.4424832,FALSE
11-11-1996 08:00,22.43,0.0104,20.1547008,FALSE
12-11-1996 08:00,19.69,0.0077,13.0993632,FALSE
13-11-1996 08:00,37.4,0.0263,84.984768,FALSE
15-11-1996 08:00,16.86,0.0193,28.1143872,FALSE
16-11-1996 08:00,15.18,0.0076,9.9677952,FALSE
18-11-1996 08:00,10.35,0.0056,5.007744,FALSE
19-11-1996 08:00,10.14,0.0056,4.9061376,FALSE
20-11-1996 08:00,9.452,0.008,6.5332224,FALSE
21-11-1996 08:00,9.546,0.0049,4.04139456,FALSE
22-11-1996 08:00,9.531,0.0049,4.03504416,FALSE
23-11-1996 08:00,14.72,0.009,11.446272,FALSE
26-11-1996 08:00,16.91,0.0099,14.4641376,FALSE
27-11-1996 08:00,18.77,0.0091,14.7577248,FALSE
28-11-1996 08:00,13.93,0.0114,13.7204928,FALSE
30-11-1996 08:00,16.2,0.0081,11.337408,FALSE
02-12-1996 08:00,8.965,0.0065,5.034744,FALSE
03-12-1996 08:00,8.489,0.0061,4.47404256,FALSE
04-12-1996 08:00,7.564,0.005,3.267648,FALSE
05-12-1996 08:00,7.134,0.0048,2.95861248,FALSE
06-12-1996 08:00,6.958,0.0098,5.89147776,FALSE
07-12-1996 08:00,5.886,0.0095,4.8312288,FALSE
09-12-1996 08:00,13.48,0.0115,13.393728,FALSE
10-12-1996 08:00,9.263,0.013,10.4042016,FALSE
11-12-1996 08:00,7.803,0.0072,4.85409024,FALSE
12-12-1996 08:00,13.68,0.0079,9.3374208,FALSE
14-12-1996 08:00,17.96,0.0154,23.8968576,FALSE
16-12-1996 08:00,84.46,0.0512,373.6240128,FALSE
17-12-1996 08:00,30.32,0.0192,50.2972416,FALSE
20-12-1996 08:00,16.96,0.0083,12.1623552,FALSE
23-12-1996 08:00,9.479,0.0092,7.53466752,FALSE
24-12-1996 08:00,9.11,0.0106,8.3433024,FALSE
30-12-1996 08:00,5.542,0.0085,4.0700448,FALSE
31-12-1996 08:00,4.912,0.0064,2.71613952,FALSE
01-01-1997 08:00,4.08,0.005,1.76256,FALSE
02-01-1997 08:00,4.013,0.0065,2.2537008,FALSE
03-01-1997 08:00,3.504,0.006,1.8164736,FALSE
04-01-1997 08:00,3.385,0.0052,1.5208128,FALSE
06-01-1997 08:00,3.051,0.008,2.1088512,FALSE
07-01-1997 08:00,3.119,0.0079,2.12890464,FALSE
08-01-1997 08:00,2.23,0.0059,1.1367648,FALSE
09-01-1997 08:00,1.758,0.0034,0.51643008,FALSE
10-01-1997 08:00,2.616,0.0044,0.99449856,FALSE
11-01-1997 08:00,1.903,0.0074,1.21670208,FALSE
17-01-1997 08:00,0.958,0.0057,0.47179584,FALSE
18-01-1997 08:00,1.195,0.0008,0.0825984,FALSE
20-01-1997 08:00,0.914,0.0007,0.05527872,FALSE
21-01-1997 08:00,0.576,0.0068,0.33841152,FALSE
22-01-1997 08:00,0.574,0.0012,0.05951232,FALSE
24-01-1997 08:00,0.287,0.0006,0.01487808,FALSE
25-01-1997 08:00,0.287,0.0006,0.01487808,FALSE
27-01-1997 08:00,0.26,0.0005,0.011232,FALSE
28-01-1997 08:00,0,0,0,TRUE
29-01-1997 08:00,0,0,0,TRUE
30-01-1997 08:00,0,0,0,TRUE
31-01-1997 08:00,0,0,0,TRUE
01-02-1997 08:00,0,0,0,TRUE
02-02-1997 08:00,0,0,0,TRUE
03-02-1997 08:00,0,0,0,TRUE
04-02-1997 08:00,0,0,0,TRUE
05-02-1997 08:00,0,0,0,TRUE
06-02-1997 08:00,0,0,0,TRUE
07-02-1997 08:00,0,0,0,TRUE
08-02-1997 08:00,0,0,0,TRUE
09-02-1997 08:00,0,0,0,TRUE
10-02-1997 08:00,0,0,0,TRUE
11-02-1997 08:00,0,0,0,TRUE
12-02-1997 08:00,0,0,0,TRUE
13-02-1997 08:00,0,0,0,TRUE
14-02-1997 08:00,0,0,0,TRUE
15-02-1997 08:00,0,0,0,TRUE
16-02-1997 08:00,0,0,0,TRUE
17-02-1997 08:00,0,0,0,TRUE
18-02-1997 08:00,0,0,0,TRUE
19-02-1997 08:00,0,0,0,TRUE
20-02-1997 08:00,0,0,0,TRUE
21-02-1997 08:00,0,0,0,TRUE
22-02-1997 08:00,0,0,0,TRUE
23-02-1997 08:00,0,0,0,TRUE
24-02-1997 08:00,0,0,0,TRUE
25-02-1997 08:00,0,0,0,TRUE
26-02-1997 08:00,0,0,0,TRUE
27-02-1997 08:00,0,0,0,TRUE
28-02-1997 08:00,0,0,0,TRUE
01-03-1997 08:00,0,0,0,TRUE
02-03-1997 08:00,0,0,0,TRUE
03-03-1997 08:00,0,0,0,TRUE
04-03-1997 08:00,0,0,0,TRUE
05-03-1997 08:00,0,0,0,TRUE
06-03-1997 08:00,0,0,0,TRUE
07-03-1997 08:00,0,0,0,TRUE
08-03-1997 08:00,0,0,0,TRUE
09-03-1997 08:00,0,0,0,TRUE
10-03-1997 08:00,0,0,0,TRUE
11-03-1997 08:00,0,0,0,TRUE
12-03-1997 08:00,0,0,0,TRUE
13-03-1997 08:00,0,0,0,TRUE
14-03-1997 08:00,0,0,0,TRUE
15-03-1997 08:00,0,0,0,TRUE
16-03-1997 08:00,0,0,0,TRUE
17-03-1997 08:00,0,0,0,TRUE
18-03-1997 08:00,0,0,0,TRUE
19-03-1997 08:00,0,0,0,TRUE
20-03-1997 08:00,0,0,0,TRUE
21-03-1997 08:00,0,0,0,TRUE
22-03-1997 08:00,0,0,0,TRUE
23-03-1997 08:00,0,0,0,TRUE
24-03-1997 08:00,0,0,0,TRUE
25-03-1997 08:00,0,0,0,TRUE
26-03-1997 08:00,0,0,0,TRUE
27-03-1997 08:00,0,0,0,TRUE
28-03-1997 08:00,0,0,0,TRUE
29-03-1997 08:00,0,0,0,TRUE
30-03-1997 08:00,0,0,0,TRUE
31-03-1997 08:00,0,0,0,TRUE
01-04-1997 08:00,0,0,0,TRUE
02-04-1997 08:00,0,0,0,TRUE
03-04-1997 08:00,0,0,0,TRUE
04-04-1997 08:00,0,0,0,TRUE
05-04-1997 08:00,0,0,0,TRUE
06-04-1997 08:00,0,0,0,TRUE
07-04-1997 08:00,0,0,0,TRUE
08-04-1997 08:00,0,0,0,TRUE
09-04-1997 08:00,0,0,0,TRUE
10-04-1997 08:00,0,0,0,TRUE
11-04-1997 08:00,0,0,0,TRUE
12-04-1997 08:00,0,0,0,TRUE
13-04-1997 08:00,0,0,0,TRUE
14-04-1997 08:00,0,0,0,TRUE
15-04-1997 08:00,0,0,0,TRUE
16-04-1997 08:00,0,0,0,TRUE
17-04-1997 08:00,0,0,0,TRUE
18-04-1997 08:00,0,0,0,TRUE
19-04-1997 08:00,0,0,0,TRUE
20-04-1997 08:00,0,0,0,TRUE
21-04-1997 08:00,0,0,0,TRUE
22-04-1997 08:00,0,0,0,TRUE
23-04-1997 08:00,0,0,0,TRUE
24-04-1997 08:00,0,0,0,TRUE
25-04-1997 08:00,0,0,0,TRUE
26-04-1997 08:00,0,0,0,TRUE
27-04-1997 08:00,0,0,0,TRUE
28-04-1997 08:00,0,0,0,TRUE
29-04-1997 08:00,0,0,0,TRUE
30-04-1997 08:00,0,0,0,TRUE
01-05-1997 08:00,0,0,0,TRUE
02-05-1997 08:00,0,0,0,TRUE
03-05-1997 08:00,0,0,0,TRUE
04-05-1997 08:00,0,0,0,TRUE
05-05-1997 08:00,0,0,0,TRUE
06-05-1997 08:00,0,0,0,TRUE
07-05-1997 08:00,6.08,0.0094,4.9379328,FALSE
08-05-1997 08:00,19.06,0.0049,8.0692416,FALSE
09-05-1997 08:00,21.47,0.0052,9.6460416,FALSE
10-05-1997 08:00,16,0.0051,7.05024,FALSE
12-05-1997 08:00,7.088,0.0043,2.63333376,FALSE
13-05-1997 08:00,9.183,0.0056,4.44310272,FALSE
14-05-1997 08:00,6.68,0.0031,1.7891712,FALSE
16-05-1997 08:00,5.996,0.0048,2.48666112,FALSE
19-05-1997 08:00,14.4,0.0039,4.852224,FALSE
20-05-1997 08:00,9.363,0.0046,3.72123072,FALSE
21-05-1997 08:00,6.143,0.0043,2.28224736,FALSE
24-05-1997 08:00,2.958,0.0063,1.61009856,FALSE
26-05-1997 08:00,9.746,0.0057,4.79971008,FALSE
27-05-1997 08:00,7.921,0.0077,5.26968288,FALSE
28-05-1997 08:00,5.192,0.0052,2.33266176,FALSE
29-05-1997 08:00,3.549,0.0026,0.79724736,FALSE
30-05-1997 08:00,2.43,0.0026,0.5458752,FALSE
31-05-1997 08:00,0,0,0,TRUE
02-06-1997 08:00,4.722,0.0029,1.18314432,FALSE
03-06-1997 08:00,3.721,0.003,0.9644832,FALSE
10-06-1997 08:00,10.23,0.0082,7.2477504,FALSE
11-06-1997 08:00,7.923,0.0064,4.38110208,FALSE
12-06-1997 08:00,4.916,0.004,1.6989696,FALSE
13-06-1997 08:00,6.933,0.0056,3.35446272,FALSE
17-06-1997 08:00,9.47,0.0028,2.2909824,FALSE
18-06-1997 08:00,7.759,0.0076,5.09486976,FALSE
19-06-1997 08:00,7.607,0.0052,3.41767296,FALSE
20-06-1997 08:00,6.639,0.0067,3.84318432,FALSE
21-06-1997 08:00,5.171,0.0034,1.51903296,FALSE
23-06-1997 08:00,15.92,0.005,6.87744,FALSE
24-06-1997 08:00,27,0.0301,70.21728,FALSE
25-06-1997 08:00,57.19,0.0543,268.3080288,FALSE
26-06-1997 08:00,18.45,0.0202,32.200416,FALSE
27-06-1997 08:00,36.82,0.0163,51.8543424,FALSE
28-06-1997 08:00,37.92,0.038,124.498944,FALSE
30-06-1997 08:00,166.3,0.0348,500.017536,FALSE
01-07-1997 08:00,119.37,0.0345,355.818096,FALSE
02-07-1997 08:00,201.5,0.0734,1277.86464,FALSE
03-07-1997 08:00,105.7,0.0271,247.490208,FALSE
04-07-1997 08:00,75.83,0.0336,220.1375232,FALSE
05-07-1997 08:00,92.79,0.0593,475.4114208,FALSE
08-07-1997 08:00,94.3,0.0313,255.017376,FALSE
09-07-1997 08:00,85.18,0.017,125.112384,FALSE
10-07-1997 08:00,88.2,0.0212,161.554176,FALSE
11-07-1997 08:00,88.12,0.0191,145.4191488,FALSE
12-07-1997 08:00,73.99,0.0159,101.6445024,FALSE
14-07-1997 08:00,137.4,0.0452,536.585472,FALSE
16-07-1997 08:00,108.6,0.0199,186.722496,FALSE
18-07-1997 08:00,168.8,0.047,685.46304,FALSE
19-07-1997 08:00,293.2,0.061,1545.28128,FALSE
21-07-1997 08:00,157.9,0.0156,212.823936,FALSE
22-07-1997 08:00,324.4,0.0382,1070.675712,FALSE
23-07-1997 08:00,277.8,0.0918,2203.376256,FALSE
24-07-1997 08:00,493.1,0.1079,4596.954336,FALSE
25-07-1997 08:00,447.1,0.0507,1958.512608,FALSE
30-07-1997 08:00,100,0.0211,182.304,FALSE
31-07-1997 08:00,82.11,0.0151,107.1239904,FALSE
01-08-1997 08:00,88.25,0.025,190.62,FALSE
02-08-1997 08:00,78.85,0.0182,123.990048,FALSE
04-08-1997 08:00,85.82,0.0076,56.3528448,FALSE
05-08-1997 08:00,73.34,0.0041,25.9799616,FALSE
06-08-1997 08:00,56.5,0.0099,48.32784,FALSE
08-08-1997 08:00,117.8,0.0185,188.29152,FALSE
09-08-1997 08:00,88.47,0.0068,51.9778944,FALSE
11-08-1997 08:00,61.99,0.0114,61.0576704,FALSE
12-08-1997 08:00,68.73,0.0244,144.8938368,FALSE
13-08-1997 08:00,60.04,0.0276,143.1737856,FALSE
14-08-1997 08:00,59.4,0.0208,106.748928,FALSE
18-08-1997 08:00,52.43,0.0128,57.9833856,FALSE
19-08-1997 08:00,45.01,0.0128,49.7774592,FALSE
20-08-1997 08:00,49.64,0.0142,60.9023232,FALSE
21-08-1997 08:00,57.82,0.0161,80.4299328,FALSE
22-08-1997 08:00,171.6,0.1002,1485.589248,FALSE
23-08-1997 08:00,101.3,0.0221,193.426272,FALSE
25-08-1997 08:00,63.25,0.0146,79.78608,FALSE
26-08-1997 08:00,74.69,0.0274,176.8181184,FALSE
27-08-1997 08:00,65.56,0.0116,65.7068544,FALSE
28-08-1997 08:00,68.64,0.0131,77.6894976,FALSE
29-08-1997 08:30,162.4,0.0839,1177.231104,FALSE
30-08-1997 09:00,112.2,0.0209,202.606272,FALSE
01-09-1997 08:00,66.81,0.0076,43.8701184,FALSE
02-09-1997 08:00,56.94,0.0027,13.2829632,FALSE
03-09-1997 08:00,47.56,0.004,16.436736,FALSE
04-09-1997 08:00,42.71,0.0092,33.9493248,FALSE
05-09-1997 08:00,40.43,0.008,27.945216,FALSE
06-09-1997 08:00,43.01,0.0145,53.882928,FALSE
08-09-1997 08:00,35.81,0.0074,22.8954816,FALSE
09-09-1997 08:00,39.22,0.0253,85.7317824,FALSE
10-09-1997 08:00,33.79,0.015,43.79184,FALSE
11-09-1997 08:00,42.46,0.0283,103.8197952,FALSE
12-09-1997 08:00,70.56,0.04,243.85536,FALSE
13-09-1997 08:00,39.35,0.0208,70.716672,FALSE
15-09-1997 08:00,34.25,0.021,62.1432,FALSE
18-09-1997 08:00,43.96,0.0211,80.1408384,FALSE
19-09-1997 08:00,54.18,0.0319,149.3287488,FALSE
20-09-1997 08:00,61.87,0.0396,211.6844928,FALSE
22-09-1997 08:00,58.02,0.0193,96.7495104,FALSE
23-09-1997 08:00,71.5,0.0485,299.6136,FALSE
24-09-1997 08:00,58.26,0.0134,67.4510976,FALSE
25-09-1997 08:00,49,0.0152,64.35072,FALSE
26-09-1997 08:00,43.36,0.0099,37.0884096,FALSE
27-09-1997 08:00,37.67,0.0098,31.8959424,FALSE
29-09-1997 08:00,31.43,0.0127,34.4875104,FALSE
30-09-1997 08:00,24.5,0.0177,37.46736,FALSE
01-10-1997 08:00,43.76,0.0145,54.822528,FALSE
03-10-1997 08:00,20.54,0.0205,36.380448,FALSE
04-10-1997 08:00,31.85,0.0143,39.351312,FALSE
06-10-1997 08:00,32.54,0.0252,70.8486912,FALSE
07-10-1997 08:00,39.9,0.0788,271.651968,FALSE
08-10-1997 08:00,28.25,0.0385,93.9708,FALSE
09-10-1997 08:00,30.25,0.0415,108.4644,FALSE
10-10-1997 08:00,24.67,0.0523,111.4768224,FALSE
13-10-1997 08:00,44.38,0.0859,329.3777088,FALSE
14-10-1997 08:00,70.59,0.0517,315.3170592,FALSE
15-10-1997 08:00,37.14,0.0477,153.0643392,FALSE
17-10-1997 08:00,41.28,0.034,121.264128,FALSE
18-10-1997 08:00,34.18,0.0165,48.727008,FALSE
20-10-1997 08:00,43.32,0.0275,102.92832,FALSE
21-10-1997 08:00,44.84,0.022,85.231872,FALSE
22-10-1997 08:00,45.6,0.0167,65.795328,FALSE
23-10-1997 08:00,29.58,0.0156,39.8691072,FALSE
24-10-1997 08:00,26.42,0.0111,25.3378368,FALSE
27-10-1997 08:00,25.98,0.0241,54.0965952,FALSE
28-10-1997 08:00,35.2,0.0359,109.181952,FALSE
29-10-1997 08:00,66.82,0.0563,325.0338624,FALSE
31-10-1997 08:00,71.63,0.028,173.287296,FALSE
01-11-1997 08:00,57.42,0.0156,77.3929728,FALSE
03-11-1997 08:00,91.11,0.0284,223.5620736,FALSE
04-11-1997 08:00,77.48,0.0282,188.7784704,FALSE
05-11-1997 08:00,50.4,0.0274,119.314944,FALSE
06-11-1997 08:00,46.19,0.0239,95.3805024,FALSE
07-11-1997 08:00,49.35,0.0213,90.819792,FALSE
11-11-1997 08:00,49.75,0.0081,34.81704,FALSE
12-11-1997 08:00,58.76,0.0246,124.8908544,FALSE
13-11-1997 08:00,36.83,0.0055,17.501616,FALSE
15-11-1997 08:00,37.72,0.0143,46.6038144,FALSE
17-11-1997 08:00,77.23,0.0566,377.6732352,FALSE
18-11-1997 08:00,46.18,0.0128,51.0713856,FALSE
21-11-1997 08:00,28.64,0.0086,21.2806656,FALSE
22-11-1997 08:00,27.88,0.0127,30.5921664,FALSE
24-11-1997 08:00,73.26,0.0916,579.7972224,FALSE
25-11-1997 08:00,37.8,0.0138,45.069696,FALSE
26-11-1997 08:00,42.36,0.0548,200.5627392,FALSE
27-11-1997 08:00,43.6,0.0479,180.441216,FALSE
28-11-1997 08:00,77.06,0.035,233.02944,FALSE
29-11-1997 08:00,43.96,0.0064,24.3081216,FALSE
01-12-1997 08:00,27.98,0.0064,15.4718208,FALSE
02-12-1997 08:00,25.87,0.0081,18.1048608,FALSE
03-12-1997 08:00,23.98,0.0034,7.0443648,FALSE
04-12-1997 08:00,22.48,0.0033,6.4094976,FALSE
05-12-1997 08:00,22.22,0.0082,15.7424256,FALSE
06-12-1997 08:00,24.4,0.007,14.75712,FALSE
08-12-1997 08:00,35.63,0.0177,54.4882464,FALSE
09-12-1997 08:00,23.04,0.0058,11.5458048,FALSE
10-12-1997 08:00,23.02,0.0079,15.7125312,FALSE
11-12-1997 08:00,25.97,0.0068,15.2578944,FALSE
13-12-1997 08:00,18.27,0.009,14.206752,FALSE
15-12-1997 08:00,18.61,0.0168,27.0127872,FALSE
17-12-1997 08:00,16.39,0.021,29.738016,FALSE
18-12-1997 08:00,15.18,0.0078,10.2301056,FALSE
23-12-1997 08:00,25.63,0.0058,12.8437056,FALSE
24-12-1997 08:00,21.66,0.0096,17.9656704,FALSE
26-12-1997 08:00,16.38,0.0039,5.5194048,FALSE
27-12-1997 08:00,14.38,0.0093,11.5546176,FALSE
29-12-1997 08:00,11.85,0.0093,9.521712,FALSE
30-12-1997 08:00,11.8,0.0044,4.485888,FALSE
31-12-1997 08:00,10.93,0.0042,3.9662784,FALSE
01-01-1998 08:00,10.9,0.0053,4.991328,FALSE
02-01-1998 08:00,10.36,0.0049,4.3860096,FALSE
03-01-1998 08:00,10.58,0.0051,4.6619712,FALSE
05-01-1998 08:00,8.894,0.0053,4.07274048,FALSE
06-01-1998 08:00,8.019,0.0063,4.36490208,FALSE
07-01-1998 08:00,7.873,0.0056,3.80927232,FALSE
08-01-1998 08:00,7.444,0.0062,3.98760192,FALSE
09-01-1998 08:00,7.355,0.0058,3.6857376,FALSE
10-01-1998 08:00,7.122,0.0037,2.27676096,FALSE
12-01-1998 08:00,4.053,0.0048,1.68086016,FALSE
13-01-1998 08:00,3.876,0.0049,1.64094336,FALSE
14-01-1998 08:00,3.579,0.0041,1.26782496,FALSE
16-01-1998 08:00,3.114,0.0063,1.69501248,FALSE
17-01-1998 08:00,2.986,0.0051,1.31575104,FALSE
19-01-1998 08:00,2.945,0.0034,0.8651232,FALSE
30-01-1998 08:00,2,0.0023,0.39744,FALSE
02-02-1998 08:00,1.394,0.0016,0.19270656,FALSE
03-02-1998 08:00,0.917,0.0011,0.08715168,FALSE
04-02-1998 08:00,0.688,0.0008,0.04755456,FALSE
05-02-1998 08:00,0.527,0.006,0.2731968,FALSE
06-02-1998 08:00,0.442,0.0005,0.0190944,FALSE
07-02-1998 08:00,0,0,0,TRUE
08-02-1998 08:00,0,0,0,TRUE
09-02-1998 08:00,0,0,0,TRUE
10-02-1998 08:00,0,0,0,TRUE
11-02-1998 08:00,0,0,0,TRUE
12-02-1998 08:00,0,0,0,TRUE
13-02-1998 08:00,0,0,0,TRUE
14-02-1998 08:00,0,0,0,TRUE
15-02-1998 08:00,0,0,0,TRUE
16-02-1998 08:00,0,0,0,TRUE
17-02-1998 08:00,0,0,0,TRUE
18-02-1998 08:00,0,0,0,TRUE
19-02-1998 08:00,0,0,0,TRUE
20-02-1998 08:00,0,0,0,TRUE
21-02-1998 08:00,0,0,0,TRUE
22-02-1998 08:00,0,0,0,TRUE
23-02-1998 08:00,0,0,0,TRUE
24-02-1998 08:00,0,0,0,TRUE
25-02-1998 08:00,0,0,0,TRUE
26-02-1998 08:00,0,0,0,TRUE
27-02-1998 08:00,0,0,0,TRUE
28-02-1998 08:00,0,0,0,TRUE
01-03-1998 08:00,0,0,0,TRUE
02-03-1998 08:00,0,0,0,TRUE
03-03-1998 08:00,0,0,0,TRUE
04-03-1998 08:00,0,0,0,TRUE
05-03-1998 08:00,0,0,0,TRUE
06-03-1998 08:00,0,0,0,TRUE
07-03-1998 08:00,0,0,0,TRUE
08-03-1998 08:00,0,0,0,TRUE
09-03-1998 08:00,0,0,0,TRUE
10-03-1998 08:00,0,0,0,TRUE
11-03-1998 08:00,0,0,0,TRUE
12-03-1998 08:00,0,0,0,TRUE
13-03-1998 08:00,0,0,0,TRUE
14-03-1998 08:00,0,0,0,TRUE
15-03-1998 08:00,0,0,0,TRUE
16-03-1998 08:00,0,0,0,TRUE
17-03-1998 08:00,0,0,0,TRUE
18-03-1998 08:00,0,0,0,TRUE
19-03-1998 08:00,0,0,0,TRUE
20-03-1998 08:00,0,0,0,TRUE
21-03-1998 08:00,0,0,0,TRUE
22-03-1998 08:00,0,0,0,TRUE
23-03-1998 08:00,0,0,0,TRUE
24-03-1998 08:00,0,0,0,TRUE
25-03-1998 08:00,0,0,0,TRUE
26-03-1998 08:00,0,0,0,TRUE
27-03-1998 08:00,0,0,0,TRUE
28-03-1998 08:00,0,0,0,TRUE
29-03-1998 08:00,0,0,0,TRUE
30-03-1998 08:00,0,0,0,TRUE
31-03-1998 08:00,0,0,0,TRUE
01-04-1998 08:00,0,0,0,TRUE
02-04-1998 08:00,0,0,0,TRUE
03-04-1998 08:00,0,0,0,TRUE
04-04-1998 08:00,0,0,0,TRUE
05-04-1998 08:00,0,0,0,TRUE
06-04-1998 08:00,0,0,0,TRUE
07-04-1998 08:00,0,0,0,TRUE
08-04-1998 08:00,0,0,0,TRUE
09-04-1998 08:00,0,0,0,TRUE
10-04-1998 08:00,0,0,0,TRUE
11-04-1998 08:00,0,0,0,TRUE
12-04-1998 08:00,0,0,0,TRUE
13-04-1998 08:00,0,0,0,TRUE
14-04-1998 08:00,0,0,0,TRUE
15-04-1998 08:00,0,0,0,TRUE
16-04-1998 08:00,0,0,0,TRUE
17-04-1998 08:00,0,0,0,TRUE
18-04-1998 08:00,0,0,0,TRUE
19-04-1998 08:00,0,0,0,TRUE
20-04-1998 08:00,0,0,0,TRUE
21-04-1998 08:00,0,0,0,TRUE
22-04-1998 08:00,0,0,0,TRUE
23-04-1998 08:00,0,0,0,TRUE
24-04-1998 08:00,0,0,0,TRUE
25-04-1998 08:00,0,0,0,TRUE
26-04-1998 08:00,0,0,0,TRUE
27-04-1998 08:00,0,0,0,TRUE
28-04-1998 08:00,0,0,0,TRUE
29-04-1998 08:00,0,0,0,TRUE
30-04-1998 08:00,0,0,0,TRUE
01-05-1998 08:00,0,0,0,TRUE
02-05-1998 08:00,0,0,0,TRUE
03-05-1998 08:00,0,0,0,TRUE
04-05-1998 08:00,0,0,0,TRUE
05-05-1998 08:00,0,0,0,TRUE
06-05-1998 08:00,0,0,0,TRUE
07-05-1998 08:00,0,0,0,TRUE
08-05-1998 08:00,0,0,0,TRUE
09-05-1998 08:00,0,0,0,TRUE
10-05-1998 08:00,0,0,0,TRUE
11-05-1998 08:00,0,0,0,TRUE
12-05-1998 08:00,0,0,0,TRUE
13-05-1998 08:00,0,0,0,TRUE
14-05-1998 08:00,0,0,0,TRUE
15-05-1998 08:00,0,0,0,TRUE
16-05-1998 08:00,0,0,0,TRUE
17-05-1998 08:00,0,0,0,TRUE
18-05-1998 08:00,0,0,0,TRUE
19-05-1998 08:00,0,0,0,TRUE
20-05-1998 08:00,0,0,0,TRUE
21-05-1998 08:00,0,0,0,TRUE
22-05-1998 08:00,0,0,0,TRUE
23-05-1998 08:00,0,0,0,TRUE
24-05-1998 08:00,0,0,0,TRUE
25-05-1998 08:00,0,0,0,TRUE
26-05-1998 08:00,0,0,0,TRUE
27-05-1998 08:00,0,0,0,TRUE
28-05-1998 08:00,0,0,0,TRUE
29-05-1998 08:00,0,0,0,TRUE
30-05-1998 08:00,0,0,0,TRUE
31-05-1998 08:00,0,0,0,TRUE
01-06-1998 08:00,0,0,0,TRUE
02-06-1998 08:00,0,0,0,TRUE
03-06-1998 08:00,0,0,0,TRUE
04-06-1998 08:00,0,0,0,TRUE
05-06-1998 08:00,0,0,0,TRUE
06-06-1998 08:00,0,0,0,TRUE
08-06-1998 08:00,7.518,0.0046,2.98795392,FALSE
09-06-1998 08:00,5.416,0.0033,1.54420992,FALSE
10-06-1998 08:00,4.541,0.0022,0.86315328,FALSE
11-06-1998 08:00,12.81,0.008,8.854272,FALSE
12-06-1998 08:00,11.61,0.0086,8.6266944,FALSE
13-06-1998 08:00,23.37,0.009,18.172512,FALSE
15-06-1998 08:00,16.8,0.0093,13.499136,FALSE
16-06-1998 08:00,15.87,0.0088,12.0662784,FALSE
17-06-1998 08:00,24.29,0.0091,19.0977696,FALSE
18-06-1998 08:00,25.9,0.0134,29.985984,FALSE
19-06-1998 08:00,22.56,0.0066,12.8646144,FALSE
20-06-1998 08:00,79.63,0.0255,175.440816,FALSE
22-06-1998 08:00,46.34,0.016,64.060416,FALSE
23-06-1998 08:00,47.89,0.015,62.06544,FALSE
24-06-1998 08:00,73.56,0.0302,191.9386368,FALSE
25-06-1998 08:00,54.99,0.0174,82.6697664,FALSE
27-06-1998 08:00,160.8,0.0175,243.1296,FALSE
29-06-1998 08:00,328.9,0.0155,440.46288,FALSE
30-06-1998 08:00,182.4,0.007,110.31552,FALSE
01-07-1998 08:00,116.3,0.0093,93.449376,FALSE
02-07-1998 08:00,88.76,0.0113,86.6581632,FALSE
03-07-1998 08:00,84.47,0.0119,86.8486752,FALSE
04-07-1998 08:00,147.5,0.0173,220.4712,FALSE
06-07-1998 08:00,81.45,0.0135,95.00328,FALSE
08-07-1998 08:00,60.61,0.0085,44.511984,FALSE
09-07-1998 08:00,48.44,0.0099,41.4336384,FALSE
10-07-1998 08:00,78.9,0.0163,111.116448,FALSE
11-07-1998 08:00,93.2,0.0277,223.053696,FALSE
13-07-1998 08:00,216.1,0.0409,763.645536,FALSE
18-07-1998 08:00,133.6,0.0169,195.077376,FALSE
20-07-1998 08:00,97.14,0.011,92.321856,FALSE
21-07-1998 08:00,80.94,0.0087,60.8409792,FALSE
22-07-1998 08:00,70.26,0.0089,54.0271296,FALSE
24-07-1998 08:00,70.4,0.015,91.2384,FALSE
25-07-1998 09:00,136.8,0.043,508.23936,FALSE
27-07-1998 08:00,85.95,0.0137,101.737296,FALSE
28-07-1998 08:00,128.6,0.0638,708.884352,FALSE
29-07-1998 08:00,204.4,0.0298,526.272768,FALSE
30-07-1998 08:00,143,0.0219,270.57888,FALSE
31-07-1998 08:00,117.8,0.0169,172.006848,FALSE
03-08-1998 08:00,191,0.0796,1313.59104,FALSE
04-08-1998 08:00,111.1,0.0184,176.622336,FALSE
05-08-1998 08:30,233.8,0.0114,230.283648,FALSE
06-08-1998 08:00,110,0.0519,493.2576,FALSE
07-08-1998 08:00,96.05,0.0105,87.13656,FALSE
08-08-1998 08:00,157.7,0.0197,268.418016,FALSE
10-08-1998 08:00,126.7,0.0139,152.161632,FALSE
11-08-1998 08:00,145.7,0.0279,351.218592,FALSE
12-08-1998 08:00,243.5,0.0526,1106.61984,FALSE
13-08-1998 08:00,171,0.0114,168.42816,FALSE
14-08-1998 08:00,127.5,0.0089,98.0424,FALSE
17-08-1998 08:00,79,0.0097,66.20832,FALSE
18-08-1998 08:00,70.49,0.0058,35.3239488,FALSE
19-08-1998 08:00,88.23,0.0076,57.9353472,FALSE
20-08-1998 08:00,65.96,0.0088,50.1507072,FALSE
21-08-1998 08:00,68.22,0.0074,43.6171392,FALSE
22-08-1998 08:00,115.5,0.0092,91.80864,FALSE
24-08-1998 08:00,217.2,0.0574,1077.172992,FALSE
26-08-1998 08:00,100.1,0.0092,79.567488,FALSE
27-08-1998 08:00,75.87,0.0062,40.6420416,FALSE
28-08-1998 08:00,57.94,0.0065,32.539104,FALSE
29-08-1998 08:00,51.36,0.0061,27.0687744,FALSE
31-08-1998 08:00,46.99,0.008,32.479488,FALSE
01-09-1998 08:00,108.5,0.0575,539.028,FALSE
02-09-1998 08:00,54.75,0.0205,96.9732,FALSE
03-09-1998 08:00,43.75,0.0186,70.308,FALSE
05-09-1998 08:00,104.8,0.0091,82.397952,FALSE
07-09-1998 08:00,92.44,0.0465,371.386944,FALSE
08-09-1998 08:00,75.7,0.0087,56.902176,FALSE
10-09-1998 08:00,269.5,0.0169,393.51312,FALSE
11-09-1998 08:00,155.4,0.0102,136.950912,FALSE
12-09-1998 08:00,102.5,0.0099,87.6744,FALSE
14-09-1998 08:00,227.9,0.0993,1955.272608,FALSE
15-09-1998 08:00,131.9,0.0146,166.383936,FALSE
16-09-1998 08:00,145.9,0.0137,172.698912,FALSE
17-09-1998 08:00,115.1,0.0079,78.562656,FALSE
18-09-1998 08:00,84.52,0.0063,46.0059264,FALSE
19-09-1998 08:00,74.22,0.0053,33.9868224,FALSE
21-09-1998 08:00,56.56,0.006,29.320704,FALSE
22-09-1998 08:00,46.07,0.0058,23.0865984,FALSE
23-09-1998 08:00,84.94,0.0191,140.1713856,FALSE
24-09-1998 08:00,103.4,0.0179,159.914304,FALSE
25-09-1998 08:00,75.74,0.0138,90.3063168,FALSE
26-09-1998 08:00,99.7,0.1123,967.361184,FALSE
28-09-1998 08:00,54.72,0.0085,40.186368,FALSE
29-09-1998 08:00,147.5,0.0586,746.7984,FALSE
03-10-1998 08:00,53.34,0.009,41.477184,FALSE
05-10-1998 08:00,46.73,0.0204,82.3644288,FALSE
06-10-1998 08:00,45.6,0.0179,70.523136,FALSE
07-10-1998 08:00,46.63,0.0199,80.1737568,FALSE
08-10-1998 08:00,43.03,0.0105,39.036816,FALSE
09-10-1998 08:00,54.86,0.0136,64.4626944,FALSE
10-10-1998 08:00,52.87,0.0139,63.4947552,FALSE
12-10-1998 08:00,377.3,0.0218,710.652096,FALSE
13-10-1998 08:00,270.1,0.0141,329.046624,FALSE
14-10-1998 08:00,251.8,0.0485,1055.14272,FALSE
15-10-1998 08:00,291.1,0.0259,651.411936,FALSE
16-10-1998 08:00,150.8,0.0305,397.38816,FALSE
17-10-1998 08:00,96.63,0.0118,98.5162176,FALSE
20-10-1998 08:00,61.98,0.0083,44.4470976,FALSE
21-10-1998 08:00,53.7,0.0084,38.973312,FALSE
22-10-1998 08:00,44.67,0.008,30.875904,FALSE
23-10-1998 08:00,42.5,0.0074,27.1728,FALSE
24-10-1998 08:00,36.7,0.005,15.8544,FALSE
26-10-1998 08:00,44.21,0.0297,113.4463968,FALSE
27-10-1998 08:00,53.2,0.0926,425.634048,FALSE
28-10-1998 08:00,51.15,0.0641,283.280976,FALSE
29-10-1998 08:00,75.49,0.1176,767.0267136,FALSE
30-10-1998 08:00,67.55,0.0837,488.499984,FALSE
31-10-1998 08:00,42.51,0.0121,44.4416544,FALSE
02-11-1998 08:00,43.57,0.0697,262.3820256,FALSE
03-11-1998 08:00,37.84,0.011,35.963136,FALSE
05-11-1998 08:00,33.41,0.0096,27.7115904,FALSE
06-11-1998 08:00,45.3,0.0077,30.137184,FALSE
07-11-1998 08:00,32.41,0.0069,19.3215456,FALSE
09-11-1998 08:00,68.14,0.0493,290.2436928,FALSE
10-11-1998 08:00,87.98,0.0486,369.4315392,FALSE
11-11-1998 08:00,121.8,0.0912,959.745024,FALSE
12-11-1998 08:00,52.98,0.0156,71.4085632,FALSE
13-11-1998 08:00,42.9,0.0137,50.779872,FALSE
14-11-1998 08:00,50.33,0.0129,56.0958048,FALSE
16-11-1998 08:00,36.81,0.0119,37.8465696,FALSE
17-11-1998 08:00,25.9,0.0065,14.54544,FALSE
18-11-1998 08:00,23.38,0.0063,12.7262016,FALSE
19-11-1998 08:00,22.64,0.0113,22.1038848,FALSE
20-11-1998 08:00,20.54,0.0039,6.9211584,FALSE
21-11-1998 08:00,19.35,0.0068,11.368512,FALSE
23-11-1998 08:00,15.81,0.0032,4.3711488,FALSE
24-11-1998 08:00,15.73,0.0039,5.3003808,FALSE
25-11-1998 08:00,14.77,0.0062,7.9119936,FALSE
26-11-1998 08:00,14.13,0.006,7.324992,FALSE
27-11-1998 08:00,13.57,0.0025,2.93112,FALSE
28-11-1998 08:00,16.48,0.0038,5.4107136,FALSE
30-11-1998 08:00,12.87,0.0058,6.4494144,FALSE
01-12-1998 08:00,39.85,0.0294,101.225376,FALSE
02-12-1998 08:00,16.09,0.0093,12.9286368,FALSE
03-12-1998 08:00,14.07,0.006,7.293888,FALSE
04-12-1998 08:00,12.86,0.0056,6.2221824,FALSE
05-12-1998 08:00,11.85,0.0036,3.685824,FALSE
07-12-1998 08:00,12.91,0.0037,4.1270688,FALSE
08-12-1998 08:00,12.15,0.0047,4.933872,FALSE
09-12-1998 08:00,12.68,0.0053,5.8064256,FALSE
10-12-1998 08:00,15.57,0.0093,12.5108064,FALSE
11-12-1998 08:00,12.61,0.0087,9.4786848,FALSE
12-12-1998 08:00,12.05,0.0093,9.682416,FALSE
30-12-1998 08:00,4.723,0.0058,2.36678976,FALSE
31-12-1998 08:00,4.622,0.0057,2.27624256,FALSE
04-01-1999 08:00,4.041,0.005,1.745712,FALSE
05-01-1999 08:00,3.947,0.0069,2.35304352,FALSE
06-01-1999 08:00,3.781,0.006,1.9600704,FALSE
07-01-1999 08:00,3.683,0.0071,2.25929952,FALSE
08-01-1999 08:00,3.544,0.0043,1.31666688,FALSE
09-01-1999 08:00,3.444,0.0042,1.24975872,FALSE
11-01-1999 08:00,3.21,0.0027,0.7488288,FALSE
12-01-1999 08:00,2.712,0.0038,0.89040384,FALSE
13-01-1999 08:00,2.568,0.0036,0.79875072,FALSE
27-01-1999 08:00,1.471,0.0021,0.26689824,FALSE
28-01-1999 08:00,0.857,0.0012,0.08885376,FALSE
29-01-1999 08:00,0.741,0.001,0.0640224,FALSE
30-01-1999 08:00,0.474,0.0006,0.02457216,FALSE
01-02-1999 08:00,0,0,0,TRUE
02-02-1999 08:00,0,0,0,TRUE
03-02-1999 08:00,0,0,0,TRUE
04-02-1999 08:00,0,0,0,TRUE
05-02-1999 08:00,0,0,0,TRUE
06-02-1999 08:00,0,0,0,TRUE
07-02-1999 08:00,0,0,0,TRUE
08-02-1999 08:00,0,0,0,TRUE
09-02-1999 08:00,0,0,0,TRUE
10-02-1999 08:00,0,0,0,TRUE
11-02-1999 08:00,0,0,0,TRUE
12-02-1999 08:00,0,0,0,TRUE
13-02-1999 08:00,0,0,0,TRUE
14-02-1999 08:00,0,0,0,TRUE
15-02-1999 08:00,0,0,0,TRUE
16-02-1999 08:00,0,0,0,TRUE
17-02-1999 08:00,0,0,0,TRUE
18-02-1999 08:00,0,0,0,TRUE
19-02-1999 08:00,0,0,0,TRUE
20-02-1999 08:00,0,0,0,TRUE
21-02-1999 08:00,0,0,0,TRUE
22-02-1999 08:00,0,0,0,TRUE
23-02-1999 08:00,0,0,0,TRUE
24-02-1999 08:00,0,0,0,TRUE
25-02-1999 08:00,0,0,0,TRUE
26-02-1999 08:00,0,0,0,TRUE
27-02-1999 08:00,0,0,0,TRUE
28-02-1999 08:00,0,0,0,TRUE
01-03-1999 08:00,0,0,0,TRUE
02-03-1999 08:00,0,0,0,TRUE
03-03-1999 08:00,0,0,0,TRUE
04-03-1999 08:00,0,0,0,TRUE
05-03-1999 08:00,0,0,0,TRUE
06-03-1999 08:00,0,0,0,TRUE
07-03-1999 08:00,0,0,0,TRUE
08-03-1999 08:00,0,0,0,TRUE
09-03-1999 08:00,0,0,0,TRUE
10-03-1999 08:00,0,0,0,TRUE
11-03-1999 08:00,0,0,0,TRUE
12-03-1999 08:00,0,0,0,TRUE
13-03-1999 08:00,0,0,0,TRUE
14-03-1999 08:00,0,0,0,TRUE
15-03-1999 08:00,0,0,0,TRUE
16-03-1999 08:00,0,0,0,TRUE
17-03-1999 08:00,0,0,0,TRUE
18-03-1999 08:00,0,0,0,TRUE
19-03-1999 08:00,0,0,0,TRUE
20-03-1999 08:00,0,0,0,TRUE
21-03-1999 08:00,0,0,0,TRUE
22-03-1999 08:00,0,0,0,TRUE
23-03-1999 08:00,0,0,0,TRUE
24-03-1999 08:00,0,0,0,TRUE
25-03-1999 08:00,0,0,0,TRUE
26-03-1999 08:00,0,0,0,TRUE
27-03-1999 08:00,0,0,0,TRUE
28-03-1999 08:00,0,0,0,TRUE
29-03-1999 08:00,0,0,0,TRUE
30-03-1999 08:00,0,0,0,TRUE
31-03-1999 08:00,0,0,0,TRUE
01-04-1999 08:00,0,0,0,TRUE
02-04-1999 08:00,0,0,0,TRUE
03-04-1999 08:00,0,0,0,TRUE
04-04-1999 08:00,0,0,0,TRUE
05-04-1999 08:00,0,0,0,TRUE
06-04-1999 08:00,0,0,0,TRUE
07-04-1999 08:00,0,0,0,TRUE
08-04-1999 08:00,0,0,0,TRUE
09-04-1999 08:00,0,0,0,TRUE
10-04-1999 08:00,0,0,0,TRUE
11-04-1999 08:00,0,0,0,TRUE
12-04-1999 08:00,0,0,0,TRUE
13-04-1999 08:00,0,0,0,TRUE
14-04-1999 08:00,0,0,0,TRUE
15-04-1999 08:00,0,0,0,TRUE
16-04-1999 08:00,0,0,0,TRUE
17-04-1999 08:00,0,0,0,TRUE
18-04-1999 08:00,0,0,0,TRUE
19-04-1999 08:00,0,0,0,TRUE
20-04-1999 08:00,0,0,0,TRUE
21-04-1999 08:00,0,0,0,TRUE
22-04-1999 08:00,0,0,0,TRUE
23-04-1999 08:00,0,0,0,TRUE
24-04-1999 08:00,0,0,0,TRUE
25-04-1999 08:00,0,0,0,TRUE
26-04-1999 08:00,0,0,0,TRUE
27-04-1999 08:00,0,0,0,TRUE
28-04-1999 08:00,0,0,0,TRUE
29-04-1999 08:00,0,0,0,TRUE
30-04-1999 08:00,0,0,0,TRUE
03-05-1999 08:00,0,0,0,TRUE
04-05-1999 08:00,0,0,0,TRUE
05-05-1999 08:00,0,0,0,TRUE
13-05-1999 08:00,4.565,0.0066,2.6031456,FALSE
14-05-1999 08:00,5.758,0.0034,1.69147008,FALSE
15-05-1999 08:00,5.558,0.0053,2.54511936,FALSE
17-05-1999 08:00,4.908,0.0054,2.28987648,FALSE
18-05-1999 08:00,4.175,0.0033,1.190376,FALSE
19-05-1999 08:00,3.975,0.0036,1.236384,FALSE
11-06-1999 08:00,152,0.0199,261.34272,FALSE
12-06-1999 08:00,155.2,0.0163,218.571264,FALSE
14-06-1999 08:00,183,0.016,252.9792,FALSE
15-06-1999 08:00,139.1,0.0165,198.30096,FALSE
16-06-1999 08:00,143.5,0.0597,740.18448,FALSE
17-06-1999 08:00,116.7,0.0155,156.28464,FALSE
18-06-1999 08:00,88.76,0.0066,50.6145024,FALSE
19-06-1999 08:00,146.5,0.0213,269.60688,FALSE
21-06-1999 08:00,105,0.0248,224.9856,FALSE
22-06-1999 08:00,83.87,0.0176,127.5360768,FALSE
23-06-1999 08:00,66.17,0.0117,66.8899296,FALSE
24-06-1999 08:00,54.83,0.0084,39.7934208,FALSE
25-06-1999 08:00,48.58,0.0084,35.2574208,FALSE
29-06-1999 08:00,23.92,0.0074,15.2934912,FALSE
30-06-1999 08:00,21.68,0.0092,17.2329984,FALSE
01-07-1999 08:00,17.98,0.0089,13.8259008,FALSE
02-07-1999 08:00,17.49,0.0107,16.1691552,FALSE
03-07-1999 08:00,18.13,0.0088,13.7846016,FALSE
05-07-1999 08:30,123.7,0.0373,398.650464,FALSE
06-07-1999 08:00,78.49,0.0182,123.4239552,FALSE
07-07-1999 08:00,118.2,0.0457,466.710336,FALSE
08-07-1999 08:00,64.84,0.0159,89.0745984,FALSE
09-07-1999 08:00,110.7,0.0075,71.7336,FALSE
10-07-1999 08:00,75.28,0.0068,44.2285056,FALSE
12-07-1999 08:00,59.84,0.0071,36.7082496,FALSE
14-07-1999 08:00,68.45,0.0069,40.807152,FALSE
15-07-1999 08:00,53.3,0.0083,38.222496,FALSE
16-07-1999 08:00,68.95,0.0196,116.762688,FALSE
17-07-1999 08:00,182,0.0311,489.04128,FALSE
19-07-1999 08:00,229.4,0.0256,507.396096,FALSE
20-07-1999 08:00,167,0.0209,301.56192,FALSE
21-07-1999 08:00,121,0.0267,279.13248,FALSE
22-07-1999 08:00,116.1,0.0152,152.471808,FALSE
23-07-1999 08:00,129,0.0203,226.25568,FALSE
24-07-1999 08:00,132.5,0.0139,159.1272,FALSE
26-07-1999 08:00,140.6,0.0305,370.50912,FALSE
27-07-1999 08:00,227.7,0.0359,706.270752,FALSE
28-07-1999 08:00,136,0.023,270.2592,FALSE
29-07-1999 08:00,278.4,0.0811,1950.759936,FALSE
30-07-1999 09:30,153.5,0.0198,262.59552,FALSE
31-07-1999 09:00,303.8,0.0658,1727.139456,FALSE
02-08-1999 08:00,169.9,0.0234,343.497024,FALSE
03-08-1999 08:00,114.7,0.0118,116.938944,FALSE
04-08-1999 08:00,108.4,0.0237,221.968512,FALSE
05-08-1999 08:00,82.95,0.0091,65.218608,FALSE
06-08-1999 08:00,105.6,0.0274,249.993216,FALSE
07-08-1999 08:00,67.15,0.0192,111.393792,FALSE
09-08-1999 08:00,55.3,0.0208,99.380736,FALSE
10-08-1999 08:00,74.03,0.0214,136.8785088,FALSE
11-08-1999 08:00,61.68,0.0336,179.0595072,FALSE
12-08-1999 08:00,63.79,0.0177,97.5527712,FALSE
13-08-1999 08:00,53.98,0.0094,43.8403968,FALSE
14-08-1999 08:00,56.85,0.0162,79.571808,FALSE
16-08-1999 08:00,53.37,0.0385,177.529968,FALSE
17-08-1999 08:00,51.49,0.0348,154.8160128,FALSE
18-08-1999 08:00,63.31,0.1181,646.0051104,FALSE
19-08-1999 08:00,56.7,0.0548,268.458624,FALSE
20-08-1999 08:00,50.71,0.0297,130.1259168,FALSE
21-08-1999 08:00,46.39,0.0101,40.4817696,FALSE
23-08-1999 08:00,38.05,0.0089,29.258928,FALSE
24-08-1999 08:00,41.69,0.0081,29.1763296,FALSE
26-08-1999 08:00,46.71,0.0405,163.447632,FALSE
27-08-1999 08:00,45.9,0.0347,137.611872,FALSE
28-08-1999 08:00,45.37,0.023,90.159264,FALSE
30-08-1999 08:00,37.61,0.0159,51.6671136,FALSE
31-08-1999 08:00,39.81,0.0167,57.4410528,FALSE
01-09-1999 08:00,35.73,0.015,46.30608,FALSE
02-09-1999 08:00,45.46,0.0127,49.8823488,FALSE
04-09-1999 08:00,40.07,0.0089,30.8122272,FALSE
06-09-1999 08:00,36.48,0.0084,26.4757248,FALSE
07-09-1999 08:00,47.01,0.032,129.973248,FALSE
09-09-1999 09:00,32.26,0.0173,48.2196672,FALSE
10-09-1999 08:00,25.95,0.0181,40.581648,FALSE
13-09-1999 08:00,27.21,0.0299,70.2932256,FALSE
14-09-1999 08:00,28.73,0.0313,77.6951136,FALSE
15-09-1999 08:00,21.36,0.0239,44.1075456,FALSE
16-09-1999 08:00,20.79,0.0159,28.5604704,FALSE
17-09-1999 08:00,19.41,0.0113,18.9503712,FALSE
18-09-1999 08:00,18.62,0.011,17.696448,FALSE
20-09-1999 08:00,16.36,0.0098,13.8523392,FALSE
21-09-1999 08:00,15.52,0.0083,11.1297024,FALSE
22-09-1999 08:00,15.16,0.0079,10.3476096,FALSE
23-09-1999 08:00,12.91,0.0074,8.2541376,FALSE
24-09-1999 08:00,11.86,0.0065,6.660576,FALSE
25-09-1999 08:00,11.45,0.0062,6.133536,FALSE
27-09-1999 08:00,25.43,0.02,43.94304,FALSE
28-09-1999 08:00,16.35,0.0172,24.297408,FALSE
29-09-1999 08:00,58.12,0.0223,111.9809664,FALSE
30-09-1999 08:00,28.3,0.0283,69.196896,FALSE
01-10-1999 08:00,42.22,0.0349,127.3084992,FALSE
04-10-1999 08:00,66.31,0.0239,136.9274976,FALSE
05-10-1999 08:00,135,0.0761,887.6304,FALSE
06-10-1999 08:00,116.3,0.0645,648.11664,FALSE
07-10-1999 08:00,90.93,0.1091,857.1280032,FALSE
08-10-1999 08:00,60.64,0.0458,239.9597568,FALSE
09-10-1999 08:00,109.4,0.0452,427.237632,FALSE
11-10-1999 08:00,47.31,0.0103,42.1021152,FALSE
12-10-1999 08:00,57.54,0.0333,165.5494848,FALSE
13-10-1999 08:00,54.37,0.0086,40.3990848,FALSE
14-10-1999 08:00,52.34,0.0067,30.2985792,FALSE
15-10-1999 08:00,58.22,0.0394,198.1901952,FALSE
16-10-1999 08:00,60.37,0.0272,141.8743296,FALSE
18-10-1999 08:00,244.4,0.0948,2001.811968,FALSE
19-10-1999 08:00,299.1,0.053,1369.63872,FALSE
21-10-1999 08:00,213.9,0.0497,918.503712,FALSE
22-10-1999 08:00,106.9,0.0092,84.972672,FALSE
23-10-1999 08:00,99.29,0.0156,133.8270336,FALSE
25-10-1999 08:00,191,0.0605,998.3952,FALSE
26-10-1999 08:00,142.8,0.0372,458.970624,FALSE
28-10-1999 08:00,120.3,0.1154,1199.458368,FALSE
29-10-1999 08:00,100.4,0.0165,143.13024,FALSE
30-10-1999 08:00,103.5,0.0363,324.60912,FALSE
01-11-1999 08:00,63.49,0.0105,57.598128,FALSE
02-11-1999 08:00,55.55,0.0089,42.715728,FALSE
03-11-1999 08:00,48.65,0.0084,35.308224,FALSE
04-11-1999 08:00,46.68,0.0077,31.0552704,FALSE
05-11-1999 08:00,45.14,0.0104,40.5609984,FALSE
06-11-1999 08:00,39.42,0.0078,26.5659264,FALSE
08-11-1999 08:00,27.45,0.0072,17.076096,FALSE
09-11-1999 08:00,25.82,0.0075,16.73136,FALSE
10-11-1999 08:00,21.46,0.0055,10.197792,FALSE
11-11-1999 08:00,19.46,0.0066,11.0968704,FALSE
12-11-1999 08:00,19.16,0.0055,9.104832,FALSE
13-11-1999 08:00,18.11,0.0058,9.0752832,FALSE
16-11-1999 08:00,18.52,0.0078,12.4809984,FALSE
17-11-1999 08:00,16.18,0.0058,8.1081216,FALSE
18-11-1999 08:00,15.52,0.0047,6.3023616,FALSE
19-11-1999 08:00,14.03,0.0046,5.5760832,FALSE
20-11-1999 08:00,22.84,0.0068,13.4189568,FALSE
29-11-1999 08:00,15.21,0.0051,6.7021344,FALSE
30-11-1999 08:00,13.61,0.0055,6.467472,FALSE
01-12-1999 08:00,10.3,0.0061,5.428512,FALSE
02-12-1999 08:00,9.2,0.0057,4.530816,FALSE
03-12-1999 08:00,9.1,0.0056,4.402944,FALSE
04-12-1999 08:00,9.837,0.005,4.249584,FALSE
06-12-1999 08:00,7.446,0.0051,3.28100544,FALSE
07-12-1999 08:00,6.275,0.0054,2.927664,FALSE
08-12-1999 08:00,5.86,0.0077,3.8985408,FALSE
09-12-1999 08:00,5.05,0.0079,3.446928,FALSE
10-12-1999 08:00,4.977,0.007,3.0100896,FALSE
11-12-1999 08:00,4.726,0.0059,2.40912576,FALSE
13-12-1999 08:00,4.9,0.0059,2.497824,FALSE
14-12-1999 08:00,4.9,0.006,2.54016,FALSE
15-12-1999 08:00,4.7,0.0043,1.746144,FALSE
17-12-1999 08:00,4.5,0.0053,2.06064,FALSE
18-12-1999 08:00,3.8,0.0054,1.772928,FALSE
20-12-1999 08:00,3.6,0.0043,1.337472,FALSE
21-12-1999 08:00,3.35,0.0047,1.360368,FALSE
22-12-1999 08:00,3.2,0.0059,1.631232,FALSE
23-12-1999 08:00,3.663,0.0099,3.13318368,FALSE
24-12-1999 08:00,3.034,0.0079,2.07088704,FALSE
27-12-1999 08:00,2.66,0.0049,1.1261376,FALSE
28-12-1999 08:00,2.735,0.0101,2.3866704,FALSE
29-12-1999 08:00,2.484,0.0108,2.31787008,FALSE
30-12-1999 08:00,2.373,0.0074,1.51720128,FALSE
01-01-2000 08:00,2.393,0.0058,1.19918016,FALSE
03-01-2000 08:00,2.314,0.0044,0.87969024,FALSE
04-01-2000 08:00,2.228,0.0041,0.78924672,FALSE
05-01-2000 08:00,2.279,0.0033,0.64978848,FALSE
06-01-2000 08:00,2.108,0.0053,0.96529536,FALSE
07-01-2000 08:00,1.92,0.0043,0.7133184,FALSE
10-01-2000 08:00,1.787,0.002,0.3087936,FALSE
11-01-2000 08:00,1.744,0.0028,0.42190848,FALSE
12-01-2000 08:00,1.45,0.0028,0.350784,FALSE
13-01-2000 08:00,1.538,0.0021,0.27905472,FALSE
15-01-2000 08:00,1.415,0.0018,0.2200608,FALSE
17-01-2000 08:00,1.235,0.0022,0.2347488,FALSE
18-01-2000 08:00,1.307,0.0038,0.42911424,FALSE
19-01-2000 08:00,1.132,0.0029,0.28363392,FALSE
20-01-2000 08:00,1.031,0.0027,0.24051168,FALSE
21-01-2000 08:00,0.966,0.0023,0.19196352,FALSE
22-01-2000 08:00,0.913,0.0026,0.20509632,FALSE
24-01-2000 08:00,0.812,0.0022,0.15434496,FALSE
25-01-2000 08:00,0.784,0.0021,0.14224896,FALSE
27-01-2000 08:00,0.611,0.0016,0.08446464,FALSE
28-01-2000 08:00,0.589,0.0016,0.08142336,FALSE
29-01-2000 08:00,0.356,0.001,0.0307584,FALSE
31-01-2000 08:00,0.263,0.0007,0.01590624,FALSE
01-02-2000 08:00,0,0,0,TRUE
02-02-2000 08:00,0,0,0,TRUE
03-02-2000 08:00,0,0,0,TRUE
04-02-2000 08:00,0,0,0,TRUE
05-02-2000 08:00,0,0,0,TRUE
06-02-2000 08:00,0,0,0,TRUE
07-02-2000 08:00,0,0,0,TRUE
08-02-2000 08:00,0,0,0,TRUE
09-02-2000 08:00,0,0,0,TRUE
10-02-2000 08:00,0,0,0,TRUE
11-02-2000 08:00,0,0,0,TRUE
12-02-2000 08:00,0,0,0,TRUE
13-02-2000 08:00,0,0,0,TRUE
14-02-2000 08:00,0,0,0,TRUE
15-02-2000 08:00,0,0,0,TRUE
16-02-2000 08:00,0,0,0,TRUE
17-02-2000 08:00,0,0,0,TRUE
18-02-2000 08:00,0,0,0,TRUE
19-02-2000 08:00,0,0,0,TRUE
20-02-2000 08:00,0,0,0,TRUE
21-02-2000 08:00,0,0,0,TRUE
22-02-2000 08:00,0,0,0,TRUE
23-02-2000 08:00,0,0,0,TRUE
24-02-2000 08:00,0,0,0,TRUE
25-02-2000 08:00,0,0,0,TRUE
26-02-2000 08:00,0,0,0,TRUE
27-02-2000 08:00,0,0,0,TRUE
28-02-2000 08:00,0,0,0,TRUE
29-02-2000 08:00,0,0,0,TRUE
01-03-2000 08:00,0,0,0,TRUE
02-03-2000 08:00,0,0,0,TRUE
03-03-2000 08:00,0,0,0,TRUE
04-03-2000 08:00,0,0,0,TRUE
05-03-2000 08:00,0,0,0,TRUE
06-03-2000 08:00,0,0,0,TRUE
07-03-2000 08:00,0,0,0,TRUE
08-03-2000 08:00,0,0,0,TRUE
09-03-2000 08:00,0,0,0,TRUE
10-03-2000 08:00,0,0,0,TRUE
11-03-2000 08:00,0,0,0,TRUE
12-03-2000 08:00,0,0,0,TRUE
13-03-2000 08:00,0,0,0,TRUE
14-03-2000 08:00,0,0,0,TRUE
15-03-2000 08:00,0,0,0,TRUE
16-03-2000 08:00,0,0,0,TRUE
17-03-2000 08:00,0,0,0,TRUE
18-03-2000 08:00,0,0,0,TRUE
19-03-2000 08:00,0,0,0,TRUE
20-03-2000 08:00,0,0,0,TRUE
21-03-2000 08:00,0,0,0,TRUE
22-03-2000 08:00,0,0,0,TRUE
23-03-2000 08:00,0,0,0,TRUE
24-03-2000 08:00,0,0,0,TRUE
25-03-2000 08:00,0,0,0,TRUE
26-03-2000 08:00,0,0,0,TRUE
27-03-2000 08:00,0,0,0,TRUE
28-03-2000 08:00,0,0,0,TRUE
29-03-2000 08:00,0,0,0,TRUE
30-03-2000 08:00,0,0,0,TRUE
31-03-2000 08:00,0,0,0,TRUE
01-04-2000 08:00,0,0,0,TRUE
02-04-2000 08:00,0,0,0,TRUE
03-04-2000 08:00,0,0,0,TRUE
04-04-2000 08:00,0,0,0,TRUE
05-04-2000 08:00,0,0,0,TRUE
06-04-2000 08:00,0,0,0,TRUE
07-04-2000 08:00,0,0,0,TRUE
08-04-2000 08:00,0,0,0,TRUE
09-04-2000 08:00,0,0,0,TRUE
10-04-2000 08:00,0,0,0,TRUE
11-04-2000 08:00,0,0,0,TRUE
12-04-2000 08:00,0,0,0,TRUE
13-04-2000 08:00,0,0,0,TRUE
14-04-2000 08:00,0,0,0,TRUE
15-04-2000 08:00,0,0,0,TRUE
16-04-2000 08:00,0,0,0,TRUE
17-04-2000 08:00,0,0,0,TRUE
18-04-2000 08:00,0,0,0,TRUE
19-04-2000 08:00,0,0,0,TRUE
20-04-2000 08:00,0,0,0,TRUE
22-04-2000 08:00,5.122,0.0036,1.59314688,FALSE
24-04-2000 08:00,2.327,0.0048,0.96505344,FALSE
25-04-2000 08:00,2.342,0.0039,0.78916032,FALSE
26-04-2000 08:00,2.403,0.0035,0.7266672,FALSE
27-04-2000 08:00,2.196,0.0031,0.58817664,FALSE
28-04-2000 08:00,1.39,0.0021,0.2522016,FALSE
29-04-2000 08:00,1.113,0.0023,0.22117536,FALSE
30-04-2000 08:00,1.15,0.0023,0.228528,FALSE
02-05-2000 08:00,0.963,0.002,0.1664064,FALSE
03-05-2000 08:00,0.633,0.0013,0.07109856,FALSE
04-05-2000 08:00,0.854,0.0018,0.13281408,FALSE
05-05-2000 08:00,1.332,0.0028,0.32223744,FALSE
06-05-2000 08:00,0.94,0.0019,0.1543104,FALSE
08-05-2000 08:00,0.889,0.0018,0.13825728,FALSE
09-05-2000 08:00,1.006,0.0021,0.18252864,FALSE
10-05-2000 08:00,0.99,0.002,0.171072,FALSE
11-05-2000 08:00,2.559,0.0053,1.17181728,FALSE
12-05-2000 08:00,2.942,0.0061,1.55055168,FALSE
13-05-2000 08:00,2.362,0.0049,0.99997632,FALSE
15-05-2000 08:00,0.945,0.002,0.163296,FALSE
16-05-2000 08:00,0.855,0.0018,0.1329696,FALSE
17-05-2000 08:00,0.625,0.0013,0.0702,FALSE
19-05-2000 08:00,6.8,0.0374,21.973248,FALSE
20-05-2000 08:00,2.9,0.0032,0.801792,FALSE
22-05-2000 08:00,1.48,0.0031,0.3964032,FALSE
23-05-2000 08:00,1.508,0.0031,0.40390272,FALSE
24-05-2000 08:00,1.372,0.0028,0.33191424,FALSE
25-05-2000 08:00,1.047,0.0022,0.19901376,FALSE
26-05-2000 08:00,2.564,0.0053,1.17410688,FALSE
27-05-2000 08:00,2.943,0.0061,1.55107872,FALSE
29-05-2000 08:00,4.938,0.0102,4.35176064,FALSE
30-05-2000 08:00,3.285,0.0068,1.9300032,FALSE
31-05-2000 08:00,2,0.0039,0.67392,FALSE
02-06-2000 08:45,24.63068,0.0158,33.62383388,FALSE
03-06-2000 08:45,23.70888,0.0221,45.27068383,FALSE
05-06-2000 08:45,18.653688,0.0151,24.33634751,FALSE
06-06-2000 09:45,89.76305,0.1319,1022.95408,FALSE
07-06-2000 08:45,115.16292,0.017,169.1512969,FALSE
08-06-2000 08:45,134.8722,0.0235,273.8445149,FALSE
09-06-2000 08:45,72.964554,0.0291,183.4504002,FALSE
10-06-2000 08:45,96.56803,0.0248,206.9182492,FALSE
12-06-2000 08:45,79.356476,0.0342,234.4888638,FALSE
13-06-2000 08:45,81.453316,0.0865,608.7495025,FALSE
14-06-2000 08:45,64.02928,0.023,127.2389852,FALSE
17-06-2000 08:45,81.06988,0.0456,319.402356,FALSE
19-06-2000 08:45,88.585175,0.0517,395.6993465,FALSE
20-06-2000 08:45,76.447174,0.0162,107.0015805,FALSE
21-06-2000 08:45,89.03915,0.0428,329.2596536,FALSE
22-06-2000 08:45,75.225586,0.0383,248.9304911,FALSE
23-06-2000 08:45,75.11651,0.0187,121.3642429,FALSE
24-06-2000 08:45,66.77901,0.0107,61.73585916,FALSE
26-06-2000 08:45,49.53635,0.0081,34.66751918,FALSE
27-06-2000 08:45,133.94768,0.0777,899.2282812,FALSE
28-06-2000 08:45,116.16946,0.0421,422.5594406,FALSE
29-06-2000 08:45,118.88456,0.0498,511.526974,FALSE
30-06-2000 08:45,107.15259,0.0154,142.5729502,FALSE
01-07-2000 08:45,167.84395,0.0339,491.6082158,FALSE
03-07-2000 08:45,195.17621,0.0404,681.2742716,FALSE
04-07-2000 08:45,141.69171,0.0139,170.166076,FALSE
05-07-2000 08:45,106.72132,0.0197,181.6482243,FALSE
06-07-2000 08:45,90.57975,0.0352,275.4783821,FALSE
07-07-2000 08:45,136.03987,0.0155,182.1845939,FALSE
08-07-2000 08:45,136.43686,0.0338,398.439291,FALSE
10-07-2000 08:45,106.7564,0.0364,335.7446077,FALSE
11-07-2000 08:45,128.19084,0.0238,263.6013881,FALSE
12-07-2000 08:45,295.96014,0.0774,1979.192002,FALSE
13-07-2000 08:45,137.63652,0.0202,240.2142656,FALSE
14-07-2000 08:45,107.99796,0.0148,138.0991514,FALSE
15-07-2000 08:45,93.02832,0.0142,114.1345852,FALSE
17-07-2000 08:45,52.03202,0.0187,84.06709407,FALSE
18-07-2000 08:45,65.43198,0.0169,95.54115992,FALSE
19-07-2000 08:45,64.911026,0.0167,93.65882119,FALSE
20-07-2000 08:45,39.839306,0.0132,45.43593171,FALSE
21-07-2000 08:45,36.211468,0.0139,43.48852461,FALSE
22-07-2000 08:45,33.484627,0.0149,43.10676941,FALSE
24-07-2000 08:45,25.918285,0.0145,32.47042745,FALSE
25-07-2000 08:45,24.053112,0.0119,24.73044763,FALSE
26-07-2000 08:45,21.582527,0.0123,22.93618309,FALSE
27-07-2000 08:45,20.90373,0.0128,23.11785308,FALSE
28-07-2000 08:45,24.042992,0.012,24.92777411,FALSE
29-07-2000 08:45,23.286116,0.0122,24.54542915,FALSE
01-08-2000 09:15,36.713093,0.0122,38.69853707,FALSE
02-08-2000 08:45,31.393135,0.0121,32.81963905,FALSE
03-08-2000 13:00,22.815243,0.0128,25.23183354,FALSE
04-08-2000 08:45,21.83694,0.0128,24.14990868,FALSE
05-08-2000 08:45,65.43111,0.0166,93.84391521,FALSE
07-08-2000 08:45,57.18259,0.016,79.04921242,FALSE
08-08-2000 08:45,134.37495,0.0215,249.6149071,FALSE
09-08-2000 08:45,87.97682,0.0185,140.6221491,FALSE
10-08-2000 08:45,64.148506,0.0171,94.7755687,FALSE
11-08-2000 08:45,85.88222,0.0188,139.5002076,FALSE
12-08-2000 08:45,78.093346,0.0186,125.4991308,FALSE
16-08-2000 08:45,58.2391,0.018,90.57344832,FALSE
17-08-2000 08:45,42.539833,0.0166,61.01233008,FALSE
18-08-2000 08:45,62.39982,0.018,97.04420006,FALSE
19-08-2000 08:45,60.07803,0.0174,90.31890718,FALSE
21-08-2000 08:45,87.48393,0.0205,154.9515368,FALSE
23-08-2000 09:00,230.61964,0.04,797.0214758,FALSE
24-08-2000 09:00,209.76166,0.0382,692.3141636,FALSE
25-08-2000 09:00,468.62225,0.052,2105.426045,FALSE
26-08-2000 08:45,500.62698,0.0679,2936.958216,FALSE
28-08-2000 08:45,166.59082,0.0359,516.7247418,FALSE
29-08-2000 08:45,150.34181,0.0324,420.8608492,FALSE
30-08-2000 08:45,120.58154,0.0272,283.3762655,FALSE
31-08-2000 08:00,88.1,0.0245,186.49008,FALSE
02-09-2000 08:45,58.433952,0.018,90.87648215,FALSE
04-09-2000 08:45,46.360626,0.0193,77.30727107,FALSE
05-09-2000 08:45,45.098156,0.0177,68.96770801,FALSE
06-09-2000 08:45,40.107746,0.0167,57.87066455,FALSE
07-09-2000 08:45,34.13993,0.0159,46.90007024,FALSE
08-09-2000 08:45,29.991724,0.0156,40.42404528,FALSE
09-09-2000 08:45,25.003098,0.0153,33.05209531,FALSE
11-09-2000 08:45,17.63399,0.0149,22.70129337,FALSE
12-09-2000 08:45,21.81416,0.0155,29.21352307,FALSE
13-09-2000 08:45,19.018364,0.0144,23.66188775,FALSE
14-09-2000 08:45,19.559242,0.0161,27.20768799,FALSE
15-09-2000 08:45,22.583805,0.0183,35.70770576,FALSE
16-09-2000 08:45,40.391685,0.0391,136.4528059,FALSE
18-09-2000 08:45,32.800926,0.028,79.35200018,FALSE
19-09-2000 08:45,24.707436,0.0222,47.39083884,FALSE
20-09-2000 08:45,21.85825,0.0191,36.07135848,FALSE
21-09-2000 08:45,22.654016,0.0192,37.58029406,FALSE
22-09-2000 08:45,22.967024,0.0195,38.69484204,FALSE
23-09-2000 08:45,64.65921,0.0242,135.194649,FALSE
25-09-2000 08:45,42.21812,0.0211,76.96532148,FALSE
26-09-2000 08:45,64.26439,0.0243,134.9243721,FALSE
27-09-2000 08:45,39.477562,0.0204,69.58157168,FALSE
28-09-2000 08:45,42.78079,0.0212,78.36071743,FALSE
29-09-2000 08:45,31.978994,0.0192,53.04931357,FALSE
30-09-2000 08:00,42.8,0.0211,78.026112,FALSE
03-10-2000 08:45,47.427563,0.0227,93.01873076,FALSE
04-10-2000 08:45,38.660633,0.0204,68.1416853,FALSE
05-10-2000 08:45,34.052685,0.0192,56.48931809,FALSE
06-10-2000 08:45,29.831078,0.0186,47.93973559,FALSE
09-10-2000 08:45,44.132736,0.0204,77.78659516,FALSE
10-10-2000 08:45,24.181269,0.0186,38.86026653,FALSE
12-10-2000 08:45,17.765358,0.0179,27.47519207,FALSE
13-10-2000 08:45,17.196438,0.0175,26.00101426,FALSE
16-10-2000 08:45,29.722841,0.0189,48.53621044,FALSE
17-10-2000 08:45,63.672585,0.0249,136.9826525,FALSE
18-10-2000 08:45,35.255272,0.0208,63.35795442,FALSE
19-10-2000 08:45,29.574144,0.0189,48.29339419,FALSE
20-10-2000 08:45,27.254341,0.0187,44.03429367,FALSE
21-10-2000 08:45,20.160461,0.0181,31.52773533,FALSE
23-10-2000 08:45,21.32831,0.0184,33.90689411,FALSE
24-10-2000 08:45,22.874268,0.0187,36.95749732,FALSE
25-10-2000 08:45,23.415161,0.0195,39.44986325,FALSE
27-10-2000 08:45,16.670593,0.0169,24.34173307,FALSE
28-10-2000 08:45,14.892495,0.0165,21.23074087,FALSE
30-10-2000 08:45,13.84181,0.0157,18.77613843,FALSE
31-10-2000 08:45,13.180173,0.0155,17.65088768,FALSE
01-11-2000 08:45,11.030708,0.0146,13.9145763,FALSE
02-11-2000 08:45,35.48845,0.02,61.3240416,FALSE
03-11-2000 08:45,14.392021,0.0166,20.6416122,FALSE
04-11-2000 08:45,17.522192,0.0173,26.19077083,FALSE
06-11-2000 08:45,11.354864,0.0163,15.99128207,FALSE
07-11-2000 08:45,10.551296,0.0154,14.03913241,FALSE
08-11-2000 08:45,8.789232,0.0149,11.31490571,FALSE
09-11-2000 08:45,7.5855637,0.0141,9.241037122,FALSE
10-11-2000 08:45,6.218163,0.0137,7.36031518,FALSE
13-11-2000 08:45,5.0522637,0.0134,5.849308821,FALSE
14-11-2000 08:45,4.434112,0.0132,5.057016054,FALSE
15-11-2000 08:45,3.7511048,0.0129,4.180831366,FALSE
16-11-2000 08:45,3.8977342,0.0127,4.276905783,FALSE
17-11-2000 08:45,3.4359355,0.0124,3.681123857,FALSE
18-11-2000 08:45,3.2139618,0.012,3.332235594,FALSE
20-11-2000 08:45,3.291591,0.0123,3.498039588,FALSE
21-11-2000 08:30,5.071003,0.0136,5.958631365,FALSE
22-11-2000 08:45,7.630825,0.014,9.23024592,FALSE
23-11-2000 08:30,7.262042,0.0132,8.28221366,FALSE
24-11-2000 08:30,10.770209,0.0154,14.33040929,FALSE
25-11-2000 08:30,5.010953,0.0135,5.844775579,FALSE
27-11-2000 08:30,3.0766,0.0117,3.110073408,FALSE
28-11-2000 08:30,2.8726685,0.0115,2.854283422,FALSE
30-11-2000 08:30,2.8558187,0.0114,2.812867187,FALSE
01-12-2000 08:30,10.868284,0.0151,14.17919804,FALSE
02-12-2000 08:30,4.9717927,0.0132,5.670230138,FALSE
04-12-2000 08:30,3.0525103,0.0116,3.059347923,FALSE
05-12-2000 08:30,2.9084215,0.0109,2.739035032,FALSE
06-12-2000 08:30,2.6941037,0.0102,2.374259709,FALSE
07-12-2000 08:30,2.3289452,0.0095,1.91159822,FALSE
08-12-2000 08:30,2.441427,0.0081,1.708608272,FALSE
11-12-2000 08:30,2.0578022,0.0074,1.315676415,FALSE
12-12-2000 08:30,1.9531001,0.0071,1.198109725,FALSE
13-12-2000 08:30,1.6205912,0.0069,0.96613165,FALSE
14-12-2000 08:30,1.5350603,0.0068,0.901878627,FALSE
15-12-2000 08:30,1.5316007,0.0068,0.899846043,FALSE
16-12-2000 08:30,1.4238615,0.0067,0.824244945,FALSE
18-12-2000 08:30,1.324426,0.0067,0.766683723,FALSE
19-12-2000 08:30,1.1643989,0.0066,0.663986829,FALSE
20-12-2000 08:30,1.1726913,0.0065,0.658583434,FALSE
21-12-2000 08:30,1.155,0.0064,0.6386688,FALSE
22-12-2000 08:30,1.1095077,0.0064,0.613513378,FALSE
23-12-2000 08:30,1.0247527,0.0063,0.55779339,FALSE
28-12-2000 08:30,0.9133,0.0062,0.489236544,FALSE
29-12-2000 08:30,1.1175662,0.0065,0.627625178,FALSE
30-12-2000 08:30,1.5934173,0.0068,0.936164532,FALSE
02-01-2001 08:45,22.374191,0.0177,34.21640281,FALSE
03-01-2001 08:45,4.23618,0.013,4.758077376,FALSE
04-01-2001 08:45,3.057589,0.0117,3.090855568,FALSE
05-01-2001 08:45,2.5082853,0.0095,2.058800574,FALSE
06-01-2001 08:45,2.091913,0.0114,2.060450628,FALSE
08-01-2001 08:30,1.4329085,0.0067,0.829482072,FALSE
09-01-2001 08:30,1.3476595,0.0067,0.780133131,FALSE
12-01-2001 08:30,1.1500821,0.006,0.596202561,FALSE
15-01-2001 08:30,0.72327477,0.0057,0.356198359,FALSE
16-01-2001 08:00,0,0,0,TRUE
17-01-2001 08:00,0,0,0,TRUE
18-01-2001 08:00,0,0,0,TRUE
19-01-2001 08:00,0,0,0,TRUE
20-01-2001 08:00,0,0,0,TRUE
21-01-2001 08:00,0,0,0,TRUE
22-01-2001 08:00,0,0,0,TRUE
23-01-2001 08:00,0,0,0,TRUE
24-01-2001 08:00,0,0,0,TRUE
25-01-2001 08:00,0,0,0,TRUE
26-01-2001 08:00,0,0,0,TRUE
27-01-2001 08:00,0,0,0,TRUE
28-01-2001 08:00,0,0,0,TRUE
29-01-2001 08:00,0,0,0,TRUE
30-01-2001 08:00,0,0,0,TRUE
31-01-2001 08:00,0,0,0,TRUE
01-02-2001 08:00,0,0,0,TRUE
02-02-2001 08:00,0,0,0,TRUE
03-02-2001 08:00,0,0,0,TRUE
04-02-2001 08:00,0,0,0,TRUE
05-02-2001 08:00,0,0,0,TRUE
06-02-2001 08:00,0,0,0,TRUE
07-02-2001 08:00,0,0,0,TRUE
08-02-2001 08:00,0,0,0,TRUE
09-02-2001 08:00,0,0,0,TRUE
10-02-2001 08:00,0,0,0,TRUE
11-02-2001 08:00,0,0,0,TRUE
12-02-2001 08:00,0,0,0,TRUE
13-02-2001 08:00,0,0,0,TRUE
14-02-2001 08:00,0,0,0,TRUE
15-02-2001 08:00,0,0,0,TRUE
16-02-2001 08:00,0,0,0,TRUE
17-02-2001 08:00,0,0,0,TRUE
18-02-2001 08:00,0,0,0,TRUE
19-02-2001 08:00,0,0,0,TRUE
20-02-2001 08:00,0,0,0,TRUE
21-02-2001 08:00,0,0,0,TRUE
22-02-2001 08:00,0,0,0,TRUE
23-02-2001 08:00,0,0,0,TRUE
24-02-2001 08:00,0,0,0,TRUE
25-02-2001 08:00,0,0,0,TRUE
26-02-2001 08:00,0,0,0,TRUE
27-02-2001 08:00,0,0,0,TRUE
28-02-2001 08:00,0,0,0,TRUE
01-03-2001 08:00,0,0,0,TRUE
02-03-2001 08:00,0,0,0,TRUE
03-03-2001 08:00,0,0,0,TRUE
04-03-2001 08:00,0,0,0,TRUE
05-03-2001 08:00,0,0,0,TRUE
06-03-2001 08:00,0,0,0,TRUE
07-03-2001 08:00,0,0,0,TRUE
08-03-2001 08:00,0,0,0,TRUE
09-03-2001 08:00,0,0,0,TRUE
10-03-2001 08:00,0,0,0,TRUE
11-03-2001 08:00,0,0,0,TRUE
12-03-2001 08:00,0,0,0,TRUE
13-03-2001 08:00,0,0,0,TRUE
14-03-2001 08:00,0,0,0,TRUE
15-03-2001 08:00,0,0,0,TRUE
16-03-2001 08:00,0,0,0,TRUE
17-03-2001 08:00,0,0,0,TRUE
18-03-2001 08:00,0,0,0,TRUE
19-03-2001 08:00,0,0,0,TRUE
20-03-2001 08:00,0,0,0,TRUE
21-03-2001 08:00,0,0,0,TRUE
22-03-2001 08:00,0,0,0,TRUE
23-03-2001 08:00,0,0,0,TRUE
24-03-2001 08:00,0,0,0,TRUE
25-03-2001 08:00,0,0,0,TRUE
26-03-2001 08:00,0,0,0,TRUE
27-03-2001 08:00,0,0,0,TRUE
28-03-2001 08:00,0,0,0,TRUE
29-03-2001 08:00,0,0,0,TRUE
30-03-2001 08:00,0,0,0,TRUE
31-03-2001 08:00,0,0,0,TRUE
01-04-2001 08:00,0,0,0,TRUE
02-04-2001 08:00,0,0,0,TRUE
03-04-2001 08:00,0,0,0,TRUE
04-04-2001 08:00,0,0,0,TRUE
05-04-2001 08:00,0,0,0,TRUE
06-04-2001 08:00,0,0,0,TRUE
07-04-2001 08:00,0,0,0,TRUE
08-04-2001 08:00,0,0,0,TRUE
09-04-2001 08:00,0,0,0,TRUE
10-04-2001 08:00,0,0,0,TRUE
11-04-2001 08:00,0,0,0,TRUE
12-04-2001 08:00,0,0,0,TRUE
13-04-2001 08:00,0,0,0,TRUE
14-04-2001 08:00,0,0,0,TRUE
15-04-2001 08:00,0,0,0,TRUE
16-04-2001 08:00,0,0,0,TRUE
17-04-2001 08:00,0,0,0,TRUE
18-04-2001 08:00,0,0,0,TRUE
19-04-2001 08:00,0,0,0,TRUE
20-04-2001 08:00,0,0,0,TRUE
21-04-2001 08:00,0,0,0,TRUE
22-04-2001 08:00,0,0,0,TRUE
23-04-2001 08:00,0,0,0,TRUE
24-04-2001 08:00,0,0,0,TRUE
25-04-2001 08:00,0,0,0,TRUE
26-04-2001 08:00,0,0,0,TRUE
27-04-2001 08:00,0,0,0,TRUE
28-04-2001 08:00,0,0,0,TRUE
29-04-2001 08:00,0,0,0,TRUE
30-04-2001 08:00,0,0,0,TRUE
01-05-2001 08:00,0,0,0,TRUE
02-05-2001 08:00,0,0,0,TRUE
03-05-2001 08:00,0,0,0,TRUE
04-05-2001 08:00,0,0,0,TRUE
05-05-2001 08:00,0,0,0,TRUE
06-05-2001 08:00,0,0,0,TRUE
07-05-2001 08:00,0,0,0,TRUE
08-05-2001 08:00,0,0,0,TRUE
09-05-2001 08:00,0,0,0,TRUE
10-05-2001 08:00,0,0,0,TRUE
11-05-2001 08:00,0,0,0,TRUE
12-05-2001 08:00,0,0,0,TRUE
13-05-2001 08:00,0,0,0,TRUE
14-05-2001 08:00,0,0,0,TRUE
15-05-2001 08:00,0,0,0,TRUE
16-05-2001 08:00,0,0,0,TRUE
17-05-2001 08:00,0,0,0,TRUE
18-05-2001 08:00,0,0,0,TRUE
19-05-2001 08:00,0,0,0,TRUE
20-05-2001 08:00,0,0,0,TRUE
21-05-2001 08:00,0,0,0,TRUE
22-05-2001 08:00,0,0,0,TRUE
23-05-2001 08:00,0,0,0,TRUE
24-05-2001 08:00,0,0,0,TRUE
25-05-2001 08:00,0,0,0,TRUE
26-05-2001 08:00,0,0,0,TRUE
27-05-2001 08:00,0,0,0,TRUE
28-05-2001 08:00,0,0,0,TRUE
29-05-2001 08:45,21.595085,0.0181,33.77125773,FALSE
30-05-2001 08:45,16.376564,0.0175,24.76136477,FALSE
31-05-2001 08:45,27.147951,0.0207,48.5535674,FALSE
01-06-2001 08:45,15.315253,0.0172,22.75969118,FALSE
02-06-2001 08:45,14.070813,0.0165,20.05935101,FALSE
15-06-2001 08:45,96.46938,0.0208,173.3670522,FALSE
18-06-2001 08:45,49.52761,0.018,77.02533907,FALSE
19-06-2001 08:45,102.49602,0.022,194.8244348,FALSE
20-06-2001 08:45,79.30436,0.0183,125.3897097,FALSE
21-06-2001 08:45,86.91353,0.0192,144.1791166,FALSE
22-06-2001 08:45,88.604355,0.0188,143.9218259,FALSE
23-06-2001 08:45,261.47226,0.042,948.8305371,FALSE
25-06-2001 08:45,180.19124,0.035,544.8983098,FALSE
29-06-2001 08:45,103.181595,0.0208,185.429708,FALSE
30-06-2001 08:45,119.94782,0.0295,305.7230036,FALSE
02-07-2001 08:45,79.39947,0.0208,142.6903755,FALSE
03-07-2001 08:45,113.82921,0.0227,223.250953,FALSE
04-07-2001 08:45,132.0993,0.0306,349.2494133,FALSE
05-07-2001 08:45,192.38615,0.0359,596.7356646,FALSE
06-07-2001 08:45,204.36394,0.0369,651.544939,FALSE
07-07-2001 08:45,240.28256,0.0383,795.1238249,FALSE
10-07-2001 09:00,630.95807,0.0707,3854.194751,FALSE
11-07-2001 09:00,370.09616,0.0514,1643.582243,FALSE
12-07-2001 09:00,209.79562,0.0375,679.7378088,FALSE
16-07-2001 08:45,55.12059,0.0214,101.9157661,FALSE
17-07-2001 08:45,54.30667,0.0206,96.65718353,FALSE
18-07-2001 08:45,49.905396,0.0196,84.5117938,FALSE
19-07-2001 08:45,47.337074,0.0191,78.117533,FALSE
20-07-2001 08:45,46.6469,0.0188,75.76949261,FALSE
21-07-2001 08:45,43.630623,0.0183,68.98525064,FALSE
23-07-2001 08:45,30.013605,0.0174,45.12125321,FALSE
24-07-2001 08:45,33.286057,0.0179,51.47888431,FALSE
25-07-2001 08:45,41.55445,0.0182,65.34354154,FALSE
26-07-2001 08:45,46.099613,0.019,75.6771247,FALSE
27-07-2001 08:45,38.57963,0.0182,60.66569658,FALSE
28-07-2001 08:45,81.38843,0.0236,165.9542643,FALSE
30-07-2001 08:45,82.15253,0.0237,168.2220926,FALSE
31-07-2001 09:00,221.10031,0.0382,729.7371511,FALSE
01-08-2001 08:45,99.9839,0.028,241.8810509,FALSE
02-08-2001 08:45,118.963455,0.03,308.3532754,FALSE
03-08-2001 08:45,105.96665,0.0284,260.0167271,FALSE
04-08-2001 09:00,140.91312,0.0304,370.1167645,FALSE
06-08-2001 08:45,99.69702,0.0272,234.2959728,FALSE
07-08-2001 08:45,77.19499,0.0264,176.0786844,FALSE
08-08-2001 08:31,59.28121,0.0258,132.1449308,FALSE
09-08-2001 08:45,57.356476,0.0253,125.376668,FALSE
10-08-2001 08:45,49.870464,0.0236,101.6878709,FALSE
13-08-2001 08:45,33.200775,0.0184,52.78126406,FALSE
14-08-2001 08:45,44.31688,0.0224,85.76911688,FALSE
16-08-2001 08:45,46.162647,0.023,91.73441212,FALSE
17-08-2001 09:00,148.89531,0.0341,438.6813181,FALSE
18-08-2001 09:00,99.19577,0.0269,230.5468408,FALSE
20-08-2001 08:45,103.53157,0.0281,251.3580869,FALSE
21-08-2001 08:45,96.350174,0.0263,218.9384274,FALSE
22-08-2001 08:45,78.83603,0.0243,165.5178217,FALSE
25-08-2001 08:45,99.92085,0.0269,232.2320427,FALSE
27-08-2001 08:45,100.59312,0.0271,235.5327549,FALSE
28-08-2001 08:45,69.74674,0.0242,145.8320637,FALSE
29-08-2001 08:45,54.810017,0.0237,112.2333756,FALSE
30-08-2001 08:45,46.62944,0.0217,87.42460447,FALSE
03-09-2001 08:45,27.803041,0.0186,44.68059901,FALSE
04-09-2001 08:45,26.202152,0.0182,41.20235998,FALSE
05-09-2001 08:45,22.912054,0.0179,35.43486623,FALSE
10-09-2001 08:45,12.735812,0.0154,16.94576201,FALSE
11-09-2001 08:45,11.262399,0.017,16.54221165,FALSE
12-09-2001 08:45,10.927888,0.0167,15.76763104,FALSE
13-09-2001 08:45,10.051613,0.0164,14.24273356,FALSE
14-09-2001 08:45,9.627384,0.0161,13.39207624,FALSE
15-09-2001 08:45,27.124767,0.0185,43.35622757,FALSE
17-09-2001 08:45,12.018404,0.0173,17.96414883,FALSE
18-09-2001 08:45,10.516175,0.0169,15.35529809,FALSE
19-09-2001 08:45,9.62479,0.0163,13.55478425,FALSE
20-09-2001 08:45,10.557413,0.0164,14.95943192,FALSE
21-09-2001 08:45,10.973773,0.0168,15.92865098,FALSE
22-09-2001 08:45,10.913177,0.0164,15.46353528,FALSE
24-09-2001 08:45,29.92533,0.019,49.12542173,FALSE
25-09-2001 08:45,23.892105,0.0181,37.36342948,FALSE
26-09-2001 08:30,42.776367,0.0213,78.72220372,FALSE
27-09-2001 08:45,26.765182,0.0191,44.16897394,FALSE
28-09-2001 08:45,32.45916,0.0198,55.5285342,FALSE
29-09-2001 08:45,26.43951,0.0189,43.17466225,FALSE
01-10-2001 08:45,80.34015,0.0253,175.6171407,FALSE
03-10-2001 08:45,47.354923,0.0218,89.19394457,FALSE
04-10-2001 08:45,43.127888,0.0211,78.62386494,FALSE
05-10-2001 08:45,42.357075,0.0208,76.12074662,FALSE
06-10-2001 08:45,40.011417,0.0202,69.83112586,FALSE
08-10-2001 08:45,39.25681,0.0199,67.49658884,FALSE
09-10-2001 08:45,29.765057,0.0188,48.34797739,FALSE
10-10-2001 08:45,37.71548,0.0199,64.84648769,FALSE
11-10-2001 08:45,58.22141,0.0243,122.2370147,FALSE
12-10-2001 08:45,32.164864,0.0192,53.35764959,FALSE
15-10-2001 08:45,101.578415,0.0271,237.839764,FALSE
16-10-2001 08:45,75.174126,0.0249,161.7266077,FALSE
17-10-2001 08:45,59.740616,0.0243,125.4266181,FALSE
18-10-2001 08:45,78.12684,0.0248,167.4039426,FALSE
19-10-2001 08:45,71.961685,0.0277,172.2244615,FALSE
20-10-2001 08:45,96.996635,0.0265,222.0834955,FALSE
22-10-2001 08:45,58.109615,0.024,120.4960977,FALSE
23-10-2001 08:45,77.49211,0.0253,169.3915531,FALSE
24-10-2001 08:45,50.871174,0.0221,97.13545448,FALSE
27-10-2001 08:45,76.54637,0.0253,167.3242411,FALSE
29-10-2001 08:45,59.54133,0.0243,125.0082132,FALSE
30-10-2001 08:45,58.844185,0.024,122.019302,FALSE
31-10-2001 08:45,79.43759,0.0257,176.3895798,FALSE
01-11-2001 08:45,60.8124,0.0242,127.1514309,FALSE
02-11-2001 08:45,74.26845,0.0253,162.3448902,FALSE
03-11-2001 08:45,46.99128,0.0218,88.50901571,FALSE
05-11-2001 08:45,38.078396,0.02,65.79946829,FALSE
06-11-2001 08:45,57.914764,0.0237,118.5909039,FALSE
07-11-2001 08:45,54.093597,0.0233,108.896902,FALSE
08-11-2001 08:45,42.678497,0.0211,77.80460717,FALSE
09-11-2001 08:45,36.908607,0.02,63.7780729,FALSE
10-11-2001 08:45,77.37364,0.0254,169.8010954,FALSE
12-11-2001 08:45,30.615738,0.0196,51.84591536,FALSE
13-11-2001 08:45,27.264177,0.0191,44.99243545,FALSE
15-11-2001 08:00,33.454357,0.0195,56.36390067,FALSE
16-11-2001 08:45,36.801853,0.0197,62.63969795,FALSE
17-11-2001 08:45,76.80385,0.0254,168.5506571,FALSE
19-11-2001 08:45,32.615242,0.0197,55.5137511,FALSE
20-11-2001 08:45,29.675776,0.0191,48.97215259,FALSE
21-11-2001 08:45,26.765898,0.0183,42.32009665,FALSE
22-11-2001 08:45,23.717443,0.0172,35.24601769,FALSE
23-11-2001 08:45,23.038832,0.0164,32.64510339,FALSE
24-11-2001 08:45,18.250832,0.0148,23.3377039,FALSE
26-11-2001 08:45,14.294118,0.0131,16.17865452,FALSE
27-11-2001 09:45,19.288864,0.0118,19.66538263,FALSE
28-11-2001 08:45,14.785307,0.0117,14.94617114,FALSE
29-11-2001 09:00,12.7210865,0.0111,12.2000308,FALSE
01-12-2001 08:45,11.671917,0.0108,10.89129919,FALSE
04-12-2001 08:45,10.823327,0.0099,9.257840983,FALSE
05-12-2001 08:45,11.127663,0.009,8.652870749,FALSE
06-12-2001 08:45,9.800113,0.0083,7.027857035,FALSE
07-12-2001 08:45,8.544534,0.0078,5.758332353,FALSE
08-12-2001 08:45,8.241215,0.0066,4.699470442,FALSE
10-12-2001 08:45,7.65265,0.0063,4.165490448,FALSE
11-12-2001 08:45,7.217326,0.006,3.741461798,FALSE
12-12-2001 08:45,7.0243974,0.0058,3.520066025,FALSE
13-12-2001 08:45,6.7822094,0.0057,3.340102485,FALSE
14-12-2001 08:45,6.583382,0.0056,3.185303547,FALSE
15-12-2001 08:45,5.760016,0.0054,2.687393065,FALSE
17-12-2001 08:45,5.576635,0.0053,2.553652699,FALSE
18-12-2001 08:45,5.4507923,0.0052,2.448931965,FALSE
19-12-2001 08:45,5.4124184,0.0052,2.431691339,FALSE
20-12-2001 08:45,5.2518444,0.0051,2.314172716,FALSE
21-12-2001 08:45,5.1175466,0.0051,2.254995734,FALSE
22-12-2001 08:45,4.867333,0.005,2.102687856,FALSE
24-12-2001 08:45,4.4507647,0.0049,1.884275743,FALSE
26-12-2001 08:45,4.886479,0.005,2.110958928,FALSE
27-12-2001 08:45,4.5863853,0.005,1.98131845,FALSE
28-12-2001 08:45,4.4015746,0.0049,1.863450623,FALSE
29-12-2001 08:45,4.2653165,0.0048,1.768912059,FALSE
03-01-2002 08:45,2.283102,0.0047,0.92712206,FALSE
04-01-2002 08:30,2.177867,0.0047,0.884388231,FALSE
05-01-2002 08:45,2.115747,0.0046,0.840882488,FALSE
08-01-2002 08:45,1.6671485,0.0045,0.648187337,FALSE
09-01-2002 08:30,1.6649092,0.0045,0.647316697,FALSE
10-01-2002 08:30,1.3087069,0.0044,0.497518015,FALSE
11-01-2002 08:30,1.2667449,0.0044,0.481565741,FALSE
12-01-2002 08:30,1.1425644,0.0044,0.434357282,FALSE
14-01-2002 08:30,1.0220184,0.0044,0.388530515,FALSE
15-01-2002 08:30,1.0173285,0.0044,0.386747603,FALSE
16-01-2002 08:30,0.95473844,0.0044,0.362953365,FALSE
17-01-2002 08:45,0.9319074,0.0044,0.354273917,FALSE
18-01-2002 08:30,0.80263,0.0044,0.305127821,FALSE
19-01-2002 08:30,0.7975722,0.0043,0.296314024,FALSE
28-01-2002 08:30,0.5365476,0.0043,0.199338164,FALSE
29-01-2002 08:30,0.41266894,0.0042,0.149749305,FALSE
30-01-2002 08:30,0.39243108,0.0043,0.145795995,FALSE
31-01-2002 08:30,0.34051323,0.0041,0.120623407,FALSE
01-02-2002 09:00,0.2960596,0.0042,0.107434108,FALSE
02-02-2002 08:30,0.29213113,0.0042,0.106008544,FALSE
04-02-2002 08:30,0.22680572,0.0041,0.080343658,FALSE
05-02-2002 08:00,0,0,0,TRUE
06-02-2002 08:00,0,0,0,TRUE
07-02-2002 08:00,0,0,0,TRUE
08-02-2002 08:00,0,0,0,TRUE
09-02-2002 08:00,0,0,0,TRUE
10-02-2002 08:00,0,0,0,TRUE
11-02-2002 08:00,0,0,0,TRUE
12-02-2002 08:00,0,0,0,TRUE
13-02-2002 08:00,0,0,0,TRUE
14-02-2002 08:00,0,0,0,TRUE
15-02-2002 08:00,0,0,0,TRUE
16-02-2002 08:00,0,0,0,TRUE
17-02-2002 08:00,0,0,0,TRUE
18-02-2002 08:00,0,0,0,TRUE
19-02-2002 08:00,0,0,0,TRUE
20-02-2002 08:00,0,0,0,TRUE
21-02-2002 08:00,0,0,0,TRUE
22-02-2002 08:00,0,0,0,TRUE
23-02-2002 08:00,0,0,0,TRUE
24-02-2002 08:00,0,0,0,TRUE
25-02-2002 08:00,0,0,0,TRUE
26-02-2002 08:00,0,0,0,TRUE
27-02-2002 08:00,0,0,0,TRUE
28-02-2002 08:00,0,0,0,TRUE
01-03-2002 08:00,0,0,0,TRUE
02-03-2002 08:00,0,0,0,TRUE
03-03-2002 08:00,0,0,0,TRUE
04-03-2002 08:00,0,0,0,TRUE
05-03-2002 08:00,0,0,0,TRUE
06-03-2002 08:00,0,0,0,TRUE
07-03-2002 08:00,0,0,0,TRUE
08-03-2002 08:00,0,0,0,TRUE
09-03-2002 08:00,0,0,0,TRUE
10-03-2002 08:00,0,0,0,TRUE
11-03-2002 08:00,0,0,0,TRUE
12-03-2002 08:00,0,0,0,TRUE
13-03-2002 08:00,0,0,0,TRUE
14-03-2002 08:00,0,0,0,TRUE
15-03-2002 08:00,0,0,0,TRUE
16-03-2002 08:00,0,0,0,TRUE
17-03-2002 08:00,0,0,0,TRUE
18-03-2002 08:00,0,0,0,TRUE
19-03-2002 08:00,0,0,0,TRUE
20-03-2002 08:00,0,0,0,TRUE
21-03-2002 08:00,0,0,0,TRUE
22-03-2002 08:00,0,0,0,TRUE
23-03-2002 08:00,0,0,0,TRUE
24-03-2002 08:00,0,0,0,TRUE
25-03-2002 08:00,0,0,0,TRUE
26-03-2002 08:00,0,0,0,TRUE
27-03-2002 08:00,0,0,0,TRUE
28-03-2002 08:00,0,0,0,TRUE
29-03-2002 08:00,0,0,0,TRUE
30-03-2002 08:00,0,0,0,TRUE
31-03-2002 08:00,0,0,0,TRUE
01-04-2002 08:00,0,0,0,TRUE
02-04-2002 08:00,0,0,0,TRUE
03-04-2002 08:00,0,0,0,TRUE
04-04-2002 08:00,0,0,0,TRUE
05-04-2002 08:00,0,0,0,TRUE
06-04-2002 08:00,0,0,0,TRUE
07-04-2002 08:00,0,0,0,TRUE
08-04-2002 08:00,0,0,0,TRUE
09-04-2002 08:00,0,0,0,TRUE
10-04-2002 08:00,0,0,0,TRUE
11-04-2002 08:00,0,0,0,TRUE
12-04-2002 08:00,0,0,0,TRUE
13-04-2002 08:00,0,0,0,TRUE
14-04-2002 08:00,0,0,0,TRUE
15-04-2002 08:00,0,0,0,TRUE
16-04-2002 08:00,0,0,0,TRUE
17-04-2002 08:00,0,0,0,TRUE
18-04-2002 08:00,0,0,0,TRUE
19-04-2002 08:00,0,0,0,TRUE
20-04-2002 08:00,0,0,0,TRUE
21-04-2002 08:00,0,0,0,TRUE
22-04-2002 08:00,0,0,0,TRUE
23-04-2002 08:00,0,0,0,TRUE
24-04-2002 08:00,0,0,0,TRUE
25-04-2002 08:00,0,0,0,TRUE
26-04-2002 08:00,0,0,0,TRUE
27-04-2002 08:00,0,0,0,TRUE
28-04-2002 08:00,0,0,0,TRUE
29-04-2002 08:00,0,0,0,TRUE
30-04-2002 08:00,0,0,0,TRUE
01-05-2002 08:00,0,0,0,TRUE
02-05-2002 08:00,0,0,0,TRUE
03-05-2002 08:00,0,0,0,TRUE
04-05-2002 08:00,0,0,0,TRUE
05-05-2002 08:00,0,0,0,TRUE
06-05-2002 08:00,0,0,0,TRUE
07-05-2002 08:00,0,0,0,TRUE
08-05-2002 08:00,0,0,0,TRUE
09-05-2002 08:00,0,0,0,TRUE
10-05-2002 08:00,0,0,0,TRUE
11-05-2002 08:00,0,0,0,TRUE
12-05-2002 08:00,0,0,0,TRUE
13-05-2002 08:00,0,0,0,TRUE
14-05-2002 08:00,0,0,0,TRUE
15-05-2002 08:00,0,0,0,TRUE
16-05-2002 08:00,0,0,0,TRUE
17-05-2002 08:00,0,0,0,TRUE
18-05-2002 08:00,0,0,0,TRUE
19-05-2002 08:00,0,0,0,TRUE
20-05-2002 08:00,0,0,0,TRUE
21-05-2002 08:45,23.17114,0.0121,24.2240366,FALSE
22-05-2002 08:45,16.396507,0.0101,14.30824787,FALSE
23-05-2002 08:45,17.41333,0.0107,16.09827532,FALSE
25-05-2002 08:45,11.562365,0.009,8.990895024,FALSE
27-05-2002 08:45,12.790969,0.01,11.05139722,FALSE
28-05-2002 08:45,16.420782,0.011,15.60631121,FALSE
29-05-2002 08:45,63.44908,0.0238,130.4716122,FALSE
30-05-2002 08:45,37.34223,0.0196,63.23682597,FALSE
31-05-2002 08:45,24.395964,0.0145,30.5632637,FALSE
01-06-2002 08:45,29.240736,0.0193,48.75951209,FALSE
03-06-2002 08:45,22.560863,0.0136,26.50991646,FALSE
04-06-2002 08:45,22.504332,0.0134,26.05461542,FALSE
05-06-2002 10:00,18.612436,0.0124,19.94061943,FALSE
06-06-2002 08:45,20.178759,0.013,22.66478211,FALSE
07-06-2002 08:45,21.905037,0.0134,25.36077564,FALSE
08-06-2002 08:45,17.493034,0.0122,18.43905728,FALSE
10-06-2002 08:45,39.632217,0.0206,70.53900511,FALSE
11-06-2002 08:45,31.279123,0.0193,52.15856318,FALSE
12-06-2002 08:45,36.710213,0.0199,63.11807182,FALSE
13-06-2002 08:45,30.443935,0.0192,50.50283489,FALSE
14-06-2002 09:00,130.54729,0.031,349.6578615,FALSE
15-06-2002 09:00,215.5886,0.0399,743.2115161,FALSE
17-06-2002 09:00,82.42322,0.0281,200.1103904,FALSE
18-06-2002 09:00,52.653526,0.022,100.0838222,FALSE
19-06-2002 09:00,49.815674,0.0215,92.53759602,FALSE
20-06-2002 09:00,39.72977,0.0213,73.11549033,FALSE
21-06-2002 09:00,33.98775,0.0204,59.90544864,FALSE
22-06-2002 09:00,31.004913,0.0197,52.77284232,FALSE
24-06-2002 09:00,40.46508,0.022,76.91602406,FALSE
25-06-2002 09:00,74.905174,0.0275,177.9746934,FALSE
26-06-2002 09:00,53.385384,0.0222,102.3974373,FALSE
27-06-2002 09:00,62.16097,0.0226,121.3779965,FALSE
28-06-2002 09:00,64.027756,0.0229,126.6827569,FALSE
29-06-2002 08:45,50.94041,0.0217,95.5071559,FALSE
01-07-2002 09:00,44.84189,0.0218,84.46059665,FALSE
02-07-2002 09:00,50.02418,0.0221,95.51817026,FALSE
03-07-2002 09:00,83.57819,0.0284,205.0808195,FALSE
04-07-2002 09:00,52.864212,0.022,100.4842942,FALSE
05-07-2002 09:00,63.032433,0.0229,124.7134506,FALSE
06-07-2002 09:00,76.58961,0.0277,183.3003818,FALSE
08-07-2002 09:00,65.63517,0.0239,135.5340006,FALSE
09-07-2002 09:00,51.004684,0.0213,93.86494006,FALSE
10-07-2002 09:00,44.041553,0.0207,78.76743671,FALSE
11-07-2002 09:00,43.410725,0.0205,76.88907612,FALSE
12-07-2002 09:00,142.08453,0.0335,411.2494636,FALSE
13-07-2002 09:00,108.98675,0.0285,268.3689732,FALSE
15-07-2002 09:00,88.90502,0.0269,206.6294913,FALSE
16-07-2002 09:00,73.2025,0.0276,174.5616096,FALSE
17-07-2002 09:00,62.120117,0.0239,128.2755568,FALSE
18-07-2002 09:30,55.373512,0.0232,110.9950973,FALSE
19-07-2002 09:30,62.712563,0.0238,128.9570975,FALSE
20-07-2002 09:30,52.649982,0.0216,98.25750241,FALSE
22-07-2002 09:00,88.01013,0.0266,202.2684012,FALSE
23-07-2002 09:00,66.42289,0.0237,136.0128234,FALSE
24-07-2002 09:00,52.713997,0.0213,97.01062296,FALSE
25-07-2002 09:00,44.27957,0.0209,79.95827632,FALSE
26-07-2002 09:00,41.44869,0.0205,73.41391973,FALSE
27-07-2002 09:00,36.163197,0.02,62.49000442,FALSE
29-07-2002 09:00,46.466698,0.0211,84.71064912,FALSE
30-07-2002 09:00,110.277176,0.0285,271.5465182,FALSE
31-07-2002 09:00,107.47994,0.0281,260.9440975,FALSE
01-08-2002 09:00,108.729416,0.0283,265.8564696,FALSE
02-08-2002 09:00,108.3025,0.0279,261.0696744,FALSE
03-08-2002 09:00,80.95339,0.0274,191.6458174,FALSE
05-08-2002 09:00,79.078316,0.027,184.4738956,FALSE
06-08-2002 09:00,113.67786,0.029,284.831246,FALSE
07-08-2002 09:00,101.43826,0.0276,241.8937323,FALSE
08-08-2002 09:00,88.12207,0.0262,199.4801674,FALSE
09-08-2002 09:00,96.26363,0.0276,229.5541026,FALSE
10-08-2002 09:00,118.90803,0.0291,298.9633253,FALSE
12-08-2002 09:00,85.96089,0.0276,204.9857767,FALSE
13-08-2002 09:00,66.341255,0.0228,130.686965,FALSE
14-08-2002 09:00,63.099327,0.0224,122.1199135,FALSE
16-08-2002 09:00,162.39525,0.036,505.1141856,FALSE
17-08-2002 09:00,349.21317,0.0529,1596.099746,FALSE
19-08-2002 09:00,180.53795,0.0389,606.7808284,FALSE
20-08-2002 09:00,127.58821,0.0295,325.1968296,FALSE
22-08-2002 09:00,70.02435,0.0273,165.1678348,FALSE
23-08-2002 09:00,69.46004,0.0269,161.4362466,FALSE
24-08-2002 09:00,54.33128,0.0231,108.4365419,FALSE
26-08-2002 09:00,41.524975,0.0222,79.64822405,FALSE
27-08-2002 09:00,37.055237,0.0217,69.47412275,FALSE
28-08-2002 09:00,33.332905,0.0212,61.05521543,FALSE
29-08-2002 09:00,29.067944,0.0208,52.23858352,FALSE
31-08-2002 09:00,24.61132,0.0211,44.86742081,FALSE
02-09-2002 09:00,20.030586,0.0195,33.74753129,FALSE
03-09-2002 09:00,18.500683,0.019,30.37072121,FALSE
04-09-2002 09:00,34.133747,0.0213,62.81701728,FALSE
05-09-2002 09:00,23.065205,0.0195,38.86025738,FALSE
06-09-2002 09:00,19.164488,0.0188,31.12926115,FALSE
07-09-2002 09:00,19.706818,0.0191,32.52097934,FALSE
09-09-2002 09:00,22.664597,0.0209,40.92682268,FALSE
10-09-2002 09:00,70.852936,0.0268,164.0613904,FALSE
11-09-2002 09:00,35.478756,0.0216,66.2118736,FALSE
12-09-2002 09:00,27.849926,0.0205,49.32778893,FALSE
13-09-2002 09:00,25.185427,0.0199,43.30281577,FALSE
14-09-2002 09:00,22.562172,0.0192,37.42793589,FALSE
16-09-2002 09:00,18.316437,0.0185,29.2769929,FALSE
17-09-2002 09:00,17.127523,0.0176,26.04479657,FALSE
18-09-2002 09:00,16.220871,0.0171,23.96536365,FALSE
19-09-2002 09:00,15.23799,0.0166,21.85493478,FALSE
20-09-2002 09:00,14.055024,0.0162,19.67253599,FALSE
21-09-2002 09:00,13.215603,0.0156,17.81251835,FALSE
23-09-2002 08:45,11.630879,0.0148,14.87263759,FALSE
24-09-2002 08:45,10.980215,0.0143,13.56627524,FALSE
25-09-2002 08:45,10.015026,0.0138,11.9411158,FALSE
26-09-2002 08:45,9.22093,0.0129,10.27727974,FALSE
27-09-2002 08:45,8.71551,0.0125,9.4127508,FALSE
28-09-2002 08:45,8.069957,0.0121,8.436655846,FALSE
30-09-2002 08:45,6.6290717,0.0114,6.529370462,FALSE
01-10-2002 08:45,12.60855,0.0152,16.55855654,FALSE
03-10-2002 08:45,17.450779,0.0175,26.38557785,FALSE
04-10-2002 08:45,10.273105,0.0138,12.24882855,FALSE
05-10-2002 08:45,17.961811,0.0176,27.31344828,FALSE
07-10-2002 08:45,11.194238,0.0146,14.12085958,FALSE
08-10-2002 08:45,22.119576,0.0189,36.12038282,FALSE
09-10-2002 13:30,39.15935,0.0219,74.0957557,FALSE
10-10-2002 08:45,30.287704,0.0209,54.69232438,FALSE
11-10-2002 08:45,22.614918,0.0192,37.51543517,FALSE
12-10-2002 08:45,19.283054,0.0182,30.32221675,FALSE
16-10-2002 08:45,49.179043,0.0224,95.17915266,FALSE
17-10-2002 08:45,65.03426,0.0262,147.2167537,FALSE
18-10-2002 08:45,45.62457,0.0221,87.11737894,FALSE
19-10-2002 08:45,41.64068,0.0216,77.71150264,FALSE
21-10-2002 08:45,37.79679,0.0212,69.23162431,FALSE
22-10-2002 08:45,30.679543,0.0208,55.13482032,FALSE
23-10-2002 08:45,52.112617,0.0226,101.7571805,FALSE
24-10-2002 08:45,50.020123,0.0223,96.37477139,FALSE
25-10-2002 08:45,63.615276,0.0236,129.7140924,FALSE
26-10-2002 08:45,49.246056,0.022,93.60690324,FALSE
28-10-2002 08:45,48.56366,0.0218,91.47062488,FALSE
29-10-2002 08:45,35.004143,0.021,63.51151706,FALSE
30-10-2002 08:45,72.5558,0.0273,171.1388166,FALSE
31-10-2002 08:45,48.480976,0.0217,90.89601228,FALSE
01-11-2002 08:45,37.622456,0.0211,68.58724219,FALSE
02-11-2002 08:45,39.370747,0.0215,73.13509963,FALSE
05-11-2002 08:45,27.256344,0.0205,48.27643649,FALSE
06-11-2002 08:45,39.720047,0.0213,73.0975969,FALSE
07-11-2002 08:45,51.51122,0.0224,99.69275474,FALSE
08-11-2002 08:45,42.06845,0.0216,78.50982413,FALSE
09-11-2002 08:45,46.002308,0.022,87.44118705,FALSE
11-11-2002 08:45,73.06082,0.0272,171.6987719,FALSE
12-11-2002 08:45,39.000614,0.0214,72.11057526,FALSE
13-11-2002 08:45,36.049347,0.021,65.4079352,FALSE
14-11-2002 08:45,34.81175,0.0208,62.56089216,FALSE
15-11-2002 08:45,35.987392,0.021,65.29552404,FALSE
16-11-2002 08:45,27.555653,0.0205,48.80657259,FALSE
21-11-2002 08:45,19.53225,0.0186,31.38910704,FALSE
22-11-2002 08:45,22.305277,0.019,36.61634272,FALSE
23-11-2002 08:45,50.439133,0.0221,96.31049812,FALSE
25-11-2002 08:45,20.644646,0.0185,32.99840217,FALSE
26-11-2002 08:45,19.0133,0.0183,30.0623089,FALSE
27-11-2002 08:45,17.502447,0.018,27.21980557,FALSE
28-11-2002 08:45,16.705013,0.0176,25.40231097,FALSE
29-11-2002 08:45,16.045813,0.0173,23.98399761,FALSE
30-11-2002 08:45,15.026224,0.0169,21.94069124,FALSE
02-12-2002 08:45,13.974885,0.0164,19.80185305,FALSE
03-12-2002 08:45,13.035483,0.0158,17.79499855,FALSE
04-12-2002 08:45,12.446285,0.0155,16.66806487,FALSE
05-12-2002 08:45,11.549284,0.0151,15.06765788,FALSE
09-12-2002 08:45,10.885915,0.0145,13.63787431,FALSE
10-12-2002 08:45,9.905421,0.0135,11.55368305,FALSE
11-12-2002 08:45,9.0900135,0.0129,10.13136545,FALSE
12-12-2002 08:45,8.25802,0.0124,8.847312307,FALSE
16-12-2002 08:45,6.5254908,0.0118,6.65286838,FALSE
17-12-2002 08:45,6.5120554,0.0111,6.245321611,FALSE
18-12-2002 08:45,5.7171245,0.0107,5.285367258,FALSE
19-12-2002 08:45,5.1477985,0.0099,4.403220925,FALSE
20-12-2002 08:45,4.05153,0.0094,3.290490605,FALSE
21-12-2002 08:45,4.5386724,0.0097,3.803770565,FALSE
30-12-2002 08:45,3.487062,0.0086,2.591026548,FALSE
01-01-2003 08:45,2.9846826,0.0081,2.088800271,FALSE
02-01-2003 08:45,2.236022,0.0067,1.294388415,FALSE
03-01-2003 08:45,1.245,0.0061,0.6561648,FALSE
04-01-2003 08:45,2.5342848,0.0068,1.488943006,FALSE
06-01-2003 08:45,2.10897,0.0064,1.166176051,FALSE
07-01-2003 08:45,2.3463078,0.0067,1.358230659,FALSE
08-01-2003 08:45,2.0092056,0.0065,1.128369865,FALSE
09-01-2003 08:45,1.9153934,0.0064,1.059135934,FALSE
10-01-2003 08:30,2.1893897,0.0066,1.248477583,FALSE
13-01-2003 08:30,1.6719786,0.0063,0.910091392,FALSE
14-01-2003 08:30,1.2005743,0.0062,0.643123641,FALSE
15-01-2003 08:30,1.1068062,0.0061,0.58333114,FALSE
16-01-2003 08:30,0.9379492,0.006,0.486232865,FALSE
17-01-2003 08:30,0.83350885,0.0059,0.424889471,FALSE
18-01-2003 08:30,0.6575762,0.0058,0.329524585,FALSE
20-01-2003 08:30,0.37818953,0.0057,0.18625078,FALSE
21-01-2003 08:30,0.21726061,0.0056,0.105119374,FALSE
22-01-2003 08:30,0.089899585,0.0055,0.042720283,FALSE
23-01-2003 08:00,0,0,0,TRUE
24-01-2003 08:00,0,0,0,TRUE
25-01-2003 08:00,0,0,0,TRUE
26-01-2003 08:00,0,0,0,TRUE
27-01-2003 08:00,0,0,0,TRUE
28-01-2003 08:00,0,0,0,TRUE
29-01-2003 08:00,0,0,0,TRUE
30-01-2003 08:00,0,0,0,TRUE
31-01-2003 08:00,0,0,0,TRUE
01-02-2003 08:00,0,0,0,TRUE
02-02-2003 08:00,0,0,0,TRUE
03-02-2003 08:00,0,0,0,TRUE
04-02-2003 08:00,0,0,0,TRUE
05-02-2003 08:00,0,0,0,TRUE
06-02-2003 08:00,0,0,0,TRUE
07-02-2003 08:00,0,0,0,TRUE
08-02-2003 08:00,0,0,0,TRUE
09-02-2003 08:00,0,0,0,TRUE
10-02-2003 08:00,0,0,0,TRUE
11-02-2003 08:00,0,0,0,TRUE
12-02-2003 08:00,0,0,0,TRUE
13-02-2003 08:00,0,0,0,TRUE
14-02-2003 08:00,0,0,0,TRUE
15-02-2003 08:00,0,0,0,TRUE
16-02-2003 08:00,0,0,0,TRUE
17-02-2003 08:00,0,0,0,TRUE
18-02-2003 08:00,0,0,0,TRUE
19-02-2003 08:00,0,0,0,TRUE
20-02-2003 08:00,0,0,0,TRUE
21-02-2003 08:00,0,0,0,TRUE
22-02-2003 08:00,0,0,0,TRUE
23-02-2003 08:00,0,0,0,TRUE
24-02-2003 08:00,0,0,0,TRUE
25-02-2003 08:00,0,0,0,TRUE
26-02-2003 08:00,0,0,0,TRUE
27-02-2003 08:00,0,0,0,TRUE
28-02-2003 08:00,0,0,0,TRUE
01-03-2003 08:00,0,0,0,TRUE
02-03-2003 08:00,0,0,0,TRUE
03-03-2003 08:00,0,0,0,TRUE
04-03-2003 08:00,0,0,0,TRUE
05-03-2003 08:00,0,0,0,TRUE
06-03-2003 08:00,0,0,0,TRUE
07-03-2003 08:00,0,0,0,TRUE
08-03-2003 08:00,0,0,0,TRUE
09-03-2003 08:00,0,0,0,TRUE
10-03-2003 08:00,0,0,0,TRUE
11-03-2003 08:00,0,0,0,TRUE
12-03-2003 08:00,0,0,0,TRUE
13-03-2003 08:00,0,0,0,TRUE
14-03-2003 08:00,0,0,0,TRUE
15-03-2003 08:00,0,0,0,TRUE
16-03-2003 08:00,0,0,0,TRUE
17-03-2003 08:00,0,0,0,TRUE
18-03-2003 08:00,0,0,0,TRUE
19-03-2003 08:00,0,0,0,TRUE
20-03-2003 08:00,0,0,0,TRUE
21-03-2003 08:00,0,0,0,TRUE
22-03-2003 08:00,0,0,0,TRUE
23-03-2003 08:00,0,0,0,TRUE
24-03-2003 08:00,0,0,0,TRUE
25-03-2003 08:00,0,0,0,TRUE
26-03-2003 08:00,0,0,0,TRUE
27-03-2003 08:00,0,0,0,TRUE
28-03-2003 08:00,0,0,0,TRUE
29-03-2003 08:00,0,0,0,TRUE
30-03-2003 08:00,0,0,0,TRUE
31-03-2003 08:00,0,0,0,TRUE
01-04-2003 08:00,0,0,0,TRUE
02-04-2003 08:00,0,0,0,TRUE
03-04-2003 08:00,0,0,0,TRUE
04-04-2003 08:00,0,0,0,TRUE
05-04-2003 08:00,0,0,0,TRUE
06-04-2003 08:00,0,0,0,TRUE
07-04-2003 08:00,0,0,0,TRUE
08-04-2003 08:00,0,0,0,TRUE
09-04-2003 08:00,0,0,0,TRUE
10-04-2003 08:00,0,0,0,TRUE
11-04-2003 08:00,0,0,0,TRUE
12-04-2003 08:00,0,0,0,TRUE
13-04-2003 08:00,0,0,0,TRUE
14-04-2003 08:00,0,0,0,TRUE
15-04-2003 08:00,0,0,0,TRUE
16-04-2003 08:00,0,0,0,TRUE
17-04-2003 08:00,0,0,0,TRUE
18-04-2003 08:00,0,0,0,TRUE
19-04-2003 08:00,0,0,0,TRUE
20-04-2003 08:00,0,0,0,TRUE
21-04-2003 08:00,0,0,0,TRUE
22-04-2003 08:00,0,0,0,TRUE
23-04-2003 08:00,0,0,0,TRUE
24-04-2003 08:00,0,0,0,TRUE
25-04-2003 08:00,0,0,0,TRUE
26-04-2003 08:00,0,0,0,TRUE
27-04-2003 08:00,0,0,0,TRUE
28-04-2003 08:00,0,0,0,TRUE
29-04-2003 08:00,0,0,0,TRUE
30-04-2003 08:00,0,0,0,TRUE
01-05-2003 08:00,0,0,0,TRUE
02-05-2003 08:00,0,0,0,TRUE
03-05-2003 08:00,0,0,0,TRUE
04-05-2003 08:00,0,0,0,TRUE
05-05-2003 08:00,0,0,0,TRUE
06-05-2003 08:00,0,0,0,TRUE
07-05-2003 08:00,0,0,0,TRUE
08-05-2003 08:00,0,0,0,TRUE
09-05-2003 08:00,0,0,0,TRUE
10-05-2003 08:00,0,0,0,TRUE
11-05-2003 08:00,0,0,0,TRUE
12-05-2003 08:00,0,0,0,TRUE
13-05-2003 08:00,0,0,0,TRUE
14-05-2003 08:00,0,0,0,TRUE
15-05-2003 08:00,0,0,0,TRUE
16-05-2003 08:00,0,0,0,TRUE
17-05-2003 08:00,0,0,0,TRUE
18-05-2003 08:00,0,0,0,TRUE
19-05-2003 08:00,0,0,0,TRUE
20-05-2003 08:00,0,0,0,TRUE
21-05-2003 08:00,0,0,0,TRUE
22-05-2003 08:00,0,0,0,TRUE
23-05-2003 08:00,0,0,0,TRUE
24-05-2003 08:00,0,0,0,TRUE
25-05-2003 08:00,0,0,0,TRUE
26-05-2003 08:00,0,0,0,TRUE
27-05-2003 08:00,0,0,0,TRUE
28-05-2003 08:00,0,0,0,TRUE
29-05-2003 08:00,0,0,0,TRUE
30-05-2003 08:00,0,0,0,TRUE
31-05-2003 08:00,0,0,0,TRUE
02-06-2003 08:45,3.8635032,0.0069,2.303266068,FALSE
03-06-2003 08:45,3.9980526,0.0071,2.452565387,FALSE
04-06-2003 09:00,3.7845457,0.0068,2.22349629,FALSE
05-06-2003 09:00,3.4894779,0.0064,1.9295417,FALSE
06-06-2003 09:00,3.3941061,0.0061,1.788829679,FALSE
13-06-2003 08:45,15.69877,0.0107,14.51319889,FALSE
14-06-2003 08:45,10.96348,0.0099,9.377722253,FALSE
16-06-2003 08:45,10.045462,0.0097,8.418900793,FALSE
17-06-2003 08:45,23.679445,0.0132,27.00593343,FALSE
18-06-2003 08:45,18.085299,0.0116,18.12581007,FALSE
19-06-2003 08:45,18.005938,0.0114,17.73512869,FALSE
20-06-2003 08:45,28.716177,0.0134,33.24644108,FALSE
21-06-2003 09:00,162.34523,0.0354,496.5426267,FALSE
23-06-2003 09:00,193.16112,0.0402,670.9026549,FALSE
24-06-2003 09:00,88.973854,0.0286,219.8579522,FALSE
25-06-2003 09:00,69.29113,0.0261,156.2542698,FALSE
26-06-2003 09:00,50.21847,0.022,95.45526778,FALSE
27-06-2003 09:00,43.729927,0.0214,80.85488583,FALSE
28-06-2003 09:00,57.09477,0.0226,111.4855317,FALSE
30-06-2003 09:00,49.283604,0.0216,91.97503313,FALSE
01-07-2003 09:00,64.95391,0.0257,144.2288581,FALSE
02-07-2003 09:00,93.25381,0.0293,236.0738851,FALSE
03-07-2003 09:00,66.09207,0.0263,150.1823325,FALSE
04-07-2003 09:00,65.99286,0.026,148.2463607,FALSE
05-07-2003 09:00,110.89838,0.031,297.030221,FALSE
07-07-2003 09:00,84.943565,0.0279,204.76156,FALSE
08-07-2003 09:00,60.70282,0.0254,133.2159807,FALSE
09-07-2003 09:00,58.025547,0.0234,117.3137299,FALSE
10-07-2003 09:00,73.151054,0.0257,162.4304524,FALSE
11-07-2003 09:00,52.698616,0.0227,103.3567416,FALSE
12-07-2003 09:00,105.250145,0.0303,275.5364596,FALSE
14-07-2003 09:00,75.09452,0.027,175.1804963,FALSE
15-07-2003 09:00,80.231926,0.0278,192.7106677,FALSE
16-07-2003 09:30,141.08443,0.0319,388.8512626,FALSE
17-07-2003 09:00,103.16937,0.0302,269.1977738,FALSE
18-07-2003 09:00,83.992424,0.0281,203.9201667,FALSE
19-07-2003 09:00,82.28077,0.0278,197.6318271,FALSE
21-07-2003 09:00,60.59553,0.0255,133.5040717,FALSE
22-07-2003 09:00,67.99387,0.0258,151.5664955,FALSE
23-07-2003 09:00,70.3297,0.0261,158.5962867,FALSE
24-07-2003 09:00,95.84053,0.0294,243.4502807,FALSE
25-07-2003 09:00,119.06692,0.0318,327.138744,FALSE
26-07-2003 09:00,87.8659,0.0283,214.8426694,FALSE
28-07-2003 09:00,128.53267,0.0328,364.2513042,FALSE
29-07-2003 09:00,90.08073,0.0286,222.5930871,FALSE
30-07-2003 09:00,68.033905,0.0266,156.3582418,FALSE
31-07-2003 09:00,59.586716,0.0251,129.2221358,FALSE
01-08-2003 09:00,114.9338,0.0304,301.8805217,FALSE
02-08-2003 09:00,67.81013,0.0265,155.2580736,FALSE
04-08-2003 09:00,52.840527,0.023,105.0046953,FALSE
05-08-2003 09:00,53.205696,0.0231,106.1900563,FALSE
06-08-2003 09:00,59.5511,0.0238,122.456118,FALSE
07-08-2003 09:00,77.27014,0.0274,182.9262386,FALSE
08-08-2003 09:00,60.25689,0.024,124.9486871,FALSE
09-08-2003 09:00,73.9305,0.0268,171.1875514,FALSE
11-08-2003 09:00,75.073006,0.0272,176.4275699,FALSE
12-08-2003 09:00,59.030365,0.0243,123.9354319,FALSE
13-08-2003 08:30,66.00509,0.0256,145.9926983,FALSE
14-08-2003 09:00,94.268135,0.0299,243.5285292,FALSE
16-08-2003 09:00,134.45917,0.0363,421.7069841,FALSE
18-08-2003 09:00,67.77703,0.0267,156.353475,FALSE
19-08-2003 09:00,60.065556,0.0252,130.7795338,FALSE
21-08-2003 09:00,68.05338,0.0269,158.1669437,FALSE
22-08-2003 09:00,155.80788,0.0344,463.0859486,FALSE
23-08-2003 09:00,172.23508,0.0378,562.5059925,FALSE
25-08-2003 09:00,110.87614,0.0301,288.3489247,FALSE
26-08-2003 09:00,93.62315,0.0288,232.9643566,FALSE
27-08-2003 09:00,72.83664,0.0266,167.3960795,FALSE
28-08-2003 09:00,60.952538,0.0254,133.7640018,FALSE
29-08-2003 09:00,53.03163,0.0232,106.3008417,FALSE
30-08-2003 09:00,47.014248,0.0227,92.20810432,FALSE
01-09-2003 09:00,59.997093,0.0248,128.5569711,FALSE
02-09-2003 09:00,47.02138,0.0227,92.22209217,FALSE
03-09-2003 09:00,62.109184,0.0256,137.3755775,FALSE
04-09-2003 09:00,46.08064,0.0227,90.37703762,FALSE
05-09-2003 09:00,44.143154,0.0223,85.05149767,FALSE
06-09-2003 09:00,37.43098,0.0216,69.85519212,FALSE
09-09-2003 09:00,27.128796,0.0211,49.45688026,FALSE
10-09-2003 09:00,26.067415,0.0209,47.07149531,FALSE
11-09-2003 09:00,24.728472,0.0206,44.0127236,FALSE
12-09-2003 09:00,22.161997,0.0202,38.67889012,FALSE
13-09-2003 09:00,21.136469,0.02,36.52381843,FALSE
15-09-2003 09:00,19.145159,0.0197,32.58659223,FALSE
16-09-2003 09:00,17.659515,0.0194,29.60017266,FALSE
17-09-2003 09:00,20.098082,0.02,34.7294857,FALSE
18-09-2003 09:00,20.031845,0.0197,34.09580274,FALSE
19-09-2003 09:00,22.937044,0.0204,40.42791627,FALSE
20-09-2003 09:00,20.641296,0.0201,35.84650029,FALSE
22-09-2003 09:00,13.322223,0.0185,21.29424124,FALSE
23-09-2003 09:00,11.886221,0.0182,18.6908448,FALSE
24-09-2003 09:00,11.517994,0.0179,17.8132688,FALSE
25-09-2003 09:00,10.616439,0.0175,16.05205577,FALSE
26-09-2003 09:00,11.015737,0.0179,17.03649821,FALSE
27-09-2003 09:01,9.972501,0.0171,14.73377188,FALSE
29-09-2003 08:45,16.994694,0.0193,28.33899214,FALSE
30-09-2003 08:45,9.939959,0.0171,14.68569302,FALSE
01-10-2003 08:45,18.654852,0.0198,31.91322841,FALSE
06-10-2003 09:00,221.04314,0.0436,832.6783501,FALSE
07-10-2003 09:00,137.31802,0.0404,479.3167879,FALSE
08-10-2003 09:00,290.5108,0.0516,1295.166869,FALSE
09-10-2003 09:00,131.24014,0.0319,361.7188243,FALSE
10-10-2003 09:00,80.093056,0.0274,189.6090971,FALSE
11-10-2003 09:00,60.261215,0.0254,132.246852,FALSE
13-10-2003 09:00,82.07705,0.0278,197.1425079,FALSE
14-10-2003 09:00,98.02758,0.0295,249.8526959,FALSE
15-10-2003 09:00,85.295395,0.0282,207.820524,FALSE
16-10-2003 09:00,73.12409,0.0267,168.6885007,FALSE
17-10-2003 09:00,85.965416,0.0285,211.6812404,FALSE
18-10-2003 09:00,58.10452,0.0248,124.5017171,FALSE
20-10-2003 09:00,69.092636,0.0265,158.1944994,FALSE
21-10-2003 09:00,65.567764,0.0261,147.8579305,FALSE
22-10-2003 09:00,60.47992,0.0252,131.6817202,FALSE
23-10-2003 09:00,50.179516,0.0242,104.9193464,FALSE
25-10-2003 09:00,112.84376,0.0305,297.3658764,FALSE
27-10-2003 09:00,53.068275,0.0247,113.2519443,FALSE
28-10-2003 09:00,45.15395,0.0227,88.55953906,FALSE
29-10-2003 09:00,49.276516,0.0243,103.4570309,FALSE
31-10-2003 09:00,43.65903,0.0224,84.4959403,FALSE
01-11-2003 09:00,52.10919,0.024,108.0536164,FALSE
03-11-2003 09:00,35.719692,0.0222,68.51322683,FALSE
04-11-2003 09:00,34.83688,0.0221,66.51893215,FALSE
05-11-2003 09:00,23.726742,0.0217,44.48479404,FALSE
06-11-2003 09:00,26.595648,0.022,50.55300772,FALSE
07-11-2003 09:00,27.175743,0.022,51.65565229,FALSE
10-11-2003 09:00,19.54821,0.0211,35.63716876,FALSE
11-11-2003 09:00,17.689476,0.0207,31.63727404,FALSE
12-11-2003 09:00,15.938696,0.0203,27.95519769,FALSE
13-11-2003 09:00,15.621022,0.0202,27.26305728,FALSE
14-11-2003 09:00,14.627263,0.0195,24.6440127,FALSE
15-11-2003 09:00,14.15879,0.0191,23.36540161,FALSE
17-11-2003 09:00,13.459906,0.0186,21.63060734,FALSE
18-11-2003 09:00,11.512707,0.0182,18.1035015,FALSE
19-11-2003 09:00,9.949516,0.0177,15.21559583,FALSE
20-11-2003 09:00,9.061386,0.0173,13.54423488,FALSE
21-11-2003 08:45,8.407177,0.017,12.34846158,FALSE
22-11-2003 08:45,7.6788154,0.0167,11.07960916,FALSE
24-11-2003 08:45,7.1038914,0.0163,10.00455234,FALSE
26-11-2003 08:45,6.2013288,0.0161,8.626296414,FALSE
27-11-2003 09:00,5.7366695,0.0158,7.831242268,FALSE
28-11-2003 08:45,5.2674403,0.0156,7.099666734,FALSE
29-11-2003 08:45,5.2410073,0.0155,7.018756976,FALSE
01-12-2003 08:45,6.866162,0.0163,9.669753268,FALSE
02-12-2003 08:45,5.21912,0.0154,6.944352307,FALSE
03-12-2003 08:45,4.6774054,0.0149,6.021504616,FALSE
04-12-2003 08:45,4.243166,0.0134,4.912567868,FALSE
05-12-2003 08:45,3.8386197,0.0126,4.17887495,FALSE
08-12-2003 08:30,3.2139966,0.0116,3.221195952,FALSE
09-12-2003 08:30,2.8024223,0.01,2.421292867,FALSE
10-12-2003 08:30,2.4889057,0.0099,2.12891038,FALSE
11-12-2003 08:30,2.1115806,0.0097,1.769673469,FALSE
12-12-2003 08:30,1.7347125,0.0095,1.42385202,FALSE
15-12-2003 08:30,1.2334697,0.0094,1.001774752,FALSE
16-12-2003 08:30,0.98211545,0.0093,0.789149406,FALSE
17-12-2003 08:30,0.5373652,0.0091,0.422498015,FALSE
19-12-2003 08:00,0,0,0,TRUE
20-12-2003 08:00,0,0,0,TRUE
21-12-2003 08:00,0,0,0,TRUE
22-12-2003 08:00,0,0,0,TRUE
23-12-2003 08:00,0,0,0,TRUE
24-12-2003 08:00,0,0,0,TRUE
25-12-2003 08:00,0,0,0,TRUE
26-12-2003 08:00,0,0,0,TRUE
27-12-2003 08:00,0,0,0,TRUE
28-12-2003 08:00,0,0,0,TRUE
29-12-2003 08:00,0,0,0,TRUE
30-12-2003 08:00,0,0,0,TRUE
31-12-2003 08:00,0,0,0,TRUE
01-01-2004 08:00,0,0,0,TRUE
02-01-2004 08:00,0,0,0,TRUE
03-01-2004 08:00,0,0,0,TRUE
04-01-2004 08:00,0,0,0,TRUE
05-01-2004 08:00,0,0,0,TRUE
06-01-2004 08:00,0,0,0,TRUE
07-01-2004 08:00,0,0,0,TRUE
08-01-2004 08:00,0,0,0,TRUE
09-01-2004 08:00,0,0,0,TRUE
10-01-2004 08:00,0,0,0,TRUE
11-01-2004 08:00,0,0,0,TRUE
12-01-2004 08:00,0,0,0,TRUE
13-01-2004 08:00,0,0,0,TRUE
14-01-2004 08:00,0,0,0,TRUE
15-01-2004 08:00,0,0,0,TRUE
16-01-2004 08:00,0,0,0,TRUE
17-01-2004 08:00,0,0,0,TRUE
18-01-2004 08:00,0,0,0,TRUE
19-01-2004 08:00,0,0,0,TRUE
20-01-2004 08:00,0,0,0,TRUE
21-01-2004 08:00,0,0,0,TRUE
22-01-2004 08:00,0,0,0,TRUE
23-01-2004 08:00,0,0,0,TRUE
24-01-2004 08:00,0,0,0,TRUE
25-01-2004 08:00,0,0,0,TRUE
26-01-2004 08:00,0,0,0,TRUE
27-01-2004 08:00,0,0,0,TRUE
28-01-2004 08:00,0,0,0,TRUE
29-01-2004 08:00,0,0,0,TRUE
30-01-2004 08:00,0,0,0,TRUE
31-01-2004 08:00,0,0,0,TRUE
01-02-2004 08:00,0,0,0,TRUE
02-02-2004 08:00,0,0,0,TRUE
03-02-2004 08:00,0,0,0,TRUE
04-02-2004 08:00,0,0,0,TRUE
05-02-2004 08:00,0,0,0,TRUE
06-02-2004 08:00,0,0,0,TRUE
07-02-2004 08:00,0,0,0,TRUE
08-02-2004 08:00,0,0,0,TRUE
09-02-2004 08:00,0,0,0,TRUE
10-02-2004 08:00,0,0,0,TRUE
11-02-2004 08:00,0,0,0,TRUE
12-02-2004 08:00,0,0,0,TRUE
13-02-2004 08:00,0,0,0,TRUE
14-02-2004 08:00,0,0,0,TRUE
15-02-2004 08:00,0,0,0,TRUE
16-02-2004 08:00,0,0,0,TRUE
17-02-2004 08:00,0,0,0,TRUE
18-02-2004 08:00,0,0,0,TRUE
19-02-2004 08:00,0,0,0,TRUE
20-02-2004 08:00,0,0,0,TRUE
21-02-2004 08:00,0,0,0,TRUE
22-02-2004 08:00,0,0,0,TRUE
23-02-2004 08:00,0,0,0,TRUE
24-02-2004 08:00,0,0,0,TRUE
25-02-2004 08:00,0,0,0,TRUE
26-02-2004 08:00,0,0,0,TRUE
27-02-2004 08:00,0,0,0,TRUE
28-02-2004 08:00,0,0,0,TRUE
29-02-2004 08:00,0,0,0,TRUE
01-03-2004 08:00,0,0,0,TRUE
02-03-2004 08:00,0,0,0,TRUE
03-03-2004 08:00,0,0,0,TRUE
04-03-2004 08:00,0,0,0,TRUE
05-03-2004 08:00,0,0,0,TRUE
06-03-2004 08:00,0,0,0,TRUE
07-03-2004 08:00,0,0,0,TRUE
08-03-2004 08:00,0,0,0,TRUE
09-03-2004 08:00,0,0,0,TRUE
10-03-2004 08:00,0,0,0,TRUE
11-03-2004 08:00,0,0,0,TRUE
12-03-2004 08:00,0,0,0,TRUE
13-03-2004 08:00,0,0,0,TRUE
14-03-2004 08:00,0,0,0,TRUE
15-03-2004 08:00,0,0,0,TRUE
16-03-2004 08:00,0,0,0,TRUE
17-03-2004 08:00,0,0,0,TRUE
18-03-2004 08:00,0,0,0,TRUE
19-03-2004 08:00,0,0,0,TRUE
20-03-2004 08:00,0,0,0,TRUE
21-03-2004 08:00,0,0,0,TRUE
22-03-2004 08:00,0,0,0,TRUE
23-03-2004 08:00,0,0,0,TRUE
24-03-2004 08:00,0,0,0,TRUE
25-03-2004 08:00,0,0,0,TRUE
26-03-2004 08:00,0,0,0,TRUE
27-03-2004 08:00,0,0,0,TRUE
28-03-2004 08:00,0,0,0,TRUE
29-03-2004 08:00,0,0,0,TRUE
30-03-2004 08:00,0,0,0,TRUE
31-03-2004 08:00,0,0,0,TRUE
01-04-2004 08:00,0,0,0,TRUE
02-04-2004 08:00,0,0,0,TRUE
03-04-2004 08:00,0,0,0,TRUE
04-04-2004 08:00,0,0,0,TRUE
05-04-2004 08:00,0,0,0,TRUE
06-04-2004 08:00,0,0,0,TRUE
07-04-2004 08:00,0,0,0,TRUE
08-04-2004 08:00,0,0,0,TRUE
09-04-2004 08:00,0,0,0,TRUE
10-04-2004 08:00,0,0,0,TRUE
11-04-2004 08:00,0,0,0,TRUE
12-04-2004 08:00,0,0,0,TRUE
13-04-2004 08:00,0,0,0,TRUE
14-04-2004 08:00,0,0,0,TRUE
15-04-2004 08:00,0,0,0,TRUE
16-04-2004 08:00,0,0,0,TRUE
17-04-2004 08:00,0,0,0,TRUE
18-04-2004 08:00,0,0,0,TRUE
19-04-2004 08:00,0,0,0,TRUE
20-04-2004 08:00,0,0,0,TRUE
21-04-2004 08:00,0,0,0,TRUE
22-04-2004 08:00,0,0,0,TRUE
23-04-2004 08:00,0,0,0,TRUE
24-04-2004 08:00,0,0,0,TRUE
25-04-2004 08:00,0,0,0,TRUE
26-04-2004 08:00,0,0,0,TRUE
27-04-2004 08:00,0,0,0,TRUE
28-04-2004 08:00,0,0,0,TRUE
29-04-2004 08:00,0,0,0,TRUE
30-04-2004 08:00,0,0,0,TRUE
01-05-2004 08:00,0,0,0,TRUE
02-05-2004 08:00,0,0,0,TRUE
03-05-2004 08:00,0,0,0,TRUE
04-05-2004 08:00,0,0,0,TRUE
05-05-2004 08:00,0,0,0,TRUE
06-05-2004 08:00,0,0,0,TRUE
07-05-2004 08:00,0,0,0,TRUE
08-05-2004 08:00,0,0,0,TRUE
09-05-2004 08:00,0,0,0,TRUE
10-05-2004 08:00,0,0,0,TRUE
11-05-2004 08:00,0,0,0,TRUE
12-05-2004 08:00,0,0,0,TRUE
13-05-2004 08:00,0,0,0,TRUE
14-05-2004 08:00,0,0,0,TRUE
15-05-2004 08:00,0,0,0,TRUE
16-05-2004 08:00,0,0,0,TRUE
17-05-2004 08:00,0,0,0,TRUE
18-05-2004 08:00,0,0,0,TRUE
19-05-2004 08:00,0,0,0,TRUE
20-05-2004 08:00,0,0,0,TRUE
21-05-2004 08:00,0,0,0,TRUE
22-05-2004 08:00,0,0,0,TRUE
23-05-2004 08:00,0,0,0,TRUE
24-05-2004 08:45,3.8756068,0.0067,2.243511264,FALSE
25-05-2004 08:45,19.687393,0.0115,19.56139368,FALSE
26-05-2004 08:45,33.72451,0.012,34.96557197,FALSE
27-05-2004 08:45,51.98839,0.014,62.88515654,FALSE
28-05-2004 08:45,44.42781,0.0135,51.82059758,FALSE
29-05-2004 08:45,38.727135,0.0132,44.16752292,FALSE
31-05-2004 08:30,28.032183,0.0114,27.61057897,FALSE
01-06-2004 08:45,24.676205,0.0118,25.15788452,FALSE
02-06-2004 08:45,22.231884,0.0114,21.89751646,FALSE
03-06-2004 08:45,20.543829,0.0112,19.87985245,FALSE
04-06-2004 08:45,92.47474,0.0301,240.4935078,FALSE
05-06-2004 08:45,167.4965,0.0381,551.3716786,FALSE
07-06-2004 08:45,112.3039,0.0313,303.7056828,FALSE
08-06-2004 08:30,96.23401,0.0308,256.0902487,FALSE
09-06-2004 08:45,87.6294,0.0285,215.7786346,FALSE
10-06-2004 08:45,112.99925,0.0305,297.7756236,FALSE
11-06-2004 08:45,86.29812,0.0277,206.5355646,FALSE
12-06-2004 09:00,98.065636,0.031,262.6589995,FALSE
14-06-2004 08:45,120.89821,0.0321,335.3039315,FALSE
15-06-2004 09:00,97.466934,0.0304,256.0027502,FALSE
16-06-2004 09:00,93.42555,0.0295,238.1230418,FALSE
17-06-2004 09:00,122.40036,0.0325,343.7002109,FALSE
18-06-2004 09:00,106.6327,0.0322,296.660702,FALSE
19-06-2004 09:00,118.33,0.032,327.158784,FALSE
21-06-2004 09:00,65.1588,0.0267,150.3135325,FALSE
22-06-2004 09:00,54.463005,0.0243,114.3461683,FALSE
23-06-2004 09:00,44.170437,0.0232,88.53875756,FALSE
24-06-2004 09:00,41.270496,0.0227,80.94299839,FALSE
25-06-2004 09:00,37.0732,0.0223,71.4296759,FALSE
26-06-2004 09:00,37.052315,0.0221,70.74917235,FALSE
28-06-2004 09:00,58.311695,0.0247,124.4418221,FALSE
29-06-2004 09:00,55.257843,0.0243,116.0149465,FALSE
30-06-2004 09:00,64.62237,0.0266,148.5177156,FALSE
01-07-2004 09:00,82.65595,0.0272,194.248095,FALSE
02-07-2004 09:00,81.4276,0.027,189.9543053,FALSE
03-07-2004 09:00,75.114136,0.0267,173.2792981,FALSE
05-07-2004 09:00,107.334946,0.0313,290.2680412,FALSE
06-07-2004 09:00,90.39837,0.0287,224.1590301,FALSE
07-07-2004 09:00,78.32502,0.0271,183.3933348,FALSE
08-07-2004 09:00,63.982277,0.0266,147.0466283,FALSE
09-07-2004 09:00,83.73213,0.0279,201.8413233,FALSE
10-07-2004 09:00,78.89691,0.0274,186.7773889,FALSE
12-07-2004 09:00,76.05762,0.027,177.4272159,FALSE
13-07-2004 09:00,66.6704,0.0265,152.6485478,FALSE
14-07-2004 09:00,61.440945,0.0259,137.4900891,FALSE
15-07-2004 09:00,70.50428,0.0267,162.6449134,FALSE
16-07-2004 09:00,99.22122,0.0309,264.8968443,FALSE
17-07-2004 09:00,125.331894,0.0323,349.7662232,FALSE
19-07-2004 09:00,84.729866,0.0284,207.906756,FALSE
20-07-2004 09:00,86.86058,0.0287,215.386443,FALSE
21-07-2004 09:00,65.0394,0.0273,153.4097336,FALSE
22-07-2004 09:00,63.090424,0.0269,146.6322398,FALSE
23-07-2004 09:00,61.872387,0.0264,141.1284399,FALSE
24-07-2004 09:00,69.72244,0.0276,166.2629193,FALSE
26-07-2004 09:00,82.017265,0.0288,204.0852008,FALSE
27-07-2004 09:00,95.722626,0.0316,261.3457424,FALSE
28-07-2004 09:00,88.67802,0.0304,232.9181402,FALSE
29-07-2004 09:00,84.2042,0.0297,216.0747135,FALSE
30-07-2004 09:00,100.57655,0.0331,287.6328408,FALSE
31-07-2004 09:00,71.50564,0.0281,173.604253,FALSE
02-08-2004 09:00,52.78962,0.0242,110.3767607,FALSE
03-08-2004 09:00,67.03111,0.0274,158.6867686,FALSE
04-08-2004 09:00,334.66443,0.0524,1515.146354,FALSE
05-08-2004 09:00,306.24197,0.0506,1338.840894,FALSE
06-08-2004 09:00,290.76288,0.0485,1218.412772,FALSE
07-08-2004 09:00,175.56969,0.0384,582.4980947,FALSE
09-08-2004 09:00,106.062325,0.0311,284.9937098,FALSE
10-08-2004 09:00,83.938545,0.0289,209.5911893,FALSE
11-08-2004 09:00,66.505035,0.0272,156.2921527,FALSE
12-08-2004 09:00,57.720333,0.0248,123.6785119,FALSE
13-08-2004 09:00,86.93425,0.0301,226.0846879,FALSE
14-08-2004 09:00,70.1211,0.0279,169.0311188,FALSE
16-08-2004 09:00,83.36111,0.0291,209.5898372,FALSE
17-08-2004 09:00,69.3753,0.0275,164.8357128,FALSE
18-08-2004 09:00,68.76161,0.0271,161.0011841,FALSE
19-08-2004 09:00,56.91271,0.0257,126.3735343,FALSE
20-08-2004 09:00,50.338398,0.0249,108.2960159,FALSE
21-08-2004 09:00,45.68107,0.0243,95.90832009,FALSE
23-08-2004 09:00,36.124523,0.0234,73.03511562,FALSE
24-08-2004 09:00,32.717716,0.0229,64.73396417,FALSE
25-08-2004 09:00,30.468609,0.022,57.91473199,FALSE
26-08-2004 09:00,28.958555,0.0213,53.29300794,FALSE
27-08-2004 09:00,29.621895,0.0215,55.02563215,FALSE
30-08-2004 09:00,23.054897,0.0192,38.24530754,FALSE
31-08-2004 09:00,22.18151,0.0181,34.6883326,FALSE
01-09-2004 09:00,20.81281,0.0163,29.31109658,FALSE
02-09-2004 09:00,18.687101,0.0152,24.541396,FALSE
03-09-2004 09:00,17.317495,0.0136,20.34874932,FALSE
04-09-2004 09:00,21.373291,0.0169,31.20842459,FALSE
06-09-2004 09:00,25.287354,0.0202,44.13351319,FALSE
08-09-2004 09:00,20.911945,0.0174,31.43818164,FALSE
09-09-2004 09:00,27.960005,0.0211,50.97220752,FALSE
10-09-2004 09:00,22.662607,0.019,37.20293565,FALSE
11-09-2004 09:00,40.733578,0.0239,84.11320923,FALSE
13-09-2004 09:00,31.212969,0.0222,59.86897158,FALSE
14-09-2004 09:00,24.070925,0.0192,39.93077606,FALSE
15-09-2004 09:00,33.61267,0.0229,66.50468436,FALSE
16-09-2004 09:00,36.526436,0.0234,73.84768725,FALSE
17-09-2004 10:00,37.83923,0.024,78.46342733,FALSE
18-09-2004 09:00,44.06456,0.0246,93.65657841,FALSE
20-09-2004 09:00,37.046505,0.0236,75.53930556,FALSE
21-09-2004 09:00,36.00556,0.023,71.55024883,FALSE
22-09-2004 09:00,33.010727,0.0223,63.60242793,FALSE
23-09-2004 09:00,27.023043,0.0213,49.73104649,FALSE
24-09-2004 09:00,36.536457,0.0233,73.55227232,FALSE
25-09-2004 09:00,63.01575,0.0259,141.0141247,FALSE
27-09-2004 09:00,35.41342,0.0231,70.67952017,FALSE
28-09-2004 09:00,33.625805,0.0225,65.36856492,FALSE
29-09-2004 09:00,30.885023,0.0217,57.90571192,FALSE
30-09-2004 09:00,26.109634,0.0207,46.69655822,FALSE
01-10-2004 09:00,22.674675,0.0196,38.39820163,FALSE
04-10-2004 09:00,141.69963,0.035,428.4996811,FALSE
05-10-2004 09:00,97.5791,0.0314,264.7281951,FALSE
06-10-2004 09:00,68.68892,0.0279,165.578763,FALSE
07-10-2004 09:00,55.681435,0.0269,129.412564,FALSE
08-10-2004 09:00,47.078754,0.0259,105.3509526,FALSE
09-10-2004 09:00,40.5238,0.0252,88.23165926,FALSE
11-10-2004 09:00,41.861862,0.0271,98.01703816,FALSE
12-10-2004 09:00,65.046684,0.0275,154.5509212,FALSE
13-10-2004 09:00,40.505424,0.025,87.49171584,FALSE
14-10-2004 09:00,77.13604,0.0282,187.9404187,FALSE
15-10-2004 09:00,119.83463,0.0328,339.6017546,FALSE
16-10-2004 09:00,82.17554,0.0283,200.9290564,FALSE
18-10-2004 09:00,57.300476,0.026,128.7197893,FALSE
19-10-2004 09:00,71.62678,0.0277,171.42294,FALSE
20-10-2004 09:00,52.08384,0.0255,114.7511163,FALSE
23-10-2004 09:00,33.00161,0.0235,67.00646894,FALSE
25-10-2004 09:00,25.27913,0.0206,44.99280674,FALSE
26-10-2004 09:00,33.450764,0.0223,64.45025601,FALSE
27-10-2004 09:00,24.086079,0.0199,41.41264079,FALSE
28-10-2004 09:00,22.537178,0.0191,37.19175262,FALSE
29-10-2004 09:00,20.801237,0.0187,33.6081426,FALSE
30-10-2004 09:00,23.620682,0.0193,39.38795965,FALSE
01-11-2004 09:00,19.030575,0.018,29.59635024,FALSE
02-11-2004 09:00,28.334175,0.0212,51.89914166,FALSE
03-11-2004 09:00,23.384132,0.0188,37.98331329,FALSE
04-11-2004 09:00,17.921055,0.0174,26.94179724,FALSE
05-11-2004 09:00,15.439173,0.0158,21.07632385,FALSE
06-11-2004 09:00,29.825773,0.0214,55.14666125,FALSE
08-11-2004 09:00,19.27181,0.0185,30.8040611,FALSE
09-11-2004 09:00,23.230022,0.019,38.13440412,FALSE
10-11-2004 09:00,16.65313,0.0186,26.76224604,FALSE
11-11-2004 09:00,16.010744,0.018,24.89990907,FALSE
13-11-2004 09:00,14.425137,0.0172,21.43690759,FALSE
15-11-2004 09:00,13.715601,0.0167,19.78996637,FALSE
16-11-2004 09:00,12.721467,0.0161,17.69606946,FALSE
17-11-2004 09:00,11.781838,0.0154,15.67644237,FALSE
18-11-2004 09:00,10.93539,0.015,14.17226544,FALSE
19-11-2004 09:00,9.958395,0.0145,12.47587726,FALSE
20-11-2004 09:00,9.07606,0.0139,10.89998502,FALSE
22-11-2004 09:00,7.6162806,0.0129,8.488801706,FALSE
23-11-2004 09:00,6.842035,0.0126,7.448512982,FALSE
24-11-2004 09:00,6.4755025,0.0113,6.322162601,FALSE
25-11-2004 09:00,6.0150933,0.0119,6.184478327,FALSE
27-11-2004 09:00,6.1200767,0.0116,6.133785672,FALSE
29-11-2004 09:00,4.5848937,0.0104,4.119802083,FALSE
30-11-2004 09:00,4.249912,0.0103,3.782081687,FALSE
01-12-2004 08:45,3.7773893,0.0102,3.328937642,FALSE
02-12-2004 08:45,3.750112,0.0102,3.304898703,FALSE
03-12-2004 08:45,3.4142687,0.0099,2.920428875,FALSE
04-12-2004 08:45,3.128357,0.0098,2.648842439,FALSE
06-12-2004 08:45,2.8634808,0.0097,2.399825989,FALSE
07-12-2004 09:00,2.6584544,0.0098,2.25096651,FALSE
08-12-2004 08:45,2.5432775,0.0097,2.131470007,FALSE
09-12-2004 08:45,2.380067,0.0096,1.974122772,FALSE
10-12-2004 08:45,2.2109811,0.0095,1.814773287,FALSE
11-12-2004 08:45,1.8746248,0.0094,1.522495278,FALSE
13-12-2004 08:45,1.5389299,0.0093,1.236560953,FALSE
14-12-2004 08:30,1.5306096,0.0093,1.229875426,FALSE
15-12-2004 08:30,1.3460371,0.0092,1.06993797,FALSE
16-12-2004 08:45,1.1599579,0.009,0.901983263,FALSE
17-12-2004 08:30,0.9825922,0.0089,0.755574098,FALSE
18-12-2004 08:30,0.91496134,0.0089,0.703568672,FALSE
22-12-2004 08:30,0.54431117,0.0088,0.413850669,FALSE
23-12-2004 08:30,0.39906657,0.0089,0.30686623,FALSE
24-12-2004 08:30,0.39422992,0.009,0.306553186,FALSE
27-12-2004 08:30,0.1936262,0.0087,0.145544942,FALSE
29-12-2004 08:30,0,0,0,TRUE
30-12-2004 08:00,0,0,0,TRUE
31-12-2004 08:00,0,0,0,TRUE
01-01-2005 08:00,0,0,0,TRUE
02-01-2005 08:00,0,0,0,TRUE
03-01-2005 08:00,0,0,0,TRUE
04-01-2005 08:00,0,0,0,TRUE
05-01-2005 08:00,0,0,0,TRUE
06-01-2005 08:00,0,0,0,TRUE
07-01-2005 08:00,0,0,0,TRUE
08-01-2005 08:00,0,0,0,TRUE
09-01-2005 08:00,0,0,0,TRUE
10-01-2005 08:00,0,0,0,TRUE
11-01-2005 08:00,0,0,0,TRUE
12-01-2005 08:00,0,0,0,TRUE
13-01-2005 08:00,0,0,0,TRUE
14-01-2005 08:00,0,0,0,TRUE
15-01-2005 08:00,0,0,0,TRUE
16-01-2005 08:00,0,0,0,TRUE
17-01-2005 08:00,0,0,0,TRUE
18-01-2005 08:00,0,0,0,TRUE
19-01-2005 08:00,0,0,0,TRUE
20-01-2005 08:00,0,0,0,TRUE
21-01-2005 08:00,0,0,0,TRUE
22-01-2005 08:00,0,0,0,TRUE
23-01-2005 08:00,0,0,0,TRUE
24-01-2005 08:00,0,0,0,TRUE
25-01-2005 08:00,0,0,0,TRUE
26-01-2005 08:00,0,0,0,TRUE
27-01-2005 08:00,0,0,0,TRUE
28-01-2005 08:00,0,0,0,TRUE
29-01-2005 08:00,0,0,0,TRUE
30-01-2005 08:00,0,0,0,TRUE
31-01-2005 08:00,0,0,0,TRUE
01-02-2005 08:00,0,0,0,TRUE
02-02-2005 08:00,0,0,0,TRUE
03-02-2005 08:00,0,0,0,TRUE
04-02-2005 08:00,0,0,0,TRUE
05-02-2005 08:00,0,0,0,TRUE
06-02-2005 08:00,0,0,0,TRUE
07-02-2005 08:00,0,0,0,TRUE
08-02-2005 08:00,0,0,0,TRUE
09-02-2005 08:00,0,0,0,TRUE
10-02-2005 08:00,0,0,0,TRUE
11-02-2005 08:00,0,0,0,TRUE
12-02-2005 08:00,0,0,0,TRUE
13-02-2005 08:00,0,0,0,TRUE
14-02-2005 08:00,0,0,0,TRUE
15-02-2005 08:00,0,0,0,TRUE
16-02-2005 08:00,0,0,0,TRUE
17-02-2005 08:00,0,0,0,TRUE
18-02-2005 08:00,0,0,0,TRUE
19-02-2005 08:00,0,0,0,TRUE
20-02-2005 08:00,0,0,0,TRUE
21-02-2005 08:00,0,0,0,TRUE
22-02-2005 08:00,0,0,0,TRUE
23-02-2005 08:00,0,0,0,TRUE
24-02-2005 08:00,0,0,0,TRUE
25-02-2005 08:00,0,0,0,TRUE
26-02-2005 08:00,0,0,0,TRUE
27-02-2005 08:00,0,0,0,TRUE
28-02-2005 08:00,0,0,0,TRUE
01-03-2005 08:00,0,0,0,TRUE
02-03-2005 08:00,0,0,0,TRUE
03-03-2005 08:00,0,0,0,TRUE
04-03-2005 08:00,0,0,0,TRUE
05-03-2005 08:00,0,0,0,TRUE
06-03-2005 08:00,0,0,0,TRUE
07-03-2005 08:00,0,0,0,TRUE
08-03-2005 08:00,0,0,0,TRUE
09-03-2005 08:00,0,0,0,TRUE
10-03-2005 08:00,0,0,0,TRUE
11-03-2005 08:00,0,0,0,TRUE
12-03-2005 08:00,0,0,0,TRUE
13-03-2005 08:00,0,0,0,TRUE
14-03-2005 08:00,0,0,0,TRUE
15-03-2005 08:00,0,0,0,TRUE
16-03-2005 08:00,0,0,0,TRUE
17-03-2005 08:00,0,0,0,TRUE
18-03-2005 08:00,0,0,0,TRUE
19-03-2005 08:00,0,0,0,TRUE
20-03-2005 08:00,0,0,0,TRUE
21-03-2005 08:00,0,0,0,TRUE
22-03-2005 08:00,0,0,0,TRUE
23-03-2005 08:00,0,0,0,TRUE
24-03-2005 08:00,0,0,0,TRUE
25-03-2005 08:00,0,0,0,TRUE
26-03-2005 08:00,0,0,0,TRUE
27-03-2005 08:00,0,0,0,TRUE
28-03-2005 08:00,0,0,0,TRUE
29-03-2005 08:00,0,0,0,TRUE
30-03-2005 08:00,0,0,0,TRUE
31-03-2005 08:00,0,0,0,TRUE
01-04-2005 08:00,0,0,0,TRUE
02-04-2005 08:00,0,0,0,TRUE
03-04-2005 08:00,0,0,0,TRUE
04-04-2005 08:00,0,0,0,TRUE
05-04-2005 08:00,0,0,0,TRUE
06-04-2005 08:00,0,0,0,TRUE
07-04-2005 08:00,0,0,0,TRUE
08-04-2005 08:00,0,0,0,TRUE
09-04-2005 08:00,0,0,0,TRUE
10-04-2005 08:00,0,0,0,TRUE
11-04-2005 08:00,0,0,0,TRUE
12-04-2005 08:00,0,0,0,TRUE
13-04-2005 08:00,0,0,0,TRUE
14-04-2005 08:00,0,0,0,TRUE
15-04-2005 08:00,0,0,0,TRUE
16-04-2005 08:00,0,0,0,TRUE
17-04-2005 08:00,0,0,0,TRUE
18-04-2005 08:00,0,0,0,TRUE
19-04-2005 08:00,0,0,0,TRUE
20-04-2005 08:00,0,0,0,TRUE
21-04-2005 08:00,0,0,0,TRUE
22-04-2005 08:00,0,0,0,TRUE
23-04-2005 08:00,0,0,0,TRUE
24-04-2005 08:00,0,0,0,TRUE
25-04-2005 08:00,0,0,0,TRUE
26-04-2005 08:00,0,0,0,TRUE
27-04-2005 08:00,0,0,0,TRUE
28-04-2005 08:00,0,0,0,TRUE
29-04-2005 08:00,0,0,0,TRUE
30-04-2005 08:00,0,0,0,TRUE
01-05-2005 08:00,0,0,0,TRUE
02-05-2005 08:00,0,0,0,TRUE
03-05-2005 08:00,0,0,0,TRUE
04-05-2005 08:00,0,0,0,TRUE
05-05-2005 08:00,0,0,0,TRUE
06-05-2005 08:00,0,0,0,TRUE
07-05-2005 08:00,0,0,0,TRUE
08-05-2005 08:00,0,0,0,TRUE
09-05-2005 08:00,0,0,0,TRUE
10-05-2005 08:00,0,0,0,TRUE
11-05-2005 08:00,0,0,0,TRUE
12-05-2005 08:00,0,0,0,TRUE
13-05-2005 08:00,0,0,0,TRUE
14-05-2005 08:00,0,0,0,TRUE
15-05-2005 08:00,0,0,0,TRUE
16-05-2005 08:00,0,0,0,TRUE
17-05-2005 08:00,0,0,0,TRUE
18-05-2005 08:00,0,0,0,TRUE
19-05-2005 08:00,0,0,0,TRUE
20-05-2005 08:00,0,0,0,TRUE
21-05-2005 08:00,0,0,0,TRUE
22-05-2005 08:00,0,0,0,TRUE
23-05-2005 08:00,0,0,0,TRUE
24-05-2005 08:00,0,0,0,TRUE
25-05-2005 08:00,0,0,0,TRUE
26-05-2005 08:00,0,0,0,TRUE
27-05-2005 08:00,0,0,0,TRUE
28-05-2005 08:00,0,0,0,TRUE
29-05-2005 08:00,0,0,0,TRUE
30-05-2005 08:00,0,0,0,TRUE
31-05-2005 08:00,0,0,0,TRUE
01-06-2005 08:30,3.72971,0.0103,3.319143523,FALSE
02-06-2005 08:45,6.543302,0.0108,6.105685962,FALSE
03-06-2005 08:45,6.7735868,0.0109,6.379093105,FALSE
04-06-2005 08:45,19.295872,0.0134,22.33998877,FALSE
06-06-2005 08:45,56.273575,0.0159,77.30638639,FALSE
07-06-2005 08:45,20.83636,0.0137,24.6635826,FALSE
08-06-2005 08:45,15.035919,0.013,16.88834422,FALSE
09-06-2005 08:45,13.53806,0.0121,14.15322945,FALSE
10-06-2005 08:45,29.95305,0.0144,37.26638669,FALSE
11-06-2005 08:45,22.952354,0.0166,32.9191842,FALSE
13-06-2005 08:45,16.805786,0.016,23.23231857,FALSE
14-06-2005 08:45,30.709536,0.0193,51.20876547,FALSE
15-06-2005 08:45,22.312475,0.01677,32.32916978,FALSE
16-06-2005 08:45,18.411573,0.0165,26.24753847,FALSE
17-06-2005 08:30,105.18564,0.0304,276.2763946,FALSE
18-06-2005 09:00,84.178,0.0272,197.8250342,FALSE
20-06-2005 09:00,107.05134,0.0284,262.678296,FALSE
21-06-2005 09:00,175.81728,0.038,577.2432937,FALSE
22-06-2005 09:00,105.16743,0.0285,258.9642796,FALSE
23-06-2005 09:00,88.46719,0.0278,212.491113,FALSE
24-06-2005 09:00,63.621857,0.0236,129.7275113,FALSE
25-06-2005 09:00,82.74732,0.0264,188.743327,FALSE
27-06-2005 09:00,79.54497,0.0255,175.2534779,FALSE
28-06-2005 09:00,91.52205,0.0281,222.2008939,FALSE
29-06-2005 09:00,74.145485,0.0248,158.8730136,FALSE
30-06-2005 09:00,63.555958,0.0235,129.0440171,FALSE
01-07-2005 09:00,83.901146,0.0265,192.1000639,FALSE
02-07-2005 09:00,80.05124,0.0258,178.4438201,FALSE
04-07-2005 09:00,74.61447,0.0253,163.1012623,FALSE
05-07-2005 09:00,191.01425,0.0386,637.0401643,FALSE
06-07-2005 09:00,166.71739,0.0349,502.7129491,FALSE
07-07-2005 09:00,220.11003,0.0399,758.798513,FALSE
08-07-2005 09:00,235.52928,0.0412,838.4088674,FALSE
09-07-2005 09:00,174.0156,0.0353,530.7336588,FALSE
11-07-2005 09:00,142.15402,0.0326,400.3966989,FALSE
12-07-2005 09:00,141.47594,0.0321,392.375031,FALSE
13-07-2005 09:00,95.72486,0.0282,233.2317069,FALSE
14-07-2005 09:00,113.54614,0.029,284.5012084,FALSE
15-07-2005 09:00,79.283844,0.0252,172.6231279,FALSE
16-07-2005 09:00,113.34705,0.0371,363.327168,FALSE
18-07-2005 09:00,113.96241,0.0301,296.3752019,FALSE
19-07-2005 09:00,78.59,0.0238,161.6061888,FALSE
20-07-2005 09:00,72.05112,0.0233,145.0475507,FALSE
21-07-2005 09:00,106.7,0.0214,197.284032,FALSE
22-07-2005 09:00,77.295784,0.0199,132.8992792,FALSE
23-07-2005 09:15,77.60985,0.0209,140.1447627,FALSE
25-07-2005 09:15,220.8728,0.0414,790.0531707,FALSE
26-07-2005 09:00,217.0764,0.042,787.7268403,FALSE
27-07-2005 09:00,257.30923,0.0402,893.7070024,FALSE
28-07-2005 09:00,174.67769,0.0358,540.2990565,FALSE
29-07-2005 09:00,307.30637,0.0512,1359.425043,FALSE
30-07-2005 09:00,290.47653,0.0474,1189.605962,FALSE
01-08-2005 09:00,410.44354,0.0541,1918.511612,FALSE
02-08-2005 09:00,391.78412,0.0549,1858.373123,FALSE
03-08-2005 09:00,257.60074,0.0422,939.2329061,FALSE
04-08-2005 09:00,135.512,0.0331,387.5426381,FALSE
05-08-2005 09:00,96.335106,0.0311,258.8562832,FALSE
06-08-2005 09:00,79.88149,0.0298,205.6724699,FALSE
08-08-2005 09:00,60.69831,0.0244,127.9617492,FALSE
09-08-2005 09:00,45.278755,0.0223,87.23948283,FALSE
10-08-2005 09:00,43.81391,0.0212,80.25306267,FALSE
11-08-2005 09:00,44.88899,0.0215,83.38578782,FALSE
12-08-2005 09:00,58.547497,0.0202,102.1817756,FALSE
13-08-2005 09:00,46.211826,0.0223,89.03724939,FALSE
16-08-2005 09:00,96.95292,0.0251,210.2559804,FALSE
17-08-2005 09:00,80.62055,0.0233,162.2988416,FALSE
18-08-2005 09:00,84.97052,0.0231,169.5875626,FALSE
19-08-2005 09:00,51.772102,0.018,80.51597303,FALSE
20-08-2005 09:00,52.395103,0.0179,81.0321705,FALSE
22-08-2005 09:00,38.26774,0.0188,62.15905544,FALSE
23-08-2005 09:00,30.806822,0.0195,51.90333371,FALSE
24-08-2005 09:00,30.876785,0.0186,49.62022857,FALSE
25-08-2005 09:00,30.228159,0.0183,47.79434676,FALSE
26-08-2005 09:00,30.526876,0.0192,50.64042406,FALSE
27-08-2005 09:00,49.65785,0.0213,91.38633451,FALSE
29-08-2005 09:00,49.140343,0.0208,88.31109321,FALSE
30-08-2005 09:00,56.222908,0.0216,104.9254398,FALSE
31-08-2005 09:00,103.102554,0.0229,203.9945892,FALSE
01-09-2005 09:00,151.92038,0.0317,416.0916904,FALSE
02-09-2005 09:00,84.67614,0.0221,161.6840088,FALSE
03-09-2005 09:00,90.76919,0.0237,185.866255,FALSE
05-09-2005 09:00,460.0522,0.0434,1725.085337,FALSE
06-09-2005 09:00,274.5463,0.0287,680.7869692,FALSE
07-09-2005 09:00,692.62146,0.0692,4141.100595,FALSE
08-09-2005 09:00,302.14133,0.0442,1153.841482,FALSE
09-09-2005 09:00,297.72394,0.0424,1090.669973,FALSE
10-09-2005 09:00,270.2259,0.0285,665.4042562,FALSE
12-09-2005 09:00,263.7968,0.028,638.1772186,FALSE
13-09-2005 09:00,217.55048,0.0275,516.8999405,FALSE
14-09-2005 09:00,178.55482,0.0264,407.2764022,FALSE
16-09-2005 09:00,135.85226,0.0256,300.4834628,FALSE
17-09-2005 09:00,110.237854,0.0245,233.3514893,FALSE
19-09-2005 09:00,51.8595,0.0235,105.2955288,FALSE
20-09-2005 09:00,45.547962,0.0224,88.15170374,FALSE
21-09-2005 09:00,53.99605,0.0239,111.4996834,FALSE
22-09-2005 09:00,46.43939,0.0236,94.69177379,FALSE
26-09-2005 09:00,27.228848,0.0191,44.93413412,FALSE
27-09-2005 09:00,26.576296,0.0183,42.02031313,FALSE
28-09-2005 09:00,22.190315,0.018,34.51037789,FALSE
29-09-2005 09:00,21.237164,0.0176,32.29408106,FALSE
30-09-2005 09:00,20.679932,0.0173,30.91070796,FALSE
01-10-2005 09:00,17.767122,0.0165,25.32880912,FALSE
03-10-2005 09:00,17.49853,0.0163,24.64352977,FALSE
04-10-2005 09:00,16.647747,0.0157,22.58233585,FALSE
05-10-2005 09:00,16.459755,0.0161,22.8961776,FALSE
06-10-2005 09:00,16.099186,0.0155,21.56002989,FALSE
07-10-2005 09:00,29.136332,0.0198,49.84410588,FALSE
08-10-2005 09:00,30.459091,0.022,57.89664017,FALSE
10-10-2005 09:00,34.780743,0.023,69.11629249,FALSE
13-10-2005 09:00,32.43143,0.0222,62.20607725,FALSE
14-10-2005 09:00,42.203873,0.0233,84.96146081,FALSE
15-10-2005 09:00,31.384087,0.0223,60.4683481,FALSE
17-10-2005 09:00,22.23902,0.0181,34.77826904,FALSE
18-10-2005 09:00,28.822718,0.0203,50.55274155,FALSE
19-10-2005 09:00,21.647333,0.0177,33.10483341,FALSE
20-10-2005 09:00,45.547962,0.0225,88.54523813,FALSE
21-10-2005 09:00,49.993008,0.0256,110.5765348,FALSE
22-10-2005 09:00,111.60909,0.0265,255.5401725,FALSE
24-10-2005 09:00,42.278988,0.0232,84.74738587,FALSE
25-10-2005 09:00,75.38752,0.0249,162.185695,FALSE
26-10-2005 09:00,45.313778,0.0237,92.78811694,FALSE
27-10-2005 09:00,56.23048,0.0251,121.9436681,FALSE
28-10-2005 09:00,44.010666,0.0232,88.21849978,FALSE
29-10-2005 09:00,35.060837,0.0214,64.82608518,FALSE
31-10-2005 09:00,35.242355,0.0219,66.68417444,FALSE
02-11-2005 09:00,42.58592,0.0229,84.25879788,FALSE
04-11-2005 09:00,27.179607,0.0196,46.02703368,FALSE
05-11-2005 09:00,32.298016,0.0228,63.62450768,FALSE
07-11-2005 09:00,28.25745,0.0204,49.80545107,FALSE
08-11-2005 09:00,26.369898,0.0183,41.69397313,FALSE
09-11-2005 09:00,51.44802,0.0244,108.4606578,FALSE
10-11-2005 09:00,34.428116,0.021,62.46637367,FALSE
11-11-2005 09:00,42.489532,0.0217,79.66277376,FALSE
12-11-2005 09:00,59.87141,0.0244,126.2185117,FALSE
14-11-2005 09:00,49.514748,0.0256,109.5187002,FALSE
16-11-2005 09:00,35.10254,0.0213,64.59990641,FALSE
17-11-2005 09:00,32.706875,0.0207,58.4955918,FALSE
18-11-2005 09:00,29.529722,0.02,51.02735962,FALSE
19-11-2005 09:00,26.680658,0.019,43.79896817,FALSE
21-11-2005 09:00,24.961023,0.0185,39.89769916,FALSE
22-11-2005 09:00,21.679613,0.0181,33.90344599,FALSE
23-11-2005 09:00,22.403975,0.0189,36.58479502,FALSE
24-11-2005 09:00,31.275606,0.0204,55.12513211,FALSE
25-11-2005 09:00,22.338755,0.019,36.67130021,FALSE
26-11-2005 09:00,18.014614,0.0175,27.23809637,FALSE
28-11-2005 09:00,16.464565,0.0169,24.04089923,FALSE
29-11-2005 09:45,21.114536,0.0188,34.29676312,FALSE
30-11-2005 08:45,18.943274,0.0181,29.62424961,FALSE
01-12-2005 08:45,15.812015,0.0168,22.95145601,FALSE
02-12-2005 08:45,14.8227825,0.0163,20.87522105,FALSE
03-12-2005 08:45,14.514756,0.016,20.06519869,FALSE
05-12-2005 08:45,18.55509,0.0181,29.01719195,FALSE
06-12-2005 08:45,15.89722,0.0171,23.48718872,FALSE
07-12-2005 08:45,14.580804,0.0162,20.40845974,FALSE
08-12-2005 08:45,12.6714,0.0157,17.18850067,FALSE
09-12-2005 08:45,12.072905,0.0152,15.85510468,FALSE
10-12-2005 08:45,11.243289,0.0147,14.27987649,FALSE
12-12-2005 08:30,12.33261,0.0156,16.62238506,FALSE
13-12-2005 08:30,12.179383,0.0153,16.10016998,FALSE
14-12-2005 08:30,10.709813,0.0136,12.58445867,FALSE
15-12-2005 08:30,9.488496,0.0131,10.73945931,FALSE
16-12-2005 08:45,7.259944,0.0129,8.091643185,FALSE
17-12-2005 08:45,7.0592184,0.0128,7.806930813,FALSE
19-12-2005 08:30,3.6034586,0.0106,3.300191524,FALSE
20-12-2005 08:30,3.540808,0.0093,2.845110044,FALSE
21-12-2005 08:30,3.4483705,0.0092,2.741040743,FALSE
22-12-2005 08:30,3.4023168,0.0091,2.675037561,FALSE
24-12-2005 08:30,3.4069152,0.0092,2.708088754,FALSE
26-12-2005 08:30,3.1311212,0.0091,2.461812732,FALSE
27-12-2005 08:30,2.950414,0.009,2.294241926,FALSE
28-12-2005 08:30,2.26776,0.0089,1.74381673,FALSE
29-12-2005 08:30,2.0819862,0.0087,1.564987387,FALSE
30-12-2005 09:15,1.9478741,0.0086,1.447348371,FALSE
31-12-2005 08:30,1.8340476,0.0085,1.346924557,FALSE
02-01-2006 08:30,1.641637,0.0083,1.177250725,FALSE
03-01-2006 08:30,1.6264602,0.0083,1.166367139,FALSE
04-01-2006 08:30,1.3474228,0.0082,0.954622105,FALSE
05-01-2006 08:30,1.1827298,0.0081,0.827721623,FALSE
06-01-2006 08:30,1.3441292,0.0082,0.952288656,FALSE
07-01-2006 08:30,1.1700021,0.0081,0.81881427,FALSE
09-01-2006 08:30,1.168354,0.0081,0.817660863,FALSE
11-01-2006 08:30,0.9767686,0.0078,0.658263895,FALSE
12-01-2006 08:30,0.8393285,0.0075,0.543884868,FALSE
14-01-2006 08:30,0.5424537,0.0074,0.346823198,FALSE
16-01-2006 08:30,0.27066642,0.0074,0.173053282,FALSE
17-01-2006 08:30,0.26767308,0.0074,0.17113946,FALSE
18-01-2006 08:30,0.5624925,0.0074,0.359635205,FALSE
19-01-2006 08:37,0.3463258,0.0074,0.221426863,FALSE
20-01-2006 08:30,0.28904617,0.0074,0.184804559,FALSE
24-01-2006 08:00,0,0,0,TRUE
25-01-2006 08:00,0,0,0,TRUE
26-01-2006 08:00,0,0,0,TRUE
27-01-2006 08:00,0,0,0,TRUE
28-01-2006 08:00,0,0,0,TRUE
29-01-2006 08:00,0,0,0,TRUE
30-01-2006 08:00,0,0,0,TRUE
31-01-2006 08:00,0,0,0,TRUE
01-02-2006 08:00,0,0,0,TRUE
02-02-2006 08:00,0,0,0,TRUE
03-02-2006 08:00,0,0,0,TRUE
04-02-2006 08:00,0,0,0,TRUE
05-02-2006 08:00,0,0,0,TRUE
06-02-2006 08:00,0,0,0,TRUE
07-02-2006 08:00,0,0,0,TRUE
08-02-2006 08:00,0,0,0,TRUE
09-02-2006 08:00,0,0,0,TRUE
10-02-2006 08:00,0,0,0,TRUE
11-02-2006 08:00,0,0,0,TRUE
12-02-2006 08:00,0,0,0,TRUE
13-02-2006 08:00,0,0,0,TRUE
14-02-2006 08:00,0,0,0,TRUE
15-02-2006 08:00,0,0,0,TRUE
16-02-2006 08:00,0,0,0,TRUE
17-02-2006 08:00,0,0,0,TRUE
18-02-2006 08:00,0,0,0,TRUE
19-02-2006 08:00,0,0,0,TRUE
20-02-2006 08:00,0,0,0,TRUE
21-02-2006 08:00,0,0,0,TRUE
22-02-2006 08:00,0,0,0,TRUE
23-02-2006 08:00,0,0,0,TRUE
24-02-2006 08:00,0,0,0,TRUE
25-02-2006 08:00,0,0,0,TRUE
26-02-2006 08:00,0,0,0,TRUE
27-02-2006 08:00,0,0,0,TRUE
28-02-2006 08:00,0,0,0,TRUE
01-03-2006 08:00,0,0,0,TRUE
02-03-2006 08:00,0,0,0,TRUE
03-03-2006 08:00,0,0,0,TRUE
04-03-2006 08:00,0,0,0,TRUE
05-03-2006 08:00,0,0,0,TRUE
06-03-2006 08:00,0,0,0,TRUE
07-03-2006 08:00,0,0,0,TRUE
08-03-2006 08:00,0,0,0,TRUE
09-03-2006 08:00,0,0,0,TRUE
10-03-2006 08:00,0,0,0,TRUE
11-03-2006 08:00,0,0,0,TRUE
12-03-2006 08:00,0,0,0,TRUE
13-03-2006 08:00,0,0,0,TRUE
14-03-2006 08:00,0,0,0,TRUE
15-03-2006 08:00,0,0,0,TRUE
16-03-2006 08:00,0,0,0,TRUE
17-03-2006 08:00,0,0,0,TRUE
18-03-2006 08:00,0,0,0,TRUE
19-03-2006 08:00,0,0,0,TRUE
20-03-2006 08:00,0,0,0,TRUE
21-03-2006 08:00,0,0,0,TRUE
22-03-2006 08:00,0,0,0,TRUE
23-03-2006 08:00,0,0,0,TRUE
24-03-2006 08:00,0,0,0,TRUE
25-03-2006 08:00,0,0,0,TRUE
26-03-2006 08:00,0,0,0,TRUE
27-03-2006 08:00,0,0,0,TRUE
28-03-2006 08:00,0,0,0,TRUE
29-03-2006 08:00,0,0,0,TRUE
30-03-2006 08:00,0,0,0,TRUE
31-03-2006 08:00,0,0,0,TRUE
01-04-2006 08:00,0,0,0,TRUE
02-04-2006 08:00,0,0,0,TRUE
03-04-2006 08:00,0,0,0,TRUE
04-04-2006 08:00,0,0,0,TRUE
05-04-2006 08:00,0,0,0,TRUE
06-04-2006 08:00,0,0,0,TRUE
07-04-2006 08:00,0,0,0,TRUE
08-04-2006 08:00,0,0,0,TRUE
09-04-2006 08:00,0,0,0,TRUE
10-04-2006 08:00,0,0,0,TRUE
11-04-2006 08:00,0,0,0,TRUE
12-04-2006 08:00,0,0,0,TRUE
13-04-2006 08:00,0,0,0,TRUE
14-04-2006 08:00,0,0,0,TRUE
15-04-2006 08:00,0,0,0,TRUE
16-04-2006 08:00,0,0,0,TRUE
17-04-2006 08:00,0,0,0,TRUE
18-04-2006 08:00,0,0,0,TRUE
19-04-2006 08:00,0,0,0,TRUE
20-04-2006 08:00,0,0,0,TRUE
21-04-2006 08:00,0,0,0,TRUE
22-04-2006 08:00,0,0,0,TRUE
23-04-2006 08:00,0,0,0,TRUE
24-04-2006 08:00,0,0,0,TRUE
25-04-2006 08:00,0,0,0,TRUE
26-04-2006 08:00,0,0,0,TRUE
27-04-2006 08:00,0,0,0,TRUE
28-04-2006 08:00,0,0,0,TRUE
29-04-2006 08:00,0,0,0,TRUE
30-04-2006 08:00,0,0,0,TRUE
01-05-2006 08:00,0,0,0,TRUE
02-05-2006 08:00,0,0,0,TRUE
03-05-2006 08:00,0,0,0,TRUE
04-05-2006 08:00,0,0,0,TRUE
05-05-2006 08:00,0,0,0,TRUE
06-05-2006 08:00,0,0,0,TRUE
07-05-2006 08:00,0,0,0,TRUE
08-05-2006 08:00,0,0,0,TRUE
09-05-2006 08:00,0,0,0,TRUE
10-05-2006 08:00,0,0,0,TRUE
11-05-2006 08:00,0,0,0,TRUE
12-05-2006 08:00,0,0,0,TRUE
13-05-2006 08:00,0,0,0,TRUE
14-05-2006 08:00,0,0,0,TRUE
15-05-2006 08:00,0,0,0,TRUE
16-05-2006 08:00,0,0,0,TRUE
17-05-2006 08:00,0,0,0,TRUE
18-05-2006 08:00,0,0,0,TRUE
19-05-2006 08:00,0,0,0,TRUE
20-05-2006 08:00,0,0,0,TRUE
21-05-2006 08:00,0,0,0,TRUE
22-05-2006 08:00,0,0,0,TRUE
23-05-2006 08:00,0,0,0,TRUE
24-05-2006 08:00,0,0,0,TRUE
25-05-2006 08:45,17.433002,0.0262,39.46273797,FALSE
26-05-2006 08:45,22.273872,0.0268,51.57559609,FALSE
27-05-2006 08:45,56.732224,0.0284,139.207262,FALSE
29-05-2006 09:00,110.493004,0.0328,313.1283339,FALSE
30-05-2006 09:00,165.02936,0.0329,469.1058576,FALSE
02-06-2008 08:30,20.629032,0.0176,31.36933122,FALSE
03-06-2008 08:30,15.77353,0.011,14.99116291,FALSE
04-06-2008 08:45,15.58093,0.0108,14.5388774,FALSE
05-06-2008 08:45,12.735727,0.0112,12.3241083,FALSE
06-06-2008 08:45,15.243967,0.0105,13.82932686,FALSE
07-06-2008 08:45,23.536613,0.018,36.60414054,FALSE
09-06-2008 08:45,32.80087,0.0212,60.08069756,FALSE
10-06-2008 08:45,35.873055,0.022,68.18750294,FALSE
11-06-2008 08:45,31.574673,0.0188,51.28737285,FALSE
12-06-2008 09:00,31.618866,0.0188,51.35915642,FALSE
13-06-2008 09:00,32.094814,0.021,58.23283052,FALSE
14-06-2008 09:00,27.391752,0.0202,47.80627693,FALSE
16-06-2008 09:00,35.42051,0.022,67.32730541,FALSE
17-06-2008 09:00,54.186428,0.0458,214.422198,FALSE
18-06-2008 09:00,53.08644,0.0446,204.5654114,FALSE
19-06-2008 09:00,52.864937,0.043,196.4038139,FALSE
20-06-2008 09:00,45.3658,0.0402,157.5681258,FALSE
21-06-2008 09:00,56.062294,0.0478,231.5327892,FALSE
23-06-2008 09:00,58.135773,0.049,246.1236086,FALSE
24-06-2008 09:00,54.666985,0.0462,218.2131107,FALSE
25-06-2008 09:00,45.405804,0.0377,147.8994173,FALSE
26-06-2008 09:00,55.106216,0.0476,226.6320282,FALSE
27-06-2008 09:00,42.68804,0.0342,126.1380356,FALSE
28-06-2008 10:00,48.620857,0.0421,176.8554501,FALSE
30-06-2008 09:00,72.812546,0.0308,193.7629224,FALSE
01-07-2008 09:00,61.797974,0.0212,113.194113,FALSE
02-07-2008 09:00,67.95606,0.019,111.5566681,FALSE
03-07-2008 09:00,56.91926,0.0078,38.3590277,FALSE
04-07-2008 09:00,49.878822,0.0122,52.57626869,FALSE
05-07-2008 09:00,46.080814,0.009,35.83244097,FALSE
07-07-2008 09:00,51.46193,0.012,53.35572902,FALSE
08-07-2008 09:00,49.321194,0.0192,81.8179423,FALSE
10-07-2008 09:00,52.509827,0.012,54.44218863,FALSE
11-07-2008 09:00,51.58176,0.012,53.47996877,FALSE
12-07-2008 09:00,66.36483,0.0125,71.6740164,FALSE
14-07-2008 09:00,54.549294,0.0074,34.87663661,FALSE
15-07-2008 09:00,54.216667,0.0093,43.56417627,FALSE
16-07-2008 09:00,146.74756,0.0464,588.3050981,FALSE
17-07-2008 09:00,69.98953,0.017,102.8006217,FALSE
18-07-2008 09:00,80.5928,0.0198,137.8717148,FALSE
19-07-2008 09:00,165.52963,0.0245,350.3931208,FALSE
21-07-2008 09:00,76.30589,0.0128,84.38820987,FALSE
22-07-2008 09:00,70.7901,0.0315,192.6623362,FALSE
23-07-2008 09:00,83.68382,0.0218,157.6201486,FALSE
24-07-2008 09:00,85.045654,0.0392,288.0394246,FALSE
25-07-2008 09:00,75.376625,0.0104,67.73042016,FALSE
26-07-2008 09:00,93.246414,0.0144,116.0134584,FALSE
28-07-2008 09:00,106.58084,0.0192,176.8048239,FALSE
29-07-2008 09:00,116.656654,0.0196,197.5510441,FALSE
30-07-2008 09:00,153.26067,0.0202,267.4827821,FALSE
31-07-2008 09:00,137.15288,0.0199,235.8151758,FALSE
01-08-2008 09:00,128.88045,0.0113,125.8285609,FALSE
02-08-2008 09:00,194.23969,0.0158,265.1604856,FALSE
04-08-2008 09:00,79.071205,0.0081,55.33719211,FALSE
05-08-2008 09:00,79.53416,0.0116,79.71231652,FALSE
06-08-2008 09:00,65.45087,0.0068,38.45369514,FALSE
07-08-2008 09:00,54.865868,0.0068,32.23479477,FALSE
08-08-2008 09:00,47.771553,0.0092,37.97265205,FALSE
09-08-2008 09:00,55.86421,0.0115,55.50667906,FALSE
11-08-2008 09:00,118.04478,0.0832,848.5625401,FALSE
12-08-2008 09:00,128.41032,0.0675,748.8889862,FALSE
13-08-2008 09:00,118.99454,0.0234,240.5784012,FALSE
14-08-2008 09:00,133.32355,0.0239,275.3077978,FALSE
16-08-2008 09:00,106.02096,0.0151,138.3191853,FALSE
18-08-2008 09:00,60.896976,0.0098,51.56268752,FALSE
19-08-2008 09:00,57.56634,0.0061,30.33976383,FALSE
20-08-2008 09:00,54.74075,0.007,33.1072056,FALSE
21-08-2008 09:00,53.34839,0.007,32.26510627,FALSE
22-08-2008 09:00,47.558548,0.0067,27.53069227,FALSE
23-08-2008 09:00,42.659367,0.0064,23.58892358,FALSE
25-08-2008 09:00,36.81204,0.0077,24.49031397,FALSE
26-08-2008 09:00,60.824215,0.0492,258.5564391,FALSE
27-08-2008 09:00,46.67458,0.0664,267.7701985,FALSE
28-08-2008 09:00,70.99613,0.0219,134.3360373,FALSE
29-08-2008 09:00,139.13904,0.0468,562.611491,FALSE
30-08-2008 09:00,112.87682,0.0358,349.1415495,FALSE
01-09-2008 09:00,84.653,0.01,73.140192,FALSE
02-09-2008 05:00,65.13313,0.0068,38.26701654,FALSE
03-09-2008 09:00,54.166847,0.0111,51.94817295,FALSE
04-09-2008 09:00,47.476357,0.0156,63.99053302,FALSE
05-09-2008 09:00,46.66428,0.0081,32.65752972,FALSE
06-09-2008 09:00,61.63677,0.0125,66.5677116,FALSE
08-09-2008 09:00,90.3148,0.037,288.7183526,FALSE
09-09-2008 09:00,181.78644,0.0733,1151.275339,FALSE
10-09-2008 09:00,118.04155,0.0413,421.2100237,FALSE
11-09-2008 09:00,115.227684,0.0404,402.2091447,FALSE
13-09-2008 09:00,93.893135,0.0329,266.8968698,FALSE
15-09-2008 09:00,53.73511,0.0092,42.71296424,FALSE
16-09-2008 09:00,48.321987,0.0072,30.06014167,FALSE
17-09-2008 09:00,45.640636,0.0068,26.81478646,FALSE
18-09-2008 09:00,37.681377,0.0056,18.23175745,FALSE
19-09-2008 09:00,33.4519,0.0051,14.74024522,FALSE
20-09-2008 09:00,34.78162,0.0052,15.62668623,FALSE
22-09-2008 09:00,27.317188,0.0035,8.260717651,FALSE
23-09-2008 09:00,22.362003,0.0041,7.921515943,FALSE
24-09-2008 09:00,19.114534,0.005,8.257478688,FALSE
25-09-2008 09:00,17.30716,0.0054,8.07482857,FALSE
26-09-2008 09:00,16.20039,0.0049,6.85859711,FALSE
27-09-2008 09:00,14.594396,0.0048,6.052587909,FALSE
29-09-2008 09:00,11.857024,0.0039,3.995342807,FALSE
30-09-2008 09:00,11.330834,0.0037,3.622241013,FALSE
03-10-2008 09:00,9.907916,0.0036,3.081758193,FALSE
04-10-2008 09:00,9.267718,0.0036,2.882631007,FALSE
06-10-2008 09:00,8.690435,0.0073,5.481231163,FALSE
07-10-2008 09:00,18.214891,0.0094,14.79340587,FALSE
10-10-2008 09:00,15.126506,0.0064,8.364352758,FALSE
11-10-2008 09:00,9.854928,0.0079,6.726579656,FALSE
13-10-2008 09:00,10.6930275,0.0086,7.945347154,FALSE
14-10-2008 09:00,9.565156,0.0053,4.380076236,FALSE
15-10-2008 09:00,9.699003,0.0058,4.860364383,FALSE
16-10-2008 09:00,8.753162,0.0062,4.68889382,FALSE
17-10-2008 09:00,8.978227,0.0052,4.033737827,FALSE
18-10-2008 09:00,9.808657,0.0076,6.440756532,FALSE
20-10-2008 09:00,13.431303,0.0123,14.27371432,FALSE
21-10-2008 09:00,38.47292,0.019,63.15714547,FALSE
22-10-2008 09:00,36.252403,0.0206,64.52347696,FALSE
23-10-2008 09:00,16.14961,0.0112,15.6276546,FALSE
24-10-2008 09:00,33.919815,0.016,46.89075226,FALSE
25-10-2008 09:00,22.078503,0.0185,35.2902792,FALSE
28-10-2008 09:00,33.530468,0.0137,39.68934436,FALSE
29-10-2008 09:00,43.196835,0.0087,32.47019693,FALSE
30-10-2008 09:00,59.562084,0.0159,81.82400852,FALSE
31-10-2008 09:00,36.217266,0.0094,29.41421475,FALSE
01-11-2008 09:00,30.800558,0.0155,41.24810727,FALSE
03-11-2008 09:00,19.409582,0.0095,15.93138491,FALSE
04-11-2008 09:00,16.29837,0.0105,14.78588126,FALSE
05-11-2008 09:00,14.267848,0.0113,13.92998536,FALSE
06-11-2008 09:00,14.60091,0.0105,13.24594555,FALSE
07-11-2008 09:00,12.455181,0.0079,8.501408343,FALSE
08-11-2008 09:00,11.084119,0.0069,6.607908383,FALSE
10-11-2008 09:00,15.989987,0.0126,17.40733945,FALSE
11-11-2008 09:00,10.547916,0.009,8.202059482,FALSE
12-11-2008 09:00,18.432314,0.0103,16.40328487,FALSE
14-11-2008 09:00,9.830878,0.005,4.246939296,FALSE
15-11-2008 09:00,9.527878,0.0052,4.280685028,FALSE
17-11-2008 09:00,7.667957,0.0036,2.385041345,FALSE
18-11-2008 09:00,7.020328,0.0055,3.336059866,FALSE
19-11-2008 09:00,6.861076,0.0042,2.489747259,FALSE
20-11-2008 09:00,6.2046714,0.0037,1.983509353,FALSE
21-11-2008 09:00,7.2184067,0.004,2.494681356,FALSE
22-11-2008 09:00,5.2967477,0.0036,1.647500405,FALSE
24-11-2008 09:00,5.126787,0.0052,2.303362863,FALSE
25-11-2008 09:00,6.3552475,0.0077,4.228019057,FALSE
26-11-2008 09:00,5.973946,0.0045,2.322670205,FALSE
27-11-2008 09:00,4.5130715,0.0071,2.768498581,FALSE
01-12-2008 09:00,4.041922,0.0052,1.815954716,FALSE
02-12-2008 09:00,3.6408987,0.0066,2.076186075,FALSE
03-12-2008 09:00,2.1107357,0.0059,1.07596863,FALSE
09-12-2008 08:45,2.8652775,0.006,1.485359856,FALSE
10-12-2008 08:00,0,0,0,TRUE
11-12-2008 08:00,0,0,0,TRUE
12-12-2008 08:00,0,0,0,TRUE
13-12-2008 08:00,0,0,0,TRUE
14-12-2008 08:00,0,0,0,TRUE
15-12-2008 08:00,0,0,0,TRUE
16-12-2008 08:00,0,0,0,TRUE
17-12-2008 08:00,0,0,0,TRUE
18-12-2008 08:00,0,0,0,TRUE
19-12-2008 08:00,0,0,0,TRUE
20-12-2008 08:00,0,0,0,TRUE
21-12-2008 08:00,0,0,0,TRUE
22-12-2008 08:00,0,0,0,TRUE
23-12-2008 08:00,0,0,0,TRUE
24-12-2008 08:00,0,0,0,TRUE
25-12-2008 08:00,0,0,0,TRUE
26-12-2008 08:00,0,0,0,TRUE
27-12-2008 08:00,0,0,0,TRUE
28-12-2008 08:00,0,0,0,TRUE
29-12-2008 08:00,0,0,0,TRUE
30-12-2008 08:00,0,0,0,TRUE
31-12-2008 08:00,0,0,0,TRUE
01-01-2009 08:00,0,0,0,TRUE
02-01-2009 08:00,0,0,0,TRUE
03-01-2009 08:00,0,0,0,TRUE
04-01-2009 08:00,0,0,0,TRUE
05-01-2009 08:00,0,0,0,TRUE
06-01-2009 08:00,0,0,0,TRUE
07-01-2009 08:00,0,0,0,TRUE
08-01-2009 08:00,0,0,0,TRUE
09-01-2009 08:00,0,0,0,TRUE
10-01-2009 08:00,0,0,0,TRUE
11-01-2009 08:00,0,0,0,TRUE
12-01-2009 08:00,0,0,0,TRUE
13-01-2009 08:00,0,0,0,TRUE
14-01-2009 08:00,0,0,0,TRUE
15-01-2009 08:00,0,0,0,TRUE
16-01-2009 08:00,0,0,0,TRUE
17-01-2009 08:00,0,0,0,TRUE
18-01-2009 08:00,0,0,0,TRUE
19-01-2009 08:00,0,0,0,TRUE
20-01-2009 08:00,0,0,0,TRUE
21-01-2009 08:00,0,0,0,TRUE
22-01-2009 08:00,0,0,0,TRUE
23-01-2009 08:00,0,0,0,TRUE
24-01-2009 08:00,0,0,0,TRUE
25-01-2009 08:00,0,0,0,TRUE
26-01-2009 08:00,0,0,0,TRUE
27-01-2009 08:00,0,0,0,TRUE
28-01-2009 08:00,0,0,0,TRUE
29-01-2009 08:00,0,0,0,TRUE
30-01-2009 08:00,0,0,0,TRUE
31-01-2009 08:00,0,0,0,TRUE
01-02-2009 08:00,0,0,0,TRUE
02-02-2009 08:00,0,0,0,TRUE
03-02-2009 08:00,0,0,0,TRUE
04-02-2009 08:00,0,0,0,TRUE
05-02-2009 08:00,0,0,0,TRUE
06-02-2009 08:00,0,0,0,TRUE
07-02-2009 08:00,0,0,0,TRUE
08-02-2009 08:00,0,0,0,TRUE
09-02-2009 08:00,0,0,0,TRUE
10-02-2009 08:00,0,0,0,TRUE
11-02-2009 08:00,0,0,0,TRUE
12-02-2009 08:00,0,0,0,TRUE
13-02-2009 08:00,0,0,0,TRUE
14-02-2009 08:00,0,0,0,TRUE
15-02-2009 08:00,0,0,0,TRUE
16-02-2009 08:00,0,0,0,TRUE
17-02-2009 08:00,0,0,0,TRUE
18-02-2009 08:00,0,0,0,TRUE
19-02-2009 08:00,0,0,0,TRUE
20-02-2009 08:00,0,0,0,TRUE
21-02-2009 08:00,0,0,0,TRUE
22-02-2009 08:00,0,0,0,TRUE
23-02-2009 08:00,0,0,0,TRUE
24-02-2009 08:00,0,0,0,TRUE
25-02-2009 08:00,0,0,0,TRUE
26-02-2009 08:00,0,0,0,TRUE
27-02-2009 08:00,0,0,0,TRUE
28-02-2009 08:00,0,0,0,TRUE
01-03-2009 08:00,0,0,0,TRUE
02-03-2009 08:00,0,0,0,TRUE
03-03-2009 08:00,0,0,0,TRUE
04-03-2009 08:00,0,0,0,TRUE
05-03-2009 08:00,0,0,0,TRUE
06-03-2009 08:00,0,0,0,TRUE
07-03-2009 08:00,0,0,0,TRUE
08-03-2009 08:00,0,0,0,TRUE
09-03-2009 08:00,0,0,0,TRUE
10-03-2009 08:00,0,0,0,TRUE
11-03-2009 08:00,0,0,0,TRUE
12-03-2009 08:00,0,0,0,TRUE
13-03-2009 08:00,0,0,0,TRUE
14-03-2009 08:00,0,0,0,TRUE
15-03-2009 08:00,0,0,0,TRUE
16-03-2009 08:00,0,0,0,TRUE
17-03-2009 08:00,0,0,0,TRUE
18-03-2009 08:00,0,0,0,TRUE
19-03-2009 08:00,0,0,0,TRUE
20-03-2009 08:00,0,0,0,TRUE
21-03-2009 08:00,0,0,0,TRUE
22-03-2009 08:00,0,0,0,TRUE
23-03-2009 08:00,0,0,0,TRUE
24-03-2009 08:00,0,0,0,TRUE
25-03-2009 08:00,0,0,0,TRUE
26-03-2009 08:00,0,0,0,TRUE
27-03-2009 08:00,0,0,0,TRUE
28-03-2009 08:00,0,0,0,TRUE
29-03-2009 08:00,0,0,0,TRUE
30-03-2009 08:00,0,0,0,TRUE
31-03-2009 08:00,0,0,0,TRUE
01-04-2009 08:00,0,0,0,TRUE
02-04-2009 08:00,0,0,0,TRUE
03-04-2009 08:00,0,0,0,TRUE
04-04-2009 08:00,0,0,0,TRUE
05-04-2009 08:00,0,0,0,TRUE
06-04-2009 08:00,0,0,0,TRUE
07-04-2009 08:00,0,0,0,TRUE
08-04-2009 08:00,0,0,0,TRUE
09-04-2009 08:00,0,0,0,TRUE
10-04-2009 08:00,0,0,0,TRUE
11-04-2009 08:00,0,0,0,TRUE
12-04-2009 08:00,0,0,0,TRUE
13-04-2009 08:00,0,0,0,TRUE
14-04-2009 08:00,0,0,0,TRUE
15-04-2009 08:00,0,0,0,TRUE
16-04-2009 08:00,0,0,0,TRUE
17-04-2009 08:00,0,0,0,TRUE
18-04-2009 08:00,0,0,0,TRUE
19-04-2009 08:00,0,0,0,TRUE
20-04-2009 08:00,0,0,0,TRUE
21-04-2009 08:00,0,0,0,TRUE
22-04-2009 08:00,0,0,0,TRUE
23-04-2009 08:00,0,0,0,TRUE
24-04-2009 08:00,0,0,0,TRUE
25-04-2009 08:00,0,0,0,TRUE
26-04-2009 08:00,0,0,0,TRUE
27-04-2009 08:00,0,0,0,TRUE
28-04-2009 08:00,0,0,0,TRUE
29-04-2009 08:00,0,0,0,TRUE
30-04-2009 08:00,0,0,0,TRUE
01-05-2009 08:00,0,0,0,TRUE
02-05-2009 08:00,0,0,0,TRUE
03-05-2009 08:00,0,0,0,TRUE
04-05-2009 08:00,0,0,0,TRUE
05-05-2009 08:00,0,0,0,TRUE
06-05-2009 08:00,0,0,0,TRUE
07-05-2009 08:00,0,0,0,TRUE
08-05-2009 08:00,0,0,0,TRUE
09-05-2009 08:00,0,0,0,TRUE
10-05-2009 08:00,0,0,0,TRUE
11-05-2009 08:00,0,0,0,TRUE
12-05-2009 08:00,0,0,0,TRUE
13-05-2009 08:00,0,0,0,TRUE
14-05-2009 08:00,0,0,0,TRUE
15-05-2009 08:00,0,0,0,TRUE
16-05-2009 08:00,0,0,0,TRUE
17-05-2009 08:00,0,0,0,TRUE
18-05-2009 08:00,0,0,0,TRUE
19-05-2009 08:00,0,0,0,TRUE
20-05-2009 08:00,0,0,0,TRUE
21-05-2009 08:00,0,0,0,TRUE
22-05-2009 08:00,0,0,0,TRUE
23-05-2009 08:00,0,0,0,TRUE
24-05-2009 08:00,0,0,0,TRUE
25-05-2009 08:00,0,0,0,TRUE
26-05-2009 08:00,0,0,0,TRUE
27-05-2009 08:00,0,0,0,TRUE
28-05-2009 08:00,0,0,0,TRUE
29-05-2009 08:00,0,0,0,TRUE
30-05-2009 08:00,0,0,0,TRUE
31-05-2009 08:00,0,0,0,TRUE
10-06-2009 09:00,41.0595,0.0059,20.93049072,FALSE
11-06-2009 09:00,37.910114,0.0055,18.01488617,FALSE
12-06-2009 09:00,20.772736,0.0055,9.871204147,FALSE
13-06-2009 09:00,19.85395,0.0057,9.777673296,FALSE
15-06-2009 09:00,17.224798,0.0058,8.631690774,FALSE
16-06-2009 09:00,15.248775,0.0049,6.455721384,FALSE
17-06-2009 09:00,18.150011,0.0055,8.624885227,FALSE
19-06-2009 09:00,23.816605,0.0049,10.08299789,FALSE
20-06-2009 09:00,21.163042,0.005,9.142434144,FALSE
22-06-2009 09:00,15.641849,0.0052,7.027569919,FALSE
23-06-2009 09:00,22.61041,0.0111,21.68428761,FALSE
26-06-2009 09:00,45.319004,0.0114,44.63740618,FALSE
27-06-2009 09:00,43.898754,0.0117,44.37637244,FALSE
29-06-2009 09:00,42.798256,0.0116,42.89412409,FALSE
30-06-2009 09:00,73.33699,0.02,126.7263187,FALSE
01-07-2009 09:00,283.1801,0.0637,1558.532653,FALSE
02-07-2009 09:00,159.58958,0.0325,448.1275406,FALSE
03-07-2009 09:00,247.8307,0.0522,1117.736283,FALSE
04-07-2009 09:00,163.6476,0.0356,503.353834,FALSE
06-07-2009 09:00,218.62282,0.0148,279.5573724,FALSE
07-07-2009 09:00,147.09264,0.019,241.4672778,FALSE
08-07-2009 09:00,117.9601,0.017,173.2597949,FALSE
09-07-2009 09:00,105.80383,0.0118,107.8691208,FALSE
10-07-2009 09:00,86.56265,0.0176,131.6306281,FALSE
11-07-2009 09:00,75.39369,0.0158,102.9214341,FALSE
13-07-2009 09:00,62.53568,0.0129,69.6997675,FALSE
14-07-2009 09:00,125.57509,0.0386,418.7979482,FALSE
15-07-2009 09:00,99.57693,0.0311,267.567194,FALSE
16-07-2009 09:00,106.05713,0.0413,378.4457781,FALSE
17-07-2009 09:00,214.72108,0.0586,1087.141417,FALSE
18-07-2009 09:00,424.6762,0.1141,4186.559902,FALSE
20-07-2009 09:00,121.39447,0.031,325.1429484,FALSE
21-07-2009 09:00,102.33814,0.0214,189.2191273,FALSE
22-07-2009 09:00,72.91197,0.0085,53.54655077,FALSE
23-07-2009 09:00,64.069145,0.0098,54.24862645,FALSE
24-07-2009 09:00,51.982697,0.0103,46.26044171,FALSE
25-07-2009 09:00,45.572575,0.0086,33.86224613,FALSE
27-07-2009 09:00,49.775078,0.0187,80.42059802,FALSE
28-07-2009 09:00,57.346825,0.02,99.0953136,FALSE
29-07-2009 09:00,51.714813,0.0124,55.40518206,FALSE
30-07-2009 09:00,73.74278,0.0166,105.7648448,FALSE
31-07-2009 09:00,57.9619,0.0143,71.61308669,FALSE
01-08-2009 09:00,65.33685,0.0179,101.0473587,FALSE
03-08-2009 09:00,45.978516,0.0104,41.31445534,FALSE
04-08-2009 09:00,44.233295,0.0077,29.4275265,FALSE
05-08-2009 09:00,45.739876,0.0073,28.84905459,FALSE
06-08-2009 09:00,26.534033,0.0069,15.81852911,FALSE
07-08-2009 09:00,39.999058,0.0071,24.53702214,FALSE
08-08-2009 09:00,27.386616,0.0062,14.67046246,FALSE
10-08-2009 09:00,41.695465,0.0075,27.01866132,FALSE
11-08-2009 09:00,57.813118,0.059,294.7081503,FALSE
12-08-2009 09:00,58.64507,0.046,233.0789662,FALSE
13-08-2009 09:00,44.766712,0.0158,61.11193389,FALSE
14-08-2009 09:00,41.67305,0.0192,69.13058918,FALSE
17-08-2009 09:00,264.44708,0.0553,1263.506992,FALSE
18-08-2009 09:00,106.2388,0.0278,255.1770985,FALSE
19-08-2009 09:00,71.06585,0.0118,72.45305539,FALSE
20-08-2009 09:00,65.372,0.0144,81.33322752,FALSE
21-08-2009 09:00,72.25328,0.0141,88.02183583,FALSE
22-08-2009 09:00,47.667145,0.0087,35.83043955,FALSE
24-08-2009 09:00,53.15997,0.0086,39.49998411,FALSE
25-08-2009 09:00,44.300068,0.0093,35.59599064,FALSE
26-08-2009 09:00,32.167698,0.0092,25.56945979,FALSE
27-08-2009 09:00,44.013382,0.0102,38.78811329,FALSE
28-08-2009 09:00,30.670824,0.0088,23.3196409,FALSE
31-08-2009 09:00,32.385155,0.0106,29.65962036,FALSE
01-09-2009 09:00,44.169857,0.0128,48.84832825,FALSE
03-09-2009 09:00,71.7142,0.0172,106.5730383,FALSE
04-09-2009 09:00,75.26246,0.0172,111.8460366,FALSE
05-09-2009 09:00,145.61722,0.0385,484.3811206,FALSE
07-09-2009 09:00,128.0397,0.0252,278.778278,FALSE
08-09-2009 09:00,83.89058,0.018,130.46663,FALSE
09-09-2009 09:00,67.23956,0.0219,127.2280058,FALSE
10-09-2009 09:00,51.404457,0.0104,46.18998888,FALSE
11-09-2009 09:00,38.384144,0.0117,38.80176349,FALSE
12-09-2009 09:00,29.077974,0.0122,30.65051083,FALSE
14-09-2009 09:00,58.30934,0.0215,108.31543,FALSE
15-09-2009 09:00,33.46754,0.0109,31.51839047,FALSE
16-09-2009 09:00,27.919575,0.0091,21.95148665,FALSE
19-09-2009 09:00,91.27031,0.029,228.6868887,FALSE
22-09-2009 09:00,52.7524,0.0189,86.1425591,FALSE
23-09-2009 09:00,44.902813,0.0172,66.72917234,FALSE
24-09-2009 09:00,41.01523,0.0188,66.62185839,FALSE
26-09-2009 09:00,43.90058,0.0228,86.48063055,FALSE
29-09-2009 09:00,50.65892,0.0185,80.97321773,FALSE
30-09-2009 09:00,45.1273,0.0846,329.8552917,FALSE
01-10-2009 09:00,29.27851,0.0285,72.09540302,FALSE
03-10-2009 09:00,193.23854,0.0183,305.5333204,FALSE
05-10-2009 09:00,97.95731,0.0173,146.4187504,FALSE
06-10-2009 09:00,65.84951,0.012,68.27277197,FALSE
07-10-2009 09:00,52.323586,0.0159,71.8800495,FALSE
08-10-2009 09:00,40.89117,0.0172,60.76754991,FALSE
09-10-2009 09:00,35.701347,0.0238,73.41339386,FALSE
10-10-2009 09:00,26.658556,0.0148,34.08882873,FALSE
16-10-2009 09:00,20.93265,0.0208,37.61848397,FALSE
19-10-2009 09:00,20.487194,0.0127,22.48018823,FALSE
20-10-2009 09:00,24.331835,0.0104,21.86361366,FALSE
21-10-2009 09:00,16.837524,0.0092,13.38381108,FALSE
22-10-2009 09:00,17.258007,0.0102,15.20913641,FALSE
23-10-2009 09:00,16.320732,0.0093,13.11403458,FALSE
24-10-2009 09:00,14.207733,0.0086,10.55691393,FALSE
26-10-2009 09:00,41.640533,0.0127,45.69132405,FALSE
27-10-2009 09:00,23.434488,0.0067,13.56575641,FALSE
28-10-2009 09:00,12.810805,0.0082,9.076199126,FALSE
29-10-2009 09:00,11.902639,0.0051,5.244778849,FALSE
30-10-2009 09:00,11.379124,0.0049,4.817465937,FALSE
31-10-2009 09:00,10.408107,0.0035,3.147411557,FALSE
03-11-2009 09:00,7.431295,0.0038,2.439842774,FALSE
04-11-2009 09:00,7.9285107,0.0052,3.562121287,FALSE
05-11-2009 09:00,8.863299,0.0051,3.905524071,FALSE
06-11-2009 09:00,9.074379,0.0051,3.998534363,FALSE
07-11-2009 09:00,8.230734,0.0034,2.41786042,FALSE
09-11-2009 09:00,24.317194,0.0118,24.79186563,FALSE
10-11-2009 09:00,19.404383,0.0112,18.77723334,FALSE
11-11-2009 09:00,27.778217,0.0145,34.80055026,FALSE
12-11-2009 09:00,29.010958,0.0161,40.35540302,FALSE
13-11-2009 09:00,19.747566,0.0071,12.11394689,FALSE
14-11-2009 09:00,17.93314,0.0084,13.01515569,FALSE
16-11-2009 09:00,34.262245,0.0097,28.71450229,FALSE
17-11-2009 09:00,22.985964,0.0072,14.29910849,FALSE
18-11-2009 09:00,18.268284,0.0058,9.154602478,FALSE
19-11-2009 09:00,15.463137,0.0058,7.748887213,FALSE
20-11-2009 09:00,23.415165,0.0111,22.45607984,FALSE
21-11-2009 09:00,35.09228,0.0171,51.84673816,FALSE
23-11-2009 09:00,16.342447,0.0108,15.24946414,FALSE
24-11-2009 08:45,14.46463,0.0076,9.498054643,FALSE
25-11-2009 08:45,14.856858,0.0055,7.059978922,FALSE
26-11-2009 09:00,25.116749,0.0075,16.27565335,FALSE
28-11-2009 09:00,12.035705,0.0054,5.615378525,FALSE
30-11-2009 08:45,9.95238,0.005,4.29942816,FALSE
01-12-2009 08:45,8.975669,0.0064,4.96318593,FALSE
02-12-2009 08:45,8.739408,0.0042,3.171356375,FALSE
03-12-2009 08:45,8.495561,0.0053,3.890287293,FALSE
04-12-2009 08:45,14.305373,0.0081,10.01147224,FALSE
05-12-2009 08:45,12.246604,0.0047,4.973100952,FALSE
07-12-2009 08:45,8.332696,0.0056,4.031691633,FALSE
08-12-2009 08:45,5.3069625,0.0103,4.722772068,FALSE
09-12-2009 08:45,5.3105464,0.0052,2.385922287,FALSE
15-12-2009 08:45,2.3483758,0.0062,1.257977949,FALSE
17-12-2009 08:45,0.64561844,0.0089,0.496454756,FALSE
18-12-2009 08:45,0.31626,0.0081,0.221331398,FALSE
22-12-2009 08:45,0.89004,0.0067,0.515226355,FALSE
23-12-2009 08:45,4.213126,0.0041,1.492457754,FALSE
24-12-2009 08:45,4.085033,0.004,1.411787405,FALSE
28-12-2009 08:45,20.936672,0.0068,12.30071353,FALSE
29-12-2009 08:45,20.678524,0.0074,13.2210211,FALSE
30-12-2009 08:45,8.736107,0.0054,4.075918082,FALSE
01-01-2010 08:45,5.8318853,0.0036,1.813949604,FALSE
02-01-2010 08:45,5.5202656,0.0034,1.621633223,FALSE
04-01-2010 08:45,3.8135457,0.0024,0.790776836,FALSE
05-01-2010 08:45,3.7918913,0.0023,0.753524639,FALSE
06-01-2010 08:45,3.5559988,0.0022,0.675924252,FALSE
07-01-2010 08:45,3.7398953,0.0023,0.743191994,FALSE
08-01-2010 08:45,3.7784398,0.0023,0.750851557,FALSE
11-01-2010 08:45,3.1126065,0.0019,0.510965483,FALSE
12-01-2010 08:45,3.1420615,0.0019,0.515800816,FALSE
13-01-2010 08:45,4.0121346,0.0025,0.866621074,FALSE
14-01-2010 08:45,5.0251813,0.031,13.45944559,FALSE
15-01-2010 08:45,4.930027,0.003,1.277862998,FALSE
16-01-2010 08:45,4.0362377,0.0025,0.871827343,FALSE
18-01-2010 08:45,2.7054942,0.0026,0.607762217,FALSE
19-01-2010 08:45,2.6823053,0.0034,0.787954005,FALSE
20-01-2010 08:45,2.5301359,0.0026,0.568369729,FALSE
21-01-2010 08:45,2.4027114,0.0024,0.498226236,FALSE
22-01-2010 08:30,2.2731774,0.0023,0.451725813,FALSE
27-01-2010 08:30,0.098,0.0034,0.02878848,FALSE
29-01-2010 08:30,1.0484618,0.0024,0.217409039,FALSE
01-02-2010 08:30,1.3902183,0.0014,0.168160806,FALSE
02-02-2010 08:30,1.3255239,0.0013,0.148882844,FALSE
03-02-2010 08:30,1.412423,0.0014,0.170846686,FALSE
04-02-2010 08:30,1.3859806,0.0014,0.167648213,FALSE
05-02-2010 08:30,1.3362262,0.0013,0.150084927,FALSE
06-02-2010 08:30,1.3674804,0.0013,0.153595399,FALSE
08-02-2010 08:30,1.1497799,0.011,1.092750817,FALSE
09-02-2010 08:30,1.148527,0.0011,0.109156006,FALSE
10-02-2010 08:30,1.2280294,0.0012,0.127322088,FALSE
11-02-2010 08:30,1.2127786,0.0012,0.125740885,FALSE
13-02-2010 08:30,1.2622384,0.0012,0.130868877,FALSE
15-02-2010 08:30,1.2115399,0.0012,0.125612457,FALSE
16-02-2010 08:30,1.2463799,0.0012,0.129224668,FALSE
17-02-2010 08:30,1.2397366,0.0012,0.128535891,FALSE
18-02-2010 08:30,1.2088317,0.0012,0.125331671,FALSE
19-02-2010 08:30,1.206794,0.0012,0.125120402,FALSE
20-02-2010 08:30,1.2203492,0.0012,0.126525805,FALSE
22-02-2010 08:37,1.0695481,0.001,0.092408956,FALSE
23-02-2010 08:30,1.0240861,0.001,0.088481039,FALSE
24-02-2010 08:30,0.81941605,0.0008,0.056638037,FALSE
01-03-2010 08:30,0.6204284,0.0008,0.042884011,FALSE
02-03-2010 08:30,0.59371835,0.0008,0.041037812,FALSE
03-03-2010 08:30,0.45818314,0.0008,0.031669619,FALSE
04-03-2010 08:30,0.4530006,0.0008,0.031311401,FALSE
05-03-2010 08:30,0,0,0,TRUE
07-03-2010 08:00,0,0,0,TRUE
08-03-2010 08:30,0,0,0,TRUE
09-03-2010 08:30,0,0,0,TRUE
10-03-2010 08:30,0,0,0,TRUE
11-03-2010 08:30,0,0,0,TRUE
12-03-2010 08:30,0,0,0,TRUE
13-03-2010 08:30,0,0,0,TRUE
14-03-2010 08:00,0,0,0,TRUE
15-03-2010 08:30,0,0,0,TRUE
16-03-2010 08:30,0,0,0,TRUE
17-03-2010 08:30,0,0,0,TRUE
18-03-2010 08:30,0,0,0,TRUE
19-03-2010 08:30,0,0,0,TRUE
20-03-2010 08:30,0,0,0,TRUE
21-03-2010 08:00,0,0,0,TRUE
22-03-2010 08:30,0,0,0,TRUE
23-03-2010 08:30,0,0,0,TRUE
24-03-2010 08:30,0,0,0,TRUE
25-03-2010 08:30,0,0,0,TRUE
26-03-2010 08:30,0,0,0,TRUE
27-03-2010 08:30,0,0,0,TRUE
28-03-2010 08:00,0,0,0,TRUE
29-03-2010 08:30,0,0,0,TRUE
30-03-2010 08:30,0,0,0,TRUE
31-03-2010 08:30,0,0,0,TRUE
01-04-2010 08:30,0,0,0,TRUE
02-04-2010 08:00,0,0,0,TRUE
03-04-2010 08:30,0,0,0,TRUE
04-04-2010 08:00,0,0,0,TRUE
05-04-2010 08:30,0,0,0,TRUE
06-04-2010 08:30,0,0,0,TRUE
07-04-2010 08:30,0,0,0,TRUE
08-04-2010 08:30,0,0,0,TRUE
09-04-2010 08:30,0,0,0,TRUE
10-04-2010 08:30,0,0,0,TRUE
11-04-2010 08:00,0,0,0,TRUE
12-04-2010 08:30,0,0,0,TRUE
13-04-2010 08:30,0,0,0,TRUE
14-04-2010 08:00,0,0,0,TRUE
15-04-2010 08:30,0,0,0,TRUE
16-04-2010 08:30,0,0,0,TRUE
17-04-2010 08:30,0,0,0,TRUE
18-04-2010 08:00,0,0,0,TRUE
19-04-2010 08:30,0,0,0,TRUE
20-04-2010 08:30,0,0,0,TRUE
21-04-2010 08:30,0,0,0,TRUE
22-04-2010 08:30,0,0,0,TRUE
23-04-2010 08:30,0,0,0,TRUE
24-04-2010 08:30,0,0,0,TRUE
25-04-2010 08:00,0,0,0,TRUE
27-04-2010 08:30,7.1199727,0.0028,1.722463796,FALSE
28-04-2010 08:30,6.350829,0.0025,1.371779064,FALSE
29-04-2010 08:30,6.3483124,0.0025,1.371235478,FALSE
30-04-2010 08:30,3.2912884,0.0013,0.369677513,FALSE
01-05-2010 08:30,14.683126,0.0058,7.358008101,FALSE
04-05-2010 08:30,0.97709334,0.0004,0.033768346,FALSE
05-05-2010 08:30,0.9499425,0.0004,0.032830013,FALSE
06-05-2010 08:30,0.90235186,0.0004,0.03118528,FALSE
07-05-2010 08:30,0.9834766,0.0004,0.033988951,FALSE
08-05-2010 08:30,0.82737345,0.0003,0.02144552,FALSE
10-05-2010 08:30,0.6981839,0.0003,0.018096927,FALSE
14-05-2010 08:30,1.4320042,0.0006,0.074235098,FALSE
15-05-2010 08:30,0.6081419,0.0002,0.010508692,FALSE
19-05-2010 08:30,2.122734,0.0008,0.146723374,FALSE
20-05-2010 08:30,5.1392527,0.002,0.888062867,FALSE
21-05-2010 08:30,9.848564,0.0039,3.318572125,FALSE
22-05-2010 08:30,8.496651,0.0033,2.422565133,FALSE
24-05-2010 08:30,2.2232528,0.0009,0.172880138,FALSE
25-05-2010 08:30,2.2957258,0.0006,0.119010425,FALSE
26-05-2010 08:30,11.693862,0.0046,4.647608513,FALSE
28-05-2010 08:30,6.4697013,0.0025,1.397455481,FALSE
29-05-2010 08:30,7.6071024,0.008,5.258029179,FALSE
31-05-2010 08:30,6.62174,0.0024,1.373084006,FALSE
01-06-2010 08:30,6.535367,0.0091,5.13836695,FALSE
02-06-2010 08:30,5.7612653,0.009,4.479959897,FALSE
03-06-2010 08:30,6.190614,0.0091,4.867308351,FALSE
04-06-2010 08:30,7.0498037,0.0091,5.542837661,FALSE
05-06-2010 08:30,8.330674,0.0092,6.621886149,FALSE
07-06-2010 08:30,7.6536245,0.0092,6.083713043,FALSE
08-06-2010 08:30,8.811124,0.0093,7.079914356,FALSE
09-06-2010 08:30,8.661749,0.0092,6.885051045,FALSE
10-06-2010 09:00,66.31956,0.0147,84.23114676,FALSE
11-06-2010 09:00,58.834225,0.014,71.16587856,FALSE
12-06-2010 09:00,52.031815,0.0134,60.24035413,FALSE
14-06-2010 09:00,213.26431,0.0283,521.4568297,FALSE
15-06-2010 09:00,194.86122,0.0267,449.5214512,FALSE
16-06-2010 09:00,151.33736,0.0225,294.1998278,FALSE
19-06-2010 09:00,88.623276,0.0167,127.8727525,FALSE
21-06-2010 09:00,79.73472,0.0159,109.5363689,FALSE
22-06-2010 09:00,72.83236,0.0152,95.64928174,FALSE
23-06-2010 09:00,60.97948,0.0142,74.81450442,FALSE
24-06-2010 09:00,67.29299,0.0148,86.04889217,FALSE
25-06-2010 09:00,161.44846,0.00578,80.62606934,FALSE
26-06-2010 09:00,130.28522,0.0156,175.6036309,FALSE
28-06-2010 09:00,93.699814,0.0172,139.2454196,FALSE
29-06-2010 09:00,280.34433,0.0317,767.8294786,FALSE
30-06-2010 09:00,122.81957,0.02,212.232217,FALSE
01-07-2010 09:00,123.091125,0.02,212.701464,FALSE
02-07-2010 09:00,112.92723,0.0189,184.4056495,FALSE
03-07-2010 09:00,98.38564,0.0177,150.4591915,FALSE
05-07-2010 08:45,150.51846,0.0225,292.6078862,FALSE
06-07-2010 09:00,123.89344,0.0201,215.1583036,FALSE
07-07-2010 09:00,109.026955,0.0186,175.2106778,FALSE
08-07-2010 09:00,79.21635,0.0158,108.1398237,FALSE
09-07-2010 09:00,98.09614,0.0175,148.3213637,FALSE
10-07-2010 09:00,60.99834,0.0142,74.83764338,FALSE
12-07-2010 09:00,52.154198,0.0105,47.31428843,FALSE
13-07-2010 09:00,49.64663,0.0011,4.718415715,FALSE
14-07-2010 09:00,44.293648,0.0222,84.95876036,FALSE
15-07-2010 09:00,65.59815,0.0049,27.77163278,FALSE
16-07-2010 09:00,79.039345,0.0269,183.7000841,FALSE
17-07-2010 09:00,113.51279,0.0349,342.2819265,FALSE
19-07-2010 09:00,108.748245,0.0248,233.0170395,FALSE
20-07-2010 09:00,171.1502,0.022,325.3223002,FALSE
21-07-2010 09:00,121.10812,0.009,94.17367411,FALSE
22-07-2010 09:00,150.9719,0.0207,270.0102237,FALSE
23-07-2010 09:00,114.75858,0.0085,84.27870115,FALSE
24-07-2010 09:00,85.60325,0.0094,69.52353552,FALSE
26-07-2010 09:00,71.68474,0.0114,70.60660151,FALSE
27-07-2010 09:00,64.92083,0.009,50.48243741,FALSE
28-07-2010 09:00,160.54472,0.0371,514.6164673,FALSE
29-07-2010 09:00,133.03387,0.019,218.388401,FALSE
30-07-2010 09:00,111.785484,0.0108,104.3092708,FALSE
31-07-2010 09:00,87.09519,0.0097,72.99273684,FALSE
02-08-2010 09:00,61.688633,0.0048,25.58350988,FALSE
03-08-2010 09:00,51.733303,0.0088,39.33386494,FALSE
04-08-2010 09:00,76.56299,0.0169,111.7942155,FALSE
05-08-2010 09:00,63.808975,0.0031,17.09059586,FALSE
06-08-2010 09:00,49.382683,0.0035,14.93332334,FALSE
07-08-2010 09:00,47.060574,0.0057,23.17639148,FALSE
09-08-2010 09:00,46.098915,0.0072,28.67721304,FALSE
10-08-2010 09:00,46.337757,0.0029,11.61038839,FALSE
11-08-2010 09:00,36.788586,0.005,15.89266915,FALSE
12-08-2010 09:00,43.55778,0.0103,38.76293958,FALSE
13-08-2010 09:00,70.54567,0.0156,95.08427585,FALSE
14-08-2010 09:00,69.30124,0.0112,67.06142392,FALSE
16-08-2010 09:00,199.73483,0.0468,807.6317798,FALSE
17-08-2010 09:00,212.63081,0.0283,519.9078461,FALSE
18-08-2010 09:00,120.631775,0.0092,95.88778531,FALSE
19-08-2010 09:00,105.29849,0.0038,34.57160024,FALSE
20-08-2010 09:00,76.25843,0.0048,31.62589609,FALSE
21-08-2010 09:00,66.18961,0.0073,41.74711082,FALSE
24-08-2010 09:00,64.95628,0.057,319.8966877,FALSE
25-08-2010 09:00,74.27818,0.0262,168.1420305,FALSE
26-08-2010 09:00,81.67825,0.0057,40.22490456,FALSE
27-08-2010 09:00,93.55864,0.0273,220.6786353,FALSE
28-08-2010 09:00,89.54574,0.0055,42.55213565,FALSE
30-08-2010 09:00,90.865814,0.0156,122.4725787,FALSE
31-08-2010 09:00,118.64886,0.0104,106.6131196,FALSE
01-09-2010 09:00,81.69441,0.0114,80.46572607,FALSE
02-09-2010 09:00,59.415062,0.0028,14.3736918,FALSE
03-09-2010 09:00,50.024647,0.0029,12.53417555,FALSE
04-09-2010 09:00,45.153328,0.0046,17.94573868,FALSE
06-09-2010 09:00,31.991615,0.0014,3.86970575,FALSE
08-09-2010 09:00,46.1822,0.007,27.93099456,FALSE
09-09-2010 09:00,34.387287,0.0013,3.862380076,FALSE
11-09-2010 09:00,113.78322,0.0222,218.2453186,FALSE
13-09-2010 09:00,44.259613,0.0045,17.20813753,FALSE
14-09-2010 09:00,50.76568,0.0636,278.9594422,FALSE
15-09-2010 09:00,43.17274,0.0113,42.15040952,FALSE
16-09-2010 09:00,40.86342,0.0096,33.89375508,FALSE
17-09-2010 09:00,40.832317,0.0154,54.32984771,FALSE
18-09-2010 09:00,44.55325,0.0062,23.86628496,FALSE
20-09-2010 09:00,39.32438,0.0032,10.87240458,FALSE
21-09-2010 09:00,31.173454,0.0032,8.618836562,FALSE
22-09-2010 09:00,70.47881,0.0452,275.2394871,FALSE
23-09-2010 09:00,78.49375,0.0452,306.540072,FALSE
24-09-2010 09:00,77.31312,0.0637,425.5066723,FALSE
25-09-2010 09:00,58.880905,0.0085,43.24213663,FALSE
27-09-2010 09:00,65.316055,0.0231,130.3603952,FALSE
28-09-2010 09:00,49.686718,0.0132,56.66670814,FALSE
29-09-2010 09:00,42.67366,0.0198,73.00268364,FALSE
30-09-2010 09:00,36.19026,0.011,34.3952231,FALSE
01-10-2010 08:45,38.85855,0.0121,40.62428251,FALSE
04-10-2010 08:45,51.562187,0.0081,36.08528095,FALSE
05-10-2010 08:45,38.099,0.007,23.0422752,FALSE
06-10-2010 08:45,46.753693,0.0101,40.79914266,FALSE
07-10-2010 08:45,114.22402,0.0399,393.7713176,FALSE
08-10-2010 09:00,116.81557,0.0378,381.5103064,FALSE
09-10-2010 09:00,78.58972,0.0173,117.4696263,FALSE
11-10-2010 08:52,60.710808,0.0141,73.96033474,FALSE
12-10-2010 08:37,53.186707,0.0058,26.65292261,FALSE
13-10-2010 08:45,44.145676,0.0037,14.1124897,FALSE
14-10-2010 08:45,35.735832,0.0081,25.00936467,FALSE
16-10-2010 08:45,49.902493,0.0258,111.2386452,FALSE
18-10-2010 08:45,36.629482,0.013,41.14223418,FALSE
19-10-2010 08:45,31.293224,0.0069,18.65576842,FALSE
20-10-2010 08:45,33.46544,0.0043,12.43308027,FALSE
21-10-2010 08:45,37.75007,0.0377,122.962548,FALSE
22-10-2010 08:37,33.08018,0.0042,12.00413572,FALSE
23-10-2010 08:37,25.400389,0.0122,26.77404204,FALSE
25-10-2010 08:30,17.49272,0.0122,18.4387263,FALSE
26-10-2010 08:30,14.066146,0.0233,28.31683984,FALSE
27-10-2010 08:37,43.055397,0.0146,54.31179999,FALSE
28-10-2010 08:37,71.66757,0.0501,310.2231102,FALSE
29-10-2010 08:30,71.8057,0.0617,382.78757,FALSE
30-10-2010 08:45,74.86911,0.0622,402.3525867,FALSE
01-11-2010 08:30,40.63871,0.0259,90.93967969,FALSE
02-11-2010 08:30,33.887848,0.01,29.27910067,FALSE
03-11-2010 08:30,30.93646,0.0311,83.12750548,FALSE
04-11-2010 08:30,21.07699,0.0082,14.93262588,FALSE
06-11-2010 08:45,123.96064,0.0869,930.7163188,FALSE
08-11-2010 08:30,36.326546,0.0154,48.33464905,FALSE
09-11-2010 08:30,28.370848,0.0037,9.069592689,FALSE
10-11-2010 08:30,34.517143,0.027,80.52159119,FALSE
11-11-2010 09:00,64.82672,0.028,156.828801,FALSE
12-11-2010 08:30,42.119442,0.0236,85.88322702,FALSE
13-11-2010 08:30,43.12921,0.0299,111.4182759,FALSE
15-11-2010 08:30,28.56766,0.0058,14.31582578,FALSE
16-11-2010 08:30,33.265537,0.0203,58.34509066,FALSE
18-11-2010 08:30,44.371708,0.0214,82.04151322,FALSE
19-11-2010 08:30,35.958687,0.0184,57.16568225,FALSE
20-11-2010 09:00,37.348087,0.0127,40.9813089,FALSE
22-11-2010 08:45,169.03908,0.0781,1140.648666,FALSE
23-11-2010 08:30,136.53297,0.0682,804.5177951,FALSE
24-11-2010 08:37,108.05034,0.0296,276.3322615,FALSE
25-11-2010 08:37,81.71725,0.0008,5.64829632,FALSE
26-11-2010 08:37,63.077507,0.0071,38.69426589,FALSE
27-11-2010 08:30,46.116096,0.0151,60.16490349,FALSE
29-11-2010 08:30,40.241287,0.0094,32.68236365,FALSE
01-12-2010 08:30,25.099096,0.0072,15.61364564,FALSE
02-12-2010 08:30,24.076681,0.0069,14.35355414,FALSE
04-12-2010 08:30,8.48138,0.006,4.396747392,FALSE
06-12-2010 08:30,4.403769,0.0052,1.978525336,FALSE
07-12-2010 08:30,1.88489,0.0043,0.700274333,FALSE
08-12-2010 08:30,1.5350648,0.0042,0.557044315,FALSE
11-12-2010 08:00,0,0,0,TRUE
12-12-2010 08:00,0,0,0,TRUE
13-12-2010 08:00,0,0,0,TRUE
14-12-2010 08:00,0,0,0,TRUE
15-12-2010 08:00,0,0,0,TRUE
16-12-2010 08:00,0,0,0,TRUE
17-12-2010 08:00,0,0,0,TRUE
18-12-2010 08:00,0,0,0,TRUE
19-12-2010 08:00,0,0,0,TRUE
20-12-2010 08:00,0,0,0,TRUE
21-12-2010 08:00,0,0,0,TRUE
22-12-2010 08:00,0,0,0,TRUE
23-12-2010 08:00,0,0,0,TRUE
24-12-2010 08:00,0,0,0,TRUE
25-12-2010 08:00,0,0,0,TRUE
26-12-2010 08:00,0,0,0,TRUE
27-12-2010 08:00,0,0,0,TRUE
28-12-2010 08:00,0,0,0,TRUE
29-12-2010 08:00,0,0,0,TRUE
30-12-2010 08:00,0,0,0,TRUE
31-12-2010 08:00,0,0,0,TRUE
01-01-2011 08:00,0,0,0,TRUE
02-01-2011 08:00,0,0,0,TRUE
03-01-2011 08:00,0,0,0,TRUE
04-01-2011 08:00,0,0,0,TRUE
05-01-2011 08:00,0,0,0,TRUE
06-01-2011 08:00,0,0,0,TRUE
07-01-2011 08:00,0,0,0,TRUE
08-01-2011 08:00,0,0,0,TRUE
09-01-2011 08:00,0,0,0,TRUE
10-01-2011 08:00,0,0,0,TRUE
11-01-2011 08:00,0,0,0,TRUE
12-01-2011 08:00,0,0,0,TRUE
13-01-2011 08:00,0,0,0,TRUE
14-01-2011 08:00,0,0,0,TRUE
15-01-2011 08:00,0,0,0,TRUE
16-01-2011 08:00,0,0,0,TRUE
17-01-2011 08:00,0,0,0,TRUE
18-01-2011 08:00,0,0,0,TRUE
19-01-2011 08:00,0,0,0,TRUE
21-01-2011 08:30,2.8214624,0,0,TRUE
22-01-2011 08:30,2.8145185,0,0,TRUE
24-01-2011 08:30,2.7142901,0,0,TRUE
25-01-2011 08:30,3.0294192,0,0,TRUE
27-01-2011 08:30,2.1457946,0,0,TRUE
28-01-2011 08:30,2.651978,0,0,TRUE
31-01-2011 08:30,2.0232484,0,0,TRUE
01-02-2011 08:30,2.0570917,0.024,4.265585349,FALSE
02-02-2011 08:30,1.9572082,0.023,3.889364135,FALSE
03-02-2011 08:30,1.8702948,0.022,3.555056356,FALSE
04-02-2011 08:30,1.308992,0.015,1.696453632,FALSE
05-02-2011 08:30,2.1896791,0.026,4.91889513,FALSE
09-02-2011 08:30,1.7000571,0.02,2.937698669,FALSE
10-02-2011 08:00,0,0,0,TRUE
11-02-2011 08:00,0,0,0,TRUE
12-02-2011 08:00,0,0,0,TRUE
13-02-2011 08:00,0,0,0,TRUE
14-02-2011 08:00,0,0,0,TRUE
15-02-2011 08:00,0,0,0,TRUE
16-02-2011 08:00,0,0,0,TRUE
17-02-2011 08:00,0,0,0,TRUE
18-02-2011 08:00,0,0,0,TRUE
19-02-2011 08:00,0,0,0,TRUE
20-02-2011 08:00,0,0,0,TRUE
21-02-2011 08:00,0,0,0,TRUE
22-02-2011 08:00,0,0,0,TRUE
23-02-2011 08:00,0,0,0,TRUE
24-02-2011 08:00,0,0,0,TRUE
25-02-2011 08:00,0,0,0,TRUE
26-02-2011 08:00,0,0,0,TRUE
27-02-2011 08:00,0,0,0,TRUE
28-02-2011 08:00,0,0,0,TRUE
01-03-2011 08:00,0,0,0,TRUE
02-03-2011 08:00,0,0,0,TRUE
03-03-2011 08:00,0,0,0,TRUE
04-03-2011 08:00,0,0,0,TRUE
05-03-2011 08:00,0,0,0,TRUE
06-03-2011 08:00,0,0,0,TRUE
07-03-2011 08:00,0,0,0,TRUE
08-03-2011 08:00,0,0,0,TRUE
09-03-2011 08:00,0,0,0,TRUE
10-03-2011 08:00,0,0,0,TRUE
11-03-2011 08:00,0,0,0,TRUE
12-03-2011 08:00,0,0,0,TRUE
13-03-2011 08:00,0,0,0,TRUE
14-03-2011 08:00,0,0,0,TRUE
15-03-2011 08:00,0,0,0,TRUE
16-03-2011 08:00,0,0,0,TRUE
17-03-2011 08:00,0,0,0,TRUE
18-03-2011 08:00,0,0,0,TRUE
19-03-2011 08:00,0,0,0,TRUE
20-03-2011 08:00,0,0,0,TRUE
21-03-2011 08:00,0,0,0,TRUE
22-03-2011 08:00,0,0,0,TRUE
23-03-2011 08:00,0,0,0,TRUE
24-03-2011 08:00,0,0,0,TRUE
25-03-2011 08:00,0,0,0,TRUE
26-03-2011 08:00,0,0,0,TRUE
27-03-2011 08:00,0,0,0,TRUE
28-03-2011 08:00,0,0,0,TRUE
29-03-2011 08:00,0,0,0,TRUE
30-03-2011 08:00,0,0,0,TRUE
31-03-2011 08:00,0,0,0,TRUE
01-04-2011 08:00,0,0,0,TRUE
02-04-2011 08:00,0,0,0,TRUE
03-04-2011 08:00,0,0,0,TRUE
04-04-2011 08:00,0,0,0,TRUE
05-04-2011 08:00,0,0,0,TRUE
06-04-2011 08:00,0,0,0,TRUE
07-04-2011 08:00,0,0,0,TRUE
08-04-2011 08:00,0,0,0,TRUE
09-04-2011 08:00,0,0,0,TRUE
10-04-2011 08:00,0,0,0,TRUE
11-04-2011 08:00,0,0,0,TRUE
12-04-2011 08:00,0,0,0,TRUE
13-04-2011 08:00,0,0,0,TRUE
14-04-2011 08:00,0,0,0,TRUE
15-04-2011 08:00,0,0,0,TRUE
16-04-2011 08:00,0,0,0,TRUE
17-04-2011 08:00,0,0,0,TRUE
18-04-2011 08:00,0,0,0,TRUE
19-04-2011 08:00,0,0,0,TRUE
20-04-2011 08:00,0,0,0,TRUE
21-04-2011 08:00,0,0,0,TRUE
22-04-2011 08:00,0,0,0,TRUE
23-04-2011 08:00,0,0,0,TRUE
24-04-2011 08:00,0,0,0,TRUE
25-04-2011 08:00,0,0,0,TRUE
26-04-2011 08:00,0,0,0,TRUE
27-04-2011 08:00,0,0,0,TRUE
28-04-2011 08:00,0,0,0,TRUE
29-04-2011 08:00,0,0,0,TRUE
30-04-2011 08:00,0,0,0,TRUE
01-05-2011 08:00,0,0,0,TRUE
02-05-2011 08:00,0,0,0,TRUE
03-05-2011 08:00,0,0,0,TRUE
04-05-2011 08:00,0,0,0,TRUE
05-05-2011 08:00,0,0,0,TRUE
06-05-2011 08:00,0,0,0,TRUE
07-05-2011 08:00,0,0,0,TRUE
08-05-2011 08:00,0,0,0,TRUE
09-05-2011 08:00,0,0,0,TRUE
10-05-2011 08:00,0,0,0,TRUE
11-05-2011 08:00,0,0,0,TRUE
12-05-2011 08:00,0,0,0,TRUE
13-05-2011 08:00,0,0,0,TRUE
14-05-2011 08:00,0,0,0,TRUE
15-05-2011 08:00,0,0,0,TRUE
16-05-2011 08:00,0,0,0,TRUE
17-05-2011 08:00,0,0,0,TRUE
18-05-2011 08:00,0,0,0,TRUE
19-05-2011 08:00,0,0,0,TRUE
20-05-2011 08:00,0,0,0,TRUE
21-05-2011 08:00,0,0,0,TRUE
22-05-2011 08:00,0,0,0,TRUE
23-05-2011 08:00,0,0,0,TRUE
24-05-2011 08:00,0,0,0,TRUE
25-05-2011 08:00,0,0,0,TRUE
26-05-2011 08:00,0,0,0,TRUE
27-05-2011 08:00,0,0,0,TRUE
28-05-2011 08:00,0,0,0,TRUE
29-05-2011 08:00,0,0,0,TRUE
30-05-2011 08:30,36.176613,0.0132,41.25870359,FALSE
31-05-2011 08:45,58.42052,0.0231,116.5980106,FALSE
02-06-2011 08:45,271.83218,0.0088,206.6794431,FALSE
03-06-2011 08:00,84.65,0.002,14.62752,FALSE
04-06-2011 12:30,55.929375,0.0013,6.2819874,FALSE
06-06-2011 09:45,52.034653,0.0012,5.394952823,FALSE
07-06-2011 08:45,47.92457,0.0011,4.554751133,FALSE
08-06-2011 09:45,29.248205,0.0007,1.768931438,FALSE
09-06-2011 09:00,26.942411,0.0006,1.396694586,FALSE
10-06-2011 09:00,25.952042,0.0006,1.345353857,FALSE
11-06-2011 08:45,23.28248,0.0005,1.005803136,FALSE
13-06-2011 09:00,26.674229,0.0005,1.152326693,FALSE
14-06-2011 08:45,39.140182,0.0008,2.70536938,FALSE
15-06-2011 08:30,63.278767,0.0013,7.107471109,FALSE
16-06-2011 08:45,48.49412,0.001,4.189891968,FALSE
17-06-2011 12:00,68.48805,0.0014,8.284314528,FALSE
18-06-2011 08:45,59.19288,0.0012,6.137117798,FALSE
20-06-2011 08:45,49.717037,0.001,4.295551997,FALSE
21-06-2011 08:30,47.718987,0.001,4.122920477,FALSE
23-06-2011 09:00,39.647846,0.0008,2.740459116,FALSE
24-06-2011 09:00,38.683487,0.0008,2.673802621,FALSE
27-06-2011 08:45,67.72449,0.0014,8.19195431,FALSE
28-06-2011 08:45,105.12854,0.008,72.66484685,FALSE
29-06-2011 08:30,64.57686,0.0076,42.40374935,FALSE
30-06-2011 08:30,59.26077,0.0018,9.21623495,FALSE
01-07-2011 08:45,48.50009,0.0026,10.89506022,FALSE
02-07-2011 08:45,50.282673,0.0081,35.18982587,FALSE
04-07-2011 08:30,35.887318,0.0056,17.36371994,FALSE
05-07-2011 08:45,61.48134,0.0113,60.02546187,FALSE
06-07-2011 08:45,75.67973,0.0074,48.38659217,FALSE
07-07-2011 08:45,78.58974,0.0061,41.41993657,FALSE
08-07-2011 08:30,64.92225,0.0043,24.11991432,FALSE
09-07-2011 08:30,61.610798,0.0014,7.452442126,FALSE
11-07-2011 08:30,49.875885,0.0017,7.325769989,FALSE
12-07-2011 08:30,73.2151,0.0034,21.50766778,FALSE
13-07-2011 08:30,85.97846,0.0032,23.77132462,FALSE
14-07-2011 08:30,72.45772,0.0032,20.03311043,FALSE
15-07-2011 08:30,94.68829,0.0048,39.26912763,FALSE
16-07-2011 08:45,105.67897,0.0049,44.74024874,FALSE
18-07-2011 08:45,187.80612,0.0086,139.5474594,FALSE
19-07-2011 08:45,277.29477,0.0092,220.4160668,FALSE
20-07-2011 08:30,112.41204,0.0065,63.13060166,FALSE
21-07-2011 08:30,96.96472,0.0056,46.91541012,FALSE
22-07-2011 08:45,93.22961,0.0091,73.30084857,FALSE
23-07-2011 08:45,79.0781,0.0033,22.54674787,FALSE
25-07-2011 08:45,160.99712,0.0091,126.5823756,FALSE
26-07-2011 09:00,163.95206,0.0073,103.4078433,FALSE
27-07-2011 08:45,115.53718,0.0042,41.92613188,FALSE
28-07-2011 08:30,91.930504,0.004,31.77118218,FALSE
29-07-2011 08:30,80.51321,0.0076,52.86819421,FALSE
30-07-2011 08:30,85.25386,0.0058,42.72241432,FALSE
01-08-2011 08:30,100.53972,0.0055,47.77647494,FALSE
02-08-2011 08:30,68.07916,0.0098,57.64398636,FALSE
03-08-2011 08:30,82.99103,0.0024,17.20901998,FALSE
04-08-2011 08:30,88.816,0.0073,56.01802752,FALSE
05-08-2011 08:30,71.117546,0.0101,62.06001534,FALSE
06-08-2011 08:30,121.53257,0.0059,61.95244288,FALSE
08-08-2011 08:45,214.59586,0.0042,77.87254568,FALSE
09-08-2011 08:45,195.6467,0.006,101.4232493,FALSE
10-08-2011 08:30,139.62697,0.0029,34.9849336,FALSE
11-08-2011 08:00,115.537224,0.0118,117.7925106,FALSE
12-08-2011 08:30,100.50969,0.0113,98.12962054,FALSE
13-08-2011 08:30,106.61848,0.0103,94.88191772,FALSE
16-08-2011 08:30,88.08803,0.0084,63.93076865,FALSE
17-08-2011 08:45,66.262146,0.0068,38.93033602,FALSE
18-08-2011 08:45,107.93095,0.0086,80.19701309,FALSE
19-08-2011 08:30,69.328125,0.0087,52.112565,FALSE
20-08-2011 08:30,73.82864,0.0079,50.39247652,FALSE
22-08-2011 08:30,58.979977,0.0043,21.91224106,FALSE
23-08-2011 09:00,115.380646,0.0091,90.71687911,FALSE
24-08-2011 09:00,76.236534,0.0116,76.40730384,FALSE
25-08-2011 09:00,79.55398,0.0136,93.47910866,FALSE
26-08-2011 08:30,248.56244,0.0177,380.1215682,FALSE
27-08-2011 08:30,99.59359,0.0122,104.9796113,FALSE
29-08-2011 08:30,89.7494,0.0143,110.8871787,FALSE
30-08-2011 08:30,85.95049,0.0088,65.34987656,FALSE
01-09-2011 08:30,114.88327,0.0056,55.58512136,FALSE
02-09-2011 08:30,126.60117,0.009,98.44506979,FALSE
03-09-2011 09:00,248.13747,0.0068,145.7857264,FALSE
05-09-2011 08:30,101.35528,0.0087,76.18673687,FALSE
06-09-2011 08:30,88.61167,0.0064,48.99870904,FALSE
07-09-2011 08:30,87.67564,0.0039,29.54318365,FALSE
08-09-2011 08:30,70.522606,0.01,60.93153158,FALSE
10-09-2011 08:30,74.08884,0.0037,23.68472037,FALSE
12-09-2011 08:30,151.15137,0.0041,53.54386131,FALSE
13-09-2011 08:30,95.83656,0.0029,24.01280847,FALSE
14-09-2011 08:30,134.91829,0.0046,53.62192518,FALSE
15-09-2011 08:30,89.72332,0.0023,17.82981815,FALSE
16-09-2011 08:30,90.60121,0.0035,27.3978059,FALSE
17-09-2011 08:30,79.74868,0.0027,18.60377207,FALSE
19-09-2011 08:30,64.907074,0.0015,8.41195679,FALSE
20-09-2011 08:30,69.505714,0.0015,9.007940534,FALSE
21-09-2011 08:30,68.31725,0.0037,21.83965848,FALSE
22-09-2011 08:30,55.938084,0.0016,7.732880732,FALSE
23-09-2011 08:30,51.445984,0.0016,7.111892828,FALSE
24-09-2011 08:30,46.82444,0.0014,5.663884262,FALSE
26-09-2011 08:30,42.455456,0.0012,4.401781678,FALSE
27-09-2011 08:30,23.440557,0.0012,2.43031695,FALSE
28-09-2011 08:30,22.035149,0.0012,2.284604248,FALSE
29-09-2011 08:30,17.554558,0.0013,1.971727955,FALSE
30-09-2011 08:30,14.699471,0.0013,1.651044583,FALSE
01-10-2011 08:30,14.359295,0.0017,2.10909325,FALSE
03-10-2011 08:30,10.746368,0.0023,2.135518249,FALSE
04-10-2011 08:30,8.792166,0.0025,1.899107856,FALSE
05-10-2011 08:30,8.061248,0.0014,0.975088558,FALSE
07-10-2011 08:30,7.2200837,0.0024,1.497156556,FALSE
08-10-2011 08:30,4.7233167,0.0016,0.652951301,FALSE
11-10-2011 08:30,31.116676,0.0024,6.452353935,FALSE
12-10-2011 08:30,11.017245,0.0025,2.37972492,FALSE
13-10-2011 08:30,17.672209,0.0025,3.817197144,FALSE
14-10-2011 08:30,8.924443,0.0026,2.004786876,FALSE
15-10-2011 08:30,18.371729,0.0026,4.127025203,FALSE
17-10-2011 08:45,51.379192,0.0075,33.29371642,FALSE
18-10-2011 08:30,71.786545,0.0108,66.98546087,FALSE
19-10-2011 08:30,64.83988,0.009,50.41949069,FALSE
20-10-2011 03:45,38.295288,0.0051,16.8744357,FALSE
21-10-2011 08:30,33.16399,0.0043,12.32108556,FALSE
22-10-2011 08:30,34.210762,0.0036,10.64091541,FALSE
24-10-2011 08:30,51.592697,0.0049,21.8422842,FALSE
25-10-2011 08:30,31.71819,0.0021,5.754948394,FALSE
27-10-2011 08:30,22.49669,0.0021,4.081799434,FALSE
28-10-2011 08:30,24.27422,0.002,4.194585216,FALSE
29-10-2011 08:30,15.635043,0.0019,2.566648659,FALSE
31-10-2011 08:30,20.160957,0.0012,2.090288022,FALSE
01-11-2011 08:30,16.245153,0.0013,1.824655585,FALSE
02-11-2011 08:30,32.14139,0.0018,4.998628973,FALSE
03-11-2011 08:30,23.724377,0.0017,3.484636494,FALSE
04-11-2011 08:30,30.730764,0.0014,3.717193213,FALSE
05-11-2011 08:30,21.332518,0.0017,3.133320244,FALSE
08-11-2011 08:30,125.75312,0.0058,63.01740349,FALSE
09-11-2011 08:45,50.65447,0.0056,24.50865876,FALSE
11-11-2011 08:30,40.19128,0.0015,5.208789888,FALSE
12-11-2011 08:30,34.66537,0.0012,3.594105562,FALSE
14-11-2011 08:30,17.8276,0.0025,3.8507616,FALSE
15-11-2011 08:30,17.540503,0.0017,2.576349081,FALSE
16-11-2011 08:30,16.132252,0.0013,1.811974545,FALSE
17-11-2011 08:45,14.963471,0.0013,1.680697063,FALSE
18-11-2011 08:30,14.269684,0.0007,0.863030488,FALSE
19-11-2011 08:30,12.522921,0.0004,0.43279215,FALSE
21-11-2011 08:30,10.134343,0.0009,0.788046512,FALSE
22-11-2011 08:30,9.87037,0.0007,0.596959978,FALSE
23-11-2011 08:30,7.016513,0.0007,0.424358706,FALSE
24-11-2011 08:30,6.264714,0.0008,0.433017032,FALSE
25-11-2011 08:30,5.2117577,0.0003,0.13508876,FALSE
26-11-2011 08:30,12.034239,0.0004,0.4159033,FALSE
28-11-2011 08:30,9.594021,0.0001,0.082892341,FALSE
01-12-2011 08:45,23.112572,0.0001,0.199692622,FALSE
03-12-2011 08:30,19.940472,0.0004,0.689142712,FALSE
05-12-2011 08:30,12.788854,0.0009,0.994461287,FALSE
08-12-2011 08:30,5.863458,0.0002,0.101320554,FALSE
09-12-2011 08:30,3.993729,0.0016,0.552093097,FALSE
10-12-2011 08:30,4.241873,0.0014,0.513096958,FALSE
12-12-2011 08:30,6.813776,0.0014,0.824194345,FALSE
13-12-2011 08:30,5.8727517,0.0003,0.152221724,FALSE
14-12-2011 09:00,0,0,0,TRUE
15-12-2011 08:00,0,0,0,TRUE
16-12-2011 08:00,0,0,0,TRUE
17-12-2011 08:00,0,0,0,TRUE
18-12-2011 08:00,0,0,0,TRUE
19-12-2011 08:00,0,0,0,TRUE
20-12-2011 08:00,0,0,0,TRUE
21-12-2011 08:00,0,0,0,TRUE
22-12-2011 08:00,0,0,0,TRUE
23-12-2011 08:00,0,0,0,TRUE
24-12-2011 08:00,0,0,0,TRUE
25-12-2011 08:00,0,0,0,TRUE
26-12-2011 08:00,0,0,0,TRUE
27-12-2011 08:00,0,0,0,TRUE
28-12-2011 08:00,0,0,0,TRUE
29-12-2011 08:00,0,0,0,TRUE
30-12-2011 08:00,0,0,0,TRUE
31-12-2011 08:00,0,0,0,TRUE
01-01-2012 08:00,0,0,0,TRUE
02-01-2012 08:00,0,0,0,TRUE
03-01-2012 08:00,0,0,0,TRUE
04-01-2012 08:00,0,0,0,TRUE
05-01-2012 08:00,0,0,0,TRUE
06-01-2012 08:00,0,0,0,TRUE
07-01-2012 08:00,0,0,0,TRUE
08-01-2012 08:00,0,0,0,TRUE
09-01-2012 08:00,0,0,0,TRUE
10-01-2012 08:00,0,0,0,TRUE
11-01-2012 08:00,0,0,0,TRUE
12-01-2012 08:00,0,0,0,TRUE
13-01-2012 08:00,0,0,0,TRUE
14-01-2012 08:00,0,0,0,TRUE
15-01-2012 08:00,0,0,0,TRUE
16-01-2012 08:00,0,0,0,TRUE
17-01-2012 08:00,0,0,0,TRUE
18-01-2012 08:00,0,0,0,TRUE
19-01-2012 08:00,0,0,0,TRUE
20-01-2012 08:00,0,0,0,TRUE
21-01-2012 08:00,0,0,0,TRUE
22-01-2012 08:00,0,0,0,TRUE
23-01-2012 08:00,0,0,0,TRUE
24-01-2012 08:00,0,0,0,TRUE
25-01-2012 08:00,0,0,0,TRUE
26-01-2012 08:00,0,0,0,TRUE
27-01-2012 08:00,0,0,0,TRUE
28-01-2012 08:00,0,0,0,TRUE
29-01-2012 08:00,0,0,0,TRUE
30-01-2012 08:00,0,0,0,TRUE
31-01-2012 08:00,0,0,0,TRUE
01-02-2012 08:00,0,0,0,TRUE
02-02-2012 08:00,0,0,0,TRUE
03-02-2012 08:00,0,0,0,TRUE
04-02-2012 08:00,0,0,0,TRUE
05-02-2012 08:00,0,0,0,TRUE
06-02-2012 08:00,0,0,0,TRUE
07-02-2012 08:00,0,0,0,TRUE
08-02-2012 08:00,0,0,0,TRUE
09-02-2012 08:00,0,0,0,TRUE
10-02-2012 08:00,0,0,0,TRUE
11-02-2012 08:00,0,0,0,TRUE
12-02-2012 08:00,0,0,0,TRUE
13-02-2012 08:00,0,0,0,TRUE
14-02-2012 08:00,0,0,0,TRUE
15-02-2012 08:00,0,0,0,TRUE
16-02-2012 08:00,0,0,0,TRUE
17-02-2012 08:00,0,0,0,TRUE
18-02-2012 08:00,0,0,0,TRUE
19-02-2012 08:00,0,0,0,TRUE
20-02-2012 08:00,0,0,0,TRUE
21-02-2012 08:00,0,0,0,TRUE
22-02-2012 08:00,0,0,0,TRUE
23-02-2012 08:00,0,0,0,TRUE
24-02-2012 08:00,0,0,0,TRUE
25-02-2012 08:00,0,0,0,TRUE
26-02-2012 08:00,0,0,0,TRUE
27-02-2012 08:00,0,0,0,TRUE
28-02-2012 08:00,0,0,0,TRUE
29-02-2012 08:00,0,0,0,TRUE
01-03-2012 08:00,0,0,0,TRUE
02-03-2012 08:00,0,0,0,TRUE
03-03-2012 08:00,0,0,0,TRUE
04-03-2012 08:00,0,0,0,TRUE
05-03-2012 08:00,0,0,0,TRUE
06-03-2012 08:00,0,0,0,TRUE
07-03-2012 08:00,0,0,0,TRUE
08-03-2012 08:00,0,0,0,TRUE
09-03-2012 08:00,0,0,0,TRUE
10-03-2012 08:00,0,0,0,TRUE
11-03-2012 08:00,0,0,0,TRUE
12-03-2012 08:00,0,0,0,TRUE
13-03-2012 08:00,0,0,0,TRUE
14-03-2012 08:00,0,0,0,TRUE
15-03-2012 08:00,0,0,0,TRUE
16-03-2012 08:00,0,0,0,TRUE
17-03-2012 08:00,0,0,0,TRUE
18-03-2012 08:00,0,0,0,TRUE
19-03-2012 08:00,0,0,0,TRUE
20-03-2012 08:00,0,0,0,TRUE
21-03-2012 08:00,0,0,0,TRUE
22-03-2012 08:00,0,0,0,TRUE
23-03-2012 08:00,0,0,0,TRUE
24-03-2012 08:00,0,0,0,TRUE
25-03-2012 08:00,0,0,0,TRUE
26-03-2012 08:00,0,0,0,TRUE
27-03-2012 08:00,0,0,0,TRUE
28-03-2012 08:00,0,0,0,TRUE
29-03-2012 08:00,0,0,0,TRUE
30-03-2012 08:00,0,0,0,TRUE
31-03-2012 08:00,0,0,0,TRUE
01-04-2012 08:00,0,0,0,TRUE
02-04-2012 08:00,0,0,0,TRUE
03-04-2012 08:00,0,0,0,TRUE
04-04-2012 08:00,0,0,0,TRUE
05-04-2012 08:00,0,0,0,TRUE
06-04-2012 08:00,0,0,0,TRUE
07-04-2012 08:00,0,0,0,TRUE
08-04-2012 08:00,0,0,0,TRUE
09-04-2012 08:00,0,0,0,TRUE
10-04-2012 08:00,0,0,0,TRUE
11-04-2012 08:00,0,0,0,TRUE
12-04-2012 08:00,0,0,0,TRUE
13-04-2012 08:00,0,0,0,TRUE
14-04-2012 08:00,0,0,0,TRUE
15-04-2012 08:00,0,0,0,TRUE
16-04-2012 08:00,0,0,0,TRUE
17-04-2012 08:00,0,0,0,TRUE
18-04-2012 08:00,0,0,0,TRUE
19-04-2012 08:00,0,0,0,TRUE
20-04-2012 08:00,0,0,0,TRUE
21-04-2012 08:00,0,0,0,TRUE
22-04-2012 08:00,0,0,0,TRUE
23-04-2012 08:00,0,0,0,TRUE
24-04-2012 08:00,0,0,0,TRUE
25-04-2012 08:00,0,0,0,TRUE
26-04-2012 08:00,0,0,0,TRUE
27-04-2012 08:00,0,0,0,TRUE
28-04-2012 08:00,0,0,0,TRUE
29-04-2012 08:00,0,0,0,TRUE
30-04-2012 08:00,0,0,0,TRUE
01-05-2012 08:00,0,0,0,TRUE
02-05-2012 08:00,0,0,0,TRUE
03-05-2012 08:00,0,0,0,TRUE
04-05-2012 08:00,0,0,0,TRUE
05-05-2012 08:00,0,0,0,TRUE
06-05-2012 08:00,0,0,0,TRUE
07-05-2012 08:00,0,0,0,TRUE
08-05-2012 08:00,0,0,0,TRUE
09-05-2012 08:00,0,0,0,TRUE
10-05-2012 08:00,0,0,0,TRUE
11-05-2012 08:00,0,0,0,TRUE
12-05-2012 08:00,0,0,0,TRUE
13-05-2012 08:00,0,0,0,TRUE
14-05-2012 08:00,0,0,0,TRUE
15-05-2012 08:00,0,0,0,TRUE
16-05-2012 08:00,0,0,0,TRUE
17-05-2012 08:00,0,0,0,TRUE
18-05-2012 08:00,0,0,0,TRUE
19-05-2012 08:00,0,0,0,TRUE
20-05-2012 08:00,0,0,0,TRUE
21-05-2012 08:00,0,0,0,TRUE
22-05-2012 08:00,0,0,0,TRUE
23-05-2012 08:00,0,0,0,TRUE
24-05-2012 08:00,0,0,0,TRUE
25-05-2012 08:00,0,0,0,TRUE
26-05-2012 08:00,0,0,0,TRUE
27-05-2012 08:00,0,0,0,TRUE
28-05-2012 08:00,0,0,0,TRUE
29-05-2012 08:00,0,0,0,TRUE
30-05-2012 08:00,0,0,0,TRUE
31-05-2012 08:00,0,0,0,TRUE
01-06-2012 08:30,0,0,0,TRUE
02-06-2012 08:00,0,0,0,TRUE
03-06-2012 08:00,0,0,0,TRUE
04-06-2012 08:00,0,0,0,TRUE
05-06-2012 08:00,0,0,0,TRUE
06-06-2012 08:00,0,0,0,TRUE
07-06-2012 08:52,8.427403,0.0008,0.582502095,FALSE
09-06-2012 08:37,3.0368085,0.0002,0.052476051,FALSE
12-06-2012 08:00,0,0,0,TRUE
13-06-2012 08:52,14.53436,0.0014,1.758076186,FALSE
14-06-2012 08:00,0,0,0,TRUE
15-06-2012 08:00,0,0,0,TRUE
16-06-2012 08:00,0,0,0,TRUE
17-06-2012 08:00,0,0,0,TRUE
20-06-2012 09:00,80.98553,0.0043,30.08774411,FALSE
22-06-2012 09:00,70.18941,0.0038,23.04458709,FALSE
23-06-2012 09:00,67.58337,0.0044,25.69249394,FALSE
25-06-2012 09:00,66.491486,0.0016,9.191783025,FALSE
26-06-2012 09:00,40.33691,0.0018,6.273196243,FALSE
27-06-2012 08:30,42.017178,0.002,7.260568358,FALSE
28-06-2012 08:45,37.04548,0.0019,6.081385997,FALSE
29-06-2012 08:30,39.679195,0.0014,4.799595427,FALSE
30-06-2012 08:40,39.014645,0.0014,4.719211459,FALSE
02-07-2012 09:00,82.11201,0.0081,57.46526908,FALSE
03-07-2012 08:30,69.58283,0.0015,9.017934768,FALSE
04-07-2012 08:30,70.787445,0.0087,53.20950666,FALSE
05-07-2012 08:30,66.59215,0.0012,6.904274112,FALSE
06-07-2012 08:45,42.797997,0.0018,6.655944493,FALSE
07-07-2012 08:30,39.62595,0.0026,8.901573408,FALSE
09-07-2012 08:37,72.01212,0.0104,64.70721055,FALSE
10-07-2012 09:05,313.3341,0.0046,124.5315047,FALSE
13-07-2012 09:00,80.04492,0.0017,11.75699785,FALSE
14-07-2012 08:30,80.187706,0.0022,15.24207916,FALSE
16-07-2012 09:00,71.914085,0.0017,10.5627408,FALSE
17-07-2012 08:30,68.325165,0.0018,10.62592966,FALSE
18-07-2012 08:30,67.275894,0.002,11.62527448,FALSE
19-07-2012 08:30,45.7478,0.0017,6.719436864,FALSE
20-07-2012 08:30,40.544697,0.0016,5.604898913,FALSE
21-07-2012 08:30,40.185696,0.0013,4.513657375,FALSE
23-07-2012 09:00,81.19692,0.0025,17.53853472,FALSE
24-07-2012 08:30,76.74106,0.0015,9.945641376,FALSE
25-07-2012 09:00,69.852165,0.0018,10.8634087,FALSE
26-07-2012 08:30,72.13578,0.0035,21.81385987,FALSE
27-07-2012 09:00,59.879227,0.0018,9.312417383,FALSE
28-07-2012 08:30,55.869896,0.0016,7.723454423,FALSE
30-07-2012 08:30,52.398537,0.0013,5.885403676,FALSE
31-07-2012 09:00,46.121067,0.0012,4.781832227,FALSE
01-08-2012 08:30,39.886635,0.0023,7.926272107,FALSE
02-08-2012 08:30,36.9326,0.0023,7.339246272,FALSE
03-08-2012 09:00,33.658108,0.0022,6.397733169,FALSE
04-08-2012 09:00,30.690208,0.0012,3.181960765,FALSE
06-08-2012 08:30,33.17208,0.0023,6.591955738,FALSE
07-08-2012 08:30,39.5924,0.0013,4.447018368,FALSE
08-08-2012 09:00,40.885494,0.0021,7.418264031,FALSE
09-08-2012 09:00,52.816216,0.0066,30.11791901,FALSE
14-08-2012 08:30,38.160812,0.0013,4.286222404,FALSE
17-08-2012 09:00,306.18063,0.0043,113.7522277,FALSE
18-08-2012 09:00,493.2875,0.0039,166.218156,FALSE
21-08-2012 08:30,69.801025,0.0042,25.32939595,FALSE
22-08-2012 08:30,51.739502,0.0034,15.19899611,FALSE
24-08-2012 08:30,34.371315,0.0088,26.13319822,FALSE
25-08-2012 08:30,33.72762,0.0082,23.89534422,FALSE
27-08-2012 09:00,61.269108,0.0097,51.34841403,FALSE
28-08-2012 09:00,61.808464,0.0059,31.50748261,FALSE
30-08-2012 08:30,78.58974,0.006,40.74092122,FALSE
31-08-2012 09:00,95.65566,0.0066,54.54668356,FALSE
01-09-2012 08:30,81.81132,0.0038,26.86029258,FALSE
03-09-2012 08:30,79.81526,0.008,55.16830771,FALSE
05-09-2012 09:00,80.21362,0.0037,25.64269004,FALSE
07-09-2012 08:30,60.23522,0.0016,8.326916813,FALSE
08-09-2012 09:00,57.68956,0.0044,21.93126313,FALSE
10-09-2012 09:00,58.590412,0.0017,8.605759715,FALSE
12-09-2012 08:30,29.470182,0.0017,4.328580332,FALSE
19-09-2012 09:00,25.62688,0.0013,2.878411162,FALSE
20-09-2012 09:00,23.771416,0.0013,2.670005445,FALSE
21-09-2012 09:00,22.621494,0.0012,2.345396498,FALSE
22-09-2012 09:00,37.247036,0.0016,5.149030257,FALSE
24-09-2012 09:00,21.72364,0.0013,2.439999245,FALSE
27-09-2012 09:00,12.214458,0.0013,1.371927923,FALSE
28-09-2012 09:00,11.887676,0.0013,1.335223768,FALSE
29-09-2012 09:00,11.508724,0.0013,1.29265988,FALSE
01-10-2012 08:30,12.241459,0.0014,1.480726881,FALSE
03-10-2012 09:00,8.202882,0.0012,0.850474806,FALSE
04-10-2012 09:00,7.8932557,0.0012,0.818372751,FALSE
05-10-2012 09:00,7.375908,0.0012,0.764734141,FALSE
06-10-2012 09:00,7.1438556,0.0011,0.678952036,FALSE
10-10-2012 09:00,8.701384,0.0012,0.902159493,FALSE
17-10-2012 09:00,62.45451,0.0095,51.26266181,FALSE
19-10-2012 08:30,58.01407,0.0078,39.09684205,FALSE
20-10-2012 09:00,54.88507,0.0051,24.18455724,FALSE
27-10-2012 08:30,14.270211,0.0011,1.356240853,FALSE
30-10-2012 08:30,30.576303,0.0013,3.434330353,FALSE
31-10-2012 08:30,15.870484,0.0021,2.879540617,FALSE
01-11-2012 08:30,33.526955,0.003,8.690186736,FALSE
02-11-2012 09:00,33.909622,0.0016,4.687666145,FALSE
05-11-2012 08:30,14.75762,0.0011,1.402564205,FALSE
06-11-2012 08:30,14.21186,0.0011,1.350695174,FALSE
07-11-2012 08:30,13.927581,0.001,1.203342998,FALSE
08-11-2012 09:00,39.447075,0.0035,11.92879548,FALSE
10-11-2012 08:30,19.625216,0.0011,1.865180529,FALSE
12-11-2012 09:00,18.665195,0.0011,1.773940133,FALSE
16-11-2012 08:30,12.229991,0.001,1.056671222,FALSE
17-11-2012 08:30,11.734199,0.001,1.013834794,FALSE
19-11-2012 08:30,11.030034,0.001,0.952994938,FALSE
20-11-2012 08:45,11.0478945,0.001,0.954538085,FALSE
21-11-2012 09:00,10.418084,0.001,0.900122458,FALSE
22-11-2012 09:00,10.406113,0.001,0.899088163,FALSE
26-11-2012 08:30,11.765288,0.001,1.016520883,FALSE
27-11-2012 09:00,9.907264,0.0011,0.941586371,FALSE
29-11-2012 09:00,9.548721,0.0011,0.907510444,FALSE
30-11-2012 08:30,9.405538,0.001,0.812638483,FALSE
03-12-2012 08:30,7.0792127,0.0012,0.733972773,FALSE
04-12-2012 08:30,10.982948,0.001,0.948926707,FALSE
10-12-2012 09:00,2.6601882,0.0016,0.367744417,FALSE
11-12-2012 08:30,2.121021,0.0018,0.329861186,FALSE
12-12-2012 08:30,1.1800406,0.0028,0.285475422,FALSE
13-12-2012 08:00,0,0,0,TRUE
14-12-2012 08:00,0,0,0,TRUE
15-12-2012 08:00,0,0,0,TRUE
16-12-2012 08:00,0,0,0,TRUE
17-12-2012 08:00,0,0,0,TRUE
18-12-2012 08:00,0,0,0,TRUE
19-12-2012 08:00,0,0,0,TRUE
20-12-2012 08:00,0,0,0,TRUE
21-12-2012 08:00,0,0,0,TRUE
22-12-2012 08:00,0,0,0,TRUE
23-12-2012 08:00,0,0,0,TRUE
24-12-2012 08:00,0,0,0,TRUE
25-12-2012 08:00,0,0,0,TRUE
26-12-2012 08:00,0,0,0,TRUE
27-12-2012 08:00,0,0,0,TRUE
28-12-2012 08:00,0,0,0,TRUE
29-12-2012 08:00,0,0,0,TRUE
30-12-2012 08:00,0,0,0,TRUE
31-12-2012 08:00,0,0,0,TRUE
01-01-2013 08:00,0,0,0,TRUE
02-01-2013 08:00,0,0,0,TRUE
03-01-2013 08:00,0,0,0,TRUE
04-01-2013 08:00,0,0,0,TRUE
05-01-2013 08:00,0,0,0,TRUE
06-01-2013 08:00,0,0,0,TRUE
07-01-2013 08:00,0,0,0,TRUE
08-01-2013 08:00,0,0,0,TRUE
09-01-2013 08:00,0,0,0,TRUE
10-01-2013 08:00,0,0,0,TRUE
11-01-2013 08:00,0,0,0,TRUE
12-01-2013 08:00,0,0,0,TRUE
13-01-2013 08:00,0,0,0,TRUE
14-01-2013 08:00,0,0,0,TRUE
15-01-2013 08:00,0,0,0,TRUE
16-01-2013 08:00,0,0,0,TRUE
17-01-2013 08:00,0,0,0,TRUE
18-01-2013 08:00,0,0,0,TRUE
19-01-2013 08:00,0,0,0,TRUE
20-01-2013 08:00,0,0,0,TRUE
21-01-2013 08:00,0,0,0,TRUE
22-01-2013 08:00,0,0,0,TRUE
23-01-2013 08:00,0,0,0,TRUE
24-01-2013 08:00,0,0,0,TRUE
25-01-2013 08:00,0,0,0,TRUE
26-01-2013 08:00,0,0,0,TRUE
27-01-2013 08:00,0,0,0,TRUE
28-01-2013 08:00,0,0,0,TRUE
29-01-2013 08:00,0,0,0,TRUE
30-01-2013 08:00,0,0,0,TRUE
31-01-2013 08:00,0,0,0,TRUE
01-02-2013 08:00,0,0,0,TRUE
02-02-2013 08:00,0,0,0,TRUE
03-02-2013 08:00,0,0,0,TRUE
04-02-2013 08:00,0,0,0,TRUE
05-02-2013 08:00,0,0,0,TRUE
06-02-2013 08:00,0,0,0,TRUE
07-02-2013 08:00,0,0,0,TRUE
08-02-2013 08:00,0,0,0,TRUE
09-02-2013 08:00,0,0,0,TRUE
10-02-2013 08:00,0,0,0,TRUE
11-02-2013 08:00,0,0,0,TRUE
12-02-2013 08:00,0,0,0,TRUE
13-02-2013 08:00,0,0,0,TRUE
14-02-2013 08:00,0,0,0,TRUE
15-02-2013 08:00,0,0,0,TRUE
16-02-2013 08:00,0,0,0,TRUE
17-02-2013 08:00,0,0,0,TRUE
18-02-2013 08:00,0,0,0,TRUE
19-02-2013 08:00,0,0,0,TRUE
20-02-2013 08:00,0,0,0,TRUE
21-02-2013 08:00,0,0,0,TRUE
22-02-2013 08:00,0,0,0,TRUE
23-02-2013 08:00,0,0,0,TRUE
24-02-2013 08:00,0,0,0,TRUE
25-02-2013 08:00,0,0,0,TRUE
26-02-2013 08:00,0,0,0,TRUE
27-02-2013 08:00,0,0,0,TRUE
28-02-2013 08:00,0,0,0,TRUE
01-03-2013 08:00,0,0,0,TRUE
02-03-2013 08:00,0,0,0,TRUE
03-03-2013 08:00,0,0,0,TRUE
04-03-2013 08:00,0,0,0,TRUE
05-03-2013 08:00,0,0,0,TRUE
06-03-2013 08:00,0,0,0,TRUE
07-03-2013 08:00,0,0,0,TRUE
08-03-2013 08:00,0,0,0,TRUE
09-03-2013 08:00,0,0,0,TRUE
10-03-2013 08:00,0,0,0,TRUE
11-03-2013 08:00,0,0,0,TRUE
12-03-2013 08:00,0,0,0,TRUE
13-03-2013 08:00,0,0,0,TRUE
14-03-2013 08:00,0,0,0,TRUE
15-03-2013 08:00,0,0,0,TRUE
16-03-2013 08:00,0,0,0,TRUE
17-03-2013 08:00,0,0,0,TRUE
18-03-2013 08:00,0,0,0,TRUE
19-03-2013 08:00,0,0,0,TRUE
20-03-2013 08:00,0,0,0,TRUE
21-03-2013 08:00,0,0,0,TRUE
22-03-2013 08:00,0,0,0,TRUE
23-03-2013 08:00,0,0,0,TRUE
24-03-2013 08:00,0,0,0,TRUE
25-03-2013 08:00,0,0,0,TRUE
26-03-2013 08:00,0,0,0,TRUE
27-03-2013 08:00,0,0,0,TRUE
28-03-2013 08:00,0,0,0,TRUE
29-03-2013 08:00,0,0,0,TRUE
30-03-2013 08:00,0,0,0,TRUE
31-03-2013 08:00,0,0,0,TRUE
01-04-2013 08:00,0,0,0,TRUE
02-04-2013 08:00,0,0,0,TRUE
03-04-2013 08:00,0,0,0,TRUE
04-04-2013 08:00,0,0,0,TRUE
05-04-2013 08:00,0,0,0,TRUE
06-04-2013 08:00,0,0,0,TRUE
07-04-2013 08:00,0,0,0,TRUE
08-04-2013 08:00,0,0,0,TRUE
09-04-2013 08:00,0,0,0,TRUE
10-04-2013 08:00,0,0,0,TRUE
11-04-2013 08:00,0,0,0,TRUE
12-04-2013 08:00,0,0,0,TRUE
13-04-2013 08:00,0,0,0,TRUE
14-04-2013 08:00,0,0,0,TRUE
15-04-2013 08:00,0,0,0,TRUE
16-04-2013 08:00,0,0,0,TRUE
17-04-2013 08:00,0,0,0,TRUE
18-04-2013 08:00,0,0,0,TRUE
19-04-2013 08:00,0,0,0,TRUE
20-04-2013 08:00,0,0,0,TRUE
21-04-2013 08:00,0,0,0,TRUE
22-04-2013 08:00,0,0,0,TRUE
23-04-2013 08:00,0,0,0,TRUE
24-04-2013 08:00,0,0,0,TRUE
25-04-2013 08:00,0,0,0,TRUE
26-04-2013 08:00,0,0,0,TRUE
27-04-2013 08:00,0,0,0,TRUE
28-04-2013 08:00,0,0,0,TRUE
29-04-2013 08:00,0,0,0,TRUE
30-04-2013 08:00,0,0,0,TRUE
01-05-2013 08:00,0,0,0,TRUE
02-05-2013 08:00,0,0,0,TRUE
03-05-2013 08:00,0,0,0,TRUE
04-05-2013 08:00,0,0,0,TRUE
05-05-2013 08:00,0,0,0,TRUE
06-05-2013 08:00,0,0,0,TRUE
07-05-2013 08:00,0,0,0,TRUE
08-05-2013 08:00,0,0,0,TRUE
09-05-2013 08:00,0,0,0,TRUE
10-05-2013 08:00,0,0,0,TRUE
11-05-2013 08:00,0,0,0,TRUE
12-05-2013 08:00,0,0,0,TRUE
13-05-2013 08:00,0,0,0,TRUE
14-05-2013 08:00,0,0,0,TRUE
15-05-2013 08:00,0,0,0,TRUE
16-05-2013 08:00,0,0,0,TRUE
17-05-2013 08:00,0,0,0,TRUE
18-05-2013 08:00,0,0,0,TRUE
19-05-2013 08:00,0,0,0,TRUE
20-05-2013 08:00,0,0,0,TRUE
21-05-2013 08:00,0,0,0,TRUE
22-05-2013 08:00,0,0,0,TRUE
23-05-2013 08:00,0,0,0,TRUE
24-05-2013 08:00,0,0,0,TRUE
25-05-2013 08:00,0,0,0,TRUE
26-05-2013 08:00,0,0,0,TRUE
27-05-2013 08:00,0,0,0,TRUE
28-05-2013 08:00,0,0,0,TRUE
29-05-2013 08:00,0,0,0,TRUE
30-05-2013 08:00,0,0,0,TRUE
31-05-2013 08:00,0,0,0,TRUE
01-06-2013 08:00,0,0,0,TRUE
04-06-2013 11:15,29.152843,0.0017,4.28196958,FALSE
05-06-2013 08:30,36.07714,0.0015,4.675597344,FALSE
06-06-2013 08:30,17.446821,0.0011,1.658145868,FALSE
07-06-2013 08:45,43.084675,0.0085,31.64138532,FALSE
08-06-2013 08:45,36.82891,0.0046,14.63728199,FALSE
10-06-2013 08:45,27.740665,0.0054,12.94268466,FALSE
11-06-2013 08:45,21.349052,0.0054,9.960613701,FALSE
12-06-2013 08:45,51.497646,0.0093,41.37938851,FALSE
14-06-2013 08:45,125.07777,0.0175,189.1175882,FALSE
15-06-2013 08:45,116.02195,0.0114,114.2769799,FALSE
17-06-2013 08:45,168.34857,0.0126,183.2709872,FALSE
18-06-2013 08:45,157.77232,0.0113,154.0362715,FALSE
19-06-2013 08:45,93.89169,0.01,81.12242016,FALSE
20-06-2013 08:45,124.59098,0.0143,153.9346476,FALSE
21-06-2013 08:45,101.62615,0.0081,71.12204482,FALSE
22-06-2013 08:45,166.30385,0.0156,224.1509812,FALSE
24-06-2013 08:45,170.38951,0.0132,194.3258284,FALSE
25-06-2013 08:45,200.29759,0.0131,226.7048243,FALSE
26-06-2013 08:45,231.09059,0.0171,341.4224813,FALSE
27-06-2013 08:45,223.8853,0.0119,230.18991,FALSE
28-06-2013 08:45,165.6242,0.011,157.4092397,FALSE
29-06-2013 08:15,134.57289,0.0095,110.4574281,FALSE
01-07-2013 08:45,83.77238,0.0031,22.43759426,FALSE
02-07-2013 08:45,76.72688,0.0064,42.42689556,FALSE
03-07-2013 08:45,126.03093,0.0076,82.75694988,FALSE
04-07-2013 08:45,156.4388,0.0092,124.3500733,FALSE
05-07-2013 08:45,195.09741,0.0112,188.7918617,FALSE
06-07-2013 08:45,222.05705,0.0108,207.2058745,FALSE
08-07-2013 08:30,157.31216,0.0062,84.26897787,FALSE
09-07-2013 08:45,134.3956,0.0069,80.1212809,FALSE
10-07-2013 08:30,159.42363,0.0093,128.1000752,FALSE
11-07-2013 08:45,178.8266,0.0098,151.4160588,FALSE
12-07-2013 08:45,153.6068,0.0048,63.7038121,FALSE
13-07-2013 08:45,119.78024,0.0041,42.43095222,FALSE
15-07-2013 08:45,93.951836,0.0017,13.79964567,FALSE
16-07-2013 08:45,101.450554,0.0399,349.7365818,FALSE
17-07-2013 08:45,131.72739,0.0029,33.00561484,FALSE
18-07-2013 08:45,173.18428,0.0062,92.77135511,FALSE
20-07-2013 08:45,198.13351,0.0071,121.5430204,FALSE
22-07-2013 08:45,134.42294,0.0035,40.64949706,FALSE
23-07-2013 08:45,141.20314,0.004,48.79980518,FALSE
24-07-2013 08:45,130.4945,0.0036,40.58900928,FALSE
25-07-2013 08:45,124.89275,0.0017,18.34424712,FALSE
26-07-2013 08:45,118.57784,0.0021,21.51476329,FALSE
27-07-2013 08:45,111.5913,0.0026,25.06786963,FALSE
29-07-2013 08:45,112.11965,0.0012,11.62456531,FALSE
30-07-2013 08:45,82.04221,0.001,7.088446944,FALSE
31-07-2013 08:45,76.7611,0.0009,5.968943136,FALSE
01-08-2013 08:45,70.42638,0.001,6.084839232,FALSE
02-08-2013 08:45,189.9597,0.0027,44.31379882,FALSE
03-08-2013 08:45,135.20195,0.005,58.4072424,FALSE
05-08-2013 08:45,763.297,0.0086,567.1602029,FALSE
06-08-2013 11:00,678.49146,0.0095,556.9057904,FALSE
07-08-2013 09:00,330.27298,0.0096,273.9416205,FALSE
08-08-2013 08:45,203.94902,0.0096,169.1634751,FALSE
10-08-2013 08:45,140.8302,0.0038,46.23737126,FALSE
12-08-2013 08:45,112.07822,0.0071,68.75326328,FALSE
13-08-2013 08:45,90.53539,0.0023,17.9911927,FALSE
14-08-2013 08:45,90.51311,0.0023,17.98676522,FALSE
16-08-2013 09:00,75.163956,0.002,12.9883316,FALSE
17-08-2013 08:45,113.299965,0.0053,51.88231997,FALSE
19-08-2013 08:45,77.51191,0.0026,17.41227546,FALSE
20-08-2013 08:45,66.75958,0.0025,14.42006928,FALSE
21-08-2013 08:45,76.27955,0.0021,13.84016155,FALSE
22-08-2013 08:45,71.96464,0.0018,11.19194081,FALSE
23-08-2013 08:30,61.00865,0.0018,9.488065248,FALSE
24-08-2013 08:45,55.065395,0.0011,5.233415141,FALSE
26-08-2013 08:45,62.86832,0.0009,4.888640563,FALSE
27-08-2013 08:45,43.411087,0.0009,3.375646125,FALSE
28-08-2013 08:45,36.778763,0.0009,2.859916611,FALSE
29-08-2013 08:45,33.04601,0.0015,4.282762896,FALSE
30-08-2013 08:45,61.878193,0.002,10.69255175,FALSE
31-08-2013 08:30,62.908875,0.002,10.8706536,FALSE
02-09-2013 08:45,64.22295,0.0021,11.65261205,FALSE
03-09-2013 08:45,43.888702,0.001,3.791983853,FALSE
04-09-2013 08:45,50.219242,0.0024,10.41346202,FALSE
05-09-2013 08:45,48.82724,0.0025,10.54668384,FALSE
06-09-2013 08:45,48.70208,0.0024,10.09886331,FALSE
07-09-2013 08:45,47.74856,0.0023,9.488593843,FALSE
10-09-2013 08:45,88.13865,0.0032,24.36857395,FALSE
11-09-2013 08:45,53.634304,0.0022,10.1948085,FALSE
12-09-2013 08:45,51.750866,0.0032,14.30807943,FALSE
13-09-2013 08:45,115.56648,0.0046,45.93074181,FALSE
14-09-2013 08:45,161.39291,0.0036,50.19965073,FALSE
17-09-2013 08:45,163.2088,0.0046,64.86570547,FALSE
18-09-2013 08:45,195.68979,0.0055,92.99178821,FALSE
19-09-2013 08:45,136.55952,0.0057,67.25283241,FALSE
21-09-2013 08:45,152.95288,0.0056,74.00472146,FALSE
23-09-2013 08:45,81.69235,0.003,21.17465712,FALSE
24-09-2013 08:45,72.649185,0.0046,28.87369209,FALSE
25-09-2013 08:45,65.910805,0.002,11.3893871,FALSE
26-09-2013 08:45,60.479393,0.0027,14.1086328,FALSE
27-09-2013 08:45,49.098778,0.0013,5.514774745,FALSE
28-09-2013 08:45,42.13085,0.0012,4.368126528,FALSE
30-09-2013 08:30,35.29115,0.0011,3.354070896,FALSE
01-10-2013 08:45,43.960613,0.001,3.798196963,FALSE
03-10-2013 08:45,35.170834,0.0011,3.342636063,FALSE
04-10-2013 08:45,48.870243,0.0016,6.755822392,FALSE
05-10-2013 08:45,26.53235,0.0077,17.65144181,FALSE
07-10-2013 08:45,22.413815,0.0009,1.742898254,FALSE
08-10-2013 08:45,22.79908,0.001,1.969840512,FALSE
09-10-2013 10:30,29.448097,0.0011,2.798747139,FALSE
10-10-2013 08:45,24.046534,0.0013,2.700906699,FALSE
11-10-2013 09:00,26.476812,0.0012,2.745115868,FALSE
12-10-2013 08:45,33.708298,0.0009,2.621157252,FALSE
14-10-2013 08:45,35.592873,0.0012,3.690269073,FALSE
15-10-2013 08:45,24.351458,0.0009,1.893569374,FALSE
17-10-2013 08:45,109.7862,0.0099,93.90672403,FALSE
18-10-2013 08:45,57.08037,0.0064,31.5631614,FALSE
19-10-2013 08:30,42.996586,0.0048,17.83154415,FALSE
21-10-2013 08:45,51.76634,0.0029,12.97057415,FALSE
22-10-2013 09:00,138.78731,0.0078,93.53154396,FALSE
23-10-2013 09:00,88.73079,0.0051,39.09833531,FALSE
24-10-2013 08:45,74.36806,0.0081,52.04574311,FALSE
25-10-2013 08:45,102.09652,0.0051,44.98781057,FALSE
26-10-2013 08:45,79.19782,0.0032,21.89661327,FALSE
28-10-2013 08:45,47.336845,0.0014,5.725864771,FALSE
29-10-2013 08:45,38.63538,0.0011,3.671906515,FALSE
30-10-2013 08:15,39.206264,0.001,3.38742121,FALSE
31-10-2013 08:45,37.758595,0.001,3.262342608,FALSE
04-11-2013 08:45,31.058695,0.001,2.683471248,FALSE
05-11-2013 08:45,29.90009,0.0011,2.841704554,FALSE
09-11-2013 08:30,48.855865,0.003,12.66344021,FALSE
11-11-2013 08:45,54.824852,0.0027,12.78954147,FALSE
12-11-2013 08:45,63.122387,0.0052,28.35962603,FALSE
13-11-2013 08:45,59.243156,0.005,25.59304339,FALSE
15-11-2013 08:45,84.3348,0.0074,53.92029773,FALSE
16-11-2013 08:45,43.122807,0.0031,11.55001263,FALSE
18-11-2013 08:45,39.78776,0.0039,13.40688361,FALSE
19-11-2013 08:45,53.48891,0.0044,20.33434403,FALSE
20-11-2013 08:45,37.6449,0.0015,4.87877904,FALSE
21-11-2013 08:45,47.795326,0.0045,18.58282275,FALSE
22-11-2013 08:45,38.8042,0.0023,7.711170624,FALSE
23-11-2013 08:45,52.827087,0.0041,18.7134673,FALSE
25-11-2013 08:45,80.54909,0.0059,41.06070412,FALSE
26-11-2013 08:45,67.83831,0.0073,42.78697888,FALSE
27-11-2013 08:45,51.998543,0.0021,9.434615642,FALSE
28-11-2013 08:45,43.04478,0.002,7.438137984,FALSE
29-11-2013 08:45,41.94958,0.0011,3.986888083,FALSE
30-11-2013 08:45,32.384125,0.0011,3.07778724,FALSE
02-12-2013 08:45,40.100266,0.0034,11.77985414,FALSE
03-12-2013 08:30,29.170767,0.002,5.040708538,FALSE
04-12-2013 08:45,25.128426,0.0018,3.907972812,FALSE
05-12-2013 08:45,22.813774,0.0019,3.74510914,FALSE
06-12-2013 08:45,21.423641,0.0014,2.591403615,FALSE
07-12-2013 08:45,19.801369,0.0012,2.053005938,FALSE
09-12-2013 08:45,17.784035,0.0014,2.151156874,FALSE
10-12-2013 08:45,18.526237,0.0013,2.08086694,FALSE
11-12-2013 08:45,14.328678,0.0012,1.485597335,FALSE
12-12-2013 08:45,12.77374,0.0011,1.21401625,FALSE
13-12-2013 08:45,10.921542,0.0011,1.037983352,FALSE
14-12-2013 08:45,10.008076,0.0011,0.951167543,FALSE
16-12-2013 08:45,9.877383,0.0007,0.597384124,FALSE
17-12-2013 08:45,7.897356,0.0009,0.614098403,FALSE
18-12-2013 09:00,6.6972423,0.0009,0.520777561,FALSE
31-12-2013 08:45,0,0,0,TRUE
01-01-2014 08:30,0,0,0,TRUE
02-01-2014 08:30,0,0,0,TRUE
03-01-2014 08:00,0,0,0,TRUE
04-01-2014 08:00,0,0,0,TRUE
05-01-2014 08:00,0,0,0,TRUE
06-01-2014 08:00,0,0,0,TRUE
07-01-2014 08:00,0,0,0,TRUE
08-01-2014 08:00,0,0,0,TRUE
09-01-2014 08:00,0,0,0,TRUE
10-01-2014 08:00,0,0,0,TRUE
11-01-2014 08:00,0,0,0,TRUE
12-01-2014 08:00,0,0,0,TRUE
13-01-2014 08:00,0,0,0,TRUE
14-01-2014 08:00,0,0,0,TRUE
15-01-2014 08:00,0,0,0,TRUE
16-01-2014 08:00,0,0,0,TRUE
17-01-2014 08:00,0,0,0,TRUE
18-01-2014 13:30,0.426,0.0001,0.00368064,FALSE
19-01-2014 08:00,0,0,0,TRUE
20-01-2014 08:00,0,0,0,TRUE
21-01-2014 08:00,0,0,0,TRUE
22-01-2014 08:30,0,0,0,TRUE
23-01-2014 08:00,0,0,0,TRUE
24-01-2014 08:00,0,0,0,TRUE
25-01-2014 08:00,0,0,0,TRUE
26-01-2014 08:00,0,0,0,TRUE
27-01-2014 08:00,0,0,0,TRUE
28-01-2014 08:00,0,0,0,TRUE
29-01-2014 08:00,0,0,0,TRUE
30-01-2014 08:00,0,0,0,TRUE
31-01-2014 08:00,0,0,0,TRUE
01-02-2014 08:00,0,0,0,TRUE
02-02-2014 08:00,0,0,0,TRUE
03-02-2014 08:00,0,0,0,TRUE
04-02-2014 08:00,0,0,0,TRUE
05-02-2014 08:00,0,0,0,TRUE
06-02-2014 08:00,0,0,0,TRUE
07-02-2014 08:00,0,0,0,TRUE
08-02-2014 08:00,0,0,0,TRUE
09-02-2014 08:00,0,0,0,TRUE
10-02-2014 08:00,0,0,0,TRUE
11-02-2014 08:00,0,0,0,TRUE
12-02-2014 08:00,0,0,0,TRUE
13-02-2014 08:00,0,0,0,TRUE
14-02-2014 08:00,0,0,0,TRUE
15-02-2014 08:00,0,0,0,TRUE
16-02-2014 08:00,0,0,0,TRUE
17-02-2014 08:00,0,0,0,TRUE
18-02-2014 08:00,0,0,0,TRUE
19-02-2014 08:00,0,0,0,TRUE
20-02-2014 08:00,0,0,0,TRUE
21-02-2014 08:00,0,0,0,TRUE
22-02-2014 08:00,0,0,0,TRUE
23-02-2014 08:00,0,0,0,TRUE
24-02-2014 08:00,0,0,0,TRUE
25-02-2014 08:00,0,0,0,TRUE
26-02-2014 08:00,0,0,0,TRUE
27-02-2014 08:00,0,0,0,TRUE
28-02-2014 08:00,0,0,0,TRUE
01-03-2014 08:00,0,0,0,TRUE
02-03-2014 08:00,0,0,0,TRUE
03-03-2014 08:00,0,0,0,TRUE
04-03-2014 08:00,0,0,0,TRUE
05-03-2014 08:00,0,0,0,TRUE
06-03-2014 08:00,0,0,0,TRUE
07-03-2014 08:00,0,0,0,TRUE
08-03-2014 08:00,0,0,0,TRUE
09-03-2014 08:00,0,0,0,TRUE
10-03-2014 08:00,0,0,0,TRUE
11-03-2014 08:00,0,0,0,TRUE
12-03-2014 08:00,0,0,0,TRUE
13-03-2014 08:00,0,0,0,TRUE
14-03-2014 08:00,0,0,0,TRUE
15-03-2014 08:00,0,0,0,TRUE
16-03-2014 08:00,0,0,0,TRUE
17-03-2014 08:00,0,0,0,TRUE
18-03-2014 08:00,0,0,0,TRUE
19-03-2014 08:00,0,0,0,TRUE
20-03-2014 08:00,0,0,0,TRUE
21-03-2014 08:00,0,0,0,TRUE
22-03-2014 08:00,0,0,0,TRUE
23-03-2014 08:00,0,0,0,TRUE
24-03-2014 08:00,0,0,0,TRUE
25-03-2014 08:00,0,0,0,TRUE
26-03-2014 08:00,0,0,0,TRUE
27-03-2014 08:00,0,0,0,TRUE
28-03-2014 08:00,0,0,0,TRUE
29-03-2014 08:00,0,0,0,TRUE
30-03-2014 08:00,0,0,0,TRUE
31-03-2014 08:00,0,0,0,TRUE
01-04-2014 08:00,0,0,0,TRUE
02-04-2014 08:00,0,0,0,TRUE
03-04-2014 08:00,0,0,0,TRUE
04-04-2014 08:00,0,0,0,TRUE
05-04-2014 08:00,0,0,0,TRUE
06-04-2014 08:00,0,0,0,TRUE
07-04-2014 08:00,0,0,0,TRUE
08-04-2014 08:00,0,0,0,TRUE
09-04-2014 08:00,0,0,0,TRUE
10-04-2014 08:00,0,0,0,TRUE
11-04-2014 08:00,0,0,0,TRUE
12-04-2014 08:00,0,0,0,TRUE
13-04-2014 08:00,0,0,0,TRUE
14-04-2014 08:00,0,0,0,TRUE
15-04-2014 08:00,0,0,0,TRUE
16-04-2014 08:00,0,0,0,TRUE
17-04-2014 08:00,0,0,0,TRUE
18-04-2014 08:00,0,0,0,TRUE
19-04-2014 08:00,0,0,0,TRUE
20-04-2014 08:00,0,0,0,TRUE
21-04-2014 08:00,0,0,0,TRUE
22-04-2014 08:00,0,0,0,TRUE
23-04-2014 08:00,0,0,0,TRUE
24-04-2014 08:00,0,0,0,TRUE
25-04-2014 08:00,0,0,0,TRUE
26-04-2014 08:00,0,0,0,TRUE
27-04-2014 08:00,0,0,0,TRUE
28-04-2014 08:00,0,0,0,TRUE
29-04-2014 08:00,0,0,0,TRUE
30-04-2014 08:00,0,0,0,TRUE
01-05-2014 08:00,0,0,0,TRUE
02-05-2014 08:00,0,0,0,TRUE
03-05-2014 08:00,0,0,0,TRUE
04-05-2014 08:00,0,0,0,TRUE
05-05-2014 08:00,0,0,0,TRUE
06-05-2014 08:00,0,0,0,TRUE
07-05-2014 08:00,0,0,0,TRUE
08-05-2014 08:00,0,0,0,TRUE
09-05-2014 08:45,16.02456,0.002,2.769043968,FALSE
12-05-2014 08:30,12.200012,0.001,1.054081037,FALSE
13-05-2014 08:45,5.7626743,0.0012,0.597474071,FALSE
15-05-2014 08:45,5.6549363,0.0013,0.635162445,FALSE
18-05-2014 08:00,0,0,0,TRUE
19-05-2014 08:00,0,0,0,TRUE
20-05-2014 08:00,0,0,0,TRUE
21-05-2014 08:00,0,0,0,TRUE
22-05-2014 08:00,0,0,0,TRUE
23-05-2014 08:00,0,0,0,TRUE
24-05-2014 08:00,0,0,0,TRUE
25-05-2014 08:00,0,0,0,TRUE
26-05-2014 08:00,0,0,0,TRUE
27-05-2014 08:00,0,0,0,TRUE
28-05-2014 08:00,0,0,0,TRUE
29-05-2014 08:45,40.81306,0.0009,3.173623546,FALSE
30-05-2014 08:30,19.378574,0.001,1.674308794,FALSE
31-05-2014 08:30,11.612342,0.001,1.003306349,FALSE
02-06-2014 08:30,11.844264,0.0011,1.125678851,FALSE
03-06-2014 09:00,14.347344,0.0011,1.363571574,FALSE
04-06-2014 09:00,11.4781685,0.001,0.991713758,FALSE
05-06-2014 09:00,8.629829,0.0012,0.894740671,FALSE
06-06-2014 08:30,6.685572,0.0013,0.750923447,FALSE
07-06-2014 08:30,7.224402,0.001,0.624188333,FALSE
09-06-2014 08:30,17.148039,0.001,1.48159057,FALSE
10-06-2014 08:30,23.531406,0.0011,2.236424826,FALSE
11-06-2014 08:30,65.65443,0.0068,38.57329071,FALSE
12-06-2014 08:30,31.023743,0.0017,4.556767372,FALSE
13-06-2014 09:00,30.1471,0.0025,6.5117736,FALSE
14-06-2014 08:30,31.361748,0.001,2.709655027,FALSE
16-06-2014 08:30,27.131424,0.0013,3.047401544,FALSE
17-06-2014 08:30,18.970263,0.0011,1.802933796,FALSE
18-06-2014 08:30,31.178698,0.0012,3.232607409,FALSE
19-06-2014 08:30,40.651485,0.0029,10.18563608,FALSE
20-06-2014 08:45,95.646576,0.006,49.583185,FALSE
23-06-2014 08:45,79.03402,0.0047,32.09413484,FALSE
24-06-2014 08:45,78.49028,0.0041,27.80439679,FALSE
25-06-2014 08:45,104.41045,0.0037,33.37793266,FALSE
26-06-2014 08:30,82.17304,0.0038,26.97905249,FALSE
27-06-2014 08:45,66.769806,0.0017,9.807149105,FALSE
28-06-2014 08:45,72.594086,0.004,25.08851612,FALSE
30-06-2014 08:45,89.74315,0.0041,31.79061346,FALSE
01-07-2014 08:45,91.04541,0.0048,37.75835244,FALSE
02-07-2014 08:45,88.93603,0.0017,13.06292409,FALSE
03-07-2014 08:45,66.58406,0.0022,12.65629812,FALSE
04-07-2014 08:30,60.74905,0.0009,4.723846128,FALSE
05-07-2014 08:45,49.00785,0.0035,14.81997384,FALSE
07-07-2014 08:30,50.69801,0.0013,5.694400483,FALSE
08-07-2014 08:30,37.60403,0.0088,28.59109609,FALSE
09-07-2014 09:00,29.848648,0.0012,3.094707825,FALSE
10-07-2014 08:45,173.98071,0.0045,67.64370005,FALSE
11-07-2014 08:45,126.49082,0.0051,55.73691492,FALSE
12-07-2014 08:45,89.97664,0.0055,42.75689933,FALSE
14-07-2014 08:45,214.49327,0.009,166.7899668,FALSE
15-07-2014 08:45,244.85312,0.0086,181.9356623,FALSE
16-07-2014 08:45,275.39493,0.0043,102.3147244,FALSE
17-07-2014 08:45,186.12411,0.0109,175.2842418,FALSE
18-07-2014 08:45,112.475845,0.0018,17.49224341,FALSE
19-07-2014 08:45,114.664116,0.0027,26.74884498,FALSE
21-07-2014 08:45,113.39781,0.0041,40.17004021,FALSE
22-07-2014 08:45,182.26149,0.0086,135.4275775,FALSE
23-07-2014 08:45,218.91,0.0136,257.2280064,FALSE
24-07-2014 08:45,180.8127,0.0073,114.0421861,FALSE
25-07-2014 08:45,172.46744,0.0062,92.38735826,FALSE
26-07-2014 08:45,123.479454,0.0078,83.21527364,FALSE
29-07-2014 08:45,113.99643,0.0019,18.71365395,FALSE
30-07-2014 08:45,93.20738,0.0009,7.247805869,FALSE
31-07-2014 08:45,114.010414,0.003,29.55149931,FALSE
01-08-2014 08:45,223.78967,0.0131,253.2941001,FALSE
02-08-2014 08:45,324.46082,0.0052,145.7737572,FALSE
04-08-2014 09:00,359.42395,0.0086,267.0663718,FALSE
05-08-2014 09:00,302.61993,0.0088,230.0879852,FALSE
06-08-2014 08:45,259.39154,0.0094,210.6674331,FALSE
07-08-2014 08:45,194.3261,0.0021,35.25852758,FALSE
08-08-2014 08:45,132.49391,0.0022,25.18444241,FALSE
09-08-2014 08:45,128.81093,0.0024,26.71023444,FALSE
11-08-2014 08:45,111.24013,0.0078,74.96694841,FALSE
12-08-2014 08:45,119.481636,0.0117,120.7815962,FALSE
13-08-2014 08:45,97.91876,0.0027,22.84248833,FALSE
14-08-2014 08:45,100.619125,0.0036,31.29657264,FALSE
16-08-2014 08:45,93.15293,0.0059,47.4856376,FALSE
19-08-2014 08:45,95.52807,0.0096,79.23480238,FALSE
20-08-2014 08:45,79.64596,0.0086,59.18013412,FALSE
21-08-2014 08:45,89.62665,0.0056,43.36495834,FALSE
22-08-2014 08:45,69.09365,0.0047,28.05754939,FALSE
23-08-2014 08:45,127.61491,0.0023,25.35963492,FALSE
25-08-2014 08:45,102.09097,0.003,26.46197942,FALSE
26-08-2014 08:30,79.66156,0.0023,15.8303452,FALSE
27-08-2014 08:30,73.96539,0.0028,17.89370715,FALSE
28-08-2014 08:30,69.03456,0.0011,6.561044582,FALSE
30-08-2014 08:45,125.37941,0.0056,60.66357373,FALSE
01-09-2014 08:45,222.50296,0.0107,205.6995365,FALSE
02-09-2014 08:45,194.5241,0.0092,154.6233166,FALSE
03-09-2014 08:45,176.55138,0.006,91.52423539,FALSE
04-09-2014 08:30,136.22252,0.0064,75.32560466,FALSE
05-09-2014 08:30,100.31179,0.0017,14.73379572,FALSE
06-09-2014 08:30,96.89404,0.0015,12.55746758,FALSE
08-09-2014 08:30,85.733246,0.0016,11.85176393,FALSE
09-09-2014 08:30,101.93803,0.0041,36.11052775,FALSE
10-09-2014 08:30,71.032814,0.0028,17.18425836,FALSE
11-09-2014 08:30,66.65755,0.0038,21.88500682,FALSE
12-09-2014 08:30,63.61341,0.0026,14.29011642,FALSE
13-09-2014 08:30,52.314487,0.0013,5.87596318,FALSE
15-09-2014 08:30,63.331085,0.0039,21.3400424,FALSE
16-09-2014 08:30,46.198524,0.0028,11.17634693,FALSE
17-09-2014 08:30,43.200703,0.0018,6.718573331,FALSE
18-09-2014 08:30,42.20033,0.0011,4.010719363,FALSE
19-09-2014 08:30,33.35799,0.0009,2.593917302,FALSE
20-09-2014 08:30,29.973734,0.001,2.589730618,FALSE
22-09-2014 08:30,34.851414,0.0015,4.516743254,FALSE
23-09-2014 08:30,25.828964,0.0011,2.454784739,FALSE
24-09-2014 08:30,23.84055,0.0012,2.471788224,FALSE
25-09-2014 08:30,41.34441,0.0018,6.429882643,FALSE
26-09-2014 08:30,36.280018,0.0039,12.22491487,FALSE
27-09-2014 08:30,51.431248,0.0028,12.44224752,FALSE
29-09-2014 08:30,30.26224,0.0009,2.353191782,FALSE
30-09-2014 08:30,72.95973,0.0051,32.14897543,FALSE
01-10-2014 09:00,51.06129,0.0156,68.82244911,FALSE
04-10-2014 08:30,52.039158,0.0082,36.86870266,FALSE
07-10-2014 08:30,65.38928,0.001,5.649633792,FALSE
08-10-2014 08:30,144.46188,0.0038,47.42972444,FALSE
09-10-2014 08:30,60.52712,0.0046,24.05589857,FALSE
10-10-2014 08:45,225.99768,0.008,156.2095964,FALSE
11-10-2014 08:30,93.10316,0.0045,36.19850861,FALSE
13-10-2014 08:30,72.813385,0.0015,9.436614696,FALSE
14-10-2014 08:30,69.2957,0.0016,9.579437568,FALSE
15-10-2014 08:30,75.05493,0.0037,23.99356002,FALSE
16-10-2014 08:30,57.332237,0.0015,7.430257915,FALSE
17-10-2014 08:30,51.4383,0.0014,6.221976768,FALSE
18-10-2014 08:30,65.84123,0.0052,29.58114781,FALSE
20-10-2014 08:30,66.67219,0.0027,15.55328848,FALSE
21-10-2014 08:30,68.0727,0.007,41.17036896,FALSE
23-10-2014 08:30,76.39893,0.0049,32.344251,FALSE
24-10-2014 08:30,81.50485,0.0027,19.01345141,FALSE
25-10-2014 08:30,78.66737,0.0052,35.34367599,FALSE
27-10-2014 08:45,119.9356,0.0104,107.7693327,FALSE
28-10-2014 08:45,280.22577,0.0066,159.7959431,FALSE
29-10-2014 08:45,108.3236,0.0047,43.98804749,FALSE
30-10-2014 08:45,173.44455,0.0071,106.3978248,FALSE
31-10-2014 08:45,99.53476,0.0039,33.53923273,FALSE
01-11-2014 08:30,85.57954,0.0028,20.70340232,FALSE
04-11-2014 08:45,95.75921,0.006,49.64157446,FALSE
05-11-2014 08:30,72.151184,0.0027,16.8314282,FALSE
07-11-2014 08:30,56.011684,0.0011,5.323350447,FALSE
08-11-2014 08:30,50.20457,0.0012,5.205209818,FALSE
10-11-2014 08:30,36.000206,0.0017,5.287710257,FALSE
11-11-2014 08:30,48.371174,0.0017,7.104758037,FALSE
12-11-2014 08:30,50.21551,0.0013,5.640206083,FALSE
13-11-2014 08:30,71.532455,0.0039,24.10357604,FALSE
14-11-2014 08:45,121.04531,0.0051,53.3374054,FALSE
15-11-2014 08:30,53.296715,0.0021,9.67015597,FALSE
17-11-2014 08:30,45.556183,0.0017,6.691292159,FALSE
18-11-2014 08:30,35.72595,0.002,6.17344416,FALSE
19-11-2014 08:30,35.566395,0.0016,4.916698445,FALSE
20-11-2014 08:30,30.304607,0.0009,2.35648624,FALSE
21-11-2014 08:30,30.84522,0.0009,2.398524307,FALSE
22-11-2014 08:30,26.902037,0.0044,10.22707839,FALSE
24-11-2014 08:30,24.80762,0.0009,1.929040531,FALSE
25-11-2014 08:30,33.429775,0.009,25.99499304,FALSE
26-11-2014 08:30,26.529112,0.0009,2.062903749,FALSE
27-11-2014 08:30,25.52858,0.0015,3.308503968,FALSE
28-11-2014 08:30,23.931616,0.0015,3.101537434,FALSE
29-11-2014 08:30,21.317636,0.0011,2.026028125,FALSE
11-12-2014 08:30,24.26352,0.0013,2.725278566,FALSE
12-12-2014 08:30,16.969908,0.0011,1.612820056,FALSE
13-12-2014 08:30,36.698235,0.0024,7.60974601,FALSE
15-12-2014 08:30,21.044014,0.0013,2.363663652,FALSE
16-12-2014 08:30,15.772291,0.0014,1.907816319,FALSE
17-12-2014 08:30,15.055946,0.0012,1.561000481,FALSE
18-12-2014 08:30,14.006602,0.0012,1.452204495,FALSE
19-12-2014 08:30,11.670049,0.0012,1.20995068,FALSE
20-12-2014 08:30,11.212024,0.0013,1.259334536,FALSE
22-12-2014 08:30,8.631913,0.0009,0.671217555,FALSE
23-12-2014 08:30,10.41795,0.0133,11.9714747,FALSE
24-12-2014 08:30,5.448105,0.0014,0.659002781,FALSE
26-12-2014 08:30,3.8994129,0.0009,0.303218347,FALSE
27-12-2014 08:30,3.7666721,0.0014,0.455616657,FALSE
29-12-2014 08:30,3.02482,0.0014,0.365882227,FALSE
30-12-2014 08:30,2.125967,0.0014,0.257156968,FALSE
31-12-2014 08:30,4.228377,0.0009,0.328798596,FALSE
01-01-2015 08:30,5.124277,0.001,0.442737533,FALSE
03-01-2015 08:30,0.6300373,0.0007,0.038104656,FALSE
07-05-2015 08:30,9.301143,0.0011,0.883980631,FALSE
09-05-2015 08:30,3.4117448,0.0016,0.471639601,FALSE
11-05-2015 08:30,12.553646,0.001,1.084635014,FALSE
13-05-2015 08:45,21.104448,0.0024,4.376218337,FALSE
14-05-2015 08:45,32.06346,0.0011,3.047311238,FALSE
16-05-2015 08:30,8.359047,0.0013,0.938888159,FALSE
19-05-2015 08:45,39.810955,0.0028,9.631066234,FALSE
20-05-2015 08:45,46.082348,0.0093,37.02808826,FALSE
21-05-2015 08:45,20.711357,0.0058,10.37887522,FALSE
22-05-2015 08:30,12.918923,0.0018,2.009150905,FALSE
23-05-2015 08:30,10.291959,0.0012,1.067070309,FALSE
25-05-2015 08:30,5.281226,0.0017,0.775706475,FALSE
26-05-2015 08:30,5.2356896,0.0144,6.514035573,FALSE
27-05-2015 08:30,5.06855,0.0017,0.744468624,FALSE
28-05-2015 08:30,5.847629,0.0146,7.376433126,FALSE
01-06-2015 08:45,16.457214,0.0013,1.848474276,FALSE
02-06-2015 08:45,5.724326,0.0014,0.692414473,FALSE
03-06-2015 08:45,5.1485333,0.0013,0.57828326,FALSE
04-06-2015 08:30,17.166153,0.0012,1.779786743,FALSE
05-06-2015 08:45,19.067293,0.0014,2.306379761,FALSE
06-06-2015 08:45,10.102903,0.0012,1.047468983,FALSE
08-06-2015 09:00,5.919118,0.0014,0.715976513,FALSE
09-06-2015 09:00,14.218619,0.0021,2.579826231,FALSE
10-06-2015 09:00,10.01342,0.0013,1.124707334,FALSE
11-06-2015 08:30,8.094903,0.0022,1.538679162,FALSE
12-06-2015 08:30,17.390633,0.0022,3.305611521,FALSE
13-06-2015 08:30,10.059141,0.0023,1.9989525,FALSE
15-06-2015 08:30,16.306242,0.0018,2.535946756,FALSE
16-06-2015 08:45,34.79877,0.001,3.006613728,FALSE
17-06-2015 08:45,28.127947,0.0011,2.673280083,FALSE
18-06-2015 08:45,52.41483,0.0072,32.60621745,FALSE
19-06-2015 08:45,48.068024,0.0053,22.01130955,FALSE
20-06-2015 08:45,54.78562,0.0022,10.41365065,FALSE
22-06-2015 08:45,98.26495,0.0085,72.16577928,FALSE
23-06-2015 08:45,109.43889,0.012,113.4662412,FALSE
24-06-2015 08:45,95.3463,0.0052,42.83718566,FALSE
25-06-2015 08:45,93.57147,0.0047,37.99750254,FALSE
26-06-2015 08:45,155.30774,0.0077,103.3231333,FALSE
27-06-2015 09:00,215.57526,0.0097,180.6693139,FALSE
29-06-2015 08:45,133.02885,0.0094,108.0407108,FALSE
30-06-2015 08:45,117.68243,0.0052,52.87236215,FALSE
01-07-2015 08:45,85.5554,0.0025,18.4799664,FALSE
02-07-2015 08:45,63.29993,0.0016,8.750582323,FALSE
03-07-2015 08:45,48.407085,0.0013,5.437083787,FALSE
04-07-2015 08:45,48.35735,0.0019,7.938342576,FALSE
06-07-2015 08:45,73.62398,0.0024,15.26666849,FALSE
07-07-2015 08:45,49.722443,0.0013,5.584824798,FALSE
08-07-2015 08:45,48.79676,0.0017,7.167268109,FALSE
09-07-2015 08:45,77.98045,0.0049,33.01380331,FALSE
10-07-2015 08:45,77.60198,0.0027,18.10298989,FALSE
11-07-2015 08:45,79.4977,0.0053,36.40358678,FALSE
13-07-2015 08:45,61.603577,0.0027,14.37088244,FALSE
14-07-2015 08:45,47.769554,0.0018,7.429121038,FALSE
15-07-2015 08:45,51.558548,0.0014,6.236521966,FALSE
16-07-2015 08:45,65.762825,0.0011,6.250098888,FALSE
17-07-2015 08:45,66.11716,0.0013,7.426279411,FALSE
20-07-2015 08:45,110.648026,0.0085,81.25991029,FALSE
21-07-2015 08:45,175.20387,0.0097,146.8348594,FALSE
22-07-2015 08:45,182.07463,0.003,47.1937441,FALSE
23-07-2015 08:45,128.55824,0.0013,14.43966152,FALSE
24-07-2015 08:45,193.13011,0.0026,43.38474791,FALSE
25-07-2015 08:45,112.50427,0.0013,12.63647961,FALSE
27-07-2015 08:45,76.28259,0.001,6.590815776,FALSE
28-07-2015 08:45,69.60639,0.0011,6.615391306,FALSE
29-07-2015 08:45,57.706944,0.0011,5.484467958,FALSE
30-07-2015 08:45,49.326004,0.0013,5.540296769,FALSE
31-07-2015 08:45,43.74332,0.0009,3.401480563,FALSE
01-08-2015 08:45,38.94055,0.001,3.36446352,FALSE
03-08-2015 08:30,40.716637,0.0078,27.43975601,FALSE
04-08-2015 08:30,41.8544,0.0009,3.254598144,FALSE
05-08-2015 08:30,49.325718,0.001,4.261742035,FALSE
06-08-2015 08:30,44.05013,0.001,3.805931232,FALSE
07-08-2015 08:30,41.472862,0.0009,3.224929749,FALSE
08-08-2015 08:30,41.054718,0.001,3.547127635,FALSE
10-08-2015 08:30,41.769394,0.001,3.608875642,FALSE
11-08-2015 08:45,73.26803,0.0024,15.1928587,FALSE
12-08-2015 08:45,122.09442,0.0059,62.23885154,FALSE
13-08-2015 08:45,218.19646,0.0088,165.8991325,FALSE
14-08-2015 08:45,102.712845,0.0079,70.10767948,FALSE
17-08-2015 08:45,73.61361,0.0009,5.724194314,FALSE
18-08-2015 08:45,68.25417,0.0009,5.307444259,FALSE
19-08-2015 08:45,53.07672,0.001,4.585828608,FALSE
20-08-2015 08:45,50.502357,0.001,4.363403645,FALSE
21-08-2015 08:45,40.046154,0.0009,3.113988935,FALSE
22-08-2015 08:45,56.91858,0.0011,5.409541843,FALSE
24-08-2015 08:30,41.268745,0.0009,3.209057611,FALSE
25-08-2015 08:30,34.24438,0.0009,2.662842989,FALSE
26-08-2015 08:30,30.912548,0.001,2.670844147,FALSE
27-08-2015 08:30,28.491648,0.0012,2.954014065,FALSE
29-08-2015 08:30,22.690739,0.001,1.96047985,FALSE
31-08-2015 08:30,17.68376,0.001,1.527876864,FALSE
01-09-2015 08:30,16.505957,0.001,1.426114685,FALSE
02-09-2015 08:30,14.772409,0.001,1.276336138,FALSE
03-09-2015 08:30,13.332744,0.001,1.151949082,FALSE
04-09-2015 08:30,28.31418,0.0011,2.690979667,FALSE
05-09-2015 08:30,46.914364,0.001,4.05340105,FALSE
07-09-2015 08:45,48.39323,0.0023,9.616702666,FALSE
08-09-2015 08:45,52.86287,0.0022,10.04817433,FALSE
09-09-2015 08:45,44.16302,0.0011,4.197253421,FALSE
10-09-2015 08:45,39.47175,0.0011,3.75139512,FALSE
11-09-2015 08:30,33.239033,0.001,2.871852451,FALSE
12-09-2015 08:30,30.190992,0.001,2.608501709,FALSE
14-09-2015 08:30,21.636261,0.0009,1.682435655,FALSE
15-09-2015 09:45,15.257226,0.001,1.318224326,FALSE
16-09-2015 08:30,21.57059,0.001,1.863698976,FALSE
17-09-2015 08:30,39.316013,0.0011,3.736593876,FALSE
18-09-2015 08:30,32.84001,0.0011,3.12111455,FALSE
19-09-2015 08:30,32.185978,0.0011,3.058955349,FALSE
21-09-2015 08:30,26.238243,0.001,2.266984195,FALSE
22-09-2015 08:30,18.839848,0.0011,1.790539154,FALSE
23-09-2015 08:30,17.54463,0.0011,1.667441635,FALSE
25-09-2015 08:30,60.899574,0.0023,12.10196335,FALSE
26-09-2015 08:45,183.10727,0.0081,128.1457918,FALSE
28-09-2015 08:45,86.126434,0.0053,39.43901666,FALSE
29-09-2015 08:45,74.129074,0.0057,36.50708636,FALSE
30-09-2015 08:45,88.41034,0.0024,18.3327681,FALSE
01-10-2015 08:45,99.90335,0.0013,11.22114427,FALSE
03-10-2015 08:45,68.43804,0.0012,7.095655987,FALSE
05-10-2015 08:45,58.82835,0.001,5.08276944,FALSE
06-10-2015 11:45,50.016308,0.001,4.321409011,FALSE
07-10-2015 08:45,52.51834,0.0011,4.991343034,FALSE
08-10-2015 08:45,46.443226,0.0011,4.413964199,FALSE
09-10-2015 08:45,50.44563,0.0011,4.794352675,FALSE
10-10-2015 08:45,41.529243,0.001,3.588126595,FALSE
12-10-2015 08:45,38.535465,0.0009,2.996517758,FALSE
13-10-2015 08:45,49.16288,0.0011,4.672440115,FALSE
14-10-2015 08:45,46.802494,0.0012,4.852482578,FALSE
15-10-2015 08:45,33.554153,0.001,2.899078819,FALSE
16-10-2015 08:30,30.330841,0.001,2.620584662,FALSE
17-10-2015 08:30,37.42716,0.0012,3.880447949,FALSE
19-10-2015 08:30,37.011887,0.001,3.197827037,FALSE
20-10-2015 08:30,28.725605,0.001,2.481892272,FALSE
21-10-2015 08:30,26.564322,0.0011,2.524673163,FALSE
22-10-2015 08:30,42.047974,0.001,3.632944954,FALSE
26-10-2015 08:30,44.819313,0.0022,8.519255015,FALSE
27-10-2015 08:30,30.615164,0.001,2.64515017,FALSE
28-10-2015 08:30,27.730047,0.001,2.395876061,FALSE
29-10-2015 08:30,39.89361,0.0024,8.27233897,FALSE
30-10-2015 08:30,28.288239,0.0012,2.93292462,FALSE
31-10-2015 08:30,37.80004,0.0087,28.41353407,FALSE
02-11-2015 08:30,45.196625,0.0036,14.05795824,FALSE
03-11-2015 08:30,33.472294,0.0013,3.759608062,FALSE
04-11-2015 08:45,63.613476,0.0109,59.90862716,FALSE
05-11-2015 08:45,122.28638,0.0089,94.03333476,FALSE
06-11-2015 08:45,60.26014,0.0026,13.53683785,FALSE
07-11-2015 08:45,67.31355,0.0022,12.79495958,FALSE
09-11-2015 08:45,66.92083,0.0013,7.516547626,FALSE
11-11-2015 09:45,38.57762,0.0009,2.999795731,FALSE
12-11-2015 08:45,37.528553,0.001,3.242466979,FALSE
13-11-2015 08:45,59.23236,0.0024,12.28242217,FALSE
14-11-2015 08:45,38.551067,0.001,3.330812189,FALSE
16-11-2015 08:30,35.474228,0.0011,3.371470629,FALSE
17-11-2015 08:30,30.315582,0.001,2.619266285,FALSE
18-11-2015 08:30,37.00812,0.0014,4.476502195,FALSE
19-11-2015 08:45,41.117157,0.0014,4.973531311,FALSE
20-11-2015 08:30,36.670807,0.0011,3.485193497,FALSE
21-11-2015 08:30,30.482206,0.0011,2.897028858,FALSE
23-11-2015 08:30,25.614037,0.0008,1.770442237,FALSE
24-11-2015 08:30,31.04455,0.001,2.68224912,FALSE
26-11-2015 08:30,23.686174,0.0009,1.84183689,FALSE
27-11-2015 08:30,18.17197,0.0009,1.413052387,FALSE
28-11-2015 08:30,25.011879,0.001,2.161026346,FALSE
30-11-2015 08:30,21.644388,0.0008,1.496060099,FALSE
01-12-2015 08:30,19.844257,0.0009,1.543089424,FALSE
02-12-2015 08:45,53.03765,0.0054,24.74524598,FALSE
08-12-2015 08:30,27.611483,0.001,2.385632131,FALSE
09-12-2015 08:30,25.19746,0.0005,1.088530272,FALSE
10-12-2015 08:30,20.744917,0.0014,2.50930516,FALSE
11-12-2015 08:30,21.424932,0.0011,2.036225537,FALSE
12-12-2015 08:30,19.663265,0.0011,1.868796706,FALSE
14-12-2015 08:45,55.54822,0.0013,6.23917607,FALSE
15-12-2015 08:45,50.981304,0.0023,10.13100473,FALSE
16-12-2015 08:45,54.409554,0.0024,11.28236512,FALSE
17-12-2015 08:45,40.86603,0.001,3.530824992,FALSE
18-12-2015 08:30,28.928148,0.0011,2.749331186,FALSE
19-12-2015 08:30,25.407022,0.0011,2.414683371,FALSE
21-12-2015 08:30,22.651161,0.0011,2.152766341,FALSE
22-12-2015 08:30,18.016682,0.0011,1.712305457,FALSE
23-12-2015 08:30,17.220213,0.0011,1.636609044,FALSE
26-12-2015 08:30,13.819375,0.0011,1.3133934,FALSE
28-12-2015 08:30,11.275938,0.001,0.974241043,FALSE
29-12-2015 08:30,12.154622,0.0008,0.840127473,FALSE
30-12-2015 08:30,7.9566197,0.0009,0.618706748,FALSE
31-12-2015 08:30,9.417447,0.0011,0.895034163,FALSE
01-01-2016 08:30,7.091492,0.0007,0.428893436,FALSE
02-01-2016 08:30,6.8745217,0.0007,0.415771072,FALSE
05-01-2016 09:30,4.142133,0.0006,0.214728175,FALSE
06-01-2016 08:30,4.1124024,0.0006,0.21318694,FALSE
07-01-2016 08:30,4.0150514,0.0006,0.208140265,FALSE
08-01-2016 08:30,2.8335896,0.0005,0.122411071,FALSE
09-01-2016 08:30,2.8212957,0.0005,0.121879974,FALSE
10-01-2016 08:00,0,0,0,TRUE
11-01-2016 08:00,0,0,0,TRUE
12-01-2016 08:00,0,0,0,TRUE
13-01-2016 08:00,0,0,0,TRUE
14-01-2016 08:00,0,0,0,TRUE
15-01-2016 08:00,0,0,0,TRUE
16-01-2016 08:00,0,0,0,TRUE
17-01-2016 08:00,0,0,0,TRUE
18-01-2016 08:00,0,0,0,TRUE
19-01-2016 08:00,0,0,0,TRUE
20-01-2016 08:00,0,0,0,TRUE
21-01-2016 08:00,0,0,0,TRUE
22-01-2016 08:00,0,0,0,TRUE
23-01-2016 08:00,0,0,0,TRUE
24-01-2016 08:00,0,0,0,TRUE
25-01-2016 08:00,0,0,0,TRUE
26-01-2016 08:00,0,0,0,TRUE
27-01-2016 08:00,0,0,0,TRUE
28-01-2016 08:00,0,0,0,TRUE
29-01-2016 08:00,0,0,0,TRUE
30-01-2016 08:00,0,0,0,TRUE
31-01-2016 08:00,0,0,0,TRUE
01-02-2016 08:00,0,0,0,TRUE
02-02-2016 08:00,0,0,0,TRUE
03-02-2016 08:00,0,0,0,TRUE
04-02-2016 08:00,0,0,0,TRUE
05-02-2016 08:00,0,0,0,TRUE
06-02-2016 08:00,0,0,0,TRUE
07-02-2016 08:00,0,0,0,TRUE
08-02-2016 08:00,0,0,0,TRUE
09-02-2016 08:00,0,0,0,TRUE
10-02-2016 08:00,0,0,0,TRUE
11-02-2016 08:00,0,0,0,TRUE
12-02-2016 08:00,0,0,0,TRUE
13-02-2016 08:00,0,0,0,TRUE
14-02-2016 08:00,0,0,0,TRUE
15-02-2016 08:00,0,0,0,TRUE
16-02-2016 08:00,0,0,0,TRUE
17-02-2016 08:00,0,0,0,TRUE
18-02-2016 08:00,0,0,0,TRUE
19-02-2016 08:00,0,0,0,TRUE
20-02-2016 08:00,0,0,0,TRUE
21-02-2016 08:00,0,0,0,TRUE
22-02-2016 08:00,0,0,0,TRUE
23-02-2016 08:00,0,0,0,TRUE
24-02-2016 08:00,0,0,0,TRUE
25-02-2016 08:00,0,0,0,TRUE
26-02-2016 08:00,0,0,0,TRUE
27-02-2016 08:00,0,0,0,TRUE
28-02-2016 08:00,0,0,0,TRUE
29-02-2016 08:00,0,0,0,TRUE
01-03-2016 08:00,0,0,0,TRUE
02-03-2016 08:00,0,0,0,TRUE
03-03-2016 08:00,0,0,0,TRUE
04-03-2016 08:00,0,0,0,TRUE
05-03-2016 08:00,0,0,0,TRUE
06-03-2016 08:00,0,0,0,TRUE
07-03-2016 08:00,0,0,0,TRUE
08-03-2016 08:00,0,0,0,TRUE
09-03-2016 08:00,0,0,0,TRUE
10-03-2016 08:00,0,0,0,TRUE
11-03-2016 08:00,0,0,0,TRUE
12-03-2016 08:00,0,0,0,TRUE
13-03-2016 08:00,0,0,0,TRUE
14-03-2016 08:00,0,0,0,TRUE
15-03-2016 08:00,0,0,0,TRUE
16-03-2016 08:00,0,0,0,TRUE
17-03-2016 08:00,0,0,0,TRUE
18-03-2016 08:00,0,0,0,TRUE
19-03-2016 08:00,0,0,0,TRUE
20-03-2016 08:00,0,0,0,TRUE
21-03-2016 08:00,0,0,0,TRUE
22-03-2016 08:00,0,0,0,TRUE
23-03-2016 08:00,0,0,0,TRUE
24-03-2016 08:00,0,0,0,TRUE
25-03-2016 08:00,0,0,0,TRUE
26-03-2016 08:00,0,0,0,TRUE
27-03-2016 08:00,0,0,0,TRUE
28-03-2016 08:00,0,0,0,TRUE
29-03-2016 08:00,0,0,0,TRUE
30-03-2016 08:00,0,0,0,TRUE
31-03-2016 08:00,0,0,0,TRUE
01-04-2016 08:00,0,0,0,TRUE
02-04-2016 08:00,0,0,0,TRUE
03-04-2016 08:00,0,0,0,TRUE
04-04-2016 08:00,0,0,0,TRUE
05-04-2016 08:00,0,0,0,TRUE
06-04-2016 08:00,0,0,0,TRUE
07-04-2016 08:00,0,0,0,TRUE
08-04-2016 08:00,0,0,0,TRUE
09-04-2016 08:00,0,0,0,TRUE
10-04-2016 08:00,0,0,0,TRUE
11-04-2016 08:00,0,0,0,TRUE
12-04-2016 08:00,0,0,0,TRUE
13-04-2016 08:00,0,0,0,TRUE
14-04-2016 08:00,0,0,0,TRUE
15-04-2016 08:00,0,0,0,TRUE
16-04-2016 08:00,0,0,0,TRUE
17-04-2016 08:00,0,0,0,TRUE
18-04-2016 08:00,0,0,0,TRUE
19-04-2016 08:00,0,0,0,TRUE
20-04-2016 08:00,0,0,0,TRUE
21-04-2016 08:00,0,0,0,TRUE
22-04-2016 08:00,0,0,0,TRUE
23-04-2016 08:00,0,0,0,TRUE
24-04-2016 08:00,0,0,0,TRUE
25-04-2016 08:00,0,0,0,TRUE
26-04-2016 08:00,0,0,0,TRUE
27-04-2016 08:00,0,0,0,TRUE
28-04-2016 08:00,0,0,0,TRUE
29-04-2016 08:00,0,0,0,TRUE
30-04-2016 08:00,0,0,0,TRUE
01-05-2016 08:00,0,0,0,TRUE
02-05-2016 08:00,0,0,0,TRUE
03-05-2016 08:00,0,0,0,TRUE
04-05-2016 08:00,0,0,0,TRUE
05-05-2016 08:00,0,0,0,TRUE
06-05-2016 08:00,0,0,0,TRUE
07-05-2016 08:00,0,0,0,TRUE
08-05-2016 08:00,0,0,0,TRUE
09-05-2016 08:00,0,0,0,TRUE
10-05-2016 08:00,0,0,0,TRUE
11-05-2016 08:00,0,0,0,TRUE
12-05-2016 08:00,0,0,0,TRUE
13-05-2016 08:00,0,0,0,TRUE
14-05-2016 08:00,0,0,0,TRUE
15-05-2016 08:00,0,0,0,TRUE
16-05-2016 08:00,0,0,0,TRUE
17-05-2016 08:00,0,0,0,TRUE
18-05-2016 08:00,0,0,0,TRUE
19-05-2016 08:00,0,0,0,TRUE
20-05-2016 08:00,0,0,0,TRUE
21-05-2016 08:00,0,0,0,TRUE
22-05-2016 08:00,0,0,0,TRUE
23-05-2016 08:00,0,0,0,TRUE
24-05-2016 08:00,0,0,0,TRUE
25-05-2016 08:00,0,0,0,TRUE
26-05-2016 08:30,25.869593,0.0011,2.458646119,FALSE
28-05-2016 08:30,29.367435,0.0012,3.044815661,FALSE
30-05-2016 08:30,28.77592,0.0026,6.464222669,FALSE
31-05-2016 08:30,19.47384,0.001,1.682539776,FALSE
01-06-2016 08:30,18.123676,0.0029,4.541068259,FALSE
02-06-2016 08:30,55.14056,0.0046,21.91506417,FALSE
03-06-2016 08:30,25.533657,0.0012,2.647329558,FALSE
04-06-2016 08:30,21.222145,0.0011,2.016952661,FALSE
06-06-2016 08:30,31.26581,0.0023,6.213141763,FALSE
07-06-2016 08:30,27.021383,0.001,2.334647491,FALSE
08-06-2016 08:30,29.989153,0.0023,5.959444484,FALSE
09-06-2016 08:45,51.25485,0.0046,20.37072758,FALSE
13-06-2016 08:45,45.305264,0.0011,4.305812291,FALSE
14-06-2016 08:45,44.339344,0.0011,4.214011254,FALSE
15-06-2016 08:45,41.086624,0.0011,3.904872745,FALSE
16-06-2016 09:00,44.769825,0.0045,17.40650796,FALSE
17-06-2016 09:00,69.471306,0.0048,28.81114002,FALSE
18-06-2016 09:00,57.28117,0.0026,12.86764203,FALSE
20-06-2016 08:45,68.5297,0.0014,8.289352512,FALSE
21-06-2016 08:45,59.516968,0.0011,5.656492639,FALSE
22-06-2016 08:45,48.357876,0.0012,5.013744584,FALSE
23-06-2016 08:45,96.89003,0.0056,46.87927212,FALSE
24-06-2016 08:45,67.23984,0.0011,6.390474394,FALSE
27-06-2016 08:45,44.7279,0.0013,5.023837728,FALSE
28-06-2016 08:45,48.936127,0.0046,19.44917431,FALSE
29-06-2016 08:45,117.242,0.0055,55.7133984,FALSE
30-06-2016 08:45,105.34765,0.0028,25.48570349,FALSE
01-07-2016 08:45,66.21435,0.0012,6.865103808,FALSE
02-07-2016 08:45,54.122967,0.001,4.676224349,FALSE
04-07-2016 08:45,52.782516,0.0012,5.472491259,FALSE
05-07-2016 08:45,55.199017,0.0011,5.246114576,FALSE
08-07-2016 08:45,58.77149,0.0024,12.18685617,FALSE
09-07-2016 08:45,176.81744,0.0042,64.16351263,FALSE
11-07-2016 08:45,124.16151,0.0059,63.29257134,FALSE
12-07-2016 08:45,180.84444,0.0049,76.56230212,FALSE
13-07-2016 08:45,146.16762,0.0024,30.30931768,FALSE
14-07-2016 08:45,141.66121,0.0023,28.15091565,FALSE
15-07-2016 08:45,122.116,0.0011,11.60590464,FALSE
16-07-2016 09:00,246.51201,0.007,149.0904636,FALSE
18-07-2016 09:00,181.93288,0.0058,91.17020483,FALSE
19-07-2016 08:45,149.44861,0.0058,74.89168744,FALSE
20-07-2016 08:45,103.64052,0.0022,19.69999004,FALSE
21-07-2016 08:45,83.37255,0.0021,15.12711547,FALSE
22-07-2016 08:45,76.56485,0.0011,7.276723344,FALSE
23-07-2016 08:45,83.84143,0.0011,7.968289507,FALSE
25-07-2016 08:45,124.88698,0.0012,12.94828209,FALSE
26-07-2016 08:45,94.09159,0.0011,8.942464714,FALSE
27-07-2016 08:45,79.14819,0.0012,8.206084339,FALSE
28-07-2016 08:45,149.32529,0.0053,68.3790368,FALSE
29-07-2016 08:45,99.213196,0.0024,20.57284832,FALSE
30-07-2016 08:45,76.75717,0.0012,7.958183386,FALSE
01-08-2016 08:45,67.41103,0.0012,6.98917559,FALSE
02-08-2016 08:45,62.992287,0.0013,7.075293676,FALSE
03-08-2016 08:30,57.43727,0.001,4.962580128,FALSE
04-08-2016 08:30,46.124615,0.001,3.985166736,FALSE
05-08-2016 08:45,62.458843,0.0011,5.936088439,FALSE
06-08-2016 08:45,51.956272,0.0011,4.937924091,FALSE
08-08-2016 08:30,54.74586,0.0011,5.203046534,FALSE
09-08-2016 08:30,57.631542,0.0011,5.477301752,FALSE
10-08-2016 08:30,55.331722,0.0012,5.736792937,FALSE
11-08-2016 08:30,50.232845,0.0009,3.906106027,FALSE
12-08-2016 08:30,43.764133,0.001,3.781221091,FALSE
13-08-2016 08:45,76.32262,0.0031,20.44225054,FALSE
16-08-2016 08:30,73.84008,0.001,6.379782912,FALSE
17-08-2016 08:30,62.781616,0.001,5.424331622,FALSE
18-08-2016 08:30,64.06023,0.0012,6.641764646,FALSE
19-08-2016 08:30,78.55596,0.0013,8.823405427,FALSE
20-08-2016 08:30,66.3108,0.0011,6.302178432,FALSE
22-08-2016 08:30,52.07245,0.0012,5.398871616,FALSE
23-08-2016 08:30,44.145844,0.0009,3.432780829,FALSE
24-08-2016 08:30,54.01247,0.0027,12.600029,FALSE
25-08-2016 08:30,41.10964,0.001,3.551872896,FALSE
26-08-2016 08:30,47.671665,0.0013,5.354481413,FALSE
27-08-2016 08:30,50.89018,0.0011,4.836602707,FALSE
29-08-2016 08:30,64.01981,0.001,5.531311584,FALSE
30-08-2016 08:30,61.819557,0.0012,6.40945167,FALSE
31-08-2016 08:30,77.7493,0.0013,8.732801376,FALSE
01-09-2016 08:30,62.041065,0.0012,6.432417619,FALSE
02-09-2016 08:30,53.718006,0.0011,5.10535929,FALSE
03-09-2016 08:30,56.54111,0.0014,6.839212666,FALSE
05-09-2016 08:30,44.47777,0.001,3.842879328,FALSE
06-09-2016 08:30,39.01451,0.0009,3.033768298,FALSE
07-09-2016 08:30,33.609463,0.0009,2.613471843,FALSE
08-09-2016 08:30,31.224459,0.001,2.697793258,FALSE
09-09-2016 08:30,26.898277,0.0011,2.556412246,FALSE
10-09-2016 08:30,26.184721,0.0012,2.714831873,FALSE
13-09-2016 08:30,22.043056,0.001,1.904520038,FALSE
15-09-2016 08:30,27.40367,0.001,2.367677088,FALSE
16-09-2016 08:30,21.031034,0.001,1.817081338,FALSE
17-09-2016 08:30,21.61149,0.001,1.867232736,FALSE
19-09-2016 08:30,23.514997,0.001,2.031695741,FALSE
20-09-2016 08:30,24.994993,0.0011,2.375524135,FALSE
21-09-2016 08:30,23.496542,0.0011,2.233111352,FALSE
22-09-2016 08:30,52.266907,0.001,4.515860765,FALSE
23-09-2016 08:30,30.845015,0.0011,2.931510226,FALSE
24-09-2016 08:30,26.795694,0.0011,2.546662758,FALSE
26-09-2016 08:30,34.518887,0.001,2.982431837,FALSE
27-09-2016 08:30,29.126637,0.0009,2.264887293,FALSE
28-09-2016 08:30,28.969042,0.001,2.502925229,FALSE
29-09-2016 08:30,34.606895,0.0009,2.691032155,FALSE
30-09-2016 08:30,37.07604,0.001,3.203369856,FALSE
01-10-2016 08:30,37.828842,0.0011,3.595253144,FALSE
03-10-2016 08:30,21.162817,0.001,1.828467389,FALSE
04-10-2016 08:45,20.9961,0.0011,1.995469344,FALSE
05-10-2016 08:45,16.899797,0.0011,1.606156707,FALSE
06-10-2016 08:45,21.433382,0.001,1.851844205,FALSE
07-10-2016 08:30,19.819893,0.001,1.712438755,FALSE
08-10-2016 08:30,17.690416,0.0009,1.375606748,FALSE
13-10-2016 08:30,13.669433,0.001,1.181039011,FALSE
14-10-2016 08:30,63.833103,0.0011,6.066698109,FALSE
15-10-2016 08:30,46.853725,0.001,4.04816184,FALSE
17-10-2016 08:30,28.954144,0.001,2.501638042,FALSE
18-10-2016 08:30,25.68132,0.0012,2.662639258,FALSE
19-10-2016 08:30,21.431705,0.0009,1.666529381,FALSE
20-10-2016 08:30,16.666126,0.001,1.439953286,FALSE
21-10-2016 08:30,28.06336,0.0012,2.909609165,FALSE
22-10-2016 08:30,23.558348,0.0011,2.238985394,FALSE
24-10-2016 08:30,18.756351,0.0009,1.458493854,FALSE
25-10-2016 08:30,14.7168045,0.001,1.271531909,FALSE
26-10-2016 08:30,44.380043,0.0011,4.217879287,FALSE
27-10-2016 08:30,17.998434,0.0009,1.399558228,FALSE
28-10-2016 08:30,16.683441,0.0009,1.297304372,FALSE
31-10-2016 08:30,23.945704,0.0012,2.482690591,FALSE
01-11-2016 08:30,17.55593,0.001,1.516832352,FALSE
02-11-2016 08:30,34.25516,0.0012,3.551574989,FALSE
03-11-2016 08:30,22.191349,0.0011,2.109065809,FALSE
04-11-2016 08:30,23.533482,0.0012,2.439951414,FALSE
05-11-2016 08:30,20.050661,0.0009,1.559139399,FALSE
07-11-2016 08:30,14.16632,0.0009,1.101573043,FALSE
08-11-2016 08:30,13.223695,0.0009,1.028274523,FALSE
09-11-2016 08:30,14.157357,0.0011,1.345515209,FALSE
10-11-2016 08:30,12.064442,0.001,1.042367789,FALSE
11-11-2016 08:30,8.749799,0.0011,0.831580897,FALSE
12-11-2016 08:30,6.4994807,0.0012,0.673866159,FALSE
15-11-2016 08:30,13.863402,0.0011,1.317577726,FALSE
16-11-2016 08:30,10.896297,0.001,0.941440061,FALSE
17-11-2016 08:30,5.2181616,0.0013,0.586103911,FALSE
18-11-2016 08:30,6.3119106,0.0013,0.708953799,FALSE
19-11-2016 08:30,5.2784295,0.0013,0.592873201,FALSE
21-11-2016 08:30,5.397316,0.0013,0.606226533,FALSE
22-11-2016 08:30,2.1632116,0.0011,0.20559163,FALSE
22-07-2017 08:45,66.191,0.001,5.7189024,FALSE
24-07-2017 08:45,45.472,0.001,3.9287808,FALSE
25-07-2017 08:30,125.787,0.001,10.8679968,FALSE
26-07-2017 08:45,31.96,0.001,2.761344,FALSE
27-07-2017 08:45,36.536,0.001,3.1567104,FALSE
28-07-2017 08:45,105.798,0.006,54.8456832,FALSE
29-07-2017 08:45,61.651,0.003,15.9799392,FALSE
31-07-2017 08:45,50.539,0.001,4.3665696,FALSE
01-08-2017 08:45,127.368,0.006,66.0275712,FALSE
03-08-2017 08:45,60.624,0.001,5.2379136,FALSE
04-08-2017 08:45,78.858,0.001,6.8133312,FALSE
05-08-2017 08:45,107.994,0.001,9.3306816,FALSE
07-08-2017 08:45,149.272,0.004,51.5884032,FALSE
08-08-2017 08:45,132.814,0.001,11.4751296,FALSE
09-08-2017 08:45,110.757,0.001,9.5694048,FALSE
10-08-2017 08:45,117.575,0.004,40.63392,FALSE
11-08-2017 08:45,89.858,0.001,7.7637312,FALSE
12-08-2017 08:45,102.199,0.001,8.8299936,FALSE
14-08-2017 08:45,60.561,0.001,5.2324704,FALSE
16-08-2017 08:45,60.119,0.001,5.1942816,FALSE
17-08-2017 08:45,55.889,0.001,4.8288096,FALSE
18-08-2017 08:45,85.583,0.003,22.1831136,FALSE
19-08-2017 08:45,73.071,0.002,12.6266688,FALSE
21-08-2017 08:45,122.561,0.005,52.946352,FALSE
22-08-2017 08:45,200.818,0.006,104.1040512,FALSE
23-08-2017 08:45,114.218,0.001,9.8684352,FALSE
24-08-2017 08:45,93.124,0.001,8.0459136,FALSE
25-08-2017 08:45,79.618,0.001,6.8789952,FALSE
26-08-2017 08:45,67.972,0.001,5.8727808,FALSE
28-08-2017 08:45,175.683,0.005,75.895056,FALSE
29-08-2017 08:45,177.347,0.006,91.9366848,FALSE
30-08-2017 08:45,145.496,0.001,12.5708544,FALSE
31-08-2017 08:45,133.936,0.001,11.5720704,FALSE
06-09-2017 08:45,129.348,0.004,44.7026688,FALSE
07-09-2017 08:45,93.529,0.001,8.0809056,FALSE
08-09-2017 08:45,80.096,0.001,6.9202944,FALSE
09-09-2017 08:45,123.5,0.003,32.0112,FALSE
21-09-2017 08:45,84.848,0.001,7.3308672,FALSE
22-09-2017 08:45,80.682,0.001,6.9709248,FALSE
23-09-2017 08:45,66.78,0.001,5.769792,FALSE
26-09-2017 08:45,67.082,0.001,5.7958848,FALSE
27-09-2017 08:45,52.098,0.001,4.5012672,FALSE
04-10-2017 08:45,41.408,0.001,3.5776512,FALSE
05-10-2017 08:45,38.083,0.001,3.2903712,FALSE
06-10-2017 08:45,49.982,0.001,4.3184448,FALSE
07-10-2017 08:45,30.616,0.001,2.6452224,FALSE
10-10-2017 08:45,44.886,0.001,3.8781504,FALSE
11-10-2017 08:45,36.989,0.001,3.1958496,FALSE
12-10-2017 08:45,62.027,0.003,16.0773984,FALSE
13-10-2017 08:45,80.072,0.006,41.5093248,FALSE
14-10-2017 08:45,85.074,0.005,36.751968,FALSE
17-10-2017 08:45,52.195,0.001,4.509648,FALSE
20-10-2017 08:45,48.533,0.001,4.1932512,FALSE
21-10-2017 08:45,43.809,0.001,3.7850976,FALSE
24-10-2017 08:45,30.948,0.001,2.6739072,FALSE
25-10-2017 08:45,30.519,0.001,2.6368416,FALSE
26-10-2017 08:45,30.626,0.001,2.6460864,FALSE
27-10-2017 08:45,61.407,0.003,15.9166944,FALSE
28-10-2017 08:45,48.386,0.001,4.1805504,FALSE
31-10-2017 08:45,44.423,0.001,3.8381472,FALSE
01-11-2017 08:45,53.536,0.001,4.6255104,FALSE
02-11-2017 08:45,37.673,0.001,3.2549472,FALSE
03-11-2017 08:45,64.254,0.001,5.5515456,FALSE
07-11-2017 08:45,48.022,0.001,4.1491008,FALSE
08-11-2017 08:45,49.241,0.001,4.2544224,FALSE
09-11-2017 08:45,47.915,0.001,4.139856,FALSE
10-11-2017 08:45,32.943,0.001,2.8462752,FALSE
11-11-2017 08:45,62.424,0.001,5.3934336,FALSE
14-11-2017 08:45,25.104,0.001,2.1689856,FALSE
15-11-2017 08:45,22.373,0.001,1.9330272,FALSE
16-11-2017 08:45,20.143,0.001,1.7403552,FALSE
17-11-2017 08:45,21.259,0.001,1.8367776,FALSE
18-11-2017 08:45,22.616,0.001,1.9540224,FALSE
21-11-2017 08:45,38.943,0.001,3.3646752,FALSE
22-11-2017 08:45,31.846,0.001,2.7514944,FALSE
23-11-2017 08:45,27.232,0.001,2.3528448,FALSE
24-11-2017 08:45,17.035,0.001,1.471824,FALSE
25-11-2017 08:45,15.494,0.001,1.3386816,FALSE
28-11-2017 08:45,16.424,0.001,1.4190336,FALSE
29-11-2017 08:45,14.227,0.001,1.2292128,FALSE
30-11-2017 08:45,15.127,0.001,1.3069728,FALSE
04-12-2017 08:45,21.612,0.001,1.8672768,FALSE
05-12-2017 08:45,14.762,0.001,1.2754368,FALSE
06-12-2017 08:45,12.844,0.001,1.1097216,FALSE
07-12-2017 08:45,11.124,0.001,0.9611136,FALSE
08-12-2017 08:45,10.501,0.001,0.9072864,FALSE
09-12-2017 08:45,17.34,0.001,1.498176,FALSE
12-12-2017 08:30,10.68,0.001,0.922752,FALSE
13-12-2017 08:30,9.467,0.001,0.8179488,FALSE
14-12-2017 08:30,19.908,0.001,1.7200512,FALSE
15-12-2017 08:45,20.707,0.001,1.7890848,FALSE
16-12-2017 08:30,10.316,0.001,0.8913024,FALSE
19-12-2017 08:30,6.612,0.001,0.5712768,FALSE
20-12-2017 08:30,4.662,0.001,0.4027968,FALSE
21-12-2017 08:30,5.574,0.001,0.4815936,FALSE
25-05-2018 08:45,34.654,0.001,2.9941056,FALSE
26-05-2018 08:45,26.373,0.001,2.2786272,FALSE
28-05-2018 08:45,22.907,0.001,1.9791648,FALSE
29-05-2018 08:45,91.578,0.005,39.561696,FALSE
30-05-2018 08:45,46.49,0.001,4.016736,FALSE
07-06-2018 08:45,28.572,0.001,2.4686208,FALSE
08-06-2018 08:45,61.19,0.005,26.43408,FALSE
11-06-2018 09:00,222.783,0.006,115.4907072,FALSE
12-06-2018 09:00,224.589,0.007,135.8314272,FALSE
13-06-2018 09:00,177.214,0.002,30.6225792,FALSE
18-06-2018 08:45,71.551,0.001,6.1820064,FALSE
19-06-2018 08:45,68.988,0.001,5.9605632,FALSE
20-06-2018 08:45,88.426,0.001,7.6400064,FALSE
21-06-2018 08:45,96.525,0.002,16.67952,FALSE
22-06-2018 08:45,112.946,0.001,9.7585344,FALSE
23-06-2018 08:45,97.491,0.001,8.4232224,FALSE
25-06-2018 08:45,59.999,0.001,5.1839136,FALSE
26-06-2018 08:45,67.393,0.001,5.8227552,FALSE
28-06-2018 08:45,128.023,0.006,66.3671232,FALSE
29-06-2018 08:45,90.717,0.001,7.8379488,FALSE
30-06-2018 08:45,80.092,0.001,6.9199488,FALSE
03-07-2018 08:45,82.287,0.001,7.1095968,FALSE
04-07-2018 08:30,67.419,0.001,5.8250016,FALSE
05-07-2018 08:45,60.754,0.001,5.2491456,FALSE
06-07-2018 08:45,56.76,0.001,4.904064,FALSE
09-07-2018 08:45,115.377,0.003,29.9057184,FALSE
10-07-2018 09:05,232.842,0.005,100.587744,FALSE
11-07-2018 09:00,214.312,0.006,111.0993408,FALSE
12-07-2018 09:00,231.08,0.004,79.861248,FALSE
13-07-2018 09:00,220.621,0.005,95.308272,FALSE
18-07-2018 09:00,342.155,0.007,206.935344,FALSE
19-07-2018 09:00,294.439,0.006,152.6371776,FALSE
20-07-2018 09:00,304.181,0.006,157.6874304,FALSE
23-07-2018 09:00,169.232,0.002,29.2432896,FALSE
24-07-2018 09:00,304.151,0.004,105.1145856,FALSE
25-07-2018 09:00,419.891,0.008,290.2286592,FALSE
26-07-2018 09:00,287.705,0.007,174.003984,FALSE
27-07-2018 09:00,214.669,0.001,18.5474016,FALSE
30-07-2018 09:00,178.811,0.007,108.1448928,FALSE
31-07-2018 09:00,237.736,0.007,143.7827328,FALSE
01-08-2018 09:00,179.879,0.001,15.5415456,FALSE
02-08-2018 09:00,128.429,0.001,11.0962656,FALSE
03-08-2018 09:00,128.995,0.001,11.145168,FALSE
04-08-2018 09:00,97.291,0.001,8.4059424,FALSE
06-08-2018 09:00,76.735,0.001,6.629904,FALSE
07-08-2018 09:00,67.039,0.001,5.7921696,FALSE
08-08-2018 09:00,167.955,0.005,72.55656,FALSE
09-08-2018 09:00,207.902,0.005,89.813664,FALSE
10-08-2018 09:00,263.519,0.006,136.6082496,FALSE
13-08-2018 09:00,224.852,0.004,77.7088512,FALSE
01-10-2018 08:30,29.515,0.001,2.550096,FALSE
03-10-2018 08:30,38.04,0.001,3.286656,FALSE
04-10-2018 08:30,53.668,0.001,4.6369152,FALSE
05-10-2018 08:30,63.224,0.001,5.4625536,FALSE
06-10-2018 08:30,37.677,0.001,3.2552928,FALSE
09-10-2018 08:30,59.647,0.001,5.1535008,FALSE
10-10-2018 09:00,85.058,0.002,14.6980224,FALSE
12-10-2018 08:30,52.861,0.001,4.5671904,FALSE
13-10-2018 08:30,44.836,0.001,3.8738304,FALSE
15-10-2018 08:30,59.772,0.001,5.1643008,FALSE
16-10-2018 08:30,78.895,0.001,6.816528,FALSE
17-10-2018 08:30,120.858,0.002,20.8842624,FALSE
20-10-2018 08:30,61.076,0.001,5.2769664,FALSE
22-10-2018 08:30,57.44,0.001,4.962816,FALSE
23-10-2018 08:30,73.907,0.001,6.3855648,FALSE
24-10-2018 08:30,52.131,0.001,4.5041184,FALSE
25-10-2018 08:30,48.694,0.001,4.2071616,FALSE
26-10-2018 08:30,39.269,0.001,3.3928416,FALSE
30-10-2018 08:30,29.626,0.001,2.5596864,FALSE
31-10-2018 08:30,22.685,0.001,1.959984,FALSE
01-11-2018 08:30,73.741,0.001,6.3712224,FALSE
02-11-2018 08:30,30.707,0.001,2.6530848,FALSE
03-11-2018 08:30,27.249,0.001,2.3543136,FALSE
01-06-2023 08:00,7.885,0.003,2.043792,FALSE
02-06-2023 08:00,7.184,0.003,1.8620928,FALSE
03-06-2023 08:00,14.19,0.007,8.582112,FALSE
05-06-2023 08:00,7.365,0.004,2.545344,FALSE
06-06-2023 08:00,26.508,0.003,6.8708736,FALSE
07-06-2023 08:00,17.701,0.008,12.2349312,FALSE
08-06-2023 08:00,45.657,0.009,35.5028832,FALSE
09-06-2023 08:15,40.937,0.004,14.1478272,FALSE
10-06-2023 08:15,54.252,0.005,23.436864,FALSE
12-06-2023 08:15,35.737,0.005,15.438384,FALSE
13-06-2023 08:00,57.648,0.008,39.8462976,FALSE
14-06-2023 08:00,54.565,0.003,14.143248,FALSE
15-06-2023 08:07,44.719,0.003,11.5911648,FALSE
16-06-2023 08:00,42.454,0.004,14.6721024,FALSE
17-06-2023 08:00,38.308,0.004,13.2392448,FALSE
19-06-2023 08:00,44.913,0.003,11.6414496,FALSE
20-06-2023 08:00,60.257,0.004,20.8248192,FALSE
21-06-2023 08:00,37.548,0.003,9.7324416,FALSE
22-06-2023 08:00,37.677,0.003,9.7658784,FALSE
23-06-2023 08:00,49.845,0.004,17.226432,FALSE
24-06-2023 08:00,38.168,0.003,9.8931456,FALSE
26-06-2023 08:00,32.914,0.004,11.3750784,FALSE
27-06-2023 08:00,25.945,0.004,8.966592,FALSE
28-06-2023 08:00,70.452,0.02,121.741056,FALSE
30-06-2023 08:00,40.334,0.002,6.9697152,FALSE
01-07-2023 08:00,35.431,0.004,12.2449536,FALSE
03-07-2023 08:00,103.099,0.01,89.077536,FALSE
04-07-2023 08:00,116.819,0.016,161.4905856,FALSE
05-07-2023 08:00,220.432,0.014,266.6345472,FALSE
06-07-2023 08:00,272.706,0.022,518.3595648,FALSE
07-07-2023 08:00,205.107,0.005,88.606224,FALSE
08-07-2023 08:00,178.143,0.004,61.5662208,FALSE
10-07-2023 08:00,108.056,0.003,28.0081152,FALSE
11-07-2023 08:00,93.081,0.003,24.1265952,FALSE
12-07-2023 08:00,76.784,0.003,19.9024128,FALSE
13-07-2023 08:00,67.083,0.003,17.3879136,FALSE
14-07-2023 08:00,62.54,0.005,27.01728,FALSE
15-07-2023 08:00,53.496,0.003,13.8661632,FALSE
17-07-2023 08:00,42.271,0.003,10.9566432,FALSE
18-07-2023 08:00,38.936,0.003,10.0922112,FALSE
19-07-2023 08:00,53.228,0.003,13.7966976,FALSE
20-07-2023 08:00,60.494,0.003,15.6800448,FALSE
21-07-2023 08:00,50.871,0.003,13.1857632,FALSE
22-07-2023 08:00,45.842,0.003,11.8822464,FALSE
24-07-2023 08:00,119.196,0.006,61.7912064,FALSE
25-07-2023 08:00,132.715,0.006,68.799456,FALSE
26-07-2023 08:00,100.239,0.005,43.303248,FALSE
27-07-2023 08:00,91.916,0.004,31.7661696,FALSE
29-07-2023 08:00,57.451,0,0,TRUE
31-07-2023 08:00,49.355,0.004,17.057088,FALSE
01-08-2023 08:00,45.343,0.003,11.7529056,FALSE
02-08-2023 08:00,38.779,0.003,10.0515168,FALSE
03-08-2023 08:00,34.455,0.003,8.930736,FALSE
04-08-2023 08:00,28.434,0.003,7.3700928,FALSE
05-08-2023 08:00,25.202,0.004,8.7098112,FALSE
07-08-2023 08:00,18.932,0.003,4.9071744,FALSE
08-08-2023 08:00,15.72,0.003,4.074624,FALSE
09-08-2023 08:00,22.571,0.002,3.9002688,FALSE
10-08-2023 08:00,13.863,0.003,3.5932896,FALSE
11-08-2023 08:00,12.157,0.002,2.1007296,FALSE
12-08-2023 08:00,12.24,0.004,4.230144,FALSE
14-08-2023 08:00,13.515,0.003,3.503088,FALSE
16-08-2023 08:00,10.477,0.003,2.7156384,FALSE
17-08-2023 08:00,9.629,0.002,1.6638912,FALSE
18-08-2023 08:00,8.321,0.003,2.1568032,FALSE
19-08-2023 08:00,10.662,0.003,2.7635904,FALSE
21-08-2023 08:00,7.463,0.003,1.9344096,FALSE
22-08-2023 08:00,6.869,0.003,1.7804448,FALSE
23-08-2023 08:00,6.112,0.003,1.5842304,FALSE
24-08-2023 08:00,5.667,0.003,1.4688864,FALSE
25-08-2023 08:00,4.637,0.003,1.2019104,FALSE
26-08-2023 08:00,4.062,0.003,1.0528704,FALSE
28-08-2023 08:00,3.738,0.002,0.6459264,FALSE
30-08-2023 08:00,8.575,0.001,0.74088,FALSE
31-08-2023 08:00,4.241,0.003,1.0992672,FALSE
01-09-2023 08:00,27.307,0.004,9.4372992,FALSE
02-09-2023 08:00,39.302,0.006,20.3741568,FALSE
04-09-2023 08:00,41.044,0.004,14.1848064,FALSE
05-09-2023 08:00,31.325,0.004,10.82592,FALSE
07-09-2023 08:00,59.01,0.002,10.196928,FALSE
08-09-2023 08:00,151.324,0.006,78.4463616,FALSE
09-09-2023 08:00,75.124,0.003,19.4721408,FALSE
11-09-2023 08:00,97.639,0.006,50.6160576,FALSE
12-09-2023 08:00,85.52379,0.005,36.94627728,FALSE
13-09-2023 08:00,59.922,0.004,20.7090432,FALSE
14-09-2023 08:00,63.616,0.006,32.9785344,FALSE
15-09-2023 08:00,69.387,0.003,17.9851104,FALSE
16-09-2023 08:00,57.16,0.004,19.754496,FALSE
18-09-2023 08:00,63.556,0.003,16.4737152,FALSE
19-09-2023 09:00,55.556,0.004,19.2001536,FALSE
20-09-2023 08:00,52.181,0.003,13.5253152,FALSE
21-09-2023 08:00,62.67,0.004,21.658752,FALSE
22-09-2023 08:00,143.09,0.011,135.992736,FALSE
23-09-2023 08:00,80.14,0.004,27.696384,FALSE
25-09-2023 08:00,61.704,0.004,21.3249024,FALSE
26-09-2023 08:00,48.875,0.003,12.6684,FALSE
27-09-2023 08:00,53.025692,0.003,13.74425937,FALSE
29-09-2023 08:00,87.541,0.005,37.817712,FALSE
30-09-2023 08:00,91.013,0.004,31.4540928,FALSE
03-10-2023 08:00,100.636,0.003,26.0848512,FALSE
04-10-2023 08:00,80.186,0.004,27.7122816,FALSE
05-10-2023 08:00,67.28,0.004,23.251968,FALSE
06-10-2023 08:00,53.213,0.003,13.7928096,FALSE
07-10-2023 08:00,45.83,0.003,11.879136,FALSE
09-10-2023 08:00,53.301,0.003,13.8156192,FALSE
10-10-2023 08:00,38.663,0.004,13.3619328,FALSE
11-10-2023 08:00,45.277,0.003,11.7357984,FALSE
12-10-2023 08:00,63.719,0.014,77.0745024,FALSE
13-10-2023 08:00,39.541,0.004,13.6653696,FALSE
14-10-2023 08:00,64.906,0.007,39.2551488,FALSE
16-10-2023 08:00,59.494,0.007,35.9819712,FALSE
17-10-2023 08:00,99.492,0.039,335.2482432,FALSE
18-10-2023 09:00,61.75,0.006,32.0112,FALSE
19-10-2023 09:00,41.344,0.004,14.2884864,FALSE
20-10-2023 08:00,41.526,0.003,10.7635392,FALSE
21-10-2023 09:00,35.343,0.005,15.268176,FALSE
25-10-2023 09:00,90.18,0.005,38.95776,FALSE
26-10-2023 09:00,43.534,0.004,15.0453504,FALSE
27-10-2023 09:00,53.871,0.004,18.6178176,FALSE
28-10-2023 08:00,51.451,0.004,17.7814656,FALSE
30-10-2023 09:00,41.518,0.003,10.7614656,FALSE
31-10-2023 09:00,34.645,0.003,8.979984,FALSE
01-11-2023 09:00,35.797,0.003,9.2785824,FALSE
02-11-2023 09:00,35.874313,0.002,6.199081286,FALSE
03-11-2023 09:00,25.488,0.001,2.2021632,FALSE
04-11-2023 09:00,24.573,0.004,8.4924288,FALSE
06-11-2023 09:00,70.759,0.011,67.2493536,FALSE
07-11-2023 09:00,63.498,0.055,301.742496,FALSE
08-11-2023 09:00,35.044,0.004,12.1112064,FALSE
09-11-2023 09:00,65.012,0.008,44.9362944,FALSE
10-11-2023 09:00,46.641,0.002,8.0595648,FALSE
11-11-2023 09:00,46.339,0.002,8.0073792,FALSE
13-11-2023 09:00,30.522,0.003,7.9113024,FALSE
14-11-2023 09:00,28.183,0.002,4.8700224,FALSE
15-11-2023 09:00,26.692,0.002,4.6123776,FALSE
16-11-2023 09:00,23.115,0.003,5.991408,FALSE
17-11-2023 09:00,76.938,0.103,684.6866496,FALSE
18-11-2023 09:00,34.393,0.007,20.8008864,FALSE
20-11-2023 09:00,28.034,0.003,7.2664128,FALSE
21-11-2023 09:00,23.265,0.004,8.040384,FALSE
22-11-2023 09:00,44.407,0.004,15.3470592,FALSE
23-11-2023 09:15,68.723,0.005,29.688336,FALSE
24-11-2023 09:15,36.144,0.002,6.2456832,FALSE
25-11-2023 09:15,30.29,0.002,5.234112,FALSE
28-11-2023 09:00,21.562,0.002,3.7259136,FALSE
29-11-2023 09:00,14.579,0.002,2.5192512,FALSE
30-11-2023 09:00,14.875,0.002,2.5704,FALSE
01-12-2023 09:00,13.903,0.003,3.6036576,FALSE
02-12-2023 09:00,21.722,0.002,3.7535616,FALSE
04-12-2023 09:00,27.374,0.027,63.8580672,FALSE
05-12-2023 09:00,14.123,0.005,6.101136,FALSE
06-12-2023 09:00,12.229,0.004,4.2263424,FALSE
07-12-2023 09:00,10.837,0.003,2.8089504,FALSE
08-12-2023 09:00,26.907,0.004,9.2990592,FALSE
09-12-2023 09:00,14.612,0.003,3.7874304,FALSE
11-12-2023 09:00,13.042,0.003,3.3804864,FALSE
12-12-2023 09:00,10.255,0.002,1.772064,FALSE
13-12-2023 09:00,35.303,0.006,18.3010752,FALSE
14-12-2023 09:00,15.235,0.003,3.948912,FALSE
15-12-2023 09:00,10.693,0.003,2.7716256,FALSE
16-12-2023 09:00,12.46,0.004,4.306176,FALSE
18-12-2023 09:00,15.776,0.003,4.0891392,FALSE
19-12-2023 09:00,11.17,0.002,1.930176,FALSE
20-12-2023 09:00,10.58,0.002,1.828224,FALSE
21-12-2023 09:00,9.455,0.002,1.633824,FALSE
22-12-2023 09:00,8.366,0.001,0.7228224,FALSE
23-12-2023 09:00,7.422,0.001,0.6412608,FALSE
26-12-2023 09:00,5.585,0.002,0.965088,FALSE
27-12-2023 09:00,5.673,0.002,0.9802944,FALSE
28-12-2023 09:00,5.37,0.002,0.927936,FALSE
29-12-2023 09:00,4.754,0.001,0.4107456,FALSE
30-12-2023 09:00,4.094,0.001,0.3537216,FALSE
