Timestamp,Discharge_m3_s,Sediment_g_L,Sediment_tonne_day,Column1
08-06-1986 08:00,4,0,0,TRUE
09-06-1986 08:00,3,0,0,TRUE
15-06-1986 08:00,25,0,0,TRUE
22-06-1986 08:00,60,0,0,TRUE
29-06-1986 08:00,402.5,0,0,TRUE
06-07-1986 08:00,50,0,0,TRUE
07-07-1986 08:00,43,0,0,TRUE
13-07-1986 08:00,272,0,0,TRUE
20-07-1986 08:00,104,0,0,TRUE
27-07-1986 08:00,62,0,0,TRUE
03-08-1986 08:00,77,0,0,TRUE
04-08-1986 08:30,50,0,0,TRUE
09-08-1986 08:00,782.7,0,0,TRUE
10-08-1986 08:00,644,0,0,TRUE
11-08-1986 08:00,454,0,0,TRUE
15-08-1986 08:00,168,0,0,TRUE
17-08-1986 08:00,113,0,0,TRUE
24-08-1986 08:00,42,0,0,TRUE
27-08-1986 08:00,35,0,0,TRUE
31-08-1986 08:00,26,0.0067,15.05088,FALSE
21-09-1986 08:30,170,0.0842,1236.7296,FALSE
27-09-1986 08:30,78,0.032,215.6544,FALSE
02-10-1986 08:00,148,0.0677,865.69344,FALSE
12-10-1986 08:00,49,0.017,71.9712,FALSE
19-10-1986 08:00,40,0.0142,49.0752,FALSE
26-10-1986 08:00,22,0.0058,11.02464,FALSE
01-11-1986 08:00,74,0.03,191.808,FALSE
02-11-1986 08:00,302,0.1711,4464.47808,FALSE
09-11-1986 08:00,177,0.0877,1341.17856,FALSE
16-11-1986 08:00,60,0.0242,125.4528,FALSE
23-11-1986 08:00,30,0.005,12.96,FALSE
30-11-1986 08:00,20,0.0058,10.0224,FALSE
07-12-1986 08:00,15.1,0.0054,7.045056,FALSE
14-12-1986 08:00,13.1,0.0044,4.980096,FALSE
21-12-1986 08:00,11.3,0.0061,5.955552,FALSE
25-12-1986 08:00,9.6,0.006,4.97664,FALSE
28-12-1986 08:00,8.5,0.0041,3.01104,FALSE
04-01-1987 08:00,7.8,0.0059,3.976128,FALSE
11-01-1987 08:00,6.2,0.0037,1.982016,FALSE
18-01-1987 08:00,5,0.0023,0.9936,FALSE
25-01-1987 08:00,3.1,0.0037,0.991008,FALSE
26-01-1987 08:00,3,0.0039,1.01088,FALSE
01-02-1987 08:00,2.3,0,0,TRUE
08-02-1987 08:00,1.9,0.0061,1.001376,FALSE
15-02-1987 08:20,1.3,0,0,TRUE
22-02-1987 08:00,1.8,0.0064,0.995328,FALSE
26-02-1987 08:00,1.7,0.0068,0.998784,FALSE
01-03-1987 08:00,1.8,0.0193,3.001536,FALSE
08-03-1987 08:00,1.3,0.0178,1.999296,FALSE
15-03-1987 08:00,0.6,0,0,TRUE
22-03-1987 08:00,0.9,0.0129,1.003104,FALSE
23-03-1987 08:00,1,0.0116,1.00224,FALSE
29-03-1987 08:00,0.8,0.0145,1.00224,FALSE
05-04-1987 08:00,0.3,0,0,TRUE
12-04-1987 08:00,0.6,0,0,TRUE
15-04-1987 08:00,0.4,0.0289,0.998784,FALSE
17-04-1987 08:00,0.4,0.0289,0.998784,FALSE
19-04-1987 08:00,0.5,0,0,TRUE
26-04-1987 08:00,1.6,0.0072,0.995328,FALSE
27-04-1987 08:30,1.8,0.0094,1.461888,FALSE
28-04-1987 08:30,1.6,0.0074,1.022976,FALSE
03-05-1987 08:00,1.9,0.0061,1.001376,FALSE
10-05-1987 08:00,0.4,0,0,TRUE
13-05-1987 08:00,0.6,0,0,TRUE
17-05-1987 08:00,2.6,0.0089,1.999296,FALSE
18-05-1987 08:30,11.3,0.0211,20.600352,FALSE
24-05-1987 08:00,5.4,0.0214,9.984384,FALSE
29-05-1987 08:00,3,0.0116,3.00672,FALSE
31-05-1987 08:00,1.4,0.0082,0.991872,FALSE
07-06-1987 08:00,27,0.012,27.9936,FALSE
14-06-1987 08:00,16.5,0.027,38.4912,FALSE
21-06-1987 08:00,16,0.015,20.736,FALSE
28-06-1987 08:00,92,0.04933,392.114304,FALSE
05-07-1987 08:00,60,0.031,160.704,FALSE
12-07-1987 08:00,45,0.0134,52.0992,FALSE
19-07-1987 08:00,33.5,0.0154,44.57376,FALSE
26-07-1987 08:00,21,0.009,16.3296,FALSE
02-08-1987 08:00,12.5,0.006,6.48,FALSE
06-08-1987 08:00,19,0.007,11.4912,FALSE
09-08-1987 08:00,19.5,0.004,6.7392,FALSE
15-08-1987 08:00,19,0.01,16.416,FALSE
16-08-1987 08:00,16,0.009,12.4416,FALSE
23-08-1987 08:00,42,0.0093,33.74784,FALSE
24-08-1987 08:00,74,0.039,249.3504,FALSE
30-08-1987 08:00,62,0.012,64.2816,FALSE
05-09-1987 08:00,65,0.015,84.24,FALSE
06-09-1987 08:00,64.5,0.015,83.592,FALSE
13-09-1987 08:00,17,0.006,8.8128,FALSE
20-09-1987 08:00,90,0.047,365.472,FALSE
27-09-1987 08:00,50,0.013,56.16,FALSE
02-10-1987 08:00,46,0.022,87.4368,FALSE
04-10-1987 08:00,82,0.044,311.7312,FALSE
11-10-1987 08:00,65,0.033,185.328,FALSE
18-10-1987 08:00,73.5,0.038,241.3152,FALSE
22-10-1987 08:00,128,0.071,785.2032,FALSE
25-10-1987 08:00,44,0.014,53.2224,FALSE
01-11-1987 08:00,62.5,0.011,59.4,FALSE
05-11-1987 08:00,30,0.006,15.552,FALSE
08-11-1987 08:00,97,0.052,435.8016,FALSE
14-11-1987 08:00,42.5,0.01,36.72,FALSE
15-11-1987 08:00,117,0.062,626.7456,FALSE
19-11-1987 08:00,48,0.013,53.9136,FALSE
22-11-1987 08:00,85,0.045,330.48,FALSE
29-11-1987 08:00,28,0.006,14.5152,FALSE
06-12-1987 08:00,25.8,0.006,13.37472,FALSE
13-12-1987 08:00,29.2,0.0045,11.35296,FALSE
20-12-1987 08:00,24.1,0.0035,7.28784,FALSE
24-12-1987 08:00,29.3,0.002,5.06304,FALSE
25-12-1987 08:00,41.1,0.003,10.65312,FALSE
27-12-1987 08:00,24.4,0.0037,7.800192,FALSE
03-01-1988 08:00,17.8,0.0045,6.92064,FALSE
10-01-1988 08:00,15.8,0.0025,3.4128,FALSE
17-01-1988 08:00,10.1,0.002,1.74528,FALSE
22-01-1988 08:00,7,0.0068,4.11264,FALSE
23-01-1988 08:00,6.7,0.0062,3.589056,FALSE
24-01-1988 08:00,5.8,0.0055,2.75616,FALSE
26-01-1988 08:00,5.5,0.004,1.9008,FALSE
31-01-1988 08:00,4.2,0.002,0.72576,FALSE
07-02-1988 08:00,3.1,0.0023,0.616032,FALSE
14-02-1988 08:00,2.4,0.003,0.62208,FALSE
16-02-1988 08:00,2.2,0.0033,0.627264,FALSE
21-02-1988 08:00,2.1,0.0014,0.254016,FALSE
28-02-1988 08:00,6.3,0.0035,1.90512,FALSE
06-03-1988 08:00,14.6,0.012,15.13728,FALSE
13-03-1988 08:00,2.6,0.0013,0.292032,FALSE
20-03-1988 08:00,3.575,0.005,1.5444,FALSE
27-03-1988 08:00,1.2,0.005,0.5184,FALSE
31-03-1988 08:00,0.4,0.01,0.3456,FALSE
01-04-1988 08:00,0.3,0,0,TRUE
10-04-1988 08:00,2.9,0.005,1.2528,FALSE
14-04-1988 08:00,21,0.0307,55.70208,FALSE
17-04-1988 08:00,35,0.046,139.104,FALSE
18-04-1988 08:00,60.9,0.1427,750.853152,FALSE
24-04-1988 08:00,14.3,0.0308,38.054016,FALSE
25-04-1988 08:00,30.1,0.0405,105.32592,FALSE
30-04-1988 08:00,23,0.046,91.4112,FALSE
01-05-1988 08:00,33.9,0.05,146.448,FALSE
02-05-1988 08:00,55.7,0.0694,333.986112,FALSE
03-05-1988 08:00,25.8,0.04,89.1648,FALSE
04-05-1988 08:00,7.5,0.03,19.44,FALSE
05-05-1988 08:00,64.6,0.02,111.6288,FALSE
06-05-1988 08:00,38.3,0.02,66.1824,FALSE
07-05-1988 08:00,19.8,0.02,34.2144,FALSE
08-05-1988 08:00,14.3,0.02,24.7104,FALSE
13-05-1988 08:00,13.5,0.1407,164.11248,FALSE
14-05-1988 08:00,20.7,0.0731,130.737888,FALSE
15-05-1988 08:00,11.5,0.04,39.744,FALSE
16-05-1988 08:00,8,0.03,20.736,FALSE
17-05-1988 08:00,6.6,0.02,11.4048,FALSE
18-05-1988 08:00,5.5,0.02,9.504,FALSE
19-05-1988 08:00,5.2,0.01,4.4928,FALSE
20-05-1988 08:00,4.3,0.01,3.7152,FALSE
21-05-1988 08:00,3.6,0.01,3.1104,FALSE
22-05-1988 08:00,3.05,0.018,4.74336,FALSE
29-05-1988 08:00,10.8,0.04642,43.3154304,FALSE
30-05-1988 08:00,9.2,0.106,84.25728,FALSE
31-05-1988 08:00,19.1,0.182,300.34368,FALSE
04-06-1988 08:00,52,0.065,292.032,FALSE
05-06-1988 08:00,116,0.0775,776.736,FALSE
10-06-1988 08:00,167,0.1187,1712.69856,FALSE
11-06-1988 08:00,225,0.167,3246.48,FALSE
12-06-1988 08:00,172,0.122,1813.0176,FALSE
19-06-1988 08:00,66.5,0.02,114.912,FALSE
26-06-1988 08:00,78,0.026,175.2192,FALSE
03-07-1988 08:00,60.5,0.0233,121.79376,FALSE
06-07-1988 08:00,36,0.009,27.9936,FALSE
10-07-1988 08:00,47,0.0283,114.92064,FALSE
11-07-1988 08:00,48,0.029,120.2688,FALSE
18-07-1988 08:00,391,0.079,2668.8096,FALSE
23-07-1988 08:00,316,0.053,1447.0272,FALSE
24-07-1988 08:00,238,0.049,1007.5968,FALSE
25-07-1988 08:00,215,0.047,873.072,FALSE
31-07-1988 08:00,130,0.036,404.352,FALSE
07-08-1988 08:00,200,0.0465,803.52,FALSE
13-08-1988 08:00,143.9,0.045,559.4832,FALSE
14-08-1988 08:00,121,0.035,365.904,FALSE
15-08-1988 08:00,130,0.036,404.352,FALSE
21-08-1988 08:00,185,0.032,511.488,FALSE
26-08-1988 08:00,210,0.157,2848.608,FALSE
28-08-1988 08:00,180,0.131,2037.312,FALSE
04-09-1988 08:00,212,0.161,2949.0048,FALSE
11-09-1988 08:00,158,0.073,996.5376,FALSE
18-09-1988 08:00,153,0.072,951.7824,FALSE
25-09-1988 08:00,155,0.038,508.896,FALSE
02-10-1988 08:00,77,0.024,159.6672,FALSE
09-10-1988 08:00,55,0.013,61.776,FALSE
16-10-1988 08:00,38,0.009,29.5488,FALSE
20-10-1988 08:00,49,0.014,59.2704,FALSE
23-10-1988 08:00,41,0.0445,157.6368,FALSE
30-10-1988 08:00,28,0.007,16.9344,FALSE
06-11-1988 08:00,21.5,0.008,14.8608,FALSE
08-11-1988 08:00,22,0.007,13.3056,FALSE
13-11-1988 08:00,18,0.009,13.9968,FALSE
14-11-1988 08:00,18,0.009,13.9968,FALSE
20-11-1988 08:00,17,0.002,2.9376,FALSE
23-11-1988 08:00,16,0.001,1.3824,FALSE
27-11-1988 08:00,14,0.003,3.6288,FALSE
04-12-1988 08:00,13.8,0.0156,18.600192,FALSE
11-12-1988 08:00,9.25,0.0045,3.5964,FALSE
18-12-1988 08:00,8.6,0.004,2.97216,FALSE
25-12-1988 08:00,7.5,0.006,3.888,FALSE
01-01-1989 08:00,7.15,0.005,3.0888,FALSE
08-01-1989 08:00,6,0.007858,4.0735872,FALSE
15-01-1989 08:00,3.75,0.007,2.268,FALSE
22-01-1989 08:00,2.5,0.001,0.216,FALSE
26-01-1989 08:00,2.3,0.002,0.39744,FALSE
29-01-1989 08:00,2.45,0.002,0.42336,FALSE
05-02-1989 08:00,2.3,0,0,TRUE
12-02-1989 08:00,0.45,0,0,TRUE
19-02-1989 08:00,0.26,0,0,TRUE
26-02-1989 08:00,0.35,0,0,TRUE
19-03-1989 08:00,0.1,0,0,TRUE
23-04-1989 08:00,8.5,0.01,7.344,FALSE
24-04-1989 08:00,4.5,0.013,5.0544,FALSE
06-05-1989 08:00,7.3,0.006,3.78432,FALSE
07-05-1989 08:00,8.4,0.01,7.2576,FALSE
10-05-1989 08:00,4.05,0.003,1.04976,FALSE
12-05-1989 08:00,4.5,0.009,3.4992,FALSE
14-05-1989 08:00,2.85,0.005,1.2312,FALSE
20-05-1989 08:00,2.15,0.01,1.8576,FALSE
21-05-1989 08:00,1.6,0.01,1.3824,FALSE
28-05-1989 08:00,1.25,0.008,0.864,FALSE
04-06-1989 08:00,0.5,0,0,TRUE
11-06-1989 08:00,52.5,0.043,195.048,FALSE
18-06-1989 08:00,40,0.027,93.312,FALSE
25-06-1989 08:00,55,0.0429,203.8608,FALSE
02-07-1989 08:00,67.5,0.023,134.136,FALSE
09-07-1989 08:00,110,0.043,408.672,FALSE
14-07-1989 08:00,30,0.01,25.92,FALSE
16-07-1989 08:00,26,0.007,15.7248,FALSE
30-07-1989 08:00,115,0.024,238.464,FALSE
06-08-1989 08:00,90,0.024,186.624,FALSE
13-08-1989 08:00,64,0.019,105.0624,FALSE
15-08-1989 08:00,58,0.013,65.1456,FALSE
20-08-1989 08:00,150,0.025,324,FALSE
27-08-1989 08:00,67.5,0.01,58.32,FALSE
03-09-1989 08:00,52,0.016,71.8848,FALSE
09-09-1989 08:00,32.5,0.009,25.272,FALSE
10-09-1989 08:00,30,0.008,20.736,FALSE
12-09-1989 08:00,30,0.019,49.248,FALSE
17-09-1989 08:00,36.5,0.01,31.536,FALSE
24-09-1989 08:00,174,0.076,1142.5536,FALSE
01-10-1989 08:00,97.5,0.037,311.688,FALSE
02-10-1989 08:00,77.5,0.028,187.488,FALSE
08-10-1989 08:00,115,0.0447,444.1392,FALSE
10-10-1989 08:00,200,0.09,1555.2,FALSE
15-10-1989 08:00,97.5,0.034,286.416,FALSE
22-10-1989 08:00,150,0.065,842.4,FALSE
28-10-1989 08:00,107.5,0.039,362.232,FALSE
29-10-1989 08:00,107.5,0.039,362.232,FALSE
05-11-1989 08:00,91,0.034,267.3216,FALSE
12-11-1989 08:00,42.5,0.013,47.736,FALSE
13-11-1989 08:00,42,0.013,47.1744,FALSE
14-11-1989 08:00,40,0.013,44.928,FALSE
19-11-1989 08:00,24.3,0.006,12.59712,FALSE
22-11-1989 08:00,22,0.006,11.4048,FALSE
26-11-1989 08:00,17.4,0.008,12.02688,FALSE
03-12-1989 08:00,13,0.0073,8.19936,FALSE
10-12-1989 08:00,10,0.007,6.048,FALSE
17-12-1989 08:00,8.25,0.011,7.8408,FALSE
24-12-1989 08:00,7.5,0.007,4.536,FALSE
25-12-1989 08:00,8,0.008,5.5296,FALSE
31-12-1989 08:00,8.5,0.0085,6.2424,FALSE
07-01-1990 08:00,6.5,0.0042,2.35872,FALSE
13-01-1990 08:00,5.5,0.002,0.9504,FALSE
14-01-1990 08:00,5.5,0.002,0.9504,FALSE
21-01-1990 08:00,3.5,0.01,3.024,FALSE
26-01-1990 08:00,2.75,0.0078,1.85328,FALSE
27-01-1990 08:00,2.5,0.0064,1.3824,FALSE
28-01-1990 08:00,2.5,0.0054,1.1664,FALSE
29-01-1990 08:00,2.5,0.009,1.944,FALSE
30-01-1990 08:00,2.5,0.008,1.728,FALSE
31-01-1990 08:00,2.4,0.007,1.45152,FALSE
01-02-1990 08:00,2.5,0.006,1.296,FALSE
02-02-1990 08:00,2.25,0.0065,1.2636,FALSE
03-02-1990 08:00,2.25,0.0065,1.2636,FALSE
04-02-1990 08:00,2,0.006,1.0368,FALSE
07-02-1990 08:00,1.5,0.002,0.2592,FALSE
08-02-1990 08:00,2.24,0.003,0.580608,FALSE
09-02-1990 08:00,2.25,0.003,0.5832,FALSE
10-02-1990 08:00,1.5,0.002,0.2592,FALSE
11-02-1990 08:00,1.5,0.002,0.2592,FALSE
14-02-1990 08:00,1.25,0.003,0.324,FALSE
15-02-1990 08:00,1.25,0.003,0.324,FALSE
16-02-1990 08:00,1.25,0.004,0.432,FALSE
17-02-1990 08:00,1,0.004,0.3456,FALSE
18-02-1990 08:00,1,0.004,0.3456,FALSE
23-02-1990 08:00,1,0.003,0.2592,FALSE
25-02-1990 08:00,1.3,0.004,0.44928,FALSE
01-03-1990 08:00,1.25,0.003,0.324,FALSE
02-03-1990 08:00,0.75,0.003,0.1944,FALSE
03-03-1990 08:00,0.5,0.002,0.0864,FALSE
04-03-1990 08:00,0.5,0.002,0.0864,FALSE
07-03-1990 08:00,0.3,0.002,0.05184,FALSE
08-03-1990 08:00,0.4,0.002,0.06912,FALSE
09-03-1990 08:00,0.35,0.002,0.06048,FALSE
10-03-1990 08:00,0.25,0.002,0.0432,FALSE
11-03-1990 08:00,0.25,0.001,0.0216,FALSE
18-03-1990 08:00,0.25,0.001,0.0216,FALSE
07-04-1990 08:00,1.6,0.004,0.55296,FALSE
08-04-1990 08:00,2.6,0.004,0.89856,FALSE
13-04-1990 08:00,2.25,0.004,0.7776,FALSE
14-04-1990 08:00,1.5,0.003,0.3888,FALSE
15-04-1990 08:00,1.5,0.003,0.3888,FALSE
21-04-1990 08:00,0.35,0,0,TRUE
22-04-1990 08:00,0.25,0,0,TRUE
23-04-1990 08:00,0.325,0,0,TRUE
06-05-1990 08:00,3.5,0.006,1.8144,FALSE
09-05-1990 08:00,6.75,0.008,4.6656,FALSE
13-05-1990 08:00,4.25,0.014,5.1408,FALSE
20-05-1990 08:00,4.75,0.006,2.4624,FALSE
24-05-1990 08:00,30.75,0.0521,138.41928,FALSE
25-05-1990 08:00,208.5,0.1759,3168.73296,FALSE
26-05-1990 08:00,58.5,0.059,298.2096,FALSE
27-05-1990 08:00,94,0.0875,710.64,FALSE
01-06-1990 09:30,68,0.041,240.8832,FALSE
03-06-1990 08:00,34.5,0.026,77.5008,FALSE
17-06-1990 08:00,61,0.04,210.816,FALSE
24-06-1990 08:00,69,0.028,166.9248,FALSE
01-07-1990 08:00,74,0.029,185.4144,FALSE
02-07-1990 08:00,465,0.17043,6847.19568,FALSE
04-07-1990 08:00,194,0.047,787.7952,FALSE
06-07-1990 08:00,143,0.022,271.8144,FALSE
08-07-1990 08:00,245,0.046,973.728,FALSE
12-07-1990 08:00,252,0.032,696.7296,FALSE
15-07-1990 08:00,166,0.03,430.272,FALSE
22-07-1990 08:00,149,0.037,476.3232,FALSE
29-07-1990 08:00,83,0.025,179.28,FALSE
02-08-1990 08:00,79,0.019,129.6864,FALSE
05-08-1990 08:00,89,0.024,184.5504,FALSE
12-08-1990 08:00,120,0.025,259.2,FALSE
15-08-1990 08:00,209,0.0567,1023.86592,FALSE
17-08-1990 08:00,266,0.0328,753.82272,FALSE
19-08-1990 08:00,129,0.022,245.2032,FALSE
26-08-1990 08:00,95,0.009,73.872,FALSE
02-09-1990 08:00,37,0.007,22.3776,FALSE
03-09-1990 08:00,37,0.007,22.3776,FALSE
09-09-1990 08:00,59,0.012,61.1712,FALSE
16-09-1990 08:00,36,0.011,34.2144,FALSE
23-09-1990 08:00,25,0.009,19.44,FALSE
28-09-1990 08:00,19,0.008,13.1328,FALSE
29-09-1990 08:00,18,0.008,12.4416,FALSE
30-09-1990 08:00,18,0.008,12.4416,FALSE
02-10-1990 08:00,17,0.009,13.2192,FALSE
04-10-1990 08:00,17.62,0.008,12.178944,FALSE
07-10-1990 08:00,15,0.006,7.776,FALSE
11-10-1990 08:00,12.35,0.005,5.3352,FALSE
14-10-1990 08:00,17,0.007,10.2816,FALSE
18-10-1990 08:00,15,0.017,22.032,FALSE
21-10-1990 08:00,24,0.013,26.9568,FALSE
25-10-1990 08:00,29.77,0.013,33.437664,FALSE
02-11-1990 08:00,125,0.0549,592.92,FALSE
04-11-1990 08:00,90,0.03,233.28,FALSE
11-11-1990 08:00,27,0.011,25.6608,FALSE
18-11-1990 08:00,28,0.01,24.192,FALSE
25-11-1990 08:00,17,0.006,8.8128,FALSE
02-12-1990 08:00,13.7,0.006,7.10208,FALSE
09-12-1990 08:00,10.1,0.002,1.74528,FALSE
16-12-1990 08:00,8.5,0.005,3.672,FALSE
23-12-1990 08:00,8.5,0.007,5.1408,FALSE
25-12-1990 08:00,8,0.007,4.8384,FALSE
30-12-1990 08:00,7.8,0.006,4.04352,FALSE
06-01-1991 08:00,6.2,0.005,2.6784,FALSE
13-01-1991 08:00,4.5,0.005,1.944,FALSE
20-01-1991 08:00,3.6,0.005,1.5552,FALSE
26-01-1991 08:00,1.75,0.006,0.9072,FALSE
27-01-1991 08:00,1.35,0.006,0.69984,FALSE
29-01-1991 08:00,0.9,0.005,0.3888,FALSE
03-02-1991 08:00,1.25,0.009,0.972,FALSE
10-02-1991 08:00,0.75,0.009,0.5832,FALSE
12-02-1991 08:00,0.9,0.008,0.62208,FALSE
17-02-1991 08:00,1.4,0.008,0.96768,FALSE
24-02-1991 08:00,0.7,0.01,0.6048,FALSE
03-03-1991 08:00,1.4,0.006,0.72576,FALSE
10-03-1991 08:00,1.4,0.01,1.2096,FALSE
24-03-1991 08:00,0.3,0.01,0.2592,FALSE
28-03-1991 08:00,0.15,0,0,TRUE
29-03-1991 08:00,0.25,0,0,TRUE
07-04-1991 08:00,0.9,0.012,0.93312,FALSE
08-04-1991 08:00,3.9,0.018,6.06528,FALSE
11-04-1991 08:00,3.6,0.029,9.02016,FALSE
14-04-1991 08:00,0.6,0.01,0.5184,FALSE
15-04-1991 08:00,0.05,0,0,TRUE
28-04-1991 08:00,3.6,0.01,3.1104,FALSE
05-05-1991 08:00,0.4,0.006,0.20736,FALSE
12-05-1991 08:00,0.3,0.004,0.10368,FALSE
19-05-1991 08:00,0.6,0.006,0.31104,FALSE
22-05-1991 08:00,0.4,0.004,0.13824,FALSE
26-05-1991 08:00,0.5,0.005,0.216,FALSE
28-05-1991 08:00,1.6,0.011,1.52064,FALSE
01-06-1991 08:00,0.772,0.01,0.667008,FALSE
02-06-1991 08:00,6.588,0.019,10.8148608,FALSE
03-06-1991 08:00,22.56,0.066,128.646144,FALSE
04-06-1991 08:00,57.22,0.069,341.122752,FALSE
05-06-1991 08:00,40.89,0.089,314.427744,FALSE
06-06-1991 08:00,21.04,0.046,83.621376,FALSE
07-06-1991 08:00,70.47,0.059,359.227872,FALSE
08-06-1991 08:00,205.6,0.1634,2902.611456,FALSE
09-06-1991 08:00,123.6,0.1442,1539.917568,FALSE
10-06-1991 08:00,264.2,0.126,2876.18688,FALSE
11-06-1991 08:00,204.2,0.072,1270.28736,FALSE
12-06-1991 08:00,104.7,0.0741,670.314528,FALSE
13-06-1991 08:00,133.9,0.076,879.24096,FALSE
14-06-1991 08:00,93.23,0.067,539.689824,FALSE
15-06-1991 08:00,119.9,0.082,849.46752,FALSE
16-06-1991 08:00,99.53,0.128,1100.722176,FALSE
17-06-1991 08:00,169.2,0.175,2558.304,FALSE
18-06-1991 08:00,113.5,0.056,549.1584,FALSE
19-06-1991 08:00,108.4,0.068,636.87168,FALSE
20-06-1991 08:00,69.14,0.03,179.21088,FALSE
21-06-1991 08:00,75.43,0.081,527.889312,FALSE
22-06-1991 08:00,68.04,0.049,288.054144,FALSE
23-06-1991 08:00,91.13,0.039,307.071648,FALSE
24-06-1991 08:00,74.52,0.03,193.15584,FALSE
25-06-1991 08:00,96.83,0.051,426.671712,FALSE
26-06-1991 08:00,110.2,0.037,352.28736,FALSE
27-06-1991 08:00,116,0.033,330.7392,FALSE
28-06-1991 08:00,122.5,0.033,349.272,FALSE
29-06-1991 08:00,113,0.035,341.712,FALSE
30-06-1991 08:00,87.32,0.027,203.700096,FALSE
01-07-1991 08:00,427.9,0.161,5952.26016,FALSE
02-07-1991 08:00,253.9,0.046,1009.10016,FALSE
03-07-1991 08:00,119.2,0.02,205.9776,FALSE
04-07-1991 08:00,101.8,0.021,184.70592,FALSE
05-07-1991 08:00,76.77,0.019,126.025632,FALSE
06-07-1991 08:00,66.54,0.02,114.98112,FALSE
07-07-1991 08:00,321.2,0.055,1526.3424,FALSE
08-07-1991 08:00,343.1,0.09,2667.9456,FALSE
09-07-1991 08:00,455.7,0.186381,7338.282195,FALSE
10-07-1991 08:00,327.8,0.046565,1318.810205,FALSE
11-07-1991 08:00,273.8,0.035,827.9712,FALSE
12-07-1991 08:00,349.8,0.06,1813.3632,FALSE
13-07-1991 08:00,267.3,0.041,946.88352,FALSE
14-07-1991 08:00,193.7,0.034,569.01312,FALSE
15-07-1991 08:00,146.2,0.027,341.05536,FALSE
16-07-1991 08:00,128,0.027,298.5984,FALSE
17-07-1991 08:00,125.1,0.04,432.3456,FALSE
18-07-1991 08:00,116.2,0.025,250.992,FALSE
19-07-1991 08:00,123.4,0.031,330.51456,FALSE
20-07-1991 08:00,101,0.024,209.4336,FALSE
21-07-1991 08:00,103,0.028,249.1776,FALSE
22-07-1991 08:00,117.7,0.031,315.24768,FALSE
23-07-1991 08:00,115.6,0.034,339.58656,FALSE
24-07-1991 08:00,111.4,0.033,317.62368,FALSE
25-07-1991 08:00,122,0.042,442.7136,FALSE
26-07-1991 08:00,469.5,0.159,6449.8032,FALSE
27-07-1991 08:00,567.9,0.097,4759.45632,FALSE
28-07-1991 08:00,580.3,0.075,3760.344,FALSE
29-07-1991 08:00,514.5,0.055,2444.904,FALSE
30-07-1991 08:00,375.7,0.041,1330.87968,FALSE
31-07-1991 08:00,402.2,0.037,1285.75296,FALSE
01-08-1991 08:00,468.8,0.047,1903.70304,FALSE
02-08-1991 08:00,264.1,0.021147,482.5373213,FALSE
03-08-1991 08:00,184.4,0.027,430.16832,FALSE
04-08-1991 08:00,155.6,0.027,362.98368,FALSE
05-08-1991 08:00,127.8,0.026,287.08992,FALSE
06-08-1991 08:00,113.3,0.017,166.41504,FALSE
07-08-1991 08:00,105.9,0.019,173.84544,FALSE
08-08-1991 08:00,107,0.013,120.1824,FALSE
09-08-1991 08:00,102,0.021,185.0688,FALSE
10-08-1991 08:00,83.61,0.022,158.925888,FALSE
11-08-1991 08:00,81.64,0.019,134.020224,FALSE
12-08-1991 08:00,87.27,0.016,120.642048,FALSE
13-08-1991 08:00,126.5,0.048,524.6208,FALSE
14-08-1991 08:00,212.3,0.107,1962.67104,FALSE
15-08-1991 08:00,172.3,0.068,1012.29696,FALSE
16-08-1991 08:00,138.4,0.028,334.81728,FALSE
17-08-1991 08:00,141.4,0.032,390.94272,FALSE
18-08-1991 08:00,407.4,0.029,1020.78144,FALSE
19-08-1991 08:00,219.9,0.025,474.984,FALSE
20-08-1991 08:00,142.7,0.021,258.91488,FALSE
21-08-1991 08:00,118.8,0.022,225.81504,FALSE
22-08-1991 08:00,123.9,0.029,310.44384,FALSE
23-08-1991 08:00,131.4,0.035,397.3536,FALSE
24-08-1991 08:00,117.7,0.031,315.24768,FALSE
25-08-1991 08:00,102.4,0.028,247.72608,FALSE
26-08-1991 08:00,94.1,0.024,195.12576,FALSE
27-08-1991 08:00,90.09,0.029,225.729504,FALSE
28-08-1991 08:00,73.4,0.021,133.17696,FALSE
29-08-1991 08:00,62.33,0.021,113.091552,FALSE
30-08-1991 08:00,54.76,0.017,80.431488,FALSE
31-08-1991 08:00,50.67,0.016,70.046208,FALSE
01-09-1991 08:00,45.03,0.014,54.468288,FALSE
02-09-1991 08:00,41.15,0.011,39.10896,FALSE
03-09-1991 08:00,39.33,0.016,54.369792,FALSE
04-09-1991 08:00,37.48,0.014,45.335808,FALSE
05-09-1991 08:00,35.54,0.013,39.918528,FALSE
06-09-1991 08:00,33.48,0.013,37.604736,FALSE
07-09-1991 08:00,30.98,0.017,45.503424,FALSE
08-09-1991 08:00,29.09,0.0152,38.2033152,FALSE
09-09-1991 08:00,27.96,0.012,28.988928,FALSE
10-09-1991 08:00,28.3,0.012,29.34144,FALSE
11-09-1991 08:00,28.19,0.014,34.098624,FALSE
12-09-1991 08:00,28.32,0.015,36.70272,FALSE
13-09-1991 08:00,29.22,0.013,32.819904,FALSE
14-09-1991 08:00,33.9,0.02,58.5792,FALSE
15-09-1991 08:00,54.43,0.037,174.001824,FALSE
16-09-1991 08:00,54.36,0.055,258.31872,FALSE
17-09-1991 08:00,45.56,0.028,110.218752,FALSE
18-09-1991 08:00,36.87,0.018,57.340224,FALSE
19-09-1991 08:00,27.22,0.016,37.628928,FALSE
20-09-1991 08:00,22.98,0.014,27.796608,FALSE
21-09-1991 08:00,21.97,0.014,26.574912,FALSE
22-09-1991 08:00,22.49,0.014,27.203904,FALSE
23-09-1991 08:00,26.25,0.016,36.288,FALSE
24-09-1991 08:00,25.85,0.017,37.96848,FALSE
25-09-1991 08:00,25.63,0.021,46.503072,FALSE
26-09-1991 08:00,28.8,0.016,39.81312,FALSE
27-09-1991 08:00,55.41,0.067,320.757408,FALSE
28-09-1991 08:00,56.01,0.053,256.480992,FALSE
29-09-1991 08:00,56.68,0.052,254.651904,FALSE
30-09-1991 08:00,42.44,0.05,183.3408,FALSE
01-10-1991 08:00,46.07,0.047,187.081056,FALSE
02-10-1991 08:00,30.89,0.032,85.404672,FALSE
03-10-1991 08:00,73.67,0.092,585.588096,FALSE
04-10-1991 08:00,67.81,0.079,462.843936,FALSE
05-10-1991 08:00,96.78,0.262,2190.789504,FALSE
06-10-1991 08:00,67.47,0.146,851.093568,FALSE
07-10-1991 08:00,44.09,0.03,114.28128,FALSE
08-10-1991 08:00,172.9,0.479,7155.57024,FALSE
09-10-1991 08:00,72.74,0.0685,430.504416,FALSE
10-10-1991 08:00,71.58,0.046,284.487552,FALSE
11-10-1991 08:00,59,0.02,101.952,FALSE
12-10-1991 08:00,105.5,0.08,729.216,FALSE
13-10-1991 08:00,56.13,0.05,242.4816,FALSE
14-10-1991 08:00,45.71,0.021,82.936224,FALSE
15-10-1991 08:00,40.51,0.0173,60.5511072,FALSE
16-10-1991 08:00,35.94,0.0153,47.5098048,FALSE
17-10-1991 08:00,101.7,0.082,720.52416,FALSE
18-10-1991 08:00,56.49,0.041,200.110176,FALSE
19-10-1991 08:00,53.63,0.041,189.978912,FALSE
20-10-1991 08:00,71.5,0.039,240.9264,FALSE
21-10-1991 08:00,40.14,0.038,131.787648,FALSE
22-10-1991 08:00,40.64,0.0213,74.7906048,FALSE
23-10-1991 08:00,33.62,0.0203,58.9667904,FALSE
24-10-1991 08:00,69.14,0.054,322.579584,FALSE
25-10-1991 08:00,73.71,0.069,439.429536,FALSE
26-10-1991 08:00,54.8,0.028,132.57216,FALSE
27-10-1991 08:00,55.59,0.035,168.10416,FALSE
28-10-1991 08:00,55.58,0.042,201.688704,FALSE
29-10-1991 08:00,51.02,0.0273,120.3418944,FALSE
30-10-1991 08:00,113.7,0.0601,590.403168,FALSE
31-10-1991 08:00,246.8,0.513,10938.96576,FALSE
01-11-1991 08:00,203.8,0.0705,1241.38656,FALSE
02-11-1991 08:00,83.1,0.036,258.47424,FALSE
03-11-1991 08:00,65.19,0.027,152.075232,FALSE
04-11-1991 08:00,57.32,0.02,99.04896,FALSE
05-11-1991 08:00,57.95,0.029,145.19952,FALSE
06-11-1991 08:00,68.24,0.038,224.045568,FALSE
07-11-1991 08:00,73.45,0.038,241.15104,FALSE
08-11-1991 08:00,92.36,0.076,606.472704,FALSE
09-11-1991 08:00,119.1,0.0796,819.103104,FALSE
10-11-1991 08:00,74.15,0.051,326.73456,FALSE
11-11-1991 08:00,56.13,0.023,111.541536,FALSE
12-11-1991 08:00,49.04,0.017,72.029952,FALSE
13-11-1991 08:00,43.95,0.016,60.75648,FALSE
14-11-1991 08:00,41.03,0.011,38.994912,FALSE
15-11-1991 08:00,39.73,0.01,34.32672,FALSE
16-11-1991 08:00,46.56,0.018,72.410112,FALSE
17-11-1991 08:00,83.5,0.056,404.0064,FALSE
18-11-1991 08:00,91.44,0.0624,492.9859584,FALSE
19-11-1991 08:00,54.25,0.036,168.7392,FALSE
20-11-1991 08:00,40.51,0.014,49.000896,FALSE
21-11-1991 08:00,36.06,0.013,40.502592,FALSE
22-11-1991 08:00,33.02,0.012,34.235136,FALSE
23-11-1991 08:00,30.89,0.012,32.026752,FALSE
24-11-1991 08:00,29.39,0.0121,30.7254816,FALSE
25-11-1991 08:00,27.03,0.012,28.024704,FALSE
26-11-1991 08:00,25.28,0.01,21.84192,FALSE
27-11-1991 08:00,24.63,0.013,27.664416,FALSE
28-11-1991 08:00,23.89,0.011,22.705056,FALSE
29-11-1991 08:00,23.57,0.009,18.328032,FALSE
30-11-1991 08:00,22.84,0.013,25.653888,FALSE
01-12-1991 08:00,19.52,0.008,13.492224,FALSE
02-12-1991 08:00,18.31,0.007,11.073888,FALSE
03-12-1991 08:00,17.59,0.00998,15.16736448,FALSE
04-12-1991 08:00,16.89,0.007,10.215072,FALSE
05-12-1991 08:00,16.2,0.007,9.79776,FALSE
06-12-1991 08:00,15.08,0.007,9.120384,FALSE
07-12-1991 08:00,14.93,0.008,10.319616,FALSE
08-12-1991 08:00,14.64,0.009,11.384064,FALSE
09-12-1991 08:00,14.06,0.01,12.14784,FALSE
10-12-1991 08:00,13.49,0.004,4.662144,FALSE
11-12-1991 08:00,13.42,0.005,5.79744,FALSE
12-12-1991 08:00,13.08,0.005,5.65056,FALSE
13-12-1991 08:00,12.59,0.006,6.526656,FALSE
14-12-1991 08:00,12.66,0.006,6.562944,FALSE
15-12-1991 08:00,12.66,0.006,6.562944,FALSE
16-12-1991 08:00,12.6,0.006,6.53184,FALSE
17-12-1991 08:00,12.46,0.005,5.38272,FALSE
18-12-1991 08:00,12.12,0.006,6.283008,FALSE
19-12-1991 08:00,12.19,0.008,8.425728,FALSE
20-12-1991 08:00,11.99,0.007,7.251552,FALSE
21-12-1991 08:00,11.92,0.006,6.179328,FALSE
22-12-1991 08:00,11.79,0.007,7.130592,FALSE
23-12-1991 08:00,11.52,0.008,7.962624,FALSE
24-12-1991 08:00,12.46,0.007,7.535808,FALSE
25-12-1991 08:00,10.25,0.007,6.1992,FALSE
26-12-1991 08:00,9.453,0.008,6.5339136,FALSE
27-12-1991 08:00,9.274,0.01,8.012736,FALSE
28-12-1991 08:00,9.037,0.012,9.3695616,FALSE
29-12-1991 08:00,8.804,0.011,8.3673216,FALSE
30-12-1991 08:00,9.156,0.01,7.910784,FALSE
31-12-1991 08:00,9.394,0.01,8.116416,FALSE
01-01-1992 08:00,9.393,0.011,8.9271072,FALSE
02-01-1992 08:00,10,0.009,7.776,FALSE
03-01-1992 08:00,10.25,0.008,7.0848,FALSE
04-01-1992 08:00,9.276,0.007,5.6101248,FALSE
05-01-1992 08:00,8.631,0.007,5.2200288,FALSE
06-01-1992 08:00,7.955,0.007,4.811184,FALSE
07-01-1992 08:00,8.176,0.01,7.064064,FALSE
08-01-1992 08:00,8.009,0.011,7.6117536,FALSE
09-01-1992 08:00,6.831,0.01,5.901984,FALSE
10-01-1992 08:00,5.782,0.007,3.4969536,FALSE
11-01-1992 08:00,5.454,0.008,3.7698048,FALSE
12-01-1992 08:00,4.861,0.01,4.199904,FALSE
13-01-1992 08:00,4.346,0.012,4.5059328,FALSE
14-01-1992 08:00,4.138,0.008,2.8601856,FALSE
15-01-1992 08:00,4.016,0.008,2.7758592,FALSE
16-01-1992 08:00,3.547,0.01,3.064608,FALSE
17-01-1992 08:00,3.4,0.007,2.05632,FALSE
18-01-1992 08:00,3.034,0.01,2.621376,FALSE
19-01-1992 08:00,3.213,0.01,2.776032,FALSE
20-01-1992 08:00,2.734,0.009,2.1259584,FALSE
21-01-1992 08:00,2.592,0.006,1.3436928,FALSE
22-01-1992 08:00,2.432,0.007,1.4708736,FALSE
23-01-1992 08:00,2.069,0.007,1.2513312,FALSE
24-01-1992 08:00,1.732,0.006,0.8978688,FALSE
25-01-1992 08:00,1.84,0.011,1.748736,FALSE
26-01-1992 08:00,1.757,0.013,1.9734624,FALSE
27-01-1992 08:00,1.527,0.015,1.978992,FALSE
28-01-1992 08:00,1.401,0.017,2.0577888,FALSE
29-01-1992 08:00,1.284,0.02,2.218752,FALSE
30-01-1992 08:00,1.191,0.015,1.543536,FALSE
31-01-1992 08:00,0.921,0.012,0.9548928,FALSE
01-02-1992 08:00,0.901,0.015,1.167696,FALSE
02-02-1992 08:00,1.002,0.014,1.2120192,FALSE
03-02-1992 08:00,1.184,0.013,1.3298688,FALSE
04-02-1992 08:00,1.104,0.008,0.7630848,FALSE
05-02-1992 08:00,1.351,0.009,1.0505376,FALSE
06-02-1992 08:00,2.168,0.005,0.936576,FALSE
07-02-1992 08:00,2.63,0.008,1.817856,FALSE
08-02-1992 08:00,1.814,0.006,0.9403776,FALSE
09-02-1992 08:00,1.574,0.006,0.8159616,FALSE
10-02-1992 08:00,1.524,0.006,0.7900416,FALSE
11-02-1992 08:00,1.838,0.008,1.2704256,FALSE
12-02-1992 08:00,1.785,0.008,1.233792,FALSE
13-02-1992 08:00,1.867,0.007,1.1291616,FALSE
14-02-1992 08:00,1.551,0.009,1.2060576,FALSE
15-02-1992 08:00,1.448,0.008,1.0008576,FALSE
16-02-1992 08:00,1.817,0.007,1.0989216,FALSE
17-02-1992 08:00,1.71,0.006,0.886464,FALSE
18-02-1992 08:00,1.813,0.008,1.2531456,FALSE
19-02-1992 08:00,1.867,0.01,1.613088,FALSE
20-02-1992 08:00,2.155,0.009,1.675728,FALSE
21-02-1992 08:00,2.245,0.009,1.745712,FALSE
22-02-1992 08:00,2.008,0.008,1.3879296,FALSE
23-02-1992 08:00,2.01,0.008,1.389312,FALSE
24-02-1992 08:00,1.507,0.007,0.9114336,FALSE
25-02-1992 08:00,1.213,0.007,0.7336224,FALSE
26-02-1992 08:00,0.908,0.005,0.392256,FALSE
27-02-1992 08:00,0.764,0.004,0.2640384,FALSE
28-02-1992 08:00,0.565,0.003,0.146448,FALSE
29-02-1992 08:00,0.401,0.004,0.1385856,FALSE
01-03-1992 08:00,0.384,0.006,0.1990656,FALSE
02-03-1992 08:00,0.54,0.007,0.326592,FALSE
03-03-1992 08:00,0.688,0.006,0.3566592,FALSE
04-03-1992 08:00,0.83,0.008,0.573696,FALSE
05-03-1992 08:00,0.802,0.008,0.5543424,FALSE
06-03-1992 08:00,0.914,0.009,0.7107264,FALSE
07-03-1992 08:00,1.11,0.011,1.054944,FALSE
08-03-1992 08:00,0.85,0.008,0.58752,FALSE
09-03-1992 08:00,0.55,0.006,0.28512,FALSE
10-03-1992 08:00,0.282,0.009,0.2192832,FALSE
11-03-1992 08:00,0.35,0.015,0.4536,FALSE
12-03-1992 08:00,0.316,0.013,0.3549312,FALSE
13-03-1992 08:00,0.229,0.014,0.2769984,FALSE
14-03-1992 08:00,0.112,0.013,0.1257984,FALSE
15-03-1992 08:00,0.188,0.01,0.162432,FALSE
16-03-1992 08:00,0.239,0.008,0.1651968,FALSE
17-03-1992 08:00,0.135,0.004,0.046656,FALSE
18-03-1992 08:00,0.134,0.009,0.1041984,FALSE
19-03-1992 08:00,0.187,0.008,0.1292544,FALSE
20-03-1992 08:00,0.361,0.012,0.3742848,FALSE
21-03-1992 08:00,0.27,0.01,0.23328,FALSE
22-03-1992 08:00,0.266,0.009,0.2068416,FALSE
23-03-1992 08:00,0.146,0.007,0.0883008,FALSE
24-03-1992 08:00,0.059,0.013,0.0662688,FALSE
25-03-1992 08:00,0.122,0,0,TRUE
26-03-1992 08:00,0.065,0,0,TRUE
27-03-1992 08:00,0.065,0,0,TRUE
28-03-1992 08:00,0.33,0.018,0.513216,FALSE
29-03-1992 08:00,0.773,0.014,0.9350208,FALSE
30-03-1992 08:00,0.764,0.011,0.7261056,FALSE
31-03-1992 08:00,1.042,0.016,1.4404608,FALSE
01-04-1992 08:00,1.179,0.009,0.9167904,FALSE
02-04-1992 08:00,1.111,0.006,0.5759424,FALSE
03-04-1992 08:00,0.831,0.006,0.4307904,FALSE
04-04-1992 08:00,0.546,0.006,0.2830464,FALSE
05-04-1992 08:00,0.53,0.005,0.22896,FALSE
06-04-1992 08:00,0.397,0.005,0.171504,FALSE
07-04-1992 08:00,0.232,0.008,0.1603584,FALSE
08-04-1992 08:00,0.147,0.006,0.0762048,FALSE
09-04-1992 08:00,0.066,0.008,0.0456192,FALSE
10-04-1992 08:00,0.115,0,0,TRUE
11-04-1992 08:00,0.308,0,0,TRUE
12-04-1992 08:00,0.247,0,0,TRUE
13-04-1992 08:00,0.308,0,0,TRUE
15-04-1992 08:00,0.399,0.007,0.2413152,FALSE
16-04-1992 08:00,0.828,0.011,0.7869312,FALSE
17-04-1992 08:00,0.89,0.01,0.76896,FALSE
18-04-1992 08:00,0.85,0.007,0.51408,FALSE
19-04-1992 08:00,0.471,0.007,0.2848608,FALSE
20-04-1992 08:00,1.088,0.008,0.7520256,FALSE
21-04-1992 08:00,1.447,0.011,1.3752288,FALSE
22-04-1992 08:00,1.357,0.006,0.7034688,FALSE
23-04-1992 08:00,1.085,0.007,0.656208,FALSE
24-04-1992 08:00,0.774,0.009,0.6018624,FALSE
25-04-1992 08:00,1.022,0.01,0.883008,FALSE
26-04-1992 08:00,3.453,0.011,3.2817312,FALSE
27-04-1992 08:00,7.037,0.012,7.2959616,FALSE
28-04-1992 08:00,7.108,0.007,4.2989184,FALSE
29-04-1992 08:00,9.292,0.014,11.2396032,FALSE
30-04-1992 08:00,6.074,0.012,6.2975232,FALSE
01-05-1992 08:00,3.939,0.011,3.7436256,FALSE
02-05-1992 08:00,3.358,0.011,3.1914432,FALSE
03-05-1992 08:00,2.342,0.01,2.023488,FALSE
04-05-1992 08:00,2.401,0.009,1.8670176,FALSE
05-05-1992 08:00,5.13,0.009,3.989088,FALSE
06-05-1992 08:00,5.452,0.008,3.7684224,FALSE
07-05-1992 08:00,4.729,0.013,5.3116128,FALSE
08-05-1992 08:00,4.773,0.008,3.2990976,FALSE
09-05-1992 08:00,4.6,0.009,3.57696,FALSE
10-05-1992 08:00,2.861,0.008,1.9775232,FALSE
11-05-1992 08:00,2.308,0.007,1.3958784,FALSE
12-05-1992 08:00,2.793,0.011,2.6544672,FALSE
13-05-1992 08:00,2.966,0.01,2.562624,FALSE
14-05-1992 08:00,2.77,0.009,2.153952,FALSE
15-05-1992 08:00,8.654,0.01,7.477056,FALSE
16-05-1992 08:00,8.591,0.011,8.1648864,FALSE
17-05-1992 08:00,5.503,0.016,7.6073472,FALSE
18-05-1992 08:00,4.225,0.021,7.66584,FALSE
19-05-1992 08:00,3.285,0.012,3.405888,FALSE
20-05-1992 08:00,22.38,0.066,127.619712,FALSE
21-05-1992 08:00,8.387,0.032,23.1883776,FALSE
22-05-1992 08:00,4.159,0.013,4.6713888,FALSE
23-05-1992 08:00,2.864,0.01,2.474496,FALSE
24-05-1992 08:00,2.276,0.009,1.7698176,FALSE
25-05-1992 08:00,1.895,0.008,1.309824,FALSE
26-05-1992 08:00,1.171,0.008,0.8093952,FALSE
27-05-1992 08:00,0.826,0.012,0.8563968,FALSE
28-05-1992 08:00,0.94,0.01,0.81216,FALSE
29-05-1992 08:00,1.157,0.008,0.7997184,FALSE
30-05-1992 08:00,1.082,0.006,0.5609088,FALSE
31-05-1992 08:00,0.762,0.005,0.329184,FALSE
01-06-1992 08:00,1.148,0.009,0.8926848,FALSE
02-06-1992 08:00,1.731,0.01,1.495584,FALSE
03-06-1992 08:00,0.634,0.009,0.4929984,FALSE
04-06-1992 08:00,4.992,0.012,5.1757056,FALSE
05-06-1992 08:00,3.194,0.017,4.6913472,FALSE
06-06-1992 08:00,1.944,0.019,3.1912704,FALSE
07-06-1992 08:00,3.258,0.019,5.3483328,FALSE
08-06-1992 08:00,14.9,0.019,24.45984,FALSE
09-06-1992 08:00,22.45,0.045,87.2856,FALSE
10-06-1992 08:00,11.18,0.047,45.399744,FALSE
11-06-1992 08:00,8.049,0.032,22.2538752,FALSE
12-06-1992 08:00,5.747,0.018,8.9377344,FALSE
13-06-1992 08:00,9.448,0.025,20.40768,FALSE
14-06-1992 08:00,23.1,0.045,89.8128,FALSE
15-06-1992 08:00,44.66,0.065,250.81056,FALSE
16-06-1992 08:00,42.96,0.045,167.02848,FALSE
17-06-1992 08:00,108.2,0.094,878.75712,FALSE
18-06-1992 08:00,171.8,0.106,1573.41312,FALSE
19-06-1992 08:00,311.2,0.165,4436.4672,FALSE
20-06-1992 08:00,360.5,0.084,2616.3648,FALSE
21-06-1992 08:00,394.9,0.125,4264.92,FALSE
22-06-1992 08:00,398.1,0.047785,1643.605214,FALSE
23-06-1992 08:00,372.8,0.074,2383.53408,FALSE
24-06-1992 08:00,154.4,0.027,360.18432,FALSE
25-06-1992 08:00,96.07,0.022,182.609856,FALSE
26-06-1992 08:00,75.26,0.017,110.541888,FALSE
27-06-1992 08:00,62.62,0.019,102.796992,FALSE
28-06-1992 08:00,53.95,0.089,414.85392,FALSE
29-06-1992 08:00,213.9,0.159,2938.47264,FALSE
30-06-1992 08:00,235.7,0.053,1079.31744,FALSE
01-07-1992 08:00,163.1,0.032,450.93888,FALSE
02-07-1992 08:00,134.9,0.034,396.28224,FALSE
03-07-1992 08:00,159.2,0.047,646.47936,FALSE
04-07-1992 08:00,124.2,0.199,2135.44512,FALSE
05-07-1992 08:00,106.1,0.117,1072.54368,FALSE
06-07-1992 08:00,95.87,0.035,289.91088,FALSE
07-07-1992 08:00,260.4,0.292,6569.57952,FALSE
08-07-1992 08:00,107,0.041,379.0368,FALSE
09-07-1992 08:00,115.9,0.026,260.35776,FALSE
10-07-1992 08:00,87.76,0.008,60.659712,FALSE
11-07-1992 08:00,82.47,0.016,114.006528,FALSE
12-07-1992 08:00,79.26,0.019,130.113216,FALSE
13-07-1992 08:00,73.09,0.022,138.929472,FALSE
14-07-1992 08:00,88.92,0.024,184.384512,FALSE
15-07-1992 08:00,87.02,0.029,218.037312,FALSE
16-07-1992 08:00,133.5,0.032,369.1008,FALSE
17-07-1992 08:00,296.8,0.062,1589.89824,FALSE
18-07-1992 08:00,193,0.025,416.88,FALSE
19-07-1992 08:00,313.7,0.0908,2461.014144,FALSE
20-07-1992 08:00,580,0.152,7617.024,FALSE
21-07-1992 08:00,338.5,0.03171,927.403344,FALSE
22-07-1992 08:00,186.5,0.0233,375.44688,FALSE
23-07-1992 08:00,169.8,0.013,190.71936,FALSE
24-07-1992 08:00,184.7,0.024,382.99392,FALSE
25-07-1992 08:00,193.1,0.025,417.096,FALSE
26-07-1992 08:00,304.2,0.102,2680.85376,FALSE
27-07-1992 08:00,1003,0.179,15511.9968,FALSE
28-07-1992 08:00,1410,0.121,14740.704,FALSE
29-07-1992 08:00,944.6,0.064,5223.26016,FALSE
30-07-1992 08:00,482.7,0.037,1543.09536,FALSE
31-07-1992 08:00,283.7,0.045,1103.0256,FALSE
01-08-1992 08:00,284.5,0.047,1155.2976,FALSE
02-08-1992 08:00,279.2,0.043,1037.28384,FALSE
03-08-1992 08:00,259.1,0.037,828.29088,FALSE
04-08-1992 08:00,348.2,0.05,1504.224,FALSE
05-08-1992 08:00,290.6,0.04,1004.3136,FALSE
06-08-1992 08:00,208.3,0.023,413.93376,FALSE
07-08-1992 08:00,169.1,0.026,379.86624,FALSE
08-08-1992 08:00,221.2,0.067,1280.48256,FALSE
09-08-1992 08:00,231.5,0.055,1100.088,FALSE
10-08-1992 08:00,262.7,0.044,998.68032,FALSE
11-08-1992 08:00,366.1,0.048,1518.28992,FALSE
12-08-1992 08:00,335.2,0.04025,1165.69152,FALSE
13-08-1992 08:00,224.2,0.03,581.1264,FALSE
14-08-1992 08:00,241.1,0.042,874.90368,FALSE
15-08-1992 08:00,239,0.037,764.0352,FALSE
16-08-1992 08:00,194.5,0.033,554.5584,FALSE
17-08-1992 08:00,202.7,0.03,525.3984,FALSE
18-08-1992 08:00,356.5,0.067,2063.7072,FALSE
19-08-1992 08:00,345.9,0.024,717.25824,FALSE
20-08-1992 08:00,286.9,0.017,421.39872,FALSE
21-08-1992 08:00,207.4,0.015,268.7904,FALSE
22-08-1992 08:00,174.3,0.022,331.30944,FALSE
23-08-1992 08:00,148.8,0.019,244.27008,FALSE
24-08-1992 08:00,138.6,0.016,191.60064,FALSE
25-08-1992 08:00,125.2,0.018,194.71104,FALSE
26-08-1992 08:00,98.35,0.014,118.96416,FALSE
27-08-1992 08:00,108.5,0.022,206.2368,FALSE
28-08-1992 08:00,156.5,0.046,621.9936,FALSE
29-08-1992 08:00,133.4,0.034,391.87584,FALSE
30-08-1992 08:00,182,0.044,691.8912,FALSE
31-08-1992 08:00,207,0.053,947.8944,FALSE
01-09-1992 08:00,145.2,0.025,313.632,FALSE
02-09-1992 08:00,134.1,0.017,196.96608,FALSE
03-09-1992 08:00,129,0.019,211.7664,FALSE
04-09-1992 08:00,110.9,0.018,172.47168,FALSE
05-09-1992 08:00,106,0.015,137.376,FALSE
06-09-1992 08:00,118,0.017,173.3184,FALSE
07-09-1992 08:00,128.8,0.02,222.5664,FALSE
08-09-1992 08:00,182.4,0.021,330.94656,FALSE
09-09-1992 08:00,223.8,0.025,483.408,FALSE
10-09-1992 08:00,322.2,0.03618,1007.181734,FALSE
11-09-1992 08:00,126.5,0.012,131.1552,FALSE
12-09-1992 08:00,102.9,0.009,80.01504,FALSE
13-09-1992 08:00,89.57,0.0114,88.2228672,FALSE
14-09-1992 08:00,80.32,0.014,97.155072,FALSE
15-09-1992 08:00,72.44,0.013,81.364608,FALSE
16-09-1992 08:00,66.06,0.015,85.61376,FALSE
17-09-1992 08:00,64.85,0.014,78.44256,FALSE
18-09-1992 08:00,62.54,0.018,97.262208,FALSE
19-09-1992 08:00,65.31,0.016,90.284544,FALSE
20-09-1992 08:00,65.4,0.016,90.40896,FALSE
21-09-1992 08:00,59.21,0.014,71.620416,FALSE
22-09-1992 08:00,57.38,0.023,114.025536,FALSE
23-09-1992 08:00,129.7,0.206,2308.45248,FALSE
24-09-1992 08:00,148.6,0.045,577.7568,FALSE
25-09-1992 08:00,91.96,0.081,643.572864,FALSE
26-09-1992 08:00,90.42,0.078,609.358464,FALSE
27-09-1992 08:00,190,0.07,1149.12,FALSE
28-09-1992 08:00,122.4,0.062,655.67232,FALSE
29-09-1992 08:00,177.2,0.108,1653.48864,FALSE
30-09-1992 08:00,124.1,0.045,482.5008,FALSE
01-10-1992 08:00,95.33,0.037,304.750944,FALSE
02-10-1992 08:00,116.1,0.092,922.85568,FALSE
03-10-1992 08:00,179.6,0.147,2281.06368,FALSE
04-10-1992 08:00,122.1,0.118,1244.83392,FALSE
05-10-1992 08:00,106.5,0.0904,831.82464,FALSE
06-10-1992 08:00,117.6,0.0614,623.863296,FALSE
07-10-1992 08:00,100.7,0.032,278.41536,FALSE
08-10-1992 08:00,107.7,0.043,400.12704,FALSE
09-10-1992 08:00,121.7,0.3334,3505.660992,FALSE
10-10-1992 08:00,152.9,0.082,1083.26592,FALSE
11-10-1992 08:00,168.9,0.058,846.39168,FALSE
12-10-1992 08:00,144.9,0.034,425.65824,FALSE
13-10-1992 08:00,92.3,0.022,175.44384,FALSE
14-10-1992 08:00,97.48,0.032,269.512704,FALSE
15-10-1992 08:00,94.11,0.045,365.89968,FALSE
16-10-1992 08:00,120.4,0.061,634.55616,FALSE
17-10-1992 08:00,87.93,0.031,235.511712,FALSE
18-10-1992 08:00,72.87,0.023,144.807264,FALSE
19-10-1992 08:00,61.8,0.023,122.80896,FALSE
20-10-1992 08:00,56.48,0.026,126.876672,FALSE
21-10-1992 08:00,80.38,0.015,104.17248,FALSE
22-10-1992 08:00,56.69,0.033,161.634528,FALSE
23-10-1992 08:00,50.46,0.022,95.914368,FALSE
24-10-1992 08:00,45.69,0.016,63.161856,FALSE
25-10-1992 08:00,47.73,0.045,185.57424,FALSE
26-10-1992 08:00,96.18,0.074,614.936448,FALSE
27-10-1992 08:00,53.75,0.033,153.252,FALSE
28-10-1992 08:00,58.38,0.023,116.012736,FALSE
29-10-1992 08:00,48.08,0.019,78.928128,FALSE
30-10-1992 08:00,39.85,0.014,48.20256,FALSE
31-10-1992 08:00,36.01,0.0153,47.6023392,FALSE
01-11-1992 08:00,34.88,0.014,42.190848,FALSE
02-11-1992 08:00,37.13,0.011,35.288352,FALSE
03-11-1992 08:00,39.76,0.017,58.399488,FALSE
04-11-1992 08:00,42.83,0.017,62.908704,FALSE
05-11-1992 08:00,50.38,0.019,82.703808,FALSE
06-11-1992 08:00,53.77,0.02,92.91456,FALSE
07-11-1992 08:00,61.54,0.033,175.462848,FALSE
08-11-1992 08:00,96.29,0.057,474.208992,FALSE
09-11-1992 08:00,110.9,0.082,785.70432,FALSE
10-11-1992 08:00,62.28,0.054,290.573568,FALSE
11-11-1992 08:00,42,0.026,94.3488,FALSE
12-11-1992 08:00,34.35,0.022,65.29248,FALSE
13-11-1992 08:00,32.37,0.021,58.732128,FALSE
14-11-1992 08:00,34.65,0.02,59.8752,FALSE
15-11-1992 08:00,141.3,0.02,244.1664,FALSE
16-11-1992 08:00,157.6,0.0555,755.72352,FALSE
17-11-1992 08:00,103,0.036,320.3712,FALSE
18-11-1992 08:00,81.25,0.034,238.68,FALSE
19-11-1992 08:00,72.09,0.033,205.543008,FALSE
20-11-1992 08:00,61.75,0.021,112.0392,FALSE
21-11-1992 08:00,120.5,0.1007,1048.40784,FALSE
22-11-1992 08:00,121.4,0.072,755.20512,FALSE
23-11-1992 08:00,80.03,0.04,276.58368,FALSE
24-11-1992 08:00,53.65,0.017,78.80112,FALSE
25-11-1992 08:00,45.57,0.013,51.184224,FALSE
26-11-1992 08:00,41.75,0.013,46.8936,FALSE
27-11-1992 08:00,38.5,0.015,49.896,FALSE
28-11-1992 08:00,35.45,0.012,36.75456,FALSE
29-11-1992 08:00,52.48,0.012,54.411264,FALSE
30-11-1992 08:00,31.41,0.011,29.852064,FALSE
01-12-1992 08:00,25.02,0.008,17.293824,FALSE
02-12-1992 08:00,24.15,0.0092,19.196352,FALSE
03-12-1992 08:00,23.39,0.013,26.271648,FALSE
04-12-1992 08:00,22.75,0.0149,29.28744,FALSE
05-12-1992 08:00,20.97,0.0129,23.3723232,FALSE
06-12-1992 08:00,20.2,0.013,22.68864,FALSE
07-12-1992 08:00,18.73,0.012,19.419264,FALSE
08-12-1992 08:00,17.63,0.01,15.23232,FALSE
09-12-1992 08:00,16.59,0.009,12.900384,FALSE
10-12-1992 08:00,15.51,0.006,8.040384,FALSE
11-12-1992 08:00,15.24,0.006,7.900416,FALSE
12-12-1992 08:00,15.31,0.007,9.259488,FALSE
13-12-1992 08:00,16.01,0.008,11.066112,FALSE
14-12-1992 08:00,16.44,0.008,11.363328,FALSE
15-12-1992 08:00,16.15,0.013,18.13968,FALSE
16-12-1992 08:00,15.31,0.004,5.291136,FALSE
17-12-1992 08:00,14.49,0.012,15.023232,FALSE
18-12-1992 08:00,13.45,0.016,18.59328,FALSE
19-12-1992 08:00,12.82,0.012,13.291776,FALSE
20-12-1992 08:00,13.2,0.015,17.1072,FALSE
21-12-1992 08:00,13.01,0.017,19.109088,FALSE
22-12-1992 08:00,12.04,0.015,15.60384,FALSE
23-12-1992 08:00,10.76,0.011,10.226304,FALSE
24-12-1992 08:00,10.73,0.016,14.833152,FALSE
25-12-1992 08:00,10.13,0.013,11.378016,FALSE
26-12-1992 08:00,10.13,0.01,8.75232,FALSE
27-12-1992 08:00,10.29,0.011,9.779616,FALSE
28-12-1992 08:00,9.872,0.011,9.3823488,FALSE
29-12-1992 08:00,9.614,0.007,5.8145472,FALSE
30-12-1992 08:00,9.511,0.008,6.5740032,FALSE
31-12-1992 08:00,9.155,0.011,8.700912,FALSE
01-01-1993 08:00,8.956,0.01,7.737984,FALSE
02-01-1993 08:00,8.808,0.017,12.9371904,FALSE
03-01-1993 08:00,8.563,0.015,11.097648,FALSE
04-01-1993 08:00,7.951,0.012,8.2435968,FALSE
05-01-1993 08:00,7.359,0.01,6.358176,FALSE
06-01-1993 08:00,6.831,0.0119,7.02336096,FALSE
07-01-1993 08:00,6.746,0.013,7.5771072,FALSE
08-01-1993 08:00,6.658,0.015,8.628768,FALSE
09-01-1993 08:00,6.916,0.01,5.975424,FALSE
10-01-1993 08:00,6.83,0.01,5.90112,FALSE
11-01-1993 08:00,6.492,0.01,5.609088,FALSE
12-01-1993 08:00,6.241,0.007,3.7745568,FALSE
13-01-1993 08:00,6.158,0.01,5.320512,FALSE
14-01-1993 08:00,6.533,0.008,4.5156096,FALSE
15-01-1993 08:00,6.156,0.007,3.7231488,FALSE
16-01-1993 08:00,6.156,0.007,3.7231488,FALSE
17-01-1993 08:00,6.405,0.009,4.980528,FALSE
18-01-1993 08:00,6.199,0.011,5.8915296,FALSE
19-01-1993 08:00,5.872,0.01,5.073408,FALSE
20-01-1993 08:00,5.633,0.008,3.8935296,FALSE
21-01-1993 08:00,5.552,0.008,3.8375424,FALSE
22-01-1993 08:00,5.435,0.011,5.165424,FALSE
23-01-1993 08:00,5.711,0.009,4.4408736,FALSE
24-01-1993 08:00,5.632,0.01,4.866048,FALSE
25-01-1993 08:00,5.357,0.011,5.0912928,FALSE
26-01-1993 08:00,5.011,0.014,6.0613056,FALSE
27-01-1993 08:00,4.673,0.016,6.4599552,FALSE
28-01-1993 08:00,4.673,0.012,4.8449664,FALSE
29-01-1993 08:00,4.38,0.018,6.811776,FALSE
30-01-1993 08:00,3.813,0.015,4.941648,FALSE
31-01-1993 08:00,4.162,0.016,5.7535488,FALSE
01-02-1993 08:00,4.127,0.016,5.7051648,FALSE
02-02-1993 08:00,4.091,0.015,5.301936,FALSE
03-02-1993 08:00,3.949,0.0151,5.15202336,FALSE
04-02-1993 08:00,3.635,0.016,5.025024,FALSE
05-02-1993 08:00,3.159,0.009,2.4564384,FALSE
06-02-1993 08:00,2.96,0.002,0.511488,FALSE
07-02-1993 08:00,2.631,0.002,0.4546368,FALSE
08-02-1993 08:00,2.893,0.004,0.9998208,FALSE
09-02-1993 08:00,2.926,0.006,1.5168384,FALSE
10-02-1993 08:00,3.429,0.01,2.962656,FALSE
11-02-1993 08:00,3.463,0.014,4.1888448,FALSE
12-02-1993 08:00,4.163,0.0142,5.10750144,FALSE
13-02-1993 08:00,3.985,0.0131,4.5103824,FALSE
14-02-1993 08:00,3.601,0.014,4.3557696,FALSE
15-02-1993 08:00,3.463,0.012,3.5904384,FALSE
16-02-1993 08:00,3.26,0.01,2.81664,FALSE
17-02-1993 08:00,3.6,0.012,3.73248,FALSE
18-02-1993 08:00,3.636,0.015,4.712256,FALSE
19-02-1993 08:00,3.844,0.016,5.3139456,FALSE
20-02-1993 08:00,3.499,0.016,4.8370176,FALSE
21-02-1993 08:00,3.192,0.012,3.3094656,FALSE
22-02-1993 08:00,2.633,0.008,1.8199296,FALSE
23-02-1993 08:00,2.535,0.021,4.599504,FALSE
24-02-1993 08:00,2.567,0.02,4.435776,FALSE
25-02-1993 08:00,14.89,0.0327,42.0684192,FALSE
26-02-1993 08:00,8.212,0.02,14.190336,FALSE
27-02-1993 08:00,4.827,0.011,4.5875808,FALSE
28-02-1993 08:00,5.402,0.011,5.1340608,FALSE
01-03-1993 08:00,5.049,0.01,4.362336,FALSE
02-03-1993 08:00,4.897,0.009,3.8079072,FALSE
03-03-1993 08:00,3.739,0.012,3.8765952,FALSE
04-03-1993 08:00,3.6,0.003,0.93312,FALSE
05-03-1993 08:00,3.361,0.002,0.5807808,FALSE
06-03-1993 08:00,3.092,0.003,0.8014464,FALSE
07-03-1993 08:00,2.827,0.008,1.9540224,FALSE
08-03-1993 08:00,2.794,0.014,3.3796224,FALSE
09-03-1993 08:00,2.959,0.008,2.0452608,FALSE
10-03-1993 08:00,2.664,0.013,2.9922048,FALSE
11-03-1993 08:00,2.729,0.012,2.8294272,FALSE
12-03-1993 08:00,2.926,0.016,4.0449024,FALSE
13-03-1993 08:00,3.985,0.022,7.574688,FALSE
14-03-1993 08:00,3.949,0.025,8.52984,FALSE
15-03-1993 08:00,3.704,0.028,8.9607168,FALSE
16-03-1993 08:00,3.6,0.02,6.2208,FALSE
17-03-1993 08:00,3.566,0.012,3.6972288,FALSE
18-03-1993 08:00,3.226,0.01,2.787264,FALSE
19-03-1993 08:00,2.696,0.013,3.0281472,FALSE
20-03-1993 08:00,2.183,0.014,2.6405568,FALSE
21-03-1993 08:00,2.214,0.012,2.2954752,FALSE
22-03-1993 08:00,1.781,0.01,1.538784,FALSE
23-03-1993 08:00,1.316,0.008,0.9096192,FALSE
24-03-1993 08:00,1.437,0.008,0.9932544,FALSE
25-03-1993 08:00,3.266,0.011,3.1040064,FALSE
26-03-1993 08:00,3.43,0.014,4.148928,FALSE
27-03-1993 08:00,2.762,0.013,3.1022784,FALSE
28-03-1993 08:00,2.664,0.012,2.7620352,FALSE
29-03-1993 08:00,2.215,0.012,2.296512,FALSE
30-03-1993 08:00,2.056,0.013,2.3092992,FALSE
31-03-1993 08:00,2.151,0.008,1.4867712,FALSE
01-04-1993 08:00,2.025,0.016,2.79936,FALSE
02-04-1993 08:00,3.395,0.021,6.159888,FALSE
03-04-1993 08:00,3.739,0.0211,6.81634656,FALSE
04-04-1993 08:00,3.361,0.018,5.2270272,FALSE
05-04-1993 08:00,2.992,0.018,4.6531584,FALSE
06-04-1993 08:00,2.892,0.018,4.4976384,FALSE
07-04-1993 08:00,2.959,0.018,4.6018368,FALSE
08-04-1993 08:00,2.96,0.015,3.83616,FALSE
09-04-1993 08:00,2.215,0.013,2.487888,FALSE
10-04-1993 08:00,1.931,0.011,1.8352224,FALSE
11-04-1993 08:00,1.9,0.012,1.96992,FALSE
12-04-1993 08:00,1.56,0.013,1.752192,FALSE
13-04-1993 08:00,1.56,0.011,1.482624,FALSE
14-04-1993 08:00,1.468,0.01,1.268352,FALSE
15-04-1993 08:00,2.088,0.009,1.6236288,FALSE
16-04-1993 08:00,2.696,0.018,4.1928192,FALSE
17-04-1993 08:00,2.165,0.013,2.431728,FALSE
18-04-1993 08:00,2.183,0.014,2.6405568,FALSE
19-04-1993 08:00,2.088,0.015,2.706048,FALSE
20-04-1993 08:00,1.9,0.013,2.13408,FALSE
21-04-1993 08:00,1.931,0.02,3.336768,FALSE
22-04-1993 08:00,2.246,0.02,3.881088,FALSE
23-04-1993 08:00,2.088,0.018,3.2472576,FALSE
24-04-1993 08:00,1.621,0.022,3.0811968,FALSE
25-04-1993 08:00,1.591,0.021,2.8867104,FALSE
26-04-1993 08:00,1.933,0.02,3.340224,FALSE
27-04-1993 08:00,0.568,0.015,0.736128,FALSE
28-04-1993 08:00,0.775,0.019,1.27224,FALSE
29-04-1993 08:00,1.225,0.017,1.79928,FALSE
30-04-1993 08:00,0.746,0.027,1.7402688,FALSE
01-05-1993 08:00,2.315,0.018,3.600288,FALSE
02-05-1993 08:00,2.959,0.02,5.113152,FALSE
03-05-1993 08:00,2.535,0.022,4.818528,FALSE
04-05-1993 08:00,2.278,0.023,4.5268416,FALSE
05-05-1993 08:00,2.088,0.029,5.2316928,FALSE
06-05-1993 08:00,2.247,0.024,4.6593792,FALSE
07-05-1993 08:00,2.405,0.02,4.15584,FALSE
08-05-1993 08:00,1.994,0.025,4.30704,FALSE
09-05-1993 08:00,2.183,0.026,4.9038912,FALSE
10-05-1993 08:00,2.12,0.026,4.762368,FALSE
11-05-1993 08:00,2.026,0.018,3.1508352,FALSE
12-05-1993 08:00,1.995,0.018,3.102624,FALSE
13-05-1993 08:00,2.151,0.019,3.5310816,FALSE
14-05-1993 08:00,2.961,0.024,6.1399296,FALSE
15-05-1993 08:00,3.986,0.021,7.2321984,FALSE
16-05-1993 08:00,9.815,0.02,16.96032,FALSE
17-05-1993 08:00,10.84,0.034,31.843584,FALSE
18-05-1993 08:00,7.679,0.014,9.2885184,FALSE
19-05-1993 08:00,6.238,0.012,6.4675584,FALSE
20-05-1993 08:00,9.208,0.012,9.5468544,FALSE
21-05-1993 08:00,6.203,0.014,7.5031488,FALSE
22-05-1993 08:00,4.307,0.016,5.9539968,FALSE
23-05-1993 08:00,6.076,0.016,8.3994624,FALSE
24-05-1993 08:00,6.203,0.016,8.5750272,FALSE
25-05-1993 08:00,4.343,0.015,5.628528,FALSE
26-05-1993 08:00,3.499,0.01,3.023136,FALSE
27-05-1993 08:00,3.025,0.006,1.56816,FALSE
28-05-1993 08:00,3.704,0.006,1.9201536,FALSE
29-05-1993 08:00,98.25,0.278,2359.8864,FALSE
30-05-1993 08:00,19.16,0.15,248.3136,FALSE
31-05-1993 08:00,9.932,0.074,63.5012352,FALSE
01-06-1993 08:00,9.79,0.024,20.300544,FALSE
02-06-1993 08:00,8.24,0.021,14.950656,FALSE
03-06-1993 08:00,13.25,0.022,25.1856,FALSE
04-06-1993 08:00,13.65,0.014,16.51104,FALSE
05-06-1993 08:00,20.12,0.026,45.197568,FALSE
06-06-1993 08:00,37.1,0.036,115.39584,FALSE
07-06-1993 08:00,49.41,0.047,200.644128,FALSE
08-06-1993 08:00,144.1,0.155,1929.7872,FALSE
09-06-1993 08:00,76.2,0.048,316.01664,FALSE
10-06-1993 08:00,44.46,0.032,122.923008,FALSE
11-06-1993 08:00,37.97,0.032,104.979456,FALSE
12-06-1993 08:00,39.34,0.037,125.762112,FALSE
13-06-1993 08:00,64.7,0.037,206.83296,FALSE
14-06-1993 08:00,76.79,0.037,245.482272,FALSE
15-06-1993 08:00,77.45,0.042,281.05056,FALSE
16-06-1993 08:00,61.61,0.035,186.30864,FALSE
17-06-1993 08:00,74.33,0.029,186.241248,FALSE
18-06-1993 08:00,100.2,0.031,268.37568,FALSE
19-06-1993 08:00,151.7,0.08,1048.5504,FALSE
20-06-1993 08:00,113.4,0.0447,437.959872,FALSE
21-06-1993 08:00,64.28,0.01,55.53792,FALSE
22-06-1993 08:00,50,0.022,95.04,FALSE
23-06-1993 08:00,43.28,0.017,63.569664,FALSE
24-06-1993 08:00,37.95,0.029,95.08752,FALSE
25-06-1993 08:00,36,0.024,74.6496,FALSE
26-06-1993 08:00,33.86,0.018,52.659072,FALSE
27-06-1993 08:00,35.63,0.023,70.803936,FALSE
28-06-1993 08:00,30.05,0.028,72.69696,FALSE
29-06-1993 08:00,53.46,0.06,277.13664,FALSE
30-06-1993 08:00,62.87,0.07,380.23776,FALSE
01-07-1993 08:00,116,0.021,210.4704,FALSE
02-07-1993 08:00,248.7,0.0434,932.565312,FALSE
03-07-1993 08:00,325,0.0584,1639.872,FALSE
04-07-1993 08:00,209.6,0.0373,675.482112,FALSE
05-07-1993 08:00,115.2,0.0214,213.000192,FALSE
06-07-1993 08:00,84.42,0.022,160.465536,FALSE
07-07-1993 08:00,72.32,0.025,156.2112,FALSE
08-07-1993 08:00,106.4,0.037,340.13952,FALSE
09-07-1993 08:00,81.35,0.029,203.83056,FALSE
10-07-1993 08:00,102,0.034,299.6352,FALSE
11-07-1993 08:00,147.5,0.036,458.784,FALSE
12-07-1993 08:00,146.4,0.037,468.01152,FALSE
13-07-1993 08:00,138.9,0.028,336.02688,FALSE
14-07-1993 08:00,130,0.029,325.728,FALSE
15-07-1993 08:00,126.4,0.02,218.4192,FALSE
16-07-1993 08:00,317.1,0.0803,2200.014432,FALSE
17-07-1993 08:00,292,0.0742,1871.97696,FALSE
18-07-1993 08:00,153.3,0.053,701.99136,FALSE
19-07-1993 08:00,149.6,0.033,426.53952,FALSE
20-07-1993 08:00,96.59,0.016,133.526016,FALSE
21-07-1993 08:00,104.9,0.0254,230.209344,FALSE
22-07-1993 08:00,84.94,0.026,190.809216,FALSE
23-07-1993 08:00,69.69,0.021,126.445536,FALSE
24-07-1993 08:00,76.08,0.026,170.906112,FALSE
25-07-1993 08:00,85.87,0.03,222.57504,FALSE
26-07-1993 08:00,118.8,0.0344,353.092608,FALSE
27-07-1993 08:00,172.8,0.044,656.91648,FALSE
28-07-1993 08:00,147.8,0.042,536.33664,FALSE
29-07-1993 08:00,197.4,0.055,938.0448,FALSE
30-07-1993 08:00,176.4,0.03,457.2288,FALSE
31-07-1993 08:00,219.4,0.019,360.16704,FALSE
01-08-1993 08:00,310,0.0326,873.1584,FALSE
02-08-1993 08:00,298.7,0.03153,813.7161504,FALSE
03-08-1993 08:00,286.3,0.0252,623.355264,FALSE
04-08-1993 08:00,296.2,0.02405,615.479904,FALSE
05-08-1993 08:00,227.5,0.0271,532.6776,FALSE
06-08-1993 08:00,162.6,0.0224,314.689536,FALSE
07-08-1993 08:00,134.5,0.0242,281.22336,FALSE
08-08-1993 08:00,100.4,0.0232,201.249792,FALSE
09-08-1993 08:00,97.16,0.0223,187.2001152,FALSE
10-08-1993 08:00,84.49,0.021,153.298656,FALSE
11-08-1993 08:00,188.8,0.0714,1164.699648,FALSE
12-08-1993 08:00,177,0.0423,646.88544,FALSE
13-08-1993 08:00,117.3,0.0213,215.869536,FALSE
14-08-1993 08:00,122.9,0.0202,214.494912,FALSE
15-08-1993 08:00,118.1,0.0214,218.362176,FALSE
16-08-1993 08:00,129.37,0.0213,238.0821984,FALSE
17-08-1993 08:00,116.2,0.0182,182.722176,FALSE
18-08-1993 08:00,119.4,0.0193,199.101888,FALSE
19-08-1993 08:00,95.65,0.018,148.75488,FALSE
20-08-1993 08:00,78.74,0.017,115.653312,FALSE
21-08-1993 08:00,69.27,0.017,101.743776,FALSE
22-08-1993 08:00,69.82,0.0213,128.4911424,FALSE
23-08-1993 08:00,97.34,0.0262,220.3466112,FALSE
24-08-1993 08:00,82.56,0.0204,145.5169536,FALSE
25-08-1993 08:00,63.71,0.014,77.063616,FALSE
26-08-1993 08:00,61.32,0.0183,96.9542784,FALSE
27-08-1993 08:00,61.94,0.0182,97.3994112,FALSE
28-08-1993 08:00,85.19,0.028,206.091648,FALSE
29-08-1993 08:00,86.77,0.029,217.410912,FALSE
30-08-1993 08:00,137,0.0463,548.04384,FALSE
31-08-1993 08:00,173.6,0.0574,860.944896,FALSE
01-09-1993 08:00,150.1,0.029,376.09056,FALSE
02-09-1993 08:00,91.61,0.015,118.72656,FALSE
03-09-1993 08:00,70.64,0.015,91.54944,FALSE
04-09-1993 08:00,68.51,0.009,53.273376,FALSE
05-09-1993 08:00,62.59,0.011,59.485536,FALSE
06-09-1993 08:00,59.4,0.0132,67.744512,FALSE
07-09-1993 08:00,56.33,0.019,92.471328,FALSE
08-09-1993 08:00,53.82,0.02,93.00096,FALSE
09-09-1993 08:00,44.07,0.024,91.383552,FALSE
10-09-1993 08:00,40.09,0.021,72.739296,FALSE
11-09-1993 08:00,36.12,0.017,53.053056,FALSE
12-09-1993 08:00,33.25,0.02,57.456,FALSE
13-09-1993 08:00,38.31,0.023,76.129632,FALSE
14-09-1993 08:00,33.62,0.018,52.285824,FALSE
15-09-1993 08:00,34.35,0.017,50.45328,FALSE
16-09-1993 08:00,31.9,0.016,44.09856,FALSE
17-09-1993 08:00,29.99,0.015,38.86704,FALSE
18-09-1993 08:00,27.63,0.017,40.582944,FALSE
19-09-1993 08:00,26.82,0.016,37.075968,FALSE
20-09-1993 08:00,25.92,0.015,33.59232,FALSE
21-09-1993 08:00,26.87,0.012,27.858816,FALSE
22-09-1993 08:00,25.22,0.012,26.148096,FALSE
23-09-1993 08:00,24.88,0.012,25.795584,FALSE
24-09-1993 08:00,25.79,0.012,26.739072,FALSE
25-09-1993 08:00,28.56,0.012,29.611008,FALSE
26-09-1993 08:00,26.24,0.013,29.472768,FALSE
27-09-1993 08:00,28.15,0.012,29.18592,FALSE
28-09-1993 08:00,25.56,0.013,28.708992,FALSE
29-09-1993 08:00,26.51,0.012,27.485568,FALSE
30-09-1993 08:00,34.15,0.025,73.764,FALSE
01-10-1993 08:00,55.83,0.035,168.82992,FALSE
02-10-1993 08:00,130.8,0.06,678.0672,FALSE
03-10-1993 08:00,108.8,0.085,799.0272,FALSE
04-10-1993 08:00,161.1,0.109,1517.17536,FALSE
05-10-1993 08:00,109.8,0.045,426.9024,FALSE
06-10-1993 08:00,69.21,0.047,281.047968,FALSE
07-10-1993 08:00,134.1,0.182,2108.69568,FALSE
08-10-1993 08:00,302.7,0.3247,8491.970016,FALSE
09-10-1993 08:00,194.3,0.049,822.58848,FALSE
10-10-1993 08:00,162.2,0.04,560.5632,FALSE
11-10-1993 08:00,134,0.033,382.0608,FALSE
12-10-1993 08:00,111.7,0.029,279.87552,FALSE
13-10-1993 08:00,97.98,0.024,203.171328,FALSE
14-10-1993 08:00,94.94,0.04,328.11264,FALSE
15-10-1993 08:00,99.13,0.032,274.074624,FALSE
16-10-1993 08:00,75.24,0.042,273.030912,FALSE
17-10-1993 08:00,63.2,0.05,273.024,FALSE
18-10-1993 08:00,97.97,0.105,888.78384,FALSE
19-10-1993 08:00,134.4,0.107,1242.50112,FALSE
20-10-1993 08:00,158.1,0.066,901.54944,FALSE
21-10-1993 08:00,200.8,0.15085,2617.114752,FALSE
22-10-1993 08:00,192.8,0.097,1615.81824,FALSE
23-10-1993 08:00,145.8,0.042,529.07904,FALSE
24-10-1993 08:00,114,0.036,354.5856,FALSE
25-10-1993 08:00,87.376,0.03,226.478592,FALSE
26-10-1993 08:00,70.65,0.024,146.49984,FALSE
27-10-1993 08:00,57.91,0.022,110.075328,FALSE
28-10-1993 08:00,49.74,0.022,94.545792,FALSE
29-10-1993 08:00,45.54,0.021,82.627776,FALSE
30-10-1993 08:00,41.17,0.02,71.14176,FALSE
31-10-1993 08:00,44.28,0.021,80.341632,FALSE
01-11-1993 08:00,82.75,0.05265,376.42644,FALSE
02-11-1993 08:00,42.09,0.0256,93.0963456,FALSE
03-11-1993 08:00,35.77,0.0198,61.1924544,FALSE
04-11-1993 08:00,37.79,0.0188,61.3830528,FALSE
05-11-1993 08:00,33.84,0.0155,45.318528,FALSE
06-11-1993 08:00,28.99,0.012,30.056832,FALSE
07-11-1993 08:00,26.97,0.014,32.622912,FALSE
08-11-1993 08:00,25.61,0.016,35.403264,FALSE
09-11-1993 08:00,31.52,0.01,27.23328,FALSE
10-11-1993 08:00,88.84,0.044,337.734144,FALSE
11-11-1993 08:00,73.21,0.023,145.482912,FALSE
12-11-1993 08:00,54.04,0.0188,87.7782528,FALSE
13-11-1993 08:00,48.19,0.0166,69.1160256,FALSE
14-11-1993 08:00,32.09,0.0155,42.974928,FALSE
15-11-1993 08:00,25.04,0.015,32.45184,FALSE
16-11-1993 08:00,25.51,0.0275,60.61176,FALSE
17-11-1993 08:00,35.26,0.017,51.789888,FALSE
18-11-1993 08:00,49.13,0.0356,151.1160192,FALSE
19-11-1993 08:00,37.35,0.0345,111.33288,FALSE
20-11-1993 08:00,28.49,0.02,49.23072,FALSE
21-11-1993 08:00,23.85,0.018,37.09152,FALSE
22-11-1993 08:00,20.93,0.018,32.550336,FALSE
23-11-1993 08:00,19.06,0.019,31.288896,FALSE
24-11-1993 08:00,18.02,0.014,21.796992,FALSE
25-11-1993 08:00,17.43,0.013,19.577376,FALSE
26-11-1993 08:00,17.73,0.018,27.573696,FALSE
27-11-1993 08:00,17.53,0.01,15.14592,FALSE
28-11-1993 08:00,16.25,0.009,12.636,FALSE
29-11-1993 08:00,15.37,0.008,10.623744,FALSE
30-11-1993 08:00,14.53,0.007,8.787744,FALSE
01-12-1993 08:00,13.34,0.005,5.76288,FALSE
02-12-1993 08:00,13.1,0.007,7.92288,FALSE
03-12-1993 08:00,12.79,0.007,7.735392,FALSE
04-12-1993 08:00,12.79,0.004,4.420224,FALSE
05-12-1993 08:00,13.18,0.01,11.38752,FALSE
06-12-1993 08:00,13.74,0.017,20.181312,FALSE
07-12-1993 08:00,18.9,0.014,22.86144,FALSE
08-12-1993 08:00,17.38,0.01,15.01632,FALSE
09-12-1993 08:00,14.66,0.01,12.66624,FALSE
10-12-1993 08:00,13.58,0.011,12.906432,FALSE
11-12-1993 08:00,13.02,0.01,11.24928,FALSE
12-12-1993 08:00,12.55,0.012,13.01184,FALSE
13-12-1993 08:00,12.17,0.013,13.669344,FALSE
14-12-1993 08:00,11.72,0.01,10.12608,FALSE
15-12-1993 08:00,11.2,0.014,13.54752,FALSE
16-12-1993 08:00,10.91,0.005,4.71312,FALSE
17-12-1993 08:00,10.91,0.01,9.42624,FALSE
18-12-1993 08:00,10.55,0.017,15.49584,FALSE
19-12-1993 08:00,10.69,0.013,12.007008,FALSE
20-12-1993 08:00,10.41,0.006,5.396544,FALSE
21-12-1993 08:00,10.55,0.01,9.1152,FALSE
22-12-1993 08:00,10.55,0.011,10.02672,FALSE
23-12-1993 08:00,10.48,0.01,9.05472,FALSE
24-12-1993 08:00,10.13,0.012,10.502784,FALSE
25-12-1993 08:00,9.92,0.013,11.142144,FALSE
26-12-1993 08:00,9.246,0.015,11.982816,FALSE
27-12-1993 08:00,8.984,0.017,13.1956992,FALSE
28-12-1993 08:00,8.853,0.014,10.7085888,FALSE
29-12-1993 08:00,8.282,0.013,9.3023424,FALSE
30-12-1993 08:00,8.218,0.013,9.2304576,FALSE
31-12-1993 08:00,8.218,0.011,7.8103872,FALSE
01-01-1994 08:00,8.157,0.006,4.2285888,FALSE
02-01-1994 08:00,7.789,0.007,4.7107872,FALSE
03-01-1994 08:00,7.49,0.008,5.177088,FALSE
04-01-1994 08:00,7.549,0.009,5.8701024,FALSE
05-01-1994 08:00,7.256,0.012,7.5230208,FALSE
06-01-1994 08:00,6.854,0.009,5.3296704,FALSE
07-01-1994 08:00,6.796,0.008,4.6973952,FALSE
08-01-1994 08:00,6.853,0.005,2.960496,FALSE
09-01-1994 08:00,6.575,0.01,5.6808,FALSE
10-01-1994 08:00,6.466,0.017,9.4972608,FALSE
11-01-1994 08:00,5.928,0.007,3.5852544,FALSE
12-01-1994 08:00,5.671,0.002,0.9799488,FALSE
13-01-1994 08:00,5.467,0.001,0.4723488,FALSE
14-01-1994 08:00,5.32,0.003,1.378944,FALSE
15-01-1994 08:00,5.074,0.006,2.6303616,FALSE
16-01-1994 08:00,4.883,0.009,3.7970208,FALSE
17-01-1994 08:00,5.723,0.012,5.9336064,FALSE
18-01-1994 08:00,9.293,0.005,4.014576,FALSE
19-01-1994 08:00,12.03,0.015,15.59088,FALSE
20-01-1994 08:00,7.44,0.007,4.499712,FALSE
21-01-1994 08:00,6.086,0.009,4.7324736,FALSE
22-01-1994 08:00,5.029,0.013,5.6485728,FALSE
23-01-1994 08:00,4.651,0.009,3.6166176,FALSE
24-01-1994 08:00,3.952,0.005,1.707264,FALSE
25-01-1994 08:00,3.582,0.006,1.8569088,FALSE
26-01-1994 08:00,3.088,0.007,1.8676224,FALSE
27-01-1994 08:00,2.738,0.009,2.1290688,FALSE
28-01-1994 08:00,2.569,0.007,1.5537312,FALSE
29-01-1994 08:00,2.348,0.006,1.2172032,FALSE
30-01-1994 08:00,2.471,0.006,1.2809664,FALSE
31-01-1994 08:00,2.377,0.006,1.2322368,FALSE
01-02-1994 08:00,3.061,0.009,2.3802336,FALSE
02-02-1994 08:00,2.538,0.006,1.3156992,FALSE
03-02-1994 08:00,2.254,0.007,1.3632192,FALSE
04-02-1994 08:00,3.061,0.006,1.5868224,FALSE
05-02-1994 08:00,2.025,0.004,0.69984,FALSE
06-02-1994 08:00,1.963,0.006,1.0176192,FALSE
07-02-1994 08:00,1.777,0.007,1.0747296,FALSE
08-02-1994 08:00,1.802,0.011,1.7126208,FALSE
09-02-1994 08:00,2.019,0.008,1.3955328,FALSE
10-02-1994 08:00,2.284,0.007,1.3813632,FALSE
11-02-1994 08:00,2.668,0.014,3.2272128,FALSE
12-02-1994 08:00,3.237,0.006,1.6780608,FALSE
13-02-1994 08:00,2.806,0.01,2.424384,FALSE
14-02-1994 08:00,2.606,0.013,2.9270592,FALSE
15-02-1994 08:00,2.873,0.01,2.482272,FALSE
16-02-1994 08:00,4.208,0.011,3.9992832,FALSE
17-02-1994 08:00,5.847,0.02,10.103616,FALSE
18-02-1994 08:00,3.358,0.01,2.901312,FALSE
19-02-1994 08:00,2.806,0.005,1.212192,FALSE
20-02-1994 08:00,2.41,0.006,1.249344,FALSE
21-02-1994 08:00,1.991,0.007,1.2041568,FALSE
22-02-1994 08:00,1.805,0.011,1.715472,FALSE
23-02-1994 08:00,1.722,0.008,1.1902464,FALSE
24-02-1994 08:00,1.7,0.007,1.02816,FALSE
25-02-1994 08:00,1.803,0.012,1.8693504,FALSE
26-02-1994 08:00,2.11,0.005,0.91152,FALSE
27-02-1994 08:00,2.77,0.008,1.914624,FALSE
28-02-1994 08:00,2.17,0.011,2.062368,FALSE
01-03-1994 08:00,2.052,0.013,2.3048064,FALSE
02-03-1994 08:00,1.909,0.011,1.8143136,FALSE
03-03-1994 08:00,1.883,0.009,1.4642208,FALSE
04-03-1994 08:00,1.725,0.01,1.4904,FALSE
05-03-1994 08:00,1.46,0.016,2.018304,FALSE
06-03-1994 08:00,1.526,0.012,1.5821568,FALSE
07-03-1994 08:00,1.414,0.009,1.0995264,FALSE
08-03-1994 08:00,1.264,0.01,1.092096,FALSE
09-03-1994 08:00,1.203,0.009,0.9354528,FALSE
10-03-1994 08:00,0.976,0.011,0.9275904,FALSE
11-03-1994 08:00,0.809,0.024,1.6775424,FALSE
12-03-1994 08:00,0.724,0.019,1.1885184,FALSE
13-03-1994 08:00,0.757,0.019,1.2426912,FALSE
14-03-1994 08:00,1.016,0.02,1.755648,FALSE
15-03-1994 08:00,1.433,0.02,2.476224,FALSE
16-03-1994 08:00,1.55,0.013,1.74096,FALSE
17-03-1994 08:00,1.672,0.004,0.5778432,FALSE
18-03-1994 08:00,1.576,0.007,0.9531648,FALSE
19-03-1994 08:00,1.526,0.021,2.7687744,FALSE
20-03-1994 08:00,1.775,0.018,2.76048,FALSE
21-03-1994 08:00,1.328,0.014,1.6063488,FALSE
22-03-1994 08:00,1.283,0.013,1.4410656,FALSE
23-03-1994 08:00,0.891,0.02,1.539648,FALSE
24-03-1994 08:00,1.367,0.014,1.6535232,FALSE
25-03-1994 08:00,1.22,0.011,1.159488,FALSE
26-03-1994 08:00,1.069,0.009,0.8312544,FALSE
27-03-1994 08:00,1.22,0.013,1.370304,FALSE
28-03-1994 08:00,1.182,0.017,1.7361216,FALSE
29-03-1994 08:00,1.605,0.014,1.941408,FALSE
30-03-1994 08:00,1.325,0.01,1.1448,FALSE
31-03-1994 08:00,2.223,0.014,2.6889408,FALSE
01-04-1994 08:00,3.467,0.016,4.7927808,FALSE
02-04-1994 08:00,3.587,0.02,6.198336,FALSE
03-04-1994 08:00,4.837,0.02,8.358336,FALSE
04-04-1994 08:00,4.076,0.019,6.6911616,FALSE
05-04-1994 08:00,3.426,0.018,5.3281152,FALSE
06-04-1994 08:00,4.352,0.01,3.760128,FALSE
07-04-1994 08:00,3.053,0.013,3.4291296,FALSE
08-04-1994 08:00,2.021,0.009,1.5715296,FALSE
09-04-1994 08:00,3.387,0.018,5.2674624,FALSE
10-04-1994 08:00,8.489,0.02,14.668992,FALSE
11-04-1994 08:00,59.77,0.1145,591.292656,FALSE
12-04-1994 08:00,42.22,0.08,291.82464,FALSE
13-04-1994 08:00,17.62,0.03,45.67104,FALSE
14-04-1994 08:00,9.651,0.021,17.5107744,FALSE
15-04-1994 08:00,7.157,0.022,13.6040256,FALSE
16-04-1994 08:00,5.939,0.023,11.8019808,FALSE
17-04-1994 08:00,6.871,0.024,14.2477056,FALSE
18-04-1994 08:00,7.293,0.025,15.75288,FALSE
19-04-1994 08:00,6.139,0.025,13.26024,FALSE
20-04-1994 08:00,4.978,0.025,10.75248,FALSE
21-04-1994 08:00,4.119,0.026,9.2529216,FALSE
22-04-1994 08:00,2.979,0.026,6.6920256,FALSE
23-04-1994 08:00,2.54,0.026,5.705856,FALSE
24-04-1994 08:00,1.881,0.026,4.2254784,FALSE
25-04-1994 08:00,1.803,0.027,4.2060384,FALSE
26-04-1994 08:00,1.697,0.027,3.9587616,FALSE
27-04-1994 08:00,1.526,0.027,3.5598528,FALSE
28-04-1994 08:00,1.434,0.027,3.3452352,FALSE
29-04-1994 08:00,1.549,0.027,3.6135072,FALSE
30-04-1994 08:00,1.936,0.027,4.5163008,FALSE
01-05-1994 08:00,4.516,0.02,7.803648,FALSE
02-05-1994 08:00,4.076,0.012,4.2259968,FALSE
03-05-1994 08:00,3.467,0.01,2.995488,FALSE
04-05-1994 08:00,2.701,0.01,2.333664,FALSE
05-05-1994 08:00,2.286,0.008,1.5800832,FALSE
06-05-1994 08:00,2.223,0.0007,0.13444704,FALSE
07-05-1994 08:00,2.253,0.0007,0.13626144,FALSE
08-05-1994 08:00,2.877,0.006,1.4914368,FALSE
09-05-1994 08:00,3.428,0.005,1.480896,FALSE
10-05-1994 08:00,2.943,0.005,1.271376,FALSE
11-05-1994 08:00,2.943,0.005,1.271376,FALSE
12-05-1994 08:00,3.607,0.006,1.8698688,FALSE
13-05-1994 08:00,2.908,0.007,1.7587584,FALSE
14-05-1994 08:00,4.61,0.006,2.389824,FALSE
15-05-1994 08:00,4.381,0.02,7.570368,FALSE
16-05-1994 08:00,3.702,0.01,3.198528,FALSE
17-05-1994 08:00,3.464,0.009,2.6936064,FALSE
18-05-1994 08:00,3.052,0.009,2.3732352,FALSE
19-05-1994 08:00,2.6,0.008,1.79712,FALSE
20-05-1994 08:00,2.439,0.009,1.8965664,FALSE
21-05-1994 08:00,2.44,0.006,1.264896,FALSE
22-05-1994 08:00,2.571,0.0057,1.26616608,FALSE
23-05-1994 08:00,2.505,0.004,0.865728,FALSE
24-05-1994 08:00,1.935,0.003,0.501552,FALSE
25-05-1994 08:00,2.083,0.003,0.5399136,FALSE
26-05-1994 08:00,2.407,0.003,0.6238944,FALSE
27-05-1994 08:00,2.348,0.003,0.6086016,FALSE
28-05-1994 08:00,2.471,0.012,2.5619328,FALSE
29-05-1994 08:00,22.57,0.01905,37.1484144,FALSE
30-05-1994 08:00,10.94,0.019,17.959104,FALSE
31-05-1994 08:00,5.618,0.012,5.8247424,FALSE
05-06-1994 08:00,80.62,0.0326,227.0775168,FALSE
12-06-1994 08:00,217.2,0.0624,1171.003392,FALSE
19-06-1994 08:00,62.38,0.0286,154.1434752,FALSE
20-06-1994 08:00,54.63,0.0269,126.9688608,FALSE
26-06-1994 08:00,45.7,0.025,98.712,FALSE
03-07-1994 08:00,90.68,0.0349,273.4328448,FALSE
10-07-1994 08:00,52.25,0.0264,119.18016,FALSE
14-07-1994 08:00,1344,0.3085,35823.5136,FALSE
15-07-1994 08:00,1223,0.2822,29819.28384,FALSE
17-07-1994 08:00,499,0.124,5346.0864,FALSE
24-07-1994 08:00,239.6,0.0673,1393.206912,FALSE
29-07-1994 08:00,247.7,0.0491,1050.802848,FALSE
31-07-1994 08:00,380.2,0.0458,1504.497024,FALSE
07-08-1994 08:00,156.2,0.0492,663.987456,FALSE
13-08-1994 08:00,82.71,0.033,235.822752,FALSE
14-08-1994 08:00,64.85,0.0291,163.048464,FALSE
15-08-1994 08:00,61.4,0.0284,150.660864,FALSE
19-08-1994 08:00,88,0.0347,263.83104,FALSE
21-08-1994 08:00,62.38,0.0286,154.1434752,FALSE
28-08-1994 08:00,70.35,0.0304,184.778496,FALSE
29-08-1994 08:00,80.62,0.0326,227.0775168,FALSE
04-09-1994 08:00,155.6,0.0491,660.092544,FALSE
10-09-1994 08:00,78.54,0.0322,218.5045632,FALSE
11-09-1994 08:00,114,0.0399,392.99904,FALSE
12-09-1994 08:00,76.47,0.0318,210.1028544,FALSE
13-09-1994 08:00,59.94,0.0281,145.5247296,FALSE
14-09-1994 08:00,53.2,0.0266,122.266368,FALSE
15-09-1994 08:00,50.36,0.0261,113.5638144,FALSE
16-09-1994 08:00,49.89,0.026,112.072896,FALSE
17-09-1994 08:00,48.02,0.0256,106.2125568,FALSE
18-09-1994 08:00,45.24,0.0249,97.3275264,FALSE
25-09-1994 08:00,25.77,0.0205,45.643824,FALSE
02-10-1994 08:00,120.9,0.0414,432.454464,FALSE
08-10-1994 08:00,116.9,0.0406,410.066496,FALSE
09-10-1994 08:00,57.99,0.0277,138.7863072,FALSE
13-10-1994 08:00,208.8,0.0606,1093.243392,FALSE
16-10-1994 08:00,128.6,0.0431,478.885824,FALSE
23-10-1994 08:00,93.92,0.0355,288.071424,FALSE
30-10-1994 08:00,169,0.0519,757.82304,FALSE
01-11-1994 08:00,324.7,0.0859,2409.845472,FALSE
02-11-1994 08:00,178.2,0.054,831.40992,FALSE
06-11-1994 08:00,146.8,0.0471,597.393792,FALSE
12-11-1994 08:00,52.72,0.0262,119.3412096,FALSE
13-11-1994 08:00,51.78,0.0261,116.7659712,FALSE
18-11-1994 08:00,33.98,0.0137,40.2214464,FALSE
20-11-1994 08:00,28,0.0141,34.11072,FALSE
27-11-1994 08:00,16.24,0.0121,16.9779456,FALSE
04-12-1994 08:00,16.05,0.0052,7.210944,FALSE
10-12-1994 08:00,14.17,0.0032,3.9177216,FALSE
11-12-1994 08:00,13.76,0.004,4.755456,FALSE
18-12-1994 08:00,10.36,0.0088,7.8769152,FALSE
23-12-1994 08:00,8.654,0.0164,12.26237184,FALSE
25-12-1994 08:00,7.852,0.0081,5.49514368,FALSE
27-12-1994 08:00,7.852,0.0083,5.63082624,FALSE
30-12-1994 08:00,7.386,0.008,5.1052032,FALSE
31-12-1994 08:00,6.932,0.0082,4.91118336,FALSE
01-01-1995 08:00,6.636,0.0084,4.81614336,FALSE
08-01-1995 08:00,6.636,0.0111,6.36418944,FALSE
14-01-1995 08:00,6.783,0.0061,3.57491232,FALSE
15-01-1995 08:00,6.636,0.0058,3.32543232,FALSE
22-01-1995 08:00,5.103,0.006,2.6453952,FALSE
26-01-1995 08:00,3.968,0.0154,5.27966208,FALSE
27-01-1995 08:00,3.731,0.0154,4.96431936,FALSE
28-01-1995 08:00,3.498,0.0153,4.62407616,FALSE
29-01-1995 08:00,3.498,0.0153,4.62407616,FALSE
05-02-1995 08:00,3.05,0.0152,4.005504,FALSE
11-02-1995 08:00,2.941,0.0152,3.86235648,FALSE
12-02-1995 08:00,2.833,0.0152,3.72052224,FALSE
13-02-1995 08:00,2.459,0.0151,3.20810976,FALSE
14-02-1995 08:00,1.94,0.015,2.51424,FALSE
19-02-1995 08:00,2.118,0.015,2.744928,FALSE
26-02-1995 08:00,2.519,0.0151,3.28638816,FALSE
27-02-1995 08:00,3.271,0.0153,4.32400032,FALSE
03-03-1995 08:00,3.498,0.0153,4.62407616,FALSE
05-03-1995 08:00,2.941,0.0152,3.86235648,FALSE
11-03-1995 08:00,2.416,0.0151,3.15201024,FALSE
12-03-1995 08:00,3.05,0.0152,4.005504,FALSE
15-03-1995 08:00,2.315,0.0151,3.0202416,FALSE
16-03-1995 08:00,2.021,0.015,2.619216,FALSE
19-03-1995 08:00,1.208,0.0149,1.55513088,FALSE
26-03-1995 08:00,0.36,0.0147,0.4572288,FALSE
02-04-1995 08:00,2.315,0.0151,3.0202416,FALSE
09-04-1995 08:00,3.849,0.0154,5.12132544,FALSE
11-04-1995 08:00,1.646,0.0119,1.69235136,FALSE
12-04-1995 08:00,1.042,0.0118,1.06233984,FALSE
13-04-1995 08:00,0.725,0.0108,0.676512,FALSE
14-04-1995 08:00,0.36,0.0107,0.3328128,FALSE
16-04-1995 08:00,0.223,0.0147,0.28322784,FALSE
23-04-1995 08:00,2.021,0.015,2.619216,FALSE
28-04-1995 08:00,2.216,0.0151,2.89108224,FALSE
30-04-1995 08:00,3.16,0.0152,4.1499648,FALSE
07-05-1995 08:00,33.77,0.0215,62.731152,FALSE
11-05-1995 08:00,20.15,0.0193,33.600528,FALSE
13-05-1995 08:00,17.82,0.0188,28.9453824,FALSE
14-05-1995 08:00,16.05,0.0184,25.515648,FALSE
21-05-1995 08:00,9.49,0.017,13.938912,FALSE
28-05-1995 08:00,5.78,0.0121,6.0426432,FALSE
04-06-1995 08:00,5,0.0076,3.2832,FALSE
09-06-1995 08:00,4,0.0143,4.94208,FALSE
10-06-1995 08:00,8,0.0167,11.54304,FALSE
11-06-1995 08:00,37,0.022,70.3296,FALSE
18-06-1995 08:00,43,0.0286,106.25472,FALSE
25-06-1995 08:00,29,0.0211,52.86816,FALSE
02-07-1995 08:00,200,0.0671,1159.488,FALSE
05-07-1995 08:00,69,0.0211,125.78976,FALSE
06-07-1995 08:00,304,0.0755,1983.0528,FALSE
07-07-1995 08:00,214,0.0684,1264.68864,FALSE
08-07-1995 08:00,102,0.0539,475.00992,FALSE
09-07-1995 08:00,88,0.0505,383.9616,FALSE
11-07-1995 08:00,175,0.0652,985.824,FALSE
16-07-1995 08:00,98,0.0204,172.73088,FALSE
23-07-1995 08:00,137,0.0401,474.65568,FALSE
30-07-1995 08:00,322,0.0768,2136.63744,FALSE
09-08-1995 08:00,124,0.0579,620.31744,FALSE
10-08-1995 08:00,93,0.0518,416.22336,FALSE
11-08-1995 08:00,103,0.0541,481.44672,FALSE
12-08-1995 08:00,79,0.048,327.6288,FALSE
13-08-1995 08:00,191,0.0661,1090.80864,FALSE
15-08-1995 08:00,78,0.0477,321.45984,FALSE
18-08-1995 08:00,153,0.062,819.5904,FALSE
20-08-1995 08:00,125,0.058,626.4,FALSE
24-08-1995 08:00,173,0.0644,962.59968,FALSE
25-08-1995 08:00,138,0.06,715.392,FALSE
27-08-1995 08:00,197,0.0668,1136.98944,FALSE
02-09-1995 08:00,481,0.087,3615.5808,FALSE
03-09-1995 08:00,334,0.0776,2239.34976,FALSE
05-09-1995 08:00,290,0.0736,1844.1216,FALSE
06-09-1995 08:00,190,0.0654,1073.6064,FALSE
07-09-1995 08:00,176,0.064,973.2096,FALSE
09-09-1995 08:00,136,0.0257,301.98528,FALSE
10-09-1995 08:00,106,0.0276,252.77184,FALSE
17-09-1995 08:00,102,0.0539,475.00992,FALSE
24-09-1995 08:00,99,0.0532,455.05152,FALSE
25-09-1995 08:00,58,0.0394,197.44128,FALSE
01-10-1995 08:00,34,0.0178,52.28928,FALSE
02-10-1995 08:00,57,0.0382,188.12736,FALSE
03-10-1995 08:00,36,0.0206,64.07424,FALSE
08-10-1995 08:00,74,0.0463,296.02368,FALSE
14-10-1995 08:00,35,0.0093,28.1232,FALSE
15-10-1995 08:00,32,0.0048,13.27104,FALSE
22-10-1995 08:00,34,0.0178,52.28928,FALSE
23-10-1995 08:00,42,0.0274,99.42912,FALSE
29-10-1995 08:00,26,0.0182,40.88448,FALSE
05-11-1995 08:00,118,0.0569,580.10688,FALSE
07-11-1995 08:00,73,0.046,290.1312,FALSE
11-11-1995 08:00,64,0.0423,233.90208,FALSE
12-11-1995 08:00,54,0.037,172.6272,FALSE
19-11-1995 08:00,32,0.0097,26.81856,FALSE
26-11-1995 08:00,25,0.0093,20.088,FALSE
03-12-1995 08:00,17.1,0.0079,11.671776,FALSE
09-12-1995 08:00,13.3,0.0072,8.273664,FALSE
10-12-1995 08:00,12.7,0.0047,5.157216,FALSE
17-12-1995 08:00,10,0.0085,7.344,FALSE
24-12-1995 08:00,9.2,0.0083,6.597504,FALSE
25-12-1995 08:00,9.2,0.0089,7.074432,FALSE
26-12-1995 08:00,8.8,0.0096,7.299072,FALSE
27-12-1995 08:00,8.4,0.0102,7.402752,FALSE
28-12-1995 08:00,8,0.0108,7.46496,FALSE
31-12-1995 08:00,5.4,0.0055,2.56608,FALSE
07-01-1996 08:00,4.1,0.0046,1.629504,FALSE
13-01-1996 08:00,3.6,0.0045,1.39968,FALSE
14-01-1996 08:00,3.3,0.0043,1.226016,FALSE
15-01-1996 08:00,3.7,0.0045,1.43856,FALSE
21-01-1996 08:00,3.3,0.0038,1.083456,FALSE
26-01-1996 08:00,2.5,0.0038,0.8208,FALSE
28-01-1996 08:00,3,0.0041,1.06272,FALSE
04-02-1996 08:00,1.9,0.0035,0.57456,FALSE
10-02-1996 08:00,1.4,0.0032,0.387072,FALSE
11-02-1996 08:00,1.4,0.0032,0.387072,FALSE
18-02-1996 08:00,3,0.004,1.0368,FALSE
21-02-1996 08:00,3.2,0.0042,1.161216,FALSE
25-02-1996 08:00,2.2,0.0038,0.722304,FALSE
04-03-1996 08:00,0.9,0.0029,0.225504,FALSE
05-03-1996 08:00,0.9,0.0029,0.225504,FALSE
09-03-1996 08:00,0.6,0.0027,0.139968,FALSE
10-03-1996 08:00,0.6,0.0027,0.139968,FALSE
17-03-1996 08:00,1.6,0.0033,0.456192,FALSE
24-03-1996 08:00,1.6,0.0033,0.456192,FALSE
31-03-1996 08:00,1.8,0.0034,0.528768,FALSE
01-04-1996 08:00,1.7,0.0034,0.499392,FALSE
05-04-1996 08:00,0.9,0.003,0.23328,FALSE
07-04-1996 08:00,1.7,0.0034,0.499392,FALSE
08-04-1996 08:00,3,0.0041,1.06272,FALSE
14-04-1996 08:00,21.9,0.015,28.3824,FALSE
21-04-1996 08:00,5.4,0.0055,2.56608,FALSE
27-04-1996 08:00,4.4,0.005,1.9008,FALSE
28-04-1996 08:00,9,0.0076,5.90976,FALSE
29-04-1996 08:00,9,0.0076,5.90976,FALSE
03-05-1996 08:00,15.8,0.0115,15.69888,FALSE
05-05-1996 08:00,6.2,0.006,3.21408,FALSE
11-05-1996 08:00,2.6,0.0039,0.876096,FALSE
12-05-1996 08:00,2.1,0.0036,0.653184,FALSE
16-05-1996 08:00,1.6,0.0033,0.456192,FALSE
17-05-1996 08:00,1.2,0.0031,0.321408,FALSE
18-05-1996 08:00,0.7,0.0028,0.169344,FALSE
19-05-1996 08:00,0.8,0.0029,0.200448,FALSE
26-05-1996 08:00,2,0.0036,0.62208,FALSE
28-05-1996 08:00,1.4,0.0032,0.387072,FALSE
02-06-1996 08:00,2,0.007,1.2096,FALSE
08-06-1996 08:00,2,0.007,1.2096,FALSE
09-06-1996 08:00,2,0.007,1.2096,FALSE
16-06-1996 08:00,68,0.076,446.5152,FALSE
23-06-1996 08:00,96,0.0525,435.456,FALSE
10-07-1996 08:00,34,0.0083,24.38208,FALSE
11-07-1996 08:00,70,0.0172,104.0256,FALSE
12-07-1996 08:00,126,0.031,337.4784,FALSE
13-07-1996 08:00,59,0.0148,75.44448,FALSE
14-07-1996 08:00,68,0.0167,98.11584,FALSE
21-07-1996 08:00,274,0.0645,1526.9472,FALSE
24-07-1996 08:00,240,0.0289,599.2704,FALSE
28-07-1996 08:00,222,0.02725,522.6768,FALSE
29-07-1996 08:00,188,0.023,373.5936,FALSE
04-08-1996 08:00,97,0.02608,218.571264,FALSE
06-08-1996 08:00,72,0.017,105.7536,FALSE
09-08-1996 08:00,72,0.0145,90.2016,FALSE
10-08-1996 08:00,62,0.0126,67.49568,FALSE
11-08-1996 08:00,72,0.0152,94.55616,FALSE
12-08-1996 08:00,64,0.0179,98.97984,FALSE
13-08-1996 08:00,92,0.018,143.0784,FALSE
15-08-1996 08:00,102,0.0153,134.83584,FALSE
17-08-1996 08:00,60,0.0152,78.7968,FALSE
18-08-1996 08:00,56,0.0119,57.57696,FALSE
21-08-1996 08:00,56,0.0108,52.25472,FALSE
22-08-1996 08:00,64,0.0123,68.01408,FALSE
25-08-1996 08:00,156,0.052,700.8768,FALSE
26-08-1996 08:00,122,0.05103,537.897024,FALSE
27-08-1996 08:00,106,0.0441,403.88544,FALSE
28-08-1996 08:00,87,0.0362,272.10816,FALSE
01-09-1996 08:00,79,0.017,116.0352,FALSE
03-09-1996 08:00,113,0.0309,301.68288,FALSE
04-09-1996 08:00,156,0.0503,677.96352,FALSE
08-09-1996 08:00,78,0.0159,107.15328,FALSE
11-09-1996 08:00,79,0.0172,117.40032,FALSE
13-09-1996 08:00,150,0.0464,601.344,FALSE
14-09-1996 08:00,94,0.0225,182.736,FALSE
15-09-1996 08:00,78,0.0172,115.91424,FALSE
17-09-1996 08:00,79,0.0175,119.448,FALSE
20-09-1996 08:00,62,0.0125,66.96,FALSE
22-09-1996 08:00,56,0.011,53.2224,FALSE
24-09-1996 08:00,60,0.0114,59.0976,FALSE
29-09-1996 08:00,500,0.0538,2324.16,FALSE
01-10-1996 08:00,174,0.0347,521.66592,FALSE
02-10-1996 08:00,138,0.0274,326.69568,FALSE
06-10-1996 08:00,89,0.0205,157.6368,FALSE
08-10-1996 08:00,54,0.0166,77.44896,FALSE
11-10-1996 08:00,278,0.1268,3045.63456,FALSE
12-10-1996 08:00,94,0.0235,190.8576,FALSE
13-10-1996 08:00,72,0.0158,98.28864,FALSE
18-10-1996 08:00,184,0.0631,1003.13856,FALSE
20-10-1996 08:00,168,0.0533,773.66016,FALSE
21-10-1996 08:00,130,0.036,404.352,FALSE
25-10-1996 08:00,60,0.022,114.048,FALSE
27-10-1996 08:00,50,0.0108,46.656,FALSE
29-10-1996 08:00,44,0.0095,36.1152,FALSE
03-11-1996 08:00,38,0.0228,74.85696,FALSE
06-11-1996 08:00,35,0.0187,56.5488,FALSE
07-11-1996 08:00,32,0.0171,47.27808,FALSE
08-11-1996 08:00,27,0.0145,33.8256,FALSE
09-11-1996 08:00,26,0.0127,28.52928,FALSE
17-11-1996 08:00,26,0.0139,31.22496,FALSE
24-11-1996 08:00,16,0.0079,10.92096,FALSE
25-11-1996 08:00,16,0.0071,9.81504,FALSE
01-12-1996 08:00,15,0.0146,18.9216,FALSE
08-12-1996 08:00,12.5,0.009,9.72,FALSE
14-12-1996 08:00,12,0.0092,9.53856,FALSE
15-12-1996 08:00,12.4,0.0095,10.17792,FALSE
21-12-1996 08:00,12.4,0.0038,4.071168,FALSE
22-12-1996 08:00,10.7,0.0085,7.85808,FALSE
23-12-1996 08:00,10.5,0.0085,7.7112,FALSE
24-12-1996 08:00,10,0.008,6.912,FALSE
25-12-1996 08:00,9.5,0.008,6.5664,FALSE
29-12-1996 08:00,8.5,0.0114,8.37216,FALSE
06-01-1997 08:00,7.505,0.0081,5.2522992,FALSE
08-01-1997 08:00,7,0.0084,5.08032,FALSE
09-01-1997 08:00,7,0.0084,5.08032,FALSE
11-01-1997 08:00,6,0.0067,3.47328,FALSE
12-01-1997 08:00,6,0.0067,3.47328,FALSE
13-01-1997 08:00,5.8,0.0063,3.157056,FALSE
15-01-1997 08:00,5.1,0.0055,2.42352,FALSE
16-01-1997 08:00,5.1,0.0055,2.42352,FALSE
19-01-1997 08:00,5.1,0.005,2.2032,FALSE
22-01-1997 08:00,5,0.0044,1.9008,FALSE
23-01-1997 08:00,5,0.0044,1.9008,FALSE
26-01-1997 08:00,4.2,0.0097,3.519936,FALSE
02-02-1997 08:00,3,0.0086,2.22912,FALSE
08-02-1997 08:00,3,0.009,2.3328,FALSE
09-02-1997 08:00,3.5,0.01,3.024,FALSE
11-02-1997 08:00,4.5,0.012,4.6656,FALSE
16-02-1997 08:00,4.2,0.012,4.35456,FALSE
19-02-1997 08:00,3,0.01,2.592,FALSE
21-02-1997 08:00,2.5,0.008,1.728,FALSE
23-02-1997 08:00,2.8,0.0186,4.499712,FALSE
02-03-1997 08:00,2,0.017,2.9376,FALSE
07-03-1997 08:00,1.5,0.013,1.6848,FALSE
08-03-1997 08:00,1,0.0009,0.07776,FALSE
09-03-1997 08:00,1,0.0009,0.07776,FALSE
11-03-1997 08:00,1,0.0009,0.07776,FALSE
16-03-1997 08:00,1.1,0.0011,0.104544,FALSE
17-03-1997 08:00,3,0.01,2.592,FALSE
20-03-1997 08:00,1.8,0.0065,1.01088,FALSE
23-03-1997 08:00,5,0.013,5.616,FALSE
24-03-1997 08:00,4.2,0.012,4.35456,FALSE
28-03-1997 08:00,2.5,0.008,1.728,FALSE
30-03-1997 08:00,1.5,0.0055,0.7128,FALSE
06-04-1997 08:00,2.8,0.022,5.32224,FALSE
12-04-1997 08:00,2.5,0.02,4.32,FALSE
13-04-1997 08:00,1.5,0.013,1.6848,FALSE
14-04-1997 08:00,1.5,0.013,1.6848,FALSE
18-04-1997 08:00,2.8,0.022,5.32224,FALSE
20-04-1997 08:00,1.8,0.015,2.3328,FALSE
27-04-1997 08:00,1,0.042,3.6288,FALSE
04-05-1997 08:00,3,0.009,2.3328,FALSE
08-05-1997 08:00,3,0.009,2.3328,FALSE
09-05-1997 08:00,8.8,0.019,14.44608,FALSE
10-05-1997 08:00,3.5,0.011,3.3264,FALSE
11-05-1997 08:00,3,0.009,2.3328,FALSE
15-05-1997 08:00,2.5,0.007,1.512,FALSE
17-05-1997 08:00,2.5,0.0056,1.2096,FALSE
18-05-1997 08:00,2.5,0.0056,1.2096,FALSE
21-05-1997 08:00,1,0.0042,0.36288,FALSE
22-05-1997 08:00,1,0.0042,0.36288,FALSE
23-05-1997 08:00,1,0.0042,0.36288,FALSE
24-05-1997 08:00,1,0.0042,0.36288,FALSE
25-05-1997 08:00,1,0.0042,0.36288,FALSE
01-06-1997 08:00,1.6,0.0066,0.912384,FALSE
08-06-1997 08:00,1.6,0.0067,0.926208,FALSE
14-06-1997 08:00,15,0.0625,81,FALSE
15-06-1997 08:00,16,0.0667,92.20608,FALSE
19-06-1997 08:00,3.6,0.0088,2.737152,FALSE
22-06-1997 08:00,2.5,0.0061,1.3176,FALSE
28-06-1997 08:00,37,0.0214,68.41152,FALSE
29-06-1997 08:00,75,0.043,278.64,FALSE
06-07-1997 08:00,320,0.0573,1584.2304,FALSE
11-07-1997 08:00,1020,0.2938,25892.0064,FALSE
12-07-1997 08:00,450,0.1297,5042.736,FALSE
13-07-1997 08:00,195,0.0561,945.1728,FALSE
17-07-1997 08:00,170,0.0335,492.048,FALSE
18-07-1997 08:00,120,0.0236,244.6848,FALSE
20-07-1997 08:00,95,0.0248,203.5584,FALSE
22-07-1997 08:00,430,0.0883,3280.5216,FALSE
25-07-1997 08:00,580,0.107,5361.984,FALSE
26-07-1997 08:00,420,0.0775,2812.32,FALSE
27-07-1997 08:00,365,0.0641,2021.4576,FALSE
31-07-1997 08:00,320,0.0604,1669.9392,FALSE
01-08-1997 08:00,350,0.0241,728.784,FALSE
02-08-1997 08:00,565,0.0389,1898.9424,FALSE
03-08-1997 08:00,425,0.0293,1075.896,FALSE
07-08-1997 08:00,420,0.0802,2910.2976,FALSE
08-08-1997 08:00,380,0.0726,2383.6032,FALSE
09-08-1997 08:00,230,0.0439,872.3808,FALSE
10-08-1997 08:00,192,0.0349,578.94912,FALSE
15-08-1997 08:00,100,0.0243,209.952,FALSE
17-08-1997 08:00,95,0.0195,160.056,FALSE
22-08-1997 08:00,180,0.1437,2234.8224,FALSE
23-08-1997 08:00,135,0.1078,1257.3792,FALSE
24-08-1997 08:00,162,0.0307,429.70176,FALSE
25-08-1997 08:00,110,0.0164,155.8656,FALSE
31-08-1997 08:00,90,0.0166,129.0816,FALSE
05-09-1997 08:00,57,0.018,88.6464,FALSE
07-09-1997 08:00,75,0.0248,160.704,FALSE
10-09-1997 08:00,95,0.0238,195.3504,FALSE
13-09-1997 08:00,50,0.0301,130.032,FALSE
14-09-1997 08:00,58,0.0306,153.34272,FALSE
15-09-1997 08:00,67,0.0312,180.61056,FALSE
21-09-1997 08:00,145,0.0312,390.8736,FALSE
28-09-1997 08:00,65,0.0141,79.1856,FALSE
02-10-1997 08:00,60,0.0256,132.7104,FALSE
05-10-1997 08:00,45,0.0852,331.2576,FALSE
10-10-1997 08:00,50,0.0346,149.472,FALSE
11-10-1997 08:00,40,0.0277,95.7312,FALSE
12-10-1997 08:00,49,0.0339,143.51904,FALSE
13-10-1997 08:00,38,0.0263,86.34816,FALSE
14-10-1997 08:00,80,0.0554,382.9248,FALSE
15-10-1997 08:00,48,0.0333,138.10176,FALSE
16-10-1997 08:00,38,0.0263,86.34816,FALSE
17-10-1997 08:00,38,0.0263,86.34816,FALSE
18-10-1997 08:00,35,0.0242,73.1808,FALSE
19-10-1997 08:00,30,0.0208,53.9136,FALSE
20-10-1997 08:00,32,0.0208,57.50784,FALSE
21-10-1997 08:00,32,0.0222,61.37856,FALSE
22-10-1997 08:00,32,0.0222,61.37856,FALSE
23-10-1997 08:00,90,0.0624,485.2224,FALSE
24-10-1997 08:00,45,0.0312,121.3056,FALSE
25-10-1997 08:00,32,0.0222,61.37856,FALSE
26-10-1997 08:00,41,0.0284,100.60416,FALSE
27-10-1997 08:00,38,0.0263,86.34816,FALSE
30-10-1997 08:00,94,0.0683,554.70528,FALSE
01-11-1997 08:00,270,0.3011,7024.0608,FALSE
02-11-1997 08:00,94,0.0531,431.25696,FALSE
08-11-1997 08:00,60,0.0485,251.424,FALSE
09-11-1997 08:00,85,0.0449,329.7456,FALSE
14-11-1997 08:00,50,0.0325,140.4,FALSE
16-11-1997 08:00,45,0.0424,164.8512,FALSE
23-11-1997 08:00,48,0.0306,126.90432,FALSE
25-11-1997 08:00,41,0.0116,41.09184,FALSE
27-11-1997 08:00,120,0.0278,288.2304,FALSE
30-11-1997 08:00,65,0.0155,87.048,FALSE
04-12-1997 08:00,37.5,0.0212,68.688,FALSE
05-12-1997 08:00,33.5,0.0214,61.94016,FALSE
06-12-1997 08:00,31.7,0.0216,59.159808,FALSE
07-12-1997 08:00,59.5,0.0218,112.06944,FALSE
12-12-1997 08:00,27.2,0.0193,45.356544,FALSE
13-12-1997 08:00,25,0.0166,35.856,FALSE
14-12-1997 08:00,23,0.0139,27.62208,FALSE
17-12-1997 08:00,19.7,0.0104,17.701632,FALSE
18-12-1997 08:00,19,0.0128,21.01248,FALSE
19-12-1997 08:00,47.5,0.0152,62.3808,FALSE
21-12-1997 08:00,19,0.0137,22.48992,FALSE
23-12-1997 08:00,17.7,0.0088,13.457664,FALSE
24-12-1997 08:00,14,0.0079,9.55584,FALSE
25-12-1997 08:00,15,0.007,9.072,FALSE
26-12-1997 08:00,14.2,0.0061,7.483968,FALSE
27-12-1997 08:00,13.2,0.0052,5.930496,FALSE
28-12-1997 08:00,12.5,0.0043,4.644,FALSE
04-01-1998 08:00,11,0.0084,7.98336,FALSE
06-01-1998 08:00,9.3,0.0086,6.910272,FALSE
10-01-1998 08:00,10,0.0038,3.2832,FALSE
11-01-1998 08:00,9.5,0.0038,3.11904,FALSE
18-01-1998 08:00,6.6,0.0085,4.84704,FALSE
25-01-1998 08:00,6,0.0082,4.25088,FALSE
26-01-1998 08:00,6,0.0082,4.25088,FALSE
01-02-1998 08:00,5,0.0075,3.24,FALSE
08-02-1998 08:00,4,0.0102,3.52512,FALSE
10-02-1998 08:00,4,0.0091,3.14496,FALSE
14-02-1998 08:00,3,0.0089,2.30688,FALSE
15-02-1998 08:00,2.5,0.0109,2.3544,FALSE
19-02-1998 08:00,3,0.0085,2.2032,FALSE
20-02-1998 08:00,2.7,0.009,2.09952,FALSE
21-02-1998 08:00,2.7,0.0095,2.21616,FALSE
22-02-1998 08:00,3,0.0101,2.61792,FALSE
24-02-1998 08:00,2.5,0.011,2.376,FALSE
25-02-1998 08:00,2.5,0.0112,2.4192,FALSE
28-02-1998 08:00,2.5,0.0186,4.0176,FALSE
01-03-1998 08:00,2.3,0.0162,3.219264,FALSE
03-03-1998 08:00,2.3,0.0153,3.040416,FALSE
08-03-1998 08:00,2,0.017,2.9376,FALSE
09-03-1998 08:00,2,0.0167,2.88576,FALSE
10-03-1998 08:00,2,0.0163,2.81664,FALSE
11-03-1998 08:00,2,0.016,2.7648,FALSE
12-03-1998 08:00,2,0.0158,2.73024,FALSE
13-03-1998 08:00,2,0.0156,2.69568,FALSE
14-03-1998 08:00,2,0.0154,2.66112,FALSE
15-03-1998 08:00,2,0.0152,2.62656,FALSE
16-03-1998 08:00,2,0.015,2.592,FALSE
17-03-1998 08:00,2,0.0148,2.55744,FALSE
18-03-1998 08:00,1.5,0.0146,1.89216,FALSE
19-03-1998 08:00,1.6,0.0144,1.990656,FALSE
20-03-1998 08:00,1.5,0.0142,1.84032,FALSE
21-03-1998 08:00,1.5,0.014,1.8144,FALSE
22-03-1998 08:00,1.5,0.0138,1.78848,FALSE
23-03-1998 08:00,1.5,0.0136,1.76256,FALSE
24-03-1998 08:00,1.5,0.0134,1.73664,FALSE
25-03-1998 08:00,1.6,0.0132,1.824768,FALSE
26-03-1998 08:00,1.5,0.013,1.6848,FALSE
27-03-1998 08:00,1.5,0.0128,1.65888,FALSE
28-03-1998 08:00,1.6,0.0128,1.769472,FALSE
29-03-1998 08:00,1.5,0.0124,1.60704,FALSE
02-04-1998 08:00,5.5,0.0114,5.41728,FALSE
05-04-1998 08:00,2.5,0.0092,1.9872,FALSE
08-04-1998 08:00,2,0.01,1.728,FALSE
09-04-1998 08:00,2,0.0098,1.69344,FALSE
10-04-1998 08:00,2,0.0096,1.65888,FALSE
11-04-1998 08:00,1.5,0.0093,1.20528,FALSE
12-04-1998 08:00,1.5,0.009,1.1664,FALSE
14-04-1998 08:00,1,0.0083,0.71712,FALSE
19-04-1998 08:00,1.2,0.0095,0.98496,FALSE
23-04-1998 08:00,1,0.0106,0.91584,FALSE
25-04-1998 08:00,1,0.0112,0.96768,FALSE
26-04-1998 08:00,1.5,0.01,1.296,FALSE
28-04-1998 08:00,2,0.012,2.0736,FALSE
30-04-1998 08:00,1.6,0.0134,1.852416,FALSE
03-05-1998 08:00,2.3,0.0092,1.828224,FALSE
07-05-1998 08:00,2,0.0127,2.19456,FALSE
08-05-1998 08:00,3.325,0.0111,3.188808,FALSE
10-05-1998 08:00,2,0.0128,2.21184,FALSE
11-05-1998 08:00,2.5,0.0136,2.9376,FALSE
15-05-1998 08:00,6.2,0.0158,8.463744,FALSE
17-05-1998 08:00,40,0.0127,43.8912,FALSE
20-05-1998 08:00,6,0.01,5.184,FALSE
21-05-1998 08:00,4,0.012,4.1472,FALSE
24-05-1998 08:00,2.5,0.0092,1.9872,FALSE
26-05-1998 08:00,2.3,0.0094,1.867968,FALSE
28-05-1998 08:00,3,0.0097,2.51424,FALSE
29-05-1998 08:00,2.5,0.0104,2.2464,FALSE
31-05-1998 08:00,2,0.0094,1.62432,FALSE
02-06-1998 08:00,1.5,0.0115,1.4904,FALSE
07-06-1998 08:00,2.5,0.0101,2.1816,FALSE
11-06-1998 08:00,2.55,0.0098,2.159136,FALSE
12-06-1998 08:00,4.5,0.0099,3.84912,FALSE
13-06-1998 08:00,5.5,0.01,4.752,FALSE
14-06-1998 08:00,7,0.01,6.048,FALSE
16-06-1998 08:00,5,0.0099,4.2768,FALSE
18-06-1998 08:00,62,0.023,123.2064,FALSE
19-06-1998 08:00,38,0.0154,50.56128,FALSE
21-06-1998 08:00,60,0.019,98.496,FALSE
22-06-1998 08:00,47.5,0.0162,66.4848,FALSE
24-06-1998 08:00,62.5,0.0204,110.16,FALSE
28-06-1998 08:00,282,0.1367,3330.66816,FALSE
29-06-1998 08:00,350,0.1774,5364.576,FALSE
30-06-1998 08:00,442,0.2311,8825.43168,FALSE
01-07-1998 08:00,490,0.2643,11189.4048,FALSE
02-07-1998 08:00,372,0.204,6556.7232,FALSE
03-07-1998 08:00,280,0.1393,3369.9456,FALSE
04-07-1998 08:00,324,0.1672,4680.52992,FALSE
05-07-1998 08:00,300,0.1469,3807.648,FALSE
06-07-1998 08:00,183,0.0331,523.35072,FALSE
11-07-1998 08:00,134,0.0111,128.51136,FALSE
12-07-1998 08:00,278,0.0255,612.4896,FALSE
19-07-1998 08:00,96,0.0147,121.92768,FALSE
20-07-1998 08:00,320,0.1171,3237.5808,FALSE
22-07-1998 08:00,102,0.0113,99.58464,FALSE
26-07-1998 08:00,157,0.025,339.12,FALSE
31-07-1998 08:00,310.5,0.0499,1338.67728,FALSE
01-08-1998 08:00,293.5,0.0499,1265.38416,FALSE
02-08-1998 08:00,210,0.0368,667.6992,FALSE
03-08-1998 08:00,294,0.0503,1277.70048,FALSE
08-08-1998 08:00,102,0.015,132.192,FALSE
09-08-1998 08:00,104,0.0153,137.47968,FALSE
10-08-1998 08:00,116,0.0169,169.37856,FALSE
15-08-1998 08:00,119,0.0262,269.37792,FALSE
16-08-1998 08:00,80.5,0.0191,132.84432,FALSE
19-08-1998 08:00,160,0.0366,505.9584,FALSE
20-08-1998 08:00,280,0.0621,1502.3232,FALSE
23-08-1998 08:00,122,0.0147,154.94976,FALSE
24-08-1998 08:00,560,0.0781,3778.7904,FALSE
25-08-1998 08:00,466,0.0639,2572.76736,FALSE
26-08-1998 08:00,280,0.0319,771.7248,FALSE
30-08-1998 08:00,144,0.0185,230.1696,FALSE
03-09-1998 08:00,128,0.0367,405.87264,FALSE
04-09-1998 08:00,161,0.0247,343.58688,FALSE
05-09-1998 08:00,191.5,0.0295,488.0952,FALSE
06-09-1998 08:00,186,0.0283,454.79232,FALSE
12-09-1998 08:00,203,0.0253,443.74176,FALSE
13-09-1998 08:00,203.5,0.0254,446.59296,FALSE
20-09-1998 08:00,86,0.0183,135.97632,FALSE
27-09-1998 08:00,104,0.0224,201.27744,FALSE
30-09-1998 08:00,88,0.023,174.8736,FALSE
01-10-1998 08:00,72.5,0.0106,66.3984,FALSE
02-10-1998 08:00,60,0.0089,46.1376,FALSE
04-10-1998 08:00,66,0.0095,54.1728,FALSE
10-10-1998 08:00,179.5,0.0206,319.48128,FALSE
11-10-1998 08:00,196,0.0229,387.79776,FALSE
12-10-1998 08:00,406,0.0463,1624.12992,FALSE
13-10-1998 08:00,320,0.0382,1056.1536,FALSE
16-10-1998 08:00,280,0.0282,682.2144,FALSE
18-10-1998 08:00,217,0.0194,363.72672,FALSE
19-10-1998 08:00,180,0.0146,227.0592,FALSE
25-10-1998 08:00,58.5,0.0015,7.5816,FALSE
30-10-1998 08:00,63.5,0.0154,84.49056,FALSE
31-10-1998 08:00,54,0.0132,61.58592,FALSE
01-11-1998 08:00,98,0.0194,164.26368,FALSE
04-11-1998 08:00,70.5,0.0045,27.4104,FALSE
08-11-1998 08:00,101,0.1945,1697.2848,FALSE
14-11-1998 08:00,103.5,0.0147,131.45328,FALSE
15-11-1998 08:00,96,0.0136,112.80384,FALSE
17-11-1998 08:00,45,0.0147,57.1536,FALSE
22-11-1998 08:00,48,0.0113,46.86336,FALSE
27-11-1998 08:00,26,0.0044,9.88416,FALSE
29-11-1998 08:00,23.5,0.0025,5.076,FALSE
06-12-1998 08:00,19.5,0.0038,6.40224,FALSE
12-12-1998 08:00,48.5,0.0098,41.06592,FALSE
13-12-1998 08:00,25,0.0088,19.008,FALSE
20-12-1998 08:00,13.5,0.0056,6.53184,FALSE
25-12-1998 08:00,11.2,0.0037,3.580416,FALSE
27-12-1998 08:00,11,0.0039,3.70656,FALSE
30-12-1998 08:00,10.5,0.0032,2.90304,FALSE
31-12-1998 08:00,10,0.0028,2.4192,FALSE
03-01-1999 08:00,8.75,0.0042,3.1752,FALSE
05-01-1999 08:00,8,0.0019,1.31328,FALSE
09-01-1999 08:00,7.25,0.0058,3.63312,FALSE
10-01-1999 08:00,7.5,0.0053,3.4344,FALSE
14-01-1999 08:00,6.5,0.0042,2.35872,FALSE
15-01-1999 08:00,6.5,0.0033,1.85328,FALSE
17-01-1999 08:00,5.75,0.0023,1.14264,FALSE
19-01-1999 08:00,5.5,0.0096,4.56192,FALSE
23-01-1999 08:00,4.75,0.0024,0.98496,FALSE
24-01-1999 08:00,4.5,0.0027,1.04976,FALSE
26-01-1999 08:00,4.25,0.0038,1.39536,FALSE
31-01-1999 08:00,3.75,0.0046,1.4904,FALSE
07-02-1999 08:00,8.25,0.0235,16.7508,FALSE
13-02-1999 08:00,5.25,0.0048,2.17728,FALSE
14-02-1999 08:00,4.75,0.0042,1.72368,FALSE
19-02-1999 08:00,3.5,0.0024,0.72576,FALSE
21-02-1999 08:00,3.5,0.0069,2.08656,FALSE
26-02-1999 08:00,2.5,0.0066,1.4256,FALSE
28-02-1999 08:00,2,0.0146,2.52288,FALSE
07-03-1999 08:00,2.5,0.0171,3.6936,FALSE
13-03-1999 08:00,2.4,0.006,1.24416,FALSE
14-03-1999 08:00,2.2,0.0058,1.102464,FALSE
21-03-1999 08:00,1.8,0.0081,1.259712,FALSE
27-03-1999 08:00,1.5,0.007,0.9072,FALSE
28-03-1999 08:00,1.4,0.006,0.72576,FALSE
29-03-1999 08:00,1.4,0.005,0.6048,FALSE
02-04-1999 08:00,1.8,0.0136,2.115072,FALSE
04-04-1999 08:00,1.8,0.0176,2.737152,FALSE
10-04-1999 08:00,3.25,0.0093,2.61144,FALSE
11-04-1999 08:00,3,0.0092,2.38464,FALSE
14-04-1999 08:00,2.2,0.008,1.52064,FALSE
15-04-1999 08:00,2.3,0.009,1.78848,FALSE
18-04-1999 08:00,2,0.0098,1.69344,FALSE
22-04-1999 08:00,3.2,0.0092,2.543616,FALSE
25-04-1999 08:00,3.5,0.011,3.3264,FALSE
27-04-1999 08:00,3.1,0.0096,2.571264,FALSE
30-04-1999 08:00,3.2,0.0076,2.101248,FALSE
02-05-1999 08:00,1,0.0083,0.71712,FALSE
08-05-1999 08:00,5.3,0.0133,6.090336,FALSE
09-05-1999 08:00,21.75,0.0406,76.29552,FALSE
16-05-1999 08:00,3.5,0.0064,1.93536,FALSE
20-05-1999 08:00,3.345,0.0045,1.300536,FALSE
23-05-1999 08:00,4.2,0.0078,2.830464,FALSE
26-05-1999 08:00,111,0.053,508.2912,FALSE
27-05-1999 08:00,149.5,0.0732,945.50976,FALSE
28-05-1999 08:00,80.75,0.0394,274.88592,FALSE
30-05-1999 08:00,39.25,0.0167,56.63304,FALSE
06-06-1999 08:00,118,0.0847,863.53344,FALSE
09-06-1999 08:00,130,0.0427,479.6064,FALSE
12-06-1999 08:00,133,0.0272,312.56064,FALSE
13-06-1999 08:00,413,0.0781,2786.85792,FALSE
14-06-1999 08:00,414,0.0783,2800.75968,FALSE
17-06-1999 08:00,282,0.0753,1834.66944,FALSE
18-06-1999 08:00,233,0.0628,1264.23936,FALSE
19-06-1999 08:00,329,0.0722,2052.32832,FALSE
20-06-1999 08:00,394,0.0809,2753.96544,FALSE
21-06-1999 08:00,288,0.0466,1159.55712,FALSE
24-06-1999 08:00,104,0.0147,132.08832,FALSE
26-06-1999 08:00,72,0.0098,60.96384,FALSE
27-06-1999 08:00,62,0.009,48.2112,FALSE
04-07-1999 08:00,33,0.0078,22.23936,FALSE
09-07-1999 08:00,92,0.041,325.9008,FALSE
10-07-1999 08:00,64,0.0285,157.5936,FALSE
11-07-1999 08:00,53,0.0235,107.6112,FALSE
16-07-1999 08:00,216,0.028,522.5472,FALSE
18-07-1999 08:00,605,0.0732,3826.3104,FALSE
19-07-1999 08:00,425,0.0508,1865.376,FALSE
20-07-1999 08:00,456,0.0547,2155.09248,FALSE
21-07-1999 08:00,345,0.0411,1225.1088,FALSE
22-07-1999 08:00,372,0.0475,1526.688,FALSE
23-07-1999 08:00,303,0.039,1020.9888,FALSE
24-07-1999 08:00,300,0.0384,995.328,FALSE
25-07-1999 08:00,184,0.0241,383.13216,FALSE
26-07-1999 08:00,285,0.0366,901.2384,FALSE
27-07-1999 08:00,380,0.0487,1598.9184,FALSE
01-08-1999 08:00,212,0.0241,441.43488,FALSE
02-08-1999 08:00,356,0.0406,1248.79104,FALSE
09-08-1999 08:00,176,0.0195,296.5248,FALSE
13-08-1999 08:00,146,0.0073,92.08512,FALSE
14-08-1999 08:00,116,0.0041,41.09184,FALSE
15-08-1999 08:00,103,0.0038,33.81696,FALSE
22-08-1999 08:00,71,0.0078,47.84832,FALSE
23-08-1999 08:00,74,0.0081,51.78816,FALSE
24-08-1999 08:00,60,0.0066,34.2144,FALSE
25-08-1999 08:00,98,0.0108,91.44576,FALSE
26-08-1999 08:00,70,0.0077,46.5696,FALSE
29-08-1999 08:00,56,0.0116,56.12544,FALSE
03-09-1999 08:00,30,0.0067,17.3664,FALSE
05-09-1999 08:00,30,0.004,10.368,FALSE
10-09-1999 08:00,22,0.0083,15.77664,FALSE
11-09-1999 08:00,22,0.0083,15.77664,FALSE
12-09-1999 08:00,22,0.0083,15.77664,FALSE
19-09-1999 08:00,16,0.0041,5.66784,FALSE
25-09-1999 08:00,12.5,0.0011,1.188,FALSE
26-09-1999 08:00,12,0.0011,1.14048,FALSE
02-10-1999 08:00,67.5,0.0488,284.6016,FALSE
03-10-1999 08:00,33,0.0239,68.14368,FALSE
04-10-1999 08:00,25,0.0181,39.096,FALSE
09-10-1999 08:00,359,0.0987,3061.43712,FALSE
10-10-1999 08:00,74,0.0157,100.37952,FALSE
15-10-1999 08:00,240,0.1555,3224.448,FALSE
16-10-1999 08:00,206,0.0734,1306.40256,FALSE
17-10-1999 08:00,216,0.057,1063.7568,FALSE
19-10-1999 08:00,211,0.0492,896.93568,FALSE
20-10-1999 08:00,470,0.0926,3760.3008,FALSE
23-10-1999 08:00,258,0.0704,1569.30048,FALSE
24-10-1999 08:00,220,0.0557,1058.7456,FALSE
26-10-1999 08:00,294,0.0797,2024.50752,FALSE
28-10-1999 08:00,136,0.0171,200.93184,FALSE
31-10-1999 08:00,107,0.0183,169.17984,FALSE
05-11-1999 08:00,60,0.0104,53.9136,FALSE
07-11-1999 08:00,64,0.0112,61.93152,FALSE
09-11-1999 08:00,37,0.0056,17.90208,FALSE
10-11-1999 08:00,33,0.0046,13.11552,FALSE
11-11-1999 08:00,31,0.0045,12.0528,FALSE
12-11-1999 08:00,30,0.0044,11.4048,FALSE
13-11-1999 08:00,27,0.0039,9.09792,FALSE
14-11-1999 08:00,26,0.0036,8.08704,FALSE
17-11-1999 08:00,23,0.0032,6.35904,FALSE
18-11-1999 08:00,22,0.0029,5.51232,FALSE
19-11-1999 08:00,21,0.0028,5.08032,FALSE
20-11-1999 08:00,21,0.0028,5.08032,FALSE
21-11-1999 08:00,22,0.0029,5.51232,FALSE
22-11-1999 08:00,23,0.0032,6.35904,FALSE
23-11-1999 08:00,21.5,0.0028,5.20128,FALSE
25-11-1999 08:00,18,0.0033,5.13216,FALSE
26-11-1999 08:00,17,0.0031,4.55328,FALSE
28-11-1999 08:00,16,0.0028,3.87072,FALSE
05-12-1999 08:00,17.6,0.0027,4.105728,FALSE
06-12-1999 08:00,17.6,0.0027,4.105728,FALSE
07-12-1999 08:00,17.9,0.0028,4.330368,FALSE
08-12-1999 08:00,18.3,0.0029,4.585248,FALSE
09-12-1999 08:00,18.6,0.0029,4.660416,FALSE
10-12-1999 08:00,18.6,0.0029,4.660416,FALSE
11-12-1999 08:00,18.6,0.0029,4.660416,FALSE
12-12-1999 08:00,18.6,0.0029,4.660416,FALSE
18-12-1999 08:00,13.1,0.0032,3.621888,FALSE
19-12-1999 08:00,11.9,0.0033,3.392928,FALSE
23-12-1999 08:00,10.5,0.0035,3.1752,FALSE
24-12-1999 08:00,9.7,0.0034,2.849472,FALSE
25-12-1999 08:00,9.9,0.0033,2.822688,FALSE
26-12-1999 08:00,9.1,0.0031,2.437344,FALSE
29-12-1999 08:00,7.2,0.0033,2.052864,FALSE
31-12-1999 08:00,7,0.0023,1.39104,FALSE
07-01-2000 08:00,6.8,0.0038,2.232576,FALSE
08-01-2000 08:00,6.6,0.0042,2.395008,FALSE
09-01-2000 08:00,6.2,0.0046,2.464128,FALSE
14-01-2000 08:00,3.8,0.0021,0.689472,FALSE
16-01-2000 08:00,2.6,0.0017,0.381888,FALSE
20-01-2000 08:00,2.5,0.0013,0.2808,FALSE
21-01-2000 08:00,2.5,0.0013,0.2808,FALSE
22-01-2000 08:00,2.3,0.0011,0.218592,FALSE
23-01-2000 08:00,2.1,0.001,0.18144,FALSE
25-01-2000 08:00,2.5,0.0013,0.2808,FALSE
26-01-2000 08:00,2.3,0.0011,0.218592,FALSE
28-01-2000 08:00,2.6,0.0013,0.292032,FALSE
30-01-2000 08:00,2.7,0.0015,0.34992,FALSE
31-01-2000 08:00,3.2,0.0017,0.470016,FALSE
03-02-2000 08:00,2.6,0.0013,0.292032,FALSE
04-02-2000 08:00,2.6,0.0013,0.292032,FALSE
05-02-2000 08:00,2.6,0.0013,0.292032,FALSE
06-02-2000 08:00,2.5,0.0013,0.2808,FALSE
07-02-2000 08:00,2.5,0.0013,0.2808,FALSE
08-02-2000 08:00,2.4,0.0012,0.248832,FALSE
09-02-2000 08:00,2.3,0.0011,0.218592,FALSE
10-02-2000 08:00,2.3,0.0011,0.218592,FALSE
11-02-2000 08:00,1.85,0.0009,0.143856,FALSE
12-02-2000 08:00,2,0.001,0.1728,FALSE
13-02-2000 08:00,1.85,0.0009,0.143856,FALSE
14-02-2000 08:00,2.5,0.0013,0.2808,FALSE
15-02-2000 08:00,2.7,0.0014,0.326592,FALSE
16-02-2000 08:00,3.2,0.0017,0.470016,FALSE
19-02-2000 08:00,2.067,0.001,0.1785888,FALSE
20-02-2000 08:00,2.3,0.0013,0.258336,FALSE
27-02-2000 08:00,2,0.001,0.1728,FALSE
05-03-2000 08:00,2.5,0.0011,0.2376,FALSE
11-03-2000 08:00,0.2,0.0001,0.001728,FALSE
26-03-2000 08:00,1.4,0.0006,0.072576,FALSE
08-04-2000 08:00,4.5,0.002,0.7776,FALSE
09-04-2000 08:00,5.4,0.0025,1.1664,FALSE
11-04-2000 08:00,1.85,0.0016,0.255744,FALSE
14-04-2000 08:00,3.4,0.0032,0.940032,FALSE
16-04-2000 08:00,4.3,0.0082,3.046464,FALSE
18-04-2000 08:00,2.5,0.0037,0.7992,FALSE
19-04-2000 08:00,1.6,0.0026,0.359424,FALSE
21-04-2000 08:00,1.85,0.003,0.47952,FALSE
23-04-2000 08:00,1.2,0.0019,0.196992,FALSE
30-04-2000 08:00,0.8,0.0013,0.089856,FALSE
04-06-2000 08:00,14.84,0.0155,19.873728,FALSE
08-06-2000 08:00,239.7,0.1126,2331.955008,FALSE
09-06-2000 08:00,143.1,0.0564,697.320576,FALSE
10-06-2000 08:00,157.3,0.0639,868.447008,FALSE
11-06-2000 08:00,89.49,0.0329,254.3806944,FALSE
15-06-2000 08:00,39.72,0.0108,37.0635264,FALSE
18-06-2000 08:00,29.98,0.0073,18.9089856,FALSE
23-06-2000 08:00,68.69,0.0211,125.2246176,FALSE
25-06-2000 08:00,31.42,0.0074,20.0886912,FALSE
02-07-2000 08:00,103.7,0.0162,145.146816,FALSE
08-07-2000 08:00,83.19,0.0114,81.9388224,FALSE
09-07-2000 08:00,57.04,0.0078,38.4403968,FALSE
12-07-2000 08:00,479.1,0.0262,1084.529088,FALSE
16-07-2000 08:00,72.1,0.0083,51.704352,FALSE
20-07-2000 08:00,46.62,0.0069,27.7929792,FALSE
23-07-2000 08:00,28,0.0029,7.01568,FALSE
30-07-2000 08:00,16.8,0.0025,3.6288,FALSE
06-08-2000 08:00,152.1,0.0657,863.392608,FALSE
12-08-2000 08:00,93.78,0.0333,269.8163136,FALSE
13-08-2000 08:00,56.14,0.0165,80.033184,FALSE
15-08-2000 08:00,35.86,0.0094,29.1240576,FALSE
20-08-2000 08:00,82.16,0.0268,190.2431232,FALSE
22-08-2000 08:00,91.09,0.0305,240.040368,FALSE
27-08-2000 08:00,384.1,0.0237,786.513888,FALSE
28-08-2000 08:00,329.2,0.0223,634.276224,FALSE
01-09-2000 08:00,93.23,0.0346,278.7054912,FALSE
03-09-2000 08:00,62.53,0.0216,116.6959872,FALSE
09-09-2000 08:00,54.36,0.0149,69.9808896,FALSE
10-09-2000 08:00,45.79,0.0126,49.8488256,FALSE
11-09-2000 08:00,40.51,0.0106,37.1006784,FALSE
12-09-2000 08:00,44.14,0.0121,46.1457216,FALSE
13-09-2000 08:00,60.22,0.0173,90.0120384,FALSE
17-09-2000 08:00,42.51,0.0123,45.1762272,FALSE
24-09-2000 08:00,101.5,0.0381,334.12176,FALSE
25-09-2000 08:00,83.19,0.0313,224.9723808,FALSE
30-09-2000 08:00,75.07,0.0264,171.2316672,FALSE
01-10-2000 08:00,72.1,0.026,161.96544,FALSE
02-10-2000 08:00,106.5,0.0393,361.62288,FALSE
07-10-2000 08:00,154.7,0.0648,866.121984,FALSE
08-10-2000 08:00,163.9,0.0722,1022.421312,FALSE
14-10-2000 08:00,170.6,0.0731,1077.482304,FALSE
15-10-2000 08:00,78.07,0.0285,192.239568,FALSE
22-10-2000 08:00,64.41,0.0128,71.2323072,FALSE
26-10-2000 08:00,45.79,0.0126,49.8488256,FALSE
27-10-2000 08:00,39.33,0.0103,35.0005536,FALSE
29-10-2000 08:00,45.38,0.0115,45.089568,FALSE
05-11-2000 08:00,23.2,0.005,10.0224,FALSE
11-11-2000 08:00,19.15,0.0042,6.949152,FALSE
12-11-2000 08:00,18.55,0.0041,6.571152,FALSE
17-11-2000 08:00,12.45,0.0052,5.593536,FALSE
19-11-2000 08:00,11.5,0.0059,5.86224,FALSE
23-11-2000 08:00,16.8,0.0034,4.935168,FALSE
24-11-2000 08:00,19.75,0.0041,6.99624,FALSE
25-11-2000 08:00,26.85,0.006,13.91904,FALSE
26-11-2000 08:00,17.09,0.0034,5.0203584,FALSE
02-12-2000 08:00,35.38,0.0216,66.0275712,FALSE
03-12-2000 08:00,22.29,0.0192,36.9764352,FALSE
09-12-2000 08:00,11.88,0.00417,4.28022144,FALSE
10-12-2000 08:00,11.09,0.0044,4.2159744,FALSE
16-12-2000 08:00,10.32,0.0055,4.904064,FALSE
17-12-2000 08:00,10.32,0.0055,4.904064,FALSE
18-12-2000 08:00,10.7,0.0056,5.177088,FALSE
19-12-2000 08:00,10.7,0.0056,5.177088,FALSE
20-12-2000 08:00,10.32,0.0055,4.904064,FALSE
21-12-2000 08:00,9.947,0.0054,4.64087232,FALSE
22-12-2000 08:00,9.58,0.0052,4.3041024,FALSE
23-12-2000 08:00,9.58,0.0052,4.3041024,FALSE
24-12-2000 08:00,9.398,0.0052,4.22233344,FALSE
25-12-2000 08:00,9.219,0.0052,4.14191232,FALSE
27-12-2000 08:00,8.69,0.0083,6.2317728,FALSE
28-12-2000 08:00,9.041,0.0108,8.43633792,FALSE
29-12-2000 08:00,10.7,0.0151,13.959648,FALSE
30-12-2000 08:00,10.89,0.0159,14.9602464,FALSE
31-12-2000 08:00,9.762,0.0119,10.03689792,FALSE
07-01-2001 08:00,6.569,0.0048,2.72429568,FALSE
13-01-2001 08:00,4.345,0.0032,1.2013056,FALSE
14-01-2001 08:00,4.221,0.0032,1.16702208,FALSE
16-01-2001 08:00,4.098,0.0031,1.09760832,FALSE
17-01-2001 08:00,3.74,0.0031,1.0017216,FALSE
18-01-2001 08:00,3.288,0.0031,0.88065792,FALSE
19-01-2001 08:00,3.177,0.0031,0.85092768,FALSE
21-01-2001 08:00,2.964,0.0026,0.66583296,FALSE
26-01-2001 08:00,2.759,0.0032,0.76280832,FALSE
28-01-2001 08:00,2.463,0.0027,0.57456864,FALSE
04-02-2001 08:00,5.128,0.0061,2.70266112,FALSE
10-02-2001 08:00,4.098,0.011,3.8947392,FALSE
11-02-2001 08:00,3.747,0.0107,3.46402656,FALSE
16-02-2001 08:00,2.759,0.0036,0.85815936,FALSE
18-02-2001 08:00,2.759,0.0022,0.52443072,FALSE
21-02-2001 08:00,2.56,0.0007,0.1548288,FALSE
22-02-2001 08:00,2.759,0.0008,0.19070208,FALSE
23-02-2001 08:00,2.368,0.0005,0.1022976,FALSE
24-02-2001 08:00,2.275,0.0005,0.09828,FALSE
25-02-2001 08:00,2.183,0.0005,0.0943056,FALSE
26-02-2001 08:00,2.368,0.0005,0.1022976,FALSE
27-02-2001 08:00,2.183,0.0005,0.0943056,FALSE
04-03-2001 08:00,1.835,0.0011,0.1743984,FALSE
06-03-2001 08:00,1.835,0.0005,0.079272,FALSE
10-03-2001 08:00,1.592,0.0005,0.0687744,FALSE
11-03-2001 08:00,1.671,0.0005,0.0721872,FALSE
16-03-2001 08:00,0.679,0.0007,0.04106592,FALSE
18-03-2001 08:00,0.441,0.0005,0.0190512,FALSE
19-03-2001 08:30,0.732,0.0005,0.0316224,FALSE
25-03-2001 08:00,0.36,0.0006,0.0186624,FALSE
01-04-2001 08:00,2.183,0.0005,0.0943056,FALSE
05-04-2001 08:00,0.36,0.0006,0.0186624,FALSE
06-04-2001 08:00,0.441,0.0005,0.0190512,FALSE
07-04-2001 08:00,0.627,0.0007,0.03792096,FALSE
08-04-2001 08:00,0.732,0.0005,0.0316224,FALSE
10-04-2001 08:00,4.098,0.0124,4.39043328,FALSE
13-04-2001 08:00,17.66,0.0184,28.0751616,FALSE
14-04-2001 08:00,52.89,0.0252,115.1563392,FALSE
15-04-2001 08:00,17.18,0.0182,27.0152064,FALSE
20-04-2001 08:00,13.55,0.0171,20.019312,FALSE
21-04-2001 08:00,31.76,0.0211,57.8997504,FALSE
22-04-2001 08:00,18.65,0.0186,29.971296,FALSE
29-04-2001 08:00,3.286,0.0116,3.29336064,FALSE
06-05-2001 08:00,2.759,0.0117,2.78901792,FALSE
07-05-2001 08:00,7.841,0.0148,10.02644352,FALSE
10-05-2001 08:00,6.877,0.0143,8.49667104,FALSE
12-05-2001 08:00,4.098,0.0124,4.39043328,FALSE
13-05-2001 08:00,3.07,0.0117,3.1034016,FALSE
20-05-2001 08:00,1.366,0.0093,1.09760832,FALSE
24-05-2001 08:00,5.972,0.0136,7.01733888,FALSE
25-05-2001 08:00,12.7,0.0164,17.995392,FALSE
26-05-2001 08:00,12.29,0.017,18.051552,FALSE
27-05-2001 08:00,26.83,0.0207,47.9849184,FALSE
03-06-2001 08:00,7.066,0.0371,22.64963904,FALSE
04-06-2001 08:00,6.355,0.0334,18.3390048,FALSE
09-06-2001 08:00,51.48,0.0147,65.3837184,FALSE
10-06-2001 08:00,46.16,0.013,51.846912,FALSE
13-06-2001 08:00,285.8,0.1235,3049.60032,FALSE
17-06-2001 08:00,118,0.0442,450.62784,FALSE
24-06-2001 08:00,416.6,0.1778,6399.775872,FALSE
01-07-2001 08:00,61.48,0.0169,89.7706368,FALSE
06-07-2001 08:00,157.1,0.0592,803.547648,FALSE
07-07-2001 08:00,244.2,0.1021,2154.195648,FALSE
08-07-2001 08:00,538,0.2031,9440.73792,FALSE
14-07-2001 08:00,133.8,0.0223,257.795136,FALSE
15-07-2001 08:00,108.7,0.0182,170.928576,FALSE
22-07-2001 08:00,44.57,0.0114,43.8996672,FALSE
29-07-2001 08:00,98.57,0.0305,259.751664,FALSE
05-08-2001 08:00,127.6,0.0417,459.727488,FALSE
07-08-2001 08:00,113.9,0.0376,370.020096,FALSE
11-08-2001 08:00,59.69,0.0093,47.9621088,FALSE
12-08-2001 08:00,60.58,0.01,52.34112,FALSE
15-08-2001 08:00,55.31,0.0151,72.1596384,FALSE
19-08-2001 08:00,142.7,0.029,357.54912,FALSE
26-08-2001 08:00,116.8,0.0154,155.409408,FALSE
28-08-2001 08:00,66.06,0.0155,88.467552,FALSE
30-08-2001 08:00,65.14,0.0187,105.2453952,FALSE
31-08-2001 08:00,54.87,0.0148,70.1633664,FALSE
02-09-2001 08:00,46.96,0.0123,49.9053312,FALSE
08-09-2001 08:00,24.87,0.0055,11.818224,FALSE
09-09-2001 08:00,23.64,0.0055,11.233728,FALSE
16-09-2001 08:00,22.45,0.0173,33.556464,FALSE
23-09-2001 08:00,173.5,0.068,1019.3472,FALSE
30-09-2001 08:00,70.78,0.0213,130.2578496,FALSE
02-10-2001 08:00,113.3,0.0183,179.140896,FALSE
07-10-2001 08:00,60.58,0.0115,60.192288,FALSE
13-10-2001 08:00,39.2,0.01,33.8688,FALSE
14-10-2001 08:00,87.83,0.0264,200.3367168,FALSE
21-10-2001 08:00,65.14,0.0192,108.0594432,FALSE
24-10-2001 08:00,43.01,0.011,40.876704,FALSE
25-10-2001 08:00,40.7,0.0108,37.977984,FALSE
26-10-2001 08:00,88.88,0.026,199.660032,FALSE
28-10-2001 08:00,70.78,0.0361,220.7656512,FALSE
04-11-2001 08:00,97.47,0.0187,157.4803296,FALSE
05-11-2001 08:00,120.4,0.0197,204.930432,FALSE
10-11-2001 08:00,90.99,0.028,220.123008,FALSE
11-11-2001 08:00,71.74,0.021,130.165056,FALSE
14-11-2001 08:00,63.3,0.0179,97.897248,FALSE
15-11-2001 08:00,60.58,0.0172,90.0267264,FALSE
16-11-2001 08:00,270.5,0.1209,2825.57808,FALSE
18-11-2001 08:00,112.1,0.0401,388.386144,FALSE
20-11-2001 08:00,63.3,0.0179,97.897248,FALSE
25-11-2001 08:00,38.46,0.0058,19.2730752,FALSE
30-11-2001 08:00,28.03,0.011,26.639712,FALSE
02-12-2001 08:00,21.29,0.0061,11.2206816,FALSE
08-12-2001 08:00,17.34,0.0059,8.8392384,FALSE
09-12-2001 08:00,16.42,0.0058,8.2283904,FALSE
14-12-2001 08:00,13.79,0.0081,9.6507936,FALSE
16-12-2001 08:00,12.97,0.0059,6.6115872,FALSE
23-12-2001 08:00,10.64,0.004,3.677184,FALSE
25-12-2001 08:00,10.64,0.0042,3.8610432,FALSE
26-12-2001 08:00,11.01,0.0043,4.0904352,FALSE
27-12-2001 08:00,9.918,0.0044,3.77042688,FALSE
28-12-2001 08:00,9.565,0.0046,3.8015136,FALSE
29-12-2001 08:00,8.877,0.0047,3.60477216,FALSE
30-12-2001 08:00,8.877,0.0048,3.68146944,FALSE
06-01-2002 08:00,6.965,0.0046,2.7681696,FALSE
13-01-2002 08:00,6.236,0.0027,1.45473408,FALSE
20-01-2002 08:00,5.546,0.0027,1.29377088,FALSE
26-01-2002 08:00,4.524,0.0032,1.25079552,FALSE
27-01-2002 08:00,3.825,0.0037,1.222776,FALSE
03-02-2002 08:00,3.39,0.0038,1.1130048,FALSE
10-02-2002 08:00,4.77,0.0052,2.1430656,FALSE
17-02-2002 08:00,1.91,0.003,0.495072,FALSE
18-02-2002 08:00,2.787,0.0039,0.93910752,FALSE
23-02-2002 08:00,2.599,0.0042,0.94312512,FALSE
24-02-2002 08:00,2.787,0.0042,1.01134656,FALSE
03-03-2002 08:00,1.196,0.0088,0.90934272,FALSE
07-03-2002 08:00,1.196,0.005,0.516672,FALSE
08-03-2002 08:00,1.26,0.0052,0.5660928,FALSE
10-03-2002 08:00,2.073,0.0062,1.11046464,FALSE
17-03-2002 08:00,10.28,0.009,7.993728,FALSE
24-03-2002 08:00,1.462,0.0085,1.0736928,FALSE
29-03-2002 08:00,1.26,0.0062,0.6749568,FALSE
31-03-2002 08:00,4.524,0.0077,3.00972672,FALSE
07-04-2002 08:00,5.546,0.007,3.3542208,FALSE
14-04-2002 08:00,3.183,0.0063,1.73257056,FALSE
15-04-2002 08:00,3.604,0.0075,2.335392,FALSE
21-04-2002 08:00,1.679,0.0088,1.27657728,FALSE
24-04-2002 08:00,3.183,0.0047,1.29255264,FALSE
25-04-2002 08:00,6.669,0.0066,3.80293056,FALSE
28-04-2002 08:00,1.754,0.0143,2.16710208,FALSE
01-05-2002 08:00,0.742,0.0145,0.9295776,FALSE
02-05-2002 08:00,0.599,0.012,0.6210432,FALSE
03-05-2002 08:00,0.555,0.0029,0.1390608,FALSE
05-05-2002 08:00,6.669,0.0057,3.28434912,FALSE
12-05-2002 08:00,2.417,0.0068,1.42003584,FALSE
19-05-2002 08:00,44.64,0.0335,129.206016,FALSE
24-05-2002 08:00,12.77,0.0085,9.378288,FALSE
26-05-2002 08:00,9.218,0.0135,10.7518752,FALSE
02-06-2002 08:00,27.33,0.0119,28.0996128,FALSE
09-06-2002 08:00,45.42,0.0196,76.9160448,FALSE
16-06-2002 08:00,75.04,0.0336,217.8441216,FALSE
23-06-2002 08:00,84.42,0.0101,73.6682688,FALSE
30-06-2002 08:00,41.58,0.0187,67.1799744,FALSE
07-07-2002 08:00,25.54,0.0121,26.7005376,FALSE
14-07-2002 08:00,113.4,0.0279,273.357504,FALSE
21-07-2002 08:00,28.56,0.0113,27.8836992,FALSE
28-07-2002 08:00,22.69,0.0091,17.8397856,FALSE
04-08-2002 08:00,42.34,0.0185,67.676256,FALSE
11-08-2002 08:00,184.3,0.0898,1429.932096,FALSE
15-08-2002 08:00,130.2,0.0473,532.090944,FALSE
18-08-2002 08:00,408.7,0.2044,7217.707392,FALSE
21-08-2002 08:00,123.6,0.0311,332.118144,FALSE
22-08-2002 08:00,96.64,0.0258,215.4221568,FALSE
23-08-2002 08:00,78.11,0.022,148.471488,FALSE
24-08-2002 08:00,61.56,0.0188,99.9931392,FALSE
25-08-2002 08:00,59.75,0.0183,94.47192,FALSE
30-08-2002 08:00,33.07,0.0105,30.001104,FALSE
01-09-2002 08:00,26.73,0.01,23.09472,FALSE
08-09-2002 08:00,24.38,0.0053,11.1640896,FALSE
15-09-2002 08:00,17.03,0.0046,6.7684032,FALSE
22-09-2002 08:00,12.18,0.0066,6.9455232,FALSE
29-09-2002 08:00,8.82,0.0033,2.5147584,FALSE
02-10-2002 08:00,22.14,0.0085,16.259616,FALSE
06-10-2002 08:00,16.55,0.006,8.57952,FALSE
13-10-2002 08:00,257.3,0.1297,2883.324384,FALSE
14-10-2002 08:00,238.8,0.1157,2387.159424,FALSE
15-10-2002 08:00,349.2,0.1785,5385.50208,FALSE
20-10-2002 08:00,122.3,0.0594,627.663168,FALSE
27-10-2002 08:00,58.85,0.0647,328.976208,FALSE
02-11-2002 08:00,79.14,0.0448,306.3287808,FALSE
03-11-2002 08:00,60.65,0.0275,144.1044,FALSE
04-11-2002 08:00,47.8,0.0217,89.619264,FALSE
10-11-2002 08:00,44.64,0.017,65.567232,FALSE
15-11-2002 08:00,29.18,0.0071,17.9001792,FALSE
17-11-2002 08:00,22.69,0.007,13.722912,FALSE
18-11-2002 08:00,21.6,0.0064,11.943936,FALSE
19-11-2002 08:00,21.07,0.0058,10.5585984,FALSE
24-11-2002 08:00,16.08,0.006,8.335872,FALSE
29-11-2002 08:00,13,0.005,5.616,FALSE
30-11-2002 08:00,12.59,0.0053,5.7652128,FALSE
01-12-2002 08:00,12.66,0.0041,4.4846784,FALSE
06-12-2002 08:00,11.4,0.0035,3.44736,FALSE
08-12-2002 08:00,11.4,0.003,2.95488,FALSE
15-12-2002 08:00,8.235,0.0045,3.201768,FALSE
22-12-2002 08:00,6.684,0.0057,3.29173632,FALSE
24-12-2002 08:00,5.958,0.0056,2.88271872,FALSE
25-12-2002 08:00,5.723,0.0057,2.81846304,FALSE
29-12-2002 08:00,4.823,0.0055,2.2918896,FALSE
05-01-2003 08:00,4.823,0.0055,2.2918896,FALSE
12-01-2003 08:00,3.591,0.0055,1.7064432,FALSE
19-01-2003 08:00,2.344,0.0054,1.09361664,FALSE
26-01-2003 08:00,1.876,0.0052,0.84284928,FALSE
02-02-2003 08:00,2.509,0.0056,1.21395456,FALSE
09-02-2003 08:00,1.588,0.0036,0.49393152,FALSE
12-02-2003 08:00,1.071,0.0042,0.38864448,FALSE
16-02-2003 08:00,1.192,0.003,0.3089664,FALSE
23-02-2003 08:00,3.031,0.0063,1.64983392,FALSE
26-02-2003 08:00,3.591,0.0066,2.04773184,FALSE
02-03-2003 08:00,5.723,0.0121,5.98305312,FALSE
09-03-2003 08:00,1.319,0.0019,0.21652704,FALSE
13-03-2003 08:00,2.027,0.005,0.875664,FALSE
16-03-2003 08:00,8.78,0.0179,13.5787968,FALSE
23-03-2003 08:00,7.186,0.0153,9.49931712,FALSE
30-03-2003 08:00,2.027,0.005,0.875664,FALSE
06-04-2003 08:00,6.933,0.0102,6.10991424,FALSE
11-04-2003 08:00,3.031,0.0052,1.36176768,FALSE
12-04-2003 08:00,2.852,0.0052,1.28134656,FALSE
13-04-2003 08:00,2.509,0.0052,1.12724352,FALSE
14-04-2003 08:00,2.509,0.0052,1.12724352,FALSE
15-04-2003 08:00,2.509,0.0052,1.12724352,FALSE
18-04-2003 08:00,1.876,0.0038,0.61592832,FALSE
20-04-2003 08:00,1.876,0.0049,0.79422336,FALSE
27-04-2003 08:00,2.509,0.006,1.3006656,FALSE
04-05-2003 08:00,7.443,0.0152,9.77474304,FALSE
11-05-2003 08:00,3.031,0.0062,1.62364608,FALSE
14-05-2003 08:00,2.027,0.0043,0.75307104,FALSE
16-05-2003 08:00,1.588,0.0033,0.45277056,FALSE
18-05-2003 08:00,2.027,0.0033,0.57793824,FALSE
25-05-2003 08:00,1.876,0.0028,0.45384192,FALSE
01-06-2003 08:00,2.047,0.0041,0.72512928,FALSE
08-06-2003 08:00,4.944,0.0067,2.86198272,FALSE
15-06-2003 08:00,22.09,0.0085,16.222896,FALSE
22-06-2003 08:00,148.4,0.0871,1116.775296,FALSE
23-06-2003 08:00,115.5,0.0645,643.6584,FALSE
29-06-2003 08:00,30.97,0.0193,51.6430944,FALSE
06-07-2003 08:00,134,0.1002,1160.07552,FALSE
13-07-2003 08:00,49.69,0.0234,100.4612544,FALSE
20-07-2003 08:00,64.15,0.027,149.64912,FALSE
27-07-2003 08:00,64.15,0.029,160.73424,FALSE
03-08-2003 08:00,54.59,0.0457,215.5475232,FALSE
10-08-2003 08:00,37.68,0.0122,39.7177344,FALSE
15-08-2003 08:00,36.98,0.0144,46.0090368,FALSE
16-08-2003 08:00,36.98,0.0143,45.6895296,FALSE
17-08-2003 08:00,31.62,0.0136,37.1547648,FALSE
20-08-2003 08:00,28.47,0.0181,44.5225248,FALSE
24-08-2003 08:00,106.1,0.0255,233.75952,FALSE
30-08-2003 08:00,35.6,0.0133,40.908672,FALSE
31-08-2003 08:00,33.58,0.0131,38.0071872,FALSE
07-09-2003 08:00,26.65,0.0107,24.637392,FALSE
08-09-2003 08:00,25.48,0.0109,23.9960448,FALSE
14-09-2003 08:00,18.94,0.0071,11.6185536,FALSE
15-09-2003 08:00,17.94,0.0072,11.1601152,FALSE
16-09-2003 08:00,16.49,0.0073,10.4005728,FALSE
17-09-2003 08:00,16.02,0.0074,10.2425472,FALSE
18-09-2003 08:00,16.49,0.0075,10.68552,FALSE
19-09-2003 08:00,15.55,0.0076,10.210752,FALSE
20-09-2003 08:00,16.49,0.0077,10.9704672,FALSE
21-09-2003 08:00,15.09,0.0078,10.1694528,FALSE
28-09-2003 08:00,12.9,0.0081,9.027936,FALSE
02-10-2003 08:00,15.55,0.0108,14.510016,FALSE
03-10-2003 08:00,22.09,0.0124,23.6663424,FALSE
04-10-2003 08:00,42,0.014,50.8032,FALSE
05-10-2003 08:00,55.43,0.0156,74.7107712,FALSE
12-10-2003 08:00,28.47,0.0192,47.2283136,FALSE
19-10-2003 08:00,45.77,0.0302,119.4267456,FALSE
24-10-2003 08:00,82.37,0.0202,143.7587136,FALSE
25-10-2003 08:00,57.13,0.0182,89.8357824,FALSE
26-10-2003 08:00,40.53,0.0163,57.0792096,FALSE
02-11-2003 08:00,23.76,0.0082,16.8334848,FALSE
08-11-2003 08:00,17.94,0.0076,11.7801216,FALSE
09-11-2003 08:00,17.94,0.0079,12.2451264,FALSE
16-11-2003 08:00,14.64,0.005,6.32448,FALSE
23-11-2003 08:00,7.635,0.0043,2.8365552,FALSE
25-11-2003 08:00,6.677,0.0044,2.53832832,FALSE
29-11-2003 08:00,5.779,0.0049,2.44659744,FALSE
30-11-2003 08:00,7.635,0.0065,4.287816,FALSE
07-12-2003 08:00,6.857,0.0052,3.08071296,FALSE
14-12-2003 08:00,6.314,0.0053,2.89130688,FALSE
21-12-2003 08:00,6.583,0.0045,2.5594704,FALSE
25-12-2003 08:00,4.829,0.0038,1.58545728,FALSE
26-12-2003 08:00,5.3,0.0039,1.785888,FALSE
27-12-2003 08:00,5.3,0.0039,1.785888,FALSE
28-12-2003 08:00,5.062,0.0039,1.70569152,FALSE
29-12-2003 08:00,4.602,0.0039,1.55068992,FALSE
04-01-2004 08:00,2.493,0.0028,0.60310656,FALSE
11-01-2004 08:00,1.896,0.0027,0.44229888,FALSE
18-01-2004 08:00,1.631,0.0023,0.32411232,FALSE
22-01-2004 08:30,0.869,0.0022,0.16517952,FALSE
23-01-2004 08:00,2.825,0.002,0.48816,FALSE
24-01-2004 08:00,2.656,0.0018,0.41306112,FALSE
25-01-2004 08:00,2.493,0.0016,0.34463232,FALSE
26-01-2004 08:00,4.602,0.0015,0.5964192,FALSE
27-01-2004 08:00,3.958,0.0014,0.47875968,FALSE
28-01-2004 08:00,4.167,0.0013,0.46803744,FALSE
29-01-2004 08:00,3.755,0.0019,0.6164208,FALSE
30-01-2004 08:00,4.167,0.0018,0.64805184,FALSE
31-01-2004 08:00,4.829,0.0015,0.6258384,FALSE
01-02-2004 08:00,2.825,0.003,0.73224,FALSE
02-02-2004 08:00,1.761,0.0024,0.36516096,FALSE
08-02-2004 08:00,0.698,0.0018,0.10855296,FALSE
10-02-2004 08:00,0.62,0.0016,0.0857088,FALSE
11-02-2004 08:00,0.479,0.002,0.0827712,FALSE
14-02-2004 08:00,0.105,0.002,0.018144,FALSE
15-02-2004 08:00,0.056,0.002,0.0096768,FALSE
18-02-2004 08:00,2.184,0.0021,0.39626496,FALSE
19-02-2004 08:00,2.184,0.002,0.3773952,FALSE
22-02-2004 08:00,1.06,0.0015,0.137376,FALSE
26-02-2004 08:00,0.105,0.0007,0.0063504,FALSE
27-02-2004 08:00,0.255,0.0007,0.0154224,FALSE
11-03-2004 08:00,4.602,0.0015,0.5964192,FALSE
12-03-2004 08:00,4.829,0.0021,0.87617376,FALSE
13-03-2004 08:00,2.656,0.0022,0.50485248,FALSE
14-03-2004 08:00,2.825,0.0022,0.536976,FALSE
15-03-2004 08:00,2.184,0.0022,0.41513472,FALSE
16-03-2004 08:00,1.761,0.0026,0.39559104,FALSE
18-03-2004 08:00,0.255,0.002,0.044064,FALSE
19-03-2004 08:00,3.557,0.0032,0.98343936,FALSE
05-04-2004 08:00,2.336,0.0031,0.62567424,FALSE
06-04-2004 08:00,2.493,0.0029,0.62464608,FALSE
09-04-2004 08:00,3.18,0.0031,0.8517312,FALSE
11-04-2004 08:00,1.631,0.0017,0.23956128,FALSE
14-04-2004 08:00,0.962,0.002,0.1662336,FALSE
16-04-2004 08:00,0.171,0.0022,0.03250368,FALSE
18-04-2004 08:00,0.869,0.002,0.1501632,FALSE
19-04-2004 08:00,0.479,0.0018,0.07449408,FALSE
20-04-2004 08:00,0.105,0.0017,0.0154224,FALSE
24-04-2004 08:00,3.557,0.0033,1.01417184,FALSE
25-04-2004 08:00,7.425,0.0047,3.015144,FALSE
26-04-2004 08:00,3.755,0.0035,1.135512,FALSE
30-04-2004 08:00,1.631,0.0023,0.32411232,FALSE
02-05-2004 08:00,3.18,0.0048,1.3188096,FALSE
04-05-2004 08:00,3.557,0.0053,1.62882144,FALSE
09-05-2004 08:00,60.36,0.033,172.098432,FALSE
10-05-2004 08:00,48.42,0.0246,102.9138048,FALSE
16-05-2004 08:00,101.3,0.069,603.91008,FALSE
17-05-2004 08:00,40.03,0.0205,70.901136,FALSE
19-05-2004 08:00,97.73,0.0617,520.9869024,FALSE
20-05-2004 08:00,84.19,0.0471,342.6061536,FALSE
21-05-2004 08:00,48.42,0.0246,102.9138048,FALSE
22-05-2004 08:00,33.8,0.0171,49.937472,FALSE
23-05-2004 08:00,36.5,0.0147,46.35792,FALSE
30-05-2004 08:00,44.5,0.022,84.5856,FALSE
06-06-2004 08:00,165.9,0.0641,918.794016,FALSE
13-06-2004 08:00,296.5,0.0997,2554.07472,FALSE
20-06-2004 08:00,140.5,0.0345,418.8024,FALSE
27-06-2004 08:00,39.53,0.0203,69.3324576,FALSE
03-07-2004 08:00,59.9,0.0295,152.67312,FALSE
04-07-2004 08:00,117.9,0.0478,486.917568,FALSE
11-07-2004 08:00,119,0.0507,521.27712,FALSE
18-07-2004 08:00,103.3,0.0285,254.36592,FALSE
25-07-2004 08:00,101.2,0.0442,386.470656,FALSE
01-08-2004 08:00,77.52,0.0348,233.0809344,FALSE
08-08-2004 08:00,309.8,0.1096,2933.632512,FALSE
15-08-2004 08:00,110,0.0465,441.936,FALSE
22-08-2004 08:00,51.35,0.0155,68.76792,FALSE
27-08-2004 08:00,44.11,0.0143,54.4987872,FALSE
28-08-2004 08:00,41.03,0.0144,51.0478848,FALSE
29-08-2004 08:00,39.53,0.0147,50.2062624,FALSE
05-09-2004 08:00,24.46,0.011,23.246784,FALSE
07-09-2004 08:00,45.68,0.0141,55.6492032,FALSE
12-09-2004 08:00,26.99,0.0182,42.4412352,FALSE
17-09-2004 08:00,124.8,0.0517,557.466624,FALSE
18-09-2004 08:00,78.5,0.0344,233.31456,FALSE
19-09-2004 08:00,66.18,0.0304,173.8257408,FALSE
27-09-2004 08:00,59.02,0.0275,140.23152,FALSE
02-10-2004 08:00,68.95,0.0303,180.505584,FALSE
03-10-2004 08:00,79.48,0.0344,236.2272768,FALSE
10-10-2004 08:00,39.53,0.0195,66.600144,FALSE
21-10-2004 08:00,69.88,0.0308,185.9590656,FALSE
22-10-2004 08:00,60.78,0.0276,144.9384192,FALSE
23-10-2004 08:00,44.11,0.0212,80.7954048,FALSE
24-10-2004 08:00,38.04,0.0204,67.0477824,FALSE
31-10-2004 08:00,23.24,0.0074,14.8587264,FALSE
07-11-2004 08:00,47.28,0.0198,80.8828416,FALSE
12-11-2004 08:00,21.45,0.01,18.5328,FALSE
13-11-2004 08:00,20.86,0.0095,17.121888,FALSE
14-11-2004 08:00,20.28,0.009,15.769728,FALSE
17-11-2004 08:00,17.49,0.0108,16.3202688,FALSE
18-11-2004 08:00,16.41,0.0106,15.0289344,FALSE
19-11-2004 08:00,15.89,0.0104,14.2781184,FALSE
20-11-2004 08:00,21.45,0.0102,18.903456,FALSE
21-11-2004 08:00,20.28,0.01,17.52192,FALSE
26-11-2004 08:00,11,0.0105,9.9792,FALSE
28-11-2004 08:00,11,0.0102,9.69408,FALSE
05-12-2004 08:00,11.02,0.0082,7.8074496,FALSE
12-12-2004 08:00,9.655,0.008,6.673536,FALSE
19-12-2004 08:00,8.794,0.0073,5.54655168,FALSE
24-12-2004 08:00,8.379,0.0073,5.28480288,FALSE
25-12-2004 08:00,7.974,0.0072,4.96046592,FALSE
26-12-2004 08:00,7.579,0.0071,4.64926176,FALSE
27-12-2004 08:00,6.104,0.0074,3.90265344,FALSE
28-12-2004 08:00,5.427,0.0092,4.31381376,FALSE
02-01-2005 08:00,4.489,0.0065,2.5210224,FALSE
09-01-2005 08:00,3.127,0.0068,1.83717504,FALSE
16-01-2005 08:00,2.218,0.0068,1.30311936,FALSE
21-01-2005 08:00,1.823,0.0055,0.8662896,FALSE
23-01-2005 08:00,2.016,0.004,0.6967296,FALSE
26-01-2005 08:00,1.305,0.005,0.56376,FALSE
30-01-2005 08:00,2.652,0.0047,1.07692416,FALSE
06-02-2005 08:00,2.652,0.0045,1.0310976,FALSE
13-02-2005 08:00,0.752,0.0045,0.2923776,FALSE
19-02-2005 08:00,1.641,0.0042,0.59548608,FALSE
20-02-2005 08:00,2.218,0.0037,0.70905024,FALSE
27-02-2005 08:00,0.876,0.0032,0.24219648,FALSE
01-03-2005 08:00,0.211,0.0008,0.01458432,FALSE
04-03-2005 08:00,0.067,0,0,TRUE
10-03-2005 08:00,1.009,0.0048,0.41845248,FALSE
11-03-2005 08:00,1.152,0.0051,0.50761728,FALSE
12-03-2005 08:00,1.152,0.0051,0.50761728,FALSE
13-03-2005 08:00,0.876,0.0044,0.33302016,FALSE
14-03-2005 08:00,0.533,0.0033,0.15196896,FALSE
15-03-2005 08:00,1.009,0.0048,0.41845248,FALSE
16-03-2005 08:00,0.876,0.0044,0.33302016,FALSE
18-03-2005 08:00,0.876,0.0044,0.33302016,FALSE
19-03-2005 08:00,0.211,0.0008,0.01458432,FALSE
20-03-2005 08:00,0.211,0.0008,0.01458432,FALSE
21-03-2005 08:00,0.277,0.0014,0.03350592,FALSE
28-03-2005 08:00,0.533,0.0033,0.15196896,FALSE
01-04-2005 08:00,1.305,0.0054,0.6088608,FALSE
03-04-2005 08:00,1.009,0.0048,0.41845248,FALSE
10-04-2005 08:00,7.974,0.0145,9.9898272,FALSE
14-04-2005 08:00,8.794,0.0159,12.08084544,FALSE
17-04-2005 08:00,10.1,0.0268,23.386752,FALSE
21-04-2005 08:00,2.43,0.0156,3.2752512,FALSE
22-04-2005 08:00,2.016,0.0162,2.82175488,FALSE
24-04-2005 08:00,8.379,0.0152,11.00397312,FALSE
29-04-2005 08:00,11.02,0.018,17.138304,FALSE
01-05-2005 08:00,5.104,0.0118,5.20363008,FALSE
06-05-2005 08:00,2.652,0.0081,1.85597568,FALSE
07-05-2005 08:00,2.652,0.0088,2.01636864,FALSE
08-05-2005 08:00,2.43,0.0101,2.1205152,FALSE
15-05-2005 08:00,2.652,0.009,2.0621952,FALSE
16-05-2005 08:00,2.43,0.0092,1.9315584,FALSE
18-05-2005 08:00,1.305,0.0103,1.1613456,FALSE
19-05-2005 08:00,1.009,0.0094,0.81946944,FALSE
20-05-2005 08:00,0.533,0.01,0.460512,FALSE
21-05-2005 08:00,0.438,0.007,0.2649024,FALSE
22-05-2005 08:00,0.277,0.0044,0.10530432,FALSE
23-05-2005 08:00,0.533,0.0085,0.3914352,FALSE
24-05-2005 08:00,0.752,0.0098,0.63673344,FALSE
25-05-2005 08:00,1.009,0.0081,0.70613856,FALSE
26-05-2005 08:00,1.009,0.0076,0.66254976,FALSE
27-05-2005 08:00,2.43,0.0093,1.9525536,FALSE
29-05-2005 08:00,8.794,0.0085,6.4583136,FALSE
05-06-2005 08:00,17.6,0.0227,34.518528,FALSE
12-06-2005 08:00,16.04,0.0272,37.6952832,FALSE
19-06-2005 08:00,73.1,0.0533,336.634272,FALSE
26-06-2005 08:00,62.06,0.0453,242.8978752,FALSE
03-07-2005 08:00,191.8,0.0899,1489.779648,FALSE
10-07-2005 08:00,187.6,0.062,1004.93568,FALSE
17-07-2005 08:00,117.3,0.0455,461.12976,FALSE
24-07-2005 08:00,285.4,0.0355,875.37888,FALSE
31-07-2005 08:00,535,0.0485,2241.864,FALSE
07-08-2005 08:00,143.8,0.0261,324.274752,FALSE
14-08-2005 08:00,75.02,0.0245,158.802336,FALSE
15-08-2005 08:00,71.21,0.0326,200.5729344,FALSE
21-08-2005 08:00,60.3,0.016,83.35872,FALSE
28-08-2005 08:00,43.02,0.0245,91.064736,FALSE
04-09-2005 08:00,160.5,0.051,707.2272,FALSE
11-09-2005 08:00,213.4,0.0481,886.856256,FALSE
15-09-2005 08:00,180.6,0.0461,719.337024,FALSE
18-09-2005 08:00,81.86,0.0269,190.2557376,FALSE
25-09-2005 08:00,80.87,0.0186,129.9613248,FALSE
02-10-2005 08:00,40.75,0.0151,53.16408,FALSE
09-10-2005 08:00,51.77,0.0489,218.7261792,FALSE
11-10-2005 08:00,86.9,0.0642,482.023872,FALSE
12-10-2005 08:00,168.4,0.0617,897.720192,FALSE
16-10-2005 08:00,62.96,0.0199,108.2509056,FALSE
23-10-2005 08:00,92.06,0.0668,531.3261312,FALSE
30-10-2005 08:00,62.06,0.0222,119.0360448,FALSE
01-11-2005 08:00,71.21,0.0228,140.2780032,FALSE
02-11-2005 08:00,68.41,0.0208,122.9409792,FALSE
03-11-2005 08:00,61.18,0.0192,101.4902784,FALSE
06-11-2005 08:00,66.57,0.0231,132.8630688,FALSE
13-11-2005 08:00,207.5,0.0414,742.2192,FALSE
15-11-2005 08:00,74.06,0.0412,263.6299008,FALSE
20-11-2005 08:00,30.83,0.0148,39.4229376,FALSE
27-11-2005 08:00,26.3,0.0142,32.266944,FALSE
04-12-2005 08:00,202,0.0175,305.424,FALSE
11-12-2005 08:00,17.39,0.012,18.029952,FALSE
18-12-2005 08:00,12.26,0.0128,13.5585792,FALSE
25-12-2005 08:00,10.41,0.0093,8.3646432,FALSE
01-01-2006 08:00,8.038,0.0093,6.45869376,FALSE
08-01-2006 08:00,6.774,0.0086,5.03335296,FALSE
15-01-2006 08:00,5.438,0.0077,3.61779264,FALSE
22-01-2006 08:00,4.025,0.0081,2.816856,FALSE
26-01-2006 08:00,3.305,0.0079,2.2558608,FALSE
29-01-2006 08:00,2.61,0.007,1.578528,FALSE
05-02-2006 08:00,1.808,0.0076,1.18720512,FALSE
09-02-2006 08:00,1.346,0.0079,0.91872576,FALSE
12-02-2006 08:00,1.346,0.0075,0.872208,FALSE
19-02-2006 08:00,2.484,0.0069,1.48086144,FALSE
26-02-2006 08:00,1.708,0.0053,0.78212736,FALSE
05-03-2006 08:00,8.583,0.009,6.6741408,FALSE
12-03-2006 08:00,3.94,0.0066,2.2467456,FALSE
19-03-2006 08:00,1.911,0.0063,1.04019552,FALSE
26-03-2006 08:00,2.243,0.0045,0.8720784,FALSE
02-04-2006 08:00,4.111,0.0056,1.98906624,FALSE
09-04-2006 08:00,2.741,0.0053,1.25515872,FALSE
11-04-2006 08:00,3.014,0.006,1.5624576,FALSE
14-04-2006 08:00,3.614,0.0055,1.7173728,FALSE
16-04-2006 08:00,5.233,0.0058,2.62236096,FALSE
23-04-2006 08:00,5.862,0.0086,4.35570048,FALSE
30-04-2006 08:00,3.158,0.0054,1.47339648,FALSE
07-05-2006 08:00,1.808,0.005,0.781056,FALSE
13-05-2006 08:00,1.808,0.0042,0.65608704,FALSE
14-05-2006 08:00,1.52,0.0044,0.5778432,FALSE
21-05-2006 08:00,3.94,0.0058,1.9744128,FALSE
28-05-2006 08:00,376.8,0.0767,2497.008384,FALSE
06-06-2009 08:00,8.074,0.0045,3.1391712,FALSE
07-06-2009 08:00,88.81,0.0499,382.8918816,FALSE
08-06-2009 08:00,51.66,0.029,129.439296,FALSE
14-06-2009 08:00,10.16,0.0155,13.606272,FALSE
21-06-2009 08:00,22.3,0.0299,57.608928,FALSE
28-06-2009 08:00,32.34,0.0206,57.5600256,FALSE
05-07-2009 08:00,256,0.0349,771.93216,FALSE
12-07-2009 08:00,181.7,0.0161,252.751968,FALSE
17-07-2009 08:00,1125,0.2449,23804.28,FALSE
18-07-2009 08:00,1023,0.2226,19674.99072,FALSE
19-07-2009 08:00,520,0.1131,5081.3568,FALSE
26-07-2009 08:00,89.93,0.0131,101.7863712,FALSE
02-08-2009 08:00,103.9,0.0091,81.690336,FALSE
09-08-2009 08:00,50.78,0.0116,50.8937472,FALSE
15-08-2009 08:00,91.06,0.0189,148.6973376,FALSE
16-08-2009 08:00,57.09,0.0118,58.2043968,FALSE
23-08-2009 08:00,112.4,0.046,446.72256,FALSE
30-08-2009 08:00,69.65,0.0103,61.982928,FALSE
02-09-2009 08:00,80.05,0.0243,168.066576,FALSE
06-09-2009 08:00,257.7,0.0406,903.970368,FALSE
13-09-2009 08:00,64.69,0.0109,60.9224544,FALSE
20-09-2009 08:00,70.66,0.0147,89.7438528,FALSE
21-09-2009 08:00,205.2,0.0426,755.267328,FALSE
27-09-2009 08:00,135.7,0.0282,330.630336,FALSE
28-09-2009 08:00,163.8,0.034,481.17888,FALSE
02-10-2009 08:00,84.38,0.0153,111.5436096,FALSE
04-10-2009 08:00,475.1,0.0622,2553.225408,FALSE
11-10-2009 08:00,53.44,0.0061,28.1650176,FALSE
17-10-2009 08:00,54.34,0.0173,81.2230848,FALSE
18-10-2009 08:00,35.29,0.0119,36.2837664,FALSE
25-10-2009 08:00,19.9,0.0073,12.551328,FALSE
01-11-2009 08:00,16.52,0.0134,19.1261952,FALSE
02-11-2009 08:00,14.42,0.0125,15.5736,FALSE
08-11-2009 08:00,127.7,0.0868,957.688704,FALSE
15-11-2009 08:00,66.66,0.0299,172.2067776,FALSE
22-11-2009 08:00,30.2,0.0268,69.928704,FALSE
27-11-2009 08:00,20.49,0.009,15.933024,FALSE
29-11-2009 08:00,16.52,0.0134,19.1261952,FALSE
06-12-2009 08:00,17.04,0.0081,11.9252736,FALSE
13-12-2009 08:00,10.86,0.0146,13.6992384,FALSE
20-12-2009 08:00,9.305,0.0122,9.8082144,FALSE
25-12-2009 08:00,7.154,0.0263,16.25617728,FALSE
27-12-2009 08:00,6.487,0.019,10.6490592,FALSE
03-01-2010 08:00,6.817,0.0706,41.58260928,FALSE
10-01-2010 08:00,4.693,0.0232,9.40702464,FALSE
17-01-2010 08:00,3.832,0.0183,6.05885184,FALSE
24-01-2010 08:00,2.189,0.0151,2.85585696,FALSE
26-01-2010 08:00,1.734,0.006,0.8989056,FALSE
27-01-2010 08:00,1.734,0.006,0.8989056,FALSE
28-01-2010 08:00,1.734,0.006,0.8989056,FALSE
29-01-2010 08:00,1.458,0.0051,0.64245312,FALSE
30-01-2010 08:00,1.203,0.0042,0.43654464,FALSE
31-01-2010 08:00,1.203,0.0042,0.43654464,FALSE
07-02-2010 08:00,3.113,0.0138,3.71169216,FALSE
12-02-2010 08:00,2.688,0.0133,3.08883456,FALSE
14-02-2010 08:00,3.113,0.0161,4.33030752,FALSE
21-02-2010 08:00,1.394,0.0049,0.59016384,FALSE
26-02-2010 08:00,3.091,0.011,2.9376864,FALSE
28-02-2010 08:00,2.861,0.0102,2.52134208,FALSE
07-03-2010 08:00,3.692,0.012,3.8278656,FALSE
14-03-2010 08:00,0.809,0.0073,0.51025248,FALSE
21-03-2010 08:00,1.36,0.0122,1.4335488,FALSE
28-03-2010 08:00,3.327,0.0135,3.8806128,FALSE
02-04-2010 08:00,4.333,0.0127,4.75451424,FALSE
03-04-2010 08:00,3.091,0.009,2.4035616,FALSE
04-04-2010 08:00,3.327,0.0097,2.78829216,FALSE
11-04-2010 08:30,1.627,0.0048,0.67474944,FALSE
14-04-2010 08:30,2.01,0.0059,1.0246176,FALSE
18-04-2010 08:30,11.05,0.0232,22.149504,FALSE
25-04-2010 08:30,4.072,0.0229,8.05669632,FALSE
02-05-2010 08:00,27.7,0.0775,185.4792,FALSE
09-05-2010 08:30,7.25,0.0178,11.14992,FALSE
16-05-2010 08:30,3.327,0.0128,3.67939584,FALSE
23-05-2010 08:00,3.817,0.0161,5.30959968,FALSE
27-05-2010 08:00,2.638,0.0153,3.48722496,FALSE
30-05-2010 08:00,3.944,0.0133,4.53212928,FALSE
06-06-2010 08:00,1.775,0.0113,1.732968,FALSE
13-06-2010 08:00,327.7,0.0669,1894.158432,FALSE
20-06-2010 08:00,80.1,0.0218,150.869952,FALSE
27-06-2010 08:00,84.24,0.0226,164.4903936,FALSE
04-07-2010 08:00,143.6,0.0321,398.265984,FALSE
11-07-2010 08:00,184.3,0.0597,950.634144,FALSE
18-07-2010 08:00,164.2,0.0401,568.893888,FALSE
25-07-2010 08:00,97.22,0.012,100.797696,FALSE
01-08-2010 08:00,193,0.0209,348.51168,FALSE
08-08-2010 08:00,131.6,0.0202,229.678848,FALSE
15-08-2010 08:00,68.83,0.0176,104.6656512,FALSE
22-08-2010 08:00,125.8,0.0474,515.196288,FALSE
23-08-2010 08:00,101.1,0.038,331.93152,FALSE
29-08-2010 08:00,133.1,0.0201,231.146784,FALSE
05-09-2010 08:00,88.47,0.02,152.87616,FALSE
10-09-2010 08:00,154.5,0.0453,604.70064,FALSE
12-09-2010 08:00,94.68,0.0272,222.5055744,FALSE
19-09-2010 08:00,89.69,0.0184,142.5855744,FALSE
26-09-2010 08:00,107.7,0.0468,435.487104,FALSE
02-10-2010 08:00,182.6,0.075,1183.248,FALSE
03-10-2010 08:00,323.2,0.1326,3702.786048,FALSE
10-10-2010 08:00,113.1,0.0221,215.957664,FALSE
15-10-2010 08:00,90.93,0.0307,241.1900064,FALSE
16-10-2010 08:00,111.7,0.0381,367.698528,FALSE
17-10-2010 08:00,72.13,0.0246,153.3079872,FALSE
24-10-2010 08:00,148.3,0.0735,941.76432,FALSE
31-10-2010 08:00,142.1,0.0756,928.174464,FALSE
05-11-2010 08:00,127.2,0.0519,570.385152,FALSE
07-11-2010 08:00,164.2,0.0664,942.008832,FALSE
14-11-2010 08:00,107.7,0.0245,227.97936,FALSE
17-11-2010 08:00,220.3,0.0511,972.633312,FALSE
21-11-2010 08:00,117.3,0.0304,308.095488,FALSE
28-11-2010 08:00,66.68,0.0194,111.7663488,FALSE
05-12-2010 08:00,37.54,0.0115,37.299744,FALSE
12-12-2010 08:00,26.22,0.0133,30.1299264,FALSE
16-12-2010 08:00,23.54,0.0183,37.2195648,FALSE
18-12-2010 08:00,21.63,0.0172,32.1439104,FALSE
19-12-2010 08:00,20.39,0.0162,28.5394752,FALSE
25-12-2010 08:00,15.3,0.0163,21.547296,FALSE
26-12-2010 08:00,14.78,0.0157,20.0487744,FALSE
02-01-2011 08:00,16.92,0.0266,38.8862208,FALSE
09-01-2011 08:00,9.227,0.0229,18.25617312,FALSE
16-01-2011 08:00,8.042,0.0186,12.92381568,FALSE
23-01-2011 08:00,5.592,0.019,9.1798272,FALSE
26-01-2011 08:30,4.391,0.02,7.587648,FALSE
30-01-2011 08:00,3.844,0.0185,6.1442496,FALSE
06-02-2011 08:00,2.105,0.0241,4.3831152,FALSE
13-02-2011 08:00,1.225,0.0183,1.936872,FALSE
15-02-2011 08:00,1.482,0.0285,3.6492768,FALSE
20-02-2011 08:00,0.61,0.0116,0.6113664,FALSE
24-02-2011 08:00,11.87,0.0284,29.1261312,FALSE
27-02-2011 08:00,6.128,0.004,2.1178368,FALSE
02-03-2011 08:00,6.41,0.0131,7.2550944,FALSE
06-03-2011 08:00,3.078,0.0211,5.61131712,FALSE
13-03-2011 08:00,1.892,0.0259,4.23384192,FALSE
20-03-2011 08:00,0.665,0.0239,1.3731984,FALSE
27-03-2011 08:00,4.207,0.0176,6.39733248,FALSE
03-04-2011 08:00,1.774,0.0172,2.63630592,FALSE
10-04-2011 08:00,2.142,0.0269,4.97835072,FALSE
14-04-2011 08:00,2.142,0.0339,6.27383232,FALSE
15-04-2011 08:00,2.282,0.0361,7.11764928,FALSE
16-04-2011 08:00,3.193,0.0505,13.9316976,FALSE
17-04-2011 08:00,3.034,0.048,12.5826048,FALSE
22-04-2011 08:00,16.72,0.0106,15.3128448,FALSE
24-04-2011 08:00,135.9,0.0651,764.388576,FALSE
01-05-2011 08:00,18.4,0.0462,73.446912,FALSE
03-05-2011 08:00,8.892,0.0168,12.90691584,FALSE
08-05-2011 08:00,4.709,0.0216,8.78812416,FALSE
15-05-2011 08:00,2.47,0.0249,5.3138592,FALSE
17-05-2011 08:00,1.72,0.0224,3.3288192,FALSE
22-05-2011 08:00,1.795,0.0169,2.6209872,FALSE
29-05-2011 08:00,10.49,0.0195,17.673552,FALSE
05-06-2011 08:00,378,0.1069,3491.26848,FALSE
12-06-2011 08:00,195.1,0.0336,566.383104,FALSE
19-06-2011 08:00,363.3,0.0538,1688.734656,FALSE
26-06-2011 08:00,165.4,0.0437,624.497472,FALSE
03-07-2011 08:00,69.03,0.023,137.176416,FALSE
10-07-2011 08:00,122.8,0.0387,410.603904,FALSE
17-07-2011 08:00,316.8,0.065,1779.1488,FALSE
24-07-2011 08:00,162.4,0.0135,189.42336,FALSE
31-07-2011 08:00,162.4,0.0265,371.83104,FALSE
07-08-2011 08:00,211.4,0.0556,1015.531776,FALSE
14-08-2011 08:00,114.9,0.0309,306.755424,FALSE
15-08-2011 08:00,130.9,0.0444,502.153344,FALSE
21-08-2011 08:00,203.2,0.0326,572.341248,FALSE
28-08-2011 08:00,114.9,0.0247,245.205792,FALSE
31-08-2011 08:00,173,0.0334,499.23648,FALSE
04-09-2011 08:00,380.1,0.0382,1254.512448,FALSE
09-09-2011 08:00,152.1,0.0129,169.524576,FALSE
11-09-2011 08:00,228.4,0.0921,1817.479296,FALSE
18-09-2011 08:00,113.6,0.0224,219.856896,FALSE
25-09-2011 08:00,55.91,0.0166,80.1883584,FALSE
02-10-2011 08:00,34.75,0.0162,48.63888,FALSE
06-10-2011 08:00,28.63,0.0162,40.0728384,FALSE
09-10-2011 08:00,24.36,0.0133,27.9925632,FALSE
16-10-2011 08:00,121.5,0.0664,697.04064,FALSE
23-10-2011 08:00,62.83,0.034,184.569408,FALSE
26-10-2011 08:00,79.89,0.019,131.147424,FALSE
30-10-2011 08:00,76.56,0.0369,244.0855296,FALSE
06-11-2011 08:00,187.1,0.0945,1527.63408,FALSE
07-11-2011 08:00,282.3,0.1426,3478.116672,FALSE
10-11-2011 08:00,76.56,0.0206,136.2645504,FALSE
13-11-2011 08:00,53.04,0.0137,62.7823872,FALSE
20-11-2011 08:00,28.63,0.013,32.157216,FALSE
27-11-2011 08:00,21.02,0.0112,20.3406336,FALSE
04-12-2011 08:00,19.32,0.0178,29.7126144,FALSE
06-12-2011 08:00,18.31,0.0136,21.5149824,FALSE
11-12-2011 08:00,13.69,0.0202,23.8928832,FALSE
18-12-2011 08:00,10.48,0.0167,15.1213824,FALSE
25-12-2011 08:00,9.394,0.0195,15.8270112,FALSE
01-01-2012 08:00,8.368,0.0096,6.94075392,FALSE
08-01-2012 08:00,6.497,0.012,6.7360896,FALSE
15-01-2012 08:00,4.313,0.0163,6.07408416,FALSE
22-01-2012 08:00,3.772,0.0139,4.53002112,FALSE
26-01-2012 08:00,3.022,0.0142,3.70763136,FALSE
29-01-2012 08:00,3.263,0.0254,7.16084928,FALSE
05-02-2012 08:00,2.563,0.0206,4.56172992,FALSE
12-02-2012 08:00,1.568,0.024,3.2514048,FALSE
20-02-2012 08:00,4.038,0.0118,4.11682176,FALSE
26-02-2012 08:00,3.904,0.0121,4.08139776,FALSE
04-03-2012 08:00,1.153,0.0135,1.3448592,FALSE
11-03-2012 08:00,0.732,0.0158,0.99926784,FALSE
18-03-2012 08:00,5.646,0.014,6.8294016,FALSE
25-03-2012 08:00,0.796,0.0152,1.04537088,FALSE
01-04-2012 08:00,4.595,0.0156,6.1933248,FALSE
05-04-2012 08:00,6.793,0.0107,6.27999264,FALSE
06-04-2012 08:00,6.456,0.0102,5.68954368,FALSE
08-04-2012 08:00,2.788,0.0176,4.23954432,FALSE
13-04-2012 08:00,1.735,0.0128,1.9187712,FALSE
15-04-2012 08:00,1.268,0.0148,1.62141696,FALSE
22-04-2012 08:00,0.761,0.0171,1.12433184,FALSE
29-04-2012 08:00,21.75,0.0161,30.25512,FALSE
06-05-2012 08:00,5.104,0.0134,5.90920704,FALSE
13-05-2012 08:00,10.03,0.0171,14.8187232,FALSE
20-05-2012 08:00,1.054,0.0166,1.51168896,FALSE
27-05-2012 08:00,4.231,0.0138,5.04470592,FALSE
03-06-2012 08:00,5.929,0.0106,5.43001536,FALSE
04-06-2012 08:00,5.02,0.0102,4.4240256,FALSE
10-06-2012 08:00,8.294,0.0101,7.23767616,FALSE
17-06-2012 08:00,12.03,0.0203,21.0996576,FALSE
18-06-2012 08:00,189.2,0.0612,1000.429056,FALSE
19-06-2012 08:00,134,0.0433,501.31008,FALSE
24-06-2012 08:00,30.91,0.0143,38.1899232,FALSE
01-07-2012 08:00,34.82,0.0112,33.6946176,FALSE
08-07-2012 08:00,38.92,0.0144,48.4227072,FALSE
15-07-2012 08:00,34.15,0.0152,44.848512,FALSE
22-07-2012 08:00,59.75,0.0179,92.40696,FALSE
29-07-2012 08:00,85.25,0.0095,69.9732,FALSE
05-08-2012 08:00,43.96,0.0101,38.3612544,FALSE
12-08-2012 08:00,109,0.0136,128.07936,FALSE
15-08-2012 08:00,94.25,0.0107,87.13224,FALSE
19-08-2012 08:00,83.3,0.0111,79.888032,FALSE
20-08-2012 08:00,65.76,0.011,62.498304,FALSE
26-08-2012 08:00,178.3,0.0196,301.940352,FALSE
29-08-2012 08:00,134,0.0147,170.19072,FALSE
02-09-2012 08:00,123.5,0.0121,129.11184,FALSE
09-09-2012 08:00,81.37,0.0129,90.6917472,FALSE
16-09-2012 08:00,80.41,0.0129,89.6217696,FALSE
23-09-2012 08:00,34.15,0.0132,38.947392,FALSE
30-09-2012 08:00,19.88,0.0183,31.4326656,FALSE
02-10-2012 08:00,32.84,0.0198,56.1800448,FALSE
07-10-2012 08:00,15.86,0.0147,20.1434688,FALSE
14-10-2012 08:00,95.28,0.0233,191.8100736,FALSE
21-10-2012 08:00,38.92,0.0147,49.4315136,FALSE
24-10-2012 08:00,27.81,0.0152,36.5223168,FALSE
26-10-2012 08:00,19.35,0.0136,22.737024,FALSE
28-10-2012 08:00,16.83,0.0124,18.0309888,FALSE
04-11-2012 08:00,32.19,0.0163,45.3338208,FALSE
11-11-2012 08:00,15.39,0.0108,14.3607168,FALSE
13-11-2012 08:00,18.33,0.0154,24.3891648,FALSE
18-11-2012 08:00,10.59,0.01,9.14976,FALSE
24-11-2012 08:00,9.22,0.0111,8.8423488,FALSE
25-11-2012 08:00,12.24,0.0147,15.5457792,FALSE
28-11-2012 08:00,7.584,0.0092,6.02836992,FALSE
02-12-2012 08:00,7.686,0.0157,10.42590528,FALSE
09-12-2012 08:00,4.959,0.0125,5.35572,FALSE
16-12-2012 08:00,7.686,0.0155,10.2930912,FALSE
23-12-2012 08:00,5.462,0.0145,6.8427936,FALSE
25-12-2012 08:00,4.017,0.0215,7.4619792,FALSE
30-12-2012 08:00,2.402,0.012,2.4903936,FALSE
06-01-2013 08:00,6.257,0.0132,7.13598336,FALSE
13-01-2013 08:00,2.402,0.0084,1.74327552,FALSE
14-01-2013 08:00,2.402,0.0084,1.74327552,FALSE
20-01-2013 08:00,1.436,0.0156,1.93549824,FALSE
24-01-2013 08:00,1.386,0.0139,1.66453056,FALSE
26-01-2013 08:00,1.386,0.0143,1.71243072,FALSE
27-01-2013 08:00,1.386,0.0143,1.71243072,FALSE
03-02-2013 08:00,0.933,0.0221,1.78150752,FALSE
10-02-2013 08:00,0.242,0.0174,0.36381312,FALSE
17-02-2013 08:00,0.18,0.0154,0.2395008,FALSE
18-02-2013 08:00,3.09,0.0206,5.4997056,FALSE
19-02-2013 08:00,2.47,0.0165,3.521232,FALSE
24-02-2013 08:00,1.866,0.0171,2.75690304,FALSE
03-03-2013 08:00,1.394,0.0124,1.49347584,FALSE
10-03-2013 08:00,0.214,0.0117,0.21632832,FALSE
17-03-2013 08:00,0.123,0.0063,0.06695136,FALSE
18-03-2013 08:00,0.099,0.0053,0.04533408,FALSE
24-03-2013 08:00,1.479,0.0167,2.13401952,FALSE
29-03-2013 08:00,3.597,0.0233,7.24119264,FALSE
31-03-2013 08:00,2.487,0.0161,3.45951648,FALSE
07-04-2013 08:00,0.755,0.0051,0.3326832,FALSE
14-04-2013 08:00,0.32,0.0049,0.1354752,FALSE
21-04-2013 08:00,0.06,0.0009,0.0046656,FALSE
05-05-2013 08:00,0.954,0.0027,0.22254912,FALSE
12-05-2013 08:00,1.108,0.0021,0.20103552,FALSE
15-05-2013 08:00,0.304,0.0011,0.02889216,FALSE
16-05-2013 08:00,0.261,0.001,0.0225504,FALSE
19-05-2013 08:00,1.189,0.0045,0.4622832,FALSE
25-05-2013 08:00,0.954,0.0022,0.18133632,FALSE
26-05-2013 08:00,0.744,0.0017,0.10927872,FALSE
27-05-2013 08:00,9.043,0.0207,16.17322464,FALSE
28-05-2013 08:00,3.217,0.0025,0.694872,FALSE
29-05-2013 08:00,5.617,0.0044,2.13535872,FALSE
30-05-2013 08:00,4.645,0.0036,1.4447808,FALSE
31-05-2013 08:00,7.047,0.0055,3.3487344,FALSE
02-06-2013 08:00,33.9,0.0047,13.766112,FALSE
09-06-2013 08:00,23.61,0.005,10.19952,FALSE
16-06-2013 08:00,264.4,0.0339,774.417024,FALSE
23-06-2013 08:00,322.2,0.024,668.11392,FALSE
30-06-2013 08:00,110.3,0.0084,80.051328,FALSE
06-07-2013 08:00,361.2,0.0108,337.042944,FALSE
07-07-2013 08:00,222,0.0066,126.59328,FALSE
14-07-2013 08:00,186.4,0.0085,136.89216,FALSE
21-07-2013 08:00,434,0.0293,1098.67968,FALSE
28-07-2013 08:00,313.4,0.0216,584.879616,FALSE
04-08-2013 08:00,273.1,0.0118,278.430912,FALSE
09-08-2013 08:00,151.2,0.0048,62.705664,FALSE
11-08-2013 08:00,122.7,0.0038,40.284864,FALSE
15-08-2013 08:00,81.21,0.0038,26.6628672,FALSE
18-08-2013 08:00,74.34,0.0048,30.8302848,FALSE
25-08-2013 08:00,45.03,0.0025,9.72648,FALSE
01-09-2013 08:00,51.07,0.0035,15.443568,FALSE
08-09-2013 08:00,75.31,0.0077,50.1022368,FALSE
09-09-2013 08:00,113.4,0.0116,113.654016,FALSE
15-09-2013 08:00,284.7,0.0183,450.144864,FALSE
16-09-2013 08:00,227.2,0.0145,284.63616,FALSE
22-09-2013 08:00,153.7,0.0054,71.710272,FALSE
29-09-2013 08:00,56.12,0.0037,17.9404416,FALSE
02-10-2013 08:00,62.26,0.0038,20.4412032,FALSE
06-10-2013 08:00,34.27,0.0039,11.5476192,FALSE
13-10-2013 08:00,31.85,0.0166,45.680544,FALSE
16-10-2013 08:00,28.85,0.0357,88.987248,FALSE
19-10-2013 08:00,37.12,0.0222,71.1991296,FALSE
20-10-2013 08:00,153.7,0.0616,818.028288,FALSE
27-10-2013 08:00,71.48,0.0079,48.7893888,FALSE
02-11-2013 08:00,37.12,0.0109,34.9581312,FALSE
03-11-2013 08:00,34.97,0.0103,31.1205024,FALSE
10-11-2013 08:00,20.32,0.0068,11.9384064,FALSE
14-11-2013 08:00,21.46,0.0069,12.7935936,FALSE
17-11-2013 08:00,18.65,0.0057,9.184752,FALSE
24-11-2013 08:00,18.38,0.006,9.528192,FALSE
01-12-2013 08:00,30.55,0.0099,26.131248,FALSE
03-12-2013 08:00,30.55,0.0099,26.131248,FALSE
04-12-2013 08:00,25.73,0.0084,18.6738048,FALSE
08-12-2013 08:00,10.64,0.0047,4.3206912,FALSE
15-12-2013 08:00,8.104,0.0045,3.1508352,FALSE
19-12-2013 08:00,7.39,0.0046,2.9370816,FALSE
22-12-2013 08:00,5.815,0.0054,2.7130464,FALSE
25-12-2013 08:00,4.571,0.005,1.974672,FALSE
29-12-2013 08:00,3.988,0.006,2.0673792,FALSE
05-01-2014 08:00,3.434,0.0069,2.04721344,FALSE
12-01-2014 08:00,3.255,0.0053,1.4905296,FALSE
14-01-2014 08:00,1.951,0.0046,0.77540544,FALSE
19-01-2014 08:00,1.951,0.0051,0.85968864,FALSE
26-01-2014 08:00,1.662,0.0054,0.77542272,FALSE
02-02-2014 08:00,1.134,0.0082,0.80341632,FALSE
09-02-2014 08:00,3.865,0.0065,2.170584,FALSE
16-02-2014 08:00,3.169,0.0062,1.69756992,FALSE
23-02-2014 08:00,2.58,0.0042,0.9362304,FALSE
27-02-2014 08:00,1.372,0.0043,0.50972544,FALSE
02-03-2014 08:00,0.698,0.0051,0.30756672,FALSE
06-03-2014 08:00,0.564,0.0054,0.26313984,FALSE
09-03-2014 08:00,1.111,0.0056,0.53754624,FALSE
16-03-2014 08:00,0.908,0.005,0.392256,FALSE
23-03-2014 08:00,2.742,0.0055,1.3029984,FALSE
30-03-2014 08:00,2.23,0.0041,0.7899552,FALSE
05-04-2014 08:00,0.952,0.0082,0.67447296,FALSE
06-04-2014 08:00,0.87,0.0075,0.56376,FALSE
10-04-2014 08:00,1.904,0.0065,1.0692864,FALSE
25-05-2014 08:00,0,0,0,TRUE
22-06-2014 08:00,226,0.0067,130.82688,FALSE
29-06-2014 08:00,10.63,0.0036,3.3063552,FALSE
30-06-2014 08:00,10.63,0.0036,3.3063552,FALSE
06-07-2014 08:00,7.97,0.0027,1.8592416,FALSE
13-07-2014 08:00,101.9,0.0066,58.107456,FALSE
20-07-2014 08:00,282.3,0.0078,190.247616,FALSE
27-07-2014 08:00,162.6,0.0025,35.1216,FALSE
28-07-2014 08:00,145.8,0.0022,27.713664,FALSE
31-07-2014 08:00,551.1,0.0118,561.857472,FALSE
03-08-2014 08:00,403.2,0.0104,362.299392,FALSE
10-08-2014 08:00,168.3,0.0056,81.430272,FALSE
15-08-2014 08:00,118,0.0051,51.99552,FALSE
17-08-2014 08:00,97.08,0.0045,37.744704,FALSE
18-08-2014 08:00,82.02,0.0038,26.9288064,FALSE
19-08-2014 08:00,72.11,0.0033,20.5600032,FALSE
20-08-2014 08:00,154.1,0.0671,893.385504,FALSE
24-08-2014 08:00,232.4,0.0074,148.587264,FALSE
29-08-2014 08:00,111.7,0.0055,53.07984,FALSE
31-08-2014 08:00,229.1,0.0094,186.065856,FALSE
07-09-2014 08:00,208.7,0.0064,115.402752,FALSE
08-09-2014 08:00,282.3,0.0086,209.760192,FALSE
14-09-2014 08:00,135,0.0074,86.3136,FALSE
21-09-2014 08:00,43.78,0.0034,12.8608128,FALSE
22-09-2014 08:00,45.78,0.0036,14.2394112,FALSE
28-09-2014 08:00,70.12,0.0026,15.7517568,FALSE
02-10-2014 08:00,85.11,0.004,29.414016,FALSE
03-10-2014 08:00,65.39,0.0031,17.5140576,FALSE
05-10-2014 08:00,68.92,0.0021,12.5048448,FALSE
06-10-2014 08:00,85.11,0.0026,19.1191104,FALSE
12-10-2014 08:00,152.9,0.006,79.26336,FALSE
19-10-2014 08:00,187.2,0.007,113.21856,FALSE
20-10-2014 08:00,144.8,0.0055,68.80896,FALSE
21-10-2014 08:00,105.5,0.004,36.4608,FALSE
22-10-2014 08:00,89.03,0.0033,25.3842336,FALSE
26-10-2014 08:00,95.74,0.0028,23.1614208,FALSE
02-11-2014 08:00,104,0.0052,46.72512,FALSE
03-11-2014 08:00,56.33,0.0028,13.6273536,FALSE
06-11-2014 08:00,55.23,0.0038,18.1331136,FALSE
09-11-2014 08:00,32.54,0.0021,5.9040576,FALSE
10-11-2014 08:00,32.54,0.0021,5.9040576,FALSE
15-11-2014 08:00,36.14,0.0041,12.8022336,FALSE
16-11-2014 08:00,30.8,0.0035,9.31392,FALSE
23-11-2014 08:00,16.94,0.0041,6.0008256,FALSE
30-11-2014 08:00,11.88,0.0036,3.6951552,FALSE
02-12-2014 08:00,14.78,0.0036,4.5971712,FALSE
03-12-2014 08:00,14.78,0.0036,4.5971712,FALSE
07-12-2014 08:00,10.2,0.0025,2.2032,FALSE
10-12-2014 08:00,9.397,0.0023,1.86737184,FALSE
11-12-2014 08:00,22.76,0.0055,10.815552,FALSE
12-12-2014 08:00,16.87,0.0041,5.9760288,FALSE
13-12-2014 08:00,20.29,0.0048,8.4146688,FALSE
14-12-2014 08:00,20.29,0.0048,8.4146688,FALSE
21-12-2014 08:00,5.898,0.0014,0.71342208,FALSE
25-12-2014 08:00,4.214,0.001,0.3640896,FALSE
28-12-2014 08:00,3.259,0.0007,0.19710432,FALSE
04-01-2015 08:00,4.647,0.0011,0.44165088,FALSE
11-01-2015 08:00,3.429,0.0009,0.26663904,FALSE
18-01-2015 08:00,1.254,0.0003,0.03250368,FALSE
19-01-2015 08:00,1.254,0.0003,0.03250368,FALSE
25-01-2015 08:00,0.708,0.0001,0.00611712,FALSE
26-01-2015 08:00,0.708,0.0001,0.00611712,FALSE
01-02-2015 08:00,0.959,0.0002,0.01657152,FALSE
08-02-2015 08:00,0.329,0.0001,0.00284256,FALSE
15-02-2015 08:00,1.98,0.0005,0.085536,FALSE
17-02-2015 08:00,3.214,0.0008,0.22215168,FALSE
22-02-2015 08:00,2.17,0.0008,0.1499904,FALSE
23-02-2015 08:00,1.711,0.0005,0.0739152,FALSE
24-02-2015 08:00,1.106,0.0005,0.0477792,FALSE
25-02-2015 08:00,0.929,0.0002,0.01605312,FALSE
26-02-2015 08:00,0.764,0.0001,0.00660096,FALSE
27-02-2015 08:00,0.612,0.0001,0.00528768,FALSE
28-02-2015 08:00,0.473,0.0001,0.00408672,FALSE
01-03-2015 08:00,0.612,0.0001,0.00528768,FALSE
08-03-2015 08:00,4.101,0.0009,0.31889376,FALSE
09-03-2015 08:00,4.415,0.0009,0.3433104,FALSE
15-03-2015 08:00,2.938,0.0015,0.3807648,FALSE
29-03-2015 08:00,2.672,0.0008,0.18468864,FALSE
02-04-2015 08:00,3.796,0.0008,0.26237952,FALSE
03-04-2015 08:00,3.796,0.0008,0.26237952,FALSE
05-04-2015 08:00,3.5,0.0008,0.24192,FALSE
07-04-2015 08:00,3.796,0.0008,0.26237952,FALSE
08-04-2015 08:00,2.17,0.0007,0.1312416,FALSE
12-04-2015 08:00,2.416,0.0007,0.14611968,FALSE
14-04-2015 08:00,3.214,0.0008,0.22215168,FALSE
15-04-2015 08:00,2.672,0.0007,0.16160256,FALSE
16-04-2015 08:00,4.415,0.0009,0.3433104,FALSE
19-04-2015 08:00,7.643,0.018,11.8863936,FALSE
26-04-2015 08:00,2.938,0.0008,0.20307456,FALSE
03-05-2015 08:00,2.672,0.0007,0.16160256,FALSE
04-05-2015 08:00,2.17,0.0007,0.1312416,FALSE
08-05-2015 08:00,11.54,0.0025,2.49264,FALSE
09-05-2015 08:00,11.54,0.0025,2.49264,FALSE
10-05-2015 08:00,8.87,0.002,1.532736,FALSE
16-05-2015 08:00,11.07,0.0025,2.39112,FALSE
17-05-2015 08:00,48.26,0.0046,19.1804544,FALSE
20-05-2015 08:00,19.95,0.0028,4.826304,FALSE
21-05-2015 08:00,30.09,0.0036,9.3591936,FALSE
24-05-2015 08:00,6.122,0.0008,0.42315264,FALSE
28-05-2015 08:00,5.413,0.0008,0.37414656,FALSE
30-05-2015 08:00,8.87,0.0009,0.6897312,FALSE
31-05-2015 08:00,6.49,0.0008,0.4485888,FALSE
02-06-2015 08:00,7.496,0.0112,7.25372928,FALSE
03-06-2015 08:00,8.159,0.0109,7.68381984,FALSE
04-06-2015 08:00,34.9,0.01,30.1536,FALSE
05-06-2015 08:00,12.3,0.0091,9.670752,FALSE
06-06-2015 08:00,11.89,0.0093,9.5538528,FALSE
07-06-2015 08:00,8.159,0.0109,7.68381984,FALSE
08-06-2015 08:00,7.174,0.0113,7.00411968,FALSE
09-06-2015 08:00,12.3,0.0091,9.670752,FALSE
10-06-2015 08:00,10.31,0.01,8.90784,FALSE
14-06-2015 08:00,15.36,0.0078,10.3514112,FALSE
21-06-2015 08:00,68.61,0.0093,55.1295072,FALSE
28-06-2015 08:00,182.3,0.01,157.5072,FALSE
05-07-2015 08:00,36.8,0.0111,35.292672,FALSE
12-07-2015 08:00,53.51,0.004,18.493056,FALSE
18-07-2015 08:00,170,0.0115,168.912,FALSE
19-07-2015 08:00,208.4,0.0119,214.268544,FALSE
26-07-2015 08:00,75.28,0.0107,69.5948544,FALSE
02-08-2015 08:00,29.13,0.0091,22.9031712,FALSE
08-08-2015 08:00,76.4,0.0367,242.255232,FALSE
09-08-2015 08:00,44.83,0.0183,70.8816096,FALSE
15-08-2015 08:00,43.93,0.0086,32.6417472,FALSE
16-08-2015 08:00,82.16,0.017,120.676608,FALSE
23-08-2015 08:00,55.21,0.0127,60.5808288,FALSE
28-08-2015 08:00,25.49,0.0095,20.922192,FALSE
29-08-2015 08:00,27.65,0.0091,21.739536,FALSE
30-08-2015 08:00,32.19,0.0083,23.0840928,FALSE
06-09-2015 08:00,45.73,0.0116,45.8324352,FALSE
11-09-2015 08:00,40.42,0.0122,42.6059136,FALSE
13-09-2015 08:00,29.13,0.0039,9.8156448,FALSE
20-09-2015 08:00,20.74,0.0089,15.9482304,FALSE
24-09-2015 08:00,14.7,0.0089,11.303712,FALSE
27-09-2015 08:00,15.84,0.0059,8.0745984,FALSE
02-10-2015 08:00,29.13,0.0054,13.5908928,FALSE
04-10-2015 08:00,47.57,0.0024,9.8641152,FALSE
11-10-2015 08:00,83.33,0.011,79.196832,FALSE
18-10-2015 08:00,14.24,0.0086,10.5808896,FALSE
23-10-2015 08:00,11.81,0.0103,10.5099552,FALSE
24-10-2015 08:00,9.126,0.0099,7.80601536,FALSE
25-10-2015 08:00,7.696,0.0097,6.44986368,FALSE
31-10-2015 08:00,15.68,0.0128,17.3408256,FALSE
01-11-2015 08:00,63.88,0.0199,109.8327168,FALSE
08-11-2015 08:00,136.1,0.0138,162.274752,FALSE
10-11-2015 08:00,52.35,0.0131,59.251824,FALSE
15-11-2015 08:00,32.39,0.0071,19.8693216,FALSE
22-11-2015 08:00,24.02,0.0074,15.3574272,FALSE
25-11-2015 08:00,17.9,0.0121,18.713376,FALSE
29-11-2015 08:00,13.59,0.0127,14.9120352,FALSE
02-12-2015 08:00,14.05,0.0132,16.023744,FALSE
06-12-2015 08:00,11.49,0.0135,13.401936,FALSE
13-12-2015 08:00,15.4,0.0114,15.168384,FALSE
20-12-2015 08:00,11.49,0.0151,14.9903136,FALSE
24-12-2015 08:00,7.441,0.0136,8.74347264,FALSE
25-12-2015 08:00,6.913,0.0132,7.88413824,FALSE
27-12-2015 08:00,5.897,0.0126,6.41971008,FALSE
03-01-2016 08:00,4.936,0.012,5.1176448,FALSE
10-01-2016 08:00,4.936,0.0114,4.86176256,FALSE
17-01-2016 08:00,3.064,0.0107,2.83260672,FALSE
24-01-2016 08:00,3.509,0.011,3.3349536,FALSE
26-01-2016 08:00,3.064,0.0107,2.83260672,FALSE
31-01-2016 08:00,2.649,0.0105,2.4031728,FALSE
02-02-2016 08:00,2.649,0.0105,2.4031728,FALSE
07-02-2016 08:00,2.431,0.0103,2.16339552,FALSE
14-02-2016 08:00,1.242,0.0096,1.03016448,FALSE
21-02-2016 08:00,2.431,0.0103,2.16339552,FALSE
28-02-2016 08:00,0.996,0.0094,0.80891136,FALSE
13-03-2016 08:00,3.914,0.0113,3.82131648,FALSE
10-04-2016 08:00,2.431,0.0103,2.16339552,FALSE
15-05-2016 08:00,2.431,0.0103,2.16339552,FALSE
16-05-2016 08:00,3.138,0.0108,2.92813056,FALSE
21-05-2016 08:00,13.64,0.0176,20.7415296,FALSE
22-05-2016 08:00,5.664,0.0124,6.06818304,FALSE
20-04-2024 08:00,0,0,0,TRUE
21-04-2024 08:00,0,0,0,TRUE
22-04-2024 08:00,0,0,0,TRUE
23-04-2024 08:00,0,0,0,TRUE
24-04-2024 08:00,0,0,0,TRUE
25-04-2024 08:00,0,0,0,TRUE
26-04-2024 08:00,0,0,0,TRUE
27-04-2024 08:00,0,0,0,TRUE
28-04-2024 08:00,0,0,0,TRUE
29-04-2024 08:00,0,0,0,TRUE
30-04-2024 08:00,0,0,0,TRUE
05-06-1986 08:30,1.5,0,0,TRUE
06-06-1986 08:30,1.9,0,0,TRUE
07-06-1986 08:30,10.3,0,0,TRUE
10-06-1986 08:30,2.9,0,0,TRUE
11-06-1986 08:30,1.7,0,0,TRUE
12-06-1986 08:30,1.6,0,0,TRUE
13-06-1986 08:30,7.9,0,0,TRUE
14-06-1986 08:30,17.8,0,0,TRUE
16-06-1986 08:30,77.3,0,0,TRUE
17-06-1986 08:30,45.5,0,0,TRUE
18-06-1986 08:30,87.6,0,0,TRUE
19-06-1986 08:30,125.6,0,0,TRUE
20-06-1986 08:30,95.6,0,0,TRUE
21-06-1986 08:30,61.1,0,0,TRUE
23-06-1986 08:30,107.4,0,0,TRUE
24-06-1986 08:30,214.8,0,0,TRUE
25-06-1986 08:30,229.4,0,0,TRUE
26-06-1986 08:30,169.3,0,0,TRUE
27-06-1986 08:30,133.9,0,0,TRUE
28-06-1986 08:30,411.6,0,0,TRUE
30-06-1986 08:30,198.5,0,0,TRUE
01-07-1986 08:30,145.9,0,0,TRUE
02-07-1986 08:30,113.8,0,0,TRUE
03-07-1986 08:30,78.9,0,0,TRUE
04-07-1986 08:30,64.2,0,0,TRUE
05-07-1986 08:30,67.1,0,0,TRUE
08-07-1986 08:30,60.5,0,0,TRUE
09-07-1986 08:30,35.5,0,0,TRUE
10-07-1986 08:30,34.2,0,0,TRUE
11-07-1986 08:30,25.9,0,0,TRUE
12-07-1986 08:30,23.7,0,0,TRUE
14-07-1986 08:30,135.1,0,0,TRUE
15-07-1986 08:30,217.4,0,0,TRUE
16-07-1986 08:30,191.3,0,0,TRUE
17-07-1986 08:30,131.9,0,0,TRUE
18-07-1986 08:30,84.9,0,0,TRUE
19-07-1986 08:30,72.5,0,0,TRUE
21-07-1986 08:30,170.9,0,0,TRUE
22-07-1986 08:30,122.7,0,0,TRUE
23-07-1986 08:30,109.8,0,0,TRUE
24-07-1986 08:30,97.7,0,0,TRUE
25-07-1986 08:30,105.2,0,0,TRUE
26-07-1986 08:30,79.3,0,0,TRUE
28-07-1986 08:30,54.3,0,0,TRUE
29-07-1986 08:30,45.5,0,0,TRUE
30-07-1986 08:30,35.7,0,0,TRUE
31-07-1986 08:30,35.4,0,0,TRUE
01-08-1986 08:30,34.3,0,0,TRUE
02-08-1986 08:30,67.7,0,0,TRUE
05-08-1986 08:30,76.7,0,0,TRUE
06-08-1986 08:30,102.8,0,0,TRUE
07-08-1986 08:30,450.1,0,0,TRUE
08-08-1986 08:30,533.5,0,0,TRUE
12-08-1986 08:30,425.5,0,0,TRUE
13-08-1986 08:30,308,0,0,TRUE
14-08-1986 08:30,222.1,0,0,TRUE
16-08-1986 08:30,120,0,0,TRUE
18-08-1986 08:30,94,0,0,TRUE
19-08-1986 08:30,69.5,0,0,TRUE
20-08-1986 08:30,51.2,0,0,TRUE
21-08-1986 08:30,44.8,0,0,TRUE
22-08-1986 08:30,37.7,0,0,TRUE
23-08-1986 08:30,37.9,0,0,TRUE
25-08-1986 08:30,37.2,0,0,TRUE
26-08-1986 08:30,34.7,0,0,TRUE
28-08-1986 08:30,26.3,0.0022,4.999104,FALSE
29-08-1986 08:30,25.4,0.0046,10.094976,FALSE
30-08-1986 08:30,23.4,0.004,8.08704,FALSE
01-09-1986 08:30,20.5,0.0056,9.91872,FALSE
02-09-1986 08:30,20.3,0.0057,9.997344,FALSE
03-09-1986 08:30,18.1,0.0014,2.189376,FALSE
04-09-1986 08:30,17.7,0.002,3.05856,FALSE
05-09-1986 08:30,16.6,0.0021,3.011904,FALSE
06-09-1986 08:30,15.5,0.0017,2.27664,FALSE
07-09-1986 08:30,18.6,0.0068,10.927872,FALSE
08-09-1986 08:30,18.4,0.0011,1.748736,FALSE
09-09-1986 08:30,18.8,0.0099,16.080768,FALSE
10-09-1986 08:30,16.1,0.0052,7.233408,FALSE
11-09-1986 08:30,15,0.0038,4.9248,FALSE
12-09-1986 08:30,14.9,0.0076,9.783936,FALSE
13-09-1986 08:30,14.5,0.0102,12.77856,FALSE
14-09-1986 08:30,14.4,0.0091,11.321856,FALSE
15-09-1986 08:30,15.2,0.0108,14.183424,FALSE
16-09-1986 08:30,18.4,0.01,15.8976,FALSE
17-09-1986 08:30,81.6,0.0324,228.427776,FALSE
18-09-1986 08:30,170.9,0.0923,1362.879648,FALSE
19-09-1986 08:30,77.7,0.0313,210.125664,FALSE
20-09-1986 08:30,94,0.0383,311.05728,FALSE
22-09-1986 08:30,192.3,0.0955,1586.70576,FALSE
23-09-1986 08:30,137.9,0.0637,758.957472,FALSE
24-09-1986 08:30,122.4,0.0541,572.126976,FALSE
25-09-1986 08:30,126,0.0558,607.46112,FALSE
26-09-1986 08:30,138.1,0.0644,768.410496,FALSE
28-09-1986 08:30,149.8,0.0678,877.516416,FALSE
29-09-1986 08:30,131.9,0.06,683.7696,FALSE
30-09-1986 08:30,171.9,0.0849,1260.948384,FALSE
01-10-1986 08:30,212.5,0.1095,2010.42,FALSE
03-10-1986 08:30,139.6,0.0647,780.375168,FALSE
04-10-1986 08:30,117.9,0.0506,515.439936,FALSE
05-10-1986 08:30,158.6,0.0746,1022.246784,FALSE
06-10-1986 08:30,137.4,0.0634,752.644224,FALSE
07-10-1986 08:30,97.1,0.0404,338.933376,FALSE
08-10-1986 08:30,105.5,0.0443,403.80336,FALSE
09-10-1986 08:30,85.1,0.0373,274.253472,FALSE
10-10-1986 08:30,111.2,0.0485,465.97248,FALSE
11-10-1986 08:30,76.8,0.0294,195.084288,FALSE
13-10-1986 08:30,162.6,0.0757,1063.482048,FALSE
14-10-1986 08:30,80.7,0.0326,227.302848,FALSE
15-10-1986 08:30,51.2,0.0204,90.243072,FALSE
16-10-1986 08:30,44.7,0.008,30.89664,FALSE
17-10-1986 08:30,52.6,0.0075,34.0848,FALSE
18-10-1986 08:30,47.9,0.0391,161.817696,FALSE
20-10-1986 08:30,32.2,0.01,27.8208,FALSE
21-10-1986 08:30,28.9,0.01,24.9696,FALSE
22-10-1986 08:30,25.8,0.0107,23.851584,FALSE
23-10-1986 08:30,23.5,0.0133,27.00432,FALSE
24-10-1986 08:30,21.2,0.0087,15.935616,FALSE
25-10-1986 08:30,20.3,0.0043,7.541856,FALSE
27-10-1986 08:30,41,0.0141,49.94784,FALSE
28-10-1986 08:30,87.6,0.0366,277.012224,FALSE
29-10-1986 08:30,332.7,0.1961,5636.949408,FALSE
30-10-1986 08:30,132.8,0.0597,684.993024,FALSE
31-10-1986 08:30,78.5,0.0326,221.10624,FALSE
03-11-1986 08:30,106,0.0447,409.38048,FALSE
04-11-1986 08:30,76.3,0.0287,189.199584,FALSE
05-11-1986 08:30,68.2,0.027,159.09696,FALSE
06-11-1986 08:30,156.9,0.0753,1020.778848,FALSE
07-11-1986 08:30,239.8,0.1275,2641.6368,FALSE
08-11-1986 08:30,202.6,0.0997,1745.212608,FALSE
10-11-1986 08:30,140.3,0.0652,790.349184,FALSE
11-11-1986 08:30,102.4,0.0432,382.205952,FALSE
12-11-1986 08:30,236.4,0.1262,2577.629952,FALSE
13-11-1986 08:30,144.4,0.0661,824.674176,FALSE
14-11-1986 08:30,97.6,0.0413,348.268032,FALSE
15-11-1986 08:30,81.9,0.0317,224.314272,FALSE
17-11-1986 08:30,50.8,0.0078,34.235136,FALSE
18-11-1986 08:30,45.4,0.0066,25.888896,FALSE
19-11-1986 08:30,40.4,0.0041,14.311296,FALSE
20-11-1986 08:30,37.8,0.0077,25.147584,FALSE
21-11-1986 08:30,34.4,0.0054,16.049664,FALSE
22-11-1986 08:30,30.9,0.0055,14.68368,FALSE
24-11-1986 08:30,28.4,0.0036,8.833536,FALSE
25-11-1986 08:30,24.6,0.0093,19.766592,FALSE
26-11-1986 08:30,25.1,0.004,8.67456,FALSE
27-11-1986 08:30,23.5,0.0054,10.96416,FALSE
28-11-1986 08:30,23.1,0.0046,9.180864,FALSE
29-11-1986 08:30,21.4,0.0082,15.161472,FALSE
01-12-1986 08:30,19.3,0.004,6.67008,FALSE
02-12-1986 08:30,18.4,0.0029,4.610304,FALSE
03-12-1986 08:30,17.9,0.0055,8.50608,FALSE
04-12-1986 08:30,17.7,0.0072,11.010816,FALSE
05-12-1986 08:30,16.7,0.007,10.10016,FALSE
06-12-1986 08:30,15.9,0.0055,7.55568,FALSE
08-12-1986 08:30,14,0.0051,6.16896,FALSE
09-12-1986 08:30,14.3,0.0036,4.447872,FALSE
10-12-1986 08:30,14,0.0057,6.89472,FALSE
11-12-1986 08:30,13.7,0.0042,4.971456,FALSE
12-12-1986 08:30,14.1,0.0047,5.725728,FALSE
13-12-1986 08:30,13.7,0.0041,4.853088,FALSE
15-12-1986 08:30,11.9,0.005,5.1408,FALSE
16-12-1986 08:30,12.4,0.0041,4.392576,FALSE
17-12-1986 08:30,11.5,0.0043,4.27248,FALSE
18-12-1986 08:30,11.3,0.0057,5.565024,FALSE
19-12-1986 08:30,10.6,0.0064,5.861376,FALSE
20-12-1986 08:30,9.6,0.005,4.1472,FALSE
22-12-1986 08:30,10.5,0.0057,5.17104,FALSE
23-12-1986 08:30,9.9,0.0069,5.901984,FALSE
24-12-1986 08:30,10.2,0.006,5.28768,FALSE
26-12-1986 08:30,9.6,0.0055,4.56192,FALSE
27-12-1986 08:30,9.5,0.0057,4.67856,FALSE
29-12-1986 08:30,10,0.0034,2.9376,FALSE
30-12-1986 08:30,9.4,0.0103,8.365248,FALSE
31-12-1986 08:30,8.9,0.0014,1.076544,FALSE
01-01-1987 08:30,8.1,0.0032,2.239488,FALSE
02-01-1987 08:30,7.9,0.0063,4.300128,FALSE
03-01-1987 08:30,7.5,0.0052,3.3696,FALSE
05-01-1987 08:30,8,0.0067,4.63104,FALSE
06-01-1987 08:30,7.7,0.0074,4.923072,FALSE
07-01-1987 08:30,7.4,0.0075,4.7952,FALSE
08-01-1987 08:30,7,0.0069,4.17312,FALSE
09-01-1987 08:30,7,0.0031,1.87488,FALSE
10-01-1987 08:30,5.9,0.0033,1.682208,FALSE
12-01-1987 08:30,6.1,0.0014,0.737856,FALSE
13-01-1987 08:30,6.1,0.0021,1.106784,FALSE
14-01-1987 08:30,6.2,0.0066,3.535488,FALSE
15-01-1987 08:30,5.6,0.0031,1.499904,FALSE
16-01-1987 08:30,5.1,0.0015,0.66096,FALSE
17-01-1987 08:30,4.9,0.0016,0.677376,FALSE
19-01-1987 08:30,4.1,0.0015,0.53136,FALSE
20-01-1987 08:30,3.3,0.011,3.13632,FALSE
21-01-1987 08:30,3.7,0.0044,1.406592,FALSE
22-01-1987 08:30,3.5,0.0043,1.30032,FALSE
23-01-1987 08:30,3,0.0007,0.18144,FALSE
24-01-1987 08:30,3,0.0023,0.59616,FALSE
27-01-1987 08:30,2.9,0.0003,0.075168,FALSE
28-01-1987 08:30,2.6,0.0006,0.134784,FALSE
29-01-1987 08:30,2.5,0.0009,0.1944,FALSE
30-01-1987 08:30,2.3,0.0076,1.510272,FALSE
31-01-1987 08:30,2.3,0.0094,1.867968,FALSE
02-02-1987 08:30,2.3,0.0023,0.457056,FALSE
03-02-1987 08:30,2.2,0.0045,0.85536,FALSE
04-02-1987 08:30,2.1,0.0018,0.326592,FALSE
05-02-1987 08:30,2,0.0091,1.57248,FALSE
06-02-1987 08:30,1.8,0.0031,0.482112,FALSE
07-02-1987 08:30,1.7,0.0013,0.190944,FALSE
09-02-1987 08:30,1.6,0.0079,1.092096,FALSE
10-02-1987 08:30,1.2,0.006,0.62208,FALSE
11-02-1987 08:30,1.5,0.0133,1.72368,FALSE
12-02-1987 08:30,1.2,0.001,0.10368,FALSE
13-02-1987 08:30,1.3,0.0013,0.146016,FALSE
14-02-1987 08:30,1,0.0018,0.15552,FALSE
16-02-1987 08:30,1.4,0.0016,0.193536,FALSE
17-02-1987 08:30,1.5,0.0016,0.20736,FALSE
18-02-1987 08:30,1.5,0.0031,0.40176,FALSE
19-02-1987 08:30,1.7,0.0053,0.778464,FALSE
20-02-1987 08:30,1.5,0.0055,0.7128,FALSE
21-02-1987 08:30,1.4,0.0072,0.870912,FALSE
23-02-1987 08:30,1.5,0.0028,0.36288,FALSE
24-02-1987 08:30,1.4,0.0073,0.883008,FALSE
25-02-1987 08:30,1.4,0.0076,0.919296,FALSE
27-02-1987 08:30,1.2,0.0044,0.456192,FALSE
28-02-1987 08:30,1.3,0.0217,2.437344,FALSE
02-03-1987 08:30,1.4,0.0134,1.620864,FALSE
03-03-1987 08:30,1.4,0.0168,2.032128,FALSE
04-03-1987 08:30,1.1,0.0244,2.318976,FALSE
05-03-1987 08:30,2,0.0221,3.81888,FALSE
06-03-1987 08:30,1.4,0.0227,2.745792,FALSE
07-03-1987 08:30,1,0.0239,2.06496,FALSE
09-03-1987 08:30,0.7,0.0099,0.598752,FALSE
10-03-1987 08:30,0.5,0.0033,0.14256,FALSE
11-03-1987 08:30,0.8,0.0066,0.456192,FALSE
12-03-1987 08:30,0.5,0.0032,0.13824,FALSE
13-03-1987 08:30,0.3,0.0039,0.101088,FALSE
14-03-1987 08:30,0.4,0.0011,0.038016,FALSE
16-03-1987 08:30,0.3,0.0109,0.282528,FALSE
17-03-1987 08:30,0.3,0.0037,0.095904,FALSE
18-03-1987 08:30,0.4,0.0047,0.162432,FALSE
19-03-1987 08:30,0.4,0.004,0.13824,FALSE
20-03-1987 08:30,0.7,0.0043,0.260064,FALSE
21-03-1987 08:30,1.2,0.0058,0.601344,FALSE
24-03-1987 08:30,1.5,0.0063,0.81648,FALSE
25-03-1987 08:30,1.4,0.0091,1.100736,FALSE
26-03-1987 08:30,1.2,0.0107,1.109376,FALSE
27-03-1987 08:30,0.8,0.0107,0.739584,FALSE
28-03-1987 08:30,0.7,0.0019,0.114912,FALSE
30-03-1987 08:30,0.5,0.0162,0.69984,FALSE
31-03-1987 08:30,0.4,0.0137,0.473472,FALSE
01-04-1987 08:30,0.4,0.0103,0.355968,FALSE
02-04-1987 08:30,0.3,0.0127,0.329184,FALSE
03-04-1987 08:30,0.2,0.0035,0.06048,FALSE
04-04-1987 08:30,0.1,0.0055,0.04752,FALSE
06-04-1987 08:30,0,0.0092,0,TRUE
07-04-1987 08:00,0,0,0,TRUE
08-04-1987 08:30,0.1,0.0132,0.114048,FALSE
09-04-1987 08:30,0.2,0.0122,0.210816,FALSE
10-04-1987 08:30,0.2,0.0148,0.255744,FALSE
11-04-1987 08:30,0.4,0.0077,0.266112,FALSE
13-04-1987 08:30,0.7,0.0052,0.314496,FALSE
14-04-1987 08:30,0.5,0.0061,0.26352,FALSE
16-04-1987 08:30,0.4,0.0147,0.508032,FALSE
18-04-1987 08:30,0.7,0.0139,0.840672,FALSE
20-04-1987 08:30,0.6,0.0083,0.430272,FALSE
21-04-1987 08:30,0.2,0.0102,0.176256,FALSE
22-04-1987 08:30,0.4,0.0081,0.279936,FALSE
23-04-1987 08:30,0.3,0.0043,0.111456,FALSE
24-04-1987 08:30,0.6,0.0034,0.176256,FALSE
25-04-1987 08:30,0.9,0.0074,0.575424,FALSE
29-04-1987 08:30,1.3,0.0016,0.179712,FALSE
30-04-1987 08:30,1.3,0.0032,0.359424,FALSE
01-05-1987 08:30,2.6,0.005,1.1232,FALSE
02-05-1987 08:30,3.6,0.0071,2.208384,FALSE
04-05-1987 08:30,2,0.0079,1.36512,FALSE
05-05-1987 08:30,1.5,0.007,0.9072,FALSE
06-05-1987 08:30,1,0.0044,0.38016,FALSE
07-05-1987 08:30,0.7,0.0033,0.199584,FALSE
08-05-1987 08:30,0.6,0.004,0.20736,FALSE
09-05-1987 08:30,0.8,0.007,0.48384,FALSE
11-05-1987 08:30,0.3,0.0055,0.14256,FALSE
12-05-1987 08:30,0.1,0.0111,0.095904,FALSE
14-05-1987 08:30,1.6,0.0098,1.354752,FALSE
15-05-1987 08:30,1.6,0.009,1.24416,FALSE
16-05-1987 08:30,1.7,0.0084,1.233792,FALSE
19-05-1987 08:30,5.6,0.0154,7.451136,FALSE
20-05-1987 08:30,8.2,0.0261,18.491328,FALSE
21-05-1987 08:30,5,0.014,6.048,FALSE
22-05-1987 08:30,3.5,0.007,2.1168,FALSE
23-05-1987 08:30,4.9,0.0178,7.535808,FALSE
25-05-1987 08:30,3.4,0.0093,2.731968,FALSE
26-05-1987 08:30,3,0.009,2.3328,FALSE
27-05-1987 08:30,2.5,0.0097,2.0952,FALSE
28-05-1987 08:30,2.6,0.0096,2.156544,FALSE
30-05-1987 08:30,3,0.0101,2.61792,FALSE
01-06-1987 08:30,4.111,0.004,1.4207616,FALSE
02-06-1987 08:30,9.373,0.01,8.098272,FALSE
03-06-1987 08:30,50.93,0.15,660.0528,FALSE
04-06-1987 08:30,35.35,0.056,171.03744,FALSE
05-06-1987 08:30,29.72,0.025,64.1952,FALSE
06-06-1987 08:30,52.59,0.048,218.101248,FALSE
08-06-1987 08:30,23.02,0.009,17.900352,FALSE
09-06-1987 08:30,24.11,0.002,4.166208,FALSE
10-06-1987 08:30,16.75,0.03,43.416,FALSE
11-06-1987 08:30,11.76,0.015,15.24096,FALSE
12-06-1987 08:30,10.6,0.004,3.66336,FALSE
13-06-1987 08:30,14.82,0.018,23.048064,FALSE
15-06-1987 08:30,38.09,0.075,246.8232,FALSE
16-06-1987 08:30,37.78,0.071,231.757632,FALSE
17-06-1987 08:30,43.85,0.067,253.83888,FALSE
18-06-1987 08:30,83.92,0.043,311.779584,FALSE
19-06-1987 08:30,37.44,0.038,122.923008,FALSE
20-06-1987 08:30,22.29,0.022,42.368832,FALSE
22-06-1987 08:30,12.36,0.009,9.611136,FALSE
23-06-1987 08:30,10.45,0.008,7.22304,FALSE
24-06-1987 08:30,10.09,0.011,9.589536,FALSE
25-06-1987 08:30,9.474,0.005,4.092768,FALSE
26-06-1987 08:30,12.31,0.017,18.080928,FALSE
27-06-1987 08:30,22.38,0.031,59.942592,FALSE
29-06-1987 08:30,43.45,0.0344,129.140352,FALSE
30-06-1987 08:30,27.79,0.0244,58.5857664,FALSE
01-07-1987 08:30,27.39,0.019,44.963424,FALSE
02-07-1987 08:30,44.69,0.031,119.697696,FALSE
03-07-1987 08:30,38.73,0.0194,64.9176768,FALSE
04-07-1987 08:30,34.96,0.017,51.349248,FALSE
06-07-1987 08:30,48.4,0.021,87.81696,FALSE
07-07-1987 08:30,81.7,0.045,317.6496,FALSE
08-07-1987 08:30,113.4,0.064,627.05664,FALSE
09-07-1987 08:30,177.9,0.0982,1509.388992,FALSE
10-07-1987 08:30,111.5,0.061,587.6496,FALSE
11-07-1987 08:30,65,0.019,106.704,FALSE
13-07-1987 08:30,38.5,0.0114,37.92096,FALSE
14-07-1987 08:30,43.8,0.019,71.90208,FALSE
15-07-1987 08:30,115.9,0.063,630.86688,FALSE
16-07-1987 08:30,60.2,0.019,98.82432,FALSE
17-07-1987 08:30,38.9,0.014,47.05344,FALSE
18-07-1987 08:30,32.3,0.0104,29.023488,FALSE
20-07-1987 08:30,32.6,0.0094,26.476416,FALSE
21-07-1987 08:30,28.12,0.008,19.436544,FALSE
22-07-1987 08:30,22.61,0.0093,18.1675872,FALSE
23-07-1987 08:30,19.12,0.0053,8.7554304,FALSE
24-07-1987 08:30,61.42,0.038,201.654144,FALSE
25-07-1987 08:30,32.55,0.0153,43.028496,FALSE
27-07-1987 08:30,19.52,0.003,5.059584,FALSE
28-07-1987 08:30,16.83,0.003,4.362336,FALSE
29-07-1987 08:30,14.79,0.004,5.111424,FALSE
30-07-1987 08:30,13.55,0.003,3.51216,FALSE
31-07-1987 08:30,13.16,0.003,3.411072,FALSE
01-08-1987 08:30,11.9,0.006,6.16896,FALSE
03-08-1987 08:30,12.3,0.006,6.37632,FALSE
04-08-1987 08:30,14.8,0.004,5.11488,FALSE
05-08-1987 08:30,16.2,0.005,6.9984,FALSE
07-08-1987 08:30,18.2,0.005,7.8624,FALSE
08-08-1987 08:30,24.4,0.005,10.5408,FALSE
10-08-1987 08:30,17.4,0.004,6.01344,FALSE
11-08-1987 08:30,15.12,0.007,9.144576,FALSE
12-08-1987 08:30,14.08,0.006,7.299072,FALSE
13-08-1987 08:30,17.78,0.0052,7.9881984,FALSE
14-08-1987 08:30,31.82,0.0172,47.2870656,FALSE
17-08-1987 08:30,17.52,0.01,15.13728,FALSE
18-08-1987 08:30,21.14,0.009,16.438464,FALSE
19-08-1987 08:30,50.84,0.022,96.636672,FALSE
20-08-1987 08:30,48.3,0.0103,42.983136,FALSE
21-08-1987 08:30,76.1,0.04,263.0016,FALSE
22-08-1987 08:30,57.26,0.012,59.367168,FALSE
25-08-1987 08:30,193.7,0.1101,1842.598368,FALSE
26-08-1987 08:30,261.8,0.162,3664.36224,FALSE
27-08-1987 08:30,165.1,0.095,1355.1408,FALSE
28-08-1987 08:30,117.5,0.064,649.728,FALSE
29-08-1987 08:30,82.42,0.044,313.327872,FALSE
31-08-1987 08:30,63.63,0.012,65.971584,FALSE
01-09-1987 08:30,38.5,0.0053,17.62992,FALSE
02-09-1987 08:30,33.8,0.0063,18.398016,FALSE
03-09-1987 08:30,29.4,0.0033,8.382528,FALSE
04-09-1987 08:30,38,0.0143,46.94976,FALSE
07-09-1987 08:30,54.2,0.0142,66.496896,FALSE
08-09-1987 08:30,28.25,0.005,12.204,FALSE
09-09-1987 08:30,23.7,0.008,16.38144,FALSE
10-09-1987 08:30,21.65,0.007,13.09392,FALSE
11-09-1987 08:30,20.1,0.006,10.41984,FALSE
12-09-1987 08:30,16.9,0.006,8.76096,FALSE
14-09-1987 08:30,17.5,0.007,10.584,FALSE
15-09-1987 08:30,54.17,0.016,74.884608,FALSE
16-09-1987 08:30,30.85,0.011,29.31984,FALSE
17-09-1987 08:30,25.5,0.015,33.048,FALSE
18-09-1987 08:30,60.8,0.019,99.80928,FALSE
19-09-1987 08:30,65.8,0.032,181.92384,FALSE
21-09-1987 08:30,39.4,0.036,122.54976,FALSE
22-09-1987 08:30,27.2,0.014,32.90112,FALSE
23-09-1987 08:30,57.6,0.023,114.46272,FALSE
24-09-1987 08:30,58.5,0.042,212.2848,FALSE
25-09-1987 08:30,157.4,0.0881,1198.103616,FALSE
26-09-1987 08:30,71,0.018,110.4192,FALSE
28-09-1987 08:30,39.4,0.009,30.63744,FALSE
29-09-1987 08:30,35,0.01,30.24,FALSE
30-09-1987 08:30,40.92,0.011,38.890368,FALSE
01-10-1987 08:30,42.19,0.014,51.033024,FALSE
03-10-1987 08:30,53.02,0.034,155.751552,FALSE
05-10-1987 08:30,42.15,0.013,47.34288,FALSE
06-10-1987 08:30,60.91,0.018,94.727232,FALSE
07-10-1987 08:30,40.78,0.019,66.944448,FALSE
08-10-1987 08:30,43.32,0.021,78.599808,FALSE
09-10-1987 08:30,94.17,0.051,414.950688,FALSE
10-10-1987 08:30,112.8,0.065,633.4848,FALSE
12-10-1987 08:30,90.41,0.048,374.948352,FALSE
13-10-1987 08:30,76.55,0.025,165.348,FALSE
14-10-1987 08:30,50.58,0.011,48.071232,FALSE
15-10-1987 08:30,102.8,0.056,497.38752,FALSE
16-10-1987 08:30,86.24,0.046,342.752256,FALSE
17-10-1987 08:30,54.49,0.0169,79.5641184,FALSE
19-10-1987 08:30,219.2,0.132,2499.93216,FALSE
20-10-1987 08:30,128.7,0.07,778.3776,FALSE
21-10-1987 08:30,214.7,0.129,2392.96032,FALSE
23-10-1987 08:30,90.05,0.048,373.45536,FALSE
24-10-1987 08:30,64.97,0.014,78.587712,FALSE
26-10-1987 08:30,38.53,0.011,36.618912,FALSE
27-10-1987 08:30,54.07,0.024,112.119552,FALSE
28-10-1987 08:30,88.15,0.047,357.95952,FALSE
29-10-1987 08:30,51.08,0.02,88.26624,FALSE
30-10-1987 08:30,101.6,0.0565,495.97056,FALSE
31-10-1987 08:30,83.41,0.043,309.884832,FALSE
02-11-1987 08:30,45.52,0.009,35.396352,FALSE
03-11-1987 08:30,36.75,0.004,12.7008,FALSE
04-11-1987 08:30,33.41,0.006,17.319744,FALSE
06-11-1987 08:30,27.31,0.007,16.517088,FALSE
07-11-1987 08:30,50.88,0.038,167.049216,FALSE
09-11-1987 08:30,84.55,0.046,336.03552,FALSE
10-11-1987 08:30,145.6,0.082,1031.54688,FALSE
11-11-1987 08:30,56.23,0.02,97.16544,FALSE
12-11-1987 08:30,38.89,0.009,30.240864,FALSE
13-11-1987 08:30,34.58,0.009,26.889408,FALSE
16-11-1987 08:30,53.61,0.011,50.950944,FALSE
17-11-1987 08:30,42.52,0.012,44.084736,FALSE
18-11-1987 08:30,33.56,0.007,20.297088,FALSE
20-11-1987 08:30,273.7,0.1668,3944.433024,FALSE
21-11-1987 08:30,114.6,0.065424,647.7918106,FALSE
23-11-1987 08:30,59.96,0.013,67.347072,FALSE
24-11-1987 08:30,44.96,0.008,31.076352,FALSE
25-11-1987 08:30,45.19,0.011,42.948576,FALSE
26-11-1987 08:30,42.61,0.01,36.81504,FALSE
27-11-1987 08:30,36.53,0.007,22.093344,FALSE
28-11-1987 08:30,30.08,0.006,15.593472,FALSE
30-11-1987 08:30,26.49,0.007,16.021152,FALSE
01-12-1987 08:30,25,0.0052,11.232,FALSE
02-12-1987 08:30,24.26,0.0042,8.8034688,FALSE
03-12-1987 08:30,24.67,0.0066,14.0678208,FALSE
04-12-1987 08:30,24,0.0078,16.17408,FALSE
05-12-1987 08:30,23.74,0.0078,15.9988608,FALSE
07-12-1987 08:30,27.66,0.0054,12.9050496,FALSE
08-12-1987 08:30,29.02,0.004,10.029312,FALSE
09-12-1987 08:30,28.08,0.0064,15.5271168,FALSE
10-12-1987 08:30,32.05,0.0069,19.106928,FALSE
11-12-1987 08:30,40.32,0.0152,52.9514496,FALSE
12-12-1987 08:30,29.36,0.0037,9.3858048,FALSE
14-12-1987 08:30,25.89,0.0056,12.5266176,FALSE
15-12-1987 08:30,28.28,0.0079,19.3027968,FALSE
16-12-1987 08:30,47.13,0.012,48.864384,FALSE
17-12-1987 08:30,31.65,0.0049,13.399344,FALSE
18-12-1987 08:30,26.85,0.0348,80.730432,FALSE
19-12-1987 08:30,23.9,0.0046,9.498816,FALSE
21-12-1987 08:30,22.32,0.0024,4.6282752,FALSE
22-12-1987 08:30,21.55,0.0009,1.675728,FALSE
23-12-1987 08:30,21.1,0.0012,2.187648,FALSE
26-12-1987 08:30,27.17,0.0035,8.216208,FALSE
28-12-1987 08:30,21.5,0.0039,7.24464,FALSE
29-12-1987 08:30,20.6,0.0009,1.601856,FALSE
30-12-1987 08:30,18.54,0.0003,0.4805568,FALSE
31-12-1987 08:30,19.34,0.004,6.683904,FALSE
01-01-1988 08:30,18.25,0.0029,4.57272,FALSE
02-01-1988 08:30,16.92,0.0056,8.1865728,FALSE
04-01-1988 08:30,12.71,0.0034,3.7336896,FALSE
05-01-1988 08:30,15.92,0.0093,12.7920384,FALSE
06-01-1988 08:30,16.6,0.0022,3.155328,FALSE
07-01-1988 08:30,16.73,0.0009,1.3009248,FALSE
08-01-1988 08:30,15.86,0.0038,5.2071552,FALSE
09-01-1988 08:30,15.23,0.0017,2.2369824,FALSE
11-01-1988 08:30,14.5,0.003,3.7584,FALSE
12-01-1988 08:30,14.32,0.0022,2.7219456,FALSE
13-01-1988 08:30,13.31,0.003,3.449952,FALSE
14-01-1988 08:30,9.84,0.0044,3.7407744,FALSE
15-01-1988 08:30,10.13,0.0024,2.1005568,FALSE
16-01-1988 08:30,9.58,0.0011,0.9104832,FALSE
18-01-1988 08:30,8.096,0.0025,1.748736,FALSE
19-01-1988 08:30,8.51,0.0063,4.6321632,FALSE
20-01-1988 08:30,7.5,0.0046,2.9808,FALSE
21-01-1988 08:30,6.268,0.0074,4.00750848,FALSE
25-01-1988 08:30,4.742,0.0048,1.96660224,FALSE
27-01-1988 08:30,4.292,0.0033,1.22373504,FALSE
28-01-1988 08:30,4.336,0.0066,2.47256064,FALSE
29-01-1988 08:30,3.982,0.0099,3.40604352,FALSE
30-01-1988 08:30,3.696,0.0017,0.54286848,FALSE
01-02-1988 08:30,3.365,0.0041,1.1920176,FALSE
02-02-1988 08:30,2.702,0.0013,0.30348864,FALSE
03-02-1988 08:30,2.757,0.0015,0.3573072,FALSE
04-02-1988 08:30,2.668,0.0021,0.48408192,FALSE
05-02-1988 08:30,2.902,0.0022,0.55161216,FALSE
06-02-1988 08:30,2.696,0.0023,0.53574912,FALSE
08-02-1988 08:30,3.214,0.0023,0.63868608,FALSE
09-02-1988 08:30,2.792,0.0018,0.43421184,FALSE
10-02-1988 08:30,2.744,0.0006,0.14224896,FALSE
11-02-1988 08:30,2.688,0.0023,0.53415936,FALSE
12-02-1988 08:30,2.678,0.0047,1.08748224,FALSE
13-02-1988 08:30,2.534,0.0015,0.3284064,FALSE
15-02-1988 08:30,2.5,0.0046,0.9936,FALSE
17-02-1988 08:30,2.634,0.002,0.4551552,FALSE
18-02-1988 08:30,2.768,0.0006,0.14349312,FALSE
19-02-1988 08:30,2.676,0.0006,0.13872384,FALSE
20-02-1988 08:30,2.54,0.0009,0.1975104,FALSE
22-02-1988 08:30,2.406,0.0018,0.37418112,FALSE
23-02-1988 08:30,1.918,0.0035,0.5800032,FALSE
24-02-1988 08:30,2.048,0.0027,0.47775744,FALSE
25-02-1988 08:30,3.514,0.0035,1.0626336,FALSE
26-02-1988 08:30,3.55,0.0041,1.257552,FALSE
27-02-1988 08:30,5.888,0.0031,1.57704192,FALSE
29-02-1988 08:30,7.568,0.0039,2.55011328,FALSE
01-03-1988 08:30,7.794,0.0126,8.48486016,FALSE
02-03-1988 08:30,14.05,0.0144,17.480448,FALSE
03-03-1988 08:30,17.29,0.0049,7.3198944,FALSE
04-03-1988 08:30,15.1,0.002,2.60928,FALSE
05-03-1988 08:30,20.5,0.01422,25.186464,FALSE
07-03-1988 08:30,14.13,0.0063,7.6912416,FALSE
08-03-1988 08:30,13.26,0.0056,6.4157184,FALSE
09-03-1988 08:30,12,0.0029,3.00672,FALSE
10-03-1988 08:30,9.824,0.002,1.6975872,FALSE
11-03-1988 08:30,7.448,0.0006,0.38610432,FALSE
12-03-1988 08:30,5.584,0.0003,0.14473728,FALSE
14-03-1988 08:30,1.652,0.0023,0.32828544,FALSE
15-03-1988 08:30,1.048,0.0012,0.10865664,FALSE
16-03-1988 08:30,1.476,0.0007,0.08926848,FALSE
17-03-1988 08:30,6.534,0.003,1.6936128,FALSE
18-03-1988 08:30,1.776,0.0055,0.8439552,FALSE
19-03-1988 08:30,6.618,0.0032,1.82974464,FALSE
21-03-1988 08:30,4.958,0.0063,2.69873856,FALSE
22-03-1988 08:30,5.898,0.002,1.0191744,FALSE
23-03-1988 08:30,4.786,0.0033,1.36458432,FALSE
24-03-1988 08:30,3.312,0.0038,1.08739584,FALSE
25-03-1988 08:30,2.372,0.0045,0.9222336,FALSE
26-03-1988 08:30,1.74,0.0057,0.8569152,FALSE
28-03-1988 08:30,1.64,0.0039,0.5526144,FALSE
29-03-1988 08:30,0.916,0.0067,0.53025408,FALSE
30-03-1988 08:30,0.896,0.0101,0.78188544,FALSE
02-04-1988 08:30,0,0,0,TRUE
03-04-1988 08:30,0,0,0,TRUE
04-04-1988 08:30,0,0,0,TRUE
05-04-1988 08:30,0,0,0,TRUE
06-04-1988 08:30,0,0,0,TRUE
07-04-1988 08:30,0.424,0,0,TRUE
08-04-1988 08:30,0.96,0.004,0.331776,FALSE
09-04-1988 08:30,3.928,0.0049,1.66295808,FALSE
11-04-1988 08:30,11.2,0.0065,6.28992,FALSE
12-04-1988 08:30,12.6,0.018,19.59552,FALSE
13-04-1988 08:30,18.57,0.0248,39.7903104,FALSE
15-04-1988 08:30,20.8,0.0379,68.110848,FALSE
16-04-1988 08:30,12.76,0.0068,7.4967552,FALSE
19-04-1988 08:30,40.44,0.0527,184.1346432,FALSE
20-04-1988 08:30,27.5,0.0485,115.236,FALSE
21-04-1988 08:30,23.83,0.0302,62.1791424,FALSE
22-04-1988 08:30,28.52,0.0297,73.1846016,FALSE
23-04-1988 08:30,15.82,0.021,28.703808,FALSE
26-04-1988 08:30,25.8,0.0172,38.340864,FALSE
27-04-1988 08:30,13.96,0.0121,14.5943424,FALSE
28-04-1988 08:30,17.65,0.0214,32.634144,FALSE
29-04-1988 08:30,19.71,0.0294,50.0665536,FALSE
09-05-1988 08:30,12.71,0.0194,21.3039936,FALSE
10-05-1988 08:30,10.2,0.0199,17.537472,FALSE
11-05-1988 08:30,9.149,0.0185,14.6237616,FALSE
12-05-1988 08:30,8.496,0.019,13.9470336,FALSE
23-05-1988 08:30,3.848,0.0163,5.41921536,FALSE
24-05-1988 08:30,3.013,0.023,5.9874336,FALSE
25-05-1988 08:30,2.791,0.0094,2.26673856,FALSE
26-05-1988 08:30,2.699,0.0119,2.77500384,FALSE
27-05-1988 08:30,4.048,0.012,4.1969664,FALSE
28-05-1988 08:30,5.818,0.059,29.6578368,FALSE
01-06-1988 08:00,12.04,0.029,30.167424,FALSE
02-06-1988 08:00,14.93,0.016,20.639232,FALSE
03-06-1988 08:00,223.7,0.325,6281.496,FALSE
06-06-1988 08:00,101.8,0.0645,567.31104,FALSE
07-06-1988 08:00,95.39,0.069,568.677024,FALSE
08-06-1988 08:00,202.5,0.149,2606.904,FALSE
09-06-1988 08:00,208.9,0.156,2815.63776,FALSE
13-06-1988 08:00,108.6,0.049,459.76896,FALSE
14-06-1988 08:00,112.6,0.0408,396.928512,FALSE
15-06-1988 08:00,97.58,0.033,278.220096,FALSE
16-06-1988 08:00,95.08,0.06,492.89472,FALSE
17-06-1988 08:00,101.8,0.049,430.98048,FALSE
18-06-1988 08:00,77.43,0.027,180.628704,FALSE
20-06-1988 08:00,73.16,0.031,195.951744,FALSE
21-06-1988 08:00,69.34,0.026,155.765376,FALSE
22-06-1988 08:00,69.2,0.033,197.30304,FALSE
23-06-1988 08:00,61.13,0.025,132.0408,FALSE
24-06-1988 08:00,63.47,0.026,142.579008,FALSE
25-06-1988 08:00,80.51,0.033,229.550112,FALSE
27-06-1988 08:00,121.7,0.081,851.70528,FALSE
28-06-1988 08:00,103.7,0.046,412.14528,FALSE
29-06-1988 08:00,72.48,0.023,144.032256,FALSE
30-06-1988 08:00,74.72,0.018,116.204544,FALSE
01-07-1988 09:00,76.9,0.0263,174.741408,FALSE
02-07-1988 09:00,73.86,0.033,210.589632,FALSE
04-07-1988 09:00,49.75,0.0133,57.16872,FALSE
05-07-1988 09:00,44.58,0.0143,55.0794816,FALSE
07-07-1988 09:00,45.35,0.011,43.10064,FALSE
08-07-1988 09:00,55.85,0.0154,74.311776,FALSE
09-07-1988 08:00,96.12,0.046,382.019328,FALSE
12-07-1988 09:00,80.12,0.0374,258.8965632,FALSE
13-07-1988 09:00,85.25,0.0264,194.45184,FALSE
14-07-1988 09:00,67.52,0.0204,119.0080512,FALSE
15-07-1988 09:00,58.47,0.0144,72.7460352,FALSE
16-07-1988 08:00,111.1,0.0502,481.871808,FALSE
17-07-1988 09:00,356.6,0.091,2803.73184,FALSE
19-07-1988 09:00,436.9,0.0723588,2731.41156,FALSE
20-07-1988 09:00,348.6,0.072,2168.57088,FALSE
21-07-1988 09:00,211.1,0.0303,552.642912,FALSE
22-07-1988 09:00,203.2,0.027,474.02496,FALSE
26-07-1988 09:00,151.1,0.043,561.36672,FALSE
27-07-1988 09:00,149.7,0.03,388.0224,FALSE
28-07-1988 09:00,146.6,0.018,227.99232,FALSE
29-07-1988 09:00,109.8,0.025,237.168,FALSE
30-07-1988 09:00,112.6,0.034,330.77376,FALSE
01-08-1988 09:00,91.75,0.018,142.6896,FALSE
02-08-1988 09:00,83.05,0.022,157.86144,FALSE
03-08-1988 09:00,85.87,0.071,526.760928,FALSE
04-08-1988 09:00,323.4,0.0285,796.34016,FALSE
05-08-1988 09:00,404.7,0.0685,2395.17648,FALSE
06-08-1988 08:00,257.3,0.0365,811.42128,FALSE
08-08-1988 09:00,177,0.051,779.9328,FALSE
09-08-1988 09:00,185.5,0.026,416.7072,FALSE
10-08-1988 09:00,148.3,0.027,345.95424,FALSE
11-08-1988 09:00,132,0.023,262.3104,FALSE
12-08-1988 09:00,128.3,0.021,232.78752,FALSE
16-08-1988 09:00,93.03,0.027,217.020384,FALSE
17-08-1988 09:00,239.9,0.0845,1751.46192,FALSE
18-08-1988 09:00,145.8,0.079,995.17248,FALSE
19-08-1988 09:00,207.1,0.0367,656.689248,FALSE
20-08-1988 09:00,188.9,0.034,554.91264,FALSE
22-08-1988 09:00,144.7,0.017,212.53536,FALSE
23-08-1988 09:00,164.7,0.04,569.2032,FALSE
24-08-1988 09:00,353.9,0.442,13515.01632,FALSE
25-08-1988 09:00,296.1,0.144,3683.95776,FALSE
27-08-1988 08:00,198.3,0.283,4848.67296,FALSE
29-08-1988 09:00,128.7,0.027,300.23136,FALSE
30-08-1988 09:00,143.6,0.03,372.2112,FALSE
31-08-1988 09:00,109.2,0.047,443.43936,FALSE
01-09-1988 09:00,101.4,0.0234,205.006464,FALSE
02-09-1988 09:00,127.6,0.045,496.1088,FALSE
03-09-1988 09:00,285.6,0.209,5157.25056,FALSE
05-09-1988 09:00,153.1,0.03,396.8352,FALSE
06-09-1988 09:00,122.4,0.022,232.65792,FALSE
07-09-1988 09:00,103.2,0.017,151.58016,FALSE
08-09-1988 09:00,96.94,0.022,184.263552,FALSE
09-09-1988 09:00,129.8,0.187,2097.15264,FALSE
10-09-1988 09:00,235.9,0.147,2996.11872,FALSE
12-09-1988 09:00,164,0.1,1416.96,FALSE
13-09-1988 09:00,131.1,0.0286,323.953344,FALSE
14-09-1988 09:00,160.9,0.066,917.51616,FALSE
15-09-1988 09:00,227.6,0.7859,15454.44058,FALSE
16-09-1988 09:00,163.3,0.126,1777.74912,FALSE
17-09-1988 09:00,170.1,0.083,1219.82112,FALSE
19-09-1988 09:00,187.5,0.071,1150.2,FALSE
20-09-1988 09:00,220.2,0.066,1255.66848,FALSE
21-09-1988 09:00,165.8,0.042,601.65504,FALSE
22-09-1988 09:00,216,0.065,1213.056,FALSE
23-09-1988 09:00,212.7,0.056,1029.12768,FALSE
24-09-1988 09:00,172.8,0.037,552.40704,FALSE
26-09-1988 09:00,207.6,0.075,1345.248,FALSE
27-09-1988 09:00,139.9,0.032,386.79552,FALSE
28-09-1988 09:00,112.3,0.031,300.78432,FALSE
29-09-1988 09:00,95.58,0.022,181.678464,FALSE
30-09-1988 09:00,86.72,0.02,149.85216,FALSE
01-10-1988 09:00,78.5,0.022,149.2128,FALSE
03-10-1988 09:00,85.85,0.043,318.94992,FALSE
04-10-1988 09:00,67.93,0.02,117.38304,FALSE
05-10-1988 09:00,100.4,0.04413,382.8083328,FALSE
06-10-1988 13:00,67.2,0.023,133.53984,FALSE
07-10-1988 09:00,76.75,0.019,125.9928,FALSE
08-10-1988 09:00,63.93,0.01,55.23552,FALSE
10-10-1988 09:00,49.03,0.016,67.779072,FALSE
11-10-1988 09:00,78.61,0.023,156.213792,FALSE
12-10-1988 09:00,47.66,0.012,49.413888,FALSE
13-10-1988 09:00,40.27,0.009,31.313952,FALSE
14-10-1988 09:00,39.38,0.007,23.817024,FALSE
15-10-1988 09:00,51.33,0.01,44.34912,FALSE
17-10-1988 09:00,34.95,0.006,18.11808,FALSE
18-10-1988 09:00,64.16,0.022,121.955328,FALSE
19-10-1988 09:00,104.3,0.0522,470.401344,FALSE
21-10-1988 09:00,46.4,0.012,48.10752,FALSE
22-10-1988 09:00,53.58,0.057,263.870784,FALSE
24-10-1988 09:00,38.03,0.045,147.86064,FALSE
25-10-1988 09:00,38.9,0.005,16.8048,FALSE
26-10-1988 09:00,45.05,0.003,11.67696,FALSE
27-10-1988 09:00,35.5,0.004,12.2688,FALSE
28-10-1988 09:00,32.03,0.005,13.83696,FALSE
29-10-1988 09:00,28.97,0.007,17.521056,FALSE
31-10-1988 09:00,23.38,0.006,12.120192,FALSE
01-11-1988 08:45,25.84,0.009,20.093184,FALSE
02-11-1988 08:45,33.43,0.0083,23.9733216,FALSE
03-11-1988 08:45,24.01,0.006,12.446784,FALSE
04-11-1988 08:45,21.51,0.007,13.009248,FALSE
05-11-1988 08:45,21.13,0.008,14.605056,FALSE
07-11-1988 08:45,18.89,0.007,11.424672,FALSE
09-11-1988 08:45,21.9,0.008,15.13728,FALSE
10-11-1988 08:45,18.92,0.007,11.442816,FALSE
11-11-1988 08:45,17.79,0.006,9.222336,FALSE
12-11-1988 08:45,16.44,0.009,12.783744,FALSE
15-11-1988 08:45,16.25,0.009,12.636,FALSE
16-11-1988 08:45,15.67,0.012,16.246656,FALSE
17-11-1988 08:45,14.86,0.006,7.703424,FALSE
18-11-1988 08:45,15.64,0.001,1.351296,FALSE
19-11-1988 08:45,17.01,0.002,2.939328,FALSE
21-11-1988 08:45,18.49,0.003,4.792608,FALSE
22-11-1988 08:45,15.96,0.001,1.378944,FALSE
24-11-1988 08:45,15.35,0.001,1.32624,FALSE
25-11-1988 08:45,14.97,0.001,1.293408,FALSE
26-11-1988 08:45,14.57,0.003,3.776544,FALSE
28-11-1988 08:45,14.62,0.007,8.842176,FALSE
29-11-1988 08:45,14.09,0.002,2.434752,FALSE
30-11-1988 08:45,13.6,0.003,3.52512,FALSE
01-12-1988 08:45,13.9,0.0153,18.374688,FALSE
02-12-1988 08:45,14.07,0.0129,15.6818592,FALSE
03-12-1988 08:45,13.61,0.0074,8.7016896,FALSE
05-12-1988 08:45,14.06,0.0194,23.5668096,FALSE
06-12-1988 08:45,13.77,0.0155,18.440784,FALSE
07-12-1988 08:45,12.95,0.012,13.42656,FALSE
08-12-1988 08:45,12.21,0.0148,15.6131712,FALSE
09-12-1988 08:45,11.41,0.004,3.943296,FALSE
10-12-1988 08:45,11.07,0.0046,4.3996608,FALSE
12-12-1988 08:45,9.985,0.0034,2.9331936,FALSE
13-12-1988 08:45,10.43,0.001,0.901152,FALSE
14-12-1988 08:45,21.35,0.004,7.37856,FALSE
15-12-1988 08:45,12.66,0.006,6.562944,FALSE
16-12-1988 08:30,10.8,0.004,3.73248,FALSE
17-12-1988 08:45,9.685,0.004,3.347136,FALSE
19-12-1988 08:45,7.95,0.002,1.37376,FALSE
20-12-1988 08:30,8.155,0.003,2.113776,FALSE
21-12-1988 08:30,7.854,0.003,2.0357568,FALSE
22-12-1988 08:30,7.137,0.003,1.8499104,FALSE
23-12-1988 08:30,7.137,0.004,2.4665472,FALSE
24-12-1988 08:00,7.822,0.006,4.0549248,FALSE
26-12-1988 08:30,6.986,0.005,3.017952,FALSE
27-12-1988 08:30,7.312,0.003,1.8952704,FALSE
28-12-1988 08:30,7.042,0.005,3.042144,FALSE
29-12-1988 08:30,7.815,0.002,1.350432,FALSE
30-12-1988 08:30,7.295,0.004,2.521152,FALSE
31-12-1988 08:30,7.481,0.006,3.8781504,FALSE
02-01-1989 08:30,6.939,0.005,2.997648,FALSE
03-01-1989 08:30,6.483,0.008,4.4810496,FALSE
04-01-1989 08:30,7.975,0.007,4.82328,FALSE
05-01-1989 08:30,6.598,0.006,3.4204032,FALSE
06-01-1989 08:30,6.256,0.007,3.7836288,FALSE
07-01-1989 08:30,5.929,0.004,2.0490624,FALSE
09-01-1989 08:30,6.022,0.004,2.0812032,FALSE
10-01-1989 08:30,5.809,0.006,3.0113856,FALSE
11-01-1989 12:30,4.747,0.003,1.2304224,FALSE
12-01-1989 08:30,4.939,0.005,2.133648,FALSE
13-01-1989 08:30,4.418,0.005,1.908576,FALSE
14-01-1989 08:30,3.903,0.007,2.3605344,FALSE
16-01-1989 08:30,3.041,0.006,1.5764544,FALSE
17-01-1989 08:30,3.104,0.006,1.6091136,FALSE
18-01-1989 08:30,3.059,0.004,1.0571904,FALSE
19-01-1989 08:30,2.915,0.005,1.25928,FALSE
20-01-1989 08:30,2.825,0.005,1.2204,FALSE
21-01-1989 08:30,2.476,0.004,0.8557056,FALSE
23-01-1989 08:30,2.22,0.002,0.383616,FALSE
24-01-1989 08:30,2.493,0.004,0.8615808,FALSE
25-01-1989 08:30,2.561,0.002,0.4425408,FALSE
27-01-1989 08:30,2.147,0.002,0.3710016,FALSE
28-01-1989 08:30,2.287,0.002,0.3951936,FALSE
30-01-1989 08:30,1.882,0.0018,0.29268864,FALSE
31-01-1989 08:30,1.954,0.0012,0.20259072,FALSE
01-02-1989 08:30,1.636,0.006,0.8481024,FALSE
02-02-1989 08:30,1.515,0.004,0.523584,FALSE
03-02-1989 08:30,1.288,0.003,0.3338496,FALSE
04-02-1989 08:30,1.066,0,0,TRUE
06-02-1989 08:30,1.03,0,0,TRUE
07-02-1989 08:30,0.502,0,0,TRUE
08-02-1989 08:30,0.445,0,0,TRUE
09-02-1989 08:30,0.282,0,0,TRUE
10-02-1989 08:30,0.3755,0,0,TRUE
11-02-1989 08:30,0.499,0,0,TRUE
13-02-1989 08:30,0.8605,0,0,TRUE
14-02-1989 08:30,0.705,0,0,TRUE
15-02-1989 08:30,0.938,0,0,TRUE
16-02-1989 08:30,0.6595,0,0,TRUE
17-02-1989 08:30,0.596,0,0,TRUE
18-02-1989 08:30,0.498,0,0,TRUE
20-02-1989 08:30,0.287,0,0,TRUE
21-02-1989 08:30,0.1655,0,0,TRUE
22-02-1989 08:30,0.161,0,0,TRUE
23-02-1989 08:30,0.094,0,0,TRUE
24-02-1989 08:30,0.0936,0,0,TRUE
25-02-1989 08:30,0.0531,0,0,TRUE
27-02-1989 08:30,0.74,0,0,TRUE
28-02-1989 08:30,0.4465,0,0,TRUE
01-03-1989 08:30,0.5105,0.014,0.6175008,FALSE
02-03-1989 08:30,0.3295,0.012,0.3416256,FALSE
03-03-1989 08:30,0.1029,0.011,0.09779616,FALSE
04-03-1989 08:30,0.0501,0.009,0.03895776,FALSE
05-03-1989 08:00,0,0.009,0,TRUE
06-03-1989 08:00,0,0,0,TRUE
07-03-1989 08:00,0,0,0,TRUE
08-03-1989 08:00,0,0,0,TRUE
09-03-1989 08:00,0,0,0,TRUE
10-03-1989 08:00,0,0,0,TRUE
11-03-1989 08:00,0,0,0,TRUE
12-03-1989 08:00,0,0,0,TRUE
13-03-1989 08:30,2.804,0.007,1.6958592,FALSE
14-03-1989 08:30,2.837,0.007,1.7158176,FALSE
15-03-1989 08:30,1.989,0.0032,0.54991872,FALSE
16-03-1989 08:30,1.215,0,0,TRUE
17-03-1989 08:30,0.601,0,0,TRUE
18-03-1989 08:30,0.362,0,0,TRUE
20-03-1989 08:30,0.1353,0,0,TRUE
21-03-1989 08:15,0.0549,0,0,TRUE
22-03-1989 08:00,0,0,0,TRUE
23-03-1989 08:00,0,0,0,TRUE
24-03-1989 08:00,0,0,0,TRUE
25-03-1989 08:00,0,0,0,TRUE
26-03-1989 08:00,0,0,0,TRUE
27-03-1989 08:00,0,0,0,TRUE
28-03-1989 08:00,0,0,0,TRUE
29-03-1989 08:00,0,0,0,TRUE
30-03-1989 08:00,0,0,0,TRUE
31-03-1989 08:00,0,0,0,TRUE
01-04-1989 08:00,0,0,0,TRUE
02-04-1989 08:00,0,0,0,TRUE
03-04-1989 08:00,0,0,0,TRUE
04-04-1989 08:00,0,0,0,TRUE
05-04-1989 08:00,0,0,0,TRUE
06-04-1989 08:00,0,0,0,TRUE
07-04-1989 08:00,0,0,0,TRUE
08-04-1989 08:00,0,0,0,TRUE
09-04-1989 08:00,0,0,0,TRUE
10-04-1989 08:00,0,0,0,TRUE
11-04-1989 08:00,0,0,0,TRUE
12-04-1989 08:00,0,0,0,TRUE
13-04-1989 08:00,0,0,0,TRUE
14-04-1989 08:00,0,0,0,TRUE
15-04-1989 08:00,0,0,0,TRUE
16-04-1989 08:00,0,0,0,TRUE
17-04-1989 08:00,0,0,0,TRUE
18-04-1989 08:00,0,0,0,TRUE
19-04-1989 08:00,0,0,0,TRUE
20-04-1989 08:00,0,0,0,TRUE
21-04-1989 08:00,0,0,0,TRUE
22-04-1989 08:00,0,0,0,TRUE
25-04-1989 08:30,2.704,0.005,1.168128,FALSE
26-04-1989 08:30,3.847,0.004,1.3295232,FALSE
27-04-1989 08:30,5.072,0.007,3.0675456,FALSE
28-04-1989 08:30,3.155,0.012,3.271104,FALSE
29-04-1989 08:30,2.049,0.02,3.540672,FALSE
30-04-1989 08:00,1.3,0.02,2.2464,FALSE
01-05-1989 08:30,0.5966,0.001,0.05154624,FALSE
02-05-1989 08:30,0.3735,0.001,0.0322704,FALSE
03-05-1989 08:30,0.3565,0.001,0.0308016,FALSE
04-05-1989 08:30,1.581,0.005,0.682992,FALSE
05-05-1989 08:30,3.021,0.005,1.305072,FALSE
08-05-1989 08:30,4.613,0.002,0.7971264,FALSE
09-05-1989 08:30,3.534,0.008,2.4427008,FALSE
11-05-1989 08:30,3.029,0.002,0.5234112,FALSE
13-05-1989 08:30,3.119,0.005,1.347408,FALSE
15-05-1989 08:30,3.03,0.004,1.047168,FALSE
16-05-1989 08:30,2.526,0.005,1.091232,FALSE
17-05-1989 08:30,2.301,0.006,1.1928384,FALSE
18-05-1989 08:30,3.054,0.004,1.0554624,FALSE
19-05-1989 08:30,2.741,0.007,1.6577568,FALSE
22-05-1989 08:30,1.185,0.01,1.02384,FALSE
23-05-1989 08:30,3.387,0.009,2.6337312,FALSE
24-05-1989 08:30,2.174,0.005,0.939168,FALSE
25-05-1989 08:30,1.766,0.005,0.762912,FALSE
26-05-1989 08:30,1.292,0.005,0.558144,FALSE
27-05-1989 08:30,1.61,0.005,0.69552,FALSE
29-05-1989 08:30,0.659,0.009,0.5124384,FALSE
30-05-1989 08:30,0.66,0.01,0.57024,FALSE
31-05-1989 08:30,0.423,0.01,0.365472,FALSE
01-06-1989 08:30,0.418,0.004,0.1444608,FALSE
02-06-1989 08:30,0.564,0.004,0.1949184,FALSE
03-06-1989 08:30,0.446,0.004,0.1541376,FALSE
05-06-1989 08:45,5.372,0.015,6.962112,FALSE
06-06-1989 08:45,17.84,0.039,60.113664,FALSE
07-06-1989 10:30,57.34,0.046,227.892096,FALSE
08-06-1989 08:30,32.56,0.032,90.021888,FALSE
09-06-1989 08:30,63.39,0.039,213.598944,FALSE
10-06-1989 08:30,56.19,0.035,169.91856,FALSE
12-06-1989 08:30,50.32,0.043,186.948864,FALSE
13-06-1989 08:30,80.64,0.057,397.135872,FALSE
14-06-1989 08:30,99.29,0.056,480.404736,FALSE
15-06-1989 08:30,84.97,0.0706,518.3034048,FALSE
16-06-1989 08:30,115.3,0.075,747.144,FALSE
17-06-1989 08:30,64.21,0.038,210.814272,FALSE
19-06-1989 08:30,36.08,0.023,71.698176,FALSE
20-06-1989 09:30,40.18,0.038,131.918976,FALSE
21-06-1989 08:30,50.36,0.061,265.417344,FALSE
22-06-1989 08:30,78.6,0.0745,505.93248,FALSE
23-06-1989 08:30,112.6,0.058,564.26112,FALSE
24-06-1989 08:30,69.34,0.04,239.63904,FALSE
26-06-1989 08:30,65.06,0.034,191.120256,FALSE
27-06-1989 08:30,77.86,0.036,242.175744,FALSE
28-06-1989 08:30,66.38,0.032,183.527424,FALSE
29-06-1989 08:30,70.77,0.04,244.58112,FALSE
30-06-1989 08:30,59.09,0.025,127.6344,FALSE
01-07-1989 08:30,60.17,0.024,124.768512,FALSE
03-07-1989 08:30,49.07,0.015,63.59472,FALSE
04-07-1989 08:30,46.84,0.017,68.798592,FALSE
05-07-1989 08:30,30.22,0.012,31.332096,FALSE
06-07-1989 08:30,28.66,0.012,29.714688,FALSE
07-07-1989 08:30,66.1,0.032,182.75328,FALSE
08-07-1989 08:30,85.37,0.052,383.550336,FALSE
10-07-1989 08:30,54.74,0.02,94.59072,FALSE
11-07-1989 08:30,49.99,0.012,51.829632,FALSE
12-07-1989 08:30,49.82,0.019,81.784512,FALSE
13-07-1989 08:30,52.43,0.02,90.59904,FALSE
15-07-1989 08:30,29.4,0.01,25.4016,FALSE
17-07-1989 09:30,33.24,0.012,34.463232,FALSE
18-07-1989 09:00,115.5,0.056,558.8352,FALSE
19-07-1989 09:00,158,0.042,573.3504,FALSE
20-07-1989 09:00,188,0.046,747.1872,FALSE
21-07-1989 09:00,157.5,0.033,449.064,FALSE
22-07-1989 09:00,166,0.029,415.9296,FALSE
23-07-1989 09:00,677.9,0.1346,7883.597376,FALSE
24-07-1989 09:00,578.1,0.083,4145.67072,FALSE
25-07-1989 09:00,421.7,0.06,2186.0928,FALSE
26-07-1989 09:00,318.5,0.047,1293.3648,FALSE
27-07-1989 09:00,396.2,0.073,2498.91264,FALSE
28-07-1989 09:00,268.7,0.036,835.76448,FALSE
29-07-1989 09:00,165.8,0.031,444.07872,FALSE
31-07-1989 09:00,94.22,0.018,146.530944,FALSE
01-08-1989 09:00,78.95,0.018,122.78304,FALSE
02-08-1989 09:00,67.6,0.014,81.76896,FALSE
03-08-1989 09:00,63.97,0.016,88.432128,FALSE
04-08-1989 09:00,59.96,0.015,77.70816,FALSE
05-08-1989 09:00,64.92,0.017,95.354496,FALSE
07-08-1989 09:00,95.95,0.026,215.54208,FALSE
08-08-1989 09:00,80.75,0.014,97.6752,FALSE
09-08-1989 09:00,88.24,0.018,137.230848,FALSE
10-08-1989 09:00,54.7,0.012,56.71296,FALSE
11-08-1989 09:00,55.93,0.009,43.491168,FALSE
12-08-1989 09:00,81.72,0.026,183.575808,FALSE
14-08-1989 09:00,46.78,0.01,40.41792,FALSE
16-08-1989 09:00,60.59,0.013,68.054688,FALSE
17-08-1989 09:00,134.1,0.047,544.55328,FALSE
18-08-1989 09:00,243.6,0.08134,1711.966234,FALSE
19-08-1989 09:00,226.8,0.035,685.8432,FALSE
21-08-1989 09:00,108.2,0.014,130.87872,FALSE
22-08-1989 09:00,87.93,0.01,75.97152,FALSE
23-08-1989 09:00,63.3,0.01,54.6912,FALSE
24-08-1989 09:00,60.25,0.011,57.2616,FALSE
25-08-1989 09:00,90.43,0.025,195.3288,FALSE
26-08-1989 09:00,63.5,0.007,38.4048,FALSE
28-08-1989 09:00,53.87,0.01,46.54368,FALSE
29-08-1989 09:00,53.33,0.007,32.253984,FALSE
30-08-1989 09:00,41.21,0.008,28.484352,FALSE
31-08-1989 09:00,41.09,0.01,35.50176,FALSE
01-09-1989 09:00,55.49,0.011,52.737696,FALSE
02-09-1989 09:00,70.11,0.014,84.805056,FALSE
04-09-1989 09:00,78.52,0.043,291.717504,FALSE
05-09-1989 09:00,46.53,0.017,68.343264,FALSE
06-09-1989 09:00,37.25,0.008,25.7472,FALSE
07-09-1989 09:00,31.26,0.008,21.606912,FALSE
08-09-1989 09:00,28.51,0.007,17.242848,FALSE
11-09-1989 08:30,25.83,0.018,40.170816,FALSE
13-09-1989 08:30,39.75,0.021,72.1224,FALSE
14-09-1989 08:30,63.22,0.029,158.404032,FALSE
15-09-1989 08:30,52.86,0.027,123.311808,FALSE
16-09-1989 08:30,36.64,0.013,41.154048,FALSE
18-09-1989 09:00,110.5,0.107,1021.5504,FALSE
19-09-1989 09:00,329.6,0.15525,4421.12256,FALSE
20-09-1989 09:00,207.2,0.064,1145.73312,FALSE
21-09-1989 09:00,147,0.037,469.9296,FALSE
22-09-1989 09:00,132.5,0.037,423.576,FALSE
23-09-1989 09:00,177.7,0.088,1351.08864,FALSE
25-09-1989 09:00,189.5,0.094,1539.0432,FALSE
26-09-1989 09:00,217,0.43917,8233.910496,FALSE
27-09-1989 09:00,219.7,0.13,2467.6704,FALSE
28-09-1989 09:00,249.9,0.077,1662.53472,FALSE
29-09-1989 09:00,162.4,0.035,491.0976,FALSE
30-09-1989 09:00,112.2,0.025,242.352,FALSE
03-10-1989 09:00,62.18,0.016,85.957632,FALSE
04-10-1989 09:00,55.12,0.017,80.960256,FALSE
05-10-1989 09:00,85.06,0.025,183.7296,FALSE
06-10-1989 09:00,194.2,0.414,6946.45632,FALSE
07-10-1989 09:00,136.6,0.08,944.1792,FALSE
09-10-1989 09:00,393,0.28173,9566.198496,FALSE
11-10-1989 09:00,131.7,0.03,341.3664,FALSE
12-10-1989 09:00,95.54,0.025,206.3664,FALSE
13-10-1989 09:00,195.6,0.132,2230.77888,FALSE
14-10-1989 09:00,126.1,0.048,522.96192,FALSE
16-10-1989 09:00,100.7,0.031,269.71488,FALSE
17-10-1989 09:00,108.5,0.055,515.592,FALSE
18-10-1989 09:00,121.8,0.055,578.7936,FALSE
19-10-1989 09:00,113.3,0.051,499.24512,FALSE
20-10-1989 09:00,151.8,0.067,878.73984,FALSE
21-10-1989 09:00,219.6,0.183,3472.13952,FALSE
23-10-1989 09:00,94.67,0.027,220.846176,FALSE
24-10-1989 09:00,165.9,0.058,831.35808,FALSE
25-10-1989 09:00,102.8,0.039,346.39488,FALSE
26-10-1989 09:00,90.4,0.027,210.88512,FALSE
27-10-1989 09:00,184.4,0.082,1306.43712,FALSE
30-10-1989 09:00,111.9,0.04,386.7264,FALSE
31-10-1989 09:00,225.2,0.1,1945.728,FALSE
01-11-1989 09:00,107.5,0.037,343.656,FALSE
02-11-1989 09:00,82.49,0.024,171.051264,FALSE
03-11-1989 09:00,135.7,0.08401,984.9735648,FALSE
04-11-1989 09:00,71.17,0.026,159.876288,FALSE
06-11-1989 09:00,133.3,0.058,667.99296,FALSE
07-11-1989 09:00,74.62,0.032,206.309376,FALSE
08-11-1989 09:00,56.56,0.019,92.848896,FALSE
09-11-1989 09:00,50.22,0.014,60.746112,FALSE
10-11-1989 09:00,46.66,0.015,60.47136,FALSE
11-11-1989 09:00,43.65,0.014,52.79904,FALSE
15-11-1989 09:00,36.06,0.013,40.502592,FALSE
16-11-1989 09:00,31.21,0.008,21.572352,FALSE
17-11-1989 09:00,26.51,0.009,20.614176,FALSE
18-11-1989 09:00,24.32,0.007,14.708736,FALSE
20-11-1989 09:00,24.23,0.007,14.654304,FALSE
21-11-1989 08:30,23.72,0.008,16.395264,FALSE
23-11-1989 08:30,20.52,0.008,14.183424,FALSE
24-11-1989 08:30,18.17,0.009,14.128992,FALSE
25-11-1989 08:30,17.06,0.007,10.317888,FALSE
27-11-1989 08:30,17.37,0.008,12.006144,FALSE
28-11-1989 08:30,15.77,0.007,9.537696,FALSE
29-11-1989 08:30,16.12,0.008,11.142144,FALSE
30-11-1989 08:30,14.97,0.008,10.347264,FALSE
01-12-1989 08:30,13.59,0.005,5.87088,FALSE
02-12-1989 08:30,13.32,0.0071,8.1710208,FALSE
04-12-1989 08:30,14.23,0.0074,9.0980928,FALSE
05-12-1989 08:30,13.03,0.0066,7.4302272,FALSE
06-12-1989 08:30,13.47,0.0085,9.892368,FALSE
07-12-1989 08:30,13.08,0.0077,8.7018624,FALSE
08-12-1989 08:30,10.64,0.0102,9.3768192,FALSE
09-12-1989 08:30,10.09,0.0101,8.8049376,FALSE
11-12-1989 08:30,10.57,0.0057,5.2055136,FALSE
12-12-1989 08:30,9.949,0.0095,8.1661392,FALSE
13-12-1989 08:30,9.731,0.0101,8.49165984,FALSE
14-12-1989 08:30,8.934,0.0105,8.1049248,FALSE
15-12-1989 08:30,8.334,0.0075,5.400432,FALSE
16-12-1989 08:30,7.918,0.0115,7.8673248,FALSE
18-12-1989 08:30,8.032,0.01,6.939648,FALSE
19-12-1989 08:30,7.56,0.0116,7.5769344,FALSE
20-12-1989 08:30,6.943,0.0098,5.87877696,FALSE
21-12-1989 08:30,6.799,0.0091,5.34564576,FALSE
22-12-1989 08:30,6.677,0.0112,6.46119936,FALSE
23-12-1989 08:30,6.569,0.0071,4.02968736,FALSE
26-12-1989 08:30,7.293,0.0084,5.29296768,FALSE
27-12-1989 08:30,7.478,0.0049,3.16588608,FALSE
28-12-1989 08:30,7.407,0.0051,3.26382048,FALSE
29-12-1989 08:30,7.74,0.0076,5.0823936,FALSE
30-12-1989 08:30,7.457,0.0038,2.44828224,FALSE
01-01-1990 09:00,7.481,0.0052,3.36106368,FALSE
02-01-1990 08:30,9.239,0.00625,4.98906,FALSE
03-01-1990 08:30,8.379,0.0053,3.83691168,FALSE
04-01-1990 08:30,6.665,0.0066,3.8006496,FALSE
05-01-1990 08:30,6.107,0.0042,2.21610816,FALSE
06-01-1990 08:30,5.701,0.0057,2.80762848,FALSE
08-01-1990 08:30,7.569,0.0053,3.46599648,FALSE
09-01-1990 08:30,8.314,0.0031,2.22682176,FALSE
10-01-1990 08:30,7.561,0.0055,3.5929872,FALSE
11-01-1990 08:30,6.408,0.0015,0.8304768,FALSE
12-01-1990 08:30,5.846,0.0021,1.06069824,FALSE
15-01-1990 08:30,3.393,0.0022,0.64494144,FALSE
16-01-1990 08:30,2.839,0.0047,1.15286112,FALSE
17-01-1990 08:30,2.802,0.0088,2.13041664,FALSE
18-01-1990 08:30,2.809,0.0091,2.20854816,FALSE
19-01-1990 08:30,2.316,0.0057,1.14058368,FALSE
20-01-1990 08:30,2.681,0.0041,0.94971744,FALSE
22-01-1990 08:30,2.392,0.0131,2.70736128,FALSE
23-01-1990 08:30,2.066,0.0077,1.37446848,FALSE
24-01-1990 08:30,2.059,0.0085,1.5121296,FALSE
25-01-1990 08:30,1.561,0.0036,0.48553344,FALSE
05-02-1990 08:45,1.155,0.0078,0.7783776,FALSE
06-02-1990 08:30,1.158,0.0078,0.78039936,FALSE
12-02-1990 08:30,1.047,0.0021,0.18996768,FALSE
13-02-1990 08:30,0.837,0.0031,0.22418208,FALSE
19-02-1990 09:00,0.901,0.004,0.3113856,FALSE
20-02-1990 08:30,0.748,0.004,0.2585088,FALSE
21-02-1990 08:30,0.714,0.003,0.1850688,FALSE
22-02-1990 08:30,0.716,0.003,0.1855872,FALSE
24-02-1990 08:30,0.922,0.003,0.2389824,FALSE
26-02-1990 08:30,1.661,0.0051,0.73190304,FALSE
27-02-1990 08:30,1.383,0.004,0.4779648,FALSE
28-02-1990 08:30,1.393,0.0024,0.28885248,FALSE
05-03-1990 09:30,0.584,0.002,0.1009152,FALSE
06-03-1990 08:30,0.326,0.002,0.0563328,FALSE
12-03-1990 08:30,0.472,0.001,0.0407808,FALSE
13-03-1990 08:30,0.049,0.001,0.0042336,FALSE
14-03-1990 08:30,0.016,0.001,0.0013824,FALSE
15-03-1990 08:30,0.072,0.001,0.0062208,FALSE
16-03-1990 08:30,0.117,0.001,0.0101088,FALSE
17-03-1990 08:30,0.253,0.001,0.0218592,FALSE
19-03-1990 08:30,0.229,0.001,0.0197856,FALSE
20-03-1990 08:30,0.055,0.001,0.004752,FALSE
21-03-1990 08:45,0.044,0,0,TRUE
22-03-1990 08:45,0,0,0,TRUE
23-03-1990 08:45,0,0,0,TRUE
24-03-1990 08:45,0,0,0,TRUE
25-03-1990 08:00,0,0,0,TRUE
26-03-1990 08:00,0,0,0,TRUE
27-03-1990 08:00,0,0,0,TRUE
28-03-1990 08:00,0,0,0,TRUE
29-03-1990 08:00,0,0,0,TRUE
30-03-1990 08:00,0,0,0,TRUE
31-03-1990 08:00,0,0,0,TRUE
01-04-1990 08:00,0,0,0,TRUE
02-04-1990 08:00,0,0,0,TRUE
03-04-1990 08:00,0,0,0,TRUE
04-04-1990 09:45,0.109,0.004,0.0376704,FALSE
05-04-1990 08:30,0.248,0.004,0.0857088,FALSE
06-04-1990 08:00,0.871,0.004,0.3010176,FALSE
09-04-1990 08:00,2.101,0.004,0.7261056,FALSE
10-04-1990 08:00,1.528,0.004,0.5280768,FALSE
11-04-1990 08:00,2.547,0.0028,0.61617024,FALSE
12-04-1990 08:00,2.079,0.0051,0.91609056,FALSE
16-04-1990 08:00,1.463,0.003,0.3792096,FALSE
17-04-1990 08:00,1.509,0.003,0.3911328,FALSE
18-04-1990 08:00,1.517,0.003,0.3932064,FALSE
19-04-1990 08:00,1.005,0.003,0.260496,FALSE
20-04-1990 08:00,0.667,0.003,0.1728864,FALSE
24-04-1990 08:00,0,0,0,TRUE
25-04-1990 08:00,0,0,0,TRUE
26-04-1990 08:00,0,0,0,TRUE
27-04-1990 08:00,0,0,0,TRUE
28-04-1990 08:00,0,0,0,TRUE
29-04-1990 08:00,0,0,0,TRUE
30-04-1990 08:00,0,0,0,TRUE
01-05-1990 08:00,0,0,0,TRUE
02-05-1990 08:00,0,0,0,TRUE
03-05-1990 08:00,0,0,0,TRUE
04-05-1990 08:00,0.314,0.006,0.1627776,FALSE
05-05-1990 08:00,0.971,0.006,0.5033664,FALSE
07-05-1990 08:30,2.487,0.0046,0.98843328,FALSE
08-05-1990 08:00,2.305,0.0056,1.1152512,FALSE
10-05-1990 08:00,10.16,0.018,15.800832,FALSE
11-05-1990 08:30,19.2,0.0209,34.670592,FALSE
12-05-1990 08:30,7.299,0.0187,11.79284832,FALSE
14-05-1990 08:00,3.312,0.0053,1.51663104,FALSE
15-05-1990 08:00,1.807,0.0024,0.37469952,FALSE
16-05-1990 08:00,1.941,0.004,0.6708096,FALSE
17-05-1990 08:00,1.322,0.0036,0.41119488,FALSE
18-05-1990 08:00,1.141,0.004,0.3943296,FALSE
19-05-1990 08:00,1.453,0.005,0.627696,FALSE
21-05-1990 08:30,54.4,0.0659,309.740544,FALSE
22-05-1990 08:30,25.31,0.0275,60.13656,FALSE
23-05-1990 08:00,24.94,0.0295,63.567072,FALSE
28-05-1990 08:00,56.6,0.0436,213.214464,FALSE
29-05-1990 08:00,58.06,0.0343,172.0619712,FALSE
30-05-1990 08:00,37.82,0.0279,91.1673792,FALSE
31-05-1990 08:00,48.99,0.0242,102.4322112,FALSE
02-06-1990 09:30,46.57,0.03,120.70944,FALSE
04-06-1990 09:30,29.05,0.022,55.21824,FALSE
05-06-1990 09:30,24.35,0.025,52.596,FALSE
06-06-1990 08:30,20.58,0.021,37.340352,FALSE
07-06-1990 08:30,28.15,0.037,89.98992,FALSE
08-06-1990 08:30,21.76,0.022,41.361408,FALSE
09-06-1990 08:30,68.09,0.05,294.1488,FALSE
10-06-1990 08:30,35,0.041,123.984,FALSE
11-06-1990 08:30,23.17,0.03,60.05664,FALSE
12-06-1990 08:30,32.2,0.033,91.80864,FALSE
13-06-1990 08:30,88.45,0.077,588.44016,FALSE
14-06-1990 08:30,58.15,0.038,190.91808,FALSE
15-06-1990 08:30,96.15,0.072,598.12992,FALSE
16-06-1990 08:30,80.15,0.047,325.47312,FALSE
18-06-1990 08:30,65.03,0.034,191.032128,FALSE
19-06-1990 08:30,57.43,0.029,143.896608,FALSE
20-06-1990 08:30,95.27,0.058,477.417024,FALSE
21-06-1990 08:30,90.82,0.045,353.10816,FALSE
22-06-1990 08:30,115.2,0.047,467.80416,FALSE
23-06-1990 08:30,89.38,0.029,223.950528,FALSE
25-06-1990 08:30,60.6,0.028,146.60352,FALSE
26-06-1990 08:30,58.64,0.028,141.861888,FALSE
27-06-1990 08:30,205.1,0.1461,2588.985504,FALSE
28-06-1990 08:30,118.2,0.042,428.92416,FALSE
29-06-1990 08:30,117.8,0.047,478.36224,FALSE
30-06-1990 08:30,79.55,0.023,158.08176,FALSE
03-07-1990 09:00,280.5,0.063,1526.8176,FALSE
05-07-1990 09:00,195.9,0.033,558.55008,FALSE
07-07-1990 09:00,125.7,0.025,271.512,FALSE
09-07-1990 09:00,163.5,0.032,452.0448,FALSE
10-07-1990 09:00,417.6,0.107,3860.62848,FALSE
11-07-1990 09:00,400.1,0.08,2765.4912,FALSE
13-07-1990 09:00,154.1,0.027,359.48448,FALSE
14-07-1990 09:00,186.2,0.036,579.15648,FALSE
16-07-1990 09:00,157.6,0.025,340.416,FALSE
17-07-1990 09:00,164.9,0.033,470.16288,FALSE
18-07-1990 09:00,262.9,0.072,1635.44832,FALSE
19-07-1990 09:00,159,0.027,370.9152,FALSE
20-07-1990 09:00,157,0.028,379.8144,FALSE
21-07-1990 09:00,133.4,0.024,276.61824,FALSE
23-07-1990 09:00,163.2,0.05,705.024,FALSE
24-07-1990 09:00,127.8,0.032,353.34144,FALSE
25-07-1990 09:00,116.9,0.022,222.20352,FALSE
26-07-1990 09:00,105.1,0.024,217.93536,FALSE
27-07-1990 09:00,92.02,0.018,143.109504,FALSE
28-07-1990 09:00,135.7,0.036,422.08128,FALSE
30-07-1990 09:00,71.63,0.015,92.83248,FALSE
31-07-1990 09:00,65.26,0.016,90.215424,FALSE
01-08-1990 09:00,58.03,0.014,70.193088,FALSE
03-08-1990 09:00,89.8,0.024,186.20928,FALSE
04-08-1990 09:00,62.3,0.02,107.6544,FALSE
06-08-1990 09:00,68.98,0.019,113.237568,FALSE
07-08-1990 09:00,58.29,0.016,80.580096,FALSE
08-08-1990 08:30,56.79,0.012,58.879872,FALSE
09-08-1990 08:30,95.96,0.035,290.18304,FALSE
10-08-1990 08:30,74.6,0.025,161.136,FALSE
11-08-1990 08:45,142.3,0.025,307.368,FALSE
13-08-1990 08:30,98.59,0.024,204.436224,FALSE
14-08-1990 09:00,197,0.056,953.1648,FALSE
16-08-1990 09:00,313.3,0.06315,1709.414928,FALSE
18-08-1990 09:00,194.4,0.026,436.70016,FALSE
20-08-1990 09:00,119.9,0.02,207.1872,FALSE
21-08-1990 09:00,130.7,0.02,225.8496,FALSE
22-08-1990 09:00,107.7,0.016,148.88448,FALSE
23-08-1990 09:00,163.3,0.025,352.728,FALSE
24-08-1990 09:00,135.5,0.019,222.4368,FALSE
25-08-1990 09:00,102.5,0.01,88.56,FALSE
27-08-1990 09:00,72.46,0.009,56.344896,FALSE
28-08-1990 09:00,65.07,0.009,50.598432,FALSE
29-08-1990 09:00,50.85,0.006,26.36064,FALSE
30-08-1990 09:00,43.79,0.008,30.267648,FALSE
31-08-1990 08:30,38.96,0.008,26.929152,FALSE
01-09-1990 08:30,37.9,0.007,22.92192,FALSE
04-09-1990 08:30,29.57,0.005,12.77424,FALSE
05-09-1990 08:30,34.09,0.013,38.289888,FALSE
06-09-1990 08:30,39.61,0.014,47.912256,FALSE
07-09-1990 08:30,46.74,0.019,76.728384,FALSE
08-09-1990 08:30,50.41,0.013,56.620512,FALSE
10-09-1990 08:30,38.81,0.012,40.238208,FALSE
11-09-1990 08:30,57.03,0.016,78.838272,FALSE
12-09-1990 08:30,35.62,0.008,24.620544,FALSE
13-09-1990 08:30,42.56,0.016,58.834944,FALSE
14-09-1990 08:30,34.69,0.014,41.961024,FALSE
15-09-1990 08:30,55.65,0.019,91.35504,FALSE
17-09-1990 08:30,30.61,0.009,23.802336,FALSE
18-09-1990 08:30,26.71,0.009,20.769696,FALSE
19-09-1990 08:30,27.32,0.012,28.325376,FALSE
20-09-1990 08:30,23.18,0.011,22.030272,FALSE
21-09-1990 08:30,44.22,0.017,64.950336,FALSE
22-09-1990 08:30,23.21,0.008,16.042752,FALSE
24-09-1990 08:30,40.07,0.016,55.392768,FALSE
25-09-1990 08:30,22.68,0.011,21.555072,FALSE
26-09-1990 08:30,20.58,0.011,19.559232,FALSE
27-09-1990 08:30,18.24,0.008,12.607488,FALSE
01-10-1990 08:30,15.5,0.009,12.0528,FALSE
03-10-1990 08:30,20.68,0.011,19.654272,FALSE
05-10-1990 08:30,15.88,0.007,9.604224,FALSE
06-10-1990 08:30,14.32,0.006,7.423488,FALSE
08-10-1990 08:30,12.46,0.005,5.38272,FALSE
09-10-1990 08:30,12.95,0.005,5.5944,FALSE
10-10-1990 08:30,12.36,0.006,6.407424,FALSE
12-10-1990 08:30,13.34,0.005,5.76288,FALSE
13-10-1990 08:30,12.42,0.005,5.36544,FALSE
15-10-1990 08:30,27.16,0.011,25.812864,FALSE
16-10-1990 08:30,43.07,0.0335,124.661808,FALSE
17-10-1990 08:30,18.79,0.019,30.845664,FALSE
19-10-1990 08:30,23.28,0.016,32.182272,FALSE
20-10-1990 08:30,26.34,0.016,36.412416,FALSE
22-10-1990 08:30,18.24,0.011,17.335296,FALSE
23-10-1990 08:30,32.75,0.039,110.3544,FALSE
24-10-1990 08:30,36.1,0.022,68.61888,FALSE
26-10-1990 08:30,33.69,0.016,46.573056,FALSE
27-10-1990 08:30,47.06,0.066,268.354944,FALSE
28-10-1990 08:00,55,0.078,370.656,FALSE
29-10-1990 08:30,34.64,0.032,95.772672,FALSE
30-10-1990 08:30,34.5,0.043,128.1744,FALSE
31-10-1990 08:30,151.1,0.108,1409.94432,FALSE
01-11-1990 08:30,170.2,0.082,1205.83296,FALSE
03-11-1990 08:30,79.05,0.029,198.06768,FALSE
05-11-1990 08:30,78.75,0.022,149.688,FALSE
06-11-1990 08:30,62.09,0.015,80.46864,FALSE
07-11-1990 08:30,41.19,0.012,42.705792,FALSE
08-11-1990 08:30,34.06,0.011,32.370624,FALSE
09-11-1990 08:30,30.49,0.011,28.977696,FALSE
10-11-1990 08:30,28.22,0.012,29.258496,FALSE
12-11-1990 08:30,27.77,0.01,23.99328,FALSE
13-11-1990 08:30,27.32,0.008,18.883584,FALSE
14-11-1990 08:30,28.32,0.006,14.681088,FALSE
15-11-1990 08:30,27.59,0.007,16.686432,FALSE
16-11-1990 08:30,34.52,0.014,41.755392,FALSE
17-11-1990 08:30,21.71,0.008,15.005952,FALSE
19-11-1990 08:30,23.93,0.009,18.607968,FALSE
20-11-1990 08:30,20.08,0.009,15.614208,FALSE
21-11-1990 08:30,21.14,0.008,14.611968,FALSE
22-11-1990 08:30,15.7,0.006,8.13888,FALSE
23-11-1990 08:30,14.98,0.007,9.059904,FALSE
24-11-1990 08:30,15.6,0.006,8.08704,FALSE
26-11-1990 08:30,15.1,0.006,7.82784,FALSE
27-11-1990 08:30,16.98,0.009,13.203648,FALSE
28-11-1990 08:30,17.96,0.006,9.310464,FALSE
29-11-1990 08:30,16.12,0.005,6.96384,FALSE
30-11-1990 08:30,14.39,0.004,4.973184,FALSE
01-12-1990 08:30,13.64,0.006,7.070976,FALSE
03-12-1990 08:30,13.2,0.005,5.7024,FALSE
04-12-1990 08:30,11.81,0.005,5.10192,FALSE
05-12-1990 08:30,12.45,0.004,4.30272,FALSE
06-12-1990 08:30,12.44,0.004,4.299264,FALSE
07-12-1990 08:30,11.16,0.003,2.892672,FALSE
08-12-1990 08:30,10.88,0.002,1.880064,FALSE
10-12-1990 08:30,10,0.002,1.728,FALSE
11-12-1990 08:00,9.236,0.002,1.5959808,FALSE
12-12-1990 08:00,8.772,0.002,1.5158016,FALSE
13-12-1990 08:00,8.477,0.002,1.4648256,FALSE
14-12-1990 08:00,8.282,0.008,5.7245184,FALSE
15-12-1990 08:00,7.915,0.004,2.735424,FALSE
17-12-1990 08:00,9.027,0.006,4.6795968,FALSE
18-12-1990 08:00,9.626,0.0086,7.15250304,FALSE
19-12-1990 08:00,9.064,0.008,6.2650368,FALSE
20-12-1990 08:00,8.18,0.009,6.360768,FALSE
21-12-1990 08:00,9.027,0.008,6.2394624,FALSE
22-12-1990 08:00,7.987,0.006,4.1404608,FALSE
24-12-1990 08:00,8.084,0.007,4.8892032,FALSE
26-12-1990 08:00,7.978,0.006,4.1357952,FALSE
27-12-1990 08:00,7.468,0.009,5.8071168,FALSE
28-12-1990 08:00,7.583,0.008,5.2413696,FALSE
29-12-1990 08:00,7.246,0.009,5.6344896,FALSE
31-12-1990 08:00,7.687,0.003,1.9924704,FALSE
01-01-1991 08:00,7.184,0.003,1.8620928,FALSE
02-01-1991 08:00,9.092,0.005,3.927744,FALSE
03-01-1991 08:00,10.4,0.01,8.9856,FALSE
04-01-1991 08:00,7.755,0.004,2.680128,FALSE
05-01-1991 08:00,6.711,0.004,2.3193216,FALSE
07-01-1991 08:00,6.74,0.007,4.076352,FALSE
08-01-1991 08:00,5.283,0.007,3.1951584,FALSE
09-01-1991 08:00,5.268,0.004,1.8206208,FALSE
10-01-1991 08:00,4.977,0.006,2.5800768,FALSE
11-01-1991 08:00,4.551,0.003,1.1796192,FALSE
12-01-1991 08:00,4.479,0.003,1.1609568,FALSE
14-01-1991 08:00,4.606,0.008,3.1836672,FALSE
15-01-1991 08:00,4.368,0.006,2.2643712,FALSE
16-01-1991 08:00,4.424,0.004,1.5289344,FALSE
17-01-1991 08:00,3.874,0.005,1.673568,FALSE
18-01-1991 08:00,3.7,0.005,1.5984,FALSE
19-01-1991 08:00,2.785,0.005,1.20312,FALSE
21-01-1991 09:30,3.275,0.004,1.13184,FALSE
22-01-1991 08:00,2.511,0.003,0.6508512,FALSE
23-01-1991 08:00,2.621,0.004,0.9058176,FALSE
24-01-1991 08:00,2.446,0.004,0.8453376,FALSE
25-01-1991 08:00,2.247,0.007,1.3589856,FALSE
28-01-1991 08:00,1.611,0.006,0.8351424,FALSE
30-01-1991 08:00,1.343,0.005,0.580176,FALSE
31-01-1991 08:00,0.9127,0.006,0.47314368,FALSE
01-02-1991 08:00,0.871,0.009,0.6772896,FALSE
02-02-1991 08:00,0.896,0.01,0.774144,FALSE
04-02-1991 08:00,0.9322,0.007,0.56379456,FALSE
05-02-1991 08:00,0.9221,0.006,0.47801664,FALSE
06-02-1991 08:00,0.7243,0.006,0.37547712,FALSE
07-02-1991 08:00,0.6851,0.008,0.47354112,FALSE
08-02-1991 08:00,0.8473,0.01,0.7320672,FALSE
09-02-1991 08:00,0.7974,0.009,0.62005824,FALSE
11-02-1991 08:00,1.074,0.009,0.8351424,FALSE
13-02-1991 08:00,0.939,0.005,0.405648,FALSE
14-02-1991 08:00,0.956,0.005,0.412992,FALSE
15-02-1991 08:00,1.276,0.006,0.6614784,FALSE
16-02-1991 08:00,1.285,0.007,0.777168,FALSE
18-02-1991 08:00,0.971,0.008,0.6711552,FALSE
19-02-1991 08:00,0.887,0.007,0.5364576,FALSE
20-02-1991 08:00,0.767,0.006,0.3976128,FALSE
21-02-1991 08:00,1.045,0.007,0.632016,FALSE
22-02-1991 08:00,0.697,0.007,0.4215456,FALSE
23-02-1991 08:00,0.676,0.01,0.584064,FALSE
25-02-1991 08:00,0.695,0.009,0.540432,FALSE
26-02-1991 08:00,0.389,0.011,0.3697056,FALSE
27-02-1991 08:00,0.14,0.008,0.096768,FALSE
28-02-1991 08:00,0.476,0.009,0.3701376,FALSE
01-03-1991 08:00,0.345,0.009,0.268272,FALSE
02-03-1991 08:00,0.647,0.005,0.279504,FALSE
04-03-1991 08:00,1.392,0.007,0.8418816,FALSE
05-03-1991 08:00,1.273,0.005,0.549936,FALSE
06-03-1991 08:00,1.06,0.007,0.641088,FALSE
07-03-1991 08:00,1.497,0.01,1.293408,FALSE
08-03-1991 08:00,1.551,0.009,1.2060576,FALSE
09-03-1991 08:00,1.891,0.011,1.7972064,FALSE
11-03-1991 08:00,1.388,0.015,1.798848,FALSE
12-03-1991 08:00,0.982,0.007,0.5939136,FALSE
13-03-1991 08:00,0.915,0.009,0.711504,FALSE
14-03-1991 08:00,0.658,0.008,0.4548096,FALSE
15-03-1991 08:00,0.541,0.008,0.3739392,FALSE
16-03-1991 08:00,0.265,0.009,0.206064,FALSE
17-03-1991 08:00,0,0,0,TRUE
18-03-1991 08:00,0.28,0.01,0.24192,FALSE
19-03-1991 08:00,0.053,0.01,0.045792,FALSE
20-03-1991 08:00,0,0,0,TRUE
21-03-1991 08:00,0,0,0,TRUE
22-03-1991 08:00,0,0,0,TRUE
23-03-1991 08:00,0,0,0,TRUE
25-03-1991 08:00,0.331,0.013,0.3717792,FALSE
26-03-1991 08:00,0.059,0,0,TRUE
27-03-1991 08:00,0.084,0,0,TRUE
30-03-1991 08:00,0.214,0,0,TRUE
31-03-1991 08:00,0,0,0,TRUE
01-04-1991 08:30,0.468,0.014,0.5660928,FALSE
02-04-1991 08:30,0.181,0,0,TRUE
03-04-1991 08:30,0.087,0,0,TRUE
04-04-1991 08:30,0.268,0,0,TRUE
05-04-1991 08:30,0.273,0,0,TRUE
06-04-1991 08:30,0.216,0,0,TRUE
09-04-1991 08:30,2.227,0.012,2.3089536,FALSE
10-04-1991 08:30,2.959,0.033,8.4367008,FALSE
12-04-1991 08:30,2.122,0.016,2.9334528,FALSE
13-04-1991 08:30,1.518,0.016,2.0984832,FALSE
16-04-1991 08:00,0,0,0,TRUE
17-04-1991 08:00,0,0,0,TRUE
18-04-1991 08:00,0,0,0,TRUE
19-04-1991 08:00,0,0,0,TRUE
20-04-1991 08:00,0,0,0,TRUE
21-04-1991 08:00,0,0,0,TRUE
22-04-1991 08:30,0.815,0.011,0.774576,FALSE
23-04-1991 08:30,0.515,0.006,0.266976,FALSE
24-04-1991 08:30,2.798,0.007,1.6922304,FALSE
25-04-1991 08:30,2.312,0.008,1.5980544,FALSE
26-04-1991 08:30,1.841,0.012,1.9087488,FALSE
27-04-1991 08:30,3.176,0.014,3.8416896,FALSE
29-04-1991 08:30,2.549,0.015,3.303504,FALSE
30-04-1991 08:30,2.072,0.015,2.685312,FALSE
01-05-1991 08:30,1.546,0.015,2.003616,FALSE
02-05-1991 08:30,1.335,0.016,1.845504,FALSE
03-05-1991 08:30,1.147,0.018,1.7838144,FALSE
04-05-1991 08:30,0.643,0.016,0.8888832,FALSE
06-05-1991 08:30,0.674,0.006,0.3494016,FALSE
07-05-1991 08:30,0.35,0,0,TRUE
08-05-1991 08:30,0.235,0,0,TRUE
09-05-1991 08:30,0.36,0,0,TRUE
10-05-1991 08:30,0.381,0,0,TRUE
11-05-1991 08:30,0.226,0,0,TRUE
13-05-1991 08:30,0.443,0.005,0.191376,FALSE
14-05-1991 08:30,0.381,0.004,0.1316736,FALSE
15-05-1991 08:30,0.5,0.012,0.5184,FALSE
16-05-1991 08:30,0.532,0.016,0.7354368,FALSE
17-05-1991 08:30,0.535,0.013,0.600912,FALSE
18-05-1991 08:30,0.886,0.01,0.765504,FALSE
20-05-1991 08:30,0.557,0.005,0.240624,FALSE
21-05-1991 08:30,0.505,0.005,0.21816,FALSE
23-05-1991 08:30,0.525,0.005,0.2268,FALSE
24-05-1991 08:30,0.906,0.01,0.782784,FALSE
25-05-1991 08:30,1.095,0.007,0.662256,FALSE
27-05-1991 08:30,0.879,0.008,0.6075648,FALSE
29-05-1991 08:30,2.207,0.014,2.6695872,FALSE
30-05-1991 08:30,2.239,0.014,2.7082944,FALSE
31-05-1991 08:30,1.637,0.012,1.6972416,FALSE
14-04-1992 08:00,0,0,0,TRUE
01-06-1994 09:30,9.049,0.0188,14.69847168,FALSE
02-06-1994 08:45,69.87,0.0397,239.6596896,FALSE
03-06-1994 09:45,131.5,0.09,1022.544,FALSE
04-06-1994 08:45,142.7,0.0478,589.339584,FALSE
06-06-1994 08:45,145.2,0.0506,634.791168,FALSE
07-06-1994 08:45,195.2,0.063,1062.51264,FALSE
08-06-1994 08:45,93.09,0.0397,319.3061472,FALSE
09-06-1994 08:45,87.66,0.0189,143.1452736,FALSE
10-06-1994 08:45,60.68,0.0341,178.7778432,FALSE
11-06-1994 08:45,108.5,0.0826,774.32544,FALSE
13-06-1994 08:45,171.3,0.0406,600.892992,FALSE
14-06-1994 08:45,109.3,0.0159,150.151968,FALSE
15-06-1994 08:45,195.2,0.0612,1032.155136,FALSE
16-06-1994 08:45,137.9,0.0375,446.796,FALSE
17-06-1994 08:45,106.2,0.0305,279.85824,FALSE
18-06-1994 08:45,91.04,0.0214,168.3293184,FALSE
21-06-1994 08:45,38.87,0.0213,71.5332384,FALSE
22-06-1994 08:45,28.76,0.0194,48.2063616,FALSE
23-06-1994 08:45,25.77,0.0174,38.7415872,FALSE
24-06-1994 08:45,24.08,0.0164,34.1203968,FALSE
25-06-1994 08:45,79.96,0.0397,274.2691968,FALSE
27-06-1994 08:45,100.4,0.0176,152.672256,FALSE
28-06-1994 08:45,98.09,0.0298,252.5542848,FALSE
29-06-1994 09:30,326,0.1908,5374.14912,FALSE
30-06-1994 08:00,221.7,0.0482,923.265216,FALSE
01-07-1994 08:45,168.7,0.039,568.45152,FALSE
02-07-1994 08:45,104.1,0.0177,159.198048,FALSE
04-07-1994 08:45,74.65,0.021,135.44496,FALSE
05-07-1994 08:45,98.07,0.0231,195.7320288,FALSE
06-07-1994 08:45,81.29,0.0253,177.6934368,FALSE
07-07-1994 08:45,218.5,0.0827,1561.24368,FALSE
08-07-1994 08:45,95.65,0.0352,290.898432,FALSE
09-07-1994 08:45,73.7,0.0251,159.828768,FALSE
11-07-1994 08:45,82.62,0.0403,287.6762304,FALSE
12-07-1994 09:30,519.5,0.1081,4852.04688,FALSE
13-07-1994 09:30,553,0.0936,4472.13312,FALSE
16-07-1994 09:30,751,0.0719,4665.33216,FALSE
18-07-1994 09:30,273.9,0.0377,892.168992,FALSE
19-07-1994 08:45,259.8,0.0398,893.379456,FALSE
20-07-1994 08:45,399.3,0.073,2518.46496,FALSE
21-07-1994 08:45,411.2,0.0517,1836.781056,FALSE
22-07-1994 08:45,306.9,0.107,2837.22912,FALSE
23-07-1994 08:45,336.3,0.0465,1351.11888,FALSE
25-07-1994 08:45,204.6,0.0367,648.762048,FALSE
26-07-1994 08:45,218.2,0.0576,1085.902848,FALSE
27-07-1994 08:45,198.1,0.0534,913.985856,FALSE
28-07-1994 08:45,265.2,0.0469,1074.632832,FALSE
30-07-1994 08:45,529.7,0.05325,2437.04376,FALSE
01-08-1994 08:45,317.3,0.0355,973.22256,FALSE
02-08-1994 08:45,274.7,0.0463,1098.887904,FALSE
03-08-1994 08:45,418.9,0.0449,1625.063904,FALSE
04-08-1994 08:45,264.9,0.0315,720.95184,FALSE
05-08-1994 08:45,201.1,0.0304,528.201216,FALSE
06-08-1994 08:45,146.9,0.0153,194.190048,FALSE
08-08-1994 08:45,119.2,0.0297,305.876736,FALSE
09-08-1994 08:45,93.93,0.027,219.119904,FALSE
10-08-1994 08:45,79.56,0.016,109.983744,FALSE
11-08-1994 08:45,75.7,0.0254,166.128192,FALSE
12-08-1994 08:45,71.16,0.0242,148.7870208,FALSE
16-08-1994 08:45,48.56,0.0197,82.6530048,FALSE
17-08-1994 08:45,50.24,0.0242,105.0458112,FALSE
18-08-1994 08:45,75.09,0.0379,245.8867104,FALSE
20-08-1994 08:45,71.74,0.0365,226.239264,FALSE
22-08-1994 08:45,81.51,0.0376,264.7966464,FALSE
23-08-1994 08:45,56.57,0.0274,133.9215552,FALSE
24-08-1994 08:45,61.02,0.0237,124.9494336,FALSE
25-08-1994 08:45,58.64,0.0221,111.9695616,FALSE
26-08-1994 08:45,48.62,0.0182,76.4539776,FALSE
27-08-1994 08:45,49.18,0.0182,77.3345664,FALSE
30-08-1994 08:45,74.61,0.0579,373.2410016,FALSE
31-08-1994 08:45,145.5,0.0563,707.75856,FALSE
01-09-1994 08:45,212.7,0.0673,1236.790944,FALSE
02-09-1994 08:45,201.7,0.0749,1305.273312,FALSE
03-09-1994 08:45,185.4,0.0448,717.631488,FALSE
05-09-1994 08:45,185.1,0.0446,713.271744,FALSE
06-09-1994 08:45,179.7,0.0419,650.542752,FALSE
07-09-1994 08:45,119.8,0.0304,314.661888,FALSE
08-09-1994 08:45,97.61,0.0267,225.1745568,FALSE
09-09-1994 08:45,87.55,0.0242,183.056544,FALSE
19-09-1994 08:45,40.06,0.0167,57.8017728,FALSE
20-09-1994 08:45,38.77,0.0153,51.2508384,FALSE
21-09-1994 08:45,35.71,0.0193,59.5471392,FALSE
22-09-1994 08:45,31.74,0.0154,42.2319744,FALSE
23-09-1994 08:45,31.48,0.0166,45.1498752,FALSE
24-09-1994 08:45,29.51,0.0164,41.8144896,FALSE
26-09-1994 08:45,23.78,0.0184,37.8044928,FALSE
27-09-1994 08:45,22.02,0.0166,31.5819648,FALSE
28-09-1994 08:45,30.21,0.0181,47.2436064,FALSE
29-09-1994 08:45,30.3,0.0202,52.881984,FALSE
30-09-1994 08:45,85.77,0.1024,758.8380672,FALSE
01-10-1994 08:45,63.95,0.0602,332.621856,FALSE
03-10-1994 08:45,66.11,0.0718,410.1147072,FALSE
04-10-1994 08:45,170.3,0.2156,3172.321152,FALSE
05-10-1994 08:45,101.8,0.0831,730.907712,FALSE
06-10-1994 08:45,89.34,0.0375,289.4616,FALSE
07-10-1994 08:45,58.96,0.0211,107.4864384,FALSE
10-10-1994 08:45,80.84,0.0377,263.3185152,FALSE
11-10-1994 08:45,83.65,0.0516,372.931776,FALSE
12-10-1994 08:45,200.5,0.4697,8136.70704,FALSE
14-10-1994 08:45,78.9,0.0445,303.35472,FALSE
15-10-1994 08:45,107.1,0.0568,525.595392,FALSE
17-10-1994 08:45,151.8,0.0706,925.955712,FALSE
18-10-1994 08:45,87.07,0.0415,312.198192,FALSE
19-10-1994 08:45,91.37,0.0564,445.2423552,FALSE
20-10-1994 08:45,177.7,0.2382,3657.151296,FALSE
21-10-1994 08:45,98.35,0.0326,277.016544,FALSE
22-10-1994 08:45,70.72,0.0264,161.3094912,FALSE
24-10-1994 08:45,92.39,0.0516,411.8967936,FALSE
25-10-1994 08:45,80.16,0.0358,247.9444992,FALSE
26-10-1994 08:45,86.31,0.0377,281.1358368,FALSE
27-10-1994 08:45,272.6,0.223,5252.23872,FALSE
28-10-1994 08:45,104.4,0.0472,425.751552,FALSE
29-10-1994 08:45,146,0.0842,1062.13248,FALSE
31-10-1994 08:45,231.1,0.1134,2264.262336,FALSE
03-11-1994 08:45,231.3,0.1924,3844.983168,FALSE
04-11-1994 08:45,213,0.134,2466.0288,FALSE
05-11-1994 08:45,212.8,0.0905,1663.92576,FALSE
07-11-1994 08:45,101.8,0.0239,210.212928,FALSE
08-11-1994 08:45,90.35,0.0255,199.05912,FALSE
09-11-1994 08:45,74,0.018,115.0848,FALSE
10-11-1994 08:45,65.73,0.0156,88.5935232,FALSE
11-11-1994 08:45,60.25,0.0181,94.22136,FALSE
14-11-1994 08:45,45.96,0.0105,41.694912,FALSE
15-11-1994 08:45,42.76,0.0098,36.2057472,FALSE
16-11-1994 08:45,36.88,0.0097,30.9083904,FALSE
17-11-1994 08:45,37.24,0.0126,40.5409536,FALSE
19-11-1994 08:45,28.44,0.0149,36.6125184,FALSE
21-11-1994 08:30,27.66,0.0127,30.3507648,FALSE
22-11-1994 08:30,25.84,0.0147,32.8188672,FALSE
23-11-1994 08:30,26.34,0.007,15.930432,FALSE
24-11-1994 08:30,24.71,0.0075,16.01208,FALSE
25-11-1994 08:30,22.49,0.0077,14.9621472,FALSE
26-11-1994 08:30,20.8,0.0136,24.440832,FALSE
28-11-1994 08:30,15.44,0.0107,14.2739712,FALSE
29-11-1994 08:30,14.23,0.0101,12.4176672,FALSE
30-11-1994 08:30,13.43,0.0077,8.9347104,FALSE
01-12-1994 08:30,17.96,0.0034,5.2759296,FALSE
02-12-1994 08:30,17.36,0.004,5.999616,FALSE
03-12-1994 08:30,15.91,0.0072,9.8972928,FALSE
05-12-1994 08:30,14.85,0.0031,3.977424,FALSE
06-12-1994 08:30,14.95,0.0044,5.683392,FALSE
07-12-1994 08:30,14.64,0.0054,6.8304384,FALSE
08-12-1994 08:30,14.31,0.0051,6.3055584,FALSE
09-12-1994 08:30,14.43,0.0013,1.6207776,FALSE
12-12-1994 08:30,14.29,0.0069,8.5191264,FALSE
13-12-1994 08:30,13.53,0.0057,6.6632544,FALSE
14-12-1994 08:30,12.92,0.0038,4.2418944,FALSE
15-12-1994 08:30,12.49,0.007,7.553952,FALSE
16-12-1994 08:30,10.25,0.0086,7.61616,FALSE
17-12-1994 08:30,10.02,0.0063,5.4540864,FALSE
19-12-1994 08:30,10,0.0113,9.7632,FALSE
20-12-1994 08:30,9.359,0.0021,1.69809696,FALSE
21-12-1994 08:30,8.947,0.0039,3.01478112,FALSE
22-12-1994 08:30,7.998,0.0064,4.42257408,FALSE
24-12-1994 08:30,7.772,0.0073,4.90195584,FALSE
26-12-1994 08:30,7.411,0.009,5.7627936,FALSE
28-12-1994 08:30,6.775,0.0076,4.448736,FALSE
29-12-1994 08:30,7.083,0.0077,4.71217824,FALSE
02-01-1995 08:30,6.053,0.0086,4.49762112,FALSE
03-01-1995 08:30,5.733,0.0091,4.50751392,FALSE
04-01-1995 08:30,5.336,0.0074,3.41162496,FALSE
05-01-1995 08:30,5.24,0.0066,2.9880576,FALSE
06-01-1995 08:30,5.389,0.0066,3.07302336,FALSE
07-01-1995 08:30,6.323,0.0072,3.93341184,FALSE
09-01-1995 08:30,6.693,0.015,8.674128,FALSE
10-01-1995 08:30,9.592,0.0095,7.8731136,FALSE
11-01-1995 08:30,8.183,0.0069,4.87837728,FALSE
12-01-1995 08:30,6.713,0.0055,3.1900176,FALSE
13-01-1995 08:30,7.19,0.0065,4.037904,FALSE
16-01-1995 08:30,6.356,0.0054,2.96545536,FALSE
17-01-1995 08:30,5.166,0.0049,2.18707776,FALSE
18-01-1995 08:30,5.978,0.0087,4.49354304,FALSE
19-01-1995 08:30,5.94,0.0046,2.3607936,FALSE
20-01-1995 08:30,5.678,0.0081,3.97369152,FALSE
21-01-1995 08:30,5.156,0.007,3.1183488,FALSE
23-01-1995 08:30,4.409,0.005,1.904688,FALSE
24-01-1995 08:30,3.998,0.0096,3.31610112,FALSE
25-01-1995 08:30,3.366,0.0101,2.93730624,FALSE
30-01-1995 08:30,3.184,0.0047,1.29295872,FALSE
31-01-1995 08:30,2.744,0.0083,1.96777728,FALSE
01-02-1995 08:30,2.616,0.0054,1.22052096,FALSE
02-02-1995 08:30,2.704,0.0066,1.54192896,FALSE
03-02-1995 08:30,2.86,0.0058,1.4332032,FALSE
04-02-1995 08:30,2.678,0.013,3.0079296,FALSE
06-02-1995 08:30,2.681,0.0122,2.82598848,FALSE
07-02-1995 08:30,2.727,0.0146,3.43994688,FALSE
08-02-1995 08:30,2.553,0.0114,2.51460288,FALSE
09-02-1995 08:30,2.644,0.0151,3.44946816,FALSE
10-02-1995 08:30,2.532,0.0151,3.30334848,FALSE
15-02-1995 08:30,2.094,0.0088,1.59211008,FALSE
16-02-1995 08:30,2.014,0.0112,1.94890752,FALSE
17-02-1995 08:30,2.025,0.0086,1.504656,FALSE
18-02-1995 08:30,1.983,0.0104,1.78184448,FALSE
20-02-1995 08:30,1.971,0.0078,1.32829632,FALSE
21-02-1995 08:30,2.119,0.0103,1.88574048,FALSE
22-02-1995 08:30,1.802,0.01,1.556928,FALSE
23-02-1995 08:30,2.127,0.0121,2.22365088,FALSE
24-02-1995 08:30,1.999,0.0094,1.62350784,FALSE
25-02-1995 08:30,2.372,0.0094,1.92644352,FALSE
28-02-1995 08:30,2.532,0.0078,1.70636544,FALSE
01-03-1995 08:30,2.993,0.0098,2.53423296,FALSE
02-03-1995 08:30,3.18,0.0062,1.7034624,FALSE
04-03-1995 08:30,3.33,0.0054,1.5536448,FALSE
06-03-1995 08:30,2.095,0.016,2.896128,FALSE
07-03-1995 08:30,1.131,0.0093,0.90878112,FALSE
08-03-1995 08:30,1.05,0.0153,1.388016,FALSE
09-03-1995 08:30,0.8009,0.0124,0.858052224,FALSE
10-03-1995 08:30,1.165,0.0117,1.1776752,FALSE
13-03-1995 08:30,2.508,0.0056,1.21347072,FALSE
14-03-1995 08:30,2.182,0.0151,2.84672448,FALSE
17-03-1995 08:30,1.617,0.004,0.5588352,FALSE
18-03-1995 08:30,1.252,0.0077,0.83293056,FALSE
20-03-1995 08:30,0.8897,0.005,0.3843504,FALSE
21-03-1995 08:30,0.7926,0.0148,1.013513472,FALSE
22-03-1995 08:30,0.6591,0.0147,0.837109728,FALSE
23-03-1995 08:30,0.3869,0.0147,0.491393952,FALSE
24-03-1995 08:30,0.347,0.0147,0.44071776,FALSE
25-03-1995 08:30,0.091,0.0146,0.11479104,FALSE
27-03-1995 08:30,1.122,0.0148,1.43472384,FALSE
28-03-1995 08:30,1.701,0.015,2.204496,FALSE
29-03-1995 08:30,2.563,0.0151,3.34379232,FALSE
30-03-1995 08:30,2.362,0.0151,3.08155968,FALSE
31-03-1995 08:30,1.793,0.015,2.323728,FALSE
01-04-1995 08:30,2.361,0.0151,3.08025504,FALSE
03-04-1995 08:30,2.287,0.0151,2.98371168,FALSE
04-04-1995 08:30,1.789,0.015,2.318544,FALSE
05-04-1995 08:30,1.699,0.015,2.201904,FALSE
06-04-1995 08:30,2.848,0.0152,3.74022144,FALSE
07-04-1995 08:30,3.21,0.0153,4.2433632,FALSE
08-04-1995 08:30,6.278,0.0159,8.62446528,FALSE
10-04-1995 08:30,3.001,0.0152,3.94115328,FALSE
15-04-1995 08:30,0.4754,0.0147,0.603796032,FALSE
17-04-1995 08:30,0.745,0.0148,0.9526464,FALSE
18-04-1995 08:30,1.386,0.0149,1.78428096,FALSE
19-04-1995 08:30,2.092,0.015,2.711232,FALSE
20-04-1995 08:30,2.427,0.0151,3.16636128,FALSE
21-04-1995 08:30,2.596,0.0151,3.38684544,FALSE
22-04-1995 08:30,3.702,0.0154,4.92573312,FALSE
24-04-1995 08:30,3.832,0.0154,5.09870592,FALSE
25-04-1995 08:30,3.345,0.0153,4.4218224,FALSE
26-04-1995 08:30,3.355,0.0153,4.4350416,FALSE
27-04-1995 08:30,3.325,0.0153,4.395384,FALSE
29-04-1995 08:30,2.778,0.0152,3.64829184,FALSE
01-05-1995 08:30,5.065,0.0156,6.8268096,FALSE
02-05-1995 08:30,4.68,0.0156,6.3078912,FALSE
03-05-1995 08:30,3.53,0.0153,4.6663776,FALSE
04-05-1995 08:30,3.402,0.0153,4.49717184,FALSE
05-05-1995 08:30,6.214,0.0159,8.53654464,FALSE
06-05-1995 08:30,7.71,0.0162,10.7915328,FALSE
08-05-1995 08:30,95.87,0.11806,977.9108141,FALSE
09-05-1995 08:30,23.93,0.0661,136.6651872,FALSE
10-05-1995 08:30,17.74,0.0341,52.2662976,FALSE
12-05-1995 08:30,18.92,0.0255,41.684544,FALSE
15-05-1995 08:30,15.87,0.0288,39.4896384,FALSE
16-05-1995 08:30,21.49,0.0165,30.636144,FALSE
17-05-1995 08:30,16.95,0.0131,19.184688,FALSE
18-05-1995 08:30,10.89,0.0128,12.0434688,FALSE
19-05-1995 08:30,11,0.0102,9.69408,FALSE
20-05-1995 08:30,10.97,0.0072,6.8242176,FALSE
22-05-1995 08:30,11.1,0.0112,10.741248,FALSE
23-05-1995 08:30,12.29,0.015,15.92784,FALSE
24-05-1995 08:30,10.03,0.0115,9.965808,FALSE
25-05-1995 08:30,9.195,0.009,7.150032,FALSE
26-05-1995 08:30,11.81,0.0105,10.714032,FALSE
27-05-1995 08:30,7.746,0.0134,8.96800896,FALSE
29-05-1995 08:30,5.754,0.0116,5.76688896,FALSE
30-05-1995 08:30,6.411,0.0094,5.20675776,FALSE
31-05-1995 08:30,8.08,0.0088,6.1433856,FALSE
01-06-1995 08:00,4.793,0.0093,3.85127136,FALSE
02-06-1995 08:00,4.133,0.0102,3.64233024,FALSE
03-06-1995 08:00,3.983,0.0071,2.44333152,FALSE
05-06-1995 08:00,4.418,0.0082,3.13006464,FALSE
06-06-1995 08:00,6.613,0.0117,6.68494944,FALSE
07-06-1995 08:00,6.203,0.0108,5.78814336,FALSE
08-06-1995 08:00,4.615,0.0118,4.7050848,FALSE
12-06-1995 08:00,86.96,0.0562,422.2499328,FALSE
13-06-1995 08:00,128.9,0.0978,1089.194688,FALSE
14-06-1995 08:00,114.9,0.0483,479.491488,FALSE
15-06-1995 08:00,94.12,0.0238,193.5408384,FALSE
16-06-1995 08:00,61.84,0.0274,146.3975424,FALSE
17-06-1995 08:00,61.36,0.0344,182.3717376,FALSE
19-06-1995 08:00,54.69,0.0207,97.8119712,FALSE
20-06-1995 08:00,51.71,0.0235,104.991984,FALSE
21-06-1995 08:00,34.39,0.0148,43.9751808,FALSE
22-06-1995 08:00,45.22,0.0199,77.7494592,FALSE
23-06-1995 08:00,33.89,0.0156,45.6782976,FALSE
24-06-1995 08:00,44.5,0.0339,130.33872,FALSE
26-06-1995 08:00,33.1,0.0287,82.077408,FALSE
27-06-1995 08:00,41.12,0.0456,162.0062208,FALSE
28-06-1995 08:00,70.13,0.0762,461.7134784,FALSE
29-06-1995 08:00,184.3,0.1141,1816.873632,FALSE
30-06-1995 08:00,181.7,0.0972,1525.931136,FALSE
01-07-1995 08:00,248.4,0.0896,1922.973696,FALSE
03-07-1995 08:00,144.6,0.0354,442.267776,FALSE
04-07-1995 08:00,87.62,0.0263,199.1006784,FALSE
10-07-1995 08:00,96.96,0.0117,98.0149248,FALSE
12-07-1995 08:00,322.7,0.0453,1263.021984,FALSE
13-07-1995 08:00,204.5,0.0337,595.43856,FALSE
14-07-1995 08:00,170.2,0.0206,302.928768,FALSE
15-07-1995 08:00,124.3,0.0254,272.783808,FALSE
17-07-1995 08:00,406.9,0.076,2671.86816,FALSE
18-07-1995 08:00,194.5,0.0305,512.5464,FALSE
19-07-1995 08:00,176.8,0.0261,398.691072,FALSE
20-07-1995 08:00,291.2,0.0691,1738.533888,FALSE
21-07-1995 08:00,288.8,0.1028,2565.098496,FALSE
22-07-1995 08:00,189.1,0.034,555.50016,FALSE
24-07-1995 08:00,121.9,0.0467,491.851872,FALSE
25-07-1995 08:00,195.4,0.0732,1235.803392,FALSE
26-07-1995 08:00,119.6,0.0232,239.735808,FALSE
27-07-1995 08:00,95.98,0.0139,115.2681408,FALSE
28-07-1995 08:00,89.47,0.0201,155.3771808,FALSE
29-07-1995 08:00,168.3,0.0671,975.709152,FALSE
31-07-1995 08:00,186.6,0.0386,622.318464,FALSE
01-08-1995 08:00,140.9,0.0208,253.214208,FALSE
02-08-1995 08:00,109,0.0192,180.81792,FALSE
03-08-1995 08:00,85.5,0.011,81.2592,FALSE
04-08-1995 08:00,96.67,0.0226,188.7617088,FALSE
05-08-1995 08:00,144.3,0.1089,1357.712928,FALSE
06-08-1995 08:00,102,0.0539,475.00992,FALSE
07-08-1995 08:00,90.29,0.0214,166.9425984,FALSE
08-08-1995 08:00,80.96,0.0169,118.2145536,FALSE
14-08-1995 08:00,74.11,0.0372,238.1954688,FALSE
16-08-1995 08:00,50.45,0.0179,78.023952,FALSE
17-08-1995 08:00,57.33,0.0152,75.2903424,FALSE
19-08-1995 08:00,176.5,0.0882,1345.01472,FALSE
21-08-1995 08:00,229.2,0.1743,3451.641984,FALSE
22-08-1995 08:00,129.6,0.0302,338.162688,FALSE
23-08-1995 08:00,118.4,0.0269,275.180544,FALSE
26-08-1995 08:00,122.4,0.0336,355.332096,FALSE
28-08-1995 08:00,125.6,0.0226,245.251584,FALSE
29-08-1995 08:00,198.2,0.0655,1121.65344,FALSE
30-08-1995 08:00,213.9,0.0386,713.365056,FALSE
31-08-1995 08:00,483.4,0.0933,3896.745408,FALSE
01-09-1995 08:00,446.4,0.0416,1604.468736,FALSE
04-09-1995 08:00,338.8,0.0471,1378.726272,FALSE
08-09-1995 08:00,135.4,0.0198,231.631488,FALSE
11-09-1995 08:00,86.82,0.0282,211.5351936,FALSE
12-09-1995 08:00,71.29,0.018,110.870208,FALSE
13-09-1995 08:00,60.11,0.0274,142.3020096,FALSE
14-09-1995 08:00,54.86,0.0173,82.0003392,FALSE
15-09-1995 08:00,58.69,0.0129,65.4135264,FALSE
16-09-1995 08:00,147.8,0.0658,840.260736,FALSE
18-09-1995 08:00,85.67,0.0377,279.0511776,FALSE
19-09-1995 08:00,75.37,0.0339,220.7557152,FALSE
20-09-1995 08:00,56.31,0.04,194.60736,FALSE
21-09-1995 08:00,54.35,0.0147,69.028848,FALSE
22-09-1995 08:00,115,0.0465,462.024,FALSE
23-09-1995 08:00,80.17,0.0275,190.48392,FALSE
26-09-1995 08:00,45.76,0.0106,41.9088384,FALSE
27-09-1995 08:00,38.58,0.0099,32.9997888,FALSE
28-09-1995 08:00,35.28,0.0129,39.3216768,FALSE
29-09-1995 08:00,32.85,0.0092,26.111808,FALSE
30-09-1995 08:00,32.85,0.0167,47.398608,FALSE
04-10-1995 08:00,39.61,0.0233,79.7396832,FALSE
05-10-1995 08:00,126.2,0.0785,855.93888,FALSE
06-10-1995 08:00,98.91,0.0688,587.9526912,FALSE
07-10-1995 08:00,124.7,0.092,991.21536,FALSE
09-10-1995 08:00,163.6,0.1845,2607.91488,FALSE
10-10-1995 08:00,70.81,0.0417,255.1199328,FALSE
11-10-1995 08:00,59.19,0.0274,140.1240384,FALSE
12-10-1995 08:00,44.41,0.0198,75.9730752,FALSE
13-10-1995 08:00,39.29,0.0173,58.7275488,FALSE
16-10-1995 08:00,26.72,0.0038,8.7727104,FALSE
17-10-1995 08:00,29.47,0.0092,23.4251136,FALSE
18-10-1995 08:00,35.12,0.0118,35.8055424,FALSE
19-10-1995 08:00,34.03,0.0113,33.2241696,FALSE
20-10-1995 08:00,23.13,0.0067,13.3894944,FALSE
21-10-1995 08:00,37.63,0.018,58.522176,FALSE
24-10-1995 08:00,32.15,0.0562,156.110112,FALSE
25-10-1995 08:00,59.6,0.0537,276.524928,FALSE
26-10-1995 08:00,30.22,0.0217,56.6588736,FALSE
27-10-1995 08:00,23.47,0.0159,32.2421472,FALSE
28-10-1995 08:00,19.73,0.0195,33.241104,FALSE
30-10-1995 08:00,25.66,0.0167,37.0243008,FALSE
31-10-1995 08:00,45.48,0.0421,165.4307712,FALSE
01-11-1995 08:00,128.9,0.1326,1476.760896,FALSE
02-11-1995 08:00,95.1,0.0775,636.7896,FALSE
03-11-1995 08:00,108.2,0.112,1047.02976,FALSE
04-11-1995 08:00,338.8,0.2076,6076.933632,FALSE
06-11-1995 08:00,135.2,0.0487,568.878336,FALSE
08-11-1995 08:00,175.6,0.0033,50.067072,FALSE
09-11-1995 08:00,117,0.0471,476.12448,FALSE
10-11-1995 08:00,118.4,0.0386,394.868736,FALSE
13-11-1995 08:00,47.93,0.021,86.964192,FALSE
14-11-1995 08:00,51.83,0.0209,93.5925408,FALSE
15-11-1995 08:00,49.9,0.0173,74.586528,FALSE
16-11-1995 08:00,42.12,0.0227,82.6091136,FALSE
17-11-1995 08:00,36.66,0.0132,41.8099968,FALSE
18-11-1995 08:00,33.82,0.0115,33.603552,FALSE
20-11-1995 08:00,29.52,0.0078,19.8941184,FALSE
21-11-1995 08:00,29.62,0.0092,23.5443456,FALSE
22-11-1995 08:00,28.41,0.0087,21.3552288,FALSE
23-11-1995 08:00,38.67,0.0121,40.4271648,FALSE
24-11-1995 08:00,36.13,0.0201,62.7448032,FALSE
25-11-1995 08:00,27.22,0.0116,27.2809728,FALSE
27-11-1995 08:00,22.78,0.0071,13.9741632,FALSE
28-11-1995 08:00,22.15,0.0099,18.946224,FALSE
29-11-1995 08:00,22.43,0.0078,15.1160256,FALSE
30-11-1995 08:00,20.42,0.0074,13.0557312,FALSE
01-12-1995 08:00,19.22,0.0089,14.7794112,FALSE
02-12-1995 08:00,17.18,0.0087,12.9138624,FALSE
04-12-1995 08:00,15.89,0.0071,9.7475616,FALSE
05-12-1995 08:00,15.21,0.0038,4.9937472,FALSE
06-12-1995 08:00,13.98,0.0086,10.3876992,FALSE
07-12-1995 08:00,13.82,0.01,11.94048,FALSE
08-12-1995 08:00,12.97,0.0099,11.0940192,FALSE
11-12-1995 08:00,13.04,0.0022,2.4786432,FALSE
12-12-1995 08:00,11.67,0.0074,7.4613312,FALSE
13-12-1995 08:00,11.22,0.0044,4.2653952,FALSE
14-12-1995 08:00,10.28,0.0023,2.0428416,FALSE
15-12-1995 08:00,9.674,0.0026,2.17316736,FALSE
16-12-1995 08:00,9.69,0.0081,6.7814496,FALSE
18-12-1995 08:00,9.317,0.0088,7.08390144,FALSE
19-12-1995 08:00,9.378,0.0074,5.99591808,FALSE
20-12-1995 08:00,9.312,0.0104,8.36739072,FALSE
21-12-1995 08:00,9.57,0.0109,9.0126432,FALSE
22-12-1995 08:00,8.96,0.0115,8.902656,FALSE
23-12-1995 08:00,8.597,0.0077,5.71941216,FALSE
29-12-1995 08:00,5.745,0.0115,5.708232,FALSE
30-12-1995 08:00,5.786,0.0055,2.7495072,FALSE
01-01-1996 08:00,5.5,0.0056,2.66112,FALSE
02-01-1996 08:00,5.3885,0.0055,2.5606152,FALSE
03-01-1996 08:00,5.47,0.0056,2.6466048,FALSE
04-01-1996 08:00,5.128,0.0053,2.34821376,FALSE
05-01-1996 08:00,4.941,0.0053,2.26258272,FALSE
06-01-1996 08:00,4.882,0.0052,2.19338496,FALSE
08-01-1996 08:00,4.294,0.0049,1.81790784,FALSE
09-01-1996 08:00,3.849,0.0046,1.52974656,FALSE
10-01-1996 08:00,3.452,0.0044,1.31231232,FALSE
11-01-1996 08:00,3.398,0.0043,1.26242496,FALSE
12-01-1996 08:00,3.299,0.0042,1.19714112,FALSE
16-01-1996 08:00,3.207,0.0042,1.16375616,FALSE
17-01-1996 08:00,3.101,0.0041,1.09849824,FALSE
18-01-1996 08:00,3.151,0.0041,1.11621024,FALSE
19-01-1996 08:00,3.19,0.0042,1.1575872,FALSE
20-01-1996 08:00,3.192,0.0042,1.15831296,FALSE
22-01-1996 08:00,3.274,0.0042,1.18806912,FALSE
23-01-1996 08:00,3.397,0.0042,1.23270336,FALSE
24-01-1996 08:00,3.164,0.0042,1.14815232,FALSE
25-01-1996 08:00,2.581,0.0039,0.86969376,FALSE
27-01-1996 08:00,2.952,0.0041,1.04571648,FALSE
29-01-1996 08:00,2.948,0.0041,1.04429952,FALSE
30-01-1996 08:00,2.661,0.0039,0.89665056,FALSE
31-01-1996 08:00,2.192,0.0037,0.70073856,FALSE
01-02-1996 08:00,1.955,0.0036,0.6080832,FALSE
02-02-1996 08:00,1.948,0.0035,0.5890752,FALSE
03-02-1996 08:00,1.947,0.0035,0.5887728,FALSE
05-02-1996 08:00,1.803,0.0034,0.52964928,FALSE
06-02-1996 08:00,1.701,0.0034,0.49968576,FALSE
07-02-1996 08:00,1.734,0.0034,0.50937984,FALSE
08-02-1996 08:00,1.58,0.0033,0.4504896,FALSE
09-02-1996 08:00,1.51,0.0033,0.4305312,FALSE
12-02-1996 08:00,1.662,0.0034,0.48822912,FALSE
13-02-1996 08:00,2.347,0.0038,0.77056704,FALSE
14-02-1996 08:00,2.164,0.0036,0.67309056,FALSE
15-02-1996 08:00,2.623,0.0039,0.88384608,FALSE
16-02-1996 08:00,2.528,0.0038,0.82999296,FALSE
17-02-1996 08:00,3.102,0.0041,1.09885248,FALSE
19-02-1996 08:00,3.466,0.0048,1.43741952,FALSE
20-02-1996 08:00,3.531,0.0048,1.46437632,FALSE
22-02-1996 08:00,3.179,0.0042,1.15359552,FALSE
23-02-1996 08:00,3.162,0.0042,1.14742656,FALSE
24-02-1996 08:00,2.89,0.004,0.998784,FALSE
26-02-1996 08:00,2.049,0.0036,0.63732096,FALSE
27-02-1996 08:00,1.566,0.0033,0.44649792,FALSE
28-02-1996 08:00,1.444,0.0032,0.39923712,FALSE
29-02-1996 08:00,1.249,0.0031,0.33453216,FALSE
01-03-1996 08:00,1.203,0.0031,0.32221152,FALSE
02-03-1996 08:00,1.13,0.003,0.292896,FALSE
03-03-1996 08:00,1.1,0.003,0.28512,FALSE
06-03-1996 08:00,0.779,0.0028,0.18845568,FALSE
07-03-1996 08:00,0.826,0.0029,0.20696256,FALSE
08-03-1996 08:00,0.716,0.0028,0.17321472,FALSE
11-03-1996 08:00,0.746,0.0028,0.18047232,FALSE
12-03-1996 08:00,0.666,0.0028,0.16111872,FALSE
13-03-1996 08:00,1.461,0.0033,0.41656032,FALSE
14-03-1996 08:00,1.298,0.0031,0.34765632,FALSE
15-03-1996 08:00,1.441,0.0032,0.39840768,FALSE
16-03-1996 08:00,1.653,0.0033,0.47130336,FALSE
18-03-1996 08:00,1.616,0.0033,0.46075392,FALSE
19-03-1996 08:00,1.757,0.0034,0.51613632,FALSE
20-03-1996 08:00,2.005,0.0036,0.6236352,FALSE
21-03-1996 08:00,1.959,0.0035,0.5924016,FALSE
22-03-1996 08:00,1.985,0.0035,0.600264,FALSE
23-03-1996 08:00,1.828,0.0034,0.53699328,FALSE
25-03-1996 08:00,1.355,0.0032,0.3746304,FALSE
26-03-1996 08:00,1.126,0.0031,0.30158784,FALSE
27-03-1996 08:00,0.73,0.0029,0.1829088,FALSE
28-03-1996 08:00,1.408,0.0032,0.38928384,FALSE
29-03-1996 08:00,1.466,0.0033,0.41798592,FALSE
30-03-1996 08:00,1.73,0.0034,0.5082048,FALSE
02-04-1996 08:00,1.513,0.0033,0.43138656,FALSE
03-04-1996 08:00,1.509,0.0033,0.43024608,FALSE
04-04-1996 08:00,1.179,0.0031,0.31578336,FALSE
06-04-1996 08:00,0.879,0.003,0.2278368,FALSE
09-04-1996 08:00,5.866,0.0056,2.83820544,FALSE
10-04-1996 08:00,3.757,0.0045,1.4607216,FALSE
11-04-1996 08:00,2.941,0.0042,1.06723008,FALSE
12-04-1996 08:00,2.955,0.0042,1.0723104,FALSE
13-04-1996 08:00,5.2,0.0054,2.426112,FALSE
15-04-1996 08:00,14.16,0.011,13.457664,FALSE
16-04-1996 08:00,11.07,0.0088,8.4167424,FALSE
17-04-1996 08:00,9.982,0.0082,7.07204736,FALSE
18-04-1996 08:00,12.58,0.0097,10.5430464,FALSE
19-04-1996 08:00,15.6,0.0113,15.230592,FALSE
20-04-1996 08:00,7.66,0.0068,4.5004032,FALSE
22-04-1996 08:00,8.845,0.0075,5.73156,FALSE
23-04-1996 08:00,19.6,0.0136,23.030784,FALSE
24-04-1996 08:00,8.745,0.0074,5.5912032,FALSE
25-04-1996 08:00,5.507,0.0056,2.66450688,FALSE
26-04-1996 08:00,4.415,0.005,1.90728,FALSE
30-04-1996 08:00,5.949,0.0059,3.03256224,FALSE
01-05-1996 08:00,5.954,0.0059,3.03511104,FALSE
02-05-1996 08:00,38.17,0.0275,90.69192,FALSE
04-05-1996 08:00,8.676,0.0074,5.54708736,FALSE
06-05-1996 08:00,5.369,0.0055,2.5513488,FALSE
07-05-1996 08:00,4.411,0.005,1.905552,FALSE
08-05-1996 08:00,3.86,0.0047,1.5674688,FALSE
09-05-1996 08:00,3.189,0.0042,1.15722432,FALSE
10-05-1996 08:00,3.075,0.0041,1.089288,FALSE
13-05-1996 08:00,2.126,0.0037,0.67963968,FALSE
14-05-1996 08:00,1.947,0.0055,0.9252144,FALSE
15-05-1996 08:00,1.771,0.0034,0.52024896,FALSE
20-05-1996 08:00,1.614,0.0033,0.46018368,FALSE
21-05-1996 08:00,7.478,0.0068,4.39347456,FALSE
22-05-1996 08:00,3.703,0.0045,1.4397264,FALSE
23-05-1996 08:00,3.068,0.0041,1.08680832,FALSE
24-05-1996 08:00,2.296,0.0032,0.63479808,FALSE
25-05-1996 08:00,2.386,0.0038,0.78337152,FALSE
27-05-1996 08:00,1.73,0.0034,0.5082048,FALSE
29-05-1996 08:00,1.146,0.0031,0.30694464,FALSE
30-05-1996 08:00,1.351,0.0032,0.37352448,FALSE
31-05-1996 08:00,1.34,0.0032,0.3704832,FALSE
01-06-1996 08:00,3.032,0.01,2.619648,FALSE
03-06-1996 08:00,1.394,0.0054,0.65038464,FALSE
04-06-1996 08:00,1.896,0.0068,1.11393792,FALSE
05-06-1996 08:00,2.747,0.0085,2.0173968,FALSE
06-06-1996 08:00,3.11,0.0095,2.552688,FALSE
07-06-1996 08:00,2.392,0.0078,1.61201664,FALSE
10-06-1996 08:00,1.54,0.0056,0.7451136,FALSE
11-06-1996 08:00,6.983,0.014,8.4466368,FALSE
12-06-1996 08:00,10.06,0.018,15.645312,FALSE
13-06-1996 08:00,6.775,0.016,9.36576,FALSE
14-06-1996 08:00,110.9,0.2091,2003.546016,FALSE
15-06-1996 08:00,148.8,0.096,1234.20672,FALSE
17-06-1996 08:00,106.7,0.0559,515.335392,FALSE
18-06-1996 08:00,162.8,0.0825,1160.4384,FALSE
19-06-1996 08:00,166.6,0.0566,814.713984,FALSE
20-06-1996 08:00,279.6,0.1036,2502.710784,FALSE
21-06-1996 08:00,286.8,0.0882,2185.553664,FALSE
22-06-1996 08:00,206.2,0.1128,2009.608704,FALSE
24-06-1996 08:00,66.41,0.0231,132.5437344,FALSE
25-06-1996 08:00,47.21,0.0158,64.4473152,FALSE
26-06-1996 08:00,40.45,0.0095,33.20136,FALSE
27-06-1996 08:00,33.47,0.0065,18.796752,FALSE
28-06-1996 08:00,24.1,0.0012,2.498688,FALSE
29-06-1996 08:00,20.15,0.0063,10.968048,FALSE
30-06-1996 08:00,19,0.0059,9.68544,FALSE
01-07-1996 08:00,16.68,0.0052,7.4939904,FALSE
02-07-1996 08:00,15.19,0.0047,6.1683552,FALSE
03-07-1996 08:00,13.56,0.0042,4.9206528,FALSE
04-07-1996 08:00,12.18,0.0038,3.9989376,FALSE
05-07-1996 08:00,11.09,0.0035,3.353616,FALSE
06-07-1996 08:00,10.8,0.0034,3.172608,FALSE
07-07-1996 08:00,12.5,0.0039,4.212,FALSE
08-07-1996 08:00,14.69,0.0046,5.8383936,FALSE
09-07-1996 08:00,66.02,0.0162,92.4068736,FALSE
15-07-1996 08:00,45.39,0.0112,43.9229952,FALSE
16-07-1996 08:00,45.76,0.0113,44.6764032,FALSE
17-07-1996 08:00,65.73,0.0143,81.2107296,FALSE
18-07-1996 08:00,75.84,0.0169,110.7385344,FALSE
19-07-1996 08:00,187.5,0.0637,1031.94,FALSE
20-07-1996 08:00,253.3,0.0581,1271.525472,FALSE
22-07-1996 08:00,235.3,0.0194,394.400448,FALSE
23-07-1996 08:00,416.2,0.0163,586.142784,FALSE
25-07-1996 08:00,309.1,0.0437,1167.062688,FALSE
26-07-1996 08:00,270.3,0.0306,714.629952,FALSE
27-07-1996 08:00,243.6,0.0298,627.201792,FALSE
30-07-1996 08:00,335.4,0.0345,999.76032,FALSE
31-07-1996 08:00,194,0.0199,333.55584,FALSE
01-08-1996 08:00,167.3,0.0329,475.560288,FALSE
02-08-1996 08:00,145.6,0.0374,470.486016,FALSE
03-08-1996 08:00,105.9,0.0294,269.002944,FALSE
05-08-1996 08:00,88.73,0.021,160.991712,FALSE
07-08-1996 08:00,158,0.0646,881.86752,FALSE
08-08-1996 08:00,84.1,0.0172,124.979328,FALSE
14-08-1996 08:00,78.3,0.0166,112.300992,FALSE
16-08-1996 08:00,75.85,0.0131,85.850064,FALSE
19-08-1996 08:00,120.8,0.035,365.2992,FALSE
20-08-1996 08:00,68.63,0.0132,78.2711424,FALSE
23-08-1996 08:00,74.72,0.0311,200.7756288,FALSE
24-08-1996 08:00,418.7,0.2515,9098.18352,FALSE
29-08-1996 08:00,70.75,0.0292,178.49376,FALSE
30-08-1996 08:00,63.08,0.0322,175.4936064,FALSE
31-08-1996 08:00,58,0.0292,146.32704,FALSE
02-09-1996 08:00,94.6,0.0556,454.443264,FALSE
05-09-1996 08:00,130,0.03415,383.5728,FALSE
06-09-1996 08:00,136.8,0.0342,404.227584,FALSE
07-09-1996 08:00,107.9,0.0232,216.283392,FALSE
09-09-1996 08:00,117.8,0.0709,721.614528,FALSE
10-09-1996 08:00,97.83,0.0312,263.7183744,FALSE
12-09-1996 08:00,141.4,0.0407,497.230272,FALSE
16-09-1996 08:00,75.22,0.0091,59.1409728,FALSE
18-09-1996 08:00,59.4,0.015,76.9824,FALSE
19-09-1996 08:00,55.87,0.0102,49.2371136,FALSE
21-09-1996 08:00,59.03,0.0152,77.5229184,FALSE
23-09-1996 08:00,59.39,0.0052,26.6827392,FALSE
25-09-1996 08:00,65.01,0.0352,197.7136128,FALSE
26-09-1996 08:00,81.89,0.0408,288.6720768,FALSE
27-09-1996 08:00,109.6,0.065,615.5136,FALSE
28-09-1996 08:00,262.7,0.0876,1988.281728,FALSE
30-09-1996 08:00,250.7,0.0204,441.873792,FALSE
03-10-1996 08:00,120.7,0.0241,251.326368,FALSE
04-10-1996 08:00,145.9,0.0452,569.780352,FALSE
05-10-1996 08:00,112.6,0.0058,56.426112,FALSE
07-10-1996 08:00,66.6,0.0171,98.397504,FALSE
09-10-1996 08:00,52.78,0.0161,73.4190912,FALSE
10-10-1996 08:00,64.43,0.0124,69.0277248,FALSE
14-10-1996 08:00,356.2,0.2165,6662.93472,FALSE
15-10-1996 08:00,169.7,0.0553,810.813024,FALSE
16-10-1996 08:00,344.7,0.2277,6781.379616,FALSE
17-10-1996 08:00,261.9,0.106,2398.58496,FALSE
19-10-1996 08:00,334.1,0.1445,4171.17168,FALSE
22-10-1996 08:00,82.45,0.0093,66.250224,FALSE
23-10-1996 08:00,79.02,0.022,150.201216,FALSE
24-10-1996 08:00,69.19,0.0213,127.3317408,FALSE
26-10-1996 08:00,55.85,0.0221,106.642224,FALSE
28-10-1996 08:00,47.54,0.0103,42.3067968,FALSE
30-10-1996 08:00,40.79,0.0202,71.1899712,FALSE
31-10-1996 08:00,38.12,0.0111,36.5586048,FALSE
01-11-1996 08:00,69.45,0.0275,165.0132,FALSE
02-11-1996 08:00,42.84,0.0257,95.1253632,FALSE
04-11-1996 08:00,90.79,0.0389,305.1415584,FALSE
05-11-1996 08:00,46.49,0.0249,100.0167264,FALSE
10-11-1996 08:00,26,0.0127,28.52928,FALSE
11-11-1996 08:00,26.12,0.0193,43.5556224,FALSE
12-11-1996 08:00,37.76,0.0211,68.8379904,FALSE
13-11-1996 08:00,48.51,0.0379,158.8489056,FALSE
14-11-1996 08:00,49.06,0.0345,146.238048,FALSE
15-11-1996 08:00,55.01,0.0408,193.9168512,FALSE
16-11-1996 08:00,41.85,0.0156,56.407104,FALSE
18-11-1996 08:00,20.87,0.0122,21.9986496,FALSE
19-11-1996 08:00,22.49,0.0165,32.061744,FALSE
20-11-1996 08:00,20.6,0.0142,25.273728,FALSE
21-11-1996 08:00,20.4,0.0129,22.737024,FALSE
22-11-1996 08:00,19.14,0.0165,27.285984,FALSE
23-11-1996 08:00,17.59,0.0087,13.2220512,FALSE
26-11-1996 08:00,16.93,0.0063,9.2153376,FALSE
27-11-1996 08:00,17.32,0.0114,17.0595072,FALSE
28-11-1996 08:00,16.9,0.0136,19.858176,FALSE
29-11-1996 08:00,16.86,0.0104,15.1497216,FALSE
30-11-1996 08:00,16.86,0.0108,15.7324032,FALSE
02-12-1996 08:00,12.95,0.0126,14.097888,FALSE
03-12-1996 08:00,12.36,0.0077,8.2228608,FALSE
04-12-1996 08:00,12.82,0.011,12.184128,FALSE
05-12-1996 08:00,12.68,0.0071,7.7784192,FALSE
06-12-1996 08:00,11.12,0.0119,11.4331392,FALSE
07-12-1996 08:00,10.58,0.0095,8.684064,FALSE
09-12-1996 08:00,14.5,0.0085,10.6488,FALSE
10-12-1996 08:00,14.53,0.0125,15.6924,FALSE
11-12-1996 08:00,16.94,0.0113,16.5388608,FALSE
12-12-1996 08:00,14.46,0.0119,14.8671936,FALSE
13-12-1996 08:00,12.66,0.0097,10.6100928,FALSE
16-12-1996 08:00,83.88,0.09795,709.8663744,FALSE
17-12-1996 08:00,42.7,0.0424,156.425472,FALSE
18-12-1996 08:00,21.56,0.0163,30.3633792,FALSE
19-12-1996 08:00,15.34,0.0142,18.8203392,FALSE
20-12-1996 08:00,12.85,0.0131,14.544144,FALSE
26-12-1996 08:00,9.018,0.0117,9.11611584,FALSE
27-12-1996 08:00,8.558,0.0128,9.46446336,FALSE
28-12-1996 08:00,8.546,0.0135,9.9680544,FALSE
30-12-1996 08:00,8.184,0.0092,6.50529792,FALSE
31-12-1996 08:00,7.866,0.0085,5.7767904,FALSE
01-01-1997 08:00,7.807,0.0084,5.66600832,FALSE
02-01-1997 08:00,9.523,0.0103,8.47470816,FALSE
03-01-1997 08:00,9.287,0.01,8.023968,FALSE
04-01-1997 08:00,8.531,0.0092,6.78112128,FALSE
05-01-1997 08:00,7.5,0.0081,5.2488,FALSE
07-01-1997 08:00,6.643,0.0072,4.13247744,FALSE
10-01-1997 08:00,5.665,0.0061,2.9856816,FALSE
14-01-1997 08:00,4.747,0.0051,2.09171808,FALSE
17-01-1997 08:00,5.393,0.0029,1.35127008,FALSE
18-01-1997 08:00,5.385,0.0042,1.9541088,FALSE
20-01-1997 08:00,5.043,0.0057,2.48357664,FALSE
21-01-1997 08:00,4.764,0.0042,1.72876032,FALSE
24-01-1997 08:00,4.356,0.0094,3.53776896,FALSE
25-01-1997 08:00,4.328,0.0097,3.62721024,FALSE
27-01-1997 08:00,3.568,0.0098,3.02109696,FALSE
28-01-1997 08:00,4.068,0.0114,4.00681728,FALSE
29-01-1997 08:00,3.607,0.0146,4.55001408,FALSE
30-01-1997 08:00,3.614,0.0237,7.40031552,FALSE
31-01-1997 08:00,3.431,0.0179,5.30624736,FALSE
01-02-1997 08:00,2.857,0.0082,2.02412736,FALSE
03-02-1997 08:00,2.677,0.0094,2.17415232,FALSE
04-02-1997 08:00,3.004,0.0072,1.86872832,FALSE
05-02-1997 08:00,2.952,0.0088,2.24446464,FALSE
06-02-1997 08:00,3.07,0.0143,3.7930464,FALSE
07-02-1997 08:00,2.942,0.0226,5.74466688,FALSE
10-02-1997 08:00,3.548,0.0034,1.04226048,FALSE
12-02-1997 08:00,4.334,0.0174,6.51556224,FALSE
13-02-1997 08:00,4.331,0.0162,6.06201408,FALSE
14-02-1997 08:00,4.454,0.0123,4.73335488,FALSE
15-02-1997 08:00,4.185,0.0111,4.0135824,FALSE
17-02-1997 08:00,3.864,0.007,2.3369472,FALSE
18-02-1997 08:00,3.228,0.0063,1.75706496,FALSE
20-02-1997 08:00,3.151,0.0074,2.01462336,FALSE
22-02-1997 08:00,2.271,0.0204,4.00277376,FALSE
24-02-1997 08:00,2.258,0.0168,3.27753216,FALSE
25-02-1997 08:00,2.263,0.0228,4.45792896,FALSE
26-02-1997 08:00,2.18,0.0182,3.4280064,FALSE
27-02-1997 08:00,2.449,0.0137,2.89883232,FALSE
28-02-1997 08:00,2.016,0.0165,2.8740096,FALSE
01-03-1997 08:00,1.907,0.016,2.6362368,FALSE
03-03-1997 08:00,2.389,0.019,3.9217824,FALSE
04-03-1997 08:00,2.199,0.018,3.4198848,FALSE
05-03-1997 08:00,1.836,0.015,2.379456,FALSE
06-03-1997 08:00,1.621,0.014,1.9607616,FALSE
10-03-1997 08:00,0.851,0.0008,0.05882112,FALSE
12-03-1997 08:00,0.449,0.0005,0.0193968,FALSE
13-03-1997 08:00,0.932,0.0009,0.07247232,FALSE
14-03-1997 08:00,0.873,0.0008,0.06034176,FALSE
15-03-1997 08:00,1.18,0.0011,0.1121472,FALSE
18-03-1997 08:00,2.708,0.0085,1.9887552,FALSE
19-03-1997 08:00,1.842,0.0065,1.0344672,FALSE
21-03-1997 08:00,1.574,0.006,0.8159616,FALSE
22-03-1997 08:00,2.016,0.007,1.2192768,FALSE
25-03-1997 08:00,4.448,0.0125,4.80384,FALSE
26-03-1997 08:00,4.47,0.0125,4.8276,FALSE
27-03-1997 08:00,3.49,0.01,3.01536,FALSE
29-03-1997 08:00,1.874,0.0065,1.0524384,FALSE
31-03-1997 08:00,3.534,0.01,3.053376,FALSE
01-04-1997 08:00,13.32,0.0185,21.290688,FALSE
02-04-1997 08:00,8.286,0.0181,12.95797824,FALSE
03-04-1997 08:00,5.155,0.0208,9.2641536,FALSE
04-04-1997 08:00,5.499,0.0234,11.11765824,FALSE
05-04-1997 08:00,4.613,0.0255,10.1633616,FALSE
07-04-1997 08:00,3.061,0.024,6.3472896,FALSE
08-04-1997 08:00,2.696,0.021,4.8916224,FALSE
09-04-1997 08:00,2.625,0.021,4.7628,FALSE
10-04-1997 08:00,4.199,0.032,11.6093952,FALSE
11-04-1997 08:00,3.333,0.026,7.4872512,FALSE
15-04-1997 08:00,1.816,0.015,2.353536,FALSE
16-04-1997 08:00,1.554,0.013,1.7454528,FALSE
17-04-1997 08:00,1.766,0.015,2.288736,FALSE
19-04-1997 08:00,3.514,0.027,8.1974592,FALSE
21-04-1997 08:00,1.531,0.0055,0.7275312,FALSE
22-04-1997 08:00,1.534,0.0055,0.7289568,FALSE
23-04-1997 08:00,3.065,0.013,3.442608,FALSE
24-04-1997 08:00,1.682,0.006,0.8719488,FALSE
25-04-1997 08:00,1.745,0.0062,0.9347616,FALSE
26-04-1997 08:00,1.583,0.0057,0.77959584,FALSE
28-04-1997 08:00,1.263,0.0048,0.52379136,FALSE
29-04-1997 08:00,1.318,0.005,0.569376,FALSE
30-04-1997 08:00,1.4,0.0056,0.677376,FALSE
01-05-1997 08:00,1.721,0.006,0.8921664,FALSE
02-05-1997 08:00,3.366,0.01,2.908224,FALSE
03-05-1997 08:00,3.915,0.011,3.720816,FALSE
05-05-1997 08:00,5.422,0.0172,8.05752576,FALSE
06-05-1997 08:00,6.417,0.0137,7.59567456,FALSE
07-05-1997 08:00,4.579,0.0125,4.94532,FALSE
12-05-1997 08:00,2.963,0.009,2.3040288,FALSE
13-05-1997 08:00,2.921,0.009,2.2713696,FALSE
14-05-1997 08:00,2.65,0.008,1.83168,FALSE
16-05-1997 08:00,2.987,0.009,2.3226912,FALSE
19-05-1997 08:00,2.573,0.0082,1.82291904,FALSE
20-05-1997 08:00,2.417,0.0078,1.62886464,FALSE
26-05-1997 08:00,1.564,0.0058,0.78375168,FALSE
27-05-1997 08:00,1.673,0.006,0.8672832,FALSE
28-05-1997 08:00,3.747,0.0105,3.3992784,FALSE
29-05-1997 08:00,3.053,0.009,2.3740128,FALSE
30-05-1997 08:00,2.414,0.008,1.6685568,FALSE
31-05-1997 08:00,1.929,0.007,1.1666592,FALSE
02-06-1997 08:00,1.575,0.0065,0.88452,FALSE
03-06-1997 08:00,1.24,0.0052,0.5571072,FALSE
04-06-1997 08:00,1.319,0.0055,0.6267888,FALSE
05-06-1997 08:00,1.301,0.0054,0.60699456,FALSE
06-06-1997 08:00,1.569,0.0065,0.8811504,FALSE
07-06-1997 08:00,1.31,0.0055,0.622512,FALSE
09-06-1997 08:00,2.706,0.0113,2.64192192,FALSE
10-06-1997 08:00,3.558,0.0148,4.54968576,FALSE
11-06-1997 08:00,3.122,0.013,3.5066304,FALSE
12-06-1997 08:00,2.059,0.0086,1.52991936,FALSE
13-06-1997 08:00,6.932,0.0289,17.30892672,FALSE
16-06-1997 08:00,9.654,0.0124,10.34290944,FALSE
17-06-1997 08:00,6.987,0.0125,7.54596,FALSE
18-06-1997 08:00,4.993,0.0122,5.26302144,FALSE
20-06-1997 08:00,3.565,0.0087,2.6797392,FALSE
21-06-1997 08:00,3.445,0.0084,2.5002432,FALSE
23-06-1997 08:00,3.594,0.0088,2.73259008,FALSE
24-06-1997 08:00,3.889,0.0068,2.28486528,FALSE
25-06-1997 08:00,7.029,0.0123,7.46985888,FALSE
26-06-1997 08:00,45.08,0.0557,216.9465984,FALSE
27-06-1997 08:00,41.43,0.024,85.909248,FALSE
30-06-1997 08:00,234.4,0.1344,2721.890304,FALSE
01-07-1997 08:00,343.9,0.0807,2397.835872,FALSE
02-07-1997 08:00,365,0.0791,2494.4976,FALSE
03-07-1997 08:00,131.3,0.0185,209.86992,FALSE
04-07-1997 08:00,119.2,0.0428,440.792064,FALSE
05-07-1997 08:00,110.1,0.0529,503.218656,FALSE
07-07-1997 08:00,331.5,0.0594,1701.31104,FALSE
08-07-1997 08:00,307.5,0.0493,1309.8024,FALSE
09-07-1997 08:00,254.5,0.0546,1200.58848,FALSE
10-07-1997 08:00,298.2,0.0753,1940.065344,FALSE
14-07-1997 08:00,248.6,0.0376,807.611904,FALSE
15-07-1997 08:00,199.5,0.0276,475.73568,FALSE
16-07-1997 08:00,155.2,0.0306,410.323968,FALSE
19-07-1997 08:00,148.9,0.0401,515.884896,FALSE
21-07-1997 08:00,93.23,0.0843,679.0425696,FALSE
23-07-1997 08:00,132.4,0.0248,283.696128,FALSE
24-07-1997 08:00,140.4,0.0259,314.181504,FALSE
28-07-1997 08:00,314.4,0.043,1168.05888,FALSE
29-07-1997 08:00,209.8,0.0413,748.633536,FALSE
30-07-1997 08:00,187.4,0.0354,573.174144,FALSE
04-08-1997 08:00,244.4,0.0161,339.970176,FALSE
05-08-1997 08:00,172,0.0163,242.23104,FALSE
06-08-1997 08:00,153.5,0.0262,347.47488,FALSE
11-08-1997 08:00,164.8,0.028,398.68416,FALSE
12-08-1997 08:00,121.5,0.0179,187.90704,FALSE
13-08-1997 08:00,116,0.016,160.3584,FALSE
14-08-1997 08:00,111.3,0.0248,238.484736,FALSE
16-08-1997 08:00,104.4,0.0249,224.601984,FALSE
18-08-1997 08:00,116.7,0.014,141.16032,FALSE
19-08-1997 08:00,82.47,0.0148,105.4560384,FALSE
20-08-1997 08:00,80.74,0.0153,106.7318208,FALSE
21-08-1997 08:00,71.09,0.0204,125.3003904,FALSE
26-08-1997 08:00,85.73,0.012,88.884864,FALSE
27-08-1997 08:00,102,0.008,70.5024,FALSE
28-08-1997 08:00,97.56,0.024,202.300416,FALSE
29-08-1997 08:00,137.9,0.0427,508.751712,FALSE
30-08-1997 08:00,111.7,0.0206,198.808128,FALSE
01-09-1997 08:00,77.44,0.0135,90.326016,FALSE
02-09-1997 08:00,77.95,0.0094,63.307872,FALSE
03-09-1997 08:00,74.67,0.0193,124.5137184,FALSE
04-09-1997 08:00,68.14,0.0139,81.8334144,FALSE
06-09-1997 08:00,66.41,0.022,126.232128,FALSE
08-09-1997 08:00,86.74,0.0276,206.8436736,FALSE
09-09-1997 08:00,70.93,0.0197,120.7285344,FALSE
11-09-1997 08:00,51.96,0.0279,125.2526976,FALSE
12-09-1997 08:00,52.5,0.0296,134.2656,FALSE
16-09-1997 08:00,161.3,0.0317,441.781344,FALSE
17-09-1997 08:00,95.08,0.0284,233.3035008,FALSE
18-09-1997 08:00,81.23,0.0261,183.1768992,FALSE
19-09-1997 08:00,187,0.038,613.9584,FALSE
20-09-1997 08:00,124.4,0.0304,326.744064,FALSE
22-09-1997 08:00,156.9,0.032,433.79712,FALSE
23-09-1997 08:00,153.4,0.0528,699.798528,FALSE
24-09-1997 08:00,112.2,0.0279,270.464832,FALSE
25-09-1997 08:00,89.38,0.0179,138.2315328,FALSE
26-09-1997 08:00,75.05,0.0181,117.366192,FALSE
27-09-1997 08:00,66.74,0.0172,99.1809792,FALSE
29-09-1997 08:00,58.65,0.011,55.74096,FALSE
30-09-1997 08:00,51.67,0.0147,65.6250336,FALSE
01-10-1997 08:30,67.49,0.0234,136.4485824,FALSE
03-10-1997 08:30,42.71,0.0278,102.5860032,FALSE
04-10-1997 08:30,59.99,0.0645,334.312272,FALSE
06-10-1997 08:30,145.6,0.1059,1332.205056,FALSE
07-10-1997 08:30,91.23,0.0725,571.46472,FALSE
08-10-1997 08:30,78.98,0.0337,229.9644864,FALSE
09-10-1997 08:30,48.21,0.0334,139.1224896,FALSE
28-10-1997 08:30,37.96,0.0213,69.8585472,FALSE
29-10-1997 08:30,47.87,0.0225,93.05928,FALSE
31-10-1997 08:30,104.7,0.1141,1032.157728,FALSE
03-11-1997 08:00,131.1,0.0741,839.333664,FALSE
04-11-1997 08:00,89.82,0.0471,365.5171008,FALSE
05-11-1997 08:00,58.15,0.0309,155.246544,FALSE
06-11-1997 08:00,70.84,0.0332,203.2031232,FALSE
07-11-1997 08:00,47.72,0.0505,208.211904,FALSE
10-11-1997 08:00,106.8,0.0418,385.710336,FALSE
11-11-1997 08:00,134.2,0.0866,1004.116608,FALSE
12-11-1997 08:00,83.17,0.0382,274.5009216,FALSE
13-11-1997 08:00,55.11,0.0261,124.2752544,FALSE
15-11-1997 08:00,44.19,0.0388,148.1390208,FALSE
17-11-1997 08:00,56.97,0.046,226.421568,FALSE
18-11-1997 08:00,175.4,0.1186,1797.330816,FALSE
19-11-1997 08:00,101.1,0.0237,207.020448,FALSE
20-11-1997 08:00,87.22,0.0217,163.5270336,FALSE
21-11-1997 08:00,62.05,0.0264,141.533568,FALSE
22-11-1997 08:00,75.19,0.0504,327.4193664,FALSE
24-11-1997 08:00,173.5,0.1331,1995.22224,FALSE
26-11-1997 08:00,147.4,0.0464,590.920704,FALSE
28-11-1997 08:00,106.3,0.014,128.58048,FALSE
29-11-1997 08:00,74.42,0.0177,113.8090176,FALSE
01-12-1997 08:00,56.68,0.015,73.45728,FALSE
02-12-1997 08:00,50.89,0.0177,77.8250592,FALSE
03-12-1997 08:00,41.97,0.021,76.150368,FALSE
08-12-1997 08:00,37.35,0.0219,70.672176,FALSE
09-12-1997 08:00,33.15,0.0464,132.897024,FALSE
10-12-1997 08:00,34.55,0.0342,102.091104,FALSE
11-12-1997 08:00,34.9,0.0219,66.036384,FALSE
15-12-1997 08:00,23.61,0.0112,22.8469248,FALSE
16-12-1997 08:00,17.7,0.008,12.23424,FALSE
20-12-1997 08:00,26.79,0.0177,40.9694112,FALSE
22-12-1997 08:00,22.63,0.0097,18.9657504,FALSE
29-12-1997 08:00,13.92,0.0034,4.0891392,FALSE
30-12-1997 08:00,13.92,0.004,4.810752,FALSE
31-12-1997 08:00,12.1,0.0045,4.70448,FALSE
01-01-1998 08:00,12.22,0.0213,22.4887104,FALSE
02-01-1998 08:00,12.22,0.0145,15.309216,FALSE
03-01-1998 08:00,11.99,0.0059,6.1120224,FALSE
05-01-1998 08:00,10.62,0.0109,10.0014912,FALSE
07-01-1998 08:00,9.993,0.0064,5.52572928,FALSE
08-01-1998 08:00,9.861,0.0031,2.64117024,FALSE
09-01-1998 08:00,9.355,0.0046,3.7180512,FALSE
12-01-1998 08:00,8.385,0.0031,2.2458384,FALSE
13-01-1998 08:00,8.143,0.0024,1.68853248,FALSE
14-01-1998 08:00,7.858,0.007,4.7525184,FALSE
15-01-1998 08:00,6.758,0.0091,5.31340992,FALSE
16-01-1998 08:00,6.646,0.008,4.5937152,FALSE
17-01-1998 08:00,6.74,0.0115,6.696864,FALSE
19-01-1998 08:00,6.633,0.0054,3.09469248,FALSE
20-01-1998 08:00,6.47,0.002,1.118016,FALSE
21-01-1998 08:00,6.469,0.0022,1.22962752,FALSE
22-01-1998 08:00,6.32,0.0061,3.3308928,FALSE
23-01-1998 08:00,6.158,0.0039,2.07499968,FALSE
24-01-1998 08:00,6.057,0.0081,4.23893088,FALSE
27-01-1998 08:00,5.525,0.0083,3.962088,FALSE
28-01-1998 08:00,5.263,0.0034,1.54605888,FALSE
29-01-1998 08:00,5.147,0.0105,4.6693584,FALSE
30-01-1998 08:00,5.5,0.0095,4.5144,FALSE
31-01-1998 08:00,4.855,0.0085,3.565512,FALSE
02-02-1998 08:00,4.72,0.0066,2.6915328,FALSE
03-02-1998 08:00,4.5,0.0104,4.04352,FALSE
04-02-1998 08:00,4.439,0.0115,4.4105904,FALSE
05-02-1998 08:00,3.928,0.0097,3.29197824,FALSE
06-02-1998 08:00,3.799,0.0101,3.31515936,FALSE
07-02-1998 08:00,3.796,0.0088,2.88617472,FALSE
09-02-1998 08:00,3.927,0.0116,3.93579648,FALSE
11-02-1998 08:00,3.746,0.0067,2.16848448,FALSE
12-02-1998 08:00,3.695,0.0055,1.755864,FALSE
13-02-1998 08:00,3.51,0.0069,2.0925216,FALSE
16-02-1998 08:00,2.977,0.0128,3.29232384,FALSE
17-02-1998 08:00,2.873,0.0153,3.79787616,FALSE
18-02-1998 08:00,2.862,0.0079,1.95348672,FALSE
23-02-1998 08:00,2.676,0.0107,2.47390848,FALSE
26-02-1998 08:00,2.465,0.0115,2.449224,FALSE
27-02-1998 08:00,2.219,0.0117,2.24314272,FALSE
02-03-1998 08:00,2.11,0.0138,2.5157952,FALSE
04-03-1998 08:00,2.016,0.0167,2.90884608,FALSE
05-03-1998 08:00,2.013,0.0196,3.40889472,FALSE
06-03-1998 08:00,1.907,0.0131,2.15841888,FALSE
07-03-1998 08:00,1.9,0.0172,2.823552,FALSE
30-03-1998 08:00,1.602,0.0122,1.68863616,FALSE
31-03-1998 08:00,1.781,0.012,1.8465408,FALSE
01-04-1998 08:00,2.251,0.0138,2.68391232,FALSE
03-04-1998 08:00,3.087,0.0089,2.37377952,FALSE
04-04-1998 08:00,2.79,0.0079,1.9043424,FALSE
06-04-1998 08:00,2.286,0.0104,2.05410816,FALSE
07-04-1998 08:00,2.279,0.0102,2.00843712,FALSE
13-04-1998 08:00,1.266,0.0087,0.95162688,FALSE
15-04-1998 08:00,1.197,0.0079,0.81702432,FALSE
16-04-1998 08:00,1.247,0.0088,0.94811904,FALSE
17-04-1998 08:00,1.209,0.009,0.9401184,FALSE
18-04-1998 08:00,1.243,0.0089,0.95581728,FALSE
20-04-1998 08:00,1.167,0.0101,1.01837088,FALSE
21-04-1998 08:00,1.19,0.0095,0.976752,FALSE
22-04-1998 08:00,1.167,0.0099,0.99820512,FALSE
24-04-1998 08:00,0.956,0.0113,0.93336192,FALSE
27-04-1998 08:00,1.496,0.0108,1.39594752,FALSE
29-04-1998 08:00,2.928,0.0132,3.33932544,FALSE
01-05-1998 08:00,2.909,0.0136,3.41819136,FALSE
02-05-1998 08:00,2.538,0.0122,2.67525504,FALSE
04-05-1998 08:00,2.373,0.0061,1.25066592,FALSE
05-05-1998 08:00,1.928,0.0087,1.44923904,FALSE
06-05-1998 08:00,3.251,0.0143,4.01667552,FALSE
09-05-1998 08:00,2,0.012,2.0736,FALSE
12-05-1998 08:00,6.87,0.0141,8.3693088,FALSE
13-05-1998 08:00,7.082,0.0143,8.74995264,FALSE
14-05-1998 08:00,6.609,0.0136,7.76583936,FALSE
16-05-1998 08:00,13.56,0.0179,20.9713536,FALSE
18-05-1998 08:00,13.2,0.0075,8.5536,FALSE
19-05-1998 08:00,4.835,0.0079,3.3001776,FALSE
22-05-1998 08:00,4.013,0.0139,4.81945248,FALSE
23-05-1998 08:00,3.13,0.0085,2.298672,FALSE
25-05-1998 08:00,2.622,0.0098,2.22009984,FALSE
27-05-1998 08:00,2.621,0.009,2.0380896,FALSE
30-05-1998 08:00,2.364,0.0111,2.26717056,FALSE
01-06-1998 08:00,1.498,0.0112,1.44958464,FALSE
03-06-1998 08:00,2.555,0.0118,2.6048736,FALSE
04-06-1998 08:00,2.449,0.0121,2.56028256,FALSE
05-06-1998 08:00,2.505,0.0118,2.5538976,FALSE
06-06-1998 08:00,2.507,0.0108,2.33933184,FALSE
08-06-1998 08:00,5.164,0.0094,4.19399424,FALSE
09-06-1998 08:00,4.823,0.0096,4.00038912,FALSE
10-06-1998 08:00,2.616,0.0099,2.23762176,FALSE
15-06-1998 08:00,5.633,0.01,4.866912,FALSE
17-06-1998 08:00,6.458,0.0098,5.46811776,FALSE
20-06-1998 08:00,60.01,0.0256,132.7325184,FALSE
23-06-1998 08:00,78.95,0.0278,189.631584,FALSE
25-06-1998 08:00,52.26,0.0373,168.4193472,FALSE
26-06-1998 08:00,186,0.0691,1110.46464,FALSE
27-06-1998 08:00,88.54,0.0425,325.11888,FALSE
07-07-1998 08:00,136,0.0246,289.05984,FALSE
08-07-1998 08:00,108.4,0.0097,90.847872,FALSE
09-07-1998 08:00,93.52,0.0128,103.4256384,FALSE
10-07-1998 08:00,131.2,0.0218,247.117824,FALSE
13-07-1998 08:00,214.3,0.0229,424.005408,FALSE
14-07-1998 08:00,143.8,0.0119,147.849408,FALSE
15-07-1998 08:00,310,0.1162,3112.3008,FALSE
16-07-1998 08:00,137.2,0.062,734.95296,FALSE
17-07-1998 08:00,116,0.0183,183.40992,FALSE
18-07-1998 08:00,120.8,0.0192,200.392704,FALSE
21-07-1998 08:00,124.3,0.0534,573.490368,FALSE
23-07-1998 08:00,99.97,0.0115,99.330192,FALSE
24-07-1998 08:00,76.99,0.0081,53.8806816,FALSE
25-07-1998 08:00,179.1,0.0285,441.01584,FALSE
27-07-1998 08:00,103.7,0.0216,193.529088,FALSE
28-07-1998 08:00,82.21,0.0193,137.0868192,FALSE
29-07-1998 08:00,156.3,0.0292,394.326144,FALSE
30-07-1998 08:00,165.3,0.0293,418.460256,FALSE
04-08-1998 08:00,140.3,0.0278,336.989376,FALSE
05-08-1998 08:00,188.6,0.0327,532.847808,FALSE
06-08-1998 08:00,139,0.0277,332.66592,FALSE
07-08-1998 08:00,109.6,0.0168,159.086592,FALSE
11-08-1998 08:00,183.5,0.0308,488.31552,FALSE
12-08-1998 08:00,180.3,0.0395,615.32784,FALSE
13-08-1998 08:00,149.1,0.0214,275.679936,FALSE
14-08-1998 08:00,116.5,0.0272,273.78432,FALSE
17-08-1998 08:00,109.3,0.0281,265.362912,FALSE
18-08-1998 08:00,107.3,0.0271,251.236512,FALSE
21-08-1998 08:00,125.4,0.0255,276.28128,FALSE
22-08-1998 08:00,144,0.0188,233.90208,FALSE
27-08-1998 08:00,183.4,0.0231,366.037056,FALSE
28-08-1998 08:00,142.7,0.021,258.91488,FALSE
29-08-1998 08:00,138.7,0.0206,246.863808,FALSE
31-08-1998 08:00,119.5,0.0164,169.32672,FALSE
01-09-1998 08:00,119.6,0.0381,393.704064,FALSE
02-09-1998 08:00,105.7,0.0251,229.225248,FALSE
07-09-1998 08:00,200.4,0.0333,576.574848,FALSE
08-09-1998 08:00,131.3,0.0272,308.565504,FALSE
09-09-1998 08:00,217.5,0.0593,1114.3656,FALSE
10-09-1998 08:00,260.7,0.0529,1191.544992,FALSE
11-09-1998 08:00,148.9,0.0178,228.996288,FALSE
14-09-1998 08:00,163.8,0.0182,257.572224,FALSE
15-09-1998 08:00,181,0.0375,586.44,FALSE
16-09-1998 08:00,165.6,0.0218,311.910912,FALSE
17-09-1998 08:00,174.4,0.0352,530.399232,FALSE
18-09-1998 08:00,122.9,0.0209,221.927904,FALSE
19-09-1998 08:00,97.02,0.0177,148.3707456,FALSE
21-09-1998 08:00,91.47,0.019,150.157152,FALSE
22-09-1998 08:00,87.12,0.0179,134.7363072,FALSE
23-09-1998 08:00,135.5,0.0404,472.97088,FALSE
24-09-1998 08:00,179,0.0392,606.25152,FALSE
25-09-1998 08:00,110.5,0.0212,202.40064,FALSE
26-09-1998 08:00,102.1,0.0226,199.364544,FALSE
28-09-1998 08:00,92.26,0.0205,163.410912,FALSE
29-09-1998 08:00,83.85,0.022,159.38208,FALSE
03-10-1998 08:00,90.77,0.0135,105.874128,FALSE
05-10-1998 08:00,71.45,0.0216,133.342848,FALSE
06-10-1998 08:00,84.46,0.0323,235.7042112,FALSE
07-10-1998 08:00,70.37,0.0154,93.6315072,FALSE
08-10-1998 08:00,71.15,0.0192,118.029312,FALSE
09-10-1998 08:00,115.1,0.0104,103.424256,FALSE
14-10-1998 08:00,220,0.0261,496.1088,FALSE
15-10-1998 08:00,245.2,0.0405,858.00384,FALSE
17-10-1998 08:00,175.6,0.0159,241.232256,FALSE
20-10-1998 08:00,125.8,0.0061,66.301632,FALSE
21-10-1998 08:00,85.53,0.001,7.389792,FALSE
22-10-1998 08:00,78.17,0.0017,11.4816096,FALSE
23-10-1998 08:00,70.64,0.0012,7.3239552,FALSE
24-10-1998 08:00,66.14,0.0018,10.2860928,FALSE
26-10-1998 08:00,57.99,0.0012,6.0124032,FALSE
27-10-1998 08:00,64.82,0.0014,7.8406272,FALSE
28-10-1998 08:00,98.98,0.0169,144.5266368,FALSE
29-10-1998 08:00,113.1,0.0273,266.771232,FALSE
02-11-1998 08:00,64.85,0.0135,75.64104,FALSE
03-11-1998 08:00,59.14,0.0061,31.1691456,FALSE
05-11-1998 08:00,60.56,0.003,15.697152,FALSE
06-11-1998 08:00,55.11,0.0024,11.4276096,FALSE
07-11-1998 08:00,50.19,0.0019,8.2391904,FALSE
09-11-1998 08:00,150,0.3867,5011.632,FALSE
10-11-1998 08:00,281.3,0.2746,6673.966272,FALSE
11-11-1998 08:00,149,0.0532,684.87552,FALSE
12-11-1998 08:00,105.1,0.0207,187.969248,FALSE
13-11-1998 08:00,54.96,0.0081,38.4632064,FALSE
16-11-1998 08:00,48.41,0.0186,77.7968064,FALSE
18-11-1998 08:00,39.11,0.0107,36.1564128,FALSE
19-11-1998 08:00,37.9,0.0067,21.939552,FALSE
20-11-1998 08:00,34.37,0.0027,8.0178336,FALSE
21-11-1998 08:00,32.83,0.0074,20.9901888,FALSE
23-11-1998 08:00,42.84,0.0073,27.0200448,FALSE
24-11-1998 08:00,37.99,0.0113,37.0903968,FALSE
25-11-1998 08:00,28.82,0.0098,24.4024704,FALSE
26-11-1998 08:00,27.52,0.006,14.266368,FALSE
28-11-1998 08:00,24.03,0.0027,5.6057184,FALSE
30-11-1998 08:00,19.8,0.0022,3.763584,FALSE
01-12-1998 08:00,19.54,0.0049,8.2724544,FALSE
02-12-1998 08:00,20.24,0.0063,11.0170368,FALSE
03-12-1998 08:00,26.02,0.0066,14.8376448,FALSE
04-12-1998 08:00,19.49,0.0082,13.8082752,FALSE
05-12-1998 08:00,18.12,0.0027,4.2270336,FALSE
07-12-1998 08:00,17.62,0.0049,7.4596032,FALSE
08-12-1998 08:00,17.24,0.0041,6.1070976,FALSE
09-12-1998 08:00,16.98,0.0046,6.7485312,FALSE
10-12-1998 08:00,17.12,0.0043,6.3604224,FALSE
11-12-1998 08:00,28.26,0.0063,15.3824832,FALSE
14-12-1998 08:00,18.94,0.0077,12.6004032,FALSE
15-12-1998 08:00,17.94,0.0049,7.5950784,FALSE
16-12-1998 08:00,16.8,0.0114,16.547328,FALSE
17-12-1998 08:00,16.49,0.0052,7.4086272,FALSE
18-12-1998 08:00,15.54,0.0053,7.1160768,FALSE
19-12-1998 08:00,15.05,0.0054,7.021728,FALSE
21-12-1998 08:00,13.67,0.0058,6.8503104,FALSE
22-12-1998 08:00,13.16,0.0044,5.0029056,FALSE
23-12-1998 08:00,12.5,0.0023,2.484,FALSE
24-12-1998 08:00,11.71,0.0036,3.6422784,FALSE
26-12-1998 08:00,10.52,0.0039,3.5448192,FALSE
28-12-1998 08:00,10.57,0.0038,3.4703424,FALSE
29-12-1998 08:00,10.54,0.0036,3.2783616,FALSE
01-01-1999 08:00,9.523,0.0023,1.89241056,FALSE
02-01-1999 08:00,8.244,0.0065,4.6298304,FALSE
04-01-1999 08:00,7.848,0.0018,1.22052096,FALSE
06-01-1999 08:00,7.666,0.002,1.3246848,FALSE
07-01-1999 08:00,7.242,0.0045,2.8156896,FALSE
08-01-1999 08:00,7.213,0.0064,3.98850048,FALSE
11-01-1999 08:00,7.466,0.0047,3.03179328,FALSE
12-01-1999 08:00,7.021,0.0023,1.39521312,FALSE
13-01-1999 08:00,6.732,0.0052,3.02455296,FALSE
16-01-1999 08:00,6.267,0.0024,1.29952512,FALSE
18-01-1999 08:00,5.564,0.0122,5.86490112,FALSE
20-01-1999 08:00,4.81,0.0069,2.8675296,FALSE
21-01-1999 08:00,4.818,0.0057,2.37276864,FALSE
22-01-1999 08:00,4.972,0.002,0.8591616,FALSE
25-01-1999 08:00,4.934,0.0031,1.32152256,FALSE
27-01-1999 08:00,4.074,0.0045,1.5839712,FALSE
28-01-1999 08:00,4.058,0.0059,2.06860608,FALSE
29-01-1999 08:00,4.026,0.0086,2.99147904,FALSE
30-01-1999 08:00,4.078,0.0051,1.79692992,FALSE
01-02-1999 08:00,4.275,0.0051,1.883736,FALSE
02-02-1999 08:00,4.283,0.0038,1.40619456,FALSE
03-02-1999 08:00,4.267,0.0066,2.43321408,FALSE
04-02-1999 08:00,3.669,0.0066,2.09221056,FALSE
05-02-1999 08:00,3.519,0.0071,2.15869536,FALSE
06-02-1999 08:00,7.034,0.0213,12.94481088,FALSE
08-02-1999 08:00,6.581,0.0062,3.52531008,FALSE
09-02-1999 08:00,5.95,0.0131,6.734448,FALSE
10-02-1999 08:00,6.036,0.0068,3.54627072,FALSE
11-02-1999 08:00,6.94,0.0112,6.7156992,FALSE
12-02-1999 08:00,8.654,0.0066,4.93485696,FALSE
15-02-1999 08:00,4.949,0.0102,4.36145472,FALSE
16-02-1999 08:00,4.728,0.0097,3.96244224,FALSE
17-02-1999 08:00,4.223,0.003,1.0946016,FALSE
18-02-1999 08:00,4.221,0.0026,0.94820544,FALSE
20-02-1999 08:00,4.163,0.0078,2.80552896,FALSE
22-02-1999 08:00,3.649,0.0105,3.3103728,FALSE
23-02-1999 08:00,3.622,0.0072,2.25317376,FALSE
24-02-1999 08:00,3.528,0.0077,2.34710784,FALSE
25-02-1999 08:00,3.308,0.0087,2.48655744,FALSE
27-02-1999 08:00,2.44,0.0188,3.9633408,FALSE
01-03-1999 08:00,1.93,0.0149,2.4846048,FALSE
02-03-1999 08:00,1.587,0.0108,1.48086144,FALSE
03-03-1999 08:00,1.882,0.0109,1.77239232,FALSE
04-03-1999 08:00,1.78,0.0108,1.6609536,FALSE
05-03-1999 08:00,1.785,0.0109,1.6810416,FALSE
06-03-1999 08:00,1.768,0.0189,2.88707328,FALSE
08-03-1999 08:00,2.857,0.0153,3.77672544,FALSE
09-03-1999 08:00,2.77,0.0033,0.7897824,FALSE
10-03-1999 08:00,3.192,0.0089,2.45452032,FALSE
11-03-1999 08:00,3.346,0.007,2.0236608,FALSE
12-03-1999 08:00,3.291,0.0068,1.93352832,FALSE
15-03-1999 08:00,3.207,0.0076,2.10584448,FALSE
16-03-1999 08:00,2.762,0.0101,2.41023168,FALSE
17-03-1999 08:00,2.6,0.0077,1.729728,FALSE
18-03-1999 08:00,2.57,0.0099,2.1982752,FALSE
19-03-1999 08:00,3.235,0.0088,2.4596352,FALSE
20-03-1999 08:00,2.902,0.013,3.2595264,FALSE
22-03-1999 08:00,1.737,0.0078,1.17059904,FALSE
23-03-1999 08:00,1.736,0.0089,1.33491456,FALSE
24-03-1999 08:00,1.672,0.0096,1.38682368,FALSE
25-03-1999 08:00,1.434,0.0041,0.50798016,FALSE
26-03-1999 08:00,1.699,0.008,1.1743488,FALSE
30-03-1999 08:00,1.693,0.0042,0.61435584,FALSE
31-03-1999 08:00,1.708,0.0104,1.53474048,FALSE
01-04-1999 08:00,1.98,0.013,2.223936,FALSE
03-04-1999 08:00,1.981,0.0141,2.41333344,FALSE
05-04-1999 08:00,1.835,0.0211,3.3452784,FALSE
06-04-1999 08:00,1.92,0.0135,2.239488,FALSE
07-04-1999 08:00,2.68,0.0096,2.2228992,FALSE
08-04-1999 08:00,2.672,0.0142,3.27822336,FALSE
09-04-1999 08:00,3.456,0.0094,2.80682496,FALSE
12-04-1999 08:00,3.095,0.0091,2.4334128,FALSE
13-04-1999 08:00,2.981,0.0071,1.82866464,FALSE
16-04-1999 08:00,2.501,0.0101,2.18247264,FALSE
17-04-1999 08:00,2.326,0.0074,1.48715136,FALSE
19-04-1999 08:00,2.328,0.0122,2.45389824,FALSE
20-04-1999 08:00,2.415,0.0094,1.9613664,FALSE
21-04-1999 08:00,3.334,0.0093,2.67893568,FALSE
23-04-1999 08:00,3.35,0.0094,2.720736,FALSE
24-04-1999 08:00,3.326,0.0109,3.13229376,FALSE
26-04-1999 08:00,3.969,0.0108,3.70355328,FALSE
28-04-1999 08:00,3.486,0.0083,2.49988032,FALSE
29-04-1999 08:00,3.414,0.0081,2.38925376,FALSE
01-05-1999 08:00,1.468,0.0093,1.17956736,FALSE
03-05-1999 08:00,1.214,0.0073,0.76569408,FALSE
04-05-1999 08:00,1.346,0.0015,0.1744416,FALSE
05-05-1999 08:00,1.304,0.0018,0.20279808,FALSE
06-05-1999 08:00,1.425,0.0019,0.233928,FALSE
07-05-1999 08:00,3.606,0.0075,2.336688,FALSE
10-05-1999 08:00,11.26,0.0071,6.9073344,FALSE
11-05-1999 08:00,8.088,0.0121,8.45551872,FALSE
12-05-1999 08:00,7.925,0.0073,4.998456,FALSE
13-05-1999 08:00,7.028,0.0071,4.31125632,FALSE
14-05-1999 08:00,5.442,0.0066,3.10324608,FALSE
15-05-1999 08:00,6.139,0.008,4.2432768,FALSE
17-05-1999 08:00,5.634,0.0047,2.28785472,FALSE
18-05-1999 08:00,4.424,0.0056,2.14050816,FALSE
19-05-1999 08:00,3.357,0.0088,2.55239424,FALSE
21-05-1999 08:00,5.755,0.0105,5.220936,FALSE
22-05-1999 08:00,5.395,0.01,4.66128,FALSE
24-05-1999 08:00,8.367,0.028,20.2414464,FALSE
25-05-1999 08:00,71.07,0.04,245.61792,FALSE
29-05-1999 08:00,48.01,0.0211,87.5241504,FALSE
31-05-1999 08:00,65.77,0.0254,144.3362112,FALSE
01-06-1999 08:00,38.73,0.0084,28.1086848,FALSE
02-06-1999 08:00,22.6,0.019,37.10016,FALSE
03-06-1999 08:00,20.97,0.006,10.870848,FALSE
04-06-1999 08:00,18.01,0.0094,14.6270016,FALSE
05-06-1999 08:00,18.51,0.0087,13.9135968,FALSE
07-06-1999 08:00,132.8,0.0901,1033.800192,FALSE
08-06-1999 08:00,207.6,0.0871,1562.281344,FALSE
10-06-1999 08:00,121.9,0.0373,392.849568,FALSE
11-06-1999 08:00,81.97,0.0166,117.5646528,FALSE
15-06-1999 08:00,254.9,0.0498,1096.763328,FALSE
16-06-1999 08:00,147.9,0.0331,422.970336,FALSE
22-06-1999 08:00,201.2,0.0338,587.568384,FALSE
23-06-1999 08:00,144.2,0.0191,237.964608,FALSE
25-06-1999 08:00,82.7,0.0107,76.454496,FALSE
28-06-1999 08:00,56.18,0.0061,29.6091072,FALSE
29-06-1999 08:00,49.38,0.007,29.865024,FALSE
30-06-1999 08:00,40.34,0.0089,31.0198464,FALSE
01-07-1999 08:00,35.24,0.0045,13.701312,FALSE
02-07-1999 08:00,35.2,0.0089,27.067392,FALSE
03-07-1999 08:00,31.89,0.0042,11.5722432,FALSE
05-07-1999 08:00,43.41,0.0113,42.3820512,FALSE
06-07-1999 08:00,56.14,0.015,72.75744,FALSE
07-07-1999 08:00,99.53,0.0348,299.2588416,FALSE
08-07-1999 08:00,67.38,0.03,174.64896,FALSE
12-07-1999 08:00,47.62,0.0154,63.3612672,FALSE
13-07-1999 08:00,60.73,0.01,52.47072,FALSE
14-07-1999 08:00,73.21,0.0384,242.8932096,FALSE
15-07-1999 08:00,64.31,0.0189,105.0156576,FALSE
17-07-1999 08:00,218.7,0.0272,513.962496,FALSE
28-07-1999 08:00,283.4,0.0399,976.981824,FALSE
29-07-1999 08:00,228.7,0.0283,559.198944,FALSE
30-07-1999 08:00,231.9,0.0244,488.882304,FALSE
31-07-1999 08:00,244,0.0269,567.09504,FALSE
03-08-1999 08:00,220.2,0.0251,477.534528,FALSE
04-08-1999 08:00,194.2,0.0172,288.596736,FALSE
05-08-1999 08:00,144.6,0.0162,202.393728,FALSE
06-08-1999 08:00,182.1,0.0291,457.843104,FALSE
07-08-1999 08:00,219.6,0.0426,808.268544,FALSE
08-08-1999 08:00,192.5,0.0311,517.2552,FALSE
10-08-1999 08:00,249.5,0.0579,1248.13872,FALSE
11-08-1999 08:00,176.1,0.0192,292.128768,FALSE
12-08-1999 08:00,151.7,0.0074,96.990912,FALSE
16-08-1999 08:00,131.5,0.0075,85.212,FALSE
17-08-1999 08:00,109.3,0.0152,143.541504,FALSE
18-08-1999 08:00,113.6,0.0177,173.726208,FALSE
19-08-1999 08:00,94.13,0.0188,152.8972416,FALSE
20-08-1999 08:00,73.02,0.0072,45.4242816,FALSE
21-08-1999 08:00,79.1,0.0087,59.457888,FALSE
27-08-1999 08:00,70.31,0.0067,40.7010528,FALSE
28-08-1999 08:00,64.7,0.0106,59.254848,FALSE
30-08-1999 08:00,41.53,0.0127,45.5700384,FALSE
31-08-1999 08:00,44.05,0.0107,40.723344,FALSE
01-09-1999 08:00,38.47,0.0153,50.8542624,FALSE
02-09-1999 08:00,34.34,0.0094,27.8895744,FALSE
04-09-1999 08:00,31.85,0.0041,11.282544,FALSE
06-09-1999 08:00,41.18,0.0135,48.032352,FALSE
07-09-1999 08:00,35.03,0.0104,31.4765568,FALSE
08-09-1999 08:00,25.47,0.0132,29.0480256,FALSE
09-09-1999 08:00,23.08,0.0074,14.7564288,FALSE
13-09-1999 08:00,22.19,0.0097,18.5969952,FALSE
14-09-1999 08:00,21.75,0.0123,23.11416,FALSE
15-09-1999 08:00,20.01,0.0112,19.3632768,FALSE
16-09-1999 08:00,18.52,0.0073,11.6809344,FALSE
17-09-1999 08:00,11.59,0.0039,3.9053664,FALSE
18-09-1999 08:00,16.54,0.0062,8.8601472,FALSE
20-09-1999 08:00,14.61,0.002,2.524608,FALSE
21-09-1999 08:00,15.01,0.0011,1.4265504,FALSE
22-09-1999 08:00,13.74,0.0008,0.9497088,FALSE
23-09-1999 08:00,14.43,0.002,2.493504,FALSE
24-09-1999 08:00,13.93,0.0016,1.9256832,FALSE
27-09-1999 08:00,15.96,0.0017,2.3442048,FALSE
28-09-1999 08:00,19.72,0.0066,11.2451328,FALSE
29-09-1999 08:00,15.9,0.0025,3.4344,FALSE
30-09-1999 08:00,45.23,0.0362,141.4649664,FALSE
01-10-1999 08:00,32.52,0.0236,66.3095808,FALSE
05-10-1999 08:00,52.55,0.0292,132.577344,FALSE
06-10-1999 08:00,46.11,0.05,199.1952,FALSE
07-10-1999 08:00,83.74,0.0394,285.0643584,FALSE
08-10-1999 08:00,132.1,0.104,1186.99776,FALSE
11-10-1999 08:00,77.6,0.0158,105.933312,FALSE
12-10-1999 08:00,42.74,0.0323,119.2753728,FALSE
13-10-1999 08:00,44.59,0.0208,80.1335808,FALSE
14-10-1999 08:00,61.78,0.0186,99.2829312,FALSE
18-10-1999 08:00,205.4,0.0285,505.77696,FALSE
21-10-1999 08:00,180.8,0.0355,554.54976,FALSE
22-10-1999 08:00,172.1,0.0391,581.395104,FALSE
25-10-1999 08:00,138.7,0.0275,329.5512,FALSE
27-10-1999 08:00,127.8,0.0158,174.462336,FALSE
29-10-1999 08:00,254.9,0.1286,2832.204096,FALSE
30-10-1999 08:00,144.8,0.0231,288.997632,FALSE
01-11-1999 08:00,74.61,0.0055,35.454672,FALSE
02-11-1999 08:00,68.51,0.004,23.677056,FALSE
03-11-1999 08:00,64.51,0.0038,21.1799232,FALSE
04-11-1999 08:00,74.76,0.0092,59.4252288,FALSE
06-11-1999 08:00,57.73,0.018,89.781696,FALSE
08-11-1999 08:00,51.97,0.0071,31.8804768,FALSE
15-11-1999 08:00,27.59,0.002,4.767552,FALSE
16-11-1999 08:00,26.51,0.001,2.290464,FALSE
24-11-1999 08:00,21.59,0.0041,7.6480416,FALSE
27-11-1999 08:00,17.69,0.0042,6.4193472,FALSE
29-11-1999 08:00,17.35,0.004,5.99616,FALSE
30-11-1999 08:00,19.8,0.0028,4.790016,FALSE
01-12-1999 08:00,18,0.0048,7.46496,FALSE
02-12-1999 08:00,16.53,0.0028,3.9989376,FALSE
03-12-1999 08:00,16.4,0.0039,5.526144,FALSE
04-12-1999 08:00,17.32,0.0026,3.8907648,FALSE
13-12-1999 08:00,18.02,0.0026,4.0480128,FALSE
14-12-1999 08:00,19.4,0.0021,3.519936,FALSE
15-12-1999 08:00,17.34,0.0017,2.5468992,FALSE
16-12-1999 08:00,16.16,0.0023,3.2113152,FALSE
17-12-1999 08:00,14.23,0.0031,3.8113632,FALSE
20-12-1999 08:00,11.36,0.0034,3.3371136,FALSE
21-12-1999 08:00,11.12,0.0029,2.7862272,FALSE
22-12-1999 08:00,11.02,0.0036,3.4276608,FALSE
27-12-1999 08:00,8.705,0.003,2.256336,FALSE
28-12-1999 08:00,8.345,0.0042,3.0282336,FALSE
30-12-1999 08:00,7.158,0.0025,1.546128,FALSE
01-01-2000 08:00,6.238,0.0038,2.04806016,FALSE
02-01-2000 08:00,6.8,0.0041,2.408832,FALSE
03-01-2000 08:00,6.849,0.0031,1.83443616,FALSE
04-01-2000 08:00,6.586,0.004,2.2761216,FALSE
05-01-2000 08:00,6.925,0.0061,3.649752,FALSE
06-01-2000 08:00,6.048,0.0034,1.77666048,FALSE
10-01-2000 08:00,5.23,0.005,2.25936,FALSE
11-01-2000 08:00,5.087,0.0059,2.59314912,FALSE
12-01-2000 08:00,4.345,0.0055,2.064744,FALSE
13-01-2000 08:00,4.356,0.0028,1.05380352,FALSE
15-01-2000 08:00,2.351,0.0015,0.3046896,FALSE
17-01-2000 08:00,2.452,0.0016,0.33896448,FALSE
18-01-2000 08:00,2.441,0.0016,0.33744384,FALSE
19-01-2000 08:00,2.31,0.0015,0.299376,FALSE
24-01-2000 08:00,1.58,0.001,0.136512,FALSE
27-01-2000 08:00,1.693,0.0011,0.16090272,FALSE
29-01-2000 08:00,1.822,0.0015,0.2361312,FALSE
01-02-2000 08:00,3.05,0.0016,0.421632,FALSE
02-02-2000 08:00,3.2,0.0017,0.470016,FALSE
17-02-2000 08:00,2.442,0.0012,0.25318656,FALSE
18-02-2000 08:00,2.126,0.0011,0.20205504,FALSE
21-02-2000 08:00,1.283,0.0008,0.08868096,FALSE
22-02-2000 08:00,1.802,0.0009,0.14012352,FALSE
23-02-2000 08:00,1.75,0.0009,0.13608,FALSE
24-02-2000 08:00,1.748,0.0009,0.13592448,FALSE
25-02-2000 08:00,1.59,0.0008,0.1099008,FALSE
26-02-2000 08:00,1.588,0.0008,0.10976256,FALSE
28-02-2000 08:00,2.52,0.0013,0.2830464,FALSE
29-02-2000 08:00,2.381,0.0011,0.22629024,FALSE
01-03-2000 08:00,2.907,0.0016,0.40186368,FALSE
02-03-2000 08:00,2.884,0.0016,0.39868416,FALSE
03-03-2000 08:00,2.887,0.0016,0.39909888,FALSE
04-03-2000 08:00,2.349,0.0016,0.32472576,FALSE
06-03-2000 08:00,1.383,0.0008,0.09559296,FALSE
07-03-2000 08:00,1.562,0.0007,0.09446976,FALSE
08-03-2000 08:00,1.164,0.0007,0.07039872,FALSE
09-03-2000 08:00,0.884,0.0005,0.0381888,FALSE
10-03-2000 08:00,0.502,0.0003,0.01301184,FALSE
12-03-2000 08:00,0,0,0,TRUE
13-03-2000 08:00,0,0,0,TRUE
14-03-2000 08:00,0,0,0,TRUE
15-03-2000 08:00,0,0,0,TRUE
16-03-2000 08:00,0,0,0,TRUE
17-03-2000 08:00,0,0,0,TRUE
18-03-2000 08:00,0,0,0,TRUE
19-03-2000 08:00,0,0,0,TRUE
20-03-2000 08:00,1.282,0.0007,0.07753536,FALSE
21-03-2000 08:00,1.269,0.0007,0.07674912,FALSE
22-03-2000 08:00,1.951,0.001,0.1685664,FALSE
23-03-2000 08:00,1.865,0.001,0.161136,FALSE
24-03-2000 08:00,1.792,0.0009,0.13934592,FALSE
25-03-2000 08:00,2.126,0.0011,0.20205504,FALSE
27-03-2000 08:00,0.955,0.0005,0.041256,FALSE
28-03-2000 08:00,0.439,0.0003,0.01137888,FALSE
29-03-2000 08:00,0.303,0.0002,0.00523584,FALSE
30-03-2000 08:00,0,0,0,TRUE
31-03-2000 08:00,0,0,0,TRUE
01-04-2000 08:00,0,0,0,TRUE
02-04-2000 08:00,1.8,0.0005,0.07776,FALSE
03-04-2000 08:00,2.747,0.0008,0.18987264,FALSE
04-04-2000 08:00,3.973,0.0012,0.41192064,FALSE
05-04-2000 08:00,13.2,0.0039,4.447872,FALSE
06-04-2000 08:00,9.64,0.0159,13.2430464,FALSE
07-04-2000 08:00,9.946,0.0033,2.83580352,FALSE
10-04-2000 08:00,4.516,0.0023,0.89741952,FALSE
12-04-2000 08:00,1.892,0.0022,0.35963136,FALSE
13-04-2000 08:00,2.065,0.0024,0.4281984,FALSE
15-04-2000 08:00,3.942,0.0061,2.07759168,FALSE
17-04-2000 08:00,3.357,0.0054,1.56624192,FALSE
20-04-2000 08:00,2.417,0.003,0.6264864,FALSE
22-04-2000 08:00,1.692,0.0018,0.26313984,FALSE
24-04-2000 08:00,1.664,0.0017,0.24440832,FALSE
25-04-2000 08:00,1.588,0.0013,0.17836416,FALSE
26-04-2000 08:00,1.506,0.0014,0.18216576,FALSE
27-04-2000 08:00,2.91,0.0065,1.634256,FALSE
28-04-2000 08:00,2.417,0.0054,1.12767552,FALSE
29-04-2000 08:00,1.807,0.0019,0.29663712,FALSE
01-05-2000 08:00,1.589,0.0011,0.15101856,FALSE
02-05-2000 08:00,1.496,0.001,0.1292544,FALSE
03-05-2000 08:00,1.743,0.0012,0.18071424,FALSE
04-05-2000 08:00,2.24,0.0015,0.290304,FALSE
05-05-2000 08:00,2.705,0.0019,0.4440528,FALSE
06-05-2000 08:00,2.439,0.0017,0.35824032,FALSE
07-05-2000 08:00,1.6,0.0018,0.248832,FALSE
08-05-2000 08:00,1.708,0.0012,0.17708544,FALSE
09-05-2000 08:00,1.683,0.0012,0.17449344,FALSE
10-05-2000 08:00,2.54,0.0017,0.3730752,FALSE
11-05-2000 08:00,2.26,0.0013,0.2538432,FALSE
12-05-2000 08:00,0.689,0.0005,0.0297648,FALSE
13-05-2000 08:00,0.2,0.0001,0.001728,FALSE
14-05-2000 08:00,0,0,0,TRUE
15-05-2000 08:00,0,0,0,TRUE
16-05-2000 08:00,0,0,0,TRUE
17-05-2000 08:00,0,0,0,TRUE
18-05-2000 08:00,0,0,0,TRUE
19-05-2000 08:00,0,0,0,TRUE
20-05-2000 08:00,2.196,0.0015,0.2846016,FALSE
21-05-2000 08:00,1.6,0.0018,0.248832,FALSE
22-05-2000 08:00,2.193,0.0015,0.2842128,FALSE
23-05-2000 08:00,1.912,0.0013,0.21475584,FALSE
24-05-2000 08:00,1.67,0.0011,0.1587168,FALSE
25-05-2000 08:00,2,0.0014,0.24192,FALSE
26-05-2000 08:00,3.65,0.0025,0.7884,FALSE
27-05-2000 08:00,5.6,0.0038,1.838592,FALSE
28-05-2000 08:00,11.2,0.0076,7.354368,FALSE
29-05-2000 08:00,9.311,0.0064,5.14861056,FALSE
30-05-2000 08:00,5.068,0.0125,5.47344,FALSE
31-05-2000 08:00,4.064,0.0079,2.77392384,FALSE
01-06-2000 08:30,3.4237711,0.0014,0.414139352,FALSE
02-06-2000 08:30,12.334942,0.005,5.328694944,FALSE
03-06-2000 08:30,16.61979,0.0077,11.05681389,FALSE
05-06-2000 08:30,11.177708,0.0297,28.68289294,FALSE
06-06-2000 08:30,12.559212,0.0183,19.85762128,FALSE
07-06-2000 08:30,173.38876,0.0696,1042.662905,FALSE
12-06-2000 08:30,76.35315,0.0532,350.9557269,FALSE
13-06-2000 08:30,75.50487,0.0334,217.8889337,FALSE
14-06-2000 08:30,52.71754,0.0169,76.97604321,FALSE
16-06-2000 08:30,29.811764,0.003,7.727209229,FALSE
17-06-2000 08:30,28.257307,0.0041,10.00986843,FALSE
19-06-2000 08:30,62.74313,0.0361,195.6983322,FALSE
20-06-2000 08:30,132.51222,0.0136,155.707159,FALSE
21-06-2000 08:30,90.44028,0.0085,66.41934163,FALSE
22-06-2000 08:30,66.37805,0.0138,79.14387658,FALSE
24-06-2000 08:30,44.29429,0.0057,21.81405194,FALSE
26-06-2000 08:30,26.640617,0.0056,12.88979613,FALSE
27-06-2000 08:30,22.602661,0.0049,9.569062561,FALSE
28-06-2000 08:30,32.54093,0.0099,27.83420988,FALSE
29-06-2000 08:30,52.549175,0.0121,54.93700951,FALSE
30-06-2000 08:30,94.70745,0.0126,103.1023184,FALSE
01-07-2000 08:30,103.72826,0.0139,124.5734911,FALSE
03-07-2000 08:30,118.826004,0.0184,188.9048281,FALSE
04-07-2000 08:30,73.71198,0.0125,79.6089384,FALSE
05-07-2000 08:30,63.445385,0.005,27.40840632,FALSE
06-07-2000 08:30,50.34422,0.0106,46.10725044,FALSE
07-07-2000 08:30,45.503803,0.0062,24.37547719,FALSE
10-07-2000 08:30,48.5949,0.0047,19.73341699,FALSE
11-07-2000 08:30,56.462788,0.0075,36.58788662,FALSE
13-07-2000 08:30,204.0869,0.0213,375.5852038,FALSE
14-07-2000 08:30,110.13797,0.0193,183.6572677,FALSE
15-07-2000 08:30,97.05941,0.0126,105.6627561,FALSE
17-07-2000 08:30,64.83376,0.0013,7.282127923,FALSE
18-07-2000 08:30,53.833626,0.0098,45.58200781,FALSE
19-07-2000 08:30,57.46721,0.0035,17.3780843,FALSE
21-07-2000 08:30,39.60451,0.0103,35.24484554,FALSE
22-07-2000 08:30,34.714535,0.003,8.998007472,FALSE
24-07-2000 08:30,25.58636,0.0029,6.410918362,FALSE
25-07-2000 08:30,23.380318,0.0034,6.868202216,FALSE
26-07-2000 08:30,21.595514,0.0036,6.717068675,FALSE
27-07-2000 08:30,20.209347,0.004,6.984350323,FALSE
28-07-2000 08:30,18.849651,0.0023,3.745802647,FALSE
29-07-2000 08:30,18.123743,0.0032,5.010852465,FALSE
31-07-2000 08:30,20.469221,0.0018,3.18337325,FALSE
01-08-2000 08:30,17.307354,0.0015,2.243033078,FALSE
02-08-2000 08:30,17.989067,0.0015,2.331383083,FALSE
03-08-2000 08:30,16.797344,0.0014,2.03180673,FALSE
04-08-2000 08:30,16.49866,0.0033,4.704097939,FALSE
05-08-2000 08:30,18.268105,0.0077,12.15340489,FALSE
07-08-2000 08:30,46.889996,0.0302,122.3491288,FALSE
08-08-2000 08:30,119.71187,0.0545,563.6992535,FALSE
09-08-2000 08:30,87.08122,0.0356,267.8478997,FALSE
10-08-2000 08:30,52.044243,0.0205,92.1807632,FALSE
11-08-2000 08:30,59.286327,0.0183,93.73879735,FALSE
14-08-2000 08:30,43.38084,0.0088,32.98332027,FALSE
16-08-2000 08:30,77.97009,0.0399,268.7909695,FALSE
17-08-2000 08:30,43.328476,0.0092,34.440939,FALSE
18-08-2000 08:30,84.599846,0.0482,352.3143667,FALSE
19-08-2000 08:30,56.23199,0.0067,32.55157437,FALSE
21-08-2000 08:30,107.96562,0.0236,220.1462178,FALSE
23-08-2000 09:00,209.2423,0.0548,990.7037027,FALSE
24-08-2000 09:00,299.78482,0.0254,657.8957746,FALSE
25-08-2000 09:00,302.20566,0.017,443.8796734,FALSE
26-08-2000 08:30,365.12738,0.025,788.6751408,FALSE
29-08-2000 08:30,209.88864,0.0161,291.9634938,FALSE
30-08-2000 08:30,146.25117,0.0151,190.8051264,FALSE
31-08-2000 08:30,125.59927,0.0088,95.49563697,FALSE
02-09-2000 08:30,80.34794,0.023,159.6674264,FALSE
04-09-2000 08:30,60.859035,0.0317,166.6855938,FALSE
05-09-2000 08:30,159.07118,0.0679,933.2006217,FALSE
06-09-2000 08:30,98.11883,0.0271,229.7393533,FALSE
07-09-2000 08:30,75.939186,0.0194,127.286226,FALSE
08-09-2000 08:30,85.685715,0.0227,168.0536791,FALSE
14-09-2000 08:30,99.738,0.0454,391.2282893,FALSE
15-09-2000 08:30,85.96857,0.0314,233.2292917,FALSE
16-09-2000 08:30,64.07322,0.0306,169.399342,FALSE
18-09-2000 08:30,34.546043,0.0108,32.23560364,FALSE
19-09-2000 08:30,61.208023,0.0077,40.72047354,FALSE
20-09-2000 08:30,44.472694,0.0576,221.3245879,FALSE
21-09-2000 08:30,64.99649,0.0406,227.9972875,FALSE
22-09-2000 08:30,58.481297,0.0361,182.4055046,FALSE
23-09-2000 08:30,218.37155,0.1509,2847.07586,FALSE
26-09-2000 08:30,120.37799,0.0393,408.7458726,FALSE
27-09-2000 08:30,73.41693,0.0292,185.2221044,FALSE
28-09-2000 08:30,96.524475,0.0431,359.441701,FALSE
29-09-2000 08:30,58.43169,0.0226,114.0960552,FALSE
03-10-2000 08:30,73.595665,0.0395,251.1672855,FALSE
04-10-2000 08:30,51.929092,0.0141,63.26209704,FALSE
05-10-2000 08:30,42.57298,0.0128,47.08231004,FALSE
06-10-2000 08:30,74.024796,0.0107,68.43444341,FALSE
09-10-2000 08:30,344.40213,0.1151,3424.955198,FALSE
10-10-2000 08:30,161.89084,0.0457,639.2227439,FALSE
11-10-2000 08:30,120.37741,0.0334,347.3803147,FALSE
12-10-2000 08:30,90.7543,0.0214,167.8010705,FALSE
13-10-2000 08:30,68.61752,0.0175,103.7496902,FALSE
16-10-2000 08:30,79.1588,0.0083,56.76635866,FALSE
17-10-2000 08:30,72.28565,0.0061,38.09742898,FALSE
18-10-2000 08:30,185.3228,0.10115,1619.602665,FALSE
19-10-2000 08:30,181.61235,0.1235,1937.876419,FALSE
20-10-2000 08:30,152.128,0.0658,864.8659354,FALSE
21-10-2000 08:30,95.09066,0.0106,87.08783005,FALSE
23-10-2000 08:30,53.809322,0.0173,80.42986978,FALSE
24-10-2000 08:30,118.54466,0.0345,353.3579225,FALSE
25-10-2000 08:30,69.573166,0.0236,141.8624684,FALSE
28-10-2000 08:30,36.342926,0.0046,14.44413251,FALSE
30-10-2000 08:30,42.071613,0.0117,42.52935215,FALSE
31-10-2000 08:30,37.82951,0.0113,36.9337072,FALSE
01-11-2000 08:30,33.048767,0.0124,35.40712701,FALSE
02-11-2000 08:30,26.854492,0.0122,28.30678293,FALSE
03-11-2000 08:30,22.44282,0.0108,20.9418442,FALSE
04-11-2000 08:30,25.11036,0.0109,23.64793263,FALSE
06-11-2000 08:30,22.9757,0.005,9.9255024,FALSE
07-11-2000 08:30,19.700018,0.0076,12.93581982,FALSE
08-11-2000 08:30,18.573038,0.0044,7.060726126,FALSE
09-11-2000 08:30,23.33178,0.0065,13.10312765,FALSE
10-11-2000 08:30,16.952711,0.0019,2.782957038,FALSE
13-11-2000 08:30,15.208847,0.0046,6.044604152,FALSE
14-11-2000 08:30,14.118935,0.0048,5.855404723,FALSE
15-11-2000 08:30,13.87249,0.0074,8.869515206,FALSE
16-11-2000 08:30,13.062123,0.0044,4.96569668,FALSE
18-11-2000 08:30,11.665013,0.0061,6.147928452,FALSE
20-11-2000 08:30,12.215855,0.0057,6.01606427,FALSE
21-11-2000 08:30,15.602303,0.0032,4.313724733,FALSE
22-11-2000 08:30,15.121922,0.0031,4.050255588,FALSE
27-11-2000 08:30,14.59836,0.0025,3.15324576,FALSE
28-11-2000 08:30,13.266527,0.0054,6.189630837,FALSE
29-11-2000 08:30,12.654417,0.0023,2.514685746,FALSE
30-11-2000 08:30,14.7531805,0.0121,15.42356502,FALSE
01-12-2000 08:30,112.876785,0.0154,150.189335,FALSE
04-12-2000 08:30,18.196516,0.0071,11.16247078,FALSE
05-12-2000 08:30,16.341225,0.0098,13.83644203,FALSE
06-12-2000 08:30,14.782322,0.0092,11.75017211,FALSE
07-12-2000 08:30,13.639443,0.0063,7.424221614,FALSE
08-12-2000 08:30,12.294149,0.0049,5.204850921,FALSE
11-12-2000 08:30,10.192339,0.0054,4.755337684,FALSE
12-12-2000 08:30,9.335925,0.0058,4.678418736,FALSE
13-12-2000 08:30,9.458352,0.0051,4.167728225,FALSE
14-12-2000 08:30,9.32424,0.005,4.02807168,FALSE
15-12-2000 08:30,9.937798,0.0048,4.121403587,FALSE
26-12-2000 08:30,6.8533616,0.0051,3.019865255,FALSE
01-01-2001 08:30,14.733229,0.0036,4.582623548,FALSE
02-01-2001 08:30,10.509616,0.0061,5.538988017,FALSE
03-01-2001 08:30,9.962615,0.0035,3.012694776,FALSE
04-01-2001 08:30,9.656297,0.0059,4.922393959,FALSE
05-01-2001 08:30,7.126327,0.0037,2.278144215,FALSE
06-01-2001 08:30,6.315568,0.0064,3.492256481,FALSE
08-01-2001 08:30,5.924949,0.0032,1.6381299,FALSE
09-01-2001 08:30,5.133563,0.003,1.33061953,FALSE
10-01-2001 08:30,5.234695,0.0024,1.085466355,FALSE
11-01-2001 08:30,4.931994,0.0025,1.065310704,FALSE
12-01-2001 08:30,4.9638033,0.0033,1.415279597,FALSE
15-01-2001 08:30,4.226825,0.0031,1.132112808,FALSE
20-01-2001 08:30,2.6627445,0.0031,0.713189487,FALSE
22-01-2001 08:30,2.510949,0.0021,0.455586587,FALSE
23-01-2001 08:30,2.6012604,0.0044,0.988895154,FALSE
24-01-2001 08:30,2.3432312,0.002,0.404910351,FALSE
25-01-2001 08:30,2.530003,0.0026,0.568339874,FALSE
27-01-2001 08:30,2.8092005,0.0039,0.9465882,FALSE
29-01-2001 08:30,2.5198395,0.0016,0.348342612,FALSE
30-01-2001 08:30,2.6681993,0.0163,3.757678438,FALSE
31-01-2001 08:30,2.485,0.0148,3.1776192,FALSE
01-02-2001 08:30,2.0506186,0.017,3.0119486,FALSE
02-02-2001 08:30,3.2721035,0.0132,3.7317686,FALSE
03-02-2001 08:30,4.29599,0.0043,1.596046205,FALSE
05-02-2001 08:30,5.987728,0.008,4.138717594,FALSE
06-02-2001 08:30,6.29235,0.0234,12.72162154,FALSE
07-02-2001 08:30,9.222876,0.0242,19.28392697,FALSE
08-02-2001 08:30,6.8409333,0.0289,17.08153681,FALSE
09-02-2001 08:30,5.47981,0.0114,5.397393658,FALSE
12-02-2001 08:30,4.410725,0.0103,3.925192392,FALSE
13-02-2001 08:30,3.5465689,0.0018,0.551562395,FALSE
14-02-2001 08:30,3.1442492,0.008,2.173305047,FALSE
15-02-2001 08:30,2.8881726,0.0038,0.948244828,FALSE
17-02-2001 08:30,2.8051229,0.0034,0.824032903,FALSE
19-02-2001 08:30,2.8750124,0.0009,0.223560964,FALSE
20-02-2001 08:30,2.4046192,0.0007,0.145431369,FALSE
28-02-2001 08:30,2.5103772,0.0013,0.281965567,FALSE
01-03-2001 08:30,1.7055095,0.0005,0.07367801,FALSE
02-03-2001 08:30,2.332594,0.0005,0.100768061,FALSE
03-03-2001 08:30,2.2755923,0.0005,0.098305587,FALSE
05-03-2001 08:30,2.2873425,0.0005,0.098813196,FALSE
07-03-2001 08:30,2.4532201,0.0006,0.12717493,FALSE
08-03-2001 08:30,1.9148407,0.0006,0.099265342,FALSE
09-03-2001 08:30,1.9130182,0.0006,0.099170863,FALSE
12-03-2001 08:30,2.0074797,0.0006,0.104067748,FALSE
13-03-2001 08:30,1.6323853,0.0007,0.098726663,FALSE
14-03-2001 08:30,1.6319348,0.0007,0.098699417,FALSE
15-03-2001 08:30,1.2297889,0.0005,0.05312688,FALSE
17-03-2001 08:30,0.41082844,0.0006,0.021297346,FALSE
20-03-2001 08:30,1.198854,0.0005,0.051790493,FALSE
21-03-2001 08:30,0.91785955,0.0006,0.047581839,FALSE
22-03-2001 08:30,0.8273978,0.0006,0.042892302,FALSE
23-03-2001 08:30,0.3982664,0.0006,0.02064613,FALSE
24-03-2001 08:30,0.3651983,0.0006,0.01893188,FALSE
26-03-2001 08:30,1.8692036,0.0005,0.080749596,FALSE
27-03-2001 08:30,2.2254539,0.0005,0.096139608,FALSE
28-03-2001 08:30,2.239,0.0005,0.0967248,FALSE
29-03-2001 08:30,2.025,0.0005,0.08748,FALSE
30-03-2001 08:30,2.0164242,0.0005,0.087109525,FALSE
31-03-2001 08:30,2.213803,0.0006,0.114763548,FALSE
02-04-2001 08:30,1.7879902,0.0005,0.077241177,FALSE
03-04-2001 08:30,0.83852476,0.0006,0.043469124,FALSE
04-04-2001 08:30,0.76975656,0.0005,0.033253483,FALSE
09-04-2001 08:30,2.2844124,0.0101,1.993469637,FALSE
11-04-2001 08:30,3.7858202,0.0122,3.990557356,FALSE
12-04-2001 08:30,8.194387,0.0156,11.04472257,FALSE
16-04-2001 08:30,15.381385,0.0035,4.651330824,FALSE
17-04-2001 08:30,8.471145,0.0054,3.952297411,FALSE
18-04-2001 08:30,11.113183,0.0159,15.26684628,FALSE
19-04-2001 08:30,12.088791,0.0147,15.35373167,FALSE
23-04-2001 08:30,11.137819,0.0175,16.84038233,FALSE
24-04-2001 08:30,8.283612,0.0273,19.5387213,FALSE
25-04-2001 08:30,10.55879,0.0119,10.85612553,FALSE
26-04-2001 08:30,6.8304906,0.0205,12.09816495,FALSE
27-04-2001 08:30,5.6251326,0.019,9.234217676,FALSE
28-04-2001 08:30,4.2537704,0.0106,3.895773083,FALSE
30-04-2001 08:30,2.8403902,0.0007,0.171786799,FALSE
01-05-2001 08:30,2.7475336,0.007,1.661708321,FALSE
02-05-2001 08:30,3.113666,0.009,2.421186682,FALSE
03-05-2001 08:30,2.8986006,0.007,1.753073643,FALSE
04-05-2001 08:30,2.6996794,0.0078,1.819367941,FALSE
05-05-2001 08:30,2.4449122,0.0113,2.387016679,FALSE
08-05-2001 08:30,26.842228,0.0054,12.5235099,FALSE
09-05-2001 08:30,10.983975,0.02082,19.75850146,FALSE
11-05-2001 08:30,5.747655,0.0243,12.06731663,FALSE
14-05-2001 08:30,3.453567,0.0187,5.579859131,FALSE
15-05-2001 08:30,3.0878417,0.0192,5.122358839,FALSE
16-05-2001 08:30,2.645219,0.0109,2.491161445,FALSE
17-05-2001 08:30,2.1138523,0.0104,1.899423123,FALSE
18-05-2001 08:30,2.193844,0.0106,2.009210089,FALSE
19-05-2001 08:30,1.44,0.0096,1.1943936,FALSE
21-05-2001 08:30,1.6619567,0.0097,1.392852671,FALSE
22-05-2001 08:30,1.9485515,0.0101,1.700383981,FALSE
23-05-2001 08:30,2.42792,0.011,2.307495168,FALSE
28-05-2001 08:30,14.159115,0.0178,21.77558614,FALSE
29-05-2001 08:30,14.50936,0.0243,30.46269151,FALSE
30-05-2001 08:30,12.867762,0.0166,18.45545897,FALSE
31-05-2001 08:30,9.853911,0.0091,7.747538985,FALSE
01-06-2001 08:30,12.297725,0.01,10.6252344,FALSE
02-06-2001 08:30,8.389877,0.0441,31.96744494,FALSE
05-06-2001 08:30,21.544039,0.0253,47.09354573,FALSE
06-06-2001 08:30,12.857588,0.0014,1.555253844,FALSE
07-06-2001 08:30,31.098629,0.0309,83.02587576,FALSE
08-06-2001 08:30,58.4692,0.0321,162.160818,FALSE
11-06-2001 08:30,84.14137,0.088,639.7436644,FALSE
12-06-2001 08:30,192.5343,0.0611,1016.396271,FALSE
14-06-2001 08:30,144.30989,0.0398,496.2413049,FALSE
15-06-2001 08:30,474.28888,0.2209,9052.163734,FALSE
16-06-2001 08:30,192.1312,0.0445,738.7060378,FALSE
18-06-2001 08:30,162.11115,0.0398,557.4548537,FALSE
19-06-2001 08:30,153.95895,0.0421,560.0164431,FALSE
20-06-2001 08:30,128.44255,0.0243,269.6677026,FALSE
21-06-2001 08:30,108.4668,0.0155,145.2587386,FALSE
22-06-2001 08:30,141.44882,0.0344,420.4085249,FALSE
23-06-2001 08:30,350.7761,0.0457,1385.032415,FALSE
25-06-2001 08:30,219.70782,0.0339,643.5154165,FALSE
26-06-2001 08:30,141.1472,0.0347,423.1705974,FALSE
27-06-2001 08:30,97.4362,0.0328,276.1263959,FALSE
28-06-2001 08:30,88.35986,0.0255,194.6744436,FALSE
29-06-2001 08:30,72.21398,0.0099,61.76894993,FALSE
30-06-2001 08:30,65.64712,0.0089,50.4800094,FALSE
02-07-2001 08:30,53.523754,0.0101,46.70696869,FALSE
03-07-2001 08:30,103.08467,0.043,382.980166,FALSE
04-07-2001 08:30,111.18288,0.0416,399.6179546,FALSE
05-07-2001 08:30,114.47328,0.04,395.6196557,FALSE
09-07-2001 08:30,331.45462,0.035,1002.318771,FALSE
10-07-2001 08:30,264.88055,0.0351,803.2873512,FALSE
11-07-2001 08:30,527.96674,0.1044,4762.344469,FALSE
12-07-2001 08:30,240.95169,0.0474,986.7839132,FALSE
13-07-2001 08:30,155.79619,0.026,349.9805612,FALSE
16-07-2001 08:30,87.35006,0.0047,35.47111236,FALSE
17-07-2001 08:30,79.860466,0.0036,24.83979934,FALSE
18-07-2001 08:30,74.90771,0.0066,42.71537255,FALSE
19-07-2001 08:30,60.07263,0.0099,51.3837248,FALSE
20-07-2001 08:30,49.843857,0.0095,40.91183783,FALSE
21-07-2001 08:30,40.54939,0.011,38.53814026,FALSE
23-07-2001 08:30,39.44621,0.0059,20.10810001,FALSE
24-07-2001 08:30,45.231365,0.0107,41.81549232,FALSE
25-07-2001 08:30,38.930737,0.0126,42.38155753,FALSE
26-07-2001 08:30,89.96525,0.0279,216.866633,FALSE
27-07-2001 08:30,45.823742,0.0154,60.97123816,FALSE
28-07-2001 08:30,61.28592,0.0149,78.89704197,FALSE
30-07-2001 08:30,79.78024,0.0081,55.83340316,FALSE
31-07-2001 08:30,109.84872,0.0117,111.0438741,FALSE
01-08-2001 08:30,82.62216,0.0104,74.24096809,FALSE
02-08-2001 08:30,130.64217,0.0336,379.2594452,FALSE
03-08-2001 08:30,145.0713,0.0296,371.0111455,FALSE
04-08-2001 08:30,101.14331,0.0209,182.6405435,FALSE
06-08-2001 08:30,93.0835,0.0098,78.81566112,FALSE
08-08-2001 08:30,81.99029,0.0097,68.71442224,FALSE
09-08-2001 08:30,91.822075,0.0089,70.60750279,FALSE
10-08-2001 08:30,66.56458,0.0086,49.46014552,FALSE
13-08-2001 08:30,52.8945,0.0108,49.35691584,FALSE
14-08-2001 08:30,85.27908,0.0215,158.414419,FALSE
16-08-2001 08:30,64.85974,0.0112,62.7634732,FALSE
17-08-2001 08:30,94.35549,0.017,138.5893437,FALSE
18-08-2001 08:30,105.34211,0.0208,189.3124127,FALSE
20-08-2001 08:30,141.83974,0.0351,430.1488691,FALSE
21-08-2001 08:30,96.90911,0.0157,131.4552695,FALSE
22-08-2001 08:30,85.57569,0.0162,119.7785818,FALSE
23-08-2001 08:30,107.502426,0.0213,197.8388646,FALSE
24-08-2001 08:30,86.816185,0.0162,121.5148778,FALSE
25-08-2001 08:30,87.09837,0.0101,76.0055216,FALSE
27-08-2001 08:30,93.49113,0.0207,167.2070162,FALSE
29-08-2001 08:30,59.73554,0.0103,53.15985176,FALSE
01-09-2001 08:30,41.26435,0.0099,35.29587442,FALSE
03-09-2001 08:30,37.350426,0.0136,43.88824457,FALSE
04-09-2001 08:30,35.524498,0.0085,26.08919133,FALSE
05-09-2001 08:30,27.049757,0.0081,18.93050194,FALSE
06-09-2001 08:30,34.51451,0.0046,13.71744685,FALSE
07-09-2001 08:30,26.704552,0.0054,12.45927578,FALSE
10-09-2001 08:30,23.690462,0.0056,11.46239313,FALSE
11-09-2001 08:30,21.027191,0.0118,21.43764177,FALSE
12-09-2001 08:30,19.459084,0.0115,19.33454586,FALSE
13-09-2001 08:30,19.545313,0.0118,19.92683751,FALSE
14-09-2001 08:30,19.880646,0.0064,10.99320201,FALSE
15-09-2001 08:30,29.18206,0.0212,53.45219566,FALSE
17-09-2001 08:30,33.0699,0.0134,38.28700742,FALSE
18-09-2001 08:30,20.996737,0.0181,32.83553719,FALSE
19-09-2001 08:30,20.353071,0.0184,32.35649815,FALSE
20-09-2001 08:30,57.289787,0.1098,543.4921681,FALSE
21-09-2001 08:30,27.623138,0.0318,75.89512412,FALSE
22-09-2001 08:30,76.16394,0.0283,186.229973,FALSE
24-09-2001 08:30,85.37333,0.0249,183.6687672,FALSE
25-09-2001 08:30,82.3743,0.0057,40.56769526,FALSE
26-09-2001 08:30,112.22837,0.0385,373.31645,FALSE
27-09-2001 08:30,99.45868,0.0321,275.8426815,FALSE
28-09-2001 08:30,81.55566,0.0265,186.7298391,FALSE
29-09-2001 08:30,43.831833,0.02,75.74140742,FALSE
01-10-2001 08:30,157.79817,0.0319,434.9170042,FALSE
03-10-2001 08:30,66.954575,0.0094,54.37782763,FALSE
04-10-2001 08:30,53.1212,0.0051,23.40732557,FALSE
05-10-2001 08:30,55.77158,0.0108,52.04157673,FALSE
06-10-2001 08:30,65.921906,0.0104,59.23478786,FALSE
08-10-2001 08:30,66.10726,0.0127,72.53817425,FALSE
09-10-2001 08:30,59.198444,0.0106,54.21630295,FALSE
10-10-2001 08:30,45.056103,0.0098,38.14990353,FALSE
11-10-2001 08:30,34.788246,0.0102,30.65818543,FALSE
12-10-2001 08:30,110.00307,0.0415,394.4270078,FALSE
15-10-2001 08:30,192.37094,0.1573,2614.459582,FALSE
16-10-2001 08:30,223.30898,0.2335,4505.124686,FALSE
17-10-2001 08:30,121.48946,0.0407,427.2152563,FALSE
18-10-2001 08:30,80.13826,0.0148,102.4743958,FALSE
19-10-2001 08:30,61.993114,0.0169,90.51986534,FALSE
20-10-2001 08:30,113.37293,0.0551,539.7277055,FALSE
22-10-2001 08:30,69.33499,0.0311,186.3058915,FALSE
23-10-2001 08:30,56.4541,0.0377,183.8868108,FALSE
27-10-2001 08:30,82.53387,0.0385,274.5406652,FALSE
29-10-2001 08:30,68.16038,0.0337,198.4612152,FALSE
30-10-2001 08:30,54.927,0.0257,121.964305,FALSE
31-10-2001 08:30,42.97979,0.0212,78.72522175,FALSE
01-11-2001 08:30,49.829277,0.0164,70.60609234,FALSE
02-11-2001 08:30,43.740738,0.0162,61.22303616,FALSE
03-11-2001 08:30,57.876217,0.0161,80.5081329,FALSE
06-11-2001 08:30,126.09641,0.0362,394.3892196,FALSE
07-11-2001 08:30,179.38489,0.088,1363.899196,FALSE
08-11-2001 08:30,277.31403,0.1662,3982.14073,FALSE
09-11-2001 08:30,128.02219,0.0219,242.238467,FALSE
12-11-2001 08:30,81.52028,0.0143,100.7199363,FALSE
13-11-2001 08:30,56.593796,0.0113,55.25365491,FALSE
17-11-2001 08:30,311.2971,0.139,3738.553652,FALSE
19-11-2001 08:30,69.045395,0.0253,150.9277098,FALSE
21-11-2001 08:30,52.229633,0.0162,73.10477272,FALSE
22-11-2001 08:30,47.556557,0.017,69.85107092,FALSE
23-11-2001 08:30,44.465508,0.0161,61.85330025,FALSE
24-11-2001 08:30,41.101242,0.0056,19.88642493,FALSE
26-11-2001 08:30,33.493145,0.0059,17.0734656,FALSE
27-11-2001 08:30,30.961723,0.0106,28.35598439,FALSE
28-11-2001 08:30,29.791742,0.0104,26.76966769,FALSE
29-11-2001 08:30,26.426779,0.0104,23.74604654,FALSE
01-12-2001 08:30,24.513227,0.0063,13.34303972,FALSE
03-12-2001 08:30,23.044878,0.006,11.94646476,FALSE
04-12-2001 08:30,21.004871,0.0057,10.34447887,FALSE
05-12-2001 08:30,21.014856,0.0061,11.07566971,FALSE
06-12-2001 08:30,19.298666,0.0062,10.3379094,FALSE
07-12-2001 08:30,18.675777,0.006,9.681522797,FALSE
10-12-2001 08:30,16.605003,0.0057,8.177631877,FALSE
11-12-2001 08:30,15.287378,0.0034,4.490820161,FALSE
12-12-2001 08:30,14.740243,0.0016,2.037691192,FALSE
13-12-2001 08:30,14.50886,0.0024,3.00855721,FALSE
15-12-2001 08:30,12.866883,0.0059,6.559022278,FALSE
17-12-2001 08:30,12.311026,0.0058,6.169301349,FALSE
18-12-2001 08:30,12.271994,0.0061,6.467831718,FALSE
19-12-2001 08:30,12.391457,0.0056,5.995482555,FALSE
20-12-2001 08:30,12.354312,0.0043,4.589873994,FALSE
21-12-2001 08:30,11.661728,0.0046,4.634837176,FALSE
22-12-2001 08:30,11.516036,0.0039,3.880443491,FALSE
24-12-2001 08:30,10.739781,0.0042,3.897251729,FALSE
31-12-2001 08:30,9.696741,0.0049,4.10521227,FALSE
01-01-2002 08:30,8.984175,0.0039,3.027307608,FALSE
02-01-2002 08:30,8.314515,0.0039,2.801658974,FALSE
03-01-2002 08:45,8.129373,0.0036,2.528560178,FALSE
04-01-2002 08:30,6.924437,0.0047,2.811875377,FALSE
05-01-2002 08:30,6.965183,0.0046,2.768242332,FALSE
07-01-2002 08:30,6.654332,0.0047,2.702191139,FALSE
08-01-2002 08:30,8.164521,0.0041,2.892199919,FALSE
09-01-2002 08:30,8.322649,0.0027,1.941507559,FALSE
10-01-2002 08:30,8.000018,0.004,2.764806221,FALSE
11-01-2002 08:30,8.230916,0.0046,3.271295255,FALSE
12-01-2002 08:30,6.069227,0.0032,1.678019881,FALSE
14-01-2002 08:30,7.3826504,0.0022,1.403294188,FALSE
15-01-2002 08:30,6.6821213,0.0024,1.385604673,FALSE
16-01-2002 08:30,6.967221,0.0046,2.769052314,FALSE
17-01-2002 08:30,7.1096067,0.0047,2.887069089,FALSE
18-01-2002 08:30,6.9196916,0.0024,1.43486725,FALSE
19-01-2002 08:30,6.7093873,0.0027,1.565165869,FALSE
21-01-2002 08:30,6.4147224,0.0028,1.551849643,FALSE
22-01-2002 08:30,3.713122,0.0039,1.251173589,FALSE
23-01-2002 08:30,3.819479,0.0028,0.92400836,FALSE
24-01-2002 08:30,4.226063,0.004,1.460527373,FALSE
25-01-2002 08:30,4.1261983,0.0027,0.962559539,FALSE
28-01-2002 08:30,4.194627,0.0041,1.485904668,FALSE
29-01-2002 08:30,3.5692542,0.0033,1.017665758,FALSE
30-01-2002 08:30,4.3917456,0.0025,0.94861705,FALSE
31-01-2002 08:30,3.598334,0.0036,1.119225807,FALSE
01-02-2002 08:30,3.4775712,0.0028,0.841294025,FALSE
02-02-2002 08:30,3.6478612,0.004,1.260700831,FALSE
04-02-2002 08:30,3.6666288,0.0037,1.172147895,FALSE
05-02-2002 08:30,4.0662665,0.0034,1.194506447,FALSE
06-02-2002 08:30,4.0604105,0.0047,1.648851496,FALSE
07-02-2002 08:30,3.1078174,0.0036,0.966655524,FALSE
08-02-2002 08:30,2.9892294,0.0037,0.955596855,FALSE
09-02-2002 08:30,4.242895,0.0043,1.57632035,FALSE
11-02-2002 08:30,4.1805935,0.006,2.16721967,FALSE
12-02-2002 08:30,3.2171013,0.0041,1.139625965,FALSE
13-02-2002 08:30,2.9546893,0.0032,0.816912498,FALSE
14-02-2002 08:30,2.6220205,0.004,0.906170285,FALSE
15-02-2002 08:30,1.6379253,0.0024,0.33964019,FALSE
16-02-2002 08:30,1.6080757,0.0022,0.305663029,FALSE
19-02-2002 08:30,1.481667,0.0052,0.66568335,FALSE
20-02-2002 08:30,1.4096887,0.0055,0.66988407,FALSE
21-02-2002 08:30,1.8484832,0.006,0.958253691,FALSE
22-02-2002 08:30,1.9783478,0.0041,0.700809925,FALSE
25-02-2002 08:30,1.5356245,0.0042,0.557247419,FALSE
26-02-2002 08:30,1.5514883,0.006,0.804291535,FALSE
27-02-2002 08:30,2.1098974,0.005,0.911475677,FALSE
28-02-2002 08:30,1.9880702,0.0049,0.8416694,FALSE
01-03-2002 08:30,1.8061929,0.005,0.780275333,FALSE
02-03-2002 08:30,1.3047308,0.0082,0.924375677,FALSE
04-03-2002 08:30,1.3082201,0.0094,1.062484036,FALSE
05-03-2002 08:30,1.2669574,0.0092,1.007079098,FALSE
06-03-2002 08:30,1.3226075,0.0049,0.559939111,FALSE
09-03-2002 08:30,1.476684,0.0054,0.688961687,FALSE
11-03-2002 08:30,2.6185527,0.007,1.583700673,FALSE
12-03-2002 08:30,2.6042793,0.0064,1.440062282,FALSE
13-03-2002 08:30,2.510755,0.0062,1.344961238,FALSE
14-03-2002 08:30,2.4288094,0.0066,1.385004272,FALSE
15-03-2002 08:30,2.5357938,0.0056,1.226918472,FALSE
16-03-2002 08:30,2.8722248,0.0056,1.389697247,FALSE
18-03-2002 08:30,10.156297,0.0123,10.79329995,FALSE
19-03-2002 08:30,5.826981,0.0101,5.0848567,FALSE
20-03-2002 08:30,2.876228,0.0099,2.460210382,FALSE
21-03-2002 08:30,2.9542422,0.0101,2.577989913,FALSE
22-03-2002 08:30,2.672161,0.0096,2.21639722,FALSE
23-03-2002 08:30,2.1663852,0.0089,1.665863563,FALSE
25-03-2002 08:30,1.8031963,0.008,1.246369283,FALSE
26-03-2002 08:30,1.7884457,0.0094,1.45250406,FALSE
27-03-2002 08:30,2.5108304,0.0155,3.362504072,FALSE
28-03-2002 08:30,2.496671,0.0071,1.531557858,FALSE
30-03-2002 08:30,3.0340843,0.0052,1.363153394,FALSE
01-04-2002 08:30,6.7508435,0.0047,2.741382528,FALSE
02-04-2002 08:30,6.725596,0.0065,3.777094714,FALSE
03-04-2002 08:30,5.306484,0.0101,4.630650198,FALSE
04-04-2002 08:30,4.8299203,0.0099,4.131320628,FALSE
05-04-2002 08:30,2.976579,0.0101,2.597481899,FALSE
06-04-2002 08:30,3.0495355,0.0065,1.712619137,FALSE
08-04-2002 08:30,7.551445,0.0076,4.958580845,FALSE
09-04-2002 08:30,4.8944874,0.0109,4.609432454,FALSE
10-04-2002 08:30,5.3889494,0.0085,3.957644439,FALSE
11-04-2002 08:30,3.7458806,0.0091,2.945161163,FALSE
12-04-2002 08:30,3.8267202,0.005,1.653143126,FALSE
13-04-2002 08:30,3.3987951,0.005,1.468279483,FALSE
16-04-2002 08:30,3.9936826,0.0088,3.036476754,FALSE
17-04-2002 08:30,3.9999185,0.0073,2.522828596,FALSE
18-04-2002 08:30,3.4573705,0.0084,2.509221214,FALSE
19-04-2002 08:30,2.6795995,0.0082,1.898442654,FALSE
20-04-2002 08:30,2.254684,0.0096,1.870125097,FALSE
22-04-2002 08:30,2.2257798,0.008,1.538458998,FALSE
23-04-2002 08:30,2.4081683,0.0104,2.163883708,FALSE
26-04-2002 08:30,4.2843895,0.0084,3.109438524,FALSE
27-04-2002 08:30,2.5267062,0.014,3.05630382,FALSE
29-04-2002 08:30,1.6940411,0.0146,2.136931205,FALSE
30-04-2002 08:30,1.3541186,0.0129,1.509246427,FALSE
04-05-2002 08:30,1.5789018,0.0061,0.832144405,FALSE
06-05-2002 08:30,11.355636,0.0053,5.199972837,FALSE
07-05-2002 08:30,7.0134673,0.0043,2.605643371,FALSE
08-05-2002 08:30,4.580244,0.0112,4.432210514,FALSE
09-05-2002 08:30,3.41308,0.0145,4.275906624,FALSE
10-05-2002 08:30,2.9307823,0.0081,2.051078685,FALSE
11-05-2002 08:30,2.663081,0.0075,1.725676488,FALSE
13-05-2002 08:30,8.677169,0.014,10.49590362,FALSE
14-05-2002 08:30,14.49023,0.0105,13.14553666,FALSE
15-05-2002 08:30,10.540555,0.0154,14.02484086,FALSE
16-05-2002 08:30,6.091152,0.0178,9.367704484,FALSE
17-05-2002 08:30,5.318571,0.0203,9.328348048,FALSE
18-05-2002 08:30,11.885292,0.0371,38.09759039,FALSE
20-05-2002 08:30,52.520473,0.03,136.133066,FALSE
21-05-2002 08:30,21.41249,0.0209,38.66581794,FALSE
22-05-2002 08:30,16.15305,0.0143,19.95741634,FALSE
23-05-2002 08:30,11.157275,0.0038,3.663156528,FALSE
25-05-2002 08:30,11.047821,0.0132,12.59981889,FALSE
27-05-2002 08:30,9.648025,0.0139,11.5868921,FALSE
28-05-2002 08:30,7.6671176,0.0072,4.769560517,FALSE
29-05-2002 08:30,13.01756,0.0072,8.097963725,FALSE
30-05-2002 08:30,13.204716,0.0063,7.187591013,FALSE
31-05-2002 08:30,15.719267,0.0206,27.97778018,FALSE
01-06-2002 08:30,12.712271,0.0087,9.555559865,FALSE
03-06-2002 08:30,48.023705,0.024,99.58195469,FALSE
04-06-2002 08:30,58.430508,0.0373,188.3051667,FALSE
05-06-2002 08:30,31.178377,0.0186,50.10489897,FALSE
06-06-2002 08:30,48.119244,0.0096,39.91202574,FALSE
07-06-2002 08:30,36.48467,0.0106,33.41412017,FALSE
08-06-2002 08:30,28.502289,0.0095,23.39467881,FALSE
10-06-2002 08:30,23.576252,0.0081,16.4996042,FALSE
11-06-2002 08:30,29.000786,0.0159,39.84011978,FALSE
12-06-2002 08:30,23.628273,0.0107,21.84386582,FALSE
13-06-2002 08:30,18.773703,0.0115,18.6535513,FALSE
14-06-2002 08:30,57.792915,0.018,89.87954141,FALSE
15-06-2002 08:30,42.075512,0.0265,96.33609228,FALSE
17-06-2002 08:30,42.075512,0.0202,73.43354958,FALSE
18-06-2002 08:30,32.378048,0.0144,40.2834722,FALSE
19-06-2002 08:30,33.53412,0.016,46.35756749,FALSE
20-06-2002 08:30,36.968853,0.0102,32.57991077,FALSE
21-06-2002 08:30,51.834953,0.0114,51.05535531,FALSE
22-06-2002 08:30,51.854782,0.0089,39.87425317,FALSE
24-06-2002 08:30,217.17915,0.0112,210.1599199,FALSE
25-06-2002 08:30,196.4633,0.0091,154.467305,FALSE
26-06-2002 08:30,116.79914,0.0369,372.3743462,FALSE
27-06-2002 09:00,112.96025,0.0462,450.9011707,FALSE
28-06-2002 08:30,74.221115,0.0268,171.8604762,FALSE
29-06-2002 08:30,60.01067,0.0254,131.697016,FALSE
01-07-2002 09:30,34.004242,0.0147,43.18810768,FALSE
02-07-2002 09:30,34.63171,0.0163,48.77252983,FALSE
03-07-2002 09:30,43.508175,0.0242,90.97037294,FALSE
04-07-2002 09:30,36.163963,0.0199,62.17887142,FALSE
05-07-2002 09:30,31.907482,0.0113,31.15191283,FALSE
06-07-2002 08:30,33.21114,0.0124,35.58108695,FALSE
08-07-2002 08:30,24.23093,0.0119,24.91327299,FALSE
09-07-2002 08:30,19.377012,0.0093,15.56981668,FALSE
10-07-2002 08:30,17.166073,0.0093,13.79328298,FALSE
11-07-2002 08:30,16.504204,0.0091,12.97626535,FALSE
12-07-2002 08:30,33.258713,0.0193,55.4595691,FALSE
13-07-2002 08:30,161.68773,0.0304,424.6825241,FALSE
15-07-2002 08:30,86.63133,0.0256,191.6146409,FALSE
16-07-2002 08:30,53.154938,0.0163,74.85916228,FALSE
17-07-2002 08:30,45.080868,0.0156,60.76179713,FALSE
18-07-2002 08:30,52.154926,0.0185,83.36443372,FALSE
19-07-2002 08:30,37.735893,0.0125,40.75476444,FALSE
20-07-2002 08:30,31.490429,0.0105,28.56811719,FALSE
22-07-2002 08:30,26.1197,0.0115,25.95253392,FALSE
23-07-2002 08:30,24.819374,0.0079,16.94071192,FALSE
24-07-2002 08:30,22.65301,0.0061,11.93904239,FALSE
25-07-2002 08:30,19.163069,0.0069,11.42425522,FALSE
26-07-2002 08:30,39.05094,0.0151,50.94741836,FALSE
27-07-2002 08:30,27.345331,0.0096,22.68131134,FALSE
29-07-2002 08:30,28.080164,0.0082,19.89423459,FALSE
30-07-2002 08:30,27.89484,0.0074,17.8348449,FALSE
31-07-2002 08:30,29.499174,0.0089,22.68368484,FALSE
01-08-2002 08:30,26.457458,0.0086,19.65894959,FALSE
02-08-2002 08:30,44.17496,0.0188,71.75427103,FALSE
03-08-2002 08:30,54.28451,0.0214,100.3698876,FALSE
05-08-2002 08:30,50.991673,0.0328,144.5063219,FALSE
06-08-2002 08:30,98.32841,0.0606,514.8318222,FALSE
07-08-2002 08:30,136.05356,0.0925,1087.340052,FALSE
08-08-2002 08:30,93.39414,0.0522,421.2150429,FALSE
09-08-2002 08:30,113.22334,0.0503,492.0595778,FALSE
10-08-2002 08:30,131.58136,0.0489,555.9259827,FALSE
12-08-2002 08:30,164.06439,0.0611,866.1024774,FALSE
13-08-2002 08:30,97.24607,0.0294,247.0205772,FALSE
14-08-2002 09:00,112.46568,0.042,408.1154596,FALSE
16-08-2002 08:30,154.54286,0.0526,702.3416633,FALSE
17-08-2002 08:30,323.0658,0.0949,2648.932798,FALSE
19-08-2002 08:30,224.98564,0.046,894.1829276,FALSE
20-08-2002 08:30,132.02983,0.0328,374.1619758,FALSE
26-08-2002 08:30,44.66878,0.0153,59.04855366,FALSE
27-08-2002 08:30,38.940117,0.0176,59.21389951,FALSE
28-08-2002 08:30,34.94497,0.0156,47.10022836,FALSE
29-08-2002 08:30,35.14308,0.0115,34.91816429,FALSE
31-08-2002 08:30,28.263515,0.0088,21.48931572,FALSE
02-09-2002 08:30,24.780348,0.0077,16.48586992,FALSE
03-09-2002 08:30,23.572231,0.0056,11.40518825,FALSE
04-09-2002 08:30,22.741762,0.0062,12.18230707,FALSE
05-09-2002 08:30,22.6315,0.0049,9.58127184,FALSE
06-09-2002 08:30,20.401564,0.0048,8.460936622,FALSE
07-09-2002 08:30,24.284454,0.0052,10.91051949,FALSE
09-09-2002 08:30,25.601952,0.0054,11.94484673,FALSE
10-09-2002 08:30,54.96644,0.0125,59.3637552,FALSE
11-09-2002 08:30,30.690985,0.0092,24.39565016,FALSE
12-09-2002 08:30,21.969835,0.0073,13.85681433,FALSE
13-09-2002 08:30,20.367647,0.0055,9.678705854,FALSE
14-09-2002 08:30,19.109211,0.0044,7.264557654,FALSE
16-09-2002 08:30,15.0006,0.0048,6.221048832,FALSE
17-09-2002 08:30,13.467255,0.0049,5.701497077,FALSE
18-09-2002 08:30,15.482907,0.0047,6.287298875,FALSE
19-09-2002 08:30,16.45305,0.0041,5.828328432,FALSE
20-09-2002 08:30,13.551291,0.0054,6.322490329,FALSE
21-09-2002 08:30,12.276622,0.0044,4.66708062,FALSE
23-09-2002 08:30,10.65219,0.0088,8.099073101,FALSE
24-09-2002 08:30,9.653729,0.0063,5.254717769,FALSE
25-09-2002 08:30,9.7971945,0.0045,3.809149222,FALSE
26-09-2002 08:30,9.025167,0.0037,2.885165387,FALSE
27-09-2002 08:30,8.598301,0.0034,2.525836902,FALSE
28-09-2002 08:30,9.594912,0.0073,6.051702897,FALSE
30-09-2002 08:30,10.827713,0.0056,5.238880658,FALSE
01-10-2002 08:30,20.389473,0.0067,11.80305813,FALSE
03-10-2002 08:30,13.311556,0.0058,6.670686943,FALSE
04-10-2002 08:30,15.41086,0.0074,9.85308745,FALSE
05-10-2002 08:30,23.736202,0.0057,11.68960476,FALSE
07-10-2002 08:30,25.065962,0.0086,18.6250124,FALSE
08-10-2002 08:30,111.90008,0.1199,1159.213213,FALSE
09-10-2002 08:30,111.869675,0.1249,1207.225936,FALSE
10-10-2002 08:30,252.91753,0.1332,2910.696336,FALSE
11-10-2002 08:30,95.29146,0.0679,559.0330676,FALSE
12-10-2002 08:30,131.27957,0.0956,1084.348243,FALSE
16-10-2002 08:30,187.5063,0.1382,2238.915225,FALSE
17-10-2002 08:30,189.65186,0.0896,1468.178495,FALSE
18-10-2002 08:30,115.483826,0.0654,652.5482878,FALSE
19-10-2002 08:30,88.7522,0.0456,349.6694676,FALSE
21-10-2002 08:30,72.25216,0.0422,263.4371555,FALSE
22-10-2002 08:30,62.247658,0.0353,189.8503771,FALSE
23-10-2002 08:30,89.95332,0.0447,347.4069181,FALSE
24-10-2002 08:30,63.81042,0.0389,214.4642692,FALSE
25-10-2002 08:30,48.042187,0.0401,166.4488828,FALSE
26-10-2002 08:30,54.178276,0.0725,339.3727209,FALSE
28-10-2002 08:30,57.760403,0.0567,282.961283,FALSE
29-10-2002 08:30,51.149673,0.0432,190.9151315,FALSE
30-10-2002 08:30,122.634605,0.0708,750.1705949,FALSE
31-10-2002 08:30,117.16814,0.0412,417.0810846,FALSE
01-11-2002 08:30,67.54364,0.0278,162.2344198,FALSE
05-11-2002 08:30,34.274075,0.0254,75.21651403,FALSE
06-11-2002 08:30,34.20593,0.018,53.19706234,FALSE
07-11-2002 08:30,62.826797,0.0497,269.7832925,FALSE
08-11-2002 08:30,96.258286,0.0632,525.6164455,FALSE
09-11-2002 08:30,54.807632,0.0183,86.65744311,FALSE
11-11-2002 08:30,51.76229,0.0158,70.66173732,FALSE
12-11-2002 08:30,61.304768,0.0158,83.68836489,FALSE
13-11-2002 08:30,40.66248,0.0171,60.07637445,FALSE
14-11-2002 08:30,30.809858,0.0093,24.7563371,FALSE
16-11-2002 08:30,29.879105,0.0075,19.36166004,FALSE
20-11-2002 08:30,21.374098,0.0052,9.602954749,FALSE
21-11-2002 08:30,20.071232,0.006,10.40492667,FALSE
22-11-2002 08:30,19.725523,0.0058,9.884854086,FALSE
23-11-2002 08:30,18.992643,0.0054,8.861207518,FALSE
25-11-2002 08:30,18.04218,0.0056,8.729528371,FALSE
26-11-2002 08:30,17.32407,0.0067,10.02855764,FALSE
27-11-2002 08:30,16.347902,0.0056,7.909768904,FALSE
28-11-2002 08:30,15.596108,0.0058,7.815521641,FALSE
02-12-2002 08:30,13.7221155,0.0044,5.216599428,FALSE
03-12-2002 08:30,15.724112,0.0041,5.570109435,FALSE
04-12-2002 08:30,11.914192,0.0041,4.220483374,FALSE
05-12-2002 08:30,11.914192,0.0036,3.70579028,FALSE
07-12-2002 08:30,11.8825245,0.0034,3.490610397,FALSE
09-12-2002 08:30,11.793365,0.0027,2.751156187,FALSE
10-12-2002 08:30,10.731886,0.0033,3.059875336,FALSE
11-12-2002 08:30,10.065197,0.004,3.478532083,FALSE
12-12-2002 08:30,9.52642,0.0039,3.210022483,FALSE
13-12-2002 08:30,9.062353,0.0028,2.192364438,FALSE
14-12-2002 08:30,9.023605,0.0039,3.040593941,FALSE
16-12-2002 08:30,8.247074,0.0051,3.633990687,FALSE
17-12-2002 08:30,7.5578575,0.0051,3.330294329,FALSE
18-12-2002 08:30,8.101917,0.0057,3.990032084,FALSE
19-12-2002 08:30,7.756033,0.0056,3.752679007,FALSE
20-12-2002 08:30,6.8107166,0.0058,3.412986303,FALSE
21-12-2002 08:30,7.7612944,0.0057,3.822282266,FALSE
23-12-2002 08:30,8.236725,0.0058,4.127587632,FALSE
26-12-2002 08:30,5.491978,0.0055,2.609787946,FALSE
27-12-2002 08:30,5.217495,0.0056,2.524432781,FALSE
28-12-2002 10:00,5.212411,0.0055,2.476937707,FALSE
30-12-2002 08:30,4.9574976,0.0056,2.398635639,FALSE
31-12-2002 08:30,4.897248,0.0057,2.411796695,FALSE
01-01-2003 08:30,4.3734965,0.0056,2.116072547,FALSE
02-01-2003 08:30,4.570002,0.0056,2.211149768,FALSE
03-01-2003 08:30,4.6749234,0.0057,2.302306276,FALSE
04-01-2003 08:30,4.791245,0.0056,2.318195981,FALSE
06-01-2003 08:30,5.1271796,0.0056,2.480734578,FALSE
07-01-2003 08:30,4.196714,0.0055,1.994278493,FALSE
08-01-2003 08:30,4.26819,0.0054,1.991366726,FALSE
09-01-2003 08:30,3.2314737,0.0054,1.507676369,FALSE
10-01-2003 08:30,3.81077,0.0055,1.810877904,FALSE
11-01-2003 08:30,3.7969341,0.0055,1.804303084,FALSE
13-01-2003 08:30,3.8767593,0.0054,1.808740819,FALSE
14-01-2003 08:30,3.3203888,0.0052,1.49178428,FALSE
15-01-2003 08:30,2.5255682,0.0055,1.200150009,FALSE
16-01-2003 08:30,2.771391,0.0054,1.293020185,FALSE
17-01-2003 08:30,2.3871543,0.0053,1.093125697,FALSE
18-01-2003 08:30,2.5187511,0.0055,1.196910523,FALSE
20-01-2003 08:30,2.1094728,0.0055,1.002421475,FALSE
21-01-2003 08:30,2.1097217,0.0055,1.002539752,FALSE
22-01-2003 08:30,2.0730472,0.0071,1.271690074,FALSE
23-01-2003 08:30,2.2862153,0.0063,1.244432712,FALSE
24-01-2003 08:30,1.8766578,0.0048,0.778287523,FALSE
25-01-2003 08:00,2.1444435,0.0053,0.981983568,FALSE
27-01-2003 08:30,2.2567525,0.0051,0.994415422,FALSE
28-01-2003 08:30,2.516984,0.0066,1.435284956,FALSE
29-01-2003 08:30,1.94625,0.006,1.008936,FALSE
30-01-2003 08:30,1.7000774,0.0054,0.793188112,FALSE
31-01-2003 08:30,1.825515,0.0042,0.662442883,FALSE
01-02-2003 08:30,1.8472439,0.0046,0.734168616,FALSE
03-02-2003 08:30,3.254653,0.0067,1.884053529,FALSE
04-02-2003 08:30,3.9252057,0.01,3.391377725,FALSE
05-02-2003 08:30,3.6483989,0.0071,2.238073821,FALSE
06-02-2003 08:30,2.8160305,0.0039,0.948889637,FALSE
07-02-2003 08:30,1.9533418,0.0046,0.776336165,FALSE
08-02-2003 08:30,1.820095,0.0047,0.739104178,FALSE
10-02-2003 08:30,1.4229739,0.0026,0.319656857,FALSE
11-02-2003 08:30,1.1819291,0.0044,0.449322167,FALSE
13-02-2003 08:30,0.989607,0.0039,0.333457975,FALSE
14-02-2003 08:30,1.08828,0.0026,0.244471219,FALSE
15-02-2003 08:30,0.9910317,0.003,0.256875417,FALSE
17-02-2003 08:30,1.8274629,0.003,0.473678384,FALSE
18-02-2003 08:30,1.8678837,0.003,0.484155455,FALSE
19-02-2003 08:30,1.7210772,0.003,0.44610321,FALSE
20-02-2003 08:30,2.2055056,0.003,0.571667052,FALSE
21-02-2003 08:30,2.8182323,0.0029,0.706136285,FALSE
22-02-2003 08:30,3.3983545,0.0063,1.849792321,FALSE
24-02-2003 08:30,3.6639004,0.0064,2.025990365,FALSE
25-02-2003 08:30,3.4589698,0.0056,1.673587948,FALSE
27-02-2003 08:30,9.266436,0.0105,8.406510739,FALSE
28-02-2003 08:30,21.055908,0.0094,17.10076624,FALSE
01-03-2003 08:30,9.727679,0.0145,12.18683625,FALSE
03-03-2003 08:30,6.702118,0.0125,7.23828744,FALSE
04-03-2003 08:30,3.3742046,0.0071,2.06987207,FALSE
05-03-2003 08:30,2.7498863,0.0045,1.069155793,FALSE
06-03-2003 08:30,2.123336,0.0048,0.880589906,FALSE
07-03-2003 08:30,1.9502661,0.0031,0.522359272,FALSE
08-03-2003 08:30,1.5912055,0.0026,0.357448404,FALSE
10-03-2003 08:30,1.4556996,0.0012,0.150926935,FALSE
11-03-2003 08:30,1.0664575,0.003,0.276425784,FALSE
12-03-2003 08:30,1.6544359,0.004,0.571773047,FALSE
14-03-2003 08:30,7.3934636,0.0312,19.93041196,FALSE
15-03-2003 08:30,10.5925455,0.0351,32.12337719,FALSE
17-03-2003 08:30,14.640152,0.0411,51.98776536,FALSE
18-03-2003 08:30,7.5100646,0.0369,23.94328756,FALSE
19-03-2003 08:30,8.852818,0.0326,24.93520129,FALSE
20-03-2003 08:30,24.091091,0.0276,57.44857924,FALSE
21-03-2003 08:30,10.778048,0.032,29.79914711,FALSE
22-03-2003 08:30,8.009967,0.0196,13.56439852,FALSE
24-03-2003 08:30,4.748554,0.0156,6.400291023,FALSE
25-03-2003 08:30,3.3877225,0.0154,4.50756805,FALSE
26-03-2003 08:30,3.0095541,0.012,3.120305691,FALSE
27-03-2003 08:30,2.3947904,0.0067,1.386296267,FALSE
28-03-2003 08:30,2.0529854,0.0056,0.993316456,FALSE
29-03-2003 08:30,1.8310202,0.0047,0.743540683,FALSE
31-03-2003 08:30,3.574643,0.0133,4.107693764,FALSE
01-04-2003 08:30,5.9326787,0.02,10.25166879,FALSE
02-04-2003 08:30,4.4469,0.0139,5.340549024,FALSE
03-04-2003 08:30,4.498871,0.0158,6.14149878,FALSE
04-04-2003 08:30,8.270774,0.0211,15.07795183,FALSE
05-04-2003 08:30,8.345781,0.0111,8.00393781,FALSE
07-04-2003 08:30,4.9362335,0.0092,3.923713284,FALSE
08-04-2003 08:30,3.595057,0.0165,5.125113259,FALSE
09-04-2003 08:30,2.6705139,0.0046,1.061369044,FALSE
10-04-2003 08:30,2.4730086,0.0051,1.08970651,FALSE
16-04-2003 08:30,2.1811504,0.0053,0.998792391,FALSE
17-04-2003 08:30,1.9368029,0.0045,0.753028968,FALSE
19-04-2003 08:30,1.8166503,0.0031,0.486571616,FALSE
21-04-2003 08:30,3.7973988,0.0132,4.330857383,FALSE
22-04-2003 08:30,6.1895957,0.0189,10.10736219,FALSE
23-04-2003 08:30,5.6517215,0.0095,4.638933007,FALSE
24-04-2003 08:30,4.099377,0.0095,3.364768642,FALSE
25-04-2003 08:30,3.2843132,0.0045,1.276940972,FALSE
26-04-2003 08:30,3.0534244,0.0046,1.213552994,FALSE
28-04-2003 08:30,3.2951844,0.0088,2.505394603,FALSE
29-04-2003 08:30,5.5601025,0.0101,4.851967846,FALSE
30-04-2003 08:30,17.78031,0.0122,18.74186916,FALSE
01-05-2003 08:30,19.407915,0.0099,16.60075417,FALSE
02-05-2003 08:30,9.652109,0.0163,13.59325815,FALSE
03-05-2003 08:30,8.412295,0.0164,11.91988552,FALSE
05-05-2003 08:30,4.7421184,0.0088,3.605527462,FALSE
06-05-2003 08:30,3.352998,0.0105,3.041839786,FALSE
07-05-2003 08:30,22.358952,0.014,27.04538834,FALSE
08-05-2003 08:30,10.78703,0.0189,17.61478851,FALSE
09-05-2003 08:30,5.919237,0.0199,10.17729933,FALSE
10-05-2003 08:30,4.261754,0.0071,2.614330374,FALSE
12-05-2003 08:30,2.6855257,0.0054,1.252958871,FALSE
13-05-2003 08:30,2.3300276,0.0045,0.905914731,FALSE
15-05-2003 08:30,2.1821725,0.004,0.754158816,FALSE
17-05-2003 08:30,1.3499972,0.0026,0.303263371,FALSE
19-05-2003 08:30,1.9783076,0.004,0.683703107,FALSE
20-05-2003 08:30,3.3849573,0.0045,1.316071398,FALSE
21-05-2003 08:30,2.5657637,0.0044,0.975400728,FALSE
22-05-2003 08:30,1.7417592,0.0019,0.28592719,FALSE
23-05-2003 08:30,1.98756,0.0015,0.257587776,FALSE
24-05-2003 08:30,1.5183148,0.0022,0.288601277,FALSE
26-05-2003 08:30,2.064803,0.003,0.535196938,FALSE
27-05-2003 08:30,2.0530963,0.003,0.532162561,FALSE
28-05-2003 08:30,2.0881898,0.0031,0.559300756,FALSE
29-05-2003 08:30,2.8138742,0.0063,1.531648005,FALSE
30-05-2003 08:30,2.8495035,0.0068,1.674140296,FALSE
31-05-2003 08:30,2.9558423,0.0088,2.247386018,FALSE
02-06-2003 08:30,2.6311936,0.0053,1.204876173,FALSE
03-06-2003 08:30,14.007183,0.0238,28.80325055,FALSE
04-06-2003 08:30,6.3204465,0.0182,9.938775712,FALSE
05-06-2003 08:30,4.33399,0.0071,2.658642826,FALSE
06-06-2003 08:30,3.9018092,0.0109,3.674567832,FALSE
07-06-2003 08:30,3.9747207,0.0063,2.163519971,FALSE
09-06-2003 08:30,3.550444,0.0071,2.177984367,FALSE
10-06-2003 08:30,2.8632197,0.0055,1.360602001,FALSE
11-06-2003 08:30,3.3960028,0.0057,1.672463459,FALSE
12-06-2003 08:30,3.0065475,0.007,1.818359928,FALSE
13-06-2003 08:30,2.901733,0.0054,1.353832548,FALSE
14-06-2003 08:30,10.552936,0.0091,8.297140401,FALSE
16-06-2003 08:30,9.639664,0.0075,6.246502272,FALSE
17-06-2003 08:30,18.685894,0.0104,16.79039691,FALSE
18-06-2003 08:30,21.369967,0.0087,16.06337679,FALSE
19-06-2003 08:30,32.0801,0.0107,29.65741085,FALSE
20-06-2003 08:30,175.13885,0.0697,1054.700166,FALSE
21-06-2003 08:30,140.88243,0.1097,1335.294942,FALSE
24-06-2003 08:30,94.92534,0.0567,465.0278496,FALSE
25-06-2003 08:30,53.168285,0.0453,208.096414,FALSE
26-06-2003 08:30,31.977829,0.0237,65.48036089,FALSE
27-06-2003 08:30,31.135773,0.0185,49.76741956,FALSE
28-06-2003 08:30,22.936724,0.0214,42.40908521,FALSE
30-06-2003 08:30,21.403679,0.0171,31.6226515,FALSE
01-07-2003 08:30,19.444605,0.0161,27.04822334,FALSE
02-07-2003 08:30,22.715263,0.0165,32.38287893,FALSE
03-07-2003 08:30,51.217567,0.0276,122.135459,FALSE
04-07-2003 08:30,36.440052,0.0189,59.50514731,FALSE
05-07-2003 08:30,85.645134,0.0436,322.6286456,FALSE
07-07-2003 08:30,157.43935,0.1728,2350.5569,FALSE
08-07-2003 08:30,70.503365,0.1033,629.250993,FALSE
09-07-2003 08:30,50.35476,0.0556,241.8962103,FALSE
10-07-2003 08:30,46.082188,0.0254,101.1301265,FALSE
11-07-2003 08:30,44.647026,0.0194,74.8355591,FALSE
12-07-2003 08:30,52.63722,0.022,100.0528278,FALSE
14-07-2003 08:30,47.21662,0.0249,101.5799476,FALSE
15-07-2003 08:30,49.517384,0.0281,120.2202856,FALSE
16-07-2003 08:30,80.88539,0.0325,227.1261751,FALSE
17-07-2003 08:30,124.89733,0.1088,1174.074869,FALSE
18-07-2003 08:30,105.25421,0.0346,314.6511455,FALSE
19-07-2003 08:30,75.526085,0.0659,430.0274017,FALSE
21-07-2003 08:30,53.292774,0.0249,114.6519423,FALSE
22-07-2003 08:30,46.1706,0.0292,116.4828833,FALSE
23-07-2003 08:30,43.38071,0.0212,79.45957889,FALSE
24-07-2003 08:30,79.44679,0.0434,297.9063953,FALSE
25-07-2003 08:30,70.61243,0.0141,86.02288672,FALSE
26-07-2003 08:30,77.91215,0.0183,123.1884586,FALSE
28-07-2003 08:30,125.174034,0.1074,1161.534924,FALSE
29-07-2003 08:30,91.97352,0.0401,318.6551363,FALSE
30-07-2003 08:30,67.69458,0.0272,159.0876786,FALSE
31-07-2003 08:30,56.34097,0.0145,70.58396722,FALSE
01-08-2003 08:30,68.90971,0.0556,331.0312213,FALSE
02-08-2003 08:30,77.90953,0.0485,326.4720945,FALSE
04-08-2003 08:30,66.0557,0.0435,248.2637429,FALSE
05-08-2003 08:30,39.10979,0.0181,61.16145399,FALSE
06-08-2003 08:30,41.36603,0.0157,56.11219237,FALSE
07-08-2003 08:30,38.629112,0.0184,61.41101709,FALSE
08-08-2003 08:30,49.531445,0.0182,77.88720663,FALSE
09-08-2003 08:30,53.413788,0.0157,72.45473515,FALSE
11-08-2003 08:30,70.3743,0.024,145.9281485,FALSE
12-08-2003 08:30,54.02541,0.0199,92.88912894,FALSE
13-08-2003 08:30,65.52842,0.0314,177.7759823,FALSE
14-08-2003 08:30,38.524986,0.0192,63.90832878,FALSE
18-08-2003 08:30,34.675713,0.0285,85.38547569,FALSE
19-08-2003 08:30,27.83515,0.0147,35.35286731,FALSE
21-08-2003 08:30,32.388092,0.0217,60.72378593,FALSE
22-08-2003 08:30,128.71039,0.0406,451.4954545,FALSE
23-08-2003 08:30,82.69646,0.0303,216.4927166,FALSE
25-08-2003 08:30,65.71014,0.0205,116.3858,FALSE
26-08-2003 08:30,67.0625,0.0187,108.35154,FALSE
27-08-2003 08:30,60.15207,0.0168,87.31193265,FALSE
28-08-2003 08:30,63.567043,0.0174,95.56414976,FALSE
29-08-2003 08:30,46.3368,0.0127,50.8444439,FALSE
01-09-2003 08:30,49.68162,0.0127,54.51464799,FALSE
02-09-2003 08:30,50.996723,0.0095,41.85811024,FALSE
03-09-2003 08:30,64.98654,0.0189,106.1204204,FALSE
04-09-2003 08:30,41.351128,0.0101,36.08464834,FALSE
05-09-2003 08:30,32.808502,0.0087,24.66149478,FALSE
06-09-2003 08:30,28.314327,0.0107,26.17602902,FALSE
09-09-2003 08:30,26.340836,0.0111,25.26191536,FALSE
10-09-2003 08:30,25.896128,0.0098,21.9267695,FALSE
11-09-2003 08:30,22.646194,0.009,17.60968045,FALSE
12-09-2003 08:30,21.341864,0.0074,13.64513417,FALSE
13-09-2003 08:30,18.244047,0.007,11.03399963,FALSE
22-09-2003 08:30,11.135896,0.008,7.697131315,FALSE
23-09-2003 08:30,9.931786,0.0121,10.38308636,FALSE
24-09-2003 08:30,11.168432,0.0079,7.623124946,FALSE
25-09-2003 08:30,11.266933,0.008,7.78770409,FALSE
26-09-2003 08:30,10.52732,0.0093,8.458912166,FALSE
27-09-2003 08:30,11.512193,0.0081,8.056693149,FALSE
29-09-2003 08:30,10.977615,0.0081,7.682574082,FALSE
30-09-2003 08:30,9.900331,0.0077,6.586492208,FALSE
01-10-2003 08:30,11.252365,0.0091,8.847059458,FALSE
06-10-2003 08:30,82.8805,0.0228,163.2679546,FALSE
07-10-2003 08:30,72.917336,0.0205,129.1511855,FALSE
08-10-2003 08:30,92.45994,0.0218,174.1501462,FALSE
09-10-2003 08:30,66.278175,0.0223,127.6994853,FALSE
10-10-2003 08:30,51.830074,0.0201,90.01017971,FALSE
11-10-2003 08:30,37.084164,0.0197,63.12021386,FALSE
13-10-2003 08:30,32.00826,0.0186,51.43855415,FALSE
14-10-2003 08:30,28.799334,0.0191,47.52581294,FALSE
15-10-2003 08:30,31.123457,0.0174,46.78976032,FALSE
16-10-2003 08:30,31.924074,0.0122,33.65052792,FALSE
17-10-2003 08:30,42.897724,0.0155,57.44863198,FALSE
18-10-2003 08:30,41.056606,0.0204,72.36473147,FALSE
20-10-2003 08:30,54.31644,0.0361,169.415149,FALSE
21-10-2003 08:30,69.492004,0.0471,282.7935408,FALSE
22-10-2003 08:30,96.72812,0.0567,473.8594525,FALSE
23-10-2003 08:30,59.111187,0.022,112.3585442,FALSE
27-10-2003 08:30,37.102524,0.0144,46.16147626,FALSE
28-10-2003 08:30,32.956142,0.0112,31.89099949,FALSE
29-10-2003 08:30,32.273563,0.0095,26.49014051,FALSE
30-10-2003 08:30,32.802864,0.0118,33.44317591,FALSE
31-10-2003 08:30,27.086704,0.0093,21.7647084,FALSE
01-11-2003 08:30,24.399734,0.0075,15.81102763,FALSE
03-11-2003 08:30,32.274002,0.009,25.09626396,FALSE
04-11-2003 08:30,25.68264,0.0073,16.1985547,FALSE
05-11-2003 08:30,21.667868,0.0082,15.35125112,FALSE
06-11-2003 08:30,19.567268,0.006,10.14367173,FALSE
07-11-2003 08:30,20.605894,0.0073,12.99654946,FALSE
10-11-2003 08:30,18.846474,0.0082,13.3523499,FALSE
11-11-2003 08:30,16.64538,0.0063,9.060413242,FALSE
12-11-2003 08:30,14.6486025,0.0065,8.226655164,FALSE
13-11-2003 08:30,14.409139,0.0065,8.092172462,FALSE
14-11-2003 08:30,12.943558,0.005,5.591617056,FALSE
15-11-2003 08:30,11.930555,0.0055,5.669399736,FALSE
17-11-2003 08:30,13.416425,0.0047,5.448141864,FALSE
18-11-2003 08:30,11.328048,0.0078,7.634198108,FALSE
19-11-2003 08:30,10.416268,0.0083,7.469714108,FALSE
20-11-2003 08:30,10.021102,0.0064,5.541268562,FALSE
21-11-2003 08:30,9.485923,0.0037,3.032459865,FALSE
22-11-2003 08:30,8.35799,0.004,2.888521344,FALSE
24-11-2003 08:30,7.650965,0.0047,3.106903867,FALSE
26-11-2003 08:30,6.4333615,0.0041,2.278953978,FALSE
27-11-2003 08:30,7.575311,0.0035,2.290774046,FALSE
28-11-2003 08:30,7.1008325,0.006,3.681071568,FALSE
01-12-2003 08:30,10.971776,0.0075,7.109710848,FALSE
02-12-2003 08:30,9.555495,0.0058,4.788449654,FALSE
03-12-2003 08:30,8.423354,0.0051,3.711666707,FALSE
04-12-2003 08:30,7.771478,0.0058,3.894443055,FALSE
05-12-2003 08:30,7.869731,0.0063,4.283651978,FALSE
06-12-2003 08:30,7.602632,0.0054,3.547083986,FALSE
08-12-2003 08:30,7.5562115,0.005,3.264283368,FALSE
09-12-2003 08:30,6.8294897,0.0048,2.832325968,FALSE
10-12-2003 08:30,6.115709,0.0042,2.219268482,FALSE
11-12-2003 08:30,6.6416945,0.005,2.869212024,FALSE
12-12-2003 08:30,6.5635047,0.0041,2.325055905,FALSE
13-12-2003 08:30,6.383437,0.005,2.757644784,FALSE
15-12-2003 08:30,7.284099,0.0057,3.587273076,FALSE
16-12-2003 08:30,6.853549,0.0044,2.605445188,FALSE
17-12-2003 08:30,6.862407,0.0055,3.261015806,FALSE
18-12-2003 08:30,7.0833616,0.006,3.672014653,FALSE
19-12-2003 08:30,6.956386,0.0039,2.344023827,FALSE
20-12-2003 08:30,7.971507,0.005,3.443691024,FALSE
22-12-2003 08:30,6.6221104,0.0039,2.23138632,FALSE
23-12-2003 08:30,6.310102,0.0044,2.398848376,FALSE
24-12-2003 08:30,5.463682,0.0038,1.793836074,FALSE
30-12-2003 08:30,4.0072575,0.0039,1.350285487,FALSE
31-12-2003 08:30,3.8304505,0.0033,1.092138047,FALSE
01-01-2004 08:00,3.122219,0.0032,0.863231109,FALSE
02-01-2004 08:00,2.5781798,0.0029,0.645988731,FALSE
03-01-2004 08:00,2.3316941,0.0029,0.584229274,FALSE
05-01-2004 08:00,2.8012035,0.0028,0.677667151,FALSE
06-01-2004 08:00,2.3369503,0.0027,0.545163766,FALSE
07-01-2004 08:00,2.4330783,0.0027,0.567588506,FALSE
08-01-2004 08:30,1.9717839,0.0026,0.442941535,FALSE
09-01-2004 08:30,1.8959483,0.003,0.491429799,FALSE
10-01-2004 08:00,2.0088713,0.0034,0.590126033,FALSE
12-01-2004 08:00,2.2878592,0.0027,0.533711794,FALSE
13-01-2004 08:00,1.7390244,0.0032,0.480805466,FALSE
14-01-2004 08:00,1.9236014,0.0023,0.38225807,FALSE
15-01-2004 08:00,1.8223594,0.0033,0.519591112,FALSE
16-01-2004 08:00,1.7103101,0.0034,0.502420695,FALSE
17-01-2004 08:00,1.8219724,0.0022,0.346320514,FALSE
19-01-2004 08:30,1.5988147,0.0024,0.331530216,FALSE
20-01-2004 08:30,1.257278,0.0024,0.260709166,FALSE
21-01-2004 08:30,1.355779,0.002,0.234278611,FALSE
03-02-2004 08:30,1.5123115,0.0018,0.235194684,FALSE
04-02-2004 08:30,1.536383,0.0019,0.252212633,FALSE
05-02-2004 08:30,1.0403717,0.0018,0.161798607,FALSE
06-02-2004 08:30,0.9648224,0.0023,0.191729507,FALSE
07-02-2004 08:30,1.0315224,0.0016,0.142597657,FALSE
09-02-2004 08:30,1.014622,0.0021,0.184093016,FALSE
12-02-2004 08:30,0.31396452,0.002,0.054253069,FALSE
13-02-2004 08:30,0.04990541,0.002,0.008623655,FALSE
16-02-2004 08:30,1.3063221,0.002,0.225732459,FALSE
17-02-2004 08:30,1.5019572,0.0019,0.246561294,FALSE
20-02-2004 08:30,1.5305386,0.0022,0.290924777,FALSE
21-02-2004 08:30,1.0615962,0.0016,0.146755059,FALSE
23-02-2004 08:30,1.0558575,0.0014,0.127716523,FALSE
24-02-2004 08:30,0.41504243,0.0009,0.032273699,FALSE
25-02-2004 08:30,0.3721974,0.0008,0.025726284,FALSE
28-02-2004 08:00,0,0,0,TRUE
29-02-2004 08:00,0,0,0,TRUE
01-03-2004 08:00,0,0,0,TRUE
02-03-2004 08:00,0,0,0,TRUE
03-03-2004 08:00,0,0,0,TRUE
04-03-2004 08:00,0,0,0,TRUE
05-03-2004 08:00,0,0,0,TRUE
06-03-2004 08:00,0,0,0,TRUE
07-03-2004 08:00,0,0,0,TRUE
08-03-2004 08:00,0,0,0,TRUE
09-03-2004 08:00,0,0,0,TRUE
10-03-2004 08:00,0,0,0,TRUE
17-03-2004 08:30,1.3290874,0.003,0.344499454,FALSE
20-03-2004 08:00,0,0,0,TRUE
21-03-2004 08:00,0,0,0,TRUE
22-03-2004 08:00,0,0,0,TRUE
23-03-2004 08:00,0,0,0,TRUE
24-03-2004 08:00,0,0,0,TRUE
25-03-2004 08:00,0,0,0,TRUE
26-03-2004 08:00,0,0,0,TRUE
27-03-2004 08:00,0,0,0,TRUE
28-03-2004 08:00,0,0,0,TRUE
29-03-2004 08:00,0,0,0,TRUE
30-03-2004 08:00,0,0,0,TRUE
31-03-2004 08:00,0,0,0,TRUE
01-04-2004 08:00,0,0,0,TRUE
02-04-2004 08:00,0,0,0,TRUE
03-04-2004 08:00,0,0,0,TRUE
04-04-2004 08:00,0,0,0,TRUE
07-04-2004 08:30,4.2950363,0.0026,0.964836954,FALSE
08-04-2004 08:30,5.368992,0.0045,2.08746409,FALSE
10-04-2004 08:30,1.6979783,0.0016,0.23472852,FALSE
12-04-2004 08:30,1.4972748,0.0017,0.219919723,FALSE
13-04-2004 08:30,0.9334344,0.0019,0.153232591,FALSE
15-04-2004 08:30,1.0653987,0.0021,0.19330594,FALSE
17-04-2004 08:30,1.0680199,0.0023,0.212236915,FALSE
21-04-2004 08:30,0.38777977,0.0018,0.06030751,FALSE
22-04-2004 08:30,0.9674329,0.002,0.167172405,FALSE
23-04-2004 08:30,1.813936,0.0029,0.454499804,FALSE
27-04-2004 11:45,3.4521549,0.0029,0.864971932,FALSE
28-04-2004 08:30,2.7605927,0.0019,0.453178898,FALSE
29-04-2004 08:30,1.9367254,0.0024,0.401599379,FALSE
01-05-2004 08:30,2.6495268,0.0044,1.007244108,FALSE
03-05-2004 08:30,3.5014937,0.0052,1.57315109,FALSE
05-05-2004 08:45,7.423341,0.0096,6.157215959,FALSE
06-05-2004 08:30,29.354765,0.0072,18.26101221,FALSE
07-05-2004 08:30,79.720276,0.0467,321.6617472,FALSE
08-05-2004 08:30,78.1245,0.0463,312.5229998,FALSE
11-05-2004 08:30,20.59979,0.0333,59.2680678,FALSE
12-05-2004 08:30,13.3915615,0.0212,24.52905537,FALSE
13-05-2004 08:30,14.85993,0.0124,15.9203346,FALSE
14-05-2004 08:30,17.056667,0.0063,9.284284981,FALSE
15-05-2004 08:30,59.55187,0.0367,188.8318335,FALSE
18-05-2004 11:30,29.803108,0.0218,56.13474998,FALSE
24-05-2004 08:30,44.087044,0.0158,60.18410551,FALSE
25-05-2004 08:30,33.526653,0.01,28.96702819,FALSE
26-05-2004 09:00,51.481052,0.0134,59.60270276,FALSE
27-05-2004 09:00,38.35224,0.0356,117.9653539,FALSE
28-05-2004 08:30,29.431993,0.0284,72.21904714,FALSE
29-05-2004 08:30,22.083988,0.0267,50.94511024,FALSE
31-05-2004 08:30,25.954958,0.0193,43.28041156,FALSE
01-06-2004 08:30,80.65569,0.0309,215.3313349,FALSE
02-06-2004 08:30,32.27281,0.0224,62.45950556,FALSE
03-06-2004 08:30,37.397827,0.0207,66.88526563,FALSE
04-06-2004 08:30,67.58725,0.0434,253.4359666,FALSE
05-06-2004 08:30,135.42763,0.0774,905.6533158,FALSE
07-06-2004 08:30,73.74717,0.0479,305.2070879,FALSE
08-06-2004 08:30,124.47272,0.0782,840.9974432,FALSE
09-06-2004 08:30,100.45418,0.0631,547.6601167,FALSE
10-06-2004 08:30,287.35654,0.1596,3962.485767,FALSE
11-06-2004 08:30,154.29471,0.0569,758.5374815,FALSE
12-06-2004 08:30,160.35736,0.0574,795.2698769,FALSE
14-06-2004 08:30,261.62225,0.0797,1801.551743,FALSE
15-06-2004 08:30,192.49881,0.0636,1057.788661,FALSE
16-06-2004 09:30,341.83585,0.1073,3169.064451,FALSE
17-06-2004 08:30,285.3574,0.0868,2140.043528,FALSE
18-06-2004 08:30,216.9492,0.046,862.2429005,FALSE
19-06-2004 08:30,207.70914,0.0372,667.5937927,FALSE
21-06-2004 08:30,101.38678,0.0318,278.5622058,FALSE
22-06-2004 08:30,78.82845,0.0228,155.2857402,FALSE
23-06-2004 08:30,63.180035,0.0203,110.812727,FALSE
24-06-2004 08:30,60.78078,0.0216,113.4315229,FALSE
25-06-2004 08:30,49.40609,0.0207,88.36180384,FALSE
26-06-2004 08:30,42.529617,0.0167,61.36513378,FALSE
28-06-2004 08:30,58.912926,0.0229,116.5627589,FALSE
29-06-2004 08:30,67.74491,0.0262,153.3527979,FALSE
30-06-2004 08:30,90.32663,0.0356,277.8302616,FALSE
01-07-2004 08:30,58.367924,0.0279,140.6993829,FALSE
02-07-2004 08:30,67.85231,0.0296,173.5282117,FALSE
05-07-2004 08:30,162.83122,0.0582,818.7935331,FALSE
06-07-2004 08:30,99.01014,0.0374,319.937406,FALSE
07-07-2004 08:30,75.42674,0.03,195.5061101,FALSE
08-07-2004 08:30,54.83761,0.0201,95.23318703,FALSE
09-07-2004 08:30,62.66963,0.0214,115.8736391,FALSE
10-07-2004 08:30,155.21397,0.0615,824.744951,FALSE
12-07-2004 08:30,81.89958,0.0411,290.8286846,FALSE
13-07-2004 08:30,82.67545,0.0311,222.1522412,FALSE
14-07-2004 08:30,74.89116,0.0204,132.000163,FALSE
15-07-2004 08:30,59.794575,0.019,98.15877432,FALSE
16-07-2004 08:30,89.876305,0.0369,286.5400405,FALSE
17-07-2004 08:30,110.48753,0.0371,354.1611482,FALSE
19-07-2004 08:30,64.53668,0.02,111.519383,FALSE
20-07-2004 08:30,93.41957,0.0429,346.2652414,FALSE
21-07-2004 08:30,77.83962,0.0243,163.425839,FALSE
22-07-2004 08:30,77.30327,0.0295,197.0305746,FALSE
23-07-2004 08:30,64.67383,0.0321,179.3689871,FALSE
24-07-2004 08:30,79.31254,0.0304,208.3191451,FALSE
26-07-2004 08:30,115.02715,0.0487,483.9974385,FALSE
27-07-2004 08:30,82.78662,0.0366,261.7911612,FALSE
28-07-2004 08:30,93.50665,0.0305,246.4087241,FALSE
29-07-2004 08:30,81.03309,0.0307,214.9386506,FALSE
30-07-2004 08:45,131.86292,0.0833,949.0332588,FALSE
31-07-2004 08:30,92.06988,0.0535,425.5838133,FALSE
02-08-2004 08:30,63.588013,0.0273,149.986318,FALSE
03-08-2004 08:30,66.3407,0.0209,119.7953824,FALSE
04-08-2004 11:00,530.2497,0.2675,12255.13107,FALSE
05-08-2004 08:30,630.1872,0.1638,8918.610914,FALSE
06-08-2004 08:30,426.78073,0.1052,3879.129554,FALSE
07-08-2004 08:30,510.54468,0.1779,7847.357637,FALSE
09-08-2004 08:30,214.82185,0.0566,1050.530404,FALSE
10-08-2004 08:30,139.43436,0.04,481.8851482,FALSE
11-08-2004 08:30,117.7874,0.0258,262.5622491,FALSE
12-08-2004 08:30,112.70958,0.0407,396.3409839,FALSE
13-08-2004 08:30,144.94333,0.0438,548.5119426,FALSE
14-08-2004 08:30,167.8097,0.0532,771.3339299,FALSE
16-08-2004 08:30,107.282104,0.0319,295.6866438,FALSE
17-08-2004 08:30,96.33167,0.0242,201.4179622,FALSE
18-08-2004 08:30,65.871216,0.0203,115.5328432,FALSE
19-08-2004 08:30,60.321896,0.021,109.4480481,FALSE
20-08-2004 08:30,55.50625,0.018,86.32332,FALSE
21-08-2004 08:30,55.951866,0.0167,80.73182841,FALSE
23-08-2004 08:30,48.304264,0.0143,59.68088426,FALSE
24-08-2004 08:30,39.929314,0.0152,52.43836949,FALSE
25-08-2004 08:30,36.906914,0.0137,43.68597596,FALSE
26-08-2004 08:30,34.68124,0.0138,41.35113608,FALSE
30-08-2004 08:30,29.553574,0.0148,37.79074615,FALSE
31-08-2004 08:30,28.809275,0.0116,28.87380778,FALSE
01-09-2004 08:30,26.739859,0.0094,21.71704389,FALSE
02-09-2004 08:30,27.344608,0.0121,28.58714699,FALSE
03-09-2004 08:30,25.059422,0.0083,17.9706127,FALSE
04-09-2004 08:30,23.165382,0.0094,18.81399665,FALSE
06-09-2004 08:30,43.832882,0.0126,47.71822866,FALSE
08-09-2004 08:30,33.004807,0.0156,44.48519907,FALSE
09-09-2004 08:30,41.798096,0.0143,51.64238357,FALSE
10-09-2004 08:30,39.844578,0.0145,49.91728732,FALSE
11-09-2004 08:30,36.525005,0.0188,59.32829612,FALSE
13-09-2004 08:30,37.04006,0.0176,56.32459684,FALSE
14-09-2004 08:30,64.842316,0.0187,104.7644331,FALSE
15-09-2004 08:30,46.614956,0.02,80.55064397,FALSE
16-09-2004 08:30,100.30354,0.0573,496.5747415,FALSE
20-09-2004 08:30,89.10147,0.0391,301.00615,FALSE
21-09-2004 08:30,49.814423,0.0206,88.66170263,FALSE
22-09-2004 08:30,54.147064,0.0202,94.50178786,FALSE
23-09-2004 08:30,31.748756,0.0158,43.34086179,FALSE
24-09-2004 08:30,36.369507,0.0163,51.2199041,FALSE
25-09-2004 08:30,61.246147,0.0406,214.8416843,FALSE
26-09-2004 08:30,69.07321,0.0563,335.9941969,FALSE
28-09-2004 08:30,67.695015,0.0377,220.5016185,FALSE
29-09-2004 08:30,75.84344,0.0684,448.216528,FALSE
30-09-2004 08:30,38.877575,0.0375,125.963343,FALSE
01-10-2004 08:30,45.552273,0.0166,65.33289203,FALSE
04-10-2004 08:30,216.01543,0.0751,1401.64636,FALSE
05-10-2004 08:30,158.02113,0.054,737.2633841,FALSE
06-10-2004 08:30,85.91722,0.0405,300.6415362,FALSE
07-10-2004 08:30,65.78787,0.0284,161.4276439,FALSE
08-10-2004 08:30,52.003246,0.017,76.38236772,FALSE
09-10-2004 08:30,50.374874,0.0195,84.87158772,FALSE
11-10-2004 08:30,46.621655,0.0212,85.39595303,FALSE
12-10-2004 08:30,42.756165,0.021,77.57678578,FALSE
13-10-2004 08:30,67.012535,0.0416,240.8591338,FALSE
14-10-2004 08:30,121.26147,0.0538,563.6621162,FALSE
15-10-2004 08:30,126.36655,0.0583,636.5234763,FALSE
16-10-2004 08:30,59.3148,0.0451,231.1284223,FALSE
17-10-2004 08:30,42.777115,0.0302,111.6174706,FALSE
18-10-2004 08:30,126.14928,0.0775,844.6955789,FALSE
19-10-2004 08:30,102.445885,0.071,628.4440369,FALSE
20-10-2004 08:30,188.68637,0.0715,1165.628919,FALSE
25-10-2004 08:30,34.86432,0.0179,53.91976274,FALSE
26-10-2004 08:30,32.812374,0.0143,40.54034432,FALSE
27-10-2004 08:30,29.898333,0.0135,34.87341561,FALSE
28-10-2004 08:30,27.445621,0.0101,23.95014671,FALSE
29-10-2004 08:30,25.91241,0.0088,19.70172357,FALSE
30-10-2004 08:30,25.44352,0.0081,17.80639304,FALSE
01-11-2004 08:30,106.61192,0.0579,533.3325265,FALSE
02-11-2004 08:30,108.76055,0.0979,919.9576378,FALSE
03-11-2004 08:30,52.604984,0.0206,93.62845472,FALSE
04-11-2004 08:30,34.12604,0.0126,37.15097219,FALSE
05-11-2004 08:30,28.31181,0.009,22.01526346,FALSE
06-11-2004 08:30,34.035637,0.0117,34.40594473,FALSE
08-11-2004 08:30,42.83633,0.0166,61.43757794,FALSE
09-11-2004 08:30,34.251144,0.0107,31.66449761,FALSE
10-11-2004 08:30,30.385374,0.0087,22.84007793,FALSE
11-11-2004 08:30,25.047329,0.0091,19.69321195,FALSE
15-11-2004 08:30,17.273281,0.013,19.40134922,FALSE
16-11-2004 08:30,17.45183,0.0109,16.43543542,FALSE
22-11-2004 08:30,16.056519,0.0099,13.73410409,FALSE
23-11-2004 08:30,12.512573,0.0107,11.56762349,FALSE
24-11-2004 08:30,12.420433,0.0094,10.08737887,FALSE
25-11-2004 08:30,11.568867,0.0103,10.29536612,FALSE
27-11-2004 08:30,9.961286,0.0106,9.12294417,FALSE
29-11-2004 08:30,10.116222,0.0099,8.65301165,FALSE
30-11-2004 08:30,10.062752,0.0102,8.868102083,FALSE
01-12-2004 08:30,10.6078005,0.0076,6.96550612,FALSE
02-12-2004 08:30,11.225625,0.0092,8.9230248,FALSE
03-12-2004 08:30,11.895906,0.0086,8.839133994,FALSE
04-12-2004 08:30,10.615611,0.0075,6.878915928,FALSE
06-12-2004 08:30,10.62036,0.0088,8.074872115,FALSE
07-12-2004 08:30,12.36,0.0103,10.9994112,FALSE
08-12-2004 08:30,10.414561,0.0099,8.908198897,FALSE
09-12-2004 08:30,10.753699,0.0092,8.547900261,FALSE
10-12-2004 08:30,9.448936,0.0077,6.286188142,FALSE
11-12-2004 08:30,9.513061,0.0061,5.013763669,FALSE
13-12-2004 08:30,9.396207,0.0099,8.03713962,FALSE
14-12-2004 08:30,9.110347,0.0081,6.375785244,FALSE
15-12-2004 08:30,9.12945,0.0079,6.231397392,FALSE
16-12-2004 08:30,9.41924,0.0076,6.185049754,FALSE
17-12-2004 08:30,8.553976,0.0074,5.469070095,FALSE
18-12-2004 08:30,8.740362,0.0082,6.19237167,FALSE
20-12-2004 08:30,7.842052,0.0065,4.404096403,FALSE
21-12-2004 08:30,8.935345,0.0064,4.940888371,FALSE
22-12-2004 08:30,8.906312,0.0063,4.847883748,FALSE
23-12-2004 08:30,9.255749,0.0074,5.917755681,FALSE
29-12-2004 08:30,3.6412768,0.0057,1.793255998,FALSE
30-12-2004 08:30,3.4313495,0.005,1.482342984,FALSE
31-12-2004 08:30,3.269259,0.005,1.412319888,FALSE
01-01-2005 08:30,3.4346423,0.0054,1.602466711,FALSE
03-01-2005 08:30,3.1988451,0.0076,2.100489646,FALSE
04-01-2005 08:30,3.1846302,0.0054,1.485821066,FALSE
05-01-2005 08:30,3.0588517,0.0065,1.717851115,FALSE
06-01-2005 08:30,2.9406946,0.0061,1.549863682,FALSE
07-01-2005 08:30,2.715901,0.0067,1.572180771,FALSE
08-01-2005 08:30,2.7162576,0.0069,1.619324131,FALSE
10-01-2005 08:30,2.9467318,0.0066,1.680344342,FALSE
11-01-2005 08:30,2.895085,0.0061,1.525825598,FALSE
12-01-2005 08:30,2.8442023,0.0058,1.425286657,FALSE
13-01-2005 08:30,2.4438024,0.0082,1.731385124,FALSE
14-01-2005 08:30,2.3264859,0.0051,1.025142747,FALSE
15-01-2005 08:30,2.2579408,0.0062,1.209533728,FALSE
17-01-2005 08:30,2.1142106,0.0074,1.351741689,FALSE
18-01-2005 08:30,2.0522604,0.0067,1.1880125,FALSE
19-01-2005 08:30,1.9976189,0.0058,1.001046783,FALSE
20-01-2005 08:30,1.8354361,0.0067,1.06249725,FALSE
22-01-2005 08:30,1.9805894,0.0042,0.718716281,FALSE
24-01-2005 08:30,1.5698357,0.0038,0.515408457,FALSE
25-01-2005 08:30,1.4489828,0.0046,0.575883724,FALSE
27-01-2005 08:30,1.0822549,0.0055,0.514287528,FALSE
28-01-2005 08:30,1.326876,0.0048,0.550282015,FALSE
29-01-2005 08:30,1.177649,0.0041,0.417170382,FALSE
31-01-2005 08:30,2.061979,0.0052,0.926405925,FALSE
01-02-2005 08:30,7.0067744,0.0047,2.845310948,FALSE
02-02-2005 08:30,6.6902876,0.0063,3.641657346,FALSE
03-02-2005 08:30,4.145726,0.0058,2.077506213,FALSE
04-02-2005 08:30,3.1198292,0.0038,1.024302323,FALSE
05-02-2005 08:30,2.9460375,0.0037,0.941789268,FALSE
07-02-2005 08:30,2.003111,0.0052,0.89995771,FALSE
08-02-2005 08:30,1.7745153,0.0048,0.735926985,FALSE
09-02-2005 08:30,1.0624038,0.0045,0.413062597,FALSE
10-02-2005 08:30,0.54497993,0.0044,0.20717957,FALSE
11-02-2005 08:30,0.99580306,0.0044,0.378564491,FALSE
12-02-2005 08:30,1.1981694,0.0046,0.476200446,FALSE
14-02-2005 08:30,1.1143272,0.0044,0.423622628,FALSE
15-02-2005 08:30,0.9941871,0.0033,0.283462626,FALSE
16-02-2005 08:30,1.8773359,0.0041,0.665027469,FALSE
17-02-2005 08:30,1.7286469,0.0036,0.537678332,FALSE
18-02-2005 08:30,1.7514393,0.0046,0.696092035,FALSE
21-02-2005 08:30,2.126801,0.0032,0.58801794,FALSE
22-02-2005 08:30,1.8699763,0.0025,0.403914881,FALSE
23-02-2005 08:30,1.8772857,0.0036,0.583910944,FALSE
24-02-2005 08:30,1.5866826,0.0038,0.520939631,FALSE
25-02-2005 08:30,1.2683927,0.0046,0.504109995,FALSE
26-02-2005 08:30,1.1390631,0.0041,0.403501713,FALSE
28-02-2005 08:30,0.79757947,0.0029,0.199841512,FALSE
02-03-2005 08:30,0.14766414,0.0005,0.006379091,FALSE
03-03-2005 08:30,0.19515437,0.0007,0.011802936,FALSE
05-03-2005 08:00,0,0,0,TRUE
06-03-2005 08:00,0,0,0,TRUE
07-03-2005 08:00,0,0,0,TRUE
08-03-2005 08:00,0,0,0,TRUE
09-03-2005 08:30,1.0921499,0.0051,0.481244932,FALSE
17-03-2005 08:30,1.7672534,0.0066,1.007758579,FALSE
22-03-2005 08:00,0,0,0,TRUE
23-03-2005 08:00,0,0,0,TRUE
24-03-2005 08:00,0,0,0,TRUE
25-03-2005 08:00,0,0,0,TRUE
26-03-2005 08:00,0,0,0,TRUE
27-03-2005 08:00,0,0,0,TRUE
29-03-2005 08:30,1.7772051,0.0037,0.568136926,FALSE
30-03-2005 08:30,2.161221,0.0072,1.34445236,FALSE
31-03-2005 08:30,1.9912583,0.007,1.20431302,FALSE
02-04-2005 08:30,1.9724029,0.007,1.192909274,FALSE
04-04-2005 08:30,6.5739574,0.0162,9.201436694,FALSE
05-04-2005 08:30,7.3308573,0.0166,10.51420877,FALSE
06-04-2005 08:30,7.8693347,0.0162,11.01455039,FALSE
07-04-2005 08:30,9.207537,0.0136,10.81922428,FALSE
08-04-2005 08:30,31.395279,0.0176,47.74091706,FALSE
09-04-2005 08:30,11.927183,0.0207,21.33152825,FALSE
11-04-2005 08:30,21.750685,0.0185,34.7662949,FALSE
12-04-2005 08:30,18.351738,0.0225,35.67577867,FALSE
13-04-2005 08:30,13.8986225,0.0186,22.3356423,FALSE
15-04-2005 08:30,15.484336,0.0279,37.32592099,FALSE
16-04-2005 08:30,11.782663,0.0287,29.21723379,FALSE
18-04-2005 08:30,6.6733694,0.0248,14.29916208,FALSE
19-04-2005 08:30,3.1258154,0.0153,4.132077894,FALSE
20-04-2005 08:30,2.1590512,0.015,2.798130355,FALSE
23-04-2005 08:30,12.237904,0.0168,17.76356241,FALSE
25-04-2005 08:30,40.85748,0.0271,95.66533797,FALSE
26-04-2005 08:30,9.981111,0.0185,15.95380782,FALSE
27-04-2005 08:30,9.018313,0.0171,13.32401636,FALSE
28-04-2005 08:30,10.098037,0.0109,9.509927325,FALSE
30-04-2005 08:30,8.331112,0.0118,8.493735306,FALSE
02-05-2005 08:30,20.735933,0.0125,22.39480764,FALSE
03-05-2005 08:30,10.088193,0.0152,13.2486221,FALSE
04-05-2005 08:30,5.4146543,0.0115,5.380000512,FALSE
05-05-2005 08:30,4.184374,0.0148,5.350642721,FALSE
09-05-2005 08:30,2.3857095,0.0114,2.349828429,FALSE
10-05-2005 08:30,2.1178038,0.0091,1.66510206,FALSE
11-05-2005 08:30,2.1650171,0.0107,2.001515009,FALSE
12-05-2005 08:30,1.7572134,0.0105,1.594143996,FALSE
13-05-2005 08:30,2.5994816,0.0083,1.864140245,FALSE
14-05-2005 08:30,2.325417,0.0089,1.788152656,FALSE
17-05-2005 08:30,2.0682228,0.0081,1.447425044,FALSE
28-05-2005 08:30,14.990175,0.0103,13.34005654,FALSE
30-05-2005 08:30,9.625904,0.0066,5.489075497,FALSE
31-05-2005 08:30,19.973436,0.0117,20.19074698,FALSE
01-06-2005 08:30,10.300923,0.0144,12.81599636,FALSE
02-06-2005 08:30,13.567469,0.0183,21.45179659,FALSE
03-06-2005 08:30,12.363025,0.0289,30.8699789,FALSE
04-06-2005 08:30,10.279657,0.028,24.86854621,FALSE
06-06-2005 08:30,11.373141,0.0174,17.09792525,FALSE
07-06-2005 08:30,23.94277,0.0417,86.26292718,FALSE
08-06-2005 08:30,13.786705,0.0285,33.94838239,FALSE
09-06-2005 08:30,9.97952,0.0217,18.71040246,FALSE
10-06-2005 08:30,16.424374,0.0248,35.19283466,FALSE
11-06-2005 08:30,23.452988,0.0247,50.05055263,FALSE
13-06-2005 08:30,10.919017,0.0297,28.01907114,FALSE
14-06-2005 08:30,12.264946,0.0209,22.14754889,FALSE
15-06-2005 08:30,21.580072,0.0208,38.78197899,FALSE
16-06-2005 08:30,22.785442,0.0209,41.14503975,FALSE
17-06-2005 08:30,51.299446,0.0294,130.3088008,FALSE
18-06-2005 08:30,67.67043,0.0335,195.8652926,FALSE
20-06-2005 08:30,165.19737,0.0729,1040.505547,FALSE
21-06-2005 08:30,469.3367,0.2046,8296.671354,FALSE
22-06-2005 08:30,187.16743,0.0994,1607.423836,FALSE
23-06-2005 08:30,101.83671,0.0619,544.639019,FALSE
24-06-2005 08:30,80.76695,0.0475,331.4675628,FALSE
25-06-2005 08:30,75.90301,0.0336,220.3494742,FALSE
27-06-2005 13:55,106.949165,0.0569,525.779207,FALSE
28-06-2005 08:30,129.66257,0.0671,751.7109698,FALSE
29-06-2005 08:30,118.6263,0.0474,485.817404,FALSE
30-06-2005 08:30,124.46901,0.0498,535.5552987,FALSE
01-07-2005 09:00,362.61606,0.1726,5407.562761,FALSE
02-07-2005 08:45,309.86932,0.1095,2931.611663,FALSE
04-07-2005 08:45,155.64214,0.0702,944.0131589,FALSE
05-07-2005 08:30,230.62526,0.101,2012.528269,FALSE
06-07-2005 08:30,204.86565,0.0571,1010.692392,FALSE
07-07-2005 08:30,472.66727,0.181,7391.759835,FALSE
08-07-2005 08:45,211.07982,0.0722,1316.732804,FALSE
09-07-2005 08:30,199.0667,0.0597,1026.801964,FALSE
11-07-2005 08:30,191.59456,0.0641,1061.096656,FALSE
12-07-2005 08:30,173.53612,0.056,839.637163,FALSE
13-07-2005 08:30,135.24805,0.0539,629.8447589,FALSE
14-07-2005 08:30,266.10388,0.1003,2306.034936,FALSE
15-07-2005 08:30,162.56683,0.0477,669.9834251,FALSE
16-07-2005 08:30,103.759415,0.0451,404.3130869,FALSE
18-07-2005 08:30,483.4183,0.2174,9080.219959,FALSE
19-07-2005 08:30,174.40054,0.0404,608.7555489,FALSE
20-07-2005 09:00,184.30031,0.0492,783.4385018,FALSE
21-07-2005 09:00,156.7289,0.0305,413.0119973,FALSE
22-07-2005 08:30,134.26625,0.0278,322.4967912,FALSE
23-07-2005 08:30,130.8551,0.0294,332.3928908,FALSE
25-07-2005 08:45,254.27696,0.0415,911.7354678,FALSE
26-07-2005 08:45,513.80774,0.1065,4727.8533,FALSE
27-07-2005 08:45,444.23798,0.0985,3780.642905,FALSE
28-07-2005 08:45,378.84595,0.0819,2680.774558,FALSE
29-07-2005 08:45,328.06723,0.0516,1462.602447,FALSE
30-07-2005 08:45,288.31497,0.0412,1026.309032,FALSE
01-08-2005 08:45,377.2038,0.0556,1812.026703,FALSE
02-08-2005 08:45,440.48755,0.098,3729.696183,FALSE
03-08-2005 08:45,378.8983,0.0649,2124.619171,FALSE
04-08-2005 08:45,273.79214,0.0462,1092.890609,FALSE
05-08-2005 08:45,263.88977,0.0404,921.1230756,FALSE
06-08-2005 08:45,188.22485,0.0288,468.3636588,FALSE
08-08-2005 08:30,118.71377,0.0234,240.0107516,FALSE
09-08-2005 08:30,96.24052,0.0198,164.6405824,FALSE
10-08-2005 08:30,81.37,0.0198,139.2012864,FALSE
11-08-2005 08:30,88.434845,0.0219,167.3328763,FALSE
12-08-2005 08:30,75.50342,0.0192,125.2511134,FALSE
13-08-2005 08:30,72.24432,0.0165,102.9915026,FALSE
16-08-2005 08:30,135.93843,0.0406,476.8502623,FALSE
17-08-2005 08:30,135.55093,0.0478,559.8144968,FALSE
18-08-2005 08:30,103.415764,0.0288,257.3315139,FALSE
19-08-2005 08:30,80.07568,0.0199,137.6789212,FALSE
20-08-2005 08:30,67.68315,0.0172,100.5825756,FALSE
22-08-2005 08:30,52.96038,0.0145,66.34876406,FALSE
23-08-2005 08:30,42.603424,0.0146,53.74166317,FALSE
24-08-2005 08:30,40.446545,0.0145,50.67143158,FALSE
25-08-2005 08:30,42.934475,0.0171,63.43311074,FALSE
26-08-2005 08:30,54.44217,0.0197,92.66492871,FALSE
27-08-2005 08:30,56.263687,0.024,116.6683814,FALSE
29-08-2005 08:30,55.41846,0.0249,119.2250581,FALSE
30-08-2005 08:30,50.24636,0.0193,83.78681023,FALSE
31-08-2005 08:30,45.345642,0.014,54.85008856,FALSE
01-09-2005 08:30,63.28239,0.0241,131.7691238,FALSE
02-09-2005 08:30,48.821186,0.0211,89.00297493,FALSE
03-09-2005 08:30,156.64926,0.0551,745.7507331,FALSE
05-09-2005 08:30,167.85956,0.0468,678.7434881,FALSE
06-09-2005 08:30,121.44291,0.0351,368.2926266,FALSE
07-09-2005 08:30,197.81476,0.062,1059.654106,FALSE
08-09-2005 08:30,189.13998,0.0549,897.1590155,FALSE
09-09-2005 08:30,177.98027,0.0466,716.5912823,FALSE
10-09-2005 08:30,135.29984,0.0266,310.9515043,FALSE
12-09-2005 08:30,262.77295,0.0695,1577.89901,FALSE
13-09-2005 08:30,236.37613,0.0299,610.6446392,FALSE
14-09-2005 08:30,214.95607,0.0529,982.4696153,FALSE
16-09-2005 08:30,143.4826,0.0392,485.9583483,FALSE
17-09-2005 08:30,102.02783,0.0288,253.8778899,FALSE
19-09-2005 08:30,77.91598,0.0249,167.6253227,FALSE
20-09-2005 08:30,73.332954,0.019,120.3833773,FALSE
21-09-2005 08:30,248.98242,0.0909,1955.448171,FALSE
22-09-2005 08:30,163.28297,0.029,409.1218096,FALSE
23-09-2005 08:30,117.31891,0.0212,214.8907011,FALSE
24-09-2005 08:30,108.09597,0.0172,160.6392591,FALSE
26-09-2005 08:30,73.20525,0.0199,125.8661786,FALSE
27-09-2005 08:30,55.92485,0.0167,80.69284757,FALSE
28-09-2005 08:30,60.08555,0.0153,79.42829026,FALSE
29-09-2005 08:30,46.461224,0.0163,65.43227098,FALSE
30-09-2005 08:30,52.492622,0.0127,57.59910427,FALSE
01-10-2005 08:30,42.980164,0.0155,57.55903563,FALSE
03-10-2005 08:30,36.00988,0.0145,45.11317766,FALSE
04-10-2005 08:30,34.89114,0.0139,41.90286349,FALSE
05-10-2005 08:30,30.754097,0.0139,36.93444033,FALSE
06-10-2005 08:30,42.358585,0.0174,63.68020235,FALSE
07-10-2005 08:30,67.9869,0.0224,131.5791268,FALSE
08-10-2005 08:30,45.77624,0.0308,121.8160678,FALSE
10-10-2005 08:30,122.89973,0.0669,710.3801034,FALSE
13-10-2005 08:30,126.19726,0.059,643.3031526,FALSE
14-10-2005 08:30,105.87294,0.0254,232.3445192,FALSE
15-10-2005 08:30,76.745804,0.0223,147.8676755,FALSE
17-10-2005 08:30,42.811626,0.0174,64.36128606,FALSE
18-10-2005 08:30,66.28119,0.0174,99.6444898,FALSE
19-10-2005 08:30,73.90196,0.0277,176.8680828,FALSE
20-10-2005 08:45,46.41016,0.0219,87.81544835,FALSE
21-10-2005 08:30,189.95808,0.0623,1022.491156,FALSE
22-10-2005 08:30,108.22023,0.0502,469.3814392,FALSE
24-10-2005 08:30,110.85979,0.0833,797.8712118,FALSE
25-10-2005 08:30,169.262,0.1066,1558.943643,FALSE
26-10-2005 08:30,114.31939,0.0484,478.0562523,FALSE
27-10-2005 08:30,67.73024,0.0341,199.5495423,FALSE
28-10-2005 08:30,52.98303,0.0189,86.51916867,FALSE
29-10-2005 08:30,70.44495,0.0199,121.1202292,FALSE
31-10-2005 08:30,73.01207,0.0246,155.1827741,FALSE
04-11-2005 08:30,48.32019,0.0168,70.13772219,FALSE
05-11-2005 08:30,99.34734,0.0268,230.0407527,FALSE
07-11-2005 08:30,53.865902,0.0193,89.8224689,FALSE
08-11-2005 08:30,43.705532,0.0163,61.55137483,FALSE
09-11-2005 08:30,36.40651,0.0135,42.46455326,FALSE
10-11-2005 08:30,50.682373,0.0155,67.87383392,FALSE
11-11-2005 08:30,37.346977,0.0209,67.43967719,FALSE
12-11-2005 08:30,50.427593,0.0242,105.4380457,FALSE
14-11-2005 08:30,131.18857,0.0585,663.0795082,FALSE
16-11-2005 08:30,46.261078,0.0238,95.12757991,FALSE
17-11-2005 08:30,37.531227,0.0194,62.90834145,FALSE
18-11-2005 08:30,36.60831,0.0182,57.56583531,FALSE
19-11-2005 08:30,32.279716,0.0145,40.4400282,FALSE
21-11-2005 08:30,28.614933,0.0151,37.33218619,FALSE
22-11-2005 08:30,27.702374,0.0159,38.05641331,FALSE
23-11-2005 08:30,29.914288,0.0147,37.9935389,FALSE
24-11-2005 08:30,29.874975,0.0198,51.10771723,FALSE
25-11-2005 08:30,35.70704,0.0202,62.31878277,FALSE
26-11-2005 08:30,33.285732,0.0159,45.72660719,FALSE
28-11-2005 08:30,17.331562,0.0136,20.36527861,FALSE
29-11-2005 08:30,16.573046,0.0141,20.18994756,FALSE
30-11-2005 08:30,14.877558,0.0142,18.25297836,FALSE
01-12-2005 08:30,16.21048,0.015,21.00878208,FALSE
02-12-2005 08:30,17.426132,0.0154,23.18651419,FALSE
03-12-2005 08:30,16.520142,0.0158,22.55197625,FALSE
05-12-2005 12:30,55.563534,0.0192,92.17323528,FALSE
06-12-2005 08:30,45.50564,0.0102,40.10321042,FALSE
07-12-2005 08:30,25.777672,0.0136,30.28979571,FALSE
08-12-2005 08:30,20.000158,0.0148,25.57460204,FALSE
09-12-2005 08:30,17.553493,0.0144,21.83935385,FALSE
10-12-2005 08:30,16.980572,0.0132,19.36600275,FALSE
12-12-2005 08:30,17.379885,0.0108,16.21751829,FALSE
13-12-2005 08:30,16.081429,0.0117,16.25639495,FALSE
14-12-2005 08:30,16.139948,0.0133,18.54673705,FALSE
15-12-2005 08:30,14.000599,0.0121,14.63678622,FALSE
16-12-2005 08:30,12.979947,0.0122,13.68190253,FALSE
17-12-2005 08:30,12.990826,0.0147,16.49938829,FALSE
19-12-2005 08:30,12.856222,0.0109,12.10747563,FALSE
20-12-2005 08:37,12.882897,0.0116,12.91175469,FALSE
21-12-2005 08:30,11.467826,0.0106,10.50269376,FALSE
22-12-2005 08:30,11.238107,0.0099,9.612627204,FALSE
23-12-2005 08:30,10.796736,0.011,10.26121789,FALSE
24-12-2005 08:30,10.463682,0.0083,7.503715636,FALSE
26-12-2005 08:30,9.048562,0.0103,8.052496295,FALSE
27-12-2005 08:30,9.708275,0.0094,7.884672624,FALSE
28-12-2005 08:30,8.248514,0.0106,7.554319062,FALSE
29-12-2005 08:30,7.936124,0.0091,6.239698134,FALSE
30-12-2005 08:30,7.592143,0.0086,5.641265935,FALSE
31-12-2005 08:30,7.265771,0.009,5.64986353,FALSE
02-01-2006 08:30,6.955299,0.0096,5.769003203,FALSE
03-01-2006 08:30,6.453641,0.0082,4.572275576,FALSE
04-01-2006 08:30,5.9755507,0.0073,3.768899338,FALSE
05-01-2006 08:30,5.922534,0.0082,4.195996888,FALSE
06-01-2006 08:30,6.618667,0.0097,5.546972439,FALSE
07-01-2006 08:30,6.255763,0.0084,4.540182555,FALSE
09-01-2006 08:30,6.2977915,0.0088,4.788336833,FALSE
10-01-2006 08:30,6.2633247,0.0102,5.519742792,FALSE
11-01-2006 08:30,5.8470073,0.0084,4.243524018,FALSE
12-01-2006 08:30,5.456158,0.0109,5.138391358,FALSE
13-01-2006 08:30,4.780364,0.0083,3.428094632,FALSE
14-01-2006 08:30,4.8425713,0.008,3.347185283,FALSE
16-01-2006 08:30,4.809536,0.0073,3.033470546,FALSE
17-01-2006 08:30,4.324911,0.0084,3.138847407,FALSE
18-01-2006 08:30,4.5032716,0.0077,2.99593653,FALSE
19-01-2006 08:30,4.08489,0.0087,3.070530115,FALSE
20-01-2006 08:30,3.862251,0.008,2.669587891,FALSE
21-01-2006 08:30,3.532149,0.0082,2.502456924,FALSE
23-01-2006 08:30,2.86269,0.008,1.978691328,FALSE
24-01-2006 08:30,2.9273245,0.0076,1.92219836,FALSE
25-01-2006 08:30,2.5544472,0.0083,1.831845176,FALSE
27-01-2006 08:30,2.9979098,0.0075,1.94264555,FALSE
28-01-2006 08:30,2.5067043,0.0068,1.47273891,FALSE
30-01-2006 08:30,2.4945924,0.0072,1.55183604,FALSE
31-01-2006 08:30,2.4613483,0.0072,1.53115555,FALSE
01-02-2006 08:30,1.8150868,0.0069,1.082082147,FALSE
02-02-2006 08:30,1.6237007,0.0079,1.10827315,FALSE
03-02-2006 08:30,1.54546,0.0053,0.707697043,FALSE
07-02-2006 08:30,1.8523736,0.0083,1.328374156,FALSE
08-02-2006 08:30,1.7352095,0.0081,1.214369016,FALSE
10-02-2006 08:30,1.6068151,0.0077,1.06898195,FALSE
11-02-2006 08:30,1.475011,0.0076,0.968551223,FALSE
13-02-2006 08:30,1.9836622,0.0074,1.268274264,FALSE
14-02-2006 08:30,1.7127086,0.0073,1.080239568,FALSE
15-02-2006 08:30,1.7346027,0.0072,1.079061648,FALSE
16-02-2006 08:30,1.8628427,0.0071,1.142742226,FALSE
17-02-2006 08:30,1.8748286,0.007,1.133896337,FALSE
18-02-2006 08:30,1.9679637,0.0069,1.173221239,FALSE
20-02-2006 08:30,2.4472275,0.0068,1.437795101,FALSE
21-02-2006 08:30,2.4741035,0.007,1.496337797,FALSE
22-02-2006 08:30,2.1919305,0.0071,1.344617846,FALSE
23-02-2006 08:30,2.2866766,0.0072,1.422495779,FALSE
24-02-2006 08:30,1.6453583,0.0069,0.980896804,FALSE
25-02-2006 08:30,1.808,0.0056,0.87478272,FALSE
27-02-2006 08:30,1.9310591,0.006,1.001061037,FALSE
28-02-2006 08:30,1.7412783,0.0054,0.812410804,FALSE
01-03-2006 08:30,1.959359,0.0128,2.166894305,FALSE
02-03-2006 08:30,1.7018434,0.0111,1.632135894,FALSE
03-03-2006 08:30,1.66469,0.0109,1.567738454,FALSE
04-03-2006 08:30,3.0073662,0.0099,2.572380753,FALSE
06-03-2006 08:30,4.834579,0.0081,3.383431767,FALSE
07-03-2006 08:30,3.5553684,0.0074,2.27316034,FALSE
08-03-2006 08:30,3.5394194,0.0061,1.865415601,FALSE
09-03-2006 08:30,3.2190008,0.0065,1.807790849,FALSE
10-03-2006 08:30,2.937101,0.0058,1.471840053,FALSE
11-03-2006 08:30,5.821852,0.0072,3.621657692,FALSE
13-03-2006 08:30,3.2078679,0.006,1.662958719,FALSE
14-03-2006 08:30,2.1430056,0.0063,1.166480808,FALSE
16-03-2006 08:30,2.2476366,0.0061,1.184594394,FALSE
17-03-2006 08:30,2.3142138,0.0073,1.459620928,FALSE
18-03-2006 08:30,2.24183,0.0076,1.472075251,FALSE
22-03-2006 08:30,2.5662866,0.007,1.552090136,FALSE
24-03-2006 08:30,2.7525508,0.0051,1.212883985,FALSE
25-03-2006 08:30,2.9256492,0.0046,1.162770018,FALSE
28-03-2006 08:30,2.9292634,0.0045,1.13889761,FALSE
30-03-2006 08:30,2.3577485,0.0061,1.242627769,FALSE
31-03-2006 08:30,2.4995363,0.0055,1.18777965,FALSE
01-04-2006 08:30,7.352879,0.0054,3.430559226,FALSE
04-04-2006 08:30,2.3928614,0.0061,1.261133672,FALSE
05-04-2006 08:30,2.2025797,0.0063,1.198908182,FALSE
06-04-2006 08:30,2.739997,0.0063,1.491435167,FALSE
07-04-2006 08:30,2.6725397,0.0053,1.223809379,FALSE
08-04-2006 08:30,2.6023283,0.0053,1.191658175,FALSE
10-04-2006 08:30,2.7713978,0.0052,1.245133604,FALSE
12-04-2006 08:30,2.6089256,0.0068,1.532795969,FALSE
13-04-2006 08:30,2.682725,0.0058,1.344367152,FALSE
15-04-2006 08:30,5.34037,0.0051,2.353180637,FALSE
17-04-2006 08:30,13.897929,0.0065,7.805076926,FALSE
18-04-2006 08:30,10.208678,0.0058,5.115772719,FALSE
19-04-2006 08:30,6.352491,0.0066,3.622444468,FALSE
20-04-2006 08:30,5.3703256,0.0049,2.273581046,FALSE
21-04-2006 08:30,4.2643886,0.0062,2.284347685,FALSE
22-04-2006 08:30,8.672939,0.0103,7.718221875,FALSE
24-04-2006 08:30,3.769466,0.0069,2.247204851,FALSE
25-04-2006 08:30,2.8254867,0.005,1.220610254,FALSE
26-04-2006 08:30,2.2418048,0.0073,1.413951123,FALSE
27-04-2006 08:30,6.8818507,0.0078,4.637816824,FALSE
28-04-2006 08:30,5.8889165,0.0061,3.103694552,FALSE
29-04-2006 08:30,3.2669532,0.0056,1.580682636,FALSE
01-05-2006 08:30,2.658641,0.0052,1.194474228,FALSE
02-05-2006 08:30,2.0531821,0.0032,0.567663787,FALSE
03-05-2006 08:30,1.5186858,0.0036,0.472372031,FALSE
04-05-2006 08:30,1.4228679,0.004,0.491743146,FALSE
05-05-2006 08:30,1.6028624,0.0044,0.60934417,FALSE
06-05-2006 08:30,1.720455,0.0047,0.698642366,FALSE
08-05-2006 08:30,1.7471873,0.0053,0.800072008,FALSE
09-05-2006 08:30,2.7332752,0.0056,1.322467873,FALSE
10-05-2006 08:30,2.2465062,0.004,0.776392543,FALSE
11-05-2006 08:30,2.6411443,0.0075,1.711461506,FALSE
12-05-2006 08:30,1.8114237,0.004,0.626028031,FALSE
15-05-2006 08:30,1.2021617,0.0046,0.477787146,FALSE
17-05-2006 08:30,1.8346828,0.0049,0.77673131,FALSE
18-05-2006 08:30,1.9427538,0.005,0.839269642,FALSE
19-05-2006 08:30,2.2733064,0.0058,1.139199303,FALSE
20-05-2006 08:30,4.584832,0.0055,2.178712166,FALSE
22-05-2006 08:30,4.121518,0.0062,2.207814762,FALSE
23-05-2006 08:30,8.219961,0.0111,7.883271397,FALSE
24-05-2006 08:30,97.84737,0.1131,956.1488441,FALSE
25-05-2006 08:30,23.272327,0.0373,75.00019367,FALSE
26-05-2006 08:30,95.04213,0.0359,294.7978771,FALSE
27-05-2006 08:30,106.97621,0.0428,395.5894665,FALSE
29-05-2006 08:30,347.80237,0.1104,3317.533774,FALSE
30-05-2006 08:30,268.628,0.0378,877.3175578,FALSE
31-05-2006 08:30,247.98824,0.0426,912.7554357,FALSE
01-06-2009 08:00,0,0,0,TRUE
02-06-2009 08:00,0,0,0,TRUE
03-06-2009 08:00,0,0,0,TRUE
04-06-2009 08:00,0,0,0,TRUE
05-06-2009 08:00,0,0,0,TRUE
09-06-2009 08:30,24.75542,0.0102,21.81645654,FALSE
10-06-2009 09:00,16.01884,0.0014,1.937638886,FALSE
11-06-2009 08:45,12.2016,0.0083,8.750011392,FALSE
12-06-2009 08:45,9.686177,0.0369,30.88108206,FALSE
13-06-2009 08:30,8.241239,0.019,13.52881794,FALSE
15-06-2009 08:30,7.5171456,0.005,3.247406899,FALSE
16-06-2009 08:30,6.7069445,0.0116,6.721968056,FALSE
17-06-2009 08:30,8.113081,0.0012,0.841164238,FALSE
18-06-2009 08:30,15.394277,0.0014,1.862091746,FALSE
19-06-2009 08:30,15.522625,0.0115,15.4232802,FALSE
20-06-2009 08:30,15.481727,0.0265,35.44696214,FALSE
22-06-2009 08:30,13.929865,0.0128,15.4053163,FALSE
23-06-2009 08:30,21.057518,0.019,34.56802155,FALSE
24-06-2009 08:30,19.25473,0.0175,29.11315176,FALSE
25-06-2009 08:30,13.720725,0.0116,13.75145942,FALSE
26-06-2009 08:30,25.260807,0.0242,52.81731614,FALSE
27-06-2009 08:30,51.532986,0.0346,154.0547697,FALSE
29-06-2009 08:45,20.898901,0.0115,20.76514803,FALSE
30-06-2009 08:30,45.05464,0.0253,98.48583867,FALSE
01-07-2009 08:30,284.17816,0.023,564.7188396,FALSE
02-07-2009 08:30,253.80936,0.057,1249.960336,FALSE
03-07-2009 08:30,329.90146,0.0635,1809.97137,FALSE
04-07-2009 08:30,148.48969,0.0203,260.4390371,FALSE
06-07-2009 08:30,229.7688,0.0312,619.3831588,FALSE
07-07-2009 08:30,231.02496,0.0212,423.1637987,FALSE
08-07-2009 08:30,146.76971,0.0379,480.6062216,FALSE
09-07-2009 08:30,248.46977,0.0483,1036.894167,FALSE
10-07-2009 08:30,293.5799,0.0449,1138.902121,FALSE
11-07-2009 08:30,214.26418,0.0248,459.1081438,FALSE
13-07-2009 08:30,149.29553,0.0073,94.16367668,FALSE
14-07-2009 08:45,389.12524,0.0569,1913.00194,FALSE
15-07-2009 08:45,366.2667,0.0196,620.2506804,FALSE
16-07-2009 08:45,500.9589,0.1088,4709.173967,FALSE
20-07-2009 08:45,443.11914,0.053,2029.131166,FALSE
21-07-2009 08:45,234.67657,0.011,223.0366121,FALSE
22-07-2009 08:45,208.38817,0.0078,140.4369555,FALSE
23-07-2009 08:30,166.72665,0.0157,226.1613662,FALSE
24-07-2009 08:30,128.80727,0.0138,153.5794842,FALSE
25-07-2009 08:45,105.4725,0.0158,143.9826192,FALSE
27-07-2009 08:45,72.93794,0.0102,64.27874776,FALSE
28-07-2009 08:30,86.154655,0.0237,176.417164,FALSE
29-07-2009 08:30,157.25645,0.0419,569.29351,FALSE
30-07-2009 08:30,185.92865,0.047,755.0190619,FALSE
31-07-2009 08:30,107.42186,0.0036,33.41249533,FALSE
01-08-2009 08:30,136.02605,0.0094,110.4749168,FALSE
03-08-2009 08:30,72.74699,0.0088,55.31099144,FALSE
04-08-2009 08:30,69.40856,0.0186,111.5423323,FALSE
05-08-2009 08:30,79.72978,0.0292,201.1486674,FALSE
06-08-2009 08:30,60.45029,0.0161,84.0887714,FALSE
07-08-2009 08:30,60.612514,0.0209,109.4516533,FALSE
08-08-2009 08:30,54.644726,0.0168,79.31791268,FALSE
10-08-2009 08:30,48.95398,0.0067,28.33847994,FALSE
11-08-2009 08:30,53.367294,0.0183,84.38009589,FALSE
12-08-2009 08:30,83.45397,0.0196,141.324291,FALSE
13-08-2009 08:30,53.09785,0.0035,16.05678984,FALSE
14-08-2009 08:30,95.848915,0.0139,115.110713,FALSE
17-08-2009 08:30,75.622894,0.0181,118.2621066,FALSE
18-08-2009 08:30,65.4333,0.0317,179.2139567,FALSE
19-08-2009 08:30,46.733044,0.011,44.41508502,FALSE
20-08-2009 08:30,44.003918,0.0063,23.95221265,FALSE
21-08-2009 08:30,256.91214,0.112,2486.087396,FALSE
22-08-2009 08:30,134.63716,0.0829,964.3467367,FALSE
24-08-2009 08:30,137.75972,0.0286,340.4097785,FALSE
25-08-2009 08:30,106.978935,0.0227,209.8156456,FALSE
26-08-2009 08:30,92.91103,0.0104,83.48613512,FALSE
27-08-2009 08:30,91.44899,0.0191,150.9127813,FALSE
28-08-2009 08:30,70.5275,0.0139,84.7007064,FALSE
29-08-2009 08:30,73.65717,0.0084,53.4574277,FALSE
31-08-2009 08:30,61.423733,0.0116,61.56132216,FALSE
01-09-2009 08:30,59.918747,0.0148,76.61930016,FALSE
03-09-2009 08:30,70.311,0.0247,150.0492989,FALSE
04-09-2009 08:30,98.43069,0.0099,84.193675,FALSE
05-09-2009 08:30,295.54214,0.0816,2083.643017,FALSE
07-09-2009 08:30,252.55013,0.0048,104.7375899,FALSE
08-09-2009 08:30,166.84361,0.0237,341.6423233,FALSE
09-09-2009 08:30,121.895615,0.0166,174.8275669,FALSE
10-09-2009 08:30,108.09332,0.0159,148.4942793,FALSE
11-09-2009 08:30,83.60376,0.013,93.90374323,FALSE
12-09-2009 08:30,74.97499,0.0111,71.90401441,FALSE
14-09-2009 08:30,73.83442,0.0139,88.67218504,FALSE
15-09-2009 08:30,82.70809,0.0245,175.0764849,FALSE
16-09-2009 08:30,92.8567,0.0168,134.7833572,FALSE
17-09-2009 08:30,101.13308,0.0224,195.7289177,FALSE
18-09-2009 08:30,69.180214,0.0221,132.0954678,FALSE
19-09-2009 08:30,130.77682,0.0633,715.2341218,FALSE
22-09-2009 08:30,206.74112,0.119,2125.629499,FALSE
23-09-2009 08:30,137.60591,0.042,499.3443262,FALSE
24-09-2009 08:30,87.69605,0.0218,165.1772641,FALSE
25-09-2009 08:30,74.70406,0.0227,146.5155788,FALSE
26-09-2009 08:30,69.09416,0.0112,66.86103675,FALSE
29-09-2009 08:30,100.319275,0.0235,203.688256,FALSE
30-09-2009 08:30,79.84587,0.0166,114.5181406,FALSE
01-10-2009 08:30,66.79463,0.015,86.56584048,FALSE
03-10-2009 08:30,201.8118,0.0337,587.6113818,FALSE
05-10-2009 08:30,236.86447,0.0236,482.9761289,FALSE
06-10-2009 08:30,182.47627,0.0184,290.093475,FALSE
07-10-2009 08:30,150.05638,0.0195,252.814989,FALSE
08-10-2009 08:30,125.587685,0.014,151.9108638,FALSE
09-10-2009 08:30,90.15065,0.0127,98.92050523,FALSE
10-10-2009 08:30,80.08788,0.0026,17.99094136,FALSE
12-10-2009 08:30,54.69397,0.0128,60.4871553,FALSE
13-10-2009 08:30,55.92489,0.0139,67.16355589,FALSE
14-10-2009 08:30,79.38639,0.0257,176.2758913,FALSE
15-10-2009 08:30,63.21739,0.0166,90.66890943,FALSE
16-10-2009 08:30,47.47758,0.016,65.63300659,FALSE
19-10-2009 08:30,30.945835,0.0118,31.5498977,FALSE
20-10-2009 08:30,30.393711,0.0071,18.64471808,FALSE
21-10-2009 08:30,27.799717,0.0117,28.10217792,FALSE
22-10-2009 08:30,26.65399,0.012,27.63485683,FALSE
23-10-2009 08:30,24.375772,0.0073,15.37428692,FALSE
24-10-2009 08:30,22.380661,0.0021,4.060747132,FALSE
26-10-2009 08:30,17.339857,0.0125,18.72704556,FALSE
27-10-2009 08:30,20.123688,0.0194,33.73052088,FALSE
28-10-2009 08:30,25.403788,0.0168,36.87410636,FALSE
29-10-2009 08:30,20.274836,0.0172,30.13002828,FALSE
30-10-2009 08:30,17.337967,0.0099,14.83020345,FALSE
31-10-2009 08:30,16.512571,0.013,18.54691975,FALSE
03-11-2009 08:30,16.272474,0.0167,23.47922729,FALSE
04-11-2009 08:30,17.39008,0.009,13.52252621,FALSE
05-11-2009 08:30,17.367176,0.0093,13.95487326,FALSE
06-11-2009 08:30,15.922894,0.0083,11.41862575,FALSE
07-11-2009 08:30,17.478474,0.0192,28.99469095,FALSE
09-11-2009 08:30,87.24671,0.052,391.9820187,FALSE
10-11-2009 08:30,426.291,0.2879,10603.80106,FALSE
11-11-2009 08:30,193.60545,0.0681,1139.143491,FALSE
12-11-2009 08:30,126.659966,0.0264,288.906316,FALSE
13-11-2009 08:30,86.19249,0.0205,152.6641383,FALSE
14-11-2009 08:30,63.52094,0.0142,77.93257087,FALSE
16-11-2009 08:30,83.72332,0.0517,373.9820236,FALSE
17-11-2009 08:30,56.29281,0.0453,220.3255549,FALSE
18-11-2009 08:30,39.291927,0.0175,59.40939362,FALSE
19-11-2009 08:30,33.178375,0.0031,8.88649596,FALSE
20-11-2009 08:30,33.928814,0.0155,45.43746771,FALSE
21-11-2009 08:30,34.909878,0.0248,74.80209379,FALSE
23-11-2009 08:30,33.543633,0.036,104.3341161,FALSE
24-11-2009 08:30,28.104593,0.0154,37.39484726,FALSE
25-11-2009 08:30,36.163364,0.0485,151.5389605,FALSE
26-11-2009 08:30,25.789255,0.0053,11.80941565,FALSE
28-11-2009 08:30,20.362019,0.0148,26.03732094,FALSE
30-11-2009 08:30,15.923395,0.0146,20.08640739,FALSE
01-12-2009 08:30,16.8276,0.0125,18.173808,FALSE
02-12-2009 08:30,15.620449,0.0128,17.27496696,FALSE
03-12-2009 08:30,14.898327,0.0072,9.26795126,FALSE
04-12-2009 08:30,15.912392,0.0183,25.15940124,FALSE
05-12-2009 08:30,17.019241,0.0112,16.46917913,FALSE
07-12-2009 08:30,15.735445,0.0044,5.981986771,FALSE
08-12-2009 08:30,13.690598,0.0043,5.086330969,FALSE
09-12-2009 08:30,13.34762,0.0178,20.52757175,FALSE
10-12-2009 08:30,12.295886,0.013,13.81073916,FALSE
11-12-2009 08:45,12.754095,0.0191,21.04731773,FALSE
12-12-2009 08:30,12.009287,0.0239,24.79869728,FALSE
14-12-2009 08:30,11.9516945,0.0082,8.467536519,FALSE
15-12-2009 08:30,10.935473,0.01,9.448248672,FALSE
16-12-2009 08:30,10.882435,0.0096,9.026326886,FALSE
17-12-2009 08:30,10.693822,0.0092,8.500305231,FALSE
18-12-2009 08:45,10.119142,0.0105,9.180085622,FALSE
19-12-2009 08:30,10.021066,0.0119,10.30325922,FALSE
21-12-2009 08:30,8.562774,0.0124,9.173813553,FALSE
22-12-2009 08:30,6.854928,0.0157,9.298572733,FALSE
23-12-2009 08:30,7.368694,0.026,16.5530342,FALSE
24-12-2009 08:30,7.1969686,0.0215,13.36908887,FALSE
26-12-2009 08:30,6.3722053,0.0285,15.69091833,FALSE
28-12-2009 08:45,19.993637,0.0496,85.68153175,FALSE
29-12-2009 08:45,15.947772,0.0124,17.08580501,FALSE
30-12-2009 08:30,11.971471,0.0115,11.89485359,FALSE
31-12-2009 08:30,9.38066,0.027,21.88320365,FALSE
01-01-2010 08:30,8.058499,0.0287,19.9824988,FALSE
02-01-2010 08:30,7.737266,0.0161,10.7628465,FALSE
04-01-2010 08:30,6.730721,0.1337,77.75113516,FALSE
05-01-2010 08:30,6.2399144,0.0062,3.342597346,FALSE
06-01-2010 08:30,6.1566224,0.0085,4.521423491,FALSE
07-01-2010 08:30,5.9626236,0.0215,11.0761696,FALSE
08-01-2010 08:30,4.7234006,0.0295,12.03900345,FALSE
09-01-2010 08:30,4.6572094,0.022,8.852423628,FALSE
11-01-2010 08:30,4.640129,0.024,9.621771494,FALSE
12-01-2010 08:30,4.8907375,0.0093,3.929805396,FALSE
13-01-2010 08:30,4.8055816,0.0262,10.87829896,FALSE
14-01-2010 08:30,4.9777484,0.0279,11.99916118,FALSE
15-01-2010 08:30,5.8317366,0.0232,11.68959938,FALSE
16-01-2010 08:30,4.9542885,0.0214,9.160281265,FALSE
18-01-2010 08:30,3.6449635,0.0196,6.172526989,FALSE
19-01-2010 08:30,3.1031697,0.0192,5.147786152,FALSE
20-01-2010 08:30,2.8766184,0.0137,3.404995668,FALSE
21-01-2010 08:30,2.997307,0.0068,1.760977809,FALSE
22-01-2010 08:30,2.7678351,0.0161,3.850169338,FALSE
23-01-2010 08:30,2.5781925,0.0146,3.252235147,FALSE
25-01-2010 08:30,2.165076,0.0182,3.404538708,FALSE
01-02-2010 08:30,1.2158675,0.0113,1.187075758,FALSE
02-02-2010 08:30,2.4535723,0.0078,1.653511444,FALSE
03-02-2010 08:30,2.349623,0.0133,2.699998782,FALSE
04-02-2010 08:30,2.9390655,0.0154,3.910602992,FALSE
05-02-2010 08:30,2.8081064,0.0151,3.663567934,FALSE
06-02-2010 08:30,2.2282295,0.0127,2.444991666,FALSE
08-02-2010 08:30,2.9892745,0.0104,2.686042495,FALSE
09-02-2010 08:30,2.395038,0.0139,2.876344836,FALSE
10-02-2010 08:30,2.4029753,0.02,4.152341318,FALSE
11-02-2010 08:30,2.6704495,0.0089,2.053468848,FALSE
13-02-2010 08:30,2.105163,0.0146,2.655536815,FALSE
15-02-2010 08:30,3.4171128,0.014,4.133339643,FALSE
16-02-2010 08:30,3.4168828,0.0139,4.103539567,FALSE
17-02-2010 08:30,3.4455953,0.0154,4.584571282,FALSE
18-02-2010 08:30,3.032768,0.0176,4.611748332,FALSE
19-02-2010 08:30,1.9078122,0.0153,2.521975103,FALSE
20-02-2010 08:30,1.4915335,0.0053,0.68300302,FALSE
22-02-2010 08:30,1.3939362,0.0049,0.59013683,FALSE
23-02-2010 08:30,1.16344,0.0041,0.412136986,FALSE
24-02-2010 08:30,0.8744394,0.0031,0.234209849,FALSE
25-02-2010 08:30,1.8403394,0.0066,1.049435139,FALSE
01-03-2010 08:30,3.5745416,0.0124,3.829620889,FALSE
02-03-2010 08:30,3.4358492,0.0167,4.957518094,FALSE
03-03-2010 08:30,3.184282,0.0093,2.558634273,FALSE
04-03-2010 08:30,3.3152711,0.0156,4.468454999,FALSE
05-03-2010 08:30,3.6520014,0.0101,3.186882502,FALSE
06-03-2010 08:30,3.500589,0.0145,4.385537899,FALSE
08-03-2010 08:30,3.7217612,0.0088,2.829729476,FALSE
09-03-2010 08:30,3.3371265,0.0115,3.31576889,FALSE
10-03-2010 08:30,3.342169,0.0098,2.829881336,FALSE
11-03-2010 08:30,2.243501,0.013,2.519900323,FALSE
12-03-2010 08:30,1.5498729,0.0139,1.861335358,FALSE
13-03-2010 08:30,1.4843724,0.0132,1.692897035,FALSE
17-03-2010 08:30,1.1502125,0.0103,1.023597108,FALSE
18-03-2010 08:30,1.1991849,0.0107,1.108622456,FALSE
19-03-2010 08:30,1.9227381,0.0172,2.857342636,FALSE
20-03-2010 08:30,1.4032907,0.0125,1.515553956,FALSE
22-03-2010 08:30,1.1916763,0.0107,1.101680906,FALSE
23-03-2010 08:30,1.4783124,0.0132,1.685985726,FALSE
24-03-2010 08:30,2.673065,0.0239,5.519772302,FALSE
25-03-2010 08:30,3.2436461,0.0175,4.904392903,FALSE
26-03-2010 08:30,3.6210985,0.017,5.318669477,FALSE
27-03-2010 08:30,3.6298327,0.0171,5.362860024,FALSE
29-03-2010 08:30,4.244603,0.0149,5.464332118,FALSE
30-03-2010 08:30,4.5668955,0.0197,7.773221493,FALSE
31-03-2010 08:30,6.5559587,0.0168,9.516105172,FALSE
01-04-2010 08:30,5.5595546,0.0102,4.899524278,FALSE
05-04-2010 08:30,4.377829,0.0128,4.841528648,FALSE
06-04-2010 08:30,3.6338983,0.0186,5.839819924,FALSE
07-04-2010 08:30,3.8489676,0.0146,4.855241689,FALSE
08-04-2010 08:30,2.8152957,0.0115,2.797277808,FALSE
09-04-2010 08:30,2.4811857,0.0129,2.765430334,FALSE
10-04-2010 08:30,2.0826416,0.0061,1.097635429,FALSE
12-04-2010 08:30,1.7848028,0.0052,0.801876202,FALSE
13-04-2010 08:30,1.8117168,0.0053,0.829621357,FALSE
15-04-2010 08:30,2.8491209,0.0084,2.067777984,FALSE
16-04-2010 08:30,4.7282887,0.0086,3.513307636,FALSE
17-04-2010 08:30,4.2718096,0.0157,5.794624286,FALSE
19-04-2010 08:30,10.7527485,0.0159,14.77169578,FALSE
20-04-2010 08:30,7.5632153,0.0257,16.79396831,FALSE
21-04-2010 08:30,7.445069,0.0125,8.04067452,FALSE
22-04-2010 08:30,8.50766,0.0108,7.938667699,FALSE
23-04-2010 08:30,5.7214694,0.0115,5.684851996,FALSE
26-04-2010 08:30,3.3622859,0.0111,3.22456667,FALSE
27-04-2010 08:30,3.8307493,0.0256,8.473004532,FALSE
28-04-2010 08:30,11.557477,0.0314,31.3549728,FALSE
29-04-2010 08:30,10.931879,0.0381,35.98599657,FALSE
30-04-2010 08:30,9.635275,0.0243,20.22945257,FALSE
01-05-2010 08:30,15.582383,0.0282,37.96616453,FALSE
03-05-2010 08:30,8.718462,0.0397,29.90502214,FALSE
04-05-2010 08:30,5.27815,0.0356,16.2347449,FALSE
05-05-2010 08:30,7.897268,0.011,7.505563507,FALSE
06-05-2010 08:30,5.4350166,0.0213,10.00216975,FALSE
07-05-2010 08:30,4.381646,0.0298,11.28151159,FALSE
08-05-2010 08:30,14.663413,0.0327,41.42824748,FALSE
10-05-2010 08:30,7.9479995,0.0228,15.65692318,FALSE
11-05-2010 08:30,4.05322,0.0197,6.898904698,FALSE
12-05-2010 08:30,4.229233,0.0207,7.563898636,FALSE
13-05-2010 08:30,4.3700066,0.0161,6.078853981,FALSE
14-05-2010 08:30,3.6927722,0.0165,5.264416048,FALSE
15-05-2010 08:30,2.7225263,0.0186,4.375208665,FALSE
17-05-2010 08:30,2.2483401,0.0087,1.690032286,FALSE
18-05-2010 08:30,2.3734038,0.0091,1.866065004,FALSE
19-05-2010 08:30,5.788919,0.0223,11.15362602,FALSE
20-05-2010 08:30,4.139924,0.0192,6.867637125,FALSE
21-05-2010 08:30,3.177361,0.0135,3.70607387,FALSE
22-05-2010 08:30,3.868651,0.0088,2.941412728,FALSE
24-05-2010 08:30,3.1792378,0.021,5.768409064,FALSE
25-05-2010 08:30,2.6431699,0.0209,4.772930479,FALSE
26-05-2010 08:30,2.94105,0.0214,5.437883808,FALSE
28-05-2010 08:30,2.8413444,0.012,2.945905874,FALSE
29-05-2010 08:30,7.324448,0.0205,12.9730623,FALSE
31-05-2010 08:30,2.8769178,0.0138,3.430206631,FALSE
01-06-2010 08:30,2.932481,0.0245,6.207475781,FALSE
02-06-2010 08:30,3.9991195,0.019,6.564954571,FALSE
03-06-2010 08:30,2.7239718,0.0231,5.436611877,FALSE
04-06-2010 08:30,2.0613396,0.0216,3.846954415,FALSE
05-06-2010 08:30,2.100059,0.0175,3.175289208,FALSE
07-06-2010 08:45,88.96344,0.0291,223.6754394,FALSE
08-06-2010 08:45,20.079073,0.0601,104.2633976,FALSE
09-06-2010 08:45,13.92705,0.0369,44.40166373,FALSE
10-06-2010 08:45,8.508094,0.0422,31.02119137,FALSE
11-06-2010 08:45,13.927448,0.019,22.86329864,FALSE
14-06-2010 09:00,312.2183,0.0531,1432.407605,FALSE
15-06-2010 09:00,204.16705,0.0442,779.6894639,FALSE
16-06-2010 09:00,103.75493,0.0235,210.6640099,FALSE
17-06-2010 09:00,80.79467,0.0219,152.8764428,FALSE
18-06-2010 09:00,85.55915,0.0156,115.3200447,FALSE
19-06-2010 09:00,99.608246,0.0182,156.6319747,FALSE
21-06-2010 08:30,49.392647,0.0229,97.72631565,FALSE
22-06-2010 09:00,40.355717,0.0153,53.34702942,FALSE
23-06-2010 09:00,49.87806,0.0136,58.60871562,FALSE
24-06-2010 09:00,90.879875,0.0279,219.0713915,FALSE
25-06-2010 09:00,101.62548,0.0466,409.1685726,FALSE
26-06-2010 09:00,77.34056,0.0247,165.0509423,FALSE
28-06-2010 09:00,88.052704,0.0197,149.8727464,FALSE
29-06-2010 09:00,205.6559,0.0643,1142.525466,FALSE
30-06-2010 09:00,168.29591,0.0627,911.7060673,FALSE
01-07-2010 09:00,128.34555,0.0326,361.50321,FALSE
02-07-2010 09:00,170.91249,0.0424,626.1139794,FALSE
03-07-2010 09:00,119.78123,0.002,20.69819654,FALSE
05-07-2010 09:00,167.97609,0.0624,905.6195726,FALSE
06-07-2010 09:00,173.56808,0.0851,1276.183608,FALSE
07-07-2010 09:00,129.07135,0.0383,427.1125857,FALSE
08-07-2010 09:00,139.01947,0.0338,405.9813386,FALSE
09-07-2010 09:00,135.37506,0.0154,180.1246398,FALSE
10-07-2010 09:00,134.62125,0.0435,505.960506,FALSE
12-07-2010 09:00,88.09406,0.0303,230.6232016,FALSE
13-07-2010 09:00,94.311386,0.0248,202.082893,FALSE
14-07-2010 09:00,138.56094,0.028,335.206626,FALSE
15-07-2010 09:00,94.645935,0.0208,170.0901027,FALSE
16-07-2010 09:00,117.18138,0.0288,291.5847715,FALSE
17-07-2010 09:00,484.429,0.1356,5675.492655,FALSE
19-07-2010 09:00,139.41939,0.0176,212.0067012,FALSE
20-07-2010 09:00,170.00803,0.0298,437.723075,FALSE
21-07-2010 09:00,152.98683,0.0218,288.153754,FALSE
22-07-2010 09:00,162.21536,0.026,364.4005847,FALSE
23-07-2010 09:00,129.648,0.0145,162.4230144,FALSE
24-07-2010 09:00,113.691315,0.0178,174.8481472,FALSE
26-07-2010 09:00,111.30936,0.0099,95.20957417,FALSE
27-07-2010 09:00,113.370476,0.024,235.085019,FALSE
28-07-2010 09:00,159.10823,0.0322,442.6518245,FALSE
29-07-2010 09:00,211.3764,0.035,639.2022336,FALSE
30-07-2010 09:00,378.6721,0.0603,1972.851347,FALSE
31-07-2010 09:00,230.43251,0.0177,352.3958289,FALSE
02-08-2010 09:00,136.94756,0.0219,259.1266951,FALSE
03-08-2010 09:00,117.10911,0.0185,187.1872014,FALSE
04-08-2010 09:00,238.4352,0.081,1668.664904,FALSE
05-08-2010 09:00,194.03575,0.0258,432.528971,FALSE
06-08-2010 09:00,146.40697,0.0224,283.3501935,FALSE
07-08-2010 09:00,142.64331,0.0206,253.8822689,FALSE
09-08-2010 09:00,132.04198,0.0215,245.281182,FALSE
10-08-2010 09:00,96.67124,0.0195,162.8717052,FALSE
11-08-2010 09:00,79.20191,0.0129,88.27528081,FALSE
12-08-2010 09:00,71.13734,0.0132,81.13071352,FALSE
13-08-2010 09:00,183.18065,0.0394,623.5762415,FALSE
14-08-2010 09:00,78.1946,0.024,162.1443226,FALSE
16-08-2010 09:00,168.79953,0.0388,565.8700404,FALSE
17-08-2010 09:00,132.8676,0.0298,342.0968671,FALSE
18-08-2010 09:00,136.58734,0.0152,179.3774219,FALSE
19-08-2010 09:00,96.89021,0.0155,129.7553692,FALSE
20-08-2010 09:00,131.28285,0.0211,239.3338869,FALSE
21-08-2010 09:00,83.5409,0.0408,294.4916974,FALSE
24-08-2010 09:00,78.05578,0.0198,133.531584,FALSE
25-08-2010 09:00,80.32622,0.0125,86.7523176,FALSE
26-08-2010 09:00,132.16594,0.0153,174.7127994,FALSE
27-08-2010 09:00,181.12299,0.0241,377.1415347,FALSE
28-08-2010 09:00,104.944496,0.0217,196.7583367,FALSE
30-08-2010 09:00,111.70502,0.0107,103.2690569,FALSE
31-08-2010 09:00,278.57452,0.0614,1477.826686,FALSE
01-09-2010 09:00,146.6706,0.0194,245.8433929,FALSE
02-09-2010 09:00,115.994774,0.0175,175.3840983,FALSE
03-09-2010 09:00,97.47808,0.0193,162.546648,FALSE
04-09-2010 09:00,123.75685,0.0212,226.682947,FALSE
06-09-2010 08:30,70.1914,0.0227,137.664989,FALSE
07-09-2010 08:30,61.432957,0.0156,82.80179676,FALSE
08-09-2010 09:00,85.02902,0.0174,127.8292275,FALSE
09-09-2010 09:00,88.97962,0.0245,188.3520596,FALSE
11-09-2010 09:00,135.2553,0.0412,481.4655863,FALSE
13-09-2010 09:00,118.460724,0.0316,323.4262071,FALSE
14-09-2010 09:00,130.97284,0.0326,368.9033401,FALSE
15-09-2010 09:00,143.55504,0.0492,610.2352484,FALSE
16-09-2010 09:00,170.89532,0.0364,537.4589456,FALSE
17-09-2010 09:00,122.82108,0.0273,289.7005378,FALSE
18-09-2010 08:30,103.790634,0.021,188.3177263,FALSE
20-09-2010 09:00,94.94344,0.0196,160.781019,FALSE
21-09-2010 09:00,61.263634,0.0171,90.51334342,FALSE
22-09-2010 09:00,74.4273,0.0164,105.460507,FALSE
23-09-2010 09:00,86.272675,0.0343,255.6707978,FALSE
24-09-2010 09:00,93.54707,0.0563,455.0428835,FALSE
25-09-2010 09:00,60.253433,0.0322,167.6298709,FALSE
27-09-2010 09:00,71.480446,0.0246,151.9273991,FALSE
28-09-2010 09:00,71.509056,0.029,179.1730907,FALSE
29-09-2010 09:00,68.9131,0.0363,216.1335338,FALSE
30-09-2010 09:00,52.646774,0.0292,132.8214932,FALSE
01-10-2010 09:00,114.90918,0.0815,809.1444819,FALSE
04-10-2010 09:00,228.49445,0.0594,1172.670077,FALSE
05-10-2010 09:00,138.10446,0.0366,436.7194476,FALSE
06-10-2010 09:00,148.23378,0.0473,605.7899534,FALSE
07-10-2010 09:00,258.82828,0.211,4718.543076,FALSE
08-10-2010 09:00,170.47787,0.0396,583.2798035,FALSE
09-10-2010 09:00,170.64935,0.0342,504.2483513,FALSE
11-10-2010 09:00,98.85068,0.018,153.7325775,FALSE
12-10-2010 09:00,89.34311,0.0175,135.0867823,FALSE
13-10-2010 09:00,97.60103,0.022,185.5200378,FALSE
14-10-2010 09:00,99.06225,0.0308,263.6165347,FALSE
18-10-2010 09:00,69.69375,0.0265,159.57081,FALSE
19-10-2010 09:00,77.98386,0.0621,418.4177218,FALSE
20-10-2010 09:00,87.96701,0.0378,287.2932173,FALSE
21-10-2010 09:00,70.13294,0.0341,206.6284731,FALSE
22-10-2010 09:00,145.757,0.0903,1137.184453,FALSE
23-10-2010 09:00,267.5611,0.161,3721.881925,FALSE
25-10-2010 09:00,105.74801,0.0238,217.4517479,FALSE
26-10-2010 09:00,84.94259,0.0277,203.2914018,FALSE
27-10-2010 09:00,85.690475,0.0249,184.3510603,FALSE
28-10-2010 09:00,139.64029,0.0573,691.3199765,FALSE
29-10-2010 09:00,116.35207,0.0556,558.9367279,FALSE
30-10-2010 09:00,121.89705,0.0411,432.8613004,FALSE
01-11-2010 09:00,205.29918,0.1331,2360.907722,FALSE
02-11-2010 09:00,166.89389,0.1168,1684.213029,FALSE
03-11-2010 09:00,111.30695,0.029,278.8906939,FALSE
04-11-2010 09:00,84.92649,0.0265,194.4476915,FALSE
06-11-2010 09:00,220.23656,0.0979,1862.884157,FALSE
08-11-2010 09:00,94.8383,0.0295,241.723859,FALSE
09-11-2010 09:00,73.34774,0.0235,148.9252513,FALSE
10-11-2010 09:00,603.6027,0.3406,17762.72368,FALSE
11-11-2010 09:00,221.4723,0.0668,1278.231809,FALSE
12-11-2010 09:00,341.2329,0.1339,3947.709771,FALSE
13-11-2010 09:00,147.24052,0.03,381.6474278,FALSE
15-11-2010 09:00,84.54703,0.0227,165.820399,FALSE
16-11-2010 09:00,84.04034,0.0271,196.7754137,FALSE
18-11-2010 09:00,342.79196,0.0717,2123.555057,FALSE
19-11-2010 09:00,114.48144,0.0452,447.082078,FALSE
20-11-2010 09:00,88.81387,0.0238,182.6297372,FALSE
22-11-2010 09:00,125.80859,0.0318,345.6616172,FALSE
23-11-2010 09:00,274.5216,0.1274,3021.758079,FALSE
24-11-2010 09:00,137.6968,0.0428,509.1917507,FALSE
25-11-2010 09:00,105.43905,0.0307,279.6749713,FALSE
26-11-2010 09:00,85.4981,0.0148,109.3281304,FALSE
27-11-2010 09:00,70.75648,0.0153,93.53440604,FALSE
29-11-2010 09:00,64.0949,0.0239,132.3534047,FALSE
30-11-2010 09:00,53.42066,0.0157,72.46405688,FALSE
01-12-2010 09:00,45.92692,0.0194,76.98086623,FALSE
02-12-2010 09:00,46.188335,0.0156,62.25448545,FALSE
03-12-2010 09:00,46.824944,0.0137,55.42574971,FALSE
04-12-2010 09:00,41.243607,0.0098,34.92178692,FALSE
06-12-2010 09:00,35.840996,0.0138,42.73393635,FALSE
07-12-2010 09:00,33.018177,0.0114,32.52158362,FALSE
08-12-2010 09:00,29.723536,0.0225,57.78255398,FALSE
09-12-2010 09:00,29.637037,0.0159,40.71417595,FALSE
10-12-2010 09:00,27.922346,0.0158,38.11735297,FALSE
11-12-2010 09:00,26.489988,0.016,36.61975941,FALSE
13-12-2010 09:00,25.426456,0.0103,22.62751172,FALSE
14-12-2010 09:00,23.698488,0.0109,22.31828806,FALSE
15-12-2010 09:00,21.685705,0.0173,32.41405698,FALSE
17-12-2010 09:00,24.66807,0.0187,39.85570734,FALSE
20-12-2010 09:00,20.772585,0.0175,31.40814852,FALSE
21-12-2010 08:30,16.914806,0.0093,13.59138492,FALSE
22-12-2010 08:30,16.108883,0.0187,26.02680009,FALSE
23-12-2010 08:30,16.328896,0.0224,31.60229216,FALSE
24-12-2010 08:30,15.936539,0.0193,26.57449751,FALSE
27-12-2010 08:30,14.168799,0.0126,15.42472134,FALSE
28-12-2010 08:30,13.706218,0.0063,7.460568582,FALSE
29-12-2010 08:30,12.520935,0.0098,10.60172608,FALSE
30-12-2010 08:30,12.610772,0.0174,18.95853019,FALSE
31-12-2010 08:30,12.528778,0.0165,17.86102592,FALSE
01-01-2011 08:30,12.478846,0.0198,21.34781143,FALSE
03-01-2011 08:30,13.889183,0.0215,25.80054634,FALSE
04-01-2011 08:30,13.674275,0.0119,14.05934258,FALSE
05-01-2011 08:30,11.732207,0.0119,12.06258595,FALSE
06-01-2011 08:30,10.805479,0.0162,15.12421285,FALSE
07-01-2011 08:30,9.906662,0.0198,16.94752482,FALSE
08-01-2011 08:30,9.721776,0.0273,22.93094749,FALSE
10-01-2011 08:30,10.101678,0.0218,19.02671255,FALSE
11-01-2011 08:30,9.9468775,0.0133,11.43015587,FALSE
12-01-2011 08:30,8.81983,0.0168,12.80215964,FALSE
13-01-2011 08:30,8.046632,0.0144,10.01129767,FALSE
14-01-2011 08:30,8.849082,0.0092,7.0339583,FALSE
15-01-2011 08:30,7.430372,0.0132,8.474190659,FALSE
17-01-2011 08:30,7.205549,0.0206,12.82472433,FALSE
18-01-2011 08:30,6.9266224,0.0135,8.079212367,FALSE
19-01-2011 08:30,6.6848183,0.0173,9.991931609,FALSE
20-01-2011 08:30,6.596184,0.0158,9.004582702,FALSE
21-01-2011 08:30,5.848053,0.0189,9.549636627,FALSE
22-01-2011 08:30,6.004335,0.0198,10.27173597,FALSE
24-01-2011 08:30,5.6257195,0.0197,9.575424647,FALSE
25-01-2011 08:30,4.4888244,0.0178,6.903452821,FALSE
27-01-2011 08:30,4.044579,0.0211,7.3734293,FALSE
28-01-2011 08:30,3.7147098,0.019,6.098067608,FALSE
29-01-2011 08:30,3.8307288,0.0189,6.255426901,FALSE
31-01-2011 08:30,3.9855745,0.0187,6.439413008,FALSE
01-02-2011 08:30,2.6447942,0.0153,3.496206349,FALSE
02-02-2011 08:30,2.676356,0.0183,4.231639999,FALSE
03-02-2011 08:30,2.4034152,0.0174,3.613198275,FALSE
04-02-2011 08:30,2.103631,0.0158,2.871708751,FALSE
05-02-2011 08:30,1.7780104,0.0278,4.27063874,FALSE
07-02-2011 08:30,3.1072645,0.0279,7.490247513,FALSE
08-02-2011 08:30,2.271175,0.0366,7.182000432,FALSE
09-02-2011 08:30,2.1841593,0.0319,6.019892496,FALSE
10-02-2011 08:30,2.2000566,0.0319,6.063707999,FALSE
11-02-2011 08:30,2.2604506,0.0323,6.308284698,FALSE
12-02-2011 08:30,2.1433485,0.0321,5.944448464,FALSE
16-02-2011 08:30,1.0078267,0.0272,2.368473371,FALSE
17-02-2011 08:30,1.8496519,0.0187,2.988445582,FALSE
18-02-2011 08:30,1.0210837,0.019,1.676211002,FALSE
19-02-2011 08:30,1.1857973,0.02,2.049057734,FALSE
21-02-2011 08:30,1.070977,0.0227,2.100485771,FALSE
22-02-2011 08:30,0.5113869,0.0276,1.219473657,FALSE
23-02-2011 08:30,3.9929621,0.0254,8.762794906,FALSE
25-02-2011 08:30,12.538194,0.0141,15.27452946,FALSE
26-02-2011 08:30,8.341624,0.0054,3.891868093,FALSE
28-02-2011 08:30,13.179013,0.0087,9.906400492,FALSE
01-03-2011 08:30,8.426627,0.0053,3.858721036,FALSE
03-03-2011 08:30,4.306984,0.0207,7.702954744,FALSE
04-03-2011 08:30,3.3105004,0.0222,6.349804607,FALSE
05-03-2011 08:30,3.2683349,0.0173,4.885245542,FALSE
08-03-2011 08:30,2.7947059,0.0192,4.636081723,FALSE
09-03-2011 08:30,2.5235503,0.0201,4.382498393,FALSE
10-03-2011 08:30,2.3685915,0.025,5.11615764,FALSE
14-03-2011 08:30,1.5235448,0.0256,3.36983733,FALSE
15-03-2011 08:30,1.4920548,0.0261,3.364643256,FALSE
16-03-2011 08:30,1.5477248,0.0268,3.583787729,FALSE
17-03-2011 08:30,1.4872143,0.0244,3.135285699,FALSE
18-03-2011 08:30,1.3244373,0.0258,2.952329674,FALSE
22-03-2011 08:30,1.0712223,0.0201,1.860327495,FALSE
23-03-2011 08:30,1.5404902,0.0253,3.367388338,FALSE
24-03-2011 08:30,1.5366493,0.0331,4.394571134,FALSE
25-03-2011 08:30,2.3188026,0.029,5.809991795,FALSE
26-03-2011 08:30,3.818211,0.0184,6.070039119,FALSE
28-03-2011 08:30,6.2633057,0.0238,12.87936078,FALSE
29-03-2011 08:30,6.242223,0.0191,10.30116608,FALSE
30-03-2011 08:30,6.7430954,0.0158,9.205134392,FALSE
31-03-2011 08:30,6.7571535,0.0211,12.31856112,FALSE
01-04-2011 08:30,3.5148153,0.0158,4.798144662,FALSE
02-04-2011 08:30,1.4552623,0.0192,2.414105524,FALSE
04-04-2011 08:30,2.1281655,0.0158,2.905201287,FALSE
05-04-2011 08:30,1.7181175,0.0182,2.701705406,FALSE
06-04-2011 08:30,1.3668733,0.0166,1.960424362,FALSE
07-04-2011 08:30,0.9985241,0.0168,1.449377702,FALSE
08-04-2011 08:30,0.98798,0.0131,1.118235283,FALSE
09-04-2011 08:30,0.9891235,0.0114,0.974247083,FALSE
11-04-2011 08:30,1.9638153,0.0258,4.377579962,FALSE
12-04-2011 08:30,1.7126601,0.0169,2.500757772,FALSE
13-04-2011 08:30,1.6600561,0.0263,3.772178677,FALSE
20-04-2011 08:30,5.558037,0.0204,9.796373695,FALSE
21-04-2011 08:30,6.1087036,0.0163,8.603009454,FALSE
23-04-2011 08:45,47.367725,0.0177,72.43851449,FALSE
25-04-2011 08:45,29.430119,0.0191,48.56675958,FALSE
26-04-2011 08:45,35.830746,0.0363,112.3766853,FALSE
27-04-2011 08:45,19.360899,0.0361,60.38741842,FALSE
28-04-2011 08:45,18.435556,0.0367,58.45693581,FALSE
29-04-2011 08:45,11.284835,0.0303,29.54279524,FALSE
30-04-2011 08:45,10.561821,0.0338,30.8438971,FALSE
02-05-2011 08:30,15.889961,0.0326,44.75629975,FALSE
04-05-2011 10:30,10.010656,0.0163,14.09820706,FALSE
05-05-2011 08:30,10.801285,0.0196,18.29132807,FALSE
06-05-2011 08:30,9.19791,0.0286,22.72840353,FALSE
10-05-2011 08:30,3.1901844,0.0156,4.299858142,FALSE
11-05-2011 08:30,2.696317,0.0155,3.610907726,FALSE
12-05-2011 08:30,2.6213026,0.0273,6.182918869,FALSE
13-05-2011 08:30,2.3219914,0.0218,4.373517242,FALSE
14-05-2011 08:30,2.7258842,0.0224,5.275567245,FALSE
16-05-2011 08:30,1.8873851,0.0241,3.929988751,FALSE
18-05-2011 10:30,1.3379899,0.018,2.080841892,FALSE
19-05-2011 08:30,1.8645414,0.0083,1.337099929,FALSE
20-05-2011 08:30,2.1995144,0.0205,3.895779905,FALSE
23-05-2011 08:30,2.1997645,0.0164,3.116978306,FALSE
24-05-2011 08:30,4.841513,0.0196,8.198811775,FALSE
25-05-2011 08:30,2.8750594,0.0217,5.390391368,FALSE
26-05-2011 08:30,2.7518115,0.0262,6.229220656,FALSE
27-05-2011 08:30,2.2999747,0.0217,4.312176566,FALSE
28-05-2011 08:30,1.8899815,0.0202,3.298546912,FALSE
30-05-2011 08:30,13.7804,0.0089,10.59657638,FALSE
31-05-2011 08:30,10.03273,0.0098,8.494913146,FALSE
01-06-2011 08:30,16.208082,0.018,25.20680913,FALSE
02-06-2011 09:00,143.63463,0.1756,2179.201625,FALSE
03-06-2011 09:00,374.7865,0.1077,3487.493323,FALSE
04-06-2011 09:00,221.81168,0.0627,1201.615978,FALSE
06-06-2011 09:00,175.29231,0.025,378.6313896,FALSE
07-06-2011 09:00,162.09428,0.023,322.1137532,FALSE
08-06-2011 09:00,105.48452,0.0129,117.5688266,FALSE
09-06-2011 09:00,106.76348,0.0173,159.5815088,FALSE
10-06-2011 09:00,104.814735,0.0243,220.0606324,FALSE
11-06-2011 09:00,179.25012,0.0308,477.0060793,FALSE
13-06-2011 09:00,158.21378,0.023,314.4024236,FALSE
14-06-2011 09:00,167.1698,0.0375,541.630152,FALSE
15-06-2011 09:00,213.12277,0.041,754.9661004,FALSE
16-06-2011 09:00,123.312744,0.027,287.6639692,FALSE
17-06-2011 09:00,165.93542,0.0348,498.921346,FALSE
18-06-2011 09:00,673.56805,0.0997,5802.169068,FALSE
20-06-2011 09:00,197.32516,0.0388,661.4970804,FALSE
21-06-2011 09:00,155.18643,0.0182,244.0275574,FALSE
22-06-2011 09:00,120.26206,0.0103,107.0236124,FALSE
23-06-2011 09:00,116.289955,0.0135,135.6406035,FALSE
24-06-2011 09:00,89.13077,0.0182,140.1563532,FALSE
25-06-2011 09:00,84.11817,0.0222,161.3453795,FALSE
27-06-2011 09:00,102.03774,0.0373,328.8390655,FALSE
28-06-2011 09:00,231.30505,0.0375,749.428362,FALSE
29-06-2011 09:00,132.48834,0.0273,312.5028973,FALSE
30-06-2011 09:00,97.70645,0.0227,191.6297063,FALSE
01-07-2011 09:00,88.405235,0.0196,149.7089612,FALSE
02-07-2011 09:00,76.464806,0.0255,168.4672606,FALSE
04-07-2011 09:00,66.52654,0.017,97.71418195,FALSE
05-07-2011 09:00,125.90094,0.0288,313.281827,FALSE
06-07-2011 09:00,128.96248,0.0127,141.5079501,FALSE
07-07-2011 09:00,76.86625,0.0263,174.6647172,FALSE
08-07-2011 09:00,103.318634,0.0251,224.0609224,FALSE
09-07-2011 09:00,76.12431,0.024,157.8513692,FALSE
11-07-2011 09:00,63.973736,0.0165,91.20095804,FALSE
12-07-2011 09:00,63.73131,0.0114,62.7727911,FALSE
13-07-2011 09:00,75.09649,0.0209,135.6062378,FALSE
14-07-2011 09:00,62.89479,0.0132,71.7302501,FALSE
15-07-2011 09:00,63.907005,0.0179,98.83601765,FALSE
16-07-2011 09:00,136.414,0.028,330.0127488,FALSE
18-07-2011 09:00,344.0514,0.0758,2253.233905,FALSE
19-07-2011 09:00,302.96765,0.0437,1143.908897,FALSE
20-07-2011 09:00,179.74397,0.0191,296.6206891,FALSE
21-07-2011 09:15,143.35765,0.0176,217.9953769,FALSE
22-07-2011 09:00,149.87048,0.0233,301.7072607,FALSE
23-07-2011 09:00,168.47726,0.014,203.7900937,FALSE
25-07-2011 09:00,186.64542,0.0469,756.3171051,FALSE
26-07-2011 09:00,240.6471,0.0717,1490.779907,FALSE
27-07-2011 09:00,285.6536,0.082,2023.798625,FALSE
28-07-2011 09:00,171.71542,0.0145,215.1250782,FALSE
29-07-2011 09:00,140.1638,0.0181,219.193757,FALSE
30-07-2011 09:00,146.09152,0.0238,300.4109144,FALSE
01-08-2011 09:00,155.06651,0.0282,377.8164503,FALSE
02-08-2011 09:00,127.51324,0.0258,284.2423135,FALSE
03-08-2011 09:00,145.12808,0.0311,389.9649561,FALSE
04-08-2011 09:00,138.44829,0.0302,361.2503541,FALSE
05-08-2011 09:00,155.3252,0.0266,356.9745876,FALSE
06-08-2011 09:00,258.9941,0.0681,1523.879845,FALSE
08-08-2011 09:00,193.22906,0.0239,399.0102797,FALSE
09-08-2011 09:00,169.41399,0.0243,355.6880603,FALSE
10-08-2011 09:00,148.04189,0.0324,414.4225452,FALSE
11-08-2011 09:00,134.70575,0.0443,515.5889522,FALSE
12-08-2011 09:00,122.943634,0.0213,226.2556285,FALSE
13-08-2011 09:00,148.20981,0.0503,644.1079775,FALSE
16-08-2011 09:00,134.49762,0.0278,323.0525234,FALSE
17-08-2011 09:00,93.949974,0.0145,117.7005274,FALSE
18-08-2011 09:00,326.10318,0.1437,4048.79273,FALSE
19-08-2011 09:00,204.13026,0.0395,696.6557513,FALSE
20-08-2011 09:00,170.40918,0.0273,401.947541,FALSE
22-08-2011 09:00,169.09525,0.0216,315.5723194,FALSE
23-08-2011 09:00,200.38988,0.0385,666.5768968,FALSE
24-08-2011 09:00,130.26384,0.0151,169.9474162,FALSE
25-08-2011 09:00,133.27042,0.0262,301.6815843,FALSE
26-08-2011 09:00,146.86543,0.0278,352.7590136,FALSE
27-08-2011 09:00,115.71141,0.0249,248.936899,FALSE
29-08-2011 09:00,114.98998,0.0256,254.3394374,FALSE
30-08-2011 09:00,153.24562,0.0296,391.9164784,FALSE
01-09-2011 09:00,563.81055,0.0933,4544.944501,FALSE
02-09-2011 09:00,638.5748,0.0939,5180.731809,FALSE
03-09-2011 09:00,667.6609,0.0672,3876.492598,FALSE
05-09-2011 09:00,277.4582,0.0281,673.6241163,FALSE
06-09-2011 09:00,214.98122,0.0255,473.6466239,FALSE
07-09-2011 09:00,202.52672,0.0455,796.1730417,FALSE
08-09-2011 09:00,152.1788,0.0129,169.6124033,FALSE
10-09-2011 09:00,205.89662,0.083,1476.525841,FALSE
12-09-2011 09:00,140.13089,0.024,290.5754135,FALSE
13-09-2011 09:00,188.77766,0.0577,941.1094928,FALSE
14-09-2011 09:00,197.87685,0.0521,890.7307677,FALSE
15-09-2011 09:00,136.76018,0.0192,226.8687274,FALSE
16-09-2011 09:00,206.85481,0.0311,555.8271487,FALSE
17-09-2011 09:00,125.441895,0.0247,267.7030393,FALSE
19-09-2011 09:00,106.01611,0.014,128.2370867,FALSE
20-09-2011 09:00,101.44884,0.024,210.3643146,FALSE
21-09-2011 09:00,121.20101,0.0255,267.0300652,FALSE
22-09-2011 09:00,90.08037,0.0284,221.0356087,FALSE
23-09-2011 09:00,80.0142,0.0182,125.8207292,FALSE
24-09-2011 09:00,71.483246,0.0212,130.934432,FALSE
26-09-2011 09:00,55.96528,0.0114,55.12356219,FALSE
27-09-2011 09:00,48.245842,0.0162,67.52874013,FALSE
28-09-2011 09:00,41.31041,0.0067,23.91377014,FALSE
29-09-2011 09:00,38.857327,0.0163,54.72355076,FALSE
30-09-2011 09:00,34.536564,0.0191,56.99361938,FALSE
01-10-2011 09:00,34.28569,0.016,47.39653786,FALSE
03-10-2011 09:00,29.640417,0.018,46.09677652,FALSE
04-10-2011 09:00,27.452085,0.0111,26.3276476,FALSE
05-10-2011 09:00,26.576777,0.015,34.44350299,FALSE
07-10-2011 09:00,25.312317,0.0126,27.55600078,FALSE
08-10-2011 09:00,24.392233,0.0133,28.02960278,FALSE
10-10-2011 09:00,22.728294,0.0115,22.58283292,FALSE
11-10-2011 09:00,125.38144,0.0773,837.387531,FALSE
12-10-2011 09:00,44.492912,0.0575,221.0407868,FALSE
13-10-2011 09:00,58.18106,0.0744,373.9971626,FALSE
14-10-2011 09:00,67.920265,0.0345,202.4567259,FALSE
15-10-2011 09:00,97.7842,0.0535,451.9976861,FALSE
17-10-2011 09:00,71.1711,0.0751,461.8036463,FALSE
18-10-2011 09:00,162.7252,0.0773,1086.796048,FALSE
19-10-2011 09:00,97.69049,0.0767,647.3831544,FALSE
20-10-2011 09:00,129.3137,0.0583,651.3686245,FALSE
21-10-2011 09:00,99.43082,0.0605,519.7447823,FALSE
22-10-2011 09:00,105.52803,0.057,519.7044421,FALSE
24-10-2011 09:00,181.43526,0.0832,1304.243738,FALSE
25-10-2011 09:00,132.82707,0.0957,1098.277972,FALSE
27-10-2011 09:00,61.694088,0.0147,78.35642729,FALSE
28-10-2011 09:00,76.82129,0.0436,289.3888723,FALSE
29-10-2011 09:00,55.59148,0.0268,128.7231838,FALSE
31-10-2011 09:00,71.9286,0.0308,191.410636,FALSE
01-11-2011 09:00,55.072433,0.0229,108.964113,FALSE
02-11-2011 09:00,94.986595,0.0416,341.4046192,FALSE
03-11-2011 09:00,145.73544,0.0324,407.9659613,FALSE
04-11-2011 09:00,114.994774,0.0757,752.1210195,FALSE
05-11-2011 09:00,71.237,0.0344,211.7277619,FALSE
08-11-2011 09:00,210.50243,0.0845,1536.836141,FALSE
09-11-2011 09:00,107.48662,0.0289,268.3897907,FALSE
11-11-2011 09:00,67.92112,0.0154,90.37312543,FALSE
12-11-2011 09:00,62.522396,0.0153,82.64960572,FALSE
14-11-2011 09:00,48.383553,0.0142,59.3608135,FALSE
15-11-2011 09:00,44.37106,0.0191,73.22289805,FALSE
16-11-2011 09:00,37.81876,0.0152,49.66662113,FALSE
17-11-2011 09:00,35.059155,0.0108,32.71439871,FALSE
18-11-2011 09:00,33.630432,0.0182,52.88318171,FALSE
19-11-2011 09:00,32.037598,0.0153,42.35114155,FALSE
21-11-2011 09:00,24.404074,0.0108,22.77192953,FALSE
22-11-2011 09:00,23.381655,0.0149,30.10060738,FALSE
23-11-2011 09:00,22.81102,0.0205,40.40287862,FALSE
24-11-2011 09:00,21.84867,0.0111,20.95374848,FALSE
25-11-2011 09:00,20.013842,0.0165,28.53173316,FALSE
26-11-2011 09:00,21.605024,0.0115,21.46675185,FALSE
28-11-2011 09:00,26.41812,0.0155,35.3791463,FALSE
29-11-2011 09:00,24.445335,0.0153,32.31477724,FALSE
30-11-2011 09:00,30.009989,0.0139,36.04079639,FALSE
01-12-2011 09:00,23.301216,0.0194,39.05656621,FALSE
02-12-2011 09:00,21.469011,0.0179,33.20311365,FALSE
03-12-2011 09:00,21.282164,0.0196,36.0400678,FALSE
05-12-2011 09:00,18.593506,0.0138,22.16940907,FALSE
07-12-2011 09:00,14.412306,0.0113,14.07102259,FALSE
08-12-2011 09:00,14.196805,0.0153,18.76704047,FALSE
09-12-2011 09:00,14.106012,0.0168,20.47515854,FALSE
10-12-2011 09:00,13.722095,0.0202,23.94889796,FALSE
12-12-2011 09:00,13.286578,0.0206,23.64798299,FALSE
13-12-2011 08:45,12.642315,0.0193,21.08131311,FALSE
14-12-2011 08:45,12.289793,0.0181,19.21926989,FALSE
15-12-2011 08:45,11.67232,0.0151,15.22817556,FALSE
16-12-2011 08:45,11.029034,0.0166,15.81828172,FALSE
17-12-2011 08:45,10.476126,0.0167,15.11579268,FALSE
19-12-2011 08:45,10.16917,0.0151,13.26710595,FALSE
20-12-2011 08:45,9.489797,0.0136,11.15089107,FALSE
21-12-2011 08:45,9.806806,0.0178,15.08208308,FALSE
22-12-2011 08:45,9.480157,0.0138,11.30338079,FALSE
23-12-2011 08:45,9.224422,0.0229,18.25107239,FALSE
24-12-2011 08:45,9.152081,0.019,15.02405617,FALSE
26-12-2011 08:45,9.105172,0.0184,14.47503824,FALSE
27-12-2011 08:45,8.466871,0.0186,13.60660037,FALSE
28-12-2011 08:45,9.164292,0.0102,8.076307254,FALSE
29-12-2011 08:45,8.993434,0.0146,11.34467738,FALSE
30-12-2011 08:45,8.377559,0.0183,13.24592609,FALSE
31-12-2011 08:45,8.11781,0.0192,13.46647265,FALSE
02-01-2012 08:45,8.362012,0.0096,6.935787233,FALSE
03-01-2012 08:45,7.976326,0.0107,7.37395386,FALSE
04-01-2012 08:45,7.4399486,0.0144,9.25648645,FALSE
05-01-2012 08:45,6.9799995,0.0156,9.407922526,FALSE
06-01-2012 08:45,6.843112,0.0184,10.87890573,FALSE
07-01-2012 08:45,6.11583,0.0113,5.971007146,FALSE
09-01-2012 08:45,6.0038114,0.0161,8.35154181,FALSE
10-01-2012 08:45,5.5141563,0.0161,7.67041198,FALSE
11-01-2012 08:45,4.713548,0.0155,6.312383482,FALSE
12-01-2012 08:45,4.6685376,0.0196,7.905888313,FALSE
13-01-2012 08:45,4.704023,0.0139,5.649343462,FALSE
14-01-2012 08:45,4.5017457,0.017,6.612164084,FALSE
16-01-2012 08:45,4.258661,0.0167,6.144736784,FALSE
17-01-2012 08:45,4.0420327,0.0153,5.343243867,FALSE
18-01-2012 08:45,4.075844,0.0227,7.99387132,FALSE
19-01-2012 08:45,3.4774334,0.0208,6.249365112,FALSE
20-01-2012 08:45,3.847595,0.0156,5.185942445,FALSE
21-01-2012 08:45,3.84994,0.0142,4.723414387,FALSE
23-01-2012 08:45,4.273458,0.018,6.646081882,FALSE
24-01-2012 08:45,3.2749984,0.0178,5.036685539,FALSE
25-01-2012 08:45,3.2620592,0.0153,4.312181298,FALSE
27-01-2012 08:45,2.4293666,0.0185,3.883099573,FALSE
28-01-2012 08:45,2.5874474,0.0202,4.515820198,FALSE
30-01-2012 08:45,3.440391,0.0137,4.072322019,FALSE
31-01-2012 08:45,2.7063904,0.0185,4.325894415,FALSE
01-02-2012 08:45,2.6979377,0.0183,4.265763256,FALSE
02-02-2012 08:45,2.4869604,0.0199,4.275980233,FALSE
03-02-2012 08:45,2.5662203,0.0153,3.392337939,FALSE
04-02-2012 08:45,2.4596229,0.0198,4.207726087,FALSE
06-02-2012 08:45,2.4256744,0.0199,4.170607536,FALSE
07-02-2012 08:45,2.324621,0.0176,3.534911677,FALSE
08-02-2012 08:45,1.6581436,0.0137,1.962711416,FALSE
09-02-2012 08:45,1.8867098,0.0214,3.488450952,FALSE
10-02-2012 08:45,1.8048472,0.015,2.339081971,FALSE
11-02-2012 08:45,1.4486325,0.0222,2.778593026,FALSE
13-02-2012 08:45,1.6473418,0.0192,2.732742365,FALSE
14-02-2012 08:45,1.5642909,0.0166,2.24356858,FALSE
15-02-2012 08:45,1.6082624,0.0128,1.778609553,FALSE
16-02-2012 08:45,2.060065,0.0102,1.815494083,FALSE
17-02-2012 08:45,3.3177023,0.0122,3.49712364,FALSE
18-02-2012 08:45,3.3002381,0.0096,2.73734949,FALSE
19-02-2012 08:00,4.038,0.0118,4.11682176,FALSE
21-02-2012 08:45,4.405696,0.0092,3.501999636,FALSE
22-02-2012 08:45,5.5326953,0.0095,4.541236302,FALSE
24-02-2012 08:45,5.6043735,0.016,7.747485926,FALSE
25-02-2012 08:45,5.581535,0.0173,8.342831995,FALSE
28-02-2012 08:45,2.420939,0.0187,3.911462724,FALSE
29-02-2012 08:45,2.4050364,0.0201,4.176682414,FALSE
01-03-2012 08:45,1.6496037,0.0129,1.8385823,FALSE
02-03-2012 08:45,1.1507821,0.0126,1.252787425,FALSE
03-03-2012 08:45,1.2165334,0.0105,1.1036391,FALSE
05-03-2012 08:45,1.1348382,0.0133,1.304065272,FALSE
06-03-2012 08:45,0.6810755,0.0167,0.982710217,FALSE
07-03-2012 08:45,0.6384827,0.0145,0.799891127,FALSE
08-03-2012 08:45,0.80121243,0.0117,0.809929621,FALSE
09-03-2012 08:45,0.6307543,0.0155,0.844706159,FALSE
10-03-2012 08:45,0.6654295,0.0145,0.833650078,FALSE
12-03-2012 08:45,1.2622603,0.0185,2.017596864,FALSE
13-03-2012 08:45,0.7572164,0.0187,1.223419393,FALSE
14-03-2012 08:45,0.7760325,0.0197,1.320869398,FALSE
16-03-2012 08:45,5.4135857,0.0149,6.969233687,FALSE
17-03-2012 08:45,5.4920607,0.0136,6.453391005,FALSE
19-03-2012 08:45,6.516199,0.0168,9.458393172,FALSE
20-03-2012 08:45,2.5625343,0.0215,4.760163716,FALSE
21-03-2012 08:45,2.4497714,0.0131,2.772749261,FALSE
23-03-2012 08:45,1.1270366,0.0143,1.39247626,FALSE
24-03-2012 08:45,1.057368,0.0128,1.169364419,FALSE
26-03-2012 08:45,0.7952817,0.0152,1.044427551,FALSE
27-03-2012 08:45,0.49028975,0.0171,0.724373688,FALSE
28-03-2012 08:45,0.4527413,0.0175,0.684544846,FALSE
29-03-2012 08:45,0.3967161,0.0185,0.634111014,FALSE
30-03-2012 08:45,0.37482265,0.0184,0.595878056,FALSE
31-03-2012 08:45,3.5309172,0.0206,6.284467669,FALSE
02-04-2012 08:45,5.352701,0.0181,8.370767932,FALSE
03-04-2012 08:45,10.687758,0.0111,10.24998743,FALSE
04-04-2012 08:45,7.743314,0.0122,8.162072421,FALSE
07-04-2012 08:45,5.161455,0.0123,5.485181458,FALSE
09-04-2012 08:45,2.4348154,0.0153,3.218631174,FALSE
10-04-2012 08:45,2.45685,0.0129,2.738306736,FALSE
11-04-2012 08:45,1.9992133,0.0127,2.19369677,FALSE
12-04-2012 08:45,1.847219,0.0136,2.170556214,FALSE
19-04-2012 08:45,0.16739103,0.0146,0.211153741,FALSE
20-04-2012 08:45,0.1645088,0.0166,0.235945101,FALSE
21-04-2012 08:45,0.17739308,0.0193,0.295806509,FALSE
25-04-2012 08:45,7.2415385,0.0152,9.510167681,FALSE
28-04-2012 09:00,49.41362,0.0245,104.5987508,FALSE
30-04-2012 08:45,7.8370166,0.0144,9.750502573,FALSE
01-05-2012 08:45,7.0773582,0.0172,10.51752047,FALSE
03-05-2012 08:45,7.354777,0.0146,9.277609899,FALSE
04-05-2012 08:45,7.438307,0.0163,10.47551651,FALSE
05-05-2012 08:45,6.4913983,0.0171,9.590651504,FALSE
07-05-2012 08:45,3.3080895,0.0151,4.315865885,FALSE
08-05-2012 08:45,2.524025,0.0156,3.401981856,FALSE
09-05-2012 08:45,1.8808849,0.0166,2.697640359,FALSE
10-05-2012 08:45,1.238433,0.0191,2.043711674,FALSE
11-05-2012 08:45,0.86974245,0.017,1.277477711,FALSE
12-05-2012 08:45,1.3270512,0.0212,2.430733142,FALSE
14-05-2012 08:45,10.244199,0.0175,15.48922889,FALSE
15-05-2012 08:45,5.4452405,0.0139,6.539516031,FALSE
16-05-2012 08:45,3.0794322,0.0119,3.166149011,FALSE
17-05-2012 08:45,2.7184024,0.0158,3.710945484,FALSE
18-05-2012 08:45,2.0960295,0.0174,3.151086909,FALSE
19-05-2012 08:45,1.7574525,0.0137,2.080261375,FALSE
22-05-2012 08:45,3.7686386,0.0174,5.665620526,FALSE
23-05-2012 08:45,7.243065,0.0186,11.63989518,FALSE
24-05-2012 08:45,5.4059997,0.0174,8.127163709,FALSE
25-05-2012 08:45,5.2930045,0.0188,8.597533069,FALSE
26-05-2012 08:45,5.265639,0.0172,7.825160805,FALSE
28-05-2012 08:45,5.245433,0.019,8.610902813,FALSE
29-05-2012 08:45,4.167919,0.0154,5.545666305,FALSE
30-05-2012 08:45,4.0109367,0.0193,6.688317166,FALSE
31-05-2012 08:45,4.5186586,0.0148,5.778099125,FALSE
05-06-2012 08:45,2.6458595,0.0146,3.337593008,FALSE
08-06-2012 08:45,14.407571,0.0153,19.04565626,FALSE
09-06-2012 08:45,12.294598,0.0165,17.52717891,FALSE
11-06-2012 08:45,5.3257732,0.0174,8.006554398,FALSE
13-06-2012 08:45,10.648933,0.0161,14.81309176,FALSE
14-06-2012 08:45,15.16663,0.0154,20.18011121,FALSE
16-06-2012 08:45,11.646321,0.0197,19.82297005,FALSE
20-06-2012 09:00,119.92602,0.0388,402.0303954,FALSE
21-06-2012 09:00,90.39491,0.0295,230.3985466,FALSE
22-06-2012 09:00,58.479626,0.0179,90.44225039,FALSE
23-06-2012 09:00,37.15643,0.0172,55.21742749,FALSE
25-06-2012 09:00,31.815659,0.0131,36.01023548,FALSE
26-06-2012 08:45,26.751001,0.0119,27.50430919,FALSE
27-06-2012 09:00,108.67381,0.0216,202.8114112,FALSE
28-06-2012 09:00,40.64713,0.0178,62.51203417,FALSE
29-06-2012 09:00,44.74506,0.0194,74.99987977,FALSE
30-06-2012 09:00,40.780857,0.0131,46.15740519,FALSE
02-07-2012 09:00,77.47618,0.019,127.1848971,FALSE
03-07-2012 09:00,129.52356,0.0188,210.387709,FALSE
04-07-2012 09:00,93.93902,0.0139,112.8170055,FALSE
05-07-2012 09:00,72.243904,0.0178,111.1053448,FALSE
06-07-2012 09:00,49.608532,0.0112,48.00518425,FALSE
07-07-2012 09:00,41.01974,0.0152,53.87040415,FALSE
09-07-2012 09:00,31.858358,0.0103,28.35138995,FALSE
10-07-2012 09:00,83.75334,0.0206,149.0675447,FALSE
11-07-2012 09:00,80.03916,0.0193,133.4669001,FALSE
12-07-2012 09:00,50.853703,0.0199,87.43582279,FALSE
13-07-2012 09:00,42.260887,0.0124,45.2766239,FALSE
14-07-2012 09:00,35.77846,0.0159,49.15101721,FALSE
16-07-2012 09:00,22.507471,0.01,19.44645494,FALSE
17-07-2012 09:00,20.740995,0.0165,29.56836247,FALSE
19-07-2012 08:45,18.217745,0.0045,7.083059256,FALSE
20-07-2012 08:45,19.336702,0.0085,14.20087395,FALSE
21-07-2012 09:00,32.66938,0.0098,27.66181743,FALSE
23-07-2012 09:00,199.31532,0.0655,1127.965259,FALSE
24-07-2012 09:00,131.47926,0.036,408.9530903,FALSE
25-07-2012 09:00,86.47828,0.0116,86.67199135,FALSE
26-07-2012 09:00,109.61986,0.0154,145.8558009,FALSE
27-07-2012 09:00,103.79783,0.0098,87.88769862,FALSE
28-07-2012 09:00,96.57234,0.0108,90.1135819,FALSE
30-07-2012 09:00,58.63261,0.0099,50.15198929,FALSE
31-07-2012 09:00,48.522564,0.0085,35.634971,FALSE
01-08-2012 09:00,44.105457,0.0135,51.44460504,FALSE
02-08-2012 09:00,41.109356,0.0146,51.85698603,FALSE
03-08-2012 09:00,36.501705,0.0092,29.01447527,FALSE
04-08-2012 08:45,35.158195,0.0081,24.60511119,FALSE
06-08-2012 09:00,47.835335,0.0106,43.80951321,FALSE
07-08-2012 09:00,305.5627,0.1285,3392.47932,FALSE
08-08-2012 09:00,154.89256,0.013,173.9753234,FALSE
09-08-2012 09:00,110.5634,0.0107,102.213652,FALSE
10-08-2012 09:00,95.28937,0.0105,86.44651646,FALSE
11-08-2012 09:00,142.68446,0.0179,220.6700785,FALSE
13-08-2012 09:00,94.94599,0.0099,81.21300201,FALSE
14-08-2012 09:00,95.52187,0.0108,89.13336733,FALSE
16-08-2012 09:00,115.076225,0.016,159.0813734,FALSE
17-08-2012 09:00,116.6503,0.0167,168.3123849,FALSE
18-08-2012 09:00,108.88918,0.0111,104.4290792,FALSE
21-08-2012 09:00,55.035755,0.0109,51.83047263,FALSE
22-08-2012 09:00,50.725037,0.0102,44.70296061,FALSE
23-08-2012 09:00,45.79094,0.0089,35.21140122,FALSE
24-08-2012 09:00,41.30771,0.0087,31.05017945,FALSE
25-08-2012 09:00,92.79797,0.0102,81.780995,FALSE
27-08-2012 09:00,66.981636,0.0102,59.02957617,FALSE
28-08-2012 09:00,93.97985,0.0103,83.63454811,FALSE
30-08-2012 09:00,129.59444,0.0169,189.2286175,FALSE
31-08-2012 09:00,170.29996,0.0185,272.2074561,FALSE
01-09-2012 09:00,146.65778,0.0211,267.3629993,FALSE
03-09-2012 09:00,124.83544,0.0122,131.5865406,FALSE
04-09-2012 09:00,163.78943,0.0227,321.2369333,FALSE
05-09-2012 09:00,182.63771,0.022,347.1577592,FALSE
06-09-2012 09:00,120.36929,0.0145,150.7986465,FALSE
07-09-2012 09:00,102.29828,0.0132,116.6691424,FALSE
08-09-2012 09:00,87.57988,0.0139,105.1799327,FALSE
10-09-2012 09:00,188.26778,0.025,406.6584048,FALSE
11-09-2012 09:00,98.39947,0.0154,130.9263988,FALSE
12-09-2012 09:00,87.489265,0.0161,121.7010672,FALSE
13-09-2012 09:00,112.25735,0.0176,170.7030167,FALSE
14-09-2012 09:00,96.51657,0.0154,128.4210874,FALSE
15-09-2012 09:00,85.586296,0.0137,101.3067868,FALSE
17-09-2012 09:00,63.49346,0.0122,66.92718632,FALSE
18-09-2012 09:00,66.28412,0.0147,84.18613513,FALSE
19-09-2012 09:00,50.227127,0.015,65.09435659,FALSE
20-09-2012 08:45,47.1141,0.0149,60.65280778,FALSE
21-09-2012 08:45,40.94819,0.0124,43.87025284,FALSE
22-09-2012 08:45,37.469574,0.0145,46.94188231,FALSE
24-09-2012 08:45,27.503168,0.0143,33.98071413,FALSE
25-09-2012 08:45,25.267359,0.0118,25.76057785,FALSE
26-09-2012 08:45,21.324013,0.0153,28.18863926,FALSE
27-09-2012 08:45,18.778368,0.0173,28.06840222,FALSE
28-09-2012 08:45,21.308054,0.0182,33.50648875,FALSE
29-09-2012 08:45,17.942514,0.0166,25.73387128,FALSE
01-10-2012 08:45,27.345865,0.0165,38.98426514,FALSE
03-10-2012 08:45,26.83981,0.0165,38.26283314,FALSE
04-10-2012 08:45,24.48369,0.0164,34.69240938,FALSE
05-10-2012 08:45,21.422457,0.0155,28.68895441,FALSE
06-10-2012 08:45,17.691172,0.0164,25.06768308,FALSE
08-10-2012 08:45,16.114874,0.0138,19.21408657,FALSE
09-10-2012 08:45,15.108798,0.0135,17.62290199,FALSE
10-10-2012 08:45,17.19917,0.0134,19.91251106,FALSE
11-10-2012 08:45,20.107521,0.0145,25.19070231,FALSE
12-10-2012 08:45,24.740425,0.0155,33.13237716,FALSE
13-10-2012 08:45,41.05788,0.0156,55.33945298,FALSE
15-10-2012 08:45,95.303696,0.0233,191.8577765,FALSE
16-10-2012 08:45,45.544083,0.0166,65.3211456,FALSE
17-10-2012 08:45,87.82526,0.0186,141.1387058,FALSE
18-10-2012 08:45,51.57182,0.018,80.20449446,FALSE
19-10-2012 08:45,43.871437,0.0165,62.54312059,FALSE
20-10-2012 08:45,41.17255,0.0155,55.13827896,FALSE
22-10-2012 08:45,37.135494,0.0188,60.31992561,FALSE
23-10-2012 08:45,32.928608,0.018,51.21057116,FALSE
25-10-2012 08:45,25.140543,0.0177,38.4469296,FALSE
27-10-2012 08:45,20.92773,0.0154,27.84560043,FALSE
29-10-2012 08:45,16.62589,0.0163,23.4145734,FALSE
30-10-2012 08:45,15.48048,0.0156,20.86521016,FALSE
31-10-2012 08:45,15.43833,0.013,17.34033226,FALSE
01-11-2012 08:45,16.86438,0.0113,16.46503148,FALSE
02-11-2012 09:00,52.261894,0.018,81.27769755,FALSE
03-11-2012 09:00,36.83641,0.0187,59.51585091,FALSE
05-11-2012 08:45,19.18176,0.0128,21.21349202,FALSE
06-11-2012 08:45,19.219088,0.0128,21.2547738,FALSE
07-11-2012 08:45,17.345201,0.0114,17.08432918,FALSE
08-11-2012 08:45,28.845762,0.0164,40.87329092,FALSE
09-11-2012 08:45,27.795261,0.0171,41.06583041,FALSE
10-11-2012 08:45,22.22846,0.0156,29.96040753,FALSE
12-11-2012 09:00,49.25132,0.022,93.61690906,FALSE
14-11-2012 08:45,17.335573,0.0146,21.86778521,FALSE
15-11-2012 08:45,15.636615,0.0147,19.85975198,FALSE
16-11-2012 08:45,14.109406,0.013,15.84768482,FALSE
17-11-2012 08:45,12.897676,0.0115,12.81513087,FALSE
19-11-2012 08:45,12.138239,0.011,11.53618235,FALSE
20-11-2012 08:45,11.567536,0.0111,11.09372973,FALSE
21-11-2012 08:45,11.171283,0.0103,9.941548167,FALSE
22-11-2012 08:45,10.234293,0.0134,11.84885506,FALSE
23-11-2012 08:45,10.167156,0.0122,10.7169958,FALSE
26-11-2012 08:45,10.539395,0.0143,13.02163331,FALSE
27-11-2012 08:45,9.684923,0.0104,8.702484411,FALSE
29-11-2012 08:45,7.8081093,0.0095,6.408896113,FALSE
30-11-2012 08:45,7.7438045,0.0092,6.155395321,FALSE
01-12-2012 08:45,7.696138,0.0157,10.43965727,FALSE
03-12-2012 08:45,7.4240866,0.0118,7.56900477,FALSE
04-12-2012 08:45,7.3400273,0.0107,6.785708438,FALSE
05-12-2012 08:45,7.2476463,0.0109,6.825543379,FALSE
06-12-2012 08:45,6.631436,0.015,8.594341056,FALSE
07-12-2012 08:45,6.0098777,0.0134,6.957996006,FALSE
08-12-2012 08:45,5.9369793,0.015,7.694325173,FALSE
10-12-2012 08:45,5.424066,0.015,7.029589536,FALSE
11-12-2012 08:45,5.625898,0.0208,10.11041381,FALSE
12-12-2012 08:45,5.4861655,0.0166,7.868478007,FALSE
13-12-2012 09:00,6.2391076,0.0201,10.83508382,FALSE
14-12-2012 08:45,7.636139,0.0246,16.23015528,FALSE
15-12-2012 09:00,8.331257,0.0168,12.09298616,FALSE
17-12-2012 08:45,8.216895,0.0174,12.35295127,FALSE
18-12-2012 08:45,7.621367,0.0179,11.78690135,FALSE
19-12-2012 08:45,7.161366,0.0204,12.62233726,FALSE
20-12-2012 08:45,7.217627,0.0162,10.10236816,FALSE
21-12-2012 08:45,7.9230595,0.021,14.37559916,FALSE
22-12-2012 08:45,7.038071,0.0187,11.37127055,FALSE
24-12-2012 08:45,4.4572296,0.0238,9.165490371,FALSE
26-12-2012 08:45,4.405536,0.0171,6.508915108,FALSE
27-12-2012 08:45,3.034823,0.0201,5.270395015,FALSE
28-12-2012 08:45,3.2752092,0.0171,4.83892508,FALSE
29-12-2012 08:45,5.545683,0.0147,7.043461065,FALSE
31-12-2012 08:45,6.8544416,0.0139,8.231910184,FALSE
01-01-2013 08:45,6.9758105,0.0097,5.846287264,FALSE
02-01-2013 08:45,6.877063,0.0112,6.654796324,FALSE
03-01-2013 08:45,6.7399836,0.0123,7.162715371,FALSE
04-01-2013 08:45,6.2205462,0.0134,7.201899569,FALSE
05-01-2013 08:45,6.2949357,0.0133,7.233636512,FALSE
07-01-2013 08:45,6.577858,0.0109,6.19476355,FALSE
08-01-2013 08:45,6.287,0.0111,6.02948448,FALSE
09-01-2013 08:45,5.045723,0.0118,5.144215513,FALSE
10-01-2013 08:45,3.5494146,0.01,3.066694214,FALSE
11-01-2013 08:45,3.0782735,0.0095,2.526646889,FALSE
12-01-2013 08:45,2.6440322,0.0092,2.101688315,FALSE
15-01-2013 08:45,1.9256482,0.0121,2.013149654,FALSE
16-01-2013 08:45,1.826,0.0148,2.33494272,FALSE
17-01-2013 08:45,1.8057064,0.0118,1.840953789,FALSE
18-01-2013 08:45,1.606,0.0123,1.70672832,FALSE
19-01-2013 08:45,1.429,0.0155,1.9137168,FALSE
21-01-2013 08:45,1.592,0.0176,2.42085888,FALSE
22-01-2013 08:45,1.344,0.019,2.2063104,FALSE
23-01-2013 08:45,1.585,0.0159,2.1774096,FALSE
25-01-2013 08:45,1.518,0.0156,2.04602112,FALSE
28-01-2013 08:45,1.564,0.0187,2.52692352,FALSE
29-01-2013 08:45,1.527,0.0176,2.32201728,FALSE
30-01-2013 08:45,1.437,0.02,2.483136,FALSE
31-01-2013 08:45,1.167,0.0203,2.04682464,FALSE
01-02-2013 08:45,0.914,0.0244,1.92685824,FALSE
02-02-2013 08:45,1.038,0.0247,2.21517504,FALSE
04-02-2013 08:45,0.316,0.0198,0.54058752,FALSE
06-02-2013 08:45,0.231,0.0176,0.35126784,FALSE
07-02-2013 08:45,0.225,0.0142,0.276048,FALSE
08-02-2013 08:45,0.212,0.0152,0.27841536,FALSE
09-02-2013 08:00,0,0,0,TRUE
11-02-2013 08:45,0.17567125,0.015,0.22766994,FALSE
12-02-2013 08:45,0.25324753,0.0163,0.356653561,FALSE
13-02-2013 08:45,0.21868968,0.0157,0.296648177,FALSE
14-02-2013 08:45,0.21927382,0.015,0.284178871,FALSE
15-02-2013 08:45,0.14871663,0.0128,0.164468695,FALSE
20-02-2013 08:45,1.9914683,0.0133,2.288436053,FALSE
21-02-2013 08:45,2.4505827,0.017,3.59941587,FALSE
22-02-2013 08:45,2.0304887,0.0143,2.508709399,FALSE
23-02-2013 08:45,2.045822,0.0187,3.305393689,FALSE
25-02-2013 08:45,1.7394099,0.0139,2.088961714,FALSE
26-02-2013 08:45,1.8699008,0.0165,2.66573058,FALSE
27-02-2013 08:45,1.9863603,0.0201,3.449592751,FALSE
28-02-2013 08:45,1.799337,0.0164,2.549588556,FALSE
01-03-2013 08:45,1.8799534,0.016,2.59884758,FALSE
02-03-2013 08:45,1.7467628,0.0156,2.354356772,FALSE
04-03-2013 08:45,1.2839866,0.012,1.331237307,FALSE
05-03-2013 08:45,0.6208902,0.0131,0.702748364,FALSE
06-03-2013 08:45,0.5423129,0.0164,0.768435687,FALSE
07-03-2013 08:45,0.16845013,0.0152,0.221222187,FALSE
08-03-2013 08:45,0.21628104,0.0134,0.250401537,FALSE
09-03-2013 08:45,0.2152671,0.0123,0.228768653,FALSE
11-03-2013 08:45,0.16423406,0.0091,0.129127387,FALSE
12-03-2013 08:45,0.18339933,0.0084,0.133103898,FALSE
13-03-2013 08:45,0.1591157,0.0073,0.100357454,FALSE
14-03-2013 08:45,0.1498138,0.0085,0.110023255,FALSE
15-03-2013 08:45,0.1305647,0.0061,0.068812819,FALSE
16-03-2013 08:45,0.09294679,0.0047,0.037743832,FALSE
19-03-2013 08:45,0.72564065,0.0032,0.200625127,FALSE
20-03-2013 08:45,0.93597597,0.0036,0.291125966,FALSE
21-03-2013 08:45,1.0405486,0.014,1.258647587,FALSE
22-03-2013 08:45,1.0151248,0.0167,1.464703271,FALSE
23-03-2013 08:45,1.5001051,0.0169,2.190393463,FALSE
25-03-2013 08:45,1.9369636,0.015,2.510304826,FALSE
26-03-2013 08:45,2.4060252,0.0156,3.242937006,FALSE
27-03-2013 08:45,2.1724012,0.0166,3.115744697,FALSE
28-03-2013 08:45,7.4721837,0.0198,12.7828141,FALSE
30-03-2013 08:45,3.0678587,0.0199,5.274753534,FALSE
01-04-2013 08:45,3.420056,0.0132,3.900505467,FALSE
02-04-2013 08:45,1.9719085,0.0103,1.754840812,FALSE
03-04-2013 08:45,2.0160177,0.0108,1.881186436,FALSE
04-04-2013 08:45,2.1731915,0.0109,2.046624827,FALSE
06-04-2013 08:45,0.98472536,0.0066,0.561529789,FALSE
08-04-2013 08:45,0.5603942,0.0042,0.203355847,FALSE
09-04-2013 08:45,0.43970922,0.0065,0.246940698,FALSE
10-04-2013 08:45,0.38392764,0.0056,0.185759549,FALSE
11-04-2013 08:45,0.2862415,0.0043,0.106344442,FALSE
12-04-2013 08:45,0.28057924,0.0042,0.101816595,FALSE
13-04-2013 08:45,0.252252,0.0038,0.082819377,FALSE
15-04-2013 08:45,0.22020417,0.0034,0.064687177,FALSE
16-04-2013 08:45,0.115326114,0.0019,0.018931935,FALSE
17-04-2013 08:45,0.11526226,0.0019,0.018921453,FALSE
18-04-2013 08:45,0.111465134,0.0017,0.016371999,FALSE
19-04-2013 08:45,0.07988199,0.0012,0.008282165,FALSE
20-04-2013 08:45,0.08428468,0.0012,0.008738636,FALSE
22-04-2013 08:00,0,0,0,TRUE
23-04-2013 08:00,0,0,0,TRUE
24-04-2013 08:00,0,0,0,TRUE
25-04-2013 08:00,0,0,0,TRUE
26-04-2013 08:00,0,0,0,TRUE
27-04-2013 08:00,0,0,0,TRUE
28-04-2013 08:00,0,0,0,TRUE
03-05-2013 08:45,1.3765182,0.0045,0.535190276,FALSE
04-05-2013 08:45,1.2136066,0.0035,0.366994636,FALSE
06-05-2013 08:45,1.0704396,0.0024,0.221966355,FALSE
07-05-2013 08:45,1.5966185,0.0045,0.620765273,FALSE
08-05-2013 08:45,1.6367124,0.004,0.565647805,FALSE
10-05-2013 08:45,1.0298505,0.0028,0.249141433,FALSE
11-05-2013 08:45,0.90558356,0.0017,0.133012113,FALSE
13-05-2013 08:45,0.7218269,0.0026,0.162151195,FALSE
14-05-2013 08:45,0.55506045,0.002,0.095914446,FALSE
17-05-2013 08:45,0.32522282,0.0013,0.036529027,FALSE
18-05-2013 08:45,0.21054362,0.0008,0.014552775,FALSE
22-05-2013 08:45,0.5708918,0.0013,0.064122567,FALSE
23-05-2013 08:45,0.6533341,0.0015,0.084672099,FALSE
24-05-2013 08:45,0.6589831,0.0015,0.08540421,FALSE
01-06-2013 09:00,27.405682,0.0038,8.997833514,FALSE
03-06-2013 08:45,35.33328,0.0049,14.95869742,FALSE
04-06-2013 09:00,48.143063,0.0056,23.2935396,FALSE
05-06-2013 09:00,19.665466,0.0027,4.587559908,FALSE
06-06-2013 09:00,19.948717,0.003,5.170707446,FALSE
07-06-2013 09:00,27.976412,0.0052,12.56924238,FALSE
08-06-2013 09:00,18.514286,0.0039,6.238573811,FALSE
10-06-2013 09:00,34.635273,0.0114,34.11435849,FALSE
11-06-2013 09:00,46.239918,0.0107,42.74787939,FALSE
12-06-2013 09:00,83.01659,0.0125,89.6579172,FALSE
13-06-2013 09:00,73.15202,0.0114,72.05181362,FALSE
14-06-2013 09:00,120.23768,0.017,176.6051044,FALSE
15-06-2013 09:00,159.70407,0.0192,264.9298876,FALSE
19-06-2013 09:00,174.65118,0.0105,158.4435505,FALSE
20-06-2013 09:00,122.40239,0.0084,88.83475857,FALSE
21-06-2013 09:00,99.71255,0.0061,52.55250235,FALSE
22-06-2013 09:00,219.88208,0.0082,155.782056,FALSE
25-06-2013 09:00,577.68414,0.245,12228.41788,FALSE
26-06-2013 09:00,619.4504,0.2308,12352.53476,FALSE
28-06-2013 09:00,222.04575,0.0094,180.3366763,FALSE
29-06-2013 09:00,151.32353,0.0115,150.3550594,FALSE
01-07-2013 09:00,92.36106,0.0087,69.42596158,FALSE
02-07-2013 09:00,82.60338,0.0094,67.0871611,FALSE
03-07-2013 09:00,305.02966,0.0155,408.4957207,FALSE
04-07-2013 09:00,556.8797,0.0131,630.2987196,FALSE
05-07-2013 09:00,415.15427,0.0124,444.7796787,FALSE
08-07-2013 09:00,171.92638,0.0092,136.6608409,FALSE
09-07-2013 09:00,173.25298,0.0096,143.7029517,FALSE
10-07-2013 09:00,210.58113,0.0106,192.8586221,FALSE
11-07-2013 09:30,169.83603,0.0088,129.1297303,FALSE
12-07-2013 09:00,203.54633,0.0128,225.1059573,FALSE
13-07-2013 09:00,209.97476,0.0095,172.347283,FALSE
15-07-2013 09:00,136.44714,0.0044,51.87174474,FALSE
16-07-2013 09:00,131.37364,0.005,56.75341248,FALSE
17-07-2013 09:00,177.17137,0.0095,145.4222605,FALSE
18-07-2013 09:00,200.26262,0.0122,211.0928225,FALSE
19-07-2013 09:00,315.5538,0.017,463.4854214,FALSE
20-07-2013 09:00,403.14053,0.0272,947.4124967,FALSE
22-07-2013 09:00,315.03064,0.017,462.717004,FALSE
23-07-2013 09:00,217.65814,0.0158,297.1294801,FALSE
24-07-2013 09:00,219.70023,0.0151,286.6297081,FALSE
25-07-2013 09:00,293.6325,0.0202,512.4709296,FALSE
26-07-2013 09:00,358.5047,0.0247,765.0777102,FALSE
27-07-2013 09:00,382.05237,0.0263,868.1452414,FALSE
29-07-2013 09:00,238.1552,0.0158,325.1104266,FALSE
30-07-2013 09:00,160.2391,0.0115,159.2135698,FALSE
31-07-2013 09:00,221.94872,0.0148,283.8102672,FALSE
01-08-2013 09:00,200.93199,0.0165,286.4486449,FALSE
02-08-2013 09:00,575.58307,0.027,1342.720186,FALSE
05-08-2013 09:00,266.72418,0.0109,251.1901638,FALSE
06-08-2013 09:00,297.74234,0.0117,300.9817767,FALSE
07-08-2013 09:00,220.46855,0.0098,186.6751307,FALSE
08-08-2013 09:00,160.44504,0.0051,70.69850243,FALSE
10-08-2013 09:00,135.22415,0.0042,49.07013955,FALSE
12-08-2013 09:00,101.241936,0.0037,32.3650221,FALSE
13-08-2013 09:00,96.2493,0.0045,37.42172784,FALSE
14-08-2013 09:00,93.794,0.0044,35.65672704,FALSE
16-08-2013 09:00,70.887115,0.0042,25.72351629,FALSE
17-08-2013 09:00,94.829025,0.0061,49.97868934,FALSE
19-08-2013 09:00,67.1444,0.0039,22.62497702,FALSE
20-08-2013 09:00,58.931606,0.0036,18.33008673,FALSE
21-08-2013 09:00,66.758156,0.0037,21.34124731,FALSE
22-08-2013 09:00,51.02376,0.0039,17.19296617,FALSE
23-08-2013 09:00,47.17649,0.0027,11.00533159,FALSE
24-08-2013 09:00,48.90579,0.0027,11.40874269,FALSE
26-08-2013 09:00,42.604694,0.0024,8.834509348,FALSE
27-08-2013 09:00,58.198563,0.0043,21.62193013,FALSE
28-08-2013 09:00,38.566956,0.0045,14.99483249,FALSE
29-08-2013 09:00,58.6892,0.0041,20.79006221,FALSE
30-08-2013 09:00,58.551537,0.0052,26.30603454,FALSE
31-08-2013 09:00,38.01095,0.0026,8.538779808,FALSE
02-09-2013 09:00,154.16853,0.0142,189.1462861,FALSE
03-09-2013 09:00,58.70352,0.0159,80.64454764,FALSE
04-09-2013 09:00,144.93631,0.0105,131.4862204,FALSE
05-09-2013 09:00,54.5231,0.0088,41.45500339,FALSE
06-09-2013 09:00,107.06,0.0084,77.6998656,FALSE
07-09-2013 09:00,79.54786,0.0081,55.67077434,FALSE
10-09-2013 09:00,150.56158,0.0153,199.0303638,FALSE
11-09-2013 09:00,128.18451,0.0106,117.3965016,FALSE
12-09-2013 09:00,90.21277,0.0088,68.59057329,FALSE
13-09-2013 09:00,205.61198,0.0132,234.496351,FALSE
14-09-2013 09:00,173.51509,0.0112,167.9070823,FALSE
17-09-2013 09:00,241.07904,0.0101,210.3752135,FALSE
20-09-2013 09:00,203.41498,0.0074,130.0554016,FALSE
21-09-2013 09:00,165.23961,0.0058,82.80487336,FALSE
23-09-2013 09:00,135.22461,0.0043,50.23864711,FALSE
24-09-2013 09:00,102.65478,0.0044,39.02524116,FALSE
25-09-2013 09:00,91.07732,0.0039,30.68941375,FALSE
26-09-2013 09:00,69.184616,0.0031,18.53040755,FALSE
27-09-2013 09:00,56.628407,0.0031,15.16735253,FALSE
28-09-2013 09:00,52.773293,0.0035,15.9586438,FALSE
30-09-2013 09:00,54.33408,0.0041,19.2473045,FALSE
01-10-2013 09:00,57.645725,0.0035,17.43206724,FALSE
03-10-2013 09:00,47.465065,0.0038,15.58373014,FALSE
04-10-2013 09:00,39.830925,0.0038,13.0772893,FALSE
05-10-2013 09:00,37.59701,0.0043,13.96804116,FALSE
07-10-2013 09:00,37.673862,0.0041,13.34558887,FALSE
08-10-2013 09:00,35.293205,0.0039,11.89239836,FALSE
09-10-2013 09:00,35.039978,0.0043,13.01805263,FALSE
10-10-2013 09:00,57.288532,0.004,19.79891666,FALSE
11-10-2013 09:00,36.37642,0.0042,13.20027529,FALSE
12-10-2013 09:00,31.018763,0.0162,43.4163422,FALSE
14-10-2013 09:00,32.55823,0.017,47.82152822,FALSE
15-10-2013 09:00,30.542305,0.0378,99.74872475,FALSE
17-10-2013 09:00,33.502655,0.0167,48.34031085,FALSE
18-10-2013 09:00,47.996426,0.0287,119.0157776,FALSE
21-10-2013 09:00,57.624794,0.0261,129.9462155,FALSE
22-10-2013 09:00,155.68257,0.0175,235.3920458,FALSE
23-10-2013 09:00,193.40111,0.014,233.9379827,FALSE
24-10-2013 09:00,148.33203,0.0301,385.7582105,FALSE
25-10-2013 09:00,115.22367,0.0092,91.58899081,FALSE
26-10-2013 09:00,104.54409,0.0117,105.6815297,FALSE
28-10-2013 09:00,58.79428,0.0077,39.1146586,FALSE
29-10-2013 09:00,48.810574,0.0059,24.8816782,FALSE
30-10-2013 09:00,41.70924,0.0093,33.51420852,FALSE
31-10-2013 09:00,37.892925,0.009,29.46553848,FALSE
01-11-2013 09:00,47.685886,0.0103,42.43662367,FALSE
04-11-2013 09:00,33.3081,0.0105,30.21710832,FALSE
05-11-2013 09:00,29.310417,0.0082,20.76584424,FALSE
06-11-2013 09:00,26.776365,0.0077,17.81378011,FALSE
07-11-2013 09:00,24.569498,0.0066,14.01051054,FALSE
08-11-2013 09:00,22.775137,0.0053,10.42919074,FALSE
09-11-2013 09:00,21.549309,0.0072,13.40539414,FALSE
11-11-2013 09:00,20.771576,0.0071,12.74211558,FALSE
12-11-2013 09:00,18.059227,0.006,9.361903277,FALSE
13-11-2013 09:00,21.360764,0.0069,12.73443307,FALSE
15-11-2013 09:00,26.828716,0.0087,20.16660924,FALSE
16-11-2013 09:00,29.164286,0.0089,22.42616936,FALSE
18-11-2013 09:00,16.599041,0.0069,9.895684283,FALSE
19-11-2013 09:00,17.11472,0.0076,11.23820974,FALSE
20-11-2013 09:00,18.32284,0.0066,10.44841628,FALSE
21-11-2013 09:00,21.987906,0.0075,14.24816309,FALSE
22-11-2013 09:00,20.182566,0.0081,14.12456699,FALSE
23-11-2013 09:00,20.975357,0.0069,12.50466883,FALSE
25-11-2013 09:00,20.455194,0.0069,12.19456846,FALSE
26-11-2013 09:00,21.02636,0.0084,15.26009103,FALSE
27-11-2013 09:00,17.151031,0.0057,8.446539747,FALSE
28-11-2013 09:00,20.48897,0.0062,10.97553145,FALSE
29-11-2013 09:00,17.079332,0.0064,9.444187423,FALSE
30-11-2013 09:00,21.035961,0.0071,12.90429992,FALSE
02-12-2013 09:00,23.289429,0.0076,15.29277066,FALSE
05-12-2013 09:00,16.754667,0.0059,8.54085905,FALSE
06-12-2013 09:00,15.463083,0.0057,7.615259116,FALSE
07-12-2013 09:00,12.143824,0.0054,5.665822525,FALSE
09-12-2013 09:00,11.902048,0.0049,5.038851041,FALSE
10-12-2013 08:45,10.218288,0.0049,4.326014408,FALSE
11-12-2013 08:45,10.1205,0.006,5.2464672,FALSE
12-12-2013 08:45,9.751568,0.0051,4.296930924,FALSE
13-12-2013 08:45,9.017237,0.0048,3.739628529,FALSE
14-12-2013 08:45,8.638795,0.0048,3.582681062,FALSE
16-12-2013 08:45,7.8168974,0.0042,2.836595729,FALSE
17-12-2013 08:45,8.003885,0.0048,3.319371187,FALSE
18-12-2013 08:45,8.312839,0.0052,3.734792306,FALSE
20-12-2013 08:45,7.5685997,0.0053,3.465813175,FALSE
21-12-2013 08:45,6.2628517,0.0058,3.138440244,FALSE
23-12-2013 08:45,5.9398484,0.0053,2.719975379,FALSE
24-12-2013 08:45,5.1712785,0.0056,2.502071389,FALSE
26-12-2013 08:45,4.6558614,0.0064,2.57450512,FALSE
27-12-2013 08:45,4.613729,0.0062,2.471482351,FALSE
28-12-2013 08:45,4.5484447,0.0068,2.67230223,FALSE
30-12-2013 08:45,4.7996063,0.0068,2.819864693,FALSE
31-12-2013 08:45,3.8040829,0.0072,2.36644389,FALSE
01-01-2014 08:45,2.7198954,0.0059,1.386493879,FALSE
02-01-2014 08:45,2.3827448,0.0054,1.111693414,FALSE
03-01-2014 08:45,2.3434815,0.0046,0.931393287,FALSE
04-01-2014 08:45,2.8006792,0.0056,1.355080624,FALSE
06-01-2014 08:45,2.341642,0.0052,1.052052918,FALSE
07-01-2014 08:45,4.6469474,0.008,3.211970043,FALSE
08-01-2014 08:45,1.6578624,0.0056,0.802140144,FALSE
09-01-2014 08:45,4.767986,0.0073,3.00726413,FALSE
10-01-2014 08:45,3.4242418,0.0059,1.7455415,FALSE
11-01-2014 08:45,3.2431285,0.0053,1.485093403,FALSE
13-01-2014 08:45,1.95711,0.0046,0.777833798,FALSE
15-01-2014 08:45,1.9997692,0.005,0.863900294,FALSE
16-01-2014 08:45,1.8413088,0.0045,0.715900861,FALSE
17-01-2014 08:45,1.7551101,0.0055,0.83402832,FALSE
18-01-2014 08:45,1.7683887,0.0046,0.702828405,FALSE
20-01-2014 08:45,1.9128803,0.0053,0.875946147,FALSE
21-01-2014 08:45,1.9266611,0.005,0.832317595,FALSE
22-01-2014 08:45,1.7912338,0.0048,0.742860482,FALSE
23-01-2014 08:45,1.778853,0.0055,0.845310946,FALSE
24-01-2014 08:45,1.734178,0.0053,0.79411479,FALSE
25-01-2014 08:45,1.7603642,0.0057,0.866944161,FALSE
27-01-2014 08:45,1.6991067,0.0055,0.807415504,FALSE
28-01-2014 08:45,1.7469596,0.0052,0.784874009,FALSE
29-01-2014 08:45,1.6220138,0.0044,0.616624766,FALSE
30-01-2014 08:45,1.3735653,0.0059,0.700188647,FALSE
31-01-2014 08:45,1.2306647,0.0061,0.648609523,FALSE
01-02-2014 08:30,1.3093696,0.0095,1.074730568,FALSE
03-02-2014 08:45,1.1541114,0.0083,0.827636367,FALSE
05-02-2014 08:30,0.49272203,0.0036,0.15325626,FALSE
07-02-2014 08:45,0.61535865,0.0045,0.239251443,FALSE
08-02-2014 08:30,0.6991513,0.005,0.302033362,FALSE
13-02-2014 08:45,2.4839106,0.0049,1.051588392,FALSE
14-02-2014 08:45,3.3224053,0.0051,1.463984671,FALSE
15-02-2014 08:45,2.1042852,0.0069,1.254490665,FALSE
17-02-2014 08:45,3.3492866,0.0066,1.909897191,FALSE
18-02-2014 08:45,3.6347716,0.0062,1.947074451,FALSE
19-02-2014 08:45,3.3923676,0.0068,1.993083812,FALSE
20-02-2014 08:45,2.2090337,0.0062,1.183335172,FALSE
22-02-2014 08:45,2.8438756,0.0046,1.130269918,FALSE
25-02-2014 08:45,2.6103737,0.0053,1.195342325,FALSE
28-02-2014 08:45,0.96999586,0.0051,0.427418976,FALSE
01-03-2014 08:45,0.8480073,0.0051,0.373665937,FALSE
03-03-2014 08:45,0.62897515,0.0055,0.298888991,FALSE
04-03-2014 08:00,0.6178513,0.006,0.320294114,FALSE
05-03-2014 08:45,0.7051087,0.0069,0.420357603,FALSE
07-03-2014 08:45,1.3490869,0.0056,0.652742206,FALSE
08-03-2014 08:45,2.0147943,0.0059,1.027061542,FALSE
12-03-2014 08:45,2.9000556,0.0056,1.403162902,FALSE
13-03-2014 08:45,2.219862,0.0055,1.054878422,FALSE
14-03-2014 08:45,2.3592837,0.006,1.22305267,FALSE
15-03-2014 08:45,2.1109204,0.0055,1.003109374,FALSE
17-03-2014 08:45,1.452214,0.006,0.752827738,FALSE
18-03-2014 08:45,1.170477,0.0044,0.444968536,FALSE
19-03-2014 08:45,1.7051276,0.0043,0.633489006,FALSE
20-03-2014 08:45,1.9823523,0.0048,0.822121146,FALSE
21-03-2014 08:45,1.837118,0.0043,0.682526079,FALSE
22-03-2014 08:45,1.9539075,0.0049,0.827206279,FALSE
24-03-2014 08:45,2.8842735,0.0042,1.046645168,FALSE
26-03-2014 08:45,1.920218,0.0038,0.630445974,FALSE
29-03-2014 08:45,2.544396,0.0047,1.033228328,FALSE
31-03-2014 08:45,2.338301,0.0049,0.989943111,FALSE
01-04-2014 08:45,2.091,0.0049,0.88524576,FALSE
02-04-2014 08:45,2.41,0.0059,1.2285216,FALSE
03-04-2014 08:45,2.453,0.006,1.2716352,FALSE
07-04-2014 08:45,0.842,0.0073,0.53106624,FALSE
08-04-2014 08:45,0.832,0.0072,0.51757056,FALSE
09-04-2014 08:45,1.73,0.0059,0.8818848,FALSE
11-04-2014 08:45,6.352,0.0067,3.67704576,FALSE
12-04-2014 08:00,0,0,0,TRUE
13-04-2014 08:00,0,0,0,TRUE
14-04-2014 08:00,0,0,0,TRUE
15-04-2014 08:00,0,0,0,TRUE
16-04-2014 08:00,0,0,0,TRUE
17-04-2014 08:00,0,0,0,TRUE
18-04-2014 08:00,0,0,0,TRUE
19-04-2014 08:00,0,0,0,TRUE
20-04-2014 08:00,0,0,0,TRUE
21-04-2014 08:00,0,0,0,TRUE
22-04-2014 08:00,0,0,0,TRUE
23-04-2014 08:00,0,0,0,TRUE
24-04-2014 08:00,0,0,0,TRUE
25-04-2014 08:00,0,0,0,TRUE
26-04-2014 08:00,0,0,0,TRUE
27-04-2014 08:00,0,0,0,TRUE
28-04-2014 08:00,0,0,0,TRUE
29-04-2014 08:00,0,0,0,TRUE
30-04-2014 08:00,0,0,0,TRUE
01-05-2014 08:00,0,0,0,TRUE
02-05-2014 08:00,0,0,0,TRUE
03-05-2014 08:00,0,0,0,TRUE
04-05-2014 08:00,0,0,0,TRUE
05-05-2014 08:00,0,0,0,TRUE
06-05-2014 08:00,0,0,0,TRUE
07-05-2014 08:00,0,0,0,TRUE
08-05-2014 08:00,0,0,0,TRUE
09-05-2014 08:00,0,0,0,TRUE
10-05-2014 08:00,0,0,0,TRUE
11-05-2014 08:00,0,0,0,TRUE
12-05-2014 08:00,0,0,0,TRUE
13-05-2014 08:00,0,0,0,TRUE
14-05-2014 08:00,0,0,0,TRUE
15-05-2014 08:00,0,0,0,TRUE
16-05-2014 08:00,0,0,0,TRUE
17-05-2014 08:00,0,0,0,TRUE
18-05-2014 08:00,0,0,0,TRUE
19-05-2014 08:00,0,0,0,TRUE
20-05-2014 08:00,0,0,0,TRUE
21-05-2014 08:00,0,0,0,TRUE
22-05-2014 08:00,0,0,0,TRUE
23-05-2014 08:00,0,0,0,TRUE
24-05-2014 08:00,0,0,0,TRUE
26-05-2014 08:00,0,0,0,TRUE
27-05-2014 08:00,0,0,0,TRUE
28-05-2014 08:00,0,0,0,TRUE
29-05-2014 08:00,0,0,0,TRUE
30-05-2014 08:00,0,0,0,TRUE
31-05-2014 08:00,0,0,0,TRUE
19-06-2014 09:00,193.77286,0.0105,175.7907386,FALSE
20-06-2014 09:00,170.6645,0.004,58.9816512,FALSE
21-06-2014 09:00,231.67616,0.0058,116.0975573,FALSE
23-06-2014 09:00,103.09663,0.0041,36.52095021,FALSE
24-06-2014 09:00,57.821987,0.0039,19.48369674,FALSE
27-06-2014 09:00,14.721415,0.0049,6.232458254,FALSE
28-06-2014 09:00,10.872733,0.0056,5.260663135,FALSE
01-07-2014 09:00,11.804899,0.0021,2.141880875,FALSE
02-07-2014 09:00,11.528409,0.0027,2.689347252,FALSE
03-07-2014 09:00,9.788783,0.0029,2.452677468,FALSE
14-07-2014 09:00,212.86345,0.0084,154.4877775,FALSE
15-07-2014 09:00,279.31992,0.0071,171.3460117,FALSE
16-07-2014 09:00,198.4806,0.0074,126.9005564,FALSE
17-07-2014 09:00,199.05927,0.0057,98.03270929,FALSE
18-07-2014 09:00,121.96144,0.0039,41.09612682,FALSE
19-07-2014 09:00,123.29729,0.0045,47.93798635,FALSE
21-07-2014 09:00,168.06296,0.0036,52.27430308,FALSE
22-07-2014 09:00,460.10114,0.0099,393.5521111,FALSE
23-07-2014 09:00,353.47562,0.0076,232.1062311,FALSE
24-07-2014 09:00,441.5024,0.0085,324.2393626,FALSE
25-07-2014 09:00,275.65152,0.006,142.897748,FALSE
26-07-2014 09:00,262.56622,0.004,90.74288563,FALSE
29-07-2014 09:00,148.68182,0.0023,29.54605127,FALSE
30-07-2014 09:00,133.10722,0.0026,29.9012059,FALSE
01-08-2014 09:00,614.1861,0.0152,806.5983214,FALSE
02-08-2014 09:00,690.8026,0.0193,1151.927152,FALSE
04-08-2014 09:00,386.40753,0.0115,383.9345218,FALSE
05-08-2014 09:00,360.33218,0.007,217.9289025,FALSE
06-08-2014 09:00,468.94775,0.0116,469.998193,FALSE
07-08-2014 09:00,254.6573,0.0056,123.213388,FALSE
08-08-2014 09:00,207.19417,0.0054,96.66851196,FALSE
09-08-2014 09:00,151.23917,0.0052,67.9487343,FALSE
11-08-2014 09:00,144.66718,0.0046,57.49652402,FALSE
12-08-2014 09:00,187.64058,0.0056,90.78801823,FALSE
13-08-2014 09:00,154.01021,0.0053,70.52435536,FALSE
14-08-2014 09:00,131.14796,0.0059,66.85398409,FALSE
16-08-2014 09:00,119.07626,0.0049,50.41212543,FALSE
21-08-2014 09:00,101.692276,0.0053,46.56692703,FALSE
22-08-2014 09:00,123.414665,0.0055,58.64664881,FALSE
23-08-2014 09:00,585.4434,0.0187,945.8891925,FALSE
25-08-2014 09:00,166.0151,0.0062,88.93096877,FALSE
26-08-2014 09:00,123.64457,0.0056,59.82418875,FALSE
27-08-2014 09:00,97.16549,0.0052,43.65451135,FALSE
28-08-2014 09:00,94.43484,0.0059,48.13910404,FALSE
30-08-2014 09:00,132.14044,0.0053,60.50975028,FALSE
01-09-2014 09:00,281.7041,0.0117,284.7690406,FALSE
02-09-2014 09:00,418.17953,0.0139,502.2168883,FALSE
03-09-2014 09:00,248.08698,0.0108,231.4949228,FALSE
04-09-2014 09:00,200.6742,0.0048,83.22360422,FALSE
05-09-2014 09:00,223.37085,0.0061,117.7253728,FALSE
06-09-2014 09:00,246.5996,0.0062,132.0984737,FALSE
10-09-2014 09:00,126.97371,0.0041,44.97916703,FALSE
12-09-2014 09:00,120.06326,0.0048,49.79263519,FALSE
16-09-2014 09:00,91.83341,0.0045,35.70482981,FALSE
17-09-2014 09:00,61.215088,0.0039,20.62703605,FALSE
18-09-2014 09:00,61.894997,0.0053,28.34295703,FALSE
19-09-2014 09:00,45.408157,0.004,15.69305906,FALSE
20-09-2014 09:00,65.54947,0.0049,27.75102362,FALSE
23-09-2014 09:00,46.489437,0.0038,15.26341196,FALSE
24-09-2014 09:00,44.203865,0.0037,14.13109156,FALSE
25-09-2014 09:00,37.4699,0.0036,11.6546377,FALSE
26-09-2014 09:00,36.638973,0.0035,11.07962544,FALSE
27-09-2014 09:00,114.943275,0.0044,43.69683542,FALSE
29-09-2014 09:00,125.946976,0.0047,51.14454801,FALSE
30-09-2014 09:00,206.45065,0.0086,153.401091,FALSE
01-10-2014 09:00,124.423035,0.0066,70.95099148,FALSE
04-10-2014 09:00,117.34926,0.0047,47.6531875,FALSE
07-10-2014 09:00,272.59454,0.0074,174.2860451,FALSE
08-10-2014 09:00,225.2942,0.0088,171.2956861,FALSE
09-10-2014 09:00,221.42828,0.0091,174.0957709,FALSE
10-10-2014 09:00,389.2491,0.0154,517.9192825,FALSE
11-10-2014 09:00,278.6401,0.0101,243.1524969,FALSE
13-10-2014 09:00,207.90111,0.009,161.6639031,FALSE
14-10-2014 09:00,124.35318,0.0048,51.57175081,FALSE
15-10-2014 09:00,153.65755,0.0047,62.3972579,FALSE
16-10-2014 09:00,106.26607,0.0047,43.15252571,FALSE
17-10-2014 09:00,102.048035,0.0044,38.79458099,FALSE
18-10-2014 09:00,218.42024,0.0057,107.5675998,FALSE
23-10-2014 09:00,157.5866,0.0085,115.731599,FALSE
24-10-2014 09:00,140.53665,0.0043,52.21217621,FALSE
25-10-2014 09:00,124.64296,0.0039,41.9996918,FALSE
27-10-2014 09:00,171.1761,0.0046,68.03222918,FALSE
28-10-2014 09:00,134.3082,0.0042,48.73775962,FALSE
29-10-2014 09:00,125.274605,0.0045,48.70676642,FALSE
30-10-2014 09:00,96.77846,0.0038,31.77430399,FALSE
31-10-2014 09:00,76.39778,0.0043,28.38330323,FALSE
01-11-2014 09:00,68.208755,0.0034,20.03700387,FALSE
04-11-2014 09:00,79.06233,0.004,27.32394125,FALSE
05-11-2014 09:00,58.354336,0.0042,21.17562145,FALSE
07-11-2014 09:00,72.05434,0.0047,29.25982639,FALSE
08-11-2014 09:00,74.055115,0.0045,28.79262871,FALSE
11-11-2014 09:00,51.150288,0.0035,15.46784709,FALSE
12-11-2014 09:00,79.0369,0.004,27.31515264,FALSE
13-11-2014 09:00,56.005905,0.0038,18.38785873,FALSE
14-11-2014 09:00,32.120922,0.0035,9.713366813,FALSE
17-11-2014 09:00,23.176653,0.0027,5.406649612,FALSE
18-11-2014 09:00,18.400856,0.0024,3.8156015,FALSE
19-11-2014 09:00,16.765184,0.0024,3.476428554,FALSE
01-12-2014 09:00,13.877272,0.0033,3.956687793,FALSE
04-12-2014 09:00,13.616668,0.0033,3.88238438,FALSE
05-12-2014 09:00,13.582155,0.0033,3.872544034,FALSE
08-12-2014 09:00,10.591474,0.0025,2.287758384,FALSE
09-12-2014 09:00,10.118697,0.0025,2.185638552,FALSE
15-12-2014 09:00,13.804047,0.0033,3.935809881,FALSE
16-12-2014 09:00,10.436772,0.0025,2.254342752,FALSE
17-12-2014 09:00,8.245058,0.002,1.424746022,FALSE
18-12-2014 09:00,7.56076,0.0018,1.175849395,FALSE
19-12-2014 09:00,6.3938565,0.0015,0.828643802,FALSE
20-12-2014 09:00,5.946257,0.0014,0.719259247,FALSE
22-12-2014 09:00,4.7159843,0.0011,0.448207148,FALSE
23-12-2014 09:00,4.109944,0.0009,0.319589245,FALSE
24-12-2014 09:00,3.8369167,0.0009,0.298358643,FALSE
26-12-2014 09:00,3.743737,0.0007,0.226421214,FALSE
27-12-2014 09:00,3.2851279,0.0008,0.22706804,FALSE
29-12-2014 09:00,3.057425,0.0007,0.184913064,FALSE
30-12-2014 09:00,3.0243125,0.0007,0.18291042,FALSE
31-12-2014 09:00,3.240936,0.0007,0.196011809,FALSE
01-01-2015 09:00,3.2293446,0.0007,0.195310761,FALSE
02-01-2015 09:00,5.060918,0.0012,0.524715978,FALSE
03-01-2015 09:00,4.6492896,0.0011,0.441868484,FALSE
05-01-2015 09:00,4.4633117,0.0011,0.424193144,FALSE
06-01-2015 09:00,4.063703,0.0009,0.315993545,FALSE
07-01-2015 09:00,4.023248,0.0009,0.312847764,FALSE
08-01-2015 09:00,3.5601203,0.0009,0.276834955,FALSE
09-01-2015 09:00,3.5065825,0.0009,0.272671855,FALSE
10-01-2015 09:00,3.4050074,0.0009,0.264773375,FALSE
12-01-2015 09:00,3.0308917,0.0009,0.235682139,FALSE
13-01-2015 09:00,2.2354481,0.0008,0.154514173,FALSE
14-01-2015 09:00,2.1069481,0.0005,0.091020158,FALSE
15-01-2015 09:00,1.9591322,0.0004,0.067707609,FALSE
16-01-2015 09:00,1.4534976,0.0003,0.037674658,FALSE
17-01-2015 09:00,1.5048258,0.0004,0.05200678,FALSE
20-01-2015 09:00,1.441657,0.0003,0.037367749,FALSE
21-01-2015 09:00,1.3529829,0.0003,0.035069317,FALSE
22-01-2015 09:00,0.85532695,0.0003,0.022170075,FALSE
23-01-2015 09:00,0.7938071,0.0002,0.013716987,FALSE
24-01-2015 09:00,0.55483645,0.0001,0.004793787,FALSE
27-01-2015 09:00,0.53187895,0.0001,0.004595434,FALSE
28-01-2015 08:45,0.45470282,0.0001,0.003928632,FALSE
29-01-2015 08:45,0.5370864,0.0001,0.004640426,FALSE
30-01-2015 08:45,0.45552203,0.0001,0.00393571,FALSE
31-01-2015 08:45,0.52424794,0.0001,0.004529502,FALSE
02-02-2015 08:45,1.3752102,0.0003,0.035645448,FALSE
03-02-2015 08:45,0.56849337,0.0001,0.004911783,FALSE
04-02-2015 08:45,0.42533866,0.0001,0.003674926,FALSE
05-02-2015 08:45,0.42021143,0.0001,0.003630627,FALSE
06-02-2015 08:45,0.36998302,0.0001,0.003196653,FALSE
07-02-2015 08:45,0.35333723,0.0001,0.003052834,FALSE
09-02-2015 08:45,1.2404541,0.0003,0.03215257,FALSE
10-02-2015 08:45,1.2365878,0.0003,0.032052356,FALSE
11-02-2015 08:45,1.5803218,0.0003,0.040961941,FALSE
12-02-2015 08:45,1.518827,0.0003,0.039367996,FALSE
13-02-2015 08:45,1.7159951,0.0004,0.059304791,FALSE
14-02-2015 08:45,1.4055617,0.0003,0.036432159,FALSE
16-02-2015 08:45,1.8248622,0.0005,0.078834047,FALSE
18-02-2015 08:45,2.905414,0.0008,0.200822216,FALSE
19-02-2015 08:45,2.8259685,0.0008,0.195330943,FALSE
20-02-2015 08:45,2.8939598,0.0008,0.200030501,FALSE
02-03-2015 08:45,2.763127,0.0008,0.190987338,FALSE
03-03-2015 08:45,4.2698264,0.0009,0.332021701,FALSE
04-03-2015 09:45,4.468046,0.0009,0.347435257,FALSE
05-03-2015 08:45,3.2360215,0.0008,0.223673806,FALSE
06-03-2015 08:45,3.1296163,0.0008,0.216319079,FALSE
07-03-2015 08:45,3.409026,0.0008,0.235631877,FALSE
10-03-2015 08:45,5.3564124,0.0015,0.694191047,FALSE
11-03-2015 08:45,4.2191772,0.0009,0.328083219,FALSE
13-03-2015 08:45,3.5,0.0009,0.27216,FALSE
14-03-2015 08:45,4.0073495,0.0009,0.311611497,FALSE
16-03-2015 08:45,2.1596906,0.0008,0.149277814,FALSE
30-03-2015 08:45,3.3674488,0.0008,0.232758061,FALSE
31-03-2015 08:45,3.5167553,0.0008,0.243078126,FALSE
01-04-2015 08:45,3.3458807,0.0008,0.231267274,FALSE
04-04-2015 08:45,4.4754567,0.0009,0.348011513,FALSE
06-04-2015 08:45,3.7721279,0.0008,0.26072948,FALSE
09-04-2015 08:45,4.7250175,0.0009,0.367417361,FALSE
18-04-2015 08:45,6.3374977,0.0015,0.821339702,FALSE
20-04-2015 08:45,4.515236,0.0009,0.351104751,FALSE
21-04-2015 08:45,4.590681,0.0009,0.356971355,FALSE
22-04-2015 08:45,3.228692,0.0008,0.223167191,FALSE
23-04-2015 08:45,8.415489,0.0018,1.308776849,FALSE
24-04-2015 08:45,4.1492033,0.0009,0.322642049,FALSE
25-04-2015 08:45,2.971354,0.0008,0.205379988,FALSE
27-04-2015 08:45,2.3613057,0.0008,0.16321345,FALSE
28-04-2015 08:45,5.8243504,0.0008,0.4025791,FALSE
29-04-2015 08:45,5.535478,0.0015,0.717397949,FALSE
30-04-2015 08:45,3.015891,0.0008,0.208458386,FALSE
01-05-2015 08:45,2.257338,0.0007,0.136523802,FALSE
02-05-2015 08:45,2.5193346,0.0007,0.152369357,FALSE
07-05-2015 08:45,3.872341,0.0008,0.26765621,FALSE
11-05-2015 08:45,8.96222,0.002,1.548671616,FALSE
12-05-2015 08:45,12.851216,0.0029,3.220000681,FALSE
13-05-2015 08:45,18.24951,0.004,6.307030656,FALSE
14-05-2015 08:45,36.45746,0.0048,15.11963781,FALSE
15-05-2015 08:45,22.346783,0.0038,7.336895795,FALSE
18-05-2015 08:45,139.59642,0.0053,63.92399265,FALSE
19-05-2015 08:45,24.97734,0.003,6.474126528,FALSE
22-05-2015 08:45,10.234734,0.0018,1.591705832,FALSE
23-05-2015 08:45,8.254703,0.001,0.713206339,FALSE
25-05-2015 08:45,5.6128483,0.0007,0.339465065,FALSE
26-05-2015 08:45,4.216308,0.0007,0.255002308,FALSE
27-05-2015 08:45,3.4696598,0.0007,0.209845025,FALSE
29-05-2015 09:00,17.559216,0.0018,2.730809272,FALSE
01-06-2015 09:00,6.7237434,0.0115,6.680711442,FALSE
11-06-2015 09:00,7.97817,0.011,7.582452768,FALSE
12-06-2015 09:00,9.880125,0.0102,8.70715656,FALSE
13-06-2015 09:00,12.585054,0.009,9.78613799,FALSE
15-06-2015 09:00,17.765278,0.0068,10.43745613,FALSE
16-06-2015 09:00,17.950094,0.0067,10.39095041,FALSE
17-06-2015 09:00,19.059723,0.0062,10.20991242,FALSE
18-06-2015 09:00,15.107581,0.0079,10.31183049,FALSE
19-06-2015 09:00,19.009018,0.0089,14.61717448,FALSE
20-06-2015 09:00,103.715965,0.0097,86.92227595,FALSE
22-06-2015 09:00,209.83295,0.011,199.4252357,FALSE
23-06-2015 09:00,345.35342,0.0177,528.1420781,FALSE
24-06-2015 09:00,206.59676,0.0126,224.9094968,FALSE
25-06-2015 09:00,283.0594,0.0114,278.8021866,FALSE
26-06-2015 09:00,232.35837,0.0126,252.9546159,FALSE
27-06-2015 09:00,401.19815,0.0165,571.9480826,FALSE
29-06-2015 09:00,142.39954,0.0076,93.50523395,FALSE
01-07-2015 09:00,104.71413,0.0158,142.9473531,FALSE
02-07-2015 09:00,81.31682,0.011,77.28350573,FALSE
03-07-2015 09:00,64.8125,0.0138,77.27724,FALSE
04-07-2015 09:00,40.896744,0.012,42.40174418,FALSE
06-07-2015 09:00,33.13288,0.0102,29.19934449,FALSE
07-07-2015 09:00,19.236132,0.0132,21.93842382,FALSE
08-07-2015 09:00,34.388832,0.0117,34.76298249,FALSE
09-07-2015 09:00,94.29019,0.0176,143.3814345,FALSE
10-07-2015 09:00,53.59169,0.0121,56.02689639,FALSE
11-07-2015 09:00,57.207428,0.0031,15.32243752,FALSE
13-07-2015 09:00,32.32964,0.0094,26.25684042,FALSE
14-07-2015 09:00,42.59252,0.0083,30.54394794,FALSE
15-07-2015 09:00,49.20434,0.0098,41.66229876,FALSE
16-07-2015 09:00,87.796616,0.0097,73.58058794,FALSE
17-07-2015 09:00,51.572407,0.0103,45.89531644,FALSE
21-07-2015 09:00,110.97421,0.0105,100.6758033,FALSE
22-07-2015 09:00,113.7552,0.0108,106.1472522,FALSE
23-07-2015 09:00,101.60255,0.0104,91.29598733,FALSE
24-07-2015 09:00,111.162704,0.0113,108.5303712,FALSE
25-07-2015 09:00,133.95204,0.0121,140.0388207,FALSE
27-07-2015 09:00,79.528915,0.0108,74.21002116,FALSE
28-07-2015 09:00,64.400856,0.0106,58.98087996,FALSE
29-07-2015 09:00,53.74528,0.0077,35.75565988,FALSE
30-07-2015 09:00,48.54875,0.008,33.556896,FALSE
31-07-2015 09:00,38.10553,0.0073,24.03391988,FALSE
01-08-2015 09:00,23.387331,0.0067,13.53845817,FALSE
03-08-2015 09:00,22.933088,0.0078,15.45506666,FALSE
04-08-2015 09:00,46.085392,0.0135,53.75400123,FALSE
05-08-2015 09:00,25.88875,0.0087,19.4600556,FALSE
06-08-2015 09:00,38.55741,0.0074,24.65206566,FALSE
07-08-2015 09:00,30.161812,0.0098,25.53860946,FALSE
10-08-2015 09:00,29.303244,0.0093,23.54574262,FALSE
11-08-2015 09:00,47.13354,0.013,52.94039213,FALSE
12-08-2015 09:00,91.30163,0.0197,155.4026784,FALSE
13-08-2015 09:00,92.96234,0.0183,146.984615,FALSE
14-08-2015 09:00,65.23826,0.0133,74.96658933,FALSE
17-08-2015 09:00,47.052624,0.0093,37.80772444,FALSE
18-08-2015 09:00,61.466507,0.0115,61.07312136,FALSE
19-08-2015 09:00,135.43727,0.0189,221.1636444,FALSE
20-08-2015 09:00,67.63832,0.015,87.65926272,FALSE
21-08-2015 09:00,48.2365,0.0091,37.92546576,FALSE
22-08-2015 09:00,78.74876,0.0146,99.33683581,FALSE
24-08-2015 09:00,47.48815,0.0121,49.64601154,FALSE
25-08-2015 09:00,28.49845,0.0113,27.8236067,FALSE
26-08-2015 09:00,23.592407,0.0099,20.18000125,FALSE
27-08-2015 09:00,22.598166,0.0101,19.72006358,FALSE
31-08-2015 09:00,19.471367,0.0107,18.00088936,FALSE
01-09-2015 09:00,20.50638,0.0114,20.19796404,FALSE
03-09-2015 09:00,21.592428,0.0135,25.18540802,FALSE
04-09-2015 09:00,20.374634,0.0123,21.65253104,FALSE
05-09-2015 09:00,22.281721,0.0117,22.52414612,FALSE
07-09-2015 09:00,151.64162,0.0115,150.6711136,FALSE
08-09-2015 09:00,167.1513,0.014,202.1862125,FALSE
09-09-2015 09:00,79.92064,0.0159,109.7917784,FALSE
10-09-2015 09:00,62.26032,0.0145,77.9997289,FALSE
12-09-2015 09:00,23.241892,0.0103,20.68342453,FALSE
14-09-2015 09:00,22.42725,0.0064,12.40137216,FALSE
16-09-2015 09:00,22.093348,0.0058,11.07141855,FALSE
17-09-2015 09:00,22.822569,0.0072,14.19746372,FALSE
18-09-2015 09:00,23.266506,0.0083,16.68487678,FALSE
19-09-2015 09:00,22.16063,0.008,15.31742746,FALSE
21-09-2015 09:00,21.299208,0.0055,10.12138364,FALSE
22-09-2015 09:00,21.319456,0.0078,14.36760779,FALSE
23-09-2015 09:00,20.031971,0.0061,10.55765,FALSE
25-09-2015 09:00,17.379189,0.0075,11.26171447,FALSE
26-09-2015 09:00,18.041216,0.0059,9.196690268,FALSE
28-09-2015 09:00,27.632595,0.006,14.32473725,FALSE
29-09-2015 09:00,25.376308,0.0048,10.52406245,FALSE
30-09-2015 09:00,22.910864,0.0053,10.49134284,FALSE
01-10-2015 09:00,44.04796,0.0052,19.78986747,FALSE
03-10-2015 09:00,20.44984,0.0055,9.717763968,FALSE
06-10-2015 09:00,213.08322,0.0137,252.2223458,FALSE
07-10-2015 09:00,80.32183,0.0111,77.03184784,FALSE
08-10-2015 09:00,62.233032,0.0097,52.15625946,FALSE
09-10-2015 09:00,78.051216,0.0126,84.96967579,FALSE
12-10-2015 09:00,62.853306,0.0118,64.08020253,FALSE
13-10-2015 09:00,43.981552,0.0122,46.36007433,FALSE
14-10-2015 09:00,71.780716,0.0145,89.926881,FALSE
15-10-2015 09:00,28.035929,0.0085,20.58958626,FALSE
16-10-2015 09:00,18.748762,0.0096,15.55097315,FALSE
17-10-2015 09:00,14.841642,0.0086,11.02793367,FALSE
19-10-2015 09:00,13.037246,0.0086,9.687195268,FALSE
20-10-2015 09:00,15.053813,0.0106,13.7868841,FALSE
21-10-2015 09:00,15.275264,0.0112,14.78156747,FALSE
22-10-2015 09:00,15.053337,0.0108,14.04656982,FALSE
26-10-2015 09:00,16.374468,0.011,15.56229439,FALSE
27-10-2015 09:00,14.40857,0.0095,11.82655426,FALSE
28-10-2015 09:00,13.564774,0.0111,13.00916086,FALSE
30-10-2015 09:00,16.132479,0.0128,17.84123118,FALSE
02-11-2015 09:00,42.5614,0.0167,61.41099283,FALSE
03-11-2015 09:00,16.391577,0.0068,9.630379319,FALSE
05-11-2015 09:00,48.237465,0.0106,44.17779995,FALSE
06-11-2015 09:00,59.050896,0.013,66.32596639,FALSE
07-11-2015 09:00,236.359,0.0136,277.7312794,FALSE
09-11-2015 09:00,61.78206,0.014,74.73157978,FALSE
11-11-2015 09:00,48.221733,0.0127,52.91274319,FALSE
12-11-2015 09:00,42.665413,0.0161,59.3492961,FALSE
13-11-2015 09:00,54.32221,0.0167,78.38043036,FALSE
14-11-2015 09:00,41.12082,0.0141,50.09502776,FALSE
16-11-2015 09:00,32.41011,0.0093,26.04217159,FALSE
17-11-2015 09:00,24.975195,0.0111,23.95221101,FALSE
18-11-2015 09:00,43.499798,0.0128,48.1072966,FALSE
19-11-2015 09:00,36.40874,0.0088,27.6822932,FALSE
20-11-2015 09:00,27.293522,0.0076,17.92201829,FALSE
21-11-2015 09:00,27.063156,0.0066,15.43249408,FALSE
23-11-2015 09:00,17.526932,0.0092,13.93180771,FALSE
26-11-2015 09:00,17.424387,0.0123,18.51724455,FALSE
27-11-2015 09:00,16.50847,0.0116,16.54544897,FALSE
28-11-2015 09:00,15.556142,0.0124,16.66622829,FALSE
30-11-2015 09:00,14.845132,0.0125,16.03274256,FALSE
01-12-2015 09:00,15.818007,0.0122,16.67344482,FALSE
03-12-2015 09:00,13.828387,0.0133,15.89047607,FALSE
04-12-2015 09:00,14.218712,0.0135,16.58470568,FALSE
05-12-2015 09:00,13.975719,0.0138,16.66352928,FALSE
07-12-2015 09:00,12.241419,0.0136,14.38415698,FALSE
08-12-2015 09:00,12.143758,0.0156,16.36784278,FALSE
09-12-2015 09:00,11.254211,0.014,13.61309363,FALSE
10-12-2015 09:00,11.080347,0.0126,12.06250896,FALSE
11-12-2015 09:00,10.340045,0.0128,11.43526257,FALSE
12-12-2015 09:00,10.25093,0.0128,11.33670851,FALSE
14-12-2015 09:00,27.77723,0.0079,18.95962611,FALSE
15-12-2015 09:00,54.763676,0.0145,68.60793329,FALSE
16-12-2015 09:00,38.35523,0.0092,30.48780522,FALSE
17-12-2015 09:00,17.92,0.0101,15.6377088,FALSE
18-12-2015 09:00,16.921738,0.0175,25.58566786,FALSE
19-12-2015 09:00,14.363735,0.0194,24.07591806,FALSE
21-12-2015 09:00,12.741991,0.017,18.71543638,FALSE
22-12-2015 09:00,10.417927,0.0155,13.95168784,FALSE
23-12-2015 09:00,9.652648,0.015,12.50983181,FALSE
26-12-2015 09:00,8.15817,0.014,9.868122432,FALSE
28-12-2015 09:00,6.9640408,0.0133,8.002518564,FALSE
29-12-2015 09:00,6.4398236,0.0129,7.177569792,FALSE
30-12-2015 09:00,5.9929466,0.0126,6.524161387,FALSE
31-12-2015 09:00,6.687464,0.0131,7.569139254,FALSE
01-01-2016 09:00,5.621237,0.0131,6.362340886,FALSE
02-01-2016 09:00,5.0168586,0.0124,5.37486163,FALSE
04-01-2016 09:00,4.462178,0.012,4.62638615,FALSE
05-01-2016 09:00,4.195904,0.0116,4.205302825,FALSE
06-01-2016 09:00,4.0157833,0.0115,3.990082287,FALSE
07-01-2016 09:00,4.1884484,0.0114,4.125454136,FALSE
08-01-2016 09:00,4.083341,0.0115,4.057207618,FALSE
09-01-2016 09:00,4.048803,0.0114,3.987909003,FALSE
11-01-2016 09:00,3.3281,0.012,3.45057408,FALSE
12-01-2016 09:00,3.3517992,0.0109,3.156590415,FALSE
13-01-2016 09:00,3.3178995,0.0109,3.124665033,FALSE
14-01-2016 09:00,3.233626,0.0109,3.045299622,FALSE
15-01-2016 09:00,3.142264,0.0108,2.932109384,FALSE
16-01-2016 09:00,3.1517994,0.0108,2.941007056,FALSE
18-01-2016 09:00,3.1167438,0.0108,2.908295975,FALSE
19-01-2016 09:00,3.057407,0.0107,2.826511623,FALSE
20-01-2016 09:00,3.197285,0.0108,2.983450579,FALSE
21-01-2016 09:00,3.330789,0.0109,3.136803849,FALSE
22-01-2016 09:00,3.4070508,0.011,3.23806108,FALSE
23-01-2016 09:00,3.494768,0.011,3.321427507,FALSE
25-01-2016 09:00,3.3260374,0.0109,3.132328982,FALSE
27-01-2016 09:00,2.668966,0.0105,2.421285955,FALSE
28-01-2016 09:00,2.7248113,0.0105,2.471948811,FALSE
29-01-2016 09:00,2.6114044,0.0105,2.369066072,FALSE
30-01-2016 09:00,2.5371168,0.0104,2.279751672,FALSE
01-02-2016 09:00,2.4658077,0.0104,2.215676167,FALSE
03-02-2016 09:00,2.429151,0.0103,2.161750058,FALSE
04-02-2016 09:00,2.4037619,0.0103,2.13915579,FALSE
05-02-2016 09:00,2.335637,0.0103,2.078530079,FALSE
06-02-2016 09:00,2.2511666,0.0102,1.983908101,FALSE
08-02-2016 09:00,2.0957916,0.0101,1.828871582,FALSE
09-02-2016 09:00,1.9784546,0.01,1.709384774,FALSE
10-02-2016 09:00,2.0320594,0.0101,1.773256315,FALSE
11-02-2016 09:00,1.3748876,0.0097,1.1522658,FALSE
12-02-2016 09:00,1.077655,0.0095,0.884539224,FALSE
13-02-2016 09:00,1.0173485,0.0094,0.826249758,FALSE
15-02-2016 09:00,2.0324147,0.0101,1.773566364,FALSE
16-02-2016 09:00,1.9414363,0.01,1.677400963,FALSE
18-02-2016 09:00,2.3176277,0.0103,2.062503243,FALSE
19-02-2016 09:00,2.5689209,0.0104,2.308329564,FALSE
20-02-2016 09:00,2.514828,0.0104,2.259723848,FALSE
22-02-2016 09:00,2.86508,0.0106,2.623954867,FALSE
23-02-2016 09:00,3.1460114,0.0108,2.935606158,FALSE
24-02-2016 09:00,3.2241557,0.0108,3.008524167,FALSE
25-02-2016 09:00,2.2740633,0.0102,2.004086505,FALSE
26-02-2016 09:00,1.1744831,0.0095,0.964015728,FALSE
27-02-2016 09:00,1.1485583,0.0095,0.942736653,FALSE
29-02-2016 09:00,1.0152317,0.0094,0.824530577,FALSE
01-03-2016 08:00,0,0,0,TRUE
02-03-2016 08:00,0,0,0,TRUE
03-03-2016 08:00,0,0,0,TRUE
04-03-2016 08:00,0,0,0,TRUE
05-03-2016 08:00,0,0,0,TRUE
06-03-2016 08:00,0,0,0,TRUE
07-03-2016 08:00,0,0,0,TRUE
08-03-2016 08:00,0,0,0,TRUE
09-03-2016 08:00,0,0,0,TRUE
10-03-2016 09:00,2.3406537,0.0103,2.082994541,FALSE
11-03-2016 09:00,2.584596,0.0104,2.322414582,FALSE
12-03-2016 09:00,2.563612,0.0104,2.303559199,FALSE
14-03-2016 09:00,4.7064934,0.0118,4.798364151,FALSE
15-03-2016 09:00,4.2068863,0.0115,4.179962228,FALSE
16-03-2016 09:00,3.6346245,0.0111,3.48575028,FALSE
17-03-2016 09:00,2.4800375,0.0104,2.228462496,FALSE
18-03-2016 09:00,1.2753764,0.0096,1.057848201,FALSE
19-03-2016 09:00,0.8479616,0.0093,0.681354105,FALSE
20-03-2016 08:00,0,0,0,TRUE
21-03-2016 08:00,0,0,0,TRUE
22-03-2016 08:00,0,0,0,TRUE
23-03-2016 08:00,0,0,0,TRUE
24-03-2016 08:00,0,0,0,TRUE
25-03-2016 08:00,0,0,0,TRUE
26-03-2016 08:00,0,0,0,TRUE
27-03-2016 08:00,0,0,0,TRUE
28-03-2016 08:00,0,0,0,TRUE
29-03-2016 08:00,0,0,0,TRUE
30-03-2016 08:00,0,0,0,TRUE
31-03-2016 08:00,0,0,0,TRUE
01-04-2016 08:00,0,0,0,TRUE
02-04-2016 08:00,0,0,0,TRUE
03-04-2016 08:00,0,0,0,TRUE
04-04-2016 09:00,2.5932903,0.0104,2.330226932,FALSE
05-04-2016 09:00,3.2595382,0.0109,3.069702695,FALSE
06-04-2016 09:00,3.0057597,0.0107,2.778764727,FALSE
07-04-2016 09:00,2.9431188,0.0107,2.720854468,FALSE
08-04-2016 09:00,3.258654,0.0109,3.068869991,FALSE
09-04-2016 09:00,3.157471,0.0108,2.94629934,FALSE
11-04-2016 09:00,2.0135908,0.0101,1.757139876,FALSE
12-04-2016 08:00,0,0,0,TRUE
13-04-2016 08:00,0,0,0,TRUE
14-04-2016 08:00,0,0,0,TRUE
15-04-2016 08:00,0,0,0,TRUE
16-04-2016 08:00,0,0,0,TRUE
17-04-2016 08:00,0,0,0,TRUE
18-04-2016 08:00,0,0,0,TRUE
19-04-2016 08:00,0,0,0,TRUE
20-04-2016 08:00,0,0,0,TRUE
21-04-2016 08:00,0,0,0,TRUE
22-04-2016 08:00,0,0,0,TRUE
23-04-2016 08:00,0,0,0,TRUE
24-04-2016 08:00,0,0,0,TRUE
25-04-2016 08:00,0,0,0,TRUE
26-04-2016 08:00,0,0,0,TRUE
27-04-2016 08:00,0,0,0,TRUE
28-04-2016 08:00,0,0,0,TRUE
29-04-2016 08:00,0,0,0,TRUE
30-04-2016 08:00,0,0,0,TRUE
01-05-2016 08:00,0,0,0,TRUE
02-05-2016 08:00,0,0,0,TRUE
03-05-2016 08:00,0,0,0,TRUE
04-05-2016 08:00,0,0,0,TRUE
05-05-2016 08:00,0,0,0,TRUE
06-05-2016 08:00,0,0,0,TRUE
07-05-2016 08:00,0,0,0,TRUE
08-05-2016 08:00,0,0,0,TRUE
09-05-2016 08:00,0,0,0,TRUE
10-05-2016 08:00,0,0,0,TRUE
11-05-2016 09:00,6.3876896,0.0129,7.119463321,FALSE
12-05-2016 09:00,6.7933087,0.0132,7.747632706,FALSE
13-05-2016 09:00,7.643275,0.0137,9.047191752,FALSE
14-05-2016 09:00,4.94302,0.012,5.124923136,FALSE
17-05-2016 09:00,4.868375,0.0119,5.00546844,FALSE
18-05-2016 09:00,3.1505232,0.0108,2.939816208,FALSE
19-05-2016 09:00,3.102745,0.0108,2.895233414,FALSE
20-05-2016 09:00,11.625381,0.0163,16.37225657,FALSE
23-05-2016 09:00,3.277418,0.0109,3.086541176,FALSE
25-05-2016 09:00,1.4894986,0.0097,1.248318987,FALSE
26-05-2016 08:00,0,0,0,TRUE
27-05-2016 08:00,0,0,0,TRUE
28-05-2016 08:00,0,0,0,TRUE
29-05-2016 08:00,0,0,0,TRUE
30-05-2016 09:00,7.8219514,0.0138,9.326269093,FALSE
31-05-2016 09:00,11.765746,0.0164,16.67159145,FALSE
01-06-2016 09:00,21.701448,0.0157,29.43758018,FALSE
09-06-2016 09:00,135.36401,0.0085,99.41132894,FALSE
10-06-2016 09:00,76.143196,0.0078,51.31442265,FALSE
11-06-2016 09:00,21.701448,0.0283,53.06264453,FALSE
13-06-2016 09:00,61.0319,0.018,94.91681088,FALSE
14-06-2016 09:00,80.42912,0.0165,114.6597535,FALSE
15-06-2016 09:00,30.18372,0.0159,41.46518719,FALSE
16-06-2016 09:00,24.059443,0.0144,29.9337966,FALSE
17-06-2016 09:00,75.31899,0.0215,139.9125558,FALSE
18-06-2016 09:00,79.02453,0.0205,139.9682475,FALSE
20-06-2016 09:00,44.133404,0.0202,77.02514733,FALSE
21-06-2016 09:00,48.186504,0.0214,89.09491844,FALSE
22-06-2016 09:00,54.578472,0.0229,107.9867816,FALSE
23-06-2016 09:00,171.49725,0.043,637.1465832,FALSE
24-06-2016 09:00,68.35038,0.0227,134.0542333,FALSE
25-06-2016 09:00,48.42891,0.0216,90.379969,FALSE
27-06-2016 09:00,36.01762,0.0117,36.40949171,FALSE
28-06-2016 09:00,51.85613,0.0117,52.42032469,FALSE
29-06-2016 09:00,212.69708,0.0514,944.5792244,FALSE
30-06-2016 09:00,203.86662,0.0403,709.8472615,FALSE
01-07-2016 09:00,141.57928,0.0333,407.3405781,FALSE
02-07-2016 09:00,81.992325,0.0148,104.8452258,FALSE
04-07-2016 09:00,68.54862,0.0131,77.58607006,FALSE
05-07-2016 09:00,179.88536,0.0301,467.8170626,FALSE
07-07-2016 09:00,191.01674,0.0378,623.8453915,FALSE
08-07-2016 09:00,117.50533,0.0193,195.9424879,FALSE
11-07-2016 09:00,209.66534,0.0315,570.6251893,FALSE
12-07-2016 09:00,155.18408,0.0306,410.2818781,FALSE
13-07-2016 09:00,111.78722,0.0101,97.54999966,FALSE
14-07-2016 09:00,105.79817,0.0069,63.07263703,FALSE
15-07-2016 09:00,132.69696,0.0163,186.8797827,FALSE
16-07-2016 09:00,133.7876,0.0184,212.690175,FALSE
18-07-2016 09:00,141.2571,0.0163,198.9351991,FALSE
19-07-2016 09:00,96.129555,0.0111,92.19208843,FALSE
20-07-2016 09:00,66.46956,0.0104,59.72688783,FALSE
21-07-2016 09:00,60.37403,0.0099,51.6415303,FALSE
22-07-2016 09:00,67.37076,0.0104,60.53667011,FALSE
23-07-2016 09:00,63.422302,0.0102,55.89280631,FALSE
25-07-2016 09:00,61.2508,0.0102,53.97910502,FALSE
26-07-2016 09:00,51.02805,0.0083,36.59323522,FALSE
27-07-2016 09:00,89.49951,0.0089,68.82154321,FALSE
28-07-2016 09:00,60.82091,0.0092,48.34532494,FALSE
29-07-2016 09:00,53.77735,0.0091,42.28190366,FALSE
30-07-2016 09:00,44.948475,0.0081,31.45674074,FALSE
01-08-2016 09:00,41.04561,0.0092,32.62633448,FALSE
02-08-2016 09:00,49.03874,0.0086,36.43774537,FALSE
03-08-2016 09:00,37.11283,0.0083,26.61435265,FALSE
04-08-2016 09:00,34.459934,0.0092,27.39151234,FALSE
05-08-2016 09:00,35.79656,0.0087,26.90755822,FALSE
06-08-2016 09:00,49.927727,0.0123,53.05919404,FALSE
08-08-2016 09:00,36.286068,0.0114,35.74032554,FALSE
09-08-2016 09:00,33.051674,0.0111,31.69787743,FALSE
10-08-2016 09:00,29.885975,0.0099,25.56326758,FALSE
11-08-2016 09:00,27.03839,0.0094,21.95949882,FALSE
12-08-2016 09:00,24.40669,0.0092,19.40038975,FALSE
13-08-2016 09:00,25.850191,0.0092,20.54779982,FALSE
16-08-2016 09:00,53.3731,0.0111,51.18693782,FALSE
17-08-2016 09:00,42.723415,0.0132,48.72520034,FALSE
18-08-2016 09:00,110.08394,0.0142,135.0597843,FALSE
19-08-2016 09:00,57.54561,0.0122,60.65767659,FALSE
20-08-2016 09:00,44.852604,0.0116,44.95307383,FALSE
22-08-2016 09:00,45.034565,0.0101,39.2989628,FALSE
23-08-2016 09:00,78.84187,0.0141,96.04831971,FALSE
24-08-2016 09:00,34.10007,0.0111,32.70333113,FALSE
25-08-2016 09:00,26.449297,0.0108,24.68036802,FALSE
26-08-2016 09:00,24.470621,0.0101,21.35404271,FALSE
27-08-2016 09:00,76.613014,0.0118,78.10850003,FALSE
29-08-2016 09:00,43.18965,0.0106,39.55480906,FALSE
30-08-2016 09:00,34.802765,0.0103,30.97167663,FALSE
31-08-2016 09:00,38.5213,0.0114,37.94193965,FALSE
01-09-2016 09:00,30.480282,0.0134,35.28885129,FALSE
02-09-2016 09:00,26.205334,0.0113,25.58479169,FALSE
03-09-2016 09:00,30.400515,0.013,34.14585845,FALSE
05-09-2016 09:00,22.93566,0.0103,20.41090255,FALSE
06-09-2016 09:00,19.991888,0.011,19.00029036,FALSE
07-09-2016 09:00,17.683622,0.0103,15.73700889,FALSE
08-09-2016 09:00,16.10473,0.0089,12.38389318,FALSE
09-09-2016 09:00,15.404234,0.0094,12.51070269,FALSE
10-09-2016 09:00,13.041774,0.0098,11.04273088,FALSE
13-09-2016 09:00,11.832583,0.0095,9.712184126,FALSE
15-09-2016 09:00,12.5531435,0.0082,8.893651107,FALSE
16-09-2016 09:00,12.961844,0.0101,11.31102355,FALSE
17-09-2016 09:00,23.596224,0.0141,28.74586393,FALSE
19-09-2016 09:00,12.832386,0.0128,14.19159233,FALSE
20-09-2016 09:00,12.723527,0.0123,13.52154661,FALSE
21-09-2016 09:00,12.6195135,0.0092,10.03099889,FALSE
22-09-2016 09:00,12.630785,0.0108,11.7860381,FALSE
23-09-2016 09:00,11.884933,0.0103,10.57663958,FALSE
24-09-2016 09:00,11.665995,0.0084,8.466712531,FALSE
26-09-2016 09:00,12.8572035,0.011,12.21948621,FALSE
27-09-2016 09:00,12.8260355,0.0109,12.07904719,FALSE
28-09-2016 09:00,11.897606,0.0093,9.559964373,FALSE
29-09-2016 09:00,34.503742,0.0105,31.30179474,FALSE
30-09-2016 09:00,53.432095,0.0125,57.7066626,FALSE
01-10-2016 09:00,34.00379,0.012,35.25512947,FALSE
03-10-2016 09:00,15.314264,0.0097,12.83457837,FALSE
04-10-2016 09:00,12.870438,0.0087,9.674450836,FALSE
05-10-2016 09:00,12.03129,0.0115,11.95428974,FALSE
06-10-2016 09:00,11.430441,0.011,10.86349113,FALSE
07-10-2016 09:00,9.50017,0.0124,10.17810213,FALSE
08-10-2016 09:00,9.236614,0.0112,8.938086636,FALSE
13-10-2016 09:00,11.469382,0.0108,10.70230973,FALSE
14-10-2016 09:00,11.963943,0.0128,13.23116384,FALSE
15-10-2016 09:00,12.980217,0.0108,12.11210009,FALSE
17-10-2016 09:00,13.169778,0.0097,11.03732755,FALSE
18-10-2016 09:00,9.315696,0.0095,7.646323277,FALSE
19-10-2016 09:00,9.288047,0.0102,8.18537006,FALSE
20-10-2016 09:00,7.6320634,0,0,TRUE
25-10-2016 09:00,15.111792,0.0121,15.79847183,FALSE
26-10-2016 09:00,12.3069105,0.0114,12.12181457,FALSE
27-10-2016 09:00,11.124306,0.0131,12.5909345,FALSE
28-10-2016 09:00,10.685264,0.0127,11.72472648,FALSE
31-10-2016 09:00,12.283804,0.0119,12.62971592,FALSE
01-11-2016 09:00,26.585123,0.0157,36.06218765,FALSE
02-11-2016 09:00,12.198021,0.0143,15.07089891,FALSE
03-11-2016 09:00,11.779384,0.0139,14.14656901,FALSE
04-11-2016 09:00,12.112935,0.0147,15.38439648,FALSE
05-11-2016 09:00,44.70009,0.0437,168.7732358,FALSE
07-11-2016 09:00,12.391826,0.0138,14.77502198,FALSE
08-11-2016 09:00,9.377166,0.0117,9.479189566,FALSE
02-08-2017 09:00,165.065,0.031,442.110096,FALSE
04-08-2017 09:00,84.104,0.018,130.7985408,FALSE
07-08-2017 09:00,88.705,0.027,206.931024,FALSE
08-08-2017 09:00,72.816,0.018,113.2434432,FALSE
09-08-2017 09:00,58.129,0.016,80.3575296,FALSE
10-08-2017 09:00,132.998,0.026,298.7667072,FALSE
11-08-2017 09:00,73.226,0.014,88.5741696,FALSE
12-08-2017 09:00,112.286,0.015,145.522656,FALSE
01-06-2020 20:00,3.043,0,0,TRUE
02-06-2020 14:00,1.686,0,0,TRUE
03-06-2020 14:00,2.878,0,0,TRUE
05-06-2020 14:00,20.788,0.021,37.7177472,FALSE
06-06-2020 14:00,28.831,0.014,34.8739776,FALSE
08-06-2020 14:00,19.104,0.028,46.2163968,FALSE
09-06-2020 14:00,8.792,0.038,28.8658944,FALSE
10-06-2020 14:00,6.88,0,0,TRUE
11-06-2020 14:00,7.308,0,0,TRUE
12-06-2020 14:00,7.878,0.025,17.01648,FALSE
13-06-2020 14:00,13.363,0.025,28.86408,FALSE
15-06-2020 14:00,27.788,0.027,64.8238464,FALSE
16-06-2020 14:00,28.038,0.026,62.9845632,FALSE
17-06-2020 14:00,34.373,0.019,56.4267168,FALSE
18-06-2020 14:00,69.035,0.039,232.620336,FALSE
19-06-2020 14:00,50.601,0.034,148.6454976,FALSE
20-06-2020 14:00,27.4,0.021,49.71456,FALSE
22-06-2020 14:00,56.328,0.033,160.6023936,FALSE
23-06-2020 14:00,26.746,0.019,43.9062336,FALSE
24-06-2020 14:00,21.753,0.013,24.4329696,FALSE
25-06-2020 14:00,49.716,0.013,55.8410112,FALSE
26-06-2020 14:00,20.205,0.016,27.931392,FALSE
27-06-2020 14:00,19.168,0.026,43.0589952,FALSE
29-06-2020 14:00,31.347,0.019,51.4592352,FALSE
30-06-2020 14:00,28.584,0.022,54.3324672,FALSE
01-07-2020 14:00,27.827,0.026,62.5105728,FALSE
02-07-2020 14:00,18.492,0.022,35.1495936,FALSE
03-07-2020 20:00,35.065,0.02,60.59232,FALSE
04-07-2020 20:00,113.51,0.047,460.941408,FALSE
06-07-2020 20:00,159.55,0.059,813.32208,FALSE
07-07-2020 01:00,278.676,0.063,1516.889203,FALSE
08-07-2020 20:00,122.578,0.035,370.675872,FALSE
09-07-2020 20:00,73.288,0.032,202.6266624,FALSE
10-07-2020 20:00,59.526,0.026,133.7192064,FALSE
11-07-2020 20:00,72.893,0.038,239.3222976,FALSE
13-07-2020 20:00,42.172,0.03,109.309824,FALSE
14-07-2020 20:00,30.389,0.027,70.8914592,FALSE
15-07-2020 14:00,24.68,0.025,53.3088,FALSE
16-07-2020 14:00,73.097,0.029,183.1518432,FALSE
17-07-2020 14:00,132.311,0.046,525.8568384,FALSE
18-07-2020 14:00,142.882,0.049,604.9052352,FALSE
20-07-2020 14:00,67.036,0.032,185.3411328,FALSE
21-07-2020 14:00,525.326,0.084,3812.605978,FALSE
22-07-2020 14:00,81.548,0.05,352.28736,FALSE
23-07-2020 14:00,92.728,0.032,256.3743744,FALSE
24-07-2020 14:00,59.18,0.043,219.865536,FALSE
25-07-2020 14:00,85.195,0.007,51.525936,FALSE
27-07-2020 14:00,46.216,0.027,107.8126848,FALSE
28-07-2020 14:00,32.872,0.025,71.00352,FALSE
29-07-2020 14:00,68.345,0.03,177.15024,FALSE
30-07-2020 14:00,215.025,0.077,1430.51832,FALSE
01-08-2020 20:00,144.67,0.045,562.47696,FALSE
03-08-2020 20:00,165.093,0.031,442.1850912,FALSE
04-08-2020 20:00,478.877,0.234,9681.743635,FALSE
05-08-2020 20:00,877.857,0.262,19871.87334,FALSE
06-08-2020 20:00,512.53,0.177,7838.018784,FALSE
07-08-2020 20:00,1261.219,0.293,31928.01123,FALSE
08-08-2020 20:00,1615.174,0.291,40609.35078,FALSE
10-08-2020 20:00,430.924,0.079,2941.314854,FALSE
11-08-2020 14:00,220.974,0.095,1813.754592,FALSE
12-08-2020 14:00,331.904,0.111,3183.092122,FALSE
13-08-2020 14:00,204.57,0.032,565.595136,FALSE
14-08-2020 14:00,161.43,0.025,348.6888,FALSE
17-08-2020 14:00,101.641,0.028,245.8899072,FALSE
18-08-2020 14:00,111.948,0.031,299.8415232,FALSE
19-08-2020 14:00,94.777,0.025,204.71832,FALSE
20-08-2020 14:00,77.928,0.022,148.1255424,FALSE
21-08-2020 14:00,70.744,0.02,122.245632,FALSE
22-08-2020 14:00,68.621,0.018,106.7193792,FALSE
24-08-2020 14:00,72.773,0.019,119.4641568,FALSE
25-08-2020 14:00,78.468,0.02,135.592704,FALSE
26-08-2020 14:00,52.809,0.018,82.1285568,FALSE
27-08-2020 14:00,50.826,0.015,65.870496,FALSE
28-08-2020 14:00,47.973,0.013,53.8832736,FALSE
01-09-2020 14:00,35.175,0.012,36.46944,FALSE
02-09-2020 14:00,47.999,0.013,53.9124768,FALSE
03-09-2020 14:00,127.67,0.052,573.595776,FALSE
04-09-2020 14:00,47.414,0.036,147.4765056,FALSE
05-09-2020 14:00,45.988,0.023,91.3873536,FALSE
07-09-2020 14:00,278.523,0.12,2887.726464,FALSE
08-09-2020 14:00,146.91,0.079,1002.748896,FALSE
09-09-2020 14:00,134.489,0.07,813.389472,FALSE
10-09-2020 14:00,938.127,0.309,25045.7394,FALSE
11-09-2020 14:00,338.444,0.128,3742.919885,FALSE
12-09-2020 14:00,381.671,0.186,6133.605638,FALSE
14-09-2020 14:00,248.966,0.054,1161.57577,FALSE
15-09-2020 14:00,191.087,0.045,742.946256,FALSE
16-09-2020 14:00,154.999,0.031,415.1493216,FALSE
17-09-2020 14:00,126.153,0.028,305.1893376,FALSE
18-09-2020 14:00,139.919,0.027,326.4030432,FALSE
19-09-2020 14:00,126.639,0.027,295.4234592,FALSE
21-09-2020 14:00,385.857,0.18,6000.848064,FALSE
22-09-2020 14:00,305.061,0.136,3584.588774,FALSE
23-09-2020 14:00,198.571,0.056,960.7659264,FALSE
24-09-2020 14:00,142.28,0.026,319.617792,FALSE
25-09-2020 14:00,142.953,0.028,345.8318976,FALSE
26-09-2020 14:00,124.636,0.02,215.371008,FALSE
28-09-2020 14:00,101.461,0.02,175.324608,FALSE
29-09-2020 14:00,78.647,0.017,115.5167136,FALSE
30-09-2020 14:00,114.343,0.019,187.7054688,FALSE
01-10-2020 09:00,103.387,0.018,160.7874624,FALSE
03-10-2020 09:00,63.581,0,0,TRUE
05-10-2020 09:00,47.103,0,0,TRUE
06-10-2020 08:00,43.201,0,0,TRUE
07-10-2020 09:00,43.577,0,0,TRUE
08-10-2020 09:00,68.513,0,0,TRUE
09-10-2020 09:00,157.395,0,0,TRUE
10-10-2020 09:00,53.38,0,0,TRUE
12-10-2020 09:00,69.773,0,0,TRUE
13-10-2020 09:00,212.85,0,0,TRUE
14-10-2020 09:00,103.051,0,0,TRUE
15-10-2020 09:00,64.438,0,0,TRUE
16-10-2020 09:00,70.708,0,0,TRUE
17-10-2020 09:00,49.823,0,0,TRUE
19-10-2020 09:00,40.641,0,0,TRUE
20-10-2020 09:00,54.451,0,0,TRUE
21-10-2020 09:00,80.786,0,0,TRUE
22-10-2020 09:00,50.22,0,0,TRUE
23-10-2020 09:00,43.869,0,0,TRUE
24-10-2020 09:00,32.521,0,0,TRUE
26-10-2020 09:00,28.994,0,0,TRUE
27-10-2020 09:00,25.353,0,0,TRUE
28-10-2020 09:00,34.882,0,0,TRUE
30-10-2020 09:00,22.072,0,0,TRUE
31-10-2020 09:00,21.314,0,0,TRUE
02-11-2020 09:00,19.014,0.015,24.642144,FALSE
03-11-2020 09:00,29.636,0.019,48.6504576,FALSE
04-11-2020 09:00,37.892,0.02,65.477376,FALSE
05-11-2020 09:00,23.948,0.014,28.9675008,FALSE
06-11-2020 09:00,42.833,0.012,44.4092544,FALSE
07-11-2020 09:00,30.352,0.019,49.8258432,FALSE
09-11-2020 09:00,19.627,0.016,27.1323648,FALSE
10-11-2020 09:00,18.739,0.013,21.0476448,FALSE
11-11-2020 09:00,18.276,0.014,22.1066496,FALSE
12-11-2020 09:00,17.158,0.01,14.824512,FALSE
13-11-2020 09:00,16.555,0.012,17.164224,FALSE
16-11-2020 09:00,16.709,0.013,18.7675488,FALSE
17-11-2020 09:00,16.37,0.013,18.386784,FALSE
18-11-2020 09:00,15.56,0.012,16.132608,FALSE
19-11-2020 09:00,18.467,0.014,22.3376832,FALSE
20-11-2020 09:00,13.873,0.025,29.96568,FALSE
21-11-2020 09:00,12.895,0.018,20.054304,FALSE
23-11-2020 09:00,9.102,0.017,13.3690176,FALSE
24-11-2020 09:00,11.574,0.016,15.9998976,FALSE
25-11-2020 09:00,11.72,0.016,16.201728,FALSE
26-11-2020 09:00,11.417,0.015,14.796432,FALSE
27-11-2020 09:00,10.067,0.016,13.9166208,FALSE
28-11-2020 09:00,11.818,0.015,15.316128,FALSE
01-12-2020 09:00,8.67,0.013,9.738144,FALSE
02-12-2020 09:00,7.454,0.013,8.3723328,FALSE
03-12-2020 09:00,7.459,0.014,9.0224064,FALSE
04-12-2020 09:00,10.093,0.017,14.8245984,FALSE
05-12-2020 09:00,14.808,0.016,20.4705792,FALSE
07-12-2020 09:00,10.167,0.015,13.176432,FALSE
08-12-2020 09:00,10.096,0.015,13.084416,FALSE
09-12-2020 09:00,10.263,0.014,12.4141248,FALSE
10-12-2020 09:00,10.112,0.012,10.4841216,FALSE
11-12-2020 09:00,9.865,0.012,10.228032,FALSE
12-12-2020 09:00,10.114,0.013,11.3600448,FALSE
14-12-2020 09:00,9.962,0.011,9.4678848,FALSE
15-12-2020 09:00,9.974,0.01,8.617536,FALSE
16-12-2020 09:00,10.063,0.01,8.694432,FALSE
17-12-2020 09:00,10.075,0.011,9.57528,FALSE
18-12-2020 09:00,10.186,0.011,9.6807744,FALSE
19-12-2020 09:00,10.275,0.013,11.54088,FALSE
21-12-2020 09:00,9.684,0.012,10.0403712,FALSE
22-12-2020 09:00,7.831,0.011,7.4425824,FALSE
23-12-2020 09:00,7.642,0.011,7.2629568,FALSE
24-12-2020 09:00,7.516,0.011,7.1432064,FALSE
26-12-2020 09:00,7.316,0.011,6.9531264,FALSE
28-12-2020 09:00,6.581,0.011,6.2545824,FALSE
29-12-2020 09:00,6.134,0.011,5.8297536,FALSE
30-12-2020 09:00,4.791,0.01,4.139424,FALSE
31-12-2020 09:00,3.861,0.01,3.335904,FALSE
01-03-2021 09:00,4.875,0,0,TRUE
02-03-2021 09:00,4.725,0,0,TRUE
03-03-2021 09:00,4.182,0,0,TRUE
04-03-2021 09:00,3.861,0,0,TRUE
05-03-2021 09:00,3.49,0,0,TRUE
06-03-2021 09:00,2.122,0,0,TRUE
08-03-2021 09:00,0.374,0,0,TRUE
09-03-2021 09:00,0.379,0,0,TRUE
10-03-2021 09:00,0.286,0,0,TRUE
30-03-2021 09:00,2.131,0,0,TRUE
31-03-2021 09:00,3.749,0,0,TRUE
24-07-2021 09:00,345.232,0.0527,1571.937961,FALSE
26-07-2021 09:00,159.726,0.004,55.2013056,FALSE
27-07-2021 09:00,151.681,0.015,196.578576,FALSE
28-07-2021 09:00,133.146,0.023,264.5877312,FALSE
29-07-2021 09:00,127.753,0.019,209.7193248,FALSE
30-07-2021 09:00,88.444,0.008,61.1324928,FALSE
31-07-2021 09:00,90.961,0.008,62.8722432,FALSE
02-08-2021 09:00,64.544,0.017,94.8022272,FALSE
03-08-2021 09:00,67.898,0.22,1290.605184,FALSE
04-08-2021 09:00,64.919,0.174,975.9662784,FALSE
05-08-2021 09:00,58.66,0.019,96.296256,FALSE
06-08-2021 09:00,132.07,0.031,353.736288,FALSE
07-08-2021 08:00,86.61,0.021,157.145184,FALSE
09-08-2021 09:00,161.97,0.033,461.808864,FALSE
10-08-2021 09:00,133.316,0.024,276.4440576,FALSE
11-08-2021 09:00,95,0.019,155.952,FALSE
12-08-2021 09:00,97.046,0.021,176.0802624,FALSE
13-08-2021 09:00,66.156,0.018,102.8858112,FALSE
14-08-2021 09:00,109.14427,0.03,282.9019478,FALSE
16-08-2021 09:00,64.765,0.01,55.95696,FALSE
17-08-2021 09:00,58.865,0.022,111.890592,FALSE
18-08-2021 09:00,72.614,0.03,188.215488,FALSE
23-08-2021 09:00,87.915,0.045,341.81352,FALSE
24-08-2021 09:00,110.595,0.038,363.105504,FALSE
25-08-2021 09:00,93.481,0.054,436.1449536,FALSE
26-08-2021 09:00,59.133,0.044,224.8000128,FALSE
27-08-2021 09:00,135.435,0.074,865.917216,FALSE
28-08-2021 09:00,144.935,0.049,613.596816,FALSE
30-08-2021 09:00,189.36653,0.025,409.0317048,FALSE
31-08-2021 09:00,131.056,0.022,249.1112448,FALSE
01-09-2021 09:00,125.095,0.021,226.972368,FALSE
02-09-2021 09:00,124.647,0.023,247.6985184,FALSE
03-09-2021 09:00,104.719,0.03,271.431648,FALSE
04-09-2021 09:00,87.688,0.031,234.8635392,FALSE
06-09-2021 09:00,124.259,0.022,236.1915072,FALSE
07-09-2021 09:00,104.375,0.027,243.486,FALSE
08-09-2021 09:00,168.746,0.079,1151.792698,FALSE
09-09-2021 08:00,198.035,0.058,992.392992,FALSE
10-09-2021 09:00,127.862,0.027,298.2764736,FALSE
11-09-2021 08:00,108.85,0.024,225.71136,FALSE
13-09-2021 09:00,220.702,0.018,343.2357504,FALSE
14-09-2021 09:00,166.089,0.022,315.7019712,FALSE
15-09-2021 09:00,127.565,0.031,341.670096,FALSE
16-09-2021 09:00,104.53,0.017,153.533664,FALSE
17-09-2021 09:00,88.037,189,1437608.995,FALSE
18-09-2021 09:00,64.8,0.016,89.57952,FALSE
20-09-2021 09:00,57.984,0.021,105.2061696,FALSE
21-09-2021 09:00,52.8,0.022,100.36224,FALSE
22-09-2021 08:00,45.03,0.021,81.702432,FALSE
23-09-2021 09:00,39.69,0.011,37.721376,FALSE
24-09-2021 09:00,55.613,0.008,38.4397056,FALSE
25-09-2021 08:00,139.595,0.019,229.159152,FALSE
28-09-2021 09:00,137.403,0.038,451.1215296,FALSE
29-09-2021 09:00,117.904,0.041,417.6631296,FALSE
30-09-2021 09:00,90.066,0.031,241.2327744,FALSE
01-10-2021 08:00,88.108,0.008,60.9002496,FALSE
04-10-2021 09:00,118.92,0.048,493.185024,FALSE
05-10-2021 09:00,112.248,0.022,213.3609984,FALSE
06-10-2021 09:00,168.147,0.036,523.0044288,FALSE
07-10-2021 09:00,193.096,0.0918,1531.544786,FALSE
08-10-2021 09:00,105.462,0.04,364.476672,FALSE
09-10-2021 09:00,265.11,0.135,3092.24304,FALSE
11-10-2021 09:00,160.804,0.089,1236.518438,FALSE
12-10-2021 09:00,865.86,0.2392,17894.62472,FALSE
13-10-2021 09:00,451.699,0.0997,3890.971322,FALSE
16-10-2021 09:00,138.52,0.362,4332.462336,FALSE
18-10-2021 09:00,313.059,0.0526,1422.740454,FALSE
20-10-2021 09:00,211.983,0.0464,849.8313677,FALSE
21-10-2021 09:00,356.065,0.2459,7564.871534,FALSE
22-10-2021 09:00,248.427,0.0526,1129.011281,FALSE
23-10-2021 09:00,139.869,0.035,422.963856,FALSE
25-10-2021 09:00,220.661,0.3507,6686.134217,FALSE
26-10-2021 08:00,206.012,8.826,157097.8292,FALSE
27-10-2021 09:00,119.041,0.03,308.554272,FALSE
28-10-2021 09:00,122.48,0.016,169.316352,FALSE
29-10-2021 09:00,158.575,0.0436,597.358368,FALSE
30-10-2021 09:00,90.936,0.049,384.9866496,FALSE
01-11-2021 09:00,65.44,0.03,169.62048,FALSE
02-11-2021 09:00,139.994,0.053,641.0605248,FALSE
03-11-2021 09:00,89.666,0.048,371.8628352,FALSE
05-11-2021 09:00,161.525,0.042,586.14192,FALSE
06-11-2021 09:00,93.668,0.032,258.9732864,FALSE
08-11-2021 09:00,80.461,0.034,236.3622336,FALSE
09-11-2021 09:00,127.983,0.7007,7748.152252,FALSE
10-11-2021 09:00,78.451,0.029,196.5668256,FALSE
11-11-2021 09:00,59.98,0.026,134.739072,FALSE
12-11-2021 09:00,63.796,0.019,104.7275136,FALSE
13-11-2021 09:00,59.667,0.008,41.2418304,FALSE
15-11-2021 09:00,116.344,0.034,341.7721344,FALSE
16-11-2021 10:00,123.263,0.05,532.49616,FALSE
17-11-2021 09:00,136.463,0.043,506.9873376,FALSE
18-11-2021 09:00,154.661,0.032,427.6067328,FALSE
20-11-2021 09:00,124.194,0.028,300.4501248,FALSE
22-11-2021 08:00,84.828,0.009,65.9622528,FALSE
23-11-2021 09:00,84.674,0.013,95.1058368,FALSE
24-11-2021 09:00,122.266,0.013,137.3291712,FALSE
25-11-2021 09:00,81.452,0.031,218.1610368,FALSE
26-11-2021 09:00,127.123,0.059,648.0222048,FALSE
27-11-2021 09:00,80.552,0.045,313.186176,FALSE
29-11-2021 09:00,52.872,0.021,95.9309568,FALSE
01-12-2021 09:00,43.311,0.015,56.131056,FALSE
02-12-2021 09:00,43.141,0.021,78.2750304,FALSE
03-12-2021 09:00,68.848,0.053,315.2687616,FALSE
04-12-2021 09:00,119.535,0.029,299.506896,FALSE
06-12-2021 09:00,43.951,0.049,186.0709536,FALSE
08-12-2021 09:00,40.984,0.032,113.3125632,FALSE
10-12-2021 09:00,32.912,0.012,34.1231616,FALSE
13-12-2021 09:00,32.903,0.026,73.9132992,FALSE
14-12-2021 09:00,25.542,0.021,46.3434048,FALSE
15-12-2021 09:00,24.636,0.024,51.0852096,FALSE
16-12-2021 09:00,23.784,0.039,80.1425664,FALSE
17-12-2021 09:00,23.596,0.033,67.2769152,FALSE
18-12-2021 09:00,23.587,0.016,32.6066688,FALSE
20-12-2021 09:00,20.505,0.013,23.031216,FALSE
21-12-2021 09:00,20.57,0.018,31.990464,FALSE
22-12-2021 09:00,18.942,0.028,45.8244864,FALSE
23-12-2021 08:00,19.933,0.039,67.1662368,FALSE
24-12-2021 09:00,17.812,0.017,26.1622656,FALSE
27-12-2021 09:00,13.95,0.021,25.31088,FALSE
28-12-2021 09:00,14.637,0.018,22.7634624,FALSE
29-12-2021 09:00,12.917,0.016,17.8564608,FALSE
30-12-2021 09:00,17.20929,0.012,17.84259187,FALSE
31-12-2021 09:00,13.369,0.015,17.326224,FALSE
01-01-2022 09:00,12.704,0.008,8.7810048,FALSE
03-01-2022 09:00,12.927,0.016,17.8702848,FALSE
04-01-2022 09:00,9.18,0.022,17.449344,FALSE
05-01-2022 09:00,8.908,0.03,23.089536,FALSE
06-01-2022 09:00,7.891,0.03,20.453472,FALSE
07-01-2022 09:00,7.945,0.024,16.474752,FALSE
08-01-2022 09:00,7.851,0.038,25.7764032,FALSE
10-01-2022 09:00,6.8,0.048,28.20096,FALSE
11-01-2022 09:00,12.945,0.03,33.55344,FALSE
12-01-2022 09:00,9.357,0.024,19.4026752,FALSE
13-01-2022 09:00,6.653,0.037,21.2683104,FALSE
14-01-2022 09:00,6.593,0.019,10.8230688,FALSE
15-01-2022 09:00,6.892,0.034,20.2459392,FALSE
17-01-2022 09:00,5.687,0.081,39.7999008,FALSE
18-01-2022 09:00,5.469,0.038,17.9558208,FALSE
19-01-2022 09:00,4.846,0.038,15.9103872,FALSE
20-01-2022 09:00,3.728,0.03,9.662976,FALSE
21-01-2022 09:00,3.687,0,0,TRUE
22-01-2022 09:00,3.665,0,0,TRUE
24-01-2022 09:00,3.375,0,0,TRUE
25-01-2022 09:00,2.638,0,0,TRUE
27-01-2022 09:00,2.454,0,0,TRUE
28-01-2022 09:00,4.373,0,0,TRUE
29-01-2022 09:00,2.317,0,0,TRUE
31-01-2022 09:00,2.316,0,0,TRUE
01-02-2022 09:00,1.933,0,0,TRUE
02-02-2022 09:00,1.948,0,0,TRUE
03-02-2022 09:00,1.783,0,0,TRUE
04-02-2022 09:00,1.574,0,0,TRUE
05-02-2022 09:00,0.336,0,0,TRUE
07-02-2022 09:00,1.533,0,0,TRUE
08-02-2022 09:00,1.792,0,0,TRUE
09-02-2022 09:00,1.797,0,0,TRUE
10-02-2022 09:00,1.706,0,0,TRUE
11-02-2022 09:00,0.954,0,0,TRUE
12-02-2022 09:00,1.362,0,0,TRUE
14-02-2022 09:00,0.951,0,0,TRUE
15-02-2022 09:00,1.186,0,0,TRUE
16-02-2022 09:00,0.199,0,0,TRUE
17-02-2022 09:00,1.864,0,0,TRUE
18-02-2022 09:00,2.075,0,0,TRUE
19-02-2022 09:00,1.828,0,0,TRUE
21-02-2022 09:00,1.274,0,0,TRUE
22-02-2022 09:00,1.093,0,0,TRUE
23-02-2022 09:00,1.297,0,0,TRUE
24-02-2022 09:00,1.574,0,0,TRUE
25-02-2022 09:00,1.23,0,0,TRUE
26-02-2022 09:00,1.236,0,0,TRUE
28-02-2022 09:00,1.718,0,0,TRUE
02-03-2022 09:00,1.641,0,0,TRUE
03-03-2022 08:00,1.74,0,0,TRUE
04-03-2022 09:00,1.809,0,0,TRUE
05-03-2022 09:00,1.729,0,0,TRUE
07-03-2022 09:00,1.738,0,0,TRUE
08-03-2022 09:00,1.81,0,0,TRUE
09-03-2022 09:00,2.543,0,0,TRUE
10-03-2022 09:00,2.89,0,0,TRUE
11-03-2022 09:00,2.267,0,0,TRUE
12-03-2022 09:00,2.093,0,0,TRUE
14-03-2022 09:00,2.805,0,0,TRUE
15-03-2022 09:00,3.244,0,0,TRUE
16-03-2022 09:00,10.274,0,0,TRUE
17-03-2022 09:00,4.211,0,0,TRUE
18-03-2022 09:00,3.548,0,0,TRUE
19-03-2022 09:00,2.431,0,0,TRUE
21-03-2022 09:00,1.642,0,0,TRUE
22-03-2022 09:00,1.698,0,0,TRUE
23-03-2022 09:00,0.911,0,0,TRUE
24-03-2022 09:00,1.727,0,0,TRUE
25-03-2022 09:00,1.667,0,0,TRUE
26-03-2022 09:00,9.256,0,0,TRUE
28-03-2022 09:00,1.761,0,0,TRUE
29-03-2022 09:00,1.843,0,0,TRUE
30-03-2022 09:00,0.978,0,0,TRUE
31-03-2022 09:00,0.636,0,0,TRUE
01-04-2022 09:00,0.563,0,0,TRUE
02-04-2022 09:00,0.559,0,0,TRUE
04-04-2022 09:00,0.385,0,0,TRUE
06-04-2022 09:00,0.647,0,0,TRUE
07-04-2022 09:00,3.29,0,0,TRUE
08-04-2022 09:00,3.602,0,0,TRUE
09-04-2022 09:00,3.683,0,0,TRUE
11-04-2022 09:00,8.421,0,0,TRUE
12-04-2022 09:00,8.454,0,0,TRUE
13-04-2022 09:00,12.437,0,0,TRUE
16-04-2022 08:00,12.46,0,0,TRUE
18-04-2022 09:00,10.688,0,0,TRUE
19-04-2022 09:00,12.244,0,0,TRUE
20-04-2022 09:00,12.168,0,0,TRUE
21-04-2022 08:00,7.377,0,0,TRUE
22-04-2022 08:00,7.315,0,0,TRUE
23-04-2022 09:00,12.235,0,0,TRUE
25-04-2022 09:00,15.114,0,0,TRUE
26-04-2022 09:00,7.42,0,0,TRUE
27-04-2022 09:00,6.895,0,0,TRUE
28-04-2022 09:00,6.793,0,0,TRUE
29-04-2022 09:00,6.813,0,0,TRUE
30-04-2022 09:00,6.772,0,0,TRUE
02-05-2022 09:00,6.902,0,0,TRUE
04-05-2022 09:00,7.63,0,0,TRUE
05-05-2022 09:00,6.7850337,0,0,TRUE
06-05-2022 09:00,4.453,0,0,TRUE
07-05-2022 09:00,5.454,0,0,TRUE
09-05-2022 09:00,9.285,0,0,TRUE
10-05-2022 09:00,7.725,0,0,TRUE
11-05-2022 09:00,8.755,0,0,TRUE
12-05-2022 09:00,8.015,0,0,TRUE
13-05-2022 09:00,9.838,0,0,TRUE
14-05-2022 09:00,17.544,0,0,TRUE
18-05-2022 09:00,29.191,0.044,110.9725056,FALSE
19-05-2022 09:00,32.205,0.031,86.257872,FALSE
20-05-2022 09:00,56.053,0.04,193.719168,FALSE
21-05-2022 09:00,57.141,0.035,172.794384,FALSE
23-05-2022 09:00,33.039,0.028,79.9279488,FALSE
24-05-2022 09:00,27.04,0.02,46.72512,FALSE
25-05-2022 09:00,69.352,0.02,119.840256,FALSE
26-05-2022 08:00,51.265,0.009,39.863664,FALSE
27-05-2022 09:00,70.6,0.055,335.4912,FALSE
28-05-2022 09:00,76.469,0.055,363.380688,FALSE
30-05-2022 09:00,30.589,0.02,52.857792,FALSE
31-05-2022 09:00,25.093,0.93,2016.272736,FALSE
01-06-2022 09:00,49.565,0.018,77.083488,FALSE
02-06-2022 09:00,47.297,0.008,32.6916864,FALSE
03-06-2022 09:00,38.212,0.022,72.6333696,FALSE
04-06-2022 09:00,27.312,0.016,37.7561088,FALSE
06-06-2022 09:00,23.468,0.003,6.0829056,FALSE
07-06-2022 09:00,23.621,0.017,34.6945248,FALSE
08-06-2022 09:00,24.136,0.049,102.1821696,FALSE
09-06-2022 09:00,20.001,0.007,12.0966048,FALSE
10-06-2022 09:00,15.759,0.005,6.807888,FALSE
11-06-2022 09:00,15.077,0.004,5.2106112,FALSE
13-06-2022 09:00,18.937,0.008,13.0892544,FALSE
14-06-2022 09:00,24.74,0.013,27.787968,FALSE
15-06-2022 09:00,30.345,0.016,41.948928,FALSE
16-06-2022 09:00,41.563,0.018,64.6387776,FALSE
17-06-2022 09:00,58.19,0.013,65.359008,FALSE
18-06-2022 09:00,108.388,0.062,580.6128384,FALSE
20-06-2022 09:00,48.718,0.036,151.5324672,FALSE
21-06-2022 09:00,97.362,0.051,429.0159168,FALSE
22-06-2022 09:00,49.492,0.024,102.6266112,FALSE
23-06-2022 09:00,51.331,0.017,75.3949728,FALSE
24-06-2022 09:00,52.118,0.039,175.6168128,FALSE
25-06-2022 09:00,47.144,0.015,61.098624,FALSE
27-06-2022 08:15,52.584,0.026,118.1246976,FALSE
28-06-2022 09:00,62.533,0.016,86.4456192,FALSE
29-06-2022 09:00,62.373,0.017,91.6134624,FALSE
30-06-2022 09:00,53.33,11,50684.832,FALSE
01-07-2022 09:00,193.593,0.0517,864.7566998,FALSE
02-07-2022 09:00,95.787,0.0338,279.7286918,FALSE
04-07-2022 09:00,188.259,0.0442,718.9385299,FALSE
05-07-2022 09:00,176.814,0.031,473.5786176,FALSE
06-07-2022 09:00,226.125,0.0506,988.58232,FALSE
07-07-2022 08:00,241.93,0.0528,1103.665306,FALSE
08-07-2022 09:00,288.812,0.0699,1744.23964,FALSE
11-07-2022 08:15,327.69,0.0853,2415.049085,FALSE
12-07-2022 09:00,322.142,0.0649,1806.366165,FALSE
13-07-2022 09:00,360.711,0.0612,1907.32434,FALSE
14-07-2022 09:00,485.819,0.2738,11492.68973,FALSE
15-07-2022 08:00,693.901,0.0818,4904.159196,FALSE
16-07-2022 09:00,815.2,0.097,6832.02816,FALSE
18-07-2022 09:00,346.087,0.0619,1850.92865,FALSE
19-07-2022 09:00,238.923,0.0343,708.053089,FALSE
20-07-2022 09:00,186.631,0.024,386.9980416,FALSE
21-07-2022 09:00,225.192,0.0389,756.8613043,FALSE
22-07-2022 09:00,151.139,0.007,91.4088672,FALSE
23-07-2022 09:00,120.354,0.005,51.992928,FALSE
25-07-2022 09:00,93.247,0.006,48.3392448,FALSE
26-07-2022 09:00,73.237,0.006,37.9660608,FALSE
27-07-2022 09:00,110.115,0.006,57.083616,FALSE
28-07-2022 09:00,68.916,0.008,47.6347392,FALSE
29-07-2022 09:00,62.726,0.063,341.4301632,FALSE
30-07-2022 09:00,86.691,0.006,44.9406144,FALSE
01-08-2022 09:00,91.539,0.006,47.4538176,FALSE
02-08-2022 09:00,153.258,0.004,52.9659648,FALSE
03-08-2022 09:00,150.187,0.004,51.9046272,FALSE
04-08-2022 09:00,179.578,0.004,62.0621568,FALSE
05-08-2022 09:00,667.632,0.081,4672.355789,FALSE
06-08-2022 09:00,361.554,0.0709,2214.793031,FALSE
08-08-2022 09:00,329.706,0.062,1766.169101,FALSE
10-08-2022 09:00,229.497,0.0167,331.1366314,FALSE
11-08-2022 09:00,186.016,0.004,64.2871296,FALSE
12-08-2022 09:00,189.134,0.0211,344.7988474,FALSE
13-08-2022 09:00,157.225,0.019,258.10056,FALSE
16-08-2022 09:00,85.044,0.006,44.0868096,FALSE
17-08-2022 09:00,71.695,0.006,37.166688,FALSE
18-08-2022 09:00,60.788,0.006,31.5124992,FALSE
20-08-2022 09:00,54.587,0.006,28.2979008,FALSE
22-08-2022 09:00,48.955,0.005,21.14856,FALSE
23-08-2022 09:00,152.599,0.018,237.3219648,FALSE
24-08-2022 09:00,90.963,0.0113,88.80899616,FALSE
25-08-2022 09:00,118.317,0.0282,288.2770042,FALSE
26-08-2022 09:00,156.671,0.038,514.3822272,FALSE
27-08-2022 09:00,151.542,0.0202,264.4832218,FALSE
29-08-2022 09:00,158.528,0.0364,498.5642189,FALSE
30-08-2022 09:00,189.246,0.0217,354.8135405,FALSE
31-08-2022 09:00,337.404,0.0626,1824.896771,FALSE
01-09-2022 09:00,474.996,0.0721,2958.959082,FALSE
02-09-2022 09:00,188.91,0.0186,303.5859264,FALSE
03-09-2022 09:00,160.775,0.0446,619.536816,FALSE
05-09-2022 09:00,154.092,0.028,372.7793664,FALSE
06-09-2022 09:00,226.128,0.05,976.87296,FALSE
07-09-2022 09:00,165.536,0.0371,530.6157158,FALSE
09-09-2022 09:00,187.658,0.0182,295.0884518,FALSE
10-09-2022 09:00,426.293,0.0729,2685.032038,FALSE
12-09-2022 09:00,227.39,0.0503,988.2187488,FALSE
13-09-2022 09:00,192.467,0.0212,352.5379546,FALSE
14-09-2022 09:00,164.64,0.0385,547.658496,FALSE
15-09-2022 09:00,125.224,0.0284,307.2696422,FALSE
16-09-2022 09:00,96.657,0.051,425.9094048,FALSE
17-09-2022 09:00,94.465,0.006,48.970656,FALSE
19-09-2022 09:00,72.469,0.006,37.5679296,FALSE
20-09-2022 09:00,63.938,0.013,71.8151616,FALSE
21-09-2022 09:00,50.06,0.005,21.62592,FALSE
22-09-2022 09:00,47.745,0.015,61.87752,FALSE
23-09-2022 09:00,45.55,0.014,55.09728,FALSE
24-09-2022 09:00,44.815,0.014,54.208224,FALSE
26-09-2022 09:00,38.742,0.013,43.5150144,FALSE
27-09-2022 09:00,38.366,0.012,39.7778688,FALSE
28-09-2022 09:00,31.834,0.012,33.0054912,FALSE
29-09-2022 09:00,27.265,0.011,25.912656,FALSE
30-09-2022 09:00,24.807,0.008,17.1465984,FALSE
01-10-2022 09:00,26.766,0.008,18.5006592,FALSE
03-10-2022 09:00,24.833,0.01,21.455712,FALSE
04-10-2022 09:00,39.599,0.013,44.4775968,FALSE
06-10-2022 09:00,44.057,0.012,45.6782976,FALSE
07-10-2022 09:00,64.593,0.005,27.904176,FALSE
10-10-2022 09:00,32.078,0.012,33.2584704,FALSE
11-10-2022 09:00,31.285,0.011,29.733264,FALSE
12-10-2022 09:00,25.059,0.009,19.4858784,FALSE
13-10-2022 09:00,40.927,0.01,35.360928,FALSE
14-10-2022 09:00,22.471,0.008,15.5319552,FALSE
15-10-2022 09:00,38.607,0.012,40.0277376,FALSE
17-10-2022 09:00,48.458,0.016,66.9883392,FALSE
18-10-2022 09:00,65.762,0.015,85.227552,FALSE
19-10-2022 09:00,59.744,0.012,61.9425792,FALSE
20-10-2022 09:00,65.486,0.009,50.9219136,FALSE
21-10-2022 09:00,97.883,0.007,59.1996384,FALSE
22-10-2022 09:00,100.019,0.02,172.832832,FALSE
25-10-2022 09:00,61.173,0.008,42.2827776,FALSE
26-10-2022 09:00,39.637,0.005,17.123184,FALSE
27-10-2022 09:00,31.31,0.005,13.52592,FALSE
28-10-2022 09:00,24.807,0.005,10.716624,FALSE
29-10-2022 09:00,27.372,0.005,11.824704,FALSE
31-10-2022 09:00,24.716,0.002,4.2709248,FALSE
01-11-2022 09:00,24.862,0.001,2.1480768,FALSE
02-11-2022 09:00,24.149,0.001,2.0864736,FALSE
03-11-2022 09:00,29.74,0.001,2.569536,FALSE
04-11-2022 09:00,31.943,0.002,5.5197504,FALSE
05-11-2022 09:00,28.689,0.002,4.9574592,FALSE
07-11-2022 09:00,25.241,0.001,2.1808224,FALSE
09-11-2022 09:00,16.551,0.009,12.8700576,FALSE
10-11-2022 10:00,16.543,0.008,11.4345216,FALSE
11-11-2022 09:00,15.586,0.005,6.733152,FALSE
12-11-2022 09:00,24.159,0.007,14.6113632,FALSE
14-11-2022 08:00,25.195,0.008,17.414784,FALSE
15-11-2022 09:00,23.215,0.006,12.034656,FALSE
16-11-2022 09:00,23.682,0.004,8.1844992,FALSE
17-11-2022 09:00,24.929,0.007,15.0770592,FALSE
18-11-2022 09:00,16.612,0.005,7.176384,FALSE
19-11-2022 09:00,15.094,0.004,5.2164864,FALSE
21-11-2022 09:00,15.207,0.003,3.9416544,FALSE
22-11-2022 09:00,13.024,0.003,3.3758208,FALSE
23-11-2022 09:00,12.827,0.003,3.3247584,FALSE
24-11-2022 09:00,12.446,0,0,TRUE
25-11-2022 09:00,12.163,0,0,TRUE
26-11-2022 09:00,12.108,0,0,TRUE
28-11-2022 09:00,16.247,0,0,TRUE
29-11-2022 09:00,16.523,0,0,TRUE
30-11-2022 09:00,16.463,0,0,TRUE
01-12-2022 09:00,16.429,0,0,TRUE
02-12-2022 09:00,12.461,0,0,TRUE
03-12-2022 09:00,12.29,0,0,TRUE
05-12-2022 09:00,11.35,0,0,TRUE
06-12-2022 09:00,11.229,0,0,TRUE
07-12-2022 09:00,10.526,0,0,TRUE
08-12-2022 09:00,10.586,0,0,TRUE
09-12-2022 09:00,10.389,0,0,TRUE
10-12-2022 09:00,9.948,0,0,TRUE
12-12-2022 09:00,10.452,0,0,TRUE
13-12-2022 09:00,16.317,0,0,TRUE
14-12-2022 09:00,16.84,0,0,TRUE
15-12-2022 09:00,17.309,0,0,TRUE
16-12-2022 09:00,11.193,0,0,TRUE
17-12-2022 09:00,11.295,0,0,TRUE
19-12-2022 09:00,9.64,0,0,TRUE
20-12-2022 09:00,9.488,0,0,TRUE
21-12-2022 09:00,9.2,0,0,TRUE
22-12-2022 09:00,8.943,0,0,TRUE
23-12-2022 09:00,5.586,0,0,TRUE
24-12-2022 09:00,5.42,0,0,TRUE
26-12-2022 09:00,5.63,0,0,TRUE
27-12-2022 09:00,5.282,0,0,TRUE
28-12-2022 09:00,4.984,0,0,TRUE
29-12-2022 09:00,5.097,0,0,TRUE
30-12-2022 09:00,4.839,0,0,TRUE
31-12-2022 09:00,3.27,0,0,TRUE
02-01-2023 09:00,3.043,0,0,TRUE
03-01-2023 08:00,3.154,0,0,TRUE
04-01-2023 09:00,3.2,0,0,TRUE
05-01-2023 09:00,3.152,0,0,TRUE
06-01-2023 09:00,3.152,0,0,TRUE
07-01-2023 09:00,3.1,0,0,TRUE
09-01-2023 08:00,3.07,0,0,TRUE
10-01-2023 09:00,3.032,0,0,TRUE
11-01-2023 09:00,2.98,0,0,TRUE
12-01-2023 09:00,2.973,0,0,TRUE
13-01-2023 09:00,2.863,0,0,TRUE
14-01-2023 09:00,2.781,0,0,TRUE
16-01-2023 09:00,2.682,0,0,TRUE
17-01-2023 09:00,2.641,0,0,TRUE
18-01-2023 09:00,2.632,0,0,TRUE
19-01-2023 09:00,2.736,0,0,TRUE
20-01-2023 09:00,2.685,0,0,TRUE
21-01-2023 08:00,2.626,0,0,TRUE
23-01-2023 09:00,2.599,0,0,TRUE
24-01-2023 09:00,2.572,0,0,TRUE
25-01-2023 09:00,2.535,0,0,TRUE
27-01-2023 09:00,2.829,0,0,TRUE
28-01-2023 09:00,2.693,0,0,TRUE
30-01-2023 08:00,0.583,0,0,TRUE
31-01-2023 09:00,0.523,0,0,TRUE
01-02-2023 09:00,1.817,0,0,TRUE
02-02-2023 09:00,1.8,0,0,TRUE
03-02-2023 09:00,1.78,0,0,TRUE
04-02-2023 09:00,1.357,0,0,TRUE
06-02-2023 09:00,1.369,0,0,TRUE
07-02-2023 09:00,1.375,0,0,TRUE
08-02-2023 09:00,2.086,0,0,TRUE
09-02-2023 09:00,1.34,0,0,TRUE
10-02-2023 08:00,2.261,0,0,TRUE
11-02-2023 09:00,1.806,0,0,TRUE
13-02-2023 09:00,2.523,0,0,TRUE
14-02-2023 09:00,2.591,0,0,TRUE
15-02-2023 09:00,2.555,0,0,TRUE
16-02-2023 09:00,2.613,0,0,TRUE
17-02-2023 09:00,2.877,0,0,TRUE
18-02-2023 09:00,3.591,0,0,TRUE
20-02-2023 09:00,4.079,0,0,TRUE
21-02-2023 09:00,4.674,0,0,TRUE
22-02-2023 09:00,4.324,0,0,TRUE
23-02-2023 09:00,4.202,0,0,TRUE
24-02-2023 09:00,4.16,0,0,TRUE
25-02-2023 09:00,4.177,0,0,TRUE
27-02-2023 09:00,4.063,0,0,TRUE
28-02-2023 09:00,4.003,0,0,TRUE
01-03-2023 09:00,4.017,0,0,TRUE
02-03-2023 09:00,3.978,0,0,TRUE
03-03-2023 09:00,3.934,0,0,TRUE
04-03-2023 09:00,3.87,0,0,TRUE
06-03-2023 09:00,3.86,0,0,TRUE
07-03-2023 09:00,3.774,0,0,TRUE
08-03-2023 09:00,3.457,0,0,TRUE
09-03-2023 09:00,3.466,0,0,TRUE
10-03-2023 09:00,3.473,0,0,TRUE
11-03-2023 09:00,3.493,0,0,TRUE
13-03-2023 09:00,3.493,0,0,TRUE
14-03-2023 08:00,3.438,0,0,TRUE
15-03-2023 09:00,3.406,0,0,TRUE
16-03-2023 08:00,3.383,0,0,TRUE
17-03-2023 09:00,3.45,0,0,TRUE
18-03-2023 09:00,3.534,0,0,TRUE
20-03-2023 08:00,3.525,0,0,TRUE
21-03-2023 08:00,3.506,0,0,TRUE
22-03-2023 09:00,3.475,0,0,TRUE
23-03-2023 09:00,3.323,0,0,TRUE
24-03-2023 08:00,3.348,0,0,TRUE
25-03-2023 08:00,3.342,0,0,TRUE
27-03-2023 08:00,3.315,0,0,TRUE
28-03-2023 08:00,3.461,0,0,TRUE
29-03-2023 09:00,3.443,0,0,TRUE
30-03-2023 09:00,3.426,0,0,TRUE
31-03-2023 08:00,3.404,0,0,TRUE
01-04-2023 08:00,3.432,0,0,TRUE
03-04-2023 08:00,3.415,0,0,TRUE
05-04-2023 08:00,3.405,0,0,TRUE
06-04-2023 08:00,3.375,0,0,TRUE
08-04-2023 08:00,3.396,0,0,TRUE
10-04-2023 09:00,3.39,0,0,TRUE
11-04-2023 08:00,3.343,0,0,TRUE
12-04-2023 08:00,3.318,0,0,TRUE
13-04-2023 08:00,3.313,0,0,TRUE
15-04-2023 08:00,3.317,0,0,TRUE
17-04-2023 09:00,3.33,0,0,TRUE
18-04-2023 08:00,3.312,0,0,TRUE
19-04-2023 08:00,3.278,0,0,TRUE
20-04-2023 08:00,2.954,0,0,TRUE
01-05-2023 08:00,4.712,0,0,TRUE
02-05-2023 08:00,4.338,0,0,TRUE
03-05-2023 08:00,6.07,0,0,TRUE
04-05-2023 08:00,5.955,0,0,TRUE
06-05-2023 08:00,3.397,0,0,TRUE
08-05-2023 08:00,1.465,0,0,TRUE
09-05-2023 08:00,2.679,0,0,TRUE
10-05-2023 08:00,2.679,0,0,TRUE
11-05-2023 08:00,0.998,0,0,TRUE
12-05-2023 08:00,3.287,0,0,TRUE
13-05-2023 09:00,3.225,0,0,TRUE
15-05-2023 09:00,3.177,0,0,TRUE
16-05-2023 08:00,2.926,0,0,TRUE
17-05-2023 08:00,1.041,0,0,TRUE
18-05-2023 08:00,0.846,0,0,TRUE
19-05-2023 08:00,0.795,0,0,TRUE
20-05-2023 08:00,0.53,0,0,TRUE
22-05-2023 09:00,0.795,0,0,TRUE
23-05-2023 08:00,0.833,0,0,TRUE
24-05-2023 09:00,0.848,0,0,TRUE
25-05-2023 09:00,0.772,0,0,TRUE
26-05-2023 08:00,0.76,0,0,TRUE
27-05-2023 08:00,0.836,0,0,TRUE
29-05-2023 08:00,0.75,0,0,TRUE
30-05-2023 08:00,0.861,0,0,TRUE
31-05-2023 08:00,0.846,0,0,TRUE
01-06-2023 08:00,1.027,0,0,TRUE
02-06-2023 08:00,1.057,0,0,TRUE
03-06-2023 08:00,0.84,0,0,TRUE
05-06-2023 08:00,0.865,0,0,TRUE
06-06-2023 08:00,0.839,0,0,TRUE
07-06-2023 08:00,0.687,0,0,TRUE
08-06-2023 08:00,4.331,0,0,TRUE
09-06-2023 08:00,3.297,0,0,TRUE
10-06-2023 08:00,2.642,0,0,TRUE
12-06-2023 09:00,4.721,0,0,TRUE
13-06-2023 08:00,4.464,0,0,TRUE
14-06-2023 08:00,38.638,0.024,80.1197568,FALSE
15-06-2023 09:00,28.728,0.125,310.2624,FALSE
16-06-2023 09:00,16.646,0.004,5.7528576,FALSE
17-06-2023 09:00,14.142,0.005,6.109344,FALSE
19-06-2023 08:00,4.147,0,0,TRUE
20-06-2023 09:00,4.123,0,0,TRUE
21-06-2023 08:00,4.412,0,0,TRUE
22-06-2023 08:00,4.597,0,0,TRUE
23-06-2023 09:00,4.559,0,0,TRUE
24-06-2023 09:00,4.416,0,0,TRUE
26-06-2023 08:00,4.23,0,0,TRUE
27-06-2023 08:00,4.434,0,0,TRUE
28-06-2023 09:00,42.057,0.015,54.505872,FALSE
30-06-2023 08:00,43.097,0.009,33.5122272,FALSE
01-07-2023 09:00,39.515,1.002,3420.924192,FALSE
03-07-2023 09:00,27.437,0.004,9.4822272,FALSE
04-07-2023 09:00,27.701,0.001,2.3933664,FALSE
05-07-2023 08:00,45.44,0.016,62.816256,FALSE
06-07-2023 09:00,225.501,0.021,409.1490144,FALSE
07-07-2023 09:00,223.066,0.016,308.3664384,FALSE
08-07-2023 09:00,221.597,0.01,191.459808,FALSE
10-07-2023 09:00,119.948,0.008,82.9080576,FALSE
11-07-2023 09:00,59.637,0.004,20.6105472,FALSE
12-07-2023 09:00,56.181,0.005,24.270192,FALSE
13-07-2023 08:00,36.77,0.003,9.530784,FALSE
14-07-2023 09:00,35.743,0.003,9.2645856,FALSE
15-07-2023 09:00,32.43,0.003,8.405856,FALSE
17-07-2023 08:00,29.624,0.002,5.1190272,FALSE
18-07-2023 09:00,31.127,0.003,8.0681184,FALSE
19-07-2023 08:00,30.441,0.004,10.5204096,FALSE
20-07-2023 09:00,55.608,0.006,28.8271872,FALSE
21-07-2023 09:00,56.681,0.003,14.6917152,FALSE
22-07-2023 09:00,35.33,0.003,9.157536,FALSE
24-07-2023 09:00,181.898,0.0272,427.4748518,FALSE
25-07-2023 09:00,443.256,0.0283,1083.814111,FALSE
26-07-2023 09:00,189.141,0.0151,246.7609142,FALSE
27-07-2023 09:00,183.36,0.0187,296.2510848,FALSE
29-07-2023 09:00,122.205,0.011,116.143632,FALSE
31-07-2023 09:00,44.635,0.047,181.253808,FALSE
01-08-2023 09:00,37.038,0.005,16.000416,FALSE
02-08-2023 09:00,36.653,0.003,9.5004576,FALSE
03-08-2023 08:00,31.053,0.004,10.7319168,FALSE
04-08-2023 09:00,30.123,0.002,5.2052544,FALSE
05-08-2023 09:00,28.222,0.003,7.3151424,FALSE
07-08-2023 08:00,24.342,0.005,10.515744,FALSE
08-08-2023 09:00,22.36,0.004,7.727616,FALSE
09-08-2023 09:00,20.709,0.004,7.1570304,FALSE
10-08-2023 09:00,16.757,0.002,2.8956096,FALSE
11-08-2023 09:00,16.69,0.003,4.326048,FALSE
12-08-2023 09:00,16.609,0.002,2.8700352,FALSE
14-08-2023 09:00,16.547,0.002,2.8593216,FALSE
16-08-2023 09:00,12.338,0.002,2.1320064,FALSE
17-08-2023 09:00,11.112,0.002,1.9201536,FALSE
18-08-2023 09:00,9.63,0.002,1.664064,FALSE
19-08-2023 08:00,9.07,0.001,0.783648,FALSE
21-08-2023 09:00,16.089,0.008,11.1207168,FALSE
22-08-2023 09:00,9.478,0.003,2.4566976,FALSE
23-08-2023 09:00,9.178,0.003,2.3789376,FALSE
24-08-2023 09:00,8.844,0.003,2.2923648,FALSE
25-08-2023 09:00,6.384,0.007,3.8610432,FALSE
26-08-2023 09:00,6.068,0.008,4.1942016,FALSE
28-08-2023 09:00,6.033,0.008,4.1700096,FALSE
30-08-2023 09:00,6.311,0.008,4.3621632,FALSE
31-08-2023 09:00,8.315,0.008,5.747328,FALSE
01-09-2023 09:00,7.112,0.008,4.9158144,FALSE
02-09-2023 09:00,6.312,0.008,4.3628544,FALSE
04-09-2023 09:00,8.844,0.009,6.8770944,FALSE
05-09-2023 09:00,17.097,0.009,13.2946272,FALSE
07-09-2023 09:00,34.039,0.0195,57.3489072,FALSE
08-09-2023 09:00,91.332,0.0208,164.1345638,FALSE
09-09-2023 09:00,78.024,0.01,67.412736,FALSE
11-09-2023 09:00,34.389,0.0025,7.428024,FALSE
12-09-2023 09:00,74.087,0.0201,128.6624477,FALSE
13-09-2023 09:00,84.63,0.0116,84.8195712,FALSE
14-09-2023 09:00,34.667,0.0034,10.18377792,FALSE
15-09-2023 09:00,31.86,0.0034,9.3591936,FALSE
16-09-2023 09:00,34.447,0.004,11.9048832,FALSE
18-09-2023 08:00,46.96,0.0158,64.1060352,FALSE
19-09-2023 09:00,74.901,0.0361,233.619215,FALSE
20-09-2023 09:00,59.106,0.0243,124.0942291,FALSE
21-09-2023 09:00,49.441,0.011,46.9887264,FALSE
22-09-2023 09:00,38.438,0.01,33.210432,FALSE
23-09-2023 09:00,414.99,0.01,358.55136,FALSE
25-09-2023 09:00,116.527,0.012,120.8151936,FALSE
26-09-2023 09:00,57.976,0.0015,7.5136896,FALSE
27-09-2023 09:00,67.81,0.0123,72.0630432,FALSE
29-09-2023 09:00,77.567,0.0148,99.18647424,FALSE
30-09-2023 09:00,122.591,0.0197,208.6596893,FALSE
03-10-2023 09:00,191.571,0.003,49.6552032,FALSE
04-10-2023 08:00,128.412,0.018,199.7063424,FALSE
05-10-2023 09:00,72.141,0.005,31.164912,FALSE
06-10-2023 09:00,60.805,0,0,TRUE
07-10-2023 09:00,44.71,0.006,23.177664,FALSE
09-10-2023 08:00,39.87,0.008,27.558144,FALSE
10-10-2023 09:00,38.029,0.004,13.1428224,FALSE
11-10-2023 09:00,67.281,0.073,424.3547232,FALSE
12-10-2023 09:00,56.469,0.027,131.7308832,FALSE
13-10-2023 09:00,92.44,0.019,151.749504,FALSE
14-10-2023 09:00,45.495,0.0006,2.3584608,FALSE
16-10-2023 09:00,93.344,0.031,250.0125696,FALSE
17-10-2023 09:00,122.989,0.0194,206.1492422,FALSE
18-10-2023 09:00,67.766,0.0173,101.2911955,FALSE
19-10-2023 09:00,57.638,0.0102,50.79521664,FALSE
20-10-2023 09:00,43.453,0.004,15.0173568,FALSE
21-10-2023 09:00,39.903,0.017,58.6095264,FALSE
25-10-2023 09:00,41.339,0.0123,43.93178208,FALSE
26-10-2023 09:00,45.251,0.031,121.2002784,FALSE
27-10-2023 09:00,40.391,0.0003,1.04693472,FALSE
28-10-2023 09:00,37.54,0.0131,42.4892736,FALSE
30-10-2023 09:00,31.06,0.0102,27.3725568,FALSE
31-10-2023 09:00,37.253,0.018,57.9358656,FALSE
01-11-2023 09:00,31,0.011,29.4624,FALSE
02-11-2023 09:00,29.569,0.007,17.8833312,FALSE
03-11-2023 09:00,29.15,0.013,32.74128,FALSE
04-11-2023 09:00,30.557,0.0134,35.37767232,FALSE
06-11-2023 09:00,84.501,0.0095,69.3584208,FALSE
07-11-2023 09:00,39.548,0.0241,82.34842752,FALSE
08-11-2023 09:00,39.503,0.0192,65.53073664,FALSE
09-11-2023 09:00,49.455,0.0335,143.142552,FALSE
10-11-2023 09:00,113.489,0.0212,207.8755315,FALSE
11-11-2023 09:00,78.685,0.0157,106.7346288,FALSE
13-11-2023 09:00,39.097,0.003,10.1339424,FALSE
14-11-2023 09:00,33.197,0.004,11.4728832,FALSE
15-11-2023 09:00,31.062,0.003,8.0512704,FALSE
16-11-2023 09:00,29.462,0.0061,15.52765248,FALSE
17-11-2023 09:00,28.844,0.005,12.460608,FALSE
18-11-2023 09:00,28.151,0.004,9.7289856,FALSE
20-11-2023 09:00,26.258,0.014,31.7616768,FALSE
21-11-2023 09:00,23.028,0.009,17.9065728,FALSE
22-11-2023 09:00,22.974,0.009,17.8645824,FALSE
23-11-2023 09:00,30.244,0.017,44.4223872,FALSE
24-11-2023 09:00,78.343,0.0173,117.100849,FALSE
25-11-2023 09:00,57.136,0.017,83.9213568,FALSE
28-11-2023 09:00,21.779,0.0115,21.6396144,FALSE
29-11-2023 09:00,21.538,0.007,13.0261824,FALSE
30-11-2023 09:00,20.079,0.008,13.8786048,FALSE
01-12-2023 09:00,22.089,0.007,13.3594272,FALSE
02-12-2023 09:00,21.658,0.015,28.068768,FALSE
04-12-2023 09:00,19.723,0.009,15.3366048,FALSE
05-12-2023 09:00,18.936,0.008,13.0885632,FALSE
06-12-2023 09:00,18.786,0.009,14.6079936,FALSE
07-12-2023 09:00,16.179,0.007,9.7850592,FALSE
08-12-2023 09:00,14.355,0.011,13.642992,FALSE
09-12-2023 09:00,14.316,0.01,12.369024,FALSE
11-12-2023 09:00,16.722,0.013,18.7821504,FALSE
12-12-2023 09:00,15.434,0.046,61.3408896,FALSE
13-12-2023 09:00,14.038,0.004,4.8515328,FALSE
14-12-2023 09:00,12.539,0.007,7.5835872,FALSE
15-12-2023 09:00,10.625,0.006,5.508,FALSE
16-12-2023 09:00,7.34,0.006,3.805056,FALSE
18-12-2023 09:00,7.885,0.007,4.768848,FALSE
19-12-2023 08:00,7.932,0.005,3.426624,FALSE
20-12-2023 09:00,7.75,0.003,2.0088,FALSE
21-12-2023 09:00,7.483,0.005,3.232656,FALSE
22-12-2023 09:00,7.426,0.003,1.9248192,FALSE
23-12-2023 09:00,6.86,0.003,1.778112,FALSE
26-12-2023 09:00,6.385,0.007,3.861648,FALSE
27-12-2023 09:00,6.296,0.008,4.3517952,FALSE
28-12-2023 09:00,6.258,0.006,3.2441472,FALSE
29-12-2023 09:00,6.184,0.006,3.2057856,FALSE
30-12-2023 09:00,6.146,0.006,3.1860864,FALSE
01-01-2024 09:00,6.088,0.007,3.6820224,FALSE
02-01-2024 09:00,6.021,0.005,2.601072,FALSE
03-01-2024 09:00,5.993,0.005,2.588976,FALSE
04-01-2024 08:00,5.99,0.006,3.105216,FALSE
05-01-2024 09:00,6.035,0.013,6.778512,FALSE
06-01-2024 09:00,6.673,0.014,8.0716608,FALSE
08-01-2024 09:00,8.066,0.009,6.2721216,FALSE
09-01-2024 08:00,6.079,0.007,3.6765792,FALSE
10-01-2024 09:00,6.079,0.006,3.1513536,FALSE
11-01-2024 09:00,6.135,0.006,3.180384,FALSE
12-01-2024 09:00,6.204,0.006,3.2161536,FALSE
13-01-2024 09:00,6.139,0.005,2.652048,FALSE
15-01-2024 09:00,5.853,0.006,3.0341952,FALSE
16-01-2024 09:00,5.744,0.005,2.481408,FALSE
17-01-2024 09:00,5.739,0.005,2.479248,FALSE
18-01-2024 09:00,0.871,0,0,TRUE
19-01-2024 09:00,5.732,0.003,1.4857344,FALSE
20-01-2024 09:00,5.739,0.004,1.9833984,FALSE
23-01-2024 09:00,5.51,0.004,1.904256,FALSE
24-01-2024 09:00,5.512,0.003,1.4287104,FALSE
25-01-2024 09:00,5.515,0.003,1.429488,FALSE
27-01-2024 09:00,5.618,0.004,1.9415808,FALSE
29-01-2024 09:00,5.634,0.004,1.9471104,FALSE
30-01-2024 09:00,5.641,0.004,1.9495296,FALSE
31-01-2024 09:00,5.418,0.003,1.4043456,FALSE
01-02-2024 09:00,5.43,0.003,1.407456,FALSE
02-02-2024 09:00,5.326,0.005,2.300832,FALSE
03-02-2024 09:00,5.273,0.005,2.277936,FALSE
05-02-2024 09:00,5.498,0.005,2.375136,FALSE
06-02-2024 09:00,5.663,0.004,1.9571328,FALSE
07-02-2024 09:00,6.026,0.005,2.603232,FALSE
08-02-2024 09:00,3.157,0.004,1.0910592,FALSE
09-02-2024 09:00,3.166,0.004,1.0941696,FALSE
10-02-2024 09:00,3.194,0.003,0.8278848,FALSE
12-02-2024 09:00,3.182,0.002,0.5498496,FALSE
13-02-2024 09:00,2.487,0.004,0.8595072,FALSE
14-02-2024 09:00,3.703,0.04,12.797568,FALSE
15-02-2024 09:00,4.019,0.004,1.3889664,FALSE
16-02-2024 09:00,4.019,0.003,1.0417248,FALSE
17-02-2024 09:00,4.002,0.003,1.0373184,FALSE
19-02-2024 09:00,3.445,0.003,0.892944,FALSE
20-02-2024 09:00,3.445,0.002,0.595296,FALSE
21-02-2024 09:00,3.748,0.002,0.6476544,FALSE
22-02-2024 09:00,3.73,0.002,0.644544,FALSE
23-02-2024 09:00,3.441,0.002,0.5946048,FALSE
24-02-2024 09:00,3.441,0.003,0.8919072,FALSE
26-02-2024 09:00,3.997,0.004,1.3813632,FALSE
27-02-2024 09:00,4.765,0.002,0.823392,FALSE
28-02-2024 09:00,4.801,0.002,0.8296128,FALSE
29-02-2024 09:00,4.813,0.002,0.8316864,FALSE
01-03-2024 08:00,4.791,0.022,9.1067328,FALSE
02-03-2024 08:00,4.791,0.001,0.4139424,FALSE
04-03-2024 09:00,4.845,0.001,0.418608,FALSE
05-03-2024 08:00,4.845,0.001,0.418608,FALSE
06-03-2024 09:00,5.108,0.002,0.8826624,FALSE
07-03-2024 09:00,5.108,0.002,0.8826624,FALSE
09-03-2024 09:00,5.121,0.001,0.4424544,FALSE
11-03-2024 09:00,5.078,0.002,0.8774784,FALSE
12-03-2024 09:00,5.133,0.001,0.4434912,FALSE
13-03-2024 09:00,5.118,0.002,0.8843904,FALSE
14-03-2024 09:00,5.144,0.002,0.8888832,FALSE
15-03-2024 09:00,5.186,0.002,0.8961408,FALSE
16-03-2024 09:00,5.06,0.002,0.874368,FALSE
18-03-2024 09:00,5.075,0.001,0.43848,FALSE
19-03-2024 09:00,5.127,0.001,0.4429728,FALSE
20-03-2024 09:00,5.091,0.002,0.8797248,FALSE
21-03-2024 09:00,4.884,0.002,0.8439552,FALSE
22-03-2024 09:00,4.889,0.002,0.8448192,FALSE
23-03-2024 09:00,4.838,0.002,0.8360064,FALSE
25-03-2024 09:00,4.736,0.001,0.4091904,FALSE
26-03-2024 09:00,4.031,0,0,TRUE
27-03-2024 09:00,4.043,0,0,TRUE
28-03-2024 09:00,4.005,0,0,TRUE
30-03-2024 09:00,4.027,0,0,TRUE
01-04-2024 09:00,4.051,0,0,TRUE
02-04-2024 09:00,4.039,0,0,TRUE
03-04-2024 09:00,3.994,0,0,TRUE
04-04-2024 09:00,4.068,0,0,TRUE
05-04-2024 09:00,3.924,0,0,TRUE
06-04-2024 09:00,4.003,0,0,TRUE
08-04-2024 09:00,3.95,0,0,TRUE
09-04-2024 09:00,3.93,0,0,TRUE
11-04-2024 09:00,3.909,0,0,TRUE
12-04-2024 09:00,3.907,0,0,TRUE
13-04-2024 09:00,3.937,0,0,TRUE
15-04-2024 09:00,3.93,0,0,TRUE
16-04-2024 08:00,3.88,0,0,TRUE
17-04-2024 08:00,3.87,0,0,TRUE
18-04-2024 08:00,0.87,0,0,TRUE
19-04-2024 08:00,0.85,0,0,TRUE
06-05-2024 08:00,3.694,0,0,TRUE
07-05-2024 09:00,3.661,0,0,TRUE
08-05-2024 09:00,3.603,0,0,TRUE
09-05-2024 09:00,1.017,0,0,TRUE
10-05-2024 09:00,0.902,0,0,TRUE
11-05-2024 09:00,0.889,0,0,TRUE
13-05-2024 09:00,1.026,0,0,TRUE
14-05-2024 09:00,1.1,0,0,TRUE
15-05-2024 08:00,1.1,0,0,TRUE
16-05-2024 08:00,3.232,0,0,TRUE
17-05-2024 09:00,3.232,0,0,TRUE
18-05-2024 09:00,7.994,0.002,1.3813632,FALSE
20-05-2024 09:00,130.746,0.002,22.5929088,FALSE
21-05-2024 09:00,130.746,0.0072,81.33447168,FALSE
22-05-2024 08:00,122.285,0.0057,60.2229168,FALSE
24-05-2024 08:00,125.058,0.0107,115.6136198,FALSE
25-05-2024 09:00,43.733,0.0075,28.338984,FALSE
27-05-2024 08:00,9.684,0.008,6.6935808,FALSE
28-05-2024 09:00,7.986,0.009,6.2099136,FALSE
29-05-2024 09:00,10.558,0.008,7.2976896,FALSE
30-05-2024 09:00,10.293,0.007,6.2252064,FALSE
31-05-2024 09:00,10.271,0.007,6.2119008,FALSE
